author_type,district,floor,price,rooms_count,total_meters,year_of_construction
4.0,4.0,13.0,3627910.0,1.0,25.37,2026
5.0,3.7,8.0,2650000.0,1.0,21.0,2016
2.0,3.7,3.0,2400000.0,1.0,28.7,2017
4.0,3.3,1.0,4745210.0,1.0,27.1,2027
2.0,3.3,12.0,5800000.0,1.0,32.0,2023
2.0,2.9,2.0,1790000.0,1.0,12.0,1937
4.0,4.0,7.0,4010000.0,1.0,20.7,2028
2.0,3.4,8.0,5800000.0,1.0,27.5,2025
2.0,4.0,7.0,2600000.0,1.0,18.0,2022
4.0,4.0,4.0,4324650.0,1.0,26.21,2026
2.0,3.3,8.0,3850000.0,1.0,27.4,2015
5.0,4.4,15.0,2350000.0,1.0,19.7,2011
4.0,3.4,5.0,7960000.0,1.0,27.55,2028
2.0,2.5,13.0,4590000.0,1.0,25.3,2021
2.0,3.4,1.0,2650000.0,1.0,19.0,1947
4.0,3.3,16.0,4513500.0,1.0,25.5,2027
2.0,3.4,1.0,3400000.0,1.0,22.4,2019
2.0,4.4,17.0,2070000.0,1.0,19.2,2013
4.0,3.4,6.0,6970000.0,1.0,23.29,2028
2.0,3.3,2.0,3990000.0,1.0,27.8,2024
2.0,4.4,2.0,2000000.0,1.0,19.2,2013
4.0,3.3,11.0,4554000.0,1.0,25.3,2027
2.0,3.3,17.0,5100000.0,1.0,29.0,2017
5.0,2.9,8.0,4500000.0,1.0,25.8,2011
4.0,4.0,9.0,5950000.0,1.0,27.3,2028
2.0,3.3,19.0,4790000.0,1.0,30.9,2016
2.0,3.3,2.0,2226000.0,1.0,24.4,2024
4.0,3.4,7.0,7550000.0,1.0,31.71,2028
2.0,2.5,10.0,5050000.0,1.0,24.0,2024
2.0,3.8,1.0,2550000.0,1.0,14.0,1960
4.0,3.3,3.0,5076000.0,1.0,28.2,2027
2.0,4.4,6.0,4250000.0,1.0,23.4,2020
2.0,3.7,4.0,2400000.0,1.0,19.7,2012
4.0,4.0,9.0,7640000.0,1.0,33.6,2028
2.0,2.9,11.0,6700000.0,1.0,36.0,2020
2.0,3.7,1.0,2150000.0,1.0,25.1,2013
4.0,3.4,9.0,7760000.0,1.0,26.84,2028
2.0,3.8,10.0,7000000.0,1.0,30.1,2007
2.0,3.7,2.0,2200000.0,1.0,24.9,2017
4.0,3.9,18.0,16360000.0,1.0,99.4,2025
2.0,3.4,13.0,6190000.0,1.0,24.6,2024
2.0,2.9,2.0,2350000.0,1.0,18.0,1937
4.0,2.9,27.0,6203000.0,1.0,23.2,2026
2.0,4.0,7.0,5900000.0,1.0,21.3,2025
2.0,4.4,8.0,2400000.0,1.0,21.2,2012
4.0,3.4,5.0,9340000.0,1.0,33.49,2028
2.0,3.7,3.0,2490000.0,1.0,27.8,2017
2.0,2.9,3.0,2590000.0,1.0,21.3,2023
4.0,4.0,6.0,9152941.0,1.0,32.69,2026
2.0,3.7,10.0,3800000.0,1.0,38.2,2017
2.0,3.7,3.0,1700000.0,1.0,19.0,1975
4.0,2.5,11.0,4700000.0,1.0,19.9,2026
2.0,4.2,4.0,1850000.0,1.0,18.1,1970
2.0,4.4,7.0,2300000.0,1.0,19.5,2011
4.0,4.0,3.0,7341176.0,1.0,25.2,2026
2.0,3.7,2.0,3400000.0,1.0,38.5,2017
2.0,4.4,4.0,2100000.0,1.0,19.2,2014
4.0,2.5,6.0,5830000.0,1.0,24.2,2026
2.0,4.2,6.0,4500000.0,1.0,23.9,2014
2.0,4.4,4.0,2200000.0,1.0,20.2,2013
4.0,3.9,11.0,6850000.0,1.0,28.17,2028
2.0,2.5,6.0,3450000.0,1.0,32.5,2024
2.0,4.0,3.0,4250000.0,1.0,18.6,2024
4.0,3.4,8.0,5800000.0,1.0,27.4,2025
2.0,3.7,3.0,3500000.0,1.0,26.0,2025
2.0,4.4,15.0,2150000.0,1.0,18.1,2013
4.0,3.9,10.0,6275000.0,1.0,26.06,2028
2.0,3.7,1.0,2550000.0,1.0,27.4,2017
2.0,3.7,1.0,2350000.0,1.0,30.8,2014
4.0,2.9,7.0,6852000.0,1.0,28.19,2026
2.0,2.9,7.0,2800000.0,1.0,18.2,2024
2.0,2.9,6.0,3100000.0,1.0,25.3,2024
4.0,3.9,13.0,6600000.0,1.0,31.67,2028
2.0,3.4,11.0,4250000.0,1.0,30.7,2015
2.0,3.7,12.0,2850000.0,1.0,27.6,2013
4.0,3.4,8.0,8890000.0,1.0,30.55,2028
2.0,3.7,1.0,2400000.0,1.0,23.5,2017
2.0,4.4,2.0,2000000.0,1.0,19.1,2013
4.0,4.0,4.0,11435294.0,1.0,34.9,2026
2.0,4.4,1.0,3150000.0,1.0,20.2,2013
2.0,2.5,5.0,2800000.0,1.0,39.02,2025
4.0,2.5,9.0,9305882.0,1.0,32.23,2027
2.0,2.5,3.0,3400000.0,1.0,33.0,2011
2.0,2.5,6.0,3550000.0,1.0,39.0,2017
4.0,2.9,12.0,7303000.0,1.0,28.8,2026
2.0,2.9,5.0,4500000.0,1.0,47.0,2015
2.0,3.7,16.0,3950000.0,1.0,24.0,2024
4.0,4.0,14.0,7350000.0,1.0,32.3,2028
2.0,2.5,17.0,4500000.0,1.0,28.97,2026
2.0,3.8,3.0,3990000.0,1.0,20.22,2026
4.0,3.4,2.0,6084753.0,1.0,29.61,2027
2.0,2.9,10.0,4600000.0,1.0,41.0,2016
2.0,3.7,15.0,4000000.0,1.0,38.4,2017
2.0,2.9,8.0,5390000.0,1.0,26.7,2027
2.0,4.0,6.0,4850000.0,1.0,27.63,2022
2.0,2.5,1.0,4050000.0,1.0,25.6,2011
4.0,2.9,20.0,6703000.0,1.0,25.74,2026
2.0,4.0,7.0,4350000.0,1.0,23.0,2021
2.0,4.0,17.0,4100000.0,1.0,25.37,2025
4.0,2.9,8.0,5350000.0,1.0,26.0,2027
2.0,2.9,2.0,7300000.0,1.0,28.0,2026
2.0,3.7,2.0,4150000.0,1.0,40.0,2017
4.0,4.0,22.0,7941176.0,1.0,27.47,2026
2.0,2.5,12.0,7500000.0,1.0,30.48,2024
2.0,2.9,17.0,4300000.0,1.0,30.0,2017
4.0,3.7,18.0,5270000.0,1.0,27.27,2026
2.0,3.7,2.0,4700000.0,1.0,36.0,2013
4.0,3.7,12.0,5400000.0,1.0,27.73,2026
2.0,2.5,6.0,4500000.0,1.0,58.5,2024
2.0,2.5,14.0,4900000.0,1.0,21.1,2024
4.0,3.9,5.0,14670000.0,1.0,83.1,2025
5.0,3.4,26.0,6000000.0,1.0,27.0,2019
4.0,3.4,3.0,5500000.0,1.0,27.5,2025
4.0,4.0,16.0,9117647.0,1.0,29.98,2026
5.0,3.3,4.0,2359000.0,1.0,17.6,2017
4.0,4.0,20.0,9900000.0,1.0,33.9,2026
2.0,2.5,5.0,3650000.0,1.0,36.7,2020
2.0,4.4,2.0,2400000.0,1.0,18.4,2013
4.0,3.8,11.0,5640930.0,1.0,20.97,2026
2.0,4.0,13.0,6500000.0,1.0,30.0,2022
2.0,2.9,6.0,2750000.0,1.0,26.8,2015
4.0,3.9,24.0,8350000.0,1.0,34.3,2025
2.0,4.0,20.0,5200000.0,1.0,26.9,2023
2.0,3.3,2.0,2845000.0,1.0,24.3,1968
4.0,3.7,13.0,5370000.0,1.0,27.73,2026
2.0,3.9,22.0,4980000.0,1.0,23.7,2019
2.0,3.3,4.0,3490000.0,1.0,23.0,2015
2.0,2.9,18.0,5540000.0,1.0,25.16,2026
2.0,2.9,9.0,7900000.0,1.0,27.64,2015
2.0,3.7,15.0,3790000.0,1.0,36.8,2025
4.0,3.7,11.0,6080000.0,1.0,27.73,2028
2.0,2.5,4.0,4850000.0,1.0,27.7,2020
2.0,3.3,13.0,3800000.0,1.0,27.9,2017
4.0,2.9,2.0,5928700.0,1.0,27.7,2026
2.0,4.0,15.0,5550000.0,1.0,25.0,2011
5.0,2.9,16.0,4500000.0,1.0,25.8,2006
4.0,3.8,28.0,11440000.0,1.0,45.57,2027
2.0,2.5,8.0,4550000.0,1.0,25.3,2018
4.0,3.7,18.0,4950000.0,1.0,27.27,2028
2.0,3.3,5.0,4600000.0,1.0,29.5,2017
4.0,3.3,6.0,4580000.0,1.0,29.3,2025
2.0,4.2,20.0,5000000.0,1.0,30.7,2016
2.0,3.3,1.0,5200000.0,1.0,28.0,2017
2.0,2.5,10.0,4625080.0,1.0,26.89,2026
2.0,4.0,23.0,5250000.0,1.0,28.0,2025
2.0,2.5,4.0,6600000.0,1.0,35.1,2019
4.0,3.8,18.0,4735250.0,1.0,20.15,2026
5.0,2.5,13.0,7400000.0,1.0,42.0,2027
5.0,3.8,2.0,15975000.0,1.0,52.6,2023
4.0,3.8,27.0,11200000.0,1.0,44.36,2027
2.0,3.7,3.0,1700000.0,1.0,12.7,1973
2.0,3.7,3.0,1200000.0,1.0,8.1,2017
4.0,4.0,16.0,18650000.0,1.0,96.9,2028
2.0,3.7,2.0,1450000.0,1.0,14.0,2017
4.0,3.4,10.0,5800000.0,1.0,25.94,2027
4.0,4.0,3.0,6300000.0,1.0,34.9,2025
2.0,4.4,11.0,2000000.0,1.0,18.2,2010
4.0,3.7,5.0,7110000.0,1.0,46.57,2026
2.0,4.0,1.0,2350000.0,1.0,15.0,1964
4.0,3.7,3.0,4400000.0,1.0,26.3,2025
2.0,2.9,6.0,4499000.0,1.0,26.6,2015
4.0,4.0,23.0,20200000.0,1.0,112.3,2028
2.0,4.0,6.0,3600000.0,1.0,24.8,2022
2.0,4.4,13.0,4100000.0,1.0,27.7,2016
4.0,2.9,8.0,6355950.0,1.0,30.2,2026
4.0,3.7,16.0,4750000.0,1.0,29.0,2028
2.0,3.3,10.0,3550000.0,1.0,23.3,2010
2.0,4.0,11.0,4600000.0,1.0,27.0,2014
4.0,3.4,3.0,6300000.0,1.0,46.5,2027
2.0,4.0,18.0,5390000.0,1.0,34.0,2025
4.0,2.9,1.0,6150900.0,1.0,30.6,2026
2.0,2.9,9.0,3350000.0,1.0,27.0,2025
4.0,3.7,2.0,4250000.0,1.0,27.6,2028
2.0,3.7,1.0,3480000.0,1.0,37.8,2017
2.0,4.4,2.0,3500000.0,1.0,24.6,2013
4.0,3.9,16.0,7800000.0,1.0,30.3,2024
2.0,3.7,6.0,3400000.0,1.0,20.2,2024
2.0,3.3,5.0,4050000.0,1.0,29.3,2025
4.0,3.7,9.0,4450000.0,1.0,27.2,2028
2.0,2.5,6.0,4800000.0,1.0,21.36,2020
4.0,2.5,4.0,5360000.0,1.0,20.67,2028
2.0,2.5,6.0,3100000.0,1.0,39.0,2024
2.0,2.5,13.0,4707630.0,1.0,27.53,2026
4.0,3.4,4.0,5817800.0,1.0,30.62,2026
4.0,2.9,11.0,6296350.0,1.0,29.1,2026
2.0,3.9,13.0,5096000.0,1.0,24.8,2016
2.0,4.2,1.0,2650000.0,1.0,28.7,1994
4.0,3.8,23.0,6800000.0,1.0,25.2,2022
4.0,3.7,5.0,8510000.0,1.0,46.57,2026
2.0,2.9,2.0,2400000.0,1.0,11.7,2015
4.0,3.7,1.0,4990000.0,1.0,29.0,2025
2.0,2.5,9.0,3550000.0,1.0,32.4,2012
2.0,2.5,21.0,4602420.0,1.0,28.41,2025
2.0,2.5,3.0,3000000.0,1.0,34.0,2024
4.0,2.9,1.0,6796300.0,1.0,34.1,2026
2.0,4.0,8.0,5300000.0,1.0,22.2,2023
4.0,3.8,21.0,7600000.0,1.0,29.2,2022
4.0,2.5,10.0,6820000.0,1.0,32.88,2028
2.0,3.8,2.0,4300000.0,1.0,34.1,1933
4.0,3.7,6.0,4500000.0,1.0,25.3,2025
4.0,2.5,9.0,7090000.0,1.0,35.74,2028
2.0,2.5,9.0,2600000.0,1.0,34.0,2020
4.0,3.9,18.0,8200000.0,1.0,29.1,2024
2.0,3.7,1.0,3000000.0,1.0,28.8,2017
4.0,3.8,29.0,9960000.0,1.0,45.1,2026
2.0,2.9,5.0,3200000.0,1.0,22.0,2021
4.0,2.5,2.0,5900000.0,1.0,24.39,2028
2.0,3.7,18.0,4300000.0,1.0,30.1,2015
2.0,2.9,2.0,4600000.0,1.0,28.11,2026
4.0,2.9,16.0,6352900.0,1.0,27.7,2026
2.0,2.9,8.0,4000000.0,1.0,32.0,2015
4.0,4.4,1.0,3887100.0,1.0,21.4,2026
2.0,2.5,5.0,3260000.0,1.0,33.0,2011
4.0,3.4,15.0,5649600.0,1.0,26.75,2026
4.0,2.9,3.0,3873044.0,1.0,26.79,2025
4.0,2.5,9.0,5650000.0,1.0,25.9,2026
2.0,2.9,4.0,2700000.0,1.0,21.0,2016
4.0,2.5,2.0,5310000.0,1.0,21.55,2028
2.0,3.7,10.0,4250000.0,1.0,24.0,2012
4.0,3.3,12.0,3881940.0,1.0,24.8,2027
2.0,3.4,9.0,4000000.0,1.0,27.9,2019
2.0,4.4,4.0,4200000.0,1.0,30.0,2013
4.0,3.8,22.0,7000000.0,1.0,25.9,2022
2.0,3.3,4.0,3300000.0,1.0,20.0,2011
2.0,2.5,8.0,4992780.0,1.0,28.86,2026
2.0,2.9,5.0,2350000.0,1.0,15.0,2015
4.0,3.4,14.0,4550000.0,1.0,25.2,2027
2.0,2.5,7.0,3500000.0,1.0,25.4,2009
2.0,2.9,16.0,3500000.0,1.0,19.5,2023
4.0,3.9,19.0,9000000.0,1.0,34.0,2024
2.0,4.0,4.0,4000000.0,1.0,25.0,2022
2.0,3.7,2.0,2600000.0,1.0,23.6,2017
4.0,4.0,17.0,4750000.0,1.0,29.2,2010
2.0,3.7,1.0,2390009.0,1.0,34.2,2017
2.0,2.9,4.0,3170000.0,1.0,25.7,2015
4.0,2.5,2.0,4149700.0,1.0,24.5,2026
2.0,3.3,4.0,5490000.0,1.0,28.0,2017
2.0,3.7,2.0,3080000.0,1.0,33.6,2016
2.0,2.5,3.0,4618620.0,1.0,28.51,2025
2.0,4.0,7.0,4000000.0,1.0,24.5,2022
2.0,2.5,3.0,5000000.0,1.0,29.0,2026
4.0,2.5,3.0,4193600.0,1.0,23.5,2026
2.0,2.9,9.0,3150000.0,1.0,22.4,2017
2.0,3.7,2.0,2300000.0,1.0,20.0,2014
4.0,3.4,3.0,4100000.0,1.0,20.4,2027
2.0,4.4,13.0,2300000.0,1.0,19.2,2013
2.0,2.9,1.0,2949000.0,1.0,26.0,2015
4.0,3.9,11.0,8600000.0,1.0,41.7,2028
2.0,2.9,14.0,3000000.0,1.0,20.4,2023
4.0,4.2,3.0,5990000.0,1.0,25.57,2028
4.0,2.5,1.0,9990000.0,1.0,42.28,2026
2.0,2.5,3.0,4600000.0,1.0,30.6,2020
2.0,3.3,4.0,4400000.0,1.0,28.0,2017
4.0,2.5,4.0,4154200.0,1.0,23.2,2026
2.0,2.5,2.0,3850000.0,1.0,26.7,2015
2.0,3.7,4.0,3300000.0,1.0,24.1,2023
4.0,3.4,3.0,4990000.0,1.0,26.9,2027
2.0,2.5,16.0,3410000.0,1.0,23.1,2010
2.0,2.5,6.0,4100000.0,1.0,21.3,2023
4.0,4.0,8.0,7200000.0,1.0,37.4,2025
4.0,2.9,5.0,5402000.0,1.0,27.4,2027
2.0,2.5,6.0,3460000.0,1.0,27.0,2013
2.0,3.7,13.0,3000000.0,1.0,27.6,2014
2.0,4.0,12.0,6650000.0,1.0,34.69,2027
2.0,3.8,5.0,3840000.0,1.0,25.0,2007
2.0,2.9,4.0,4419510.0,1.0,28.19,2026
4.0,3.4,6.0,5350000.0,1.0,29.7,2027
2.0,2.9,10.0,2999000.0,1.0,27.5,2023
2.0,2.9,2.0,3577800.0,1.0,26.7,2024
4.0,3.4,19.0,5664100.0,1.0,24.9,2026
2.0,2.9,8.0,4650000.0,1.0,24.1,2012
2.0,2.5,10.0,3400000.0,1.0,32.4,2010
4.0,2.9,12.0,5700000.0,1.0,24.03,2026
2.0,4.4,17.0,2250000.0,1.0,19.3,2015
2.0,3.7,8.0,3480000.0,1.0,38.5,2019
4.0,3.4,6.0,4550000.0,1.0,25.5,2027
2.0,4.0,4.0,4900000.0,1.0,26.3,2020
4.0,3.3,15.0,4833588.0,1.0,32.0,2027
4.0,3.4,2.0,6711900.0,1.0,41.1,2026
2.0,4.0,13.0,5600000.0,1.0,23.0,2013
2.0,2.5,3.0,5500000.0,1.0,43.0,2014
4.0,2.9,6.0,6290000.0,1.0,33.5,2027
2.0,4.4,2.0,2680000.0,1.0,20.0,2013
4.0,3.8,21.0,7200000.0,1.0,27.7,2022
2.0,2.5,5.0,4200000.0,1.0,24.0,2024
2.0,2.5,20.0,4850000.0,1.0,28.8,2020
2.0,4.0,15.0,5480000.0,1.0,28.43,2027
2.0,2.9,7.0,3300000.0,1.0,30.7,2015
2.0,2.5,7.0,3000000.0,1.0,39.0,2024
4.0,4.4,6.0,4167000.0,1.0,21.85,2026
2.0,3.3,15.0,3800000.0,1.0,28.1,2017
2.0,3.4,12.0,4600000.0,1.0,18.0,2018
2.0,4.0,9.0,5510000.0,1.0,28.67,2027
2.0,3.3,12.0,4700000.0,1.0,23.4,2017
2.0,2.5,4.0,4700000.0,1.0,22.7,2024
2.0,3.7,3.0,2950000.0,1.0,23.4,2014
2.0,2.5,6.0,3500000.0,1.0,32.4,2020
2.0,2.9,14.0,2950000.0,1.0,22.7,2018
4.0,3.4,15.0,5521880.0,1.0,25.9,2026
2.0,4.4,17.0,3900000.0,1.0,27.4,2012
2.0,4.2,15.0,2950000.0,1.0,27.8,1994
4.0,2.5,23.0,4910000.0,1.0,23.2,2026
2.0,3.7,9.0,3850000.0,1.0,25.8,2017
4.0,3.4,17.0,5634834.0,1.0,25.2,2026
2.0,3.7,12.0,3700000.0,1.0,23.8,2019
2.0,2.5,12.0,3000000.0,1.0,25.0,2024
2.0,4.0,5.0,6810000.0,1.0,35.51,2027
2.0,3.3,14.0,4550000.0,1.0,28.4,2017
4.0,2.9,5.0,4790000.0,1.0,22.18,2026
2.0,2.9,3.0,5500000.0,1.0,26.2,2015
2.0,4.0,5.0,5500000.0,1.0,25.0,2012
4.0,3.4,17.0,6529292.0,1.0,29.92,2026
2.0,2.9,12.0,3800000.0,1.0,25.7,2020
2.0,2.5,6.0,3080000.0,1.0,39.35,2024
4.0,4.2,4.0,7494000.0,1.0,32.13,2027
4.0,3.3,1.0,4200000.0,1.0,29.2,2027
2.0,4.4,15.0,3800000.0,1.0,21.2,2013
2.0,3.7,8.0,4200000.0,1.0,22.7,2017
4.0,4.4,1.0,4899900.0,1.0,27.4,2026
2.0,2.5,14.0,4300000.0,1.0,26.1,2024
2.0,3.7,16.0,2299000.0,1.0,19.0,2013
4.0,2.9,1.0,6661000.0,1.0,35.86,2027
2.0,4.2,3.0,4350000.0,1.0,33.0,2022
2.0,2.5,13.0,4700000.0,1.0,33.9,2018
4.0,4.4,5.0,4666700.0,1.0,25.72,2026
2.0,3.7,2.0,3350000.0,1.0,39.0,2023
2.0,3.3,8.0,3900000.0,1.0,29.2,2023
4.0,3.3,15.0,4676958.0,1.0,30.5,2027
2.0,3.7,2.0,2850000.0,1.0,24.0,2016
2.0,3.7,12.0,3350000.0,1.0,25.0,2021
4.0,4.0,18.0,5800000.0,1.0,26.69,2023
2.0,3.7,14.0,3950000.0,1.0,27.3,2017
2.0,2.9,4.0,5400000.0,1.0,44.7,2015
4.0,3.9,19.0,6803000.0,1.0,25.3,2028
2.0,4.4,14.0,3500000.0,1.0,21.6,2013
4.0,4.0,2.0,7000000.0,1.0,30.2,2026
4.0,4.4,8.0,5155500.0,1.0,28.18,2026
2.0,3.7,5.0,3600000.0,1.0,27.3,2021
2.0,4.4,9.0,3950000.0,1.0,22.4,2013
2.0,2.5,11.0,4700000.0,1.0,19.9,2026
2.0,3.3,8.0,4200000.0,1.0,27.6,2017
4.0,4.0,1.0,5900000.0,1.0,28.2,2028
2.0,2.9,15.0,3500000.0,1.0,26.0,2023
4.0,4.0,2.0,6580000.0,1.0,29.9,2028
2.0,2.9,9.0,4650000.0,1.0,27.0,2015
4.0,2.9,3.0,6230000.0,1.0,30.32,2027
2.0,3.4,12.0,5000000.0,1.0,36.0,2015
4.0,2.5,20.0,5160000.0,1.0,25.84,2026
2.0,4.4,9.0,3300000.0,1.0,25.0,2024
4.0,4.2,3.0,8171000.0,1.0,34.84,2027
2.0,2.5,3.0,2870000.0,1.0,33.0,2020
2.0,2.5,3.0,5100000.0,1.0,29.0,2026
4.0,2.9,1.0,6800000.0,1.0,32.21,2027
2.0,2.5,2.0,5049000.0,1.0,23.5,2024
4.0,2.5,18.0,5830000.0,1.0,32.41,2026
4.0,2.9,1.0,5540000.0,1.0,37.5,2025
2.0,4.0,3.0,4610000.0,1.0,20.7,2028
2.0,3.7,5.0,2370000.0,1.0,20.0,2017
2.0,2.5,13.0,7540000.0,1.0,25.16,2026
2.0,3.7,1.0,2400000.0,1.0,19.7,2017
2.0,3.7,12.0,4000000.0,1.0,33.7,2021
4.0,2.9,12.0,5690000.0,1.0,22.79,2026
2.0,2.5,7.0,5650000.0,1.0,21.1,2024
2.0,4.0,7.0,5650000.0,1.0,21.3,2025
2.0,2.5,13.0,5750000.0,1.0,25.1,2024
2.0,2.9,15.0,5750000.0,1.0,37.2,2020
2.0,2.5,3.0,5780000.0,1.0,26.88,2022
2.0,4.2,7.0,5790000.0,1.0,28.2,2018
2.0,2.5,6.0,5800000.0,1.0,30.3,2020
2.0,3.8,13.0,5800000.0,1.0,21.5,2007
2.0,3.8,11.0,5800000.0,1.0,27.8,2014
2.0,2.5,17.0,5850000.0,1.0,29.6,2016
2.0,2.5,15.0,5875000.0,1.0,23.5,2026
2.0,2.5,17.0,5870000.0,1.0,31.1,2019
2.0,3.4,14.0,5900000.0,1.0,34.0,2012
2.0,3.8,13.0,5900000.0,1.0,22.4,2021
2.0,2.9,6.0,5999000.0,1.0,24.5,2020
2.0,3.8,7.0,5950000.0,1.0,25.0,2007
2.0,3.9,3.0,6000000.0,1.0,26.5,2024
2.0,2.5,14.0,6000000.0,1.0,25.26,2025
2.0,2.5,16.0,6000000.0,1.0,28.3,2022
2.0,2.5,11.0,6000000.0,1.0,25.2,2025
2.0,4.0,4.0,6050000.0,1.0,35.0,2021
2.0,4.0,2.0,6100000.0,1.0,27.7,2022
2.0,3.4,17.0,6100000.0,1.0,30.0,2025
2.0,2.5,14.0,6100000.0,1.0,25.0,2020
2.0,3.9,3.0,6250000.0,1.0,27.7,2002
2.0,3.8,20.0,6300000.0,1.0,27.5,2007
2.0,2.5,23.0,6300000.0,1.0,28.4,2021
2.0,3.8,13.0,6350000.0,1.0,28.0,2007
2.0,4.0,7.0,6450000.0,1.0,26.8,2022
2.0,2.5,10.0,6490000.0,1.0,59.0,2020
2.0,3.9,9.0,6440000.0,1.0,27.2,2023
2.0,2.5,18.0,6400000.0,1.0,26.9,2020
2.0,3.4,23.0,6500000.0,1.0,32.45,2019
2.0,2.9,3.0,6500000.0,1.0,25.09,2026
2.0,2.5,8.0,6500000.0,1.0,29.8,2020
2.0,3.4,10.0,6500000.0,1.0,27.0,2025
2.0,4.0,15.0,6550000.0,1.0,29.0,2022
2.0,4.0,24.0,6550000.0,1.0,29.9,2026
2.0,4.0,19.0,6555000.0,1.0,38.4,2018
2.0,2.5,11.0,6700000.0,1.0,26.6,2023
2.0,3.8,10.0,6700000.0,1.0,25.9,2014
2.0,2.5,9.0,6700000.0,1.0,30.3,2024
2.0,3.7,3.0,6850000.0,1.0,34.2,2018
2.0,4.0,14.0,6850000.0,1.0,40.4,2022
2.0,2.9,5.0,6800000.0,1.0,27.0,2015
2.0,3.7,3.0,6900000.0,1.0,36.6,2018
2.0,3.4,17.0,6900000.0,1.0,56.0,2019
2.0,3.8,8.0,6900000.0,1.0,32.6,2016
2.0,3.7,24.0,7000000.0,1.0,36.0,2017
2.0,2.5,6.0,7000000.0,1.0,27.6,2020
2.0,2.5,2.0,7000000.0,1.0,35.6,2009
2.0,3.9,5.0,7230000.0,1.0,30.2,2024
2.0,3.4,22.0,7199000.0,1.0,31.2,2024
2.0,3.7,22.0,7200000.0,1.0,33.8,2017
2.0,2.5,4.0,7400000.0,1.0,37.7,2017
2.0,3.8,21.0,7500000.0,1.0,22.7,2022
2.0,3.9,18.0,7800000.0,1.0,34.2,2002
2.0,2.5,2.0,7955000.0,1.0,43.2,2020
2.0,4.0,6.0,8100000.0,1.0,51.9,2023
2.0,3.4,20.0,8550000.0,1.0,38.0,2020
2.0,4.0,5.0,8600000.0,1.0,51.6,2023
2.0,2.5,23.0,8650000.0,1.0,30.0,2017
2.0,4.0,6.0,8900000.0,1.0,59.34,2025
2.0,4.0,22.0,9200000.0,1.0,36.0,2022
2.0,2.5,10.0,9500000.0,1.0,39.5,2026
2.0,2.5,4.0,9500000.0,1.0,60.0,2026
2.0,2.9,10.0,10500000.0,1.0,55.2,2025
2.0,3.8,14.0,10899000.0,1.0,42.0,2015
2.0,2.5,12.0,12000000.0,1.0,49.0,2017
2.0,4.0,9.0,12300000.0,1.0,31.0,2023
2.0,3.4,14.0,12400000.0,1.0,135.0,2019
2.0,4.0,7.0,12500000.0,1.0,53.5,2022
2.0,2.5,20.0,12500000.0,1.0,49.0,2017
2.0,3.3,8.0,18500000.0,1.0,117.2,2017
2.0,3.8,4.0,28500000.0,1.0,186.9,1999
2.0,3.8,8.0,49000000.0,1.0,130.0,2007
2.0,3.3,5.0,1680000.0,1.0,20.1,1960
2.0,2.5,1.0,1680000.0,1.0,24.97,2025
2.0,3.3,3.0,1750000.0,1.0,16.5,1989
2.0,3.7,3.0,1760000.0,1.0,14.3,2011
2.0,3.3,1.0,1799000.0,1.0,18.0,2017
2.0,4.0,1.0,1800000.0,1.0,15.0,2012
2.0,2.5,10.0,1870000.0,1.0,39.35,2027
2.0,2.5,7.0,1860000.0,1.0,32.47,2023
2.0,4.4,14.0,1899990.0,1.0,19.4,2012
5.0,4.0,3.0,1855000.0,1.0,17.0,2012
2.0,4.2,3.0,1999900.0,1.0,18.0,1970
2.0,4.4,3.0,1990000.0,1.0,20.0,2011
2.0,3.3,4.0,2000000.0,1.0,18.0,1988
2.0,2.5,10.0,2000000.0,1.0,24.97,2025
2.0,3.7,1.0,2000000.0,1.0,23.0,1990
5.0,2.5,5.0,2000000.0,1.0,39.35,2027
2.0,2.5,5.0,2050000.0,1.0,39.0,2027
2.0,3.7,2.0,2050000.0,1.0,16.0,1989
2.0,2.5,3.0,2050000.0,1.0,33.0,2023
2.0,4.4,15.0,2100000.0,1.0,19.6,2012
2.0,3.3,3.0,2100000.0,1.0,23.8,2001
2.0,2.5,3.0,2100000.0,1.0,39.02,2027
2.0,2.5,17.0,2100000.0,1.0,25.0,2025
2.0,4.4,1.0,2190000.0,1.0,19.4,2015
2.0,2.5,6.0,2170000.0,1.0,25.0,2025
2.0,3.7,1.0,2150000.0,1.0,25.8,1958
2.0,4.4,1.0,2200000.0,1.0,22.4,2011
2.0,3.3,2.0,2200000.0,1.0,25.0,1968
2.0,3.3,3.0,2200000.0,1.0,17.0,1989
2.0,4.4,4.0,2200000.0,1.0,19.1,2015
2.0,4.4,14.0,2200000.0,1.0,21.1,2012
2.0,3.7,1.0,2200000.0,1.0,30.8,2017
2.0,3.3,3.0,2235600.0,1.0,24.4,1968
5.0,4.2,4.0,2200000.0,1.0,15.0,1998
2.0,3.7,5.0,2200000.0,1.0,20.0,2013
5.0,4.4,6.0,2200000.0,1.0,19.4,2014
5.0,2.5,5.0,2200000.0,1.0,39.35,2027
2.0,3.7,8.0,2260000.0,1.0,19.3,2017
2.0,3.7,6.0,2250000.0,1.0,19.9,2014
2.0,3.3,3.0,2269000.0,1.0,17.0,1974
2.0,2.5,4.0,2280000.0,1.0,30.88,2025
2.0,2.5,6.0,2290000.0,1.0,24.67,2025
2.0,3.3,2.0,2260000.0,1.0,24.5,1968
5.0,4.4,9.0,2280000.0,1.0,19.5,2012
2.0,3.7,10.0,2300000.0,1.0,19.7,2014
2.0,3.7,14.0,2300000.0,1.0,19.2,2014
2.0,3.7,2.0,2300000.0,1.0,19.4,2014
2.0,4.4,7.0,2300000.0,1.0,18.0,2011
2.0,3.7,6.0,2300000.0,1.0,20.0,2013
2.0,2.5,13.0,2320000.0,1.0,25.0,2025
2.0,4.0,1.0,2300000.0,1.0,15.0,2022
5.0,2.5,7.0,2300000.0,1.0,33.58,2023
5.0,2.5,7.0,2300000.0,1.0,39.0,2026
2.0,2.9,1.0,2350000.0,1.0,17.9,1938
2.0,3.3,5.0,2380000.0,1.0,17.5,2024
2.0,3.7,2.0,2350000.0,1.0,21.4,2018
2.0,4.4,10.0,2390000.0,1.0,19.3,2015
2.0,4.4,4.0,2400000.0,1.0,18.8,2012
2.0,2.9,3.0,2400000.0,1.0,19.8,2016
2.0,4.4,9.0,2400000.0,1.0,19.1,2015
2.0,2.9,3.0,2400000.0,1.0,17.4,1972
5.0,4.4,15.0,2400000.0,1.0,18.1,2013
2.0,3.7,2.0,2480000.0,1.0,21.0,2016
2.0,4.4,16.0,2450000.0,1.0,22.0,2012
2.0,3.3,4.0,2480000.0,1.0,18.0,1964
2.0,2.5,15.0,2480000.0,1.0,24.7,2023
2.0,3.7,2.0,2500000.0,1.0,19.4,2014
2.0,3.7,8.0,2530000.0,1.0,20.0,2013
2.0,4.4,16.0,2500000.0,1.0,20.4,2011
2.0,2.9,10.0,2500000.0,1.0,19.5,2023
2.0,3.7,16.0,2530000.0,1.0,22.2,2012
2.0,3.7,3.0,2520000.0,1.0,31.0,2013
2.0,3.7,13.0,2500000.0,1.0,22.0,2013
2.0,3.7,13.0,2500000.0,1.0,18.0,2013
5.0,2.9,4.0,2500000.0,1.0,18.0,2017
2.0,3.7,13.0,2500000.0,1.0,20.0,2017
5.0,2.9,6.0,2500000.0,1.0,19.4,2023
5.0,2.9,1.0,2500000.0,1.0,25.0,1940
5.0,4.2,5.0,2500000.0,1.0,18.9,1994
2.0,3.7,3.0,2590000.0,1.0,34.0,2010
2.0,3.7,8.0,2590000.0,1.0,21.0,2016
2.0,2.9,5.0,2550000.0,1.0,22.8,2017
2.0,3.7,2.0,2570000.0,1.0,20.6,2015
2.0,3.7,4.0,2550000.0,1.0,19.5,2013
2.0,4.4,17.0,2590000.0,1.0,23.4,2013
5.0,3.7,4.0,2580000.0,1.0,20.5,2013
2.0,2.9,2.0,2600000.0,1.0,18.0,2017
2.0,3.7,2.0,2600000.0,1.0,31.0,2017
2.0,4.4,16.0,2600000.0,1.0,22.5,2013
2.0,3.7,3.0,2600000.0,1.0,24.0,2017
2.0,3.7,2.0,2600000.0,1.0,20.8,2016
2.0,3.7,5.0,2600000.0,1.0,20.0,2017
2.0,3.7,3.0,2670000.0,1.0,17.8,1979
2.0,3.3,2.0,2650000.0,1.0,27.0,1968
2.0,2.9,9.0,2680000.0,1.0,22.0,2018
2.0,2.9,5.0,2650000.0,1.0,22.0,2018
2.0,3.7,7.0,2700000.0,1.0,20.7,2015
2.0,3.7,14.0,2700000.0,1.0,23.8,2013
2.0,2.5,7.0,2700000.0,1.0,33.0,2024
2.0,4.4,13.0,2700000.0,1.0,26.0,2013
2.0,3.7,10.0,2745000.0,1.0,20.0,2013
2.0,2.9,9.0,2700000.0,1.0,22.3,2015
2.0,3.7,16.0,2740000.0,1.0,25.0,2013
2.0,3.7,3.0,2700000.0,1.0,21.0,2017
2.0,2.9,11.0,2750000.0,1.0,18.1,2024
2.0,3.9,5.0,2750000.0,1.0,13.0,1958
2.0,4.2,5.0,2750000.0,1.0,29.6,1994
2.0,2.5,3.0,2750000.0,1.0,14.9,1944
2.0,2.5,6.0,2750000.0,1.0,33.58,2025
2.0,2.5,6.0,2750000.0,1.0,33.0,2020
2.0,2.5,10.0,2780000.0,1.0,33.5,2020
2.0,4.4,12.0,2790000.0,1.0,26.0,2015
5.0,2.5,3.0,2750000.0,1.0,14.9,1944
2.0,3.7,3.0,2800000.0,1.0,21.0,2016
2.0,2.9,5.0,2800000.0,1.0,22.4,2015
2.0,4.4,10.0,2800000.0,1.0,27.7,2014
2.0,3.7,5.0,2800000.0,1.0,20.8,2015
2.0,2.9,2.0,2800000.0,1.0,18.2,2017
5.0,3.7,2.0,2800000.0,1.0,27.0,2017
2.0,2.5,3.0,2850000.0,1.0,33.58,2026
2.0,3.7,3.0,2850000.0,1.0,35.3,2012
2.0,2.5,4.0,2850000.0,1.0,32.47,2025
2.0,3.8,9.0,2890000.0,1.0,16.5,1981
2.0,2.5,8.0,2880000.0,1.0,39.02,2024
2.0,3.3,2.0,2855000.0,1.0,24.2,1970
5.0,2.5,4.0,2850000.0,1.0,33.0,2020
2.0,2.9,6.0,2900000.0,1.0,24.0,2015
2.0,2.9,4.0,2900000.0,1.0,21.0,2024
2.0,2.9,14.0,2945000.0,1.0,22.7,2018
2.0,2.5,5.0,2900000.0,1.0,39.02,2024
2.0,3.7,9.0,2900000.0,1.0,20.6,2015
2.0,2.9,7.0,2900000.0,1.0,22.4,2025
2.0,3.7,3.0,2900000.0,1.0,16.2,1987
2.0,2.5,7.0,2900000.0,1.0,33.0,2024
2.0,2.5,1.0,2750000.0,1.0,31.7,1959
2.0,4.0,1.0,2350000.0,1.0,31.6,2022
2.0,3.7,4.0,2940000.0,1.0,25.0,2013
2.0,2.9,7.0,2900000.0,1.0,22.5,2025
2.0,3.3,2.0,2935000.0,1.0,25.4,1968
5.0,2.9,1.0,2900000.0,1.0,24.9,2015
5.0,2.5,9.0,2900000.0,1.0,39.0,2024
2.0,2.9,14.0,2950000.0,1.0,22.7,2017
2.0,2.9,4.0,2950000.0,1.0,21.0,2023
2.0,2.9,4.0,2950000.0,1.0,24.1,2014
2.0,2.9,16.0,2950000.0,1.0,21.0,2018
2.0,4.2,2.0,2950000.0,1.0,31.0,2013
2.0,4.4,10.0,2950000.0,1.0,24.0,2011
5.0,4.2,15.0,2950000.0,1.0,31.0,1994
5.0,2.5,17.0,2950000.0,1.0,32.0,2025
2.0,3.7,10.0,3000000.0,1.0,20.0,2013
2.0,2.9,16.0,3000000.0,1.0,20.9,2023
2.0,2.9,6.0,3000000.0,1.0,24.2,2014
2.0,2.5,6.0,3000000.0,1.0,39.02,2023
2.0,2.9,3.0,3000000.0,1.0,26.5,2020
4.0,2.9,17.0,3020574.0,1.0,23.83,2024
2.0,2.9,2.0,3000000.0,1.0,21.4,2020
5.0,4.2,6.0,3036903.0,1.0,26.2,2018
2.0,2.5,2.0,3070000.0,1.0,39.02,2025
2.0,4.0,4.0,3090000.0,1.0,23.4,1969
2.0,3.7,5.0,3090000.0,1.0,22.4,2014
2.0,4.0,8.0,3060000.0,1.0,22.56,2026
2.0,4.4,16.0,3075000.0,1.0,26.4,2013
2.0,2.5,10.0,3100000.0,1.0,39.3,2024
2.0,3.7,7.0,3100000.0,1.0,21.9,2016
2.0,3.7,8.0,3100000.0,1.0,23.9,2013
2.0,3.7,17.0,3100000.0,1.0,27.9,2024
2.0,3.7,6.0,3100000.0,1.0,37.8,2020
2.0,4.0,7.0,3100000.0,1.0,17.0,1970
2.0,3.7,10.0,3100000.0,1.0,24.7,2019
2.0,2.5,5.0,3100000.0,1.0,38.7,2024
2.0,3.3,3.0,3136000.0,1.0,39.2,1968
5.0,2.9,15.0,3100000.0,1.0,28.3,2021
5.0,2.5,6.0,3100000.0,1.0,39.02,2024
2.0,2.5,6.0,3190000.0,1.0,37.7,2024
2.0,3.7,1.0,3150000.0,1.0,27.0,1968
2.0,2.9,10.0,3190000.0,1.0,24.0,2020
2.0,3.7,1.0,3180000.0,1.0,26.7,2005
2.0,4.2,1.0,3150000.0,1.0,15.0,1980
4.0,2.9,1.0,3177473.0,1.0,25.55,2025
2.0,3.7,5.0,3200000.0,1.0,28.6,2011
2.0,3.9,1.0,3200000.0,1.0,23.3,1986
2.0,3.7,10.0,3230000.0,1.0,33.0,2017
2.0,3.7,9.0,3200000.0,1.0,32.4,2023
2.0,3.7,17.0,3200000.0,1.0,24.0,2016
2.0,3.7,2.0,3200000.0,1.0,39.0,2014
2.0,2.9,4.0,3200000.0,1.0,25.0,2015
2.0,3.7,3.0,3200000.0,1.0,32.5,2023
2.0,4.0,12.0,3210000.0,1.0,26.0,2026
2.0,3.7,5.0,3290000.0,1.0,32.0,2023
2.0,3.7,9.0,3290000.0,1.0,32.0,2020
2.0,3.7,10.0,3250000.0,1.0,30.0,2017
2.0,3.7,3.0,3250000.0,1.0,20.4,2024
2.0,2.9,9.0,3290000.0,1.0,26.4,2024
2.0,2.9,7.0,3270000.0,1.0,27.0,2019
5.0,3.7,3.0,3250000.0,1.0,39.0,2018
2.0,3.7,4.0,3300000.0,1.0,32.4,2024
2.0,3.7,10.0,3300000.0,1.0,32.0,2024
2.0,2.9,4.0,3300000.0,1.0,28.0,2013
2.0,3.7,9.0,3300000.0,1.0,31.1,2016
2.0,2.5,8.0,3300000.0,1.0,32.7,2012
2.0,2.9,8.0,3300000.0,1.0,25.3,2025
2.0,2.9,10.0,3300000.0,1.0,22.8,2017
2.0,3.3,13.0,3300000.0,1.0,20.9,2010
2.0,3.7,2.0,3300000.0,1.0,36.5,2018
2.0,3.7,15.0,3300000.0,1.0,32.0,2024
2.0,2.9,2.0,3300000.0,1.0,23.0,2023
2.0,2.5,8.0,3300000.0,1.0,32.4,2010
2.0,3.7,8.0,3380000.0,1.0,25.0,2024
2.0,2.5,5.0,3350000.0,1.0,32.5,2012
2.0,2.5,8.0,3350000.0,1.0,33.0,2011
2.0,2.9,7.0,3399000.0,1.0,26.0,2017
2.0,2.5,2.0,3350000.0,1.0,32.5,2020
2.0,3.3,1.0,3350000.0,1.0,17.2,1989
2.0,2.9,8.0,3350000.0,1.0,21.0,2015
2.0,4.0,6.0,3360000.0,1.0,27.2,2027
5.0,2.9,17.0,3350000.0,1.0,25.7,2024
2.0,4.4,25.0,3400000.0,1.0,25.0,2020
2.0,2.5,5.0,3400000.0,1.0,32.5,2013
2.0,3.3,4.0,3420000.0,1.0,23.8,2016
2.0,2.9,10.0,3400000.0,1.0,25.7,2017
2.0,3.3,12.0,3400000.0,1.0,21.1,2015
2.0,3.2,18.0,3400000.0,1.0,34.0,2023
2.0,2.9,2.0,3400000.0,1.0,24.0,2014
5.0,2.9,11.0,3400000.0,1.0,25.7,2020
2.0,2.5,5.0,3480000.0,1.0,33.6,2014
2.0,3.3,17.0,3499000.0,1.0,25.1,2023
2.0,4.0,15.0,3450000.0,1.0,24.54,2026
2.0,3.7,10.0,3450000.0,1.0,39.0,2020
4.0,2.9,1.0,3490000.0,1.0,22.0,2027
2.0,4.2,5.0,3500000.0,1.0,30.0,2022
2.0,3.7,15.0,3500000.0,1.0,27.0,2016
2.0,3.3,2.0,3500000.0,1.0,29.4,2015
2.0,3.7,4.0,3500000.0,1.0,29.8,2022
2.0,2.9,15.0,3500000.0,1.0,20.0,2023
2.0,2.5,5.0,3500000.0,1.0,32.0,2020
2.0,2.5,7.0,3500000.0,1.0,32.6,2025
2.0,3.7,3.0,3540000.0,1.0,28.6,2023
2.0,3.8,1.0,3500000.0,1.0,86.0,2007
2.0,3.7,7.0,3500000.0,1.0,30.7,2024
2.0,4.2,4.0,3500000.0,1.0,30.0,2017
2.0,2.9,14.0,3500000.0,1.0,25.7,2021
2.0,3.7,8.0,3500000.0,1.0,25.0,2023
2.0,3.3,1.0,3500000.0,1.0,23.0,2016
2.0,2.5,5.0,3500000.0,1.0,39.0,2024
2.0,2.9,17.0,3500000.0,1.0,27.0,2015
2.0,3.3,3.0,3500000.0,1.0,24.7,1988
2.0,2.5,3.0,3500000.0,1.0,18.6,2021
2.0,3.3,8.0,3500000.0,1.0,23.5,2014
2.0,2.5,16.0,3500000.0,1.0,25.0,2009
2.0,2.5,6.0,3520000.0,1.0,34.0,2020
2.0,4.2,15.0,3500000.0,1.0,30.0,2015
5.0,2.5,10.0,3500000.0,1.0,33.0,2024
5.0,3.7,3.0,3500000.0,1.0,38.0,2017
5.0,2.5,3.0,3500000.0,1.0,39.02,2024
5.0,2.9,6.0,3500000.0,1.0,24.2,2014
5.0,3.7,10.0,3500000.0,1.0,30.6,2020
2.0,3.3,8.0,3590000.0,1.0,26.6,2023
2.0,2.9,9.0,3550000.0,1.0,21.2,2015
2.0,3.7,9.0,3580000.0,1.0,29.2,2024
2.0,3.7,11.0,3599000.0,1.0,30.0,2023
2.0,2.5,17.0,3550000.0,1.0,28.0,2009
2.0,2.5,6.0,3550000.0,1.0,33.0,2012
2.0,2.9,2.0,3577800.0,1.0,26.7,2024
4.0,2.9,11.0,3579680.0,1.0,26.74,2025
5.0,2.5,10.0,3590000.0,1.0,32.4,2009
2.0,2.9,5.0,3600000.0,1.0,24.2,2016
2.0,3.3,4.0,3600000.0,1.0,21.2,2015
2.0,3.3,8.0,3600000.0,1.0,23.1,2015
2.0,3.7,5.0,3600000.0,1.0,23.8,2016
2.0,2.5,7.0,3600000.0,1.0,33.6,2024
2.0,3.3,7.0,3600000.0,1.0,26.6,2023
4.0,4.0,5.0,3627910.0,1.0,25.37,2026
5.0,3.7,16.0,3600000.0,1.0,26.6,2022
2.0,2.9,4.0,3620000.0,1.0,25.0,2015
5.0,2.9,9.0,3600000.0,1.0,25.0,2015
5.0,2.9,12.0,3600000.0,1.0,27.0,2019
2.0,2.9,16.0,3650000.0,1.0,27.1,2025
2.0,3.7,4.0,3650000.0,1.0,25.0,2024
2.0,3.3,8.0,3650000.0,1.0,23.1,2015
2.0,3.7,8.0,3690000.0,1.0,30.7,2023
2.0,2.5,10.0,3699999.0,1.0,39.0,2024
2.0,3.7,21.0,3650000.0,1.0,30.4,2023
4.0,4.0,6.0,3689400.0,1.0,25.8,2026
2.0,2.9,3.0,3650000.0,1.0,27.54,2025
4.0,2.9,4.0,3650000.0,1.0,27.54,2025
2.0,2.9,1.0,3650000.0,1.0,28.0,2025
2.0,2.5,2.0,3700000.0,1.0,25.4,2009
2.0,4.4,13.0,3700000.0,1.0,20.7,2014
2.0,2.9,1.0,3700000.0,1.0,23.8,2015
2.0,3.3,4.0,3700000.0,1.0,26.3,2023
2.0,3.3,6.0,3700000.0,1.0,21.3,2015
2.0,3.7,2.0,3700000.0,1.0,31.0,2014
2.0,4.0,8.0,3700000.0,1.0,30.4,2021
2.0,3.7,8.0,3740000.0,1.0,38.4,2019
2.0,3.8,1.0,3700000.0,1.0,58.0,2007
2.0,3.3,13.0,3700000.0,1.0,23.5,2023
2.0,2.9,12.0,3740100.0,1.0,28.77,2024
2.0,4.0,1.0,3700000.0,1.0,25.0,2021
5.0,4.0,9.0,3700000.0,1.0,26.6,2021
5.0,3.3,6.0,3700000.0,1.0,21.3,2015
2.0,3.4,8.0,3750000.0,1.0,23.9,2025
2.0,2.5,5.0,3750000.0,1.0,26.0,2013
2.0,4.0,10.0,3750000.0,1.0,29.6,2014
2.0,2.5,7.0,3750000.0,1.0,33.6,2023
2.0,3.8,5.0,3750000.0,1.0,25.0,1932
5.0,2.9,6.0,3750000.0,1.0,29.0,2017
2.0,2.9,8.0,3770000.0,1.0,18.0,2015
2.0,4.0,5.0,3800000.0,1.0,24.3,2024
2.0,3.7,13.0,3800000.0,1.0,29.2,2024
2.0,3.2,21.0,3800000.0,1.0,33.0,2023
2.0,3.7,7.0,3800000.0,1.0,27.0,2021
2.0,4.4,13.0,3800000.0,1.0,24.0,2016
2.0,3.3,5.0,3800000.0,1.0,27.5,2015
2.0,4.4,13.0,3800000.0,1.0,19.3,2018
2.0,3.3,5.0,3800000.0,1.0,23.0,2013
2.0,2.5,5.0,3800000.0,1.0,26.1,2020
2.0,4.2,12.0,3800000.0,1.0,28.5,2020
2.0,3.7,8.0,3800000.0,1.0,50.0,2017
2.0,2.9,12.0,3845400.0,1.0,29.58,2024
2.0,3.3,4.0,3800000.0,1.0,29.8,2017
5.0,4.4,2.0,3800000.0,1.0,22.0,2013
2.0,3.3,5.0,3850000.0,1.0,35.0,2010
2.0,4.4,16.0,3850000.0,1.0,18.9,2018
2.0,4.4,1.0,3890000.0,1.0,24.7,2021
2.0,3.4,3.0,3890000.0,1.0,28.0,2017
2.0,3.3,5.0,3850000.0,1.0,21.1,2009
2.0,4.0,10.0,3850000.0,1.0,29.6,2014
5.0,4.4,16.0,3850000.0,1.0,18.9,2018
5.0,3.3,17.0,3890000.0,1.0,27.4,2015
2.0,2.5,10.0,3900000.0,1.0,33.0,2019
2.0,3.3,4.0,3900000.0,1.0,31.0,2015
2.0,4.4,14.0,3900000.0,1.0,24.2,2012
2.0,4.0,9.0,3900000.0,1.0,24.0,2022
2.0,3.3,9.0,3900000.0,1.0,22.1,2017
2.0,3.3,1.0,3900000.0,1.0,24.5,2023
2.0,3.7,5.0,3900000.0,1.0,27.5,2019
2.0,3.3,15.0,3900000.0,1.0,28.1,2014
5.0,2.9,9.0,3900000.0,1.0,25.0,2015
2.0,3.3,13.0,3900000.0,1.0,30.4,2016
5.0,4.0,8.0,3900000.0,1.0,24.0,2015
5.0,4.4,15.0,3900000.0,1.0,28.0,2013
4.0,3.3,18.0,3932080.0,1.0,24.8,2027
5.0,3.3,7.0,3900000.0,1.0,29.1,2023
2.0,3.4,4.0,3990000.0,1.0,30.0,2019
2.0,2.5,4.0,3950000.0,1.0,26.32,2024
2.0,3.7,6.0,3999000.0,1.0,38.0,2023
2.0,2.9,1.0,3950000.0,1.0,25.0,2022
2.0,3.3,1.0,3950000.0,1.0,29.2,2017
2.0,3.7,8.0,3950000.0,1.0,28.8,2024
2.0,3.4,5.0,3990000.0,1.0,23.0,2012
2.0,3.3,6.0,3950000.0,1.0,27.6,2025
2.0,4.0,1.0,3990000.0,1.0,30.0,2018
2.0,3.7,5.0,3990000.0,1.0,38.2,2015
2.0,4.0,5.0,3960000.0,1.0,20.7,2028
4.0,2.5,1.0,3986700.0,1.0,23.7,2026
2.0,3.4,2.0,3990000.0,1.0,19.6,2027
4.0,3.4,2.0,3990000.0,1.0,20.4,2027
2.0,2.9,9.0,4000000.0,1.0,25.0,2014
2.0,2.9,16.0,4000000.0,1.0,32.4,2015
2.0,3.7,19.0,4000000.0,1.0,30.0,2018
2.0,3.8,1.0,4000000.0,1.0,20.0,1932
2.0,4.2,1.0,4000000.0,1.0,30.0,2014
2.0,3.7,7.0,4000000.0,1.0,25.0,2018
2.0,2.5,7.0,4000000.0,1.0,32.0,2010
2.0,3.3,7.0,4000000.0,1.0,27.6,2025
2.0,3.3,17.0,4000000.0,1.0,31.0,2014
2.0,3.7,13.0,4000000.0,1.0,29.2,2025
2.0,3.3,3.0,4000000.0,1.0,27.0,2019
2.0,3.3,4.0,4000000.0,1.0,29.0,1971
2.0,2.9,7.0,4000000.0,1.0,22.9,2023
2.0,2.9,5.0,4050000.0,1.0,33.0,2016
2.0,2.9,15.0,4070000.0,1.0,24.2,2022
2.0,3.7,23.0,4090000.0,1.0,31.0,2024
2.0,2.9,5.0,4050000.0,1.0,24.0,2015
2.0,3.4,15.0,4050000.0,1.0,24.1,2013
2.0,3.3,5.0,4050000.0,1.0,25.0,2024
2.0,3.4,18.0,4100000.0,1.0,25.0,2020
2.0,4.0,10.0,4100000.0,1.0,24.4,2021
2.0,3.7,6.0,4100000.0,1.0,39.0,2019
2.0,3.7,22.0,4120000.0,1.0,33.0,2025
2.0,3.3,3.0,4100000.0,1.0,27.7,2025
2.0,4.0,17.0,4100000.0,1.0,25.37,2026
4.0,4.4,4.0,4144300.0,1.0,21.85,2026
2.0,3.4,1.0,4100000.0,1.0,23.7,2027
2.0,2.5,4.0,4100000.0,1.0,26.12,2020
5.0,2.5,4.0,4100000.0,1.0,27.6,2011
4.0,2.5,1.0,4133000.0,1.0,23.4,2026
2.0,3.7,5.0,4150000.0,1.0,29.8,2015
2.0,2.5,9.0,4150000.0,1.0,21.0,2023
2.0,2.5,5.0,4150000.0,1.0,39.0,2014
2.0,2.5,8.0,4150000.0,1.0,21.0,2023
2.0,2.9,8.0,4150000.0,1.0,25.0,2024
2.0,3.4,5.0,4150000.0,1.0,26.0,2025
2.0,2.5,15.0,4150000.0,1.0,26.7,2025
2.0,4.0,16.0,4150000.0,1.0,26.21,2026
4.0,2.9,2.0,4150000.0,1.0,33.27,2025
2.0,3.7,9.0,4199000.0,1.0,40.0,2022
4.0,2.9,1.0,4150000.0,1.0,33.67,2025
5.0,4.2,3.0,4150000.0,1.0,25.0,1994
2.0,3.3,8.0,4200000.0,1.0,30.4,2016
2.0,2.5,1.0,4200000.0,1.0,32.5,2010
2.0,2.5,1.0,4200000.0,1.0,21.0,2023
2.0,3.7,18.0,4200000.0,1.0,30.6,2023
2.0,3.3,12.0,4200000.0,1.0,28.1,2018
2.0,3.3,8.0,4200000.0,1.0,28.0,2018
2.0,2.5,1.0,4200000.0,1.0,25.0,2011
2.0,2.5,1.0,4200000.0,1.0,32.3,2014
2.0,2.9,6.0,4200000.0,1.0,22.0,2015
2.0,3.7,13.0,4200000.0,1.0,23.9,2016
2.0,3.3,6.0,4200000.0,1.0,28.0,2024
2.0,3.7,10.0,4200000.0,1.0,26.3,2023
2.0,3.7,18.0,4200000.0,1.0,29.9,2019
2.0,3.3,1.0,4200000.0,1.0,29.2,2027
4.0,2.9,1.0,4220000.0,1.0,29.6,2027
4.0,2.9,5.0,4239900.0,1.0,24.56,2027
2.0,3.3,12.0,4219500.0,1.0,24.8,2027
2.0,3.7,1.0,4200000.0,1.0,39.0,2024
2.0,3.3,7.0,4200000.0,1.0,31.0,2017
2.0,3.3,5.0,4215000.0,1.0,26.8,2028
5.0,3.7,17.0,4200000.0,1.0,30.1,2015
5.0,3.7,9.0,4200000.0,1.0,29.0,2021
5.0,2.5,2.0,4200000.0,1.0,32.4,2018
2.0,3.3,8.0,4250000.0,1.0,27.83,2016
2.0,4.2,5.0,4250000.0,1.0,27.2,2025
2.0,3.3,6.0,4255000.0,1.0,32.0,2023
2.0,2.5,3.0,4250000.0,1.0,26.6,2007
2.0,3.4,2.0,4250000.0,1.0,27.5,2020
5.0,3.3,1.0,4250000.0,1.0,41.0,2023
2.0,3.3,18.0,4274000.0,1.0,24.8,2027
2.0,2.9,3.0,4300000.0,1.0,24.8,2025
2.0,3.7,1.0,4300000.0,1.0,25.0,2022
2.0,3.4,2.0,4300000.0,1.0,30.9,2025
2.0,4.0,17.0,4300000.0,1.0,35.5,2011
2.0,2.5,6.0,4300000.0,1.0,39.0,2020
2.0,4.0,7.0,4320000.0,1.0,23.0,2021
2.0,3.7,15.0,4300000.0,1.0,22.7,2023
2.0,2.5,15.0,4349000.0,1.0,22.7,2020
2.0,3.3,8.0,4300000.0,1.0,30.4,2016
2.0,4.4,2.0,4320000.0,1.0,24.9,2027
2.0,3.7,1.0,4300000.0,1.0,29.0,2015
5.0,3.3,13.0,4300000.0,1.0,26.0,2017
5.0,3.4,5.0,4300000.0,1.0,26.6,2015
2.0,3.4,19.0,4390000.0,1.0,24.8,2020
2.0,2.5,10.0,4350000.0,1.0,38.4,2013
2.0,3.4,15.0,4390000.0,1.0,23.4,2026
2.0,3.3,4.0,4350000.0,1.0,32.5,2023
2.0,3.3,2.0,4375000.0,1.0,27.0,2023
2.0,4.0,8.0,4390000.0,1.0,28.0,2021
2.0,3.7,1.0,4390000.0,1.0,34.8,2017
2.0,3.8,5.0,4369000.0,1.0,20.99,2026
2.0,3.3,13.0,4350000.0,1.0,28.0,2020
2.0,2.5,1.0,4352100.0,1.0,26.7,2026
2.0,2.9,5.0,4355070.0,1.0,27.9,2026
4.0,3.7,4.0,4350000.0,1.0,27.2,2028
4.0,2.9,4.0,4398000.0,1.0,26.01,2027
2.0,3.3,13.0,4400000.0,1.0,30.25,2025
2.0,3.2,22.0,4439000.0,1.0,28.9,2023
2.0,3.7,19.0,4420000.0,1.0,30.1,2018
2.0,3.3,3.0,4430000.0,1.0,27.6,2024
2.0,3.3,7.0,4400000.0,1.0,26.2,2021
2.0,2.5,13.0,4400000.0,1.0,26.7,2022
2.0,3.3,8.0,4430000.0,1.0,30.0,2017
4.0,3.3,2.0,4410900.0,1.0,26.1,2027
4.0,3.3,7.0,4442700.0,1.0,25.1,2027
2.0,3.7,17.0,4400000.0,1.0,40.1,2024
5.0,3.7,14.0,4439999.0,1.0,24.0,2021
5.0,3.4,14.0,4400000.0,1.0,23.1,2026
2.0,4.4,7.0,4450000.0,1.0,27.4,2016
2.0,2.9,6.0,4450000.0,1.0,30.0,2014
2.0,3.2,3.0,4490000.0,1.0,32.4,2024
2.0,3.2,19.0,4499000.0,1.0,31.5,2023
2.0,3.3,1.0,4470000.0,1.0,28.0,2024
2.0,3.3,11.0,4450000.0,1.0,29.2,2027
2.0,4.0,12.0,4450000.0,1.0,29.2,2010
2.0,4.0,12.0,4450000.0,1.0,29.2,2010
2.0,3.7,17.0,4450000.0,1.0,30.1,2016
2.0,2.9,2.0,4500000.0,1.0,31.9,2017
2.0,2.5,10.0,4500000.0,1.0,39.0,2024
2.0,3.3,8.0,4500000.0,1.0,27.7,2017
2.0,2.9,8.0,4500000.0,1.0,25.8,2010
2.0,2.9,16.0,4500000.0,1.0,25.7,2006
2.0,2.9,1.0,4500000.0,1.0,32.0,2024
2.0,4.0,18.0,4530912.0,1.0,26.21,2025
2.0,3.7,6.0,4500000.0,1.0,24.3,2017
2.0,3.3,4.0,4500000.0,1.0,28.0,2023
2.0,2.9,2.0,4500000.0,1.0,31.9,2017
2.0,3.8,6.0,4500000.0,1.0,20.4,2026
2.0,4.0,18.0,4540000.0,1.0,33.65,2027
2.0,2.9,2.0,4522896.0,1.0,28.96,2026
4.0,3.7,2.0,4500000.0,1.0,29.3,2028
4.0,3.3,6.0,4503308.0,1.0,30.5,2027
4.0,2.9,25.0,4544300.0,1.0,24.43,2027
5.0,2.5,13.0,4500000.0,1.0,25.32,2023
5.0,2.9,8.0,4500000.0,1.0,25.0,2024
5.0,2.9,24.0,4500000.0,1.0,32.3,2025
2.0,3.7,5.0,4550000.0,1.0,35.0,2021
2.0,3.3,3.0,4560000.0,1.0,27.2,2017
2.0,2.5,14.0,4550000.0,1.0,20.7,2023
2.0,3.3,2.0,4550000.0,1.0,27.7,2024
2.0,2.5,2.0,4590000.0,1.0,24.5,2024
2.0,3.3,2.0,4550000.0,1.0,29.0,2025
2.0,3.3,8.0,4550000.0,1.0,30.4,2016
4.0,3.3,2.0,4566250.0,1.0,28.8,2027
4.0,3.4,8.0,4550000.0,1.0,25.5,2027
4.0,4.0,12.0,4550000.0,1.0,29.2,2010
2.0,3.4,8.0,4550000.0,1.0,25.5,2027
2.0,3.4,14.0,4550000.0,1.0,25.2,2027
2.0,3.3,2.0,4566250.0,1.0,28.8,2027
4.0,3.3,5.0,4580000.0,1.0,29.35,2025
2.0,3.7,17.0,4590000.0,1.0,47.0,2020
5.0,4.2,3.0,4550000.0,1.0,37.9,2019
5.0,2.5,11.0,4550000.0,1.0,20.25,2023
2.0,2.5,10.0,4600000.0,1.0,22.7,2024
2.0,3.7,6.0,4600000.0,1.0,41.2,2024
2.0,2.5,13.0,4600000.0,1.0,25.32,2023
2.0,2.5,5.0,4600000.0,1.0,21.5,2026
2.0,3.3,5.0,4600000.0,1.0,28.0,2024
2.0,3.3,7.0,4610000.0,1.0,27.1,2017
2.0,3.3,6.0,4600000.0,1.0,28.9,2016
2.0,2.9,12.0,4600000.0,1.0,23.92,2025
2.0,4.2,8.0,4600000.0,1.0,29.5,2013
2.0,4.0,4.0,4600000.0,1.0,29.1,2018
2.0,2.5,10.0,4600000.0,1.0,22.0,2020
2.0,3.4,11.0,4600000.0,1.0,30.0,2024
2.0,4.0,8.0,4612000.0,1.0,31.28,2026
5.0,3.7,2.0,4600000.0,1.0,32.6,2025
4.0,3.3,2.0,4605382.0,1.0,32.0,2027
2.0,3.7,15.0,4600000.0,1.0,28.6,2024
4.0,4.4,3.0,4641100.0,1.0,25.72,2026
5.0,4.0,13.0,4600000.0,1.0,29.3,2023
2.0,3.4,7.0,4650000.0,1.0,35.4,2015
2.0,3.3,1.0,4676464.0,1.0,31.41,2024
2.0,3.7,9.0,4650000.0,1.0,24.8,2023
2.0,3.3,16.0,4690000.0,1.0,26.0,2017
4.0,3.3,1.0,4675170.0,1.0,26.7,2027
2.0,2.5,5.0,4700000.0,1.0,26.0,2023
2.0,3.3,1.0,4720000.0,1.0,29.0,2024
2.0,4.0,9.0,4700000.0,1.0,25.0,2022
2.0,2.9,1.0,4700000.0,1.0,27.4,2021
2.0,2.9,9.0,4700000.0,1.0,22.0,2015
2.0,3.7,2.0,4700000.0,1.0,36.0,2013
2.0,3.2,25.0,4700000.0,1.0,33.52,2023
2.0,4.4,7.0,4700000.0,1.0,27.7,2016
2.0,2.5,5.0,4704500.0,1.0,23.2,2025
2.0,3.4,21.0,4700000.0,1.0,27.6,2025
4.0,3.8,25.0,4735250.0,1.0,20.15,2026
2.0,3.3,9.0,4700000.0,1.0,26.58,2026
4.0,3.3,2.0,4726100.0,1.0,28.3,2027
2.0,3.3,5.0,4700000.0,1.0,22.7,2026
4.0,2.9,26.0,4730000.0,1.0,35.3,2025
2.0,3.9,1.0,4790000.0,1.0,21.3,2022
2.0,3.7,22.0,4777000.0,1.0,31.0,2020
2.0,3.7,12.0,4750000.0,1.0,33.0,2018
2.0,2.9,5.0,4790000.0,1.0,22.18,2026
4.0,2.9,1.0,4780000.0,1.0,32.4,2027
5.0,3.9,1.0,4790000.0,1.0,21.3,2022
5.0,3.4,11.0,4750000.0,1.0,38.3,2024
2.0,2.9,11.0,4800000.0,1.0,27.6,2015
2.0,2.9,19.0,4800000.0,1.0,26.71,2015
2.0,2.5,4.0,4800000.0,1.0,21.8,2023
2.0,3.4,2.0,4800000.0,1.0,27.0,2019
2.0,2.5,20.0,4800000.0,1.0,22.0,2021
2.0,3.3,2.0,4830000.0,1.0,30.0,2023
2.0,4.0,7.0,4823000.0,1.0,31.3,2022
2.0,3.3,14.0,4800000.0,1.0,26.8,2023
2.0,2.9,8.0,4800000.0,1.0,25.9,2011
2.0,3.7,4.0,4800000.0,1.0,34.4,2013
2.0,3.7,2.0,4800000.0,1.0,36.0,2013
2.0,3.9,22.0,4800000.0,1.0,25.0,2016
2.0,3.7,5.0,4800000.0,1.0,37.98,2015
2.0,2.5,2.0,4848480.0,1.0,28.86,2026
5.0,2.5,15.0,4800000.0,1.0,32.6,2018
5.0,4.2,14.0,4800000.0,1.0,26.2,2018
2.0,2.5,11.0,4890000.0,1.0,32.1,2022
2.0,3.9,1.0,4850000.0,1.0,16.0,2021
2.0,2.5,4.0,4850000.0,1.0,27.7,2027
2.0,4.0,26.0,4899000.0,1.0,31.0,2025
2.0,3.3,6.0,4894900.0,1.0,30.5,2027
4.0,3.8,19.0,4873900.0,1.0,20.74,2026
2.0,2.5,2.0,4880000.0,1.0,21.5,2028
2.0,3.7,8.0,4855000.0,1.0,38.2,2014
2.0,3.3,2.0,4850000.0,1.0,26.42,2026
2.0,3.7,15.0,4850000.0,1.0,31.2,2024
2.0,3.3,7.0,4850000.0,1.0,34.0,2012
4.0,4.0,15.0,4850000.0,1.0,26.69,2023
2.0,3.3,13.0,4900000.0,1.0,26.0,2025
2.0,2.9,16.0,4900000.0,1.0,27.0,2017
2.0,3.7,2.0,4930000.0,1.0,36.0,2013
2.0,2.5,3.0,4900000.0,1.0,28.99,2026
2.0,2.9,4.0,4900000.0,1.0,25.1,2026
2.0,3.4,4.0,4900000.0,1.0,25.6,2026
2.0,2.9,10.0,4900000.0,1.0,25.9,2011
2.0,2.5,5.0,4900000.0,1.0,22.4,2026
2.0,3.4,2.0,4900000.0,1.0,31.6,2016
2.0,3.9,5.0,4900000.0,1.0,18.0,2024
2.0,4.0,5.0,4900000.0,1.0,31.4,2024
2.0,3.3,14.0,4900000.0,1.0,26.18,2026
2.0,3.4,2.0,4900000.0,1.0,26.9,2027
4.0,3.4,2.0,4900000.0,1.0,26.6,2027
5.0,3.9,1.0,4900000.0,1.0,16.0,2022
2.0,2.5,23.0,4910000.0,1.0,23.2,2026
5.0,3.7,6.0,4900000.0,1.0,44.0,2021
2.0,3.7,17.0,4900000.0,1.0,30.9,2024
2.0,4.0,2.0,4990000.0,1.0,33.28,2023
2.0,4.0,9.0,4980000.0,1.0,30.4,2025
2.0,3.3,3.0,4950000.0,1.0,27.0,2015
2.0,3.7,1.0,4950000.0,1.0,25.9,2019
2.0,2.5,9.0,4950000.0,1.0,23.1,2018
2.0,3.9,22.0,4950000.0,1.0,25.0,2016
2.0,3.3,2.0,4990000.0,1.0,30.0,2024
2.0,2.5,16.0,4990000.0,1.0,21.15,2026
2.0,4.0,17.0,4950000.0,1.0,26.49,2025
2.0,2.9,2.0,4950000.0,1.0,32.9,2022
2.0,3.7,18.0,4950000.0,1.0,27.27,2026
2.0,3.7,3.0,4950000.0,1.0,29.98,2026
4.0,2.5,17.0,4998000.0,1.0,24.56,2026
2.0,3.3,11.0,4950000.0,1.0,26.58,2026
4.0,3.4,2.0,4990000.0,1.0,30.2,2027
2.0,3.7,3.0,4950000.0,1.0,29.98,2026
2.0,3.4,14.0,4990000.0,1.0,30.0,2027
2.0,3.4,6.0,4990000.0,1.0,30.8,2027
4.0,3.3,16.0,4950000.0,1.0,29.2,2026
2.0,2.9,5.0,4990000.0,1.0,23.87,2026
2.0,3.3,16.0,4950000.0,1.0,29.2,2026
5.0,4.4,3.0,4990000.0,1.0,27.0,2017
5.0,4.0,8.0,4990000.0,1.0,28.0,2022
2.0,2.5,1.0,4999000.0,1.0,21.0,2020
2.0,3.4,12.0,5000000.0,1.0,21.15,2022
2.0,3.4,4.0,5000000.0,1.0,27.0,2020
2.0,4.0,4.0,5000000.0,1.0,23.0,2026
2.0,3.9,10.0,5000000.0,1.0,26.0,2016
2.0,3.8,2.0,5000000.0,1.0,43.3,1966
2.0,2.5,4.0,5000000.0,1.0,46.6,2024
2.0,3.7,3.0,5000000.0,1.0,34.83,2017
4.0,3.7,20.0,5000000.0,1.0,27.51,2026
2.0,3.7,10.0,5000000.0,1.0,28.6,2024
2.0,2.9,15.0,5049000.0,1.0,24.0,2020
2.0,3.7,20.0,5000000.0,1.0,27.51,2026
2.0,3.3,2.0,5005850.0,1.0,32.0,2027
2.0,4.0,11.0,5000000.0,1.0,29.0,2022
5.0,2.5,24.0,5000000.0,1.0,20.2,2020
5.0,4.0,11.0,5000000.0,1.0,30.0,2025
2.0,3.3,16.0,5085000.0,1.0,29.0,2023
2.0,2.5,7.0,5050000.0,1.0,36.5,2007
2.0,3.3,17.0,5050000.0,1.0,29.2,2026
2.0,3.7,2.0,5100000.0,1.0,34.2,2014
2.0,3.4,4.0,5100000.0,1.0,24.0,2022
2.0,2.9,3.0,5100000.0,1.0,26.5,2017
2.0,2.9,2.0,5100000.0,1.0,32.1,2006
2.0,2.5,4.0,5100000.0,1.0,28.2,2023
2.0,3.7,8.0,5130000.0,1.0,27.1,2025
2.0,4.0,4.0,5100000.0,1.0,27.0,2022
2.0,3.7,10.0,5100000.0,1.0,40.3,2024
4.0,4.4,2.0,5106700.0,1.0,28.38,2026
2.0,3.7,5.0,5100000.0,1.0,40.6,2024
2.0,2.5,5.0,5100000.0,1.0,21.1,2028
4.0,3.3,23.0,5100000.0,1.0,28.1,2024
2.0,2.5,5.0,5100000.0,1.0,35.0,2020
5.0,2.5,11.0,5100000.0,1.0,19.4,2026
2.0,3.4,8.0,5150000.0,1.0,21.1,2018
2.0,2.5,6.0,5150000.0,1.0,24.4,2023
2.0,3.4,3.0,5170000.0,1.0,34.84,2025
2.0,3.4,8.0,5150000.0,1.0,24.0,2018
2.0,4.0,9.0,5180000.0,1.0,24.31,2026
2.0,2.5,25.0,5190000.0,1.0,25.84,2026
4.0,2.5,2.0,5167500.0,1.0,26.5,2026
2.0,2.5,13.0,5190000.0,1.0,20.4,2019
5.0,2.5,15.0,5150000.0,1.0,24.0,2023
2.0,3.3,13.0,5199000.0,1.0,26.4,2017
2.0,2.9,3.0,5200000.0,1.0,26.9,2017
2.0,2.9,4.0,5202000.0,1.0,29.2,2005
2.0,3.3,3.0,5200000.0,1.0,23.3,2021
2.0,2.5,3.0,5200000.0,1.0,24.0,2025
2.0,2.5,7.0,5200000.0,1.0,27.0,2022
2.0,2.5,7.0,5200000.0,1.0,27.5,2025
2.0,3.9,17.0,5222000.0,1.0,24.3,2019
2.0,2.5,14.0,5200000.0,1.0,28.8,2023
2.0,2.9,15.0,5200000.0,1.0,24.9,2022
2.0,4.0,13.0,5200000.0,1.0,27.79,2025
2.0,2.5,5.0,5200000.0,1.0,28.9,2024
2.0,2.5,20.0,5249000.0,1.0,24.4,2025
2.0,2.9,2.0,5240000.0,1.0,41.3,2009
2.0,2.9,6.0,5200000.0,1.0,26.0,2015
2.0,3.3,12.0,5200000.0,1.0,28.1,2023
2.0,4.0,13.0,5200000.0,1.0,28.0,2025
2.0,4.0,11.0,5200000.0,1.0,23.5,2012
2.0,2.5,4.0,5200000.0,1.0,27.0,2025
5.0,2.9,10.0,5200000.0,1.0,40.0,2015
2.0,3.4,2.0,5200000.0,1.0,29.2,2027
5.0,4.2,18.0,5200000.0,1.0,30.8,2016
2.0,4.0,6.0,5299000.0,1.0,34.1,2015
2.0,3.4,9.0,5250000.0,1.0,27.2,2025
2.0,3.3,7.0,5290000.0,1.0,37.69,2021
4.0,2.9,1.0,5280000.0,1.0,38.1,2027
2.0,2.9,3.0,5290000.0,1.0,26.7,2027
4.0,3.7,3.0,5250000.0,1.0,29.98,2026
2.0,4.0,23.0,5250000.0,1.0,27.7,2025
5.0,4.0,13.0,5250000.0,1.0,27.1,2023
2.0,4.0,7.0,5300000.0,1.0,30.0,2024
2.0,2.9,2.0,5300000.0,1.0,27.0,2017
2.0,2.5,13.0,5300000.0,1.0,27.0,2010
2.0,3.9,25.0,5300000.0,1.0,23.8,2016
2.0,4.0,7.0,5300000.0,1.0,28.1,2021
2.0,2.5,6.0,5300000.0,1.0,29.0,2026
4.0,2.5,1.0,5310000.0,1.0,21.56,2028
4.0,2.9,3.0,5300000.0,1.0,29.3,2027
4.0,3.3,15.0,5340000.0,1.0,27.5,2027
4.0,2.9,1.0,5310000.0,1.0,38.1,2027
2.0,2.5,3.0,5330000.0,1.0,25.0,2028
2.0,4.4,2.0,5300000.0,1.0,36.0,2013
2.0,2.5,1.0,5310000.0,1.0,21.6,2028
5.0,3.7,11.0,5333000.0,1.0,33.0,2021
4.0,2.5,17.0,5334000.0,1.0,26.22,2026
2.0,2.5,9.0,5350000.0,1.0,31.0,2016
2.0,4.0,23.0,5350000.0,1.0,27.1,2023
2.0,2.5,2.0,5390000.0,1.0,24.6,2022
2.0,2.5,15.0,5390000.0,1.0,23.6,2017
2.0,4.0,7.0,5380000.0,1.0,29.5,2023
4.0,2.5,25.0,5350000.0,1.0,32.41,2026
2.0,3.4,8.0,5350000.0,1.0,23.19,2026
4.0,3.4,8.0,5350000.0,1.0,23.19,2026
4.0,3.9,2.0,5396065.0,1.0,17.6,2024
2.0,2.5,4.0,5360000.0,1.0,20.7,2028
2.0,3.7,16.0,5400000.0,1.0,24.6,2019
2.0,2.5,6.0,5400000.0,1.0,31.0,2023
2.0,3.7,3.0,5400000.0,1.0,24.0,2017
2.0,4.0,12.0,5430000.0,1.0,24.8,2023
2.0,2.5,12.0,5445000.0,1.0,25.7,2026
2.0,3.7,9.0,5400000.0,1.0,30.0,2023
2.0,2.5,5.0,5400000.0,1.0,23.7,2026
2.0,4.0,25.0,5400000.0,1.0,27.7,2025
2.0,2.9,7.0,5440000.0,1.0,26.01,2026
2.0,2.9,5.0,5402000.0,1.0,27.4,2027
2.0,3.4,23.0,5400000.0,1.0,23.38,2026
2.0,4.0,12.0,5450000.0,1.0,25.0,2023
2.0,3.7,3.0,5450000.0,1.0,43.3,2019
2.0,2.5,14.0,5490000.0,1.0,26.1,2015
4.0,2.9,13.0,5450000.0,1.0,28.21,2027
5.0,2.9,15.0,5480000.0,1.0,24.3,2021
4.0,2.5,12.0,5490000.0,1.0,26.23,2026
2.0,2.9,23.0,5500000.0,1.0,26.2,2016
2.0,2.5,15.0,5500000.0,1.0,24.0,2025
2.0,4.0,12.0,5590000.0,1.0,37.3,2023
2.0,3.4,12.0,5500000.0,1.0,20.0,2022
2.0,2.5,13.0,5500000.0,1.0,23.3,2026
2.0,2.9,8.0,5500000.0,1.0,34.4,2025
2.0,4.0,10.0,5555555.0,1.0,27.0,2022
2.0,2.5,2.0,5500000.0,1.0,28.0,2021
2.0,3.3,8.0,5500000.0,1.0,23.3,2025
2.0,2.5,5.0,5500000.0,1.0,23.3,2026
4.0,3.7,16.0,5520000.0,1.0,27.51,2028
2.0,2.9,16.0,5589000.0,1.0,27.4,2027
2.0,2.9,4.0,5500000.0,1.0,24.95,2026
2.0,4.0,12.0,5510000.0,1.0,28.67,2027
2.0,2.9,11.0,5500000.0,1.0,24.03,2026
2.0,2.5,11.0,5500000.0,1.0,40.2,2013
2.0,3.3,7.0,5550000.0,1.0,32.0,2023
5.0,3.7,7.0,5500000.0,1.0,26.7,2023
5.0,4.4,12.0,5500000.0,1.0,37.0,2019
2.0,3.7,6.0,5610000.0,1.0,48.9,2024
2.0,2.5,15.0,5600000.0,1.0,22.52,2010
2.0,3.7,21.0,5600000.0,1.0,28.2,2020
2.0,2.5,15.0,5600000.0,1.0,23.6,2017
2.0,2.9,5.0,5600000.0,1.0,35.2,2015
2.0,2.5,5.0,5600000.0,1.0,28.91,2024
2.0,2.5,1.0,5600000.0,1.0,29.0,2020
2.0,3.3,11.0,5600000.0,1.0,26.1,2025
5.0,2.9,16.0,5600000.0,1.0,45.7,2019
2.0,4.0,4.0,5650000.0,1.0,39.9,2025
2.0,2.5,10.0,5650000.0,1.0,29.9,2016
2.0,2.5,7.0,5650000.0,1.0,21.0,2018
2.0,4.0,24.0,5650000.0,1.0,29.7,2025
4.0,2.5,13.0,5650000.0,1.0,25.9,2026
2.0,2.9,12.0,5690000.0,1.0,22.79,2026
2.0,3.4,21.0,5650000.0,1.0,25.56,2026
4.0,3.4,21.0,5650000.0,1.0,25.56,2026
2.0,3.4,19.0,5650000.0,1.0,25.56,2026
2.0,2.5,22.0,5700000.0,1.0,33.0,2025
2.0,4.0,7.0,5700000.0,1.0,21.3,2025
2.0,4.0,17.0,5700000.0,1.0,35.0,2018
2.0,2.5,4.0,5700000.0,1.0,27.0,2020
2.0,2.9,15.0,5700000.0,1.0,35.2,2015
2.0,4.0,19.0,5700000.0,1.0,30.5,2025
5.0,2.5,12.0,5700000.0,1.0,25.4,2023
5.0,3.3,6.0,5700000.0,1.0,27.04,2016
5.0,4.0,7.0,5700000.0,1.0,21.3,2025
2.0,2.9,6.0,5790000.0,1.0,27.7,2026
4.0,2.9,7.0,5790000.0,1.0,29.8,2027
5.0,3.4,5.0,5750000.0,1.0,31.0,2025
2.0,2.9,3.0,5800000.0,1.0,32.0,2012
2.0,2.9,22.0,5800000.0,1.0,28.0,2024
2.0,2.5,7.0,5800000.0,1.0,30.0,2019
2.0,4.0,10.0,5800000.0,1.0,26.7,2012
2.0,2.9,22.0,5800000.0,1.0,28.0,2024
2.0,2.5,5.0,5800000.0,1.0,24.0,2010
2.0,4.0,25.0,5800000.0,1.0,33.0,2013
2.0,2.5,2.0,5830000.0,1.0,24.42,2025
2.0,4.0,22.0,5800000.0,1.0,35.0,2022
2.0,3.4,8.0,5800000.0,1.0,26.0,2019
2.0,2.5,8.0,5800000.0,1.0,27.0,2020
2.0,3.9,7.0,5800000.0,1.0,32.0,2016
2.0,2.5,6.0,5830000.0,1.0,24.2,2026
4.0,2.5,10.0,5800000.0,1.0,28.99,2026
2.0,4.0,24.0,5800000.0,1.0,30.4,2025
5.0,2.5,2.0,5805000.0,1.0,24.0,2021
2.0,2.9,6.0,5850000.0,1.0,29.1,2023
2.0,4.0,17.0,5850000.0,1.0,35.5,2022
2.0,2.5,14.0,5850000.0,1.0,30.6,2017
2.0,3.8,21.0,5885000.0,1.0,29.0,2021
2.0,3.7,24.0,5990000.0,1.0,28.95,2021
2.0,3.8,7.0,5900000.0,1.0,22.7,2021
2.0,3.4,15.0,5990000.0,1.0,30.0,2023
2.0,4.0,12.0,5990000.0,1.0,27.3,2023
4.0,2.9,1.0,5989300.0,1.0,29.5,2026
4.0,2.9,4.0,5993350.0,1.0,27.7,2026
4.0,4.2,8.0,5990000.0,1.0,25.57,2028
5.0,4.0,26.0,5940000.0,1.0,30.3,2024
2.0,3.4,15.0,5901500.0,1.0,31.9,2027
2.0,4.0,1.0,5900000.0,1.0,28.2,2028
2.0,3.9,15.0,5950000.0,1.0,32.0,2022
2.0,4.0,15.0,5970000.0,1.0,31.12,2027
2.0,2.5,2.0,5900000.0,1.0,24.4,2028
5.0,4.0,7.0,5999000.0,1.0,25.4,2021
5.0,2.5,14.0,5990000.0,1.0,30.0,2023
5.0,2.5,12.0,5998000.0,1.0,28.5,2020
2.0,3.4,7.0,5901500.0,1.0,31.9,2027
2.0,3.3,12.0,6000000.0,1.0,26.0,2025
2.0,3.9,14.0,6000000.0,1.0,28.8,2016
2.0,3.4,9.0,6000000.0,1.0,27.3,2025
2.0,3.8,3.0,6000000.0,1.0,31.2,1963
2.0,2.5,21.0,6000000.0,1.0,27.5,2024
2.0,4.2,3.0,6000000.0,1.0,24.6,2019
2.0,4.0,15.0,6000000.0,1.0,22.49,2026
5.0,2.5,19.0,6000050.0,1.0,24.64,2018
5.0,2.9,7.0,6000000.0,1.0,25.5,2020
5.0,2.5,3.0,6000000.0,1.0,21.0,2021
2.0,4.2,7.0,6070000.0,1.0,28.2,2018
4.0,3.3,9.0,6050000.0,1.0,33.4,2027
4.0,3.3,8.0,6050000.0,1.0,33.5,2027
2.0,4.0,16.0,6050000.0,1.0,23.01,2026
5.0,4.0,4.0,6050000.0,1.0,35.0,2022
2.0,2.5,12.0,6050000.0,1.0,28.0,2020
2.0,3.4,11.0,6070500.0,1.0,35.5,2027
2.0,3.4,15.0,6072300.0,1.0,35.1,2027
2.0,3.4,2.0,6100000.0,1.0,31.9,2014
2.0,3.7,5.0,6100000.0,1.0,34.0,2021
4.0,2.9,8.0,6109000.0,1.0,29.26,2027
2.0,2.9,8.0,6109000.0,1.0,29.26,2027
5.0,4.0,1.0,15250000.0,3.0,75.0,2019
2.0,3.4,13.0,6640000.0,1.0,37.0,2007
2.0,3.8,4.0,6150000.0,1.0,29.2,2025
2.0,3.7,3.0,6190000.0,1.0,32.0,2016
4.0,4.0,1.0,6150000.0,1.0,29.9,2028
2.0,4.0,1.0,6150000.0,1.0,29.9,2028
2.0,2.5,18.0,6200000.0,1.0,36.4,2027
2.0,2.5,4.0,6230000.0,1.0,30.3,2022
2.0,3.4,5.0,6200000.0,1.0,27.0,2025
2.0,4.0,9.0,6200000.0,1.0,29.0,1977
2.0,3.4,12.0,6290000.0,1.0,28.6,2025
2.0,2.5,5.0,6250000.0,1.0,30.0,2023
2.0,2.5,10.0,6200000.0,1.0,25.0,2025
2.0,2.5,13.0,6250000.0,1.0,31.5,2023
2.0,3.8,6.0,6200000.0,1.0,28.0,2016
4.0,4.2,3.0,6290000.0,1.0,27.25,2028
4.0,2.9,5.0,6290000.0,1.0,33.5,2027
4.0,2.9,11.0,6253950.0,1.0,27.7,2026
4.0,2.9,13.0,6296350.0,1.0,29.1,2026
4.0,2.5,13.0,6232500.0,1.0,27.7,2025
4.0,3.4,2.0,6200000.0,1.0,46.5,2027
2.0,3.4,2.0,6200000.0,1.0,45.7,2027
2.0,2.9,3.0,6230000.0,1.0,30.32,2027
2.0,2.9,4.0,6249000.0,1.0,30.32,2027
2.0,3.7,8.0,6200000.0,1.0,32.0,2017
5.0,3.4,5.0,6200000.0,1.0,27.0,2025
5.0,2.5,10.0,6250000.0,1.0,27.9,2026
2.0,3.3,5.0,6300000.0,1.0,30.0,1993
2.0,3.8,3.0,6300000.0,1.0,27.9,2014
2.0,3.9,4.0,6320000.0,1.0,27.0,2023
2.0,2.9,3.0,6300000.0,1.0,39.0,2018
2.0,4.0,13.0,6300000.0,1.0,23.01,2026
2.0,4.0,19.0,6300000.0,1.0,22.49,2026
5.0,3.7,11.0,6300000.0,1.0,23.5,2025
4.0,3.9,13.0,6303000.0,1.0,23.4,2028
4.0,2.5,6.0,6340000.0,1.0,30.58,2026
2.0,3.8,21.0,6350000.0,1.0,28.3,2015
2.0,3.8,18.0,6350000.0,1.0,28.4,2019
2.0,3.9,3.0,6350000.0,1.0,27.2,2023
2.0,4.2,6.0,6370000.0,1.0,28.0,2018
5.0,2.5,4.0,6350000.0,1.0,31.0,2022
4.0,3.4,17.0,6350000.0,1.0,30.99,2026
2.0,3.4,17.0,6350000.0,1.0,30.99,2026
4.0,4.2,2.0,6350000.0,1.0,23.82,2026
2.0,4.0,25.0,6499999.0,1.0,39.1,2021
2.0,4.2,8.0,6400000.0,1.0,40.0,1994
2.0,2.5,9.0,6400000.0,1.0,27.41,2026
2.0,3.4,11.0,6400000.0,1.0,46.5,2027
2.0,3.7,15.0,6400000.0,1.0,31.4,2016
5.0,4.0,18.0,6400000.0,1.0,32.2,2020
2.0,3.4,18.0,6400000.0,1.0,30.99,2026
2.0,4.2,6.0,6500000.0,1.0,28.0,2019
2.0,4.0,5.0,6500000.0,1.0,29.0,2023
2.0,3.3,21.0,6500000.0,1.0,24.4,2025
2.0,2.5,1.0,6500000.0,1.0,27.0,1919
2.0,3.7,13.0,6500000.0,1.0,30.0,2017
2.0,3.8,8.0,6500000.0,1.0,24.0,2021
2.0,3.4,16.0,6500000.0,1.0,27.0,2025
2.0,4.2,4.0,6500000.0,1.0,29.0,2019
2.0,2.5,13.0,6500000.0,1.0,36.4,2024
2.0,2.5,6.0,6500000.0,1.0,32.0,2021
2.0,2.5,9.0,6500000.0,1.0,29.03,2026
5.0,2.5,11.0,6500000.0,1.0,25.24,2020
5.0,2.5,12.0,8500000.0,1.0,50.0,2001
2.0,4.0,10.0,6850000.0,1.0,35.1,2023
5.0,2.5,10.0,7200000.0,1.0,37.2,2014
2.0,2.5,2.0,6200000.0,1.0,33.9,2000
5.0,2.5,21.0,6400000.0,1.0,41.0,2022
2.0,2.5,3.0,12500000.0,3.0,75.7,2018
5.0,2.9,1.0,4700000.0,1.0,27.4,2021
2.0,3.4,15.0,8000000.0,1.0,43.1,2019
2.0,2.5,5.0,7800000.0,1.0,45.7,2016
2.0,2.5,10.0,5100000.0,1.0,24.0,2024
4.0,4.0,7.0,5800000.0,1.0,34.8,2028
2.0,3.7,12.0,6700000.0,1.0,25.2,2024
2.0,2.9,2.0,3100000.0,1.0,32.0,1965
4.0,2.5,19.0,6125000.0,1.0,24.5,2028
2.0,4.0,17.0,7500000.0,1.0,36.9,2021
2.0,3.7,4.0,3300000.0,1.0,24.6,1979
4.0,3.3,2.0,6510000.0,1.0,37.2,2027
2.0,3.3,7.0,10000000.0,1.0,47.5,2023
5.0,2.9,2.0,4400000.0,1.0,31.5,1961
4.0,4.0,5.0,5690000.0,1.0,34.2,2028
2.0,2.5,8.0,4200000.0,1.0,30.0,2020
2.0,3.7,5.0,3100000.0,1.0,33.0,1983
4.0,3.4,11.0,9360000.0,1.0,43.23,2028
2.0,3.8,5.0,4900000.0,1.0,29.0,1972
2.0,2.5,9.0,2550000.0,1.0,39.35,2027
4.0,2.5,20.0,8685000.0,1.0,38.6,2028
2.0,3.9,7.0,5600000.0,1.0,34.5,1977
4.0,3.8,7.0,25000000.0,1.0,45.0,2022
4.0,4.0,6.0,5820000.0,1.0,36.4,2028
2.0,2.5,5.0,4800000.0,1.0,48.5,2024
4.0,2.9,8.0,4680000.0,1.0,44.5,2024
4.0,4.0,6.0,8893203.0,1.0,49.1,2026
2.0,4.0,12.0,5585000.0,1.0,37.7,2023
4.0,2.9,1.0,4300000.0,1.0,37.4,2022
4.0,3.4,7.0,9500000.0,1.0,46.29,2028
2.0,3.7,12.0,4999000.0,1.0,37.7,2019
2.0,3.4,4.0,3100000.0,1.0,28.4,2019
2.0,2.9,5.0,7290000.0,1.0,40.37,2026
2.0,2.5,16.0,4990000.0,1.0,21.01,2026
2.0,2.5,1.0,4300000.0,1.0,42.2,2012
4.0,2.5,2.0,10647059.0,1.0,45.98,2027
2.0,2.9,8.0,5100000.0,1.0,48.8,2022
2.0,2.5,7.0,4600000.0,1.0,54.1,2009
2.0,3.3,1.0,5050000.0,1.0,34.4,2014
2.0,4.2,6.0,4650000.0,1.0,37.0,1990
4.0,4.0,4.0,8300936.0,1.0,45.5,2026
2.0,4.0,15.0,9000000.0,1.0,46.0,2022
2.0,2.5,3.0,4700000.0,1.0,53.6,2020
4.0,2.9,1.0,9596000.0,1.0,46.85,2026
2.0,2.5,1.0,6990000.0,1.0,48.7,2024
2.0,2.5,5.0,4700000.0,1.0,37.3,2020
4.0,3.4,3.0,9180000.0,1.0,37.71,2028
2.0,2.9,8.0,5940000.0,1.0,38.83,2020
2.0,3.8,2.0,4969000.0,1.0,32.2,1966
4.0,3.3,3.0,7350000.0,1.0,42.0,2027
2.0,4.0,10.0,6850000.0,1.0,35.1,2023
2.0,3.4,1.0,5500000.0,1.0,29.0,1979
4.0,4.0,6.0,7400000.0,1.0,39.8,2028
2.0,4.0,12.0,7595000.0,1.0,48.4,2023
2.0,3.3,8.0,5780000.0,1.0,44.2,2017
4.0,2.9,10.0,8803000.0,1.0,36.26,2026
3.0,2.5,21.0,12350000.0,1.0,43.7,2020
2.0,2.5,7.0,8300000.0,1.0,46.0,2020
4.0,3.3,16.0,7202910.0,1.0,42.9,2027
2.0,2.5,6.0,3200000.0,1.0,48.9,2023
2.0,2.9,3.0,6990000.0,1.0,38.49,2026
2.0,3.7,7.0,2900000.0,1.0,32.3,1989
4.0,3.3,17.0,6865980.0,1.0,40.4,2027
2.0,3.3,9.0,4100000.0,1.0,38.4,2017
2.0,4.2,7.0,1400000.0,1.0,10.4,1972
4.0,4.0,21.0,9650000.0,1.0,42.8,2028
2.0,3.4,1.0,2800000.0,1.0,32.0,2019
4.0,4.0,8.0,6750000.0,1.0,23.69,2026
2.0,2.5,9.0,3960000.0,1.0,28.0,2024
2.0,3.7,5.0,3220000.0,1.0,30.1,2017
4.0,3.3,8.0,6933960.0,1.0,40.8,2027
2.0,4.2,9.0,7290000.0,1.0,30.53,2028
4.0,4.0,26.0,8900000.0,1.0,23.46,2026
2.0,3.4,3.0,3165999.0,1.0,36.8,1993
4.0,4.0,12.0,8775000.0,1.0,39.9,2028
2.0,2.9,2.0,4250000.0,1.0,37.5,2005
4.0,4.0,2.0,5900000.0,1.0,37.1,2023
4.0,4.0,16.0,10300000.0,1.0,48.6,2026
2.0,3.3,2.0,3100000.0,1.0,28.4,1962
4.0,2.5,8.0,11200000.0,1.0,47.66,2027
2.0,3.7,5.0,2670000.0,1.0,27.0,2015
2.0,3.7,6.0,3480000.0,1.0,32.9,2017
2.0,3.4,1.0,3200000.0,1.0,32.7,1959
4.0,3.7,6.0,6550000.0,1.0,46.48,2026
2.0,3.7,1.0,3470000.0,1.0,48.1,2017
2.0,2.9,5.0,3200000.0,1.0,31.9,1965
4.0,2.5,8.0,11505882.0,1.0,37.64,2027
2.0,4.2,1.0,3500000.0,1.0,43.4,2024
2.0,3.4,5.0,3430000.0,1.0,30.4,1961
4.0,3.7,4.0,6470000.0,1.0,40.3,2028
2.0,2.9,1.0,3500000.0,1.0,39.4,1993
2.0,3.4,5.0,3499000.0,1.0,32.4,2019
4.0,3.3,7.0,4947321.0,1.0,37.0,2028
2.0,4.0,1.0,3590000.0,1.0,31.2,1958
2.0,3.7,5.0,3500000.0,1.0,36.1,2017
4.0,4.0,1.0,12000000.0,1.0,73.09,2026
2.0,2.5,11.0,3580000.0,1.0,40.0,2013
2.0,3.7,8.0,3500000.0,1.0,33.0,1978
4.0,4.0,9.0,7700000.0,1.0,29.21,2026
2.0,2.9,7.0,3600000.0,1.0,34.0,1966
2.0,3.7,1.0,3500000.0,1.0,33.0,1975
4.0,3.4,10.0,5709000.0,1.0,25.95,2025
2.0,3.7,2.0,3650000.0,1.0,37.8,2017
2.0,3.4,5.0,3500000.0,1.0,35.5,1993
4.0,3.8,3.0,11770000.0,1.0,62.6,2026
2.0,3.7,9.0,3700000.0,1.0,31.7,1986
2.0,3.7,3.0,3500000.0,1.0,34.6,1982
4.0,3.9,6.0,11300000.0,1.0,48.9,2024
2.0,3.3,1.0,2400000.0,1.0,28.1,1960
2.0,2.9,1.0,2850000.0,1.0,31.0,1958
4.0,3.8,27.0,14240000.0,1.0,80.83,2026
2.0,4.2,4.0,2700000.0,1.0,28.6,1985
2.0,3.4,4.0,3100000.0,1.0,32.0,2019
4.0,2.5,3.0,6215000.0,1.0,40.0,2027
2.0,3.7,2.0,2900000.0,1.0,31.2,2013
2.0,4.0,2.0,7000000.0,1.0,58.2,2022
4.0,3.7,6.0,5900000.0,1.0,39.51,2026
2.0,3.7,6.0,3000000.0,1.0,25.9,2015
2.0,3.7,3.0,2600000.0,1.0,30.3,2013
4.0,3.8,30.0,17900000.0,1.0,82.87,2027
2.0,4.0,1.0,3085000.0,1.0,22.1,1969
2.0,3.7,3.0,2970000.0,1.0,31.0,1990
4.0,4.0,23.0,8976471.0,1.0,30.88,2026
2.0,2.9,1.0,3150000.0,1.0,29.4,1977
2.0,3.7,4.0,2350000.0,1.0,24.1,1975
4.0,3.3,3.0,4481763.0,1.0,32.6,2028
2.0,4.0,7.0,3330000.0,1.0,28.5,2014
2.0,2.9,1.0,3100000.0,1.0,28.3,1968
4.0,3.3,4.0,5400000.0,1.0,34.04,2025
2.0,3.7,3.0,3350000.0,1.0,29.0,2017
2.0,3.7,4.0,3100000.0,1.0,32.3,1976
4.0,3.3,4.0,4513755.0,1.0,33.6,2028
2.0,3.7,4.0,2790000.0,1.0,30.0,1973
4.0,3.7,2.0,5250000.0,1.0,30.5,2028
2.0,2.9,4.0,2990000.0,1.0,28.8,1976
4.0,3.7,4.0,5500000.0,1.0,30.4,2028
2.0,3.4,2.0,3700000.0,1.0,33.0,2019
4.0,3.4,11.0,7050000.0,1.0,35.25,2025
2.0,4.0,4.0,3650000.0,1.0,30.7,2022
4.0,3.7,2.0,6700000.0,1.0,42.8,2028
2.0,3.4,4.0,3270000.0,1.0,29.2,1975
4.0,3.3,3.0,4896450.0,1.0,37.5,2028
2.0,2.9,9.0,3990000.0,1.0,42.0,1994
2.0,2.9,2.0,2850000.0,1.0,28.1,1969
4.0,3.8,14.0,10285960.0,1.0,37.54,2026
2.0,3.4,13.0,7500000.0,1.0,40.0,2024
4.0,3.3,13.0,4736304.0,1.0,36.1,2028
2.0,3.7,5.0,3000000.0,1.0,33.1,1971
4.0,3.7,18.0,7270000.0,1.0,46.26,2026
2.0,3.7,3.0,2450000.0,1.0,28.4,2013
4.0,2.9,2.0,7984450.0,1.0,41.8,2026
2.0,3.3,2.0,1970000.0,1.0,20.3,2005
2.0,4.2,2.0,6500000.0,1.0,32.0,1994
4.0,3.7,6.0,7110000.0,1.0,46.59,2026
2.0,3.4,3.0,4000000.0,1.0,32.0,2019
2.0,2.5,20.0,6132280.0,1.0,39.82,2025
4.0,3.4,15.0,7844850.0,1.0,40.23,2025
2.0,3.7,1.0,4620000.0,1.0,44.0,2017
4.0,3.7,23.0,6910000.0,1.0,39.31,2026
2.0,4.4,4.0,3800000.0,1.0,39.5,2014
2.0,3.7,3.0,3100000.0,1.0,29.0,2017
2.0,2.5,19.0,6340180.0,1.0,41.17,2026
2.0,4.0,8.0,7350000.0,1.0,43.8,2024
2.0,3.7,4.0,3199000.0,1.0,32.6,1973
4.0,3.9,6.0,8575000.0,1.0,40.86,2028
2.0,2.9,5.0,2999000.0,1.0,28.7,1966
4.0,4.0,13.0,10500000.0,1.0,40.9,2024
2.0,2.5,6.0,3999000.0,1.0,32.4,2018
2.0,2.9,4.0,3000000.0,1.0,28.8,1982
4.0,2.9,15.0,3700000.0,1.0,27.2,2024
2.0,3.7,19.0,4350000.0,1.0,34.9,2021
2.0,3.7,1.0,2600000.0,1.0,29.0,1976
4.0,3.8,19.0,7275520.0,1.0,31.36,2026
2.0,3.7,13.0,4800000.0,1.0,41.9,2023
2.0,3.7,3.0,2700000.0,1.0,30.0,1976
4.0,3.9,5.0,10050000.0,1.0,45.42,2028
2.0,3.7,10.0,3790000.0,1.0,34.7,2017
2.0,2.9,1.0,2550000.0,1.0,20.9,1978
4.0,3.7,2.0,5020000.0,1.0,28.4,2028
2.0,3.7,10.0,4190000.0,1.0,39.0,2019
2.0,4.4,3.0,2200000.0,1.0,29.0,1964
4.0,3.9,18.0,8950000.0,1.0,38.45,2028
2.0,2.5,3.0,4200000.0,1.0,40.0,1989
2.0,2.9,2.0,2700000.0,1.0,20.1,1972
4.0,3.4,2.0,5200000.0,1.0,35.1,2027
2.0,2.9,1.0,4280000.0,1.0,41.0,2023
2.0,3.7,1.0,2800000.0,1.0,29.1,1979
4.0,3.7,4.0,6000000.0,1.0,35.3,2028
2.0,3.7,13.0,4299000.0,1.0,37.0,2014
2.0,2.5,5.0,7800000.0,1.0,45.7,2016
4.0,3.9,23.0,10590000.0,1.0,42.15,2025
2.0,4.0,4.0,2450000.0,1.0,29.5,1963
4.0,3.8,18.0,8581300.0,1.0,37.31,2026
2.0,2.5,7.0,4490000.0,1.0,40.1,2020
2.0,2.5,5.0,7499000.0,1.0,43.2,2020
4.0,2.9,2.0,4180000.0,1.0,39.2,2024
2.0,4.2,1.0,4450000.0,1.0,42.0,2005
2.0,4.4,3.0,2999000.0,1.0,27.6,2015
4.0,3.7,2.0,6880000.0,1.0,46.0,2028
2.0,4.0,4.0,4450000.0,1.0,31.7,1988
5.0,2.5,7.0,2800000.0,1.0,48.0,2027
4.0,4.0,14.0,6100000.0,1.0,44.5,2010
2.0,2.5,4.0,3230000.0,1.0,32.5,2011
4.0,2.9,14.0,4900000.0,1.0,33.7,2025
2.0,3.3,2.0,4750000.0,1.0,34.2,2017
2.0,4.0,7.0,4000000.0,1.0,30.0,1987
4.0,3.7,2.0,4600000.0,1.0,30.82,2026
2.0,3.7,4.0,4000000.0,1.0,40.1,2022
4.0,3.7,4.0,7100000.0,1.0,44.3,2028
2.0,3.3,1.0,2000000.0,1.0,20.4,2013
4.0,3.4,17.0,7414000.0,1.0,37.07,2025
2.0,3.3,5.0,4750000.0,1.0,37.3,2020
4.0,3.7,3.0,4700000.0,1.0,29.65,2026
2.0,3.7,4.0,4800000.0,1.0,43.5,2001
2.0,2.9,4.0,3800000.0,1.0,36.8,2016
4.0,2.5,5.0,6865000.0,1.0,42.3,2027
4.0,3.7,20.0,5900000.0,1.0,35.3,2025
2.0,3.7,10.0,2499000.0,1.0,19.3,2015
4.0,3.4,13.0,8760508.0,1.0,48.54,2027
2.0,2.5,1.0,2950000.0,1.0,32.5,2020
4.0,3.7,4.0,5400000.0,1.0,37.1,2028
2.0,2.5,10.0,8400000.0,1.0,37.2,2024
4.0,3.3,5.0,4973000.0,1.0,34.78,2026
4.0,2.5,7.0,5925000.0,1.0,32.9,2027
2.0,3.2,10.0,4810000.0,1.0,47.4,2024
2.0,4.4,2.0,2400000.0,1.0,30.5,1967
5.0,2.5,11.0,7100000.0,1.0,48.9,2026
5.0,4.2,5.0,740000.0,1.0,33.0,1993
2.0,3.3,4.0,5560000.0,1.0,41.4,2027
4.0,3.3,1.0,5000000.0,1.0,34.2,2027
2.0,3.3,1.0,2950000.0,1.0,36.0,1988
4.0,3.9,18.0,12600000.0,1.0,47.4,2024
2.0,2.9,2.0,3000000.0,1.0,29.0,1974
2.0,4.4,2.0,3090000.0,1.0,30.6,1974
4.0,3.7,3.0,7560000.0,1.0,46.7,2028
2.0,3.3,4.0,3640000.0,1.0,30.3,1989
2.0,2.9,1.0,3300000.0,1.0,34.0,2015
2.0,3.7,5.0,3161100.0,1.0,25.7,2026
2.0,4.0,4.0,4700000.0,1.0,27.6,1965
2.0,3.7,5.0,3550000.0,1.0,25.0,2015
4.0,4.0,19.0,12200000.0,1.0,42.0,2024
2.0,4.0,5.0,3900000.0,1.0,31.2,2022
2.0,2.9,1.0,3699999.0,1.0,29.5,1985
4.0,3.7,2.0,9860000.0,1.0,51.9,2028
2.0,4.4,12.0,2390000.0,1.0,23.1,2014
4.0,3.7,2.0,5150000.0,1.0,33.9,2028
2.0,2.5,6.0,5500000.0,1.0,29.5,1972
2.0,2.9,1.0,2650000.0,1.0,19.7,2018
4.0,3.7,2.0,4600000.0,1.0,28.32,2026
2.0,3.7,8.0,5300000.0,1.0,34.0,2017
2.0,3.7,4.0,3150000.0,1.0,37.2,1987
4.0,4.0,16.0,9372510.0,1.0,40.3,2025
2.0,4.2,1.0,3600000.0,1.0,40.1,1989
2.0,3.7,17.0,2470000.0,1.0,25.1,2012
4.0,3.9,14.0,10200000.0,1.0,39.1,2024
2.0,2.5,5.0,7090000.0,1.0,38.2,2016
2.0,3.7,3.0,2850000.0,1.0,30.5,1981
4.0,3.4,4.0,5800000.0,1.0,38.2,2027
2.0,3.7,2.0,3900000.0,1.0,34.3,2007
2.0,3.7,7.0,2600000.0,1.0,20.8,2016
4.0,4.0,15.0,9357200.0,1.0,40.7,2025
2.0,4.4,9.0,2280000.0,1.0,19.5,2012
4.0,3.3,8.0,5700000.0,1.0,41.4,2026
2.0,3.7,19.0,4700000.0,1.0,37.9,2019
2.0,2.9,6.0,3200000.0,1.0,37.4,2015
4.0,3.3,1.0,6084385.0,1.0,41.1,2024
2.0,3.7,7.0,3990000.0,1.0,34.5,2004
4.0,3.4,7.0,6759900.0,1.0,39.4,2026
2.0,3.9,2.0,7490000.0,1.0,41.0,2002
2.0,2.9,10.0,4550000.0,1.0,38.6,2015
2.0,4.0,16.0,6600000.0,1.0,37.3,2022
2.0,3.3,7.0,4800000.0,1.0,37.3,2014
2.0,4.0,16.0,7200000.0,1.0,42.4,2022
2.0,3.4,16.0,4850000.0,1.0,38.2,2019
2.0,2.9,15.0,4900000.0,1.0,46.0,2016
4.0,2.9,1.0,8200600.0,1.0,42.1,2026
2.0,2.5,10.0,4900000.0,1.0,46.0,2005
2.0,2.5,18.0,8300000.0,1.0,42.1,2024
2.0,4.0,8.0,4950000.0,1.0,34.9,2022
2.0,2.5,24.0,8828750.0,1.0,49.41,2024
2.0,4.4,1.0,5000000.0,1.0,37.6,2020
2.0,4.4,9.0,5200000.0,1.0,37.0,2013
2.0,2.5,21.0,6666600.0,1.0,40.65,2026
2.0,3.3,8.0,5200000.0,1.0,36.6,2021
2.0,3.3,9.0,5380000.0,1.0,47.2,2024
4.0,2.9,14.0,4500000.0,1.0,41.7,2026
2.0,3.3,8.0,5390000.0,1.0,47.2,2024
2.0,4.0,5.0,5400000.0,1.0,32.4,2023
4.0,2.9,11.0,4190000.0,1.0,37.0,2024
2.0,4.0,2.0,5499000.0,1.0,38.4,1998
2.0,3.7,24.0,5600000.0,1.0,38.0,2015
4.0,3.3,5.0,5600000.0,1.0,41.4,2027
2.0,2.9,8.0,3950000.0,1.0,31.3,2025
2.0,3.4,16.0,6000000.0,1.0,39.3,2024
4.0,4.4,2.0,6531600.0,1.0,41.0,2026
2.0,2.9,12.0,5500000.0,1.0,42.4,2020
2.0,3.3,4.0,3200000.0,1.0,29.5,1989
2.0,3.3,2.0,5800000.0,1.0,41.4,2026
2.0,3.7,2.0,5600000.0,1.0,32.0,1964
2.0,3.3,3.0,3100000.0,1.0,29.9,1982
4.0,2.5,2.0,6104700.0,1.0,41.4,2026
2.0,3.7,20.0,4100000.0,1.0,35.0,2022
2.0,4.2,6.0,5723720.0,1.0,38.64,2028
2.0,3.7,3.0,3200000.0,1.0,39.5,2015
2.0,3.7,2.0,2000000.0,1.0,18.4,2017
4.0,3.7,10.0,4670000.0,1.0,41.36,2025
2.0,2.9,6.0,3800000.0,1.0,35.0,2016
2.0,3.4,10.0,4050000.0,1.0,42.0,2018
2.0,3.8,6.0,6977520.0,1.0,35.24,2028
4.0,2.5,1.0,10910000.0,1.0,66.57,2028
2.0,3.7,13.0,4150000.0,1.0,31.3,2024
2.0,3.7,6.0,3149000.0,1.0,31.3,1986
4.0,3.4,3.0,6736000.0,1.0,39.6,2026
2.0,4.4,1.0,2800000.0,1.0,28.3,1972
2.0,2.9,3.0,3000000.0,1.0,28.5,1975
4.0,3.9,17.0,11600000.0,1.0,45.6,2024
2.0,2.9,6.0,3999000.0,1.0,32.0,1972
2.0,3.3,4.0,5500000.0,1.0,41.4,2027
2.0,3.7,1.0,4200000.0,1.0,42.6,1970
4.0,2.9,1.0,4600000.0,1.0,45.1,2026
2.0,3.4,1.0,3789000.0,1.0,28.7,2019
4.0,3.3,1.0,6193110.0,1.0,42.9,2024
2.0,3.7,17.0,4000000.0,1.0,47.0,2022
2.0,2.5,1.0,3230000.0,1.0,32.7,2019
4.0,2.5,18.0,5910000.0,1.0,34.32,2026
2.0,4.2,3.0,3990000.0,1.0,31.8,1994
4.0,3.3,7.0,4150000.0,1.0,26.7,2027
2.0,3.7,9.0,3100000.0,1.0,31.8,1987
2.0,3.7,5.0,4150000.0,1.0,37.0,2017
4.0,3.3,5.0,6399231.0,1.0,43.7,2024
4.0,3.4,2.0,4750000.0,1.0,26.41,2026
2.0,3.9,17.0,11200000.0,1.0,52.0,2002
2.0,3.7,6.0,3000000.0,1.0,36.3,2014
4.0,2.5,6.0,6800000.0,1.0,39.2,2026
2.0,3.7,7.0,4200000.0,1.0,33.0,2014
4.0,3.7,15.0,6350000.0,1.0,37.0,2026
2.0,2.5,1.0,4300000.0,1.0,36.6,1988
2.0,4.2,6.0,3000000.0,1.0,29.9,1978
2.0,2.5,19.0,6534000.0,1.0,39.6,2026
2.0,3.7,6.0,4350000.0,1.0,35.2,2024
2.0,4.4,5.0,2050000.0,1.0,21.9,2011
4.0,2.5,1.0,5905500.0,1.0,39.4,2026
2.0,3.4,19.0,11000000.0,1.0,40.3,2019
2.0,2.9,4.0,2600000.0,1.0,29.2,1978
2.0,2.9,14.0,5000000.0,1.0,33.7,2025
2.0,4.0,3.0,4800000.0,1.0,30.6,1962
2.0,3.3,1.0,3900000.0,1.0,26.5,2027
4.0,2.9,10.0,5510200.0,1.0,42.23,2026
2.0,3.7,1.0,4450000.0,1.0,38.5,2007
2.0,3.7,8.0,2950000.0,1.0,34.0,1972
4.0,4.0,17.0,7700000.0,1.0,42.7,2025
2.0,3.4,1.0,4600000.0,1.0,40.0,1969
2.0,4.2,3.0,3250000.0,1.0,30.2,1994
4.0,3.4,24.0,7200000.0,1.0,41.57,2026
2.0,3.7,16.0,4300000.0,1.0,41.2,2024
2.0,3.7,7.0,3250000.0,1.0,33.1,1991
4.0,4.0,1.0,9513900.0,1.0,52.9,2023
2.0,2.5,12.0,4255000.0,1.0,23.0,2024
2.0,3.8,1.0,6302300.0,1.0,33.17,2028
2.0,2.9,17.0,4600000.0,1.0,40.7,2015
2.0,4.4,4.0,2500000.0,1.0,21.6,2013
2.0,4.2,2.0,6276520.0,1.0,40.17,2028
2.0,2.5,2.0,4250000.0,1.0,41.0,1996
5.0,2.9,11.0,5950000.0,1.0,34.0,2025
2.0,3.3,3.0,3300000.0,1.0,31.1,2017
2.0,3.7,4.0,3300000.0,1.0,32.5,2017
2.0,3.3,2.0,3300000.0,1.0,28.4,1968
2.0,2.5,1.0,3300000.0,1.0,32.5,2018
2.0,3.7,8.0,3300000.0,1.0,38.1,2016
2.0,3.7,3.0,3300000.0,1.0,29.3,1989
2.0,2.5,9.0,3300000.0,1.0,27.5,1989
2.0,3.7,3.0,3300000.0,1.0,39.7,1992
2.0,3.7,4.0,3300000.0,1.0,29.0,1978
2.0,3.7,6.0,3300000.0,1.0,31.3,2016
2.0,3.7,4.0,3309009.0,1.0,33.8,1973
2.0,2.9,2.0,3300000.0,1.0,28.6,1977
2.0,2.9,2.0,3300000.0,1.0,31.2,1959
2.0,2.9,2.0,3300000.0,1.0,30.2,1969
2.0,3.7,3.0,3300000.0,1.0,32.7,2001
2.0,4.4,3.0,3300000.0,1.0,32.0,2013
2.0,3.4,5.0,3390000.0,1.0,31.9,2019
2.0,3.4,1.0,3380000.0,1.0,32.0,1960
2.0,2.9,5.0,3350000.0,1.0,22.5,2014
2.0,3.7,2.0,3350000.0,1.0,32.4,2018
2.0,3.7,14.0,3350000.0,1.0,20.1,2024
2.0,2.9,2.0,3360000.0,1.0,31.9,1963
2.0,3.7,5.0,3350000.0,1.0,28.2,2016
2.0,4.4,4.0,3350000.0,1.0,30.3,1969
2.0,4.4,11.0,3350000.0,1.0,20.0,2021
2.0,3.4,1.0,3350000.0,1.0,28.5,1992
2.0,2.9,7.0,3350000.0,1.0,32.0,2024
2.0,3.7,8.0,3350000.0,1.0,25.8,2015
2.0,3.7,1.0,3350000.0,1.0,37.9,2016
2.0,3.7,4.0,3399000.0,1.0,32.4,2012
2.0,3.4,5.0,3400000.0,1.0,30.5,1967
2.0,3.7,2.0,3400000.0,1.0,37.8,2019
2.0,2.9,5.0,3400000.0,1.0,28.2,2021
2.0,3.7,9.0,3400000.0,1.0,37.6,2022
2.0,3.3,1.0,3400000.0,1.0,34.4,1987
2.0,2.9,17.0,3400000.0,1.0,26.0,2019
2.0,3.7,2.0,3400000.0,1.0,29.0,2015
2.0,4.4,8.0,3400000.0,1.0,30.0,2011
2.0,3.3,1.0,3400000.0,1.0,37.6,1989
2.0,3.7,10.0,3400000.0,1.0,29.0,2020
2.0,2.9,1.0,3400000.0,1.0,28.1,1981
2.0,2.9,5.0,3450000.0,1.0,37.0,2016
2.0,3.4,7.0,3470000.0,1.0,32.6,1975
2.0,2.5,10.0,3450000.0,1.0,34.0,2024
2.0,4.0,5.0,3450000.0,1.0,22.1,2012
2.0,3.7,9.0,3450000.0,1.0,32.4,2018
2.0,4.2,12.0,3450000.0,1.0,25.5,2017
2.0,2.9,2.0,3470000.0,1.0,34.0,2016
2.0,2.5,9.0,3499000.0,1.0,40.9,2020
2.0,2.5,10.0,3470000.0,1.0,48.94,2020
2.0,3.7,5.0,3450000.0,1.0,31.3,2016
2.0,3.7,3.0,3500000.0,1.0,28.8,2017
2.0,4.2,2.0,3500000.0,1.0,38.6,1994
2.0,3.7,6.0,3500000.0,1.0,42.0,2022
2.0,3.7,8.0,3500000.0,1.0,29.9,1985
2.0,3.3,1.0,3500000.0,1.0,31.4,2017
2.0,2.9,5.0,3500000.0,1.0,29.7,1977
2.0,3.7,10.0,3500000.0,1.0,40.4,2018
2.0,3.3,3.0,3500000.0,1.0,23.0,2014
2.0,3.3,1.0,3500000.0,1.0,38.2,1980
2.0,3.7,7.0,3500000.0,1.0,29.4,1985
2.0,3.7,3.0,3500000.0,1.0,32.8,2017
2.0,3.3,1.0,3500000.0,1.0,32.3,2017
2.0,3.3,5.0,3500000.0,1.0,30.1,2017
2.0,3.7,3.0,3500000.0,1.0,35.2,2014
2.0,2.5,10.0,3500000.0,1.0,32.7,2019
2.0,4.0,9.0,3500000.0,1.0,25.37,2025
2.0,4.4,2.0,3500000.0,1.0,28.0,2013
2.0,2.5,10.0,3500000.0,1.0,37.8,2024
2.0,3.7,2.0,3500000.0,1.0,34.1,2019
2.0,3.7,4.0,3500000.0,1.0,29.7,1973
2.0,3.7,1.0,3500000.0,1.0,39.2,2016
2.0,4.0,4.0,3500000.0,1.0,25.2,1961
2.0,3.7,2.0,3500000.0,1.0,36.5,2015
2.0,3.4,1.0,3500000.0,1.0,30.0,1960
2.0,4.4,9.0,3500000.0,1.0,30.0,2010
2.0,4.4,4.0,3500000.0,1.0,31.6,2011
2.0,2.9,2.0,3500000.0,1.0,29.7,1991
2.0,3.7,1.0,3500000.0,1.0,35.0,2022
2.0,3.7,4.0,3500000.0,1.0,30.0,2017
2.0,3.7,1.0,3550000.0,1.0,37.3,2017
2.0,3.4,5.0,3590000.0,1.0,31.9,1960
2.0,3.7,11.0,3550000.0,1.0,32.0,2017
2.0,2.5,7.0,3550000.0,1.0,39.3,2027
2.0,3.7,15.0,3550000.0,1.0,36.1,2013
2.0,2.9,1.0,3550000.0,1.0,29.5,1966
2.0,2.5,4.0,3580000.0,1.0,42.2,2015
2.0,2.9,5.0,3550000.0,1.0,27.6,2018
2.0,2.9,1.0,3590000.0,1.0,28.9,1979
2.0,2.9,1.0,3550000.0,1.0,23.0,2015
2.0,3.4,4.0,3550000.0,1.0,29.9,2019
2.0,2.9,3.0,3600000.0,1.0,38.9,2016
2.0,4.4,2.0,3600000.0,1.0,32.0,1961
2.0,2.9,1.0,3600000.0,1.0,28.1,2024
2.0,3.7,2.0,3600000.0,1.0,40.5,2018
2.0,3.3,8.0,3600000.0,1.0,28.0,2015
2.0,3.7,2.0,3600000.0,1.0,32.4,1963
2.0,3.3,9.0,3600000.0,1.0,33.8,1971
2.0,3.3,14.0,3640000.0,1.0,24.0,2015
2.0,3.8,3.0,3600000.0,1.0,22.5,1972
2.0,3.4,3.0,3600000.0,1.0,34.8,1982
2.0,2.5,6.0,3600000.0,1.0,33.0,2017
2.0,3.4,5.0,3600000.0,1.0,28.7,1977
2.0,3.7,10.0,3600000.0,1.0,38.4,2021
2.0,2.5,8.0,3600000.0,1.0,48.3,2024
2.0,2.9,8.0,3600000.0,1.0,36.4,1981
2.0,4.2,1.0,3600000.0,1.0,38.3,1990
2.0,4.0,3.0,3600000.0,1.0,30.7,2022
2.0,3.7,2.0,3600000.0,1.0,41.8,2013
2.0,2.9,2.0,3600000.0,1.0,35.0,2014
2.0,3.4,4.0,3600000.0,1.0,30.8,1971
2.0,4.4,8.0,3635000.0,1.0,28.9,2013
2.0,4.0,3.0,3600000.0,1.0,34.2,1998
2.0,3.7,2.0,3600000.0,1.0,34.8,1989
2.0,4.0,2.0,3600000.0,1.0,28.2,1961
2.0,2.9,3.0,3650000.0,1.0,30.2,1974
2.0,3.4,2.0,3650000.0,1.0,31.2,2019
2.0,2.9,13.0,3690000.0,1.0,28.0,2014
2.0,2.5,1.0,3690000.0,1.0,29.1,1970
2.0,3.7,5.0,3650000.0,1.0,48.0,2023
2.0,2.5,3.0,3650000.0,1.0,48.5,2023
2.0,2.9,8.0,3650000.0,1.0,29.7,1970
2.0,3.7,2.0,3650000.0,1.0,37.8,2015
2.0,3.7,11.0,3650000.0,1.0,30.2,2022
2.0,4.4,2.0,3650000.0,1.0,34.3,2013
2.0,3.7,7.0,3690000.0,1.0,32.0,2022
2.0,2.5,2.0,3700000.0,1.0,32.7,1970
2.0,3.7,3.0,3700000.0,1.0,30.0,1966
2.0,3.3,1.0,3700000.0,1.0,30.9,1960
2.0,4.0,1.0,3720000.0,1.0,31.5,2022
2.0,3.3,3.0,3700000.0,1.0,31.6,1968
2.0,2.9,4.0,3710000.0,1.0,32.6,1963
2.0,3.7,3.0,3700000.0,1.0,46.6,2013
2.0,2.9,7.0,3700000.0,1.0,32.3,1980
2.0,4.4,2.0,3700000.0,1.0,28.5,1975
2.0,3.7,4.0,3700000.0,1.0,37.7,2014
2.0,2.9,4.0,3700000.0,1.0,29.8,1974
2.0,3.7,7.0,3700000.0,1.0,37.5,2011
2.0,2.9,8.0,3700000.0,1.0,29.4,1969
2.0,2.5,1.0,3700000.0,1.0,25.4,2010
2.0,2.9,9.0,3700000.0,1.0,32.3,2015
2.0,3.4,1.0,3700000.0,1.0,31.6,1977
2.0,3.4,4.0,3700000.0,1.0,31.0,2019
2.0,3.3,1.0,3700000.0,1.0,29.0,2017
2.0,2.5,7.0,3700000.0,1.0,59.0,2024
2.0,2.9,4.0,3700000.0,1.0,41.1,1993
2.0,3.4,9.0,3700000.0,1.0,29.5,1977
2.0,3.7,10.0,3700000.0,1.0,38.3,2023
2.0,3.3,2.0,3700000.0,1.0,32.1,1978
2.0,2.9,1.0,3750000.0,1.0,36.7,2015
2.0,2.5,1.0,3750000.0,1.0,31.9,1966
2.0,4.2,9.0,3750000.0,1.0,38.0,1995
2.0,3.3,5.0,3790000.0,1.0,24.0,2023
2.0,4.2,7.0,3750000.0,1.0,30.5,1990
2.0,3.7,8.0,3799000.0,1.0,30.0,1987
2.0,3.3,1.0,3790000.0,1.0,30.0,1987
2.0,4.2,1.0,3750000.0,1.0,21.1,1980
2.0,4.4,10.0,3750000.0,1.0,20.1,2024
2.0,4.0,5.0,3750000.0,1.0,30.8,2022
2.0,3.4,2.0,3790000.0,1.0,31.0,1966
2.0,3.3,2.0,3750000.0,1.0,36.4,2017
2.0,4.2,1.0,3770000.0,1.0,37.5,1990
2.0,3.7,5.0,3750000.0,1.0,42.6,2014
2.0,2.9,3.0,3780000.0,1.0,30.5,1973
2.0,2.5,7.0,3750000.0,1.0,39.3,2020
2.0,2.9,6.0,3800000.0,1.0,31.3,1974
2.0,2.9,2.0,3800000.0,1.0,29.7,1974
2.0,3.4,5.0,3800000.0,1.0,31.3,2019
2.0,2.5,10.0,3800000.0,1.0,37.0,2011
2.0,4.0,2.0,3800000.0,1.0,27.0,2015
2.0,2.5,3.0,3800000.0,1.0,32.2,2013
2.0,2.9,9.0,3800000.0,1.0,26.6,2020
2.0,2.5,2.0,3800000.0,1.0,40.7,2013
2.0,3.4,1.0,3800000.0,1.0,35.6,1959
2.0,3.3,1.0,3800000.0,1.0,31.0,2017
2.0,3.7,1.0,3800000.0,1.0,33.9,2012
2.0,2.9,4.0,3800000.0,1.0,32.0,2015
2.0,2.9,6.0,3800000.0,1.0,29.4,1973
2.0,2.9,9.0,3800000.0,1.0,29.5,2014
2.0,3.4,2.0,3800000.0,1.0,29.0,1975
2.0,3.7,5.0,3800000.0,1.0,48.0,2017
2.0,2.9,3.0,3850000.0,1.0,33.0,2016
2.0,2.9,10.0,3850000.0,1.0,36.9,2012
2.0,4.4,1.0,3850000.0,1.0,34.5,2013
2.0,2.5,4.0,3880000.0,1.0,29.3,2020
2.0,3.3,5.0,3850000.0,1.0,30.2,1974
2.0,3.7,7.0,3850000.0,1.0,31.0,2025
2.0,2.9,1.0,3850000.0,1.0,38.0,2015
2.0,3.7,10.0,3860000.0,1.0,34.9,2019
2.0,2.9,5.0,3850000.0,1.0,32.6,2023
2.0,3.3,1.0,3850000.0,1.0,29.0,2017
2.0,2.9,3.0,3900000.0,1.0,36.0,2015
2.0,2.5,2.0,3900000.0,1.0,32.5,1969
2.0,4.0,2.0,3900000.0,1.0,31.0,1976
2.0,2.5,7.0,3920000.0,1.0,37.8,2018
2.0,2.9,10.0,3900000.0,1.0,32.3,2017
2.0,3.3,6.0,3900000.0,1.0,32.1,1972
2.0,2.9,2.0,3900000.0,1.0,30.4,1965
2.0,3.3,6.0,3900000.0,1.0,36.1,1987
2.0,2.5,3.0,3900000.0,1.0,42.0,2011
2.0,2.9,7.0,3900000.0,1.0,27.0,2022
2.0,2.5,10.0,3910000.0,1.0,32.5,2024
2.0,3.7,6.0,3900000.0,1.0,36.6,2020
2.0,3.4,1.0,3900000.0,1.0,30.9,2019
2.0,3.9,4.0,3900000.0,1.0,31.0,1965
2.0,4.2,3.0,3900000.0,1.0,28.7,1994
2.0,3.7,1.0,3900000.0,1.0,51.7,2012
2.0,2.9,7.0,3900000.0,1.0,36.8,2015
2.0,2.5,9.0,3930000.0,1.0,30.2,1979
2.0,2.5,5.0,3900000.0,1.0,32.5,1965
2.0,3.7,13.0,3900000.0,1.0,41.9,2022
2.0,3.3,5.0,3900000.0,1.0,37.0,1989
2.0,3.3,3.0,3900000.0,1.0,29.0,2017
2.0,3.7,17.0,3900000.0,1.0,42.8,2013
2.0,2.9,5.0,3950000.0,1.0,31.0,1962
2.0,4.2,6.0,3990000.0,1.0,38.0,1994
2.0,3.7,2.0,3950000.0,1.0,45.0,2017
2.0,3.8,1.0,3970000.0,1.0,22.0,2007
2.0,3.7,6.0,3950000.0,1.0,40.5,2018
2.0,4.0,4.0,3999000.0,1.0,28.9,1964
2.0,3.7,7.0,3950000.0,1.0,33.0,2015
2.0,3.3,15.0,3999000.0,1.0,28.1,2014
2.0,3.7,16.0,3999000.0,1.0,32.7,2014
2.0,4.0,8.0,3999000.0,1.0,20.8,2013
2.0,3.3,1.0,3980000.0,1.0,36.5,2017
2.0,4.0,1.0,3999999.0,1.0,28.6,1967
2.0,2.5,8.0,3990000.0,1.0,42.4,2020
2.0,2.9,3.0,3950000.0,1.0,39.0,2014
2.0,3.3,3.0,3990000.0,1.0,31.0,1963
2.0,3.7,1.0,3997000.0,1.0,37.4,2017
2.0,3.7,7.0,3950000.0,1.0,38.0,2017
2.0,3.7,1.0,3950000.0,1.0,42.0,2013
2.0,4.0,3.0,4010000.0,1.0,29.1,2018
2.0,2.9,1.0,4000000.0,1.0,31.1,1962
2.0,3.3,3.0,4000000.0,1.0,34.2,1992
2.0,3.7,13.0,4000000.0,1.0,34.7,2015
2.0,2.5,7.0,4000000.0,1.0,42.2,2011
2.0,2.9,2.0,4000000.0,1.0,30.7,1963
2.0,2.9,3.0,4000000.0,1.0,39.0,2014
2.0,2.5,1.0,4000000.0,1.0,29.9,1970
2.0,2.9,4.0,4000000.0,1.0,31.5,1963
2.0,2.5,6.0,4000000.0,1.0,35.9,1987
2.0,2.9,10.0,4000000.0,1.0,32.6,2009
2.0,2.9,3.0,4000000.0,1.0,38.9,2015
2.0,2.9,1.0,4000000.0,1.0,33.43,2015
2.0,3.7,12.0,4000000.0,1.0,37.9,2024
2.0,2.5,4.0,4000000.0,1.0,32.0,1974
2.0,3.7,7.0,4000000.0,1.0,40.0,2011
2.0,2.9,1.0,4090000.0,1.0,36.8,2012
2.0,2.9,3.0,4050000.0,1.0,37.6,2012
2.0,2.5,8.0,4050000.0,1.0,42.5,2011
2.0,2.5,12.0,4050000.0,1.0,21.6,2023
2.0,4.0,1.0,4050000.0,1.0,30.2,1967
2.0,4.2,1.0,4050000.0,1.0,34.1,1995
2.0,3.7,2.0,4050000.0,1.0,33.4,1991
2.0,3.7,8.0,4100000.0,1.0,30.6,2022
2.0,4.0,2.0,4100000.0,1.0,29.2,1969
2.0,3.3,5.0,4100000.0,1.0,32.6,1959
2.0,3.7,5.0,4100000.0,1.0,37.3,2014
2.0,3.4,4.0,4100000.0,1.0,24.5,2020
2.0,2.9,3.0,4140000.0,1.0,34.2,2014
2.0,4.0,10.0,4100000.0,1.0,25.8,2023
2.0,2.5,8.0,4100000.0,1.0,36.7,2010
2.0,3.3,2.0,4100000.0,1.0,31.7,1960
2.0,3.3,9.0,4100000.0,1.0,38.0,2017
2.0,3.7,7.0,4100000.0,1.0,33.0,2018
2.0,4.2,4.0,4100000.0,1.0,21.0,1994
2.0,4.2,2.0,4100000.0,1.0,39.0,1994
2.0,4.0,5.0,4100000.0,1.0,34.5,1999
2.0,2.9,3.0,4100000.0,1.0,40.0,2018
2.0,2.5,9.0,4100000.0,1.0,45.2,2020
2.0,4.0,2.0,4100000.0,1.0,29.7,1965
2.0,3.7,2.0,4100000.0,1.0,48.1,2017
2.0,2.5,4.0,4100000.0,1.0,43.0,2020
2.0,3.3,2.0,4100000.0,1.0,31.0,2017
2.0,3.4,1.0,4100000.0,1.0,30.0,2019
2.0,2.5,7.0,4100000.0,1.0,34.0,2008
2.0,2.9,4.0,4100000.0,1.0,34.0,2015
2.0,4.2,1.0,4100000.0,1.0,31.6,1961
2.0,2.5,1.0,4100000.0,1.0,30.0,1988
2.0,2.9,10.0,4100000.0,1.0,35.9,2016
2.0,3.3,3.0,4150000.0,1.0,37.2,2017
2.0,2.5,2.0,4150000.0,1.0,20.3,2023
2.0,3.4,1.0,4150000.0,1.0,29.4,2011
2.0,2.9,2.0,4150000.0,1.0,34.5,2016
2.0,4.0,5.0,4150000.0,1.0,30.3,1964
2.0,2.9,2.0,4150000.0,1.0,30.9,1959
2.0,2.9,4.0,4199000.0,1.0,30.8,1965
2.0,4.4,1.0,4150000.0,1.0,43.8,2012
2.0,2.5,7.0,4150000.0,1.0,42.6,2012
2.0,4.2,7.0,4150000.0,1.0,29.6,1973
2.0,3.7,5.0,4150000.0,1.0,41.3,2017
2.0,3.7,6.0,4150000.0,1.0,63.6,2015
2.0,2.9,6.0,4192000.0,1.0,36.83,2015
2.0,3.7,7.0,4150000.0,1.0,32.3,1975
2.0,3.7,9.0,4150000.0,1.0,48.1,2017
2.0,2.9,3.0,4200000.0,1.0,40.0,2015
2.0,2.5,3.0,4240000.0,1.0,42.0,2016
2.0,3.7,5.0,4200000.0,1.0,40.2,2023
2.0,2.9,8.0,4200000.0,1.0,29.0,2023
2.0,2.5,8.0,4200000.0,1.0,45.4,1994
2.0,3.7,6.0,4200000.0,1.0,42.0,2022
2.0,3.3,3.0,4200000.0,1.0,46.5,2015
2.0,3.7,7.0,4200000.0,1.0,32.0,1987
2.0,3.7,3.0,4200000.0,1.0,31.0,1964
2.0,2.9,17.0,4200000.0,1.0,36.9,2019
2.0,3.3,7.0,4200000.0,1.0,37.3,1996
2.0,2.9,4.0,4200000.0,1.0,29.8,2001
2.0,3.7,13.0,4200000.0,1.0,23.9,2014
2.0,2.9,12.0,4200000.0,1.0,37.7,2025
2.0,3.3,7.0,4200000.0,1.0,37.8,1997
2.0,2.9,1.0,4200000.0,1.0,43.0,2015
2.0,2.9,2.0,4200000.0,1.0,30.9,1966
2.0,2.9,4.0,4200000.0,1.0,31.9,2024
2.0,3.3,1.0,4200000.0,1.0,36.1,2026
2.0,2.5,2.0,4200000.0,1.0,32.2,1961
2.0,3.7,8.0,4200000.0,1.0,45.0,2023
2.0,2.9,10.0,4200000.0,1.0,32.0,2015
2.0,4.2,8.0,4200000.0,1.0,36.3,2000
2.0,3.4,2.0,4200000.0,1.0,28.7,2019
2.0,3.3,5.0,4200000.0,1.0,30.5,2023
2.0,3.7,4.0,4200000.0,1.0,35.0,2014
2.0,2.5,9.0,4200000.0,1.0,32.9,2011
2.0,4.2,2.0,4200000.0,1.0,37.0,1994
2.0,2.5,1.0,4200000.0,1.0,38.1,2020
2.0,4.0,4.0,4200000.0,1.0,33.0,2022
2.0,3.3,4.0,4200000.0,1.0,29.0,1959
2.0,3.7,3.0,4250000.0,1.0,31.2,1968
2.0,2.5,10.0,4280000.0,1.0,42.4,2011
2.0,2.9,14.0,4250000.0,1.0,26.1,2013
2.0,2.5,9.0,4250000.0,1.0,29.1,2016
2.0,2.9,8.0,4250000.0,1.0,36.0,2025
2.0,2.5,7.0,4250000.0,1.0,39.8,2023
2.0,2.9,3.0,4250000.0,1.0,37.2,2017
2.0,2.9,6.0,4250000.0,1.0,36.9,2017
2.0,2.9,16.0,4290000.0,1.0,43.7,2016
2.0,2.5,9.0,4280000.0,1.0,49.0,2023
2.0,3.7,3.0,4250000.0,1.0,34.4,1992
2.0,2.5,1.0,4250000.0,1.0,36.7,2009
2.0,3.7,2.0,4250000.0,1.0,45.0,2023
2.0,2.9,6.0,4300000.0,1.0,32.5,2018
2.0,3.7,10.0,4300000.0,1.0,40.0,2023
2.0,2.9,8.0,4300000.0,1.0,34.7,2021
2.0,3.8,1.0,4320000.0,1.0,31.2,1962
2.0,2.5,1.0,4300000.0,1.0,29.4,1971
2.0,3.3,2.0,4300000.0,1.0,31.0,2014
2.0,4.0,1.0,4300000.0,1.0,28.0,1968
2.0,3.3,5.0,4300000.0,1.0,32.4,2023
2.0,2.9,8.0,4345000.0,1.0,40.3,1986
2.0,2.9,2.0,4300000.0,1.0,37.0,2015
2.0,3.7,2.0,4300000.0,1.0,41.0,1991
2.0,3.3,4.0,4300000.0,1.0,33.0,2023
2.0,3.3,3.0,4300000.0,1.0,31.5,2017
2.0,3.7,13.0,4305000.0,1.0,39.7,2024
2.0,3.4,3.0,4300000.0,1.0,39.7,1962
2.0,3.7,2.0,4300000.0,1.0,36.2,2015
2.0,2.5,2.0,4350000.0,1.0,48.0,2020
2.0,3.7,8.0,4350000.0,1.0,42.8,2017
2.0,3.7,2.0,4380000.0,1.0,41.0,2014
2.0,2.9,4.0,4350000.0,1.0,35.9,2012
2.0,2.5,11.0,4350000.0,1.0,32.7,2016
2.0,3.7,2.0,4350000.0,1.0,34.3,2013
2.0,2.9,5.0,4350000.0,1.0,37.6,2014
2.0,4.4,1.0,4395000.0,1.0,44.3,2013
2.0,2.9,1.0,4350000.0,1.0,30.4,2015
2.0,3.3,5.0,4350000.0,1.0,32.0,2025
2.0,4.4,2.0,4350000.0,1.0,34.3,2020
2.0,4.2,4.0,4350000.0,1.0,32.2,1963
2.0,4.0,1.0,4400000.0,1.0,30.9,2022
2.0,2.9,3.0,4440000.0,1.0,30.0,2015
2.0,4.2,3.0,4400000.0,1.0,30.0,1967
2.0,4.4,7.0,4400000.0,1.0,27.4,2016
2.0,2.9,7.0,4400000.0,1.0,38.0,1987
2.0,4.0,2.0,4400000.0,1.0,37.7,2004
2.0,2.9,9.0,4400000.0,1.0,32.4,1981
2.0,3.7,13.0,4400000.0,1.0,40.3,2014
2.0,2.9,8.0,4400000.0,1.0,37.0,2018
2.0,2.5,5.0,4430000.0,1.0,30.2,2024
2.0,3.7,17.0,4400000.0,1.0,32.6,2020
2.0,3.4,5.0,4400000.0,1.0,40.4,1998
2.0,2.9,18.0,4400000.0,1.0,36.4,2015
2.0,3.7,5.0,4400000.0,1.0,41.0,2024
2.0,2.9,3.0,4400000.0,1.0,33.3,2014
2.0,3.7,15.0,4400000.0,1.0,47.2,2011
2.0,2.9,2.0,4400000.0,1.0,31.0,1979
2.0,3.3,1.0,4490000.0,1.0,27.7,2017
2.0,2.9,6.0,4450000.0,1.0,38.0,2013
2.0,2.5,3.0,4490000.0,1.0,42.4,2012
2.0,2.9,6.0,4450000.0,1.0,34.9,2025
2.0,2.9,8.0,4450000.0,1.0,34.9,2025
2.0,2.9,4.0,4450000.0,1.0,35.8,2011
2.0,2.9,2.0,4450000.0,1.0,31.7,1962
2.0,2.9,8.0,4490000.0,1.0,34.1,2015
2.0,3.7,10.0,4450000.0,1.0,41.0,2010
2.0,3.3,5.0,4490000.0,1.0,31.5,1977
2.0,2.5,5.0,4450000.0,1.0,30.2,1966
2.0,3.3,2.0,4463000.0,1.0,34.5,2024
2.0,3.7,22.0,4490000.0,1.0,41.5,2024
2.0,4.0,3.0,4500000.0,1.0,21.0,2022
2.0,4.2,4.0,4500000.0,1.0,31.7,1957
2.0,2.9,12.0,4500000.0,1.0,35.0,2016
2.0,4.0,9.0,4500000.0,1.0,25.42,2026
2.0,2.9,4.0,4500000.0,1.0,34.3,2002
2.0,4.2,4.0,4500000.0,1.0,32.0,1961
2.0,3.4,6.0,4500000.0,1.0,33.6,1967
2.0,3.9,4.0,4500000.0,1.0,26.0,2016
2.0,2.5,7.0,4500000.0,1.0,37.5,2012
2.0,3.4,9.0,4500000.0,1.0,37.6,2014
2.0,4.0,1.0,4500000.0,1.0,29.5,1969
2.0,3.7,12.0,4500000.0,1.0,35.0,2017
2.0,3.4,2.0,4500000.0,1.0,31.0,1988
2.0,3.3,4.0,4500000.0,1.0,40.0,2024
2.0,3.7,1.0,4500000.0,1.0,41.0,2008
2.0,2.9,5.0,4500000.0,1.0,40.1,2024
2.0,2.5,8.0,4530000.0,1.0,42.5,2011
2.0,2.9,6.0,4500000.0,1.0,32.4,1982
2.0,2.5,4.0,4500000.0,1.0,34.0,2024
2.0,4.0,9.0,4500000.0,1.0,29.8,1987
2.0,3.7,7.0,4500000.0,1.0,37.5,2016
2.0,3.7,6.0,4500000.0,1.0,35.5,2017
2.0,3.7,6.0,4500000.0,1.0,40.6,2018
2.0,2.9,10.0,4500000.0,1.0,35.2,2022
2.0,4.2,3.0,4500000.0,1.0,39.0,1994
2.0,4.2,5.0,4500000.0,1.0,34.0,1979
2.0,2.9,10.0,4500000.0,1.0,40.0,2015
2.0,3.9,8.0,4500000.0,1.0,31.0,2002
2.0,2.9,4.0,4500000.0,1.0,30.8,1963
2.0,2.9,4.0,4500000.0,1.0,36.89,2015
2.0,4.2,4.0,4500000.0,1.0,37.1,1990
2.0,2.9,9.0,4500000.0,1.0,36.0,2016
2.0,3.7,16.0,4500000.0,1.0,47.0,2017
2.0,2.9,1.0,4500000.0,1.0,30.5,2015
2.0,2.5,7.0,4550000.0,1.0,40.0,2017
2.0,2.9,15.0,4550000.0,1.0,23.1,2004
2.0,3.3,3.0,4590000.0,1.0,38.8,2007
2.0,3.3,17.0,4570000.0,1.0,34.7,2014
2.0,2.9,7.0,4550000.0,1.0,42.1,2024
2.0,2.9,13.0,4550000.0,1.0,36.8,2019
2.0,3.3,16.0,4580000.0,1.0,46.4,2023
2.0,3.8,1.0,4570000.0,1.0,32.0,1960
2.0,4.0,4.0,4550000.0,1.0,35.4,2014
2.0,2.5,13.0,4590000.0,1.0,41.85,2014
2.0,2.9,3.0,4550000.0,1.0,36.3,2019
2.0,2.5,6.0,4560000.0,1.0,48.1,2018
2.0,2.5,2.0,4599000.0,1.0,48.94,2025
2.0,3.3,7.0,4550000.0,1.0,35.3,2000
2.0,2.9,7.0,4600000.0,1.0,34.8,2024
2.0,2.9,13.0,4620000.0,1.0,32.4,2019
2.0,2.5,5.0,4600000.0,1.0,37.8,1995
2.0,4.2,5.0,4600000.0,1.0,41.0,2011
2.0,4.4,7.0,4600000.0,1.0,37.0,2025
2.0,3.3,7.0,4649000.0,1.0,31.2,1980
2.0,3.7,12.0,4600000.0,1.0,42.0,2022
2.0,2.5,3.0,4600000.0,1.0,48.2,2024
2.0,2.9,5.0,4600000.0,1.0,37.4,1960
2.0,2.5,9.0,4600000.0,1.0,39.5,2020
2.0,3.7,14.0,4600000.0,1.0,34.2,2023
2.0,4.2,5.0,4600000.0,1.0,30.0,1971
2.0,2.9,5.0,4600000.0,1.0,34.0,2015
2.0,4.2,5.0,4600000.0,1.0,32.88,2025
2.0,3.7,2.0,4600000.0,1.0,42.1,2015
2.0,3.7,12.0,4600000.0,1.0,32.0,2024
2.0,2.5,25.0,4650000.0,1.0,37.0,2020
2.0,2.9,7.0,4690000.0,1.0,35.2,2015
2.0,3.3,10.0,4650000.0,1.0,34.2,2024
2.0,2.9,7.0,4650000.0,1.0,37.2,2015
2.0,3.3,6.0,4650000.0,1.0,32.6,2025
2.0,4.0,5.0,4650000.0,1.0,26.2,2024
2.0,2.9,1.0,4650000.0,1.0,30.9,2015
2.0,3.7,1.0,4650000.0,1.0,37.2,2014
2.0,3.4,9.0,4660000.0,1.0,29.8,1986
2.0,3.7,3.0,4650000.0,1.0,43.2,2017
2.0,2.5,1.0,4650000.0,1.0,58.0,2020
2.0,2.5,5.0,4700000.0,1.0,29.6,2020
2.0,3.7,3.0,4700000.0,1.0,30.7,2017
2.0,3.7,12.0,4700000.0,1.0,39.4,2016
2.0,3.8,2.0,4700000.0,1.0,28.6,1965
2.0,4.0,3.0,4700000.0,1.0,34.5,2022
2.0,2.9,2.0,4700000.0,1.0,26.4,2018
2.0,3.7,13.0,4700000.0,1.0,41.0,2023
2.0,2.5,2.0,4700000.0,1.0,42.0,2020
2.0,4.0,10.0,4700000.0,1.0,22.1,2023
2.0,3.3,1.0,4700000.0,1.0,28.7,2017
2.0,2.9,5.0,4700000.0,1.0,37.1,2012
2.0,2.9,10.0,4700000.0,1.0,36.5,2021
2.0,2.9,3.0,4700000.0,1.0,30.5,1963
2.0,3.4,9.0,4700000.0,1.0,31.8,1969
2.0,4.4,3.0,4700000.0,1.0,32.7,2012
2.0,3.3,5.0,4700000.0,1.0,39.7,2003
2.0,3.8,3.0,4700000.0,1.0,30.3,1966
2.0,2.9,7.0,4700000.0,1.0,40.7,2015
2.0,3.3,6.0,4700000.0,1.0,37.0,2017
2.0,3.7,7.0,4700000.0,1.0,27.8,2024
2.0,2.9,4.0,4735000.0,1.0,36.88,2023
2.0,4.0,4.0,4700000.0,1.0,29.0,1982
2.0,3.3,8.0,4700000.0,1.0,32.0,2017
2.0,3.4,1.0,4700000.0,1.0,34.0,2019
2.0,3.3,1.0,4700000.0,1.0,43.7,1953
2.0,3.7,21.0,4700000.0,1.0,26.0,2017
2.0,2.5,3.0,4750000.0,1.0,24.58,2024
2.0,3.3,4.0,4750000.0,1.0,35.0,1989
2.0,3.7,17.0,4750000.0,1.0,40.0,2014
2.0,2.9,14.0,4750000.0,1.0,39.1,2024
2.0,2.9,9.0,4780000.0,1.0,36.8,2025
2.0,2.9,3.0,4770000.0,1.0,39.4,2018
2.0,4.0,9.0,4799000.0,1.0,38.0,2014
2.0,4.2,5.0,4750000.0,1.0,30.0,1994
2.0,2.9,10.0,4750000.0,1.0,33.4,2014
2.0,4.0,5.0,4800000.0,1.0,33.5,2012
2.0,2.5,3.0,4800000.0,1.0,58.4,2011
2.0,3.3,3.0,4800000.0,1.0,37.73,2012
2.0,2.5,19.0,4800000.0,1.0,34.0,2013
2.0,3.7,6.0,4800000.0,1.0,28.9,1980
2.0,2.5,11.0,4800000.0,1.0,36.8,2012
2.0,3.7,2.0,4800000.0,1.0,38.3,2008
2.0,4.0,5.0,4800000.0,1.0,35.8,2014
2.0,3.9,2.0,4800000.0,1.0,35.4,1987
2.0,3.3,4.0,4800000.0,1.0,31.5,2023
2.0,3.3,9.0,4800000.0,1.0,37.5,2015
2.0,3.7,2.0,4800000.0,1.0,48.3,2023
2.0,3.3,9.0,4800000.0,1.0,41.4,2017
2.0,3.3,6.0,4800000.0,1.0,34.4,2017
2.0,2.9,1.0,4815000.0,1.0,40.81,2015
2.0,3.7,3.0,4800000.0,1.0,40.8,1988
2.0,2.5,4.0,4800000.0,1.0,49.0,2024
2.0,4.4,6.0,4800000.0,1.0,32.7,2017
2.0,2.5,14.0,4800000.0,1.0,48.9,2026
2.0,2.9,8.0,4800000.0,1.0,37.0,2015
2.0,3.4,1.0,4859000.0,1.0,29.3,1975
2.0,3.3,8.0,4850000.0,1.0,36.9,2017
2.0,2.5,11.0,4890000.0,1.0,24.0,2024
2.0,2.5,9.0,4850000.0,1.0,34.9,2018
2.0,2.5,12.0,4900000.0,1.0,49.0,2022
2.0,2.5,7.0,4900000.0,1.0,30.0,2020
2.0,4.0,4.0,4900000.0,1.0,27.9,1974
2.0,2.5,2.0,4900000.0,1.0,40.0,2008
2.0,4.4,13.0,4900000.0,1.0,46.0,2015
2.0,4.0,15.0,4900000.0,1.0,27.1,2025
2.0,2.5,5.0,4940000.0,1.0,42.0,2015
2.0,4.0,2.0,4900000.0,1.0,32.0,1984
2.0,3.3,3.0,4900000.0,1.0,34.6,2011
2.0,3.9,2.0,4900000.0,1.0,30.6,1959
2.0,4.4,4.0,4900000.0,1.0,40.5,2024
2.0,2.9,6.0,4900000.0,1.0,33.5,2014
2.0,4.0,8.0,4900000.0,1.0,20.9,2013
2.0,2.9,12.0,4900000.0,1.0,37.2,2021
2.0,3.9,2.0,4900000.0,1.0,30.0,1968
2.0,4.0,5.0,4900000.0,1.0,29.1,2022
2.0,2.9,6.0,4900000.0,1.0,37.7,2013
2.0,2.9,8.0,4900000.0,1.0,34.6,2015
2.0,2.9,9.0,4900000.0,1.0,39.7,2021
2.0,2.5,21.0,4900000.0,1.0,35.0,2015
2.0,4.0,24.0,4970000.0,1.0,27.7,2021
2.0,2.9,10.0,4999000.0,1.0,34.1,2013
2.0,3.4,5.0,4950000.0,1.0,42.0,1958
2.0,3.3,16.0,4950000.0,1.0,33.7,2025
2.0,3.9,1.0,4990000.0,1.0,41.7,1993
2.0,2.9,10.0,4950000.0,1.0,41.1,2009
2.0,2.9,1.0,4950000.0,1.0,36.4,2009
2.0,3.3,9.0,4950000.0,1.0,34.0,2017
2.0,3.4,15.0,4999000.0,1.0,29.8,2025
2.0,3.3,3.0,4990000.0,1.0,42.0,2024
2.0,4.2,3.0,4950000.0,1.0,32.0,1963
2.0,3.7,8.0,4950000.0,1.0,35.6,2018
2.0,3.3,6.0,4965000.0,1.0,33.9,2017
2.0,3.3,17.0,4950000.0,1.0,49.0,2015
2.0,2.9,2.0,4960000.0,1.0,38.54,2024
2.0,2.9,11.0,4970000.0,1.0,35.7,2023
2.0,3.3,11.0,4950000.0,1.0,34.5,2014
2.0,2.5,2.0,4999999.0,1.0,39.0,2020
2.0,3.3,2.0,5000000.0,1.0,36.1,2016
2.0,4.2,9.0,5000000.0,1.0,36.4,2012
2.0,2.9,11.0,5000000.0,1.0,38.0,2013
2.0,2.9,7.0,5000000.0,1.0,40.0,2021
2.0,3.4,9.0,5000000.0,1.0,28.9,1984
2.0,3.8,1.0,5000000.0,1.0,31.0,1962
2.0,3.7,7.0,5000000.0,1.0,41.8,2010
2.0,4.0,3.0,5000000.0,1.0,31.8,2022
2.0,2.5,14.0,5000000.0,1.0,30.3,2006
2.0,2.5,7.0,5000000.0,1.0,29.7,1970
2.0,3.4,9.0,5000000.0,1.0,40.0,2000
2.0,3.4,10.0,5000000.0,1.0,27.6,2022
2.0,2.9,17.0,5000000.0,1.0,33.8,2015
2.0,2.9,9.0,5000000.0,1.0,35.3,2024
2.0,2.9,12.0,5000000.0,1.0,35.3,2024
2.0,2.9,3.0,5000000.0,1.0,36.1,2012
2.0,4.4,1.0,5000000.0,1.0,36.7,2022
2.0,2.9,5.0,5000000.0,1.0,48.0,2015
2.0,2.5,9.0,5000000.0,1.0,44.7,2010
2.0,4.0,1.0,5000000.0,1.0,38.0,2006
2.0,3.3,4.0,5000000.0,1.0,35.0,2008
2.0,2.5,2.0,5000000.0,1.0,28.0,2010
2.0,2.9,9.0,5050000.0,1.0,45.8,2007
2.0,3.3,6.0,5090000.0,1.0,33.8,2013
2.0,2.5,9.0,5100000.0,1.0,35.8,2005
2.0,4.2,3.0,5100000.0,1.0,35.0,2013
2.0,4.0,12.0,5100000.0,1.0,28.2,2025
2.0,2.9,7.0,5100000.0,1.0,32.7,2017
2.0,4.0,22.0,5100000.0,1.0,30.31,2025
2.0,2.5,4.0,5100000.0,1.0,37.1,2014
2.0,3.3,7.0,5100000.0,1.0,37.2,2017
2.0,3.3,17.0,5100000.0,1.0,36.6,2019
2.0,3.7,15.0,5115900.0,1.0,42.0,2024
2.0,3.7,7.0,5100000.0,1.0,37.9,1997
2.0,3.3,8.0,5100000.0,1.0,37.5,2010
2.0,3.7,10.0,5100000.0,1.0,40.3,2024
2.0,3.3,15.0,5100000.0,1.0,59.3,2015
2.0,3.4,11.0,5100000.0,1.0,45.3,2014
2.0,3.3,10.0,5100000.0,1.0,37.5,1989
2.0,3.3,4.0,5100000.0,1.0,39.4,2021
2.0,3.7,7.0,5179500.0,1.0,42.7,2025
2.0,4.0,6.0,5150000.0,1.0,30.6,2020
2.0,3.7,2.0,5150000.0,1.0,49.68,2021
2.0,2.5,10.0,5150000.0,1.0,28.99,2026
2.0,3.3,15.0,5150000.0,1.0,41.3,2011
2.0,3.3,8.0,5150000.0,1.0,36.1,2024
2.0,2.9,4.0,5150000.0,1.0,38.0,2015
2.0,2.9,4.0,5150000.0,1.0,36.0,2013
2.0,2.9,9.0,5150000.0,1.0,34.0,2024
2.0,4.4,15.0,5150000.0,1.0,39.9,2013
2.0,2.5,6.0,5200000.0,1.0,36.4,2020
2.0,2.9,1.0,5230000.0,1.0,31.8,2004
2.0,2.5,3.0,5200000.0,1.0,33.0,2013
2.0,3.3,7.0,5200000.0,1.0,36.7,2026
2.0,2.5,6.0,5200000.0,1.0,35.2,1984
2.0,2.5,16.0,5200000.0,1.0,24.0,2017
2.0,4.0,3.0,5200000.0,1.0,35.0,1980
2.0,2.5,1.0,5200000.0,1.0,38.4,2021
2.0,3.8,4.0,5200000.0,1.0,37.3,1982
2.0,2.9,2.0,5200000.0,1.0,42.8,2015
2.0,3.7,7.0,5200000.0,1.0,35.6,2025
2.0,3.4,9.0,5200000.0,1.0,32.2,2012
2.0,3.7,11.0,5200000.0,1.0,40.2,2023
2.0,4.0,2.0,5200000.0,1.0,31.0,1963
2.0,3.7,5.0,5290000.0,1.0,44.0,2016
2.0,2.9,4.0,5290000.0,1.0,51.2,2016
2.0,2.5,18.0,5250000.0,1.0,40.2,2012
2.0,2.5,13.0,5270000.0,1.0,46.0,2016
2.0,3.4,2.0,5250000.0,1.0,42.7,2019
2.0,2.5,4.0,5250000.0,1.0,40.4,2020
2.0,4.0,14.0,5300000.0,1.0,28.0,2013
2.0,2.9,4.0,5300000.0,1.0,28.4,2026
2.0,2.5,9.0,5300000.0,1.0,32.7,2026
2.0,3.3,7.0,5300000.0,1.0,37.8,2023
2.0,3.7,8.0,5300000.0,1.0,36.0,2009
2.0,2.5,8.0,5300000.0,1.0,57.0,2010
2.0,3.4,4.0,5300000.0,1.0,32.0,2025
2.0,3.3,9.0,5300000.0,1.0,36.1,2024
2.0,4.0,17.0,5300000.0,1.0,29.0,2023
2.0,2.9,6.0,5300000.0,1.0,43.1,2024
2.0,2.9,9.0,5300000.0,1.0,34.8,2024
2.0,2.5,19.0,5300000.0,1.0,40.3,2014
2.0,2.9,6.0,5300000.0,1.0,38.3,2015
2.0,2.5,7.0,5300000.0,1.0,61.4,2020
2.0,4.0,4.0,5300000.0,1.0,29.0,2022
2.0,3.3,6.0,5300000.0,1.0,41.5,2022
2.0,2.5,1.0,5350000.0,1.0,36.2,2007
2.0,4.0,8.0,5390000.0,1.0,32.5,1997
2.0,2.5,9.0,5350000.0,1.0,58.5,2020
2.0,3.7,14.0,5350000.0,1.0,41.3,2009
2.0,3.3,2.0,5400000.0,1.0,37.2,2016
2.0,4.0,1.0,5444000.0,1.0,38.5,2017
2.0,2.9,17.0,5400000.0,1.0,32.2,2019
2.0,3.8,2.0,5440000.0,1.0,30.3,2007
2.0,2.9,4.0,5400000.0,1.0,33.0,2013
2.0,4.0,3.0,5400000.0,1.0,31.7,2022
2.0,3.3,7.0,5400000.0,1.0,38.0,2025
2.0,4.0,1.0,5450000.0,1.0,39.1,2022
2.0,2.5,22.0,5499000.0,1.0,32.5,2015
2.0,2.5,10.0,5480000.0,1.0,36.89,2026
2.0,3.7,6.0,5490000.0,1.0,47.9,2010
2.0,4.4,25.0,5499000.0,1.0,40.0,2013
2.0,3.3,16.0,5450000.0,1.0,38.4,2022
2.0,2.9,3.0,5490000.0,1.0,34.6,2004
2.0,4.4,2.0,5500000.0,1.0,37.0,2013
2.0,3.4,3.0,5500000.0,1.0,42.3,2024
2.0,2.5,9.0,5500000.0,1.0,26.6,2021
2.0,3.4,13.0,5500000.0,1.0,37.5,2024
2.0,3.3,13.0,5500000.0,1.0,36.6,2022
2.0,2.5,1.0,5500000.0,1.0,34.5,2018
2.0,4.0,3.0,5500000.0,1.0,31.6,1976
2.0,2.5,3.0,5500000.0,1.0,37.2,2014
2.0,3.3,11.0,5500000.0,1.0,40.0,2022
2.0,3.3,11.0,5590000.0,1.0,36.7,2017
2.0,3.3,6.0,5500000.0,1.0,33.2,2017
2.0,2.5,2.0,5500000.0,1.0,38.8,2021
2.0,3.3,5.0,5500000.0,1.0,43.4,2011
2.0,3.7,16.0,5500000.0,1.0,43.0,2020
2.0,2.5,4.0,5500000.0,1.0,38.0,2019
2.0,3.3,10.0,5500000.0,1.0,39.1,2019
2.0,4.2,6.0,5500000.0,1.0,35.0,1969
2.0,2.9,4.0,5500000.0,1.0,36.0,2015
2.0,4.4,2.0,5500000.0,1.0,39.4,2025
2.0,2.9,2.0,5500000.0,1.0,39.7,2009
2.0,2.9,16.0,5500000.0,1.0,32.5,2015
2.0,2.5,6.0,5500000.0,1.0,40.6,2020
2.0,3.7,5.0,5500000.0,1.0,41.5,2015
2.0,3.7,1.0,5500000.0,1.0,58.7,2017
2.0,2.9,10.0,5500000.0,1.0,39.8,2026
2.0,3.7,23.0,5600000.0,1.0,29.3,2017
2.0,3.4,3.0,5600000.0,1.0,33.9,2004
2.0,4.2,1.0,5600000.0,1.0,38.6,1993
2.0,3.3,16.0,5600000.0,1.0,37.0,2017
2.0,3.4,2.0,5600000.0,1.0,35.7,2020
2.0,3.4,17.0,5600000.0,1.0,39.3,2019
2.0,3.9,4.0,5600000.0,1.0,33.0,1975
2.0,2.9,14.0,5600000.0,1.0,45.8,2018
2.0,4.2,11.0,5600000.0,1.0,47.3,2013
2.0,3.8,5.0,5650000.0,1.0,35.0,1986
2.0,3.8,3.0,5650000.0,1.0,31.0,1967
2.0,4.4,6.0,5690000.0,1.0,38.4,2020
2.0,3.4,11.0,5699000.0,1.0,31.1,2019
2.0,3.4,15.0,5690000.0,1.0,36.3,2015
2.0,4.0,3.0,5650000.0,1.0,35.2,2021
2.0,4.0,9.0,5650000.0,1.0,49.0,2015
2.0,2.5,6.0,5675000.0,1.0,40.67,2026
2.0,4.4,16.0,5650000.0,1.0,37.3,2021
2.0,2.5,5.0,5700000.0,1.0,30.0,2021
2.0,3.4,3.0,5700000.0,1.0,42.46,2022
2.0,2.5,1.0,5700000.0,1.0,44.0,2005
2.0,3.3,17.0,5700000.0,1.0,36.7,2019
2.0,2.5,19.0,5700000.0,1.0,48.1,2014
2.0,2.9,4.0,5700000.0,1.0,35.4,2015
2.0,4.4,8.0,5700000.0,1.0,35.8,2017
2.0,3.3,12.0,5700000.0,1.0,36.6,2021
2.0,2.5,3.0,5700000.0,1.0,31.2,1991
2.0,3.7,3.0,5700000.0,1.0,31.1,2017
2.0,2.5,1.0,5750000.0,1.0,41.8,2020
2.0,4.0,7.0,5750000.0,1.0,26.2,2024
2.0,4.2,1.0,5790000.0,1.0,30.9,1962
2.0,4.2,7.0,5800000.0,1.0,35.2,1979
2.0,2.5,3.0,5800000.0,1.0,27.0,2020
2.0,3.7,14.0,5800000.0,1.0,44.8,2019
2.0,4.4,17.0,5800000.0,1.0,40.7,2012
2.0,3.7,2.0,5800000.0,1.0,37.4,2021
2.0,3.3,11.0,5800000.0,1.0,27.7,2024
2.0,3.3,13.0,5800000.0,1.0,39.0,2017
2.0,4.0,3.0,5800000.0,1.0,35.8,1932
2.0,3.9,2.0,5800000.0,1.0,32.1,1960
2.0,2.5,9.0,5800000.0,1.0,29.98,2020
2.0,3.4,18.0,5800000.0,1.0,37.7,2019
2.0,2.5,9.0,5800000.0,1.0,40.0,2020
2.0,2.9,5.0,5800000.0,1.0,60.2,2020
2.0,3.4,9.0,5890000.0,1.0,29.11,2025
2.0,2.9,23.0,5850000.0,1.0,43.0,2025
2.0,3.7,8.0,5850000.0,1.0,41.6,2025
2.0,3.4,3.0,5950000.0,1.0,37.3,2017
2.0,2.5,1.0,5900000.0,1.0,35.1,2020
2.0,2.5,18.0,5900000.0,1.0,34.0,2025
2.0,2.9,8.0,5990000.0,1.0,36.8,2008
2.0,3.8,9.0,5999000.0,1.0,27.7,2014
2.0,2.5,8.0,5900000.0,1.0,24.3,2020
2.0,3.4,7.0,5900000.0,1.0,39.3,2010
2.0,2.5,8.0,5950000.0,1.0,37.5,2003
2.0,3.8,10.0,5900000.0,1.0,33.3,1994
2.0,2.5,4.0,5900000.0,1.0,27.3,2019
2.0,2.5,17.0,5950000.0,1.0,42.0,2017
2.0,3.7,12.0,5900000.0,1.0,45.0,2021
2.0,2.9,6.0,5950000.0,1.0,35.8,2014
2.0,3.3,4.0,5900000.0,1.0,36.9,2025
2.0,3.3,8.0,5900000.0,1.0,38.6,2017
2.0,4.2,3.0,6000000.0,1.0,32.2,1994
2.0,4.2,1.0,6000000.0,1.0,37.9,1994
2.0,2.5,4.0,6000000.0,1.0,42.0,2020
2.0,2.5,24.0,6000000.0,1.0,38.0,2020
2.0,4.2,13.0,6000000.0,1.0,48.3,2026
2.0,4.0,10.0,6000000.0,1.0,39.8,2011
2.0,2.9,6.0,6000000.0,1.0,44.2,2014
2.0,2.9,11.0,6000000.0,1.0,35.2,2025
2.0,4.2,2.0,6000000.0,1.0,23.8,2023
2.0,3.3,8.0,6000000.0,1.0,32.9,2017
2.0,2.5,5.0,6000000.0,1.0,40.0,2020
2.0,3.3,2.0,6000000.0,1.0,41.4,2025
2.0,4.0,9.0,6000000.0,1.0,37.0,2018
2.0,3.8,1.0,6000000.0,1.0,35.6,2007
2.0,4.4,6.0,6099000.0,1.0,38.7,2017
2.0,3.4,18.0,6080000.0,1.0,33.75,2025
2.0,2.9,3.0,6100000.0,1.0,37.2,2015
2.0,2.9,4.0,6100000.0,1.0,38.5,2014
2.0,3.3,6.0,6100000.0,1.0,48.8,2024
2.0,3.7,15.0,6100000.0,1.0,47.7,2017
2.0,4.4,14.0,6100000.0,1.0,40.9,2022
2.0,3.4,13.0,6100000.0,1.0,44.2,2014
2.0,2.5,9.0,6100000.0,1.0,24.3,2026
2.0,2.5,6.0,6100000.0,1.0,45.2,2015
2.0,2.9,3.0,6150000.0,1.0,36.2,2022
2.0,3.4,13.0,6150000.0,1.0,36.3,2022
2.0,2.5,7.0,6150000.0,1.0,44.9,2010
2.0,2.9,4.0,6200000.0,1.0,36.1,1960
2.0,2.5,4.0,6298000.0,1.0,39.1,2006
2.0,3.3,13.0,6200000.0,1.0,42.0,2016
2.0,2.9,1.0,6210000.0,1.0,38.6,2019
2.0,2.5,2.0,6200000.0,1.0,33.9,2000
2.0,4.0,2.0,6200000.0,1.0,39.1,2000
2.0,4.0,13.0,6200000.0,1.0,36.3,2016
2.0,3.8,1.0,6297000.0,1.0,31.8,2007
2.0,2.9,6.0,6200000.0,1.0,40.0,2008
2.0,2.5,6.0,6250000.0,1.0,36.6,2015
2.0,2.5,15.0,6249999.0,1.0,36.6,2016
2.0,2.9,13.0,6300000.0,1.0,24.8,2022
2.0,2.5,6.0,6300000.0,1.0,43.0,2024
2.0,2.9,16.0,6300000.0,1.0,37.6,2022
2.0,2.5,1.0,6300000.0,1.0,43.2,2012
2.0,4.4,4.0,6300000.0,1.0,42.0,2013
2.0,2.9,3.0,6300000.0,1.0,43.8,2007
2.0,4.2,1.0,6390000.0,1.0,37.9,1993
2.0,3.8,9.0,6380000.0,1.0,32.0,2007
2.0,2.9,10.0,6350000.0,1.0,39.6,2016
2.0,3.9,4.0,6350000.0,1.0,40.0,1960
2.0,4.0,6.0,6350000.0,1.0,31.77,2025
2.0,2.5,18.0,6370000.0,1.0,38.0,2026
2.0,3.7,8.0,6480000.0,1.0,42.9,2019
2.0,4.0,5.0,6450000.0,1.0,43.09,2011
2.0,3.9,9.0,6400000.0,1.0,27.7,2024
2.0,3.9,6.0,6400000.0,1.0,38.4,1985
2.0,2.5,22.0,6490000.0,1.0,37.0,2020
2.0,2.9,26.0,6400000.0,1.0,43.1,2015
2.0,3.3,5.0,6480000.0,1.0,43.2,2011
2.0,4.0,2.0,6490000.0,1.0,42.8,2022
2.0,2.5,2.0,6400000.0,1.0,46.7,2020
2.0,2.5,2.0,6400000.0,1.0,34.1,1996
2.0,4.0,4.0,6400000.0,1.0,35.8,1991
2.0,2.5,11.0,6500000.0,1.0,42.0,2021
2.0,4.0,7.0,6500000.0,1.0,36.7,2022
2.0,2.5,4.0,6500000.0,1.0,43.5,2008
2.0,4.2,1.0,6500000.0,1.0,30.7,1964
2.0,4.2,4.0,6500000.0,1.0,32.0,1994
2.0,3.8,3.0,6500000.0,1.0,34.9,1988
2.0,2.5,5.0,6500000.0,1.0,35.0,2016
2.0,2.9,7.0,6500000.0,1.0,44.8,2009
2.0,2.5,1.0,6500000.0,1.0,41.7,2015
2.0,4.2,1.0,6500000.0,1.0,32.4,1963
2.0,4.0,12.0,6500000.0,1.0,32.89,2025
2.0,4.0,18.0,6500000.0,1.0,35.0,2021
2.0,3.8,4.0,6500000.0,1.0,39.6,1962
2.0,2.5,5.0,6500000.0,1.0,31.3,1991
2.0,2.9,8.0,6500000.0,1.0,47.4,2013
2.0,4.2,9.0,6500000.0,1.0,54.7,2012
2.0,2.5,3.0,6500000.0,1.0,38.0,2012
2.0,2.9,8.0,6500000.0,1.0,31.44,2015
2.0,3.7,17.0,6500000.0,1.0,31.1,2022
2.0,3.7,3.0,6500000.0,1.0,45.0,2020
2.0,2.5,7.0,6500000.0,1.0,25.26,2025
2.0,3.4,9.0,6500000.0,1.0,38.0,2015
2.0,3.9,12.0,6500000.0,1.0,34.7,2024
2.0,4.0,21.0,6500000.0,1.0,40.4,2013
2.0,3.7,1.0,6590000.0,1.0,31.8,2016
2.0,4.0,21.0,6649000.0,1.0,40.0,2022
2.0,3.8,7.0,6600000.0,1.0,37.2,2007
2.0,4.0,9.0,6600000.0,1.0,38.4,2009
2.0,2.5,20.0,6600000.0,1.0,43.1,2017
2.0,4.0,6.0,6600000.0,1.0,45.9,2023
2.0,3.8,19.0,6600000.0,1.0,40.2,2007
2.0,3.4,16.0,6700000.0,1.0,35.0,2019
2.0,4.0,15.0,6700000.0,1.0,38.1,2019
2.0,2.5,19.0,6700000.0,1.0,38.0,2025
2.0,3.8,5.0,6700000.0,1.0,36.9,2021
2.0,3.8,11.0,6650000.0,1.0,26.2,2024
2.0,4.0,17.0,6700000.0,1.0,37.0,2011
2.0,2.5,6.0,6700000.0,1.0,28.0,2021
2.0,4.0,7.0,6700000.0,1.0,40.0,2012
2.0,2.5,2.0,6700000.0,1.0,36.6,2017
2.0,3.4,9.0,6700000.0,1.0,36.7,2007
2.0,3.9,3.0,6700000.0,1.0,34.5,1985
2.0,4.4,7.0,6700000.0,1.0,44.4,2007
2.0,3.4,2.0,6650000.0,1.0,45.0,2010
2.0,2.5,4.0,6730000.0,1.0,37.0,2020
2.0,3.4,11.0,6650000.0,1.0,43.0,2015
2.0,2.5,19.0,6680000.0,1.0,33.0,2019
2.0,3.4,11.0,6790000.0,1.0,40.15,2022
2.0,4.4,2.0,6750000.0,1.0,38.5,2019
2.0,2.9,18.0,6750000.0,1.0,39.0,2019
2.0,4.2,2.0,6750000.0,1.0,31.9,1962
2.0,4.4,13.0,6750000.0,1.0,45.0,2013
2.0,3.3,9.0,6750000.0,1.0,36.0,2025
2.0,3.7,7.0,6800000.0,1.0,41.1,2017
2.0,4.0,9.0,6800000.0,1.0,40.2,1998
2.0,2.9,3.0,6860000.0,1.0,39.2,2024
2.0,2.5,2.0,6800000.0,1.0,43.06,2025
2.0,4.0,12.0,6800000.0,1.0,22.0,2025
2.0,2.9,4.0,6850000.0,1.0,36.7,2025
2.0,2.9,3.0,6800000.0,1.0,42.4,2010
2.0,3.7,6.0,6890000.0,1.0,40.1,2006
2.0,2.5,16.0,6800000.0,1.0,37.2,2017
2.0,3.9,2.0,6890000.0,1.0,33.0,1973
2.0,3.4,11.0,6800000.0,1.0,33.0,2018
2.0,2.5,12.0,6800000.0,1.0,47.05,2025
2.0,3.4,4.0,6890000.0,1.0,40.6,2009
2.0,2.9,7.0,6800000.0,1.0,38.9,2019
2.0,4.0,7.0,6840000.0,1.0,35.5,2022
2.0,2.5,13.0,6800000.0,1.0,31.0,2017
2.0,2.5,4.0,6900000.0,1.0,37.8,2017
2.0,3.8,1.0,6900000.0,1.0,39.4,1998
2.0,2.5,16.0,6900000.0,1.0,31.0,2017
2.0,3.3,14.0,6900000.0,1.0,41.0,2009
2.0,4.0,2.0,6900000.0,1.0,28.7,2022
2.0,4.0,9.0,6900000.0,1.0,51.7,2023
2.0,4.0,1.0,6950000.0,1.0,43.0,2021
2.0,2.5,3.0,6990000.0,1.0,42.7,2024
2.0,2.5,4.0,6950000.0,1.0,36.2,2018
2.0,4.0,12.0,6980000.0,1.0,39.4,2021
2.0,2.5,2.0,6990000.0,1.0,50.9,2024
2.0,2.5,14.0,6950000.0,1.0,42.0,2024
2.0,2.9,4.0,6999000.0,1.0,39.7,2023
2.0,3.9,4.0,6990000.0,1.0,29.5,1969
2.0,4.0,2.0,6970000.0,1.0,45.0,2022
2.0,2.9,16.0,6950000.0,1.0,38.6,2019
2.0,3.7,12.0,6999000.0,1.0,34.9,2021
2.0,2.9,2.0,7000000.0,1.0,51.7,2007
2.0,2.5,10.0,7000000.0,1.0,28.2,2022
2.0,2.9,12.0,7000000.0,1.0,42.7,2015
2.0,3.4,10.0,7000000.0,1.0,41.5,2012
2.0,2.5,6.0,7000000.0,1.0,36.3,2014
2.0,2.9,2.0,7000000.0,1.0,41.0,2020
2.0,2.5,2.0,7000000.0,1.0,34.8,2024
2.0,2.9,2.0,7000000.0,1.0,40.3,2010
2.0,2.9,5.0,7000000.0,1.0,47.0,2015
2.0,3.9,7.0,7000000.0,1.0,33.0,1975
2.0,3.9,17.0,7000000.0,1.0,28.9,2016
2.0,2.5,6.0,7049999.0,1.0,45.8,2015
2.0,2.5,13.0,7100000.0,1.0,32.7,2019
2.0,2.9,7.0,7100000.0,1.0,40.7,2005
2.0,4.0,4.0,7100000.0,1.0,46.0,2022
2.0,2.9,19.0,7100000.0,1.0,34.0,2015
2.0,3.8,5.0,7100000.0,1.0,43.8,1930
2.0,4.0,1.0,7200000.0,1.0,42.0,2022
2.0,3.8,20.0,7200000.0,1.0,40.13,2028
2.0,3.7,9.0,7200000.0,1.0,30.4,2017
2.0,4.2,3.0,7200000.0,1.0,32.2,1963
2.0,3.9,2.0,7280000.0,1.0,35.6,1995
2.0,2.5,4.0,7250000.0,1.0,41.5,2025
2.0,2.5,18.0,7300000.0,1.0,38.4,2025
2.0,2.9,10.0,7300000.0,1.0,39.5,2016
2.0,4.0,11.0,7300000.0,1.0,38.8,2018
2.0,4.0,1.0,7300000.0,1.0,51.0,2007
2.0,2.9,12.0,7300000.0,1.0,52.8,2003
2.0,4.2,2.0,7400000.0,1.0,29.3,1969
2.0,2.5,7.0,7400000.0,1.0,40.1,2020
2.0,4.0,16.0,7350000.0,1.0,43.0,2022
2.0,4.4,4.0,7350000.0,1.0,54.3,2014
2.0,2.5,2.0,7400000.0,1.0,46.0,2007
2.0,2.5,8.0,7400000.0,1.0,49.0,2020
2.0,2.5,19.0,7390000.0,1.0,39.6,2020
2.0,2.5,4.0,7350000.0,1.0,35.3,2020
2.0,4.0,11.0,7450000.0,1.0,35.6,2026
2.0,3.7,7.0,7500000.0,1.0,30.9,2016
2.0,3.8,8.0,7500000.0,1.0,22.7,2022
2.0,2.5,17.0,7500000.0,1.0,37.6,2023
2.0,3.8,12.0,7500000.0,1.0,38.9,2021
2.0,4.0,7.0,7500000.0,1.0,39.0,2023
2.0,3.4,3.0,7590000.0,1.0,42.2,2022
2.0,3.9,9.0,7500000.0,1.0,33.0,1977
2.0,2.9,7.0,7500000.0,1.0,39.7,2012
2.0,2.5,17.0,7500000.0,1.0,28.8,2015
2.0,4.0,7.0,7500000.0,1.0,37.2,2022
2.0,4.0,10.0,7500000.0,1.0,46.1,2023
2.0,3.9,12.0,7500000.0,1.0,32.8,2002
2.0,2.5,9.0,7630000.0,1.0,44.0,2011
2.0,2.5,19.0,7600000.0,1.0,38.4,2013
2.0,2.5,6.0,7700000.0,1.0,39.9,2014
2.0,4.0,10.0,7700000.0,1.0,32.0,2024
2.0,2.5,3.0,7690000.0,1.0,51.5,2025
2.0,2.5,11.0,7690000.0,1.0,42.0,2020
2.0,2.5,2.0,7800000.0,1.0,42.6,2022
2.0,2.5,17.0,7800000.0,1.0,39.3,2013
2.0,2.5,9.0,7750000.0,1.0,49.7,2025
2.0,2.5,13.0,7800000.0,1.0,34.9,2020
2.0,2.5,5.0,7800000.0,1.0,34.2,2019
2.0,4.0,6.0,7800000.0,1.0,46.1,2023
2.0,3.7,5.0,7800000.0,1.0,39.9,2017
2.0,2.9,4.0,7850000.0,1.0,36.96,2026
2.0,3.8,14.0,7880000.0,1.0,38.2,2007
2.0,3.9,3.0,7990000.0,1.0,39.0,2002
2.0,3.9,5.0,7900000.0,1.0,38.7,1993
2.0,3.8,14.0,7990000.0,1.0,46.1,2016
2.0,3.8,15.0,7990000.0,1.0,39.4,2024
2.0,2.5,2.0,7900000.0,1.0,37.3,2021
2.0,3.4,3.0,7999000.0,1.0,41.0,2018
2.0,3.8,7.0,7980000.0,1.0,30.0,2007
2.0,3.3,6.0,8000000.0,1.0,33.0,2025
2.0,3.4,6.0,8000000.0,1.0,41.0,2019
2.0,3.4,23.0,8000000.0,1.0,50.0,2019
2.0,3.4,10.0,8000000.0,1.0,41.96,2025
2.0,2.5,7.0,8000000.0,1.0,48.0,2020
2.0,4.0,6.0,8000000.0,1.0,50.19,2022
2.0,2.5,14.0,8100000.0,1.0,36.2,2020
2.0,2.5,11.0,8100000.0,1.0,35.5,2020
2.0,2.5,12.0,8100000.0,1.0,43.1,2016
2.0,4.0,16.0,8100000.0,1.0,39.0,2016
2.0,3.8,21.0,8100000.0,1.0,47.7,2007
2.0,3.9,8.0,8100000.0,1.0,46.2,2024
2.0,4.0,10.0,8100000.0,1.0,51.7,2023
2.0,3.3,9.0,8200000.0,1.0,39.3,2018
2.0,3.8,14.0,8200000.0,1.0,46.2,2007
2.0,4.0,11.0,8200000.0,1.0,40.1,2005
2.0,3.4,5.0,8200000.0,1.0,43.0,2013
2.0,3.8,25.0,8250000.0,1.0,38.9,2007
2.0,4.0,9.0,8300000.0,1.0,37.6,2023
2.0,3.8,11.0,8300000.0,1.0,43.4,2016
2.0,3.3,21.0,8450000.0,1.0,40.0,2018
2.0,4.0,4.0,8400000.0,1.0,46.0,2010
2.0,3.8,6.0,8500000.0,1.0,35.8,2014
2.0,3.9,3.0,8500000.0,1.0,35.8,2021
2.0,2.9,20.0,8500000.0,1.0,40.2,2025
2.0,3.9,3.0,8500000.0,1.0,38.8,2016
2.0,3.9,23.0,8500000.0,1.0,38.9,2015
2.0,3.8,13.0,8500000.0,1.0,42.6,2015
2.0,3.7,23.0,8500000.0,1.0,41.0,2025
2.0,4.0,15.0,8500000.0,1.0,45.3,2014
2.0,3.3,8.0,8500000.0,1.0,39.7,2020
2.0,3.8,12.0,8500000.0,1.0,41.79,2024
2.0,3.8,4.0,8550000.0,1.0,53.4,2012
2.0,4.0,15.0,8600000.0,1.0,51.2,2023
2.0,2.5,7.0,8700000.0,1.0,43.9,2008
2.0,3.8,16.0,8700000.0,1.0,34.1,2019
2.0,3.8,8.0,8699000.0,1.0,63.7,2001
2.0,4.0,5.0,8800000.0,1.0,38.9,2024
2.0,2.5,5.0,8950000.0,1.0,41.4,2017
2.0,4.0,4.0,8900000.0,1.0,48.1,2018
2.0,2.5,16.0,8930000.0,1.0,40.5,2016
2.0,4.0,11.0,8990000.0,1.0,37.6,2023
2.0,2.5,5.0,9000000.0,1.0,42.2,2010
2.0,3.8,12.0,9000000.0,1.0,60.0,2011
2.0,3.8,13.0,9000000.0,1.0,39.2,2014
2.0,2.5,5.0,9000000.0,1.0,43.4,2019
2.0,3.9,5.0,9000000.0,1.0,42.5,2016
2.0,3.9,7.0,9000000.0,1.0,39.0,2022
2.0,3.4,5.0,9000000.0,1.0,41.0,2023
2.0,2.5,2.0,9100000.0,1.0,49.1,2008
2.0,2.5,10.0,9100000.0,1.0,35.3,2025
2.0,3.7,13.0,9200000.0,1.0,38.7,2017
2.0,4.2,2.0,9400000.0,1.0,30.2,1994
2.0,2.5,4.0,9350000.0,1.0,51.0,2015
2.0,3.8,15.0,9400000.0,1.0,55.0,2018
2.0,2.5,6.0,9460000.0,1.0,62.1,2020
2.0,3.4,21.0,9450000.0,1.0,43.2,2019
2.0,4.0,3.0,9500000.0,1.0,52.0,2022
2.0,2.5,4.0,9600000.0,1.0,38.2,2021
2.0,4.2,6.0,9700000.0,1.0,30.0,1973
2.0,4.0,12.0,9700000.0,1.0,68.5,2023
2.0,4.0,11.0,9700000.0,1.0,68.5,2023
2.0,3.9,3.0,9650000.0,1.0,42.0,2018
2.0,2.5,5.0,9990000.0,1.0,39.0,2020
2.0,4.0,6.0,10000000.0,1.0,41.4,2024
2.0,3.8,8.0,10000000.0,1.0,54.0,2011
2.0,2.5,3.0,9950000.0,1.0,35.0,2014
2.0,2.5,2.0,10000000.0,1.0,55.5,2019
2.0,3.3,15.0,10120000.0,1.0,46.0,2022
2.0,3.8,17.0,10189000.0,1.0,51.7,2012
2.0,3.8,4.0,10390000.0,1.0,48.0,2007
2.0,3.9,12.0,10350000.0,1.0,45.0,2024
2.0,4.2,8.0,10500000.0,1.0,45.3,1994
2.0,4.0,19.0,10599000.0,1.0,52.0,2022
2.0,2.5,20.0,10800000.0,1.0,36.8,2023
2.0,3.9,23.0,10999000.0,1.0,39.0,2021
2.0,4.0,12.0,11000000.0,1.0,45.8,2022
2.0,3.8,4.0,11000000.0,1.0,54.0,2007
2.0,3.4,8.0,11500000.0,1.0,39.5,2025
2.0,2.5,13.0,11900000.0,1.0,45.0,2020
2.0,3.8,5.0,12000000.0,1.0,52.7,2007
2.0,3.9,14.0,12000000.0,1.0,40.7,2002
2.0,3.9,12.0,12233333.0,1.0,34.0,2024
2.0,4.0,10.0,12500000.0,1.0,59.34,2025
2.0,4.0,2.0,12700000.0,1.0,54.4,2025
2.0,4.0,3.0,12800000.0,1.0,63.2,2011
2.0,4.0,1.0,13000000.0,1.0,46.2,2022
2.0,4.0,9.0,13000000.0,1.0,44.3,2022
2.0,3.9,7.0,13000000.0,1.0,50.3,2017
2.0,3.8,6.0,13000000.0,1.0,43.0,2007
2.0,2.5,23.0,13200000.0,1.0,50.0,2020
2.0,4.0,23.0,13500000.0,1.0,61.1,2018
2.0,3.8,9.0,9800000.0,2.0,52.4,2011
2.0,4.0,14.0,10500000.0,2.0,73.03,2022
2.0,4.0,16.0,9500000.0,2.0,53.9,2017
2.0,2.5,7.0,42000000.0,2.0,76.0,2022
2.0,4.0,1.0,25000000.0,2.0,76.4,2019
2.0,4.0,10.0,9300000.0,2.0,64.5,2022
2.0,2.5,20.0,14600000.0,2.0,56.0,2023
2.0,2.5,14.0,12900000.0,2.0,54.1,2021
2.0,4.0,4.0,10800000.0,2.0,39.0,2022
2.0,3.8,3.0,13000000.0,2.0,74.5,2009
2.0,2.9,1.0,3200000.0,1.0,30.0,1975
5.0,4.2,2.0,3500000.0,1.0,43.2,2024
2.0,2.5,3.0,3700000.0,1.0,27.8,1989
2.0,2.5,1.0,3900000.0,1.0,42.3,2020
2.0,4.0,7.0,4000000.0,1.0,30.0,1987
2.0,4.0,3.0,9700000.0,1.0,39.7,2023
4.0,3.4,2.0,9328000.0,2.0,44.0,2028
2.0,3.4,10.0,7400000.0,2.0,41.0,2024
2.0,3.7,10.0,5000000.0,2.0,56.4,2014
4.0,3.3,6.0,6459200.0,2.0,36.7,2027
2.0,2.5,6.0,7256985.0,2.0,42.0,2009
2.0,3.7,8.0,3900000.0,2.0,45.9,1976
4.0,3.4,3.0,11460000.0,2.0,48.66,2028
2.0,2.9,4.0,12500000.0,2.0,75.1,2010
2.0,4.2,1.0,6500000.0,2.0,51.9,1974
4.0,3.4,1.0,10917200.0,2.0,55.7,2028
2.0,4.0,9.0,12000000.0,2.0,59.78,2025
2.0,4.0,9.0,12000000.0,2.0,59.78,2024
4.0,2.9,14.0,5400000.0,2.0,59.7,2022
2.0,4.2,3.0,4290000.0,2.0,44.9,1972
2.0,3.4,2.0,4400000.0,2.0,42.0,1961
4.0,4.0,11.0,8230000.0,2.0,59.7,2028
2.0,3.4,3.0,4550000.0,2.0,48.9,2019
2.0,3.3,5.0,4990000.0,2.0,42.6,1963
4.0,4.0,24.0,9500000.0,2.0,54.5,2026
2.0,3.7,2.0,5500000.0,2.0,56.0,2024
2.0,2.5,10.0,5400000.0,2.0,50.0,2007
4.0,3.3,3.0,7490900.0,2.0,43.3,2027
2.0,3.7,8.0,6400000.0,2.0,52.5,2015
2.0,2.5,10.0,5500000.0,2.0,52.0,1989
4.0,2.5,16.0,11582500.0,2.0,56.5,2028
2.0,2.9,12.0,6500000.0,2.0,42.4,2025
2.0,2.9,9.0,6050000.0,2.0,47.2,1982
4.0,3.4,6.0,13890000.0,2.0,74.26,2028
2.0,2.9,5.0,3300000.0,2.0,44.2,1966
4.0,2.9,4.0,9703000.0,2.0,42.38,2026
2.0,3.7,1.0,3200000.0,2.0,44.9,1966
4.0,4.0,18.0,11500000.0,2.0,59.8,2026
2.0,3.7,5.0,3700000.0,2.0,43.1,1970
4.0,3.3,6.0,9687830.0,2.0,57.7,2027
2.0,2.9,2.0,4250000.0,2.0,43.6,1968
4.0,3.4,7.0,12460000.0,2.0,67.49,2028
2.0,2.5,3.0,9200000.0,2.0,56.0,2008
4.0,3.4,7.0,13868800.0,2.0,70.4,2028
2.0,2.9,6.0,4780000.0,2.0,48.0,2015
4.0,3.4,13.0,14640000.0,2.0,74.73,2028
2.0,2.5,2.0,8590000.0,2.0,64.0,2024
2.0,3.3,4.0,3000000.0,2.0,43.4,1966
4.0,3.7,23.0,6700000.0,2.0,46.26,2026
2.0,3.7,3.0,8700000.0,2.0,68.5,2023
2.0,4.0,16.0,9500000.0,2.0,53.9,2017
4.0,4.0,3.0,8770000.0,2.0,62.7,2028
2.0,2.9,23.0,9290000.0,2.0,40.0,2022
2.0,2.9,2.0,4000000.0,2.0,41.6,1984
4.0,3.3,8.0,5925495.0,2.0,45.6,2028
2.0,2.9,8.0,10200000.0,2.0,70.0,2007
2.0,3.4,5.0,3400000.0,2.0,42.0,1962
4.0,4.0,9.0,11560000.0,2.0,81.53,2026
2.0,3.7,10.0,4150000.0,2.0,37.3,2017
2.0,4.4,2.0,3500000.0,2.0,47.4,2013
4.0,4.0,14.0,11000000.0,2.0,48.0,2026
2.0,4.2,1.0,4200000.0,2.0,75.4,2024
2.0,3.7,1.0,3890000.0,2.0,42.8,1965
4.0,3.3,19.0,7749720.0,2.0,45.6,2027
2.0,2.9,4.0,4300000.0,2.0,45.0,2015
2.0,2.5,1.0,4100000.0,2.0,63.9,2024
4.0,2.5,6.0,13576471.0,2.0,65.28,2027
2.0,2.5,4.0,4500000.0,2.0,45.0,1959
5.0,3.7,1.0,4200000.0,2.0,42.9,2017
4.0,4.0,7.0,9000000.0,2.0,63.6,2028
2.0,3.4,5.0,4599000.0,2.0,43.0,1965
2.0,4.0,3.0,4200000.0,2.0,45.7,1961
4.0,3.3,4.0,10563371.0,2.0,63.7,2027
2.0,2.9,4.0,4250000.0,2.0,44.7,2015
2.0,2.9,2.0,9790000.0,2.0,60.3,2027
2.0,4.0,1.0,4899000.0,2.0,52.7,2012
2.0,2.9,2.0,4290000.0,2.0,44.0,1982
4.0,2.5,2.0,15750000.0,2.0,90.0,2025
2.0,4.0,5.0,4900000.0,2.0,44.4,1969
2.0,2.5,1.0,4250000.0,2.0,44.0,1980
4.0,3.3,16.0,10414600.0,2.0,60.2,2027
2.0,3.4,9.0,5100000.0,2.0,44.0,2019
5.0,4.4,6.0,4300000.0,2.0,43.1,1988
4.0,2.5,19.0,12917647.0,2.0,62.02,2027
2.0,4.4,6.0,5148000.0,2.0,37.0,2013
2.0,3.4,5.0,4400000.0,2.0,43.1,2019
2.0,2.9,8.0,11390000.0,2.0,68.18,2026
2.0,2.9,3.0,5250000.0,2.0,41.0,2013
2.0,3.3,2.0,4400000.0,2.0,42.5,1960
4.0,4.0,15.0,10400000.0,2.0,46.2,2026
2.0,3.9,4.0,5300000.0,2.0,49.3,1935
2.0,3.4,3.0,4450000.0,2.0,43.2,1975
4.0,2.5,7.0,13658824.0,2.0,62.85,2027
2.0,2.9,5.0,5300000.0,2.0,52.3,2015
2.0,2.9,1.0,4500000.0,2.0,46.4,2015
4.0,3.3,2.0,5212092.0,2.0,40.7,2028
2.0,2.9,1.0,5350000.0,2.0,50.3,1992
2.0,3.3,1.0,4500000.0,2.0,38.0,2023
4.0,4.0,11.0,12400000.0,2.0,57.4,2028
2.0,2.5,8.0,5390000.0,2.0,50.8,1986
2.0,3.4,5.0,4500000.0,2.0,43.2,1975
4.0,3.4,4.0,7864480.0,2.0,39.52,2025
2.0,3.4,6.0,5400000.0,2.0,42.3,2019
2.0,3.7,1.0,4550000.0,2.0,42.6,1964
2.0,2.9,2.0,11090000.0,2.0,69.46,2026
2.0,2.9,9.0,5570000.0,2.0,50.6,2015
2.0,2.5,3.0,4800000.0,2.0,43.0,2020
4.0,4.0,19.0,12550000.0,2.0,63.5,2028
2.0,3.9,1.0,5500000.0,2.0,43.3,1967
2.0,3.3,4.0,4999999.0,2.0,37.3,2017
4.0,2.9,17.0,6700000.0,2.0,59.0,2025
2.0,2.9,1.0,3900000.0,2.0,42.9,2015
2.0,3.4,2.0,6000000.0,2.0,49.9,2008
4.0,4.0,14.0,11847059.0,2.0,53.87,2026
2.0,3.7,14.0,3750000.0,2.0,42.0,2014
4.0,2.9,2.0,10103000.0,2.0,45.96,2026
2.0,2.5,4.0,6050000.0,2.0,42.0,1967
2.0,4.0,9.0,6300000.0,2.0,45.6,2022
4.0,2.5,26.0,13588235.0,2.0,68.71,2027
2.0,3.3,7.0,5050000.0,2.0,52.6,1978
4.0,4.0,3.0,10562580.0,2.0,49.8,2025
2.0,4.0,5.0,6180000.0,2.0,43.1,1973
2.0,3.8,7.0,8600000.0,2.0,53.9,2007
4.0,3.4,17.0,11400000.0,2.0,65.5,2025
2.0,2.5,9.0,10500000.0,2.0,67.6,2020
2.0,2.9,4.0,4100000.0,2.0,44.1,1964
4.0,2.5,2.0,22820000.0,2.0,159.7,2025
2.0,2.5,2.0,7950000.0,2.0,54.8,1994
2.0,3.7,3.0,3350000.0,2.0,44.0,1979
4.0,4.0,23.0,9764706.0,2.0,37.68,2026
2.0,2.9,4.0,9700000.0,2.0,60.7,2020
5.0,3.8,1.0,7200000.0,2.0,46.0,1962
4.0,2.5,2.0,21800000.0,2.0,130.6,2025
2.0,2.5,4.0,5500000.0,2.0,58.1,2020
2.0,3.7,5.0,3350000.0,2.0,43.7,1967
4.0,3.9,14.0,10600000.0,2.0,48.4,2025
2.0,2.9,2.0,3770000.0,2.0,44.4,1975
4.0,4.0,25.0,9717647.0,2.0,35.7,2026
2.0,3.8,3.0,5900000.0,2.0,41.0,1960
2.0,3.3,4.0,5590000.0,2.0,58.4,1954
4.0,3.9,6.0,13300000.0,2.0,56.8,2024
2.0,3.9,4.0,6400000.0,2.0,40.1,1969
4.0,3.8,29.0,20960000.0,2.0,132.35,2026
2.0,3.8,5.0,7500000.0,2.0,43.3,1964
2.0,3.7,3.0,4070000.0,2.0,44.1,1973
4.0,3.3,5.0,6377940.0,2.0,50.8,2028
4.0,3.8,8.0,22100000.0,2.0,202.5,2024
4.0,4.0,8.0,14210000.0,2.0,77.26,2026
2.0,3.3,9.0,7500000.0,2.0,53.0,2024
2.0,4.0,10.0,9300000.0,2.0,64.5,2022
4.0,3.9,4.0,9100000.0,2.0,46.51,2028
2.0,3.9,6.0,5550000.0,2.0,44.9,1982
4.0,4.0,13.0,11900000.0,2.0,42.2,2024
2.0,4.0,6.0,9990000.0,2.0,54.1,2007
2.0,2.9,5.0,3250000.0,2.0,44.0,2015
4.0,3.7,20.0,6650000.0,2.0,46.26,2026
2.0,3.4,3.0,11000000.0,2.0,46.0,2020
2.0,3.4,2.0,8720000.0,2.0,51.89,2028
4.0,3.4,8.0,10740600.0,2.0,59.67,2025
2.0,3.7,2.0,3750000.0,2.0,45.3,2017
4.0,3.7,4.0,5700000.0,2.0,42.0,2028
2.0,3.4,4.0,6800000.0,2.0,43.5,1969
2.0,4.0,5.0,3900000.0,2.0,37.1,1988
4.0,2.5,4.0,8498900.0,2.0,68.77,2026
2.0,2.5,4.0,9900000.0,2.0,59.7,2024
2.0,3.7,1.0,2500000.0,2.0,31.0,2013
4.0,3.8,27.0,20540000.0,2.0,129.61,2027
2.0,2.5,19.0,13600000.0,2.0,59.0,2025
2.0,2.9,5.0,4099000.0,2.0,44.6,1968
4.0,2.9,1.0,5552100.0,2.0,43.86,2026
2.0,2.9,7.0,7177000.0,2.0,50.7,1996
4.0,3.3,2.0,6928128.0,2.0,54.1,2028
2.0,4.0,1.0,10000000.0,2.0,70.5,2013
2.0,3.7,2.0,3299000.0,2.0,39.3,2017
4.0,3.9,8.0,10725000.0,2.0,50.89,2028
2.0,4.0,5.0,4050000.0,2.0,36.5,1987
4.0,2.9,7.0,10925450.0,2.0,62.0,2026
2.0,2.5,1.0,5700000.0,2.0,61.9,1964
2.0,3.7,1.0,3760000.0,2.0,44.0,1966
4.0,4.0,9.0,12650000.0,2.0,63.77,2026
2.0,3.3,17.0,7000000.0,2.0,43.0,2021
2.0,3.4,2.0,4100000.0,2.0,34.0,1960
4.0,3.9,13.0,12000000.0,2.0,48.8,2024
2.0,2.9,2.0,6200000.0,2.0,45.1,2015
2.0,3.4,5.0,4190000.0,2.0,44.4,1964
4.0,3.7,12.0,7220000.0,2.0,46.63,2026
2.0,2.5,10.0,9600000.0,2.0,65.0,2013
2.0,3.3,5.0,5990000.0,2.0,44.8,2017
2.0,3.8,1.0,8400000.0,2.0,52.8,1986
2.0,4.2,4.0,5950000.0,2.0,65.3,1999
2.0,2.9,2.0,7100000.0,2.0,52.1,2015
2.0,3.9,5.0,6000000.0,2.0,42.5,1966
4.0,2.5,2.0,7200000.0,2.0,44.5,2026
2.0,2.9,9.0,6700000.0,2.0,51.6,2023
4.0,3.4,4.0,11095040.0,2.0,63.04,2025
2.0,3.4,8.0,6750000.0,2.0,49.9,1993
2.0,3.7,3.0,6100000.0,2.0,51.0,2022
4.0,3.4,4.0,6986300.0,2.0,42.8,2026
2.0,3.4,9.0,6290000.0,2.0,43.0,1980
4.0,3.3,10.0,5750000.0,2.0,41.6,2027
2.0,3.4,8.0,7199000.0,2.0,44.1,2016
2.0,2.5,25.0,6200000.0,2.0,45.0,2021
4.0,2.9,3.0,6100000.0,2.0,56.15,2026
2.0,4.0,5.0,10150000.0,2.0,65.0,2023
2.0,3.4,5.0,6550000.0,2.0,50.0,2021
4.0,3.4,4.0,12295785.0,2.0,70.6,2027
2.0,3.8,3.0,7700000.0,2.0,51.5,1933
2.0,2.5,6.0,6680000.0,2.0,58.0,2011
4.0,3.3,14.0,8622123.0,2.0,67.0,2028
2.0,2.5,9.0,27800000.0,2.0,65.0,2023
2.0,4.0,14.0,6700000.0,2.0,41.0,2023
4.0,4.0,15.0,15350000.0,2.0,60.6,2024
2.0,4.0,24.0,9500000.0,2.0,55.0,2024
2.0,2.9,1.0,6700000.0,2.0,53.4,2015
4.0,2.5,14.0,12750000.0,2.0,73.58,2028
2.0,2.9,6.0,11190000.0,2.0,54.32,2021
2.0,2.9,9.0,6700000.0,2.0,51.6,2023
4.0,3.7,12.0,7500000.0,2.0,56.0,2025
2.0,3.8,3.0,26900000.0,2.0,64.5,2023
2.0,4.0,4.0,6900000.0,2.0,42.0,1979
2.0,3.3,11.0,8500000.0,2.0,65.4,2026
2.0,3.8,8.0,9190000.0,2.0,53.0,1987
2.0,3.7,5.0,7100000.0,2.0,63.0,2015
4.0,2.5,3.0,7165000.0,2.0,45.1,2027
2.0,4.2,1.0,8500000.0,2.0,44.0,1962
4.0,3.7,23.0,9940000.0,2.0,69.13,2026
2.0,3.9,17.0,15000000.0,2.0,50.0,2002
2.0,4.2,7.0,7250000.0,2.0,53.9,1981
4.0,2.9,11.0,7346900.0,2.0,57.0,2026
2.0,2.5,3.0,11750000.0,2.0,59.5,2020
2.0,3.3,9.0,7350000.0,2.0,42.0,2025
4.0,3.3,13.0,7120000.0,2.0,64.9,2027
2.0,2.5,16.0,7800000.0,2.0,61.4,2014
2.0,3.4,3.0,7400000.0,2.0,57.8,2019
4.0,4.0,11.0,9540000.0,2.0,44.2,2028
2.0,2.5,7.0,23990000.0,2.0,149.5,2022
2.0,2.5,3.0,7550000.0,2.0,50.1,2024
4.0,3.4,2.0,7787160.0,2.0,44.6,2026
2.0,2.9,18.0,7300000.0,2.0,49.4,2020
4.0,2.9,3.0,8756850.0,2.0,50.3,2026
2.0,4.2,5.0,5500000.0,2.0,60.7,2024
2.0,4.0,10.0,7200000.0,2.0,54.4,2024
4.0,4.0,4.0,10435320.0,2.0,49.2,2025
2.0,2.9,4.0,6000000.0,2.0,61.47,2025
4.0,3.7,2.0,5600000.0,2.0,38.8,2028
2.0,2.9,4.0,4150000.0,2.0,47.9,1988
4.0,2.9,2.0,9939400.0,2.0,57.2,2026
2.0,2.9,17.0,5900000.0,2.0,53.7,2024
2.0,3.3,5.0,5100000.0,2.0,53.0,1976
4.0,2.9,14.0,4700000.0,2.0,41.7,2026
2.0,3.8,2.0,5800000.0,2.0,43.4,1960
2.0,2.9,18.0,5050000.0,2.0,54.0,2025
4.0,2.5,20.0,8570000.0,2.0,43.8,2026
4.0,3.8,29.0,21360000.0,2.0,106.5,2027
2.0,2.9,10.0,5380000.0,2.0,50.3,2015
4.0,4.0,5.0,6550000.0,2.0,53.4,2010
2.0,2.9,8.0,4500000.0,2.0,46.7,2015
4.0,3.7,1.0,6700000.0,2.0,53.3,2028
4.0,3.7,4.0,9640000.0,2.0,64.8,2028
2.0,2.5,1.0,8647190.0,2.0,62.21,2026
2.0,2.5,9.0,7250000.0,2.0,64.8,2020
4.0,4.0,7.0,7900000.0,2.0,45.2,2025
2.0,3.4,5.0,4450000.0,2.0,45.1,1978
4.0,3.7,1.0,5800000.0,2.0,43.2,2028
2.0,3.7,6.0,3800000.0,2.0,43.9,1989
2.0,4.2,6.0,11190000.0,2.0,55.28,2028
2.0,3.3,4.0,5500000.0,2.0,51.0,2010
2.0,2.9,5.0,3590000.0,2.0,44.4,1965
4.0,3.7,13.0,9000000.0,2.0,75.94,2026
2.0,3.7,1.0,5000000.0,2.0,59.7,1951
2.0,2.9,1.0,3800000.0,2.0,44.0,1982
4.0,4.0,18.0,9472080.0,2.0,40.2,2025
2.0,4.0,5.0,6050000.0,2.0,45.7,2022
4.0,2.9,17.0,7500000.0,2.0,58.5,2026
2.0,4.4,17.0,4000000.0,2.0,67.0,2012
4.0,4.0,20.0,14300000.0,2.0,67.3,2025
2.0,4.4,2.0,3540000.0,2.0,47.3,1958
2.0,2.9,25.0,4950000.0,2.0,53.5,2025
2.0,3.3,1.0,4690000.0,2.0,43.0,1960
4.0,2.9,8.0,7380000.0,2.0,60.43,2024
2.0,3.4,3.0,4000000.0,2.0,45.1,1962
2.0,2.9,24.0,4950000.0,2.0,53.6,2025
2.0,3.3,1.0,3400000.0,2.0,44.5,2017
4.0,3.9,13.0,15800000.0,2.0,62.7,2024
2.0,2.9,3.0,4100000.0,2.0,42.0,1966
4.0,4.0,13.0,9820430.0,2.0,45.7,2025
2.0,2.9,4.0,3850000.0,2.0,41.4,1951
4.0,2.9,6.0,9090250.0,2.0,51.7,2026
4.0,3.9,11.0,13570000.0,2.0,68.0,2028
4.0,3.7,4.0,6000000.0,2.0,44.4,2028
2.0,2.5,5.0,7200888.0,2.0,43.8,2020
2.0,2.5,20.0,13921740.0,2.0,77.95,2023
2.0,3.3,2.0,2900000.0,2.0,47.3,1958
4.0,2.5,5.0,8821200.0,2.0,69.98,2026
2.0,3.3,5.0,3890000.0,2.0,43.7,1968
4.0,2.5,19.0,9980000.0,2.0,66.86,2028
2.0,4.2,2.0,4150000.0,2.0,43.0,1994
4.0,4.0,13.0,7300000.0,2.0,37.5,2025
2.0,3.3,2.0,3800000.0,2.0,44.1,1971
2.0,2.5,2.0,13466400.0,2.0,86.36,2024
5.0,4.2,9.0,8500000.0,2.0,55.0,2014
4.0,2.5,17.0,13690000.0,2.0,90.1,2026
2.0,4.0,15.0,8470000.0,2.0,44.48,2027
4.0,4.0,5.0,8690000.0,2.0,40.8,2028
2.0,3.3,6.0,5200000.0,2.0,41.0,2017
2.0,2.9,3.0,3960000.0,2.0,42.8,1984
4.0,2.5,22.0,6000000.0,2.0,38.95,2026
4.0,4.0,8.0,10900000.0,2.0,76.01,2024
4.0,2.5,15.0,14670000.0,2.0,93.07,2026
2.0,3.7,4.0,5299000.0,2.0,63.0,2014
2.0,4.4,1.0,3550000.0,2.0,41.0,2013
4.0,2.5,2.0,8809000.0,2.0,70.5,2026
2.0,2.5,1.0,4800000.0,2.0,42.8,2020
4.0,2.5,12.0,6200000.0,2.0,31.75,2026
2.0,3.4,2.0,4000000.0,2.0,41.0,1964
4.0,3.3,3.0,5666715.0,2.0,42.7,2027
2.0,3.8,7.0,12560000.0,2.0,66.9,2026
2.0,4.2,5.0,10490000.0,2.0,47.61,2028
2.0,2.5,1.0,4000000.0,2.0,47.4,1950
2.0,4.2,2.0,11090000.0,2.0,62.59,2028
2.0,2.9,14.0,10000000.0,2.0,66.8,2015
4.0,3.3,18.0,11600000.0,2.0,76.1,2025
4.0,2.9,2.0,6600000.0,2.0,73.1,2026
2.0,3.3,10.0,6500000.0,2.0,57.9,2014
4.0,3.4,9.0,6300000.0,2.0,43.5,2027
2.0,2.5,7.0,8200000.0,2.0,42.9,2020
2.0,3.7,5.0,3100000.0,1.0,46.0,2017
2.0,4.2,4.0,12990000.0,2.0,73.93,2028
2.0,3.9,20.0,15500000.0,2.0,40.8,2019
2.0,2.9,1.0,3500000.0,2.0,44.0,1969
4.0,3.7,2.0,9020000.0,2.0,59.5,2028
2.0,2.5,6.0,5600000.0,2.0,45.0,1970
4.0,4.0,18.0,6900000.0,2.0,33.0,2025
4.0,2.9,11.0,11171100.0,2.0,59.4,2026
2.0,3.7,1.0,3900000.0,2.0,42.9,1968
4.0,3.4,12.0,7400000.0,2.0,42.97,2026
2.0,2.9,14.0,9300000.0,2.0,59.3,2020
2.0,4.4,3.0,3400000.0,2.0,43.4,1980
2.0,3.3,12.0,7000000.0,2.0,65.2,2028
2.0,3.4,4.0,5600000.0,2.0,44.0,1968
2.0,2.5,1.0,4790000.0,2.0,55.2,2020
4.0,2.9,4.0,6350000.0,2.0,67.0,2026
2.0,3.4,1.0,5299000.0,2.0,44.0,1968
5.0,4.0,18.0,10490000.0,2.0,58.0,2023
2.0,4.2,3.0,11590000.0,2.0,61.72,2028
2.0,3.7,5.0,4000000.0,2.0,44.0,1968
2.0,2.9,16.0,6300000.0,2.0,63.5,2026
2.0,2.9,4.0,4180000.0,2.0,43.9,1972
4.0,2.5,19.0,8049000.0,2.0,61.35,2026
4.0,3.4,13.0,7872209.0,2.0,39.45,2026
2.0,3.8,10.0,12800000.0,2.0,81.6,2011
4.0,2.9,8.0,6500000.0,2.0,71.2,2026
2.0,2.5,9.0,3999999.0,2.0,64.0,2023
4.0,4.0,4.0,6600000.0,2.0,32.4,2025
2.0,3.7,4.0,11700000.0,2.0,52.9,2016
4.0,3.3,1.0,4750000.0,2.0,36.7,2027
2.0,3.3,1.0,3500000.0,2.0,42.4,1960
4.0,2.5,16.0,8305300.0,2.0,63.84,2026
2.0,2.5,6.0,5850000.0,2.0,53.0,2008
2.0,2.9,4.0,3850000.0,2.0,46.5,1968
2.0,2.9,5.0,4150000.0,2.0,44.3,1970
2.0,2.9,5.0,4150000.0,2.0,42.3,1970
2.0,4.2,3.0,4150000.0,2.0,46.6,1994
2.0,3.3,3.0,4200000.0,2.0,43.5,1988
2.0,3.4,1.0,4200000.0,2.0,45.6,1965
2.0,4.4,5.0,4200000.0,2.0,45.9,1966
2.0,3.3,4.0,4200000.0,2.0,43.7,1972
2.0,3.7,10.0,4200000.0,2.0,40.3,2024
2.0,3.4,3.0,4200000.0,2.0,41.0,1960
2.0,2.9,4.0,4200000.0,2.0,40.0,2021
2.0,4.4,16.0,4200000.0,2.0,44.0,2015
2.0,3.7,7.0,4200000.0,2.0,43.0,2024
2.0,3.7,4.0,4200000.0,2.0,53.2,2017
2.0,4.0,2.0,4200000.0,2.0,44.6,2022
2.0,3.3,4.0,4200000.0,2.0,44.0,2017
2.0,2.5,5.0,4200000.0,2.0,46.0,1972
2.0,4.2,4.0,4200000.0,2.0,43.9,1969
2.0,3.4,1.0,4200000.0,2.0,60.2,1957
2.0,2.9,1.0,4200000.0,2.0,43.0,2015
2.0,3.7,5.0,4200000.0,2.0,59.0,1968
2.0,4.4,3.0,4250000.0,2.0,49.3,2013
2.0,3.7,5.0,4250000.0,2.0,45.9,1964
2.0,3.7,1.0,4250000.0,2.0,44.5,2017
2.0,3.3,3.0,4250000.0,2.0,46.0,1989
2.0,3.7,10.0,4299999.0,2.0,48.0,2023
2.0,4.2,1.0,4300000.0,2.0,53.9,1994
2.0,4.4,5.0,4300000.0,2.0,43.0,1977
2.0,3.7,1.0,4320000.0,2.0,58.0,2019
2.0,3.9,5.0,4300000.0,2.0,42.7,1965
2.0,4.2,2.0,4300000.0,2.0,53.3,1993
2.0,2.9,4.0,4300000.0,2.0,43.7,1972
2.0,3.4,5.0,4300000.0,2.0,42.3,1976
2.0,2.9,1.0,4300000.0,2.0,45.0,1966
2.0,2.9,5.0,4300000.0,2.0,42.0,1961
2.0,2.9,13.0,4300000.0,2.0,35.0,2024
2.0,2.9,1.0,4300000.0,2.0,53.2,1985
2.0,2.9,1.0,4300000.0,2.0,39.7,2017
2.0,3.7,4.0,4300000.0,2.0,63.5,2018
2.0,3.7,8.0,4300000.0,2.0,42.8,2001
2.0,4.0,1.0,4300000.0,2.0,50.5,1963
2.0,2.9,5.0,4300000.0,2.0,42.3,2015
2.0,2.5,3.0,4300000.0,2.0,44.3,1970
2.0,3.4,1.0,4300000.0,2.0,41.6,1959
2.0,3.7,2.0,4300000.0,2.0,58.0,2012
2.0,2.5,1.0,4300000.0,2.0,46.0,1971
2.0,2.9,7.0,4300000.0,2.0,44.1,1972
2.0,2.9,5.0,4330000.0,2.0,43.3,1963
2.0,2.9,1.0,4300000.0,2.0,41.6,1975
2.0,2.9,2.0,4350000.0,2.0,52.4,2015
2.0,2.9,4.0,4380000.0,2.0,44.0,1940
2.0,3.4,3.0,4399000.0,2.0,43.2,1975
2.0,2.9,5.0,4350000.0,2.0,45.1,1972
2.0,3.9,1.0,4380000.0,2.0,39.0,1932
2.0,4.4,13.0,4350000.0,2.0,40.0,2015
2.0,2.9,5.0,4399000.0,2.0,45.0,1977
2.0,2.9,2.0,4350000.0,2.0,45.3,2015
2.0,4.0,3.0,4390000.0,2.0,44.8,1963
2.0,3.7,4.0,4350000.0,2.0,47.0,1967
2.0,3.7,1.0,4390000.0,2.0,52.3,2017
2.0,3.3,8.0,4400000.0,2.0,38.0,2017
2.0,2.5,6.0,4400000.0,2.0,40.0,2020
2.0,3.7,6.0,4400000.0,2.0,40.6,2019
2.0,2.9,1.0,4400000.0,2.0,44.0,1975
2.0,3.3,1.0,4400000.0,2.0,42.6,2017
2.0,3.4,1.0,4400000.0,2.0,42.8,1971
2.0,3.7,1.0,4400000.0,2.0,44.3,1964
2.0,2.9,1.0,4400000.0,2.0,46.0,2015
2.0,4.4,5.0,4400000.0,2.0,43.1,2013
2.0,3.7,3.0,4400000.0,2.0,41.1,2024
2.0,2.5,4.0,4400000.0,2.0,44.6,1980
2.0,3.3,2.0,4400000.0,2.0,41.9,1967
2.0,4.2,6.0,4400000.0,2.0,44.2,1976
2.0,3.7,12.0,4450000.0,2.0,37.0,2017
2.0,2.9,5.0,4499000.0,2.0,47.1,2015
2.0,3.4,1.0,4450000.0,2.0,42.5,1965
2.0,3.7,4.0,4450000.0,2.0,44.0,1973
2.0,2.9,5.0,4450000.0,2.0,44.7,1971
2.0,2.9,5.0,4450000.0,2.0,43.0,1963
2.0,3.3,3.0,4490000.0,2.0,42.6,1972
2.0,3.7,1.0,4490000.0,2.0,53.3,2002
2.0,4.4,5.0,4450000.0,2.0,46.1,1966
2.0,2.9,5.0,4450000.0,2.0,44.0,2023
2.0,4.2,1.0,4500000.0,2.0,43.5,1994
2.0,3.4,4.0,4500000.0,2.0,42.3,1975
2.0,3.7,1.0,4500000.0,2.0,44.0,1978
2.0,4.0,1.0,4500000.0,2.0,52.0,2022
2.0,2.9,5.0,4500000.0,2.0,44.2,2015
2.0,4.0,2.0,4500000.0,2.0,42.0,2022
2.0,3.3,3.0,4500000.0,2.0,64.5,1952
2.0,4.4,5.0,4500000.0,2.0,45.3,1965
2.0,2.9,1.0,4500000.0,2.0,47.6,1975
2.0,2.5,2.0,4500000.0,2.0,43.3,1972
2.0,3.3,2.0,4500000.0,2.0,35.4,2005
2.0,3.9,5.0,4500000.0,2.0,42.6,1965
2.0,3.4,1.0,4500000.0,2.0,42.7,1975
2.0,3.4,4.0,4500000.0,2.0,44.0,1974
2.0,4.2,4.0,4500000.0,2.0,49.6,1994
2.0,4.4,8.0,4500000.0,2.0,39.0,2012
2.0,3.7,4.0,4500000.0,2.0,44.0,2017
2.0,2.5,12.0,4500000.0,2.0,55.6,2026
2.0,3.7,9.0,4500000.0,2.0,40.5,2022
2.0,3.3,5.0,4500000.0,2.0,42.7,2017
2.0,4.0,1.0,4550000.0,2.0,46.0,1974
2.0,3.3,5.0,4550000.0,2.0,44.0,1962
2.0,3.4,3.0,4550000.0,2.0,48.9,1947
2.0,3.7,1.0,4599000.0,2.0,47.0,1970
2.0,2.5,9.0,4550000.0,2.0,42.9,2024
2.0,2.5,2.0,4599000.0,2.0,48.0,2024
2.0,4.4,8.0,4550000.0,2.0,42.5,2013
2.0,2.9,4.0,4590000.0,2.0,42.4,2015
2.0,3.3,4.0,4580000.0,2.0,43.7,1969
2.0,3.3,2.0,4600000.0,2.0,46.0,2017
2.0,3.4,3.0,4600000.0,2.0,33.0,2019
2.0,4.4,1.0,4600000.0,2.0,42.4,1985
2.0,3.7,2.0,4600000.0,2.0,48.0,1999
2.0,2.9,3.0,4600000.0,2.0,43.0,1969
2.0,2.9,4.0,4600000.0,2.0,45.7,2021
2.0,4.0,4.0,4600000.0,2.0,41.4,1963
2.0,2.9,8.0,4600000.0,2.0,48.3,1989
2.0,2.9,1.0,4600000.0,2.0,34.8,1972
2.0,2.9,5.0,4600000.0,2.0,44.8,1978
2.0,2.5,2.0,4600000.0,2.0,56.3,1904
2.0,2.9,3.0,4600000.0,2.0,44.7,1970
2.0,2.9,5.0,4600000.0,2.0,43.5,1962
2.0,4.0,4.0,4600000.0,2.0,43.6,2022
2.0,3.7,4.0,4600000.0,2.0,44.1,2017
2.0,2.5,8.0,4690000.0,2.0,54.9,2015
2.0,3.7,1.0,4650000.0,2.0,41.8,2014
2.0,3.7,1.0,4650000.0,2.0,59.8,2012
2.0,2.5,1.0,4650000.0,2.0,50.6,1990
2.0,2.9,1.0,4650000.0,2.0,44.0,2006
2.0,4.4,3.0,4650000.0,2.0,60.5,1958
2.0,2.9,5.0,4653000.0,2.0,46.48,2015
2.0,4.2,4.0,4680000.0,2.0,46.1,1974
2.0,4.4,1.0,4650000.0,2.0,55.4,2013
2.0,2.9,2.0,4650000.0,2.0,48.6,1988
2.0,2.9,4.0,4700000.0,2.0,55.1,2014
2.0,4.0,3.0,4700000.0,2.0,44.1,1964
2.0,4.0,2.0,4700000.0,2.0,54.0,2022
2.0,3.7,12.0,4700000.0,2.0,43.2,2017
2.0,4.0,3.0,4700000.0,2.0,44.2,1963
2.0,3.3,2.0,4700000.0,2.0,42.0,1961
2.0,4.2,1.0,4700000.0,2.0,38.0,1989
2.0,4.2,4.0,4700000.0,2.0,39.0,1968
2.0,2.9,7.0,4700000.0,2.0,37.0,2020
2.0,2.9,1.0,4700000.0,2.0,43.3,1983
2.0,2.5,1.0,4740000.0,2.0,49.4,2008
2.0,3.4,3.0,4700000.0,2.0,43.7,1975
2.0,3.3,4.0,4700000.0,2.0,43.0,1982
2.0,3.7,1.0,4700000.0,2.0,67.2,1949
2.0,2.5,1.0,4700000.0,2.0,42.0,1961
2.0,2.9,3.0,4700000.0,2.0,43.0,1990
2.0,2.5,9.0,4700000.0,2.0,63.5,2020
2.0,3.9,1.0,4700000.0,2.0,52.2,1990
2.0,2.9,3.0,4750000.0,2.0,39.9,2023
2.0,2.5,5.0,4750000.0,2.0,57.6,2020
2.0,2.5,1.0,4750000.0,2.0,45.3,2007
2.0,3.7,3.0,4750000.0,2.0,44.7,1990
2.0,4.0,2.0,4750000.0,2.0,44.8,1977
2.0,3.3,5.0,4750000.0,2.0,45.7,1963
2.0,2.9,5.0,4750000.0,2.0,44.0,2015
2.0,3.7,8.0,4780000.0,2.0,55.3,2017
2.0,3.3,5.0,4750000.0,2.0,43.0,1973
2.0,4.0,4.0,4750000.0,2.0,41.9,1963
2.0,4.2,4.0,4800000.0,2.0,52.9,1994
2.0,3.7,5.0,4800000.0,2.0,43.2,1971
2.0,3.3,5.0,4800000.0,2.0,42.4,2017
2.0,2.9,5.0,4800000.0,2.0,43.4,1972
2.0,4.2,5.0,4800000.0,2.0,54.0,1993
2.0,4.0,5.0,4800000.0,2.0,43.4,1963
2.0,2.9,4.0,4800000.0,2.0,44.5,1975
2.0,3.4,4.0,4800000.0,2.0,46.4,1965
2.0,2.9,5.0,4800000.0,2.0,45.7,1961
2.0,4.0,5.0,4800000.0,2.0,42.3,1964
2.0,2.9,4.0,4800000.0,2.0,51.4,2015
2.0,2.9,5.0,4800000.0,2.0,40.8,1975
2.0,4.2,4.0,4800000.0,2.0,42.0,1962
2.0,3.7,16.0,4800000.0,2.0,50.0,2014
2.0,3.7,5.0,4800000.0,2.0,42.0,1964
2.0,3.7,11.0,4830000.0,2.0,56.0,2022
2.0,4.2,1.0,4800000.0,2.0,43.1,1966
2.0,3.7,5.0,4840000.0,2.0,44.0,1968
2.0,3.7,3.0,4800000.0,2.0,54.9,2017
2.0,3.7,5.0,4800000.0,2.0,43.4,1975
2.0,3.7,1.0,4800000.0,2.0,43.9,1979
2.0,4.0,2.0,4890000.0,2.0,43.0,1966
2.0,3.4,9.0,4850000.0,2.0,43.0,1978
2.0,2.5,3.0,4850000.0,2.0,57.0,2020
2.0,4.4,3.0,4850000.0,2.0,43.3,1961
2.0,2.5,4.0,4890000.0,2.0,43.7,2020
2.0,2.9,1.0,4850000.0,2.0,50.4,1997
2.0,2.9,1.0,4890000.0,2.0,43.0,2005
2.0,3.7,3.0,4850000.0,2.0,44.0,1975
2.0,4.2,1.0,4850000.0,2.0,38.0,2022
2.0,2.9,3.0,4850000.0,2.0,47.9,1997
2.0,2.9,9.0,4850000.0,2.0,43.0,2015
2.0,3.4,3.0,4900000.0,2.0,41.0,2019
2.0,4.0,1.0,4900000.0,2.0,45.0,1963
2.0,3.9,1.0,4900000.0,2.0,43.2,1983
2.0,3.3,7.0,4900000.0,2.0,45.1,1971
2.0,2.5,2.0,4900000.0,2.0,44.9,1962
2.0,4.4,13.0,4900000.0,2.0,55.0,2011
2.0,3.3,5.0,4900000.0,2.0,43.0,1970
2.0,3.4,9.0,4900000.0,2.0,43.0,1973
2.0,2.9,5.0,4900000.0,2.0,44.0,1965
2.0,4.2,5.0,4900000.0,2.0,48.1,1990
2.0,3.4,4.0,4900000.0,2.0,59.2,1957
2.0,2.9,13.0,4900000.0,2.0,47.1,2022
2.0,2.5,8.0,4900000.0,2.0,37.2,2013
2.0,3.3,2.0,4900000.0,2.0,45.1,1963
2.0,2.9,1.0,4990000.0,2.0,39.8,1961
2.0,3.4,4.0,4999000.0,2.0,44.2,1960
2.0,2.9,3.0,4950000.0,2.0,56.7,1953
2.0,4.2,1.0,4999000.0,2.0,43.0,1966
2.0,3.4,1.0,4980000.0,2.0,43.4,1967
2.0,3.9,1.0,4990000.0,2.0,44.0,2002
2.0,2.5,10.0,4950000.0,2.0,61.5,2011
2.0,2.5,2.0,4997000.0,2.0,55.0,2020
2.0,4.2,1.0,4999999.0,2.0,41.9,1961
2.0,3.3,3.0,4980000.0,2.0,42.0,2017
2.0,4.2,2.0,4980000.0,2.0,41.1,2001
2.0,3.7,7.0,4950000.0,2.0,43.2,1979
2.0,2.5,6.0,5000000.0,2.0,58.3,2023
2.0,4.2,1.0,5000000.0,2.0,45.2,1979
2.0,3.3,6.0,5000000.0,2.0,52.5,1982
2.0,2.9,9.0,5000000.0,2.0,52.3,1972
2.0,4.0,4.0,5000000.0,2.0,44.0,1968
2.0,2.5,2.0,5000000.0,2.0,44.5,1971
2.0,4.4,1.0,5000000.0,2.0,60.4,1954
2.0,3.7,2.0,5000000.0,2.0,54.7,2017
2.0,3.7,15.0,5000000.0,2.0,53.0,2017
2.0,4.2,4.0,5000000.0,2.0,47.5,1994
2.0,2.9,2.0,5000000.0,2.0,40.0,1961
2.0,3.3,3.0,5000000.0,2.0,45.3,2017
2.0,4.4,5.0,5000000.0,2.0,45.7,1988
2.0,3.7,2.0,5000000.0,2.0,57.7,2012
2.0,2.9,4.0,5000000.0,2.0,42.7,1958
2.0,3.7,6.0,5000000.0,2.0,39.4,2024
2.0,3.7,16.0,5000000.0,2.0,53.0,2023
2.0,2.9,3.0,5000000.0,2.0,57.5,1954
2.0,2.5,10.0,5000000.0,2.0,56.0,2026
2.0,2.9,2.0,5050000.0,2.0,58.0,2012
2.0,2.5,5.0,5050000.0,2.0,55.1,2020
2.0,2.9,2.0,5050000.0,2.0,43.5,1961
2.0,3.7,10.0,5096000.0,2.0,65.1,2013
2.0,2.9,1.0,5050000.0,2.0,36.0,2015
2.0,3.3,7.0,5099000.0,2.0,54.9,1989
2.0,2.9,6.0,5050000.0,2.0,46.5,2016
2.0,2.5,4.0,5099000.0,2.0,40.0,2024
2.0,3.4,4.0,5100000.0,2.0,57.9,1958
2.0,4.2,14.0,5100000.0,2.0,49.1,2022
2.0,2.9,9.0,5100000.0,2.0,53.1,2015
2.0,2.5,3.0,5100000.0,2.0,58.4,2025
2.0,2.9,2.0,5100000.0,2.0,46.5,1979
2.0,3.4,4.0,5100000.0,2.0,43.5,1962
2.0,3.4,5.0,5100000.0,2.0,42.9,1968
2.0,2.5,6.0,5100000.0,2.0,49.9,2007
2.0,3.3,7.0,5100000.0,2.0,52.9,1989
2.0,3.7,5.0,5100000.0,2.0,58.0,2017
2.0,2.5,4.0,5100000.0,2.0,58.1,2025
2.0,4.2,3.0,5100000.0,2.0,47.8,1994
2.0,2.9,3.0,5134000.0,2.0,43.15,2015
2.0,2.9,4.0,5100000.0,2.0,44.0,1978
2.0,4.2,5.0,5100000.0,2.0,45.4,1970
2.0,3.8,5.0,5100000.0,2.0,35.2,2007
2.0,3.3,7.0,5100000.0,2.0,51.2,1980
2.0,3.3,1.0,5150000.0,2.0,43.6,1982
2.0,2.5,1.0,5150000.0,2.0,44.0,1972
2.0,4.2,3.0,5150000.0,2.0,47.2,1976
2.0,4.0,5.0,5190000.0,2.0,45.9,1963
2.0,3.3,11.0,5199000.0,2.0,45.4,2014
2.0,4.0,3.0,5190000.0,2.0,40.6,2025
2.0,3.7,3.0,5180000.0,2.0,61.1,2011
2.0,3.7,2.0,5160000.0,2.0,39.0,2025
2.0,3.3,3.0,5150000.0,2.0,52.9,2011
2.0,2.9,1.0,5150000.0,2.0,42.2,1975
2.0,2.5,1.0,5150000.0,2.0,34.5,1971
2.0,3.7,1.0,5150000.0,2.0,55.7,2017
2.0,4.0,8.0,5160000.0,2.0,53.0,1989
2.0,4.2,1.0,5200000.0,2.0,42.0,1994
2.0,4.0,5.0,5200000.0,2.0,46.7,1964
2.0,2.9,3.0,5200000.0,2.0,44.0,1972
2.0,2.5,2.0,5200000.0,2.0,58.1,2025
2.0,2.9,5.0,5200000.0,2.0,55.1,1960
2.0,2.5,6.0,5200000.0,2.0,42.2,2015
2.0,2.9,4.0,5200000.0,2.0,40.1,1959
2.0,3.2,10.0,5200000.0,2.0,63.0,2024
2.0,4.2,1.0,5200000.0,2.0,46.4,1964
2.0,4.4,5.0,5200000.0,2.0,48.0,1978
2.0,2.5,5.0,5200000.0,2.0,43.8,1970
2.0,3.7,8.0,5200000.0,2.0,58.1,2022
2.0,3.7,5.0,5200000.0,2.0,43.2,1964
2.0,3.7,2.0,5200000.0,2.0,41.2,2021
2.0,4.2,1.0,5200000.0,2.0,42.0,1994
2.0,3.7,5.0,5200000.0,2.0,43.2,1964
2.0,3.4,4.0,5200000.0,2.0,46.3,1965
2.0,3.3,2.0,5240000.0,2.0,45.0,1962
2.0,2.5,9.0,5200000.0,2.0,43.1,2020
2.0,3.7,1.0,5200000.0,2.0,46.4,2017
2.0,2.5,4.0,5200000.0,2.0,47.3,1979
2.0,4.2,2.0,5200000.0,2.0,46.0,1994
2.0,4.2,2.0,5200000.0,2.0,48.0,1994
2.0,4.4,6.0,5200000.0,2.0,47.1,1996
2.0,3.3,7.0,5200000.0,2.0,52.1,1989
2.0,2.5,8.0,5250000.0,2.0,50.2,2020
2.0,4.2,3.0,5250000.0,2.0,43.6,1967
2.0,2.5,2.0,5290000.0,2.0,44.6,1972
2.0,2.5,17.0,5270000.0,2.0,47.0,2020
2.0,3.8,4.0,5250000.0,2.0,41.0,1960
2.0,3.4,9.0,5250000.0,2.0,42.5,1980
2.0,3.3,9.0,5250000.0,2.0,52.6,1985
2.0,3.3,9.0,5299999.0,2.0,56.2,2008
2.0,2.9,8.0,5250000.0,2.0,45.1,1991
2.0,2.5,5.0,5250000.0,2.0,57.7,2013
2.0,2.5,7.0,5300000.0,2.0,57.9,2020
2.0,4.0,3.0,5300000.0,2.0,44.2,2022
2.0,4.2,1.0,5300000.0,2.0,43.0,1967
2.0,4.0,3.0,5300000.0,2.0,42.4,1976
2.0,2.5,10.0,5300000.0,2.0,58.4,2018
2.0,4.0,9.0,5300000.0,2.0,42.8,1985
2.0,3.7,8.0,5300000.0,2.0,50.0,1994
2.0,2.9,6.0,5300000.0,2.0,54.2,1994
2.0,3.7,11.0,5300000.0,2.0,46.0,2016
2.0,2.9,5.0,5300000.0,2.0,44.2,1980
2.0,2.5,2.0,5300000.0,2.0,64.0,2020
2.0,4.0,4.0,5300000.0,2.0,42.8,1961
2.0,2.5,2.0,5300000.0,2.0,59.2,2023
2.0,2.5,8.0,5300000.0,2.0,58.0,2020
2.0,2.9,5.0,5300000.0,2.0,54.6,1949
2.0,2.9,2.0,5300000.0,2.0,44.0,1981
2.0,4.2,4.0,5300000.0,2.0,43.1,1966
2.0,2.5,14.0,5300000.0,2.0,48.6,2009
2.0,2.5,4.0,5300000.0,2.0,55.1,2011
2.0,3.9,4.0,5300000.0,2.0,45.0,1966
2.0,4.0,3.0,5350000.0,2.0,44.6,2022
2.0,3.3,7.0,5350000.0,2.0,44.4,1977
2.0,2.9,5.0,5399000.0,2.0,45.0,1962
2.0,4.4,16.0,5350000.0,2.0,37.0,2019
2.0,3.7,8.0,5350000.0,2.0,56.2,2013
2.0,4.4,2.0,5350000.0,2.0,36.8,2019
2.0,3.3,5.0,5390000.0,2.0,53.1,2005
2.0,2.9,3.0,5399000.0,2.0,51.9,2015
2.0,2.5,7.0,5350000.0,2.0,45.9,2020
2.0,3.8,1.0,5390000.0,2.0,45.4,1963
2.0,2.5,2.0,5400000.0,2.0,56.2,2024
2.0,2.5,4.0,5400000.0,2.0,43.5,1972
2.0,3.3,6.0,5400000.0,2.0,47.9,1991
2.0,3.3,4.0,5400000.0,2.0,53.1,1991
2.0,2.5,4.0,5400000.0,2.0,43.5,1972
2.0,2.5,2.0,5400000.0,2.0,50.0,2008
2.0,2.9,10.0,5400000.0,2.0,56.2,2010
2.0,2.5,5.0,5400000.0,2.0,46.8,2020
2.0,2.9,7.0,5400000.0,2.0,42.0,2022
2.0,2.5,5.0,5400000.0,2.0,58.4,2015
2.0,3.7,7.0,5400000.0,2.0,52.0,2017
2.0,4.2,1.0,5400000.0,2.0,46.0,1992
2.0,2.5,3.0,5450000.0,2.0,43.5,2020
2.0,4.0,2.0,5450000.0,2.0,44.0,2022
2.0,3.3,7.0,5450000.0,2.0,55.0,2013
2.0,3.8,4.0,5490000.0,2.0,43.2,1965
2.0,3.3,1.0,5450000.0,2.0,45.6,2017
2.0,4.2,7.0,5499000.0,2.0,43.1,1973
2.0,4.2,4.0,5450000.0,2.0,44.0,1994
2.0,4.0,1.0,5450000.0,2.0,42.9,1962
2.0,3.7,17.0,5450000.0,2.0,56.0,2023
2.0,3.4,2.0,5490000.0,2.0,46.0,1960
2.0,3.7,17.0,5450000.0,2.0,55.1,2023
2.0,3.7,2.0,5499000.0,2.0,58.7,2017
2.0,4.2,12.0,5500000.0,2.0,42.7,1994
2.0,3.8,4.0,5500000.0,2.0,46.0,1964
2.0,4.2,7.0,5500000.0,2.0,48.1,1988
2.0,3.3,10.0,5500000.0,2.0,53.0,2017
2.0,2.9,6.0,5500000.0,2.0,55.8,2009
2.0,4.0,1.0,5580000.0,2.0,44.0,1967
2.0,3.8,3.0,5550000.0,2.0,46.6,1964
2.0,4.4,17.0,5550000.0,2.0,49.2,2020
2.0,2.9,4.0,5550000.0,2.0,44.9,2021
2.0,3.4,2.0,5500000.0,2.0,56.0,1958
2.0,3.7,14.0,5590000.0,2.0,60.5,2020
2.0,3.4,2.0,5500000.0,2.0,44.5,1984
2.0,3.3,5.0,5500000.0,2.0,41.5,1961
2.0,3.9,4.0,5500000.0,2.0,45.2,1965
2.0,2.9,5.0,5500000.0,2.0,46.7,1994
2.0,3.7,7.0,5500000.0,2.0,47.1,2021
2.0,3.4,9.0,5500000.0,2.0,41.8,1970
2.0,3.7,2.0,5500000.0,2.0,45.3,1953
2.0,2.5,5.0,5500000.0,2.0,46.1,1967
2.0,3.7,10.0,5500000.0,2.0,63.7,2017
2.0,3.3,1.0,5500000.0,2.0,43.0,2021
2.0,3.3,9.0,5500000.0,2.0,42.6,2017
2.0,2.9,7.0,5550000.0,2.0,45.0,2009
2.0,2.5,2.0,5500000.0,2.0,57.6,2011
2.0,3.8,5.0,5500000.0,2.0,44.5,2007
2.0,4.0,1.0,5500000.0,2.0,42.4,1978
2.0,3.3,9.0,5500000.0,2.0,50.7,1972
2.0,3.7,3.0,5550000.0,2.0,45.6,1964
2.0,3.9,3.0,5530000.0,2.0,44.0,2002
2.0,4.0,7.0,5500000.0,2.0,43.1,2022
2.0,3.8,4.0,5500000.0,2.0,46.8,1961
2.0,3.4,10.0,5500000.0,2.0,43.0,2019
2.0,3.7,6.0,5500000.0,2.0,47.0,2017
2.0,3.7,22.0,5500000.0,2.0,53.6,2022
2.0,3.7,7.0,5500000.0,2.0,49.7,2017
2.0,4.4,1.0,5500000.0,2.0,54.4,1991
2.0,3.8,1.0,5500000.0,2.0,44.1,1970
2.0,3.4,11.0,5500000.0,2.0,55.0,1994
2.0,2.9,1.0,5550000.0,2.0,68.1,1941
2.0,3.9,1.0,5590000.0,2.0,45.0,1965
2.0,2.9,1.0,5550000.0,2.0,40.0,2015
2.0,4.4,6.0,5500000.0,2.0,50.2,2013
2.0,3.4,6.0,5500000.0,2.0,46.0,2019
2.0,3.7,6.0,5500000.0,2.0,48.8,2024
2.0,3.7,2.0,5500000.0,2.0,45.3,1953
2.0,4.2,7.0,5500000.0,2.0,53.1,1983
2.0,4.0,3.0,5500000.0,2.0,51.0,2022
2.0,4.0,1.0,5500000.0,2.0,41.3,1964
2.0,2.9,8.0,5500000.0,2.0,53.0,1980
2.0,3.8,2.0,5550000.0,2.0,44.7,2007
2.0,4.0,5.0,5600000.0,2.0,43.6,2022
2.0,2.5,8.0,5600000.0,2.0,57.6,2011
2.0,4.2,1.0,5620000.0,2.0,43.8,1957
2.0,2.5,9.0,5600000.0,2.0,37.0,2023
2.0,4.2,1.0,5600000.0,2.0,42.4,1967
2.0,2.9,3.0,5600000.0,2.0,44.5,1966
2.0,3.3,4.0,5600000.0,2.0,50.5,1973
2.0,4.0,5.0,5600000.0,2.0,45.0,1971
2.0,3.8,2.0,5630000.0,2.0,43.4,1968
2.0,2.9,4.0,5600000.0,2.0,51.0,2015
2.0,2.9,15.0,5600000.0,2.0,52.1,2021
2.0,2.9,5.0,5600000.0,2.0,41.3,1965
2.0,4.2,4.0,5600000.0,2.0,43.4,1962
2.0,3.7,2.0,5600000.0,2.0,45.7,1963
2.0,2.9,5.0,5600000.0,2.0,42.0,1969
2.0,4.0,7.0,5600000.0,2.0,49.2,2022
2.0,3.8,2.0,5600000.0,2.0,43.0,1962
2.0,3.9,3.0,5600000.0,2.0,43.6,1969
2.0,3.2,24.0,5600000.0,2.0,59.1,2023
2.0,2.9,4.0,5600000.0,2.0,48.5,1958
2.0,3.7,13.0,5600000.0,2.0,56.7,2021
2.0,3.7,14.0,5600000.0,2.0,60.0,2023
2.0,4.0,1.0,5600000.0,2.0,44.8,1974
2.0,2.5,4.0,5600000.0,2.0,47.0,1987
2.0,4.0,9.0,5600000.0,2.0,51.0,1989
2.0,3.7,5.0,5699000.0,2.0,59.5,2017
2.0,3.4,5.0,5650000.0,2.0,50.0,1968
2.0,3.8,5.0,5699999.0,2.0,46.0,1965
2.0,4.2,2.0,5700000.0,2.0,42.4,1962
2.0,4.4,9.0,5700000.0,2.0,45.9,2020
2.0,4.0,4.0,5700000.0,2.0,43.0,1971
2.0,2.9,15.0,5700000.0,2.0,28.7,2025
2.0,2.5,9.0,5700000.0,2.0,49.6,1999
2.0,2.5,3.0,5700000.0,2.0,45.1,1984
2.0,3.4,5.0,5700000.0,2.0,44.1,1963
2.0,3.4,5.0,5700000.0,2.0,42.4,1967
2.0,2.9,8.0,5700000.0,2.0,55.0,2007
2.0,3.7,10.0,5700000.0,2.0,63.2,2019
2.0,3.9,9.0,5700000.0,2.0,43.1,1982
2.0,3.3,1.0,5730000.0,2.0,55.9,1952
2.0,3.3,7.0,5700000.0,2.0,52.8,1989
2.0,3.8,5.0,5799000.0,2.0,45.0,1968
2.0,2.9,7.0,5750000.0,2.0,59.6,2023
2.0,2.5,1.0,5770000.0,2.0,44.1,2020
2.0,4.4,2.0,5799000.0,2.0,53.1,2011
2.0,3.7,16.0,5750000.0,2.0,39.5,2024
2.0,2.5,9.0,5750000.0,2.0,44.2,1978
2.0,2.9,12.0,5750000.0,2.0,53.8,2024
2.0,3.7,2.0,5800000.0,2.0,42.6,2017
2.0,3.8,6.0,5800000.0,2.0,44.9,1972
2.0,3.4,2.0,5800000.0,2.0,48.8,1997
2.0,3.4,9.0,5800000.0,2.0,38.9,2020
2.0,2.5,5.0,5800000.0,2.0,53.0,2010
2.0,2.9,15.0,5800000.0,2.0,53.8,2024
2.0,3.8,2.0,5800000.0,2.0,42.6,1966
2.0,2.5,4.0,5840000.0,2.0,61.0,2020
2.0,3.7,4.0,5800000.0,2.0,58.4,1956
2.0,3.7,11.0,5800000.0,2.0,52.0,2021
2.0,3.7,11.0,5800000.0,2.0,57.5,2025
2.0,3.3,7.0,5800000.0,2.0,43.0,1987
2.0,2.9,1.0,5800000.0,2.0,52.5,2014
2.0,2.9,2.0,5800000.0,2.0,39.4,2016
2.0,2.9,15.0,5850000.0,2.0,58.2,2020
2.0,3.4,12.0,5890000.0,2.0,47.0,2025
2.0,3.4,5.0,5850000.0,2.0,53.6,1950
2.0,2.5,2.0,5850000.0,2.0,63.3,2018
2.0,2.5,9.0,5870000.0,2.0,75.3,2020
2.0,2.5,2.0,5850000.0,2.0,59.0,2020
2.0,4.4,14.0,5850000.0,2.0,53.8,2010
2.0,2.9,12.0,5890000.0,2.0,53.0,2024
2.0,3.7,5.0,5850000.0,2.0,59.44,2017
2.0,4.2,8.0,5950000.0,2.0,45.2,1994
2.0,4.2,3.0,5999000.0,2.0,44.1,1994
2.0,2.5,8.0,5900000.0,2.0,52.4,1993
2.0,2.9,5.0,5950000.0,2.0,44.0,1963
2.0,2.9,6.0,5900000.0,2.0,53.0,1986
2.0,4.0,1.0,5900000.0,2.0,44.3,1964
2.0,3.4,4.0,5900000.0,2.0,43.3,1961
2.0,3.4,4.0,5900000.0,2.0,43.6,1970
2.0,2.9,2.0,5999000.0,2.0,46.4,2016
2.0,2.9,5.0,5989000.0,2.0,45.0,2020
2.0,3.8,5.0,5900000.0,2.0,46.1,1964
2.0,3.3,4.0,5950000.0,2.0,56.5,1957
2.0,4.0,1.0,5980000.0,2.0,42.1,1979
2.0,4.0,2.0,5900000.0,2.0,46.4,2022
2.0,4.0,6.0,5999000.0,2.0,47.5,1983
2.0,2.9,7.0,5900000.0,2.0,50.6,1990
2.0,3.3,8.0,5900000.0,2.0,53.0,2017
2.0,3.3,2.0,5999000.0,2.0,45.0,1964
2.0,3.3,3.0,5900000.0,2.0,45.0,1977
2.0,3.7,1.0,5900000.0,2.0,57.9,2017
2.0,4.4,3.0,5978400.0,2.0,57.87,2025
2.0,4.0,9.0,5940000.0,2.0,44.0,2022
2.0,4.0,1.0,5900000.0,2.0,57.4,2022
2.0,4.0,1.0,5950000.0,2.0,42.8,2022
2.0,2.9,5.0,5999000.0,2.0,54.0,1994
2.0,4.2,4.0,5950000.0,2.0,65.3,1994
2.0,3.4,9.0,5999000.0,2.0,43.4,2019
2.0,2.5,4.0,5900000.0,2.0,46.0,2020
2.0,3.7,3.0,5950000.0,2.0,47.5,2021
2.0,2.9,3.0,5950000.0,2.0,51.83,2021
2.0,3.7,10.0,5990000.0,2.0,51.0,1995
2.0,3.7,1.0,5990000.0,2.0,61.0,2008
2.0,3.3,10.0,5900000.0,2.0,50.5,2023
2.0,4.0,8.0,6000000.0,2.0,49.5,1965
2.0,3.9,2.0,6000000.0,2.0,41.1,2002
2.0,2.9,5.0,6000000.0,2.0,41.2,1961
2.0,4.4,9.0,6000000.0,2.0,59.1,2011
2.0,3.3,8.0,6000000.0,2.0,53.9,1991
2.0,3.9,5.0,6000000.0,2.0,43.5,1968
2.0,2.9,7.0,6000000.0,2.0,50.2,2010
2.0,3.8,2.0,6000000.0,2.0,44.1,1965
2.0,2.5,1.0,6000000.0,2.0,46.5,1980
2.0,3.3,9.0,6000000.0,2.0,53.3,2019
2.0,2.5,5.0,6000000.0,2.0,54.0,2020
2.0,3.9,8.0,6000000.0,2.0,45.0,1979
2.0,3.7,6.0,6000000.0,2.0,56.3,2012
2.0,3.7,20.0,6000000.0,2.0,46.9,2025
2.0,3.9,6.0,6000000.0,2.0,44.0,2002
2.0,2.9,15.0,6000000.0,2.0,63.4,2024
2.0,2.9,2.0,6000000.0,2.0,55.4,2015
2.0,4.4,1.0,6000000.0,2.0,46.3,2013
2.0,3.3,2.0,6000000.0,2.0,42.4,2017
2.0,3.3,1.0,6000000.0,2.0,55.3,2011
2.0,2.9,4.0,6049000.0,2.0,42.3,1963
2.0,2.5,8.0,6000000.0,2.0,51.1,1987
2.0,3.7,7.0,6000000.0,2.0,63.8,2008
2.0,4.0,5.0,6090000.0,2.0,43.0,1967
2.0,4.4,9.0,6080000.0,2.0,44.5,2016
2.0,4.0,4.0,6050000.0,2.0,44.6,2022
2.0,2.5,9.0,6100000.0,2.0,58.0,2012
2.0,4.0,3.0,6100000.0,2.0,51.2,2022
2.0,3.8,5.0,6140000.0,2.0,42.9,1963
2.0,2.9,3.0,6100000.0,2.0,60.2,1945
2.0,2.9,5.0,6100000.0,2.0,43.0,2015
2.0,3.4,4.0,6100000.0,2.0,50.0,1998
2.0,4.0,4.0,6100000.0,2.0,42.6,2022
2.0,4.2,1.0,6100000.0,2.0,47.0,1984
2.0,4.0,3.0,6140000.0,2.0,46.8,1964
2.0,4.0,1.0,6100000.0,2.0,42.7,2022
2.0,2.9,10.0,6100000.0,2.0,52.5,2012
2.0,3.4,5.0,6150000.0,2.0,61.0,2019
2.0,3.7,14.0,6180000.0,2.0,43.0,2020
2.0,2.5,3.0,6150000.0,2.0,53.1,1982
2.0,3.9,1.0,6150000.0,2.0,44.1,1980
2.0,3.4,3.0,6190000.0,2.0,57.7,2019
2.0,3.3,3.0,6190000.0,2.0,55.4,2017
2.0,3.4,4.0,6200000.0,2.0,45.3,2019
2.0,4.0,5.0,6200000.0,2.0,46.9,2018
2.0,3.4,2.0,6200000.0,2.0,54.6,2019
2.0,4.0,2.0,6200000.0,2.0,40.2,2022
2.0,2.9,4.0,6200000.0,2.0,52.3,2019
2.0,4.0,8.0,6261950.0,2.0,75.75,2022
2.0,3.7,10.0,6200000.0,2.0,58.2,2017
2.0,2.9,2.0,6200000.0,2.0,57.8,2015
2.0,3.7,4.0,6250000.0,2.0,57.0,2017
2.0,3.3,8.0,6260000.0,2.0,53.9,2016
2.0,3.7,18.0,6200000.0,2.0,46.0,2025
2.0,3.9,5.0,6250000.0,2.0,40.4,1934
2.0,2.5,6.0,6200000.0,2.0,75.6,2009
2.0,3.4,2.0,6249000.0,2.0,45.1,1975
2.0,3.7,6.0,6200000.0,2.0,57.4,2017
2.0,4.2,1.0,6299000.0,2.0,54.0,2020
2.0,2.9,7.0,6200000.0,2.0,58.2,2017
2.0,4.4,7.0,6250000.0,2.0,38.5,2023
2.0,3.7,17.0,6200000.0,2.0,59.5,2017
2.0,3.7,21.0,6290000.0,2.0,47.4,2017
2.0,3.7,1.0,6300000.0,2.0,55.7,1956
2.0,2.9,5.0,6300000.0,2.0,44.0,2015
2.0,3.7,10.0,6300000.0,2.0,59.0,2017
2.0,2.9,2.0,6300000.0,2.0,45.7,1964
2.0,3.9,2.0,6300000.0,2.0,47.0,2002
2.0,4.0,8.0,6300000.0,2.0,43.1,1981
2.0,2.5,3.0,6300000.0,2.0,58.0,2014
2.0,3.3,7.0,6325000.0,2.0,43.7,1988
2.0,2.9,5.0,6300000.0,2.0,56.0,2025
2.0,2.5,5.0,6300000.0,2.0,57.6,2011
2.0,2.5,5.0,6300000.0,2.0,50.0,1957
2.0,2.9,9.0,6300000.0,2.0,42.5,2024
2.0,2.5,8.0,6300000.0,2.0,43.3,2023
2.0,3.9,1.0,6300000.0,2.0,51.4,1935
2.0,3.3,4.0,6300000.0,2.0,58.0,2017
2.0,4.2,1.0,6350000.0,2.0,45.7,1994
2.0,3.7,4.0,6450000.0,2.0,41.3,2019
2.0,3.4,1.0,6490000.0,2.0,42.0,2009
2.0,3.3,8.0,6450000.0,2.0,56.1,2016
2.0,3.3,1.0,6400000.0,2.0,57.4,2014
2.0,4.0,4.0,6470000.0,2.0,53.0,2000
2.0,4.0,5.0,6400000.0,2.0,53.9,1956
2.0,4.0,1.0,6449000.0,2.0,44.2,2023
2.0,4.0,1.0,6450000.0,2.0,51.0,2023
2.0,3.3,8.0,6450000.0,2.0,42.5,1980
2.0,2.9,10.0,6470000.0,2.0,53.0,2012
2.0,3.7,1.0,6400000.0,2.0,49.0,1992
2.0,2.5,5.0,6400000.0,2.0,56.7,2010
2.0,2.9,13.0,6500000.0,2.0,49.9,2021
2.0,4.0,3.0,6500000.0,2.0,42.6,1979
2.0,2.9,2.0,6500000.0,2.0,40.3,2018
2.0,3.7,3.0,6500000.0,2.0,55.4,2017
2.0,3.9,3.0,6500000.0,2.0,46.3,1952
2.0,4.2,1.0,6500000.0,2.0,52.0,1994
2.0,3.7,2.0,6500000.0,2.0,47.2,2017
2.0,3.3,6.0,6500000.0,2.0,57.2,2010
2.0,2.5,8.0,6500000.0,2.0,75.5,2010
2.0,3.7,6.0,6500000.0,2.0,46.0,2026
2.0,2.9,9.0,6500000.0,2.0,52.3,1992
2.0,3.3,8.0,6500000.0,2.0,43.3,1988
2.0,3.3,3.0,6500000.0,2.0,57.0,1950
2.0,2.9,5.0,6500000.0,2.0,57.0,2025
2.0,2.9,4.0,6500000.0,2.0,53.2,2004
2.0,3.7,1.0,6500000.0,2.0,85.9,2020
2.0,2.5,15.0,6500000.0,2.0,36.5,2018
2.0,3.4,8.0,6500000.0,2.0,43.9,1970
2.0,2.9,8.0,6500000.0,2.0,50.6,1981
2.0,2.9,12.0,6500000.0,2.0,48.5,2023
2.0,2.5,3.0,6500000.0,2.0,76.0,2016
2.0,3.7,2.0,6509000.0,2.0,58.0,2014
2.0,4.2,4.0,6500000.0,2.0,44.0,1971
2.0,3.3,4.0,6500000.0,2.0,60.0,2017
2.0,2.9,9.0,6500000.0,2.0,55.0,2022
2.0,3.7,13.0,6500000.0,2.0,58.5,2017
2.0,3.7,6.0,6500000.0,2.0,59.8,2023
2.0,3.8,2.0,6500000.0,2.0,43.5,2007
2.0,3.9,5.0,6500000.0,2.0,45.0,1983
2.0,2.9,10.0,6500000.0,2.0,50.4,2015
2.0,2.9,3.0,6500000.0,2.0,48.9,2019
2.0,4.0,3.0,6500000.0,2.0,43.5,2022
2.0,4.2,3.0,6500000.0,2.0,69.2,2009
2.0,3.4,4.0,6500000.0,2.0,50.2,2019
2.0,3.8,1.0,6550000.0,2.0,55.3,1960
2.0,2.5,12.0,6560000.0,2.0,55.1,2010
2.0,3.4,5.0,6550000.0,2.0,50.0,2020
2.0,4.0,10.0,6590000.0,2.0,49.0,2022
2.0,3.3,7.0,6586000.0,2.0,56.5,2008
2.0,4.0,8.0,6580000.0,2.0,59.1,1977
2.0,4.0,2.0,6560000.0,2.0,56.4,1959
2.0,4.2,1.0,6600000.0,2.0,42.9,1959
2.0,4.0,7.0,6600000.0,2.0,43.2,1981
2.0,4.0,4.0,6600000.0,2.0,49.0,2022
2.0,3.9,3.0,6600000.0,2.0,54.0,2002
2.0,3.9,9.0,6600000.0,2.0,35.2,1971
2.0,2.9,5.0,6649999.0,2.0,50.4,2022
2.0,3.7,16.0,6600000.0,2.0,63.9,2011
2.0,3.7,5.0,6600000.0,2.0,50.2,2021
2.0,4.0,9.0,6600000.0,2.0,54.1,2020
2.0,2.9,4.0,6700000.0,2.0,54.9,2021
2.0,2.9,5.0,6700000.0,2.0,55.4,1949
2.0,3.7,3.0,6700000.0,2.0,60.0,2017
2.0,4.0,6.0,6700000.0,2.0,42.4,1979
2.0,2.9,9.0,6700000.0,2.0,45.2,2025
2.0,3.3,3.0,6700000.0,2.0,56.3,2007
2.0,3.3,12.0,6699000.0,2.0,38.7,2019
2.0,3.3,2.0,6700000.0,2.0,58.6,1952
2.0,3.3,7.0,6700000.0,2.0,56.4,2017
2.0,2.9,4.0,6690000.0,2.0,36.6,2025
2.0,3.8,5.0,6700000.0,2.0,46.0,2007
2.0,3.8,5.0,6700000.0,2.0,49.0,1955
2.0,3.9,3.0,6700000.0,2.0,52.5,1994
2.0,2.5,18.0,6700000.0,2.0,71.5,2015
2.0,4.0,6.0,6700000.0,2.0,42.4,2022
2.0,4.4,24.0,6700000.0,2.0,44.0,2013
2.0,3.3,2.0,6700000.0,2.0,46.0,1986
2.0,2.5,7.0,6700000.0,2.0,76.0,2009
2.0,2.5,13.0,6690000.0,2.0,74.65,2024
2.0,4.0,4.0,6700000.0,2.0,44.5,1968
2.0,3.3,4.0,6680000.0,2.0,51.4,2023
2.0,4.0,3.0,6700000.0,2.0,43.0,1965
2.0,2.5,2.0,6700000.0,2.0,55.9,2025
2.0,3.8,7.0,6750000.0,2.0,34.3,2007
2.0,2.9,24.0,6750000.0,2.0,63.8,2016
2.0,4.2,11.0,6750000.0,2.0,57.3,2015
2.0,2.9,12.0,6750000.0,2.0,43.2,2015
2.0,3.8,4.0,6800000.0,2.0,41.2,1971
2.0,3.8,2.0,6800000.0,2.0,45.1,1962
2.0,2.5,3.0,6800000.0,2.0,55.2,1991
2.0,2.9,11.0,6890000.0,2.0,45.0,2020
2.0,4.4,11.0,6800000.0,2.0,63.5,2022
2.0,3.3,1.0,6870000.0,2.0,45.0,1962
2.0,3.7,8.0,6850000.0,2.0,53.1,2014
2.0,2.9,2.0,6800000.0,2.0,42.5,2015
2.0,2.5,10.0,6850000.0,2.0,58.0,2012
2.0,3.7,8.0,6800000.0,2.0,63.7,2024
2.0,3.9,4.0,6800000.0,2.0,45.0,1981
2.0,2.5,9.0,6800000.0,2.0,45.3,1972
2.0,2.5,2.0,6800000.0,2.0,62.8,2010
2.0,3.4,5.0,6800000.0,2.0,58.4,1957
2.0,4.2,1.0,6850000.0,2.0,44.3,1962
2.0,3.7,9.0,6800000.0,2.0,53.0,2005
2.0,4.0,7.0,6800000.0,2.0,46.5,2025
2.0,2.9,10.0,6800000.0,2.0,58.61,2024
2.0,3.3,1.0,6800000.0,2.0,55.0,2012
2.0,2.9,6.0,6849000.0,2.0,65.7,2015
2.0,2.5,5.0,6800000.0,2.0,52.0,2020
2.0,2.5,2.0,6800000.0,2.0,56.7,2010
2.0,3.7,9.0,6800000.0,2.0,63.5,2008
2.0,3.8,9.0,6900000.0,2.0,44.0,1988
2.0,4.0,3.0,6900000.0,2.0,40.6,1968
2.0,4.0,9.0,6900000.0,2.0,53.2,1988
2.0,3.7,15.0,6900000.0,2.0,62.6,2014
2.0,3.4,7.0,6900000.0,2.0,45.0,1975
2.0,3.9,6.0,6900000.0,2.0,42.7,1981
2.0,2.9,3.0,6900000.0,2.0,55.0,1981
2.0,4.2,6.0,6900000.0,2.0,51.7,1991
2.0,3.3,2.0,6900000.0,2.0,77.2,2017
2.0,3.4,3.0,6990000.0,2.0,44.8,2019
2.0,3.4,8.0,6980000.0,2.0,43.5,1970
2.0,4.0,4.0,6999000.0,2.0,47.0,2022
2.0,3.8,1.0,6999999.0,2.0,51.0,2015
2.0,2.5,1.0,6990000.0,2.0,56.0,2012
2.0,4.2,8.0,6950000.0,2.0,54.3,2005
2.0,3.9,2.0,6999000.0,2.0,43.0,1963
2.0,3.4,20.0,6990000.0,2.0,57.0,2023
2.0,2.5,4.0,7000000.0,2.0,63.7,2019
2.0,2.5,24.0,7050000.0,2.0,44.3,2024
2.0,2.5,10.0,7000000.0,2.0,60.7,2021
2.0,4.2,8.0,7000000.0,2.0,49.0,1979
2.0,2.9,8.0,7000000.0,2.0,51.2,2013
2.0,2.5,10.0,7000000.0,2.0,44.7,1991
2.0,3.3,4.0,7000000.0,2.0,46.1,2019
2.0,2.5,2.0,7050000.0,2.0,43.8,2021
2.0,3.8,9.0,7000000.0,2.0,46.0,1983
2.0,2.5,9.0,7000000.0,2.0,51.5,1995
2.0,3.3,2.0,7000000.0,2.0,73.9,2015
2.0,3.9,2.0,7000000.0,2.0,55.9,1959
2.0,3.3,8.0,7000000.0,2.0,57.4,2020
2.0,4.0,13.0,7060100.0,2.0,87.35,2022
2.0,3.7,2.0,7000000.0,2.0,59.0,2024
2.0,3.8,4.0,7000000.0,2.0,58.0,1955
2.0,3.9,8.0,7000000.0,2.0,47.7,1975
2.0,2.9,8.0,7000000.0,2.0,55.6,2009
2.0,2.5,16.0,7000000.0,2.0,63.0,2020
2.0,3.7,17.0,7000000.0,2.0,68.9,2022
2.0,3.3,5.0,7000000.0,2.0,53.2,2014
2.0,3.3,13.0,7100000.0,2.0,60.4,2027
2.0,4.0,2.0,7120000.0,2.0,43.8,2015
2.0,2.9,11.0,7100000.0,2.0,51.9,2015
2.0,3.7,15.0,7100000.0,2.0,62.9,2023
2.0,4.2,1.0,7149000.0,2.0,45.9,1964
2.0,2.9,4.0,7100000.0,2.0,59.6,2001
2.0,2.5,7.0,7200000.0,2.0,65.3,2014
2.0,2.9,9.0,7200000.0,2.0,65.1,2023
2.0,2.5,4.0,7150000.0,2.0,70.4,2020
2.0,2.9,5.0,7200000.0,2.0,43.6,2015
2.0,4.0,2.0,7200000.0,2.0,51.5,2022
2.0,2.9,2.0,7200000.0,2.0,69.2,1943
2.0,4.2,8.0,7200000.0,2.0,52.0,1982
2.0,3.4,11.0,7150000.0,2.0,41.57,2026
2.0,3.7,14.0,7200000.0,2.0,56.7,2019
2.0,2.5,1.0,7220000.0,2.0,53.2,1991
2.0,2.9,3.0,7150000.0,2.0,66.0,2009
2.0,2.9,4.0,7200000.0,2.0,42.3,1960
2.0,3.7,9.0,7200000.0,2.0,63.0,2023
2.0,2.5,7.0,7200000.0,2.0,56.3,2012
2.0,3.7,1.0,7200000.0,2.0,58.3,2014
2.0,4.0,11.0,7200000.0,2.0,47.08,2022
2.0,4.4,13.0,7200000.0,2.0,54.0,2013
2.0,3.7,8.0,7200000.0,2.0,61.35,2017
2.0,4.4,7.0,7200000.0,2.0,51.4,2025
2.0,2.5,4.0,7190000.0,2.0,43.1,1971
2.0,4.2,7.0,7250000.0,2.0,53.0,1981
2.0,4.4,14.0,7290000.0,2.0,44.7,2013
2.0,2.9,26.0,7250000.0,2.0,40.2,2019
2.0,3.7,3.0,7300000.0,2.0,68.8,2014
2.0,2.9,5.0,7300000.0,2.0,58.6,1978
2.0,3.8,3.0,7300000.0,2.0,60.0,1958
2.0,2.5,15.0,7300000.0,2.0,58.0,2020
2.0,3.9,3.0,7300000.0,2.0,36.6,2023
2.0,3.8,2.0,7300000.0,2.0,48.0,2007
2.0,2.9,4.0,7300000.0,2.0,58.0,2015
2.0,2.5,1.0,7300000.0,2.0,74.0,2010
2.0,4.2,3.0,7350000.0,2.0,42.0,1969
2.0,2.9,13.0,7400000.0,2.0,38.6,2019
2.0,3.3,16.0,7400000.0,2.0,65.0,2020
2.0,2.5,16.0,7350000.0,2.0,60.2,2024
2.0,2.5,19.0,7350000.0,2.0,59.3,2020
2.0,3.3,4.0,7350000.0,2.0,69.3,2014
2.0,3.3,5.0,7395000.0,2.0,54.4,2025
2.0,3.3,4.0,7400000.0,2.0,65.0,2017
2.0,2.5,7.0,7350000.0,2.0,62.92,2024
2.0,2.9,3.0,7400000.0,2.0,72.0,2016
2.0,2.5,17.0,7400000.0,2.0,36.3,2009
2.0,2.9,13.0,7350000.0,2.0,74.3,2025
2.0,2.5,16.0,7480000.0,2.0,66.8,2020
2.0,3.3,8.0,7499999.0,2.0,67.7,2009
2.0,2.5,7.0,7490000.0,2.0,53.5,2014
2.0,3.7,5.0,7450000.0,2.0,53.3,2010
2.0,4.2,2.0,7500000.0,2.0,44.0,1994
2.0,2.5,8.0,7500000.0,2.0,51.7,2018
2.0,3.3,6.0,7500000.0,2.0,66.4,2017
2.0,3.9,2.0,7500000.0,2.0,60.0,2006
2.0,2.5,7.0,7590000.0,2.0,53.4,2002
2.0,4.0,1.0,7500000.0,2.0,53.4,2020
2.0,3.7,1.0,7500000.0,2.0,48.0,2013
2.0,2.5,7.0,7500000.0,2.0,65.0,2013
2.0,2.5,17.0,7500000.0,2.0,45.7,2024
2.0,3.9,9.0,7550000.0,2.0,42.2,1981
2.0,2.5,14.0,7500000.0,2.0,61.1,2024
2.0,3.4,7.0,7520000.0,2.0,67.3,2019
2.0,2.9,7.0,7500000.0,2.0,47.1,2010
2.0,3.9,4.0,7500000.0,2.0,48.0,1969
2.0,3.4,9.0,7550000.0,2.0,50.5,2021
2.0,4.2,1.0,7500000.0,2.0,53.5,1994
2.0,4.2,7.0,7500000.0,2.0,53.0,2011
2.0,2.5,7.0,7500000.0,2.0,50.0,1995
2.0,4.2,4.0,7500000.0,2.0,44.0,1967
2.0,2.9,9.0,7500000.0,2.0,55.8,2012
2.0,4.2,1.0,7500000.0,2.0,51.0,1990
2.0,2.5,13.0,7500000.0,2.0,46.0,2022
2.0,3.7,4.0,7500000.0,2.0,42.0,1964
2.0,2.5,6.0,7500000.0,2.0,59.9,2024
2.0,3.4,7.0,7600000.0,2.0,45.5,1970
2.0,4.4,15.0,7624110.0,2.0,56.7,2025
2.0,4.0,6.0,7600000.0,2.0,35.4,2026
2.0,2.5,5.0,7600000.0,2.0,43.2,1972
2.0,2.9,9.0,7635000.0,2.0,65.75,2015
2.0,3.3,3.0,7700000.0,2.0,60.2,2021
2.0,2.5,8.0,7700000.0,2.0,70.0,2020
2.0,4.4,9.0,7700000.0,2.0,56.2,2011
2.0,3.9,9.0,7700000.0,2.0,46.7,1987
2.0,4.0,2.0,7700000.0,2.0,49.0,2022
2.0,3.3,7.0,7700000.0,2.0,60.8,2025
2.0,4.2,6.0,7700000.0,2.0,70.5,2016
2.0,3.9,5.0,7700000.0,2.0,63.0,2010
2.0,2.9,4.0,7700000.0,2.0,60.0,1999
2.0,2.9,9.0,7800000.0,2.0,71.08,2022
2.0,2.9,2.0,7800000.0,2.0,71.7,1945
2.0,2.9,8.0,7800000.0,2.0,55.0,2017
2.0,2.5,5.0,7800000.0,2.0,52.7,2015
2.0,3.8,5.0,7790000.0,2.0,53.1,1998
2.0,2.5,15.0,7750000.0,2.0,71.7,2016
2.0,2.5,4.0,7800000.0,2.0,55.4,2005
2.0,3.4,12.0,7750000.0,2.0,47.0,2025
2.0,2.9,10.0,7800000.0,2.0,76.0,2016
2.0,2.5,9.0,7750000.0,2.0,49.7,2025
2.0,2.5,8.0,7799999.0,2.0,50.3,1991
2.0,3.9,16.0,7800000.0,2.0,45.5,2002
2.0,2.5,9.0,7750000.0,2.0,56.4,2007
2.0,4.4,1.0,7830000.0,2.0,70.3,2007
2.0,3.3,2.0,7800000.0,2.0,54.0,2017
2.0,4.4,14.0,7800000.0,2.0,56.9,2015
2.0,2.9,15.0,7850000.0,2.0,36.8,2023
2.0,3.8,9.0,7850000.0,2.0,43.3,1966
2.0,3.4,4.0,7870000.0,2.0,56.1,2022
2.0,2.5,3.0,7900000.0,2.0,57.3,2024
2.0,4.2,4.0,7900000.0,2.0,46.0,1964
2.0,2.5,1.0,7900000.0,2.0,70.1,2010
2.0,4.4,10.0,7900000.0,2.0,50.0,2012
2.0,2.9,6.0,7999000.0,2.0,62.6,1999
2.0,2.9,3.0,7900000.0,2.0,52.9,2001
2.0,2.9,11.0,7900000.0,2.0,42.0,2009
2.0,2.5,14.0,7950000.0,2.0,51.9,2018
2.0,3.7,8.0,7900000.0,2.0,57.2,2019
2.0,4.0,11.0,7950000.0,2.0,44.1,2023
2.0,4.4,15.0,7900000.0,2.0,57.0,2016
2.0,2.5,5.0,7900000.0,2.0,67.5,2024
2.0,2.5,2.0,7900000.0,2.0,60.0,2015
2.0,3.4,2.0,8000000.0,2.0,69.4,2005
2.0,2.9,11.0,8000000.0,2.0,73.3,2015
2.0,4.2,1.0,8000000.0,2.0,44.0,1960
2.0,2.5,7.0,8000000.0,2.0,43.4,2021
2.0,3.8,1.0,8000000.0,2.0,50.2,1986
2.0,3.8,2.0,8000000.0,2.0,45.6,1983
2.0,2.5,7.0,8000000.0,2.0,62.4,2014
2.0,2.5,4.0,8000000.0,2.0,52.5,2020
2.0,2.5,19.0,8000000.0,2.0,39.2,2016
2.0,2.5,10.0,8000000.0,2.0,48.0,1983
2.0,3.4,3.0,8000000.0,2.0,56.0,2020
2.0,2.9,9.0,8000000.0,2.0,66.5,2009
2.0,2.9,5.0,8000000.0,2.0,49.0,2015
2.0,4.0,2.0,8100000.0,2.0,81.1,2012
2.0,2.5,16.0,8120000.0,2.0,68.0,2020
2.0,3.4,6.0,8100000.0,2.0,36.6,2019
2.0,2.5,19.0,8100000.0,2.0,61.5,2020
2.0,4.4,2.0,8119700.0,2.0,57.0,2013
2.0,2.9,6.0,8100000.0,2.0,64.7,2013
2.0,4.0,3.0,8100000.0,2.0,57.6,2009
2.0,3.7,3.0,8100000.0,2.0,57.1,2023
2.0,4.0,14.0,8100000.0,2.0,50.6,2023
2.0,4.0,4.0,8088000.0,2.0,52.0,2000
2.0,2.5,13.0,8200000.0,2.0,56.5,2018
2.0,3.4,2.0,8200000.0,2.0,50.0,2010
2.0,4.0,5.0,8200000.0,2.0,36.29,2026
2.0,4.0,8.0,8162000.0,2.0,42.29,2026
2.0,2.9,1.0,8200000.0,2.0,61.5,2009
2.0,3.3,5.0,8200000.0,2.0,53.4,2023
2.0,3.4,6.0,8180000.0,2.0,43.7,2019
2.0,3.7,12.0,8200000.0,2.0,56.3,2022
2.0,3.9,2.0,8200000.0,2.0,39.2,1984
2.0,3.3,3.0,8200000.0,2.0,53.2,2023
2.0,3.7,14.0,8200000.0,2.0,67.7,2024
2.0,3.7,2.0,8250000.0,2.0,60.0,2017
2.0,4.0,3.0,8250000.0,2.0,57.2,2018
2.0,2.5,11.0,8297000.0,2.0,70.8,2021
2.0,4.0,23.0,8250000.0,2.0,43.0,2025
2.0,4.2,7.0,8250000.0,2.0,42.4,2024
2.0,4.2,2.0,8300000.0,2.0,53.3,1994
2.0,4.4,2.0,8300000.0,2.0,66.0,2013
2.0,3.9,7.0,8300000.0,2.0,50.4,1984
2.0,4.0,3.0,8300000.0,2.0,63.1,2015
2.0,4.0,5.0,8300000.0,2.0,41.8,1963
2.0,3.4,5.0,8300000.0,2.0,51.5,2019
2.0,4.4,2.0,8300000.0,2.0,65.3,2014
2.0,3.3,13.0,8350000.0,2.0,60.5,2020
2.0,3.3,12.0,8300000.0,2.0,56.4,2017
2.0,3.3,6.0,8300000.0,2.0,52.3,2017
2.0,2.5,27.0,8300000.0,2.0,69.0,2016
2.0,2.5,8.0,8300000.0,2.0,57.4,2004
2.0,4.0,23.0,8300000.0,2.0,61.3,2023
2.0,3.8,10.0,8300000.0,1.0,88.0,2007
2.0,3.7,9.0,8300000.0,2.0,58.0,2021
2.0,3.3,11.0,8400000.0,2.0,66.6,2023
2.0,2.5,17.0,8400000.0,2.0,46.1,2024
2.0,3.3,11.0,8400000.0,2.0,60.0,2010
2.0,3.8,4.0,8450000.0,2.0,52.0,2007
2.0,2.5,11.0,8499000.0,2.0,71.0,2022
2.0,4.0,24.0,8498000.0,2.0,58.5,2024
2.0,3.3,5.0,8500000.0,2.0,65.0,2023
2.0,2.5,9.0,8500000.0,2.0,67.5,2016
2.0,3.3,8.0,8500000.0,2.0,60.9,2021
2.0,4.2,2.0,8500000.0,2.0,47.1,1973
2.0,4.0,4.0,8500000.0,2.0,77.4,2022
2.0,3.4,14.0,8500000.0,2.0,39.6,2022
2.0,4.4,8.0,8500000.0,2.0,72.0,2004
2.0,2.5,10.0,8500000.0,2.0,56.7,2018
2.0,2.5,1.0,8500000.0,2.0,54.0,2014
2.0,2.9,14.0,8500000.0,2.0,67.5,2015
2.0,4.2,3.0,8500000.0,2.0,72.09,2016
2.0,2.5,5.0,8500000.0,2.0,67.6,2016
2.0,3.8,2.0,8500000.0,2.0,44.7,1964
2.0,3.4,6.0,8500000.0,2.0,49.2,2019
2.0,2.5,7.0,8550000.0,2.0,63.0,2024
2.0,3.8,2.0,8600000.0,2.0,52.1,1986
2.0,3.4,12.0,8550000.0,2.0,59.9,2019
2.0,2.5,13.0,8550000.0,2.0,60.9,2020
2.0,4.4,2.0,8600000.0,2.0,62.8,2016
2.0,3.3,18.0,8600000.0,2.0,69.1,2015
2.0,4.4,12.0,8650000.0,2.0,65.1,2014
2.0,2.5,5.0,8700000.0,2.0,68.2,2024
2.0,3.4,5.0,8700000.0,2.0,55.0,1953
2.0,2.5,8.0,8700000.0,2.0,65.8,2014
2.0,3.3,3.0,8699000.0,2.0,49.4,2021
2.0,3.8,5.0,8700000.0,2.0,54.0,1986
2.0,2.9,4.0,8700000.0,2.0,57.8,2015
2.0,2.5,14.0,8700000.0,2.0,62.7,2011
2.0,2.5,12.0,8765999.0,2.0,51.0,2024
2.0,4.0,24.0,8799000.0,2.0,45.0,2021
2.0,3.7,11.0,8750000.0,2.0,67.0,2021
2.0,3.3,4.0,8750000.0,2.0,56.0,2011
2.0,3.7,5.0,8800000.0,2.0,54.4,2017
2.0,4.0,10.0,8800000.0,2.0,67.1,2024
2.0,4.0,10.0,8800000.0,2.0,51.0,2022
2.0,3.8,9.0,8800000.0,2.0,53.1,1986
2.0,4.0,19.0,8800000.0,2.0,43.5,2013
2.0,4.4,6.0,8800000.0,2.0,62.0,2015
2.0,3.8,8.0,8800000.0,2.0,67.8,1998
2.0,4.0,5.0,8800000.0,2.0,53.9,2021
2.0,2.5,8.0,8900000.0,2.0,64.5,2015
2.0,3.4,21.0,8999000.0,2.0,40.0,2024
2.0,2.5,14.0,8900000.0,2.0,59.4,2011
2.0,3.4,10.0,8900000.0,2.0,58.0,2021
2.0,2.9,13.0,8900000.0,2.0,56.7,2017
2.0,3.8,3.0,8980000.0,2.0,52.0,1956
2.0,4.0,9.0,8990000.0,2.0,39.1,2024
2.0,4.0,2.0,8990000.0,2.0,53.55,2026
2.0,3.4,15.0,8900000.0,2.0,56.8,2024
2.0,3.9,5.0,8900000.0,2.0,63.1,2002
2.0,4.0,11.0,8999000.0,2.0,46.0,2024
2.0,2.5,8.0,8900000.0,2.0,48.0,2020
2.0,3.9,2.0,9000000.0,2.0,54.3,2002
2.0,3.8,3.0,9000000.0,2.0,64.0,1939
2.0,2.5,1.0,9000000.0,2.0,52.5,2014
2.0,2.9,6.0,9000000.0,2.0,53.0,2025
2.0,2.9,16.0,9000000.0,2.0,51.7,2026
2.0,4.0,1.0,9000000.0,2.0,43.8,1987
2.0,3.7,20.0,9000000.0,2.0,47.9,2025
2.0,2.9,12.0,9000000.0,2.0,46.8,2025
2.0,2.5,5.0,9000000.0,2.0,76.6,2002
2.0,2.9,8.0,9000000.0,2.0,79.7,2012
2.0,4.2,3.0,9000000.0,2.0,53.3,2000
2.0,4.4,16.0,9000000.0,2.0,64.8,2013
2.0,4.0,15.0,9000000.0,2.0,62.4,2023
2.0,4.0,15.0,9000000.0,2.0,72.9,2021
2.0,2.5,25.0,9000000.0,2.0,64.0,2016
2.0,2.9,2.0,9100000.0,2.0,51.0,2015
2.0,2.5,16.0,9100000.0,2.0,55.0,2022
2.0,2.5,20.0,9100000.0,2.0,58.0,2025
2.0,2.5,4.0,9100000.0,2.0,54.0,2007
2.0,2.5,18.0,9100000.0,2.0,51.0,2021
2.0,3.9,8.0,9200000.0,2.0,41.1,2022
2.0,2.5,8.0,9200000.0,2.0,52.2,2014
2.0,4.0,21.0,9200000.0,2.0,47.08,2025
2.0,2.5,5.0,9200000.0,2.0,54.5,2020
2.0,4.2,6.0,9200000.0,2.0,60.0,2014
2.0,4.0,4.0,9200000.0,2.0,59.5,2024
2.0,3.8,8.0,9200000.0,2.0,53.0,1987
2.0,2.5,7.0,9200000.0,2.0,52.8,2018
2.0,3.4,1.0,9200000.0,2.0,65.8,2019
2.0,2.5,11.0,9200000.0,2.0,59.0,2022
2.0,3.4,2.0,9200000.0,2.0,37.0,2019
2.0,2.5,8.0,9200000.0,2.0,50.4,2024
2.0,4.0,3.0,9290000.0,2.0,44.0,2022
2.0,2.5,18.0,9315000.0,2.0,61.2,2026
2.0,3.8,3.0,9300000.0,2.0,56.0,1953
2.0,2.5,3.0,9300000.0,2.0,50.8,2009
2.0,3.8,7.0,9300000.0,2.0,45.7,2007
2.0,2.5,6.0,9250000.0,2.0,46.0,2020
2.0,2.5,3.0,9400000.0,2.0,55.2,2016
2.0,3.4,13.0,9400000.0,2.0,65.2,2025
2.0,3.4,11.0,9350000.0,2.0,58.0,2026
2.0,2.9,17.0,9400000.0,2.0,47.0,2022
2.0,3.7,6.0,9500000.0,2.0,63.0,2019
2.0,3.7,13.0,9500000.0,2.0,63.0,2017
2.0,4.0,4.0,9500000.0,2.0,57.0,2022
2.0,4.0,10.0,9450000.0,2.0,56.5,2006
2.0,2.9,8.0,9500000.0,2.0,69.2,2008
2.0,2.5,17.0,9500000.0,2.0,54.0,2022
2.0,2.5,10.0,9500000.0,2.0,44.6,2021
2.0,3.9,3.0,9500000.0,2.0,48.4,1982
2.0,4.0,15.0,9500000.0,2.0,51.0,2022
2.0,3.8,12.0,9500000.0,2.0,38.8,2024
2.0,3.4,15.0,9500000.0,2.0,67.0,2008
2.0,4.0,19.0,9450000.0,2.0,44.0,2017
2.0,3.4,13.0,9500000.0,2.0,55.5,2013
2.0,2.9,10.0,9500000.0,2.0,67.6,2015
2.0,4.0,17.0,9500000.0,2.0,55.6,2023
2.0,2.5,2.0,9500000.0,2.0,72.0,2002
2.0,2.5,9.0,9500000.0,2.0,60.1,2020
2.0,3.9,5.0,9500000.0,2.0,52.6,1959
2.0,4.0,12.0,9600000.0,2.0,45.9,2022
2.0,2.9,6.0,9550000.0,2.0,56.0,2015
2.0,2.5,4.0,9600000.0,2.0,63.0,2020
2.0,3.8,10.0,9630000.0,2.0,43.6,2024
2.0,4.2,5.0,9600000.0,2.0,53.0,2015
2.0,4.2,5.0,9600000.0,2.0,45.7,2019
2.0,4.0,17.0,9700000.0,2.0,59.1,2011
2.0,2.5,2.0,9700000.0,2.0,53.0,2022
2.0,2.5,12.0,9700000.0,2.0,56.8,2018
2.0,2.5,21.0,9650000.0,2.0,62.6,2022
2.0,2.5,9.0,9700000.0,2.0,52.0,2020
2.0,3.8,19.0,9700000.0,2.0,45.0,2021
2.0,2.5,8.0,9800000.0,2.0,56.0,2014
2.0,2.5,3.0,9800000.0,2.0,62.3,2021
2.0,2.5,3.0,9800000.0,2.0,53.5,2024
2.0,2.9,8.0,9800000.0,2.0,55.0,2025
2.0,3.9,4.0,9770000.0,2.0,43.8,2022
2.0,4.2,13.0,9800000.0,2.0,67.0,2010
2.0,4.0,15.0,9750000.0,2.0,61.0,2021
2.0,3.9,3.0,9900000.0,2.0,59.6,1955
2.0,4.2,2.0,9900000.0,2.0,46.0,1994
2.0,4.4,6.0,9850000.0,2.0,75.0,2008
2.0,2.5,3.0,9900000.0,2.0,70.7,2020
2.0,3.4,12.0,9900000.0,2.0,56.2,2013
2.0,2.9,11.0,9900000.0,2.0,53.35,2026
2.0,2.9,7.0,9900000.0,2.0,56.7,2024
2.0,3.4,3.0,9900000.0,2.0,67.5,2019
2.0,2.5,9.0,9900000.0,2.0,64.4,2019
2.0,4.0,11.0,10000000.0,2.0,82.34,2024
2.0,2.5,4.0,10000000.0,2.0,98.7,2011
2.0,3.8,9.0,9800000.0,2.0,52.4,2011
2.0,3.8,8.0,10480000.0,2.0,64.0,2013
2.0,4.0,19.0,8990000.0,2.0,53.9,2017
2.0,3.8,3.0,8500000.0,2.0,50.6,2003
2.0,3.8,6.0,10600000.0,2.0,54.3,2007
2.0,2.9,1.0,3750000.0,2.0,40.8,1964
2.0,2.5,3.0,3999000.0,2.0,63.0,1958
5.0,3.8,2.0,6300000.0,2.0,44.0,1965
2.0,3.3,2.0,2350000.0,2.0,42.0,1950
2.0,2.9,3.0,5790000.0,2.0,54.0,2015
2.0,2.5,1.0,2850000.0,2.0,46.1,2020
2.0,3.7,5.0,6660000.0,2.0,65.2,2009
2.0,2.5,12.0,15900000.0,2.0,60.3,2018
4.0,3.4,6.0,12720000.0,3.0,71.42,2028
2.0,4.2,2.0,4300000.0,3.0,62.0,1968
2.0,3.3,7.0,7100000.0,3.0,63.2,1976
4.0,4.0,3.0,9870000.0,3.0,81.8,2028
2.0,3.3,4.0,5300000.0,3.0,58.1,1967
2.0,2.5,3.0,5000000.0,3.0,62.1,1974
4.0,4.0,22.0,13333026.0,3.0,76.1,2026
2.0,2.5,10.0,6800000.0,3.0,68.0,1992
2.0,2.5,4.0,5650000.0,3.0,87.39,2018
4.0,3.3,5.0,9821565.0,3.0,58.5,2027
2.0,2.9,18.0,7770000.0,3.0,46.5,2024
2.0,3.4,1.0,4100000.0,3.0,60.7,1982
4.0,3.4,4.0,18560000.0,3.0,112.93,2028
2.0,4.0,15.0,9600000.0,3.0,99.41,2025
2.0,3.9,23.0,24990000.0,3.0,107.1,2015
4.0,4.0,8.0,13530000.0,3.0,100.04,2026
2.0,4.0,18.0,12400000.0,3.0,55.0,2023
2.0,2.5,4.0,5700000.0,3.0,59.9,1975
4.0,3.3,9.0,13470443.0,3.0,83.3,2027
2.0,2.5,2.0,13700000.0,3.0,85.5,2020
2.0,2.5,2.0,2800000.0,3.0,59.0,2027
4.0,2.9,1.0,16460000.0,3.0,94.53,2026
2.0,3.8,22.0,13999000.0,3.0,55.1,2021
2.0,4.0,5.0,10850000.0,3.0,74.2,2010
4.0,3.4,2.0,13573300.0,3.0,68.9,2028
2.0,2.5,4.0,17450000.0,3.0,107.0,2017
2.0,3.7,3.0,5700000.0,3.0,109.0,2017
4.0,2.9,10.0,13403000.0,3.0,60.99,2026
2.0,2.9,1.0,5200000.0,3.0,60.8,1979
4.0,3.4,14.0,16693400.0,3.0,87.4,2028
2.0,3.4,7.0,4800000.0,3.0,60.0,1976
4.0,3.4,8.0,13770000.0,3.0,78.5,2028
2.0,2.5,1.0,3100000.0,3.0,67.5,1958
4.0,4.0,9.0,12400000.0,3.0,104.8,2028
2.0,2.5,3.0,4990000.0,3.0,55.9,2020
2.0,3.7,2.0,5000000.0,3.0,60.0,1974
4.0,2.9,2.0,11203000.0,3.0,54.4,2026
2.0,3.8,1.0,9780000.0,3.0,71.0,1958
2.0,2.9,4.0,5000000.0,3.0,59.0,1980
4.0,3.4,2.0,25440000.0,3.0,113.64,2028
2.0,4.0,2.0,7000000.0,3.0,60.1,1970
2.0,3.8,1.0,5000000.0,3.0,54.0,1960
4.0,3.3,21.0,14793975.0,3.0,90.9,2027
2.0,2.9,3.0,9900000.0,3.0,93.5,2015
2.0,2.9,5.0,6000000.0,3.0,57.8,1968
4.0,4.0,7.0,14700000.0,3.0,68.4,2026
2.0,3.4,4.0,17800000.0,3.0,81.0,2018
2.0,3.3,3.0,4250000.0,3.0,55.0,2017
4.0,2.9,1.0,14603000.0,3.0,66.66,2026
2.0,4.2,3.0,5999000.0,3.0,60.8,1988
2.0,3.7,2.0,4990000.0,3.0,60.1,1974
4.0,3.3,18.0,11888625.0,3.0,73.5,2027
2.0,3.3,24.0,18000000.0,3.0,83.6,2014
2.0,3.3,1.0,4550000.0,3.0,56.4,2017
4.0,4.0,10.0,16200000.0,3.0,74.6,2026
2.0,3.7,1.0,5500000.0,3.0,58.0,1963
2.0,3.3,5.0,4600000.0,3.0,57.5,1967
4.0,4.0,4.0,13253451.0,3.0,74.9,2026
2.0,3.9,1.0,5650000.0,3.0,54.5,1964
2.0,3.4,1.0,5290000.0,3.0,42.8,1965
4.0,3.3,10.0,10112025.0,3.0,59.5,2027
2.0,3.7,10.0,5800000.0,3.0,59.02,2017
2.0,2.9,6.0,5600000.0,3.0,55.0,2015
4.0,2.5,3.0,16376471.0,3.0,74.7,2027
2.0,2.9,5.0,6450000.0,3.0,57.0,1962
2.0,4.2,1.0,5850000.0,3.0,62.1,1994
4.0,2.9,1.0,13303000.0,3.0,59.91,2026
2.0,2.9,5.0,6400000.0,3.0,60.7,1973
2.0,2.5,5.0,5900000.0,3.0,60.8,2020
4.0,3.3,20.0,14469000.0,3.0,79.5,2027
2.0,3.4,2.0,6999999.0,3.0,58.7,2019
2.0,3.7,20.0,5999999.0,3.0,59.5,2024
4.0,4.0,14.0,12529412.0,3.0,51.47,2026
2.0,4.0,4.0,7000000.0,3.0,57.8,1971
2.0,3.4,3.0,6100000.0,3.0,55.4,1949
4.0,4.0,19.0,14800000.0,3.0,76.4,2028
2.0,2.5,4.0,7250000.0,3.0,64.8,1985
2.0,2.5,5.0,6300000.0,3.0,61.9,2020
4.0,4.0,3.0,10720000.0,3.0,90.2,2028
2.0,4.2,2.0,7350000.0,3.0,83.5,2024
2.0,2.5,13.0,6300000.0,3.0,71.3,2016
4.0,2.5,28.0,17423529.0,3.0,83.93,2027
2.0,3.3,2.0,7700000.0,3.0,55.5,1960
2.0,3.4,3.0,6500000.0,3.0,57.9,2019
4.0,2.9,22.0,8500000.0,3.0,58.4,2025
2.0,3.7,5.0,7650000.0,3.0,58.0,2017
2.0,2.9,7.0,6649000.0,3.0,66.1,2009
4.0,4.0,7.0,15900000.0,3.0,67.9,2024
2.0,3.7,12.0,8200000.0,3.0,51.0,2017
2.0,2.9,1.0,6800000.0,3.0,75.9,2015
4.0,2.5,26.0,18047059.0,3.0,87.45,2027
2.0,2.5,4.0,8500000.0,3.0,71.0,2020
2.0,3.7,4.0,7050000.0,3.0,63.7,1989
4.0,4.0,18.0,11682353.0,3.0,49.31,2026
2.0,2.5,4.0,9000000.0,3.0,70.5,2009
4.0,4.0,19.0,13600000.0,3.0,70.2,2028
2.0,2.5,5.0,9300000.0,3.0,94.2,2020
2.0,4.0,3.0,7300000.0,3.0,78.2,2022
4.0,2.9,21.0,7700000.0,3.0,51.12,2025
2.0,2.5,1.0,10200000.0,3.0,71.0,2020
2.0,4.0,6.0,7350000.0,3.0,59.1,2022
4.0,3.3,3.0,7177089.0,3.0,55.5,2028
2.0,3.3,9.0,11000000.0,3.0,68.0,2017
2.0,3.7,5.0,7500000.0,3.0,71.7,2017
4.0,4.0,8.0,14950000.0,3.0,80.5,2028
2.0,3.3,6.0,13000000.0,3.0,87.9,2017
2.0,2.5,9.0,7750000.0,3.0,70.1,2018
4.0,4.0,2.0,14280000.0,3.0,95.4,2028
2.0,2.9,2.0,5690000.0,3.0,56.0,2015
4.0,3.3,10.0,11684320.0,3.0,70.9,2027
2.0,3.7,11.0,13000000.0,3.0,72.5,2023
2.0,3.9,6.0,48000000.0,3.0,128.0,2002
2.0,2.9,5.0,12590000.0,3.0,69.7,2027
2.0,4.0,15.0,14500000.0,3.0,77.0,2022
2.0,3.4,9.0,4500000.0,3.0,57.7,1976
4.0,4.0,12.0,15635294.0,3.0,69.08,2026
2.0,2.9,2.0,3500000.0,3.0,55.2,1956
4.0,2.5,10.0,33730000.0,3.0,189.6,2025
2.0,3.7,7.0,5650000.0,3.0,60.0,1987
4.0,3.7,3.0,6900000.0,3.0,55.8,2028
2.0,4.4,2.0,4300000.0,3.0,59.4,2013
5.0,2.5,3.0,7600000.0,3.0,86.0,2013
2.0,4.4,4.0,5100000.0,3.0,59.4,1972
4.0,4.0,28.0,16435294.0,3.0,77.3,2026
2.0,2.5,5.0,5980000.0,3.0,60.6,1978
4.0,3.7,2.0,6900000.0,3.0,53.5,2028
2.0,3.3,3.0,5999000.0,3.0,61.3,2017
4.0,3.9,3.0,11650000.0,3.0,64.29,2028
2.0,3.9,5.0,8770000.0,3.0,63.2,1967
2.0,4.0,4.0,5300000.0,3.0,57.9,1974
2.0,2.9,5.0,5800000.0,3.0,59.3,2024
4.0,2.9,1.0,7200000.0,3.0,83.4,2026
2.0,2.9,10.0,4800000.0,3.0,56.0,2015
2.0,2.5,1.0,10608850.0,3.0,89.15,2026
2.0,4.2,9.0,4500000.0,3.0,57.1,1987
4.0,3.9,11.0,14930000.0,3.0,77.25,2025
2.0,3.3,1.0,5900000.0,3.0,75.9,1951
2.0,2.5,1.0,8600000.0,3.0,93.9,2025
4.0,3.4,3.0,8450000.0,3.0,67.3,2027
2.0,3.4,9.0,5350000.0,3.0,62.0,1978
4.0,3.3,3.0,7055685.0,3.0,59.4,2027
4.0,3.8,28.0,24550000.0,3.0,158.58,2026
2.0,4.2,3.0,5700000.0,3.0,66.1,2007
4.0,3.7,6.0,8950000.0,3.0,82.0,2025
2.0,3.4,5.0,4999000.0,3.0,57.5,1976
2.0,2.5,1.0,4800000.0,3.0,73.2,2020
4.0,3.8,27.0,28360000.0,3.0,155.15,2026
2.0,4.2,3.0,6000000.0,3.0,63.3,1994
2.0,3.7,2.0,4950000.0,3.0,61.0,2017
4.0,4.0,9.0,16640000.0,3.0,90.15,2026
2.0,4.0,2.0,6100000.0,3.0,66.6,1995
2.0,3.3,8.0,5650000.0,3.0,63.0,2017
4.0,3.7,5.0,9300000.0,3.0,70.4,2025
2.0,3.7,6.0,6300000.0,3.0,64.0,2013
2.0,2.5,20.0,9807840.0,3.0,70.56,2026
2.0,3.3,4.0,10500000.0,3.0,53.0,2021
2.0,3.4,3.0,6750000.0,3.0,60.5,1983
2.0,3.3,2.0,7100000.0,3.0,58.7,1988
2.0,2.5,1.0,7500000.0,3.0,77.8,2013
4.0,3.7,18.0,7850000.0,3.0,65.4,2028
2.0,2.5,17.0,18990000.0,3.0,87.0,2018
4.0,3.4,5.0,10528595.0,3.0,63.25,2026
2.0,4.0,8.0,7600000.0,3.0,58.9,1988
2.0,4.4,13.0,7700000.0,3.0,52.3,2018
4.0,3.7,4.0,8900000.0,3.0,63.3,2025
2.0,2.5,10.0,25000888.0,3.0,138.2,2007
5.0,3.4,5.0,8400000.0,3.0,73.3,2016
4.0,3.9,17.0,17440000.0,3.0,91.0,2025
2.0,2.9,3.0,12000000.0,3.0,110.4,2015
2.0,3.7,16.0,8500000.0,3.0,52.0,2024
2.0,2.5,16.0,22500000.0,3.0,74.5,2020
2.0,3.4,12.0,8900000.0,3.0,80.49,2025
4.0,4.0,11.0,11000000.0,3.0,57.22,2028
2.0,4.0,2.0,11499999.0,3.0,70.3,2021
2.0,3.3,5.0,9149000.0,3.0,76.4,1958
2.0,3.7,12.0,16800888.0,3.0,75.0,2018
2.0,3.3,4.0,10100000.0,3.0,96.88,2017
4.0,2.9,20.0,14103000.0,3.0,58.9,2026
2.0,3.8,3.0,32500888.0,3.0,70.0,2007
5.0,3.3,9.0,12000000.0,3.0,109.0,2007
2.0,3.8,2.0,33000000.0,3.0,72.4,2023
5.0,3.9,3.0,13000000.0,3.0,68.0,1969
4.0,3.4,1.0,7650000.0,3.0,49.4,2027
2.0,3.8,2.0,16999999.0,3.0,72.56,2007
5.0,3.8,9.0,17300000.0,3.0,83.3,2008
5.0,4.0,4.0,23800000.0,3.0,93.0,2011
5.0,3.9,12.0,34900000.0,3.0,103.0,2021
4.0,2.9,13.0,7435100.0,3.0,52.49,2027
2.0,4.2,2.0,800000.0,1.0,61.0,1968
4.0,4.0,16.0,19200000.0,3.0,70.8,2024
2.0,4.2,2.0,4500000.0,3.0,58.2,1975
4.0,3.3,5.0,9484000.0,3.0,93.8,2027
2.0,3.8,17.0,14700000.0,3.0,89.99,2007
5.0,3.9,18.0,13490000.0,3.0,50.9,2023
2.0,2.5,24.0,19999560.0,3.0,120.58,2023
2.0,2.9,15.0,8000000.0,3.0,80.0,2015
2.0,3.7,3.0,4500000.0,3.0,56.0,1988
2.0,3.7,3.0,8000000.0,3.0,61.5,2016
2.0,3.3,2.0,5943237.0,3.0,73.3,2017
2.0,2.5,23.0,17984750.0,3.0,98.33,2024
2.0,4.0,2.0,32000000.0,3.0,225.0,2022
4.0,3.9,21.0,27500000.0,3.0,114.2,2024
2.0,4.4,8.0,10230000.0,3.0,69.4,2013
2.0,2.5,1.0,6000000.0,3.0,58.4,1996
2.0,2.5,6.0,5800000.0,3.0,57.8,2020
2.0,4.0,15.0,19500000.0,3.0,87.5,2019
2.0,3.8,4.0,5200000.0,3.0,55.4,1936
2.0,2.9,9.0,13500000.0,3.0,90.0,2015
2.0,3.4,2.0,10660000.0,3.0,64.39,2028
4.0,3.3,2.0,6215760.0,3.0,47.6,2027
2.0,3.8,20.0,18500000.0,3.0,79.5,2019
2.0,2.9,7.0,5300000.0,3.0,60.9,1979
2.0,2.5,14.0,13960000.0,3.0,70.18,2026
2.0,3.7,5.0,6000000.0,3.0,58.8,1964
4.0,2.9,16.0,8700000.0,3.0,88.4,2025
2.0,2.5,12.0,11800000.0,3.0,81.0,2015
4.0,3.7,11.0,7500000.0,3.0,56.7,2025
2.0,2.5,5.0,11200000.0,3.0,65.5,2020
2.0,2.9,2.0,5500000.0,3.0,57.6,1961
4.0,3.7,26.0,13780000.0,3.0,99.39,2028
5.0,2.9,11.0,9900000.0,3.0,80.6,2025
2.0,3.3,9.0,5270000.0,3.0,62.9,1981
4.0,2.9,15.0,8896000.0,3.0,47.07,2027
2.0,3.7,2.0,4390000.0,3.0,74.8,2017
4.0,2.5,7.0,11120000.0,3.0,93.23,2028
2.0,3.8,9.0,17200000.0,3.0,73.1,2023
2.0,2.9,6.0,4900000.0,3.0,57.2,2015
2.0,2.5,4.0,16990000.0,3.0,84.2,2025
5.0,4.0,20.0,17450000.0,3.0,67.1,2025
4.0,2.5,6.0,13310000.0,3.0,81.44,2026
2.0,2.9,4.0,4600000.0,3.0,62.8,2015
4.0,2.5,4.0,8948000.0,3.0,66.3,2026
2.0,2.5,6.0,8500000.0,3.0,59.0,1983
2.0,4.4,3.0,5250000.0,3.0,60.0,1972
4.0,3.3,3.0,6589350.0,3.0,54.6,2027
2.0,3.7,1.0,4800000.0,3.0,57.2,1973
2.0,2.5,18.0,4170000.0,3.0,55.54,2025
2.0,2.9,2.0,4800000.0,3.0,55.0,2015
2.0,3.3,1.0,4190000.0,3.0,59.0,1980
2.0,2.9,1.0,4850000.0,3.0,58.0,1971
2.0,3.7,1.0,4298000.0,3.0,58.0,1971
4.0,3.8,3.0,33310000.0,3.0,341.3,2024
2.0,3.7,9.0,4300000.0,3.0,60.0,1974
2.0,2.9,1.0,5000000.0,3.0,61.7,2015
2.0,4.4,1.0,4300000.0,3.0,58.5,2013
4.0,3.3,8.0,13778290.0,3.0,82.2,2028
2.0,3.7,4.0,4300000.0,3.0,62.0,1967
4.0,3.3,3.0,9400000.0,3.0,88.6,2026
2.0,2.9,1.0,5150000.0,3.0,55.7,2015
2.0,4.4,5.0,4300000.0,3.0,57.0,2013
4.0,2.5,4.0,14370000.0,3.0,93.59,2026
2.0,2.5,4.0,5180000.0,3.0,55.0,1970
2.0,3.7,4.0,4350000.0,3.0,57.8,1990
4.0,2.9,2.0,6800000.0,3.0,62.15,2026
2.0,3.7,3.0,5200000.0,3.0,62.7,2017
2.0,3.7,5.0,4390000.0,3.0,63.0,1987
2.0,2.5,11.0,11150000.0,3.0,72.09,2025
4.0,4.0,8.0,15767616.0,3.0,85.5,2025
2.0,4.2,5.0,6000000.0,3.0,62.0,1994
4.0,3.7,5.0,12360000.0,3.0,81.1,2028
2.0,3.7,5.0,4450000.0,3.0,62.0,1976
4.0,3.4,2.0,10875200.0,3.0,69.7,2026
2.0,3.7,3.0,5500000.0,3.0,86.4,2020
4.0,4.0,2.0,15556000.0,3.0,72.9,2028
2.0,2.9,9.0,5700000.0,3.0,63.5,1975
2.0,4.0,9.0,13490000.0,3.0,70.29,2027
2.0,4.0,2.0,5400000.0,3.0,43.0,1976
4.0,3.7,25.0,10460000.0,3.0,73.05,2026
2.0,3.3,3.0,5850000.0,3.0,62.2,1985
2.0,4.4,2.0,4350000.0,3.0,59.4,1965
4.0,3.3,5.0,12803509.0,3.0,71.1,2028
2.0,2.9,2.0,5890000.0,3.0,64.0,1984
2.0,3.7,3.0,4350000.0,3.0,59.0,2017
4.0,2.9,3.0,8818500.0,3.0,74.61,2026
2.0,3.7,5.0,5600000.0,3.0,59.5,2017
2.0,3.3,4.0,4400000.0,3.0,59.0,1967
4.0,3.4,11.0,7900000.0,3.0,50.2,2027
2.0,4.4,5.0,5500000.0,3.0,50.0,2014
2.0,2.9,5.0,4400000.0,3.0,57.0,1974
4.0,3.3,2.0,6468300.0,3.0,53.8,2027
2.0,2.5,10.0,5450000.0,3.0,87.4,2020
2.0,3.3,5.0,4600000.0,3.0,62.5,1967
4.0,2.5,7.0,9005000.0,3.0,53.4,2027
2.0,2.5,3.0,5500000.0,3.0,59.0,2016
2.0,4.0,19.0,14250000.0,3.0,74.2,2027
2.0,3.7,1.0,5500000.0,3.0,82.0,2017
2.0,2.9,1.0,4600000.0,3.0,57.0,1975
4.0,3.4,23.0,13943400.0,3.0,82.02,2025
2.0,2.9,8.0,5500000.0,3.0,54.8,1991
2.0,2.5,1.0,4600000.0,3.0,58.0,2024
4.0,4.0,17.0,16815975.0,3.0,89.1,2025
2.0,4.4,1.0,4600000.0,3.0,48.7,2015
4.0,4.0,14.0,12310000.0,3.0,62.2,2028
2.0,2.5,1.0,5500000.0,3.0,59.3,2020
2.0,3.7,1.0,4600000.0,3.0,58.0,1986
4.0,4.0,1.0,30019000.0,3.0,88.3,2028
2.0,2.9,9.0,5500000.0,3.0,62.4,2015
2.0,4.0,5.0,4690000.0,3.0,60.4,1989
2.0,4.0,15.0,12020000.0,3.0,62.69,2027
2.0,2.9,2.0,5500000.0,3.0,57.0,2015
2.0,2.5,1.0,4650000.0,3.0,56.7,1960
4.0,2.9,1.0,8500000.0,3.0,65.34,2025
2.0,4.2,1.0,4700000.0,3.0,58.0,1994
4.0,2.5,5.0,9415000.0,3.0,60.5,2027
2.0,2.5,2.0,4600000.0,3.0,59.02,2025
4.0,3.8,4.0,18721511.0,3.0,64.3,2022
2.0,2.5,3.0,4700000.0,3.0,59.02,2020
4.0,3.7,16.0,7700000.0,3.0,63.7,2028
4.0,4.0,1.0,24400000.0,3.0,102.52,2025
2.0,2.9,3.0,5850000.0,3.0,58.0,2015
4.0,4.0,17.0,16426956.0,3.0,85.1,2025
4.0,2.5,2.0,10570000.0,3.0,88.27,2028
2.0,4.0,3.0,5899999.0,3.0,57.4,1974
2.0,2.9,3.0,4650000.0,3.0,72.3,1959
4.0,3.7,10.0,9850000.0,3.0,80.9,2025
2.0,4.2,4.0,5300000.0,3.0,61.0,1978
4.0,2.9,2.0,7300000.0,3.0,87.7,2026
2.0,3.7,5.0,5950000.0,3.0,61.0,1967
4.0,2.5,24.0,8900000.0,3.0,57.73,2026
2.0,3.4,8.0,5609009.0,3.0,59.4,1975
2.0,4.4,4.0,4700000.0,3.0,54.0,1976
2.0,3.3,8.0,11200000.0,3.0,107.2,2027
2.0,4.4,15.0,5950000.0,3.0,61.3,2012
2.0,3.7,3.0,4700000.0,3.0,52.1,1970
2.0,3.7,3.0,6900000.0,3.0,55.8,2028
2.0,3.7,4.0,4700000.0,3.0,58.9,1975
4.0,4.0,22.0,9900000.0,3.0,65.7,2025
2.0,2.9,5.0,5650000.0,3.0,56.6,1976
2.0,2.9,2.0,4700000.0,3.0,66.0,1930
4.0,2.5,2.0,9628300.0,3.0,85.98,2026
2.0,2.9,4.0,4700000.0,3.0,58.3,1975
4.0,2.5,8.0,15750000.0,3.0,120.47,2028
2.0,2.5,6.0,5900000.0,3.0,88.0,2024
2.0,3.7,10.0,4799000.0,3.0,58.0,2017
4.0,3.7,2.0,15400000.0,3.0,96.4,2028
2.0,2.9,9.0,4780000.0,3.0,54.0,1980
4.0,3.3,11.0,6900000.0,3.0,59.1,2027
2.0,3.7,3.0,4800000.0,3.0,61.3,1971
4.0,3.4,11.0,8990000.0,3.0,72.2,2027
2.0,4.0,3.0,29406000.0,3.0,113.1,2020
2.0,3.4,1.0,4800000.0,3.0,59.3,1965
4.0,3.4,1.0,10768800.0,3.0,73.0,2026
2.0,3.7,3.0,6000000.0,3.0,70.8,2017
2.0,3.3,6.0,6000000.0,3.0,63.6,2013
2.0,3.4,8.0,6140000.0,3.0,59.0,1973
2.0,2.5,1.0,6100000.0,3.0,64.8,1996
2.0,3.7,8.0,6100000.0,3.0,59.0,2018
2.0,2.9,6.0,6100000.0,3.0,66.2,2015
2.0,3.7,3.0,6109180.0,3.0,56.5,2024
2.0,2.5,1.0,6100000.0,3.0,56.0,1972
2.0,3.4,8.0,6100000.0,3.0,60.6,2019
2.0,2.5,4.0,6150000.0,3.0,60.0,2020
2.0,3.3,4.0,6190000.0,3.0,65.4,1989
2.0,2.9,3.0,6150000.0,3.0,58.0,2015
2.0,2.9,7.0,6150000.0,3.0,60.3,1983
2.0,2.5,10.0,6190000.0,3.0,63.0,1993
2.0,3.4,2.0,6190000.0,3.0,65.1,1936
2.0,3.9,5.0,6150000.0,3.0,50.0,1971
2.0,3.4,3.0,6199000.0,3.0,59.2,2019
2.0,3.4,3.0,6150000.0,3.0,60.2,1967
2.0,2.9,7.0,6150000.0,3.0,61.4,1990
2.0,4.2,2.0,6150000.0,3.0,57.5,1977
2.0,3.9,1.0,6250000.0,3.0,55.6,1963
2.0,4.0,9.0,6200000.0,3.0,60.0,1981
2.0,3.4,6.0,6250000.0,3.0,62.1,1976
2.0,2.5,2.0,6200000.0,3.0,64.3,1989
2.0,2.9,5.0,6200000.0,3.0,61.3,1985
2.0,4.2,8.0,6250000.0,3.0,63.0,1976
2.0,2.5,7.0,6250000.0,3.0,62.7,1996
2.0,3.7,6.0,6200000.0,3.0,78.5,2016
2.0,3.3,6.0,6200000.0,3.0,62.6,2017
2.0,4.0,2.0,6240000.0,3.0,57.0,2022
2.0,2.9,6.0,6200000.0,3.0,62.0,1990
2.0,4.2,3.0,6200000.0,3.0,61.2,1994
2.0,2.9,3.0,6200000.0,3.0,60.2,1981
2.0,3.7,10.0,6200000.0,3.0,86.3,2017
2.0,3.7,10.0,6200000.0,3.0,64.6,2017
2.0,3.4,9.0,6200000.0,3.0,62.0,2019
2.0,4.2,9.0,6200000.0,3.0,63.7,1978
2.0,2.5,6.0,6300000.0,3.0,59.4,1986
2.0,3.4,1.0,6300000.0,3.0,62.0,1967
2.0,3.7,16.0,6300000.0,3.0,72.2,2021
2.0,3.3,2.0,6300000.0,3.0,63.0,2017
2.0,2.9,8.0,6300000.0,3.0,60.8,1976
2.0,4.2,4.0,6300000.0,3.0,60.6,2005
2.0,2.5,3.0,6300000.0,3.0,56.5,1961
2.0,4.2,7.0,6300000.0,3.0,63.4,1975
2.0,2.9,4.0,6300000.0,3.0,59.3,2006
2.0,4.0,4.0,6350000.0,3.0,61.4,1973
2.0,2.5,7.0,6360000.0,3.0,65.3,1990
2.0,2.9,3.0,6350000.0,3.0,66.5,1999
2.0,2.9,3.0,6390000.0,3.0,64.1,2015
2.0,3.4,5.0,6390000.0,3.0,62.3,2019
2.0,2.9,6.0,6450000.0,3.0,56.6,1979
2.0,3.7,16.0,6400000.0,3.0,69.7,2017
2.0,2.9,2.0,6400000.0,3.0,64.3,2015
2.0,4.0,6.0,6420000.0,3.0,58.7,1979
2.0,2.9,1.0,6400000.0,3.0,59.7,2020
2.0,4.0,1.0,6400000.0,3.0,61.3,1971
2.0,2.9,7.0,6450000.0,3.0,63.1,1984
2.0,2.9,7.0,6490000.0,3.0,67.0,2020
2.0,4.0,2.0,6450000.0,3.0,56.0,1961
2.0,3.4,2.0,6400000.0,3.0,65.7,1950
2.0,2.9,5.0,6490000.0,3.0,56.9,1967
2.0,2.9,1.0,6490000.0,3.0,77.4,2020
2.0,4.0,4.0,6450000.0,3.0,58.2,1969
2.0,4.0,2.0,6450000.0,3.0,56.0,1961
2.0,3.3,6.0,6450000.0,3.0,59.1,2017
2.0,4.2,4.0,6490000.0,3.0,63.0,1977
2.0,2.5,17.0,6400000.0,3.0,80.0,2014
2.0,2.9,2.0,6400000.0,3.0,61.0,2015
2.0,3.7,7.0,6400000.0,3.0,70.8,2024
2.0,2.9,6.0,6400000.0,3.0,64.6,2015
2.0,2.9,5.0,6400000.0,3.0,66.2,1986
2.0,3.7,2.0,6400000.0,3.0,87.0,2017
2.0,2.9,3.0,6450000.0,3.0,62.0,2015
2.0,3.8,2.0,6520000.0,3.0,55.0,1965
2.0,4.4,6.0,6500000.0,3.0,59.0,1987
2.0,4.2,3.0,6500000.0,3.0,62.7,1994
2.0,4.0,5.0,6500000.0,3.0,73.4,2011
2.0,3.3,9.0,6500000.0,3.0,65.0,1993
2.0,2.5,2.0,6500000.0,3.0,59.02,2021
2.0,3.3,3.0,6500000.0,3.0,63.0,1990
2.0,3.7,3.0,6500000.0,3.0,60.1,1977
2.0,4.0,4.0,6500000.0,3.0,60.3,1981
2.0,3.4,1.0,6500000.0,3.0,60.8,1967
2.0,3.7,4.0,6500000.0,3.0,58.2,2019
2.0,2.5,10.0,6500000.0,3.0,66.2,1992
2.0,2.5,1.0,6500000.0,3.0,63.5,1987
2.0,3.4,5.0,6500000.0,3.0,78.0,2019
2.0,3.3,3.0,6500000.0,3.0,58.9,2017
2.0,3.3,7.0,6500000.0,3.0,58.6,1974
2.0,3.4,1.0,6500000.0,3.0,61.3,1967
2.0,2.5,2.0,6500000.0,3.0,75.8,2010
2.0,2.5,6.0,6500000.0,3.0,61.0,2020
2.0,2.9,6.0,6500000.0,3.0,66.0,1990
2.0,3.7,6.0,6500000.0,3.0,59.8,2023
2.0,3.4,5.0,6500000.0,3.0,58.4,1989
2.0,2.9,9.0,6520000.0,3.0,63.3,2015
2.0,2.5,9.0,6590000.0,3.0,62.4,1973
2.0,2.9,8.0,6580000.0,3.0,62.7,2015
2.0,3.4,5.0,6600000.0,3.0,80.7,1957
2.0,3.4,9.0,6600000.0,3.0,60.1,1974
2.0,3.7,10.0,6600000.0,3.0,58.0,2022
2.0,2.9,9.0,6600000.0,3.0,60.0,1981
2.0,2.9,5.0,6600000.0,3.0,58.3,1976
2.0,3.4,8.0,6600000.0,3.0,56.3,1972
2.0,2.9,9.0,6600000.0,3.0,60.5,1986
2.0,3.9,6.0,6700000.0,3.0,58.3,1969
2.0,3.3,5.0,6700000.0,3.0,73.5,2016
2.0,2.5,2.0,6700000.0,3.0,61.0,1969
2.0,3.7,10.0,6700000.0,3.0,87.0,2019
2.0,4.2,5.0,6650000.0,3.0,63.6,1984
2.0,4.0,1.0,6650000.0,3.0,59.0,2022
2.0,3.4,2.0,6666666.0,3.0,70.8,2019
2.0,3.3,10.0,6650000.0,3.0,68.1,2006
2.0,4.0,2.0,6700000.0,3.0,62.0,1964
2.0,2.9,3.0,6750000.0,3.0,58.0,2015
2.0,2.9,1.0,6800000.0,3.0,73.0,2015
2.0,2.9,9.0,6800000.0,3.0,61.1,1993
2.0,4.4,9.0,6800000.0,3.0,61.3,1984
2.0,4.4,1.0,6800000.0,3.0,78.5,2013
2.0,3.4,2.0,6870000.0,3.0,72.3,1985
2.0,3.7,4.0,6800000.0,3.0,61.3,1989
2.0,3.7,6.0,6850000.0,3.0,86.1,2023
2.0,2.5,7.0,6850000.0,3.0,62.5,1976
2.0,3.9,8.0,6850000.0,3.0,55.9,1969
2.0,3.3,4.0,6800000.0,3.0,56.6,1960
2.0,4.2,3.0,6800000.0,3.0,73.3,2013
2.0,2.9,2.0,6800000.0,3.0,53.0,2023
2.0,2.5,6.0,6800000.0,3.0,61.4,1978
2.0,4.0,19.0,6800000.0,3.0,87.0,2022
2.0,3.7,18.0,6890000.0,3.0,71.9,2023
2.0,4.2,3.0,6900000.0,3.0,84.7,2020
2.0,2.9,4.0,6900000.0,3.0,57.5,1962
2.0,3.7,7.0,6900000.0,3.0,63.2,1978
2.0,2.5,1.0,6900000.0,3.0,86.0,2011
2.0,3.7,1.0,6900000.0,3.0,66.0,2017
2.0,4.4,8.0,6900000.0,3.0,57.7,1994
2.0,2.9,10.0,6900000.0,3.0,70.0,2023
2.0,3.3,5.0,6900000.0,3.0,65.4,1993
2.0,2.9,2.0,6990000.0,3.0,65.1,1989
2.0,2.9,11.0,6950000.0,3.0,44.0,2022
2.0,2.5,4.0,6950000.0,3.0,60.0,1969
2.0,2.9,5.0,6999000.0,3.0,75.1,1933
2.0,3.3,1.0,6950000.0,3.0,98.3,2017
2.0,4.0,3.0,6990000.0,3.0,60.1,1985
2.0,3.3,2.0,6990000.0,3.0,51.1,1958
2.0,4.2,3.0,6990000.0,3.0,60.3,1967
2.0,3.7,16.0,6990000.0,3.0,80.4,2014
2.0,4.4,12.0,6999000.0,3.0,49.7,2013
2.0,2.5,4.0,7000000.0,3.0,71.5,2020
2.0,3.4,5.0,7099999.0,3.0,60.4,1992
2.0,3.7,11.0,7000000.0,3.0,73.3,2023
2.0,2.9,1.0,7000000.0,3.0,70.0,2015
2.0,3.8,1.0,7000000.0,3.0,57.1,1964
2.0,2.5,2.0,7070000.0,3.0,60.0,2020
2.0,4.2,7.0,7000000.0,3.0,72.5,1994
2.0,3.7,3.0,7000000.0,3.0,60.4,1977
2.0,3.3,7.0,7000000.0,3.0,54.0,1989
2.0,2.5,1.0,7000000.0,3.0,72.33,2012
2.0,3.7,4.0,7000000.0,3.0,85.9,2019
2.0,3.3,1.0,7000000.0,3.0,66.1,1988
2.0,3.3,9.0,7000000.0,3.0,63.0,2002
2.0,2.5,2.0,7099000.0,3.0,73.5,2010
2.0,3.7,7.0,7000000.0,3.0,86.7,2023
2.0,4.2,1.0,7000000.0,3.0,58.2,1968
2.0,3.7,10.0,7040000.0,3.0,72.3,2024
2.0,4.2,3.0,7000000.0,3.0,54.0,2012
2.0,3.3,5.0,7000000.0,3.0,60.0,2017
2.0,2.9,5.0,7100000.0,3.0,62.6,1965
2.0,4.2,7.0,7100000.0,3.0,64.0,1977
2.0,3.3,7.0,7100000.0,3.0,57.0,1987
2.0,3.9,9.0,7100000.0,3.0,59.9,1981
2.0,4.2,1.0,7100000.0,3.0,61.7,1992
2.0,3.3,8.0,7200000.0,3.0,60.2,1987
2.0,2.9,6.0,7200000.0,3.0,72.1,2015
2.0,3.3,5.0,7200000.0,3.0,62.0,1990
2.0,2.5,15.0,7190000.0,3.0,53.0,2020
2.0,2.9,2.0,7150000.0,3.0,66.0,2015
2.0,4.4,9.0,7200000.0,3.0,68.3,2011
2.0,3.7,6.0,7150000.0,3.0,85.9,2019
2.0,2.9,8.0,7250000.0,3.0,80.4,2019
2.0,4.4,1.0,7250000.0,3.0,74.0,2012
2.0,2.5,1.0,7299000.0,3.0,61.4,2006
2.0,4.0,3.0,7250000.0,3.0,61.0,1981
2.0,3.3,5.0,7300000.0,3.0,73.4,1958
2.0,3.3,3.0,7300000.0,3.0,56.0,2017
2.0,2.5,8.0,7300000.0,3.0,60.0,1977
2.0,2.5,5.0,7300000.0,3.0,60.3,1971
2.0,4.4,4.0,7300000.0,3.0,70.2,2016
2.0,3.4,1.0,7300000.0,3.0,61.2,1967
2.0,2.5,2.0,7320000.0,3.0,59.6,1999
2.0,3.4,11.0,7300000.0,3.0,58.9,1979
2.0,2.5,5.0,7400000.0,3.0,62.7,1978
2.0,2.5,2.0,7400000.0,3.0,61.2,1999
2.0,4.0,4.0,7400000.0,3.0,53.0,1973
2.0,3.7,9.0,7400000.0,3.0,57.8,2022
2.0,4.2,4.0,7350000.0,3.0,72.0,2005
2.0,4.2,5.0,7480000.0,3.0,63.0,1974
2.0,3.9,4.0,7490000.0,3.0,62.4,1934
2.0,3.9,7.0,7450000.0,3.0,55.6,2002
2.0,2.9,9.0,7461000.0,3.0,71.06,2015
2.0,2.9,1.0,7500000.0,3.0,52.3,1949
2.0,4.2,3.0,7500000.0,3.0,63.1,1994
2.0,3.9,3.0,7500000.0,3.0,51.1,1934
2.0,4.0,8.0,7500000.0,3.0,59.0,1982
2.0,4.0,3.0,7500000.0,3.0,56.4,1987
2.0,2.5,2.0,7500000.0,3.0,86.7,2016
2.0,3.9,4.0,7500000.0,3.0,50.0,2002
2.0,2.5,3.0,7500000.0,3.0,73.8,2020
2.0,2.5,8.0,7500000.0,3.0,59.8,1975
2.0,2.5,4.0,7500000.0,3.0,64.6,2000
2.0,3.4,3.0,7500000.0,3.0,67.6,2019
2.0,3.4,4.0,7500000.0,3.0,73.0,1975
2.0,3.9,1.0,7500000.0,3.0,63.4,2002
2.0,4.2,1.0,7500000.0,3.0,60.1,1984
2.0,3.3,8.0,7500000.0,3.0,63.6,2014
2.0,2.9,3.0,7560000.0,3.0,72.1,2014
2.0,3.3,3.0,7500000.0,3.0,75.5,1980
2.0,3.3,4.0,7600000.0,3.0,78.5,2017
2.0,3.3,9.0,7600000.0,3.0,72.4,2011
2.0,2.9,5.0,7600000.0,3.0,72.9,2010
2.0,3.7,6.0,7600000.0,3.0,66.9,2017
2.0,4.0,4.0,7600000.0,3.0,60.0,2022
2.0,3.9,3.0,7630000.0,3.0,67.0,2002
2.0,4.2,7.0,7600000.0,3.0,54.4,1994
2.0,3.9,3.0,7700000.0,3.0,56.0,1970
2.0,2.5,4.0,7700000.0,3.0,63.0,2020
2.0,4.0,7.0,7700000.0,3.0,62.2,1975
2.0,3.7,5.0,7700000.0,3.0,77.4,1962
2.0,2.5,6.0,7700000.0,3.0,60.9,1973
2.0,3.4,11.0,7700000.0,3.0,77.0,2004
2.0,2.5,2.0,7700000.0,3.0,62.5,2020
2.0,3.7,16.0,7690000.0,3.0,71.7,2022
2.0,2.5,11.0,7650000.0,3.0,82.15,2027
2.0,3.3,9.0,7700000.0,3.0,60.9,2017
2.0,3.3,6.0,7700000.0,3.0,60.4,2025
2.0,2.9,3.0,7800000.0,3.0,59.6,2015
2.0,3.8,4.0,7800000.0,3.0,67.1,1940
2.0,2.9,4.0,7800000.0,3.0,70.2,2014
2.0,4.0,9.0,7790000.0,3.0,60.0,1972
2.0,2.5,3.0,7800000.0,3.0,85.9,2020
2.0,3.8,8.0,7800000.0,3.0,61.0,1974
2.0,2.5,6.0,7800000.0,3.0,63.8,2005
2.0,3.3,2.0,7840000.0,3.0,65.0,2017
2.0,3.4,5.0,7800000.0,3.0,94.7,1942
2.0,3.4,3.0,7850000.0,3.0,60.08,1986
2.0,3.4,8.0,7850000.0,3.0,55.8,2019
2.0,2.9,9.0,7880000.0,3.0,45.1,2023
2.0,4.2,2.0,7850000.0,3.0,77.4,2017
2.0,3.3,2.0,7890000.0,3.0,61.8,2017
2.0,2.5,8.0,7889000.0,3.0,56.6,2020
2.0,2.9,10.0,7890000.0,3.0,87.9,2010
2.0,4.0,6.0,7990000.0,3.0,60.7,1986
2.0,3.4,1.0,7990000.0,3.0,71.6,1986
2.0,4.4,8.0,7990000.0,3.0,76.1,2010
2.0,2.5,10.0,7990000.0,3.0,73.0,2016
2.0,3.8,5.0,7900000.0,3.0,55.8,1968
2.0,3.3,15.0,7990000.0,3.0,55.4,2021
2.0,4.0,6.0,7900000.0,3.0,63.4,1995
2.0,4.0,2.0,7999000.0,3.0,59.8,2022
2.0,4.0,10.0,7990000.0,3.0,60.5,2024
2.0,2.9,3.0,7930000.0,3.0,73.0,2015
2.0,4.2,5.0,7900000.0,3.0,69.0,1996
2.0,2.9,16.0,7900000.0,3.0,56.2,2022
2.0,3.9,2.0,7980000.0,3.0,62.8,1934
2.0,3.3,6.0,7990000.0,3.0,60.4,2025
2.0,3.3,6.0,7990000.0,3.0,60.4,2025
2.0,3.9,5.0,7900000.0,3.0,59.9,2002
2.0,3.4,5.0,7900000.0,3.0,60.0,2019
2.0,2.9,13.0,8000000.0,3.0,79.2,2024
2.0,2.5,3.0,8000000.0,3.0,70.0,2020
2.0,2.9,15.0,8000000.0,3.0,79.2,2024
2.0,3.3,9.0,8000000.0,3.0,64.4,2017
2.0,3.7,5.0,8000000.0,3.0,72.2,2023
2.0,3.7,3.0,8000000.0,3.0,80.7,2015
2.0,3.3,5.0,8000000.0,3.0,66.0,2023
2.0,2.5,9.0,8000000.0,3.0,80.0,1992
2.0,2.5,6.0,8000000.0,3.0,58.5,2021
2.0,3.7,12.0,8000000.0,3.0,80.6,2022
2.0,2.5,7.0,8000000.0,3.0,63.7,2005
2.0,3.9,1.0,8000000.0,3.0,60.8,1955
2.0,4.2,4.0,8000000.0,3.0,63.0,1994
2.0,3.4,4.0,8000000.0,3.0,82.5,1958
2.0,4.0,4.0,8100000.0,3.0,58.8,2022
2.0,3.9,1.0,8100000.0,3.0,62.0,2002
2.0,3.7,4.0,8050000.0,3.0,63.1,2003
2.0,2.9,11.0,8100000.0,3.0,79.5,2024
2.0,2.9,2.0,8100000.0,3.0,83.4,1957
2.0,3.9,8.0,8110000.0,3.0,60.8,1986
2.0,2.9,3.0,8100000.0,3.0,79.4,2024
2.0,4.4,3.0,8100000.0,3.0,62.6,2013
2.0,2.9,2.0,8200000.0,3.0,69.3,1941
2.0,3.3,15.0,8200000.0,3.0,80.6,2017
2.0,3.3,15.0,8150000.0,3.0,65.0,2017
2.0,3.3,3.0,8200000.0,3.0,73.8,2012
2.0,4.0,9.0,8150000.0,3.0,57.7,1981
2.0,4.0,7.0,8200000.0,3.0,60.0,1986
2.0,4.2,4.0,8200000.0,3.0,57.6,1994
2.0,4.0,9.0,8200000.0,3.0,60.4,1977
2.0,3.7,2.0,8200000.0,3.0,65.9,2017
2.0,2.9,10.0,8200000.0,3.0,69.4,2012
2.0,3.3,4.0,8200000.0,3.0,72.6,2017
2.0,3.9,12.0,8200000.0,3.0,70.0,1997
2.0,4.2,4.0,8250000.0,3.0,59.1,1962
2.0,3.3,2.0,8250000.0,3.0,73.7,2008
2.0,4.0,2.0,8250000.0,3.0,69.5,2016
2.0,2.5,4.0,8300000.0,3.0,80.5,2020
2.0,4.2,1.0,8350000.0,3.0,64.0,1986
2.0,2.5,14.0,8390000.0,3.0,71.3,2024
2.0,3.9,1.0,8300000.0,3.0,61.6,1981
2.0,3.3,3.0,8300000.0,3.0,73.1,2014
2.0,4.2,5.0,8300000.0,3.0,62.7,2006
2.0,2.5,7.0,8300000.0,3.0,74.3,2021
2.0,4.0,7.0,8300000.0,3.0,56.8,1973
2.0,2.9,9.0,8300000.0,3.0,67.5,1976
2.0,3.7,15.0,8325500.0,3.0,72.5,2025
2.0,4.2,9.0,8350000.0,3.0,64.0,1989
2.0,2.9,7.0,8300000.0,3.0,73.3,2011
2.0,2.5,2.0,8350000.0,3.0,73.0,2016
2.0,4.4,3.0,8300000.0,3.0,62.7,2009
2.0,4.0,4.0,8306911.0,3.0,98.9,2027
2.0,3.3,5.0,8480000.0,3.0,60.2,2021
2.0,4.0,10.0,8467473.0,3.0,98.7,2027
2.0,3.9,4.0,8499000.0,3.0,75.9,2002
2.0,2.9,7.0,8400000.0,3.0,79.2,2024
2.0,2.5,4.0,8500000.0,3.0,78.0,2009
2.0,2.9,4.0,8500000.0,3.0,71.2,2015
2.0,3.3,23.0,8500000.0,3.0,73.0,2015
2.0,2.9,12.0,8500000.0,3.0,53.2,2022
2.0,2.9,11.0,8500000.0,3.0,75.8,1996
2.0,2.9,4.0,8500000.0,3.0,67.1,1955
2.0,3.9,8.0,8500000.0,3.0,56.6,1981
2.0,2.5,2.0,8500000.0,3.0,60.4,1997
2.0,2.9,16.0,8500000.0,3.0,55.7,2015
2.0,3.3,16.0,8500000.0,3.0,70.2,2011
2.0,3.7,3.0,8500000.0,3.0,65.0,2021
2.0,3.9,6.0,8500000.0,3.0,64.7,1979
2.0,4.4,9.0,8500000.0,3.0,74.0,2009
2.0,2.5,1.0,8500000.0,3.0,64.3,1991
2.0,3.3,7.0,8600000.0,3.0,73.3,2017
2.0,2.9,4.0,8600000.0,3.0,53.98,2026
2.0,4.0,4.0,8699000.0,3.0,64.2,2022
2.0,3.9,7.0,8650000.0,3.0,59.1,1979
2.0,3.9,9.0,8700000.0,3.0,68.5,1977
2.0,4.0,20.0,8736936.0,3.0,98.4,2027
2.0,2.5,15.0,8700000.0,3.0,70.6,2020
2.0,2.5,17.0,8790000.0,3.0,59.5,2014
2.0,4.4,13.0,8799999.0,3.0,72.6,2013
2.0,3.9,4.0,8750000.0,3.0,57.8,1987
2.0,2.9,10.0,8794000.0,3.0,78.7,2024
2.0,2.9,7.0,8790000.0,3.0,61.4,2021
2.0,2.5,20.0,8750000.0,3.0,45.8,2022
2.0,2.5,8.0,8800000.0,3.0,80.2,2020
2.0,2.9,4.0,8800000.0,3.0,68.0,1992
2.0,2.5,8.0,8800000.0,3.0,60.3,2014
2.0,2.9,4.0,8850000.0,3.0,72.8,2012
2.0,4.4,1.0,8800000.0,3.0,59.8,2023
2.0,2.9,2.0,8850000.0,3.0,67.0,2001
2.0,4.2,6.0,8800000.0,3.0,64.0,1977
2.0,2.5,12.0,8900000.0,3.0,82.9,2011
2.0,3.4,4.0,8900000.0,3.0,77.2,2008
2.0,3.7,2.0,8990000.0,3.0,91.7,1996
2.0,2.5,8.0,8900000.0,3.0,64.5,2015
2.0,3.3,7.0,8900000.0,3.0,78.0,2026
2.0,4.0,5.0,8999000.0,3.0,77.0,1958
2.0,4.4,9.0,8900000.0,3.0,53.0,2013
2.0,4.4,21.0,8900000.0,3.0,75.6,2023
2.0,2.5,5.0,9000000.0,3.0,63.1,2000
2.0,2.5,10.0,9050000.0,3.0,65.0,2000
2.0,3.4,6.0,9000000.0,3.0,78.0,2010
2.0,3.4,6.0,9000000.0,3.0,90.0,1993
2.0,4.0,2.0,9000000.0,3.0,65.7,2022
2.0,3.7,1.0,9099000.0,3.0,75.6,2018
2.0,3.3,3.0,9000000.0,3.0,94.1,2017
2.0,4.2,1.0,9000000.0,3.0,52.9,1968
2.0,2.5,4.0,9000000.0,3.0,70.0,2009
2.0,2.9,1.0,9000000.0,3.0,81.7,2020
2.0,3.7,11.0,9000000.0,3.0,100.0,2022
2.0,4.4,7.0,9100000.0,3.0,74.1,2008
2.0,4.4,16.0,9147800.0,3.0,56.5,2025
2.0,3.3,12.0,9100000.0,3.0,81.5,2017
2.0,4.0,21.0,9185179.0,3.0,103.1,2027
2.0,2.5,5.0,9185000.0,3.0,83.0,2020
2.0,2.9,14.0,9200000.0,3.0,59.6,2015
2.0,4.0,4.0,9200000.0,3.0,59.3,1981
2.0,4.4,1.0,9200000.0,3.0,69.1,2013
2.0,4.0,11.0,9240000.0,3.0,92.2,2022
2.0,2.5,10.0,9200000.0,3.0,84.3,2010
2.0,2.5,3.0,9200000.0,3.0,75.0,2016
2.0,3.7,1.0,9200000.0,3.0,93.0,2023
2.0,3.4,4.0,9259000.0,3.0,67.0,2019
2.0,4.0,8.0,9300000.0,3.0,64.1,2024
2.0,3.7,1.0,9300000.0,3.0,86.9,2018
2.0,3.8,6.0,9300000.0,3.0,59.3,1973
2.0,2.5,2.0,9300000.0,3.0,61.8,1997
2.0,4.0,3.0,9350000.0,3.0,69.7,2024
2.0,3.9,4.0,9400000.0,3.0,61.8,1980
2.0,3.9,3.0,9500000.0,3.0,66.5,2002
2.0,4.0,9.0,9500000.0,3.0,91.2,2022
2.0,3.8,1.0,9500000.0,3.0,60.7,1986
2.0,2.9,4.0,9500000.0,3.0,73.3,2017
2.0,2.9,18.0,9500000.0,3.0,66.7,2021
2.0,4.0,4.0,9500000.0,3.0,54.8,2015
2.0,3.3,10.0,9500000.0,3.0,83.4,2017
2.0,4.0,2.0,9500000.0,3.0,74.5,1959
2.0,4.0,2.0,9500000.0,3.0,84.0,2025
2.0,3.7,8.0,9500000.0,3.0,88.6,2017
2.0,4.0,18.0,9500000.0,3.0,102.0,2025
2.0,4.0,2.0,9500000.0,3.0,62.0,1983
2.0,4.4,1.0,9500000.0,3.0,81.3,2010
2.0,3.7,10.0,9500000.0,3.0,75.1,2019
2.0,2.9,10.0,9600000.0,3.0,68.0,2015
2.0,3.4,8.0,9600000.0,3.0,62.3,2025
2.0,3.8,7.0,9600000.0,3.0,65.2,2007
2.0,3.4,13.0,9640000.0,3.0,80.0,2019
2.0,3.8,5.0,9700000.0,3.0,94.6,1934
2.0,2.9,9.0,9690000.0,3.0,72.4,2014
2.0,2.5,4.0,9700000.0,3.0,64.8,2025
2.0,4.2,10.0,9690000.0,3.0,87.0,2017
2.0,4.0,22.0,9700000.0,3.0,62.9,2023
2.0,2.9,2.0,9800000.0,3.0,74.5,2008
2.0,4.0,2.0,9800000.0,3.0,58.0,2018
2.0,2.9,17.0,9780000.0,3.0,84.0,2018
2.0,3.8,3.0,9800000.0,3.0,79.6,1960
2.0,3.3,5.0,9750000.0,3.0,72.4,2018
2.0,2.5,9.0,9800000.0,3.0,65.2,1993
2.0,2.5,1.0,9750000.0,3.0,63.0,2020
2.0,2.9,5.0,9900000.0,3.0,75.2,1960
2.0,2.5,10.0,9900000.0,3.0,71.1,2007
2.0,4.0,10.0,9900000.0,3.0,85.5,2024
2.0,3.3,3.0,9900000.0,3.0,81.8,2025
2.0,3.3,2.0,9900000.0,3.0,86.2,2025
2.0,3.7,14.0,9900000.0,3.0,97.2,2019
2.0,2.5,7.0,9850000.0,3.0,86.9,2024
2.0,3.4,4.0,10000000.0,3.0,76.1,1990
2.0,3.7,1.0,10000000.0,3.0,105.0,2017
2.0,3.3,8.0,10000000.0,3.0,72.4,2018
2.0,4.2,1.0,9950000.0,3.0,59.4,1972
2.0,3.8,4.0,9990000.0,3.0,58.1,1973
2.0,2.9,5.0,9999000.0,3.0,82.0,2014
2.0,2.5,8.0,10000000.0,3.0,65.0,2020
2.0,4.4,2.0,10000000.0,3.0,74.9,2013
2.0,3.4,2.0,9990000.0,3.0,76.1,2019
2.0,3.9,6.0,9990000.0,3.0,60.0,1977
2.0,3.7,1.0,10000000.0,3.0,63.0,2019
2.0,4.2,5.0,10000000.0,3.0,112.8,2006
2.0,2.9,13.0,10000000.0,3.0,69.6,2016
2.0,3.9,5.0,10000000.0,3.0,63.0,1982
2.0,2.9,5.0,10000000.0,3.0,79.5,2023
2.0,2.9,8.0,9980000.0,3.0,81.0,2006
2.0,3.4,16.0,9990000.0,3.0,69.27,2025
2.0,2.5,2.0,10100000.0,3.0,81.8,2010
2.0,4.4,9.0,10100000.0,3.0,76.3,2009
2.0,2.5,16.0,10200000.0,3.0,86.0,2020
2.0,4.0,11.0,10200000.0,3.0,59.9,2022
2.0,3.4,2.0,10150000.0,3.0,95.6,2002
2.0,3.4,1.0,10200000.0,3.0,58.5,2021
2.0,3.4,7.0,10200000.0,3.0,65.8,2015
2.0,4.0,2.0,10300000.0,3.0,67.6,2020
2.0,2.9,1.0,10320000.0,3.0,76.0,2009
2.0,2.5,3.0,10300000.0,3.0,85.2,2001
2.0,3.9,5.0,10300000.0,3.0,88.2,1961
2.0,3.4,9.0,10400000.0,3.0,66.1,2025
2.0,3.3,10.0,10400000.0,3.0,73.9,2010
2.0,2.5,4.0,10350000.0,3.0,63.7,2019
2.0,3.7,3.0,10500000.0,3.0,104.8,2014
2.0,3.3,7.0,10500000.0,3.0,84.4,2009
2.0,2.9,18.0,10500000.0,3.0,55.6,2025
2.0,3.3,3.0,10500000.0,3.0,72.8,2019
2.0,3.4,3.0,10500000.0,3.0,99.0,2019
2.0,2.5,10.0,10500000.0,3.0,86.3,2012
2.0,3.7,15.0,10500000.0,3.0,103.0,2017
2.0,4.0,8.0,10500000.0,3.0,75.0,2022
2.0,4.4,12.0,10500000.0,3.0,72.8,2020
2.0,3.8,4.0,10500000.0,3.0,88.7,1956
2.0,2.5,8.0,10500000.0,3.0,67.0,2024
2.0,4.0,9.0,10490000.0,3.0,89.0,2024
2.0,4.0,8.0,10600000.0,3.0,86.3,2022
2.0,2.5,16.0,10550000.0,3.0,92.3,2019
2.0,2.5,7.0,10600000.0,3.0,60.6,1973
2.0,2.9,14.0,10600000.0,3.0,70.0,2008
2.0,4.4,2.0,10600000.0,3.0,78.0,2016
2.0,2.9,3.0,10600000.0,3.0,85.0,1996
2.0,4.0,8.0,10570000.0,3.0,76.0,2021
2.0,3.4,17.0,10700000.0,3.0,97.9,2007
2.0,3.8,1.0,10700000.0,3.0,80.3,1979
2.0,4.0,11.0,10700000.0,3.0,72.0,2022
2.0,4.0,5.0,10700000.0,3.0,85.2,2013
2.0,4.0,6.0,10700000.0,3.0,89.63,2024
2.0,2.5,10.0,10700000.0,3.0,80.4,2014
2.0,4.0,4.0,10700000.0,3.0,105.0,2016
2.0,2.5,5.0,10770000.0,3.0,76.0,2020
2.0,3.7,10.0,10800000.0,3.0,77.6,2021
2.0,2.5,12.0,10880000.0,3.0,77.0,2020
2.0,3.3,2.0,10800000.0,3.0,93.8,2016
2.0,3.4,3.0,10800000.0,3.0,84.4,2024
2.0,4.0,9.0,10800000.0,3.0,70.0,2022
2.0,2.5,10.0,10900000.0,3.0,71.0,2020
2.0,2.5,6.0,10900000.0,3.0,72.0,2020
2.0,3.4,17.0,10940472.0,3.0,70.62,2019
2.0,4.0,2.0,10990000.0,3.0,95.2,2000
2.0,2.5,1.0,10999000.0,3.0,76.3,1998
2.0,4.4,4.0,10999000.0,3.0,92.0,2013
2.0,3.9,2.0,11000000.0,3.0,65.2,1941
2.0,4.0,18.0,11000000.0,3.0,82.8,2015
2.0,2.5,10.0,11000000.0,3.0,57.3,2023
2.0,3.4,16.0,11000000.0,3.0,63.5,2019
2.0,2.9,4.0,11000000.0,3.0,90.0,2009
2.0,3.3,24.0,11000000.0,3.0,68.3,2015
2.0,3.4,11.0,11000000.0,3.0,80.0,2024
2.0,2.5,2.0,11100000.0,3.0,62.6,2020
2.0,4.2,7.0,11200000.0,3.0,81.4,2015
2.0,4.2,8.0,11200000.0,3.0,62.7,1972
2.0,2.5,2.0,11200000.0,3.0,89.0,2024
2.0,3.4,9.0,11200000.0,3.0,67.5,2007
2.0,4.0,18.0,11300000.0,3.0,119.9,2022
2.0,4.0,3.0,11400000.0,3.0,71.7,1995
2.0,2.5,22.0,11300000.0,3.0,69.1,2015
2.0,4.0,5.0,11300000.0,3.0,91.0,1956
2.0,4.2,11.0,11300000.0,3.0,75.6,2012
2.0,2.9,24.0,11300000.0,3.0,52.8,2021
2.0,3.4,10.0,11350000.0,3.0,56.5,2025
2.0,3.4,3.0,11400000.0,3.0,60.9,2020
2.0,3.9,12.0,11400000.0,3.0,51.0,2023
2.0,2.9,13.0,11500000.0,3.0,94.8,2006
2.0,4.0,5.0,11500000.0,3.0,70.0,2025
2.0,2.5,6.0,11500000.0,3.0,65.7,1991
2.0,4.0,2.0,11500000.0,3.0,65.8,2022
2.0,3.9,2.0,11500000.0,3.0,74.2,1959
2.0,4.0,17.0,11500000.0,3.0,70.0,2021
2.0,4.0,2.0,11500000.0,3.0,81.2,1993
2.0,4.0,3.0,11500000.0,3.0,75.1,1953
2.0,3.3,15.0,11500000.0,3.0,78.7,2020
2.0,2.9,17.0,11450000.0,3.0,81.0,2021
2.0,2.9,15.0,11490000.0,3.0,83.2,2018
2.0,4.0,4.0,11500000.0,3.0,114.0,2022
2.0,4.0,5.0,11500000.0,3.0,75.5,2022
2.0,4.0,4.0,11490000.0,3.0,60.0,2022
2.0,2.5,7.0,11500000.0,3.0,72.6,2025
2.0,4.0,10.0,11500000.0,3.0,76.01,2024
2.0,2.9,3.0,11500000.0,3.0,69.1,2017
2.0,2.9,2.0,11500000.0,3.0,73.0,2011
2.0,2.9,2.0,11600000.0,3.0,84.0,2020
2.0,4.0,13.0,11585000.0,3.0,65.0,2014
2.0,3.8,13.0,11640000.0,3.0,75.9,2011
2.0,3.3,4.0,11700000.0,3.0,80.0,2017
2.0,4.0,11.0,11650000.0,3.0,96.6,2023
2.0,4.0,16.0,11750000.0,3.0,60.0,2023
2.0,3.4,6.0,11850000.0,3.0,60.0,2018
2.0,4.4,2.0,11800000.0,3.0,82.3,2012
2.0,3.7,7.0,11890000.0,3.0,78.9,2016
2.0,2.9,7.0,11800000.0,3.0,97.7,2010
2.0,2.5,6.0,11800000.0,3.0,77.5,2020
2.0,3.9,7.0,11999000.0,3.0,83.1,2002
2.0,3.8,9.0,11960000.0,3.0,65.8,1991
2.0,2.9,21.0,11900000.0,3.0,55.1,2021
2.0,4.0,20.0,11999000.0,3.0,82.6,2015
2.0,3.4,7.0,11990000.0,3.0,69.1,1994
2.0,4.0,22.0,11900000.0,3.0,65.89,2022
2.0,4.0,15.0,11950000.0,3.0,84.8,2021
2.0,2.5,4.0,11990000.0,3.0,95.1,2002
2.0,2.5,4.0,11980000.0,3.0,102.9,2003
2.0,3.4,3.0,11950000.0,3.0,60.3,2019
2.0,3.4,25.0,12000000.0,3.0,65.0,2019
2.0,2.9,17.0,12000000.0,3.0,70.9,2019
2.0,3.7,14.0,12000000.0,3.0,57.5,2020
2.0,4.4,10.0,12000000.0,3.0,87.8,2012
2.0,2.5,2.0,12000000.0,3.0,80.0,2020
2.0,4.2,4.0,12000000.0,3.0,82.0,2015
2.0,4.2,5.0,12000000.0,3.0,132.3,1994
2.0,3.7,6.0,12000000.0,3.0,66.9,2017
2.0,2.9,6.0,12150000.0,3.0,69.0,2017
2.0,4.0,4.0,12200000.0,3.0,60.0,2022
2.0,2.5,10.0,12200000.0,3.0,70.0,2020
2.0,3.4,24.0,12300000.0,3.0,65.0,2021
2.0,4.2,9.0,12300000.0,3.0,62.5,1981
2.0,2.5,10.0,12300000.0,3.0,111.0,2020
2.0,3.8,3.0,12300000.0,3.0,75.2,2007
2.0,4.0,5.0,12450000.0,3.0,83.7,2022
2.0,2.5,4.0,12400000.0,3.0,78.5,1998
2.0,3.8,7.0,12450000.0,3.0,61.1,1973
2.0,3.8,2.0,12485000.0,3.0,73.2,1934
2.0,2.9,3.0,12400000.0,3.0,131.3,1999
2.0,4.0,7.0,12400000.0,3.0,62.5,1952
2.0,4.0,17.0,12400000.0,3.0,98.2,2009
2.0,4.0,6.0,12500000.0,3.0,74.9,1981
2.0,2.5,10.0,12500000.0,3.0,79.0,2020
2.0,3.8,3.0,12555000.0,3.0,70.7,2007
2.0,4.0,10.0,12500000.0,3.0,77.0,2014
2.0,2.5,4.0,12500000.0,3.0,132.0,1998
2.0,3.9,14.0,12500000.0,3.0,70.9,2002
2.0,2.5,3.0,12500000.0,3.0,75.4,2006
2.0,2.5,3.0,12550000.0,3.0,74.4,2021
2.0,4.2,3.0,12500000.0,3.0,138.0,2006
2.0,4.2,4.0,12500000.0,3.0,82.0,1994
2.0,4.0,12.0,12500000.0,3.0,96.6,2022
2.0,4.4,10.0,12500000.0,3.0,62.5,2013
2.0,4.4,2.0,12600000.0,3.0,90.0,2025
2.0,4.0,3.0,12700000.0,3.0,86.0,2015
2.0,4.0,14.0,12650000.0,3.0,77.0,2024
2.0,3.9,3.0,12800000.0,3.0,62.3,2024
2.0,3.8,4.0,12850000.0,3.0,78.0,2016
2.0,2.9,6.0,12800000.0,3.0,111.0,2003
2.0,3.8,5.0,12800000.0,3.0,64.4,2013
2.0,4.0,4.0,12800000.0,3.0,104.5,2022
2.0,3.3,3.0,12800000.0,3.0,79.4,2017
2.0,2.5,8.0,12800000.0,3.0,72.0,2020
2.0,2.5,11.0,12985000.0,3.0,90.6,2006
2.0,4.0,4.0,12900000.0,3.0,105.3,2022
2.0,2.5,12.0,12999000.0,3.0,71.1,2019
2.0,2.9,13.0,12999999.0,3.0,98.1,2011
2.0,4.0,2.0,12990000.0,3.0,90.0,2024
2.0,2.5,13.0,12900000.0,3.0,94.3,2003
2.0,3.3,7.0,12950000.0,3.0,77.1,2007
2.0,2.5,8.0,12900000.0,3.0,86.0,2024
2.0,2.5,3.0,12990000.0,3.0,80.5,2015
2.0,4.0,7.0,12900000.0,3.0,85.0,2004
2.0,3.8,8.0,12900000.0,3.0,71.6,2007
2.0,3.3,10.0,12950000.0,3.0,78.5,2016
2.0,3.9,4.0,12900000.0,3.0,69.8,2002
2.0,4.0,12.0,12999999.0,3.0,94.0,2024
2.0,4.0,7.0,13000000.0,3.0,97.8,2002
2.0,3.9,5.0,13000000.0,3.0,74.3,1968
2.0,2.5,14.0,13000000.0,3.0,95.1,2007
2.0,3.3,8.0,13000000.0,3.0,85.6,2017
2.0,3.8,3.0,13000000.0,3.0,68.1,1962
2.0,2.5,7.0,13000000.0,3.0,75.0,2020
2.0,3.3,6.0,13200000.0,3.0,75.0,2017
2.0,4.0,2.0,13150000.0,3.0,58.0,2022
2.0,3.7,4.0,13300000.0,3.0,100.0,1998
2.0,3.8,3.0,13300000.0,3.0,72.2,1954
2.0,4.0,12.0,13500000.0,3.0,64.7,2022
2.0,2.5,18.0,13400000.0,3.0,90.6,2016
2.0,4.0,23.0,13450000.0,3.0,105.0,2021
2.0,2.5,16.0,13499000.0,3.0,98.2,2015
2.0,3.8,4.0,13500000.0,3.0,85.2,1998
2.0,4.0,17.0,13500000.0,3.0,81.3,2024
2.0,2.5,17.0,13500000.0,3.0,83.7,2018
2.0,2.5,2.0,13500000.0,3.0,81.0,2022
2.0,3.4,4.0,13450000.0,3.0,88.0,2005
2.0,2.9,2.0,13500000.0,3.0,95.7,2011
2.0,3.8,15.0,13500000.0,3.0,63.1,2024
2.0,4.0,2.0,13500000.0,3.0,84.0,2022
2.0,4.0,7.0,13600000.0,3.0,90.0,1980
2.0,2.5,4.0,13600000.0,3.0,57.9,2019
2.0,4.0,7.0,13700000.0,3.0,86.2,2016
2.0,3.4,6.0,13700000.0,3.0,67.8,2017
2.0,4.0,4.0,13700000.0,3.0,99.2,2000
2.0,2.5,17.0,13700000.0,3.0,65.0,2020
2.0,3.9,5.0,13700000.0,3.0,88.7,2017
2.0,3.4,4.0,13800000.0,3.0,75.3,2020
2.0,4.0,1.0,13930000.0,3.0,74.5,2009
2.0,2.9,9.0,13900000.0,3.0,61.7,2026
2.0,2.5,21.0,13900000.0,3.0,61.9,2023
2.0,4.0,13.0,13900000.0,3.0,106.4,2022
2.0,4.0,2.0,13900000.0,3.0,71.0,2017
2.0,2.5,18.0,14000000.0,3.0,72.6,2021
2.0,4.0,5.0,14000000.0,3.0,93.0,2013
2.0,4.0,2.0,14000000.0,3.0,88.2,2022
2.0,4.0,3.0,13999000.0,3.0,103.1,2012
2.0,3.8,4.0,14000000.0,3.0,71.8,1940
2.0,3.8,2.0,13990000.0,3.0,99.8,2000
2.0,3.3,4.0,14000000.0,3.0,101.1,2023
2.0,3.3,7.0,14000000.0,3.0,73.47,2019
2.0,2.5,8.0,14099000.0,3.0,67.4,2018
2.0,3.7,4.0,14199000.0,3.0,106.1,2015
2.0,3.7,11.0,14199000.0,3.0,87.4,2020
2.0,2.9,11.0,14100000.0,3.0,124.8,1996
2.0,4.0,19.0,14100000.0,3.0,87.0,2020
2.0,3.8,4.0,14300000.0,3.0,71.2,1958
2.0,3.4,12.0,14300000.0,3.0,83.4,2017
2.0,4.0,16.0,14500000.0,3.0,74.8,2011
2.0,2.9,8.0,14500000.0,3.0,94.5,2013
2.0,2.5,20.0,14500000.0,3.0,62.4,2019
2.0,3.9,8.0,14500000.0,3.0,72.0,2003
2.0,2.9,5.0,14500000.0,3.0,108.1,1996
2.0,3.7,9.0,14500000.0,3.0,115.0,1997
2.0,2.9,2.0,14400000.0,3.0,110.0,1999
2.0,4.0,4.0,14500000.0,3.0,99.2,2005
2.0,3.8,15.0,14450000.0,3.0,95.0,2024
2.0,3.9,10.0,14499000.0,3.0,95.7,2013
2.0,4.0,6.0,14500000.0,3.0,89.5,2022
2.0,2.5,11.0,14400000.0,3.0,63.2,2026
2.0,3.8,9.0,14500000.0,3.0,93.2,2014
2.0,4.0,6.0,14550000.0,3.0,121.0,2023
2.0,4.2,3.0,14700000.0,3.0,63.0,1994
2.0,2.5,9.0,14700000.0,3.0,61.8,2019
2.0,3.8,7.0,14700000.0,3.0,98.0,2011
2.0,2.5,4.0,14800000.0,3.0,79.3,2018
2.0,3.4,23.0,14880000.0,3.0,91.1,2013
2.0,3.4,3.0,14800000.0,3.0,95.6,2015
2.0,4.0,7.0,14900000.0,3.0,68.0,2022
2.0,2.9,4.0,14900000.0,3.0,104.6,2004
2.0,4.0,11.0,14800000.0,3.0,108.5,2004
2.0,4.0,6.0,14800000.0,3.0,103.6,2022
2.0,4.0,16.0,14800000.0,3.0,110.3,2002
2.0,2.5,9.0,14840000.0,3.0,74.5,2020
2.0,3.8,2.0,15090000.0,3.0,84.7,1937
2.0,2.9,3.0,15000000.0,3.0,92.9,1945
2.0,2.5,17.0,14990000.0,3.0,89.0,2019
2.0,3.8,10.0,15000000.0,3.0,96.9,2004
2.0,2.5,3.0,15000000.0,3.0,100.0,2005
2.0,2.5,4.0,15000000.0,3.0,101.5,2008
2.0,3.8,2.0,14950000.0,3.0,110.0,1999
2.0,4.2,1.0,15000000.0,3.0,76.8,1994
2.0,4.2,1.0,15000000.0,3.0,74.0,1961
2.0,3.9,4.0,15000000.0,3.0,93.0,1970
2.0,2.5,7.0,15000000.0,3.0,85.3,2020
2.0,3.3,9.0,14990000.0,3.0,88.0,2016
2.0,3.7,3.0,15050000.0,3.0,79.0,2009
2.0,4.0,6.0,15000000.0,3.0,91.33,2025
2.0,2.5,9.0,15200000.0,3.0,127.0,2015
2.0,3.8,8.0,15300000.0,3.0,94.6,2007
2.0,2.9,11.0,15300000.0,3.0,90.0,2010
2.0,2.5,3.0,15500000.0,3.0,82.3,2008
2.0,3.4,18.0,15500000.0,3.0,85.6,2024
2.0,3.8,7.0,15500000.0,3.0,76.2,1957
2.0,3.9,12.0,15500000.0,3.0,75.0,2023
2.0,4.0,4.0,15700000.0,3.0,134.0,2004
2.0,2.9,4.0,15600000.0,3.0,133.1,2009
2.0,3.7,17.0,15600000.0,3.0,75.0,2017
2.0,4.0,16.0,15600000.0,3.0,77.8,2023
2.0,3.4,3.0,15800000.0,3.0,68.0,2019
2.0,2.5,4.0,15800000.0,3.0,78.3,2020
2.0,2.5,3.0,15800000.0,3.0,100.1,2014
2.0,4.0,2.0,15850000.0,3.0,120.2,2006
2.0,2.5,9.0,16000000.0,3.0,70.8,2015
2.0,2.5,13.0,16000000.0,3.0,101.0,2015
2.0,3.8,4.0,16000000.0,3.0,84.3,2019
2.0,3.8,4.0,15970000.0,3.0,93.7,2014
2.0,3.8,2.0,15999000.0,3.0,113.0,2007
2.0,3.4,24.0,15900000.0,3.0,90.6,2012
2.0,3.3,14.0,16000000.0,3.0,87.7,2006
2.0,3.4,18.0,15900000.0,3.0,71.1,2022
2.0,4.0,23.0,16000000.0,3.0,92.2,2028
2.0,4.2,15.0,15999999.0,3.0,77.6,2018
2.0,3.8,9.0,15990000.0,3.0,103.8,2013
2.0,3.4,15.0,16000000.0,3.0,71.0,2020
2.0,2.5,3.0,15900000.0,3.0,64.0,2020
2.0,3.8,13.0,16000000.0,3.0,93.0,2018
2.0,3.8,24.0,16000000.0,3.0,85.3,2013
2.0,3.9,8.0,16200000.0,3.0,62.3,2020
2.0,2.5,9.0,16500000.0,3.0,95.5,2020
2.0,2.5,6.0,16500000.0,3.0,116.2,2016
2.0,4.0,17.0,16499000.0,3.0,99.15,2018
2.0,3.8,5.0,16490000.0,3.0,84.9,2007
2.0,4.0,8.0,16500000.0,3.0,89.5,2009
2.0,4.0,25.0,16400000.0,3.0,125.0,2024
2.0,3.8,1.0,16500000.0,3.0,76.3,1938
2.0,3.8,4.0,16500000.0,3.0,120.0,2003
2.0,3.9,5.0,16500000.0,3.0,110.0,2000
2.0,3.8,10.0,16500000.0,3.0,107.9,2002
2.0,2.5,3.0,16500000.0,3.0,75.0,2019
2.0,2.5,8.0,16600000.0,3.0,80.2,2021
2.0,4.2,5.0,16800000.0,3.0,58.7,1981
2.0,2.9,12.0,16890000.0,3.0,108.5,2014
2.0,2.9,3.0,16800000.0,3.0,137.8,2003
2.0,3.8,7.0,16800000.0,3.0,97.6,2007
2.0,3.8,4.0,16750000.0,3.0,72.9,1994
2.0,3.8,21.0,16700000.0,3.0,111.7,2008
2.0,4.0,6.0,17000000.0,3.0,102.2,2008
2.0,3.9,3.0,17000000.0,3.0,82.5,2016
2.0,3.4,16.0,16999999.0,3.0,72.0,2020
2.0,2.5,6.0,16990000.0,3.0,102.2,2005
2.0,3.9,5.0,16950000.0,3.0,109.0,1998
2.0,3.8,11.0,17000000.0,3.0,88.12,2026
2.0,4.0,17.0,17200000.0,3.0,107.0,2010
2.0,3.8,4.0,17300000.0,3.0,94.2,2007
2.0,4.0,7.0,17390000.0,3.0,166.0,2025
2.0,4.0,11.0,17500000.0,3.0,137.9,2001
2.0,3.4,18.0,17500000.0,3.0,93.3,2025
2.0,3.8,11.0,17500000.0,3.0,116.0,2012
2.0,2.5,24.0,17500000.0,3.0,64.9,2022
2.0,4.0,8.0,17500000.0,3.0,91.9,2013
2.0,3.8,14.0,17450000.0,3.0,60.6,2022
2.0,2.5,3.0,17500000.0,3.0,99.2,2007
2.0,3.9,9.0,17470000.0,3.0,110.0,2002
2.0,3.9,12.0,17650000.0,3.0,96.0,2017
2.0,3.8,10.0,17590000.0,3.0,89.0,2010
2.0,4.2,3.0,17850000.0,3.0,98.7,2004
2.0,4.2,4.0,18000000.0,3.0,75.5,1994
2.0,3.3,20.0,18000000.0,3.0,90.0,2016
2.0,4.2,7.0,18000000.0,3.0,98.6,2004
2.0,2.5,12.0,17990000.0,3.0,91.8,2015
2.0,3.8,7.0,18000000.0,3.0,77.84,2026
2.0,4.0,14.0,17900000.0,3.0,82.3,2022
2.0,3.8,9.0,17900000.0,3.0,130.0,2011
2.0,2.5,2.0,18000000.0,3.0,112.6,2022
2.0,4.0,8.0,18000000.0,3.0,108.2,2022
2.0,4.0,2.0,18000000.0,3.0,85.0,2019
2.0,2.5,1.0,17900000.0,3.0,82.7,2024
2.0,3.9,4.0,18350000.0,3.0,101.0,2002
2.0,3.4,3.0,18300000.0,3.0,88.1,2021
2.0,2.5,8.0,18570000.0,3.0,80.0,2021
2.0,3.9,8.0,18500000.0,3.0,78.3,2005
2.0,3.4,14.0,18500000.0,3.0,100.1,2020
2.0,3.9,4.0,18500000.0,3.0,83.0,2002
2.0,2.5,12.0,18500000.0,3.0,80.0,2020
2.0,3.8,8.0,18500000.0,3.0,106.0,2005
2.0,4.0,3.0,18500000.0,3.0,123.0,2013
2.0,2.5,5.0,18500000.0,3.0,79.8,2021
2.0,3.7,7.0,18500000.0,3.0,88.0,2020
2.0,4.2,2.0,18750000.0,3.0,74.0,1994
2.0,3.4,16.0,18750000.0,3.0,71.9,2019
2.0,3.8,15.0,18750000.0,3.0,114.2,2015
2.0,3.8,13.0,19000000.0,3.0,108.9,2007
2.0,3.3,8.0,19000000.0,3.0,87.3,2022
2.0,4.0,3.0,19000000.0,3.0,117.6,2013
2.0,3.9,8.0,18900000.0,3.0,87.0,2021
2.0,3.9,20.0,19000000.0,3.0,67.9,2002
2.0,2.5,3.0,19000000.0,3.0,91.9,2020
2.0,2.9,3.0,19100000.0,3.0,85.2,2021
2.0,3.7,21.0,19399000.0,3.0,70.0,2019
2.0,3.8,2.0,19500000.0,3.0,174.0,2007
2.0,3.8,4.0,19500000.0,3.0,100.0,2009
2.0,4.2,2.0,19500000.0,3.0,84.0,2014
2.0,4.0,15.0,19500000.0,3.0,80.0,2022
2.0,4.0,4.0,19600000.0,3.0,95.4,2011
2.0,2.5,2.0,19700000.0,3.0,95.2,2015
2.0,4.2,10.0,19990000.0,3.0,125.2,1994
2.0,2.5,25.0,19900000.0,3.0,152.0,2025
2.0,2.5,3.0,19980000.0,3.0,200.7,2023
2.0,4.0,9.0,20000000.0,3.0,128.0,2002
2.0,3.8,3.0,20000000.0,3.0,95.5,1998
2.0,3.8,13.0,20000000.0,3.0,87.5,2024
2.0,2.5,18.0,20000000.0,3.0,167.0,2008
2.0,2.5,20.0,20000000.0,3.0,114.0,2015
2.0,3.9,5.0,20000000.0,3.0,122.9,2016
2.0,4.2,1.0,20000000.0,3.0,76.0,1956
2.0,4.0,2.0,20000000.0,3.0,84.0,2022
2.0,2.5,2.0,20100000.0,3.0,127.4,2004
2.0,2.5,2.0,20000000.0,3.0,76.9,2014
2.0,2.5,25.0,20400000.0,3.0,131.9,2020
2.0,4.0,14.0,20500000.0,3.0,110.4,2022
2.0,3.8,5.0,20500000.0,3.0,110.0,2024
2.0,4.0,5.0,20600000.0,3.0,97.0,2014
2.0,4.0,19.0,20600000.0,3.0,99.6,2018
2.0,2.5,9.0,20900000.0,3.0,73.4,2017
2.0,4.2,1.0,21000000.0,3.0,74.0,1994
2.0,3.8,7.0,21000000.0,3.0,158.0,2002
2.0,4.2,3.0,21100000.0,3.0,73.5,1960
2.0,2.5,12.0,21500000.0,3.0,116.6,2008
2.0,2.5,11.0,21600000.0,3.0,103.6,2015
2.0,3.8,3.0,21700000.0,3.0,141.5,2007
2.0,4.0,1.0,21750000.0,3.0,110.1,2022
2.0,2.5,6.0,21999000.0,3.0,109.8,2003
2.0,4.2,2.0,22000000.0,3.0,77.0,1961
2.0,4.0,5.0,21900000.0,3.0,96.0,2022
2.0,4.2,11.0,22000000.0,3.0,135.0,2010
2.0,2.5,4.0,22000000.0,3.0,78.0,2017
2.0,4.0,2.0,22000000.0,3.0,99.68,2025
2.0,2.5,10.0,22100000.0,3.0,90.5,2024
2.0,3.9,2.0,22400000.0,3.0,112.0,2005
2.0,2.5,2.0,22500000.0,3.0,85.7,2025
2.0,2.5,11.0,23000000.0,3.0,93.4,2022
2.0,2.5,10.0,23000000.0,3.0,103.0,2017
2.0,4.0,1.0,23000000.0,3.0,193.0,2024
2.0,4.0,19.0,23000000.0,3.0,84.3,2020
2.0,4.0,9.0,23200000.0,3.0,116.6,2022
2.0,4.0,3.0,23500000.0,3.0,110.5,2022
2.0,3.8,5.0,23900000.0,3.0,105.0,2014
2.0,3.8,5.0,23900000.0,3.0,105.0,2014
2.0,2.5,3.0,24100000.0,3.0,102.7,2020
2.0,2.5,19.0,23950000.0,3.0,88.0,2023
2.0,2.5,24.0,24500000.0,3.0,86.4,2024
2.0,3.9,3.0,24875000.0,3.0,121.0,2016
2.0,3.8,4.0,25000000.0,3.0,112.6,2008
2.0,3.4,12.0,25000000.0,3.0,82.0,2022
2.0,4.0,10.0,25000000.0,3.0,124.5,1995
2.0,4.2,15.0,25000000.0,3.0,161.8,2010
2.0,3.8,6.0,24900000.0,3.0,96.3,2009
2.0,2.5,4.0,25000000.0,3.0,129.5,2006
2.0,3.3,13.0,25300000.0,3.0,127.3,2011
2.0,4.2,2.0,25500000.0,3.0,76.2,1964
2.0,2.5,6.0,25900000.0,3.0,98.1,2020
2.0,3.8,2.0,25990000.0,3.0,93.9,1997
2.0,4.0,6.0,26000000.0,3.0,148.0,2005
2.0,2.5,11.0,26000000.0,3.0,126.0,2009
2.0,4.0,11.0,26000000.0,3.0,76.0,2022
2.0,4.0,6.0,26500000.0,3.0,113.06,2023
2.0,2.5,7.0,26500000.0,3.0,97.8,2018
2.0,4.0,7.0,27000000.0,3.0,124.2,2014
2.0,2.5,10.0,27500000.0,3.0,79.0,2018
2.0,3.8,6.0,27600000.0,3.0,122.0,2003
2.0,3.8,13.0,28000000.0,3.0,110.0,2015
2.0,3.9,9.0,28500000.0,3.0,81.5,2019
2.0,3.8,2.0,28900000.0,3.0,151.1,1998
2.0,2.5,8.0,29700000.0,3.0,101.42,2020
2.0,3.8,8.0,30000000.0,3.0,101.7,2014
2.0,4.0,6.0,30000000.0,3.0,115.7,2022
2.0,3.9,7.0,31000000.0,3.0,133.3,2002
2.0,3.8,2.0,31700000.0,3.0,157.4,1995
2.0,4.2,6.0,32000000.0,3.0,128.4,1994
2.0,4.0,7.0,34200000.0,3.0,104.3,2020
2.0,2.5,5.0,34000000.0,3.0,81.0,2023
2.0,4.0,4.0,34500000.0,3.0,124.3,2022
2.0,2.5,6.0,34850000.0,3.0,102.2,2021
2.0,2.5,27.0,35000000.0,3.0,134.0,2023
2.0,2.5,11.0,35000000.0,3.0,80.0,2023
2.0,4.2,3.0,36500000.0,3.0,119.2,2003
2.0,3.8,5.0,37000000.0,3.0,130.3,2006
2.0,2.5,20.0,37000000.0,3.0,236.6,2020
2.0,2.5,5.0,38000000.0,3.0,96.3,2020
2.0,2.5,8.0,38000000.0,3.0,100.0,2021
2.0,4.0,5.0,39000000.0,3.0,132.8,2022
2.0,4.0,2.0,39900000.0,3.0,110.0,2022
2.0,3.9,9.0,40000000.0,3.0,82.7,2002
2.0,4.0,1.0,40000000.0,3.0,200.4,2022
2.0,3.8,5.0,40000000.0,3.0,140.5,2009
2.0,2.5,11.0,42000000.0,3.0,109.0,2021
2.0,4.0,5.0,43000000.0,3.0,130.8,2021
2.0,3.9,6.0,43000000.0,3.0,140.0,2014
2.0,3.8,7.0,45000000.0,3.0,100.0,2020
2.0,4.2,14.0,50000000.0,3.0,130.0,1994
2.0,2.9,2.0,555000.0,1.0,56.4,1932
2.0,3.7,1.0,980000.0,1.0,80.6,2017
5.0,2.9,2.0,950000.0,1.0,56.4,1980
2.0,3.3,9.0,1200000.0,1.0,62.2,2017
2.0,3.7,8.0,1290000.0,1.0,44.0,2017
2.0,4.0,8.0,1300000.0,1.0,55.6,2022
2.0,4.4,1.0,1610000.0,3.0,51.3,2013
2.0,2.9,8.0,1750000.0,1.0,65.0,2015
2.0,3.7,4.0,1800000.0,1.0,60.4,1969
5.0,3.3,1.0,2300000.0,1.0,62.0,2017
2.0,3.8,3.0,2500000.0,1.0,59.0,1972
2.0,2.9,2.0,2800000.0,3.0,50.5,2015
2.0,2.5,14.0,2890000.0,3.0,55.54,2025
2.0,2.5,6.0,2980000.0,3.0,59.02,2027
2.0,2.5,9.0,2990000.0,3.0,59.02,2024
2.0,2.5,7.0,2990000.0,3.0,59.2,2025
2.0,2.5,1.0,2990000.0,3.0,59.02,2024
2.0,2.5,1.0,3000000.0,3.0,41.8,2020
2.0,2.9,2.0,3050000.0,3.0,70.0,2015
2.0,3.3,9.0,3100000.0,3.0,40.8,1982
2.0,3.7,2.0,3123000.0,3.0,48.5,2017
2.0,2.5,5.0,3150000.0,3.0,57.85,2025
2.0,2.5,2.0,3200000.0,3.0,59.02,2027
2.0,3.3,4.0,3200000.0,1.0,25.0,2017
2.0,2.5,7.0,3250000.0,3.0,57.51,2025
5.0,2.9,2.0,3400000.0,3.0,56.0,1958
5.0,2.5,6.0,3400000.0,3.0,59.2,2027
5.0,3.8,5.0,3500000.0,1.0,87.8,1984
5.0,3.3,3.0,3550000.0,3.0,68.3,1946
5.0,2.5,7.0,3600000.0,3.0,59.02,2023
2.0,3.3,2.0,3650000.0,3.0,68.9,1956
2.0,2.5,8.0,3660000.0,3.0,87.0,2027
2.0,2.9,6.0,3750000.0,3.0,91.0,2001
5.0,4.2,3.0,3800000.0,1.0,63.6,1979
2.0,3.3,2.0,3850000.0,3.0,56.8,1977
2.0,4.0,2.0,3880000.0,3.0,57.1,1963
2.0,2.9,5.0,3899000.0,3.0,42.0,2015
2.0,4.2,1.0,3900000.0,3.0,50.2,1970
2.0,2.5,1.0,3900000.0,3.0,59.0,2020
2.0,4.0,3.0,3950000.0,3.0,47.9,1963
2.0,3.7,1.0,3999999.0,3.0,59.0,1990
2.0,2.9,2.0,3999000.0,3.0,72.4,1930
2.0,3.7,1.0,4000000.0,3.0,58.4,1966
2.0,3.3,2.0,4000000.0,3.0,68.7,1941
2.0,2.9,1.0,4050000.0,3.0,52.7,1956
2.0,3.3,6.0,4125000.0,1.0,64.2,2017
2.0,4.2,1.0,4150000.0,3.0,50.0,1967
2.0,3.7,1.0,4199000.0,3.0,53.0,1964
2.0,4.0,1.0,4150000.0,3.0,61.3,1963
2.0,2.5,12.0,4199000.0,3.0,55.8,2020
2.0,2.5,2.0,4189000.0,3.0,55.54,2020
2.0,2.5,2.0,4200000.0,3.0,55.0,2023
2.0,2.9,3.0,4200000.0,3.0,58.6,1932
2.0,4.0,1.0,4200000.0,3.0,57.4,1963
2.0,2.9,3.0,4200000.0,3.0,56.5,1965
2.0,3.7,3.0,4200000.0,3.0,58.7,1990
2.0,4.0,2.0,4200000.0,3.0,40.1,1968
5.0,2.5,14.0,4200000.0,3.0,55.0,2025
2.0,2.5,6.0,4200000.0,3.0,55.54,2024
5.0,3.7,3.0,4250000.0,3.0,56.0,1967
2.0,3.7,3.0,4300000.0,3.0,57.1,1987
2.0,2.9,1.0,4300000.0,3.0,58.3,1975
2.0,4.4,5.0,4300000.0,3.0,58.4,1969
2.0,3.7,3.0,4300000.0,3.0,58.4,1972
2.0,4.4,1.0,4300000.0,3.0,58.9,1973
2.0,2.5,2.0,4300000.0,3.0,87.4,2027
2.0,4.2,5.0,4300000.0,3.0,55.0,1994
5.0,2.5,16.0,4300000.0,3.0,57.5,2025
2.0,3.7,1.0,4390000.0,3.0,58.9,1971
2.0,4.0,3.0,4390000.0,3.0,50.0,2022
5.0,2.5,1.0,4350000.0,3.0,57.81,2025
2.0,2.9,5.0,4400000.0,3.0,59.2,1971
2.0,2.5,3.0,4400000.0,3.0,55.84,2024
2.0,2.5,10.0,4400000.0,3.0,59.02,2024
2.0,2.5,15.0,4400000.0,3.0,57.0,2025
2.0,2.9,9.0,4499000.0,3.0,59.5,2015
2.0,2.5,2.0,4480000.0,3.0,59.02,2020
2.0,3.7,3.0,4500000.0,3.0,61.3,1982
2.0,4.4,5.0,4500000.0,3.0,57.2,1986
2.0,2.9,5.0,4500000.0,3.0,57.8,1977
2.0,3.7,4.0,4500000.0,3.0,57.9,1978
2.0,4.2,1.0,4500000.0,3.0,62.9,1956
2.0,2.9,5.0,4500000.0,3.0,61.3,1971
2.0,4.2,2.0,4500000.0,3.0,58.2,1975
2.0,3.7,8.0,4500000.0,3.0,61.1,1979
2.0,2.9,3.0,4500000.0,3.0,58.6,1932
5.0,2.9,1.0,4500000.0,3.0,66.0,1960
2.0,2.9,9.0,4550000.0,3.0,57.5,1981
2.0,3.7,4.0,4550000.0,3.0,57.9,1975
2.0,2.9,5.0,4550000.0,3.0,58.7,1965
2.0,3.7,9.0,4590000.0,3.0,60.1,1977
2.0,3.7,3.0,4550000.0,3.0,51.7,1959
2.0,3.7,5.0,4600000.0,3.0,58.4,1970
2.0,3.7,2.0,4630000.0,3.0,59.7,1978
2.0,2.5,5.0,4650000.0,3.0,52.0,1976
2.0,4.4,5.0,4650000.0,3.0,76.3,1975
2.0,2.9,4.0,4650000.0,3.0,57.4,1975
2.0,2.9,3.0,4690000.0,3.0,65.8,1938
2.0,3.4,4.0,4690000.0,3.0,63.0,1958
2.0,3.3,9.0,4700000.0,3.0,61.0,1975
2.0,2.5,6.0,4700000.0,3.0,59.02,2024
2.0,3.4,6.0,4700000.0,3.0,59.7,1976
2.0,2.5,6.0,4795000.0,3.0,87.39,2020
2.0,2.5,1.0,4790000.0,3.0,69.3,1941
2.0,3.7,1.0,4770000.0,3.0,60.0,2017
2.0,2.5,5.0,4750000.0,3.0,61.0,2020
2.0,2.9,1.0,4800000.0,3.0,58.0,1977
2.0,2.9,3.0,4800000.0,3.0,62.2,1969
2.0,3.4,2.0,4800000.0,3.0,70.1,1955
2.0,3.7,9.0,4800000.0,3.0,59.8,1987
2.0,3.3,5.0,4850000.0,3.0,52.0,1970
2.0,3.9,5.0,4850000.0,3.0,42.2,1965
2.0,4.4,8.0,4850000.0,3.0,58.0,1990
2.0,3.4,2.0,4850000.0,3.0,61.0,1977
2.0,2.9,3.0,4850000.0,3.0,57.5,1975
5.0,3.7,1.0,4850000.0,3.0,60.4,1972
2.0,4.4,4.0,4900000.0,3.0,60.4,1974
2.0,2.9,5.0,4900000.0,3.0,57.0,1969
2.0,3.9,5.0,4900000.0,3.0,59.0,1966
2.0,2.9,8.0,4900000.0,3.0,63.7,1983
2.0,2.5,1.0,4900000.0,3.0,74.0,2020
2.0,3.7,3.0,4900000.0,3.0,59.0,2017
2.0,2.5,5.0,4980000.0,3.0,59.0,2025
2.0,4.0,5.0,4987000.0,3.0,57.4,1963
2.0,3.7,10.0,4990000.0,3.0,59.0,2017
2.0,3.4,1.0,4998000.0,3.0,57.4,1965
2.0,3.4,2.0,4990000.0,3.0,57.4,1965
2.0,4.4,3.0,4999999.0,3.0,70.0,1987
5.0,2.5,5.0,4980000.0,3.0,59.0,2025
2.0,3.7,2.0,5045000.0,3.0,56.6,2016
2.0,3.7,2.0,5000000.0,3.0,50.0,2023
2.0,4.4,3.0,5000000.0,3.0,56.0,1988
2.0,4.2,2.0,5000000.0,3.0,78.6,2024
2.0,2.5,6.0,5000000.0,3.0,57.0,2023
2.0,2.9,5.0,5000000.0,3.0,57.0,1976
2.0,3.4,1.0,5000000.0,3.0,57.5,1974
2.0,2.9,10.0,5000000.0,3.0,59.9,2015
2.0,2.9,5.0,5000000.0,3.0,59.6,1980
2.0,3.4,1.0,5050000.0,3.0,60.0,1959
2.0,2.9,4.0,5100000.0,3.0,57.0,1980
2.0,4.0,3.0,5100000.0,3.0,58.0,1963
2.0,2.5,1.0,5100000.0,3.0,56.0,1982
2.0,2.5,5.0,5100000.0,3.0,59.0,2025
2.0,2.9,5.0,5100000.0,3.0,56.3,1962
5.0,4.4,3.0,5100000.0,3.0,70.0,1987
2.0,3.7,6.0,5100000.0,3.0,75.0,2017
2.0,4.4,8.0,5150000.0,3.0,48.1,2014
2.0,2.5,5.0,5150000.0,3.0,61.0,1969
2.0,3.7,2.0,5150000.0,3.0,58.2,1965
2.0,3.7,2.0,5150000.0,3.0,62.7,2011
2.0,2.9,9.0,5150000.0,3.0,62.0,1981
2.0,2.5,3.0,5150000.0,3.0,87.0,2024
2.0,3.7,1.0,5150000.0,3.0,57.6,2021
2.0,2.5,1.0,5200000.0,3.0,87.39,2024
2.0,3.7,10.0,5200000.0,3.0,58.0,2018
2.0,3.7,4.0,4850000.0,4.0,60.2,1968
2.0,4.4,1.0,4800000.0,3.0,58.7,1995
2.0,3.7,4.0,5450000.0,4.0,74.4,1977
2.0,3.7,2.0,5000000.0,2.0,54.7,2017
2.0,3.7,1.0,4320000.0,2.0,58.0,2019
2.0,3.7,6.0,5700000.0,3.0,58.0,2020
2.0,3.7,10.0,5000000.0,2.0,56.4,2014
2.0,3.7,5.0,5100000.0,2.0,58.0,2017
2.0,3.7,2.0,5500000.0,2.0,55.1,2017
2.0,3.7,10.0,5150000.0,3.0,57.3,2017
2.0,4.0,4.0,25990000.0,3.0,99.6,2017
2.0,4.2,6.0,5950000.0,3.0,63.0,1976
2.0,4.0,8.0,19800000.0,3.0,57.0,2019
2.0,4.0,8.0,27000000.0,3.0,127.4,2022
2.0,3.3,3.0,8750000.0,3.0,74.4,2008
2.0,4.2,6.0,5950000.0,3.0,63.0,1994
2.0,4.0,4.0,15600000.0,3.0,76.62,2021
4.0,3.4,19.0,20456800.0,4.0,112.4,2028
2.0,2.5,26.0,32000000.0,4.0,128.72,2023
2.0,3.8,7.0,19499000.0,4.0,138.0,2004
4.0,4.0,22.0,35850000.0,4.0,108.3,2024
2.0,3.4,4.0,8500000.0,4.0,72.9,1980
2.0,2.5,5.0,7490000.0,4.0,76.0,1972
4.0,3.4,3.0,27600000.0,4.0,144.39,2028
2.0,2.5,18.0,24700000.0,4.0,117.1,2020
2.0,4.0,4.0,6750000.0,4.0,71.8,1973
4.0,2.5,22.0,18743600.0,4.0,99.7,2028
2.0,4.2,1.0,6000000.0,4.0,61.2,1968
2.0,3.9,3.0,7800000.0,4.0,72.9,2000
4.0,3.4,2.0,30490000.0,4.0,173.63,2028
2.0,4.0,4.0,21000000.0,4.0,158.3,2002
2.0,2.9,4.0,8000000.0,4.0,81.8,1992
4.0,4.0,15.0,18100000.0,4.0,120.08,2026
2.0,2.9,2.0,6990000.0,4.0,70.7,1972
2.0,3.9,4.0,8390000.0,4.0,78.0,1969
4.0,3.4,22.0,18706000.0,4.0,99.5,2028
2.0,3.3,10.0,18800000.0,4.0,120.0,2020
2.0,2.9,2.0,11970000.0,4.0,104.0,1998
4.0,4.0,2.0,27300000.0,4.0,119.8,2023
2.0,2.5,1.0,6900000.0,4.0,77.1,2020
2.0,4.0,2.0,10990000.0,4.0,108.0,1938
4.0,4.0,14.0,20210000.0,4.0,140.79,2026
2.0,2.9,9.0,6750000.0,4.0,77.2,1985
2.0,3.4,2.0,8500000.0,4.0,72.0,1990
4.0,4.0,17.0,22275000.0,4.0,92.6,2024
2.0,4.0,2.0,16900000.0,4.0,130.0,1995
2.0,3.4,2.0,6500000.0,4.0,96.1,1936
4.0,2.9,14.0,29600000.0,4.0,123.87,2026
2.0,2.5,17.0,35000000.0,4.0,129.3,2023
2.0,3.8,5.0,14000000.0,4.0,89.4,1932
4.0,3.4,3.0,24030000.0,4.0,143.3,2028
5.0,4.2,13.0,34100000.0,4.0,155.2,2018
5.0,4.0,2.0,6500000.0,4.0,83.2,1971
4.0,4.0,5.0,27964706.0,4.0,104.7,2026
2.0,3.8,17.0,29990000.0,4.0,174.5,2009
2.0,3.4,5.0,8200000.0,4.0,75.8,2019
4.0,2.9,28.0,22160000.0,4.0,86.8,2026
2.0,3.7,1.0,5490000.0,4.0,69.9,2017
2.0,3.8,10.0,13990000.0,4.0,168.5,1997
4.0,2.5,2.0,31140000.0,4.0,198.8,2025
2.0,3.9,4.0,16000000.0,4.0,95.0,2002
2.0,3.9,4.0,8500000.0,4.0,60.1,1968
4.0,3.9,16.0,16200000.0,4.0,93.85,2025
2.0,3.8,7.0,9500000.0,4.0,72.5,1989
2.0,4.2,8.0,13500000.0,4.0,105.0,1994
4.0,4.0,2.0,26141176.0,4.0,102.62,2026
2.0,2.5,13.0,18900000.0,4.0,113.0,2020
2.0,3.7,4.0,5450000.0,4.0,74.4,1977
4.0,4.0,14.0,25300000.0,4.0,139.51,2026
2.0,3.8,16.0,38000000.0,4.0,132.0,2010
2.0,4.0,3.0,13500000.0,4.0,117.0,2000
4.0,4.0,18.0,22625000.0,4.0,93.5,2024
2.0,4.0,7.0,39900000.0,4.0,154.0,2023
2.0,2.9,9.0,5850000.0,4.0,80.0,1984
4.0,3.7,1.0,12990000.0,4.0,81.2,2025
2.0,4.0,12.0,19900000.0,4.0,96.7,2022
2.0,3.8,18.0,50000000.0,4.0,155.17,2014
4.0,2.9,14.0,28209000.0,4.0,139.5,2026
5.0,4.2,3.0,16000000.0,4.0,90.95,2026
5.0,3.7,6.0,5050000.0,4.0,71.0,1969
4.0,3.9,24.0,16950000.0,4.0,95.55,2025
2.0,3.8,3.0,9300000.0,4.0,77.6,1997
2.0,3.7,5.0,5950000.0,4.0,70.7,1977
4.0,2.5,2.0,31690000.0,4.0,225.7,2025
2.0,3.7,1.0,6600000.0,4.0,77.9,1995
2.0,4.2,5.0,11490000.0,4.0,126.0,2000
4.0,3.7,5.0,13290000.0,4.0,78.9,2025
2.0,3.3,8.0,8100000.0,4.0,78.8,1993
2.0,2.9,3.0,5950000.0,4.0,86.1,1940
4.0,3.9,20.0,23900000.0,4.0,109.79,2028
2.0,3.8,4.0,11990000.0,4.0,115.0,1934
2.0,2.9,13.0,10700000.0,4.0,98.8,2007
4.0,2.9,1.0,7210000.0,4.0,73.15,2026
2.0,3.7,4.0,4850000.0,4.0,60.2,1968
2.0,2.5,7.0,6950000.0,4.0,72.3,1989
4.0,2.9,3.0,13069650.0,4.0,77.6,2026
2.0,3.8,3.0,10800000.0,4.0,95.5,1997
2.0,2.9,2.0,14500000.0,4.0,134.3,2004
4.0,3.3,10.0,8888310.0,4.0,75.2,2027
2.0,3.9,4.0,9900000.0,4.0,95.4,1963
2.0,3.7,1.0,5500000.0,4.0,102.0,1972
4.0,3.7,2.0,8500000.0,4.0,73.2,2028
2.0,3.8,1.0,8900000.0,4.0,77.8,1956
2.0,3.4,3.0,11250000.0,4.0,99.0,2024
4.0,4.0,9.0,27000000.0,4.0,108.32,2025
2.0,3.9,1.0,11600000.0,4.0,90.08,1970
2.0,3.3,7.0,6600000.0,4.0,72.6,1971
4.0,2.9,3.0,11350000.0,4.0,80.9,2027
2.0,2.5,12.0,12490000.0,4.0,82.0,2020
2.0,3.4,2.0,12800000.0,4.0,121.0,1996
4.0,2.5,8.0,49540000.0,4.0,293.7,2025
2.0,3.4,20.0,13450000.0,4.0,91.0,2016
2.0,2.9,3.0,10500000.0,4.0,86.0,1978
4.0,3.9,24.0,35000000.0,4.0,133.1,2024
2.0,2.5,2.0,19870000.0,4.0,89.0,2023
2.0,3.4,1.0,5300000.0,4.0,70.0,1977
2.0,4.0,3.0,58388000.0,4.0,162.05,2020
2.0,2.5,9.0,6700000.0,4.0,70.4,1971
2.0,3.9,15.0,85000000.0,4.0,150.0,2020
4.0,3.7,6.0,9050000.0,4.0,80.4,2025
2.0,2.5,4.0,59000000.0,4.0,501.0,2005
2.0,4.2,5.0,13700000.0,4.0,139.9,1994
4.0,3.3,2.0,8097390.0,4.0,69.0,2027
2.0,2.5,1.0,5750000.0,4.0,77.8,2020
2.0,3.9,5.0,11300000.0,4.0,81.3,1935
4.0,2.5,5.0,11515000.0,4.0,73.0,2027
2.0,3.8,10.0,9000000.0,4.0,73.5,1986
2.0,2.5,3.0,6300000.0,4.0,62.2,1966
4.0,4.0,8.0,23500000.0,4.0,113.95,2025
4.0,4.0,11.0,13420000.0,4.0,66.4,2028
2.0,4.2,2.0,8100000.0,4.0,72.1,1972
4.0,4.0,6.0,23500000.0,4.0,106.97,2023
2.0,3.4,1.0,8499000.0,4.0,73.1,2019
2.0,2.5,23.0,20321600.0,4.0,125.7,2024
2.0,2.5,7.0,9500000.0,4.0,79.1,1990
4.0,4.0,2.0,17600000.0,4.0,105.5,2025
2.0,4.4,1.0,2990000.0,4.0,65.0,1984
4.0,3.7,25.0,17820000.0,4.0,145.2,2026
2.0,3.9,2.0,10000000.0,4.0,70.0,1983
2.0,2.5,9.0,8500000.0,4.0,77.0,1983
4.0,4.0,6.0,25600000.0,4.0,108.15,2025
2.0,2.9,1.0,8100000.0,4.0,107.0,2015
4.0,4.0,22.0,23278000.0,4.0,104.4,2025
2.0,3.8,10.0,10850000.0,4.0,81.0,1986
2.0,4.0,7.0,13690000.0,4.0,116.0,2024
4.0,3.7,26.0,18340000.0,4.0,144.56,2028
2.0,2.9,5.0,11500000.0,4.0,132.0,1999
2.0,4.0,2.0,9500000.0,4.0,81.6,1993
4.0,4.0,7.0,49800000.0,4.0,138.96,2023
2.0,2.9,7.0,11600000.0,4.0,92.9,2001
2.0,3.3,4.0,7500000.0,4.0,70.0,1987
4.0,3.9,22.0,20353000.0,4.0,72.7,2028
2.0,2.9,4.0,7000000.0,4.0,81.9,1992
4.0,3.7,25.0,16480000.0,4.0,132.21,2026
2.0,3.8,1.0,9500000.0,4.0,76.7,1986
2.0,3.3,1.0,6800000.0,4.0,113.2,2014
4.0,4.0,3.0,36200000.0,4.0,159.68,2025
2.0,2.5,12.0,18500000.0,4.0,80.0,2018
2.0,4.4,9.0,6800000.0,4.0,77.8,1985
4.0,3.4,6.0,10063694.0,4.0,58.99,2026
2.0,4.0,2.0,6400000.0,4.0,64.3,1932
2.0,3.7,4.0,6900000.0,4.0,83.2,2017
4.0,3.4,2.0,12500000.0,4.0,90.86,2026
2.0,4.4,7.0,7050000.0,4.0,68.3,1988
2.0,2.9,8.0,6900000.0,4.0,76.0,1981
4.0,3.7,25.0,16330000.0,4.0,132.21,2026
2.0,2.5,3.0,11700000.0,4.0,78.9,2026
2.0,2.5,6.0,12000000.0,4.0,81.0,2025
2.0,4.2,3.0,6970000.0,4.0,60.2,1976
4.0,3.7,19.0,8850000.0,4.0,74.4,2028
2.0,4.2,7.0,6950000.0,4.0,77.5,1996
4.0,2.9,6.0,15351000.0,4.0,102.24,2027
2.0,2.9,6.0,13000000.0,4.0,101.1,1998
2.0,2.9,9.0,6999000.0,4.0,76.9,1984
2.0,2.5,7.0,9500000.0,4.0,80.7,2025
5.0,4.2,7.0,14950000.0,4.0,100.5,1986
4.0,3.7,25.0,18030000.0,4.0,145.2,2026
2.0,3.4,1.0,14200000.0,4.0,69.03,2020
4.0,4.0,11.0,28200000.0,4.0,99.68,2025
2.0,4.4,1.0,6500000.0,4.0,144.0,2022
2.0,4.0,5.0,36169200.0,4.0,100.47,2020
2.0,2.9,5.0,6300000.0,4.0,80.0,1984
2.0,2.9,3.0,5499000.0,4.0,71.0,1975
4.0,2.9,5.0,8340000.0,4.0,83.8,2026
2.0,2.5,5.0,9500000.0,4.0,79.0,1999
4.0,4.0,11.0,29400000.0,4.0,113.77,2025
2.0,3.3,4.0,8200000.0,4.0,95.0,1955
4.0,4.0,21.0,27120955.0,4.0,130.1,2025
2.0,3.4,2.0,15000000.0,4.0,138.0,1957
2.0,4.0,1.0,31720000.0,4.0,122.0,2020
2.0,4.2,7.0,6390000.0,4.0,74.8,1988
5.0,2.5,4.0,10500000.0,4.0,79.4,2001
4.0,3.7,25.0,15660000.0,4.0,125.86,2026
2.0,2.5,2.0,6500000.0,4.0,72.9,2020
2.0,2.5,7.0,15000000.0,4.0,85.3,2026
2.0,3.3,2.0,8997100.0,4.0,69.0,2027
2.0,3.3,3.0,7390000.0,4.0,99.7,1952
4.0,3.7,25.0,15660000.0,4.0,125.86,2028
2.0,3.4,9.0,12500000.0,4.0,94.7,2019
2.0,4.0,19.0,17520000.0,4.0,91.6,2027
2.0,4.0,2.0,11000000.0,4.0,85.6,1956
4.0,2.9,3.0,11750000.0,4.0,79.8,2027
2.0,3.7,1.0,8490000.0,4.0,133.8,2014
2.0,3.4,1.0,9200000.0,4.0,78.7,1993
4.0,4.0,2.0,19680000.0,4.0,83.1,2028
2.0,3.7,2.0,4950000.0,4.0,75.4,2017
2.0,2.9,1.0,10200000.0,4.0,96.4,1996
2.0,4.0,24.0,20430000.0,4.0,106.56,2027
2.0,2.9,3.0,17000000.0,4.0,134.0,2009
2.0,2.5,6.0,9000000.0,4.0,103.6,1991
2.0,3.4,24.0,12250000.0,4.0,73.03,2028
2.0,3.9,10.0,14700000.0,4.0,147.0,2002
4.0,4.0,8.0,24600000.0,4.0,100.13,2025
2.0,2.9,4.0,5680000.0,4.0,70.7,1976
2.0,4.0,25.0,23000000.0,4.0,90.2,2017
4.0,4.0,25.0,24673572.0,4.0,114.2,2025
2.0,3.4,14.0,12250000.0,4.0,135.0,1996
4.0,4.0,2.0,14410000.0,4.0,96.2,2025
2.0,3.7,3.0,7100000.0,4.0,74.3,1978
2.0,2.5,2.0,7900000.0,4.0,84.8,1933
4.0,2.9,12.0,12587000.0,4.0,79.94,2027
2.0,2.5,17.0,26000000.0,4.0,100.0,2018
2.0,4.2,2.0,12200000.0,4.0,81.0,1991
4.0,4.0,23.0,14500000.0,4.0,96.6,2025
2.0,3.8,7.0,18000000.0,4.0,130.0,2007
2.0,4.2,5.0,14990000.0,4.0,180.5,1994
4.0,4.0,21.0,23130856.0,4.0,110.2,2025
2.0,3.4,8.0,7500000.0,4.0,69.2,2019
2.0,4.0,1.0,6690000.0,4.0,76.7,1986
4.0,4.0,4.0,25934000.0,4.0,88.1,2028
2.0,2.9,1.0,5500000.0,4.0,61.6,2015
2.0,2.9,6.0,16000000.0,4.0,126.0,2014
4.0,2.5,2.0,17810000.0,4.0,147.75,2026
2.0,3.3,4.0,11800000.0,4.0,107.2,2024
2.0,2.5,1.0,12000000.0,4.0,130.5,1996
2.0,4.0,7.0,49452000.0,4.0,190.2,2020
2.0,2.9,4.0,8700000.0,4.0,74.8,1986
2.0,4.0,5.0,7000000.0,4.0,74.8,1979
4.0,4.0,8.0,34387000.0,4.0,113.8,2028
2.0,3.4,1.0,7800000.0,4.0,72.0,1975
2.0,2.5,6.0,12500000.0,4.0,78.0,1991
2.0,4.0,2.0,44148000.0,4.0,169.8,2020
2.0,3.8,9.0,29990000.0,4.0,145.7,2015
2.0,2.5,2.0,7000000.0,4.0,79.2,1989
4.0,3.4,17.0,11224851.0,4.0,58.19,2026
2.0,3.8,17.0,43500000.0,4.0,240.0,2007
4.0,3.9,16.0,21503000.0,4.0,79.6,2028
2.0,3.7,4.0,15000000.0,4.0,132.0,1996
2.0,3.8,4.0,9200000.0,4.0,77.5,1998
4.0,3.3,16.0,10144500.0,4.0,74.9,2027
2.0,2.5,8.0,8990000.0,4.0,95.0,1992
2.0,2.5,10.0,7000000.0,4.0,76.4,1988
4.0,4.0,22.0,24262920.0,4.0,114.8,2025
2.0,3.9,1.0,8800000.0,4.0,74.0,1982
4.0,2.9,2.0,13800000.0,4.0,97.46,2027
2.0,3.8,16.0,18900000.0,4.0,101.0,2007
2.0,4.0,4.0,16700000.0,4.0,128.0,2022
4.0,2.9,1.0,14122000.0,4.0,84.38,2027
2.0,4.0,3.0,17500000.0,4.0,123.0,2013
4.0,3.3,13.0,10450000.0,4.0,84.87,2026
2.0,2.9,8.0,6900000.0,4.0,82.0,1990
2.0,2.5,8.0,9600000.0,4.0,80.7,2025
2.0,3.8,7.0,22000000.0,4.0,122.0,2010
2.0,3.9,10.0,21000000.0,4.0,118.0,2002
4.0,4.0,22.0,26826450.0,4.0,128.5,2025
2.0,3.9,4.0,28800000.0,4.0,140.4,2000
2.0,2.5,4.0,8500000.0,4.0,80.38,2025
4.0,4.0,1.0,26611200.0,4.0,170.0,2023
2.0,3.7,2.0,7190000.0,4.0,86.0,2019
2.0,4.0,1.0,55000000.0,4.0,224.3,2011
2.0,3.3,18.0,10105250.0,4.0,74.6,2027
2.0,2.9,7.0,13000000.0,4.0,106.2,2003
2.0,4.0,6.0,14699999.0,4.0,108.1,2025
2.0,2.5,16.0,10200000.0,4.0,80.0,2025
4.0,2.5,6.0,21960000.0,4.0,124.93,2028
2.0,3.4,1.0,8500000.0,4.0,70.5,1971
2.0,3.7,5.0,10400000.0,4.0,116.6,1998
2.0,3.3,16.0,10144500.0,4.0,74.9,2027
2.0,3.3,12.0,18750000.0,4.0,100.6,2017
2.0,2.9,6.0,10520000.0,4.0,83.0,2023
4.0,2.5,15.0,28540000.0,4.0,162.53,2026
2.0,2.9,21.0,13450000.0,4.0,83.4,2023
4.0,2.5,16.0,10200000.0,4.0,79.95,2026
2.0,4.0,5.0,17000000.0,4.0,86.4,2022
4.0,4.0,24.0,14495760.0,4.0,89.48,2026
4.0,2.5,7.0,11900000.0,4.0,78.9,2026
2.0,2.9,19.0,11000000.0,4.0,69.7,2017
2.0,3.7,6.0,8750000.0,4.0,74.1,2028
2.0,4.0,2.0,32955000.0,4.0,156.19,2025
2.0,3.7,2.0,11990000.0,4.0,112.0,2021
4.0,2.5,6.0,23260000.0,4.0,140.98,2028
2.0,4.0,23.0,14500000.0,4.0,96.6,2025
2.0,2.5,7.0,8300000.0,4.0,80.2,1989
2.0,3.7,11.0,9500000.0,4.0,79.8,2025
2.0,2.5,3.0,9000000.0,4.0,79.6,1999
2.0,3.8,1.0,15000000.0,4.0,110.0,1999
2.0,3.8,10.0,30000000.0,4.0,134.5,2009
2.0,3.4,1.0,5140000.0,4.0,75.9,2024
4.0,4.0,1.0,24266880.0,4.0,157.9,2023
2.0,2.9,1.0,6800000.0,4.0,77.5,2004
2.0,2.9,5.0,12999000.0,4.0,105.5,2015
4.0,2.9,5.0,13662000.0,4.0,85.74,2027
2.0,2.9,6.0,5490000.0,4.0,76.5,2015
4.0,4.0,23.0,27900600.0,4.0,135.0,2025
2.0,3.9,2.0,7700000.0,4.0,61.5,1967
2.0,4.4,13.0,9630000.0,4.0,60.6,2027
2.0,3.3,2.0,6700000.0,4.0,73.5,2017
2.0,2.5,5.0,7650000.0,4.0,80.1,1990
2.0,4.0,24.0,20620000.0,4.0,107.57,2027
2.0,2.9,6.0,7800000.0,4.0,79.8,1984
2.0,4.0,23.0,16700000.0,4.0,144.9,2023
4.0,2.9,13.0,14826000.0,4.0,91.58,2027
2.0,3.7,1.0,7000000.0,4.0,74.0,1977
2.0,2.5,3.0,9000000.0,4.0,74.9,1983
2.0,4.4,12.0,11790000.0,4.0,78.5,2027
2.0,4.4,7.0,6150000.0,4.0,77.7,1978
2.0,3.4,1.0,2999999.0,1.0,70.2,1975
4.0,2.9,8.0,14124000.0,4.0,82.3,2027
2.0,2.5,4.0,31990000.0,4.0,111.3,2021
5.0,3.3,1.0,6600000.0,4.0,75.4,1987
4.0,4.0,1.0,26666880.0,4.0,167.4,2023
2.0,3.7,1.0,4400000.0,4.0,61.0,1968
4.0,2.5,22.0,25016000.0,4.0,112.2,2024
2.0,2.9,8.0,6300000.0,4.0,84.4,1992
4.0,2.5,23.0,25050000.0,4.0,99.2,2026
2.0,2.9,3.0,6499000.0,4.0,74.7,2015
2.0,3.4,2.0,30490000.0,4.0,173.6,2028
2.0,2.9,1.0,7300000.0,4.0,78.3,2015
2.0,4.0,15.0,22800000.0,4.0,120.6,2019
4.0,2.9,13.0,29730000.0,4.0,133.77,2026
4.0,3.4,20.0,12800000.0,4.0,89.84,2026
5.0,3.9,3.0,9630000.0,4.0,90.0,1953
2.0,2.5,2.0,31140000.0,4.0,198.8,2025
2.0,3.7,8.0,10000000.0,4.0,77.1,1993
4.0,4.2,15.0,19290000.0,4.0,82.11,2026
2.0,3.3,15.0,8390000.0,4.0,87.0,2025
2.0,3.8,2.0,20810000.0,4.0,99.47,2026
2.0,3.4,9.0,7900000.0,4.0,81.9,1990
4.0,3.3,1.0,19650000.0,4.0,166.33,2026
2.0,3.4,2.0,6500000.0,4.0,74.2,1975
2.0,3.8,3.0,21000000.0,4.0,140.0,1999
4.0,3.3,5.0,11269484.0,4.0,68.0,2025
2.0,3.9,2.0,14500000.0,4.0,89.3,1955
4.0,4.2,4.0,18652750.0,4.0,90.57,2027
2.0,2.9,5.0,5800000.0,4.0,61.0,1969
2.0,2.9,1.0,6770000.0,4.0,66.0,1976
2.0,2.5,19.0,18017600.0,4.0,111.52,2024
2.0,4.0,6.0,14300000.0,4.0,102.2,2024
2.0,4.0,17.0,22500000.0,4.0,217.9,2006
4.0,3.3,12.0,13400000.0,4.0,84.3,2028
2.0,2.5,18.0,25250000.0,4.0,95.0,2024
2.0,4.2,4.0,26300000.0,4.0,168.1,1994
4.0,4.2,23.0,22535900.0,4.0,91.79,2026
2.0,4.2,17.0,11300000.0,4.0,85.0,1994
2.0,3.3,8.0,16600000.0,4.0,107.0,2021
2.0,2.5,2.0,17810000.0,4.0,147.8,2026
2.0,4.4,2.0,4500000.0,4.0,61.1,1969
2.0,3.4,5.0,16100000.0,4.0,71.0,2019
4.0,4.2,11.0,18590000.0,4.0,93.91,2028
2.0,4.0,3.0,9000000.0,4.0,68.8,2024
2.0,3.3,4.0,6800000.0,4.0,70.8,1979
2.0,2.5,2.0,31690000.0,4.0,225.7,2025
2.0,2.9,3.0,7900000.0,4.0,70.6,2015
5.0,4.2,4.0,6500000.0,4.0,60.7,1966
4.0,4.2,12.0,17350000.0,4.0,89.31,2028
2.0,3.7,8.0,5658000.0,4.0,69.78,2019
2.0,2.5,5.0,7100000.0,4.0,60.7,1967
4.0,3.8,2.0,20810000.0,4.0,99.47,2026
2.0,4.0,7.0,11700000.0,4.0,72.4,1986
5.0,4.0,3.0,7450000.0,4.0,73.5,2022
2.0,4.0,24.0,20430000.0,4.0,106.56,2027
2.0,3.7,3.0,30000000.0,4.0,135.5,2015
2.0,4.0,19.0,17520000.0,4.0,91.6,2027
2.0,2.9,8.0,7000000.0,4.0,78.0,1986
2.0,4.2,12.0,24500000.0,4.0,135.0,2014
4.0,3.3,1.0,9350000.0,4.0,68.5,2026
2.0,3.4,3.0,15100000.0,4.0,71.0,2018
2.0,4.4,9.0,6450000.0,4.0,67.2,2013
4.0,2.5,22.0,12600000.0,4.0,87.5,2026
2.0,2.9,2.0,6500000.0,4.0,77.8,1986
2.0,2.9,10.0,7150000.0,4.0,83.3,1992
2.0,3.4,5.0,28550000.0,4.0,143.3,2028
2.0,2.5,7.0,13990000.0,4.0,106.5,2013
2.0,2.9,2.0,6280000.0,4.0,70.0,2015
4.0,2.5,24.0,18250000.0,4.0,109.7,2024
2.0,3.4,2.0,6870000.0,4.0,73.0,1975
2.0,2.9,2.0,5900000.0,4.0,62.0,1969
4.0,3.3,2.0,9350000.0,4.0,68.3,2026
2.0,3.4,3.0,9990000.0,4.0,104.0,1957
2.0,3.3,3.0,8500000.0,4.0,89.6,1958
4.0,2.5,23.0,25321000.0,4.0,112.5,2024
2.0,2.5,20.0,37000000.0,4.0,236.6,2020
5.0,3.7,5.0,12300000.0,4.0,149.0,1998
2.0,4.0,4.0,12600000.0,4.0,82.6,1993
4.0,3.4,19.0,12700000.0,4.0,89.84,2026
2.0,2.5,2.0,12800000.0,4.0,112.7,2004
4.0,2.9,3.0,12824000.0,4.0,85.85,2027
5.0,4.4,1.0,12955000.0,4.0,128.0,2017
2.0,3.3,15.0,13173600.0,4.0,99.8,2025
2.0,4.0,7.0,13600000.0,4.0,100.5,2025
5.0,4.0,7.0,13700000.0,4.0,92.8,1996
4.0,2.9,3.0,13922000.0,4.0,82.3,2027
2.0,4.4,9.0,13990000.0,4.0,116.0,2013
2.0,4.0,10.0,13990000.0,4.0,120.9,2003
2.0,2.5,7.0,14300000.0,4.0,117.8,1996
4.0,2.9,4.0,14255000.0,4.0,91.57,2027
2.0,3.9,7.0,14500000.0,4.0,88.6,1996
2.0,3.3,4.0,14500000.0,4.0,98.0,1954
2.0,4.0,7.0,14500000.0,4.0,89.3,2023
2.0,4.2,4.0,14500000.0,4.0,121.8,2008
2.0,2.5,2.0,14500000.0,4.0,86.44,2026
4.0,4.0,25.0,14495760.0,4.0,89.48,2026
4.0,2.9,15.0,14870000.0,4.0,91.03,2027
2.0,4.0,16.0,15000000.0,4.0,96.0,2023
5.0,2.5,1.0,15000000.0,4.0,118.0,2007
2.0,2.5,7.0,15300000.0,4.0,107.3,2007
2.0,4.2,2.0,15300000.0,4.0,83.9,1994
5.0,3.9,6.0,15250000.0,4.0,104.0,1979
2.0,4.0,2.0,15500000.0,4.0,117.0,2003
2.0,2.9,4.0,15700000.0,4.0,112.2,2012
2.0,4.0,9.0,15700000.0,4.0,131.0,2002
2.0,3.8,2.0,15950000.0,4.0,118.0,2003
2.0,4.0,5.0,16000000.0,4.0,134.3,2000
5.0,4.0,2.0,15990000.0,4.0,117.0,2009
5.0,3.7,25.0,16000000.0,4.0,126.0,2015
5.0,4.2,10.0,16000000.0,4.0,82.11,2026
5.0,2.5,2.0,16000000.0,4.0,111.6,2005
2.0,2.5,4.0,16500000.0,4.0,161.1,2006
2.0,4.2,7.0,16400000.0,4.0,106.6,2002
2.0,4.0,8.0,16550000.0,4.0,124.0,2014
5.0,2.5,6.0,16700000.0,4.0,79.2,2024
5.0,3.7,2.0,16900000.0,4.0,105.0,2016
5.0,2.5,3.0,17000000.0,4.0,165.0,2015
2.0,2.5,21.0,17150000.0,4.0,131.4,2013
2.0,2.5,3.0,17300000.0,4.0,85.0,2020
4.0,4.2,3.0,17350000.0,4.0,89.31,2028
2.0,4.0,7.0,17200000.0,4.0,91.5,2017
2.0,4.2,3.0,17500000.0,4.0,91.0,2027
2.0,4.0,6.0,17500000.0,4.0,107.7,1996
2.0,3.8,19.0,17500000.0,4.0,87.0,2007
4.0,4.2,4.0,17490000.0,4.0,90.38,2028
2.0,4.0,18.0,17530000.0,4.0,91.66,2027
2.0,3.9,7.0,17499999.0,4.0,104.6,2017
2.0,4.0,18.0,17530000.0,4.0,91.66,2027
5.0,2.5,4.0,17800000.0,4.0,124.0,2009
2.0,2.5,7.0,17990000.0,4.0,115.0,2017
2.0,4.0,4.0,18000000.0,4.0,126.4,2012
2.0,4.0,4.0,17900000.0,4.0,130.0,2002
2.0,4.0,5.0,18000000.0,4.0,82.5,2019
4.0,4.2,4.0,18220000.0,4.0,94.16,2028
4.0,2.5,25.0,18250000.0,4.0,109.8,2024
4.0,3.4,19.0,18706000.0,4.0,99.5,2028
4.0,4.2,3.0,18766600.0,4.0,90.57,2027
2.0,4.2,3.0,18766600.0,4.0,90.57,2026
2.0,4.2,4.0,18652750.0,4.0,90.57,2026
4.0,2.5,23.0,18743600.0,4.0,99.7,2028
2.0,3.9,3.0,19000000.0,4.0,139.0,1997
2.0,4.0,2.0,18888000.0,4.0,173.7,2013
5.0,2.5,5.0,19000000.0,4.0,147.0,2001
2.0,3.9,2.0,19500000.0,4.0,122.2,1996
2.0,2.9,16.0,19500000.0,4.0,178.0,2012
2.0,2.5,8.0,19499999.0,4.0,111.3,2023
5.0,4.0,15.0,19500000.0,4.0,87.5,2019
2.0,3.8,2.0,19650000.0,4.0,138.7,2004
2.0,3.8,7.0,19999000.0,4.0,104.0,2012
2.0,3.8,3.0,19990000.0,4.0,114.89,2024
2.0,3.8,7.0,19990000.0,4.0,104.0,2012
2.0,4.0,5.0,19800000.0,4.0,154.0,2003
2.0,3.8,16.0,19999999.0,4.0,152.6,2007
2.0,4.0,4.0,20000000.0,4.0,158.0,2002
2.0,3.8,3.0,20000000.0,4.0,114.9,2007
2.0,4.0,3.0,20000000.0,4.0,113.9,2022
2.0,4.0,1.0,20000000.0,4.0,122.6,2012
2.0,2.5,6.0,20000000.0,4.0,132.7,2016
2.0,4.0,7.0,20500000.0,4.0,124.0,2004
2.0,4.0,24.0,20620000.0,4.0,107.57,2027
2.0,2.5,10.0,20832420.0,4.0,105.55,2026
2.0,2.5,3.0,21000000.0,4.0,136.0,2020
2.0,4.0,4.0,21000000.0,4.0,158.3,2001
2.0,2.5,23.0,21000000.0,4.0,80.0,2020
2.0,2.5,2.0,21000000.0,4.0,127.4,2006
4.0,4.0,1.0,21000000.0,4.0,100.11,2025
2.0,2.5,15.0,21260000.0,4.0,136.9,2026
5.0,2.5,5.0,21500000.0,4.0,123.8,2007
2.0,2.5,12.0,21899031.0,4.0,105.49,2026
2.0,2.5,24.0,22000000.0,4.0,90.1,2022
2.0,2.5,25.0,22000000.0,4.0,143.0,2015
5.0,3.8,2.0,22000000.0,4.0,156.3,1999
2.0,4.2,19.0,21942000.0,4.0,90.37,2026
4.0,4.2,19.0,21942000.0,4.0,90.37,2027
2.0,2.5,6.0,21960000.0,4.0,124.9,2028
2.0,4.2,20.0,22054000.0,4.0,90.37,2026
5.0,4.0,13.0,22000000.0,4.0,87.5,2019
5.0,3.8,10.0,22000000.0,4.0,176.0,1998
2.0,2.5,11.0,22500000.0,4.0,133.0,2016
2.0,2.5,3.0,22500000.0,4.0,88.5,2022
2.0,3.8,18.0,22450000.0,4.0,120.0,2020
2.0,4.2,23.0,22535900.0,4.0,91.79,2026
2.0,4.2,12.0,22990000.0,4.0,180.0,2010
4.0,4.0,22.0,23232800.0,4.0,103.9,2025
4.0,4.0,22.0,23203890.0,4.0,110.2,2025
2.0,4.0,2.0,23000000.0,4.0,113.3,2017
2.0,2.5,6.0,23260000.0,4.0,141.0,2028
2.0,3.4,9.0,23517000.0,4.0,87.1,2017
5.0,2.5,17.0,23500000.0,4.0,140.0,2017
2.0,3.8,24.0,23850000.0,4.0,114.6,2014
2.0,3.4,3.0,24030000.0,4.0,143.3,2028
4.0,4.0,21.0,24154020.0,4.0,114.8,2025
2.0,2.5,24.0,24000000.0,4.0,104.15,2026
2.0,2.5,18.0,24165900.0,4.0,140.83,2024
4.0,4.0,4.0,24600000.0,4.0,108.15,2025
2.0,2.5,23.0,24584550.0,4.0,155.71,2024
2.0,3.9,3.0,24700000.0,4.0,123.0,1997
2.0,4.0,8.0,25000000.0,4.0,140.0,2009
2.0,2.5,12.0,25000000.0,4.0,121.7,2007
2.0,3.8,9.0,24900000.0,4.0,101.7,2007
3.0,2.5,22.0,25016000.0,4.0,112.0,2024
2.0,3.9,8.0,25000000.0,4.0,160.0,2002
2.0,3.8,9.0,25000000.0,4.0,96.1,2012
2.0,2.5,24.0,25200000.0,4.0,80.2,2021
2.0,3.8,3.0,25380000.0,4.0,132.0,2010
2.0,3.3,7.0,25500000.0,4.0,127.7,2011
2.0,2.5,7.0,25500000.0,4.0,152.6,2020
4.0,4.0,2.0,25431000.0,4.0,88.1,2028
2.0,2.5,15.0,25500000.0,4.0,102.0,2023
2.0,3.9,3.0,25900000.0,4.0,98.3,2022
2.0,2.5,25.0,26000000.0,4.0,102.0,2023
2.0,2.5,24.0,26150000.0,4.0,113.39,2026
2.0,2.5,24.0,26000000.0,4.0,114.37,2026
4.0,4.0,21.0,26648985.0,4.0,128.5,2025
2.0,3.9,6.0,27000000.0,4.0,118.2,2014
4.0,4.0,2.0,27013000.0,4.0,113.8,2028
2.0,3.8,2.0,27390000.0,4.0,97.8,2019
5.0,3.9,15.0,27500000.0,4.0,125.0,2019
2.0,3.4,3.0,27600000.0,4.0,144.4,2028
4.0,4.0,21.0,27677560.0,4.0,135.0,2025
2.0,3.8,8.0,27900000.0,4.0,85.3,2018
2.0,2.5,24.0,28250000.0,4.0,122.81,2026
2.0,2.5,15.0,28540000.0,4.0,162.5,2026
2.0,2.5,13.0,29546055.0,4.0,142.42,2026
2.0,2.9,13.0,29730000.0,4.0,133.77,2026
2.0,4.0,2.0,30000000.0,4.0,108.0,2023
2.0,2.9,10.0,30000000.0,4.0,170.0,2011
2.0,2.5,9.0,29990000.0,4.0,105.0,2019
2.0,3.8,9.0,30000000.0,4.0,145.7,2015
5.0,4.0,4.0,30000000.0,4.0,124.2,2013
2.0,4.0,4.0,31000000.0,4.0,118.7,2018
2.0,4.0,6.0,32000000.0,4.0,122.2,2011
5.0,4.0,9.0,32000000.0,4.0,146.0,2016
5.0,3.8,29.0,32000000.0,4.0,118.9,2024
5.0,3.9,10.0,32500000.0,4.0,122.0,2025
2.0,4.0,12.0,33000000.0,4.0,113.0,2017
2.0,3.8,6.0,33000000.0,4.0,139.0,2025
2.0,3.9,13.0,33000000.0,4.0,106.5,2016
2.0,2.5,1.0,33000000.0,4.0,133.4,2025
2.0,2.5,22.0,34000000.0,4.0,194.9,2010
2.0,4.2,13.0,34100000.0,4.0,155.2,2018
4.0,4.0,23.0,34150000.0,4.0,107.6,2024
2.0,3.9,9.0,34490000.0,4.0,90.0,2020
2.0,3.9,11.0,35000000.0,4.0,129.0,2004
2.0,3.9,4.0,35000000.0,4.0,151.0,1997
2.0,3.8,5.0,35500000.0,4.0,139.0,2009
2.0,4.0,5.0,36000000.0,4.0,110.0,2022
2.0,3.8,16.0,38000000.0,4.0,132.0,2010
2.0,4.2,5.0,39000000.0,4.0,133.1,1994
2.0,4.0,7.0,39900000.0,4.0,154.0,2023
5.0,4.2,5.0,40000000.0,4.0,129.3,2003
2.0,4.0,24.0,42000000.0,4.0,185.0,2028
2.0,3.9,2.0,44920000.0,4.0,292.7,2003
2.0,2.5,8.0,49540000.0,4.0,293.7,2025
2.0,4.0,6.0,55000000.0,4.0,124.0,2020
5.0,2.5,11.0,59000000.0,4.0,160.0,2022
2.0,4.2,4.0,80000000.0,4.0,189.0,2003
2.0,3.8,13.0,79990000.0,4.0,116.6,2004
2.0,3.7,4.0,5600000.0,4.0,61.8,1970
5.0,2.9,3.0,6900000.0,4.0,74.2,1969
5.0,2.5,3.0,7700000.0,4.0,70.3,1980
5.0,3.9,2.0,7700000.0,4.0,61.5,1967
5.0,3.8,6.0,9100000.0,4.0,71.2,1933
4.0,2.5,3.0,11365000.0,4.0,73.0,2027
5.0,4.0,5.0,12200000.0,4.0,84.1,1955
4.0,4.0,3.0,13060000.0,4.0,66.4,2028
2.0,3.3,8.0,24500000.0,4.0,110.7,2022
5.0,3.9,13.0,33000000.0,4.0,106.5,2016
2.0,3.7,4.0,6600000.0,4.0,76.8,1983
2.0,3.9,6.0,43000000.0,3.0,140.0,2014
2.0,3.9,7.0,69950000.0,5.0,170.0,2017
4.0,2.5,23.0,20238400.0,5.0,111.2,2028
2.0,4.0,2.0,44000000.0,5.0,176.0,2022
2.0,3.9,10.0,14890000.0,5.0,100.0,1994
4.0,4.0,13.0,35500000.0,5.0,166.7,2026
2.0,2.9,5.0,17700000.0,5.0,162.1,2015
2.0,2.5,26.0,32500000.0,5.0,300.0,2017
4.0,2.5,23.0,155000000.0,5.0,479.0,2024
2.0,4.0,6.0,18000000.0,5.0,125.7,2002
2.0,3.8,2.0,125000000.0,5.0,442.0,2007
4.0,4.0,8.0,100000000.0,5.0,278.63,2023
2.0,2.5,1.0,36000000.0,5.0,280.0,2020
2.0,4.2,10.0,13350000.0,5.0,158.6,2006
4.0,3.7,8.0,24010000.0,5.0,146.4,2025
2.0,4.0,3.0,32500000.0,5.0,408.8,2005
2.0,2.5,4.0,1100000.0,1.0,82.0,2020
4.0,4.0,25.0,32902660.0,5.0,138.0,2025
2.0,4.0,14.0,70000000.0,5.0,200.0,2017
2.0,4.0,5.0,38200000.0,5.0,288.8,2009
4.0,4.0,4.0,35200000.0,5.0,154.16,2025
2.0,3.4,4.0,8090000.0,5.0,91.5,1982
5.0,3.4,25.0,14999999.0,5.0,101.0,2020
4.0,4.0,25.0,50499700.0,5.0,227.2,2025
2.0,2.9,7.0,19300000.0,5.0,145.9,2006
2.0,3.9,3.0,20200000.0,5.0,148.6,1966
4.0,3.9,10.0,22003000.0,5.0,92.1,2028
2.0,2.5,4.0,1190000.0,1.0,80.0,2020
2.0,2.5,4.0,61000000.0,5.0,519.2,2020
4.0,4.0,8.0,96600000.0,5.0,258.52,2023
2.0,4.2,2.0,27500000.0,5.0,331.5,1994
2.0,3.8,7.0,29990000.0,5.0,161.3,2014
2.0,2.5,23.0,155000000.0,5.0,479.0,2024
2.0,2.9,14.0,25500000.0,5.0,316.0,2003
2.0,4.2,4.0,81500000.0,5.0,267.9,2004
4.0,3.3,1.0,20150000.0,5.0,170.94,2026
2.0,3.8,3.0,17000000.0,5.0,157.0,1995
2.0,4.0,24.0,24880000.0,5.0,129.78,2027
2.0,3.9,7.0,69950000.0,5.0,170.0,2017
2.0,2.9,5.0,14700000.0,5.0,125.1,2006
4.0,4.2,24.0,30611100.0,5.0,122.2,2026
2.0,3.9,3.0,16000000.0,5.0,121.1,2005
2.0,3.9,2.0,30500000.0,5.0,168.0,1997
4.0,4.0,8.0,91700000.0,5.0,255.75,2023
2.0,4.2,10.0,13850000.0,5.0,103.4,1993
2.0,3.8,7.0,45000000.0,5.0,299.0,2002
2.0,4.0,24.0,25090000.0,5.0,130.87,2027
2.0,4.0,14.0,33000000.0,5.0,153.0,2022
2.0,4.2,1.0,45000000.0,5.0,155.1,1994
4.0,2.9,26.0,11436400.0,5.0,85.82,2027
2.0,3.9,10.0,34999995.0,5.0,189.0,2008
2.0,2.5,17.0,17990000.0,5.0,173.0,2007
2.0,4.0,24.0,25090000.0,5.0,130.87,2027
2.0,2.5,2.0,16500000.0,5.0,174.0,2011
2.0,3.8,6.0,60000000.0,5.0,292.0,2002
4.0,4.2,11.0,20300000.0,5.0,102.38,2028
2.0,2.5,3.0,12000000.0,5.0,70.0,2008
2.0,4.2,8.0,7600000.0,5.0,89.4,1994
2.0,3.8,2.0,60000000.0,5.0,182.7,2007
2.0,4.0,24.0,24880000.0,5.0,129.78,2027
2.0,4.2,24.0,36721100.0,5.0,122.2,2026
2.0,3.9,8.0,22000000.0,5.0,138.0,1993
2.0,2.5,17.0,52557600.0,5.0,227.65,2026
2.0,3.8,9.0,65000000.0,5.0,178.2,2006
2.0,4.0,15.0,34850000.0,5.0,190.0,2010
2.0,4.0,9.0,41000000.0,5.0,129.0,2022
2.0,4.0,5.0,58000000.0,5.0,171.0,2002
2.0,3.7,1.0,12500000.0,5.0,125.2,2009
2.0,2.9,10.0,15500000.0,5.0,143.5,1998
2.0,3.3,13.0,15800000.0,5.0,136.0,2021
2.0,4.0,4.0,16000000.0,5.0,122.5,2011
5.0,3.8,1.0,16000000.0,5.0,150.0,1932
2.0,3.4,6.0,16400000.0,5.0,106.0,1994
5.0,3.9,10.0,16200000.0,5.0,98.8,1997
2.0,3.9,2.0,17499000.0,5.0,120.0,2002
5.0,3.9,5.0,35000000.0,5.0,182.2,2001
2.0,2.9,1.0,14500000.0,5.0,123.7,2006
2.0,2.9,5.0,8930000.0,5.0,99.5,1986
2.0,2.5,5.0,25000000.0,5.0,273.6,2007
2.0,4.0,1.0,45000000.0,5.0,227.0,2022
2.0,4.0,1.0,17500000.0,5.0,230.0,2019
2.0,3.4,5.0,10100000.0,5.0,87.1,2019
2.0,3.7,7.0,19000000.0,5.0,183.6,1998
2.0,4.0,5.0,15100000.0,5.0,120.9,1999
5.0,2.9,10.0,30000000.0,5.0,170.0,2011
2.0,3.8,7.0,19499000.0,4.0,138.0,2004
2.0,3.8,4.0,15499000.0,3.0,103.0,1701
2.0,3.8,10.0,14500000.0,3.0,122.8,2005
2.0,2.9,2.0,11970000.0,4.0,104.0,1998
2.0,2.5,11.0,21600000.0,3.0,103.6,2015
2.0,3.8,4.0,11990000.0,4.0,115.0,1934
2.0,2.5,26.0,32000000.0,4.0,128.72,2023
2.0,2.9,2.0,14500000.0,4.0,134.3,2004
2.0,3.4,4.0,7999999.0,5.0,91.5,1982
2.0,3.4,5.0,9200000.0,5.0,89.2,1980
2.0,4.2,8.0,13200000.0,5.0,101.0,1986
2.0,2.5,6.0,14000000.0,5.0,230.0,1996
2.0,2.5,15.0,31900000.0,5.0,147.0,2015
2.0,2.5,15.0,31900000.0,5.0,147.0,2015
