author_type,district,floor,kitchen_meters,price,rooms_count,total_meters,year_of_construction
4.0,4.0,13.0,5.074000000000001,3627.0,1.0,25.37,2026
5.0,3.7,8.0,5.0,2650.0,1.0,21.0,2016
2.0,3.7,3.0,4.0,2400.0,1.0,28.7,2017
4.0,3.3,1.0,5.420000000000001,4745.0,1.0,27.1,2027
2.0,3.3,12.0,3.0,5800.0,1.0,32.0,2023
2.0,2.9,2.0,2.0,1790.0,1.0,12.0,1937
4.0,4.0,7.0,4.14,4010.0,1.0,20.7,2028
2.0,3.4,8.0,3.0,5800.0,1.0,27.5,2025
2.0,4.0,7.0,3.6,2600.0,1.0,18.0,2022
4.0,4.0,4.0,5.242000000000001,4324.0,1.0,26.21,2026
2.0,3.3,8.0,4.0,3850.0,1.0,27.4,2015
5.0,4.4,15.0,0.0,2350.0,1.0,19.7,2011
4.0,3.4,5.0,5.510000000000001,7960.0,1.0,27.55,2028
2.0,2.5,13.0,4.0,4590.0,1.0,25.3,2021
2.0,3.4,1.0,3.0,2650.0,1.0,19.0,1947
4.0,3.3,16.0,5.1000000000000005,4513.0,1.0,25.5,2027
2.0,3.4,1.0,3.0,3400.0,1.0,22.4,2019
2.0,4.4,17.0,3.84,2070.0,1.0,19.2,2013
4.0,3.4,6.0,4.658,6970.0,1.0,23.29,2028
2.0,3.3,2.0,5.0,3990.0,1.0,27.8,2024
2.0,4.4,2.0,3.0,2000.0,1.0,19.2,2013
4.0,3.3,11.0,5.0600000000000005,4554.0,1.0,25.3,2027
2.0,3.3,17.0,3.0,5100.0,1.0,29.0,2017
5.0,2.9,8.0,5.0,4500.0,1.0,25.8,2011
4.0,4.0,9.0,2.3,5950.0,1.0,27.3,2028
2.0,3.3,19.0,5.0,4790.0,1.0,30.9,2016
2.0,3.3,2.0,4.399999999999999,2226.0,1.0,24.4,2024
4.0,3.4,7.0,5.0,7550.0,1.0,31.71,2028
2.0,2.5,10.0,6.5,5050.0,1.0,24.0,2024
2.0,3.8,1.0,2.0,2550.0,1.0,14.0,1960
4.0,3.3,3.0,5.640000000000001,5076.0,1.0,28.2,2027
2.0,4.4,6.0,5.0,4250.0,1.0,23.4,2020
2.0,3.7,4.0,4.0,2400.0,1.0,19.7,2012
4.0,4.0,9.0,6.720000000000001,7640.0,1.0,33.6,2028
2.0,2.9,11.0,5.0,6700.0,1.0,36.0,2020
2.0,3.7,1.0,1.0,2150.0,1.0,25.1,2013
4.0,3.4,9.0,5.0,7760.0,1.0,26.84,2028
2.0,3.8,10.0,5.0,7000.0,1.0,30.1,2007
2.0,3.7,2.0,5.0,2200.0,1.0,24.9,2017
4.0,3.9,18.0,43.2,16360.0,1.0,99.4,2025
2.0,3.4,13.0,5.0,6190.0,1.0,24.6,2024
2.0,2.9,2.0,2.0,2350.0,1.0,18.0,1937
4.0,2.9,27.0,8.5,6203.0,1.0,23.2,2026
2.0,4.0,7.0,3.5,5900.0,1.0,21.3,2025
2.0,4.4,8.0,4.0,2400.0,1.0,21.2,2012
4.0,3.4,5.0,10.0,9340.0,1.0,33.49,2028
2.0,3.7,3.0,5.0,2490.0,1.0,27.8,2017
2.0,2.9,3.0,5.0,2590.0,1.0,21.3,2023
4.0,4.0,6.0,5.1,9152.0,1.0,32.69,2026
2.0,3.7,10.0,4.4,3800.0,1.0,38.2,2017
2.0,3.7,3.0,3.8000000000000003,1700.0,1.0,19.0,1975
4.0,2.5,11.0,5.0,4700.0,1.0,19.9,2026
2.0,4.2,4.0,3.6200000000000006,1850.0,1.0,18.1,1970
2.0,4.4,7.0,3.0,2300.0,1.0,19.5,2011
4.0,4.0,3.0,6.6,7341.0,1.0,25.2,2026
2.0,3.7,2.0,4.4,3400.0,1.0,38.5,2017
2.0,4.4,4.0,3.0,2100.0,1.0,19.2,2014
4.0,2.5,6.0,5.0,5830.0,1.0,24.2,2026
2.0,4.2,6.0,5.0,4500.0,1.0,23.9,2014
2.0,4.4,4.0,3.7,2200.0,1.0,20.2,2013
4.0,3.9,11.0,5.1,6850.0,1.0,28.17,2028
2.0,2.5,6.0,10.0,3450.0,1.0,32.5,2024
2.0,4.0,3.0,3.7200000000000006,4250.0,1.0,18.6,2024
4.0,3.4,8.0,5.48,5800.0,1.0,27.4,2025
2.0,3.7,3.0,5.0,3500.0,1.0,26.0,2025
2.0,4.4,15.0,6.100000000000001,2150.0,1.0,18.1,2013
4.0,3.9,10.0,5.1,6275.0,1.0,26.06,2028
2.0,3.7,1.0,4.0,2550.0,1.0,27.4,2017
2.0,3.7,1.0,5.0,2350.0,1.0,30.8,2014
4.0,2.9,7.0,11.490000000000002,6852.0,1.0,28.19,2026
2.0,2.9,7.0,1.8,2800.0,1.0,18.2,2024
2.0,2.9,6.0,5.0600000000000005,3100.0,1.0,25.3,2024
4.0,3.9,13.0,5.1,6600.0,1.0,31.67,2028
2.0,3.4,11.0,7.0,4250.0,1.0,30.7,2015
2.0,3.7,12.0,5.5200000000000005,2850.0,1.0,27.6,2013
4.0,3.4,8.0,10.0,8890.0,1.0,30.55,2028
2.0,3.7,1.0,4.0,2400.0,1.0,23.5,2017
2.0,4.4,2.0,8.600000000000001,2000.0,1.0,19.1,2013
4.0,4.0,4.0,5.6,11435.0,1.0,34.9,2026
2.0,4.4,1.0,11.2,3150.0,1.0,20.2,2013
2.0,2.5,5.0,7.804000000000001,2800.0,1.0,39.02,2025
4.0,2.5,9.0,7.4,9305.0,1.0,32.23,2027
2.0,2.5,3.0,6.6000000000000005,3400.0,1.0,33.0,2011
2.0,2.5,6.0,2.7,3550.0,1.0,39.0,2017
4.0,2.9,12.0,12.7,7303.0,1.0,28.8,2026
2.0,2.9,5.0,17.0,4500.0,1.0,47.0,2015
2.0,3.7,16.0,6.0,3950.0,1.0,24.0,2024
4.0,4.0,14.0,3.0,7350.0,1.0,32.3,2028
2.0,2.5,17.0,4.0,4500.0,1.0,28.97,2026
2.0,3.8,3.0,3.0,3990.0,1.0,20.22,2026
4.0,3.4,2.0,5.922000000000001,6084.0,1.0,29.61,2027
2.0,2.9,10.0,15.0,4600.0,1.0,41.0,2016
2.0,3.7,15.0,6.6,4000.0,1.0,38.4,2017
2.0,2.9,8.0,5.6,5390.0,1.0,26.7,2027
2.0,4.0,6.0,4.0,4850.0,1.0,27.63,2022
2.0,2.5,1.0,6.0,4050.0,1.0,25.6,2011
4.0,2.9,20.0,10.839999999999998,6703.0,1.0,25.74,2026
2.0,4.0,7.0,10.0,4350.0,1.0,23.0,2021
2.0,4.0,17.0,10.0,4100.0,1.0,25.37,2025
4.0,2.9,8.0,5.0,5350.0,1.0,26.0,2027
2.0,2.9,2.0,5.6000000000000005,7300.0,1.0,28.0,2026
2.0,3.7,2.0,10.0,4150.0,1.0,40.0,2017
4.0,4.0,22.0,7.3,7941.0,1.0,27.47,2026
2.0,2.5,12.0,6.0,7500.0,1.0,30.48,2024
2.0,2.9,17.0,4.0,4300.0,1.0,30.0,2017
4.0,3.7,18.0,3.4,5270.0,1.0,27.27,2026
2.0,3.7,2.0,9.0,4700.0,1.0,36.0,2013
4.0,3.7,12.0,3.4,5400.0,1.0,27.73,2026
2.0,2.5,6.0,8.5,4500.0,1.0,58.5,2024
2.0,2.5,14.0,10.0,4900.0,1.0,21.1,2024
4.0,3.9,5.0,41.099999999999994,14670.0,1.0,83.1,2025
5.0,3.4,26.0,3.6,6000.0,1.0,27.0,2019
4.0,3.4,3.0,5.5,5500.0,1.0,27.5,2025
4.0,4.0,16.0,5.1,9117.0,1.0,29.98,2026
5.0,3.3,4.0,3.5200000000000005,2359.0,1.0,17.6,2017
4.0,4.0,20.0,7.8,9900.0,1.0,33.9,2026
2.0,2.5,5.0,6.0,3650.0,1.0,36.7,2020
2.0,4.4,2.0,5.0,2400.0,1.0,18.4,2013
4.0,3.8,11.0,2.0,5640.0,1.0,20.97,2026
2.0,4.0,13.0,5.0,6500.0,1.0,30.0,2022
2.0,2.9,6.0,5.0,2750.0,1.0,26.8,2015
4.0,3.9,24.0,12.699999999999996,8350.0,1.0,34.3,2025
2.0,4.0,20.0,4.0,5200.0,1.0,26.9,2023
2.0,3.3,2.0,5.0,2845.0,1.0,24.3,1968
4.0,3.7,13.0,3.4,5370.0,1.0,27.73,2026
2.0,3.9,22.0,4.0,4980.0,1.0,23.7,2019
2.0,3.3,4.0,3.0,3490.0,1.0,23.0,2015
2.0,2.9,18.0,5.032,5540.0,1.0,25.16,2026
2.0,2.9,9.0,5.5280000000000005,7900.0,1.0,27.64,2015
2.0,3.7,15.0,7.359999999999999,3790.0,1.0,36.8,2025
4.0,3.7,11.0,3.4,6080.0,1.0,27.73,2028
2.0,2.5,4.0,5.2,4850.0,1.0,27.7,2020
2.0,3.3,13.0,5.0,3800.0,1.0,27.9,2017
4.0,2.9,2.0,5.0,5928.0,1.0,27.7,2026
2.0,4.0,15.0,8.0,5550.0,1.0,25.0,2011
5.0,2.9,16.0,6.0,4500.0,1.0,25.8,2006
4.0,3.8,28.0,9.114,11440.0,1.0,45.57,2027
2.0,2.5,8.0,8.0,4550.0,1.0,25.3,2018
4.0,3.7,18.0,3.4,4950.0,1.0,27.27,2028
2.0,3.3,5.0,5.0,4600.0,1.0,29.5,2017
4.0,3.3,6.0,5.2,4580.0,1.0,29.3,2025
2.0,4.2,20.0,12.3,5000.0,1.0,30.7,2016
2.0,3.3,1.0,4.0,5200.0,1.0,28.0,2017
2.0,2.5,10.0,5.378,4625.0,1.0,26.89,2026
2.0,4.0,23.0,3.0,5250.0,1.0,28.0,2025
2.0,2.5,4.0,10.0,6600.0,1.0,35.1,2019
4.0,3.8,18.0,2.0,4735.0,1.0,20.15,2026
5.0,2.5,13.0,6.0,7400.0,1.0,42.0,2027
5.0,3.8,2.0,10.0,15975.0,1.0,52.6,2023
4.0,3.8,27.0,8.872,11200.0,1.0,44.36,2027
2.0,3.7,3.0,2.6999999999999993,1700.0,1.0,12.7,1973
2.0,3.7,3.0,2.0,1200.0,1.0,8.1,2017
4.0,4.0,16.0,4.3,18650.0,1.0,96.9,2028
2.0,3.7,2.0,2.0,1450.0,1.0,14.0,2017
4.0,3.4,10.0,5.188000000000001,5800.0,1.0,25.94,2027
4.0,4.0,3.0,5.6,6300.0,1.0,34.9,2025
2.0,4.4,11.0,5.0,2000.0,1.0,18.2,2010
4.0,3.7,5.0,13.8,7110.0,1.0,46.57,2026
2.0,4.0,1.0,4.0,2350.0,1.0,15.0,1964
4.0,3.7,3.0,5.0,4400.0,1.0,26.3,2025
2.0,2.9,6.0,3.0,4499.0,1.0,26.6,2015
4.0,4.0,23.0,7.1,20200.0,1.0,112.3,2028
2.0,4.0,6.0,4.960000000000001,3600.0,1.0,24.8,2022
2.0,4.4,13.0,3.0,4100.0,1.0,27.7,2016
4.0,2.9,8.0,5.0,6355.0,1.0,30.2,2026
4.0,3.7,16.0,5.0,4750.0,1.0,29.0,2028
2.0,3.3,10.0,4.0,3550.0,1.0,23.3,2010
2.0,4.0,11.0,5.0,4600.0,1.0,27.0,2014
4.0,3.4,3.0,4.4,6300.0,1.0,46.5,2027
2.0,4.0,18.0,4.0,5390.0,1.0,34.0,2025
4.0,2.9,1.0,5.0,6150.0,1.0,30.6,2026
2.0,2.9,9.0,5.0,3350.0,1.0,27.0,2025
4.0,3.7,2.0,5.6,4250.0,1.0,27.6,2028
2.0,3.7,1.0,7.8,3480.0,1.0,37.8,2017
2.0,4.4,2.0,4.920000000000001,3500.0,1.0,24.6,2013
4.0,3.9,16.0,6.0600000000000005,7800.0,1.0,30.3,2024
2.0,3.7,6.0,3.5,3400.0,1.0,20.2,2024
2.0,3.3,5.0,5.0,4050.0,1.0,29.3,2025
4.0,3.7,9.0,4.9,4450.0,1.0,27.2,2028
2.0,2.5,6.0,3.0,4800.0,1.0,21.36,2020
4.0,2.5,4.0,5.0,5360.0,1.0,20.67,2028
2.0,2.5,6.0,4.4,3100.0,1.0,39.0,2024
2.0,2.5,13.0,5.506,4707.0,1.0,27.53,2026
4.0,3.4,4.0,17.72,5817.0,1.0,30.62,2026
4.0,2.9,11.0,5.0,6296.0,1.0,29.1,2026
2.0,3.9,13.0,4.0,5096.0,1.0,24.8,2016
2.0,4.2,1.0,3.0,2650.0,1.0,28.7,1994
4.0,3.8,23.0,5.04,6800.0,1.0,25.2,2022
4.0,3.7,5.0,13.8,8510.0,1.0,46.57,2026
2.0,2.9,2.0,4.999999999999999,2400.0,1.0,11.7,2015
4.0,3.7,1.0,4.0,4990.0,1.0,29.0,2025
2.0,2.5,9.0,10.0,3550.0,1.0,32.4,2012
2.0,2.5,21.0,5.682,4602.0,1.0,28.41,2025
2.0,2.5,3.0,6.800000000000001,3000.0,1.0,34.0,2024
4.0,2.9,1.0,5.0,6796.0,1.0,34.1,2026
2.0,4.0,8.0,4.44,5300.0,1.0,22.2,2023
4.0,3.8,21.0,5.84,7600.0,1.0,29.2,2022
4.0,2.5,10.0,5.0,6820.0,1.0,32.88,2028
2.0,3.8,2.0,5.8,4300.0,1.0,34.1,1933
4.0,3.7,6.0,4.3,4500.0,1.0,25.3,2025
4.0,2.5,9.0,5.0,7090.0,1.0,35.74,2028
2.0,2.5,9.0,6.800000000000001,2600.0,1.0,34.0,2020
4.0,3.9,18.0,5.82,8200.0,1.0,29.1,2024
2.0,3.7,1.0,4.0,3000.0,1.0,28.8,2017
4.0,3.8,29.0,6.5,9960.0,1.0,45.1,2026
2.0,2.9,5.0,9.8,3200.0,1.0,22.0,2021
4.0,2.5,2.0,5.0,5900.0,1.0,24.39,2028
2.0,3.7,18.0,6.0200000000000005,4300.0,1.0,30.1,2015
2.0,2.9,2.0,4.8,4600.0,1.0,28.11,2026
4.0,2.9,16.0,5.0,6352.0,1.0,27.7,2026
2.0,2.9,8.0,6.4,4000.0,1.0,32.0,2015
4.0,4.4,1.0,5.0,3887.0,1.0,21.4,2026
2.0,2.5,5.0,5.0,3260.0,1.0,33.0,2011
4.0,3.4,15.0,14.55,5649.0,1.0,26.75,2026
4.0,2.9,3.0,5.3580000000000005,3873.0,1.0,26.79,2025
4.0,2.5,9.0,5.2,5650.0,1.0,25.9,2026
2.0,2.9,4.0,4.600000000000001,2700.0,1.0,21.0,2016
4.0,2.5,2.0,5.0,5310.0,1.0,21.55,2028
2.0,3.7,10.0,3.0,4250.0,1.0,24.0,2012
4.0,3.3,12.0,5.1,3881.0,1.0,24.8,2027
2.0,3.4,9.0,4.0,4000.0,1.0,27.9,2019
2.0,4.4,4.0,5.0,4200.0,1.0,30.0,2013
4.0,3.8,22.0,5.18,7000.0,1.0,25.9,2022
2.0,3.3,4.0,6.5,3300.0,1.0,20.0,2011
2.0,2.5,8.0,5.772,4992.0,1.0,28.86,2026
2.0,2.9,5.0,3.0,2350.0,1.0,15.0,2015
4.0,3.4,14.0,5.0,4550.0,1.0,25.2,2027
2.0,2.5,7.0,5.1,3500.0,1.0,25.4,2009
2.0,2.9,16.0,4.0,3500.0,1.0,19.5,2023
4.0,3.9,19.0,6.800000000000001,9000.0,1.0,34.0,2024
2.0,4.0,4.0,3.0,4000.0,1.0,25.0,2022
2.0,3.7,2.0,3.0,2600.0,1.0,23.6,2017
4.0,4.0,17.0,5.84,4750.0,1.0,29.2,2010
2.0,3.7,1.0,5.0,2390.0,1.0,34.2,2017
2.0,2.9,4.0,10.0,3170.0,1.0,25.7,2015
4.0,2.5,2.0,4.9,4149.0,1.0,24.5,2026
2.0,3.3,4.0,5.0,5490.0,1.0,28.0,2017
2.0,3.7,2.0,5.0,3080.0,1.0,33.6,2016
2.0,2.5,3.0,5.702000000000001,4618.0,1.0,28.51,2025
2.0,4.0,7.0,5.1,4000.0,1.0,24.5,2022
2.0,2.5,3.0,5.0,5000.0,1.0,29.0,2026
4.0,2.5,3.0,4.7,4193.0,1.0,23.5,2026
2.0,2.9,9.0,7.299999999999999,3150.0,1.0,22.4,2017
2.0,3.7,2.0,4.0,2300.0,1.0,20.0,2014
4.0,3.4,3.0,2.8,4100.0,1.0,20.4,2027
2.0,4.4,13.0,3.0,2300.0,1.0,19.2,2013
2.0,2.9,1.0,5.2,2949.0,1.0,26.0,2015
4.0,3.9,11.0,5.1,8600.0,1.0,41.7,2028
2.0,2.9,14.0,4.08,3000.0,1.0,20.4,2023
4.0,4.2,3.0,7.5,5990.0,1.0,25.57,2028
4.0,2.5,1.0,10.0,9990.0,1.0,42.28,2026
2.0,2.5,3.0,12.600000000000001,4600.0,1.0,30.6,2020
2.0,3.3,4.0,5.0,4400.0,1.0,28.0,2017
4.0,2.5,4.0,4.64,4154.0,1.0,23.2,2026
2.0,2.5,2.0,5.34,3850.0,1.0,26.7,2015
2.0,3.7,4.0,5.0,3300.0,1.0,24.1,2023
4.0,3.4,3.0,5.4,4990.0,1.0,26.9,2027
2.0,2.5,16.0,4.0,3410.0,1.0,23.1,2010
2.0,2.5,6.0,5.0,4100.0,1.0,21.3,2023
4.0,4.0,8.0,4.0,7200.0,1.0,37.4,2025
4.0,2.9,5.0,14.399999999999999,5402.0,1.0,27.4,2027
2.0,2.5,6.0,5.4,3460.0,1.0,27.0,2013
2.0,3.7,13.0,5.0,3000.0,1.0,27.6,2014
2.0,4.0,12.0,6.938,6650.0,1.0,34.69,2027
2.0,3.8,5.0,4.0,3840.0,1.0,25.0,2007
2.0,2.9,4.0,5.638000000000001,4419.0,1.0,28.19,2026
4.0,3.4,6.0,5.2,5350.0,1.0,29.7,2027
2.0,2.9,10.0,6.0,2999.0,1.0,27.5,2023
2.0,2.9,2.0,5.34,3577.0,1.0,26.7,2024
4.0,3.4,19.0,3.1,5664.0,1.0,24.9,2026
2.0,2.9,8.0,5.0,4650.0,1.0,24.1,2012
2.0,2.5,10.0,14.399999999999999,3400.0,1.0,32.4,2010
4.0,2.9,12.0,4.806000000000001,5700.0,1.0,24.03,2026
2.0,4.4,17.0,3.8600000000000003,2250.0,1.0,19.3,2015
2.0,3.7,8.0,19.5,3480.0,1.0,38.5,2019
4.0,3.4,6.0,5.0,4550.0,1.0,25.5,2027
2.0,4.0,4.0,5.0,4900.0,1.0,26.3,2020
4.0,3.3,15.0,5.0,4833.0,1.0,32.0,2027
4.0,3.4,2.0,3.9,6711.0,1.0,41.1,2026
2.0,4.0,13.0,3.0,5600.0,1.0,23.0,2013
2.0,2.5,3.0,2.0,5500.0,1.0,43.0,2014
4.0,2.9,6.0,15.7,6290.0,1.0,33.5,2027
2.0,4.4,2.0,4.0,2680.0,1.0,20.0,2013
4.0,3.8,21.0,5.54,7200.0,1.0,27.7,2022
2.0,2.5,5.0,4.800000000000001,4200.0,1.0,24.0,2024
2.0,2.5,20.0,2.0,4850.0,1.0,28.8,2020
2.0,4.0,15.0,5.686,5480.0,1.0,28.43,2027
2.0,2.9,7.0,6.140000000000001,3300.0,1.0,30.7,2015
2.0,2.5,7.0,4.0,3000.0,1.0,39.0,2024
4.0,4.4,6.0,5.0,4167.0,1.0,21.85,2026
2.0,3.3,15.0,4.0,3800.0,1.0,28.1,2017
2.0,3.4,12.0,3.0,4600.0,1.0,18.0,2018
2.0,4.0,9.0,5.734000000000001,5510.0,1.0,28.67,2027
2.0,3.3,12.0,2.0,4700.0,1.0,23.4,2017
2.0,2.5,4.0,2.4,4700.0,1.0,22.7,2024
2.0,3.7,3.0,3.1,2950.0,1.0,23.4,2014
2.0,2.5,6.0,12.399999999999999,3500.0,1.0,32.4,2020
2.0,2.9,14.0,3.0,2950.0,1.0,22.7,2018
4.0,3.4,15.0,11.099999999999998,5521.0,1.0,25.9,2026
2.0,4.4,17.0,4.0,3900.0,1.0,27.4,2012
2.0,4.2,15.0,5.0,2950.0,1.0,27.8,1994
4.0,2.5,23.0,3.6,4910.0,1.0,23.2,2026
2.0,3.7,9.0,3.5,3850.0,1.0,25.8,2017
4.0,3.4,17.0,10.799999999999999,5634.0,1.0,25.2,2026
2.0,3.7,12.0,5.0,3700.0,1.0,23.8,2019
2.0,2.5,12.0,5.0,3000.0,1.0,25.0,2024
2.0,4.0,5.0,7.102,6810.0,1.0,35.51,2027
2.0,3.3,14.0,2.0,4550.0,1.0,28.4,2017
4.0,2.9,5.0,4.436,4790.0,1.0,22.18,2026
2.0,2.9,3.0,5.24,5500.0,1.0,26.2,2015
2.0,4.0,5.0,5.0,5500.0,1.0,25.0,2012
4.0,3.4,17.0,17.42,6529.0,1.0,29.92,2026
2.0,2.9,12.0,2.0,3800.0,1.0,25.7,2020
2.0,2.5,6.0,4.0,3080.0,1.0,39.35,2024
4.0,4.2,4.0,6.426000000000001,7494.0,1.0,32.13,2027
4.0,3.3,1.0,5.84,4200.0,1.0,29.2,2027
2.0,4.4,15.0,6.199999999999999,3800.0,1.0,21.2,2013
2.0,3.7,8.0,5.0,4200.0,1.0,22.7,2017
4.0,4.4,1.0,5.0,4899.0,1.0,27.4,2026
2.0,2.5,14.0,4.100000000000001,4300.0,1.0,26.1,2024
2.0,3.7,16.0,4.0,2299.0,1.0,19.0,2013
4.0,2.9,1.0,20.56,6661.0,1.0,35.86,2027
2.0,4.2,3.0,8.0,4350.0,1.0,33.0,2022
2.0,2.5,13.0,5.0,4700.0,1.0,33.9,2018
4.0,4.4,5.0,5.0,4666.0,1.0,25.72,2026
2.0,3.7,2.0,7.0,3350.0,1.0,39.0,2023
2.0,3.3,8.0,4.0,3900.0,1.0,29.2,2023
4.0,3.3,15.0,5.1,4676.0,1.0,30.5,2027
2.0,3.7,2.0,4.0,2850.0,1.0,24.0,2016
2.0,3.7,12.0,3.3,3350.0,1.0,25.0,2021
4.0,4.0,18.0,5.338000000000001,5800.0,1.0,26.69,2023
2.0,3.7,14.0,12.600000000000001,3950.0,1.0,27.3,2017
2.0,2.9,4.0,16.200000000000003,5400.0,1.0,44.7,2015
4.0,3.9,19.0,4.1,6803.0,1.0,25.3,2028
2.0,4.4,14.0,7.600000000000001,3500.0,1.0,21.6,2013
4.0,4.0,2.0,6.04,7000.0,1.0,30.2,2026
4.0,4.4,8.0,5.0,5155.0,1.0,28.18,2026
2.0,3.7,5.0,6.300000000000001,3600.0,1.0,27.3,2021
2.0,4.4,9.0,4.0,3950.0,1.0,22.4,2013
2.0,2.5,11.0,3.98,4700.0,1.0,19.9,2026
2.0,3.3,8.0,8.0,4200.0,1.0,27.6,2017
4.0,4.0,1.0,5.640000000000001,5900.0,1.0,28.2,2028
2.0,2.9,15.0,5.0,3500.0,1.0,26.0,2023
4.0,4.0,2.0,5.98,6580.0,1.0,29.9,2028
2.0,2.9,9.0,4.0,4650.0,1.0,27.0,2015
4.0,2.9,3.0,17.02,6230.0,1.0,30.32,2027
2.0,3.4,12.0,5.0,5000.0,1.0,36.0,2015
4.0,2.5,20.0,4.1,5160.0,1.0,25.84,2026
2.0,4.4,9.0,8.0,3300.0,1.0,25.0,2024
4.0,4.2,3.0,6.968000000000001,8171.0,1.0,34.84,2027
2.0,2.5,3.0,6.6000000000000005,2870.0,1.0,33.0,2020
2.0,2.5,3.0,5.0,5100.0,1.0,29.0,2026
4.0,2.9,1.0,16.51,6800.0,1.0,32.21,2027
2.0,2.5,2.0,3.0,5049.0,1.0,23.5,2024
4.0,2.5,18.0,3.8,5830.0,1.0,32.41,2026
4.0,2.9,1.0,5.0,5540.0,1.0,37.5,2025
2.0,4.0,3.0,4.14,4610.0,1.0,20.7,2028
2.0,3.7,5.0,4.0,2370.0,1.0,20.0,2017
2.0,2.5,13.0,5.032,7540.0,1.0,25.16,2026
2.0,3.7,1.0,4.699999999999999,2400.0,1.0,19.7,2017
2.0,3.7,12.0,6.740000000000001,4000.0,1.0,33.7,2021
4.0,2.9,12.0,4.558,5690.0,1.0,22.79,2026
2.0,2.5,7.0,5.0,5650.0,1.0,21.1,2024
2.0,4.0,7.0,4.260000000000001,5650.0,1.0,21.3,2025
2.0,2.5,13.0,5.0200000000000005,5750.0,1.0,25.1,2024
2.0,2.9,15.0,8.0,5750.0,1.0,37.2,2020
2.0,2.5,3.0,4.0,5780.0,1.0,26.88,2022
2.0,4.2,7.0,3.0,5790.0,1.0,28.2,2018
2.0,2.5,6.0,6.0600000000000005,5800.0,1.0,30.3,2020
2.0,3.8,13.0,3.0,5800.0,1.0,21.5,2007
2.0,3.8,11.0,7.5,5800.0,1.0,27.8,2014
2.0,2.5,17.0,5.920000000000001,5850.0,1.0,29.6,2016
2.0,2.5,15.0,3.0,5875.0,1.0,23.5,2026
2.0,2.5,17.0,5.0,5870.0,1.0,31.1,2019
2.0,3.4,14.0,17.0,5900.0,1.0,34.0,2012
2.0,3.8,13.0,4.4799999999999995,5900.0,1.0,22.4,2021
2.0,2.9,6.0,4.9,5999.0,1.0,24.5,2020
2.0,3.8,7.0,5.0,5950.0,1.0,25.0,2007
2.0,3.9,3.0,8.5,6000.0,1.0,26.5,2024
2.0,2.5,14.0,5.3,6000.0,1.0,25.26,2025
2.0,2.5,16.0,5.0,6000.0,1.0,28.3,2022
2.0,2.5,11.0,5.04,6000.0,1.0,25.2,2025
2.0,4.0,4.0,7.0,6050.0,1.0,35.0,2021
2.0,4.0,2.0,5.0,6100.0,1.0,27.7,2022
2.0,3.4,17.0,5.0,6100.0,1.0,30.0,2025
2.0,2.5,14.0,5.0,6100.0,1.0,25.0,2020
2.0,3.9,3.0,4.0,6250.0,1.0,27.7,2002
2.0,3.8,20.0,9.0,6300.0,1.0,27.5,2007
2.0,2.5,23.0,4.1,6300.0,1.0,28.4,2021
2.0,3.8,13.0,13.0,6350.0,1.0,28.0,2007
2.0,4.0,7.0,5.0,6450.0,1.0,26.8,2022
2.0,2.5,10.0,8.0,6490.0,1.0,59.0,2020
2.0,3.9,9.0,4.0,6440.0,1.0,27.2,2023
2.0,2.5,18.0,5.0,6400.0,1.0,26.9,2020
2.0,3.4,23.0,5.0,6500.0,1.0,32.45,2019
2.0,2.9,3.0,5.018000000000001,6500.0,1.0,25.09,2026
2.0,2.5,8.0,3.6,6500.0,1.0,29.8,2020
2.0,3.4,10.0,11.1,6500.0,1.0,27.0,2025
2.0,4.0,15.0,5.0,6550.0,1.0,29.0,2022
2.0,4.0,24.0,5.0,6550.0,1.0,29.9,2026
2.0,4.0,19.0,5.0,6555.0,1.0,38.4,2018
2.0,2.5,11.0,3.0,6700.0,1.0,26.6,2023
2.0,3.8,10.0,5.18,6700.0,1.0,25.9,2014
2.0,2.5,9.0,5.2,6700.0,1.0,30.3,2024
2.0,3.7,3.0,6.0,6850.0,1.0,34.2,2018
2.0,4.0,14.0,8.08,6850.0,1.0,40.4,2022
2.0,2.9,5.0,5.4,6800.0,1.0,27.0,2015
2.0,3.7,3.0,5.0,6900.0,1.0,36.6,2018
2.0,3.4,17.0,6.0,6900.0,1.0,56.0,2019
2.0,3.8,8.0,5.3,6900.0,1.0,32.6,2016
2.0,3.7,24.0,14.0,7000.0,1.0,36.0,2017
2.0,2.5,6.0,3.0,7000.0,1.0,27.6,2020
2.0,2.5,2.0,5.0,7000.0,1.0,35.6,2009
2.0,3.9,5.0,3.0,7230.0,1.0,30.2,2024
2.0,3.4,22.0,6.2,7199.0,1.0,31.2,2024
2.0,3.7,22.0,5.0,7200.0,1.0,33.8,2017
2.0,2.5,4.0,9.0,7400.0,1.0,37.7,2017
2.0,3.8,21.0,4.0,7500.0,1.0,22.7,2022
2.0,3.9,18.0,4.0,7800.0,1.0,34.2,2002
2.0,2.5,2.0,7.0,7955.0,1.0,43.2,2020
2.0,4.0,6.0,7.5,8100.0,1.0,51.9,2023
2.0,3.4,20.0,10.0,8550.0,1.0,38.0,2020
2.0,4.0,5.0,7.5,8600.0,1.0,51.6,2023
2.0,2.5,23.0,4.1,8650.0,1.0,30.0,2017
2.0,4.0,6.0,5.8,8900.0,1.0,59.34,2025
2.0,4.0,22.0,9.0,9200.0,1.0,36.0,2022
2.0,2.5,10.0,7.9,9500.0,1.0,39.5,2026
2.0,2.5,4.0,12.0,9500.0,1.0,60.0,2026
2.0,2.9,10.0,11.0,10500.0,1.0,55.2,2025
2.0,3.8,14.0,10.0,10899.0,1.0,42.0,2015
2.0,2.5,12.0,19.0,12000.0,1.0,49.0,2017
2.0,4.0,9.0,2.9,12300.0,1.0,31.0,2023
2.0,3.4,14.0,27.0,12400.0,1.0,135.0,2019
2.0,4.0,7.0,3.0,12500.0,1.0,53.5,2022
2.0,2.5,20.0,19.0,12500.0,1.0,49.0,2017
2.0,3.3,8.0,45.7,18500.0,1.0,117.2,2017
2.0,3.8,4.0,35.0,28500.0,1.0,186.9,1999
2.0,3.8,8.0,25.0,49000.0,1.0,130.0,2007
2.0,3.3,5.0,0.0,1680.0,1.0,20.1,1960
2.0,2.5,1.0,5.0,1680.0,1.0,24.97,2025
2.0,3.3,3.0,3.0,1750.0,1.0,16.5,1989
2.0,3.7,3.0,1.0,1760.0,1.0,14.3,2011
2.0,3.3,1.0,6.0,1799.0,1.0,18.0,2017
2.0,4.0,1.0,2.0,1800.0,1.0,15.0,2012
2.0,2.5,10.0,5.0,1870.0,1.0,39.35,2027
2.0,2.5,7.0,5.0,1860.0,1.0,32.47,2023
2.0,4.4,14.0,3.3,1899.0,1.0,19.4,2012
5.0,4.0,3.0,7.0,1855.0,1.0,17.0,2012
2.0,4.2,3.0,3.0,1999.0,1.0,18.0,1970
2.0,4.4,3.0,3.0,1990.0,1.0,20.0,2011
2.0,3.3,4.0,5.0,2000.0,1.0,18.0,1988
2.0,2.5,10.0,4.0,2000.0,1.0,24.97,2025
2.0,3.7,1.0,2.0,2000.0,1.0,23.0,1990
5.0,2.5,5.0,10.75,2000.0,1.0,39.35,2027
2.0,2.5,5.0,3.0,2050.0,1.0,39.0,2027
2.0,3.7,2.0,3.0,2050.0,1.0,16.0,1989
2.0,2.5,3.0,5.0,2050.0,1.0,33.0,2023
2.0,4.4,15.0,6.6,2100.0,1.0,19.6,2012
2.0,3.3,3.0,4.0,2100.0,1.0,23.8,2001
2.0,2.5,3.0,5.0,2100.0,1.0,39.02,2027
2.0,2.5,17.0,5.0,2100.0,1.0,25.0,2025
2.0,4.4,1.0,4.0,2190.0,1.0,19.4,2015
2.0,2.5,6.0,5.0,2170.0,1.0,25.0,2025
2.0,3.7,1.0,5.16,2150.0,1.0,25.8,1958
2.0,4.4,1.0,6.399999999999999,2200.0,1.0,22.4,2011
2.0,3.3,2.0,3.0,2200.0,1.0,25.0,1968
2.0,3.3,3.0,4.0,2200.0,1.0,17.0,1989
2.0,4.4,4.0,3.0,2200.0,1.0,19.1,2015
2.0,4.4,14.0,3.0,2200.0,1.0,21.1,2012
2.0,3.7,1.0,6.0,2200.0,1.0,30.8,2017
2.0,3.3,3.0,4.0,2235.0,1.0,24.4,1968
5.0,4.2,4.0,3.0,2200.0,1.0,15.0,1998
2.0,3.7,5.0,4.0,2200.0,1.0,20.0,2013
5.0,4.4,6.0,4.0,2200.0,1.0,19.4,2014
5.0,2.5,5.0,4.4,2200.0,1.0,39.35,2027
2.0,3.7,8.0,3.0,2260.0,1.0,19.3,2017
2.0,3.7,6.0,4.0,2250.0,1.0,19.9,2014
2.0,3.3,3.0,2.0,2269.0,1.0,17.0,1974
2.0,2.5,4.0,5.0,2280.0,1.0,30.88,2025
2.0,2.5,6.0,5.0,2290.0,1.0,24.67,2025
2.0,3.3,2.0,4.0,2260.0,1.0,24.5,1968
5.0,4.4,9.0,4.0,2280.0,1.0,19.5,2012
2.0,3.7,10.0,3.0,2300.0,1.0,19.7,2014
2.0,3.7,14.0,3.2,2300.0,1.0,19.2,2014
2.0,3.7,2.0,3.0,2300.0,1.0,19.4,2014
2.0,4.4,7.0,4.0,2300.0,1.0,18.0,2011
2.0,3.7,6.0,3.0,2300.0,1.0,20.0,2013
2.0,2.5,13.0,5.0,2320.0,1.0,25.0,2025
2.0,4.0,1.0,2.0,2300.0,1.0,15.0,2022
5.0,2.5,7.0,5.0,2300.0,1.0,33.58,2023
5.0,2.5,7.0,14.0,2300.0,1.0,39.0,2026
2.0,2.9,1.0,5.0,2350.0,1.0,17.9,1938
2.0,3.3,5.0,3.0,2380.0,1.0,17.5,2024
2.0,3.7,2.0,3.0,2350.0,1.0,21.4,2018
2.0,4.4,10.0,0.0,2390.0,1.0,19.3,2015
2.0,4.4,4.0,8.0,2400.0,1.0,18.8,2012
2.0,2.9,3.0,3.0,2400.0,1.0,19.8,2016
2.0,4.4,9.0,4.0,2400.0,1.0,19.1,2015
2.0,2.9,3.0,3.5,2400.0,1.0,17.4,1972
5.0,4.4,15.0,4.100000000000001,2400.0,1.0,18.1,2013
2.0,3.7,2.0,5.0,2480.0,1.0,21.0,2016
2.0,4.4,16.0,4.0,2450.0,1.0,22.0,2012
2.0,3.3,4.0,3.0,2480.0,1.0,18.0,1964
2.0,2.5,15.0,5.0,2480.0,1.0,24.7,2023
2.0,3.7,2.0,2.0,2500.0,1.0,19.4,2014
2.0,3.7,8.0,4.0,2530.0,1.0,20.0,2013
2.0,4.4,16.0,3.0,2500.0,1.0,20.4,2011
2.0,2.9,10.0,3.0,2500.0,1.0,19.5,2023
2.0,3.7,16.0,5.0,2530.0,1.0,22.2,2012
2.0,3.7,3.0,7.0,2520.0,1.0,31.0,2013
2.0,3.7,13.0,3.0,2500.0,1.0,22.0,2013
2.0,3.7,13.0,3.6,2500.0,1.0,18.0,2013
5.0,2.9,4.0,3.6,2500.0,1.0,18.0,2017
2.0,3.7,13.0,4.0,2500.0,1.0,20.0,2017
5.0,2.9,6.0,9.599999999999998,2500.0,1.0,19.4,2023
5.0,2.9,1.0,5.0,2500.0,1.0,25.0,1940
5.0,4.2,5.0,0.0,2500.0,1.0,18.9,1994
2.0,3.7,3.0,5.0,2590.0,1.0,34.0,2010
2.0,3.7,8.0,5.0,2590.0,1.0,21.0,2016
2.0,2.9,5.0,4.5600000000000005,2550.0,1.0,22.8,2017
2.0,3.7,2.0,6.600000000000001,2570.0,1.0,20.6,2015
2.0,3.7,4.0,4.5,2550.0,1.0,19.5,2013
2.0,4.4,17.0,8.399999999999999,2590.0,1.0,23.4,2013
5.0,3.7,4.0,4.1000000000000005,2580.0,1.0,20.5,2013
2.0,2.9,2.0,6.0,2600.0,1.0,18.0,2017
2.0,3.7,2.0,3.0,2600.0,1.0,31.0,2017
2.0,4.4,16.0,3.0,2600.0,1.0,22.5,2013
2.0,3.7,3.0,4.0,2600.0,1.0,24.0,2017
2.0,3.7,2.0,4.16,2600.0,1.0,20.8,2016
2.0,3.7,5.0,4.0,2600.0,1.0,20.0,2017
2.0,3.7,3.0,10.0,2670.0,1.0,17.8,1979
2.0,3.3,2.0,10.0,2650.0,1.0,27.0,1968
2.0,2.9,9.0,3.0,2680.0,1.0,22.0,2018
2.0,2.9,5.0,3.0,2650.0,1.0,22.0,2018
2.0,3.7,7.0,4.0,2700.0,1.0,20.7,2015
2.0,3.7,14.0,3.6,2700.0,1.0,23.8,2013
2.0,2.5,7.0,5.0,2700.0,1.0,33.0,2024
2.0,4.4,13.0,5.0,2700.0,1.0,26.0,2013
2.0,3.7,10.0,3.0,2745.0,1.0,20.0,2013
2.0,2.9,9.0,5.0,2700.0,1.0,22.3,2015
2.0,3.7,16.0,2.0,2740.0,1.0,25.0,2013
2.0,3.7,3.0,4.2,2700.0,1.0,21.0,2017
2.0,2.9,11.0,3.6200000000000006,2750.0,1.0,18.1,2024
2.0,3.9,5.0,3.0,2750.0,1.0,13.0,1958
2.0,4.2,5.0,11.600000000000001,2750.0,1.0,29.6,1994
2.0,2.5,3.0,5.0,2750.0,1.0,14.9,1944
2.0,2.5,6.0,5.0,2750.0,1.0,33.58,2025
2.0,2.5,6.0,5.0,2750.0,1.0,33.0,2020
2.0,2.5,10.0,5.0,2780.0,1.0,33.5,2020
2.0,4.4,12.0,4.0,2790.0,1.0,26.0,2015
5.0,2.5,3.0,2.9800000000000004,2750.0,1.0,14.9,1944
2.0,3.7,3.0,6.0,2800.0,1.0,21.0,2016
2.0,2.9,5.0,4.6,2800.0,1.0,22.4,2015
2.0,4.4,10.0,10.0,2800.0,1.0,27.7,2014
2.0,3.7,5.0,4.0,2800.0,1.0,20.8,2015
2.0,2.9,2.0,3.6,2800.0,1.0,18.2,2017
5.0,3.7,2.0,7.0,2800.0,1.0,27.0,2017
2.0,2.5,3.0,3.0,2850.0,1.0,33.58,2026
2.0,3.7,3.0,5.6,2850.0,1.0,35.3,2012
2.0,2.5,4.0,5.0,2850.0,1.0,32.47,2025
2.0,3.8,9.0,3.0,2890.0,1.0,16.5,1981
2.0,2.5,8.0,5.0,2880.0,1.0,39.02,2024
2.0,3.3,2.0,3.0,2855.0,1.0,24.2,1970
5.0,2.5,4.0,5.0,2850.0,1.0,33.0,2020
2.0,2.9,6.0,5.0,2900.0,1.0,24.0,2015
2.0,2.9,4.0,6.0,2900.0,1.0,21.0,2024
2.0,2.9,14.0,3.3,2945.0,1.0,22.7,2018
2.0,2.5,5.0,5.0,2900.0,1.0,39.02,2024
2.0,3.7,9.0,5.0,2900.0,1.0,20.6,2015
2.0,2.9,7.0,3.5,2900.0,1.0,22.4,2025
2.0,3.7,3.0,4.0,2900.0,1.0,16.2,1987
2.0,2.5,7.0,5.0,2900.0,1.0,33.0,2024
2.0,2.5,1.0,5.0,2750.0,1.0,31.7,1959
2.0,4.0,1.0,5.0,2350.0,1.0,31.6,2022
2.0,3.7,4.0,3.0,2940.0,1.0,25.0,2013
2.0,2.9,7.0,3.5,2900.0,1.0,22.5,2025
2.0,3.3,2.0,4.0,2935.0,1.0,25.4,1968
5.0,2.9,1.0,5.0,2900.0,1.0,24.9,2015
5.0,2.5,9.0,10.0,2900.0,1.0,39.0,2024
2.0,2.9,14.0,3.0,2950.0,1.0,22.7,2017
2.0,2.9,4.0,5.0,2950.0,1.0,21.0,2023
2.0,2.9,4.0,6.8,2950.0,1.0,24.1,2014
2.0,2.9,16.0,5.0,2950.0,1.0,21.0,2018
2.0,4.2,2.0,3.0,2950.0,1.0,31.0,2013
2.0,4.4,10.0,4.800000000000001,2950.0,1.0,24.0,2011
5.0,4.2,15.0,1.0,2950.0,1.0,31.0,1994
5.0,2.5,17.0,5.0,2950.0,1.0,32.0,2025
2.0,3.7,10.0,3.0,3000.0,1.0,20.0,2013
2.0,2.9,16.0,4.0,3000.0,1.0,20.9,2023
2.0,2.9,6.0,5.0,3000.0,1.0,24.2,2014
2.0,2.5,6.0,4.4,3000.0,1.0,39.02,2023
2.0,2.9,3.0,5.0,3000.0,1.0,26.5,2020
4.0,2.9,17.0,11.529999999999998,3020.0,1.0,23.83,2024
2.0,2.9,2.0,4.28,3000.0,1.0,21.4,2020
5.0,4.2,6.0,5.24,3036.0,1.0,26.2,2018
2.0,2.5,2.0,4.4,3070.0,1.0,39.02,2025
2.0,4.0,4.0,4.68,3090.0,1.0,23.4,1969
2.0,3.7,5.0,4.4799999999999995,3090.0,1.0,22.4,2014
2.0,4.0,8.0,4.512,3060.0,1.0,22.56,2026
2.0,4.4,16.0,5.28,3075.0,1.0,26.4,2013
2.0,2.5,10.0,8.0,3100.0,1.0,39.3,2024
2.0,3.7,7.0,11.0,3100.0,1.0,21.9,2016
2.0,3.7,8.0,5.0,3100.0,1.0,23.9,2013
2.0,3.7,17.0,6.0,3100.0,1.0,27.9,2024
2.0,3.7,6.0,3.0,3100.0,1.0,37.8,2020
2.0,4.0,7.0,3.0,3100.0,1.0,17.0,1970
2.0,3.7,10.0,6.0,3100.0,1.0,24.7,2019
2.0,2.5,5.0,5.0,3100.0,1.0,38.7,2024
2.0,3.3,3.0,5.0,3136.0,1.0,39.2,1968
5.0,2.9,15.0,3.1,3100.0,1.0,28.3,2021
5.0,2.5,6.0,4.4,3100.0,1.0,39.02,2024
2.0,2.5,6.0,4.0,3190.0,1.0,37.7,2024
2.0,3.7,1.0,10.0,3150.0,1.0,27.0,1968
2.0,2.9,10.0,7.0,3190.0,1.0,24.0,2020
2.0,3.7,1.0,5.0,3180.0,1.0,26.7,2005
2.0,4.2,1.0,5.0,3150.0,1.0,15.0,1980
4.0,2.9,1.0,10.75,3177.0,1.0,25.55,2025
2.0,3.7,5.0,10.0,3200.0,1.0,28.6,2011
2.0,3.9,1.0,9.0,3200.0,1.0,23.3,1986
2.0,3.7,10.0,12.600000000000001,3230.0,1.0,33.0,2017
2.0,3.7,9.0,5.0,3200.0,1.0,32.4,2023
2.0,3.7,17.0,4.0,3200.0,1.0,24.0,2016
2.0,3.7,2.0,6.0,3200.0,1.0,39.0,2014
2.0,2.9,4.0,5.0,3200.0,1.0,25.0,2015
2.0,3.7,3.0,3.0,3200.0,1.0,32.5,2023
2.0,4.0,12.0,11.0,3210.0,1.0,26.0,2026
2.0,3.7,5.0,5.0,3290.0,1.0,32.0,2023
2.0,3.7,9.0,5.0,3290.0,1.0,32.0,2020
2.0,3.7,10.0,4.0,3250.0,1.0,30.0,2017
2.0,3.7,3.0,3.0,3250.0,1.0,20.4,2024
2.0,2.9,9.0,5.0,3290.0,1.0,26.4,2024
2.0,2.9,7.0,4.0,3270.0,1.0,27.0,2019
5.0,3.7,3.0,5.0,3250.0,1.0,39.0,2018
2.0,3.7,4.0,10.0,3300.0,1.0,32.4,2024
2.0,3.7,10.0,5.0,3300.0,1.0,32.0,2024
2.0,2.9,4.0,3.0,3300.0,1.0,28.0,2013
2.0,3.7,9.0,5.0,3300.0,1.0,31.1,2016
2.0,2.5,8.0,5.0,3300.0,1.0,32.7,2012
2.0,2.9,8.0,3.5,3300.0,1.0,25.3,2025
2.0,2.9,10.0,3.6,3300.0,1.0,22.8,2017
2.0,3.3,13.0,3.0,3300.0,1.0,20.9,2010
2.0,3.7,2.0,6.0,3300.0,1.0,36.5,2018
2.0,3.7,15.0,5.0,3300.0,1.0,32.0,2024
2.0,2.9,2.0,4.0,3300.0,1.0,23.0,2023
2.0,2.5,8.0,10.399999999999999,3300.0,1.0,32.4,2010
2.0,3.7,8.0,7.0,3380.0,1.0,25.0,2024
2.0,2.5,5.0,7.0,3350.0,1.0,32.5,2012
2.0,2.5,8.0,5.0,3350.0,1.0,33.0,2011
2.0,2.9,7.0,3.0,3399.0,1.0,26.0,2017
2.0,2.5,2.0,5.0,3350.0,1.0,32.5,2020
2.0,3.3,1.0,3.0,3350.0,1.0,17.2,1989
2.0,2.9,8.0,5.0,3350.0,1.0,21.0,2015
2.0,4.0,6.0,5.44,3360.0,1.0,27.2,2027
5.0,2.9,17.0,5.3,3350.0,1.0,25.7,2024
2.0,4.4,25.0,5.0,3400.0,1.0,25.0,2020
2.0,2.5,5.0,5.0,3400.0,1.0,32.5,2013
2.0,3.3,4.0,6.0,3420.0,1.0,23.8,2016
2.0,2.9,10.0,4.0,3400.0,1.0,25.7,2017
2.0,3.3,12.0,4.0,3400.0,1.0,21.1,2015
2.0,3.2,18.0,6.800000000000001,3400.0,1.0,34.0,2023
2.0,2.9,2.0,5.0,3400.0,1.0,24.0,2014
5.0,2.9,11.0,2.0,3400.0,1.0,25.7,2020
2.0,2.5,5.0,10.0,3480.0,1.0,33.6,2014
2.0,3.3,17.0,5.0200000000000005,3499.0,1.0,25.1,2023
2.0,4.0,15.0,4.908,3450.0,1.0,24.54,2026
2.0,3.7,10.0,3.0,3450.0,1.0,39.0,2020
4.0,2.9,1.0,1.8,3490.0,1.0,22.0,2027
2.0,4.2,5.0,10.0,3500.0,1.0,30.0,2022
2.0,3.7,15.0,3.0,3500.0,1.0,27.0,2016
2.0,3.3,2.0,5.0,3500.0,1.0,29.4,2015
2.0,3.7,4.0,6.3,3500.0,1.0,29.8,2022
2.0,2.9,15.0,4.0,3500.0,1.0,20.0,2023
2.0,2.5,5.0,10.0,3500.0,1.0,32.0,2020
2.0,2.5,7.0,6.0,3500.0,1.0,32.6,2025
2.0,3.7,3.0,4.0,3540.0,1.0,28.6,2023
2.0,3.8,1.0,15.9,3500.0,1.0,86.0,2007
2.0,3.7,7.0,4.0,3500.0,1.0,30.7,2024
2.0,4.2,4.0,4.0,3500.0,1.0,30.0,2017
2.0,2.9,14.0,5.0,3500.0,1.0,25.7,2021
2.0,3.7,8.0,5.0,3500.0,1.0,25.0,2023
2.0,3.3,1.0,5.0,3500.0,1.0,23.0,2016
2.0,2.5,5.0,5.0,3500.0,1.0,39.0,2024
2.0,2.9,17.0,6.0,3500.0,1.0,27.0,2015
2.0,3.3,3.0,4.0,3500.0,1.0,24.7,1988
2.0,2.5,3.0,3.0,3500.0,1.0,18.6,2021
2.0,3.3,8.0,3.6,3500.0,1.0,23.5,2014
2.0,2.5,16.0,3.0,3500.0,1.0,25.0,2009
2.0,2.5,6.0,6.800000000000001,3520.0,1.0,34.0,2020
2.0,4.2,15.0,5.1,3500.0,1.0,30.0,2015
5.0,2.5,10.0,5.0,3500.0,1.0,33.0,2024
5.0,3.7,3.0,8.0,3500.0,1.0,38.0,2017
5.0,2.5,3.0,7.804000000000001,3500.0,1.0,39.02,2024
5.0,2.9,6.0,4.84,3500.0,1.0,24.2,2014
5.0,3.7,10.0,5.1,3500.0,1.0,30.6,2020
2.0,3.3,8.0,4.0,3590.0,1.0,26.6,2023
2.0,2.9,9.0,4.7,3550.0,1.0,21.2,2015
2.0,3.7,9.0,4.0,3580.0,1.0,29.2,2024
2.0,3.7,11.0,5.1,3599.0,1.0,30.0,2023
2.0,2.5,17.0,16.0,3550.0,1.0,28.0,2009
2.0,2.5,6.0,9.0,3550.0,1.0,33.0,2012
2.0,2.9,2.0,5.34,3577.0,1.0,26.7,2024
4.0,2.9,11.0,5.348,3579.0,1.0,26.74,2025
5.0,2.5,10.0,4.0,3590.0,1.0,32.4,2009
2.0,2.9,5.0,3.0,3600.0,1.0,24.2,2016
2.0,3.3,4.0,3.0,3600.0,1.0,21.2,2015
2.0,3.3,8.0,10.5,3600.0,1.0,23.1,2015
2.0,3.7,5.0,3.0,3600.0,1.0,23.8,2016
2.0,2.5,7.0,3.0,3600.0,1.0,33.6,2024
2.0,3.3,7.0,4.0,3600.0,1.0,26.6,2023
4.0,4.0,5.0,5.074000000000001,3627.0,1.0,25.37,2026
5.0,3.7,16.0,2.1000000000000014,3600.0,1.0,26.6,2022
2.0,2.9,4.0,5.0,3620.0,1.0,25.0,2015
5.0,2.9,9.0,3.0,3600.0,1.0,25.0,2015
5.0,2.9,12.0,10.0,3600.0,1.0,27.0,2019
2.0,2.9,16.0,6.0,3650.0,1.0,27.1,2025
2.0,3.7,4.0,12.0,3650.0,1.0,25.0,2024
2.0,3.3,8.0,5.0,3650.0,1.0,23.1,2015
2.0,3.7,8.0,6.0,3690.0,1.0,30.7,2023
2.0,2.5,10.0,5.0,3699.0,1.0,39.0,2024
2.0,3.7,21.0,5.0,3650.0,1.0,30.4,2023
4.0,4.0,6.0,5.16,3689.0,1.0,25.8,2026
2.0,2.9,3.0,5.508,3650.0,1.0,27.54,2025
4.0,2.9,4.0,5.508,3650.0,1.0,27.54,2025
2.0,2.9,1.0,5.6000000000000005,3650.0,1.0,28.0,2025
2.0,2.5,2.0,4.0,3700.0,1.0,25.4,2009
2.0,4.4,13.0,5.0,3700.0,1.0,20.7,2014
2.0,2.9,1.0,8.8,3700.0,1.0,23.8,2015
2.0,3.3,4.0,4.7,3700.0,1.0,26.3,2023
2.0,3.3,6.0,5.0,3700.0,1.0,21.3,2015
2.0,3.7,2.0,6.0,3700.0,1.0,31.0,2014
2.0,4.0,8.0,5.0,3700.0,1.0,30.4,2021
2.0,3.7,8.0,3.0,3740.0,1.0,38.4,2019
2.0,3.8,1.0,4.0,3700.0,1.0,58.0,2007
2.0,3.3,13.0,4.3,3700.0,1.0,23.5,2023
2.0,2.9,12.0,5.7540000000000004,3740.0,1.0,28.77,2024
2.0,4.0,1.0,3.0,3700.0,1.0,25.0,2021
5.0,4.0,9.0,0.0,3700.0,1.0,26.6,2021
5.0,3.3,6.0,4.0,3700.0,1.0,21.3,2015
2.0,3.4,8.0,3.0,3750.0,1.0,23.9,2025
2.0,2.5,5.0,5.0,3750.0,1.0,26.0,2013
2.0,4.0,10.0,3.0,3750.0,1.0,29.6,2014
2.0,2.5,7.0,5.0,3750.0,1.0,33.6,2023
2.0,3.8,5.0,3.0,3750.0,1.0,25.0,1932
5.0,2.9,6.0,3.3000000000000007,3750.0,1.0,29.0,2017
2.0,2.9,8.0,3.6,3770.0,1.0,18.0,2015
2.0,4.0,5.0,6.0,3800.0,1.0,24.3,2024
2.0,3.7,13.0,2.9,3800.0,1.0,29.2,2024
2.0,3.2,21.0,5.0,3800.0,1.0,33.0,2023
2.0,3.7,7.0,3.4,3800.0,1.0,27.0,2021
2.0,4.4,13.0,4.0,3800.0,1.0,24.0,2016
2.0,3.3,5.0,4.0,3800.0,1.0,27.5,2015
2.0,4.4,13.0,4.2,3800.0,1.0,19.3,2018
2.0,3.3,5.0,3.0,3800.0,1.0,23.0,2013
2.0,2.5,5.0,5.1,3800.0,1.0,26.1,2020
2.0,4.2,12.0,5.0,3800.0,1.0,28.5,2020
2.0,3.7,8.0,7.0,3800.0,1.0,50.0,2017
2.0,2.9,12.0,5.916,3845.0,1.0,29.58,2024
2.0,3.3,4.0,5.960000000000001,3800.0,1.0,29.8,2017
5.0,4.4,2.0,4.4,3800.0,1.0,22.0,2013
2.0,3.3,5.0,6.0,3850.0,1.0,35.0,2010
2.0,4.4,16.0,4.2,3850.0,1.0,18.9,2018
2.0,4.4,1.0,6.0,3890.0,1.0,24.7,2021
2.0,3.4,3.0,6.0,3890.0,1.0,28.0,2017
2.0,3.3,5.0,6.000000000000002,3850.0,1.0,21.1,2009
2.0,4.0,10.0,6.0,3850.0,1.0,29.6,2014
5.0,4.4,16.0,4.2,3850.0,1.0,18.9,2018
5.0,3.3,17.0,6.799999999999997,3890.0,1.0,27.4,2015
2.0,2.5,10.0,10.0,3900.0,1.0,33.0,2019
2.0,3.3,4.0,10.0,3900.0,1.0,31.0,2015
2.0,4.4,14.0,7.0,3900.0,1.0,24.2,2012
2.0,4.0,9.0,4.800000000000001,3900.0,1.0,24.0,2022
2.0,3.3,9.0,5.0,3900.0,1.0,22.1,2017
2.0,3.3,1.0,4.7,3900.0,1.0,24.5,2023
2.0,3.7,5.0,5.0,3900.0,1.0,27.5,2019
2.0,3.3,15.0,5.0,3900.0,1.0,28.1,2014
5.0,2.9,9.0,5.0,3900.0,1.0,25.0,2015
2.0,3.3,13.0,6.0,3900.0,1.0,30.4,2016
5.0,4.0,8.0,7.0,3900.0,1.0,24.0,2015
5.0,4.4,15.0,4.0,3900.0,1.0,28.0,2013
4.0,3.3,18.0,5.1,3932.0,1.0,24.8,2027
5.0,3.3,7.0,2.5,3900.0,1.0,29.1,2023
2.0,3.4,4.0,6.0,3990.0,1.0,30.0,2019
2.0,2.5,4.0,3.1,3950.0,1.0,26.32,2024
2.0,3.7,6.0,5.0,3999.0,1.0,38.0,2023
2.0,2.9,1.0,4.0,3950.0,1.0,25.0,2022
2.0,3.3,1.0,6.0,3950.0,1.0,29.2,2017
2.0,3.7,8.0,4.5,3950.0,1.0,28.8,2024
2.0,3.4,5.0,6.0,3990.0,1.0,23.0,2012
2.0,3.3,6.0,4.8,3950.0,1.0,27.6,2025
2.0,4.0,1.0,10.0,3990.0,1.0,30.0,2018
2.0,3.7,5.0,10.0,3990.0,1.0,38.2,2015
2.0,4.0,5.0,4.14,3960.0,1.0,20.7,2028
4.0,2.5,1.0,4.74,3986.0,1.0,23.7,2026
2.0,3.4,2.0,3.9200000000000004,3990.0,1.0,19.6,2027
4.0,3.4,2.0,2.8,3990.0,1.0,20.4,2027
2.0,2.9,9.0,3.0,4000.0,1.0,25.0,2014
2.0,2.9,16.0,10.9,4000.0,1.0,32.4,2015
2.0,3.7,19.0,3.0,4000.0,1.0,30.0,2018
2.0,3.8,1.0,3.0,4000.0,1.0,20.0,1932
2.0,4.2,1.0,10.0,4000.0,1.0,30.0,2014
2.0,3.7,7.0,5.0,4000.0,1.0,25.0,2018
2.0,2.5,7.0,14.0,4000.0,1.0,32.0,2010
2.0,3.3,7.0,14.8,4000.0,1.0,27.6,2025
2.0,3.3,17.0,4.0,4000.0,1.0,31.0,2014
2.0,3.7,13.0,3.0,4000.0,1.0,29.2,2025
2.0,3.3,3.0,5.0,4000.0,1.0,27.0,2019
2.0,3.3,4.0,6.0,4000.0,1.0,29.0,1971
2.0,2.9,7.0,5.0,4000.0,1.0,22.9,2023
2.0,2.9,5.0,5.0,4050.0,1.0,33.0,2016
2.0,2.9,15.0,6.0,4070.0,1.0,24.2,2022
2.0,3.7,23.0,10.0,4090.0,1.0,31.0,2024
2.0,2.9,5.0,4.800000000000001,4050.0,1.0,24.0,2015
2.0,3.4,15.0,3.0,4050.0,1.0,24.1,2013
2.0,3.3,5.0,5.0,4050.0,1.0,25.0,2024
2.0,3.4,18.0,5.0,4100.0,1.0,25.0,2020
2.0,4.0,10.0,4.0,4100.0,1.0,24.4,2021
2.0,3.7,6.0,5.0,4100.0,1.0,39.0,2019
2.0,3.7,22.0,5.0,4120.0,1.0,33.0,2025
2.0,3.3,3.0,6.0,4100.0,1.0,27.7,2025
2.0,4.0,17.0,5.074000000000001,4100.0,1.0,25.37,2026
4.0,4.4,4.0,5.0,4144.0,1.0,21.85,2026
2.0,3.4,1.0,4.74,4100.0,1.0,23.7,2027
2.0,2.5,4.0,3.1,4100.0,1.0,26.12,2020
5.0,2.5,4.0,5.5,4100.0,1.0,27.6,2011
4.0,2.5,1.0,4.68,4133.0,1.0,23.4,2026
2.0,3.7,5.0,5.0,4150.0,1.0,29.8,2015
2.0,2.5,9.0,5.0,4150.0,1.0,21.0,2023
2.0,2.5,5.0,3.5,4150.0,1.0,39.0,2014
2.0,2.5,8.0,3.0,4150.0,1.0,21.0,2023
2.0,2.9,8.0,6.0,4150.0,1.0,25.0,2024
2.0,3.4,5.0,5.0,4150.0,1.0,26.0,2025
2.0,2.5,15.0,4.0,4150.0,1.0,26.7,2025
2.0,4.0,16.0,5.242000000000001,4150.0,1.0,26.21,2026
4.0,2.9,2.0,6.654000000000001,4150.0,1.0,33.27,2025
2.0,3.7,9.0,5.0,4199.0,1.0,40.0,2022
4.0,2.9,1.0,6.734000000000001,4150.0,1.0,33.67,2025
5.0,4.2,3.0,5.0,4150.0,1.0,25.0,1994
2.0,3.3,8.0,5.0,4200.0,1.0,30.4,2016
2.0,2.5,1.0,4.0,4200.0,1.0,32.5,2010
2.0,2.5,1.0,4.0,4200.0,1.0,21.0,2023
2.0,3.7,18.0,6.0,4200.0,1.0,30.6,2023
2.0,3.3,12.0,3.0,4200.0,1.0,28.1,2018
2.0,3.3,8.0,8.0,4200.0,1.0,28.0,2018
2.0,2.5,1.0,3.0,4200.0,1.0,25.0,2011
2.0,2.5,1.0,6.0,4200.0,1.0,32.3,2014
2.0,2.9,6.0,2.0,4200.0,1.0,22.0,2015
2.0,3.7,13.0,3.0,4200.0,1.0,23.9,2016
2.0,3.3,6.0,5.0,4200.0,1.0,28.0,2024
2.0,3.7,10.0,5.0,4200.0,1.0,26.3,2023
2.0,3.7,18.0,5.2,4200.0,1.0,29.9,2019
2.0,3.3,1.0,5.84,4200.0,1.0,29.2,2027
4.0,2.9,1.0,5.0,4220.0,1.0,29.6,2027
4.0,2.9,5.0,2.1,4239.0,1.0,24.56,2027
2.0,3.3,12.0,4.960000000000001,4219.0,1.0,24.8,2027
2.0,3.7,1.0,7.800000000000001,4200.0,1.0,39.0,2024
2.0,3.3,7.0,6.2,4200.0,1.0,31.0,2017
2.0,3.3,5.0,5.36,4215.0,1.0,26.8,2028
5.0,3.7,17.0,5.3,4200.0,1.0,30.1,2015
5.0,3.7,9.0,1.3000000000000007,4200.0,1.0,29.0,2021
5.0,2.5,2.0,5.0,4200.0,1.0,32.4,2018
2.0,3.3,8.0,4.4,4250.0,1.0,27.83,2016
2.0,4.2,5.0,4.0,4250.0,1.0,27.2,2025
2.0,3.3,6.0,9.4,4255.0,1.0,32.0,2023
2.0,2.5,3.0,5.0,4250.0,1.0,26.6,2007
2.0,3.4,2.0,5.0,4250.0,1.0,27.5,2020
5.0,3.3,1.0,10.0,4250.0,1.0,41.0,2023
2.0,3.3,18.0,4.960000000000001,4274.0,1.0,24.8,2027
2.0,2.9,3.0,10.0,4300.0,1.0,24.8,2025
2.0,3.7,1.0,4.0,4300.0,1.0,25.0,2022
2.0,3.4,2.0,5.5,4300.0,1.0,30.9,2025
2.0,4.0,17.0,3.0,4300.0,1.0,35.5,2011
2.0,2.5,6.0,8.0,4300.0,1.0,39.0,2020
2.0,4.0,7.0,4.0,4320.0,1.0,23.0,2021
2.0,3.7,15.0,1.0,4300.0,1.0,22.7,2023
2.0,2.5,15.0,4.54,4349.0,1.0,22.7,2020
2.0,3.3,8.0,5.3,4300.0,1.0,30.4,2016
2.0,4.4,2.0,4.98,4320.0,1.0,24.9,2027
2.0,3.7,1.0,5.0,4300.0,1.0,29.0,2015
5.0,3.3,13.0,5.2,4300.0,1.0,26.0,2017
5.0,3.4,5.0,5.32,4300.0,1.0,26.6,2015
2.0,3.4,19.0,4.0,4390.0,1.0,24.8,2020
2.0,2.5,10.0,10.0,4350.0,1.0,38.4,2013
2.0,3.4,15.0,7.0,4390.0,1.0,23.4,2026
2.0,3.3,4.0,6.0,4350.0,1.0,32.5,2023
2.0,3.3,2.0,5.4,4375.0,1.0,27.0,2023
2.0,4.0,8.0,6.0,4390.0,1.0,28.0,2021
2.0,3.7,1.0,6.0,4390.0,1.0,34.8,2017
2.0,3.8,5.0,2.5,4369.0,1.0,20.99,2026
2.0,3.3,13.0,4.0,4350.0,1.0,28.0,2020
2.0,2.5,1.0,5.34,4352.0,1.0,26.7,2026
2.0,2.9,5.0,5.58,4355.0,1.0,27.9,2026
4.0,3.7,4.0,4.9,4350.0,1.0,27.2,2028
4.0,2.9,4.0,2.2,4398.0,1.0,26.01,2027
2.0,3.3,13.0,5.2,4400.0,1.0,30.25,2025
2.0,3.2,22.0,9.599999999999998,4439.0,1.0,28.9,2023
2.0,3.7,19.0,3.0,4420.0,1.0,30.1,2018
2.0,3.3,3.0,5.0,4430.0,1.0,27.6,2024
2.0,3.3,7.0,5.0,4400.0,1.0,26.2,2021
2.0,2.5,13.0,3.0,4400.0,1.0,26.7,2022
2.0,3.3,8.0,6.0,4430.0,1.0,30.0,2017
4.0,3.3,2.0,5.220000000000001,4410.0,1.0,26.1,2027
4.0,3.3,7.0,5.0200000000000005,4442.0,1.0,25.1,2027
2.0,3.7,17.0,8.020000000000001,4400.0,1.0,40.1,2024
5.0,3.7,14.0,4.0,4439.0,1.0,24.0,2021
5.0,3.4,14.0,4.62,4400.0,1.0,23.1,2026
2.0,4.4,7.0,4.8,4450.0,1.0,27.4,2016
2.0,2.9,6.0,5.0,4450.0,1.0,30.0,2014
2.0,3.2,3.0,4.0,4490.0,1.0,32.4,2024
2.0,3.2,19.0,11.5,4499.0,1.0,31.5,2023
2.0,3.3,1.0,4.0,4470.0,1.0,28.0,2024
2.0,3.3,11.0,5.84,4450.0,1.0,29.2,2027
2.0,4.0,12.0,5.84,4450.0,1.0,29.2,2010
2.0,4.0,12.0,5.84,4450.0,1.0,29.2,2010
2.0,3.7,17.0,6.0,4450.0,1.0,30.1,2016
2.0,2.9,2.0,5.6,4500.0,1.0,31.9,2017
2.0,2.5,10.0,5.0,4500.0,1.0,39.0,2024
2.0,3.3,8.0,4.0,4500.0,1.0,27.7,2017
2.0,2.9,8.0,6.0,4500.0,1.0,25.8,2010
2.0,2.9,16.0,5.0,4500.0,1.0,25.7,2006
2.0,2.9,1.0,4.0,4500.0,1.0,32.0,2024
2.0,4.0,18.0,3.0,4530.0,1.0,26.21,2025
2.0,3.7,6.0,2.6,4500.0,1.0,24.3,2017
2.0,3.3,4.0,5.6000000000000005,4500.0,1.0,28.0,2023
2.0,2.9,2.0,4.0,4500.0,1.0,31.9,2017
2.0,3.8,6.0,4.08,4500.0,1.0,20.4,2026
2.0,4.0,18.0,6.73,4540.0,1.0,33.65,2027
2.0,2.9,2.0,5.792000000000001,4522.0,1.0,28.96,2026
4.0,3.7,2.0,5.0,4500.0,1.0,29.3,2028
4.0,3.3,6.0,5.1,4503.0,1.0,30.5,2027
4.0,2.9,25.0,2.1,4544.0,1.0,24.43,2027
5.0,2.5,13.0,1.3200000000000003,4500.0,1.0,25.32,2023
5.0,2.9,8.0,5.0,4500.0,1.0,25.0,2024
5.0,2.9,24.0,12.299999999999997,4500.0,1.0,32.3,2025
2.0,3.7,5.0,10.0,4550.0,1.0,35.0,2021
2.0,3.3,3.0,5.44,4560.0,1.0,27.2,2017
2.0,2.5,14.0,8.0,4550.0,1.0,20.7,2023
2.0,3.3,2.0,3.4,4550.0,1.0,27.7,2024
2.0,2.5,2.0,5.0,4590.0,1.0,24.5,2024
2.0,3.3,2.0,4.8,4550.0,1.0,29.0,2025
2.0,3.3,8.0,13.5,4550.0,1.0,30.4,2016
4.0,3.3,2.0,5.0,4566.0,1.0,28.8,2027
4.0,3.4,8.0,5.0,4550.0,1.0,25.5,2027
4.0,4.0,12.0,5.84,4550.0,1.0,29.2,2010
2.0,3.4,8.0,5.1000000000000005,4550.0,1.0,25.5,2027
2.0,3.4,14.0,5.04,4550.0,1.0,25.2,2027
2.0,3.3,2.0,5.760000000000001,4566.0,1.0,28.8,2027
4.0,3.3,5.0,5.2,4580.0,1.0,29.35,2025
2.0,3.7,17.0,11.0,4590.0,1.0,47.0,2020
5.0,4.2,3.0,15.799999999999997,4550.0,1.0,37.9,2019
5.0,2.5,11.0,5.0,4550.0,1.0,20.25,2023
2.0,2.5,10.0,4.54,4600.0,1.0,22.7,2024
2.0,3.7,6.0,4.6,4600.0,1.0,41.2,2024
2.0,2.5,13.0,10.0,4600.0,1.0,25.32,2023
2.0,2.5,5.0,3.0,4600.0,1.0,21.5,2026
2.0,3.3,5.0,6.0,4600.0,1.0,28.0,2024
2.0,3.3,7.0,10.0,4610.0,1.0,27.1,2017
2.0,3.3,6.0,4.0,4600.0,1.0,28.9,2016
2.0,2.9,12.0,3.0,4600.0,1.0,23.92,2025
2.0,4.2,8.0,6.0,4600.0,1.0,29.5,2013
2.0,4.0,4.0,5.0,4600.0,1.0,29.1,2018
2.0,2.5,10.0,3.0,4600.0,1.0,22.0,2020
2.0,3.4,11.0,6.0,4600.0,1.0,30.0,2024
2.0,4.0,8.0,10.280000000000001,4612.0,1.0,31.28,2026
5.0,3.7,2.0,2.6000000000000014,4600.0,1.0,32.6,2025
4.0,3.3,2.0,5.0,4605.0,1.0,32.0,2027
2.0,3.7,15.0,5.720000000000001,4600.0,1.0,28.6,2024
4.0,4.4,3.0,5.0,4641.0,1.0,25.72,2026
5.0,4.0,13.0,5.2,4600.0,1.0,29.3,2023
2.0,3.4,7.0,5.0,4650.0,1.0,35.4,2015
2.0,3.3,1.0,8.0,4676.0,1.0,31.41,2024
2.0,3.7,9.0,4.0,4650.0,1.0,24.8,2023
2.0,3.3,16.0,3.0,4690.0,1.0,26.0,2017
4.0,3.3,1.0,5.34,4675.0,1.0,26.7,2027
2.0,2.5,5.0,10.0,4700.0,1.0,26.0,2023
2.0,3.3,1.0,5.800000000000001,4720.0,1.0,29.0,2024
2.0,4.0,9.0,9.0,4700.0,1.0,25.0,2022
2.0,2.9,1.0,4.0,4700.0,1.0,27.4,2021
2.0,2.9,9.0,3.0,4700.0,1.0,22.0,2015
2.0,3.7,2.0,3.0,4700.0,1.0,36.0,2013
2.0,3.2,25.0,6.0,4700.0,1.0,33.52,2023
2.0,4.4,7.0,3.0,4700.0,1.0,27.7,2016
2.0,2.5,5.0,4.64,4704.0,1.0,23.2,2025
2.0,3.4,21.0,5.5200000000000005,4700.0,1.0,27.6,2025
4.0,3.8,25.0,2.0,4735.0,1.0,20.15,2026
2.0,3.3,9.0,5.316,4700.0,1.0,26.58,2026
4.0,3.3,2.0,5.66,4726.0,1.0,28.3,2027
2.0,3.3,5.0,5.3,4700.0,1.0,22.7,2026
4.0,2.9,26.0,7.06,4730.0,1.0,35.3,2025
2.0,3.9,1.0,4.0,4790.0,1.0,21.3,2022
2.0,3.7,22.0,4.0,4777.0,1.0,31.0,2020
2.0,3.7,12.0,9.0,4750.0,1.0,33.0,2018
2.0,2.9,5.0,4.436,4790.0,1.0,22.18,2026
4.0,2.9,1.0,5.0,4780.0,1.0,32.4,2027
5.0,3.9,1.0,4.0,4790.0,1.0,21.3,2022
5.0,3.4,11.0,2.0,4750.0,1.0,38.3,2024
2.0,2.9,11.0,4.0,4800.0,1.0,27.6,2015
2.0,2.9,19.0,5.0,4800.0,1.0,26.71,2015
2.0,2.5,4.0,5.0,4800.0,1.0,21.8,2023
2.0,3.4,2.0,6.0,4800.0,1.0,27.0,2019
2.0,2.5,20.0,4.4,4800.0,1.0,22.0,2021
2.0,3.3,2.0,6.0,4830.0,1.0,30.0,2023
2.0,4.0,7.0,11.5,4823.0,1.0,31.3,2022
2.0,3.3,14.0,2.5,4800.0,1.0,26.8,2023
2.0,2.9,8.0,4.0,4800.0,1.0,25.9,2011
2.0,3.7,4.0,5.0,4800.0,1.0,34.4,2013
2.0,3.7,2.0,3.0,4800.0,1.0,36.0,2013
2.0,3.9,22.0,11.0,4800.0,1.0,25.0,2016
2.0,3.7,5.0,8.0,4800.0,1.0,37.98,2015
2.0,2.5,2.0,5.772,4848.0,1.0,28.86,2026
5.0,2.5,15.0,5.0,4800.0,1.0,32.6,2018
5.0,4.2,14.0,5.24,4800.0,1.0,26.2,2018
2.0,2.5,11.0,5.0,4890.0,1.0,32.1,2022
2.0,3.9,1.0,10.0,4850.0,1.0,16.0,2021
2.0,2.5,4.0,5.2,4850.0,1.0,27.7,2027
2.0,4.0,26.0,11.0,4899.0,1.0,31.0,2025
2.0,3.3,6.0,6.1000000000000005,4894.0,1.0,30.5,2027
4.0,3.8,19.0,2.0,4873.0,1.0,20.74,2026
2.0,2.5,2.0,4.3,4880.0,1.0,21.5,2028
2.0,3.7,8.0,20.200000000000003,4855.0,1.0,38.2,2014
2.0,3.3,2.0,5.284000000000001,4850.0,1.0,26.42,2026
2.0,3.7,15.0,6.24,4850.0,1.0,31.2,2024
2.0,3.3,7.0,6.0,4850.0,1.0,34.0,2012
4.0,4.0,15.0,5.338000000000001,4850.0,1.0,26.69,2023
2.0,3.3,13.0,8.0,4900.0,1.0,26.0,2025
2.0,2.9,16.0,10.0,4900.0,1.0,27.0,2017
2.0,3.7,2.0,3.0,4930.0,1.0,36.0,2013
2.0,2.5,3.0,3.0,4900.0,1.0,28.99,2026
2.0,2.9,4.0,4.0,4900.0,1.0,25.1,2026
2.0,3.4,4.0,5.120000000000001,4900.0,1.0,25.6,2026
2.0,2.9,10.0,4.0,4900.0,1.0,25.9,2011
2.0,2.5,5.0,4.4799999999999995,4900.0,1.0,22.4,2026
2.0,3.4,2.0,4.0,4900.0,1.0,31.6,2016
2.0,3.9,5.0,6.0,4900.0,1.0,18.0,2024
2.0,4.0,5.0,5.0,4900.0,1.0,31.4,2024
2.0,3.3,14.0,5.236000000000001,4900.0,1.0,26.18,2026
2.0,3.4,2.0,5.38,4900.0,1.0,26.9,2027
4.0,3.4,2.0,5.3,4900.0,1.0,26.6,2027
5.0,3.9,1.0,4.0,4900.0,1.0,16.0,2022
2.0,2.5,23.0,4.64,4910.0,1.0,23.2,2026
5.0,3.7,6.0,5.0,4900.0,1.0,44.0,2021
2.0,3.7,17.0,6.18,4900.0,1.0,30.9,2024
2.0,4.0,2.0,4.0,4990.0,1.0,33.28,2023
2.0,4.0,9.0,3.0,4980.0,1.0,30.4,2025
2.0,3.3,3.0,10.0,4950.0,1.0,27.0,2015
2.0,3.7,1.0,5.0,4950.0,1.0,25.9,2019
2.0,2.5,9.0,4.0,4950.0,1.0,23.1,2018
2.0,3.9,22.0,3.0,4950.0,1.0,25.0,2016
2.0,3.3,2.0,6.0,4990.0,1.0,30.0,2024
2.0,2.5,16.0,4.949999999999999,4990.0,1.0,21.15,2026
2.0,4.0,17.0,3.0,4950.0,1.0,26.49,2025
2.0,2.9,2.0,4.0,4950.0,1.0,32.9,2022
2.0,3.7,18.0,5.454000000000001,4950.0,1.0,27.27,2026
2.0,3.7,3.0,5.996,4950.0,1.0,29.98,2026
4.0,2.5,17.0,5.3,4998.0,1.0,24.56,2026
2.0,3.3,11.0,5.316,4950.0,1.0,26.58,2026
4.0,3.4,2.0,9.1,4990.0,1.0,30.2,2027
2.0,3.7,3.0,5.996,4950.0,1.0,29.98,2026
2.0,3.4,14.0,6.0,4990.0,1.0,30.0,2027
2.0,3.4,6.0,6.16,4990.0,1.0,30.8,2027
4.0,3.3,16.0,5.84,4950.0,1.0,29.2,2026
2.0,2.9,5.0,4.774,4990.0,1.0,23.87,2026
2.0,3.3,16.0,5.84,4950.0,1.0,29.2,2026
5.0,4.4,3.0,5.0,4990.0,1.0,27.0,2017
5.0,4.0,8.0,4.0,4990.0,1.0,28.0,2022
2.0,2.5,1.0,4.2,4999.0,1.0,21.0,2020
2.0,3.4,12.0,5.7,5000.0,1.0,21.15,2022
2.0,3.4,4.0,6.0,5000.0,1.0,27.0,2020
2.0,4.0,4.0,5.0,5000.0,1.0,23.0,2026
2.0,3.9,10.0,3.0,5000.0,1.0,26.0,2016
2.0,3.8,2.0,6.0,5000.0,1.0,43.3,1966
2.0,2.5,4.0,4.0,5000.0,1.0,46.6,2024
2.0,3.7,3.0,5.0,5000.0,1.0,34.83,2017
4.0,3.7,20.0,3.4,5000.0,1.0,27.51,2026
2.0,3.7,10.0,5.720000000000001,5000.0,1.0,28.6,2024
2.0,2.9,15.0,5.0,5049.0,1.0,24.0,2020
2.0,3.7,20.0,5.502000000000001,5000.0,1.0,27.51,2026
2.0,3.3,2.0,6.4,5005.0,1.0,32.0,2027
2.0,4.0,11.0,5.800000000000001,5000.0,1.0,29.0,2022
5.0,2.5,24.0,4.04,5000.0,1.0,20.2,2020
5.0,4.0,11.0,4.0,5000.0,1.0,30.0,2025
2.0,3.3,16.0,4.0,5085.0,1.0,29.0,2023
2.0,2.5,7.0,9.0,5050.0,1.0,36.5,2007
2.0,3.3,17.0,5.84,5050.0,1.0,29.2,2026
2.0,3.7,2.0,10.0,5100.0,1.0,34.2,2014
2.0,3.4,4.0,8.0,5100.0,1.0,24.0,2022
2.0,2.9,3.0,5.0,5100.0,1.0,26.5,2017
2.0,2.9,2.0,14.0,5100.0,1.0,32.1,2006
2.0,2.5,4.0,3.5,5100.0,1.0,28.2,2023
2.0,3.7,8.0,11.600000000000001,5130.0,1.0,27.1,2025
2.0,4.0,4.0,5.4,5100.0,1.0,27.0,2022
2.0,3.7,10.0,8.06,5100.0,1.0,40.3,2024
4.0,4.4,2.0,5.0,5106.0,1.0,28.38,2026
2.0,3.7,5.0,8.120000000000001,5100.0,1.0,40.6,2024
2.0,2.5,5.0,4.220000000000001,5100.0,1.0,21.1,2028
4.0,3.3,23.0,5.620000000000001,5100.0,1.0,28.1,2024
2.0,2.5,5.0,7.0,5100.0,1.0,35.0,2020
5.0,2.5,11.0,3.88,5100.0,1.0,19.4,2026
2.0,3.4,8.0,5.0,5150.0,1.0,21.1,2018
2.0,2.5,6.0,6.0,5150.0,1.0,24.4,2023
2.0,3.4,3.0,21.740000000000002,5170.0,1.0,34.84,2025
2.0,3.4,8.0,3.0,5150.0,1.0,24.0,2018
2.0,4.0,9.0,4.6,5180.0,1.0,24.31,2026
2.0,2.5,25.0,5.168,5190.0,1.0,25.84,2026
4.0,2.5,2.0,5.300000000000001,5167.0,1.0,26.5,2026
2.0,2.5,13.0,4.08,5190.0,1.0,20.4,2019
5.0,2.5,15.0,3.0,5150.0,1.0,24.0,2023
2.0,3.3,13.0,4.8,5199.0,1.0,26.4,2017
2.0,2.9,3.0,4.0,5200.0,1.0,26.9,2017
2.0,2.9,4.0,5.0,5202.0,1.0,29.2,2005
2.0,3.3,3.0,1.0,5200.0,1.0,23.3,2021
2.0,2.5,3.0,4.800000000000001,5200.0,1.0,24.0,2025
2.0,2.5,7.0,10.0,5200.0,1.0,27.0,2022
2.0,2.5,7.0,10.0,5200.0,1.0,27.5,2025
2.0,3.9,17.0,3.0,5222.0,1.0,24.3,2019
2.0,2.5,14.0,3.0,5200.0,1.0,28.8,2023
2.0,2.9,15.0,3.0,5200.0,1.0,24.9,2022
2.0,4.0,13.0,3.0,5200.0,1.0,27.79,2025
2.0,2.5,5.0,4.0,5200.0,1.0,28.9,2024
2.0,2.5,20.0,4.0,5249.0,1.0,24.4,2025
2.0,2.9,2.0,7.0,5240.0,1.0,41.3,2009
2.0,2.9,6.0,3.0,5200.0,1.0,26.0,2015
2.0,3.3,12.0,6.0,5200.0,1.0,28.1,2023
2.0,4.0,13.0,3.2,5200.0,1.0,28.0,2025
2.0,4.0,11.0,4.7,5200.0,1.0,23.5,2012
2.0,2.5,4.0,4.0,5200.0,1.0,27.0,2025
5.0,2.9,10.0,25.0,5200.0,1.0,40.0,2015
2.0,3.4,2.0,5.84,5200.0,1.0,29.2,2027
5.0,4.2,18.0,12.5,5200.0,1.0,30.8,2016
2.0,4.0,6.0,4.0,5299.0,1.0,34.1,2015
2.0,3.4,9.0,5.0,5250.0,1.0,27.2,2025
2.0,3.3,7.0,10.0,5290.0,1.0,37.69,2021
4.0,2.9,1.0,5.0,5280.0,1.0,38.1,2027
2.0,2.9,3.0,5.6,5290.0,1.0,26.7,2027
4.0,3.7,3.0,5.996,5250.0,1.0,29.98,2026
2.0,4.0,23.0,5.54,5250.0,1.0,27.7,2025
5.0,4.0,13.0,12.100000000000001,5250.0,1.0,27.1,2023
2.0,4.0,7.0,10.0,5300.0,1.0,30.0,2024
2.0,2.9,2.0,10.0,5300.0,1.0,27.0,2017
2.0,2.5,13.0,4.0,5300.0,1.0,27.0,2010
2.0,3.9,25.0,3.0,5300.0,1.0,23.8,2016
2.0,4.0,7.0,8.1,5300.0,1.0,28.1,2021
2.0,2.5,6.0,5.800000000000001,5300.0,1.0,29.0,2026
4.0,2.5,1.0,5.0,5310.0,1.0,21.56,2028
4.0,2.9,3.0,17.0,5300.0,1.0,29.3,2027
4.0,3.3,15.0,5.1,5340.0,1.0,27.5,2027
4.0,2.9,1.0,5.0,5310.0,1.0,38.1,2027
2.0,2.5,3.0,5.0,5330.0,1.0,25.0,2028
2.0,4.4,2.0,7.2,5300.0,1.0,36.0,2013
2.0,2.5,1.0,4.32,5310.0,1.0,21.6,2028
5.0,3.7,11.0,9.0,5333.0,1.0,33.0,2021
4.0,2.5,17.0,5.8,5334.0,1.0,26.22,2026
2.0,2.5,9.0,10.0,5350.0,1.0,31.0,2016
2.0,4.0,23.0,4.0,5350.0,1.0,27.1,2023
2.0,2.5,2.0,6.0,5390.0,1.0,24.6,2022
2.0,2.5,15.0,3.0,5390.0,1.0,23.6,2017
2.0,4.0,7.0,5.0,5380.0,1.0,29.5,2023
4.0,2.5,25.0,3.8,5350.0,1.0,32.41,2026
2.0,3.4,8.0,4.638000000000001,5350.0,1.0,23.19,2026
4.0,3.4,8.0,4.638000000000001,5350.0,1.0,23.19,2026
4.0,3.9,2.0,2.0,5396.0,1.0,17.6,2024
2.0,2.5,4.0,4.14,5360.0,1.0,20.7,2028
2.0,3.7,16.0,5.0,5400.0,1.0,24.6,2019
2.0,2.5,6.0,10.0,5400.0,1.0,31.0,2023
2.0,3.7,3.0,5.0,5400.0,1.0,24.0,2017
2.0,4.0,12.0,3.0,5430.0,1.0,24.8,2023
2.0,2.5,12.0,5.0,5445.0,1.0,25.7,2026
2.0,3.7,9.0,15.0,5400.0,1.0,30.0,2023
2.0,2.5,5.0,3.0,5400.0,1.0,23.7,2026
2.0,4.0,25.0,5.54,5400.0,1.0,27.7,2025
2.0,2.9,7.0,5.202000000000001,5440.0,1.0,26.01,2026
2.0,2.9,5.0,5.48,5402.0,1.0,27.4,2027
2.0,3.4,23.0,4.676,5400.0,1.0,23.38,2026
2.0,4.0,12.0,3.5,5450.0,1.0,25.0,2023
2.0,3.7,3.0,12.0,5450.0,1.0,43.3,2019
2.0,2.5,14.0,7.200000000000003,5490.0,1.0,26.1,2015
4.0,2.9,13.0,5.642,5450.0,1.0,28.21,2027
5.0,2.9,15.0,5.2,5480.0,1.0,24.3,2021
4.0,2.5,12.0,5.246,5490.0,1.0,26.23,2026
2.0,2.9,23.0,6.0,5500.0,1.0,26.2,2016
2.0,2.5,15.0,5.0,5500.0,1.0,24.0,2025
2.0,4.0,12.0,6.0,5590.0,1.0,37.3,2023
2.0,3.4,12.0,3.0,5500.0,1.0,20.0,2022
2.0,2.5,13.0,5.0,5500.0,1.0,23.3,2026
2.0,2.9,8.0,16.0,5500.0,1.0,34.4,2025
2.0,4.0,10.0,3.0,5555.0,1.0,27.0,2022
2.0,2.5,2.0,4.0,5500.0,1.0,28.0,2021
2.0,3.3,8.0,5.6,5500.0,1.0,23.3,2025
2.0,2.5,5.0,6.300000000000001,5500.0,1.0,23.3,2026
4.0,3.7,16.0,3.4,5520.0,1.0,27.51,2028
2.0,2.9,16.0,5.48,5589.0,1.0,27.4,2027
2.0,2.9,4.0,4.99,5500.0,1.0,24.95,2026
2.0,4.0,12.0,5.734000000000001,5510.0,1.0,28.67,2027
2.0,2.9,11.0,4.806000000000001,5500.0,1.0,24.03,2026
2.0,2.5,11.0,8.0,5500.0,1.0,40.2,2013
2.0,3.3,7.0,4.0,5550.0,1.0,32.0,2023
5.0,3.7,7.0,3.1,5500.0,1.0,26.7,2023
5.0,4.4,12.0,4.0,5500.0,1.0,37.0,2019
2.0,3.7,6.0,4.8,5610.0,1.0,48.9,2024
2.0,2.5,15.0,3.0,5600.0,1.0,22.52,2010
2.0,3.7,21.0,4.0,5600.0,1.0,28.2,2020
2.0,2.5,15.0,3.0,5600.0,1.0,23.6,2017
2.0,2.9,5.0,5.0,5600.0,1.0,35.2,2015
2.0,2.5,5.0,4.1,5600.0,1.0,28.91,2024
2.0,2.5,1.0,5.0,5600.0,1.0,29.0,2020
2.0,3.3,11.0,5.0,5600.0,1.0,26.1,2025
5.0,2.9,16.0,6.8,5600.0,1.0,45.7,2019
2.0,4.0,4.0,8.6,5650.0,1.0,39.9,2025
2.0,2.5,10.0,4.0,5650.0,1.0,29.9,2016
2.0,2.5,7.0,4.2,5650.0,1.0,21.0,2018
2.0,4.0,24.0,5.94,5650.0,1.0,29.7,2025
4.0,2.5,13.0,5.2,5650.0,1.0,25.9,2026
2.0,2.9,12.0,4.558,5690.0,1.0,22.79,2026
2.0,3.4,21.0,5.112,5650.0,1.0,25.56,2026
4.0,3.4,21.0,5.112,5650.0,1.0,25.56,2026
2.0,3.4,19.0,5.112,5650.0,1.0,25.56,2026
2.0,2.5,22.0,7.0,5700.0,1.0,33.0,2025
2.0,4.0,7.0,5.2,5700.0,1.0,21.3,2025
2.0,4.0,17.0,6.6,5700.0,1.0,35.0,2018
2.0,2.5,4.0,8.0,5700.0,1.0,27.0,2020
2.0,2.9,15.0,4.5,5700.0,1.0,35.2,2015
2.0,4.0,19.0,6.1000000000000005,5700.0,1.0,30.5,2025
5.0,2.5,12.0,5.0,5700.0,1.0,25.4,2023
5.0,3.3,6.0,2.539999999999999,5700.0,1.0,27.04,2016
5.0,4.0,7.0,5.2,5700.0,1.0,21.3,2025
2.0,2.9,6.0,5.54,5790.0,1.0,27.7,2026
4.0,2.9,7.0,15.3,5790.0,1.0,29.8,2027
5.0,3.4,5.0,5.0,5750.0,1.0,31.0,2025
2.0,2.9,3.0,9.0,5800.0,1.0,32.0,2012
2.0,2.9,22.0,15.0,5800.0,1.0,28.0,2024
2.0,2.5,7.0,10.0,5800.0,1.0,30.0,2019
2.0,4.0,10.0,5.0,5800.0,1.0,26.7,2012
2.0,2.9,22.0,15.0,5800.0,1.0,28.0,2024
2.0,2.5,5.0,3.0,5800.0,1.0,24.0,2010
2.0,4.0,25.0,6.6000000000000005,5800.0,1.0,33.0,2013
2.0,2.5,2.0,2.9,5830.0,1.0,24.42,2025
2.0,4.0,22.0,5.0,5800.0,1.0,35.0,2022
2.0,3.4,8.0,5.2,5800.0,1.0,26.0,2019
2.0,2.5,8.0,4.0,5800.0,1.0,27.0,2020
2.0,3.9,7.0,6.4,5800.0,1.0,32.0,2016
2.0,2.5,6.0,4.84,5830.0,1.0,24.2,2026
4.0,2.5,10.0,5.798,5800.0,1.0,28.99,2026
2.0,4.0,24.0,6.08,5800.0,1.0,30.4,2025
5.0,2.5,2.0,0.0,5805.0,1.0,24.0,2021
2.0,2.9,6.0,8.6,5850.0,1.0,29.1,2023
2.0,4.0,17.0,4.0,5850.0,1.0,35.5,2022
2.0,2.5,14.0,10.0,5850.0,1.0,30.6,2017
2.0,3.8,21.0,4.0,5885.0,1.0,29.0,2021
2.0,3.7,24.0,5.79,5990.0,1.0,28.95,2021
2.0,3.8,7.0,7.399999999999999,5900.0,1.0,22.7,2021
2.0,3.4,15.0,5.0,5990.0,1.0,30.0,2023
2.0,4.0,12.0,4.4,5990.0,1.0,27.3,2023
4.0,2.9,1.0,5.0,5989.0,1.0,29.5,2026
4.0,2.9,4.0,5.0,5993.0,1.0,27.7,2026
4.0,4.2,8.0,7.5,5990.0,1.0,25.57,2028
5.0,4.0,26.0,5.0,5940.0,1.0,30.3,2024
2.0,3.4,15.0,6.38,5901.0,1.0,31.9,2027
2.0,4.0,1.0,5.640000000000001,5900.0,1.0,28.2,2028
2.0,3.9,15.0,7.0,5950.0,1.0,32.0,2022
2.0,4.0,15.0,6.224,5970.0,1.0,31.12,2027
2.0,2.5,2.0,4.88,5900.0,1.0,24.4,2028
5.0,4.0,7.0,6.0,5999.0,1.0,25.4,2021
5.0,2.5,14.0,5.0,5990.0,1.0,30.0,2023
5.0,2.5,12.0,4.5,5998.0,1.0,28.5,2020
2.0,3.4,7.0,6.38,5901.0,1.0,31.9,2027
2.0,3.3,12.0,5.6,6000.0,1.0,26.0,2025
2.0,3.9,14.0,5.0,6000.0,1.0,28.8,2016
2.0,3.4,9.0,5.0,6000.0,1.0,27.3,2025
2.0,3.8,3.0,3.1,6000.0,1.0,31.2,1963
2.0,2.5,21.0,4.4,6000.0,1.0,27.5,2024
2.0,4.2,3.0,4.0,6000.0,1.0,24.6,2019
2.0,4.0,15.0,4.498,6000.0,1.0,22.49,2026
5.0,2.5,19.0,12.8,6000.0,1.0,24.64,2018
5.0,2.9,7.0,3.0,6000.0,1.0,25.5,2020
5.0,2.5,3.0,4.2,6000.0,1.0,21.0,2021
2.0,4.2,7.0,5.0,6070.0,1.0,28.2,2018
4.0,3.3,9.0,5.4,6050.0,1.0,33.4,2027
4.0,3.3,8.0,5.4,6050.0,1.0,33.5,2027
2.0,4.0,16.0,4.602,6050.0,1.0,23.01,2026
5.0,4.0,4.0,10.0,6050.0,1.0,35.0,2022
2.0,2.5,12.0,5.6000000000000005,6050.0,1.0,28.0,2020
2.0,3.4,11.0,7.1000000000000005,6070.0,1.0,35.5,2027
2.0,3.4,15.0,7.0200000000000005,6072.0,1.0,35.1,2027
2.0,3.4,2.0,5.0,6100.0,1.0,31.9,2014
2.0,3.7,5.0,32.0,6100.0,1.0,34.0,2021
4.0,2.9,8.0,15.260000000000002,6109.0,1.0,29.26,2027
2.0,2.9,8.0,5.852,6109.0,1.0,29.26,2027
5.0,4.0,1.0,14.0,15250.0,3.0,75.0,2019
2.0,3.4,13.0,10.0,6640.0,1.0,37.0,2007
2.0,3.8,4.0,3.7,6150.0,1.0,29.2,2025
2.0,3.7,3.0,6.4,6190.0,1.0,32.0,2016
4.0,4.0,1.0,5.98,6150.0,1.0,29.9,2028
2.0,4.0,1.0,5.98,6150.0,1.0,29.9,2028
2.0,2.5,18.0,6.0,6200.0,1.0,36.4,2027
2.0,2.5,4.0,5.0,6230.0,1.0,30.3,2022
2.0,3.4,5.0,9.0,6200.0,1.0,27.0,2025
2.0,4.0,9.0,20.0,6200.0,1.0,29.0,1977
2.0,3.4,12.0,4.0,6290.0,1.0,28.6,2025
2.0,2.5,5.0,4.1,6250.0,1.0,30.0,2023
2.0,2.5,10.0,5.0,6200.0,1.0,25.0,2025
2.0,2.5,13.0,3.6000000000000014,6250.0,1.0,31.5,2023
2.0,3.8,6.0,5.0,6200.0,1.0,28.0,2016
4.0,4.2,3.0,7.0,6290.0,1.0,27.25,2028
4.0,2.9,5.0,15.7,6290.0,1.0,33.5,2027
4.0,2.9,11.0,5.0,6253.0,1.0,27.7,2026
4.0,2.9,13.0,5.0,6296.0,1.0,29.1,2026
4.0,2.5,13.0,5.54,6232.0,1.0,27.7,2025
4.0,3.4,2.0,4.4,6200.0,1.0,46.5,2027
2.0,3.4,2.0,9.14,6200.0,1.0,45.7,2027
2.0,2.9,3.0,6.064,6230.0,1.0,30.32,2027
2.0,2.9,4.0,6.064,6249.0,1.0,30.32,2027
2.0,3.7,8.0,8.0,6200.0,1.0,32.0,2017
5.0,3.4,5.0,5.4,6200.0,1.0,27.0,2025
5.0,2.5,10.0,8.0,6250.0,1.0,27.9,2026
2.0,3.3,5.0,10.0,6300.0,1.0,30.0,1993
2.0,3.8,3.0,4.0,6300.0,1.0,27.9,2014
2.0,3.9,4.0,5.4,6320.0,1.0,27.0,2023
2.0,2.9,3.0,7.800000000000001,6300.0,1.0,39.0,2018
2.0,4.0,13.0,4.602,6300.0,1.0,23.01,2026
2.0,4.0,19.0,4.498,6300.0,1.0,22.49,2026
5.0,3.7,11.0,4.0,6300.0,1.0,23.5,2025
4.0,3.9,13.0,4.1,6303.0,1.0,23.4,2028
4.0,2.5,6.0,16.58,6340.0,1.0,30.58,2026
2.0,3.8,21.0,3.0,6350.0,1.0,28.3,2015
2.0,3.8,18.0,4.0,6350.0,1.0,28.4,2019
2.0,3.9,3.0,4.0,6350.0,1.0,27.2,2023
2.0,4.2,6.0,6.0,6370.0,1.0,28.0,2018
5.0,2.5,4.0,6.0,6350.0,1.0,31.0,2022
4.0,3.4,17.0,6.198,6350.0,1.0,30.99,2026
2.0,3.4,17.0,6.198,6350.0,1.0,30.99,2026
4.0,4.2,2.0,9.120000000000001,6350.0,1.0,23.82,2026
2.0,4.0,25.0,5.0,6499.0,1.0,39.1,2021
2.0,4.2,8.0,9.0,6400.0,1.0,40.0,1994
2.0,2.5,9.0,5.482,6400.0,1.0,27.41,2026
2.0,3.4,11.0,9.3,6400.0,1.0,46.5,2027
2.0,3.7,15.0,10.2,6400.0,1.0,31.4,2016
5.0,4.0,18.0,6.440000000000001,6400.0,1.0,32.2,2020
2.0,3.4,18.0,6.198,6400.0,1.0,30.99,2026
2.0,4.2,6.0,10.0,6500.0,1.0,28.0,2019
2.0,4.0,5.0,3.7,6500.0,1.0,29.0,2023
2.0,3.3,21.0,5.0,6500.0,1.0,24.4,2025
2.0,2.5,1.0,10.0,6500.0,1.0,27.0,1919
2.0,3.7,13.0,5.0,6500.0,1.0,30.0,2017
2.0,3.8,8.0,3.0,6500.0,1.0,24.0,2021
2.0,3.4,16.0,8.0,6500.0,1.0,27.0,2025
2.0,4.2,4.0,3.0,6500.0,1.0,29.0,2019
2.0,2.5,13.0,5.3,6500.0,1.0,36.4,2024
2.0,2.5,6.0,2.0,6500.0,1.0,32.0,2021
2.0,2.5,9.0,5.806000000000001,6500.0,1.0,29.03,2026
5.0,2.5,11.0,5.048,6500.0,1.0,25.24,2020
5.0,2.5,12.0,9.6,8500.0,1.0,50.0,2001
2.0,4.0,10.0,5.4,6850.0,1.0,35.1,2023
5.0,2.5,10.0,10.7,7200.0,1.0,37.2,2014
2.0,2.5,2.0,8.0,6200.0,1.0,33.9,2000
5.0,2.5,21.0,10.3,6400.0,1.0,41.0,2022
2.0,2.5,3.0,15.2,12500.0,3.0,75.7,2018
5.0,2.9,1.0,5.0,4700.0,1.0,27.4,2021
2.0,3.4,15.0,17.1,8000.0,1.0,43.1,2019
2.0,2.5,5.0,25.700000000000003,7800.0,1.0,45.7,2016
2.0,2.5,10.0,3.0,5100.0,1.0,24.0,2024
4.0,4.0,7.0,6.96,5800.0,1.0,34.8,2028
2.0,3.7,12.0,6.0,6700.0,1.0,25.2,2024
2.0,2.9,2.0,5.6,3100.0,1.0,32.0,1965
4.0,2.5,19.0,4.9,6125.0,1.0,24.5,2028
2.0,4.0,17.0,12.7,7500.0,1.0,36.9,2021
2.0,3.7,4.0,2.0,3300.0,1.0,24.6,1979
4.0,3.3,2.0,7.440000000000001,6510.0,1.0,37.2,2027
2.0,3.3,7.0,17.0,10000.0,1.0,47.5,2023
5.0,2.9,2.0,7.5,4400.0,1.0,31.5,1961
4.0,4.0,5.0,13.3,5690.0,1.0,34.2,2028
2.0,2.5,8.0,6.0,4200.0,1.0,30.0,2020
2.0,3.7,5.0,6.0,3100.0,1.0,33.0,1983
4.0,3.4,11.0,18.2,9360.0,1.0,43.23,2028
2.0,3.8,5.0,6.0,4900.0,1.0,29.0,1972
2.0,2.5,9.0,7.0,2550.0,1.0,39.35,2027
4.0,2.5,20.0,7.720000000000001,8685.0,1.0,38.6,2028
2.0,3.9,7.0,6.0,5600.0,1.0,34.5,1977
4.0,3.8,7.0,17.3,25000.0,1.0,45.0,2022
4.0,4.0,6.0,7.28,5820.0,1.0,36.4,2028
2.0,2.5,5.0,13.8,4800.0,1.0,48.5,2024
4.0,2.9,8.0,27.1,4680.0,1.0,44.5,2024
4.0,4.0,6.0,9.82,8893.0,1.0,49.1,2026
2.0,4.0,12.0,6.1,5585.0,1.0,37.7,2023
4.0,2.9,1.0,28.299999999999997,4300.0,1.0,37.4,2022
4.0,3.4,7.0,9.258000000000001,9500.0,1.0,46.29,2028
2.0,3.7,12.0,10.0,4999.0,1.0,37.7,2019
2.0,3.4,4.0,6.0,3100.0,1.0,28.4,2019
2.0,2.9,5.0,8.074,7290.0,1.0,40.37,2026
2.0,2.5,16.0,3.0,4990.0,1.0,21.01,2026
2.0,2.5,1.0,12.1,4300.0,1.0,42.2,2012
4.0,2.5,2.0,17.3,10647.0,1.0,45.98,2027
2.0,2.9,8.0,23.0,5100.0,1.0,48.8,2022
2.0,2.5,7.0,13.9,4600.0,1.0,54.1,2009
2.0,3.3,1.0,10.1,5050.0,1.0,34.4,2014
2.0,4.2,6.0,7.0,4650.0,1.0,37.0,1990
4.0,4.0,4.0,9.1,8300.0,1.0,45.5,2026
2.0,4.0,15.0,9.0,9000.0,1.0,46.0,2022
2.0,2.5,3.0,28.6,4700.0,1.0,53.6,2020
4.0,2.9,1.0,32.45,9596.0,1.0,46.85,2026
2.0,2.5,1.0,11.0,6990.0,1.0,48.7,2024
2.0,2.5,5.0,9.0,4700.0,1.0,37.3,2020
4.0,3.4,3.0,7.542000000000001,9180.0,1.0,37.71,2028
2.0,2.9,8.0,9.3,5940.0,1.0,38.83,2020
2.0,3.8,2.0,5.0,4969.0,1.0,32.2,1966
4.0,3.3,3.0,8.4,7350.0,1.0,42.0,2027
2.0,4.0,10.0,5.4,6850.0,1.0,35.1,2023
2.0,3.4,1.0,6.0,5500.0,1.0,29.0,1979
4.0,4.0,6.0,18.7,7400.0,1.0,39.8,2028
2.0,4.0,12.0,14.2,7595.0,1.0,48.4,2023
2.0,3.3,8.0,9.0,5780.0,1.0,44.2,2017
4.0,2.9,10.0,24.459999999999997,8803.0,1.0,36.26,2026
3.0,2.5,21.0,4.0,12350.0,1.0,43.7,2020
2.0,2.5,7.0,5.0,8300.0,1.0,46.0,2020
4.0,3.3,16.0,8.58,7202.0,1.0,42.9,2027
2.0,2.5,6.0,13.8,3200.0,1.0,48.9,2023
2.0,2.9,3.0,7.698,6990.0,1.0,38.49,2026
2.0,3.7,7.0,9.0,2900.0,1.0,32.3,1989
4.0,3.3,17.0,8.08,6865.0,1.0,40.4,2027
2.0,3.3,9.0,9.0,4100.0,1.0,38.4,2017
2.0,4.2,7.0,7.0,1400.0,1.0,10.4,1972
4.0,4.0,21.0,12.0,9650.0,1.0,42.8,2028
2.0,3.4,1.0,6.0,2800.0,1.0,32.0,2019
4.0,4.0,8.0,4.990000000000002,6750.0,1.0,23.69,2026
2.0,2.5,9.0,5.0,3960.0,1.0,28.0,2024
2.0,3.7,5.0,6.0,3220.0,1.0,30.1,2017
4.0,3.3,8.0,8.16,6933.0,1.0,40.8,2027
2.0,4.2,9.0,6.106000000000001,7290.0,1.0,30.53,2028
4.0,4.0,26.0,4.960000000000001,8900.0,1.0,23.46,2026
2.0,3.4,3.0,8.5,3165.0,1.0,36.8,1993
4.0,4.0,12.0,11.7,8775.0,1.0,39.9,2028
2.0,2.9,2.0,8.7,4250.0,1.0,37.5,2005
4.0,4.0,2.0,7.420000000000001,5900.0,1.0,37.1,2023
4.0,4.0,16.0,12.2,10300.0,1.0,48.6,2026
2.0,3.3,2.0,6.2,3100.0,1.0,28.4,1962
4.0,2.5,8.0,17.3,11200.0,1.0,47.66,2027
2.0,3.7,5.0,6.0,2670.0,1.0,27.0,2015
2.0,3.7,6.0,10.2,3480.0,1.0,32.9,2017
2.0,3.4,1.0,8.0,3200.0,1.0,32.7,1959
4.0,3.7,6.0,18.0,6550.0,1.0,46.48,2026
2.0,3.7,1.0,13.7,3470.0,1.0,48.1,2017
2.0,2.9,5.0,10.0,3200.0,1.0,31.9,1965
4.0,2.5,8.0,15.0,11505.0,1.0,37.64,2027
2.0,4.2,1.0,12.0,3500.0,1.0,43.4,2024
2.0,3.4,5.0,6.5,3430.0,1.0,30.4,1961
4.0,3.7,4.0,16.1,6470.0,1.0,40.3,2028
2.0,2.9,1.0,10.1,3500.0,1.0,39.4,1993
2.0,3.4,5.0,6.0,3499.0,1.0,32.4,2019
4.0,3.3,7.0,10.7,4947.0,1.0,37.0,2028
2.0,4.0,1.0,4.0,3590.0,1.0,31.2,1958
2.0,3.7,5.0,9.0,3500.0,1.0,36.1,2017
4.0,4.0,1.0,25.5,12000.0,1.0,73.09,2026
2.0,2.5,11.0,11.0,3580.0,1.0,40.0,2013
2.0,3.7,8.0,9.0,3500.0,1.0,33.0,1978
4.0,4.0,9.0,5.010000000000002,7700.0,1.0,29.21,2026
2.0,2.9,7.0,7.1,3600.0,1.0,34.0,1966
2.0,3.7,1.0,7.0,3500.0,1.0,33.0,1975
4.0,3.4,10.0,5.19,5709.0,1.0,25.95,2025
2.0,3.7,2.0,10.0,3650.0,1.0,37.8,2017
2.0,3.4,5.0,9.0,3500.0,1.0,35.5,1993
4.0,3.8,3.0,12.520000000000001,11770.0,1.0,62.6,2026
2.0,3.7,9.0,10.0,3700.0,1.0,31.7,1986
2.0,3.7,3.0,10.0,3500.0,1.0,34.6,1982
4.0,3.9,6.0,9.780000000000001,11300.0,1.0,48.9,2024
2.0,3.3,1.0,5.5,2400.0,1.0,28.1,1960
2.0,2.9,1.0,4.5,2850.0,1.0,31.0,1958
4.0,3.8,27.0,22.6,14240.0,1.0,80.83,2026
2.0,4.2,4.0,5.0,2700.0,1.0,28.6,1985
2.0,3.4,4.0,6.4,3100.0,1.0,32.0,2019
4.0,2.5,3.0,8.0,6215.0,1.0,40.0,2027
2.0,3.7,2.0,8.0,2900.0,1.0,31.2,2013
2.0,4.0,2.0,5.0,7000.0,1.0,58.2,2022
4.0,3.7,6.0,9.9,5900.0,1.0,39.51,2026
2.0,3.7,6.0,5.6,3000.0,1.0,25.9,2015
2.0,3.7,3.0,7.0,2600.0,1.0,30.3,2013
4.0,3.8,30.0,16.574,17900.0,1.0,82.87,2027
2.0,4.0,1.0,5.0,3085.0,1.0,22.1,1969
2.0,3.7,3.0,9.0,2970.0,1.0,31.0,1990
4.0,4.0,23.0,11.6,8976.0,1.0,30.88,2026
2.0,2.9,1.0,5.0,3150.0,1.0,29.4,1977
2.0,3.7,4.0,3.0,2350.0,1.0,24.1,1975
4.0,3.3,3.0,9.7,4481.0,1.0,32.6,2028
2.0,4.0,7.0,6.0,3330.0,1.0,28.5,2014
2.0,2.9,1.0,5.9,3100.0,1.0,28.3,1968
4.0,3.3,4.0,13.6,5400.0,1.0,34.04,2025
2.0,3.7,3.0,6.0,3350.0,1.0,29.0,2017
2.0,3.7,4.0,5.7,3100.0,1.0,32.3,1976
4.0,3.3,4.0,9.9,4513.0,1.0,33.6,2028
2.0,3.7,4.0,6.0,2790.0,1.0,30.0,1973
4.0,3.7,2.0,5.0,5250.0,1.0,30.5,2028
2.0,2.9,4.0,6.0,2990.0,1.0,28.8,1976
4.0,3.7,4.0,5.0,5500.0,1.0,30.4,2028
2.0,3.4,2.0,8.0,3700.0,1.0,33.0,2019
4.0,3.4,11.0,7.050000000000001,7050.0,1.0,35.25,2025
2.0,4.0,4.0,12.599999999999998,3650.0,1.0,30.7,2022
4.0,3.7,2.0,19.3,6700.0,1.0,42.8,2028
2.0,3.4,4.0,6.0,3270.0,1.0,29.2,1975
4.0,3.3,3.0,10.7,4896.0,1.0,37.5,2028
2.0,2.9,9.0,10.0,3990.0,1.0,42.0,1994
2.0,2.9,2.0,5.9,2850.0,1.0,28.1,1969
4.0,3.8,14.0,2.0,10285.0,1.0,37.54,2026
2.0,3.4,13.0,10.0,7500.0,1.0,40.0,2024
4.0,3.3,13.0,12.9,4736.0,1.0,36.1,2028
2.0,3.7,5.0,6.1,3000.0,1.0,33.1,1971
4.0,3.7,18.0,18.0,7270.0,1.0,46.26,2026
2.0,3.7,3.0,6.0,2450.0,1.0,28.4,2013
4.0,2.9,2.0,11.9,7984.0,1.0,41.8,2026
2.0,3.3,2.0,2.0,1970.0,1.0,20.3,2005
2.0,4.2,2.0,6.0,6500.0,1.0,32.0,1994
4.0,3.7,6.0,13.7,7110.0,1.0,46.59,2026
2.0,3.4,3.0,6.0,4000.0,1.0,32.0,2019
2.0,2.5,20.0,7.964,6132.0,1.0,39.82,2025
4.0,3.4,15.0,8.046,7844.0,1.0,40.23,2025
2.0,3.7,1.0,17.0,4620.0,1.0,44.0,2017
4.0,3.7,23.0,9.7,6910.0,1.0,39.31,2026
2.0,4.4,4.0,12.0,3800.0,1.0,39.5,2014
2.0,3.7,3.0,5.0,3100.0,1.0,29.0,2017
2.0,2.5,19.0,8.234,6340.0,1.0,41.17,2026
2.0,4.0,8.0,15.8,7350.0,1.0,43.8,2024
2.0,3.7,4.0,6.3,3199.0,1.0,32.6,1973
4.0,3.9,6.0,11.2,8575.0,1.0,40.86,2028
2.0,2.9,5.0,5.8,2999.0,1.0,28.7,1966
4.0,4.0,13.0,11.9,10500.0,1.0,40.9,2024
2.0,2.5,6.0,10.0,3999.0,1.0,32.4,2018
2.0,2.9,4.0,6.0,3000.0,1.0,28.8,1982
4.0,2.9,15.0,14.2,3700.0,1.0,27.2,2024
2.0,3.7,19.0,10.0,4350.0,1.0,34.9,2021
2.0,3.7,1.0,6.0,2600.0,1.0,29.0,1976
4.0,3.8,19.0,2.0,7275.0,1.0,31.36,2026
2.0,3.7,13.0,13.3,4800.0,1.0,41.9,2023
2.0,3.7,3.0,6.0,2700.0,1.0,30.0,1976
4.0,3.9,5.0,13.4,10050.0,1.0,45.42,2028
2.0,3.7,10.0,7.1,3790.0,1.0,34.7,2017
2.0,2.9,1.0,4.0,2550.0,1.0,20.9,1978
4.0,3.7,2.0,5.0,5020.0,1.0,28.4,2028
2.0,3.7,10.0,10.0,4190.0,1.0,39.0,2019
2.0,4.4,3.0,11.0,2200.0,1.0,29.0,1964
4.0,3.9,18.0,10.9,8950.0,1.0,38.45,2028
2.0,2.5,3.0,5.0,4200.0,1.0,40.0,1989
2.0,2.9,2.0,3.0,2700.0,1.0,20.1,1972
4.0,3.4,2.0,10.7,5200.0,1.0,35.1,2027
2.0,2.9,1.0,16.5,4280.0,1.0,41.0,2023
2.0,3.7,1.0,6.0,2800.0,1.0,29.1,1979
4.0,3.7,4.0,11.4,6000.0,1.0,35.3,2028
2.0,3.7,13.0,8.0,4299.0,1.0,37.0,2014
2.0,2.5,5.0,25.700000000000003,7800.0,1.0,45.7,2016
4.0,3.9,23.0,27.349999999999998,10590.0,1.0,42.15,2025
2.0,4.0,4.0,6.0,2450.0,1.0,29.5,1963
4.0,3.8,18.0,2.0,8581.0,1.0,37.31,2026
2.0,2.5,7.0,11.0,4490.0,1.0,40.1,2020
2.0,2.5,5.0,9.0,7499.0,1.0,43.2,2020
4.0,2.9,2.0,21.400000000000002,4180.0,1.0,39.2,2024
2.0,4.2,1.0,12.0,4450.0,1.0,42.0,2005
2.0,4.4,3.0,5.5200000000000005,2999.0,1.0,27.6,2015
4.0,3.7,2.0,17.4,6880.0,1.0,46.0,2028
2.0,4.0,4.0,6.0,4450.0,1.0,31.7,1988
5.0,2.5,7.0,13.8,2800.0,1.0,48.0,2027
4.0,4.0,14.0,8.9,6100.0,1.0,44.5,2010
2.0,2.5,4.0,12.0,3230.0,1.0,32.5,2011
4.0,2.9,14.0,18.800000000000004,4900.0,1.0,33.7,2025
2.0,3.3,2.0,11.1,4750.0,1.0,34.2,2017
2.0,4.0,7.0,6.0,4000.0,1.0,30.0,1987
4.0,3.7,2.0,6.164000000000001,4600.0,1.0,30.82,2026
2.0,3.7,4.0,11.0,4000.0,1.0,40.1,2022
4.0,3.7,4.0,17.4,7100.0,1.0,44.3,2028
2.0,3.3,1.0,4.08,2000.0,1.0,20.4,2013
4.0,3.4,17.0,7.414000000000001,7414.0,1.0,37.07,2025
2.0,3.3,5.0,21.299999999999997,4750.0,1.0,37.3,2020
4.0,3.7,3.0,5.93,4700.0,1.0,29.65,2026
2.0,3.7,4.0,10.0,4800.0,1.0,43.5,2001
2.0,2.9,4.0,10.0,3800.0,1.0,36.8,2016
4.0,2.5,5.0,8.459999999999999,6865.0,1.0,42.3,2027
4.0,3.7,20.0,11.4,5900.0,1.0,35.3,2025
2.0,3.7,10.0,3.8600000000000003,2499.0,1.0,19.3,2015
4.0,3.4,13.0,9.708,8760.0,1.0,48.54,2027
2.0,2.5,1.0,4.0,2950.0,1.0,32.5,2020
4.0,3.7,4.0,9.1,5400.0,1.0,37.1,2028
2.0,2.5,10.0,10.0,8400.0,1.0,37.2,2024
4.0,3.3,5.0,6.956,4973.0,1.0,34.78,2026
4.0,2.5,7.0,6.58,5925.0,1.0,32.9,2027
2.0,3.2,10.0,10.0,4810.0,1.0,47.4,2024
2.0,4.4,2.0,5.7,2400.0,1.0,30.5,1967
5.0,2.5,11.0,18.8,7100.0,1.0,48.9,2026
5.0,4.2,5.0,6.0,740.0,1.0,33.0,1993
2.0,3.3,4.0,8.28,5560.0,1.0,41.4,2027
4.0,3.3,1.0,6.840000000000001,5000.0,1.0,34.2,2027
2.0,3.3,1.0,8.0,2950.0,1.0,36.0,1988
4.0,3.9,18.0,9.48,12600.0,1.0,47.4,2024
2.0,2.9,2.0,5.5,3000.0,1.0,29.0,1974
2.0,4.4,2.0,5.2,3090.0,1.0,30.6,1974
4.0,3.7,3.0,19.1,7560.0,1.0,46.7,2028
2.0,3.3,4.0,5.7,3640.0,1.0,30.3,1989
2.0,2.9,1.0,5.0,3300.0,1.0,34.0,2015
2.0,3.7,5.0,5.140000000000001,3161.0,1.0,25.7,2026
2.0,4.0,4.0,5.0,4700.0,1.0,27.6,1965
2.0,3.7,5.0,8.0,3550.0,1.0,25.0,2015
4.0,4.0,19.0,4.8,12200.0,1.0,42.0,2024
2.0,4.0,5.0,5.8,3900.0,1.0,31.2,2022
2.0,2.9,1.0,7.0,3699.0,1.0,29.5,1985
4.0,3.7,2.0,16.8,9860.0,1.0,51.9,2028
2.0,4.4,12.0,4.62,2390.0,1.0,23.1,2014
4.0,3.7,2.0,10.5,5150.0,1.0,33.9,2028
2.0,2.5,6.0,5.2,5500.0,1.0,29.5,1972
2.0,2.9,1.0,3.94,2650.0,1.0,19.7,2018
4.0,3.7,2.0,5.664000000000001,4600.0,1.0,28.32,2026
2.0,3.7,8.0,9.0,5300.0,1.0,34.0,2017
2.0,3.7,4.0,9.6,3150.0,1.0,37.2,1987
4.0,4.0,16.0,12.0,9372.0,1.0,40.3,2025
2.0,4.2,1.0,9.0,3600.0,1.0,40.1,1989
2.0,3.7,17.0,5.0,2470.0,1.0,25.1,2012
4.0,3.9,14.0,7.82,10200.0,1.0,39.1,2024
2.0,2.5,5.0,11.0,7090.0,1.0,38.2,2016
2.0,3.7,3.0,5.8,2850.0,1.0,30.5,1981
4.0,3.4,4.0,10.9,5800.0,1.0,38.2,2027
2.0,3.7,2.0,10.0,3900.0,1.0,34.3,2007
2.0,3.7,7.0,4.16,2600.0,1.0,20.8,2016
4.0,4.0,15.0,12.0,9357.0,1.0,40.7,2025
2.0,4.4,9.0,4.0,2280.0,1.0,19.5,2012
4.0,3.3,8.0,8.28,5700.0,1.0,41.4,2026
2.0,3.7,19.0,10.0,4700.0,1.0,37.9,2019
2.0,2.9,6.0,9.0,3200.0,1.0,37.4,2015
4.0,3.3,1.0,8.22,6084.0,1.0,41.1,2024
2.0,3.7,7.0,7.0,3990.0,1.0,34.5,2004
4.0,3.4,7.0,14.0,6759.0,1.0,39.4,2026
2.0,3.9,2.0,12.0,7490.0,1.0,41.0,2002
2.0,2.9,10.0,22.6,4550.0,1.0,38.6,2015
2.0,4.0,16.0,12.3,6600.0,1.0,37.3,2022
2.0,3.3,7.0,8.6,4800.0,1.0,37.3,2014
2.0,4.0,16.0,12.7,7200.0,1.0,42.4,2022
2.0,3.4,16.0,8.200000000000003,4850.0,1.0,38.2,2019
2.0,2.9,15.0,12.0,4900.0,1.0,46.0,2016
4.0,2.9,1.0,13.4,8200.0,1.0,42.1,2026
2.0,2.5,10.0,16.0,4900.0,1.0,46.0,2005
2.0,2.5,18.0,13.0,8300.0,1.0,42.1,2024
2.0,4.0,8.0,11.0,4950.0,1.0,34.9,2022
2.0,2.5,24.0,9.882,8828.0,1.0,49.41,2024
2.0,4.4,1.0,4.7,5000.0,1.0,37.6,2020
2.0,4.4,9.0,10.0,5200.0,1.0,37.0,2013
2.0,2.5,21.0,8.13,6666.0,1.0,40.65,2026
2.0,3.3,8.0,8.8,5200.0,1.0,36.6,2021
2.0,3.3,9.0,10.0,5380.0,1.0,47.2,2024
4.0,2.9,14.0,24.300000000000004,4500.0,1.0,41.7,2026
2.0,3.3,8.0,10.0,5390.0,1.0,47.2,2024
2.0,4.0,5.0,5.0,5400.0,1.0,32.4,2023
4.0,2.9,11.0,19.2,4190.0,1.0,37.0,2024
2.0,4.0,2.0,9.0,5499.0,1.0,38.4,1998
2.0,3.7,24.0,10.0,5600.0,1.0,38.0,2015
4.0,3.3,5.0,8.28,5600.0,1.0,41.4,2027
2.0,2.9,8.0,8.6,3950.0,1.0,31.3,2025
2.0,3.4,16.0,7.1,6000.0,1.0,39.3,2024
4.0,4.4,2.0,12.2,6531.0,1.0,41.0,2026
2.0,2.9,12.0,12.5,5500.0,1.0,42.4,2020
2.0,3.3,4.0,5.0,3200.0,1.0,29.5,1989
2.0,3.3,2.0,8.28,5800.0,1.0,41.4,2026
2.0,3.7,2.0,7.0,5600.0,1.0,32.0,1964
2.0,3.3,3.0,6.7,3100.0,1.0,29.9,1982
4.0,2.5,2.0,8.28,6104.0,1.0,41.4,2026
2.0,3.7,20.0,9.0,4100.0,1.0,35.0,2022
2.0,4.2,6.0,16.0,5723.0,1.0,38.64,2028
2.0,3.7,3.0,12.0,3200.0,1.0,39.5,2015
2.0,3.7,2.0,3.6799999999999997,2000.0,1.0,18.4,2017
4.0,3.7,10.0,8.272,4670.0,1.0,41.36,2025
2.0,2.9,6.0,10.0,3800.0,1.0,35.0,2016
2.0,3.4,10.0,9.0,4050.0,1.0,42.0,2018
2.0,3.8,6.0,7.048000000000001,6977.0,1.0,35.24,2028
4.0,2.5,1.0,16.7,10910.0,1.0,66.57,2028
2.0,3.7,13.0,8.7,4150.0,1.0,31.3,2024
2.0,3.7,6.0,8.4,3149.0,1.0,31.3,1986
4.0,3.4,3.0,14.0,6736.0,1.0,39.6,2026
2.0,4.4,1.0,6.0,2800.0,1.0,28.3,1972
2.0,2.9,3.0,5.5,3000.0,1.0,28.5,1975
4.0,3.9,17.0,9.120000000000001,11600.0,1.0,45.6,2024
2.0,2.9,6.0,10.0,3999.0,1.0,32.0,1972
2.0,3.3,4.0,8.28,5500.0,1.0,41.4,2027
2.0,3.7,1.0,6.0,4200.0,1.0,42.6,1970
4.0,2.9,1.0,9.020000000000001,4600.0,1.0,45.1,2026
2.0,3.4,1.0,6.0,3789.0,1.0,28.7,2019
4.0,3.3,1.0,8.58,6193.0,1.0,42.9,2024
2.0,3.7,17.0,12.0,4000.0,1.0,47.0,2022
2.0,2.5,1.0,5.0,3230.0,1.0,32.7,2019
4.0,2.5,18.0,14.5,5910.0,1.0,34.32,2026
2.0,4.2,3.0,9.0,3990.0,1.0,31.8,1994
4.0,3.3,7.0,5.34,4150.0,1.0,26.7,2027
2.0,3.7,9.0,7.4,3100.0,1.0,31.8,1987
2.0,3.7,5.0,18.2,4150.0,1.0,37.0,2017
4.0,3.3,5.0,8.74,6399.0,1.0,43.7,2024
4.0,3.4,2.0,5.282,4750.0,1.0,26.41,2026
2.0,3.9,17.0,15.0,11200.0,1.0,52.0,2002
2.0,3.7,6.0,9.2,3000.0,1.0,36.3,2014
4.0,2.5,6.0,11.3,6800.0,1.0,39.2,2026
2.0,3.7,7.0,7.0,4200.0,1.0,33.0,2014
4.0,3.7,15.0,7.4,6350.0,1.0,37.0,2026
2.0,2.5,1.0,9.0,4300.0,1.0,36.6,1988
2.0,4.2,6.0,5.8,3000.0,1.0,29.9,1978
2.0,2.5,19.0,7.920000000000001,6534.0,1.0,39.6,2026
2.0,3.7,6.0,11.5,4350.0,1.0,35.2,2024
2.0,4.4,5.0,4.38,2050.0,1.0,21.9,2011
4.0,2.5,1.0,7.88,5905.0,1.0,39.4,2026
2.0,3.4,19.0,15.0,11000.0,1.0,40.3,2019
2.0,2.9,4.0,5.6,2600.0,1.0,29.2,1978
2.0,2.9,14.0,6.740000000000001,5000.0,1.0,33.7,2025
2.0,4.0,3.0,5.9,4800.0,1.0,30.6,1962
2.0,3.3,1.0,5.300000000000001,3900.0,1.0,26.5,2027
4.0,2.9,10.0,15.9,5510.0,1.0,42.23,2026
2.0,3.7,1.0,11.0,4450.0,1.0,38.5,2007
2.0,3.7,8.0,7.0,2950.0,1.0,34.0,1972
4.0,4.0,17.0,13.3,7700.0,1.0,42.7,2025
2.0,3.4,1.0,5.0,4600.0,1.0,40.0,1969
2.0,4.2,3.0,5.8,3250.0,1.0,30.2,1994
4.0,3.4,24.0,8.314,7200.0,1.0,41.57,2026
2.0,3.7,16.0,10.0,4300.0,1.0,41.2,2024
2.0,3.7,7.0,8.7,3250.0,1.0,33.1,1991
4.0,4.0,1.0,10.58,9513.0,1.0,52.9,2023
2.0,2.5,12.0,3.0,4255.0,1.0,23.0,2024
2.0,3.8,1.0,6.634,6302.0,1.0,33.17,2028
2.0,2.9,17.0,10.0,4600.0,1.0,40.7,2015
2.0,4.4,4.0,3.3,2500.0,1.0,21.6,2013
2.0,4.2,2.0,16.9,6276.0,1.0,40.17,2028
2.0,2.5,2.0,10.0,4250.0,1.0,41.0,1996
5.0,2.9,11.0,8.7,5950.0,1.0,34.0,2025
2.0,3.3,3.0,5.7,3300.0,1.0,31.1,2017
2.0,3.7,4.0,8.6,3300.0,1.0,32.5,2017
2.0,3.3,2.0,5.7,3300.0,1.0,28.4,1968
2.0,2.5,1.0,5.0,3300.0,1.0,32.5,2018
2.0,3.7,8.0,5.0,3300.0,1.0,38.1,2016
2.0,3.7,3.0,6.0,3300.0,1.0,29.3,1989
2.0,2.5,9.0,6.1,3300.0,1.0,27.5,1989
2.0,3.7,3.0,8.6,3300.0,1.0,39.7,1992
2.0,3.7,4.0,6.0,3300.0,1.0,29.0,1978
2.0,3.7,6.0,4.1,3300.0,1.0,31.3,2016
2.0,3.7,4.0,8.0,3309.0,1.0,33.8,1973
2.0,2.9,2.0,6.0,3300.0,1.0,28.6,1977
2.0,2.9,2.0,6.0,3300.0,1.0,31.2,1959
2.0,2.9,2.0,5.6,3300.0,1.0,30.2,1969
2.0,3.7,3.0,9.0,3300.0,1.0,32.7,2001
2.0,4.4,3.0,7.0,3300.0,1.0,32.0,2013
2.0,3.4,5.0,7.0,3390.0,1.0,31.9,2019
2.0,3.4,1.0,6.0,3380.0,1.0,32.0,1960
2.0,2.9,5.0,4.0,3350.0,1.0,22.5,2014
2.0,3.7,2.0,5.0,3350.0,1.0,32.4,2018
2.0,3.7,14.0,4.0200000000000005,3350.0,1.0,20.1,2024
2.0,2.9,2.0,6.0,3360.0,1.0,31.9,1963
2.0,3.7,5.0,5.0,3350.0,1.0,28.2,2016
2.0,4.4,4.0,5.6,3350.0,1.0,30.3,1969
2.0,4.4,11.0,4.0,3350.0,1.0,20.0,2021
2.0,3.4,1.0,7.4,3350.0,1.0,28.5,1992
2.0,2.9,7.0,5.0,3350.0,1.0,32.0,2024
2.0,3.7,8.0,6.0,3350.0,1.0,25.8,2015
2.0,3.7,1.0,9.9,3350.0,1.0,37.9,2016
2.0,3.7,4.0,9.0,3399.0,1.0,32.4,2012
2.0,3.4,5.0,6.0,3400.0,1.0,30.5,1967
2.0,3.7,2.0,4.0,3400.0,1.0,37.8,2019
2.0,2.9,5.0,5.640000000000001,3400.0,1.0,28.2,2021
2.0,3.7,9.0,4.4,3400.0,1.0,37.6,2022
2.0,3.3,1.0,7.4,3400.0,1.0,34.4,1987
2.0,2.9,17.0,5.0,3400.0,1.0,26.0,2019
2.0,3.7,2.0,6.0,3400.0,1.0,29.0,2015
2.0,4.4,8.0,12.0,3400.0,1.0,30.0,2011
2.0,3.3,1.0,9.0,3400.0,1.0,37.6,1989
2.0,3.7,10.0,6.0,3400.0,1.0,29.0,2020
2.0,2.9,1.0,5.9,3400.0,1.0,28.1,1981
2.0,2.9,5.0,8.5,3450.0,1.0,37.0,2016
2.0,3.4,7.0,5.5,3470.0,1.0,32.6,1975
2.0,2.5,10.0,6.800000000000001,3450.0,1.0,34.0,2024
2.0,4.0,5.0,5.0,3450.0,1.0,22.1,2012
2.0,3.7,9.0,6.48,3450.0,1.0,32.4,2018
2.0,4.2,12.0,5.1000000000000005,3450.0,1.0,25.5,2017
2.0,2.9,2.0,8.3,3470.0,1.0,34.0,2016
2.0,2.5,9.0,11.0,3499.0,1.0,40.9,2020
2.0,2.5,10.0,13.8,3470.0,1.0,48.94,2020
2.0,3.7,5.0,10.0,3450.0,1.0,31.3,2016
2.0,3.7,3.0,5.8,3500.0,1.0,28.8,2017
2.0,4.2,2.0,9.0,3500.0,1.0,38.6,1994
2.0,3.7,6.0,10.6,3500.0,1.0,42.0,2022
2.0,3.7,8.0,5.0,3500.0,1.0,29.9,1985
2.0,3.3,1.0,5.0,3500.0,1.0,31.4,2017
2.0,2.9,5.0,5.8,3500.0,1.0,29.7,1977
2.0,3.7,10.0,10.9,3500.0,1.0,40.4,2018
2.0,3.3,3.0,4.6000000000000005,3500.0,1.0,23.0,2014
2.0,3.3,1.0,8.8,3500.0,1.0,38.2,1980
2.0,3.7,7.0,5.8,3500.0,1.0,29.4,1985
2.0,3.7,3.0,10.1,3500.0,1.0,32.8,2017
2.0,3.3,1.0,6.0,3500.0,1.0,32.3,2017
2.0,3.3,5.0,5.9,3500.0,1.0,30.1,2017
2.0,3.7,3.0,11.7,3500.0,1.0,35.2,2014
2.0,2.5,10.0,5.0,3500.0,1.0,32.7,2019
2.0,4.0,9.0,5.074000000000001,3500.0,1.0,25.37,2025
2.0,4.4,2.0,6.0,3500.0,1.0,28.0,2013
2.0,2.5,10.0,5.0,3500.0,1.0,37.8,2024
2.0,3.7,2.0,6.0,3500.0,1.0,34.1,2019
2.0,3.7,4.0,5.4,3500.0,1.0,29.7,1973
2.0,3.7,1.0,8.0,3500.0,1.0,39.2,2016
2.0,4.0,4.0,4.0,3500.0,1.0,25.2,1961
2.0,3.7,2.0,9.0,3500.0,1.0,36.5,2015
2.0,3.4,1.0,6.0,3500.0,1.0,30.0,1960
2.0,4.4,9.0,9.0,3500.0,1.0,30.0,2010
2.0,4.4,4.0,9.0,3500.0,1.0,31.6,2011
2.0,2.9,2.0,5.8,3500.0,1.0,29.7,1991
2.0,3.7,1.0,9.0,3500.0,1.0,35.0,2022
2.0,3.7,4.0,6.0,3500.0,1.0,30.0,2017
2.0,3.7,1.0,10.1,3550.0,1.0,37.3,2017
2.0,3.4,5.0,6.0,3590.0,1.0,31.9,1960
2.0,3.7,11.0,11.0,3550.0,1.0,32.0,2017
2.0,2.5,7.0,9.0,3550.0,1.0,39.3,2027
2.0,3.7,15.0,11.3,3550.0,1.0,36.1,2013
2.0,2.9,1.0,6.2,3550.0,1.0,29.5,1966
2.0,2.5,4.0,12.0,3580.0,1.0,42.2,2015
2.0,2.9,5.0,5.0,3550.0,1.0,27.6,2018
2.0,2.9,1.0,6.0,3590.0,1.0,28.9,1979
2.0,2.9,1.0,4.6000000000000005,3550.0,1.0,23.0,2015
2.0,3.4,4.0,5.9,3550.0,1.0,29.9,2019
2.0,2.9,3.0,10.0,3600.0,1.0,38.9,2016
2.0,4.4,2.0,5.9,3600.0,1.0,32.0,1961
2.0,2.9,1.0,4.9,3600.0,1.0,28.1,2024
2.0,3.7,2.0,9.0,3600.0,1.0,40.5,2018
2.0,3.3,8.0,4.0,3600.0,1.0,28.0,2015
2.0,3.7,2.0,5.8,3600.0,1.0,32.4,1963
2.0,3.3,9.0,5.8,3600.0,1.0,33.8,1971
2.0,3.3,14.0,4.1,3640.0,1.0,24.0,2015
2.0,3.8,3.0,5.0,3600.0,1.0,22.5,1972
2.0,3.4,3.0,10.0,3600.0,1.0,34.8,1982
2.0,2.5,6.0,5.0,3600.0,1.0,33.0,2017
2.0,3.4,5.0,5.6,3600.0,1.0,28.7,1977
2.0,3.7,10.0,7.68,3600.0,1.0,38.4,2021
2.0,2.5,8.0,13.8,3600.0,1.0,48.3,2024
2.0,2.9,8.0,10.1,3600.0,1.0,36.4,1981
2.0,4.2,1.0,9.2,3600.0,1.0,38.3,1990
2.0,4.0,3.0,6.0,3600.0,1.0,30.7,2022
2.0,3.7,2.0,11.3,3600.0,1.0,41.8,2013
2.0,2.9,2.0,8.0,3600.0,1.0,35.0,2014
2.0,3.4,4.0,7.0,3600.0,1.0,30.8,1971
2.0,4.4,8.0,8.6,3635.0,1.0,28.9,2013
2.0,4.0,3.0,7.2,3600.0,1.0,34.2,1998
2.0,3.7,2.0,7.0,3600.0,1.0,34.8,1989
2.0,4.0,2.0,5.0,3600.0,1.0,28.2,1961
2.0,2.9,3.0,6.0,3650.0,1.0,30.2,1974
2.0,3.4,2.0,6.0,3650.0,1.0,31.2,2019
2.0,2.9,13.0,8.0,3690.0,1.0,28.0,2014
2.0,2.5,1.0,4.9,3690.0,1.0,29.1,1970
2.0,3.7,5.0,14.0,3650.0,1.0,48.0,2023
2.0,2.5,3.0,14.0,3650.0,1.0,48.5,2023
2.0,2.9,8.0,5.3,3650.0,1.0,29.7,1970
2.0,3.7,2.0,11.3,3650.0,1.0,37.8,2015
2.0,3.7,11.0,5.0,3650.0,1.0,30.2,2022
2.0,4.4,2.0,3.5,3650.0,1.0,34.3,2013
2.0,3.7,7.0,9.1,3690.0,1.0,32.0,2022
2.0,2.5,2.0,6.0,3700.0,1.0,32.7,1970
2.0,3.7,3.0,6.0,3700.0,1.0,30.0,1966
2.0,3.3,1.0,5.7,3700.0,1.0,30.9,1960
2.0,4.0,1.0,15.0,3720.0,1.0,31.5,2022
2.0,3.3,3.0,6.0,3700.0,1.0,31.6,1968
2.0,2.9,4.0,5.8,3710.0,1.0,32.6,1963
2.0,3.7,3.0,5.0,3700.0,1.0,46.6,2013
2.0,2.9,7.0,7.0,3700.0,1.0,32.3,1980
2.0,4.4,2.0,6.2,3700.0,1.0,28.5,1975
2.0,3.7,4.0,9.0,3700.0,1.0,37.7,2014
2.0,2.9,4.0,5.3,3700.0,1.0,29.8,1974
2.0,3.7,7.0,10.2,3700.0,1.0,37.5,2011
2.0,2.9,8.0,6.0,3700.0,1.0,29.4,1969
2.0,2.5,1.0,5.0,3700.0,1.0,25.4,2010
2.0,2.9,9.0,9.0,3700.0,1.0,32.3,2015
2.0,3.4,1.0,6.0,3700.0,1.0,31.6,1977
2.0,3.4,4.0,6.0,3700.0,1.0,31.0,2019
2.0,3.3,1.0,5.0,3700.0,1.0,29.0,2017
2.0,2.5,7.0,16.6,3700.0,1.0,59.0,2024
2.0,2.9,4.0,10.6,3700.0,1.0,41.1,1993
2.0,3.4,9.0,5.6,3700.0,1.0,29.5,1977
2.0,3.7,10.0,6.0,3700.0,1.0,38.3,2023
2.0,3.3,2.0,5.5,3700.0,1.0,32.1,1978
2.0,2.9,1.0,8.4,3750.0,1.0,36.7,2015
2.0,2.5,1.0,5.7,3750.0,1.0,31.9,1966
2.0,4.2,9.0,9.1,3750.0,1.0,38.0,1995
2.0,3.3,5.0,5.0,3790.0,1.0,24.0,2023
2.0,4.2,7.0,7.1,3750.0,1.0,30.5,1990
2.0,3.7,8.0,5.0,3799.0,1.0,30.0,1987
2.0,3.3,1.0,5.6,3790.0,1.0,30.0,1987
2.0,4.2,1.0,4.0,3750.0,1.0,21.1,1980
2.0,4.4,10.0,4.0200000000000005,3750.0,1.0,20.1,2024
2.0,4.0,5.0,6.0,3750.0,1.0,30.8,2022
2.0,3.4,2.0,6.0,3790.0,1.0,31.0,1966
2.0,3.3,2.0,9.0,3750.0,1.0,36.4,2017
2.0,4.2,1.0,9.8,3770.0,1.0,37.5,1990
2.0,3.7,5.0,15.0,3750.0,1.0,42.6,2014
2.0,2.9,3.0,6.5,3780.0,1.0,30.5,1973
2.0,2.5,7.0,9.4,3750.0,1.0,39.3,2020
2.0,2.9,6.0,6.0,3800.0,1.0,31.3,1974
2.0,2.9,2.0,6.0,3800.0,1.0,29.7,1974
2.0,3.4,5.0,6.0,3800.0,1.0,31.3,2019
2.0,2.5,10.0,7.0,3800.0,1.0,37.0,2011
2.0,4.0,2.0,8.0,3800.0,1.0,27.0,2015
2.0,2.5,3.0,5.0,3800.0,1.0,32.2,2013
2.0,2.9,9.0,4.1,3800.0,1.0,26.6,2020
2.0,2.5,2.0,10.9,3800.0,1.0,40.7,2013
2.0,3.4,1.0,8.8,3800.0,1.0,35.6,1959
2.0,3.3,1.0,7.9,3800.0,1.0,31.0,2017
2.0,3.7,1.0,9.3,3800.0,1.0,33.9,2012
2.0,2.9,4.0,6.0,3800.0,1.0,32.0,2015
2.0,2.9,6.0,5.8,3800.0,1.0,29.4,1973
2.0,2.9,9.0,9.0,3800.0,1.0,29.5,2014
2.0,3.4,2.0,5.2,3800.0,1.0,29.0,1975
2.0,3.7,5.0,12.0,3800.0,1.0,48.0,2017
2.0,2.9,3.0,10.0,3850.0,1.0,33.0,2016
2.0,2.9,10.0,9.0,3850.0,1.0,36.9,2012
2.0,4.4,1.0,8.7,3850.0,1.0,34.5,2013
2.0,2.5,4.0,5.7,3880.0,1.0,29.3,2020
2.0,3.3,5.0,5.5,3850.0,1.0,30.2,1974
2.0,3.7,7.0,4.0,3850.0,1.0,31.0,2025
2.0,2.9,1.0,8.6,3850.0,1.0,38.0,2015
2.0,3.7,10.0,10.0,3860.0,1.0,34.9,2019
2.0,2.9,5.0,9.0,3850.0,1.0,32.6,2023
2.0,3.3,1.0,5.5,3850.0,1.0,29.0,2017
2.0,2.9,3.0,9.0,3900.0,1.0,36.0,2015
2.0,2.5,2.0,6.0,3900.0,1.0,32.5,1969
2.0,4.0,2.0,6.0,3900.0,1.0,31.0,1976
2.0,2.5,7.0,4.0,3920.0,1.0,37.8,2018
2.0,2.9,10.0,8.9,3900.0,1.0,32.3,2017
2.0,3.3,6.0,7.3,3900.0,1.0,32.1,1972
2.0,2.9,2.0,5.7,3900.0,1.0,30.4,1965
2.0,3.3,6.0,8.9,3900.0,1.0,36.1,1987
2.0,2.5,3.0,10.0,3900.0,1.0,42.0,2011
2.0,2.9,7.0,5.0,3900.0,1.0,27.0,2022
2.0,2.5,10.0,5.0,3910.0,1.0,32.5,2024
2.0,3.7,6.0,8.4,3900.0,1.0,36.6,2020
2.0,3.4,1.0,6.0,3900.0,1.0,30.9,2019
2.0,3.9,4.0,6.0,3900.0,1.0,31.0,1965
2.0,4.2,3.0,5.0,3900.0,1.0,28.7,1994
2.0,3.7,1.0,13.4,3900.0,1.0,51.7,2012
2.0,2.9,7.0,8.4,3900.0,1.0,36.8,2015
2.0,2.5,9.0,6.7,3930.0,1.0,30.2,1979
2.0,2.5,5.0,6.1,3900.0,1.0,32.5,1965
2.0,3.7,13.0,10.6,3900.0,1.0,41.9,2022
2.0,3.3,5.0,9.0,3900.0,1.0,37.0,1989
2.0,3.3,3.0,6.0,3900.0,1.0,29.0,2017
2.0,3.7,17.0,14.1,3900.0,1.0,42.8,2013
2.0,2.9,5.0,6.0,3950.0,1.0,31.0,1962
2.0,4.2,6.0,9.0,3990.0,1.0,38.0,1994
2.0,3.7,2.0,10.0,3950.0,1.0,45.0,2017
2.0,3.8,1.0,5.0,3970.0,1.0,22.0,2007
2.0,3.7,6.0,10.0,3950.0,1.0,40.5,2018
2.0,4.0,4.0,5.9,3999.0,1.0,28.9,1964
2.0,3.7,7.0,8.6,3950.0,1.0,33.0,2015
2.0,3.3,15.0,6.0,3999.0,1.0,28.1,2014
2.0,3.7,16.0,8.3,3999.0,1.0,32.7,2014
2.0,4.0,8.0,8.8,3999.0,1.0,20.8,2013
2.0,3.3,1.0,9.0,3980.0,1.0,36.5,2017
2.0,4.0,1.0,5.8,3999.0,1.0,28.6,1967
2.0,2.5,8.0,12.0,3990.0,1.0,42.4,2020
2.0,2.9,3.0,9.0,3950.0,1.0,39.0,2014
2.0,3.3,3.0,5.0,3990.0,1.0,31.0,1963
2.0,3.7,1.0,10.1,3997.0,1.0,37.4,2017
2.0,3.7,7.0,7.0,3950.0,1.0,38.0,2017
2.0,3.7,1.0,8.4,3950.0,1.0,42.0,2013
2.0,4.0,3.0,5.0,4010.0,1.0,29.1,2018
2.0,2.9,1.0,5.7,4000.0,1.0,31.1,1962
2.0,3.3,3.0,8.2,4000.0,1.0,34.2,1992
2.0,3.7,13.0,7.2,4000.0,1.0,34.7,2015
2.0,2.5,7.0,12.2,4000.0,1.0,42.2,2011
2.0,2.9,2.0,5.6,4000.0,1.0,30.7,1963
2.0,2.9,3.0,10.0,4000.0,1.0,39.0,2014
2.0,2.5,1.0,5.8,4000.0,1.0,29.9,1970
2.0,2.9,4.0,5.9,4000.0,1.0,31.5,1963
2.0,2.5,6.0,9.3,4000.0,1.0,35.9,1987
2.0,2.9,10.0,8.6,4000.0,1.0,32.6,2009
2.0,2.9,3.0,8.6,4000.0,1.0,38.9,2015
2.0,2.9,1.0,10.2,4000.0,1.0,33.43,2015
2.0,3.7,12.0,8.0,4000.0,1.0,37.9,2024
2.0,2.5,4.0,6.0,4000.0,1.0,32.0,1974
2.0,3.7,7.0,9.0,4000.0,1.0,40.0,2011
2.0,2.9,1.0,8.4,4090.0,1.0,36.8,2012
2.0,2.9,3.0,10.0,4050.0,1.0,37.6,2012
2.0,2.5,8.0,12.0,4050.0,1.0,42.5,2011
2.0,2.5,12.0,4.32,4050.0,1.0,21.6,2023
2.0,4.0,1.0,6.0,4050.0,1.0,30.2,1967
2.0,4.2,1.0,8.1,4050.0,1.0,34.1,1995
2.0,3.7,2.0,8.0,4050.0,1.0,33.4,1991
2.0,3.7,8.0,4.0,4100.0,1.0,30.6,2022
2.0,4.0,2.0,6.0,4100.0,1.0,29.2,1969
2.0,3.3,5.0,6.0,4100.0,1.0,32.6,1959
2.0,3.7,5.0,8.6,4100.0,1.0,37.3,2014
2.0,3.4,4.0,6.0,4100.0,1.0,24.5,2020
2.0,2.9,3.0,8.4,4140.0,1.0,34.2,2014
2.0,4.0,10.0,4.0,4100.0,1.0,25.8,2023
2.0,2.5,8.0,11.8,4100.0,1.0,36.7,2010
2.0,3.3,2.0,6.3,4100.0,1.0,31.7,1960
2.0,3.3,9.0,9.0,4100.0,1.0,38.0,2017
2.0,3.7,7.0,7.0,4100.0,1.0,33.0,2018
2.0,4.2,4.0,5.0,4100.0,1.0,21.0,1994
2.0,4.2,2.0,9.0,4100.0,1.0,39.0,1994
2.0,4.0,5.0,4.6,4100.0,1.0,34.5,1999
2.0,2.9,3.0,10.0,4100.0,1.0,40.0,2018
2.0,2.5,9.0,12.1,4100.0,1.0,45.2,2020
2.0,4.0,2.0,5.7,4100.0,1.0,29.7,1965
2.0,3.7,2.0,13.8,4100.0,1.0,48.1,2017
2.0,2.5,4.0,12.0,4100.0,1.0,43.0,2020
2.0,3.3,2.0,5.0,4100.0,1.0,31.0,2017
2.0,3.4,1.0,5.9,4100.0,1.0,30.0,2019
2.0,2.5,7.0,9.0,4100.0,1.0,34.0,2008
2.0,2.9,4.0,6.800000000000001,4100.0,1.0,34.0,2015
2.0,4.2,1.0,6.0,4100.0,1.0,31.6,1961
2.0,2.5,1.0,6.0,4100.0,1.0,30.0,1988
2.0,2.9,10.0,10.4,4100.0,1.0,35.9,2016
2.0,3.3,3.0,9.0,4150.0,1.0,37.2,2017
2.0,2.5,2.0,4.0600000000000005,4150.0,1.0,20.3,2023
2.0,3.4,1.0,5.4,4150.0,1.0,29.4,2011
2.0,2.9,2.0,8.0,4150.0,1.0,34.5,2016
2.0,4.0,5.0,5.6,4150.0,1.0,30.3,1964
2.0,2.9,2.0,5.7,4150.0,1.0,30.9,1959
2.0,2.9,4.0,5.5,4199.0,1.0,30.8,1965
2.0,4.4,1.0,3.0,4150.0,1.0,43.8,2012
2.0,2.5,7.0,12.3,4150.0,1.0,42.6,2012
2.0,4.2,7.0,7.5,4150.0,1.0,29.6,1973
2.0,3.7,5.0,8.0,4150.0,1.0,41.3,2017
2.0,3.7,6.0,5.0,4150.0,1.0,63.6,2015
2.0,2.9,6.0,11.5,4192.0,1.0,36.83,2015
2.0,3.7,7.0,5.6,4150.0,1.0,32.3,1975
2.0,3.7,9.0,16.0,4150.0,1.0,48.1,2017
2.0,2.9,3.0,8.5,4200.0,1.0,40.0,2015
2.0,2.5,3.0,11.0,4240.0,1.0,42.0,2016
2.0,3.7,5.0,10.9,4200.0,1.0,40.2,2023
2.0,2.9,8.0,5.800000000000001,4200.0,1.0,29.0,2023
2.0,2.5,8.0,5.6,4200.0,1.0,45.4,1994
2.0,3.7,6.0,12.0,4200.0,1.0,42.0,2022
2.0,3.3,3.0,16.0,4200.0,1.0,46.5,2015
2.0,3.7,7.0,9.0,4200.0,1.0,32.0,1987
2.0,3.7,3.0,5.7,4200.0,1.0,31.0,1964
2.0,2.9,17.0,12.0,4200.0,1.0,36.9,2019
2.0,3.3,7.0,9.2,4200.0,1.0,37.3,1996
2.0,2.9,4.0,8.0,4200.0,1.0,29.8,2001
2.0,3.7,13.0,5.0,4200.0,1.0,23.9,2014
2.0,2.9,12.0,11.0,4200.0,1.0,37.7,2025
2.0,3.3,7.0,9.0,4200.0,1.0,37.8,1997
2.0,2.9,1.0,10.0,4200.0,1.0,43.0,2015
2.0,2.9,2.0,5.8,4200.0,1.0,30.9,1966
2.0,2.9,4.0,8.6,4200.0,1.0,31.9,2024
2.0,3.3,1.0,10.9,4200.0,1.0,36.1,2026
2.0,2.5,2.0,6.0,4200.0,1.0,32.2,1961
2.0,3.7,8.0,14.0,4200.0,1.0,45.0,2023
2.0,2.9,10.0,10.0,4200.0,1.0,32.0,2015
2.0,4.2,8.0,10.3,4200.0,1.0,36.3,2000
2.0,3.4,2.0,6.0,4200.0,1.0,28.7,2019
2.0,3.3,5.0,9.4,4200.0,1.0,30.5,2023
2.0,3.7,4.0,11.0,4200.0,1.0,35.0,2014
2.0,2.5,9.0,9.5,4200.0,1.0,32.9,2011
2.0,4.2,2.0,9.0,4200.0,1.0,37.0,1994
2.0,2.5,1.0,9.0,4200.0,1.0,38.1,2020
2.0,4.0,4.0,6.6000000000000005,4200.0,1.0,33.0,2022
2.0,3.3,4.0,6.0,4200.0,1.0,29.0,1959
2.0,3.7,3.0,6.3,4250.0,1.0,31.2,1968
2.0,2.5,10.0,12.3,4280.0,1.0,42.4,2011
2.0,2.9,14.0,5.0,4250.0,1.0,26.1,2013
2.0,2.5,9.0,8.0,4250.0,1.0,29.1,2016
2.0,2.9,8.0,10.6,4250.0,1.0,36.0,2025
2.0,2.5,7.0,10.3,4250.0,1.0,39.8,2023
2.0,2.9,3.0,11.6,4250.0,1.0,37.2,2017
2.0,2.9,6.0,10.0,4250.0,1.0,36.9,2017
2.0,2.9,16.0,8.0,4290.0,1.0,43.7,2016
2.0,2.5,9.0,14.0,4280.0,1.0,49.0,2023
2.0,3.7,3.0,10.8,4250.0,1.0,34.4,1992
2.0,2.5,1.0,8.5,4250.0,1.0,36.7,2009
2.0,3.7,2.0,15.0,4250.0,1.0,45.0,2023
2.0,2.9,6.0,9.0,4300.0,1.0,32.5,2018
2.0,3.7,10.0,11.0,4300.0,1.0,40.0,2023
2.0,2.9,8.0,8.0,4300.0,1.0,34.7,2021
2.0,3.8,1.0,6.24,4320.0,1.0,31.2,1962
2.0,2.5,1.0,5.0,4300.0,1.0,29.4,1971
2.0,3.3,2.0,5.0,4300.0,1.0,31.0,2014
2.0,4.0,1.0,5.4,4300.0,1.0,28.0,1968
2.0,3.3,5.0,8.6,4300.0,1.0,32.4,2023
2.0,2.9,8.0,8.8,4345.0,1.0,40.3,1986
2.0,2.9,2.0,8.5,4300.0,1.0,37.0,2015
2.0,3.7,2.0,8.0,4300.0,1.0,41.0,1991
2.0,3.3,4.0,9.2,4300.0,1.0,33.0,2023
2.0,3.3,3.0,6.0,4300.0,1.0,31.5,2017
2.0,3.7,13.0,10.7,4305.0,1.0,39.7,2024
2.0,3.4,3.0,6.4,4300.0,1.0,39.7,1962
2.0,3.7,2.0,10.6,4300.0,1.0,36.2,2015
2.0,2.5,2.0,14.0,4350.0,1.0,48.0,2020
2.0,3.7,8.0,9.0,4350.0,1.0,42.8,2017
2.0,3.7,2.0,11.0,4380.0,1.0,41.0,2014
2.0,2.9,4.0,10.2,4350.0,1.0,35.9,2012
2.0,2.5,11.0,5.0,4350.0,1.0,32.7,2016
2.0,3.7,2.0,8.4,4350.0,1.0,34.3,2013
2.0,2.9,5.0,10.0,4350.0,1.0,37.6,2014
2.0,4.4,1.0,4.2,4395.0,1.0,44.3,2013
2.0,2.9,1.0,5.7,4350.0,1.0,30.4,2015
2.0,3.3,5.0,8.0,4350.0,1.0,32.0,2025
2.0,4.4,2.0,9.3,4350.0,1.0,34.3,2020
2.0,4.2,4.0,6.0,4350.0,1.0,32.2,1963
2.0,4.0,1.0,6.0,4400.0,1.0,30.9,2022
2.0,2.9,3.0,9.0,4440.0,1.0,30.0,2015
2.0,4.2,3.0,6.0,4400.0,1.0,30.0,1967
2.0,4.4,7.0,4.8,4400.0,1.0,27.4,2016
2.0,2.9,7.0,9.0,4400.0,1.0,38.0,1987
2.0,4.0,2.0,9.4,4400.0,1.0,37.7,2004
2.0,2.9,9.0,6.9,4400.0,1.0,32.4,1981
2.0,3.7,13.0,10.3,4400.0,1.0,40.3,2014
2.0,2.9,8.0,8.6,4400.0,1.0,37.0,2018
2.0,2.5,5.0,4.5,4430.0,1.0,30.2,2024
2.0,3.7,17.0,5.0,4400.0,1.0,32.6,2020
2.0,3.4,5.0,8.7,4400.0,1.0,40.4,1998
2.0,2.9,18.0,10.7,4400.0,1.0,36.4,2015
2.0,3.7,5.0,9.0,4400.0,1.0,41.0,2024
2.0,2.9,3.0,6.66,4400.0,1.0,33.3,2014
2.0,3.7,15.0,17.4,4400.0,1.0,47.2,2011
2.0,2.9,2.0,5.9,4400.0,1.0,31.0,1979
2.0,3.3,1.0,3.0,4490.0,1.0,27.7,2017
2.0,2.9,6.0,10.0,4450.0,1.0,38.0,2013
2.0,2.5,3.0,12.3,4490.0,1.0,42.4,2012
2.0,2.9,6.0,5.0,4450.0,1.0,34.9,2025
2.0,2.9,8.0,8.6,4450.0,1.0,34.9,2025
2.0,2.9,4.0,10.2,4450.0,1.0,35.8,2011
2.0,2.9,2.0,5.8,4450.0,1.0,31.7,1962
2.0,2.9,8.0,8.8,4490.0,1.0,34.1,2015
2.0,3.7,10.0,11.6,4450.0,1.0,41.0,2010
2.0,3.3,5.0,6.5,4490.0,1.0,31.5,1977
2.0,2.5,5.0,5.7,4450.0,1.0,30.2,1966
2.0,3.3,2.0,13.0,4463.0,1.0,34.5,2024
2.0,3.7,22.0,11.9,4490.0,1.0,41.5,2024
2.0,4.0,3.0,5.0,4500.0,1.0,21.0,2022
2.0,4.2,4.0,5.7,4500.0,1.0,31.7,1957
2.0,2.9,12.0,4.0,4500.0,1.0,35.0,2016
2.0,4.0,9.0,4.0,4500.0,1.0,25.42,2026
2.0,2.9,4.0,8.7,4500.0,1.0,34.3,2002
2.0,4.2,4.0,6.0,4500.0,1.0,32.0,1961
2.0,3.4,6.0,5.9,4500.0,1.0,33.6,1967
2.0,3.9,4.0,5.2,4500.0,1.0,26.0,2016
2.0,2.5,7.0,8.6,4500.0,1.0,37.5,2012
2.0,3.4,9.0,8.7,4500.0,1.0,37.6,2014
2.0,4.0,1.0,6.0,4500.0,1.0,29.5,1969
2.0,3.7,12.0,9.0,4500.0,1.0,35.0,2017
2.0,3.4,2.0,6.0,4500.0,1.0,31.0,1988
2.0,3.3,4.0,8.0,4500.0,1.0,40.0,2024
2.0,3.7,1.0,6.2,4500.0,1.0,41.0,2008
2.0,2.9,5.0,9.9,4500.0,1.0,40.1,2024
2.0,2.5,8.0,13.7,4530.0,1.0,42.5,2011
2.0,2.9,6.0,7.0,4500.0,1.0,32.4,1982
2.0,2.5,4.0,6.0,4500.0,1.0,34.0,2024
2.0,4.0,9.0,6.0,4500.0,1.0,29.8,1987
2.0,3.7,7.0,12.0,4500.0,1.0,37.5,2016
2.0,3.7,6.0,9.2,4500.0,1.0,35.5,2017
2.0,3.7,6.0,11.2,4500.0,1.0,40.6,2018
2.0,2.9,10.0,8.7,4500.0,1.0,35.2,2022
2.0,4.2,3.0,9.0,4500.0,1.0,39.0,1994
2.0,4.2,5.0,9.0,4500.0,1.0,34.0,1979
2.0,2.9,10.0,11.0,4500.0,1.0,40.0,2015
2.0,3.9,8.0,5.5,4500.0,1.0,31.0,2002
2.0,2.9,4.0,6.0,4500.0,1.0,30.8,1963
2.0,2.9,4.0,8.7,4500.0,1.0,36.89,2015
2.0,4.2,4.0,9.0,4500.0,1.0,37.1,1990
2.0,2.9,9.0,9.0,4500.0,1.0,36.0,2016
2.0,3.7,16.0,9.4,4500.0,1.0,47.0,2017
2.0,2.9,1.0,5.5,4500.0,1.0,30.5,2015
2.0,2.5,7.0,11.0,4550.0,1.0,40.0,2017
2.0,2.9,15.0,4.62,4550.0,1.0,23.1,2004
2.0,3.3,3.0,9.1,4590.0,1.0,38.8,2007
2.0,3.3,17.0,7.2,4570.0,1.0,34.7,2014
2.0,2.9,7.0,17.8,4550.0,1.0,42.1,2024
2.0,2.9,13.0,16.0,4550.0,1.0,36.8,2019
2.0,3.3,16.0,9.0,4580.0,1.0,46.4,2023
2.0,3.8,1.0,6.5,4570.0,1.0,32.0,1960
2.0,4.0,4.0,13.6,4550.0,1.0,35.4,2014
2.0,2.5,13.0,10.9,4590.0,1.0,41.85,2014
2.0,2.9,3.0,10.4,4550.0,1.0,36.3,2019
2.0,2.5,6.0,14.0,4560.0,1.0,48.1,2018
2.0,2.5,2.0,15.0,4599.0,1.0,48.94,2025
2.0,3.3,7.0,7.9,4550.0,1.0,35.3,2000
2.0,2.9,7.0,8.7,4600.0,1.0,34.8,2024
2.0,2.9,13.0,9.4,4620.0,1.0,32.4,2019
2.0,2.5,5.0,9.0,4600.0,1.0,37.8,1995
2.0,4.2,5.0,9.1,4600.0,1.0,41.0,2011
2.0,4.4,7.0,10.0,4600.0,1.0,37.0,2025
2.0,3.3,7.0,6.7,4649.0,1.0,31.2,1980
2.0,3.7,12.0,10.0,4600.0,1.0,42.0,2022
2.0,2.5,3.0,13.7,4600.0,1.0,48.2,2024
2.0,2.9,5.0,8.0,4600.0,1.0,37.4,1960
2.0,2.5,9.0,8.7,4600.0,1.0,39.5,2020
2.0,3.7,14.0,8.0,4600.0,1.0,34.2,2023
2.0,4.2,5.0,6.0,4600.0,1.0,30.0,1971
2.0,2.9,5.0,8.0,4600.0,1.0,34.0,2015
2.0,4.2,5.0,21.380000000000003,4600.0,1.0,32.88,2025
2.0,3.7,2.0,10.6,4600.0,1.0,42.1,2015
2.0,3.7,12.0,7.0,4600.0,1.0,32.0,2024
2.0,2.5,25.0,7.6,4650.0,1.0,37.0,2020
2.0,2.9,7.0,10.2,4690.0,1.0,35.2,2015
2.0,3.3,10.0,8.5,4650.0,1.0,34.2,2024
2.0,2.9,7.0,9.7,4650.0,1.0,37.2,2015
2.0,3.3,6.0,5.0,4650.0,1.0,32.6,2025
2.0,4.0,5.0,5.24,4650.0,1.0,26.2,2024
2.0,2.9,1.0,5.9,4650.0,1.0,30.9,2015
2.0,3.7,1.0,11.0,4650.0,1.0,37.2,2014
2.0,3.4,9.0,5.0,4660.0,1.0,29.8,1986
2.0,3.7,3.0,10.4,4650.0,1.0,43.2,2017
2.0,2.5,1.0,25.0,4650.0,1.0,58.0,2020
2.0,2.5,5.0,6.0,4700.0,1.0,29.6,2020
2.0,3.7,3.0,6.0,4700.0,1.0,30.7,2017
2.0,3.7,12.0,11.1,4700.0,1.0,39.4,2016
2.0,3.8,2.0,6.0,4700.0,1.0,28.6,1965
2.0,4.0,3.0,12.2,4700.0,1.0,34.5,2022
2.0,2.9,2.0,4.2,4700.0,1.0,26.4,2018
2.0,3.7,13.0,12.0,4700.0,1.0,41.0,2023
2.0,2.5,2.0,11.0,4700.0,1.0,42.0,2020
2.0,4.0,10.0,4.420000000000001,4700.0,1.0,22.1,2023
2.0,3.3,1.0,9.1,4700.0,1.0,28.7,2017
2.0,2.9,5.0,8.4,4700.0,1.0,37.1,2012
2.0,2.9,10.0,10.7,4700.0,1.0,36.5,2021
2.0,2.9,3.0,6.0,4700.0,1.0,30.5,1963
2.0,3.4,9.0,6.0,4700.0,1.0,31.8,1969
2.0,4.4,3.0,9.1,4700.0,1.0,32.7,2012
2.0,3.3,5.0,11.0,4700.0,1.0,39.7,2003
2.0,3.8,3.0,5.0,4700.0,1.0,30.3,1966
2.0,2.9,7.0,11.0,4700.0,1.0,40.7,2015
2.0,3.3,6.0,8.8,4700.0,1.0,37.0,2017
2.0,3.7,7.0,8.8,4700.0,1.0,27.8,2024
2.0,2.9,4.0,8.7,4735.0,1.0,36.88,2023
2.0,4.0,4.0,6.1,4700.0,1.0,29.0,1982
2.0,3.3,8.0,7.0,4700.0,1.0,32.0,2017
2.0,3.4,1.0,10.0,4700.0,1.0,34.0,2019
2.0,3.3,1.0,7.0,4700.0,1.0,43.7,1953
2.0,3.7,21.0,4.0,4700.0,1.0,26.0,2017
2.0,2.5,3.0,4.916,4750.0,1.0,24.58,2024
2.0,3.3,4.0,8.0,4750.0,1.0,35.0,1989
2.0,3.7,17.0,10.2,4750.0,1.0,40.0,2014
2.0,2.9,14.0,13.5,4750.0,1.0,39.1,2024
2.0,2.9,9.0,8.5,4780.0,1.0,36.8,2025
2.0,2.9,3.0,12.0,4770.0,1.0,39.4,2018
2.0,4.0,9.0,6.0,4799.0,1.0,38.0,2014
2.0,4.2,5.0,6.0,4750.0,1.0,30.0,1994
2.0,2.9,10.0,8.0,4750.0,1.0,33.4,2014
2.0,4.0,5.0,9.0,4800.0,1.0,33.5,2012
2.0,2.5,3.0,16.3,4800.0,1.0,58.4,2011
2.0,3.3,3.0,10.0,4800.0,1.0,37.73,2012
2.0,2.5,19.0,10.0,4800.0,1.0,34.0,2013
2.0,3.7,6.0,5.2,4800.0,1.0,28.9,1980
2.0,2.5,11.0,10.3,4800.0,1.0,36.8,2012
2.0,3.7,2.0,11.0,4800.0,1.0,38.3,2008
2.0,4.0,5.0,10.0,4800.0,1.0,35.8,2014
2.0,3.9,2.0,9.4,4800.0,1.0,35.4,1987
2.0,3.3,4.0,6.6,4800.0,1.0,31.5,2023
2.0,3.3,9.0,10.2,4800.0,1.0,37.5,2015
2.0,3.7,2.0,14.0,4800.0,1.0,48.3,2023
2.0,3.3,9.0,9.4,4800.0,1.0,41.4,2017
2.0,3.3,6.0,9.6,4800.0,1.0,34.4,2017
2.0,2.9,1.0,11.7,4815.0,1.0,40.81,2015
2.0,3.7,3.0,9.0,4800.0,1.0,40.8,1988
2.0,2.5,4.0,14.0,4800.0,1.0,49.0,2024
2.0,4.4,6.0,8.7,4800.0,1.0,32.7,2017
2.0,2.5,14.0,14.5,4800.0,1.0,48.9,2026
2.0,2.9,8.0,7.4,4800.0,1.0,37.0,2015
2.0,3.4,1.0,5.8,4859.0,1.0,29.3,1975
2.0,3.3,8.0,8.5,4850.0,1.0,36.9,2017
2.0,2.5,11.0,6.0,4890.0,1.0,24.0,2024
2.0,2.5,9.0,8.8,4850.0,1.0,34.9,2018
2.0,2.5,12.0,9.0,4900.0,1.0,49.0,2022
2.0,2.5,7.0,5.8,4900.0,1.0,30.0,2020
2.0,4.0,4.0,6.0,4900.0,1.0,27.9,1974
2.0,2.5,2.0,12.0,4900.0,1.0,40.0,2008
2.0,4.4,13.0,8.0,4900.0,1.0,46.0,2015
2.0,4.0,15.0,5.420000000000001,4900.0,1.0,27.1,2025
2.0,2.5,5.0,10.2,4940.0,1.0,42.0,2015
2.0,4.0,2.0,7.0,4900.0,1.0,32.0,1984
2.0,3.3,3.0,7.1,4900.0,1.0,34.6,2011
2.0,3.9,2.0,6.0,4900.0,1.0,30.6,1959
2.0,4.4,4.0,10.8,4900.0,1.0,40.5,2024
2.0,2.9,6.0,8.6,4900.0,1.0,33.5,2014
2.0,4.0,8.0,4.18,4900.0,1.0,20.9,2013
2.0,2.9,12.0,12.0,4900.0,1.0,37.2,2021
2.0,3.9,2.0,5.7,4900.0,1.0,30.0,1968
2.0,4.0,5.0,5.5,4900.0,1.0,29.1,2022
2.0,2.9,6.0,14.5,4900.0,1.0,37.7,2013
2.0,2.9,8.0,9.6,4900.0,1.0,34.6,2015
2.0,2.9,9.0,10.0,4900.0,1.0,39.7,2021
2.0,2.5,21.0,7.0,4900.0,1.0,35.0,2015
2.0,4.0,24.0,5.7,4970.0,1.0,27.7,2021
2.0,2.9,10.0,11.0,4999.0,1.0,34.1,2013
2.0,3.4,5.0,9.8,4950.0,1.0,42.0,1958
2.0,3.3,16.0,13.5,4950.0,1.0,33.7,2025
2.0,3.9,1.0,8.0,4990.0,1.0,41.7,1993
2.0,2.9,10.0,12.5,4950.0,1.0,41.1,2009
2.0,2.9,1.0,8.9,4950.0,1.0,36.4,2009
2.0,3.3,9.0,9.0,4950.0,1.0,34.0,2017
2.0,3.4,15.0,5.5,4999.0,1.0,29.8,2025
2.0,3.3,3.0,9.0,4990.0,1.0,42.0,2024
2.0,4.2,3.0,5.8,4950.0,1.0,32.0,1963
2.0,3.7,8.0,17.0,4950.0,1.0,35.6,2018
2.0,3.3,6.0,7.9,4965.0,1.0,33.9,2017
2.0,3.3,17.0,9.8,4950.0,1.0,49.0,2015
2.0,2.9,2.0,7.1,4960.0,1.0,38.54,2024
2.0,2.9,11.0,10.6,4970.0,1.0,35.7,2023
2.0,3.3,11.0,7.5,4950.0,1.0,34.5,2014
2.0,2.5,2.0,10.0,4999.0,1.0,39.0,2020
2.0,3.3,2.0,10.0,5000.0,1.0,36.1,2016
2.0,4.2,9.0,7.6,5000.0,1.0,36.4,2012
2.0,2.9,11.0,13.0,5000.0,1.0,38.0,2013
2.0,2.9,7.0,10.0,5000.0,1.0,40.0,2021
2.0,3.4,9.0,5.6,5000.0,1.0,28.9,1984
2.0,3.8,1.0,6.0,5000.0,1.0,31.0,1962
2.0,3.7,7.0,11.1,5000.0,1.0,41.8,2010
2.0,4.0,3.0,5.7,5000.0,1.0,31.8,2022
2.0,2.5,14.0,6.2,5000.0,1.0,30.3,2006
2.0,2.5,7.0,5.8,5000.0,1.0,29.7,1970
2.0,3.4,9.0,10.0,5000.0,1.0,40.0,2000
2.0,3.4,10.0,4.0,5000.0,1.0,27.6,2022
2.0,2.9,17.0,9.0,5000.0,1.0,33.8,2015
2.0,2.9,9.0,10.3,5000.0,1.0,35.3,2024
2.0,2.9,12.0,10.3,5000.0,1.0,35.3,2024
2.0,2.9,3.0,10.7,5000.0,1.0,36.1,2012
2.0,4.4,1.0,15.0,5000.0,1.0,36.7,2022
2.0,2.9,5.0,11.0,5000.0,1.0,48.0,2015
2.0,2.5,9.0,12.0,5000.0,1.0,44.7,2010
2.0,4.0,1.0,9.0,5000.0,1.0,38.0,2006
2.0,3.3,4.0,7.3,5000.0,1.0,35.0,2008
2.0,2.5,2.0,6.0,5000.0,1.0,28.0,2010
2.0,2.9,9.0,12.8,5050.0,1.0,45.8,2007
2.0,3.3,6.0,8.5,5090.0,1.0,33.8,2013
2.0,2.5,9.0,12.0,5100.0,1.0,35.8,2005
2.0,4.2,3.0,8.6,5100.0,1.0,35.0,2013
2.0,4.0,12.0,5.640000000000001,5100.0,1.0,28.2,2025
2.0,2.9,7.0,6.540000000000001,5100.0,1.0,32.7,2017
2.0,4.0,22.0,6.062,5100.0,1.0,30.31,2025
2.0,2.5,4.0,7.420000000000001,5100.0,1.0,37.1,2014
2.0,3.3,7.0,9.0,5100.0,1.0,37.2,2017
2.0,3.3,17.0,8.8,5100.0,1.0,36.6,2019
2.0,3.7,15.0,14.3,5115.0,1.0,42.0,2024
2.0,3.7,7.0,9.0,5100.0,1.0,37.9,1997
2.0,3.3,8.0,8.6,5100.0,1.0,37.5,2010
2.0,3.7,10.0,6.3,5100.0,1.0,40.3,2024
2.0,3.3,15.0,23.8,5100.0,1.0,59.3,2015
2.0,3.4,11.0,10.0,5100.0,1.0,45.3,2014
2.0,3.3,10.0,12.0,5100.0,1.0,37.5,1989
2.0,3.3,4.0,18.7,5100.0,1.0,39.4,2021
2.0,3.7,7.0,14.3,5179.0,1.0,42.7,2025
2.0,4.0,6.0,16.9,5150.0,1.0,30.6,2020
2.0,3.7,2.0,6.7,5150.0,1.0,49.68,2021
2.0,2.5,10.0,8.989999999999998,5150.0,1.0,28.99,2026
2.0,3.3,15.0,9.5,5150.0,1.0,41.3,2011
2.0,3.3,8.0,5.1,5150.0,1.0,36.1,2024
2.0,2.9,4.0,9.8,5150.0,1.0,38.0,2015
2.0,2.9,4.0,11.0,5150.0,1.0,36.0,2013
2.0,2.9,9.0,10.5,5150.0,1.0,34.0,2024
2.0,4.4,15.0,11.7,5150.0,1.0,39.9,2013
2.0,2.5,6.0,10.0,5200.0,1.0,36.4,2020
2.0,2.9,1.0,7.1,5230.0,1.0,31.8,2004
2.0,2.5,3.0,9.0,5200.0,1.0,33.0,2013
2.0,3.3,7.0,9.0,5200.0,1.0,36.7,2026
2.0,2.5,6.0,8.5,5200.0,1.0,35.2,1984
2.0,2.5,16.0,4.800000000000001,5200.0,1.0,24.0,2017
2.0,4.0,3.0,9.0,5200.0,1.0,35.0,1980
2.0,2.5,1.0,6.0,5200.0,1.0,38.4,2021
2.0,3.8,4.0,9.5,5200.0,1.0,37.3,1982
2.0,2.9,2.0,5.2,5200.0,1.0,42.8,2015
2.0,3.7,7.0,5.0,5200.0,1.0,35.6,2025
2.0,3.4,9.0,10.0,5200.0,1.0,32.2,2012
2.0,3.7,11.0,14.0,5200.0,1.0,40.2,2023
2.0,4.0,2.0,6.0,5200.0,1.0,31.0,1963
2.0,3.7,5.0,14.5,5290.0,1.0,44.0,2016
2.0,2.9,4.0,9.9,5290.0,1.0,51.2,2016
2.0,2.5,18.0,11.0,5250.0,1.0,40.2,2012
2.0,2.5,13.0,13.0,5270.0,1.0,46.0,2016
2.0,3.4,2.0,12.0,5250.0,1.0,42.7,2019
2.0,2.5,4.0,10.8,5250.0,1.0,40.4,2020
2.0,4.0,14.0,7.7,5300.0,1.0,28.0,2013
2.0,2.9,4.0,6.0,5300.0,1.0,28.4,2026
2.0,2.5,9.0,16.0,5300.0,1.0,32.7,2026
2.0,3.3,7.0,11.6,5300.0,1.0,37.8,2023
2.0,3.7,8.0,15.5,5300.0,1.0,36.0,2009
2.0,2.5,8.0,10.0,5300.0,1.0,57.0,2010
2.0,3.4,4.0,6.0,5300.0,1.0,32.0,2025
2.0,3.3,9.0,14.2,5300.0,1.0,36.1,2024
2.0,4.0,17.0,5.0,5300.0,1.0,29.0,2023
2.0,2.9,6.0,16.7,5300.0,1.0,43.1,2024
2.0,2.9,9.0,10.0,5300.0,1.0,34.8,2024
2.0,2.5,19.0,6.3,5300.0,1.0,40.3,2014
2.0,2.9,6.0,9.0,5300.0,1.0,38.3,2015
2.0,2.5,7.0,16.3,5300.0,1.0,61.4,2020
2.0,4.0,4.0,6.0,5300.0,1.0,29.0,2022
2.0,3.3,6.0,10.7,5300.0,1.0,41.5,2022
2.0,2.5,1.0,8.3,5350.0,1.0,36.2,2007
2.0,4.0,8.0,8.8,5390.0,1.0,32.5,1997
2.0,2.5,9.0,20.0,5350.0,1.0,58.5,2020
2.0,3.7,14.0,11.3,5350.0,1.0,41.3,2009
2.0,3.3,2.0,10.0,5400.0,1.0,37.2,2016
2.0,4.0,1.0,10.3,5444.0,1.0,38.5,2017
2.0,2.9,17.0,8.6,5400.0,1.0,32.2,2019
2.0,3.8,2.0,5.8,5440.0,1.0,30.3,2007
2.0,2.9,4.0,8.6,5400.0,1.0,33.0,2013
2.0,4.0,3.0,6.8,5400.0,1.0,31.7,2022
2.0,3.3,7.0,9.0,5400.0,1.0,38.0,2025
2.0,4.0,1.0,13.0,5450.0,1.0,39.1,2022
2.0,2.5,22.0,5.0,5499.0,1.0,32.5,2015
2.0,2.5,10.0,8.2,5480.0,1.0,36.89,2026
2.0,3.7,6.0,12.4,5490.0,1.0,47.9,2010
2.0,4.4,25.0,17.0,5499.0,1.0,40.0,2013
2.0,3.3,16.0,13.6,5450.0,1.0,38.4,2022
2.0,2.9,3.0,8.3,5490.0,1.0,34.6,2004
2.0,4.4,2.0,9.0,5500.0,1.0,37.0,2013
2.0,3.4,3.0,9.0,5500.0,1.0,42.3,2024
2.0,2.5,9.0,4.1,5500.0,1.0,26.6,2021
2.0,3.4,13.0,19.0,5500.0,1.0,37.5,2024
2.0,3.3,13.0,9.0,5500.0,1.0,36.6,2022
2.0,2.5,1.0,10.0,5500.0,1.0,34.5,2018
2.0,4.0,3.0,6.5,5500.0,1.0,31.6,1976
2.0,2.5,3.0,12.0,5500.0,1.0,37.2,2014
2.0,3.3,11.0,9.0,5500.0,1.0,40.0,2022
2.0,3.3,11.0,9.0,5590.0,1.0,36.7,2017
2.0,3.3,6.0,6.0,5500.0,1.0,33.2,2017
2.0,2.5,2.0,12.0,5500.0,1.0,38.8,2021
2.0,3.3,5.0,11.4,5500.0,1.0,43.4,2011
2.0,3.7,16.0,13.0,5500.0,1.0,43.0,2020
2.0,2.5,4.0,6.0,5500.0,1.0,38.0,2019
2.0,3.3,10.0,9.0,5500.0,1.0,39.1,2019
2.0,4.2,6.0,7.5,5500.0,1.0,35.0,1969
2.0,2.9,4.0,9.0,5500.0,1.0,36.0,2015
2.0,4.4,2.0,10.5,5500.0,1.0,39.4,2025
2.0,2.9,2.0,11.0,5500.0,1.0,39.7,2009
2.0,2.9,16.0,8.5,5500.0,1.0,32.5,2015
2.0,2.5,6.0,8.8,5500.0,1.0,40.6,2020
2.0,3.7,5.0,11.8,5500.0,1.0,41.5,2015
2.0,3.7,1.0,16.6,5500.0,1.0,58.7,2017
2.0,2.9,10.0,13.4,5500.0,1.0,39.8,2026
2.0,3.7,23.0,3.5,5600.0,1.0,29.3,2017
2.0,3.4,3.0,9.0,5600.0,1.0,33.9,2004
2.0,4.2,1.0,8.9,5600.0,1.0,38.6,1993
2.0,3.3,16.0,8.7,5600.0,1.0,37.0,2017
2.0,3.4,2.0,9.0,5600.0,1.0,35.7,2020
2.0,3.4,17.0,7.0,5600.0,1.0,39.3,2019
2.0,3.9,4.0,6.0,5600.0,1.0,33.0,1975
2.0,2.9,14.0,17.2,5600.0,1.0,45.8,2018
2.0,4.2,11.0,11.3,5600.0,1.0,47.3,2013
2.0,3.8,5.0,8.8,5650.0,1.0,35.0,1986
2.0,3.8,3.0,6.4,5650.0,1.0,31.0,1967
2.0,4.4,6.0,10.8,5690.0,1.0,38.4,2020
2.0,3.4,11.0,5.0,5699.0,1.0,31.1,2019
2.0,3.4,15.0,10.8,5690.0,1.0,36.3,2015
2.0,4.0,3.0,10.0,5650.0,1.0,35.2,2021
2.0,4.0,9.0,6.3,5650.0,1.0,49.0,2015
2.0,2.5,6.0,13.6,5675.0,1.0,40.67,2026
2.0,4.4,16.0,14.1,5650.0,1.0,37.3,2021
2.0,2.5,5.0,5.0,5700.0,1.0,30.0,2021
2.0,3.4,3.0,12.7,5700.0,1.0,42.46,2022
2.0,2.5,1.0,25.0,5700.0,1.0,44.0,2005
2.0,3.3,17.0,15.0,5700.0,1.0,36.7,2019
2.0,2.5,19.0,11.7,5700.0,1.0,48.1,2014
2.0,2.9,4.0,5.0,5700.0,1.0,35.4,2015
2.0,4.4,8.0,10.2,5700.0,1.0,35.8,2017
2.0,3.3,12.0,8.7,5700.0,1.0,36.6,2021
2.0,2.5,3.0,9.0,5700.0,1.0,31.2,1991
2.0,3.7,3.0,10.0,5700.0,1.0,31.1,2017
2.0,2.5,1.0,12.0,5750.0,1.0,41.8,2020
2.0,4.0,7.0,7.5,5750.0,1.0,26.2,2024
2.0,4.2,1.0,6.0,5790.0,1.0,30.9,1962
2.0,4.2,7.0,8.0,5800.0,1.0,35.2,1979
2.0,2.5,3.0,6.0,5800.0,1.0,27.0,2020
2.0,3.7,14.0,17.0,5800.0,1.0,44.8,2019
2.0,4.4,17.0,10.5,5800.0,1.0,40.7,2012
2.0,3.7,2.0,11.4,5800.0,1.0,37.4,2021
2.0,3.3,11.0,10.7,5800.0,1.0,27.7,2024
2.0,3.3,13.0,15.0,5800.0,1.0,39.0,2017
2.0,4.0,3.0,8.0,5800.0,1.0,35.8,1932
2.0,3.9,2.0,6.0,5800.0,1.0,32.1,1960
2.0,2.5,9.0,3.1,5800.0,1.0,29.98,2020
2.0,3.4,18.0,13.0,5800.0,1.0,37.7,2019
2.0,2.5,9.0,16.0,5800.0,1.0,40.0,2020
2.0,2.9,5.0,25.0,5800.0,1.0,60.2,2020
2.0,3.4,9.0,5.822,5890.0,1.0,29.11,2025
2.0,2.9,23.0,16.0,5850.0,1.0,43.0,2025
2.0,3.7,8.0,6.6,5850.0,1.0,41.6,2025
2.0,3.4,3.0,11.5,5950.0,1.0,37.3,2017
2.0,2.5,1.0,7.5,5900.0,1.0,35.1,2020
2.0,2.5,18.0,14.0,5900.0,1.0,34.0,2025
2.0,2.9,8.0,8.9,5990.0,1.0,36.8,2008
2.0,3.8,9.0,6.0,5999.0,1.0,27.7,2014
2.0,2.5,8.0,4.86,5900.0,1.0,24.3,2020
2.0,3.4,7.0,10.5,5900.0,1.0,39.3,2010
2.0,2.5,8.0,8.7,5950.0,1.0,37.5,2003
2.0,3.8,10.0,8.5,5900.0,1.0,33.3,1994
2.0,2.5,4.0,5.460000000000001,5900.0,1.0,27.3,2019
2.0,2.5,17.0,11.3,5950.0,1.0,42.0,2017
2.0,3.7,12.0,11.0,5900.0,1.0,45.0,2021
2.0,2.9,6.0,9.5,5950.0,1.0,35.8,2014
2.0,3.3,4.0,15.4,5900.0,1.0,36.9,2025
2.0,3.3,8.0,15.5,5900.0,1.0,38.6,2017
2.0,4.2,3.0,5.8,6000.0,1.0,32.2,1994
2.0,4.2,1.0,10.4,6000.0,1.0,37.9,1994
2.0,2.5,4.0,16.0,6000.0,1.0,42.0,2020
2.0,2.5,24.0,10.1,6000.0,1.0,38.0,2020
2.0,4.2,13.0,18.8,6000.0,1.0,48.3,2026
2.0,4.0,10.0,14.7,6000.0,1.0,39.8,2011
2.0,2.9,6.0,12.9,6000.0,1.0,44.2,2014
2.0,2.9,11.0,10.6,6000.0,1.0,35.2,2025
2.0,4.2,2.0,4.760000000000001,6000.0,1.0,23.8,2023
2.0,3.3,8.0,16.0,6000.0,1.0,32.9,2017
2.0,2.5,5.0,12.0,6000.0,1.0,40.0,2020
2.0,3.3,2.0,8.8,6000.0,1.0,41.4,2025
2.0,4.0,9.0,10.0,6000.0,1.0,37.0,2018
2.0,3.8,1.0,7.5,6000.0,1.0,35.6,2007
2.0,4.4,6.0,12.8,6099.0,1.0,38.7,2017
2.0,3.4,18.0,11.5,6080.0,1.0,33.75,2025
2.0,2.9,3.0,11.2,6100.0,1.0,37.2,2015
2.0,2.9,4.0,11.8,6100.0,1.0,38.5,2014
2.0,3.3,6.0,15.0,6100.0,1.0,48.8,2024
2.0,3.7,15.0,7.0,6100.0,1.0,47.7,2017
2.0,4.4,14.0,14.0,6100.0,1.0,40.9,2022
2.0,3.4,13.0,12.0,6100.0,1.0,44.2,2014
2.0,2.5,9.0,5.0,6100.0,1.0,24.3,2026
2.0,2.5,6.0,12.5,6100.0,1.0,45.2,2015
2.0,2.9,3.0,11.3,6150.0,1.0,36.2,2022
2.0,3.4,13.0,11.6,6150.0,1.0,36.3,2022
2.0,2.5,7.0,12.9,6150.0,1.0,44.9,2010
2.0,2.9,4.0,8.2,6200.0,1.0,36.1,1960
2.0,2.5,4.0,8.8,6298.0,1.0,39.1,2006
2.0,3.3,13.0,14.0,6200.0,1.0,42.0,2016
2.0,2.9,1.0,12.0,6210.0,1.0,38.6,2019
2.0,2.5,2.0,8.0,6200.0,1.0,33.9,2000
2.0,4.0,2.0,8.0,6200.0,1.0,39.1,2000
2.0,4.0,13.0,9.4,6200.0,1.0,36.3,2016
2.0,3.8,1.0,5.0,6297.0,1.0,31.8,2007
2.0,2.9,6.0,8.1,6200.0,1.0,40.0,2008
2.0,2.5,6.0,10.2,6250.0,1.0,36.6,2015
2.0,2.5,15.0,11.1,6249.0,1.0,36.6,2016
2.0,2.9,13.0,4.960000000000001,6300.0,1.0,24.8,2022
2.0,2.5,6.0,16.0,6300.0,1.0,43.0,2024
2.0,2.9,16.0,14.4,6300.0,1.0,37.6,2022
2.0,2.5,1.0,13.7,6300.0,1.0,43.2,2012
2.0,4.4,4.0,11.0,6300.0,1.0,42.0,2013
2.0,2.9,3.0,13.8,6300.0,1.0,43.8,2007
2.0,4.2,1.0,9.2,6390.0,1.0,37.9,1993
2.0,3.8,9.0,8.0,6380.0,1.0,32.0,2007
2.0,2.9,10.0,10.0,6350.0,1.0,39.6,2016
2.0,3.9,4.0,11.0,6350.0,1.0,40.0,1960
2.0,4.0,6.0,15.0,6350.0,1.0,31.77,2025
2.0,2.5,18.0,11.0,6370.0,1.0,38.0,2026
2.0,3.7,8.0,13.6,6480.0,1.0,42.9,2019
2.0,4.0,5.0,13.4,6450.0,1.0,43.09,2011
2.0,3.9,9.0,9.0,6400.0,1.0,27.7,2024
2.0,3.9,6.0,6.7,6400.0,1.0,38.4,1985
2.0,2.5,22.0,14.0,6490.0,1.0,37.0,2020
2.0,2.9,26.0,5.1,6400.0,1.0,43.1,2015
2.0,3.3,5.0,11.2,6480.0,1.0,43.2,2011
2.0,4.0,2.0,11.4,6490.0,1.0,42.8,2022
2.0,2.5,2.0,12.0,6400.0,1.0,46.7,2020
2.0,2.5,2.0,8.1,6400.0,1.0,34.1,1996
2.0,4.0,4.0,8.7,6400.0,1.0,35.8,1991
2.0,2.5,11.0,13.0,6500.0,1.0,42.0,2021
2.0,4.0,7.0,16.0,6500.0,1.0,36.7,2022
2.0,2.5,4.0,13.3,6500.0,1.0,43.5,2008
2.0,4.2,1.0,5.8,6500.0,1.0,30.7,1964
2.0,4.2,4.0,6.0,6500.0,1.0,32.0,1994
2.0,3.8,3.0,9.0,6500.0,1.0,34.9,1988
2.0,2.5,5.0,9.9,6500.0,1.0,35.0,2016
2.0,2.9,7.0,13.1,6500.0,1.0,44.8,2009
2.0,2.5,1.0,12.0,6500.0,1.0,41.7,2015
2.0,4.2,1.0,5.9,6500.0,1.0,32.4,1963
2.0,4.0,12.0,6.578,6500.0,1.0,32.89,2025
2.0,4.0,18.0,5.0,6500.0,1.0,35.0,2021
2.0,3.8,4.0,7.9,6500.0,1.0,39.6,1962
2.0,2.5,5.0,6.0,6500.0,1.0,31.3,1991
2.0,2.9,8.0,20.6,6500.0,1.0,47.4,2013
2.0,4.2,9.0,7.9,6500.0,1.0,54.7,2012
2.0,2.5,3.0,8.0,6500.0,1.0,38.0,2012
2.0,2.9,8.0,13.2,6500.0,1.0,31.44,2015
2.0,3.7,17.0,4.8,6500.0,1.0,31.1,2022
2.0,3.7,3.0,10.5,6500.0,1.0,45.0,2020
2.0,2.5,7.0,5.3,6500.0,1.0,25.26,2025
2.0,3.4,9.0,12.0,6500.0,1.0,38.0,2015
2.0,3.9,12.0,12.5,6500.0,1.0,34.7,2024
2.0,4.0,21.0,12.0,6500.0,1.0,40.4,2013
2.0,3.7,1.0,5.0,6590.0,1.0,31.8,2016
2.0,4.0,21.0,14.2,6649.0,1.0,40.0,2022
2.0,3.8,7.0,9.7,6600.0,1.0,37.2,2007
2.0,4.0,9.0,10.5,6600.0,1.0,38.4,2009
2.0,2.5,20.0,12.7,6600.0,1.0,43.1,2017
2.0,4.0,6.0,18.1,6600.0,1.0,45.9,2023
2.0,3.8,19.0,10.7,6600.0,1.0,40.2,2007
2.0,3.4,16.0,7.1,6700.0,1.0,35.0,2019
2.0,4.0,15.0,11.7,6700.0,1.0,38.1,2019
2.0,2.5,19.0,10.3,6700.0,1.0,38.0,2025
2.0,3.8,5.0,9.7,6700.0,1.0,36.9,2021
2.0,3.8,11.0,5.0,6650.0,1.0,26.2,2024
2.0,4.0,17.0,10.0,6700.0,1.0,37.0,2011
2.0,2.5,6.0,5.6000000000000005,6700.0,1.0,28.0,2021
2.0,4.0,7.0,11.0,6700.0,1.0,40.0,2012
2.0,2.5,2.0,9.0,6700.0,1.0,36.6,2017
2.0,3.4,9.0,10.0,6700.0,1.0,36.7,2007
2.0,3.9,3.0,7.0,6700.0,1.0,34.5,1985
2.0,4.4,7.0,10.6,6700.0,1.0,44.4,2007
2.0,3.4,2.0,11.0,6650.0,1.0,45.0,2010
2.0,2.5,4.0,5.8,6730.0,1.0,37.0,2020
2.0,3.4,11.0,7.0,6650.0,1.0,43.0,2015
2.0,2.5,19.0,10.0,6680.0,1.0,33.0,2019
2.0,3.4,11.0,12.9,6790.0,1.0,40.15,2022
2.0,4.4,2.0,12.5,6750.0,1.0,38.5,2019
2.0,2.9,18.0,14.0,6750.0,1.0,39.0,2019
2.0,4.2,2.0,6.0,6750.0,1.0,31.9,1962
2.0,4.4,13.0,13.0,6750.0,1.0,45.0,2013
2.0,3.3,9.0,11.0,6750.0,1.0,36.0,2025
2.0,3.7,7.0,13.0,6800.0,1.0,41.1,2017
2.0,4.0,9.0,12.0,6800.0,1.0,40.2,1998
2.0,2.9,3.0,13.3,6860.0,1.0,39.2,2024
2.0,2.5,2.0,14.0,6800.0,1.0,43.06,2025
2.0,4.0,12.0,5.0,6800.0,1.0,22.0,2025
2.0,2.9,4.0,3.2,6850.0,1.0,36.7,2025
2.0,2.9,3.0,9.5,6800.0,1.0,42.4,2010
2.0,3.7,6.0,14.0,6890.0,1.0,40.1,2006
2.0,2.5,16.0,10.0,6800.0,1.0,37.2,2017
2.0,3.9,2.0,7.0,6890.0,1.0,33.0,1973
2.0,3.4,11.0,8.0,6800.0,1.0,33.0,2018
2.0,2.5,12.0,18.0,6800.0,1.0,47.05,2025
2.0,3.4,4.0,8.6,6890.0,1.0,40.6,2009
2.0,2.9,7.0,11.9,6800.0,1.0,38.9,2019
2.0,4.0,7.0,16.0,6840.0,1.0,35.5,2022
2.0,2.5,13.0,9.0,6800.0,1.0,31.0,2017
2.0,2.5,4.0,10.0,6900.0,1.0,37.8,2017
2.0,3.8,1.0,13.7,6900.0,1.0,39.4,1998
2.0,2.5,16.0,5.0,6900.0,1.0,31.0,2017
2.0,3.3,14.0,10.0,6900.0,1.0,41.0,2009
2.0,4.0,2.0,3.0,6900.0,1.0,28.7,2022
2.0,4.0,9.0,7.5,6900.0,1.0,51.7,2023
2.0,4.0,1.0,15.5,6950.0,1.0,43.0,2021
2.0,2.5,3.0,13.7,6990.0,1.0,42.7,2024
2.0,2.5,4.0,8.0,6950.0,1.0,36.2,2018
2.0,4.0,12.0,4.0,6980.0,1.0,39.4,2021
2.0,2.5,2.0,10.0,6990.0,1.0,50.9,2024
2.0,2.5,14.0,12.0,6950.0,1.0,42.0,2024
2.0,2.9,4.0,6.0,6999.0,1.0,39.7,2023
2.0,3.9,4.0,5.7,6990.0,1.0,29.5,1969
2.0,4.0,2.0,15.0,6970.0,1.0,45.0,2022
2.0,2.9,16.0,12.0,6950.0,1.0,38.6,2019
2.0,3.7,12.0,8.4,6999.0,1.0,34.9,2021
2.0,2.9,2.0,13.0,7000.0,1.0,51.7,2007
2.0,2.5,10.0,6.0,7000.0,1.0,28.2,2022
2.0,2.9,12.0,11.4,7000.0,1.0,42.7,2015
2.0,3.4,10.0,11.0,7000.0,1.0,41.5,2012
2.0,2.5,6.0,11.9,7000.0,1.0,36.3,2014
2.0,2.9,2.0,10.0,7000.0,1.0,41.0,2020
2.0,2.5,2.0,10.0,7000.0,1.0,34.8,2024
2.0,2.9,2.0,11.0,7000.0,1.0,40.3,2010
2.0,2.9,5.0,12.0,7000.0,1.0,47.0,2015
2.0,3.9,7.0,6.0,7000.0,1.0,33.0,1975
2.0,3.9,17.0,7.0,7000.0,1.0,28.9,2016
2.0,2.5,6.0,11.0,7049.0,1.0,45.8,2015
2.0,2.5,13.0,5.5,7100.0,1.0,32.7,2019
2.0,2.9,7.0,8.4,7100.0,1.0,40.7,2005
2.0,4.0,4.0,13.0,7100.0,1.0,46.0,2022
2.0,2.9,19.0,11.0,7100.0,1.0,34.0,2015
2.0,3.8,5.0,7.0,7100.0,1.0,43.8,1930
2.0,4.0,1.0,8.0,7200.0,1.0,42.0,2022
2.0,3.8,20.0,12.2,7200.0,1.0,40.13,2028
2.0,3.7,9.0,5.0,7200.0,1.0,30.4,2017
2.0,4.2,3.0,6.0,7200.0,1.0,32.2,1963
2.0,3.9,2.0,7.9,7280.0,1.0,35.6,1995
2.0,2.5,4.0,10.0,7250.0,1.0,41.5,2025
2.0,2.5,18.0,11.0,7300.0,1.0,38.4,2025
2.0,2.9,10.0,14.4,7300.0,1.0,39.5,2016
2.0,4.0,11.0,10.5,7300.0,1.0,38.8,2018
2.0,4.0,1.0,12.0,7300.0,1.0,51.0,2007
2.0,2.9,12.0,12.0,7300.0,1.0,52.8,2003
2.0,4.2,2.0,6.0,7400.0,1.0,29.3,1969
2.0,2.5,7.0,12.5,7400.0,1.0,40.1,2020
2.0,4.0,16.0,12.0,7350.0,1.0,43.0,2022
2.0,4.4,4.0,22.0,7350.0,1.0,54.3,2014
2.0,2.5,2.0,12.0,7400.0,1.0,46.0,2007
2.0,2.5,8.0,12.0,7400.0,1.0,49.0,2020
2.0,2.5,19.0,11.0,7390.0,1.0,39.6,2020
2.0,2.5,4.0,7.8,7350.0,1.0,35.3,2020
2.0,4.0,11.0,17.3,7450.0,1.0,35.6,2026
2.0,3.7,7.0,5.0,7500.0,1.0,30.9,2016
2.0,3.8,8.0,4.54,7500.0,1.0,22.7,2022
2.0,2.5,17.0,9.5,7500.0,1.0,37.6,2023
2.0,3.8,12.0,17.0,7500.0,1.0,38.9,2021
2.0,4.0,7.0,16.0,7500.0,1.0,39.0,2023
2.0,3.4,3.0,13.5,7590.0,1.0,42.2,2022
2.0,3.9,9.0,5.0,7500.0,1.0,33.0,1977
2.0,2.9,7.0,10.8,7500.0,1.0,39.7,2012
2.0,2.5,17.0,5.0,7500.0,1.0,28.8,2015
2.0,4.0,7.0,13.0,7500.0,1.0,37.2,2022
2.0,4.0,10.0,7.5,7500.0,1.0,46.1,2023
2.0,3.9,12.0,10.0,7500.0,1.0,32.8,2002
2.0,2.5,9.0,11.0,7630.0,1.0,44.0,2011
2.0,2.5,19.0,9.2,7600.0,1.0,38.4,2013
2.0,2.5,6.0,13.0,7700.0,1.0,39.9,2014
2.0,4.0,10.0,6.0,7700.0,1.0,32.0,2024
2.0,2.5,3.0,5.1,7690.0,1.0,51.5,2025
2.0,2.5,11.0,10.0,7690.0,1.0,42.0,2020
2.0,2.5,2.0,15.0,7800.0,1.0,42.6,2022
2.0,2.5,17.0,12.0,7800.0,1.0,39.3,2013
2.0,2.5,9.0,20.0,7750.0,1.0,49.7,2025
2.0,2.5,13.0,16.6,7800.0,1.0,34.9,2020
2.0,2.5,5.0,9.5,7800.0,1.0,34.2,2019
2.0,4.0,6.0,24.0,7800.0,1.0,46.1,2023
2.0,3.7,5.0,17.5,7800.0,1.0,39.9,2017
2.0,2.9,4.0,5.0,7850.0,1.0,36.96,2026
2.0,3.8,14.0,10.0,7880.0,1.0,38.2,2007
2.0,3.9,3.0,10.2,7990.0,1.0,39.0,2002
2.0,3.9,5.0,9.7,7900.0,1.0,38.7,1993
2.0,3.8,14.0,18.9,7990.0,1.0,46.1,2016
2.0,3.8,15.0,10.0,7990.0,1.0,39.4,2024
2.0,2.5,2.0,12.1,7900.0,1.0,37.3,2021
2.0,3.4,3.0,15.0,7999.0,1.0,41.0,2018
2.0,3.8,7.0,12.0,7980.0,1.0,30.0,2007
2.0,3.3,6.0,10.0,8000.0,1.0,33.0,2025
2.0,3.4,6.0,11.6,8000.0,1.0,41.0,2019
2.0,3.4,23.0,19.0,8000.0,1.0,50.0,2019
2.0,3.4,10.0,17.4,8000.0,1.0,41.96,2025
2.0,2.5,7.0,10.0,8000.0,1.0,48.0,2020
2.0,4.0,6.0,18.2,8000.0,1.0,50.19,2022
2.0,2.5,14.0,12.0,8100.0,1.0,36.2,2020
2.0,2.5,11.0,9.4,8100.0,1.0,35.5,2020
2.0,2.5,12.0,12.8,8100.0,1.0,43.1,2016
2.0,4.0,16.0,9.0,8100.0,1.0,39.0,2016
2.0,3.8,21.0,9.540000000000001,8100.0,1.0,47.7,2007
2.0,3.9,8.0,4.1,8100.0,1.0,46.2,2024
2.0,4.0,10.0,14.5,8100.0,1.0,51.7,2023
2.0,3.3,9.0,13.0,8200.0,1.0,39.3,2018
2.0,3.8,14.0,13.4,8200.0,1.0,46.2,2007
2.0,4.0,11.0,11.2,8200.0,1.0,40.1,2005
2.0,3.4,5.0,14.0,8200.0,1.0,43.0,2013
2.0,3.8,25.0,9.9,8250.0,1.0,38.9,2007
2.0,4.0,9.0,7.0,8300.0,1.0,37.6,2023
2.0,3.8,11.0,11.5,8300.0,1.0,43.4,2016
2.0,3.3,21.0,13.2,8450.0,1.0,40.0,2018
2.0,4.0,4.0,19.0,8400.0,1.0,46.0,2010
2.0,3.8,6.0,9.0,8500.0,1.0,35.8,2014
2.0,3.9,3.0,12.5,8500.0,1.0,35.8,2021
2.0,2.9,20.0,11.0,8500.0,1.0,40.2,2025
2.0,3.9,3.0,10.3,8500.0,1.0,38.8,2016
2.0,3.9,23.0,7.7,8500.0,1.0,38.9,2015
2.0,3.8,13.0,10.1,8500.0,1.0,42.6,2015
2.0,3.7,23.0,16.0,8500.0,1.0,41.0,2025
2.0,4.0,15.0,11.0,8500.0,1.0,45.3,2014
2.0,3.3,8.0,14.0,8500.0,1.0,39.7,2020
2.0,3.8,12.0,10.0,8500.0,1.0,41.79,2024
2.0,3.8,4.0,15.8,8550.0,1.0,53.4,2012
2.0,4.0,15.0,7.5,8600.0,1.0,51.2,2023
2.0,2.5,7.0,12.0,8700.0,1.0,43.9,2008
2.0,3.8,16.0,11.0,8700.0,1.0,34.1,2019
2.0,3.8,8.0,23.2,8699.0,1.0,63.7,2001
2.0,4.0,5.0,16.0,8800.0,1.0,38.9,2024
2.0,2.5,5.0,9.0,8950.0,1.0,41.4,2017
2.0,4.0,4.0,25.0,8900.0,1.0,48.1,2018
2.0,2.5,16.0,13.0,8930.0,1.0,40.5,2016
2.0,4.0,11.0,11.0,8990.0,1.0,37.6,2023
2.0,2.5,5.0,9.6,9000.0,1.0,42.2,2010
2.0,3.8,12.0,15.0,9000.0,1.0,60.0,2011
2.0,3.8,13.0,9.6,9000.0,1.0,39.2,2014
2.0,2.5,5.0,7.0,9000.0,1.0,43.4,2019
2.0,3.9,5.0,10.0,9000.0,1.0,42.5,2016
2.0,3.9,7.0,5.0,9000.0,1.0,39.0,2022
2.0,3.4,5.0,13.0,9000.0,1.0,41.0,2023
2.0,2.5,2.0,10.1,9100.0,1.0,49.1,2008
2.0,2.5,10.0,4.6,9100.0,1.0,35.3,2025
2.0,3.7,13.0,11.0,9200.0,1.0,38.7,2017
2.0,4.2,2.0,6.0,9400.0,1.0,30.2,1994
2.0,2.5,4.0,13.0,9350.0,1.0,51.0,2015
2.0,3.8,15.0,12.5,9400.0,1.0,55.0,2018
2.0,2.5,6.0,17.0,9460.0,1.0,62.1,2020
2.0,3.4,21.0,12.0,9450.0,1.0,43.2,2019
2.0,4.0,3.0,7.0,9500.0,1.0,52.0,2022
2.0,2.5,4.0,8.4,9600.0,1.0,38.2,2021
2.0,4.2,6.0,6.0,9700.0,1.0,30.0,1973
2.0,4.0,12.0,14.5,9700.0,1.0,68.5,2023
2.0,4.0,11.0,14.5,9700.0,1.0,68.5,2023
2.0,3.9,3.0,14.1,9650.0,1.0,42.0,2018
2.0,2.5,5.0,8.0,9990.0,1.0,39.0,2020
2.0,4.0,6.0,11.9,10000.0,1.0,41.4,2024
2.0,3.8,8.0,13.0,10000.0,1.0,54.0,2011
2.0,2.5,3.0,13.0,9950.0,1.0,35.0,2014
2.0,2.5,2.0,7.0,10000.0,1.0,55.5,2019
2.0,3.3,15.0,12.0,10120.0,1.0,46.0,2022
2.0,3.8,17.0,15.8,10189.0,1.0,51.7,2012
2.0,3.8,4.0,12.1,10390.0,1.0,48.0,2007
2.0,3.9,12.0,9.0,10350.0,1.0,45.0,2024
2.0,4.2,8.0,14.1,10500.0,1.0,45.3,1994
2.0,4.0,19.0,16.0,10599.0,1.0,52.0,2022
2.0,2.5,20.0,3.0,10800.0,1.0,36.8,2023
2.0,3.9,23.0,15.0,10999.0,1.0,39.0,2021
2.0,4.0,12.0,17.0,11000.0,1.0,45.8,2022
2.0,3.8,4.0,14.2,11000.0,1.0,54.0,2007
2.0,3.4,8.0,12.1,11500.0,1.0,39.5,2025
2.0,2.5,13.0,20.0,11900.0,1.0,45.0,2020
2.0,3.8,5.0,10.4,12000.0,1.0,52.7,2007
2.0,3.9,14.0,12.8,12000.0,1.0,40.7,2002
2.0,3.9,12.0,9.3,12233.0,1.0,34.0,2024
2.0,4.0,10.0,22.4,12500.0,1.0,59.34,2025
2.0,4.0,2.0,5.0,12700.0,1.0,54.4,2025
2.0,4.0,3.0,20.0,12800.0,1.0,63.2,2011
2.0,4.0,1.0,17.0,13000.0,1.0,46.2,2022
2.0,4.0,9.0,11.5,13000.0,1.0,44.3,2022
2.0,3.9,7.0,15.8,13000.0,1.0,50.3,2017
2.0,3.8,6.0,8.6,13000.0,1.0,43.0,2007
2.0,2.5,23.0,15.0,13200.0,1.0,50.0,2020
2.0,4.0,23.0,23.7,13500.0,1.0,61.1,2018
2.0,3.8,9.0,15.0,9800.0,2.0,52.4,2011
2.0,4.0,14.0,15.7,10500.0,2.0,73.03,2022
2.0,4.0,16.0,16.0,9500.0,2.0,53.9,2017
2.0,2.5,7.0,28.0,42000.0,2.0,76.0,2022
2.0,4.0,1.0,25.0,25000.0,2.0,76.4,2019
2.0,4.0,10.0,12.8,9300.0,2.0,64.5,2022
2.0,2.5,20.0,19.0,14600.0,2.0,56.0,2023
2.0,2.5,14.0,10.1,12900.0,2.0,54.1,2021
2.0,4.0,4.0,10.0,10800.0,2.0,39.0,2022
2.0,3.8,3.0,14.7,13000.0,2.0,74.5,2009
2.0,2.9,1.0,6.0,3200.0,1.0,30.0,1975
5.0,4.2,2.0,11.3,3500.0,1.0,43.2,2024
2.0,2.5,3.0,5.0,3700.0,1.0,27.8,1989
2.0,2.5,1.0,5.0,3900.0,1.0,42.3,2020
2.0,4.0,7.0,6.0,4000.0,1.0,30.0,1987
2.0,4.0,3.0,10.9,9700.0,1.0,39.7,2023
4.0,3.4,2.0,8.8,9328.0,2.0,44.0,2028
2.0,3.4,10.0,12.0,7400.0,2.0,41.0,2024
2.0,3.7,10.0,9.4,5000.0,2.0,56.4,2014
4.0,3.3,6.0,7.340000000000001,6459.0,2.0,36.7,2027
2.0,2.5,6.0,12.0,7256.0,2.0,42.0,2009
2.0,3.7,8.0,6.9,3900.0,2.0,45.9,1976
4.0,3.4,3.0,9.732,11460.0,2.0,48.66,2028
2.0,2.9,4.0,12.5,12500.0,2.0,75.1,2010
2.0,4.2,1.0,8.8,6500.0,2.0,51.9,1974
4.0,3.4,1.0,11.14,10917.0,2.0,55.7,2028
2.0,4.0,9.0,15.4,12000.0,2.0,59.78,2025
2.0,4.0,9.0,15.4,12000.0,2.0,59.78,2024
4.0,2.9,14.0,29.6,5400.0,2.0,59.7,2022
2.0,4.2,3.0,6.0,4290.0,2.0,44.9,1972
2.0,3.4,2.0,5.6,4400.0,2.0,42.0,1961
4.0,4.0,11.0,18.7,8230.0,2.0,59.7,2028
2.0,3.4,3.0,6.2,4550.0,2.0,48.9,2019
2.0,3.3,5.0,5.8,4990.0,2.0,42.6,1963
4.0,4.0,24.0,10.9,9500.0,2.0,54.5,2026
2.0,3.7,2.0,9.0,5500.0,2.0,56.0,2024
2.0,2.5,10.0,8.0,5400.0,2.0,50.0,2007
4.0,3.3,3.0,8.66,7490.0,2.0,43.3,2027
2.0,3.7,8.0,10.2,6400.0,2.0,52.5,2015
2.0,2.5,10.0,9.0,5500.0,2.0,52.0,1989
4.0,2.5,16.0,11.3,11582.0,2.0,56.5,2028
2.0,2.9,12.0,12.8,6500.0,2.0,42.4,2025
2.0,2.9,9.0,8.2,6050.0,2.0,47.2,1982
4.0,3.4,6.0,32.3,13890.0,2.0,74.26,2028
2.0,2.9,5.0,24.200000000000003,3300.0,2.0,44.2,1966
4.0,2.9,4.0,14.780000000000001,9703.0,2.0,42.38,2026
2.0,3.7,1.0,6.0,3200.0,2.0,44.9,1966
4.0,4.0,18.0,11.96,11500.0,2.0,59.8,2026
2.0,3.7,5.0,7.0,3700.0,2.0,43.1,1970
4.0,3.3,6.0,11.540000000000001,9687.0,2.0,57.7,2027
2.0,2.9,2.0,5.0,4250.0,2.0,43.6,1968
4.0,3.4,7.0,13.498,12460.0,2.0,67.49,2028
2.0,2.5,3.0,9.6,9200.0,2.0,56.0,2008
4.0,3.4,7.0,14.080000000000002,13868.0,2.0,70.4,2028
2.0,2.9,6.0,8.1,4780.0,2.0,48.0,2015
4.0,3.4,13.0,32.3,14640.0,2.0,74.73,2028
2.0,2.5,2.0,5.9,8590.0,2.0,64.0,2024
2.0,3.3,4.0,6.0,3000.0,2.0,43.4,1966
4.0,3.7,23.0,18.0,6700.0,2.0,46.26,2026
2.0,3.7,3.0,18.0,8700.0,2.0,68.5,2023
2.0,4.0,16.0,16.0,9500.0,2.0,53.9,2017
4.0,4.0,3.0,22.5,8770.0,2.0,62.7,2028
2.0,2.9,23.0,5.0,9290.0,2.0,40.0,2022
2.0,2.9,2.0,6.5,4000.0,2.0,41.6,1984
4.0,3.3,8.0,5.1,5925.0,2.0,45.6,2028
2.0,2.9,8.0,10.0,10200.0,2.0,70.0,2007
2.0,3.4,5.0,8.0,3400.0,2.0,42.0,1962
4.0,4.0,9.0,27.8,11560.0,2.0,81.53,2026
2.0,3.7,10.0,11.0,4150.0,2.0,37.3,2017
2.0,4.4,2.0,8.1,3500.0,2.0,47.4,2013
4.0,4.0,14.0,7.2,11000.0,2.0,48.0,2026
2.0,4.2,1.0,18.0,4200.0,2.0,75.4,2024
2.0,3.7,1.0,5.8,3890.0,2.0,42.8,1965
4.0,3.3,19.0,9.120000000000001,7749.0,2.0,45.6,2027
2.0,2.9,4.0,8.0,4300.0,2.0,45.0,2015
2.0,2.5,1.0,12.5,4100.0,2.0,63.9,2024
4.0,2.5,6.0,12.3,13576.0,2.0,65.28,2027
2.0,2.5,4.0,6.1,4500.0,2.0,45.0,1959
5.0,3.7,1.0,5.8,4200.0,2.0,42.9,2017
4.0,4.0,7.0,12.72,9000.0,2.0,63.6,2028
2.0,3.4,5.0,6.0,4599.0,2.0,43.0,1965
2.0,4.0,3.0,6.0,4200.0,2.0,45.7,1961
4.0,3.3,4.0,12.740000000000002,10563.0,2.0,63.7,2027
2.0,2.9,4.0,4.0,4250.0,2.0,44.7,2015
2.0,2.9,2.0,6.1,9790.0,2.0,60.3,2027
2.0,4.0,1.0,9.7,4899.0,2.0,52.7,2012
2.0,2.9,2.0,6.0,4290.0,2.0,44.0,1982
4.0,2.5,2.0,18.0,15750.0,2.0,90.0,2025
2.0,4.0,5.0,10.0,4900.0,2.0,44.4,1969
2.0,2.5,1.0,6.1,4250.0,2.0,44.0,1980
4.0,3.3,16.0,12.040000000000001,10414.0,2.0,60.2,2027
2.0,3.4,9.0,7.0,5100.0,2.0,44.0,2019
5.0,4.4,6.0,7.5,4300.0,2.0,43.1,1988
4.0,2.5,19.0,16.9,12917.0,2.0,62.02,2027
2.0,4.4,6.0,14.0,5148.0,2.0,37.0,2013
2.0,3.4,5.0,6.8,4400.0,2.0,43.1,2019
2.0,2.9,8.0,13.636000000000003,11390.0,2.0,68.18,2026
2.0,2.9,3.0,12.0,5250.0,2.0,41.0,2013
2.0,3.3,2.0,5.2,4400.0,2.0,42.5,1960
4.0,4.0,15.0,5.1,10400.0,2.0,46.2,2026
2.0,3.9,4.0,6.9,5300.0,2.0,49.3,1935
2.0,3.4,3.0,10.0,4450.0,2.0,43.2,1975
4.0,2.5,7.0,10.9,13658.0,2.0,62.85,2027
2.0,2.9,5.0,8.0,5300.0,2.0,52.3,2015
2.0,2.9,1.0,8.0,4500.0,2.0,46.4,2015
4.0,3.3,2.0,6.0,5212.0,2.0,40.7,2028
2.0,2.9,1.0,8.8,5350.0,2.0,50.3,1992
2.0,3.3,1.0,11.0,4500.0,2.0,38.0,2023
4.0,4.0,11.0,12.7,12400.0,2.0,57.4,2028
2.0,2.5,8.0,8.7,5390.0,2.0,50.8,1986
2.0,3.4,5.0,6.7,4500.0,2.0,43.2,1975
4.0,3.4,4.0,7.904000000000001,7864.0,2.0,39.52,2025
2.0,3.4,6.0,7.0,5400.0,2.0,42.3,2019
2.0,3.7,1.0,5.8,4550.0,2.0,42.6,1964
2.0,2.9,2.0,13.892,11090.0,2.0,69.46,2026
2.0,2.9,9.0,9.0,5570.0,2.0,50.6,2015
2.0,2.5,3.0,6.0,4800.0,2.0,43.0,2020
4.0,4.0,19.0,4.6,12550.0,2.0,63.5,2028
2.0,3.9,1.0,5.6,5500.0,2.0,43.3,1967
2.0,3.3,4.0,10.0,4999.0,2.0,37.3,2017
4.0,2.9,17.0,11.8,6700.0,2.0,59.0,2025
2.0,2.9,1.0,6.0,3900.0,2.0,42.9,2015
2.0,3.4,2.0,8.5,6000.0,2.0,49.9,2008
4.0,4.0,14.0,5.5,11847.0,2.0,53.87,2026
2.0,3.7,14.0,18.0,3750.0,2.0,42.0,2014
4.0,2.9,2.0,12.96,10103.0,2.0,45.96,2026
2.0,2.5,4.0,5.8,6050.0,2.0,42.0,1967
2.0,4.0,9.0,6.8,6300.0,2.0,45.6,2022
4.0,2.5,26.0,19.6,13588.0,2.0,68.71,2027
2.0,3.3,7.0,8.0,5050.0,2.0,52.6,1978
4.0,4.0,3.0,4.4,10562.0,2.0,49.8,2025
2.0,4.0,5.0,6.7,6180.0,2.0,43.1,1973
2.0,3.8,7.0,28.099999999999998,8600.0,2.0,53.9,2007
4.0,3.4,17.0,13.100000000000001,11400.0,2.0,65.5,2025
2.0,2.5,9.0,11.8,10500.0,2.0,67.6,2020
2.0,2.9,4.0,5.2,4100.0,2.0,44.1,1964
4.0,2.5,2.0,31.939999999999998,22820.0,2.0,159.7,2025
2.0,2.5,2.0,11.5,7950.0,2.0,54.8,1994
2.0,3.7,3.0,6.0,3350.0,2.0,44.0,1979
4.0,4.0,23.0,6.5,9764.0,2.0,37.68,2026
2.0,2.9,4.0,10.1,9700.0,2.0,60.7,2020
5.0,3.8,1.0,6.0,7200.0,2.0,46.0,1962
4.0,2.5,2.0,26.12,21800.0,2.0,130.6,2025
2.0,2.5,4.0,12.0,5500.0,2.0,58.1,2020
2.0,3.7,5.0,5.5,3350.0,2.0,43.7,1967
4.0,3.9,14.0,17.2,10600.0,2.0,48.4,2025
2.0,2.9,2.0,6.9,3770.0,2.0,44.4,1975
4.0,4.0,25.0,5.6,9717.0,2.0,35.7,2026
2.0,3.8,3.0,6.0,5900.0,2.0,41.0,1960
2.0,3.3,4.0,10.0,5590.0,2.0,58.4,1954
4.0,3.9,6.0,11.36,13300.0,2.0,56.8,2024
2.0,3.9,4.0,10.0,6400.0,2.0,40.1,1969
4.0,3.8,29.0,35.7,20960.0,2.0,132.35,2026
2.0,3.8,5.0,6.0,7500.0,2.0,43.3,1964
2.0,3.7,3.0,6.0,4070.0,2.0,44.1,1973
4.0,3.3,5.0,10.9,6377.0,2.0,50.8,2028
4.0,3.8,8.0,39.4,22100.0,2.0,202.5,2024
4.0,4.0,8.0,29.8,14210.0,2.0,77.26,2026
2.0,3.3,9.0,13.0,7500.0,2.0,53.0,2024
2.0,4.0,10.0,12.8,9300.0,2.0,64.5,2022
4.0,3.9,4.0,5.1,9100.0,2.0,46.51,2028
2.0,3.9,6.0,17.7,5550.0,2.0,44.9,1982
4.0,4.0,13.0,8.440000000000001,11900.0,2.0,42.2,2024
2.0,4.0,6.0,11.4,9990.0,2.0,54.1,2007
2.0,2.9,5.0,6.0,3250.0,2.0,44.0,2015
4.0,3.7,20.0,18.0,6650.0,2.0,46.26,2026
2.0,3.4,3.0,4.1,11000.0,2.0,46.0,2020
2.0,3.4,2.0,10.378,8720.0,2.0,51.89,2028
4.0,3.4,8.0,11.934000000000001,10740.0,2.0,59.67,2025
2.0,3.7,2.0,5.0,3750.0,2.0,45.3,2017
4.0,3.7,4.0,6.2,5700.0,2.0,42.0,2028
2.0,3.4,4.0,6.0,6800.0,2.0,43.5,1969
2.0,4.0,5.0,7.0,3900.0,2.0,37.1,1988
4.0,2.5,4.0,20.3,8498.0,2.0,68.77,2026
2.0,2.5,4.0,6.0,9900.0,2.0,59.7,2024
2.0,3.7,1.0,15.0,2500.0,2.0,31.0,2013
4.0,3.8,27.0,25.922000000000004,20540.0,2.0,129.61,2027
2.0,2.5,19.0,19.1,13600.0,2.0,59.0,2025
2.0,2.9,5.0,6.0,4099.0,2.0,44.6,1968
4.0,2.9,1.0,7.2,5552.0,2.0,43.86,2026
2.0,2.9,7.0,10.5,7177.0,2.0,50.7,1996
4.0,3.3,2.0,10.8,6928.0,2.0,54.1,2028
2.0,4.0,1.0,18.1,10000.0,2.0,70.5,2013
2.0,3.7,2.0,8.0,3299.0,2.0,39.3,2017
4.0,3.9,8.0,8.1,10725.0,2.0,50.89,2028
2.0,4.0,5.0,5.8,4050.0,2.0,36.5,1987
4.0,2.9,7.0,12.4,10925.0,2.0,62.0,2026
2.0,2.5,1.0,8.5,5700.0,2.0,61.9,1964
2.0,3.7,1.0,6.0,3760.0,2.0,44.0,1966
4.0,4.0,9.0,18.1,12650.0,2.0,63.77,2026
2.0,3.3,17.0,10.0,7000.0,2.0,43.0,2021
2.0,3.4,2.0,4.0,4100.0,2.0,34.0,1960
4.0,3.9,13.0,9.76,12000.0,2.0,48.8,2024
2.0,2.9,2.0,6.0,6200.0,2.0,45.1,2015
2.0,3.4,5.0,5.8,4190.0,2.0,44.4,1964
4.0,3.7,12.0,18.0,7220.0,2.0,46.63,2026
2.0,2.5,10.0,25.0,9600.0,2.0,65.0,2013
2.0,3.3,5.0,7.0,5990.0,2.0,44.8,2017
2.0,3.8,1.0,9.0,8400.0,2.0,52.8,1986
2.0,4.2,4.0,10.0,5950.0,2.0,65.3,1999
2.0,2.9,2.0,9.2,7100.0,2.0,52.1,2015
2.0,3.9,5.0,5.6,6000.0,2.0,42.5,1966
4.0,2.5,2.0,3.5,7200.0,2.0,44.5,2026
2.0,2.9,9.0,5.0,6700.0,2.0,51.6,2023
4.0,3.4,4.0,12.608,11095.0,2.0,63.04,2025
2.0,3.4,8.0,9.0,6750.0,2.0,49.9,1993
2.0,3.7,3.0,11.0,6100.0,2.0,51.0,2022
4.0,3.4,4.0,4.9,6986.0,2.0,42.8,2026
2.0,3.4,9.0,6.0,6290.0,2.0,43.0,1980
4.0,3.3,10.0,8.32,5750.0,2.0,41.6,2027
2.0,3.4,8.0,8.0,7199.0,2.0,44.1,2016
2.0,2.5,25.0,18.0,6200.0,2.0,45.0,2021
4.0,2.9,3.0,11.23,6100.0,2.0,56.15,2026
2.0,4.0,5.0,10.0,10150.0,2.0,65.0,2023
2.0,3.4,5.0,6.0,6550.0,2.0,50.0,2021
4.0,3.4,4.0,14.12,12295.0,2.0,70.6,2027
2.0,3.8,3.0,8.0,7700.0,2.0,51.5,1933
2.0,2.5,6.0,12.0,6680.0,2.0,58.0,2011
4.0,3.3,14.0,27.9,8622.0,2.0,67.0,2028
2.0,2.5,9.0,11.8,27800.0,2.0,65.0,2023
2.0,4.0,14.0,10.0,6700.0,2.0,41.0,2023
4.0,4.0,15.0,7.6,15350.0,2.0,60.6,2024
2.0,4.0,24.0,13.0,9500.0,2.0,55.0,2024
2.0,2.9,1.0,8.3,6700.0,2.0,53.4,2015
4.0,2.5,14.0,30.5,12750.0,2.0,73.58,2028
2.0,2.9,6.0,12.1,11190.0,2.0,54.32,2021
2.0,2.9,9.0,12.0,6700.0,2.0,51.6,2023
4.0,3.7,12.0,16.4,7500.0,2.0,56.0,2025
2.0,3.8,3.0,22.1,26900.0,2.0,64.5,2023
2.0,4.0,4.0,6.9,6900.0,2.0,42.0,1979
2.0,3.3,11.0,13.080000000000002,8500.0,2.0,65.4,2026
2.0,3.8,8.0,9.0,9190.0,2.0,53.0,1987
2.0,3.7,5.0,11.1,7100.0,2.0,63.0,2015
4.0,2.5,3.0,9.020000000000001,7165.0,2.0,45.1,2027
2.0,4.2,1.0,5.6,8500.0,2.0,44.0,1962
4.0,3.7,23.0,17.8,9940.0,2.0,69.13,2026
2.0,3.9,17.0,31.0,15000.0,2.0,50.0,2002
2.0,4.2,7.0,10.0,7250.0,2.0,53.9,1981
4.0,2.9,11.0,22.1,7346.0,2.0,57.0,2026
2.0,2.5,3.0,18.7,11750.0,2.0,59.5,2020
2.0,3.3,9.0,5.0,7350.0,2.0,42.0,2025
4.0,3.3,13.0,12.980000000000002,7120.0,2.0,64.9,2027
2.0,2.5,16.0,10.4,7800.0,2.0,61.4,2014
2.0,3.4,3.0,9.3,7400.0,2.0,57.8,2019
4.0,4.0,11.0,8.840000000000002,9540.0,2.0,44.2,2028
2.0,2.5,7.0,25.2,23990.0,2.0,149.5,2022
2.0,2.5,3.0,10.0,7550.0,2.0,50.1,2024
4.0,3.4,2.0,19.5,7787.0,2.0,44.6,2026
2.0,2.9,18.0,19.7,7300.0,2.0,49.4,2020
4.0,2.9,3.0,5.0,8756.0,2.0,50.3,2026
2.0,4.2,5.0,10.0,5500.0,2.0,60.7,2024
2.0,4.0,10.0,5.0,7200.0,2.0,54.4,2024
4.0,4.0,4.0,4.5,10435.0,2.0,49.2,2025
2.0,2.9,4.0,9.0,6000.0,2.0,61.47,2025
4.0,3.7,2.0,4.8,5600.0,2.0,38.8,2028
2.0,2.9,4.0,6.0,4150.0,2.0,47.9,1988
4.0,2.9,2.0,5.0,9939.0,2.0,57.2,2026
2.0,2.9,17.0,18.2,5900.0,2.0,53.7,2024
2.0,3.3,5.0,7.8,5100.0,2.0,53.0,1976
4.0,2.9,14.0,8.340000000000002,4700.0,2.0,41.7,2026
2.0,3.8,2.0,6.0,5800.0,2.0,43.4,1960
2.0,2.9,18.0,10.8,5050.0,2.0,54.0,2025
4.0,2.5,20.0,17.299999999999997,8570.0,2.0,43.8,2026
4.0,3.8,29.0,21.3,21360.0,2.0,106.5,2027
2.0,2.9,10.0,10.0,5380.0,2.0,50.3,2015
4.0,4.0,5.0,10.68,6550.0,2.0,53.4,2010
2.0,2.9,8.0,7.1,4500.0,2.0,46.7,2015
4.0,3.7,1.0,10.4,6700.0,2.0,53.3,2028
4.0,3.7,4.0,20.0,9640.0,2.0,64.8,2028
2.0,2.5,1.0,12.442,8647.0,2.0,62.21,2026
2.0,2.5,9.0,28.799999999999997,7250.0,2.0,64.8,2020
4.0,4.0,7.0,5.0,7900.0,2.0,45.2,2025
2.0,3.4,5.0,6.0,4450.0,2.0,45.1,1978
4.0,3.7,1.0,5.7,5800.0,2.0,43.2,2028
2.0,3.7,6.0,7.0,3800.0,2.0,43.9,1989
2.0,4.2,6.0,11.056000000000001,11190.0,2.0,55.28,2028
2.0,3.3,4.0,8.1,5500.0,2.0,51.0,2010
2.0,2.9,5.0,6.0,3590.0,2.0,44.4,1965
4.0,3.7,13.0,14.3,9000.0,2.0,75.94,2026
2.0,3.7,1.0,8.0,5000.0,2.0,59.7,1951
2.0,2.9,1.0,7.0,3800.0,2.0,44.0,1982
4.0,4.0,18.0,5.2,9472.0,2.0,40.2,2025
2.0,4.0,5.0,5.7,6050.0,2.0,45.7,2022
4.0,2.9,17.0,29.3,7500.0,2.0,58.5,2026
2.0,4.4,17.0,19.7,4000.0,2.0,67.0,2012
4.0,4.0,20.0,6.1,14300.0,2.0,67.3,2025
2.0,4.4,2.0,7.0,3540.0,2.0,47.3,1958
2.0,2.9,25.0,10.700000000000001,4950.0,2.0,53.5,2025
2.0,3.3,1.0,6.0,4690.0,2.0,43.0,1960
4.0,2.9,8.0,12.086,7380.0,2.0,60.43,2024
2.0,3.4,3.0,5.8,4000.0,2.0,45.1,1962
2.0,2.9,24.0,10.72,4950.0,2.0,53.6,2025
2.0,3.3,1.0,6.0,3400.0,2.0,44.5,2017
4.0,3.9,13.0,12.540000000000001,15800.0,2.0,62.7,2024
2.0,2.9,3.0,6.0,4100.0,2.0,42.0,1966
4.0,4.0,13.0,5.9,9820.0,2.0,45.7,2025
2.0,2.9,4.0,4.9,3850.0,2.0,41.4,1951
4.0,2.9,6.0,5.0,9090.0,2.0,51.7,2026
4.0,3.9,11.0,10.4,13570.0,2.0,68.0,2028
4.0,3.7,4.0,5.5,6000.0,2.0,44.4,2028
2.0,2.5,5.0,4.0,7200.0,2.0,43.8,2020
2.0,2.5,20.0,15.590000000000002,13921.0,2.0,77.95,2023
2.0,3.3,2.0,8.4,2900.0,2.0,47.3,1958
4.0,2.5,5.0,19.9,8821.0,2.0,69.98,2026
2.0,3.3,5.0,6.0,3890.0,2.0,43.7,1968
4.0,2.5,19.0,19.0,9980.0,2.0,66.86,2028
2.0,4.2,2.0,7.0,4150.0,2.0,43.0,1994
4.0,4.0,13.0,4.6,7300.0,2.0,37.5,2025
2.0,3.3,2.0,6.0,3800.0,2.0,44.1,1971
2.0,2.5,2.0,17.272000000000002,13466.0,2.0,86.36,2024
5.0,4.2,9.0,13.7,8500.0,2.0,55.0,2014
4.0,2.5,17.0,44.0,13690.0,2.0,90.1,2026
2.0,4.0,15.0,8.895999999999999,8470.0,2.0,44.48,2027
4.0,4.0,5.0,8.16,8690.0,2.0,40.8,2028
2.0,3.3,6.0,5.0,5200.0,2.0,41.0,2017
2.0,2.9,3.0,7.0,3960.0,2.0,42.8,1984
4.0,2.5,22.0,18.7,6000.0,2.0,38.95,2026
4.0,4.0,8.0,15.202000000000002,10900.0,2.0,76.01,2024
4.0,2.5,15.0,36.6,14670.0,2.0,93.07,2026
2.0,3.7,4.0,10.0,5299.0,2.0,63.0,2014
2.0,4.4,1.0,13.0,3550.0,2.0,41.0,2013
4.0,2.5,2.0,19.9,8809.0,2.0,70.5,2026
2.0,2.5,1.0,5.7,4800.0,2.0,42.8,2020
4.0,2.5,12.0,6.3500000000000005,6200.0,2.0,31.75,2026
2.0,3.4,2.0,6.0,4000.0,2.0,41.0,1964
4.0,3.3,3.0,5.0,5666.0,2.0,42.7,2027
2.0,3.8,7.0,13.380000000000003,12560.0,2.0,66.9,2026
2.0,4.2,5.0,9.522,10490.0,2.0,47.61,2028
2.0,2.5,1.0,8.5,4000.0,2.0,47.4,1950
2.0,4.2,2.0,12.518,11090.0,2.0,62.59,2028
2.0,2.9,14.0,14.2,10000.0,2.0,66.8,2015
4.0,3.3,18.0,5.0,11600.0,2.0,76.1,2025
4.0,2.9,2.0,14.62,6600.0,2.0,73.1,2026
2.0,3.3,10.0,10.0,6500.0,2.0,57.9,2014
4.0,3.4,9.0,4.9,6300.0,2.0,43.5,2027
2.0,2.5,7.0,10.6,8200.0,2.0,42.9,2020
2.0,3.7,5.0,6.0,3100.0,1.0,46.0,2017
2.0,4.2,4.0,14.786000000000001,12990.0,2.0,73.93,2028
2.0,3.9,20.0,6.0,15500.0,2.0,40.8,2019
2.0,2.9,1.0,6.0,3500.0,2.0,44.0,1969
4.0,3.7,2.0,16.1,9020.0,2.0,59.5,2028
2.0,2.5,6.0,4.0,5600.0,2.0,45.0,1970
4.0,4.0,18.0,5.2,6900.0,2.0,33.0,2025
4.0,2.9,11.0,13.2,11171.0,2.0,59.4,2026
2.0,3.7,1.0,7.4,3900.0,2.0,42.9,1968
4.0,3.4,12.0,8.594,7400.0,2.0,42.97,2026
2.0,2.9,14.0,9.7,9300.0,2.0,59.3,2020
2.0,4.4,3.0,9.6,3400.0,2.0,43.4,1980
2.0,3.3,12.0,13.040000000000001,7000.0,2.0,65.2,2028
2.0,3.4,4.0,5.5,5600.0,2.0,44.0,1968
2.0,2.5,1.0,10.0,4790.0,2.0,55.2,2020
4.0,2.9,4.0,13.4,6350.0,2.0,67.0,2026
2.0,3.4,1.0,6.0,5299.0,2.0,44.0,1968
5.0,4.0,18.0,12.0,10490.0,2.0,58.0,2023
2.0,4.2,3.0,12.344000000000001,11590.0,2.0,61.72,2028
2.0,3.7,5.0,6.0,4000.0,2.0,44.0,1968
2.0,2.9,16.0,12.700000000000001,6300.0,2.0,63.5,2026
2.0,2.9,4.0,5.2,4180.0,2.0,43.9,1972
4.0,2.5,19.0,13.5,8049.0,2.0,61.35,2026
4.0,3.4,13.0,15.450000000000003,7872.0,2.0,39.45,2026
2.0,3.8,10.0,15.2,12800.0,2.0,81.6,2011
4.0,2.9,8.0,14.240000000000002,6500.0,2.0,71.2,2026
2.0,2.5,9.0,5.0,3999.0,2.0,64.0,2023
4.0,4.0,4.0,6.0,6600.0,2.0,32.4,2025
2.0,3.7,4.0,26.9,11700.0,2.0,52.9,2016
4.0,3.3,1.0,7.340000000000001,4750.0,2.0,36.7,2027
2.0,3.3,1.0,6.0,3500.0,2.0,42.4,1960
4.0,2.5,16.0,10.2,8305.0,2.0,63.84,2026
2.0,2.5,6.0,8.0,5850.0,2.0,53.0,2008
2.0,2.9,4.0,5.5,3850.0,2.0,46.5,1968
2.0,2.9,5.0,6.0,4150.0,2.0,44.3,1970
2.0,2.9,5.0,5.5,4150.0,2.0,42.3,1970
2.0,4.2,3.0,5.6,4150.0,2.0,46.6,1994
2.0,3.3,3.0,6.7,4200.0,2.0,43.5,1988
2.0,3.4,1.0,6.0,4200.0,2.0,45.6,1965
2.0,4.4,5.0,5.8,4200.0,2.0,45.9,1966
2.0,3.3,4.0,5.5,4200.0,2.0,43.7,1972
2.0,3.7,10.0,13.8,4200.0,2.0,40.3,2024
2.0,3.4,3.0,6.1,4200.0,2.0,41.0,1960
2.0,2.9,4.0,10.0,4200.0,2.0,40.0,2021
2.0,4.4,16.0,5.0,4200.0,2.0,44.0,2015
2.0,3.7,7.0,13.9,4200.0,2.0,43.0,2024
2.0,3.7,4.0,9.9,4200.0,2.0,53.2,2017
2.0,4.0,2.0,7.0,4200.0,2.0,44.6,2022
2.0,3.3,4.0,6.0,4200.0,2.0,44.0,2017
2.0,2.5,5.0,6.0,4200.0,2.0,46.0,1972
2.0,4.2,4.0,5.3,4200.0,2.0,43.9,1969
2.0,3.4,1.0,7.0,4200.0,2.0,60.2,1957
2.0,2.9,1.0,7.0,4200.0,2.0,43.0,2015
2.0,3.7,5.0,9.0,4200.0,2.0,59.0,1968
2.0,4.4,3.0,5.7,4250.0,2.0,49.3,2013
2.0,3.7,5.0,5.8,4250.0,2.0,45.9,1964
2.0,3.7,1.0,9.0,4250.0,2.0,44.5,2017
2.0,3.3,3.0,5.9,4250.0,2.0,46.0,1989
2.0,3.7,10.0,22.0,4299.0,2.0,48.0,2023
2.0,4.2,1.0,7.9,4300.0,2.0,53.9,1994
2.0,4.4,5.0,7.0,4300.0,2.0,43.0,1977
2.0,3.7,1.0,8.0,4320.0,2.0,58.0,2019
2.0,3.9,5.0,6.0,4300.0,2.0,42.7,1965
2.0,4.2,2.0,8.4,4300.0,2.0,53.3,1993
2.0,2.9,4.0,5.8,4300.0,2.0,43.7,1972
2.0,3.4,5.0,6.8,4300.0,2.0,42.3,1976
2.0,2.9,1.0,5.9,4300.0,2.0,45.0,1966
2.0,2.9,5.0,6.0,4300.0,2.0,42.0,1961
2.0,2.9,13.0,5.3,4300.0,2.0,35.0,2024
2.0,2.9,1.0,9.0,4300.0,2.0,53.2,1985
2.0,2.9,1.0,14.0,4300.0,2.0,39.7,2017
2.0,3.7,4.0,14.0,4300.0,2.0,63.5,2018
2.0,3.7,8.0,8.7,4300.0,2.0,42.8,2001
2.0,4.0,1.0,8.1,4300.0,2.0,50.5,1963
2.0,2.9,5.0,5.6,4300.0,2.0,42.3,2015
2.0,2.5,3.0,5.8,4300.0,2.0,44.3,1970
2.0,3.4,1.0,6.0,4300.0,2.0,41.6,1959
2.0,3.7,2.0,12.0,4300.0,2.0,58.0,2012
2.0,2.5,1.0,7.0,4300.0,2.0,46.0,1971
2.0,2.9,7.0,7.4,4300.0,2.0,44.1,1972
2.0,2.9,5.0,6.2,4330.0,2.0,43.3,1963
2.0,2.9,1.0,5.1,4300.0,2.0,41.6,1975
2.0,2.9,2.0,7.9,4350.0,2.0,52.4,2015
2.0,2.9,4.0,6.0,4380.0,2.0,44.0,1940
2.0,3.4,3.0,5.1,4399.0,2.0,43.2,1975
2.0,2.9,5.0,5.8,4350.0,2.0,45.1,1972
2.0,3.9,1.0,5.8,4380.0,2.0,39.0,1932
2.0,4.4,13.0,10.0,4350.0,2.0,40.0,2015
2.0,2.9,5.0,7.2,4399.0,2.0,45.0,1977
2.0,2.9,2.0,7.1,4350.0,2.0,45.3,2015
2.0,4.0,3.0,6.0,4390.0,2.0,44.8,1963
2.0,3.7,4.0,14.0,4350.0,2.0,47.0,1967
2.0,3.7,1.0,12.2,4390.0,2.0,52.3,2017
2.0,3.3,8.0,10.0,4400.0,2.0,38.0,2017
2.0,2.5,6.0,6.2,4400.0,2.0,40.0,2020
2.0,3.7,6.0,5.0,4400.0,2.0,40.6,2019
2.0,2.9,1.0,6.0,4400.0,2.0,44.0,1975
2.0,3.3,1.0,6.3,4400.0,2.0,42.6,2017
2.0,3.4,1.0,5.8,4400.0,2.0,42.8,1971
2.0,3.7,1.0,5.5,4400.0,2.0,44.3,1964
2.0,2.9,1.0,30.0,4400.0,2.0,46.0,2015
2.0,4.4,5.0,5.6,4400.0,2.0,43.1,2013
2.0,3.7,3.0,10.0,4400.0,2.0,41.1,2024
2.0,2.5,4.0,7.0,4400.0,2.0,44.6,1980
2.0,3.3,2.0,6.0,4400.0,2.0,41.9,1967
2.0,4.2,6.0,9.3,4400.0,2.0,44.2,1976
2.0,3.7,12.0,10.0,4450.0,2.0,37.0,2017
2.0,2.9,5.0,6.0,4499.0,2.0,47.1,2015
2.0,3.4,1.0,5.8,4450.0,2.0,42.5,1965
2.0,3.7,4.0,5.9,4450.0,2.0,44.0,1973
2.0,2.9,5.0,5.9,4450.0,2.0,44.7,1971
2.0,2.9,5.0,6.1,4450.0,2.0,43.0,1963
2.0,3.3,3.0,6.6,4490.0,2.0,42.6,1972
2.0,3.7,1.0,8.9,4490.0,2.0,53.3,2002
2.0,4.4,5.0,6.0,4450.0,2.0,46.1,1966
2.0,2.9,5.0,5.0,4450.0,2.0,44.0,2023
2.0,4.2,1.0,5.5,4500.0,2.0,43.5,1994
2.0,3.4,4.0,6.4,4500.0,2.0,42.3,1975
2.0,3.7,1.0,7.2,4500.0,2.0,44.0,1978
2.0,4.0,1.0,10.0,4500.0,2.0,52.0,2022
2.0,2.9,5.0,6.0,4500.0,2.0,44.2,2015
2.0,4.0,2.0,6.0,4500.0,2.0,42.0,2022
2.0,3.3,3.0,8.0,4500.0,2.0,64.5,1952
2.0,4.4,5.0,6.0,4500.0,2.0,45.3,1965
2.0,2.9,1.0,5.4,4500.0,2.0,47.6,1975
2.0,2.5,2.0,5.6,4500.0,2.0,43.3,1972
2.0,3.3,2.0,8.0,4500.0,2.0,35.4,2005
2.0,3.9,5.0,5.1,4500.0,2.0,42.6,1965
2.0,3.4,1.0,6.0,4500.0,2.0,42.7,1975
2.0,3.4,4.0,7.0,4500.0,2.0,44.0,1974
2.0,4.2,4.0,8.0,4500.0,2.0,49.6,1994
2.0,4.4,8.0,8.0,4500.0,2.0,39.0,2012
2.0,3.7,4.0,5.5,4500.0,2.0,44.0,2017
2.0,2.5,12.0,9.3,4500.0,2.0,55.6,2026
2.0,3.7,9.0,10.0,4500.0,2.0,40.5,2022
2.0,3.3,5.0,6.0,4500.0,2.0,42.7,2017
2.0,4.0,1.0,5.8,4550.0,2.0,46.0,1974
2.0,3.3,5.0,6.0,4550.0,2.0,44.0,1962
2.0,3.4,3.0,6.2,4550.0,2.0,48.9,1947
2.0,3.7,1.0,7.0,4599.0,2.0,47.0,1970
2.0,2.5,9.0,6.0,4550.0,2.0,42.9,2024
2.0,2.5,2.0,14.0,4599.0,2.0,48.0,2024
2.0,4.4,8.0,6.0,4550.0,2.0,42.5,2013
2.0,2.9,4.0,5.9,4590.0,2.0,42.4,2015
2.0,3.3,4.0,5.9,4580.0,2.0,43.7,1969
2.0,3.3,2.0,6.0,4600.0,2.0,46.0,2017
2.0,3.4,3.0,9.0,4600.0,2.0,33.0,2019
2.0,4.4,1.0,7.0,4600.0,2.0,42.4,1985
2.0,3.7,2.0,7.9,4600.0,2.0,48.0,1999
2.0,2.9,3.0,6.0,4600.0,2.0,43.0,1969
2.0,2.9,4.0,10.7,4600.0,2.0,45.7,2021
2.0,4.0,4.0,5.8,4600.0,2.0,41.4,1963
2.0,2.9,8.0,8.7,4600.0,2.0,48.3,1989
2.0,2.9,1.0,4.0,4600.0,2.0,34.8,1972
2.0,2.9,5.0,7.0,4600.0,2.0,44.8,1978
2.0,2.5,2.0,13.0,4600.0,2.0,56.3,1904
2.0,2.9,3.0,7.2,4600.0,2.0,44.7,1970
2.0,2.9,5.0,6.9,4600.0,2.0,43.5,1962
2.0,4.0,4.0,6.0,4600.0,2.0,43.6,2022
2.0,3.7,4.0,6.0,4600.0,2.0,44.1,2017
2.0,2.5,8.0,25.0,4690.0,2.0,54.9,2015
2.0,3.7,1.0,15.0,4650.0,2.0,41.8,2014
2.0,3.7,1.0,10.0,4650.0,2.0,59.8,2012
2.0,2.5,1.0,8.0,4650.0,2.0,50.6,1990
2.0,2.9,1.0,7.0,4650.0,2.0,44.0,2006
2.0,4.4,3.0,7.3,4650.0,2.0,60.5,1958
2.0,2.9,5.0,4.0,4653.0,2.0,46.48,2015
2.0,4.2,4.0,8.9,4680.0,2.0,46.1,1974
2.0,4.4,1.0,7.0,4650.0,2.0,55.4,2013
2.0,2.9,2.0,8.8,4650.0,2.0,48.6,1988
2.0,2.9,4.0,9.4,4700.0,2.0,55.1,2014
2.0,4.0,3.0,6.0,4700.0,2.0,44.1,1964
2.0,4.0,2.0,9.0,4700.0,2.0,54.0,2022
2.0,3.7,12.0,8.0,4700.0,2.0,43.2,2017
2.0,4.0,3.0,5.2,4700.0,2.0,44.2,1963
2.0,3.3,2.0,8.0,4700.0,2.0,42.0,1961
2.0,4.2,1.0,10.0,4700.0,2.0,38.0,1989
2.0,4.2,4.0,6.0,4700.0,2.0,39.0,1968
2.0,2.9,7.0,15.0,4700.0,2.0,37.0,2020
2.0,2.9,1.0,7.0,4700.0,2.0,43.3,1983
2.0,2.5,1.0,8.1,4740.0,2.0,49.4,2008
2.0,3.4,3.0,7.0,4700.0,2.0,43.7,1975
2.0,3.3,4.0,6.0,4700.0,2.0,43.0,1982
2.0,3.7,1.0,10.7,4700.0,2.0,67.2,1949
2.0,2.5,1.0,4.0,4700.0,2.0,42.0,1961
2.0,2.9,3.0,6.7,4700.0,2.0,43.0,1990
2.0,2.5,9.0,12.0,4700.0,2.0,63.5,2020
2.0,3.9,1.0,31.0,4700.0,2.0,52.2,1990
2.0,2.9,3.0,6.0,4750.0,2.0,39.9,2023
2.0,2.5,5.0,12.1,4750.0,2.0,57.6,2020
2.0,2.5,1.0,6.7,4750.0,2.0,45.3,2007
2.0,3.7,3.0,6.8,4750.0,2.0,44.7,1990
2.0,4.0,2.0,7.3,4750.0,2.0,44.8,1977
2.0,3.3,5.0,6.0,4750.0,2.0,45.7,1963
2.0,2.9,5.0,6.6,4750.0,2.0,44.0,2015
2.0,3.7,8.0,9.1,4780.0,2.0,55.3,2017
2.0,3.3,5.0,6.0,4750.0,2.0,43.0,1973
2.0,4.0,4.0,5.4,4750.0,2.0,41.9,1963
2.0,4.2,4.0,7.9,4800.0,2.0,52.9,1994
2.0,3.7,5.0,6.0,4800.0,2.0,43.2,1971
2.0,3.3,5.0,6.0,4800.0,2.0,42.4,2017
2.0,2.9,5.0,6.0,4800.0,2.0,43.4,1972
2.0,4.2,5.0,8.0,4800.0,2.0,54.0,1993
2.0,4.0,5.0,6.0,4800.0,2.0,43.4,1963
2.0,2.9,4.0,6.5,4800.0,2.0,44.5,1975
2.0,3.4,4.0,6.0,4800.0,2.0,46.4,1965
2.0,2.9,5.0,6.4,4800.0,2.0,45.7,1961
2.0,4.0,5.0,6.0,4800.0,2.0,42.3,1964
2.0,2.9,4.0,9.5,4800.0,2.0,51.4,2015
2.0,2.9,5.0,6.0,4800.0,2.0,40.8,1975
2.0,4.2,4.0,7.0,4800.0,2.0,42.0,1962
2.0,3.7,16.0,9.0,4800.0,2.0,50.0,2014
2.0,3.7,5.0,6.0,4800.0,2.0,42.0,1964
2.0,3.7,11.0,11.0,4830.0,2.0,56.0,2022
2.0,4.2,1.0,7.0,4800.0,2.0,43.1,1966
2.0,3.7,5.0,6.0,4840.0,2.0,44.0,1968
2.0,3.7,3.0,8.1,4800.0,2.0,54.9,2017
2.0,3.7,5.0,4.7,4800.0,2.0,43.4,1975
2.0,3.7,1.0,6.5,4800.0,2.0,43.9,1979
2.0,4.0,2.0,6.0,4890.0,2.0,43.0,1966
2.0,3.4,9.0,7.0,4850.0,2.0,43.0,1978
2.0,2.5,3.0,7.0,4850.0,2.0,57.0,2020
2.0,4.4,3.0,10.0,4850.0,2.0,43.3,1961
2.0,2.5,4.0,6.0,4890.0,2.0,43.7,2020
2.0,2.9,1.0,10.0,4850.0,2.0,50.4,1997
2.0,2.9,1.0,5.0,4890.0,2.0,43.0,2005
2.0,3.7,3.0,10.0,4850.0,2.0,44.0,1975
2.0,4.2,1.0,7.0,4850.0,2.0,38.0,2022
2.0,2.9,3.0,8.5,4850.0,2.0,47.9,1997
2.0,2.9,9.0,8.6,4850.0,2.0,43.0,2015
2.0,3.4,3.0,10.0,4900.0,2.0,41.0,2019
2.0,4.0,1.0,6.0,4900.0,2.0,45.0,1963
2.0,3.9,1.0,7.0,4900.0,2.0,43.2,1983
2.0,3.3,7.0,7.0,4900.0,2.0,45.1,1971
2.0,2.5,2.0,5.9,4900.0,2.0,44.9,1962
2.0,4.4,13.0,10.0,4900.0,2.0,55.0,2011
2.0,3.3,5.0,6.0,4900.0,2.0,43.0,1970
2.0,3.4,9.0,7.0,4900.0,2.0,43.0,1973
2.0,2.9,5.0,6.0,4900.0,2.0,44.0,1965
2.0,4.2,5.0,8.0,4900.0,2.0,48.1,1990
2.0,3.4,4.0,7.9,4900.0,2.0,59.2,1957
2.0,2.9,13.0,9.42,4900.0,2.0,47.1,2022
2.0,2.5,8.0,6.0,4900.0,2.0,37.2,2013
2.0,3.3,2.0,6.0,4900.0,2.0,45.1,1963
2.0,2.9,1.0,5.8,4990.0,2.0,39.8,1961
2.0,3.4,4.0,6.0,4999.0,2.0,44.2,1960
2.0,2.9,3.0,9.8,4950.0,2.0,56.7,1953
2.0,4.2,1.0,5.9,4999.0,2.0,43.0,1966
2.0,3.4,1.0,5.3,4980.0,2.0,43.4,1967
2.0,3.9,1.0,6.0,4990.0,2.0,44.0,2002
2.0,2.5,10.0,8.0,4950.0,2.0,61.5,2011
2.0,2.5,2.0,10.3,4997.0,2.0,55.0,2020
2.0,4.2,1.0,6.0,4999.0,2.0,41.9,1961
2.0,3.3,3.0,6.0,4980.0,2.0,42.0,2017
2.0,4.2,2.0,9.0,4980.0,2.0,41.1,2001
2.0,3.7,7.0,6.7,4950.0,2.0,43.2,1979
2.0,2.5,6.0,8.4,5000.0,2.0,58.3,2023
2.0,4.2,1.0,7.7,5000.0,2.0,45.2,1979
2.0,3.3,6.0,8.0,5000.0,2.0,52.5,1982
2.0,2.9,9.0,8.7,5000.0,2.0,52.3,1972
2.0,4.0,4.0,6.0,5000.0,2.0,44.0,1968
2.0,2.5,2.0,6.0,5000.0,2.0,44.5,1971
2.0,4.4,1.0,8.0,5000.0,2.0,60.4,1954
2.0,3.7,2.0,8.8,5000.0,2.0,54.7,2017
2.0,3.7,15.0,9.0,5000.0,2.0,53.0,2017
2.0,4.2,4.0,5.5,5000.0,2.0,47.5,1994
2.0,2.9,2.0,6.0,5000.0,2.0,40.0,1961
2.0,3.3,3.0,8.2,5000.0,2.0,45.3,2017
2.0,4.4,5.0,7.1,5000.0,2.0,45.7,1988
2.0,3.7,2.0,25.0,5000.0,2.0,57.7,2012
2.0,2.9,4.0,5.8,5000.0,2.0,42.7,1958
2.0,3.7,6.0,10.0,5000.0,2.0,39.4,2024
2.0,3.7,16.0,9.0,5000.0,2.0,53.0,2023
2.0,2.9,3.0,10.0,5000.0,2.0,57.5,1954
2.0,2.5,10.0,9.0,5000.0,2.0,56.0,2026
2.0,2.9,2.0,9.3,5050.0,2.0,58.0,2012
2.0,2.5,5.0,10.6,5050.0,2.0,55.1,2020
2.0,2.9,2.0,6.0,5050.0,2.0,43.5,1961
2.0,3.7,10.0,12.2,5096.0,2.0,65.1,2013
2.0,2.9,1.0,11.0,5050.0,2.0,36.0,2015
2.0,3.3,7.0,7.0,5099.0,2.0,54.9,1989
2.0,2.9,6.0,18.0,5050.0,2.0,46.5,2016
2.0,2.5,4.0,7.0,5099.0,2.0,40.0,2024
2.0,3.4,4.0,9.4,5100.0,2.0,57.9,1958
2.0,4.2,14.0,12.2,5100.0,2.0,49.1,2022
2.0,2.9,9.0,8.1,5100.0,2.0,53.1,2015
2.0,2.5,3.0,13.7,5100.0,2.0,58.4,2025
2.0,2.9,2.0,7.0,5100.0,2.0,46.5,1979
2.0,3.4,4.0,6.0,5100.0,2.0,43.5,1962
2.0,3.4,5.0,5.4,5100.0,2.0,42.9,1968
2.0,2.5,6.0,8.2,5100.0,2.0,49.9,2007
2.0,3.3,7.0,8.0,5100.0,2.0,52.9,1989
2.0,3.7,5.0,9.0,5100.0,2.0,58.0,2017
2.0,2.5,4.0,8.4,5100.0,2.0,58.1,2025
2.0,4.2,3.0,8.0,5100.0,2.0,47.8,1994
2.0,2.9,3.0,4.0,5134.0,2.0,43.15,2015
2.0,2.9,4.0,7.3,5100.0,2.0,44.0,1978
2.0,4.2,5.0,5.5,5100.0,2.0,45.4,1970
2.0,3.8,5.0,5.6,5100.0,2.0,35.2,2007
2.0,3.3,7.0,8.0,5100.0,2.0,51.2,1980
2.0,3.3,1.0,6.6,5150.0,2.0,43.6,1982
2.0,2.5,1.0,7.5,5150.0,2.0,44.0,1972
2.0,4.2,3.0,9.0,5150.0,2.0,47.2,1976
2.0,4.0,5.0,5.6,5190.0,2.0,45.9,1963
2.0,3.3,11.0,14.4,5199.0,2.0,45.4,2014
2.0,4.0,3.0,5.3,5190.0,2.0,40.6,2025
2.0,3.7,3.0,10.6,5180.0,2.0,61.1,2011
2.0,3.7,2.0,15.0,5160.0,2.0,39.0,2025
2.0,3.3,3.0,8.5,5150.0,2.0,52.9,2011
2.0,2.9,1.0,6.1,5150.0,2.0,42.2,1975
2.0,2.5,1.0,5.7,5150.0,2.0,34.5,1971
2.0,3.7,1.0,9.3,5150.0,2.0,55.7,2017
2.0,4.0,8.0,8.0,5160.0,2.0,53.0,1989
2.0,4.2,1.0,6.0,5200.0,2.0,42.0,1994
2.0,4.0,5.0,5.8,5200.0,2.0,46.7,1964
2.0,2.9,3.0,6.0,5200.0,2.0,44.0,1972
2.0,2.5,2.0,13.5,5200.0,2.0,58.1,2025
2.0,2.9,5.0,9.3,5200.0,2.0,55.1,1960
2.0,2.5,6.0,12.8,5200.0,2.0,42.2,2015
2.0,2.9,4.0,5.9,5200.0,2.0,40.1,1959
2.0,3.2,10.0,9.0,5200.0,2.0,63.0,2024
2.0,4.2,1.0,6.9,5200.0,2.0,46.4,1964
2.0,4.4,5.0,8.0,5200.0,2.0,48.0,1978
2.0,2.5,5.0,7.0,5200.0,2.0,43.8,1970
2.0,3.7,8.0,10.0,5200.0,2.0,58.1,2022
2.0,3.7,5.0,6.0,5200.0,2.0,43.2,1964
2.0,3.7,2.0,6.0,5200.0,2.0,41.2,2021
2.0,4.2,1.0,6.0,5200.0,2.0,42.0,1994
2.0,3.7,5.0,6.0,5200.0,2.0,43.2,1964
2.0,3.4,4.0,6.0,5200.0,2.0,46.3,1965
2.0,3.3,2.0,5.6,5240.0,2.0,45.0,1962
2.0,2.5,9.0,7.2,5200.0,2.0,43.1,2020
2.0,3.7,1.0,5.9,5200.0,2.0,46.4,2017
2.0,2.5,4.0,7.8,5200.0,2.0,47.3,1979
2.0,4.2,2.0,6.0,5200.0,2.0,46.0,1994
2.0,4.2,2.0,8.0,5200.0,2.0,48.0,1994
2.0,4.4,6.0,7.0,5200.0,2.0,47.1,1996
2.0,3.3,7.0,8.0,5200.0,2.0,52.1,1989
2.0,2.5,8.0,8.8,5250.0,2.0,50.2,2020
2.0,4.2,3.0,6.0,5250.0,2.0,43.6,1967
2.0,2.5,2.0,13.4,5290.0,2.0,44.6,1972
2.0,2.5,17.0,8.0,5270.0,2.0,47.0,2020
2.0,3.8,4.0,5.3,5250.0,2.0,41.0,1960
2.0,3.4,9.0,6.8,5250.0,2.0,42.5,1980
2.0,3.3,9.0,9.0,5250.0,2.0,52.6,1985
2.0,3.3,9.0,9.3,5299.0,2.0,56.2,2008
2.0,2.9,8.0,5.6,5250.0,2.0,45.1,1991
2.0,2.5,5.0,7.9,5250.0,2.0,57.7,2013
2.0,2.5,7.0,9.0,5300.0,2.0,57.9,2020
2.0,4.0,3.0,5.0,5300.0,2.0,44.2,2022
2.0,4.2,1.0,5.7,5300.0,2.0,43.0,1967
2.0,4.0,3.0,7.0,5300.0,2.0,42.4,1976
2.0,2.5,10.0,8.4,5300.0,2.0,58.4,2018
2.0,4.0,9.0,6.8,5300.0,2.0,42.8,1985
2.0,3.7,8.0,7.5,5300.0,2.0,50.0,1994
2.0,2.9,6.0,12.4,5300.0,2.0,54.2,1994
2.0,3.7,11.0,4.1,5300.0,2.0,46.0,2016
2.0,2.9,5.0,7.0,5300.0,2.0,44.2,1980
2.0,2.5,2.0,12.0,5300.0,2.0,64.0,2020
2.0,4.0,4.0,5.6,5300.0,2.0,42.8,1961
2.0,2.5,2.0,13.8,5300.0,2.0,59.2,2023
2.0,2.5,8.0,8.7,5300.0,2.0,58.0,2020
2.0,2.9,5.0,5.5,5300.0,2.0,54.6,1949
2.0,2.9,2.0,7.0,5300.0,2.0,44.0,1981
2.0,4.2,4.0,5.8,5300.0,2.0,43.1,1966
2.0,2.5,14.0,9.8,5300.0,2.0,48.6,2009
2.0,2.5,4.0,10.0,5300.0,2.0,55.1,2011
2.0,3.9,4.0,6.0,5300.0,2.0,45.0,1966
2.0,4.0,3.0,7.0,5350.0,2.0,44.6,2022
2.0,3.3,7.0,7.0,5350.0,2.0,44.4,1977
2.0,2.9,5.0,6.0,5399.0,2.0,45.0,1962
2.0,4.4,16.0,16.0,5350.0,2.0,37.0,2019
2.0,3.7,8.0,9.4,5350.0,2.0,56.2,2013
2.0,4.4,2.0,10.0,5350.0,2.0,36.8,2019
2.0,3.3,5.0,8.0,5390.0,2.0,53.1,2005
2.0,2.9,3.0,8.9,5399.0,2.0,51.9,2015
2.0,2.5,7.0,7.0,5350.0,2.0,45.9,2020
2.0,3.8,1.0,5.7,5390.0,2.0,45.4,1963
2.0,2.5,2.0,6.8,5400.0,2.0,56.2,2024
2.0,2.5,4.0,6.0,5400.0,2.0,43.5,1972
2.0,3.3,6.0,8.0,5400.0,2.0,47.9,1991
2.0,3.3,4.0,8.0,5400.0,2.0,53.1,1991
2.0,2.5,4.0,6.0,5400.0,2.0,43.5,1972
2.0,2.5,2.0,8.6,5400.0,2.0,50.0,2008
2.0,2.9,10.0,9.2,5400.0,2.0,56.2,2010
2.0,2.5,5.0,6.9,5400.0,2.0,46.8,2020
2.0,2.9,7.0,14.8,5400.0,2.0,42.0,2022
2.0,2.5,5.0,8.5,5400.0,2.0,58.4,2015
2.0,3.7,7.0,10.0,5400.0,2.0,52.0,2017
2.0,4.2,1.0,8.0,5400.0,2.0,46.0,1992
2.0,2.5,3.0,6.0,5450.0,2.0,43.5,2020
2.0,4.0,2.0,6.0,5450.0,2.0,44.0,2022
2.0,3.3,7.0,9.4,5450.0,2.0,55.0,2013
2.0,3.8,4.0,6.0,5490.0,2.0,43.2,1965
2.0,3.3,1.0,8.2,5450.0,2.0,45.6,2017
2.0,4.2,7.0,6.0,5499.0,2.0,43.1,1973
2.0,4.2,4.0,6.0,5450.0,2.0,44.0,1994
2.0,4.0,1.0,6.0,5450.0,2.0,42.9,1962
2.0,3.7,17.0,10.0,5450.0,2.0,56.0,2023
2.0,3.4,2.0,6.0,5490.0,2.0,46.0,1960
2.0,3.7,17.0,11.020000000000001,5450.0,2.0,55.1,2023
2.0,3.7,2.0,8.7,5499.0,2.0,58.7,2017
2.0,4.2,12.0,5.0,5500.0,2.0,42.7,1994
2.0,3.8,4.0,6.0,5500.0,2.0,46.0,1964
2.0,4.2,7.0,7.9,5500.0,2.0,48.1,1988
2.0,3.3,10.0,8.0,5500.0,2.0,53.0,2017
2.0,2.9,6.0,9.1,5500.0,2.0,55.8,2009
2.0,4.0,1.0,6.0,5580.0,2.0,44.0,1967
2.0,3.8,3.0,6.0,5550.0,2.0,46.6,1964
2.0,4.4,17.0,10.0,5550.0,2.0,49.2,2020
2.0,2.9,4.0,6.0,5550.0,2.0,44.9,2021
2.0,3.4,2.0,7.4,5500.0,2.0,56.0,1958
2.0,3.7,14.0,12.4,5590.0,2.0,60.5,2020
2.0,3.4,2.0,7.0,5500.0,2.0,44.5,1984
2.0,3.3,5.0,5.6,5500.0,2.0,41.5,1961
2.0,3.9,4.0,5.4,5500.0,2.0,45.2,1965
2.0,2.9,5.0,6.8,5500.0,2.0,46.7,1994
2.0,3.7,7.0,7.8,5500.0,2.0,47.1,2021
2.0,3.4,9.0,6.0,5500.0,2.0,41.8,1970
2.0,3.7,2.0,7.0,5500.0,2.0,45.3,1953
2.0,2.5,5.0,5.2,5500.0,2.0,46.1,1967
2.0,3.7,10.0,12.1,5500.0,2.0,63.7,2017
2.0,3.3,1.0,7.7,5500.0,2.0,43.0,2021
2.0,3.3,9.0,6.7,5500.0,2.0,42.6,2017
2.0,2.9,7.0,7.0,5550.0,2.0,45.0,2009
2.0,2.5,2.0,25.2,5500.0,2.0,57.6,2011
2.0,3.8,5.0,5.8,5500.0,2.0,44.5,2007
2.0,4.0,1.0,7.0,5500.0,2.0,42.4,1978
2.0,3.3,9.0,8.6,5500.0,2.0,50.7,1972
2.0,3.7,3.0,7.0,5550.0,2.0,45.6,1964
2.0,3.9,3.0,6.0,5530.0,2.0,44.0,2002
2.0,4.0,7.0,6.8,5500.0,2.0,43.1,2022
2.0,3.8,4.0,6.0,5500.0,2.0,46.8,1961
2.0,3.4,10.0,5.0,5500.0,2.0,43.0,2019
2.0,3.7,6.0,12.5,5500.0,2.0,47.0,2017
2.0,3.7,22.0,10.2,5500.0,2.0,53.6,2022
2.0,3.7,7.0,9.0,5500.0,2.0,49.7,2017
2.0,4.4,1.0,9.7,5500.0,2.0,54.4,1991
2.0,3.8,1.0,6.0,5500.0,2.0,44.1,1970
2.0,3.4,11.0,9.0,5500.0,2.0,55.0,1994
2.0,2.9,1.0,11.6,5550.0,2.0,68.1,1941
2.0,3.9,1.0,6.0,5590.0,2.0,45.0,1965
2.0,2.9,1.0,5.0,5550.0,2.0,40.0,2015
2.0,4.4,6.0,10.0,5500.0,2.0,50.2,2013
2.0,3.4,6.0,9.0,5500.0,2.0,46.0,2019
2.0,3.7,6.0,10.0,5500.0,2.0,48.8,2024
2.0,3.7,2.0,7.5,5500.0,2.0,45.3,1953
2.0,4.2,7.0,8.0,5500.0,2.0,53.1,1983
2.0,4.0,3.0,8.0,5500.0,2.0,51.0,2022
2.0,4.0,1.0,6.0,5500.0,2.0,41.3,1964
2.0,2.9,8.0,8.0,5500.0,2.0,53.0,1980
2.0,3.8,2.0,6.0,5550.0,2.0,44.7,2007
2.0,4.0,5.0,5.5,5600.0,2.0,43.6,2022
2.0,2.5,8.0,8.0,5600.0,2.0,57.6,2011
2.0,4.2,1.0,6.0,5620.0,2.0,43.8,1957
2.0,2.5,9.0,15.3,5600.0,2.0,37.0,2023
2.0,4.2,1.0,5.7,5600.0,2.0,42.4,1967
2.0,2.9,3.0,5.6,5600.0,2.0,44.5,1966
2.0,3.3,4.0,8.5,5600.0,2.0,50.5,1973
2.0,4.0,5.0,6.0,5600.0,2.0,45.0,1971
2.0,3.8,2.0,6.0,5630.0,2.0,43.4,1968
2.0,2.9,4.0,19.0,5600.0,2.0,51.0,2015
2.0,2.9,15.0,9.0,5600.0,2.0,52.1,2021
2.0,2.9,5.0,6.3,5600.0,2.0,41.3,1965
2.0,4.2,4.0,5.0,5600.0,2.0,43.4,1962
2.0,3.7,2.0,6.0,5600.0,2.0,45.7,1963
2.0,2.9,5.0,6.0,5600.0,2.0,42.0,1969
2.0,4.0,7.0,12.0,5600.0,2.0,49.2,2022
2.0,3.8,2.0,5.5,5600.0,2.0,43.0,1962
2.0,3.9,3.0,6.0,5600.0,2.0,43.6,1969
2.0,3.2,24.0,10.0,5600.0,2.0,59.1,2023
2.0,2.9,4.0,5.5,5600.0,2.0,48.5,1958
2.0,3.7,13.0,12.0,5600.0,2.0,56.7,2021
2.0,3.7,14.0,11.0,5600.0,2.0,60.0,2023
2.0,4.0,1.0,6.9,5600.0,2.0,44.8,1974
2.0,2.5,4.0,7.0,5600.0,2.0,47.0,1987
2.0,4.0,9.0,10.7,5600.0,2.0,51.0,1989
2.0,3.7,5.0,10.8,5699.0,2.0,59.5,2017
2.0,3.4,5.0,6.0,5650.0,2.0,50.0,1968
2.0,3.8,5.0,6.0,5699.0,2.0,46.0,1965
2.0,4.2,2.0,5.1,5700.0,2.0,42.4,1962
2.0,4.4,9.0,9.0,5700.0,2.0,45.9,2020
2.0,4.0,4.0,7.0,5700.0,2.0,43.0,1971
2.0,2.9,15.0,6.0,5700.0,2.0,28.7,2025
2.0,2.5,9.0,8.6,5700.0,2.0,49.6,1999
2.0,2.5,3.0,8.1,5700.0,2.0,45.1,1984
2.0,3.4,5.0,6.0,5700.0,2.0,44.1,1963
2.0,3.4,5.0,5.2,5700.0,2.0,42.4,1967
2.0,2.9,8.0,10.0,5700.0,2.0,55.0,2007
2.0,3.7,10.0,12.5,5700.0,2.0,63.2,2019
2.0,3.9,9.0,7.0,5700.0,2.0,43.1,1982
2.0,3.3,1.0,14.9,5730.0,2.0,55.9,1952
2.0,3.3,7.0,8.0,5700.0,2.0,52.8,1989
2.0,3.8,5.0,6.5,5799.0,2.0,45.0,1968
2.0,2.9,7.0,11.5,5750.0,2.0,59.6,2023
2.0,2.5,1.0,5.8,5770.0,2.0,44.1,2020
2.0,4.4,2.0,10.2,5799.0,2.0,53.1,2011
2.0,3.7,16.0,12.0,5750.0,2.0,39.5,2024
2.0,2.5,9.0,6.9,5750.0,2.0,44.2,1978
2.0,2.9,12.0,12.1,5750.0,2.0,53.8,2024
2.0,3.7,2.0,6.0,5800.0,2.0,42.6,2017
2.0,3.8,6.0,7.0,5800.0,2.0,44.9,1972
2.0,3.4,2.0,8.0,5800.0,2.0,48.8,1997
2.0,3.4,9.0,4.3,5800.0,2.0,38.9,2020
2.0,2.5,5.0,8.8,5800.0,2.0,53.0,2010
2.0,2.9,15.0,12.0,5800.0,2.0,53.8,2024
2.0,3.8,2.0,5.0,5800.0,2.0,42.6,1966
2.0,2.5,4.0,16.1,5840.0,2.0,61.0,2020
2.0,3.7,4.0,7.6,5800.0,2.0,58.4,1956
2.0,3.7,11.0,10.0,5800.0,2.0,52.0,2021
2.0,3.7,11.0,12.2,5800.0,2.0,57.5,2025
2.0,3.3,7.0,6.8,5800.0,2.0,43.0,1987
2.0,2.9,1.0,9.0,5800.0,2.0,52.5,2014
2.0,2.9,2.0,15.2,5800.0,2.0,39.4,2016
2.0,2.9,15.0,12.6,5850.0,2.0,58.2,2020
2.0,3.4,12.0,4.2,5890.0,2.0,47.0,2025
2.0,3.4,5.0,9.0,5850.0,2.0,53.6,1950
2.0,2.5,2.0,10.1,5850.0,2.0,63.3,2018
2.0,2.5,9.0,14.0,5870.0,2.0,75.3,2020
2.0,2.5,2.0,9.0,5850.0,2.0,59.0,2020
2.0,4.4,14.0,12.5,5850.0,2.0,53.8,2010
2.0,2.9,12.0,12.1,5890.0,2.0,53.0,2024
2.0,3.7,5.0,9.0,5850.0,2.0,59.44,2017
2.0,4.2,8.0,8.0,5950.0,2.0,45.2,1994
2.0,4.2,3.0,6.0,5999.0,2.0,44.1,1994
2.0,2.5,8.0,6.4,5900.0,2.0,52.4,1993
2.0,2.9,5.0,5.6,5950.0,2.0,44.0,1963
2.0,2.9,6.0,8.7,5900.0,2.0,53.0,1986
2.0,4.0,1.0,5.8,5900.0,2.0,44.3,1964
2.0,3.4,4.0,6.0,5900.0,2.0,43.3,1961
2.0,3.4,4.0,7.1,5900.0,2.0,43.6,1970
2.0,2.9,2.0,7.0,5999.0,2.0,46.4,2016
2.0,2.9,5.0,9.0,5989.0,2.0,45.0,2020
2.0,3.8,5.0,6.0,5900.0,2.0,46.1,1964
2.0,3.3,4.0,8.3,5950.0,2.0,56.5,1957
2.0,4.0,1.0,6.5,5980.0,2.0,42.1,1979
2.0,4.0,2.0,6.0,5900.0,2.0,46.4,2022
2.0,4.0,6.0,7.0,5999.0,2.0,47.5,1983
2.0,2.9,7.0,8.7,5900.0,2.0,50.6,1990
2.0,3.3,8.0,8.0,5900.0,2.0,53.0,2017
2.0,3.3,2.0,6.0,5999.0,2.0,45.0,1964
2.0,3.3,3.0,7.0,5900.0,2.0,45.0,1977
2.0,3.7,1.0,12.3,5900.0,2.0,57.9,2017
2.0,4.4,3.0,19.6,5978.0,2.0,57.87,2025
2.0,4.0,9.0,7.0,5940.0,2.0,44.0,2022
2.0,4.0,1.0,9.2,5900.0,2.0,57.4,2022
2.0,4.0,1.0,6.7,5950.0,2.0,42.8,2022
2.0,2.9,5.0,8.8,5999.0,2.0,54.0,1994
2.0,4.2,4.0,9.3,5950.0,2.0,65.3,1994
2.0,3.4,9.0,6.9,5999.0,2.0,43.4,2019
2.0,2.5,4.0,6.0,5900.0,2.0,46.0,2020
2.0,3.7,3.0,6.0,5950.0,2.0,47.5,2021
2.0,2.9,3.0,9.6,5950.0,2.0,51.83,2021
2.0,3.7,10.0,8.9,5990.0,2.0,51.0,1995
2.0,3.7,1.0,8.5,5990.0,2.0,61.0,2008
2.0,3.3,10.0,12.9,5900.0,2.0,50.5,2023
2.0,4.0,8.0,8.0,6000.0,2.0,49.5,1965
2.0,3.9,2.0,6.0,6000.0,2.0,41.1,2002
2.0,2.9,5.0,6.0,6000.0,2.0,41.2,1961
2.0,4.4,9.0,14.2,6000.0,2.0,59.1,2011
2.0,3.3,8.0,8.0,6000.0,2.0,53.9,1991
2.0,3.9,5.0,5.6,6000.0,2.0,43.5,1968
2.0,2.9,7.0,22.2,6000.0,2.0,50.2,2010
2.0,3.8,2.0,5.8,6000.0,2.0,44.1,1965
2.0,2.5,1.0,7.0,6000.0,2.0,46.5,1980
2.0,3.3,9.0,9.5,6000.0,2.0,53.3,2019
2.0,2.5,5.0,9.0,6000.0,2.0,54.0,2020
2.0,3.9,8.0,7.0,6000.0,2.0,45.0,1979
2.0,3.7,6.0,11.0,6000.0,2.0,56.3,2012
2.0,3.7,20.0,18.8,6000.0,2.0,46.9,2025
2.0,3.9,6.0,5.2,6000.0,2.0,44.0,2002
2.0,2.9,15.0,10.9,6000.0,2.0,63.4,2024
2.0,2.9,2.0,10.0,6000.0,2.0,55.4,2015
2.0,4.4,1.0,5.4,6000.0,2.0,46.3,2013
2.0,3.3,2.0,6.8,6000.0,2.0,42.4,2017
2.0,3.3,1.0,17.1,6000.0,2.0,55.3,2011
2.0,2.9,4.0,7.0,6049.0,2.0,42.3,1963
2.0,2.5,8.0,7.7,6000.0,2.0,51.1,1987
2.0,3.7,7.0,10.5,6000.0,2.0,63.8,2008
2.0,4.0,5.0,5.7,6090.0,2.0,43.0,1967
2.0,4.4,9.0,5.3,6080.0,2.0,44.5,2016
2.0,4.0,4.0,6.0,6050.0,2.0,44.6,2022
2.0,2.5,9.0,12.2,6100.0,2.0,58.0,2012
2.0,4.0,3.0,8.0,6100.0,2.0,51.2,2022
2.0,3.8,5.0,6.2,6140.0,2.0,42.9,1963
2.0,2.9,3.0,5.9,6100.0,2.0,60.2,1945
2.0,2.9,5.0,5.7,6100.0,2.0,43.0,2015
2.0,3.4,4.0,8.0,6100.0,2.0,50.0,1998
2.0,4.0,4.0,7.0,6100.0,2.0,42.6,2022
2.0,4.2,1.0,8.0,6100.0,2.0,47.0,1984
2.0,4.0,3.0,5.9,6140.0,2.0,46.8,1964
2.0,4.0,1.0,9.0,6100.0,2.0,42.7,2022
2.0,2.9,10.0,9.3,6100.0,2.0,52.5,2012
2.0,3.4,5.0,15.0,6150.0,2.0,61.0,2019
2.0,3.7,14.0,13.5,6180.0,2.0,43.0,2020
2.0,2.5,3.0,8.7,6150.0,2.0,53.1,1982
2.0,3.9,1.0,6.9,6150.0,2.0,44.1,1980
2.0,3.4,3.0,7.0,6190.0,2.0,57.7,2019
2.0,3.3,3.0,7.6,6190.0,2.0,55.4,2017
2.0,3.4,4.0,6.0,6200.0,2.0,45.3,2019
2.0,4.0,5.0,20.0,6200.0,2.0,46.9,2018
2.0,3.4,2.0,9.1,6200.0,2.0,54.6,2019
2.0,4.0,2.0,14.7,6200.0,2.0,40.2,2022
2.0,2.9,4.0,11.3,6200.0,2.0,52.3,2019
2.0,4.0,8.0,19.4,6261.0,2.0,75.75,2022
2.0,3.7,10.0,10.5,6200.0,2.0,58.2,2017
2.0,2.9,2.0,14.3,6200.0,2.0,57.8,2015
2.0,3.7,4.0,9.0,6250.0,2.0,57.0,2017
2.0,3.3,8.0,14.0,6260.0,2.0,53.9,2016
2.0,3.7,18.0,8.0,6200.0,2.0,46.0,2025
2.0,3.9,5.0,6.0,6250.0,2.0,40.4,1934
2.0,2.5,6.0,13.7,6200.0,2.0,75.6,2009
2.0,3.4,2.0,7.0,6249.0,2.0,45.1,1975
2.0,3.7,6.0,17.8,6200.0,2.0,57.4,2017
2.0,4.2,1.0,25.0,6299.0,2.0,54.0,2020
2.0,2.9,7.0,10.7,6200.0,2.0,58.2,2017
2.0,4.4,7.0,14.0,6250.0,2.0,38.5,2023
2.0,3.7,17.0,20.0,6200.0,2.0,59.5,2017
2.0,3.7,21.0,22.6,6290.0,2.0,47.4,2017
2.0,3.7,1.0,7.0,6300.0,2.0,55.7,1956
2.0,2.9,5.0,6.0,6300.0,2.0,44.0,2015
2.0,3.7,10.0,10.9,6300.0,2.0,59.0,2017
2.0,2.9,2.0,6.0,6300.0,2.0,45.7,1964
2.0,3.9,2.0,9.0,6300.0,2.0,47.0,2002
2.0,4.0,8.0,6.8,6300.0,2.0,43.1,1981
2.0,2.5,3.0,8.3,6300.0,2.0,58.0,2014
2.0,3.3,7.0,7.4,6325.0,2.0,43.7,1988
2.0,2.9,5.0,14.1,6300.0,2.0,56.0,2025
2.0,2.5,5.0,12.1,6300.0,2.0,57.6,2011
2.0,2.5,5.0,8.0,6300.0,2.0,50.0,1957
2.0,2.9,9.0,13.1,6300.0,2.0,42.5,2024
2.0,2.5,8.0,7.0,6300.0,2.0,43.3,2023
2.0,3.9,1.0,6.6,6300.0,2.0,51.4,1935
2.0,3.3,4.0,11.600000000000001,6300.0,2.0,58.0,2017
2.0,4.2,1.0,6.0,6350.0,2.0,45.7,1994
2.0,3.7,4.0,21.4,6450.0,2.0,41.3,2019
2.0,3.4,1.0,15.0,6490.0,2.0,42.0,2009
2.0,3.3,8.0,9.0,6450.0,2.0,56.1,2016
2.0,3.3,1.0,13.4,6400.0,2.0,57.4,2014
2.0,4.0,4.0,8.1,6470.0,2.0,53.0,2000
2.0,4.0,5.0,8.0,6400.0,2.0,53.9,1956
2.0,4.0,1.0,7.1,6449.0,2.0,44.2,2023
2.0,4.0,1.0,10.200000000000001,6450.0,2.0,51.0,2023
2.0,3.3,8.0,7.0,6450.0,2.0,42.5,1980
2.0,2.9,10.0,9.0,6470.0,2.0,53.0,2012
2.0,3.7,1.0,8.0,6400.0,2.0,49.0,1992
2.0,2.5,5.0,10.0,6400.0,2.0,56.7,2010
2.0,2.9,13.0,5.1,6500.0,2.0,49.9,2021
2.0,4.0,3.0,7.0,6500.0,2.0,42.6,1979
2.0,2.9,2.0,18.0,6500.0,2.0,40.3,2018
2.0,3.7,3.0,11.08,6500.0,2.0,55.4,2017
2.0,3.9,3.0,6.3,6500.0,2.0,46.3,1952
2.0,4.2,1.0,6.6,6500.0,2.0,52.0,1994
2.0,3.7,2.0,8.0,6500.0,2.0,47.2,2017
2.0,3.3,6.0,11.8,6500.0,2.0,57.2,2010
2.0,2.5,8.0,13.6,6500.0,2.0,75.5,2010
2.0,3.7,6.0,5.0,6500.0,2.0,46.0,2026
2.0,2.9,9.0,8.0,6500.0,2.0,52.3,1992
2.0,3.3,8.0,7.0,6500.0,2.0,43.3,1988
2.0,3.3,3.0,10.0,6500.0,2.0,57.0,1950
2.0,2.9,5.0,13.3,6500.0,2.0,57.0,2025
2.0,2.9,4.0,8.8,6500.0,2.0,53.2,2004
2.0,3.7,1.0,8.0,6500.0,2.0,85.9,2020
2.0,2.5,15.0,5.0,6500.0,2.0,36.5,2018
2.0,3.4,8.0,5.8,6500.0,2.0,43.9,1970
2.0,2.9,8.0,6.2,6500.0,2.0,50.6,1981
2.0,2.9,12.0,7.0,6500.0,2.0,48.5,2023
2.0,2.5,3.0,14.0,6500.0,2.0,76.0,2016
2.0,3.7,2.0,10.0,6509.0,2.0,58.0,2014
2.0,4.2,4.0,6.0,6500.0,2.0,44.0,1971
2.0,3.3,4.0,10.0,6500.0,2.0,60.0,2017
2.0,2.9,9.0,9.3,6500.0,2.0,55.0,2022
2.0,3.7,13.0,8.0,6500.0,2.0,58.5,2017
2.0,3.7,6.0,18.8,6500.0,2.0,59.8,2023
2.0,3.8,2.0,6.0,6500.0,2.0,43.5,2007
2.0,3.9,5.0,8.5,6500.0,2.0,45.0,1983
2.0,2.9,10.0,9.3,6500.0,2.0,50.4,2015
2.0,2.9,3.0,13.0,6500.0,2.0,48.9,2019
2.0,4.0,3.0,7.0,6500.0,2.0,43.5,2022
2.0,4.2,3.0,15.0,6500.0,2.0,69.2,2009
2.0,3.4,4.0,11.5,6500.0,2.0,50.2,2019
2.0,3.8,1.0,8.0,6550.0,2.0,55.3,1960
2.0,2.5,12.0,24.1,6560.0,2.0,55.1,2010
2.0,3.4,5.0,6.0,6550.0,2.0,50.0,2020
2.0,4.0,10.0,10.0,6590.0,2.0,49.0,2022
2.0,3.3,7.0,9.3,6586.0,2.0,56.5,2008
2.0,4.0,8.0,12.3,6580.0,2.0,59.1,1977
2.0,4.0,2.0,6.7,6560.0,2.0,56.4,1959
2.0,4.2,1.0,6.0,6600.0,2.0,42.9,1959
2.0,4.0,7.0,7.0,6600.0,2.0,43.2,1981
2.0,4.0,4.0,9.0,6600.0,2.0,49.0,2022
2.0,3.9,3.0,6.0,6600.0,2.0,54.0,2002
2.0,3.9,9.0,5.8,6600.0,2.0,35.2,1971
2.0,2.9,5.0,18.6,6649.0,2.0,50.4,2022
2.0,3.7,16.0,21.0,6600.0,2.0,63.9,2011
2.0,3.7,5.0,18.0,6600.0,2.0,50.2,2021
2.0,4.0,9.0,21.9,6600.0,2.0,54.1,2020
2.0,2.9,4.0,9.3,6700.0,2.0,54.9,2021
2.0,2.9,5.0,6.7,6700.0,2.0,55.4,1949
2.0,3.7,3.0,12.0,6700.0,2.0,60.0,2017
2.0,4.0,6.0,6.8,6700.0,2.0,42.4,1979
2.0,2.9,9.0,15.0,6700.0,2.0,45.2,2025
2.0,3.3,3.0,9.3,6700.0,2.0,56.3,2007
2.0,3.3,12.0,11.0,6699.0,2.0,38.7,2019
2.0,3.3,2.0,7.0,6700.0,2.0,58.6,1952
2.0,3.3,7.0,9.3,6700.0,2.0,56.4,2017
2.0,2.9,4.0,5.0,6690.0,2.0,36.6,2025
2.0,3.8,5.0,6.5,6700.0,2.0,46.0,2007
2.0,3.8,5.0,7.0,6700.0,2.0,49.0,1955
2.0,3.9,3.0,8.7,6700.0,2.0,52.5,1994
2.0,2.5,18.0,7.0,6700.0,2.0,71.5,2015
2.0,4.0,6.0,6.8,6700.0,2.0,42.4,2022
2.0,4.4,24.0,9.0,6700.0,2.0,44.0,2013
2.0,3.3,2.0,7.0,6700.0,2.0,46.0,1986
2.0,2.5,7.0,14.0,6700.0,2.0,76.0,2009
2.0,2.5,13.0,10.8,6690.0,2.0,74.65,2024
2.0,4.0,4.0,5.2,6700.0,2.0,44.5,1968
2.0,3.3,4.0,15.0,6680.0,2.0,51.4,2023
2.0,4.0,3.0,6.0,6700.0,2.0,43.0,1965
2.0,2.5,2.0,16.1,6700.0,2.0,55.9,2025
2.0,3.8,7.0,6.0,6750.0,2.0,34.3,2007
2.0,2.9,24.0,13.2,6750.0,2.0,63.8,2016
2.0,4.2,11.0,11.5,6750.0,2.0,57.3,2015
2.0,2.9,12.0,11.8,6750.0,2.0,43.2,2015
2.0,3.8,4.0,7.0,6800.0,2.0,41.2,1971
2.0,3.8,2.0,6.0,6800.0,2.0,45.1,1962
2.0,2.5,3.0,9.0,6800.0,2.0,55.2,1991
2.0,2.9,11.0,15.0,6890.0,2.0,45.0,2020
2.0,4.4,11.0,18.8,6800.0,2.0,63.5,2022
2.0,3.3,1.0,6.0,6870.0,2.0,45.0,1962
2.0,3.7,8.0,9.0,6850.0,2.0,53.1,2014
2.0,2.9,2.0,5.0,6800.0,2.0,42.5,2015
2.0,2.5,10.0,12.0,6850.0,2.0,58.0,2012
2.0,3.7,8.0,25.0,6800.0,2.0,63.7,2024
2.0,3.9,4.0,7.0,6800.0,2.0,45.0,1981
2.0,2.5,9.0,7.0,6800.0,2.0,45.3,1972
2.0,2.5,2.0,12.0,6800.0,2.0,62.8,2010
2.0,3.4,5.0,19.0,6800.0,2.0,58.4,1957
2.0,4.2,1.0,6.0,6850.0,2.0,44.3,1962
2.0,3.7,9.0,8.4,6800.0,2.0,53.0,2005
2.0,4.0,7.0,3.0,6800.0,2.0,46.5,2025
2.0,2.9,10.0,12.1,6800.0,2.0,58.61,2024
2.0,3.3,1.0,11.0,6800.0,2.0,55.0,2012
2.0,2.9,6.0,16.0,6849.0,2.0,65.7,2015
2.0,2.5,5.0,9.0,6800.0,2.0,52.0,2020
2.0,2.5,2.0,10.0,6800.0,2.0,56.7,2010
2.0,3.7,9.0,10.0,6800.0,2.0,63.5,2008
2.0,3.8,9.0,6.8,6900.0,2.0,44.0,1988
2.0,4.0,3.0,5.9,6900.0,2.0,40.6,1968
2.0,4.0,9.0,8.8,6900.0,2.0,53.2,1988
2.0,3.7,15.0,10.8,6900.0,2.0,62.6,2014
2.0,3.4,7.0,7.0,6900.0,2.0,45.0,1975
2.0,3.9,6.0,6.7,6900.0,2.0,42.7,1981
2.0,2.9,3.0,8.7,6900.0,2.0,55.0,1981
2.0,4.2,6.0,8.9,6900.0,2.0,51.7,1991
2.0,3.3,2.0,8.5,6900.0,2.0,77.2,2017
2.0,3.4,3.0,5.5,6990.0,2.0,44.8,2019
2.0,3.4,8.0,6.0,6980.0,2.0,43.5,1970
2.0,4.0,4.0,9.0,6999.0,2.0,47.0,2022
2.0,3.8,1.0,9.0,6999.0,2.0,51.0,2015
2.0,2.5,1.0,10.0,6990.0,2.0,56.0,2012
2.0,4.2,8.0,9.2,6950.0,2.0,54.3,2005
2.0,3.9,2.0,6.0,6999.0,2.0,43.0,1963
2.0,3.4,20.0,7.0,6990.0,2.0,57.0,2023
2.0,2.5,4.0,12.0,7000.0,2.0,63.7,2019
2.0,2.5,24.0,13.9,7050.0,2.0,44.3,2024
2.0,2.5,10.0,6.0,7000.0,2.0,60.7,2021
2.0,4.2,8.0,8.0,7000.0,2.0,49.0,1979
2.0,2.9,8.0,9.0,7000.0,2.0,51.2,2013
2.0,2.5,10.0,7.7,7000.0,2.0,44.7,1991
2.0,3.3,4.0,14.4,7000.0,2.0,46.1,2019
2.0,2.5,2.0,5.1,7050.0,2.0,43.8,2021
2.0,3.8,9.0,8.0,7000.0,2.0,46.0,1983
2.0,2.5,9.0,8.9,7000.0,2.0,51.5,1995
2.0,3.3,2.0,18.3,7000.0,2.0,73.9,2015
2.0,3.9,2.0,8.2,7000.0,2.0,55.9,1959
2.0,3.3,8.0,10.9,7000.0,2.0,57.4,2020
2.0,4.0,13.0,29.3,7060.0,2.0,87.35,2022
2.0,3.7,2.0,17.8,7000.0,2.0,59.0,2024
2.0,3.8,4.0,6.0,7000.0,2.0,58.0,1955
2.0,3.9,8.0,7.0,7000.0,2.0,47.7,1975
2.0,2.9,8.0,9.8,7000.0,2.0,55.6,2009
2.0,2.5,16.0,12.600000000000001,7000.0,2.0,63.0,2020
2.0,3.7,17.0,18.0,7000.0,2.0,68.9,2022
2.0,3.3,5.0,8.7,7000.0,2.0,53.2,2014
2.0,3.3,13.0,6.2,7100.0,2.0,60.4,2027
2.0,4.0,2.0,10.0,7120.0,2.0,43.8,2015
2.0,2.9,11.0,14.0,7100.0,2.0,51.9,2015
2.0,3.7,15.0,15.0,7100.0,2.0,62.9,2023
2.0,4.2,1.0,5.8,7149.0,2.0,45.9,1964
2.0,2.9,4.0,10.0,7100.0,2.0,59.6,2001
2.0,2.5,7.0,9.9,7200.0,2.0,65.3,2014
2.0,2.9,9.0,12.2,7200.0,2.0,65.1,2023
2.0,2.5,4.0,10.4,7150.0,2.0,70.4,2020
2.0,2.9,5.0,6.0,7200.0,2.0,43.6,2015
2.0,4.0,2.0,7.3,7200.0,2.0,51.5,2022
2.0,2.9,2.0,10.0,7200.0,2.0,69.2,1943
2.0,4.2,8.0,9.0,7200.0,2.0,52.0,1982
2.0,3.4,11.0,17.0,7150.0,2.0,41.57,2026
2.0,3.7,14.0,13.9,7200.0,2.0,56.7,2019
2.0,2.5,1.0,8.8,7220.0,2.0,53.2,1991
2.0,2.9,3.0,9.2,7150.0,2.0,66.0,2009
2.0,2.9,4.0,5.7,7200.0,2.0,42.3,1960
2.0,3.7,9.0,25.0,7200.0,2.0,63.0,2023
2.0,2.5,7.0,9.4,7200.0,2.0,56.3,2012
2.0,3.7,1.0,10.0,7200.0,2.0,58.3,2014
2.0,4.0,11.0,19.5,7200.0,2.0,47.08,2022
2.0,4.4,13.0,21.0,7200.0,2.0,54.0,2013
2.0,3.7,8.0,16.0,7200.0,2.0,61.35,2017
2.0,4.4,7.0,12.7,7200.0,2.0,51.4,2025
2.0,2.5,4.0,7.0,7190.0,2.0,43.1,1971
2.0,4.2,7.0,7.9,7250.0,2.0,53.0,1981
2.0,4.4,14.0,10.0,7290.0,2.0,44.7,2013
2.0,2.9,26.0,16.0,7250.0,2.0,40.2,2019
2.0,3.7,3.0,9.3,7300.0,2.0,68.8,2014
2.0,2.9,5.0,8.2,7300.0,2.0,58.6,1978
2.0,3.8,3.0,9.3,7300.0,2.0,60.0,1958
2.0,2.5,15.0,13.0,7300.0,2.0,58.0,2020
2.0,3.9,3.0,17.1,7300.0,2.0,36.6,2023
2.0,3.8,2.0,5.0,7300.0,2.0,48.0,2007
2.0,2.9,4.0,13.0,7300.0,2.0,58.0,2015
2.0,2.5,1.0,25.0,7300.0,2.0,74.0,2010
2.0,4.2,3.0,6.3,7350.0,2.0,42.0,1969
2.0,2.9,13.0,12.0,7400.0,2.0,38.6,2019
2.0,3.3,16.0,13.8,7400.0,2.0,65.0,2020
2.0,2.5,16.0,11.3,7350.0,2.0,60.2,2024
2.0,2.5,19.0,11.4,7350.0,2.0,59.3,2020
2.0,3.3,4.0,13.3,7350.0,2.0,69.3,2014
2.0,3.3,5.0,5.1,7395.0,2.0,54.4,2025
2.0,3.3,4.0,12.0,7400.0,2.0,65.0,2017
2.0,2.5,7.0,12.0,7350.0,2.0,62.92,2024
2.0,2.9,3.0,24.1,7400.0,2.0,72.0,2016
2.0,2.5,17.0,16.7,7400.0,2.0,36.3,2009
2.0,2.9,13.0,13.6,7350.0,2.0,74.3,2025
2.0,2.5,16.0,9.3,7480.0,2.0,66.8,2020
2.0,3.3,8.0,12.0,7499.0,2.0,67.7,2009
2.0,2.5,7.0,12.2,7490.0,2.0,53.5,2014
2.0,3.7,5.0,10.3,7450.0,2.0,53.3,2010
2.0,4.2,2.0,6.0,7500.0,2.0,44.0,1994
2.0,2.5,8.0,9.5,7500.0,2.0,51.7,2018
2.0,3.3,6.0,7.8,7500.0,2.0,66.4,2017
2.0,3.9,2.0,9.7,7500.0,2.0,60.0,2006
2.0,2.5,7.0,7.8,7590.0,2.0,53.4,2002
2.0,4.0,1.0,10.5,7500.0,2.0,53.4,2020
2.0,3.7,1.0,9.0,7500.0,2.0,48.0,2013
2.0,2.5,7.0,16.0,7500.0,2.0,65.0,2013
2.0,2.5,17.0,5.2,7500.0,2.0,45.7,2024
2.0,3.9,9.0,6.8,7550.0,2.0,42.2,1981
2.0,2.5,14.0,10.0,7500.0,2.0,61.1,2024
2.0,3.4,7.0,9.8,7520.0,2.0,67.3,2019
2.0,2.9,7.0,12.0,7500.0,2.0,47.1,2010
2.0,3.9,4.0,6.0,7500.0,2.0,48.0,1969
2.0,3.4,9.0,20.0,7550.0,2.0,50.5,2021
2.0,4.2,1.0,16.6,7500.0,2.0,53.5,1994
2.0,4.2,7.0,9.0,7500.0,2.0,53.0,2011
2.0,2.5,7.0,8.6,7500.0,2.0,50.0,1995
2.0,4.2,4.0,6.0,7500.0,2.0,44.0,1967
2.0,2.9,9.0,9.3,7500.0,2.0,55.8,2012
2.0,4.2,1.0,8.0,7500.0,2.0,51.0,1990
2.0,2.5,13.0,8.0,7500.0,2.0,46.0,2022
2.0,3.7,4.0,6.0,7500.0,2.0,42.0,1964
2.0,2.5,6.0,10.0,7500.0,2.0,59.9,2024
2.0,3.4,7.0,23.7,7600.0,2.0,45.5,1970
2.0,4.4,15.0,14.3,7624.0,2.0,56.7,2025
2.0,4.0,6.0,3.6,7600.0,2.0,35.4,2026
2.0,2.5,5.0,6.8,7600.0,2.0,43.2,1972
2.0,2.9,9.0,16.0,7635.0,2.0,65.75,2015
2.0,3.3,3.0,13.8,7700.0,2.0,60.2,2021
2.0,2.5,8.0,16.0,7700.0,2.0,70.0,2020
2.0,4.4,9.0,10.4,7700.0,2.0,56.2,2011
2.0,3.9,9.0,8.2,7700.0,2.0,46.7,1987
2.0,4.0,2.0,10.0,7700.0,2.0,49.0,2022
2.0,3.3,7.0,13.8,7700.0,2.0,60.8,2025
2.0,4.2,6.0,12.5,7700.0,2.0,70.5,2016
2.0,3.9,5.0,9.0,7700.0,2.0,63.0,2010
2.0,2.9,4.0,9.0,7700.0,2.0,60.0,1999
2.0,2.9,9.0,20.3,7800.0,2.0,71.08,2022
2.0,2.9,2.0,10.4,7800.0,2.0,71.7,1945
2.0,2.9,8.0,10.0,7800.0,2.0,55.0,2017
2.0,2.5,5.0,9.8,7800.0,2.0,52.7,2015
2.0,3.8,5.0,9.0,7790.0,2.0,53.1,1998
2.0,2.5,15.0,25.4,7750.0,2.0,71.7,2016
2.0,2.5,4.0,18.3,7800.0,2.0,55.4,2005
2.0,3.4,12.0,19.1,7750.0,2.0,47.0,2025
2.0,2.9,10.0,20.0,7800.0,2.0,76.0,2016
2.0,2.5,9.0,20.0,7750.0,2.0,49.7,2025
2.0,2.5,8.0,8.8,7799.0,2.0,50.3,1991
2.0,3.9,16.0,5.2,7800.0,2.0,45.5,2002
2.0,2.5,9.0,10.0,7750.0,2.0,56.4,2007
2.0,4.4,1.0,13.0,7830.0,2.0,70.3,2007
2.0,3.3,2.0,13.0,7800.0,2.0,54.0,2017
2.0,4.4,14.0,7.0,7800.0,2.0,56.9,2015
2.0,2.9,15.0,15.0,7850.0,2.0,36.8,2023
2.0,3.8,9.0,5.1,7850.0,2.0,43.3,1966
2.0,3.4,4.0,12.5,7870.0,2.0,56.1,2022
2.0,2.5,3.0,13.0,7900.0,2.0,57.3,2024
2.0,4.2,4.0,6.0,7900.0,2.0,46.0,1964
2.0,2.5,1.0,25.0,7900.0,2.0,70.1,2010
2.0,4.4,10.0,10.0,7900.0,2.0,50.0,2012
2.0,2.9,6.0,9.0,7999.0,2.0,62.6,1999
2.0,2.9,3.0,8.0,7900.0,2.0,52.9,2001
2.0,2.9,11.0,5.0,7900.0,2.0,42.0,2009
2.0,2.5,14.0,9.5,7950.0,2.0,51.9,2018
2.0,3.7,8.0,14.0,7900.0,2.0,57.2,2019
2.0,4.0,11.0,6.0,7950.0,2.0,44.1,2023
2.0,4.4,15.0,10.4,7900.0,2.0,57.0,2016
2.0,2.5,5.0,9.0,7900.0,2.0,67.5,2024
2.0,2.5,2.0,12.0,7900.0,2.0,60.0,2015
2.0,3.4,2.0,23.8,8000.0,2.0,69.4,2005
2.0,2.9,11.0,11.7,8000.0,2.0,73.3,2015
2.0,4.2,1.0,6.0,8000.0,2.0,44.0,1960
2.0,2.5,7.0,5.0,8000.0,2.0,43.4,2021
2.0,3.8,1.0,8.6,8000.0,2.0,50.2,1986
2.0,3.8,2.0,7.3,8000.0,2.0,45.6,1983
2.0,2.5,7.0,12.5,8000.0,2.0,62.4,2014
2.0,2.5,4.0,8.6,8000.0,2.0,52.5,2020
2.0,2.5,19.0,16.0,8000.0,2.0,39.2,2016
2.0,2.5,10.0,7.0,8000.0,2.0,48.0,1983
2.0,3.4,3.0,9.0,8000.0,2.0,56.0,2020
2.0,2.9,9.0,12.5,8000.0,2.0,66.5,2009
2.0,2.9,5.0,9.8,8000.0,2.0,49.0,2015
2.0,4.0,2.0,30.3,8100.0,2.0,81.1,2012
2.0,2.5,16.0,9.0,8120.0,2.0,68.0,2020
2.0,3.4,6.0,16.8,8100.0,2.0,36.6,2019
2.0,2.5,19.0,11.0,8100.0,2.0,61.5,2020
2.0,4.4,2.0,14.3,8119.0,2.0,57.0,2013
2.0,2.9,6.0,12.0,8100.0,2.0,64.7,2013
2.0,4.0,3.0,13.5,8100.0,2.0,57.6,2009
2.0,3.7,3.0,18.0,8100.0,2.0,57.1,2023
2.0,4.0,14.0,7.5,8100.0,2.0,50.6,2023
2.0,4.0,4.0,8.3,8088.0,2.0,52.0,2000
2.0,2.5,13.0,11.3,8200.0,2.0,56.5,2018
2.0,3.4,2.0,20.0,8200.0,2.0,50.0,2010
2.0,4.0,5.0,14.0,8200.0,2.0,36.29,2026
2.0,4.0,8.0,18.0,8162.0,2.0,42.29,2026
2.0,2.9,1.0,14.0,8200.0,2.0,61.5,2009
2.0,3.3,5.0,10.4,8200.0,2.0,53.4,2023
2.0,3.4,6.0,22.2,8180.0,2.0,43.7,2019
2.0,3.7,12.0,5.0,8200.0,2.0,56.3,2022
2.0,3.9,2.0,16.3,8200.0,2.0,39.2,1984
2.0,3.3,3.0,13.4,8200.0,2.0,53.2,2023
2.0,3.7,14.0,22.1,8200.0,2.0,67.7,2024
2.0,3.7,2.0,20.7,8250.0,2.0,60.0,2017
2.0,4.0,3.0,12.0,8250.0,2.0,57.2,2018
2.0,2.5,11.0,15.0,8297.0,2.0,70.8,2021
2.0,4.0,23.0,25.0,8250.0,2.0,43.0,2025
2.0,4.2,7.0,5.0,8250.0,2.0,42.4,2024
2.0,4.2,2.0,8.0,8300.0,2.0,53.3,1994
2.0,4.4,2.0,11.0,8300.0,2.0,66.0,2013
2.0,3.9,7.0,9.0,8300.0,2.0,50.4,1984
2.0,4.0,3.0,15.0,8300.0,2.0,63.1,2015
2.0,4.0,5.0,23.3,8300.0,2.0,41.8,1963
2.0,3.4,5.0,8.7,8300.0,2.0,51.5,2019
2.0,4.4,2.0,14.5,8300.0,2.0,65.3,2014
2.0,3.3,13.0,13.8,8350.0,2.0,60.5,2020
2.0,3.3,12.0,8.0,8300.0,2.0,56.4,2017
2.0,3.3,6.0,9.0,8300.0,2.0,52.3,2017
2.0,2.5,27.0,12.9,8300.0,2.0,69.0,2016
2.0,2.5,8.0,10.0,8300.0,2.0,57.4,2004
2.0,4.0,23.0,20.0,8300.0,2.0,61.3,2023
2.0,3.8,10.0,13.0,8300.0,1.0,88.0,2007
2.0,3.7,9.0,11.0,8300.0,2.0,58.0,2021
2.0,3.3,11.0,25.0,8400.0,2.0,66.6,2023
2.0,2.5,17.0,5.2,8400.0,2.0,46.1,2024
2.0,3.3,11.0,9.8,8400.0,2.0,60.0,2010
2.0,3.8,4.0,7.0,8450.0,2.0,52.0,2007
2.0,2.5,11.0,15.0,8499.0,2.0,71.0,2022
2.0,4.0,24.0,13.3,8498.0,2.0,58.5,2024
2.0,3.3,5.0,16.1,8500.0,2.0,65.0,2023
2.0,2.5,9.0,8.5,8500.0,2.0,67.5,2016
2.0,3.3,8.0,18.6,8500.0,2.0,60.9,2021
2.0,4.2,2.0,7.1,8500.0,2.0,47.1,1973
2.0,4.0,4.0,10.0,8500.0,2.0,77.4,2022
2.0,3.4,14.0,5.0,8500.0,2.0,39.6,2022
2.0,4.4,8.0,30.0,8500.0,2.0,72.0,2004
2.0,2.5,10.0,15.0,8500.0,2.0,56.7,2018
2.0,2.5,1.0,10.0,8500.0,2.0,54.0,2014
2.0,2.9,14.0,12.0,8500.0,2.0,67.5,2015
2.0,4.2,3.0,21.0,8500.0,2.0,72.09,2016
2.0,2.5,5.0,18.0,8500.0,2.0,67.6,2016
2.0,3.8,2.0,6.0,8500.0,2.0,44.7,1964
2.0,3.4,6.0,7.0,8500.0,2.0,49.2,2019
2.0,2.5,7.0,23.0,8550.0,2.0,63.0,2024
2.0,3.8,2.0,9.0,8600.0,2.0,52.1,1986
2.0,3.4,12.0,8.0,8550.0,2.0,59.9,2019
2.0,2.5,13.0,8.2,8550.0,2.0,60.9,2020
2.0,4.4,2.0,16.0,8600.0,2.0,62.8,2016
2.0,3.3,18.0,20.0,8600.0,2.0,69.1,2015
2.0,4.4,12.0,14.3,8650.0,2.0,65.1,2014
2.0,2.5,5.0,12.0,8700.0,2.0,68.2,2024
2.0,3.4,5.0,9.6,8700.0,2.0,55.0,1953
2.0,2.5,8.0,9.6,8700.0,2.0,65.8,2014
2.0,3.3,3.0,10.0,8699.0,2.0,49.4,2021
2.0,3.8,5.0,8.7,8700.0,2.0,54.0,1986
2.0,2.9,4.0,12.4,8700.0,2.0,57.8,2015
2.0,2.5,14.0,13.9,8700.0,2.0,62.7,2011
2.0,2.5,12.0,7.0,8765.0,2.0,51.0,2024
2.0,4.0,24.0,16.0,8799.0,2.0,45.0,2021
2.0,3.7,11.0,12.0,8750.0,2.0,67.0,2021
2.0,3.3,4.0,12.4,8750.0,2.0,56.0,2011
2.0,3.7,5.0,10.1,8800.0,2.0,54.4,2017
2.0,4.0,10.0,21.0,8800.0,2.0,67.1,2024
2.0,4.0,10.0,8.0,8800.0,2.0,51.0,2022
2.0,3.8,9.0,8.7,8800.0,2.0,53.1,1986
2.0,4.0,19.0,8.3,8800.0,2.0,43.5,2013
2.0,4.4,6.0,10.0,8800.0,2.0,62.0,2015
2.0,3.8,8.0,5.0,8800.0,2.0,67.8,1998
2.0,4.0,5.0,15.0,8800.0,2.0,53.9,2021
2.0,2.5,8.0,23.0,8900.0,2.0,64.5,2015
2.0,3.4,21.0,14.0,8999.0,2.0,40.0,2024
2.0,2.5,14.0,11.6,8900.0,2.0,59.4,2011
2.0,3.4,10.0,13.0,8900.0,2.0,58.0,2021
2.0,2.9,13.0,11.0,8900.0,2.0,56.7,2017
2.0,3.8,3.0,7.0,8980.0,2.0,52.0,1956
2.0,4.0,9.0,5.0,8990.0,2.0,39.1,2024
2.0,4.0,2.0,10.6,8990.0,2.0,53.55,2026
2.0,3.4,15.0,7.0,8900.0,2.0,56.8,2024
2.0,3.9,5.0,15.5,8900.0,2.0,63.1,2002
2.0,4.0,11.0,6.0,8999.0,2.0,46.0,2024
2.0,2.5,8.0,10.0,8900.0,2.0,48.0,2020
2.0,3.9,2.0,10.0,9000.0,2.0,54.3,2002
2.0,3.8,3.0,10.0,9000.0,2.0,64.0,1939
2.0,2.5,1.0,16.0,9000.0,2.0,52.5,2014
2.0,2.9,6.0,4.0,9000.0,2.0,53.0,2025
2.0,2.9,16.0,19.0,9000.0,2.0,51.7,2026
2.0,4.0,1.0,6.0,9000.0,2.0,43.8,1987
2.0,3.7,20.0,17.4,9000.0,2.0,47.9,2025
2.0,2.9,12.0,13.0,9000.0,2.0,46.8,2025
2.0,2.5,5.0,12.6,9000.0,2.0,76.6,2002
2.0,2.9,8.0,11.3,9000.0,2.0,79.7,2012
2.0,4.2,3.0,8.6,9000.0,2.0,53.3,2000
2.0,4.4,16.0,25.0,9000.0,2.0,64.8,2013
2.0,4.0,15.0,7.5,9000.0,2.0,62.4,2023
2.0,4.0,15.0,13.0,9000.0,2.0,72.9,2021
2.0,2.5,25.0,12.0,9000.0,2.0,64.0,2016
2.0,2.9,2.0,15.0,9100.0,2.0,51.0,2015
2.0,2.5,16.0,17.0,9100.0,2.0,55.0,2022
2.0,2.5,20.0,13.0,9100.0,2.0,58.0,2025
2.0,2.5,4.0,10.0,9100.0,2.0,54.0,2007
2.0,2.5,18.0,11.0,9100.0,2.0,51.0,2021
2.0,3.9,8.0,4.0,9200.0,2.0,41.1,2022
2.0,2.5,8.0,5.0,9200.0,2.0,52.2,2014
2.0,4.0,21.0,4.4,9200.0,2.0,47.08,2025
2.0,2.5,5.0,11.0,9200.0,2.0,54.5,2020
2.0,4.2,6.0,14.0,9200.0,2.0,60.0,2014
2.0,4.0,4.0,15.3,9200.0,2.0,59.5,2024
2.0,3.8,8.0,8.0,9200.0,2.0,53.0,1987
2.0,2.5,7.0,8.0,9200.0,2.0,52.8,2018
2.0,3.4,1.0,13.0,9200.0,2.0,65.8,2019
2.0,2.5,11.0,14.6,9200.0,2.0,59.0,2022
2.0,3.4,2.0,5.5,9200.0,2.0,37.0,2019
2.0,2.5,8.0,10.0,9200.0,2.0,50.4,2024
2.0,4.0,3.0,10.0,9290.0,2.0,44.0,2022
2.0,2.5,18.0,13.0,9315.0,2.0,61.2,2026
2.0,3.8,3.0,8.2,9300.0,2.0,56.0,1953
2.0,2.5,3.0,11.0,9300.0,2.0,50.8,2009
2.0,3.8,7.0,7.2,9300.0,2.0,45.7,2007
2.0,2.5,6.0,9.200000000000001,9250.0,2.0,46.0,2020
2.0,2.5,3.0,6.0,9400.0,2.0,55.2,2016
2.0,3.4,13.0,17.5,9400.0,2.0,65.2,2025
2.0,3.4,11.0,16.0,9350.0,2.0,58.0,2026
2.0,2.9,17.0,5.0,9400.0,2.0,47.0,2022
2.0,3.7,6.0,12.4,9500.0,2.0,63.0,2019
2.0,3.7,13.0,10.1,9500.0,2.0,63.0,2017
2.0,4.0,4.0,12.0,9500.0,2.0,57.0,2022
2.0,4.0,10.0,10.0,9450.0,2.0,56.5,2006
2.0,2.9,8.0,13.2,9500.0,2.0,69.2,2008
2.0,2.5,17.0,15.0,9500.0,2.0,54.0,2022
2.0,2.5,10.0,8.0,9500.0,2.0,44.6,2021
2.0,3.9,3.0,6.9,9500.0,2.0,48.4,1982
2.0,4.0,15.0,20.0,9500.0,2.0,51.0,2022
2.0,3.8,12.0,15.0,9500.0,2.0,38.8,2024
2.0,3.4,15.0,14.0,9500.0,2.0,67.0,2008
2.0,4.0,19.0,5.0,9450.0,2.0,44.0,2017
2.0,3.4,13.0,9.0,9500.0,2.0,55.5,2013
2.0,2.9,10.0,6.2,9500.0,2.0,67.6,2015
2.0,4.0,17.0,11.2,9500.0,2.0,55.6,2023
2.0,2.5,2.0,10.0,9500.0,2.0,72.0,2002
2.0,2.5,9.0,10.1,9500.0,2.0,60.1,2020
2.0,3.9,5.0,10.0,9500.0,2.0,52.6,1959
2.0,4.0,12.0,5.1,9600.0,2.0,45.9,2022
2.0,2.9,6.0,13.2,9550.0,2.0,56.0,2015
2.0,2.5,4.0,12.0,9600.0,2.0,63.0,2020
2.0,3.8,10.0,19.4,9630.0,2.0,43.6,2024
2.0,4.2,5.0,9.4,9600.0,2.0,53.0,2015
2.0,4.2,5.0,20.3,9600.0,2.0,45.7,2019
2.0,4.0,17.0,20.1,9700.0,2.0,59.1,2011
2.0,2.5,2.0,8.5,9700.0,2.0,53.0,2022
2.0,2.5,12.0,15.0,9700.0,2.0,56.8,2018
2.0,2.5,21.0,11.7,9650.0,2.0,62.6,2022
2.0,2.5,9.0,10.4,9700.0,2.0,52.0,2020
2.0,3.8,19.0,11.0,9700.0,2.0,45.0,2021
2.0,2.5,8.0,28.0,9800.0,2.0,56.0,2014
2.0,2.5,3.0,13.0,9800.0,2.0,62.3,2021
2.0,2.5,3.0,9.8,9800.0,2.0,53.5,2024
2.0,2.9,8.0,13.0,9800.0,2.0,55.0,2025
2.0,3.9,4.0,5.0,9770.0,2.0,43.8,2022
2.0,4.2,13.0,12.8,9800.0,2.0,67.0,2010
2.0,4.0,15.0,12.0,9750.0,2.0,61.0,2021
2.0,3.9,3.0,13.2,9900.0,2.0,59.6,1955
2.0,4.2,2.0,5.0,9900.0,2.0,46.0,1994
2.0,4.4,6.0,12.5,9850.0,2.0,75.0,2008
2.0,2.5,3.0,20.0,9900.0,2.0,70.7,2020
2.0,3.4,12.0,10.0,9900.0,2.0,56.2,2013
2.0,2.9,11.0,16.3,9900.0,2.0,53.35,2026
2.0,2.9,7.0,10.0,9900.0,2.0,56.7,2024
2.0,3.4,3.0,14.0,9900.0,2.0,67.5,2019
2.0,2.5,9.0,22.0,9900.0,2.0,64.4,2019
2.0,4.0,11.0,23.0,10000.0,2.0,82.34,2024
2.0,2.5,4.0,16.4,10000.0,2.0,98.7,2011
2.0,3.8,9.0,15.0,9800.0,2.0,52.4,2011
2.0,3.8,8.0,13.0,10480.0,2.0,64.0,2013
2.0,4.0,19.0,14.0,8990.0,2.0,53.9,2017
2.0,3.8,3.0,9.5,8500.0,2.0,50.6,2003
2.0,3.8,6.0,9.0,10600.0,2.0,54.3,2007
2.0,2.9,1.0,5.0,3750.0,2.0,40.8,1964
2.0,2.5,3.0,9.0,3999.0,2.0,63.0,1958
5.0,3.8,2.0,6.0,6300.0,2.0,44.0,1965
2.0,3.3,2.0,5.0,2350.0,2.0,42.0,1950
2.0,2.9,3.0,8.1,5790.0,2.0,54.0,2015
2.0,2.5,1.0,5.0,2850.0,2.0,46.1,2020
2.0,3.7,5.0,10.0,6660.0,2.0,65.2,2009
2.0,2.5,12.0,10.0,15900.0,2.0,60.3,2018
4.0,3.4,6.0,25.7,12720.0,3.0,71.42,2028
2.0,4.2,2.0,5.6,4300.0,3.0,62.0,1968
2.0,3.3,7.0,25.5,7100.0,3.0,63.2,1976
4.0,4.0,3.0,16.36,9870.0,3.0,81.8,2028
2.0,3.3,4.0,6.7,5300.0,3.0,58.1,1967
2.0,2.5,3.0,7.1,5000.0,3.0,62.1,1974
4.0,4.0,22.0,15.219999999999999,13333.0,3.0,76.1,2026
2.0,2.5,10.0,9.0,6800.0,3.0,68.0,1992
2.0,2.5,4.0,12.9,5650.0,3.0,87.39,2018
4.0,3.3,5.0,11.700000000000001,9821.0,3.0,58.5,2027
2.0,2.9,18.0,6.5,7770.0,3.0,46.5,2024
2.0,3.4,1.0,9.0,4100.0,3.0,60.7,1982
4.0,3.4,4.0,44.6,18560.0,3.0,112.93,2028
2.0,4.0,15.0,17.3,9600.0,3.0,99.41,2025
2.0,3.9,23.0,12.0,24990.0,3.0,107.1,2015
4.0,4.0,8.0,25.1,13530.0,3.0,100.04,2026
2.0,4.0,18.0,17.0,12400.0,3.0,55.0,2023
2.0,2.5,4.0,7.0,5700.0,3.0,59.9,1975
4.0,3.3,9.0,16.66,13470.0,3.0,83.3,2027
2.0,2.5,2.0,15.0,13700.0,3.0,85.5,2020
2.0,2.5,2.0,9.0,2800.0,3.0,59.0,2027
4.0,2.9,1.0,55.03,16460.0,3.0,94.53,2026
2.0,3.8,22.0,5.2,13999.0,3.0,55.1,2021
2.0,4.0,5.0,9.2,10850.0,3.0,74.2,2010
4.0,3.4,2.0,13.780000000000001,13573.0,3.0,68.9,2028
2.0,2.5,4.0,12.0,17450.0,3.0,107.0,2017
2.0,3.7,3.0,15.0,5700.0,3.0,109.0,2017
4.0,2.9,10.0,21.490000000000002,13403.0,3.0,60.99,2026
2.0,2.9,1.0,8.0,5200.0,3.0,60.8,1979
4.0,3.4,14.0,17.48,16693.0,3.0,87.4,2028
2.0,3.4,7.0,7.0,4800.0,3.0,60.0,1976
4.0,3.4,8.0,25.7,13770.0,3.0,78.5,2028
2.0,2.5,1.0,9.2,3100.0,3.0,67.5,1958
4.0,4.0,9.0,20.96,12400.0,3.0,104.8,2028
2.0,2.5,3.0,21.9,4990.0,3.0,55.9,2020
2.0,3.7,2.0,7.1,5000.0,3.0,60.0,1974
4.0,2.9,2.0,19.699999999999996,11203.0,3.0,54.4,2026
2.0,3.8,1.0,15.0,9780.0,3.0,71.0,1958
2.0,2.9,4.0,7.0,5000.0,3.0,59.0,1980
4.0,3.4,2.0,22.728,25440.0,3.0,113.64,2028
2.0,4.0,2.0,7.2,7000.0,3.0,60.1,1970
2.0,3.8,1.0,6.0,5000.0,3.0,54.0,1960
4.0,3.3,21.0,18.180000000000003,14793.0,3.0,90.9,2027
2.0,2.9,3.0,15.0,9900.0,3.0,93.5,2015
2.0,2.9,5.0,6.0,6000.0,3.0,57.8,1968
4.0,4.0,7.0,3.6,14700.0,3.0,68.4,2026
2.0,3.4,4.0,24.0,17800.0,3.0,81.0,2018
2.0,3.3,3.0,6.0,4250.0,3.0,55.0,2017
4.0,2.9,1.0,36.459999999999994,14603.0,3.0,66.66,2026
2.0,4.2,3.0,8.2,5999.0,3.0,60.8,1988
2.0,3.7,2.0,7.0,4990.0,3.0,60.1,1974
4.0,3.3,18.0,14.700000000000001,11888.0,3.0,73.5,2027
2.0,3.3,24.0,5.0,18000.0,3.0,83.6,2014
2.0,3.3,1.0,7.6,4550.0,3.0,56.4,2017
4.0,4.0,10.0,8.2,16200.0,3.0,74.6,2026
2.0,3.7,1.0,5.0,5500.0,3.0,58.0,1963
2.0,3.3,5.0,6.0,4600.0,3.0,57.5,1967
4.0,4.0,4.0,14.980000000000002,13253.0,3.0,74.9,2026
2.0,3.9,1.0,6.3,5650.0,3.0,54.5,1964
2.0,3.4,1.0,5.6,5290.0,3.0,42.8,1965
4.0,3.3,10.0,11.9,10112.0,3.0,59.5,2027
2.0,3.7,10.0,8.0,5800.0,3.0,59.02,2017
2.0,2.9,6.0,9.0,5600.0,3.0,55.0,2015
4.0,2.5,3.0,14.2,16376.0,3.0,74.7,2027
2.0,2.9,5.0,6.0,6450.0,3.0,57.0,1962
2.0,4.2,1.0,9.4,5850.0,3.0,62.1,1994
4.0,2.9,1.0,20.11,13303.0,3.0,59.91,2026
2.0,2.9,5.0,9.0,6400.0,3.0,60.7,1973
2.0,2.5,5.0,6.5,5900.0,3.0,60.8,2020
4.0,3.3,20.0,15.9,14469.0,3.0,79.5,2027
2.0,3.4,2.0,5.8,6999.0,3.0,58.7,2019
2.0,3.7,20.0,4.5,5999.0,3.0,59.5,2024
4.0,4.0,14.0,6.2,12529.0,3.0,51.47,2026
2.0,4.0,4.0,5.0,7000.0,3.0,57.8,1971
2.0,3.4,3.0,5.6,6100.0,3.0,55.4,1949
4.0,4.0,19.0,5.3,14800.0,3.0,76.4,2028
2.0,2.5,4.0,8.8,7250.0,3.0,64.8,1985
2.0,2.5,5.0,12.0,6300.0,3.0,61.9,2020
4.0,4.0,3.0,22.6,10720.0,3.0,90.2,2028
2.0,4.2,2.0,15.0,7350.0,3.0,83.5,2024
2.0,2.5,13.0,31.299999999999997,6300.0,3.0,71.3,2016
4.0,2.5,28.0,17.9,17423.0,3.0,83.93,2027
2.0,3.3,2.0,6.0,7700.0,3.0,55.5,1960
2.0,3.4,3.0,7.0,6500.0,3.0,57.9,2019
4.0,2.9,22.0,11.68,8500.0,3.0,58.4,2025
2.0,3.7,5.0,10.0,7650.0,3.0,58.0,2017
2.0,2.9,7.0,10.2,6649.0,3.0,66.1,2009
4.0,4.0,7.0,5.4,15900.0,3.0,67.9,2024
2.0,3.7,12.0,10.0,8200.0,3.0,51.0,2017
2.0,2.9,1.0,8.0,6800.0,3.0,75.9,2015
4.0,2.5,26.0,20.2,18047.0,3.0,87.45,2027
2.0,2.5,4.0,6.0,8500.0,3.0,71.0,2020
2.0,3.7,4.0,9.0,7050.0,3.0,63.7,1989
4.0,4.0,18.0,6.2,11682.0,3.0,49.31,2026
2.0,2.5,4.0,8.8,9000.0,3.0,70.5,2009
4.0,4.0,19.0,7.1,13600.0,3.0,70.2,2028
2.0,2.5,5.0,12.8,9300.0,3.0,94.2,2020
2.0,4.0,3.0,7.7,7300.0,3.0,78.2,2022
4.0,2.9,21.0,10.224,7700.0,3.0,51.12,2025
2.0,2.5,1.0,19.0,10200.0,3.0,71.0,2020
2.0,4.0,6.0,9.0,7350.0,3.0,59.1,2022
4.0,3.3,3.0,6.2,7177.0,3.0,55.5,2028
2.0,3.3,9.0,15.4,11000.0,3.0,68.0,2017
2.0,3.7,5.0,8.3,7500.0,3.0,71.7,2017
4.0,4.0,8.0,7.7,14950.0,3.0,80.5,2028
2.0,3.3,6.0,24.3,13000.0,3.0,87.9,2017
2.0,2.5,9.0,16.499999999999993,7750.0,3.0,70.1,2018
4.0,4.0,2.0,18.7,14280.0,3.0,95.4,2028
2.0,2.9,2.0,6.5,5690.0,3.0,56.0,2015
4.0,3.3,10.0,14.180000000000001,11684.0,3.0,70.9,2027
2.0,3.7,11.0,15.0,13000.0,3.0,72.5,2023
2.0,3.9,6.0,10.0,48000.0,3.0,128.0,2002
2.0,2.9,5.0,2.1,12590.0,3.0,69.7,2027
2.0,4.0,15.0,5.0,14500.0,3.0,77.0,2022
2.0,3.4,9.0,8.0,4500.0,3.0,57.7,1976
4.0,4.0,12.0,5.4,15635.0,3.0,69.08,2026
2.0,2.9,2.0,7.4,3500.0,3.0,55.2,1956
4.0,2.5,10.0,37.92,33730.0,3.0,189.6,2025
2.0,3.7,7.0,7.0,5650.0,3.0,60.0,1987
4.0,3.7,3.0,5.6,6900.0,3.0,55.8,2028
2.0,4.4,2.0,7.1,4300.0,3.0,59.4,2013
5.0,2.5,3.0,16.0,7600.0,3.0,86.0,2013
2.0,4.4,4.0,7.0,5100.0,3.0,59.4,1972
4.0,4.0,28.0,8.0,16435.0,3.0,77.3,2026
2.0,2.5,5.0,6.0,5980.0,3.0,60.6,1978
4.0,3.7,2.0,5.5,6900.0,3.0,53.5,2028
2.0,3.3,3.0,6.0,5999.0,3.0,61.3,2017
4.0,3.9,3.0,5.1,11650.0,3.0,64.29,2028
2.0,3.9,5.0,11.0,8770.0,3.0,63.2,1967
2.0,4.0,4.0,7.1,5300.0,3.0,57.9,1974
2.0,2.9,5.0,5.6,5800.0,3.0,59.3,2024
4.0,2.9,1.0,16.680000000000003,7200.0,3.0,83.4,2026
2.0,2.9,10.0,6.0,4800.0,3.0,56.0,2015
2.0,2.5,1.0,17.830000000000002,10608.0,3.0,89.15,2026
2.0,4.2,9.0,6.9,4500.0,3.0,57.1,1987
4.0,3.9,11.0,35.25,14930.0,3.0,77.25,2025
2.0,3.3,1.0,8.0,5900.0,3.0,75.9,1951
2.0,2.5,1.0,18.78,8600.0,3.0,93.9,2025
4.0,3.4,3.0,5.0,8450.0,3.0,67.3,2027
2.0,3.4,9.0,7.3,5350.0,3.0,62.0,1978
4.0,3.3,3.0,6.0,7055.0,3.0,59.4,2027
4.0,3.8,28.0,35.9,24550.0,3.0,158.58,2026
2.0,4.2,3.0,10.2,5700.0,3.0,66.1,2007
4.0,3.7,6.0,20.0,8950.0,3.0,82.0,2025
2.0,3.4,5.0,7.1,4999.0,3.0,57.5,1976
2.0,2.5,1.0,7.0,4800.0,3.0,73.2,2020
4.0,3.8,27.0,29.3,28360.0,3.0,155.15,2026
2.0,4.2,3.0,8.8,6000.0,3.0,63.3,1994
2.0,3.7,2.0,6.7,4950.0,3.0,61.0,2017
4.0,4.0,9.0,25.7,16640.0,3.0,90.15,2026
2.0,4.0,2.0,8.8,6100.0,3.0,66.6,1995
2.0,3.3,8.0,8.0,5650.0,3.0,63.0,2017
4.0,3.7,5.0,5.0,9300.0,3.0,70.4,2025
2.0,3.7,6.0,23.0,6300.0,3.0,64.0,2013
2.0,2.5,20.0,14.112000000000002,9807.0,3.0,70.56,2026
2.0,3.3,4.0,10.0,10500.0,3.0,53.0,2021
2.0,3.4,3.0,7.0,6750.0,3.0,60.5,1983
2.0,3.3,2.0,7.0,7100.0,3.0,58.7,1988
2.0,2.5,1.0,33.199999999999996,7500.0,3.0,77.8,2013
4.0,3.7,18.0,5.7,7850.0,3.0,65.4,2028
2.0,2.5,17.0,10.0,18990.0,3.0,87.0,2018
4.0,3.4,5.0,20.65,10528.0,3.0,63.25,2026
2.0,4.0,8.0,7.2,7600.0,3.0,58.9,1988
2.0,4.4,13.0,6.1,7700.0,3.0,52.3,2018
4.0,3.7,4.0,5.1,8900.0,3.0,63.3,2025
2.0,2.5,10.0,21.0,25000.0,3.0,138.2,2007
5.0,3.4,5.0,13.5,8400.0,3.0,73.3,2016
4.0,3.9,17.0,41.2,17440.0,3.0,91.0,2025
2.0,2.9,3.0,11.3,12000.0,3.0,110.4,2015
2.0,3.7,16.0,17.4,8500.0,3.0,52.0,2024
2.0,2.5,16.0,6.0,22500.0,3.0,74.5,2020
2.0,3.4,12.0,16.7,8900.0,3.0,80.49,2025
4.0,4.0,11.0,5.8,11000.0,3.0,57.22,2028
2.0,4.0,2.0,19.0,11499.0,3.0,70.3,2021
2.0,3.3,5.0,32.4,9149.0,3.0,76.4,1958
2.0,3.7,12.0,17.0,16800.0,3.0,75.0,2018
2.0,3.3,4.0,11.1,10100.0,3.0,96.88,2017
4.0,2.9,20.0,19.1,14103.0,3.0,58.9,2026
2.0,3.8,3.0,24.0,32500.0,3.0,70.0,2007
5.0,3.3,9.0,15.0,12000.0,3.0,109.0,2007
2.0,3.8,2.0,14.4,33000.0,3.0,72.4,2023
5.0,3.9,3.0,25.0,13000.0,3.0,68.0,1969
4.0,3.4,1.0,5.3,7650.0,3.0,49.4,2027
2.0,3.8,2.0,9.7,16999.0,3.0,72.56,2007
5.0,3.8,9.0,10.7,17300.0,3.0,83.3,2008
5.0,4.0,4.0,12.0,23800.0,3.0,93.0,2011
5.0,3.9,12.0,40.0,34900.0,3.0,103.0,2021
4.0,2.9,13.0,4.5,7435.0,3.0,52.49,2027
2.0,4.2,2.0,5.5,800.0,1.0,61.0,1968
4.0,4.0,16.0,8.2,19200.0,3.0,70.8,2024
2.0,4.2,2.0,5.8,4500.0,3.0,58.2,1975
4.0,3.3,5.0,18.76,9484.0,3.0,93.8,2027
2.0,3.8,17.0,11.1,14700.0,3.0,89.99,2007
5.0,3.9,18.0,12.1,13490.0,3.0,50.9,2023
2.0,2.5,24.0,24.116,19999.0,3.0,120.58,2023
2.0,2.9,15.0,23.0,8000.0,3.0,80.0,2015
2.0,3.7,3.0,7.0,4500.0,3.0,56.0,1988
2.0,3.7,3.0,6.0,8000.0,3.0,61.5,2016
2.0,3.3,2.0,14.66,5943.0,3.0,73.3,2017
2.0,2.5,23.0,19.666,17984.0,3.0,98.33,2024
2.0,4.0,2.0,113.3,32000.0,3.0,225.0,2022
4.0,3.9,21.0,22.840000000000003,27500.0,3.0,114.2,2024
2.0,4.4,8.0,11.2,10230.0,3.0,69.4,2013
2.0,2.5,1.0,8.4,6000.0,3.0,58.4,1996
2.0,2.5,6.0,7.0,5800.0,3.0,57.8,2020
2.0,4.0,15.0,24.0,19500.0,3.0,87.5,2019
2.0,3.8,4.0,8.8,5200.0,3.0,55.4,1936
2.0,2.9,9.0,17.0,13500.0,3.0,90.0,2015
2.0,3.4,2.0,12.878,10660.0,3.0,64.39,2028
4.0,3.3,2.0,5.0,6215.0,3.0,47.6,2027
2.0,3.8,20.0,12.0,18500.0,3.0,79.5,2019
2.0,2.9,7.0,7.1,5300.0,3.0,60.9,1979
2.0,2.5,14.0,14.036000000000001,13960.0,3.0,70.18,2026
2.0,3.7,5.0,5.8,6000.0,3.0,58.8,1964
4.0,2.9,16.0,43.900000000000006,8700.0,3.0,88.4,2025
2.0,2.5,12.0,18.0,11800.0,3.0,81.0,2015
4.0,3.7,11.0,4.4,7500.0,3.0,56.7,2025
2.0,2.5,5.0,8.0,11200.0,3.0,65.5,2020
2.0,2.9,2.0,5.8,5500.0,3.0,57.6,1961
4.0,3.7,26.0,32.0,13780.0,3.0,99.39,2028
5.0,2.9,11.0,14.0,9900.0,3.0,80.6,2025
2.0,3.3,9.0,8.6,5270.0,3.0,62.9,1981
4.0,2.9,15.0,15.57,8896.0,3.0,47.07,2027
2.0,3.7,2.0,8.3,4390.0,3.0,74.8,2017
4.0,2.5,7.0,26.2,11120.0,3.0,93.23,2028
2.0,3.8,9.0,20.5,17200.0,3.0,73.1,2023
2.0,2.9,6.0,7.1,4900.0,3.0,57.2,2015
2.0,2.5,4.0,16.84,16990.0,3.0,84.2,2025
5.0,4.0,20.0,9.7,17450.0,3.0,67.1,2025
4.0,2.5,6.0,22.2,13310.0,3.0,81.44,2026
2.0,2.9,4.0,5.7,4600.0,3.0,62.8,2015
4.0,2.5,4.0,13.26,8948.0,3.0,66.3,2026
2.0,2.5,6.0,8.0,8500.0,3.0,59.0,1983
2.0,4.4,3.0,7.0,5250.0,3.0,60.0,1972
4.0,3.3,3.0,5.3,6589.0,3.0,54.6,2027
2.0,3.7,1.0,6.7,4800.0,3.0,57.2,1973
2.0,2.5,18.0,11.108,4170.0,3.0,55.54,2025
2.0,2.9,2.0,5.9,4800.0,3.0,55.0,2015
2.0,3.3,1.0,6.0,4190.0,3.0,59.0,1980
2.0,2.9,1.0,5.0,4850.0,3.0,58.0,1971
2.0,3.7,1.0,6.7,4298.0,3.0,58.0,1971
4.0,3.8,3.0,68.26,33310.0,3.0,341.3,2024
2.0,3.7,9.0,7.0,4300.0,3.0,60.0,1974
2.0,2.9,1.0,10.0,5000.0,3.0,61.7,2015
2.0,4.4,1.0,5.2,4300.0,3.0,58.5,2013
4.0,3.3,8.0,16.0,13778.0,3.0,82.2,2028
2.0,3.7,4.0,5.5,4300.0,3.0,62.0,1967
4.0,3.3,3.0,17.72,9400.0,3.0,88.6,2026
2.0,2.9,1.0,6.1,5150.0,3.0,55.7,2015
2.0,4.4,5.0,7.0,4300.0,3.0,57.0,2013
4.0,2.5,4.0,21.7,14370.0,3.0,93.59,2026
2.0,2.5,4.0,7.0,5180.0,3.0,55.0,1970
2.0,3.7,4.0,6.8,4350.0,3.0,57.8,1990
4.0,2.9,2.0,12.43,6800.0,3.0,62.15,2026
2.0,3.7,3.0,9.0,5200.0,3.0,62.7,2017
2.0,3.7,5.0,7.0,4390.0,3.0,63.0,1987
2.0,2.5,11.0,14.418000000000001,11150.0,3.0,72.09,2025
4.0,4.0,8.0,6.9,15767.0,3.0,85.5,2025
2.0,4.2,5.0,6.0,6000.0,3.0,62.0,1994
4.0,3.7,5.0,24.5,12360.0,3.0,81.1,2028
2.0,3.7,5.0,7.0,4450.0,3.0,62.0,1976
4.0,3.4,2.0,5.5,10875.0,3.0,69.7,2026
2.0,3.7,3.0,12.8,5500.0,3.0,86.4,2020
4.0,4.0,2.0,19.3,15556.0,3.0,72.9,2028
2.0,2.9,9.0,7.2,5700.0,3.0,63.5,1975
2.0,4.0,9.0,14.058000000000002,13490.0,3.0,70.29,2027
2.0,4.0,2.0,7.0,5400.0,3.0,43.0,1976
4.0,3.7,25.0,20.0,10460.0,3.0,73.05,2026
2.0,3.3,3.0,8.7,5850.0,3.0,62.2,1985
2.0,4.4,2.0,6.2,4350.0,3.0,59.4,1965
4.0,3.3,5.0,15.6,12803.0,3.0,71.1,2028
2.0,2.9,2.0,9.0,5890.0,3.0,64.0,1984
2.0,3.7,3.0,6.0,4350.0,3.0,59.0,2017
4.0,2.9,3.0,13.9,8818.0,3.0,74.61,2026
2.0,3.7,5.0,6.0,5600.0,3.0,59.5,2017
2.0,3.3,4.0,6.0,4400.0,3.0,59.0,1967
4.0,3.4,11.0,5.0,7900.0,3.0,50.2,2027
2.0,4.4,5.0,10.0,5500.0,3.0,50.0,2014
2.0,2.9,5.0,7.5,4400.0,3.0,57.0,1974
4.0,3.3,2.0,5.1,6468.0,3.0,53.8,2027
2.0,2.5,10.0,12.9,5450.0,3.0,87.4,2020
2.0,3.3,5.0,6.0,4600.0,3.0,62.5,1967
4.0,2.5,7.0,10.68,9005.0,3.0,53.4,2027
2.0,2.5,3.0,9.0,5500.0,3.0,59.0,2016
2.0,4.0,19.0,14.840000000000002,14250.0,3.0,74.2,2027
2.0,3.7,1.0,8.0,5500.0,3.0,82.0,2017
2.0,2.9,1.0,7.0,4600.0,3.0,57.0,1975
4.0,3.4,23.0,16.404,13943.0,3.0,82.02,2025
2.0,2.9,8.0,5.7,5500.0,3.0,54.8,1991
2.0,2.5,1.0,5.0,4600.0,3.0,58.0,2024
4.0,4.0,17.0,4.1,16815.0,3.0,89.1,2025
2.0,4.4,1.0,14.0,4600.0,3.0,48.7,2015
4.0,4.0,14.0,12.440000000000001,12310.0,3.0,62.2,2028
2.0,2.5,1.0,20.0,5500.0,3.0,59.3,2020
2.0,3.7,1.0,6.0,4600.0,3.0,58.0,1986
4.0,4.0,1.0,19.2,30019.0,3.0,88.3,2028
2.0,2.9,9.0,7.6,5500.0,3.0,62.4,2015
2.0,4.0,5.0,8.8,4690.0,3.0,60.4,1989
2.0,4.0,15.0,12.538,12020.0,3.0,62.69,2027
2.0,2.9,2.0,11.4,5500.0,3.0,57.0,2015
2.0,2.5,1.0,5.8,4650.0,3.0,56.7,1960
4.0,2.9,1.0,13.068000000000001,8500.0,3.0,65.34,2025
2.0,4.2,1.0,7.0,4700.0,3.0,58.0,1994
4.0,2.5,5.0,12.100000000000001,9415.0,3.0,60.5,2027
2.0,2.5,2.0,8.5,4600.0,3.0,59.02,2025
4.0,3.8,4.0,14.4,18721.0,3.0,64.3,2022
2.0,2.5,3.0,8.5,4700.0,3.0,59.02,2020
4.0,3.7,16.0,5.3,7700.0,3.0,63.7,2028
4.0,4.0,1.0,14.5,24400.0,3.0,102.52,2025
2.0,2.9,3.0,15.0,5850.0,3.0,58.0,2015
4.0,4.0,17.0,6.9,16426.0,3.0,85.1,2025
4.0,2.5,2.0,26.0,10570.0,3.0,88.27,2028
2.0,4.0,3.0,5.6,5899.0,3.0,57.4,1974
2.0,2.9,3.0,8.1,4650.0,3.0,72.3,1959
4.0,3.7,10.0,20.0,9850.0,3.0,80.9,2025
2.0,4.2,4.0,7.0,5300.0,3.0,61.0,1978
4.0,2.9,2.0,17.540000000000003,7300.0,3.0,87.7,2026
2.0,3.7,5.0,6.0,5950.0,3.0,61.0,1967
4.0,2.5,24.0,21.9,8900.0,3.0,57.73,2026
2.0,3.4,8.0,7.2,5609.0,3.0,59.4,1975
2.0,4.4,4.0,7.0,4700.0,3.0,54.0,1976
2.0,3.3,8.0,21.44,11200.0,3.0,107.2,2027
2.0,4.4,15.0,10.0,5950.0,3.0,61.3,2012
2.0,3.7,3.0,6.0,4700.0,3.0,52.1,1970
2.0,3.7,3.0,11.16,6900.0,3.0,55.8,2028
2.0,3.7,4.0,18.5,4700.0,3.0,58.9,1975
4.0,4.0,22.0,6.1,9900.0,3.0,65.7,2025
2.0,2.9,5.0,7.1,5650.0,3.0,56.6,1976
2.0,2.9,2.0,7.2,4700.0,3.0,66.0,1930
4.0,2.5,2.0,17.1,9628.0,3.0,85.98,2026
2.0,2.9,4.0,7.4,4700.0,3.0,58.3,1975
4.0,2.5,8.0,30.6,15750.0,3.0,120.47,2028
2.0,2.5,6.0,13.0,5900.0,3.0,88.0,2024
2.0,3.7,10.0,8.5,4799.0,3.0,58.0,2017
4.0,3.7,2.0,18.2,15400.0,3.0,96.4,2028
2.0,2.9,9.0,7.1,4780.0,3.0,54.0,1980
4.0,3.3,11.0,11.82,6900.0,3.0,59.1,2027
2.0,3.7,3.0,6.7,4800.0,3.0,61.3,1971
4.0,3.4,11.0,6.8,8990.0,3.0,72.2,2027
2.0,4.0,3.0,22.62,29406.0,3.0,113.1,2020
2.0,3.4,1.0,6.0,4800.0,3.0,59.3,1965
4.0,3.4,1.0,5.5,10768.0,3.0,73.0,2026
2.0,3.7,3.0,9.8,6000.0,3.0,70.8,2017
2.0,3.3,6.0,9.8,6000.0,3.0,63.6,2013
2.0,3.4,8.0,6.2,6140.0,3.0,59.0,1973
2.0,2.5,1.0,8.8,6100.0,3.0,64.8,1996
2.0,3.7,8.0,8.0,6100.0,3.0,59.0,2018
2.0,2.9,6.0,10.2,6100.0,3.0,66.2,2015
2.0,3.7,3.0,6.4,6109.0,3.0,56.5,2024
2.0,2.5,1.0,7.3,6100.0,3.0,56.0,1972
2.0,3.4,8.0,7.5,6100.0,3.0,60.6,2019
2.0,2.5,4.0,9.0,6150.0,3.0,60.0,2020
2.0,3.3,4.0,8.8,6190.0,3.0,65.4,1989
2.0,2.9,3.0,6.0,6150.0,3.0,58.0,2015
2.0,2.9,7.0,7.4,6150.0,3.0,60.3,1983
2.0,2.5,10.0,10.8,6190.0,3.0,63.0,1993
2.0,3.4,2.0,8.1,6190.0,3.0,65.1,1936
2.0,3.9,5.0,6.0,6150.0,3.0,50.0,1971
2.0,3.4,3.0,7.1,6199.0,3.0,59.2,2019
2.0,3.4,3.0,12.4,6150.0,3.0,60.2,1967
2.0,2.9,7.0,7.2,6150.0,3.0,61.4,1990
2.0,4.2,2.0,17.0,6150.0,3.0,57.5,1977
2.0,3.9,1.0,5.2,6250.0,3.0,55.6,1963
2.0,4.0,9.0,7.0,6200.0,3.0,60.0,1981
2.0,3.4,6.0,7.0,6250.0,3.0,62.1,1976
2.0,2.5,2.0,8.7,6200.0,3.0,64.3,1989
2.0,2.9,5.0,7.0,6200.0,3.0,61.3,1985
2.0,4.2,8.0,9.0,6250.0,3.0,63.0,1976
2.0,2.5,7.0,11.0,6250.0,3.0,62.7,1996
2.0,3.7,6.0,15.0,6200.0,3.0,78.5,2016
2.0,3.3,6.0,10.9,6200.0,3.0,62.6,2017
2.0,4.0,2.0,6.2,6240.0,3.0,57.0,2022
2.0,2.9,6.0,8.0,6200.0,3.0,62.0,1990
2.0,4.2,3.0,8.5,6200.0,3.0,61.2,1994
2.0,2.9,3.0,6.7,6200.0,3.0,60.2,1981
2.0,3.7,10.0,13.0,6200.0,3.0,86.3,2017
2.0,3.7,10.0,8.8,6200.0,3.0,64.6,2017
2.0,3.4,9.0,7.0,6200.0,3.0,62.0,2019
2.0,4.2,9.0,8.8,6200.0,3.0,63.7,1978
2.0,2.5,6.0,8.1,6300.0,3.0,59.4,1986
2.0,3.4,1.0,6.0,6300.0,3.0,62.0,1967
2.0,3.7,16.0,9.0,6300.0,3.0,72.2,2021
2.0,3.3,2.0,10.8,6300.0,3.0,63.0,2017
2.0,2.9,8.0,7.0,6300.0,3.0,60.8,1976
2.0,4.2,4.0,23.4,6300.0,3.0,60.6,2005
2.0,2.5,3.0,5.9,6300.0,3.0,56.5,1961
2.0,4.2,7.0,9.0,6300.0,3.0,63.4,1975
2.0,2.9,4.0,8.0,6300.0,3.0,59.3,2006
2.0,4.0,4.0,7.1,6350.0,3.0,61.4,1973
2.0,2.5,7.0,9.0,6360.0,3.0,65.3,1990
2.0,2.9,3.0,8.8,6350.0,3.0,66.5,1999
2.0,2.9,3.0,8.6,6390.0,3.0,64.1,2015
2.0,3.4,5.0,7.1,6390.0,3.0,62.3,2019
2.0,2.9,6.0,6.9,6450.0,3.0,56.6,1979
2.0,3.7,16.0,5.6,6400.0,3.0,69.7,2017
2.0,2.9,2.0,8.6,6400.0,3.0,64.3,2015
2.0,4.0,6.0,7.0,6420.0,3.0,58.7,1979
2.0,2.9,1.0,20.1,6400.0,3.0,59.7,2020
2.0,4.0,1.0,7.2,6400.0,3.0,61.3,1971
2.0,2.9,7.0,6.9,6450.0,3.0,63.1,1984
2.0,2.9,7.0,9.0,6490.0,3.0,67.0,2020
2.0,4.0,2.0,8.0,6450.0,3.0,56.0,1961
2.0,3.4,2.0,5.9,6400.0,3.0,65.7,1950
2.0,2.9,5.0,7.0,6490.0,3.0,56.9,1967
2.0,2.9,1.0,10.0,6490.0,3.0,77.4,2020
2.0,4.0,4.0,6.3,6450.0,3.0,58.2,1969
2.0,4.0,2.0,6.0,6450.0,3.0,56.0,1961
2.0,3.3,6.0,35.0,6450.0,3.0,59.1,2017
2.0,4.2,4.0,9.0,6490.0,3.0,63.0,1977
2.0,2.5,17.0,10.0,6400.0,3.0,80.0,2014
2.0,2.9,2.0,25.0,6400.0,3.0,61.0,2015
2.0,3.7,7.0,12.0,6400.0,3.0,70.8,2024
2.0,2.9,6.0,8.7,6400.0,3.0,64.6,2015
2.0,2.9,5.0,9.0,6400.0,3.0,66.2,1986
2.0,3.7,2.0,13.0,6400.0,3.0,87.0,2017
2.0,2.9,3.0,12.4,6450.0,3.0,62.0,2015
2.0,3.8,2.0,8.0,6520.0,3.0,55.0,1965
2.0,4.4,6.0,8.0,6500.0,3.0,59.0,1987
2.0,4.2,3.0,8.8,6500.0,3.0,62.7,1994
2.0,4.0,5.0,9.0,6500.0,3.0,73.4,2011
2.0,3.3,9.0,7.3,6500.0,3.0,65.0,1993
2.0,2.5,2.0,8.5,6500.0,3.0,59.02,2021
2.0,3.3,3.0,10.7,6500.0,3.0,63.0,1990
2.0,3.7,3.0,7.0,6500.0,3.0,60.1,1977
2.0,4.0,4.0,7.2,6500.0,3.0,60.3,1981
2.0,3.4,1.0,5.5,6500.0,3.0,60.8,1967
2.0,3.7,4.0,8.5,6500.0,3.0,58.2,2019
2.0,2.5,10.0,9.1,6500.0,3.0,66.2,1992
2.0,2.5,1.0,8.2,6500.0,3.0,63.5,1987
2.0,3.4,5.0,25.0,6500.0,3.0,78.0,2019
2.0,3.3,3.0,9.0,6500.0,3.0,58.9,2017
2.0,3.3,7.0,6.8,6500.0,3.0,58.6,1974
2.0,3.4,1.0,5.8,6500.0,3.0,61.3,1967
2.0,2.5,2.0,13.7,6500.0,3.0,75.8,2010
2.0,2.5,6.0,7.0,6500.0,3.0,61.0,2020
2.0,2.9,6.0,9.1,6500.0,3.0,66.0,1990
2.0,3.7,6.0,18.8,6500.0,3.0,59.8,2023
2.0,3.4,5.0,6.0,6500.0,3.0,58.4,1989
2.0,2.9,9.0,7.2,6520.0,3.0,63.3,2015
2.0,2.5,9.0,7.2,6590.0,3.0,62.4,1973
2.0,2.9,8.0,8.2,6580.0,3.0,62.7,2015
2.0,3.4,5.0,9.8,6600.0,3.0,80.7,1957
2.0,3.4,9.0,7.1,6600.0,3.0,60.1,1974
2.0,3.7,10.0,18.0,6600.0,3.0,58.0,2022
2.0,2.9,9.0,9.0,6600.0,3.0,60.0,1981
2.0,2.9,5.0,7.0,6600.0,3.0,58.3,1976
2.0,3.4,8.0,6.8,6600.0,3.0,56.3,1972
2.0,2.9,9.0,7.2,6600.0,3.0,60.5,1986
2.0,3.9,6.0,5.3,6700.0,3.0,58.3,1969
2.0,3.3,5.0,13.5,6700.0,3.0,73.5,2016
2.0,2.5,2.0,5.0,6700.0,3.0,61.0,1969
2.0,3.7,10.0,13.0,6700.0,3.0,87.0,2019
2.0,4.2,5.0,8.9,6650.0,3.0,63.6,1984
2.0,4.0,1.0,7.6,6650.0,3.0,59.0,2022
2.0,3.4,2.0,6.7,6666.0,3.0,70.8,2019
2.0,3.3,10.0,10.2,6650.0,3.0,68.1,2006
2.0,4.0,2.0,6.0,6700.0,3.0,62.0,1964
2.0,2.9,3.0,6.1,6750.0,3.0,58.0,2015
2.0,2.9,1.0,13.4,6800.0,3.0,73.0,2015
2.0,2.9,9.0,8.5,6800.0,3.0,61.1,1993
2.0,4.4,9.0,8.0,6800.0,3.0,61.3,1984
2.0,4.4,1.0,11.4,6800.0,3.0,78.5,2013
2.0,3.4,2.0,10.0,6870.0,3.0,72.3,1985
2.0,3.7,4.0,8.2,6800.0,3.0,61.3,1989
2.0,3.7,6.0,12.8,6850.0,3.0,86.1,2023
2.0,2.5,7.0,7.0,6850.0,3.0,62.5,1976
2.0,3.9,8.0,5.5,6850.0,3.0,55.9,1969
2.0,3.3,4.0,23.0,6800.0,3.0,56.6,1960
2.0,4.2,3.0,13.4,6800.0,3.0,73.3,2013
2.0,2.9,2.0,10.600000000000001,6800.0,3.0,53.0,2023
2.0,2.5,6.0,6.0,6800.0,3.0,61.4,1978
2.0,4.0,19.0,5.4,6800.0,3.0,87.0,2022
2.0,3.7,18.0,48.0,6890.0,3.0,71.9,2023
2.0,4.2,3.0,10.6,6900.0,3.0,84.7,2020
2.0,2.9,4.0,13.3,6900.0,3.0,57.5,1962
2.0,3.7,7.0,10.7,6900.0,3.0,63.2,1978
2.0,2.5,1.0,16.4,6900.0,3.0,86.0,2011
2.0,3.7,1.0,9.0,6900.0,3.0,66.0,2017
2.0,4.4,8.0,10.0,6900.0,3.0,57.7,1994
2.0,2.9,10.0,24.0,6900.0,3.0,70.0,2023
2.0,3.3,5.0,8.9,6900.0,3.0,65.4,1993
2.0,2.9,2.0,10.0,6990.0,3.0,65.1,1989
2.0,2.9,11.0,10.0,6950.0,3.0,44.0,2022
2.0,2.5,4.0,16.0,6950.0,3.0,60.0,1969
2.0,2.9,5.0,7.0,6999.0,3.0,75.1,1933
2.0,3.3,1.0,30.0,6950.0,3.0,98.3,2017
2.0,4.0,3.0,7.0,6990.0,3.0,60.1,1985
2.0,3.3,2.0,6.0,6990.0,3.0,51.1,1958
2.0,4.2,3.0,6.0,6990.0,3.0,60.3,1967
2.0,3.7,16.0,19.7,6990.0,3.0,80.4,2014
2.0,4.4,12.0,10.0,6999.0,3.0,49.7,2013
2.0,2.5,4.0,7.0,7000.0,3.0,71.5,2020
2.0,3.4,5.0,7.2,7099.0,3.0,60.4,1992
2.0,3.7,11.0,10.0,7000.0,3.0,73.3,2023
2.0,2.9,1.0,18.0,7000.0,3.0,70.0,2015
2.0,3.8,1.0,6.2,7000.0,3.0,57.1,1964
2.0,2.5,2.0,7.5,7070.0,3.0,60.0,2020
2.0,4.2,7.0,7.8,7000.0,3.0,72.5,1994
2.0,3.7,3.0,7.1,7000.0,3.0,60.4,1977
2.0,3.3,7.0,6.0,7000.0,3.0,54.0,1989
2.0,2.5,1.0,9.3,7000.0,3.0,72.33,2012
2.0,3.7,4.0,7.0,7000.0,3.0,85.9,2019
2.0,3.3,1.0,9.0,7000.0,3.0,66.1,1988
2.0,3.3,9.0,9.0,7000.0,3.0,63.0,2002
2.0,2.5,2.0,13.5,7099.0,3.0,73.5,2010
2.0,3.7,7.0,13.0,7000.0,3.0,86.7,2023
2.0,4.2,1.0,5.4,7000.0,3.0,58.2,1968
2.0,3.7,10.0,21.0,7040.0,3.0,72.3,2024
2.0,4.2,3.0,17.0,7000.0,3.0,54.0,2012
2.0,3.3,5.0,7.0,7000.0,3.0,60.0,2017
2.0,2.9,5.0,6.0,7100.0,3.0,62.6,1965
2.0,4.2,7.0,9.0,7100.0,3.0,64.0,1977
2.0,3.3,7.0,7.0,7100.0,3.0,57.0,1987
2.0,3.9,9.0,11.98,7100.0,3.0,59.9,1981
2.0,4.2,1.0,10.6,7100.0,3.0,61.7,1992
2.0,3.3,8.0,7.0,7200.0,3.0,60.2,1987
2.0,2.9,6.0,13.0,7200.0,3.0,72.1,2015
2.0,3.3,5.0,8.6,7200.0,3.0,62.0,1990
2.0,2.5,15.0,8.0,7190.0,3.0,53.0,2020
2.0,2.9,2.0,8.8,7150.0,3.0,66.0,2015
2.0,4.4,9.0,12.7,7200.0,3.0,68.3,2011
2.0,3.7,6.0,12.7,7150.0,3.0,85.9,2019
2.0,2.9,8.0,19.2,7250.0,3.0,80.4,2019
2.0,4.4,1.0,11.0,7250.0,3.0,74.0,2012
2.0,2.5,1.0,8.2,7299.0,3.0,61.4,2006
2.0,4.0,3.0,7.0,7250.0,3.0,61.0,1981
2.0,3.3,5.0,7.1,7300.0,3.0,73.4,1958
2.0,3.3,3.0,6.0,7300.0,3.0,56.0,2017
2.0,2.5,8.0,7.0,7300.0,3.0,60.0,1977
2.0,2.5,5.0,8.0,7300.0,3.0,60.3,1971
2.0,4.4,4.0,8.0,7300.0,3.0,70.2,2016
2.0,3.4,1.0,6.0,7300.0,3.0,61.2,1967
2.0,2.5,2.0,8.7,7320.0,3.0,59.6,1999
2.0,3.4,11.0,7.0,7300.0,3.0,58.9,1979
2.0,2.5,5.0,7.0,7400.0,3.0,62.7,1978
2.0,2.5,2.0,8.0,7400.0,3.0,61.2,1999
2.0,4.0,4.0,5.0,7400.0,3.0,53.0,1973
2.0,3.7,9.0,17.4,7400.0,3.0,57.8,2022
2.0,4.2,4.0,11.0,7350.0,3.0,72.0,2005
2.0,4.2,5.0,9.0,7480.0,3.0,63.0,1974
2.0,3.9,4.0,7.0,7490.0,3.0,62.4,1934
2.0,3.9,7.0,5.5,7450.0,3.0,55.6,2002
2.0,2.9,9.0,12.8,7461.0,3.0,71.06,2015
2.0,2.9,1.0,7.2,7500.0,3.0,52.3,1949
2.0,4.2,3.0,8.7,7500.0,3.0,63.1,1994
2.0,3.9,3.0,6.0,7500.0,3.0,51.1,1934
2.0,4.0,8.0,7.0,7500.0,3.0,59.0,1982
2.0,4.0,3.0,7.0,7500.0,3.0,56.4,1987
2.0,2.5,2.0,25.5,7500.0,3.0,86.7,2016
2.0,3.9,4.0,6.0,7500.0,3.0,50.0,2002
2.0,2.5,3.0,8.7,7500.0,3.0,73.8,2020
2.0,2.5,8.0,7.0,7500.0,3.0,59.8,1975
2.0,2.5,4.0,8.6,7500.0,3.0,64.6,2000
2.0,3.4,3.0,7.9,7500.0,3.0,67.6,2019
2.0,3.4,4.0,8.0,7500.0,3.0,73.0,1975
2.0,3.9,1.0,7.6,7500.0,3.0,63.4,2002
2.0,4.2,1.0,7.0,7500.0,3.0,60.1,1984
2.0,3.3,8.0,8.5,7500.0,3.0,63.6,2014
2.0,2.9,3.0,13.0,7560.0,3.0,72.1,2014
2.0,3.3,3.0,14.0,7500.0,3.0,75.5,1980
2.0,3.3,4.0,9.0,7600.0,3.0,78.5,2017
2.0,3.3,9.0,10.0,7600.0,3.0,72.4,2011
2.0,2.9,5.0,13.2,7600.0,3.0,72.9,2010
2.0,3.7,6.0,23.5,7600.0,3.0,66.9,2017
2.0,4.0,4.0,6.0,7600.0,3.0,60.0,2022
2.0,3.9,3.0,7.0,7630.0,3.0,67.0,2002
2.0,4.2,7.0,8.1,7600.0,3.0,54.4,1994
2.0,3.9,3.0,5.5,7700.0,3.0,56.0,1970
2.0,2.5,4.0,7.0,7700.0,3.0,63.0,2020
2.0,4.0,7.0,7.0,7700.0,3.0,62.2,1975
2.0,3.7,5.0,8.0,7700.0,3.0,77.4,1962
2.0,2.5,6.0,7.2,7700.0,3.0,60.9,1973
2.0,3.4,11.0,14.0,7700.0,3.0,77.0,2004
2.0,2.5,2.0,5.4,7700.0,3.0,62.5,2020
2.0,3.7,16.0,18.0,7690.0,3.0,71.7,2022
2.0,2.5,11.0,14.1,7650.0,3.0,82.15,2027
2.0,3.3,9.0,10.0,7700.0,3.0,60.9,2017
2.0,3.3,6.0,19.0,7700.0,3.0,60.4,2025
2.0,2.9,3.0,8.0,7800.0,3.0,59.6,2015
2.0,3.8,4.0,6.0,7800.0,3.0,67.1,1940
2.0,2.9,4.0,8.0,7800.0,3.0,70.2,2014
2.0,4.0,9.0,7.1,7790.0,3.0,60.0,1972
2.0,2.5,3.0,18.0,7800.0,3.0,85.9,2020
2.0,3.8,8.0,6.0,7800.0,3.0,61.0,1974
2.0,2.5,6.0,11.0,7800.0,3.0,63.8,2005
2.0,3.3,2.0,20.0,7840.0,3.0,65.0,2017
2.0,3.4,5.0,11.1,7800.0,3.0,94.7,1942
2.0,3.4,3.0,11.0,7850.0,3.0,60.08,1986
2.0,3.4,8.0,6.9,7850.0,3.0,55.8,2019
2.0,2.9,9.0,13.6,7880.0,3.0,45.1,2023
2.0,4.2,2.0,12.0,7850.0,3.0,77.4,2017
2.0,3.3,2.0,17.4,7890.0,3.0,61.8,2017
2.0,2.5,8.0,7.0,7889.0,3.0,56.6,2020
2.0,2.9,10.0,12.6,7890.0,3.0,87.9,2010
2.0,4.0,6.0,7.0,7990.0,3.0,60.7,1986
2.0,3.4,1.0,24.6,7990.0,3.0,71.6,1986
2.0,4.4,8.0,12.8,7990.0,3.0,76.1,2010
2.0,2.5,10.0,13.0,7990.0,3.0,73.0,2016
2.0,3.8,5.0,6.5,7900.0,3.0,55.8,1968
2.0,3.3,15.0,5.1,7990.0,3.0,55.4,2021
2.0,4.0,6.0,10.7,7900.0,3.0,63.4,1995
2.0,4.0,2.0,7.8,7999.0,3.0,59.8,2022
2.0,4.0,10.0,5.0,7990.0,3.0,60.5,2024
2.0,2.9,3.0,13.3,7930.0,3.0,73.0,2015
2.0,4.2,5.0,9.0,7900.0,3.0,69.0,1996
2.0,2.9,16.0,13.0,7900.0,3.0,56.2,2022
2.0,3.9,2.0,5.2,7980.0,3.0,62.8,1934
2.0,3.3,6.0,19.0,7990.0,3.0,60.4,2025
2.0,3.3,6.0,18.9,7990.0,3.0,60.4,2025
2.0,3.9,5.0,10.0,7900.0,3.0,59.9,2002
2.0,3.4,5.0,7.0,7900.0,3.0,60.0,2019
2.0,2.9,13.0,13.0,8000.0,3.0,79.2,2024
2.0,2.5,3.0,6.6,8000.0,3.0,70.0,2020
2.0,2.9,15.0,13.5,8000.0,3.0,79.2,2024
2.0,3.3,9.0,10.6,8000.0,3.0,64.4,2017
2.0,3.7,5.0,15.0,8000.0,3.0,72.2,2023
2.0,3.7,3.0,12.2,8000.0,3.0,80.7,2015
2.0,3.3,5.0,18.1,8000.0,3.0,66.0,2023
2.0,2.5,9.0,13.0,8000.0,3.0,80.0,1992
2.0,2.5,6.0,10.0,8000.0,3.0,58.5,2021
2.0,3.7,12.0,18.0,8000.0,3.0,80.6,2022
2.0,2.5,7.0,11.5,8000.0,3.0,63.7,2005
2.0,3.9,1.0,18.6,8000.0,3.0,60.8,1955
2.0,4.2,4.0,6.0,8000.0,3.0,63.0,1994
2.0,3.4,4.0,8.0,8000.0,3.0,82.5,1958
2.0,4.0,4.0,7.6,8100.0,3.0,58.8,2022
2.0,3.9,1.0,7.8,8100.0,3.0,62.0,2002
2.0,3.7,4.0,8.3,8050.0,3.0,63.1,2003
2.0,2.9,11.0,14.0,8100.0,3.0,79.5,2024
2.0,2.9,2.0,15.0,8100.0,3.0,83.4,1957
2.0,3.9,8.0,8.0,8110.0,3.0,60.8,1986
2.0,2.9,3.0,13.6,8100.0,3.0,79.4,2024
2.0,4.4,3.0,8.8,8100.0,3.0,62.6,2013
2.0,2.9,2.0,11.7,8200.0,3.0,69.3,1941
2.0,3.3,15.0,11.0,8200.0,3.0,80.6,2017
2.0,3.3,15.0,18.7,8150.0,3.0,65.0,2017
2.0,3.3,3.0,13.4,8200.0,3.0,73.8,2012
2.0,4.0,9.0,7.1,8150.0,3.0,57.7,1981
2.0,4.0,7.0,8.0,8200.0,3.0,60.0,1986
2.0,4.2,4.0,5.7,8200.0,3.0,57.6,1994
2.0,4.0,9.0,12.7,8200.0,3.0,60.4,1977
2.0,3.7,2.0,13.0,8200.0,3.0,65.9,2017
2.0,2.9,10.0,13.4,8200.0,3.0,69.4,2012
2.0,3.3,4.0,8.6,8200.0,3.0,72.6,2017
2.0,3.9,12.0,12.0,8200.0,3.0,70.0,1997
2.0,4.2,4.0,5.8,8250.0,3.0,59.1,1962
2.0,3.3,2.0,13.4,8250.0,3.0,73.7,2008
2.0,4.0,2.0,16.0,8250.0,3.0,69.5,2016
2.0,2.5,4.0,8.5,8300.0,3.0,80.5,2020
2.0,4.2,1.0,8.6,8350.0,3.0,64.0,1986
2.0,2.5,14.0,23.3,8390.0,3.0,71.3,2024
2.0,3.9,1.0,7.0,8300.0,3.0,61.6,1981
2.0,3.3,3.0,13.5,8300.0,3.0,73.1,2014
2.0,4.2,5.0,10.0,8300.0,3.0,62.7,2006
2.0,2.5,7.0,8.0,8300.0,3.0,74.3,2021
2.0,4.0,7.0,7.0,8300.0,3.0,56.8,1973
2.0,2.9,9.0,10.0,8300.0,3.0,67.5,1976
2.0,3.7,15.0,12.4,8325.0,3.0,72.5,2025
2.0,4.2,9.0,9.0,8350.0,3.0,64.0,1989
2.0,2.9,7.0,13.3,8300.0,3.0,73.3,2011
2.0,2.5,2.0,14.0,8350.0,3.0,73.0,2016
2.0,4.4,3.0,16.0,8300.0,3.0,62.7,2009
2.0,4.0,4.0,13.1,8306.0,3.0,98.9,2027
2.0,3.3,5.0,18.5,8480.0,3.0,60.2,2021
2.0,4.0,10.0,13.4,8467.0,3.0,98.7,2027
2.0,3.9,4.0,7.5,8499.0,3.0,75.9,2002
2.0,2.9,7.0,14.0,8400.0,3.0,79.2,2024
2.0,2.5,4.0,20.0,8500.0,3.0,78.0,2009
2.0,2.9,4.0,8.9,8500.0,3.0,71.2,2015
2.0,3.3,23.0,6.0,8500.0,3.0,73.0,2015
2.0,2.9,12.0,19.5,8500.0,3.0,53.2,2022
2.0,2.9,11.0,12.0,8500.0,3.0,75.8,1996
2.0,2.9,4.0,8.0,8500.0,3.0,67.1,1955
2.0,3.9,8.0,10.0,8500.0,3.0,56.6,1981
2.0,2.5,2.0,12.2,8500.0,3.0,60.4,1997
2.0,2.9,16.0,15.6,8500.0,3.0,55.7,2015
2.0,3.3,16.0,8.5,8500.0,3.0,70.2,2011
2.0,3.7,3.0,10.7,8500.0,3.0,65.0,2021
2.0,3.9,6.0,7.2,8500.0,3.0,64.7,1979
2.0,4.4,9.0,13.5,8500.0,3.0,74.0,2009
2.0,2.5,1.0,8.8,8500.0,3.0,64.3,1991
2.0,3.3,7.0,13.4,8600.0,3.0,73.3,2017
2.0,2.9,4.0,16.0,8600.0,3.0,53.98,2026
2.0,4.0,4.0,8.1,8699.0,3.0,64.2,2022
2.0,3.9,7.0,6.9,8650.0,3.0,59.1,1979
2.0,3.9,9.0,7.3,8700.0,3.0,68.5,1977
2.0,4.0,20.0,12.6,8736.0,3.0,98.4,2027
2.0,2.5,15.0,10.0,8700.0,3.0,70.6,2020
2.0,2.5,17.0,20.1,8790.0,3.0,59.5,2014
2.0,4.4,13.0,11.2,8799.0,3.0,72.6,2013
2.0,3.9,4.0,10.8,8750.0,3.0,57.8,1987
2.0,2.9,10.0,11.0,8794.0,3.0,78.7,2024
2.0,2.9,7.0,12.0,8790.0,3.0,61.4,2021
2.0,2.5,20.0,7.0,8750.0,3.0,45.8,2022
2.0,2.5,8.0,12.9,8800.0,3.0,80.2,2020
2.0,2.9,4.0,9.0,8800.0,3.0,68.0,1992
2.0,2.5,8.0,5.0,8800.0,3.0,60.3,2014
2.0,2.9,4.0,13.4,8850.0,3.0,72.8,2012
2.0,4.4,1.0,8.0,8800.0,3.0,59.8,2023
2.0,2.9,2.0,11.3,8850.0,3.0,67.0,2001
2.0,4.2,6.0,12.8,8800.0,3.0,64.0,1977
2.0,2.5,12.0,12.7,8900.0,3.0,82.9,2011
2.0,3.4,4.0,11.2,8900.0,3.0,77.2,2008
2.0,3.7,2.0,10.1,8990.0,3.0,91.7,1996
2.0,2.5,8.0,23.0,8900.0,3.0,64.5,2015
2.0,3.3,7.0,14.0,8900.0,3.0,78.0,2026
2.0,4.0,5.0,8.0,8999.0,3.0,77.0,1958
2.0,4.4,9.0,19.0,8900.0,3.0,53.0,2013
2.0,4.4,21.0,20.0,8900.0,3.0,75.6,2023
2.0,2.5,5.0,8.9,9000.0,3.0,63.1,2000
2.0,2.5,10.0,11.0,9050.0,3.0,65.0,2000
2.0,3.4,6.0,8.0,9000.0,3.0,78.0,2010
2.0,3.4,6.0,11.0,9000.0,3.0,90.0,1993
2.0,4.0,2.0,8.2,9000.0,3.0,65.7,2022
2.0,3.7,1.0,13.5,9099.0,3.0,75.6,2018
2.0,3.3,3.0,10.0,9000.0,3.0,94.1,2017
2.0,4.2,1.0,6.0,9000.0,3.0,52.9,1968
2.0,2.5,4.0,11.0,9000.0,3.0,70.0,2009
2.0,2.9,1.0,18.3,9000.0,3.0,81.7,2020
2.0,3.7,11.0,17.0,9000.0,3.0,100.0,2022
2.0,4.4,7.0,12.3,9100.0,3.0,74.1,2008
2.0,4.4,16.0,5.1,9147.0,3.0,56.5,2025
2.0,3.3,12.0,6.3,9100.0,3.0,81.5,2017
2.0,4.0,21.0,13.2,9185.0,3.0,103.1,2027
2.0,2.5,5.0,14.0,9185.0,3.0,83.0,2020
2.0,2.9,14.0,14.0,9200.0,3.0,59.6,2015
2.0,4.0,4.0,6.7,9200.0,3.0,59.3,1981
2.0,4.4,1.0,26.1,9200.0,3.0,69.1,2013
2.0,4.0,11.0,13.4,9240.0,3.0,92.2,2022
2.0,2.5,10.0,30.0,9200.0,3.0,84.3,2010
2.0,2.5,3.0,10.0,9200.0,3.0,75.0,2016
2.0,3.7,1.0,13.5,9200.0,3.0,93.0,2023
2.0,3.4,4.0,20.0,9259.0,3.0,67.0,2019
2.0,4.0,8.0,19.0,9300.0,3.0,64.1,2024
2.0,3.7,1.0,9.0,9300.0,3.0,86.9,2018
2.0,3.8,6.0,6.4,9300.0,3.0,59.3,1973
2.0,2.5,2.0,8.0,9300.0,3.0,61.8,1997
2.0,4.0,3.0,21.0,9350.0,3.0,69.7,2024
2.0,3.9,4.0,7.0,9400.0,3.0,61.8,1980
2.0,3.9,3.0,8.0,9500.0,3.0,66.5,2002
2.0,4.0,9.0,20.0,9500.0,3.0,91.2,2022
2.0,3.8,1.0,9.1,9500.0,3.0,60.7,1986
2.0,2.9,4.0,10.0,9500.0,3.0,73.3,2017
2.0,2.9,18.0,25.0,9500.0,3.0,66.7,2021
2.0,4.0,4.0,7.0,9500.0,3.0,54.8,2015
2.0,3.3,10.0,16.5,9500.0,3.0,83.4,2017
2.0,4.0,2.0,8.3,9500.0,3.0,74.5,1959
2.0,4.0,2.0,30.0,9500.0,3.0,84.0,2025
2.0,3.7,8.0,22.0,9500.0,3.0,88.6,2017
2.0,4.0,18.0,16.0,9500.0,3.0,102.0,2025
2.0,4.0,2.0,7.0,9500.0,3.0,62.0,1983
2.0,4.4,1.0,12.5,9500.0,3.0,81.3,2010
2.0,3.7,10.0,12.1,9500.0,3.0,75.1,2019
2.0,2.9,10.0,20.0,9600.0,3.0,68.0,2015
2.0,3.4,8.0,24.0,9600.0,3.0,62.3,2025
2.0,3.8,7.0,8.9,9600.0,3.0,65.2,2007
2.0,3.4,13.0,16.7,9640.0,3.0,80.0,2019
2.0,3.8,5.0,9.4,9700.0,3.0,94.6,1934
2.0,2.9,9.0,13.2,9690.0,3.0,72.4,2014
2.0,2.5,4.0,25.0,9700.0,3.0,64.8,2025
2.0,4.2,10.0,8.0,9690.0,3.0,87.0,2017
2.0,4.0,22.0,12.0,9700.0,3.0,62.9,2023
2.0,2.9,2.0,9.7,9800.0,3.0,74.5,2008
2.0,4.0,2.0,20.0,9800.0,3.0,58.0,2018
2.0,2.9,17.0,13.6,9780.0,3.0,84.0,2018
2.0,3.8,3.0,8.0,9800.0,3.0,79.6,1960
2.0,3.3,5.0,11.0,9750.0,3.0,72.4,2018
2.0,2.5,9.0,8.5,9800.0,3.0,65.2,1993
2.0,2.5,1.0,18.0,9750.0,3.0,63.0,2020
2.0,2.9,5.0,8.2,9900.0,3.0,75.2,1960
2.0,2.5,10.0,10.0,9900.0,3.0,71.1,2007
2.0,4.0,10.0,10.0,9900.0,3.0,85.5,2024
2.0,3.3,3.0,13.8,9900.0,3.0,81.8,2025
2.0,3.3,2.0,13.8,9900.0,3.0,86.2,2025
2.0,3.7,14.0,5.0,9900.0,3.0,97.2,2019
2.0,2.5,7.0,5.5,9850.0,3.0,86.9,2024
2.0,3.4,4.0,8.2,10000.0,3.0,76.1,1990
2.0,3.7,1.0,24.7,10000.0,3.0,105.0,2017
2.0,3.3,8.0,25.0,10000.0,3.0,72.4,2018
2.0,4.2,1.0,6.9,9950.0,3.0,59.4,1972
2.0,3.8,4.0,6.4,9990.0,3.0,58.1,1973
2.0,2.9,5.0,13.2,9999.0,3.0,82.0,2014
2.0,2.5,8.0,9.0,10000.0,3.0,65.0,2020
2.0,4.4,2.0,11.6,10000.0,3.0,74.9,2013
2.0,3.4,2.0,15.0,9990.0,3.0,76.1,2019
2.0,3.9,6.0,8.0,9990.0,3.0,60.0,1977
2.0,3.7,1.0,14.1,10000.0,3.0,63.0,2019
2.0,4.2,5.0,16.1,10000.0,3.0,112.8,2006
2.0,2.9,13.0,5.0,10000.0,3.0,69.6,2016
2.0,3.9,5.0,7.0,10000.0,3.0,63.0,1982
2.0,2.9,5.0,13.6,10000.0,3.0,79.5,2023
2.0,2.9,8.0,9.0,9980.0,3.0,81.0,2006
2.0,3.4,16.0,18.7,9990.0,3.0,69.27,2025
2.0,2.5,2.0,9.9,10100.0,3.0,81.8,2010
2.0,4.4,9.0,15.1,10100.0,3.0,76.3,2009
2.0,2.5,16.0,12.0,10200.0,3.0,86.0,2020
2.0,4.0,11.0,10.0,10200.0,3.0,59.9,2022
2.0,3.4,2.0,11.1,10150.0,3.0,95.6,2002
2.0,3.4,1.0,16.0,10200.0,3.0,58.5,2021
2.0,3.4,7.0,12.0,10200.0,3.0,65.8,2015
2.0,4.0,2.0,22.7,10300.0,3.0,67.6,2020
2.0,2.9,1.0,10.8,10320.0,3.0,76.0,2009
2.0,2.5,3.0,11.3,10300.0,3.0,85.2,2001
2.0,3.9,5.0,8.7,10300.0,3.0,88.2,1961
2.0,3.4,9.0,11.9,10400.0,3.0,66.1,2025
2.0,3.3,10.0,13.4,10400.0,3.0,73.9,2010
2.0,2.5,4.0,18.0,10350.0,3.0,63.7,2019
2.0,3.7,3.0,16.0,10500.0,3.0,104.8,2014
2.0,3.3,7.0,11.2,10500.0,3.0,84.4,2009
2.0,2.9,18.0,5.0,10500.0,3.0,55.6,2025
2.0,3.3,3.0,18.6,10500.0,3.0,72.8,2019
2.0,3.4,3.0,12.8,10500.0,3.0,99.0,2019
2.0,2.5,10.0,13.0,10500.0,3.0,86.3,2012
2.0,3.7,15.0,37.5,10500.0,3.0,103.0,2017
2.0,4.0,8.0,27.0,10500.0,3.0,75.0,2022
2.0,4.4,12.0,15.7,10500.0,3.0,72.8,2020
2.0,3.8,4.0,6.8,10500.0,3.0,88.7,1956
2.0,2.5,8.0,17.0,10500.0,3.0,67.0,2024
2.0,4.0,9.0,21.0,10490.0,3.0,89.0,2024
2.0,4.0,8.0,7.9,10600.0,3.0,86.3,2022
2.0,2.5,16.0,16.0,10550.0,3.0,92.3,2019
2.0,2.5,7.0,7.2,10600.0,3.0,60.6,1973
2.0,2.9,14.0,11.2,10600.0,3.0,70.0,2008
2.0,4.4,2.0,18.7,10600.0,3.0,78.0,2016
2.0,2.9,3.0,11.0,10600.0,3.0,85.0,1996
2.0,4.0,8.0,12.0,10570.0,3.0,76.0,2021
2.0,3.4,17.0,21.7,10700.0,3.0,97.9,2007
2.0,3.8,1.0,23.0,10700.0,3.0,80.3,1979
2.0,4.0,11.0,21.0,10700.0,3.0,72.0,2022
2.0,4.0,5.0,28.4,10700.0,3.0,85.2,2013
2.0,4.0,6.0,5.9,10700.0,3.0,89.63,2024
2.0,2.5,10.0,12.0,10700.0,3.0,80.4,2014
2.0,4.0,4.0,17.0,10700.0,3.0,105.0,2016
2.0,2.5,5.0,8.0,10770.0,3.0,76.0,2020
2.0,3.7,10.0,13.5,10800.0,3.0,77.6,2021
2.0,2.5,12.0,15.4,10880.0,3.0,77.0,2020
2.0,3.3,2.0,23.0,10800.0,3.0,93.8,2016
2.0,3.4,3.0,13.3,10800.0,3.0,84.4,2024
2.0,4.0,9.0,10.0,10800.0,3.0,70.0,2022
2.0,2.5,10.0,12.0,10900.0,3.0,71.0,2020
2.0,2.5,6.0,11.0,10900.0,3.0,72.0,2020
2.0,3.4,17.0,21.6,10940.0,3.0,70.62,2019
2.0,4.0,2.0,10.8,10990.0,3.0,95.2,2000
2.0,2.5,1.0,11.9,10999.0,3.0,76.3,1998
2.0,4.4,4.0,12.0,10999.0,3.0,92.0,2013
2.0,3.9,2.0,8.0,11000.0,3.0,65.2,1941
2.0,4.0,18.0,13.4,11000.0,3.0,82.8,2015
2.0,2.5,10.0,26.0,11000.0,3.0,57.3,2023
2.0,3.4,16.0,13.0,11000.0,3.0,63.5,2019
2.0,2.9,4.0,13.0,11000.0,3.0,90.0,2009
2.0,3.3,24.0,14.0,11000.0,3.0,68.3,2015
2.0,3.4,11.0,17.0,11000.0,3.0,80.0,2024
2.0,2.5,2.0,6.1,11100.0,3.0,62.6,2020
2.0,4.2,7.0,14.2,11200.0,3.0,81.4,2015
2.0,4.2,8.0,7.0,11200.0,3.0,62.7,1972
2.0,2.5,2.0,23.8,11200.0,3.0,89.0,2024
2.0,3.4,9.0,11.1,11200.0,3.0,67.5,2007
2.0,4.0,18.0,10.0,11300.0,3.0,119.9,2022
2.0,4.0,3.0,8.0,11400.0,3.0,71.7,1995
2.0,2.5,22.0,6.0,11300.0,3.0,69.1,2015
2.0,4.0,5.0,12.0,11300.0,3.0,91.0,1956
2.0,4.2,11.0,11.0,11300.0,3.0,75.6,2012
2.0,2.9,24.0,8.0,11300.0,3.0,52.8,2021
2.0,3.4,10.0,5.0,11350.0,3.0,56.5,2025
2.0,3.4,3.0,10.0,11400.0,3.0,60.9,2020
2.0,3.9,12.0,12.0,11400.0,3.0,51.0,2023
2.0,2.9,13.0,10.1,11500.0,3.0,94.8,2006
2.0,4.0,5.0,10.3,11500.0,3.0,70.0,2025
2.0,2.5,6.0,8.8,11500.0,3.0,65.7,1991
2.0,4.0,2.0,22.0,11500.0,3.0,65.8,2022
2.0,3.9,2.0,9.0,11500.0,3.0,74.2,1959
2.0,4.0,17.0,14.0,11500.0,3.0,70.0,2021
2.0,4.0,2.0,13.3,11500.0,3.0,81.2,1993
2.0,4.0,3.0,8.1,11500.0,3.0,75.1,1953
2.0,3.3,15.0,13.8,11500.0,3.0,78.7,2020
2.0,2.9,17.0,25.0,11450.0,3.0,81.0,2021
2.0,2.9,15.0,31.0,11490.0,3.0,83.2,2018
2.0,4.0,4.0,21.3,11500.0,3.0,114.0,2022
2.0,4.0,5.0,23.0,11500.0,3.0,75.5,2022
2.0,4.0,4.0,24.0,11490.0,3.0,60.0,2022
2.0,2.5,7.0,20.0,11500.0,3.0,72.6,2025
2.0,4.0,10.0,10.0,11500.0,3.0,76.01,2024
2.0,2.9,3.0,26.0,11500.0,3.0,69.1,2017
2.0,2.9,2.0,10.0,11500.0,3.0,73.0,2011
2.0,2.9,2.0,15.0,11600.0,3.0,84.0,2020
2.0,4.0,13.0,20.0,11585.0,3.0,65.0,2014
2.0,3.8,13.0,9.1,11640.0,3.0,75.9,2011
2.0,3.3,4.0,30.0,11700.0,3.0,80.0,2017
2.0,4.0,11.0,11.1,11650.0,3.0,96.6,2023
2.0,4.0,16.0,18.0,11750.0,3.0,60.0,2023
2.0,3.4,6.0,19.0,11850.0,3.0,60.0,2018
2.0,4.4,2.0,13.0,11800.0,3.0,82.3,2012
2.0,3.7,7.0,12.0,11890.0,3.0,78.9,2016
2.0,2.9,7.0,11.0,11800.0,3.0,97.7,2010
2.0,2.5,6.0,22.8,11800.0,3.0,77.5,2020
2.0,3.9,7.0,8.1,11999.0,3.0,83.1,2002
2.0,3.8,9.0,8.0,11960.0,3.0,65.8,1991
2.0,2.9,21.0,20.0,11900.0,3.0,55.1,2021
2.0,4.0,20.0,14.1,11999.0,3.0,82.6,2015
2.0,3.4,7.0,17.0,11990.0,3.0,69.1,1994
2.0,4.0,22.0,13.0,11900.0,3.0,65.89,2022
2.0,4.0,15.0,11.9,11950.0,3.0,84.8,2021
2.0,2.5,4.0,11.8,11990.0,3.0,95.1,2002
2.0,2.5,4.0,13.8,11980.0,3.0,102.9,2003
2.0,3.4,3.0,12.0,11950.0,3.0,60.3,2019
2.0,3.4,25.0,14.0,12000.0,3.0,65.0,2019
2.0,2.9,17.0,7.0,12000.0,3.0,70.9,2019
2.0,3.7,14.0,16.6,12000.0,3.0,57.5,2020
2.0,4.4,10.0,12.2,12000.0,3.0,87.8,2012
2.0,2.5,2.0,9.0,12000.0,3.0,80.0,2020
2.0,4.2,4.0,15.0,12000.0,3.0,82.0,2015
2.0,4.2,5.0,17.8,12000.0,3.0,132.3,1994
2.0,3.7,6.0,19.7,12000.0,3.0,66.9,2017
2.0,2.9,6.0,12.0,12150.0,3.0,69.0,2017
2.0,4.0,4.0,15.0,12200.0,3.0,60.0,2022
2.0,2.5,10.0,14.0,12200.0,3.0,70.0,2020
2.0,3.4,24.0,16.0,12300.0,3.0,65.0,2021
2.0,4.2,9.0,10.8,12300.0,3.0,62.5,1981
2.0,2.5,10.0,22.200000000000003,12300.0,3.0,111.0,2020
2.0,3.8,3.0,7.5,12300.0,3.0,75.2,2007
2.0,4.0,5.0,24.8,12450.0,3.0,83.7,2022
2.0,2.5,4.0,11.7,12400.0,3.0,78.5,1998
2.0,3.8,7.0,7.0,12450.0,3.0,61.1,1973
2.0,3.8,2.0,10.0,12485.0,3.0,73.2,1934
2.0,2.9,3.0,15.0,12400.0,3.0,131.3,1999
2.0,4.0,7.0,6.0,12400.0,3.0,62.5,1952
2.0,4.0,17.0,38.5,12400.0,3.0,98.2,2009
2.0,4.0,6.0,24.9,12500.0,3.0,74.9,1981
2.0,2.5,10.0,11.7,12500.0,3.0,79.0,2020
2.0,3.8,3.0,8.4,12555.0,3.0,70.7,2007
2.0,4.0,10.0,13.0,12500.0,3.0,77.0,2014
2.0,2.5,4.0,9.0,12500.0,3.0,132.0,1998
2.0,3.9,14.0,8.7,12500.0,3.0,70.9,2002
2.0,2.5,3.0,10.0,12500.0,3.0,75.4,2006
2.0,2.5,3.0,10.0,12550.0,3.0,74.4,2021
2.0,4.2,3.0,26.0,12500.0,3.0,138.0,2006
2.0,4.2,4.0,15.0,12500.0,3.0,82.0,1994
2.0,4.0,12.0,13.0,12500.0,3.0,96.6,2022
2.0,4.4,10.0,18.7,12500.0,3.0,62.5,2013
2.0,4.4,2.0,16.8,12600.0,3.0,90.0,2025
2.0,4.0,3.0,14.4,12700.0,3.0,86.0,2015
2.0,4.0,14.0,9.0,12650.0,3.0,77.0,2024
2.0,3.9,3.0,18.2,12800.0,3.0,62.3,2024
2.0,3.8,4.0,10.9,12850.0,3.0,78.0,2016
2.0,2.9,6.0,22.2,12800.0,3.0,111.0,2003
2.0,3.8,5.0,12.2,12800.0,3.0,64.4,2013
2.0,4.0,4.0,18.0,12800.0,3.0,104.5,2022
2.0,3.3,3.0,14.6,12800.0,3.0,79.4,2017
2.0,2.5,8.0,14.0,12800.0,3.0,72.0,2020
2.0,2.5,11.0,16.2,12985.0,3.0,90.6,2006
2.0,4.0,4.0,10.0,12900.0,3.0,105.3,2022
2.0,2.5,12.0,11.3,12999.0,3.0,71.1,2019
2.0,2.9,13.0,20.0,12999.0,3.0,98.1,2011
2.0,4.0,2.0,22.0,12990.0,3.0,90.0,2024
2.0,2.5,13.0,10.5,12900.0,3.0,94.3,2003
2.0,3.3,7.0,12.0,12950.0,3.0,77.1,2007
2.0,2.5,8.0,27.2,12900.0,3.0,86.0,2024
2.0,2.5,3.0,11.2,12990.0,3.0,80.5,2015
2.0,4.0,7.0,25.0,12900.0,3.0,85.0,2004
2.0,3.8,8.0,10.0,12900.0,3.0,71.6,2007
2.0,3.3,10.0,9.0,12950.0,3.0,78.5,2016
2.0,3.9,4.0,23.0,12900.0,3.0,69.8,2002
2.0,4.0,12.0,5.0,12999.0,3.0,94.0,2024
2.0,4.0,7.0,13.0,13000.0,3.0,97.8,2002
2.0,3.9,5.0,8.6,13000.0,3.0,74.3,1968
2.0,2.5,14.0,10.4,13000.0,3.0,95.1,2007
2.0,3.3,8.0,12.7,13000.0,3.0,85.6,2017
2.0,3.8,3.0,7.6,13000.0,3.0,68.1,1962
2.0,2.5,7.0,12.0,13000.0,3.0,75.0,2020
2.0,3.3,6.0,20.0,13200.0,3.0,75.0,2017
2.0,4.0,2.0,14.0,13150.0,3.0,58.0,2022
2.0,3.7,4.0,11.0,13300.0,3.0,100.0,1998
2.0,3.8,3.0,29.0,13300.0,3.0,72.2,1954
2.0,4.0,12.0,21.0,13500.0,3.0,64.7,2022
2.0,2.5,18.0,14.0,13400.0,3.0,90.6,2016
2.0,4.0,23.0,15.1,13450.0,3.0,105.0,2021
2.0,2.5,16.0,24.5,13499.0,3.0,98.2,2015
2.0,3.8,4.0,12.9,13500.0,3.0,85.2,1998
2.0,4.0,17.0,16.8,13500.0,3.0,81.3,2024
2.0,2.5,17.0,15.7,13500.0,3.0,83.7,2018
2.0,2.5,2.0,28.0,13500.0,3.0,81.0,2022
2.0,3.4,4.0,12.6,13450.0,3.0,88.0,2005
2.0,2.9,2.0,11.9,13500.0,3.0,95.7,2011
2.0,3.8,15.0,5.3,13500.0,3.0,63.1,2024
2.0,4.0,2.0,16.8,13500.0,3.0,84.0,2022
2.0,4.0,7.0,9.3,13600.0,3.0,90.0,1980
2.0,2.5,4.0,21.0,13600.0,3.0,57.9,2019
2.0,4.0,7.0,12.5,13700.0,3.0,86.2,2016
2.0,3.4,6.0,22.0,13700.0,3.0,67.8,2017
2.0,4.0,4.0,16.0,13700.0,3.0,99.2,2000
2.0,2.5,17.0,20.0,13700.0,3.0,65.0,2020
2.0,3.9,5.0,29.9,13700.0,3.0,88.7,2017
2.0,3.4,4.0,25.0,13800.0,3.0,75.3,2020
2.0,4.0,1.0,15.0,13930.0,3.0,74.5,2009
2.0,2.9,9.0,5.0,13900.0,3.0,61.7,2026
2.0,2.5,21.0,20.3,13900.0,3.0,61.9,2023
2.0,4.0,13.0,17.0,13900.0,3.0,106.4,2022
2.0,4.0,2.0,25.0,13900.0,3.0,71.0,2017
2.0,2.5,18.0,16.5,14000.0,3.0,72.6,2021
2.0,4.0,5.0,16.0,14000.0,3.0,93.0,2013
2.0,4.0,2.0,13.5,14000.0,3.0,88.2,2022
2.0,4.0,3.0,17.0,13999.0,3.0,103.1,2012
2.0,3.8,4.0,9.1,14000.0,3.0,71.8,1940
2.0,3.8,2.0,35.0,13990.0,3.0,99.8,2000
2.0,3.3,4.0,20.0,14000.0,3.0,101.1,2023
2.0,3.3,7.0,4.6,14000.0,3.0,73.47,2019
2.0,2.5,8.0,20.8,14099.0,3.0,67.4,2018
2.0,3.7,4.0,14.0,14199.0,3.0,106.1,2015
2.0,3.7,11.0,10.3,14199.0,3.0,87.4,2020
2.0,2.9,11.0,20.0,14100.0,3.0,124.8,1996
2.0,4.0,19.0,23.0,14100.0,3.0,87.0,2020
2.0,3.8,4.0,8.7,14300.0,3.0,71.2,1958
2.0,3.4,12.0,21.0,14300.0,3.0,83.4,2017
2.0,4.0,16.0,23.0,14500.0,3.0,74.8,2011
2.0,2.9,8.0,12.0,14500.0,3.0,94.5,2013
2.0,2.5,20.0,17.5,14500.0,3.0,62.4,2019
2.0,3.9,8.0,9.0,14500.0,3.0,72.0,2003
2.0,2.9,5.0,24.5,14500.0,3.0,108.1,1996
2.0,3.7,9.0,12.0,14500.0,3.0,115.0,1997
2.0,2.9,2.0,16.0,14400.0,3.0,110.0,1999
2.0,4.0,4.0,26.0,14500.0,3.0,99.2,2005
2.0,3.8,15.0,13.0,14450.0,3.0,95.0,2024
2.0,3.9,10.0,16.0,14499.0,3.0,95.7,2013
2.0,4.0,6.0,25.5,14500.0,3.0,89.5,2022
2.0,2.5,11.0,12.64,14400.0,3.0,63.2,2026
2.0,3.8,9.0,20.0,14500.0,3.0,93.2,2014
2.0,4.0,6.0,30.0,14550.0,3.0,121.0,2023
2.0,4.2,3.0,7.1,14700.0,3.0,63.0,1994
2.0,2.5,9.0,20.2,14700.0,3.0,61.8,2019
2.0,3.8,7.0,21.5,14700.0,3.0,98.0,2011
2.0,2.5,4.0,27.1,14800.0,3.0,79.3,2018
2.0,3.4,23.0,8.0,14880.0,3.0,91.1,2013
2.0,3.4,3.0,15.0,14800.0,3.0,95.6,2015
2.0,4.0,7.0,21.0,14900.0,3.0,68.0,2022
2.0,2.9,4.0,17.8,14900.0,3.0,104.6,2004
2.0,4.0,11.0,25.0,14800.0,3.0,108.5,2004
2.0,4.0,6.0,16.6,14800.0,3.0,103.6,2022
2.0,4.0,16.0,14.2,14800.0,3.0,110.3,2002
2.0,2.5,9.0,21.0,14840.0,3.0,74.5,2020
2.0,3.8,2.0,23.1,15090.0,3.0,84.7,1937
2.0,2.9,3.0,16.1,15000.0,3.0,92.9,1945
2.0,2.5,17.0,13.0,14990.0,3.0,89.0,2019
2.0,3.8,10.0,11.7,15000.0,3.0,96.9,2004
2.0,2.5,3.0,20.0,15000.0,3.0,100.0,2005
2.0,2.5,4.0,12.5,15000.0,3.0,101.5,2008
2.0,3.8,2.0,16.0,14950.0,3.0,110.0,1999
2.0,4.2,1.0,8.8,15000.0,3.0,76.8,1994
2.0,4.2,1.0,14.0,15000.0,3.0,74.0,1961
2.0,3.9,4.0,17.0,15000.0,3.0,93.0,1970
2.0,2.5,7.0,20.0,15000.0,3.0,85.3,2020
2.0,3.3,9.0,10.0,14990.0,3.0,88.0,2016
2.0,3.7,3.0,11.0,15050.0,3.0,79.0,2009
2.0,4.0,6.0,8.6,15000.0,3.0,91.33,2025
2.0,2.5,9.0,18.3,15200.0,3.0,127.0,2015
2.0,3.8,8.0,14.4,15300.0,3.0,94.6,2007
2.0,2.9,11.0,12.9,15300.0,3.0,90.0,2010
2.0,2.5,3.0,14.6,15500.0,3.0,82.3,2008
2.0,3.4,18.0,13.9,15500.0,3.0,85.6,2024
2.0,3.8,7.0,8.7,15500.0,3.0,76.2,1957
2.0,3.9,12.0,13.0,15500.0,3.0,75.0,2023
2.0,4.0,4.0,27.0,15700.0,3.0,134.0,2004
2.0,2.9,4.0,28.6,15600.0,3.0,133.1,2009
2.0,3.7,17.0,17.0,15600.0,3.0,75.0,2017
2.0,4.0,16.0,18.0,15600.0,3.0,77.8,2023
2.0,3.4,3.0,12.0,15800.0,3.0,68.0,2019
2.0,2.5,4.0,24.0,15800.0,3.0,78.3,2020
2.0,2.5,3.0,14.5,15800.0,3.0,100.1,2014
2.0,4.0,2.0,19.7,15850.0,3.0,120.2,2006
2.0,2.5,9.0,16.0,16000.0,3.0,70.8,2015
2.0,2.5,13.0,30.0,16000.0,3.0,101.0,2015
2.0,3.8,4.0,13.0,16000.0,3.0,84.3,2019
2.0,3.8,4.0,12.7,15970.0,3.0,93.7,2014
2.0,3.8,2.0,32.0,15999.0,3.0,113.0,2007
2.0,3.4,24.0,31.2,15900.0,3.0,90.6,2012
2.0,3.3,14.0,10.0,16000.0,3.0,87.7,2006
2.0,3.4,18.0,15.0,15900.0,3.0,71.1,2022
2.0,4.0,23.0,5.0,16000.0,3.0,92.2,2028
2.0,4.2,15.0,10.0,15999.0,3.0,77.6,2018
2.0,3.8,9.0,16.6,15990.0,3.0,103.8,2013
2.0,3.4,15.0,14.0,16000.0,3.0,71.0,2020
2.0,2.5,3.0,22.0,15900.0,3.0,64.0,2020
2.0,3.8,13.0,18.0,16000.0,3.0,93.0,2018
2.0,3.8,24.0,12.7,16000.0,3.0,85.3,2013
2.0,3.9,8.0,3.8,16200.0,3.0,62.3,2020
2.0,2.5,9.0,5.1,16500.0,3.0,95.5,2020
2.0,2.5,6.0,12.2,16500.0,3.0,116.2,2016
2.0,4.0,17.0,14.0,16499.0,3.0,99.15,2018
2.0,3.8,5.0,30.5,16490.0,3.0,84.9,2007
2.0,4.0,8.0,27.0,16500.0,3.0,89.5,2009
2.0,4.0,25.0,31.0,16400.0,3.0,125.0,2024
2.0,3.8,1.0,11.3,16500.0,3.0,76.3,1938
2.0,3.8,4.0,16.3,16500.0,3.0,120.0,2003
2.0,3.9,5.0,16.2,16500.0,3.0,110.0,2000
2.0,3.8,10.0,18.0,16500.0,3.0,107.9,2002
2.0,2.5,3.0,23.0,16500.0,3.0,75.0,2019
2.0,2.5,8.0,20.0,16600.0,3.0,80.2,2021
2.0,4.2,5.0,7.3,16800.0,3.0,58.7,1981
2.0,2.9,12.0,16.0,16890.0,3.0,108.5,2014
2.0,2.9,3.0,17.4,16800.0,3.0,137.8,2003
2.0,3.8,7.0,10.8,16800.0,3.0,97.6,2007
2.0,3.8,4.0,10.4,16750.0,3.0,72.9,1994
2.0,3.8,21.0,40.0,16700.0,3.0,111.7,2008
2.0,4.0,6.0,20.0,17000.0,3.0,102.2,2008
2.0,3.9,3.0,10.7,17000.0,3.0,82.5,2016
2.0,3.4,16.0,16.0,16999.0,3.0,72.0,2020
2.0,2.5,6.0,14.9,16990.0,3.0,102.2,2005
2.0,3.9,5.0,22.0,16950.0,3.0,109.0,1998
2.0,3.8,11.0,26.0,17000.0,3.0,88.12,2026
2.0,4.0,17.0,16.8,17200.0,3.0,107.0,2010
2.0,3.8,4.0,14.6,17300.0,3.0,94.2,2007
2.0,4.0,7.0,45.0,17390.0,3.0,166.0,2025
2.0,4.0,11.0,25.0,17500.0,3.0,137.9,2001
2.0,3.4,18.0,16.4,17500.0,3.0,93.3,2025
2.0,3.8,11.0,21.0,17500.0,3.0,116.0,2012
2.0,2.5,24.0,26.4,17500.0,3.0,64.9,2022
2.0,4.0,8.0,14.0,17500.0,3.0,91.9,2013
2.0,3.8,14.0,10.0,17450.0,3.0,60.6,2022
2.0,2.5,3.0,12.0,17500.0,3.0,99.2,2007
2.0,3.9,9.0,16.7,17470.0,3.0,110.0,2002
2.0,3.9,12.0,19.0,17650.0,3.0,96.0,2017
2.0,3.8,10.0,11.1,17590.0,3.0,89.0,2010
2.0,4.2,3.0,28.0,17850.0,3.0,98.7,2004
2.0,4.2,4.0,9.0,18000.0,3.0,75.5,1994
2.0,3.3,20.0,10.0,18000.0,3.0,90.0,2016
2.0,4.2,7.0,13.0,18000.0,3.0,98.6,2004
2.0,2.5,12.0,25.5,17990.0,3.0,91.8,2015
2.0,3.8,7.0,13.0,18000.0,3.0,77.84,2026
2.0,4.0,14.0,7.8,17900.0,3.0,82.3,2022
2.0,3.8,9.0,42.6,17900.0,3.0,130.0,2011
2.0,2.5,2.0,24.5,18000.0,3.0,112.6,2022
2.0,4.0,8.0,16.2,18000.0,3.0,108.2,2022
2.0,4.0,2.0,24.0,18000.0,3.0,85.0,2019
2.0,2.5,1.0,5.3,17900.0,3.0,82.7,2024
2.0,3.9,4.0,13.6,18350.0,3.0,101.0,2002
2.0,3.4,3.0,17.5,18300.0,3.0,88.1,2021
2.0,2.5,8.0,20.0,18570.0,3.0,80.0,2021
2.0,3.9,8.0,33.0,18500.0,3.0,78.3,2005
2.0,3.4,14.0,10.0,18500.0,3.0,100.1,2020
2.0,3.9,4.0,20.0,18500.0,3.0,83.0,2002
2.0,2.5,12.0,14.0,18500.0,3.0,80.0,2020
2.0,3.8,8.0,14.0,18500.0,3.0,106.0,2005
2.0,4.0,3.0,30.5,18500.0,3.0,123.0,2013
2.0,2.5,5.0,30.2,18500.0,3.0,79.8,2021
2.0,3.7,7.0,13.5,18500.0,3.0,88.0,2020
2.0,4.2,2.0,8.4,18750.0,3.0,74.0,1994
2.0,3.4,16.0,9.0,18750.0,3.0,71.9,2019
2.0,3.8,15.0,18.0,18750.0,3.0,114.2,2015
2.0,3.8,13.0,15.0,19000.0,3.0,108.9,2007
2.0,3.3,8.0,11.0,19000.0,3.0,87.3,2022
2.0,4.0,3.0,41.6,19000.0,3.0,117.6,2013
2.0,3.9,8.0,12.0,18900.0,3.0,87.0,2021
2.0,3.9,20.0,10.0,19000.0,3.0,67.9,2002
2.0,2.5,3.0,15.0,19000.0,3.0,91.9,2020
2.0,2.9,3.0,18.0,19100.0,3.0,85.2,2021
2.0,3.7,21.0,16.0,19399.0,3.0,70.0,2019
2.0,3.8,2.0,20.0,19500.0,3.0,174.0,2007
2.0,3.8,4.0,13.0,19500.0,3.0,100.0,2009
2.0,4.2,2.0,20.0,19500.0,3.0,84.0,2014
2.0,4.0,15.0,13.0,19500.0,3.0,80.0,2022
2.0,4.0,4.0,19.080000000000002,19600.0,3.0,95.4,2011
2.0,2.5,2.0,2.0,19700.0,3.0,95.2,2015
2.0,4.2,10.0,20.7,19990.0,3.0,125.2,1994
2.0,2.5,25.0,43.0,19900.0,3.0,152.0,2025
2.0,2.5,3.0,35.0,19980.0,3.0,200.7,2023
2.0,4.0,9.0,54.0,20000.0,3.0,128.0,2002
2.0,3.8,3.0,39.0,20000.0,3.0,95.5,1998
2.0,3.8,13.0,30.7,20000.0,3.0,87.5,2024
2.0,2.5,18.0,40.0,20000.0,3.0,167.0,2008
2.0,2.5,20.0,10.0,20000.0,3.0,114.0,2015
2.0,3.9,5.0,17.0,20000.0,3.0,122.9,2016
2.0,4.2,1.0,9.0,20000.0,3.0,76.0,1956
2.0,4.0,2.0,16.8,20000.0,3.0,84.0,2022
2.0,2.5,2.0,16.7,20100.0,3.0,127.4,2004
2.0,2.5,2.0,10.8,20000.0,3.0,76.9,2014
2.0,2.5,25.0,12.0,20400.0,3.0,131.9,2020
2.0,4.0,14.0,16.0,20500.0,3.0,110.4,2022
2.0,3.8,5.0,37.0,20500.0,3.0,110.0,2024
2.0,4.0,5.0,16.0,20600.0,3.0,97.0,2014
2.0,4.0,19.0,45.1,20600.0,3.0,99.6,2018
2.0,2.5,9.0,25.0,20900.0,3.0,73.4,2017
2.0,4.2,1.0,9.0,21000.0,3.0,74.0,1994
2.0,3.8,7.0,30.0,21000.0,3.0,158.0,2002
2.0,4.2,3.0,9.0,21100.0,3.0,73.5,1960
2.0,2.5,12.0,17.6,21500.0,3.0,116.6,2008
2.0,2.5,11.0,25.0,21600.0,3.0,103.6,2015
2.0,3.8,3.0,29.0,21700.0,3.0,141.5,2007
2.0,4.0,1.0,24.6,21750.0,3.0,110.1,2022
2.0,2.5,6.0,15.1,21999.0,3.0,109.8,2003
2.0,4.2,2.0,8.2,22000.0,3.0,77.0,1961
2.0,4.0,5.0,20.0,21900.0,3.0,96.0,2022
2.0,4.2,11.0,16.0,22000.0,3.0,135.0,2010
2.0,2.5,4.0,25.0,22000.0,3.0,78.0,2017
2.0,4.0,2.0,42.0,22000.0,3.0,99.68,2025
2.0,2.5,10.0,9.0,22100.0,3.0,90.5,2024
2.0,3.9,2.0,15.0,22400.0,3.0,112.0,2005
2.0,2.5,2.0,31.8,22500.0,3.0,85.7,2025
2.0,2.5,11.0,20.0,23000.0,3.0,93.4,2022
2.0,2.5,10.0,15.0,23000.0,3.0,103.0,2017
2.0,4.0,1.0,30.0,23000.0,3.0,193.0,2024
2.0,4.0,19.0,12.0,23000.0,3.0,84.3,2020
2.0,4.0,9.0,18.0,23200.0,3.0,116.6,2022
2.0,4.0,3.0,24.2,23500.0,3.0,110.5,2022
2.0,3.8,5.0,15.0,23900.0,3.0,105.0,2014
2.0,3.8,5.0,15.0,23900.0,3.0,105.0,2014
2.0,2.5,3.0,11.2,24100.0,3.0,102.7,2020
2.0,2.5,19.0,27.0,23950.0,3.0,88.0,2023
2.0,2.5,24.0,12.0,24500.0,3.0,86.4,2024
2.0,3.9,3.0,21.7,24875.0,3.0,121.0,2016
2.0,3.8,4.0,19.7,25000.0,3.0,112.6,2008
2.0,3.4,12.0,14.0,25000.0,3.0,82.0,2022
2.0,4.0,10.0,30.0,25000.0,3.0,124.5,1995
2.0,4.2,15.0,11.4,25000.0,3.0,161.8,2010
2.0,3.8,6.0,38.0,24900.0,3.0,96.3,2009
2.0,2.5,4.0,21.3,25000.0,3.0,129.5,2006
2.0,3.3,13.0,25.46,25300.0,3.0,127.3,2011
2.0,4.2,2.0,17.0,25500.0,3.0,76.2,1964
2.0,2.5,6.0,18.0,25900.0,3.0,98.1,2020
2.0,3.8,2.0,16.9,25990.0,3.0,93.9,1997
2.0,4.0,6.0,16.0,26000.0,3.0,148.0,2005
2.0,2.5,11.0,35.1,26000.0,3.0,126.0,2009
2.0,4.0,11.0,10.0,26000.0,3.0,76.0,2022
2.0,4.0,6.0,16.0,26500.0,3.0,113.06,2023
2.0,2.5,7.0,17.8,26500.0,3.0,97.8,2018
2.0,4.0,7.0,17.0,27000.0,3.0,124.2,2014
2.0,2.5,10.0,39.7,27500.0,3.0,79.0,2018
2.0,3.8,6.0,18.1,27600.0,3.0,122.0,2003
2.0,3.8,13.0,15.0,28000.0,3.0,110.0,2015
2.0,3.9,9.0,25.0,28500.0,3.0,81.5,2019
2.0,3.8,2.0,16.3,28900.0,3.0,151.1,1998
2.0,2.5,8.0,16.0,29700.0,3.0,101.42,2020
2.0,3.8,8.0,14.4,30000.0,3.0,101.7,2014
2.0,4.0,6.0,14.3,30000.0,3.0,115.7,2022
2.0,3.9,7.0,40.0,31000.0,3.0,133.3,2002
2.0,3.8,2.0,23.0,31700.0,3.0,157.4,1995
2.0,4.2,6.0,33.7,32000.0,3.0,128.4,1994
2.0,4.0,7.0,18.0,34200.0,3.0,104.3,2020
2.0,2.5,5.0,24.0,34000.0,3.0,81.0,2023
2.0,4.0,4.0,18.9,34500.0,3.0,124.3,2022
2.0,2.5,6.0,18.0,34850.0,3.0,102.2,2021
2.0,2.5,27.0,38.0,35000.0,3.0,134.0,2023
2.0,2.5,11.0,8.0,35000.0,3.0,80.0,2023
2.0,4.2,3.0,20.6,36500.0,3.0,119.2,2003
2.0,3.8,5.0,13.8,37000.0,3.0,130.3,2006
2.0,2.5,20.0,54.3,37000.0,3.0,236.6,2020
2.0,2.5,5.0,7.9,38000.0,3.0,96.3,2020
2.0,2.5,8.0,34.4,38000.0,3.0,100.0,2021
2.0,4.0,5.0,15.0,39000.0,3.0,132.8,2022
2.0,4.0,2.0,18.0,39900.0,3.0,110.0,2022
2.0,3.9,9.0,15.0,40000.0,3.0,82.7,2002
2.0,4.0,1.0,30.0,40000.0,3.0,200.4,2022
2.0,3.8,5.0,20.0,40000.0,3.0,140.5,2009
2.0,2.5,11.0,18.0,42000.0,3.0,109.0,2021
2.0,4.0,5.0,47.4,43000.0,3.0,130.8,2021
2.0,3.9,6.0,20.0,43000.0,3.0,140.0,2014
2.0,3.8,7.0,22.0,45000.0,3.0,100.0,2020
2.0,4.2,14.0,15.0,50000.0,3.0,130.0,1994
2.0,2.9,2.0,47.4,555.0,1.0,56.4,1932
2.0,3.7,1.0,10.0,980.0,1.0,80.6,2017
5.0,2.9,2.0,9.0,950.0,1.0,56.4,1980
2.0,3.3,9.0,8.6,1200.0,1.0,62.2,2017
2.0,3.7,8.0,6.6,1290.0,1.0,44.0,2017
2.0,4.0,8.0,8.2,1300.0,1.0,55.6,2022
2.0,4.4,1.0,5.1,1610.0,3.0,51.3,2013
2.0,2.9,8.0,7.0,1750.0,1.0,65.0,2015
2.0,3.7,4.0,6.7,1800.0,1.0,60.4,1969
5.0,3.3,1.0,9.0,2300.0,1.0,62.0,2017
2.0,3.8,3.0,7.0,2500.0,1.0,59.0,1972
2.0,2.9,2.0,10.0,2800.0,3.0,50.5,2015
2.0,2.5,14.0,6.0,2890.0,3.0,55.54,2025
2.0,2.5,6.0,9.0,2980.0,3.0,59.02,2027
2.0,2.5,9.0,8.5,2990.0,3.0,59.02,2024
2.0,2.5,7.0,8.5,2990.0,3.0,59.2,2025
2.0,2.5,1.0,8.5,2990.0,3.0,59.02,2024
2.0,2.5,1.0,5.4,3000.0,3.0,41.8,2020
2.0,2.9,2.0,8.0,3050.0,3.0,70.0,2015
2.0,3.3,9.0,9.0,3100.0,3.0,40.8,1982
2.0,3.7,2.0,5.6,3123.0,3.0,48.5,2017
2.0,2.5,5.0,5.0,3150.0,3.0,57.85,2025
2.0,2.5,2.0,8.0,3200.0,3.0,59.02,2027
2.0,3.3,4.0,4.0,3200.0,1.0,25.0,2017
2.0,2.5,7.0,18.909999999999997,3250.0,3.0,57.51,2025
5.0,2.9,2.0,7.0,3400.0,3.0,56.0,1958
5.0,2.5,6.0,8.1,3400.0,3.0,59.2,2027
5.0,3.8,5.0,10.0,3500.0,1.0,87.8,1984
5.0,3.3,3.0,8.0,3550.0,3.0,68.3,1946
5.0,2.5,7.0,11.804000000000002,3600.0,3.0,59.02,2023
2.0,3.3,2.0,7.3,3650.0,3.0,68.9,1956
2.0,2.5,8.0,14.0,3660.0,3.0,87.0,2027
2.0,2.9,6.0,10.0,3750.0,3.0,91.0,2001
5.0,4.2,3.0,8.7,3800.0,1.0,63.6,1979
2.0,3.3,2.0,8.0,3850.0,3.0,56.8,1977
2.0,4.0,2.0,6.7,3880.0,3.0,57.1,1963
2.0,2.9,5.0,6.0,3899.0,3.0,42.0,2015
2.0,4.2,1.0,6.0,3900.0,3.0,50.2,1970
2.0,2.5,1.0,8.0,3900.0,3.0,59.0,2020
2.0,4.0,3.0,5.1,3950.0,3.0,47.9,1963
2.0,3.7,1.0,7.2,3999.0,3.0,59.0,1990
2.0,2.9,2.0,10.0,3999.0,3.0,72.4,1930
2.0,3.7,1.0,4.0,4000.0,3.0,58.4,1966
2.0,3.3,2.0,7.6,4000.0,3.0,68.7,1941
2.0,2.9,1.0,6.3,4050.0,3.0,52.7,1956
2.0,3.3,6.0,12.840000000000002,4125.0,1.0,64.2,2017
2.0,4.2,1.0,5.2,4150.0,3.0,50.0,1967
2.0,3.7,1.0,5.9,4199.0,3.0,53.0,1964
2.0,4.0,1.0,5.0,4150.0,3.0,61.3,1963
2.0,2.5,12.0,4.0,4199.0,3.0,55.8,2020
2.0,2.5,2.0,10.0,4189.0,3.0,55.54,2020
2.0,2.5,2.0,5.0,4200.0,3.0,55.0,2023
2.0,2.9,3.0,8.0,4200.0,3.0,58.6,1932
2.0,4.0,1.0,7.0,4200.0,3.0,57.4,1963
2.0,2.9,3.0,6.0,4200.0,3.0,56.5,1965
2.0,3.7,3.0,6.8,4200.0,3.0,58.7,1990
2.0,4.0,2.0,4.5,4200.0,3.0,40.1,1968
5.0,2.5,14.0,5.0,4200.0,3.0,55.0,2025
2.0,2.5,6.0,5.0,4200.0,3.0,55.54,2024
5.0,3.7,3.0,6.0,4250.0,3.0,56.0,1967
2.0,3.7,3.0,6.0,4300.0,3.0,57.1,1987
2.0,2.9,1.0,6.1,4300.0,3.0,58.3,1975
2.0,4.4,5.0,8.0,4300.0,3.0,58.4,1969
2.0,3.7,3.0,6.7,4300.0,3.0,58.4,1972
2.0,4.4,1.0,6.6,4300.0,3.0,58.9,1973
2.0,2.5,2.0,12.9,4300.0,3.0,87.4,2027
2.0,4.2,5.0,11.0,4300.0,3.0,55.0,1994
5.0,2.5,16.0,12.0,4300.0,3.0,57.5,2025
2.0,3.7,1.0,8.0,4390.0,3.0,58.9,1971
2.0,4.0,3.0,10.0,4390.0,3.0,50.0,2022
5.0,2.5,1.0,11.562000000000001,4350.0,3.0,57.81,2025
2.0,2.9,5.0,6.0,4400.0,3.0,59.2,1971
2.0,2.5,3.0,5.0,4400.0,3.0,55.84,2024
2.0,2.5,10.0,8.5,4400.0,3.0,59.02,2024
2.0,2.5,15.0,11.4,4400.0,3.0,57.0,2025
2.0,2.9,9.0,6.9,4499.0,3.0,59.5,2015
2.0,2.5,2.0,8.5,4480.0,3.0,59.02,2020
2.0,3.7,3.0,7.1,4500.0,3.0,61.3,1982
2.0,4.4,5.0,6.0,4500.0,3.0,57.2,1986
2.0,2.9,5.0,7.0,4500.0,3.0,57.8,1977
2.0,3.7,4.0,6.8,4500.0,3.0,57.9,1978
2.0,4.2,1.0,9.0,4500.0,3.0,62.9,1956
2.0,2.9,5.0,6.0,4500.0,3.0,61.3,1971
2.0,4.2,2.0,5.8,4500.0,3.0,58.2,1975
2.0,3.7,8.0,7.0,4500.0,3.0,61.1,1979
2.0,2.9,3.0,8.0,4500.0,3.0,58.6,1932
5.0,2.9,1.0,8.0,4500.0,3.0,66.0,1960
2.0,2.9,9.0,7.1,4550.0,3.0,57.5,1981
2.0,3.7,4.0,6.0,4550.0,3.0,57.9,1975
2.0,2.9,5.0,6.7,4550.0,3.0,58.7,1965
2.0,3.7,9.0,7.0,4590.0,3.0,60.1,1977
2.0,3.7,3.0,5.7,4550.0,3.0,51.7,1959
2.0,3.7,5.0,7.0,4600.0,3.0,58.4,1970
2.0,3.7,2.0,7.1,4630.0,3.0,59.7,1978
2.0,2.5,5.0,6.0,4650.0,3.0,52.0,1976
2.0,4.4,5.0,12.0,4650.0,3.0,76.3,1975
2.0,2.9,4.0,5.0,4650.0,3.0,57.4,1975
2.0,2.9,3.0,7.4,4690.0,3.0,65.8,1938
2.0,3.4,4.0,8.0,4690.0,3.0,63.0,1958
2.0,3.3,9.0,6.5,4700.0,3.0,61.0,1975
2.0,2.5,6.0,8.5,4700.0,3.0,59.02,2024
2.0,3.4,6.0,7.1,4700.0,3.0,59.7,1976
2.0,2.5,6.0,12.9,4795.0,3.0,87.39,2020
2.0,2.5,1.0,10.2,4790.0,3.0,69.3,1941
2.0,3.7,1.0,7.1,4770.0,3.0,60.0,2017
2.0,2.5,5.0,12.200000000000001,4750.0,3.0,61.0,2020
2.0,2.9,1.0,7.4,4800.0,3.0,58.0,1977
2.0,2.9,3.0,5.6,4800.0,3.0,62.2,1969
2.0,3.4,2.0,8.5,4800.0,3.0,70.1,1955
2.0,3.7,9.0,6.9,4800.0,3.0,59.8,1987
2.0,3.3,5.0,5.8,4850.0,3.0,52.0,1970
2.0,3.9,5.0,5.1,4850.0,3.0,42.2,1965
2.0,4.4,8.0,8.0,4850.0,3.0,58.0,1990
2.0,3.4,2.0,6.0,4850.0,3.0,61.0,1977
2.0,2.9,3.0,7.1,4850.0,3.0,57.5,1975
5.0,3.7,1.0,7.2,4850.0,3.0,60.4,1972
2.0,4.4,4.0,10.0,4900.0,3.0,60.4,1974
2.0,2.9,5.0,7.0,4900.0,3.0,57.0,1969
2.0,3.9,5.0,7.0,4900.0,3.0,59.0,1966
2.0,2.9,8.0,9.0,4900.0,3.0,63.7,1983
2.0,2.5,1.0,10.0,4900.0,3.0,74.0,2020
2.0,3.7,3.0,11.8,4900.0,3.0,59.0,2017
2.0,2.5,5.0,8.5,4980.0,3.0,59.0,2025
2.0,4.0,5.0,6.7,4987.0,3.0,57.4,1963
2.0,3.7,10.0,9.0,4990.0,3.0,59.0,2017
2.0,3.4,1.0,6.0,4998.0,3.0,57.4,1965
2.0,3.4,2.0,6.0,4990.0,3.0,57.4,1965
2.0,4.4,3.0,9.0,4999.0,3.0,70.0,1987
5.0,2.5,5.0,11.8,4980.0,3.0,59.0,2025
2.0,3.7,2.0,4.0,5045.0,3.0,56.6,2016
2.0,3.7,2.0,13.0,5000.0,3.0,50.0,2023
2.0,4.4,3.0,6.5,5000.0,3.0,56.0,1988
2.0,4.2,2.0,12.0,5000.0,3.0,78.6,2024
2.0,2.5,6.0,5.0,5000.0,3.0,57.0,2023
2.0,2.9,5.0,5.0,5000.0,3.0,57.0,1976
2.0,3.4,1.0,7.2,5000.0,3.0,57.5,1974
2.0,2.9,10.0,7.0,5000.0,3.0,59.9,2015
2.0,2.9,5.0,7.0,5000.0,3.0,59.6,1980
2.0,3.4,1.0,9.0,5050.0,3.0,60.0,1959
2.0,2.9,4.0,6.7,5100.0,3.0,57.0,1980
2.0,4.0,3.0,7.0,5100.0,3.0,58.0,1963
2.0,2.5,1.0,7.0,5100.0,3.0,56.0,1982
2.0,2.5,5.0,8.5,5100.0,3.0,59.0,2025
2.0,2.9,5.0,6.0,5100.0,3.0,56.3,1962
5.0,4.4,3.0,9.0,5100.0,3.0,70.0,1987
2.0,3.7,6.0,15.0,5100.0,3.0,75.0,2017
2.0,4.4,8.0,4.0,5150.0,3.0,48.1,2014
2.0,2.5,5.0,13.6,5150.0,3.0,61.0,1969
2.0,3.7,2.0,5.8,5150.0,3.0,58.2,1965
2.0,3.7,2.0,13.1,5150.0,3.0,62.7,2011
2.0,2.9,9.0,6.0,5150.0,3.0,62.0,1981
2.0,2.5,3.0,13.0,5150.0,3.0,87.0,2024
2.0,3.7,1.0,8.3,5150.0,3.0,57.6,2021
2.0,2.5,1.0,13.0,5200.0,3.0,87.39,2024
2.0,3.7,10.0,8.5,5200.0,3.0,58.0,2018
2.0,3.7,4.0,5.4,4850.0,4.0,60.2,1968
2.0,4.4,1.0,8.1,4800.0,3.0,58.7,1995
2.0,3.7,4.0,7.0,5450.0,4.0,74.4,1977
2.0,3.7,2.0,8.8,5000.0,2.0,54.7,2017
2.0,3.7,1.0,8.0,4320.0,2.0,58.0,2019
2.0,3.7,6.0,8.5,5700.0,3.0,58.0,2020
2.0,3.7,10.0,9.4,5000.0,2.0,56.4,2014
2.0,3.7,5.0,9.0,5100.0,2.0,58.0,2017
2.0,3.7,2.0,7.0,5500.0,2.0,55.1,2017
2.0,3.7,10.0,8.5,5150.0,3.0,57.3,2017
2.0,4.0,4.0,15.6,25990.0,3.0,99.6,2017
2.0,4.2,6.0,9.0,5950.0,3.0,63.0,1976
2.0,4.0,8.0,16.0,19800.0,3.0,57.0,2019
2.0,4.0,8.0,10.0,27000.0,3.0,127.4,2022
2.0,3.3,3.0,10.0,8750.0,3.0,74.4,2008
2.0,4.2,6.0,9.0,5950.0,3.0,63.0,1994
2.0,4.0,4.0,7.3,15600.0,3.0,76.62,2021
4.0,3.4,19.0,22.480000000000004,20456.0,4.0,112.4,2028
2.0,2.5,26.0,36.0,32000.0,4.0,128.72,2023
2.0,3.8,7.0,15.0,19499.0,4.0,138.0,2004
4.0,4.0,22.0,21.66,35850.0,4.0,108.3,2024
2.0,3.4,4.0,6.8,8500.0,4.0,72.9,1980
2.0,2.5,5.0,7.0,7490.0,4.0,76.0,1972
4.0,3.4,3.0,28.878,27600.0,4.0,144.39,2028
2.0,2.5,18.0,15.3,24700.0,4.0,117.1,2020
2.0,4.0,4.0,7.0,6750.0,4.0,71.8,1973
4.0,2.5,22.0,19.94,18743.0,4.0,99.7,2028
2.0,4.2,1.0,7.0,6000.0,4.0,61.2,1968
2.0,3.9,3.0,7.2,7800.0,4.0,72.9,2000
4.0,3.4,2.0,34.726,30490.0,4.0,173.63,2028
2.0,4.0,4.0,17.0,21000.0,4.0,158.3,2002
2.0,2.9,4.0,8.7,8000.0,4.0,81.8,1992
4.0,4.0,15.0,29.4,18100.0,4.0,120.08,2026
2.0,2.9,2.0,7.0,6990.0,4.0,70.7,1972
2.0,3.9,4.0,5.4,8390.0,4.0,78.0,1969
4.0,3.4,22.0,19.900000000000002,18706.0,4.0,99.5,2028
2.0,3.3,10.0,15.0,18800.0,4.0,120.0,2020
2.0,2.9,2.0,12.3,11970.0,4.0,104.0,1998
4.0,4.0,2.0,23.96,27300.0,4.0,119.8,2023
2.0,2.5,1.0,9.5,6900.0,4.0,77.1,2020
2.0,4.0,2.0,15.5,10990.0,4.0,108.0,1938
4.0,4.0,14.0,37.4,20210.0,4.0,140.79,2026
2.0,2.9,9.0,8.7,6750.0,4.0,77.2,1985
2.0,3.4,2.0,6.8,8500.0,4.0,72.0,1990
4.0,4.0,17.0,18.52,22275.0,4.0,92.6,2024
2.0,4.0,2.0,33.7,16900.0,4.0,130.0,1995
2.0,3.4,2.0,7.4,6500.0,4.0,96.1,1936
4.0,2.9,14.0,69.37,29600.0,4.0,123.87,2026
2.0,2.5,17.0,12.0,35000.0,4.0,129.3,2023
2.0,3.8,5.0,22.8,14000.0,4.0,89.4,1932
4.0,3.4,3.0,42.3,24030.0,4.0,143.3,2028
5.0,4.2,13.0,51.0,34100.0,4.0,155.2,2018
5.0,4.0,2.0,6.0,6500.0,4.0,83.2,1971
4.0,4.0,5.0,21.3,27964.0,4.0,104.7,2026
2.0,3.8,17.0,15.0,29990.0,4.0,174.5,2009
2.0,3.4,5.0,7.0,8200.0,4.0,75.8,2019
4.0,2.9,28.0,26.199999999999996,22160.0,4.0,86.8,2026
2.0,3.7,1.0,7.0,5490.0,4.0,69.9,2017
2.0,3.8,10.0,18.1,13990.0,4.0,168.5,1997
4.0,2.5,2.0,39.760000000000005,31140.0,4.0,198.8,2025
2.0,3.9,4.0,10.6,16000.0,4.0,95.0,2002
2.0,3.9,4.0,6.0,8500.0,4.0,60.1,1968
4.0,3.9,16.0,37.64999999999999,16200.0,4.0,93.85,2025
2.0,3.8,7.0,7.7,9500.0,4.0,72.5,1989
2.0,4.2,8.0,30.0,13500.0,4.0,105.0,1994
4.0,4.0,2.0,21.3,26141.0,4.0,102.62,2026
2.0,2.5,13.0,13.2,18900.0,4.0,113.0,2020
2.0,3.7,4.0,7.0,5450.0,4.0,74.4,1977
4.0,4.0,14.0,34.8,25300.0,4.0,139.51,2026
2.0,3.8,16.0,17.0,38000.0,4.0,132.0,2010
2.0,4.0,3.0,14.0,13500.0,4.0,117.0,2000
4.0,4.0,18.0,18.7,22625.0,4.0,93.5,2024
2.0,4.0,7.0,20.0,39900.0,4.0,154.0,2023
2.0,2.9,9.0,8.8,5850.0,4.0,80.0,1984
4.0,3.7,1.0,21.900000000000006,12990.0,4.0,81.2,2025
2.0,4.0,12.0,28.5,19900.0,4.0,96.7,2022
2.0,3.8,18.0,18.9,50000.0,4.0,155.17,2014
4.0,2.9,14.0,61.400000000000006,28209.0,4.0,139.5,2026
5.0,4.2,3.0,6.8,16000.0,4.0,90.95,2026
5.0,3.7,6.0,7.0,5050.0,4.0,71.0,1969
4.0,3.9,24.0,18.049999999999997,16950.0,4.0,95.55,2025
2.0,3.8,3.0,8.7,9300.0,4.0,77.6,1997
2.0,3.7,5.0,7.0,5950.0,4.0,70.7,1977
4.0,2.5,2.0,45.14,31690.0,4.0,225.7,2025
2.0,3.7,1.0,9.0,6600.0,4.0,77.9,1995
2.0,4.2,5.0,12.0,11490.0,4.0,126.0,2000
4.0,3.7,5.0,23.900000000000006,13290.0,4.0,78.9,2025
2.0,3.3,8.0,9.1,8100.0,4.0,78.8,1993
2.0,2.9,3.0,9.3,5950.0,4.0,86.1,1940
4.0,3.9,20.0,10.8,23900.0,4.0,109.79,2028
2.0,3.8,4.0,11.0,11990.0,4.0,115.0,1934
2.0,2.9,13.0,10.0,10700.0,4.0,98.8,2007
4.0,2.9,1.0,14.630000000000003,7210.0,4.0,73.15,2026
2.0,3.7,4.0,5.4,4850.0,4.0,60.2,1968
2.0,2.5,7.0,16.0,6950.0,4.0,72.3,1989
4.0,2.9,3.0,5.0,13069.0,4.0,77.6,2026
2.0,3.8,3.0,7.4,10800.0,4.0,95.5,1997
2.0,2.9,2.0,15.0,14500.0,4.0,134.3,2004
4.0,3.3,10.0,5.0,8888.0,4.0,75.2,2027
2.0,3.9,4.0,20.0,9900.0,4.0,95.4,1963
2.0,3.7,1.0,8.4,5500.0,4.0,102.0,1972
4.0,3.7,2.0,3.7,8500.0,4.0,73.2,2028
2.0,3.8,1.0,7.0,8900.0,4.0,77.8,1956
2.0,3.4,3.0,13.6,11250.0,4.0,99.0,2024
4.0,4.0,9.0,34.5,27000.0,4.0,108.32,2025
2.0,3.9,1.0,10.2,11600.0,4.0,90.08,1970
2.0,3.3,7.0,7.0,6600.0,4.0,72.6,1971
4.0,2.9,3.0,24.400000000000006,11350.0,4.0,80.9,2027
2.0,2.5,12.0,28.0,12490.0,4.0,82.0,2020
2.0,3.4,2.0,13.2,12800.0,4.0,121.0,1996
4.0,2.5,8.0,58.74,49540.0,4.0,293.7,2025
2.0,3.4,20.0,24.0,13450.0,4.0,91.0,2016
2.0,2.9,3.0,8.0,10500.0,4.0,86.0,1978
4.0,3.9,24.0,26.62,35000.0,4.0,133.1,2024
2.0,2.5,2.0,21.5,19870.0,4.0,89.0,2023
2.0,3.4,1.0,9.0,5300.0,4.0,70.0,1977
2.0,4.0,3.0,32.410000000000004,58388.0,4.0,162.05,2020
2.0,2.5,9.0,7.0,6700.0,4.0,70.4,1971
2.0,3.9,15.0,30.0,85000.0,4.0,150.0,2020
4.0,3.7,6.0,4.6,9050.0,4.0,80.4,2025
2.0,2.5,4.0,100.2,59000.0,4.0,501.0,2005
2.0,4.2,5.0,15.0,13700.0,4.0,139.9,1994
4.0,3.3,2.0,5.0,8097.0,4.0,69.0,2027
2.0,2.5,1.0,8.8,5750.0,4.0,77.8,2020
2.0,3.9,5.0,6.3,11300.0,4.0,81.3,1935
4.0,2.5,5.0,14.600000000000001,11515.0,4.0,73.0,2027
2.0,3.8,10.0,9.0,9000.0,4.0,73.5,1986
2.0,2.5,3.0,6.1,6300.0,4.0,62.2,1966
4.0,4.0,8.0,4.4,23500.0,4.0,113.95,2025
4.0,4.0,11.0,13.280000000000001,13420.0,4.0,66.4,2028
2.0,4.2,2.0,6.9,8100.0,4.0,72.1,1972
4.0,4.0,6.0,17.4,23500.0,4.0,106.97,2023
2.0,3.4,1.0,8.0,8499.0,4.0,73.1,2019
2.0,2.5,23.0,25.14,20321.0,4.0,125.7,2024
2.0,2.5,7.0,8.5,9500.0,4.0,79.1,1990
4.0,4.0,2.0,12.5,17600.0,4.0,105.5,2025
2.0,4.4,1.0,6.0,2990.0,4.0,65.0,1984
4.0,3.7,25.0,18.2,17820.0,4.0,145.2,2026
2.0,3.9,2.0,9.0,10000.0,4.0,70.0,1983
2.0,2.5,9.0,7.0,8500.0,4.0,77.0,1983
4.0,4.0,6.0,21.630000000000003,25600.0,4.0,108.15,2025
2.0,2.9,1.0,9.0,8100.0,4.0,107.0,2015
4.0,4.0,22.0,12.0,23278.0,4.0,104.4,2025
2.0,3.8,10.0,9.0,10850.0,4.0,81.0,1986
2.0,4.0,7.0,27.1,13690.0,4.0,116.0,2024
4.0,3.7,26.0,18.2,18340.0,4.0,144.56,2028
2.0,2.9,5.0,20.0,11500.0,4.0,132.0,1999
2.0,4.0,2.0,9.0,9500.0,4.0,81.6,1993
4.0,4.0,7.0,13.4,49800.0,4.0,138.96,2023
2.0,2.9,7.0,10.7,11600.0,4.0,92.9,2001
2.0,3.3,4.0,7.0,7500.0,4.0,70.0,1987
4.0,3.9,22.0,6.6,20353.0,4.0,72.7,2028
2.0,2.9,4.0,8.8,7000.0,4.0,81.9,1992
4.0,3.7,25.0,16.4,16480.0,4.0,132.21,2026
2.0,3.8,1.0,10.0,9500.0,4.0,76.7,1986
2.0,3.3,1.0,5.0,6800.0,4.0,113.2,2014
4.0,4.0,3.0,31.936000000000003,36200.0,4.0,159.68,2025
2.0,2.5,12.0,14.0,18500.0,4.0,80.0,2018
2.0,4.4,9.0,8.4,6800.0,4.0,77.8,1985
4.0,3.4,6.0,18.190000000000005,10063.0,4.0,58.99,2026
2.0,4.0,2.0,6.0,6400.0,4.0,64.3,1932
2.0,3.7,4.0,8.0,6900.0,4.0,83.2,2017
4.0,3.4,2.0,18.172,12500.0,4.0,90.86,2026
2.0,4.4,7.0,7.0,7050.0,4.0,68.3,1988
2.0,2.9,8.0,45.0,6900.0,4.0,76.0,1981
4.0,3.7,25.0,16.4,16330.0,4.0,132.21,2026
2.0,2.5,3.0,15.780000000000001,11700.0,4.0,78.9,2026
2.0,2.5,6.0,10.0,12000.0,4.0,81.0,2025
2.0,4.2,3.0,7.4,6970.0,4.0,60.2,1976
4.0,3.7,19.0,3.7,8850.0,4.0,74.4,2028
2.0,4.2,7.0,8.6,6950.0,4.0,77.5,1996
4.0,2.9,6.0,30.14,15351.0,4.0,102.24,2027
2.0,2.9,6.0,36.0,13000.0,4.0,101.1,1998
2.0,2.9,9.0,9.0,6999.0,4.0,76.9,1984
2.0,2.5,7.0,16.14,9500.0,4.0,80.7,2025
5.0,4.2,7.0,11.0,14950.0,4.0,100.5,1986
4.0,3.7,25.0,18.2,18030.0,4.0,145.2,2026
2.0,3.4,1.0,7.0,14200.0,4.0,69.03,2020
4.0,4.0,11.0,14.2,28200.0,4.0,99.68,2025
2.0,4.4,1.0,9.0,6500.0,4.0,144.0,2022
2.0,4.0,5.0,5.5,36169.0,4.0,100.47,2020
2.0,2.9,5.0,7.0,6300.0,4.0,80.0,1984
2.0,2.9,3.0,7.0,5499.0,4.0,71.0,1975
4.0,2.9,5.0,5.0,8340.0,4.0,83.8,2026
2.0,2.5,5.0,9.0,9500.0,4.0,79.0,1999
4.0,4.0,11.0,28.0,29400.0,4.0,113.77,2025
2.0,3.3,4.0,9.8,8200.0,4.0,95.0,1955
4.0,4.0,21.0,8.8,27120.0,4.0,130.1,2025
2.0,3.4,2.0,17.8,15000.0,4.0,138.0,1957
2.0,4.0,1.0,24.400000000000002,31720.0,4.0,122.0,2020
2.0,4.2,7.0,8.2,6390.0,4.0,74.8,1988
5.0,2.5,4.0,9.0,10500.0,4.0,79.4,2001
4.0,3.7,25.0,16.4,15660.0,4.0,125.86,2026
2.0,2.5,2.0,8.6,6500.0,4.0,72.9,2020
2.0,2.5,7.0,17.06,15000.0,4.0,85.3,2026
2.0,3.3,2.0,13.8,8997.0,4.0,69.0,2027
2.0,3.3,3.0,13.8,7390.0,4.0,99.7,1952
4.0,3.7,25.0,16.4,15660.0,4.0,125.86,2028
2.0,3.4,9.0,10.0,12500.0,4.0,94.7,2019
2.0,4.0,19.0,18.32,17520.0,4.0,91.6,2027
2.0,4.0,2.0,8.5,11000.0,4.0,85.6,1956
4.0,2.9,3.0,23.299999999999997,11750.0,4.0,79.8,2027
2.0,3.7,1.0,15.8,8490.0,4.0,133.8,2014
2.0,3.4,1.0,8.7,9200.0,4.0,78.7,1993
4.0,4.0,2.0,17.7,19680.0,4.0,83.1,2028
2.0,3.7,2.0,7.0,4950.0,4.0,75.4,2017
2.0,2.9,1.0,12.0,10200.0,4.0,96.4,1996
2.0,4.0,24.0,21.312,20430.0,4.0,106.56,2027
2.0,2.9,3.0,30.0,17000.0,4.0,134.0,2009
2.0,2.5,6.0,7.8,9000.0,4.0,103.6,1991
2.0,3.4,24.0,14.606000000000002,12250.0,4.0,73.03,2028
2.0,3.9,10.0,20.0,14700.0,4.0,147.0,2002
4.0,4.0,8.0,14.6,24600.0,4.0,100.13,2025
2.0,2.9,4.0,7.0,5680.0,4.0,70.7,1976
2.0,4.0,25.0,10.0,23000.0,4.0,90.2,2017
4.0,4.0,25.0,7.7,24673.0,4.0,114.2,2025
2.0,3.4,14.0,10.0,12250.0,4.0,135.0,1996
4.0,4.0,2.0,6.4,14410.0,4.0,96.2,2025
2.0,3.7,3.0,7.0,7100.0,4.0,74.3,1978
2.0,2.5,2.0,5.7,7900.0,4.0,84.8,1933
4.0,2.9,12.0,30.04,12587.0,4.0,79.94,2027
2.0,2.5,17.0,25.0,26000.0,4.0,100.0,2018
2.0,4.2,2.0,8.0,12200.0,4.0,81.0,1991
4.0,4.0,23.0,6.2,14500.0,4.0,96.6,2025
2.0,3.8,7.0,20.0,18000.0,4.0,130.0,2007
2.0,4.2,5.0,10.8,14990.0,4.0,180.5,1994
4.0,4.0,21.0,6.1,23130.0,4.0,110.2,2025
2.0,3.4,8.0,7.0,7500.0,4.0,69.2,2019
2.0,4.0,1.0,7.2,6690.0,4.0,76.7,1986
4.0,4.0,4.0,19.4,25934.0,4.0,88.1,2028
2.0,2.9,1.0,5.9,5500.0,4.0,61.6,2015
2.0,2.9,6.0,30.0,16000.0,4.0,126.0,2014
4.0,2.5,2.0,35.0,17810.0,4.0,147.75,2026
2.0,3.3,4.0,12.1,11800.0,4.0,107.2,2024
2.0,2.5,1.0,28.9,12000.0,4.0,130.5,1996
2.0,4.0,7.0,38.04,49452.0,4.0,190.2,2020
2.0,2.9,4.0,8.7,8700.0,4.0,74.8,1986
2.0,4.0,5.0,7.0,7000.0,4.0,74.8,1979
4.0,4.0,8.0,29.8,34387.0,4.0,113.8,2028
2.0,3.4,1.0,7.0,7800.0,4.0,72.0,1975
2.0,2.5,6.0,9.0,12500.0,4.0,78.0,1991
2.0,4.0,2.0,33.96,44148.0,4.0,169.8,2020
2.0,3.8,9.0,15.0,29990.0,4.0,145.7,2015
2.0,2.5,2.0,9.0,7000.0,4.0,79.2,1989
4.0,3.4,17.0,17.589999999999996,11224.0,4.0,58.19,2026
2.0,3.8,17.0,17.0,43500.0,4.0,240.0,2007
4.0,3.9,16.0,8.7,21503.0,4.0,79.6,2028
2.0,3.7,4.0,20.0,15000.0,4.0,132.0,1996
2.0,3.8,4.0,9.0,9200.0,4.0,77.5,1998
4.0,3.3,16.0,5.1,10144.0,4.0,74.9,2027
2.0,2.5,8.0,9.0,8990.0,4.0,95.0,1992
2.0,2.5,10.0,12.0,7000.0,4.0,76.4,1988
4.0,4.0,22.0,6.1,24262.0,4.0,114.8,2025
2.0,3.9,1.0,7.0,8800.0,4.0,74.0,1982
4.0,2.9,2.0,19.492,13800.0,4.0,97.46,2027
2.0,3.8,16.0,30.0,18900.0,4.0,101.0,2007
2.0,4.0,4.0,12.0,16700.0,4.0,128.0,2022
4.0,2.9,1.0,32.48,14122.0,4.0,84.38,2027
2.0,4.0,3.0,30.0,17500.0,4.0,123.0,2013
4.0,3.3,13.0,4.7,10450.0,4.0,84.87,2026
2.0,2.9,8.0,9.0,6900.0,4.0,82.0,1990
2.0,2.5,8.0,16.14,9600.0,4.0,80.7,2025
2.0,3.8,7.0,11.0,22000.0,4.0,122.0,2010
2.0,3.9,10.0,21.2,21000.0,4.0,118.0,2002
4.0,4.0,22.0,6.8,26826.0,4.0,128.5,2025
2.0,3.9,4.0,20.0,28800.0,4.0,140.4,2000
2.0,2.5,4.0,20.1,8500.0,4.0,80.38,2025
4.0,4.0,1.0,34.0,26611.0,4.0,170.0,2023
2.0,3.7,2.0,12.0,7190.0,4.0,86.0,2019
2.0,4.0,1.0,20.0,55000.0,4.0,224.3,2011
2.0,3.3,18.0,14.92,10105.0,4.0,74.6,2027
2.0,2.9,7.0,11.6,13000.0,4.0,106.2,2003
2.0,4.0,6.0,12.5,14699.0,4.0,108.1,2025
2.0,2.5,16.0,20.0,10200.0,4.0,80.0,2025
4.0,2.5,6.0,37.9,21960.0,4.0,124.93,2028
2.0,3.4,1.0,7.0,8500.0,4.0,70.5,1971
2.0,3.7,5.0,11.0,10400.0,4.0,116.6,1998
2.0,3.3,16.0,14.980000000000002,10144.0,4.0,74.9,2027
2.0,3.3,12.0,35.7,18750.0,4.0,100.6,2017
2.0,2.9,6.0,21.2,10520.0,4.0,83.0,2023
4.0,2.5,15.0,32.506,28540.0,4.0,162.53,2026
2.0,2.9,21.0,5.3,13450.0,4.0,83.4,2023
4.0,2.5,16.0,20.0,10200.0,4.0,79.95,2026
2.0,4.0,5.0,17.3,17000.0,4.0,86.4,2022
4.0,4.0,24.0,17.896,14495.0,4.0,89.48,2026
4.0,2.5,7.0,6.7,11900.0,4.0,78.9,2026
2.0,2.9,19.0,15.0,11000.0,4.0,69.7,2017
2.0,3.7,6.0,14.82,8750.0,4.0,74.1,2028
2.0,4.0,2.0,60.0,32955.0,4.0,156.19,2025
2.0,3.7,2.0,10.0,11990.0,4.0,112.0,2021
4.0,2.5,6.0,28.195999999999998,23260.0,4.0,140.98,2028
2.0,4.0,23.0,19.32,14500.0,4.0,96.6,2025
2.0,2.5,7.0,9.0,8300.0,4.0,80.2,1989
2.0,3.7,11.0,15.96,9500.0,4.0,79.8,2025
2.0,2.5,3.0,9.0,9000.0,4.0,79.6,1999
2.0,3.8,1.0,16.0,15000.0,4.0,110.0,1999
2.0,3.8,10.0,26.900000000000002,30000.0,4.0,134.5,2009
2.0,3.4,1.0,38.0,5140.0,4.0,75.9,2024
4.0,4.0,1.0,31.580000000000002,24266.0,4.0,157.9,2023
2.0,2.9,1.0,8.8,6800.0,4.0,77.5,2004
2.0,2.9,5.0,22.5,12999.0,4.0,105.5,2015
4.0,2.9,5.0,35.339999999999996,13662.0,4.0,85.74,2027
2.0,2.9,6.0,9.0,5490.0,4.0,76.5,2015
4.0,4.0,23.0,8.2,27900.0,4.0,135.0,2025
2.0,3.9,2.0,5.3,7700.0,4.0,61.5,1967
2.0,4.4,13.0,12.120000000000001,9630.0,4.0,60.6,2027
2.0,3.3,2.0,5.9,6700.0,4.0,73.5,2017
2.0,2.5,5.0,9.0,7650.0,4.0,80.1,1990
2.0,4.0,24.0,21.514,20620.0,4.0,107.57,2027
2.0,2.9,6.0,9.0,7800.0,4.0,79.8,1984
2.0,4.0,23.0,28.980000000000004,16700.0,4.0,144.9,2023
4.0,2.9,13.0,35.98,14826.0,4.0,91.58,2027
2.0,3.7,1.0,7.0,7000.0,4.0,74.0,1977
2.0,2.5,3.0,7.1,9000.0,4.0,74.9,1983
2.0,4.4,12.0,15.700000000000001,11790.0,4.0,78.5,2027
2.0,4.4,7.0,8.8,6150.0,4.0,77.7,1978
2.0,3.4,1.0,14.040000000000001,2999.0,1.0,70.2,1975
4.0,2.9,8.0,30.299999999999997,14124.0,4.0,82.3,2027
2.0,2.5,4.0,23.0,31990.0,4.0,111.3,2021
5.0,3.3,1.0,7.0,6600.0,4.0,75.4,1987
4.0,4.0,1.0,33.480000000000004,26666.0,4.0,167.4,2023
2.0,3.7,1.0,5.0,4400.0,4.0,61.0,1968
4.0,2.5,22.0,22.44,25016.0,4.0,112.2,2024
2.0,2.9,8.0,9.0,6300.0,4.0,84.4,1992
4.0,2.5,23.0,19.840000000000003,25050.0,4.0,99.2,2026
2.0,2.9,3.0,7.0,6499.0,4.0,74.7,2015
2.0,3.4,2.0,34.72,30490.0,4.0,173.6,2028
2.0,2.9,1.0,9.0,7300.0,4.0,78.3,2015
2.0,4.0,15.0,32.0,22800.0,4.0,120.6,2019
4.0,2.9,13.0,26.754000000000005,29730.0,4.0,133.77,2026
4.0,3.4,20.0,17.968,12800.0,4.0,89.84,2026
5.0,3.9,3.0,6.0,9630.0,4.0,90.0,1953
2.0,2.5,2.0,39.760000000000005,31140.0,4.0,198.8,2025
2.0,3.7,8.0,9.0,10000.0,4.0,77.1,1993
4.0,4.2,15.0,6.2,19290.0,4.0,82.11,2026
2.0,3.3,15.0,10.0,8390.0,4.0,87.0,2025
2.0,3.8,2.0,19.894000000000002,20810.0,4.0,99.47,2026
2.0,3.4,9.0,9.0,7900.0,4.0,81.9,1990
4.0,3.3,1.0,15.2,19650.0,4.0,166.33,2026
2.0,3.4,2.0,7.0,6500.0,4.0,74.2,1975
2.0,3.8,3.0,16.5,21000.0,4.0,140.0,1999
4.0,3.3,5.0,13.600000000000001,11269.0,4.0,68.0,2025
2.0,3.9,2.0,10.0,14500.0,4.0,89.3,1955
4.0,4.2,4.0,18.114,18652.0,4.0,90.57,2027
2.0,2.9,5.0,5.5,5800.0,4.0,61.0,1969
2.0,2.9,1.0,20.0,6770.0,4.0,66.0,1976
2.0,2.5,19.0,22.304000000000002,18017.0,4.0,111.52,2024
2.0,4.0,6.0,20.9,14300.0,4.0,102.2,2024
2.0,4.0,17.0,30.0,22500.0,4.0,217.9,2006
4.0,3.3,12.0,16.86,13400.0,4.0,84.3,2028
2.0,2.5,18.0,28.0,25250.0,4.0,95.0,2024
2.0,4.2,4.0,24.0,26300.0,4.0,168.1,1994
4.0,4.2,23.0,30.890000000000008,22535.0,4.0,91.79,2026
2.0,4.2,17.0,25.0,11300.0,4.0,85.0,1994
2.0,3.3,8.0,10.0,16600.0,4.0,107.0,2021
2.0,2.5,2.0,29.560000000000002,17810.0,4.0,147.8,2026
2.0,4.4,2.0,5.1,4500.0,4.0,61.1,1969
2.0,3.4,5.0,20.0,16100.0,4.0,71.0,2019
4.0,4.2,11.0,6.5,18590.0,4.0,93.91,2028
2.0,4.0,3.0,10.0,9000.0,4.0,68.8,2024
2.0,3.3,4.0,10.0,6800.0,4.0,70.8,1979
2.0,2.5,2.0,45.14,31690.0,4.0,225.7,2025
2.0,2.9,3.0,7.1,7900.0,4.0,70.6,2015
5.0,4.2,4.0,5.9,6500.0,4.0,60.7,1966
4.0,4.2,12.0,8.4,17350.0,4.0,89.31,2028
2.0,3.7,8.0,5.0,5658.0,4.0,69.78,2019
2.0,2.5,5.0,6.0,7100.0,4.0,60.7,1967
4.0,3.8,2.0,19.894000000000002,20810.0,4.0,99.47,2026
2.0,4.0,7.0,11.0,11700.0,4.0,72.4,1986
5.0,4.0,3.0,16.2,7450.0,4.0,73.5,2022
2.0,4.0,24.0,21.312,20430.0,4.0,106.56,2027
2.0,3.7,3.0,35.0,30000.0,4.0,135.5,2015
2.0,4.0,19.0,18.32,17520.0,4.0,91.6,2027
2.0,2.9,8.0,9.0,7000.0,4.0,78.0,1986
2.0,4.2,12.0,14.0,24500.0,4.0,135.0,2014
4.0,3.3,1.0,13.700000000000001,9350.0,4.0,68.5,2026
2.0,3.4,3.0,16.0,15100.0,4.0,71.0,2018
2.0,4.4,9.0,7.1,6450.0,4.0,67.2,2013
4.0,2.5,22.0,6.2,12600.0,4.0,87.5,2026
2.0,2.9,2.0,9.0,6500.0,4.0,77.8,1986
2.0,2.9,10.0,9.0,7150.0,4.0,83.3,1992
2.0,3.4,5.0,28.660000000000004,28550.0,4.0,143.3,2028
2.0,2.5,7.0,15.0,13990.0,4.0,106.5,2013
2.0,2.9,2.0,6.5,6280.0,4.0,70.0,2015
4.0,2.5,24.0,21.94,18250.0,4.0,109.7,2024
2.0,3.4,2.0,8.0,6870.0,4.0,73.0,1975
2.0,2.9,2.0,6.0,5900.0,4.0,62.0,1969
4.0,3.3,2.0,13.66,9350.0,4.0,68.3,2026
2.0,3.4,3.0,15.0,9990.0,4.0,104.0,1957
2.0,3.3,3.0,7.8,8500.0,4.0,89.6,1958
4.0,2.5,23.0,22.5,25321.0,4.0,112.5,2024
2.0,2.5,20.0,54.3,37000.0,4.0,236.6,2020
5.0,3.7,5.0,14.0,12300.0,4.0,149.0,1998
2.0,4.0,4.0,9.0,12600.0,4.0,82.6,1993
4.0,3.4,19.0,17.968,12700.0,4.0,89.84,2026
2.0,2.5,2.0,12.4,12800.0,4.0,112.7,2004
4.0,2.9,3.0,35.449999999999996,12824.0,4.0,85.85,2027
5.0,4.4,1.0,15.0,12955.0,4.0,128.0,2017
2.0,3.3,15.0,19.96,13173.0,4.0,99.8,2025
2.0,4.0,7.0,19.3,13600.0,4.0,100.5,2025
5.0,4.0,7.0,9.8,13700.0,4.0,92.8,1996
4.0,2.9,3.0,30.299999999999997,13922.0,4.0,82.3,2027
2.0,4.4,9.0,30.0,13990.0,4.0,116.0,2013
2.0,4.0,10.0,17.6,13990.0,4.0,120.9,2003
2.0,2.5,7.0,12.9,14300.0,4.0,117.8,1996
4.0,2.9,4.0,38.86999999999999,14255.0,4.0,91.57,2027
2.0,3.9,7.0,12.0,14500.0,4.0,88.6,1996
2.0,3.3,4.0,10.0,14500.0,4.0,98.0,1954
2.0,4.0,7.0,23.6,14500.0,4.0,89.3,2023
2.0,4.2,4.0,12.6,14500.0,4.0,121.8,2008
2.0,2.5,2.0,17.288,14500.0,4.0,86.44,2026
4.0,4.0,25.0,17.896,14495.0,4.0,89.48,2026
4.0,2.9,15.0,35.43,14870.0,4.0,91.03,2027
2.0,4.0,16.0,30.0,15000.0,4.0,96.0,2023
5.0,2.5,1.0,20.0,15000.0,4.0,118.0,2007
2.0,2.5,7.0,10.0,15300.0,4.0,107.3,2007
2.0,4.2,2.0,11.4,15300.0,4.0,83.9,1994
5.0,3.9,6.0,12.0,15250.0,4.0,104.0,1979
2.0,4.0,2.0,29.0,15500.0,4.0,117.0,2003
2.0,2.9,4.0,3.0,15700.0,4.0,112.2,2012
2.0,4.0,9.0,16.0,15700.0,4.0,131.0,2002
2.0,3.8,2.0,10.3,15950.0,4.0,118.0,2003
2.0,4.0,5.0,13.6,16000.0,4.0,134.3,2000
5.0,4.0,2.0,29.0,15990.0,4.0,117.0,2009
5.0,3.7,25.0,30.0,16000.0,4.0,126.0,2015
5.0,4.2,10.0,18.9,16000.0,4.0,82.11,2026
5.0,2.5,2.0,30.0,16000.0,4.0,111.6,2005
2.0,2.5,4.0,56.5,16500.0,4.0,161.1,2006
2.0,4.2,7.0,12.1,16400.0,4.0,106.6,2002
2.0,4.0,8.0,15.0,16550.0,4.0,124.0,2014
5.0,2.5,6.0,20.0,16700.0,4.0,79.2,2024
5.0,3.7,2.0,38.0,16900.0,4.0,105.0,2016
5.0,2.5,3.0,16.0,17000.0,4.0,165.0,2015
2.0,2.5,21.0,19.5,17150.0,4.0,131.4,2013
2.0,2.5,3.0,17.0,17300.0,4.0,85.0,2020
4.0,4.2,3.0,8.4,17350.0,4.0,89.31,2028
2.0,4.0,7.0,27.5,17200.0,4.0,91.5,2017
2.0,4.2,3.0,6.8,17500.0,4.0,91.0,2027
2.0,4.0,6.0,25.0,17500.0,4.0,107.7,1996
2.0,3.8,19.0,17.400000000000002,17500.0,4.0,87.0,2007
4.0,4.2,4.0,19.1,17490.0,4.0,90.38,2028
2.0,4.0,18.0,18.332,17530.0,4.0,91.66,2027
2.0,3.9,7.0,28.0,17499.0,4.0,104.6,2017
2.0,4.0,18.0,18.332,17530.0,4.0,91.66,2027
5.0,2.5,4.0,15.0,17800.0,4.0,124.0,2009
2.0,2.5,7.0,36.0,17990.0,4.0,115.0,2017
2.0,4.0,4.0,15.2,18000.0,4.0,126.4,2012
2.0,4.0,4.0,14.4,17900.0,4.0,130.0,2002
2.0,4.0,5.0,18.0,18000.0,4.0,82.5,2019
4.0,4.2,4.0,6.5,18220.0,4.0,94.16,2028
4.0,2.5,25.0,21.96,18250.0,4.0,109.8,2024
4.0,3.4,19.0,19.900000000000002,18706.0,4.0,99.5,2028
4.0,4.2,3.0,18.114,18766.0,4.0,90.57,2027
2.0,4.2,3.0,18.114,18766.0,4.0,90.57,2026
2.0,4.2,4.0,18.114,18652.0,4.0,90.57,2026
4.0,2.5,23.0,19.94,18743.0,4.0,99.7,2028
2.0,3.9,3.0,15.0,19000.0,4.0,139.0,1997
2.0,4.0,2.0,28.0,18888.0,4.0,173.7,2013
5.0,2.5,5.0,30.0,19000.0,4.0,147.0,2001
2.0,3.9,2.0,30.2,19500.0,4.0,122.2,1996
2.0,2.9,16.0,66.0,19500.0,4.0,178.0,2012
2.0,2.5,8.0,15.0,19499.0,4.0,111.3,2023
5.0,4.0,15.0,22.5,19500.0,4.0,87.5,2019
2.0,3.8,2.0,15.8,19650.0,4.0,138.7,2004
2.0,3.8,7.0,16.0,19999.0,4.0,104.0,2012
2.0,3.8,3.0,5.3,19990.0,4.0,114.89,2024
2.0,3.8,7.0,16.0,19990.0,4.0,104.0,2012
2.0,4.0,5.0,39.0,19800.0,4.0,154.0,2003
2.0,3.8,16.0,7.7,19999.0,4.0,152.6,2007
2.0,4.0,4.0,41.0,20000.0,4.0,158.0,2002
2.0,3.8,3.0,30.0,20000.0,4.0,114.9,2007
2.0,4.0,3.0,7.0,20000.0,4.0,113.9,2022
2.0,4.0,1.0,16.7,20000.0,4.0,122.6,2012
2.0,2.5,6.0,20.3,20000.0,4.0,132.7,2016
2.0,4.0,7.0,20.0,20500.0,4.0,124.0,2004
2.0,4.0,24.0,21.514,20620.0,4.0,107.57,2027
2.0,2.5,10.0,21.11,20832.0,4.0,105.55,2026
2.0,2.5,3.0,15.0,21000.0,4.0,136.0,2020
2.0,4.0,4.0,7.0,21000.0,4.0,158.3,2001
2.0,2.5,23.0,16.0,21000.0,4.0,80.0,2020
2.0,2.5,2.0,13.0,21000.0,4.0,127.4,2006
4.0,4.0,1.0,14.6,21000.0,4.0,100.11,2025
2.0,2.5,15.0,27.380000000000003,21260.0,4.0,136.9,2026
5.0,2.5,5.0,15.0,21500.0,4.0,123.8,2007
2.0,2.5,12.0,21.098,21899.0,4.0,105.49,2026
2.0,2.5,24.0,5.3,22000.0,4.0,90.1,2022
2.0,2.5,25.0,19.2,22000.0,4.0,143.0,2015
5.0,3.8,2.0,31.260000000000005,22000.0,4.0,156.3,1999
2.0,4.2,19.0,18.074,21942.0,4.0,90.37,2026
4.0,4.2,19.0,18.074,21942.0,4.0,90.37,2027
2.0,2.5,6.0,24.980000000000004,21960.0,4.0,124.9,2028
2.0,4.2,20.0,18.074,22054.0,4.0,90.37,2026
5.0,4.0,13.0,24.0,22000.0,4.0,87.5,2019
5.0,3.8,10.0,40.0,22000.0,4.0,176.0,1998
2.0,2.5,11.0,20.0,22500.0,4.0,133.0,2016
2.0,2.5,3.0,10.0,22500.0,4.0,88.5,2022
2.0,3.8,18.0,18.5,22450.0,4.0,120.0,2020
2.0,4.2,23.0,18.358,22535.0,4.0,91.79,2026
2.0,4.2,12.0,17.0,22990.0,4.0,180.0,2010
4.0,4.0,22.0,12.6,23232.0,4.0,103.9,2025
4.0,4.0,22.0,6.1,23203.0,4.0,110.2,2025
2.0,4.0,2.0,15.5,23000.0,4.0,113.3,2017
2.0,2.5,6.0,28.200000000000003,23260.0,4.0,141.0,2028
2.0,3.4,9.0,20.0,23517.0,4.0,87.1,2017
5.0,2.5,17.0,12.5,23500.0,4.0,140.0,2017
2.0,3.8,24.0,40.0,23850.0,4.0,114.6,2014
2.0,3.4,3.0,28.660000000000004,24030.0,4.0,143.3,2028
4.0,4.0,21.0,6.1,24154.0,4.0,114.8,2025
2.0,2.5,24.0,20.830000000000002,24000.0,4.0,104.15,2026
2.0,2.5,18.0,28.166000000000004,24165.0,4.0,140.83,2024
4.0,4.0,4.0,34.8,24600.0,4.0,108.15,2025
2.0,2.5,23.0,31.142000000000003,24584.0,4.0,155.71,2024
2.0,3.9,3.0,15.0,24700.0,4.0,123.0,1997
2.0,4.0,8.0,42.0,25000.0,4.0,140.0,2009
2.0,2.5,12.0,39.5,25000.0,4.0,121.7,2007
2.0,3.8,9.0,13.6,24900.0,4.0,101.7,2007
3.0,2.5,22.0,10.0,25016.0,4.0,112.0,2024
2.0,3.9,8.0,32.0,25000.0,4.0,160.0,2002
2.0,3.8,9.0,16.1,25000.0,4.0,96.1,2012
2.0,2.5,24.0,20.3,25200.0,4.0,80.2,2021
2.0,3.8,3.0,16.0,25380.0,4.0,132.0,2010
2.0,3.3,7.0,8.1,25500.0,4.0,127.7,2011
2.0,2.5,7.0,22.0,25500.0,4.0,152.6,2020
4.0,4.0,2.0,19.4,25431.0,4.0,88.1,2028
2.0,2.5,15.0,13.0,25500.0,4.0,102.0,2023
2.0,3.9,3.0,5.0,25900.0,4.0,98.3,2022
2.0,2.5,25.0,10.8,26000.0,4.0,102.0,2023
2.0,2.5,24.0,22.678,26150.0,4.0,113.39,2026
2.0,2.5,24.0,22.874000000000002,26000.0,4.0,114.37,2026
4.0,4.0,21.0,6.8,26648.0,4.0,128.5,2025
2.0,3.9,6.0,20.0,27000.0,4.0,118.2,2014
4.0,4.0,2.0,29.8,27013.0,4.0,113.8,2028
2.0,3.8,2.0,10.0,27390.0,4.0,97.8,2019
5.0,3.9,15.0,25.0,27500.0,4.0,125.0,2019
2.0,3.4,3.0,28.880000000000003,27600.0,4.0,144.4,2028
4.0,4.0,21.0,8.2,27677.0,4.0,135.0,2025
2.0,3.8,8.0,35.6,27900.0,4.0,85.3,2018
2.0,2.5,24.0,24.562,28250.0,4.0,122.81,2026
2.0,2.5,15.0,32.5,28540.0,4.0,162.5,2026
2.0,2.5,13.0,28.483999999999998,29546.0,4.0,142.42,2026
2.0,2.9,13.0,26.754000000000005,29730.0,4.0,133.77,2026
2.0,4.0,2.0,10.5,30000.0,4.0,108.0,2023
2.0,2.9,10.0,40.0,30000.0,4.0,170.0,2011
2.0,2.5,9.0,24.9,29990.0,4.0,105.0,2019
2.0,3.8,9.0,40.0,30000.0,4.0,145.7,2015
5.0,4.0,4.0,20.0,30000.0,4.0,124.2,2013
2.0,4.0,4.0,20.0,31000.0,4.0,118.7,2018
2.0,4.0,6.0,15.0,32000.0,4.0,122.2,2011
5.0,4.0,9.0,15.0,32000.0,4.0,146.0,2016
5.0,3.8,29.0,24.0,32000.0,4.0,118.9,2024
5.0,3.9,10.0,25.0,32500.0,4.0,122.0,2025
2.0,4.0,12.0,18.8,33000.0,4.0,113.0,2017
2.0,3.8,6.0,12.0,33000.0,4.0,139.0,2025
2.0,3.9,13.0,30.0,33000.0,4.0,106.5,2016
2.0,2.5,1.0,30.0,33000.0,4.0,133.4,2025
2.0,2.5,22.0,20.0,34000.0,4.0,194.9,2010
2.0,4.2,13.0,35.0,34100.0,4.0,155.2,2018
4.0,4.0,23.0,21.52,34150.0,4.0,107.6,2024
2.0,3.9,9.0,30.0,34490.0,4.0,90.0,2020
2.0,3.9,11.0,62.6,35000.0,4.0,129.0,2004
2.0,3.9,4.0,10.0,35000.0,4.0,151.0,1997
2.0,3.8,5.0,34.4,35500.0,4.0,139.0,2009
2.0,4.0,5.0,9.0,36000.0,4.0,110.0,2022
2.0,3.8,16.0,5.0,38000.0,4.0,132.0,2010
2.0,4.2,5.0,16.0,39000.0,4.0,133.1,1994
2.0,4.0,7.0,20.0,39900.0,4.0,154.0,2023
5.0,4.2,5.0,15.0,40000.0,4.0,129.3,2003
2.0,4.0,24.0,10.0,42000.0,4.0,185.0,2028
2.0,3.9,2.0,20.0,44920.0,4.0,292.7,2003
2.0,2.5,8.0,58.74,49540.0,4.0,293.7,2025
2.0,4.0,6.0,16.0,55000.0,4.0,124.0,2020
5.0,2.5,11.0,20.0,59000.0,4.0,160.0,2022
2.0,4.2,4.0,17.1,80000.0,4.0,189.0,2003
2.0,3.8,13.0,13.8,79990.0,4.0,116.6,2004
2.0,3.7,4.0,5.9,5600.0,4.0,61.8,1970
5.0,2.9,3.0,6.9,6900.0,4.0,74.2,1969
5.0,2.5,3.0,6.8,7700.0,4.0,70.3,1980
5.0,3.9,2.0,5.3,7700.0,4.0,61.5,1967
5.0,3.8,6.0,5.6,9100.0,4.0,71.2,1933
4.0,2.5,3.0,14.600000000000001,11365.0,4.0,73.0,2027
5.0,4.0,5.0,22.6,12200.0,4.0,84.1,1955
4.0,4.0,3.0,13.280000000000001,13060.0,4.0,66.4,2028
2.0,3.3,8.0,12.0,24500.0,4.0,110.7,2022
5.0,3.9,13.0,30.0,33000.0,4.0,106.5,2016
2.0,3.7,4.0,8.5,6600.0,4.0,76.8,1983
2.0,3.9,6.0,20.0,43000.0,3.0,140.0,2014
2.0,3.9,7.0,31.3,69950.0,5.0,170.0,2017
4.0,2.5,23.0,22.240000000000002,20238.0,5.0,111.2,2028
2.0,4.0,2.0,20.0,44000.0,5.0,176.0,2022
2.0,3.9,10.0,38.0,14890.0,5.0,100.0,1994
4.0,4.0,13.0,4.4,35500.0,5.0,166.7,2026
2.0,2.9,5.0,34.8,17700.0,5.0,162.1,2015
2.0,2.5,26.0,17.0,32500.0,5.0,300.0,2017
4.0,2.5,23.0,50.0,155000.0,5.0,479.0,2024
2.0,4.0,6.0,12.5,18000.0,5.0,125.7,2002
2.0,3.8,2.0,29.0,125000.0,5.0,442.0,2007
4.0,4.0,8.0,10.1,100000.0,5.0,278.63,2023
2.0,2.5,1.0,16.5,36000.0,5.0,280.0,2020
2.0,4.2,10.0,17.1,13350.0,5.0,158.6,2006
4.0,3.7,8.0,56.400000000000006,24010.0,5.0,146.4,2025
2.0,4.0,3.0,30.0,32500.0,5.0,408.8,2005
2.0,2.5,4.0,10.0,1100.0,1.0,82.0,2020
4.0,4.0,25.0,4.9,32902.0,5.0,138.0,2025
2.0,4.0,14.0,20.0,70000.0,5.0,200.0,2017
2.0,4.0,5.0,25.0,38200.0,5.0,288.8,2009
4.0,4.0,4.0,39.4,35200.0,5.0,154.16,2025
2.0,3.4,4.0,7.0,8090.0,5.0,91.5,1982
5.0,3.4,25.0,12.0,14999.0,5.0,101.0,2020
4.0,4.0,25.0,2.8,50499.0,5.0,227.2,2025
2.0,2.9,7.0,20.0,19300.0,5.0,145.9,2006
2.0,3.9,3.0,14.7,20200.0,5.0,148.6,1966
4.0,3.9,10.0,6.5,22003.0,5.0,92.1,2028
2.0,2.5,4.0,5.0,1190.0,1.0,80.0,2020
2.0,2.5,4.0,30.0,61000.0,5.0,519.2,2020
4.0,4.0,8.0,25.3,96600.0,5.0,258.52,2023
2.0,4.2,2.0,9.0,27500.0,5.0,331.5,1994
2.0,3.8,7.0,16.0,29990.0,5.0,161.3,2014
2.0,2.5,23.0,95.80000000000001,155000.0,5.0,479.0,2024
2.0,2.9,14.0,30.0,25500.0,5.0,316.0,2003
2.0,4.2,4.0,35.0,81500.0,5.0,267.9,2004
4.0,3.3,1.0,15.5,20150.0,5.0,170.94,2026
2.0,3.8,3.0,17.0,17000.0,5.0,157.0,1995
2.0,4.0,24.0,25.956000000000003,24880.0,5.0,129.78,2027
2.0,3.9,7.0,31.3,69950.0,5.0,170.0,2017
2.0,2.9,5.0,12.9,14700.0,5.0,125.1,2006
4.0,4.2,24.0,44.400000000000006,30611.0,5.0,122.2,2026
2.0,3.9,3.0,13.8,16000.0,5.0,121.1,2005
2.0,3.9,2.0,23.0,30500.0,5.0,168.0,1997
4.0,4.0,8.0,25.7,91700.0,5.0,255.75,2023
2.0,4.2,10.0,9.0,13850.0,5.0,103.4,1993
2.0,3.8,7.0,24.0,45000.0,5.0,299.0,2002
2.0,4.0,24.0,26.174000000000003,25090.0,5.0,130.87,2027
2.0,4.0,14.0,10.0,33000.0,5.0,153.0,2022
2.0,4.2,1.0,13.0,45000.0,5.0,155.1,1994
4.0,2.9,26.0,5.4,11436.0,5.0,85.82,2027
2.0,3.9,10.0,25.0,34999.0,5.0,189.0,2008
2.0,2.5,17.0,53.0,17990.0,5.0,173.0,2007
2.0,4.0,24.0,26.174000000000003,25090.0,5.0,130.87,2027
2.0,2.5,2.0,28.0,16500.0,5.0,174.0,2011
2.0,3.8,6.0,50.0,60000.0,5.0,292.0,2002
4.0,4.2,11.0,19.1,20300.0,5.0,102.38,2028
2.0,2.5,3.0,7.0,12000.0,5.0,70.0,2008
2.0,4.2,8.0,7.0,7600.0,5.0,89.4,1994
2.0,3.8,2.0,60.0,60000.0,5.0,182.7,2007
2.0,4.0,24.0,25.956000000000003,24880.0,5.0,129.78,2027
2.0,4.2,24.0,24.44,36721.0,5.0,122.2,2026
2.0,3.9,8.0,19.1,22000.0,5.0,138.0,1993
2.0,2.5,17.0,45.53,52557.0,5.0,227.65,2026
2.0,3.8,9.0,53.0,65000.0,5.0,178.2,2006
2.0,4.0,15.0,35.0,34850.0,5.0,190.0,2010
2.0,4.0,9.0,25.8,41000.0,5.0,129.0,2022
2.0,4.0,5.0,16.0,58000.0,5.0,171.0,2002
2.0,3.7,1.0,12.0,12500.0,5.0,125.2,2009
2.0,2.9,10.0,10.0,15500.0,5.0,143.5,1998
2.0,3.3,13.0,33.0,15800.0,5.0,136.0,2021
2.0,4.0,4.0,15.0,16000.0,5.0,122.5,2011
5.0,3.8,1.0,13.0,16000.0,5.0,150.0,1932
2.0,3.4,6.0,15.0,16400.0,5.0,106.0,1994
5.0,3.9,10.0,13.2,16200.0,5.0,98.8,1997
2.0,3.9,2.0,25.0,17499.0,5.0,120.0,2002
5.0,3.9,5.0,80.7,35000.0,5.0,182.2,2001
2.0,2.9,1.0,5.700000000000003,14500.0,5.0,123.7,2006
2.0,2.9,5.0,7.6,8930.0,5.0,99.5,1986
2.0,2.5,5.0,48.7,25000.0,5.0,273.6,2007
2.0,4.0,1.0,63.0,45000.0,5.0,227.0,2022
2.0,4.0,1.0,42.0,17500.0,5.0,230.0,2019
2.0,3.4,5.0,7.0,10100.0,5.0,87.1,2019
2.0,3.7,7.0,19.0,19000.0,5.0,183.6,1998
2.0,4.0,5.0,10.4,15100.0,5.0,120.9,1999
5.0,2.9,10.0,40.0,30000.0,5.0,170.0,2011
2.0,3.8,7.0,15.0,19499.0,4.0,138.0,2004
2.0,3.8,4.0,18.0,15499.0,3.0,103.0,1701
2.0,3.8,10.0,22.0,14500.0,3.0,122.8,2005
2.0,2.9,2.0,12.3,11970.0,4.0,104.0,1998
2.0,2.5,11.0,25.0,21600.0,3.0,103.6,2015
2.0,3.8,4.0,11.0,11990.0,4.0,115.0,1934
2.0,2.5,26.0,36.0,32000.0,4.0,128.72,2023
2.0,2.9,2.0,15.0,14500.0,4.0,134.3,2004
2.0,3.4,4.0,7.0,7999.0,5.0,91.5,1982
2.0,3.4,5.0,7.1,9200.0,5.0,89.2,1980
2.0,4.2,8.0,7.0,13200.0,5.0,101.0,1986
2.0,2.5,6.0,28.5,14000.0,5.0,230.0,1996
2.0,2.5,15.0,15.0,31900.0,5.0,147.0,2015
2.0,2.5,15.0,18.0,31900.0,5.0,147.0,2015
