author_type,district,floor,floors_count,kitchen_meters,price,rooms_count,street,total_meters,underground,is_studio,house_age,latitude,longitude,distance_to_metro_km,distance_to_center_km,has_metro,metro_zone,effective_metro_distance,distance_to_NSU_km
developer,Заельцовский,4.0,9.0,5.0,4.47,1.0,Аэропорт,20.16,Заельцовская,1,1,55.080158,82.901799,2.451,5.684286936281938,1,Транспортная,2.451,29.02775942183817
realtor,Заельцовский,18.0,19.0,5.0,5.7,1.0,Вавилова,23.1,Заельцовская,1,10,55.055723,82.895133,1.171,3.267302870649764,1,Комфортная,1.171,26.791460730992572
homeowner,Заельцовский,6.0,9.0,5.58,4.05,1.0,Сухарная,27.9,Площадь Гарина-Михайловского,1,3,55.046796,82.859497,2.852,4.300773880763655,1,Транспортная,2.852,27.110837817747704
real_estate_agent,Калининский,4.0,5.0,6.0,4.0,1.0,Олеко Дундича,29.0,Березовая Роща,1,56,55.076097,82.967582,3.781,5.924793885580011,1,Автомобильная,3.781,27.084907378791467
real_estate_agent,Центральный,5.0,5.0,4.0,3.8,1.0,Крылова,25.0,Красный проспект,1,18,55.040399,82.916926,0.137,1.1597413217584938,1,Пешеходная,0.137,24.63584764346058
developer,Кировский,8.0,11.0,4.3,4.5,1.0,18-й Бронный переулок,25.3,Площадь Маркса,1,2,54.94595,82.942429,5.005,9.468814785943897,0,Автомобильная,0.0,14.952863506737435
real_estate_agent,Октябрьский,2.0,17.0,3.0,5.039,1.0,Закаменский мкр,23.5,Березовая Роща,1,3,55.037036,82.955302,0.729,2.3495398842606523,1,Комфортная,0.729,23.264534725560093
real_estate_agent,Кировский,3.0,3.0,4.0,2.4,1.0,Воскресная,28.7,Спортивная,1,10,54.94309,83.000371,7.697,10.943281023352446,0,Удалённая,0.0,12.582161573330128
real_estate_agent,Заельцовский,4.0,24.0,5.0,5.3,1.0,Сухарная,25.8,Площадь Гарина-Михайловского,1,4,55.04646,82.865794,2.48,3.924932613347529,1,Транспортная,2.48,26.859316812850363
real_estate_agent,Кировский,4.0,17.0,3.0,3.7,1.0,Тульская,27.2,Студенческая,1,6,54.978178,82.916648,1.358,5.785735902161735,0,Комфортная,0.0,18.77742222383056
developer,Заельцовский,20.0,20.0,7.8,9.9,1.0,Дуси Ковальчук,33.9,Заельцовская,1,1,55.057193,82.906865,0.417,3.127270329890379,1,Пешеходная,0.417,26.59018735446785
realtor,Заельцовский,9.0,19.0,5.0,5.6,1.0,Плановая,22.4,Заельцовская,1,14,55.054676,82.894828,1.23,3.176507624411943,1,Комфортная,1.23,26.698378576809837
developer,Центральный,17.0,29.0,2.0,4.73525,1.0,Николая Островского,20.15,Маршала Покрышкина,1,1,55.050262,82.927778,0.751,2.2831220130337577,1,Комфортная,0.751,25.315850278715093
real_estate_agent,Дзержинский,5.0,19.0,4.0,4.554,1.0,Авиастроителей,29.4,Березовая Роща,1,5,55.074994,82.980141,3.957,6.2697690244142885,1,Автомобильная,3.957,26.73869025129058
realtor,Кировский,1.0,3.0,1.0,2.15,1.0,Рубежная,25.1,Спортивная,1,14,54.94083,83.000389,7.887,11.166828681835351,0,Удалённая,0.0,12.36131044131466
real_estate_agent,Дзержинский,14.0,19.0,17.0,5.9,1.0,Кошурникова,34.0,Золотая Нива,1,15,55.040858,82.973367,0.4,3.576324884765848,1,Пешеходная,0.4,23.250113961237563
real_estate_agent,Дзержинский,3.0,25.0,5.04,6.0,1.0,Гоголя,25.2,Березовая Роща,1,1,55.047631,82.96592,1.015,3.4886760926538773,1,Комфортная,1.015,24.11894808166873
real_estate_agent,Кировский,3.0,3.0,8.0,2.8,1.0,Вознесенская,37.6,Спортивная,1,9,54.941451,83.001053,7.863,11.124952135077535,0,Удалённая,0.0,12.40129781172966
real_estate_agent,Кировский,12.0,17.0,5.0,3.5,1.0,Беловежская,23.8,Площадь Маркса,1,8,54.966639,82.892573,1.757,7.283889936880185,0,Транспортная,0.0,18.79263262521231
real_estate_agent,Октябрьский,15.0,25.0,3.3,6.09,1.0,Гурьевская,30.11,Золотая Нива,1,6,55.025219,82.966342,1.488,2.977048600898019,1,Комфортная,1.488,21.78194857128038
real_estate_agent,Кировский,5.0,10.0,5.5200000000000005,3.2,1.0,Сибиряков-Гвардейцев,27.6,Площадь Маркса,1,9,54.937531,82.895286,4.978,10.424676331333789,0,Автомобильная,0.0,16.454588571766323
real_estate_agent,Октябрьский,7.0,17.0,5.1,3.6,1.0,Рябиновая,25.4,Золотая Нива,1,18,55.001778,83.025532,5.09,7.406514574046946,1,Автомобильная,5.09,18.126139483652654
real_estate_agent,Заельцовский,24.0,28.0,5.996,7.75,1.0,Сухарная,29.98,Площадь Гарина-Михайловского,1,1,55.046373,82.855886,3.041,4.490523798660787,1,Автомобильная,3.041,27.200011743723838
real_estate_agent,Железнодорожный,13.0,17.0,3.0,4.7,1.0,Железнодорожная,25.8,Гагаринская,1,11,55.047373,82.906155,0.676,2.1187874816861973,1,Комфортная,0.676,25.64145148270147
real_estate_agent,Кировский,2.0,3.0,3.2,2.4,1.0,Николая Грицюка,26.9,Площадь Маркса,1,11,54.935141,82.845286,6.17,11.603307706657596,0,Автомобильная,0.0,18.889838567818604
developer,Октябрьский,24.0,25.0,3.8,5.86,1.0,Ленинградская,32.41,Речной вокзал,1,1,55.011185,82.963136,1.635,3.444290843570368,1,Транспортная,1.635,20.427155475247062
real_estate_agent,Железнодорожный,3.0,8.0,8.5,6.0,1.0,Ленина,26.5,Площадь Гарина-Михайловского,1,3,55.040497,82.8941,0.666,2.0337757320425776,1,Комфортная,0.666,25.348043009947677
developer,Октябрьский,11.0,12.0,5.246,5.49,1.0,Кошурникова,26.23,Золотая Нива,1,1,55.039997,82.966774,0.627,3.1486892845804637,1,Комфортная,0.627,23.3034375427293
real_estate_agent,Октябрьский,15.0,25.0,20.2,5.9,1.0,Обская,28.2,Речной вокзал,1,6,55.002057,82.945555,0.948,3.511848055965444,1,Комфортная,0.948,20.013818021607584
real_estate_agent,Октябрьский,18.0,20.0,11.4,4.9,1.0,Обская,24.3,Речной вокзал,1,12,54.999387,82.953811,1.507,4.0299135462509685,1,Транспортная,1.507,19.505049408378095
real_estate_agent,Кировский,3.0,10.0,3.0,2.699999,1.0,Петухова,21.0,Площадь Маркса,1,9,54.940706,82.952383,5.853,10.154067599787254,0,Автомобильная,0.0,14.096976488532691
real_estate_agent,Кировский,16.0,26.0,5.502000000000001,5.0,1.0,Аникина,27.51,Студенческая,1,1,54.965574,82.945088,3.571,7.352291025391459,0,Автомобильная,0.0,16.57419367825262
real_estate_agent,Октябрьский,6.0,18.0,10.0,5.8,1.0,Большевистская,30.3,Речной вокзал,1,5,55.011015,82.931632,0.431,2.2458050025661302,1,Пешеходная,0.431,21.31441348952398
real_estate_agent,Ленинский,2.0,16.0,5.508,3.65,1.0,Зорге,27.54,Площадь Маркса,1,22,54.92808,82.924598,6.296,11.35444058673209,1,Автомобильная,6.296,14.344952122118581
real_estate_agent,Калининский,4.0,17.0,5.0,4.3,1.0,Мясниковой,29.0,Заельцовская,1,3,55.106057,82.944711,5.617,8.57917913788944,1,Автомобильная,5.617,30.701660207861508
real_estate_agent,Ленинский,4.0,6.0,6.0,2.85,1.0,Дивногорская,24.2,Площадь Гарина-Михайловского,1,13,55.022938,82.81062,5.838,7.0452756466920965,1,Автомобильная,5.838,26.937609752086026
developer,Заельцовский,23.0,25.0,6.6,13.0,1.0,Красный проспект,85.4,Заельцовская,1,2,55.075716,82.911411,1.86,5.097555932832565,1,Транспортная,1.86,28.323061374176355
real_estate_agent,Ленинский,4.0,5.0,7.0,5.8,1.0,Римского-Корсакова,32.0,Площадь Маркса,1,66,54.981231,82.884398,0.762,5.906624197372481,1,Комфортная,0.762,20.343732018894855
real_estate_agent,Заельцовский,5.0,11.0,18.200000000000003,5.1,1.0,Кубовая,36.2,Заельцовская,1,12,55.126668,82.896831,7.591,10.835330465346312,1,Удалённая,7.591,33.89885439890551
real_estate_agent,Кировский,5.0,26.0,6.300000000000001,3.6,1.0,Беловежская,27.3,Площадь Маркса,1,6,54.961894,82.888045,2.328,7.867515368147824,0,Транспортная,0.0,18.61632278701796
real_estate_agent,Кировский,3.0,17.0,5.0,3.5,1.0,Бронная,26.0,Площадь Маркса,1,2,54.948458,82.967438,5.902,9.567430698725714,0,Автомобильная,0.0,14.196694380147425
real_estate_agent,Калининский,8.0,9.0,4.64,3.5,1.0,Гребенщикова,23.2,Заельцовская,1,3,55.108869,82.936662,5.753,8.81225016991231,1,Автомобильная,5.753,31.16073509731606
real_estate_agent,Октябрьский,10.0,10.0,14.4,3.35,1.0,Татьяны Снежиной,32.4,Золотая Нива,1,17,55.022319,83.022047,3.408,6.534885091659973,1,Автомобильная,3.408,20.398792551314248
realtor,Ленинский,8.0,25.0,5.0,5.19,1.0,Ясный Берег,30.0,Площадь Ленина,1,4,55.016151,82.897882,2.121,2.120153906126768,1,Транспортная,2.121,22.919288877023153
real_estate_agent,Октябрьский,6.0,16.0,5.0,4.1,1.0,Закаменский мкр,21.3,Березовая Роща,1,4,55.036834,82.957925,0.815,2.501451551499742,1,Комфортная,0.815,23.180393285808286
developer,Железнодорожный,24.0,24.0,12.699999999999996,8.35,1.0,Прибрежная,34.3,Площадь Гарина-Михайловского,1,2,55.030519,82.889321,0.851,1.983366535184058,1,Комфортная,0.851,24.55820665848956
real_estate_agent,Дзержинский,7.0,14.0,5.0,4.3,1.0,Есенина,31.0,Золотая Нива,1,3,55.034461,82.99428,1.237,4.7300697900864686,1,Комфортная,1.237,22.159877560876584
real_estate_agent,Октябрьский,5.0,10.0,5.0,3.4,1.0,Татьяны Снежиной,32.5,Золотая Нива,1,14,55.020802,83.011097,2.927,5.871614382025046,1,Транспортная,2.927,20.405034129531543
realtor,Октябрьский,7.0,25.0,3.0,4.7,1.0,Кирова,23.0,Октябрьская,1,3,55.013591,82.955042,1.164,2.874465185953487,1,Комфортная,1.164,20.886089898455722
realtor,Кировский,1.0,3.0,5.0,2.390009,1.0,Рубежная,34.2,Спортивная,1,10,54.941301,83.005635,8.071,11.27770961772552,0,Удалённая,0.0,12.24860849106055
real_estate_agent,Центральный,13.0,16.0,13.0,6.35,1.0,Чаплыгина,28.0,Площадь Ленина,1,18,55.026866,82.928137,0.617,0.612749124089513,1,Комфортная,0.617,22.97117178588824
real_estate_agent,Заельцовский,15.0,28.0,2.4,4.5,1.0,Сухарная,22.32,Площадь Гарина-Михайловского,1,2,55.047213,82.858868,2.909,4.356947060903408,1,Транспортная,2.909,27.17164052970939
real_estate_agent,Октябрьский,5.0,24.0,5.0,4.49,1.0,Большевистская,23.15,Речной вокзал,1,1,55.003678,82.946319,0.832,3.37596176492265,1,Комфортная,0.832,20.149667926859088
developer,Заельцовский,15.0,15.0,12.2,14.11,1.0,Красный проспект,88.8,Заельцовская,1,2,55.075716,82.911411,1.86,5.097555932832565,1,Транспортная,1.86,28.323061374176355
real_estate_agent,Кировский,10.0,10.0,4.0,3.25,1.0,Виктора Шевелева,39.0,Площадь Маркса,1,9,54.945417,82.970807,6.285,9.95642136367126,0,Автомобильная,0.0,13.796256310497666
developer,Заельцовский,13.0,23.0,5.074000000000001,3.62791,1.0,Светлановская,25.37,Заельцовская,1,1,55.075406,82.922819,1.937,5.032859017673609,1,Транспортная,1.937,27.999282260318072
developer,Заельцовский,8.0,25.0,4.0,7.2,1.0,Красный проспект,37.4,Заельцовская,1,2,55.075716,82.911411,1.86,5.097555932832565,1,Транспортная,1.86,28.323061374176355
real_estate_agent,Октябрьский,17.0,17.0,9.2,5.45,1.0,Гаранина,27.2,Золотая Нива,1,4,55.025281,82.972173,1.376,3.3418646408059747,1,Комфортная,1.376,21.651560887873792
homeowner,Ленинский,15.0,17.0,3.0,2.9,1.0,Спортивная,22.0,Площадь Маркса,1,3,54.981505,82.781164,7.341,10.399698490338915,1,Удалённая,7.341,25.203695145381598
developer,Заельцовский,14.0,29.0,6.6,8.152941,1.0,Сухарная,27.36,Площадь Гарина-Михайловского,1,1,55.046373,82.855886,3.041,4.490523798660787,1,Автомобильная,3.041,27.200011743723838
real_estate_agent,Заельцовский,12.0,13.0,6.0,4.4,1.0,Кубовая,40.0,Заельцовская,1,3,55.122982,82.903335,7.139,10.378031324254142,1,Удалённая,7.139,33.36523531097942
realtor,Октябрьский,15.0,29.0,3.0,4.9,1.0,Вилюйская,32.0,Речной вокзал,1,11,55.001737,83.004503,4.342,6.222306965246409,1,Автомобильная,4.342,18.492652966918236
developer,Ленинский,27.0,30.0,8.5,6.203,1.0,Горская,23.2,Спортивная,1,2,54.995844,82.91203,0.524,3.853770837297188,1,Комфортная,0.524,20.541798694806754
real_estate_agent,Октябрьский,3.0,27.0,4.0,5.78,1.0,Добролюбова,26.88,Речной вокзал,1,5,55.00864,82.952697,0.959,3.1556602739662587,1,Комфортная,0.959,20.45518138668567
real_estate_agent,Кировский,2.0,17.0,4.0,2.29,1.0,Виктора Уса,20.0,Площадь Маркса,1,13,54.935772,82.883033,5.242,10.763921782446598,0,Автомобильная,0.0,16.948588855114444
developer,Ленинский,18.0,18.0,5.214,5.59,1.0,Костычева,26.07,Площадь Маркса,1,1,54.975372,82.87776,1.406,6.672955457923809,1,Комфортная,1.406,20.147781933730414
real_estate_agent,Калининский,8.0,16.0,4.0,3.9,1.0,Тайгинская,29.2,Заельцовская,1,4,55.113117,82.978119,7.321,9.928021281956193,1,Удалённая,7.321,30.869275320320725
real_estate_agent,Октябрьский,5.0,10.0,5.0,3.29,1.0,Татьяны Снежиной,33.0,Золотая Нива,1,16,55.018995,83.016379,3.315,6.240234996162205,1,Автомобильная,3.315,20.125202133540018
real_estate_agent,Октябрьский,3.0,22.0,12.6,4.6,1.0,Декабристов,30.6,Речной вокзал,1,7,55.005175,82.960485,1.524,3.773605198841164,1,Транспортная,1.524,19.891789676064388
real_estate_agent,Первомайский,10.0,17.0,4.0,2.1,1.0,Твардовского,22.0,Речной вокзал,1,13,54.93465,83.115436,14.056,16.358848976093878,0,Удалённая,0.0,10.215839894169969
real_estate_agent,Ленинский,1.0,14.0,2.0,3.5,1.0,Титова,25.3,Площадь Маркса,1,11,54.978586,82.810898,5.459,9.0382662885186,1,Автомобильная,5.459,23.51561412102467
real_estate_agent,Советский,20.0,22.0,12.3,4.95,1.0,Русская,30.7,Площадь Маркса,1,10,54.844679,83.059112,18.509,22.44694165373492,0,Удалённая,0.0,2.2433639235971556
developer,Дзержинский,10.0,17.0,17.72,5.9709,1.0,Промышленная,30.62,Березовая Роща,1,1,55.055398,82.966414,1.632,4.056250544857086,1,Транспортная,1.632,24.92245547039263
real_estate_agent,Октябрьский,18.0,25.0,5.0,6.4,1.0,Бориса Богаткова,26.9,Золотая Нива,1,7,55.029043,82.969496,1.018,3.129166156449042,1,Комфортная,1.018,22.10325917751445
developer,Ленинский,15.0,18.0,5.0,6.60295,1.0,Серафимовича,30.2,Площадь Маркса,1,1,54.979909,82.879547,1.095,6.166627238207052,1,Комфортная,1.095,20.440256330573085
realtor,Ленинский,17.0,17.0,4.6,3.9,1.0,Рельефная,26.6,Площадь Маркса,1,2,54.975083,82.811994,5.433,9.238103600075624,1,Автомобильная,5.433,23.21507415130929
real_estate_agent,Первомайский,6.0,17.0,6.0,4.09,1.0,Виноградова,23.4,Золотая Нива,1,7,54.976772,83.08536,9.726,12.077713286246576,0,Удалённая,0.0,14.818585732426731
developer,Заельцовский,15.0,25.0,5.338000000000001,4.85,1.0,Светлановская,26.69,Заельцовская,1,4,55.07704,82.923439,2.121,5.215770504742127,1,Транспортная,2.121,28.15120516934958
real_estate_agent,Дзержинский,4.0,29.0,5.44,5.85,1.0,Закаменский мкр,27.2,Березовая Роща,1,2,55.038155,82.954826,0.602,2.364729072140335,1,Комфортная,0.602,23.391119978787064
real_estate_agent,Ленинский,12.0,12.0,2.0,3.85,1.0,Юности,25.7,Площадь Гарина-Михайловского,1,7,55.026602,82.8062,6.032,7.2914490671488,1,Автомобильная,6.032,27.428563807201456
developer,Калининский,5.0,21.0,5.2,4.58,1.0,Тюленина,29.35,Заельцовская,1,2,55.106809,82.952293,5.886,8.76046986064413,1,Автомобильная,5.886,30.63471773466421
real_estate_agent,Октябрьский,10.0,17.0,8.200000000000003,4.85,1.0,Вилюйская,38.2,Речной вокзал,1,4,55.000549,83.006542,4.497,6.401632921614088,1,Автомобильная,4.497,18.326917389988893
developer,Железнодорожный,18.0,25.0,5.82,8.2,1.0,Железнодорожная,29.1,Гагаринская,1,3,55.046465,82.906317,0.732,2.0234654986688483,1,Комфортная,0.732,25.547480998407377
real_estate_agent,Кировский,10.0,10.0,5.0,4.0,1.0,Зорге,35.4,Площадь Маркса,1,16,54.930827,82.915309,5.852,11.050725297341684,0,Автомобильная,0.0,14.99453053806042
realtor,Заельцовский,20.0,25.0,4.0,5.2,1.0,Светлановская,26.9,Заельцовская,1,4,55.07704,82.923439,2.121,5.215770504742127,1,Транспортная,2.121,28.15120516934958
real_estate_agent,Калининский,11.0,21.0,5.2,4.5,1.0,Тюленина,33.75,Заельцовская,1,3,55.106809,82.952293,5.886,8.76046986064413,1,Автомобильная,5.886,30.63471773466421
real_estate_agent,Ленинский,1.0,3.0,5.2,2.949,1.0,Большая,26.0,Площадь Гарина-Михайловского,1,6,55.029033,82.810386,5.729,7.014805183549329,1,Автомобильная,5.729,27.4520654249042
developer,Калининский,18.0,18.0,5.5,8.5,1.0,Игарская,45.12,Заельцовская,1,1,55.102931,82.937623,5.138,8.164880529642383,1,Автомобильная,5.138,30.516583986689163
real_estate_agent,Кировский,6.0,25.0,5.0,4.56,1.0,Сержанта Коротаева,28.5,Спортивная,1,9,54.961238,82.955221,4.347,7.9790343462867,0,Автомобильная,0.0,15.809603930929756
developer,Дзержинский,3.0,29.0,5.5,5.5,1.0,Закаменский мкр,27.5,Березовая Роща,1,2,55.038155,82.954826,0.602,2.364729072140335,1,Комфортная,0.602,23.391119978787064
developer,Октябрьский,3.0,8.0,5.522,6.46,1.0,Большевистская,27.61,Речной вокзал,1,5,54.989528,82.977275,3.347,5.792500345609196,1,Автомобильная,3.347,17.861840921964465
real_estate_agent,Ленинский,6.0,16.0,5.0,3.15,1.0,Зорге,29.0,Площадь Маркса,1,22,54.926963,82.922451,6.377,11.476259178615932,1,Автомобильная,6.377,14.368691881006487
real_estate_agent,Заельцовский,15.0,25.0,4.2,4.3,1.0,Сухарная,27.1,Площадь Гарина-Михайловского,1,3,55.04646,82.865794,2.48,3.924932613347529,1,Транспортная,2.48,26.859316812850363
real_estate_agent,Кировский,1.0,17.0,5.0,2.35,1.0,Виктора Уса,30.8,Площадь Маркса,1,13,54.935772,82.883033,5.242,10.763921782446598,0,Автомобильная,0.0,16.948588855114444
real_estate_agent,Первомайский,11.0,16.0,4.0,3.34,1.0,Заречная,20.0,Золотая Нива,1,6,54.982249,83.063882,8.333,10.585960472529823,0,Удалённая,0.0,15.537579748990359
developer,Заельцовский,4.0,6.0,5.1,8.85,1.0,Дуси Ковальчук,31.33,Площадь Гарина-Михайловского,1,1,55.046852,82.882646,1.67,3.039873881647789,1,Транспортная,1.67,26.32796597333683
real_estate_agent,Ленинский,15.0,18.0,8.0,5.75,1.0,Стартовая,37.2,Спортивная,1,7,54.998638,82.90753,0.908,3.6009143200994247,1,Комфортная,0.908,20.960577173835258
real_estate_agent,Октябрьский,6.0,10.0,4.0,3.08,1.0,Плющихинская,39.35,Золотая Нива,1,3,55.014277,83.004009,3.154,5.612530857641538,1,Автомобильная,3.154,19.832106141241226
real_estate_agent,Кировский,1.0,27.0,8.0,3.16,1.0,Беловежская,23.0,Площадь Маркса,1,12,54.964602,82.897002,1.969,7.44192014211505,0,Транспортная,0.0,18.433910627866055
developer,Железнодорожный,22.0,25.0,6.800000000000001,9.3,1.0,Железнодорожная,34.0,Гагаринская,1,3,55.046465,82.906317,0.732,2.0234654986688483,1,Комфортная,0.732,25.547480998407377
real_estate_agent,Кировский,1.0,10.0,4.0,3.0,1.0,Зорге,28.8,Площадь Маркса,1,9,54.930926,82.913153,5.814,11.04465478459428,0,Автомобильная,0.0,15.107016232224561
homeowner,Октябрьский,9.0,18.0,6.0,6.4,1.0,Большевистская,30.0,Речной вокзал,1,11,54.993923,82.966926,2.529,5.002669537186398,1,Транспортная,2.529,18.58631415749366
developer,Дзержинский,19.0,25.0,3.1,5.9926,1.0,Королева,24.9,Березовая Роща,1,1,55.050514,82.968489,1.327,3.8070616847637977,1,Комфортная,1.327,24.36613246098095
real_estate_agent,Заельцовский,3.0,10.0,4.0,4.299999,1.0,Сухарная,26.7,Площадь Гарина-Михайловского,1,5,55.046796,82.859497,2.852,4.300773880763655,1,Транспортная,2.852,27.110837817747704
real_estate_agent,Советский,14.0,15.0,5.720000000000001,3.35,1.0,Приморская,28.6,Площадь Маркса,1,21,54.861653,82.994756,14.82,19.329487765019643,0,Удалённая,0.0,6.66860360168623
real_estate_agent,Калининский,4.0,12.0,5.0,5.39,1.0,Имени генерал-майора А.Н. Рожкина,28.0,Заельцовская,1,3,55.111114,82.925415,5.852,9.006698240979121,1,Автомобильная,5.852,31.63402241126301
real_estate_agent,Октябрьский,7.0,10.0,4.0,3.0,1.0,Плющихинская,39.0,Золотая Нива,1,3,55.011366,83.006291,3.503,5.858509538735904,1,Автомобильная,3.503,19.480146079480427
developer,Центральный,23.0,25.0,5.04,6.8,1.0,Державина,25.2,Маршала Покрышкина,1,5,55.039729,82.937156,0.573,1.50537479346394,1,Комфортная,0.573,24.002034321488217
real_estate_agent,Калининский,5.0,12.0,5.4,4.12,1.0,Имени генерал-майора А.Н. Рожкина,32.0,Заельцовская,1,2,55.110326,82.924858,5.76,8.917941602322847,1,Автомобильная,5.76,31.563824775934787
real_estate_agent,Заельцовский,6.0,10.0,4.960000000000001,3.6,1.0,Кубовая,24.8,Заельцовская,1,3,55.125278,82.897442,7.433,10.67688667854408,1,Удалённая,7.433,33.74095561801559
real_estate_agent,Кировский,2.0,3.0,5.0,2.5,1.0,Рубежная,30.0,Спортивная,1,9,54.940541,83.007243,8.202,11.401334098960495,0,Удалённая,0.0,12.12629577132045
developer,Дзержинский,8.0,29.0,5.48,5.8,1.0,Закаменский мкр,27.4,Березовая Роща,1,2,55.038155,82.954826,0.602,2.364729072140335,1,Комфортная,0.602,23.391119978787064
real_estate_agent,Калининский,7.0,17.0,4.0,3.799,1.0,Тайгинская,24.7,Заельцовская,1,2,55.113967,82.979736,7.457,10.054080910044576,1,Удалённая,7.457,30.93652068961986
real_estate_agent,Калининский,17.0,20.0,3.0,5.05,1.0,Олеко Дундича,29.0,Березовая Роща,1,3,55.071175,82.957773,3.122,5.143039739662339,1,Автомобильная,3.122,26.760257131470503
developer,Центральный,16.0,29.0,2.0,5.48592,1.0,Николая Островского,20.78,Маршала Покрышкина,1,1,55.050262,82.927778,0.751,2.2831220130337577,1,Комфортная,0.751,25.315850278715093
real_estate_agent,Кировский,13.0,17.0,3.0,3.1,1.0,Бронная,23.0,Площадь Маркса,1,4,54.948851,82.969307,5.968,9.564139201579868,0,Автомобильная,0.0,14.164915970630979
real_estate_agent,Октябрьский,6.0,8.0,5.4,3.46,1.0,Ключ-Камышенское плато,27.0,Золотая Нива,1,14,54.987074,83.045394,7.158,9.297676523078067,1,Удалённая,7.158,16.25445288573748
developer,Кировский,12.0,26.0,3.4,5.4,1.0,Аникина,27.73,Студенческая,1,1,54.964866,82.946382,3.685,7.447122803749258,0,Автомобильная,0.0,16.462285689012816
real_estate_agent,Заельцовский,2.0,10.0,4.0,3.7,1.0,Кубовая,24.3,Заельцовская,1,14,55.128274,82.889375,7.843,11.086935628379983,1,Удалённая,7.843,34.243249048732885
developer,Ленинский,15.0,15.0,5.0,6.5245,1.0,Серафимовича,27.7,Площадь Маркса,1,1,54.979764,82.88041,1.046,6.158230141985667,1,Комфортная,1.046,20.391329493847017
real_estate_agent,Заельцовский,9.0,10.0,4.2,3.8,1.0,Кубовая,21.0,Заельцовская,1,12,55.125278,82.897442,7.433,10.67688667854408,1,Удалённая,7.433,33.74095561801559
real_estate_agent,Октябрьский,3.0,12.0,5.0,5.0,1.0,Кошурникова,29.0,Золотая Нива,1,1,55.039997,82.966774,0.627,3.1486892845804637,1,Комфортная,0.627,23.3034375427293
real_estate_agent,Октябрьский,16.0,17.0,4.0,3.41,1.0,Рябиновая,23.1,Золотая Нива,1,17,55.001778,83.025532,5.09,7.406514574046946,1,Автомобильная,5.09,18.126139483652654
real_estate_agent,Первомайский,2.0,17.0,4.0,2.68,1.0,Одоевского,20.0,Речной вокзал,1,14,54.937541,83.106426,13.402,15.713088238670975,0,Удалённая,0.0,10.475463765028293
developer,Кировский,5.0,26.0,13.8,8.51,1.0,Аникина,46.57,Студенческая,1,1,54.964866,82.946382,3.685,7.447122803749258,0,Автомобильная,0.0,16.462285689012816
homeowner,Кировский,11.0,17.0,9.0,5.333,1.0,Тульская,33.0,Студенческая,1,6,54.978178,82.916648,1.358,5.785735902161735,0,Комфортная,0.0,18.77742222383056
real_estate_agent,Дзержинский,6.0,26.0,3.0,5.9,1.0,Закаменский мкр,21.5,Березовая Роща,1,7,55.037763,82.956443,0.68,2.445136547337859,1,Комфортная,0.68,23.31167796323342
real_estate_agent,Советский,6.0,17.0,5.0,3.7,1.0,Приморская,26.0,Площадь Маркса,1,9,54.861653,82.994756,14.82,19.329487765019643,0,Удалённая,0.0,6.66860360168623
real_estate_agent,Кировский,3.0,9.0,5.0,5.4,1.0,Немировича-Данченко,24.0,Спортивная,1,10,54.990178,82.916522,0.55,4.453349925405253,0,Комфортная,0.0,19.860802506929463
developer,Октябрьский,8.0,10.0,4.64,4.4549,1.0,Большевистская,23.2,Речной вокзал,1,1,54.99256,82.977895,3.168,5.559404724898926,1,Автомобильная,3.168,18.15229982940267
real_estate_agent,Заельцовский,6.0,10.0,5.0,4.2,1.0,Кубовая,24.3,Заельцовская,1,14,55.128207,82.888503,7.847,11.089644570409442,1,Удалённая,7.847,34.25763027178133
real_estate_agent,Дзержинский,3.0,26.0,3.0,4.0,1.0,Есенина,27.0,Золотая Нива,1,12,55.045547,82.985351,1.089,4.475978509503418,1,Комфортная,1.089,23.505056842348917
developer,Ленинский,12.0,14.0,11.1,7.203,1.0,Забалуева,27.8,Площадь Маркса,1,2,54.98852,82.807619,5.694,8.555241682058933,1,Автомобильная,5.694,24.39084580517632
real_estate_agent,Заельцовский,4.0,26.0,7.0,6.05,1.0,Кавалерийская,35.0,Заельцовская,1,6,55.057053,82.917438,0.377,2.995903924133039,1,Пешеходная,0.377,26.279463199519284
homeowner,Ленинский,13.0,18.0,2.0,3.2,1.0,Забалуева,20.0,Площадь Маркса,1,10,54.988267,82.783706,7.208,9.88516655576634,1,Удалённая,7.208,25.54039358725534
realtor,Советский,7.0,8.0,4.0,3.5,1.0,Приморская,25.6,Площадь Маркса,1,7,54.857248,82.989869,15.139,19.732251391352094,0,Удалённая,0.0,6.842892404284188
developer,Октябрьский,3.0,10.0,4.7,4.4368,1.0,Большевистская,23.5,Речной вокзал,1,1,54.99256,82.977895,3.168,5.559404724898926,1,Автомобильная,3.168,18.15229982940267
real_estate_agent,Ленинский,4.0,20.0,16.200000000000003,5.3,1.0,Междуреченская,44.7,Площадь Гарина-Михайловского,1,6,55.02283,82.862551,2.744,3.778474962004053,1,Транспортная,2.744,24.819345311548943
real_estate_agent,Дзержинский,21.0,25.0,5.112,5.4,1.0,Авиастроителей,25.56,Березовая Роща,1,1,55.070334,82.966729,3.151,5.352187273041826,1,Автомобильная,3.151,26.490784610916197
real_estate_agent,Калининский,16.0,23.0,5.236000000000001,4.95,1.0,Игарская,26.18,Заельцовская,1,1,55.099742,82.942492,4.914,7.863048867522804,1,Автомобильная,4.914,30.080466165917034
real_estate_agent,Октябрьский,9.0,10.0,9.0,2.2,1.0,Плющихинская,34.0,Золотая Нива,1,4,55.012878,83.000092,3.152,5.429305190914965,1,Автомобильная,3.152,19.757959121703504
developer,Калининский,7.0,23.0,5.316,5.1,1.0,Игарская,26.58,Заельцовская,1,1,55.099742,82.942492,4.914,7.863048867522804,1,Автомобильная,4.914,30.080466165917034
developer,Октябрьский,17.0,17.0,5.3,4.9875,1.0,Знаменский кв-л,24.54,Золотая Нива,1,1,55.030225,82.979458,0.845,3.7615238211652096,1,Комфортная,0.845,22.006010160130607
real_estate_agent,Октябрьский,13.0,25.0,6.0520000000000005,7.0,1.0,Ленинградская,30.26,Речной вокзал,1,1,55.011185,82.963136,1.635,3.444290843570368,1,Транспортная,1.635,20.427155475247062
developer,Октябрьский,14.0,14.0,5.54,6.5095,1.0,Маковского,27.7,Речной вокзал,1,2,55.011448,82.931389,0.468,2.1952297359023185,1,Пешеходная,0.468,21.364001477089083
developer,Дзержинский,25.0,25.0,5.112,5.9,1.0,Авиастроителей,25.56,Березовая Роща,1,1,55.070334,82.966729,3.151,5.352187273041826,1,Автомобильная,3.151,26.490784610916197
real_estate_agent,Ленинский,10.0,22.0,5.192,6.74,1.0,площадь Карла Маркса,25.96,Площадь Маркса,1,1,54.983024,82.893202,0.208,5.522037183566433,1,Пешеходная,0.208,20.13041113539444
real_estate_agent,Октябрьский,13.0,24.0,5.048,7.54,1.0,Кирова,25.24,Речной вокзал,1,1,55.012507,82.956138,1.229,3.005762219075922,1,Комфортная,1.229,20.747270130763198
developer,Заельцовский,11.0,30.0,5.98,7.15,1.0,Дуси Ковальчук,29.9,Заельцовская,1,1,55.057193,82.906865,0.417,3.127270329890379,1,Пешеходная,0.417,26.59018735446785
developer,Октябрьский,5.0,13.0,5.300000000000001,5.6975,1.0,Большевистская,26.5,Речной вокзал,1,1,54.99256,82.977895,3.168,5.559404724898926,1,Автомобильная,3.168,18.15229982940267
real_estate_agent,Кировский,5.0,17.0,4.0,2.36,1.0,Виктора Уса,20.0,Площадь Маркса,1,9,54.935772,82.883033,5.242,10.763921782446598,0,Автомобильная,0.0,16.948588855114444
real_estate_agent,Октябрьский,21.0,23.0,5.682,4.60242,1.0,2-я Воинская,28.41,Золотая Нива,1,2,55.016915,82.987776,2.417,4.538162461147457,1,Транспортная,2.417,20.433914982818834
real_estate_agent,Октябрьский,5.0,25.0,6.0520000000000005,6.7,1.0,Ленинградская,30.26,Речной вокзал,1,1,55.011185,82.963136,1.635,3.444290843570368,1,Транспортная,1.635,20.427155475247062
real_estate_agent,Кировский,17.0,17.0,6.0,5.2,1.0,Сибиряков-Гвардейцев,39.4,Площадь Маркса,1,5,54.966877,82.896525,1.715,7.200659296158979,0,Транспортная,0.0,18.639762744848746
developer,Заельцовский,18.0,23.0,5.16,4.6698,1.0,Светлановская,25.8,Заельцовская,1,1,55.075406,82.922819,1.937,5.032859017673609,1,Транспортная,1.937,27.999282260318072
realtor,Заельцовский,8.0,11.0,6.0,4.1,1.0,Кубовая,24.0,Заельцовская,1,12,55.125278,82.897442,7.433,10.67688667854408,1,Удалённая,7.433,33.74095561801559
real_estate_agent,Кировский,3.0,3.0,4.0,2.35,1.0,Вознесенская,28.4,Спортивная,1,15,54.941451,83.000344,7.833,11.10411074049757,0,Удалённая,0.0,12.423116315800117
real_estate_agent,Октябрьский,3.0,4.0,2.0,5.5,1.0,Выборная,43.0,Речной вокзал,1,13,54.997554,83.014304,5.057,6.997572087289282,1,Автомобильная,5.057,17.862257716690113
real_estate_agent,Первомайский,3.0,18.0,0.0,3.75,1.0,Героев Революции,24.0,Золотая Нива,1,11,54.974592,83.088028,10.017,12.345951747366938,0,Удалённая,0.0,14.570816451967897
real_estate_agent,Ленинский,8.0,16.0,5.0,4.65,1.0,Котовского,24.1,Площадь Маркса,1,15,54.991981,82.888503,1.183,4.70882490748166,1,Комфортная,1.183,21.09198762365594
real_estate_agent,Ленинский,2.0,12.0,5.34,3.5778,1.0,Юности,26.7,Площадь Гарина-Михайловского,1,3,55.026608,82.802651,6.255,7.517279951245362,1,Автомобильная,6.255,27.581586545886907
real_estate_agent,Ленинский,11.0,17.0,5.0,3.3,1.0,Связистов,28.0,Площадь Маркса,1,6,54.961284,82.8373,4.426,9.315798925879871,1,Автомобильная,4.426,20.995143575918473
realtor,Кировский,3.0,18.0,4.0,2.548,1.0,Виктора Уса,25.0,Площадь Маркса,1,14,54.935772,82.883033,5.242,10.763921782446598,0,Автомобильная,0.0,16.948588855114444
real_estate_agent,Кировский,8.0,10.0,19.5,3.48,1.0,Николая Сотникова,38.5,Площадь Маркса,1,8,54.945335,82.974787,6.486,10.049811765083811,0,Автомобильная,0.0,13.644855490062595
real_estate_agent,Кировский,2.0,10.0,5.0,3.95,1.0,Николая Сотникова,38.3,Площадь Маркса,1,8,54.945335,82.974787,6.486,10.049811765083811,0,Автомобильная,0.0,13.644855490062595
developer,Заельцовский,11.0,17.0,6.7,7.38,1.0,Аэропорт,44.4,Заельцовская,1,4,55.078226,82.912569,2.138,5.367578258161752,1,Транспортная,2.138,28.547388450163506
real_estate_agent,Советский,18.0,18.0,5.0,4.9,1.0,Часовая,30.0,Площадь Маркса,1,5,54.865596,82.972739,13.868,18.60157743217577,0,Удалённая,0.0,8.14422440740812
real_estate_agent,Ленинский,4.0,12.0,10.0,3.17,1.0,Романтиков,25.7,Площадь Гарина-Михайловского,1,6,55.025679,82.809739,5.828,7.072817332080674,1,Автомобильная,5.828,27.201150932225865
developer,Ленинский,5.0,22.0,10.176000000000002,11.87,1.0,площадь Карла Маркса,50.88,Площадь Маркса,1,1,54.983024,82.893202,0.208,5.522037183566433,1,Пешеходная,0.208,20.13041113539444
real_estate_agent,Октябрьский,16.0,26.0,5.0,6.0,1.0,Гурьевская,28.3,Золотая Нива,1,5,55.025219,82.966342,1.488,2.977048600898019,1,Комфортная,1.488,21.78194857128038
developer,Дзержинский,10.0,25.0,12.55,5.709,1.0,Королева,25.95,Березовая Роща,1,2,55.051773,82.97016,1.497,3.976154644970644,1,Комфортная,1.497,24.463590422842444
realtor,Кировский,10.0,11.0,5.0,4.4,1.0,Виктора Шевелева,38.3,Площадь Маркса,1,8,54.946271,82.972478,6.306,9.901814143612532,0,Автомобильная,0.0,13.81380211017899
real_estate_agent,Калининский,14.0,19.0,5.0,3.6,1.0,Фадеева,25.0,Заельцовская,1,12,55.098465,82.939007,4.699,7.686126798179172,1,Автомобильная,4.699,30.018711877183673
real_estate_agent,Ленинский,1.0,25.0,5.0,4.65,1.0,Немировича-Данченко,28.8,Площадь Маркса,1,4,54.968877,82.865839,2.446,7.653010909643332,1,Транспортная,2.446,20.17378217424763
real_estate_agent,Октябрьский,4.0,10.0,6.0,3.72,1.0,Татьяны Снежиной,33.0,Золотая Нива,1,4,55.022747,83.020385,3.292,6.423599881820484,1,Автомобильная,3.292,20.469320104438737
developer,Ленинский,12.0,15.0,4.436,4.89,1.0,площадь Карла Маркса,22.18,Площадь Маркса,1,1,54.983024,82.893202,0.208,5.522037183566433,1,Пешеходная,0.208,20.13041113539444
real_estate_agent,Заельцовский,19.0,26.0,4.0,4.999999,1.0,Красный проспект,28.0,Заельцовская,1,2,55.05728,82.914896,0.241,3.0356387034335457,1,Пешеходная,0.241,26.372278571136523
developer,Заельцовский,7.0,17.0,3.7,4.7,1.0,Лобачевского,29.54,Заельцовская,1,3,55.122246,82.903218,7.058,10.2974380673459,1,Удалённая,7.058,33.291820504980244
real_estate_agent,Калининский,14.0,15.0,2.0,4.55,1.0,Имени генерал-майора А.Н. Рожкина,28.4,Заельцовская,1,3,55.111197,82.924418,5.853,9.013913160127078,1,Автомобильная,5.853,31.664397510720487
developer,Заельцовский,5.0,17.0,4.1,4.96,1.0,Лобачевского,31.55,Заельцовская,1,3,55.121953,82.904107,7.021,10.259155721994995,1,Удалённая,7.021,33.240788909392535
real_estate_agent,Октябрьский,14.0,24.0,5.3,5.8,1.0,Кирова,25.26,Речной вокзал,1,2,55.010684,82.960584,1.467,3.352957178829717,1,Комфортная,1.467,20.443872710302532
developer,Заельцовский,4.0,6.0,6.8,10.38,1.0,Дуси Ковальчук,42.66,Площадь Гарина-Михайловского,1,1,55.046852,82.882646,1.67,3.039873881647789,1,Транспортная,1.67,26.32796597333683
realtor,Заельцовский,12.0,26.0,2.6000000000000014,4.75,1.0,Дуси Ковальчук,30.0,Заельцовская,1,3,55.062725,82.926448,0.974,3.640707897239991,1,Комфортная,0.974,26.613539240505943
real_estate_agent,Кировский,16.0,24.0,5.0,5.3,1.0,Немировича-Данченко,24.6,Спортивная,1,8,54.989342,82.917043,0.625,4.544463282526324,0,Комфортная,0.0,19.76557288032009
real_estate_agent,Октябрьский,6.0,24.0,3.0,4.6,1.0,Большевистская,21.36,Речной вокзал,1,4,54.99256,82.977895,3.168,5.559404724898926,1,Автомобильная,3.168,18.15229982940267
real_estate_agent,Октябрьский,18.0,25.0,7.008,6.999986,1.0,Владимира Заровного,35.04,Речной вокзал,1,3,54.99444,82.962327,2.28,4.78687551461492,1,Транспортная,2.28,18.768035575655617
real_estate_agent,Октябрьский,23.0,25.0,4.1,6.3,1.0,Большевистская,28.4,Речной вокзал,1,6,54.998726,82.958985,1.796,4.273338328685925,1,Транспортная,1.796,19.289587915363086
real_estate_agent,Заельцовский,7.0,14.0,5.0,4.823,1.0,Аэропорт,31.3,Заельцовская,1,2,55.081694,82.903775,2.585,5.827194737201371,1,Транспортная,2.585,29.129679841305315
real_estate_agent,Ленинский,9.0,17.0,4.0,4.65,1.0,Пархоменко,27.0,Площадь Маркса,1,6,54.985622,82.840219,3.591,7.120138950507478,1,Автомобильная,3.591,22.642764050996824
real_estate_agent,Ленинский,1.0,16.0,3.0,3.4,1.0,Ивана Севастьянова,27.0,Площадь Маркса,1,10,54.96607,82.831407,4.512,9.112584822124392,1,Автомобильная,4.512,21.621450306720433
real_estate_agent,Октябрьский,15.0,22.0,3.0,5.875,1.0,Большевистская,23.5,Речной вокзал,1,1,55.003678,82.946319,0.832,3.37596176492265,1,Комфортная,0.832,20.149667926859088
real_estate_agent,Кировский,2.0,3.0,4.0,2.8,1.0,Воскресная,27.7,Спортивная,1,9,54.943737,83.009021,8.025,11.149008166831504,0,Удалённая,0.0,12.392832209775007
developer,Октябрьский,24.0,24.0,15.3,7.4,1.0,Гаранина,31.5,Золотая Нива,1,1,55.025735,82.970286,1.351,3.215116851619744,1,Комфортная,1.351,21.742217963552907
real_estate_agent,Заельцовский,12.0,17.0,6.0,5.59,1.0,Аэропорт,37.3,Заельцовская,1,4,55.078226,82.912569,2.138,5.367578258161752,1,Транспортная,2.138,28.547388450163506
real_estate_agent,Октябрьский,10.0,25.0,5.390000000000001,4.66235,1.0,Пролетарская,26.95,Золотая Нива,1,1,55.021142,82.968993,1.867,3.253490696934803,1,Транспортная,1.867,21.298334067615226
real_estate_agent,Кировский,10.0,10.0,5.0,3.3,1.0,Николая Сотникова,40.0,Площадь Маркса,1,4,54.941984,82.963055,6.19,10.17532205104644,0,Автомобильная,0.0,13.78067701154184
developer,Советский,2.0,15.0,9.12,6.35,1.0,Рубиновая,23.82,Площадь Маркса,1,1,54.870305,83.083627,17.277,20.605097489595085,0,Удалённая,0.0,3.044182071739417
real_estate_agent,Заельцовский,4.0,6.0,4.04,4.47,1.0,Аэропорт,20.2,Заельцовская,1,3,55.080158,82.901799,2.451,5.684286936281938,1,Транспортная,2.451,29.02775942183817
developer,Ленинский,2.0,16.0,6.654000000000001,4.15,1.0,Зорге,33.27,Площадь Маркса,1,22,54.92808,82.924598,6.296,11.35444058673209,1,Автомобильная,6.296,14.344952122118581
developer,Ленинский,5.0,17.0,5.3580000000000005,3.58628,1.0,Забалуева,26.79,Площадь Маркса,1,2,54.986831,82.783868,7.185,9.952513521689276,1,Удалённая,7.185,25.43232984645602
real_estate_agent,Калининский,6.0,16.0,5.6,3.7,1.0,Тайгинская,24.2,Заельцовская,1,4,55.113117,82.978119,7.321,9.928021281956193,1,Удалённая,7.321,30.869275320320725
real_estate_agent,Советский,8.0,18.0,6.0,5.0,1.0,Русская,26.5,Площадь Маркса,1,12,54.844731,83.057108,18.433,22.3914058476574,0,Удалённая,0.0,2.3717970201734135
real_estate_agent,Кировский,2.0,10.0,7.9,3.5,1.0,Николая Сотникова,39.5,Площадь Маркса,1,9,54.941984,82.963055,6.19,10.17532205104644,0,Автомобильная,0.0,13.78067701154184
real_estate_agent,Ленинский,11.0,18.0,3.0,4.59,1.0,Ясный Берег,26.0,Площадь Ленина,1,6,55.01389,82.899238,2.26,2.258507302549424,1,Транспортная,2.26,22.661718958846663
real_estate_agent,Октябрьский,11.0,22.0,4.0,4.2,1.0,2-я Воинская,24.8,Золотая Нива,1,2,55.016915,82.987776,2.417,4.538162461147457,1,Транспортная,2.417,20.433914982818834
real_estate_agent,Кировский,1.0,17.0,5.0,2.35,1.0,Виктора Уса,22.6,Площадь Маркса,1,15,54.937024,82.88323,5.102,10.625391757627089,0,Автомобильная,0.0,17.022986692271928
real_estate_agent,Дзержинский,4.0,23.0,4.0,5.55,1.0,Королева,29.1,Золотая Нива,1,5,55.048106,82.974014,1.184,3.953971067384004,1,Комфортная,1.184,23.99846338667137
real_estate_agent,Заельцовский,20.0,26.0,3.0,5.12,1.0,Красный проспект,28.0,Заельцовская,1,2,55.057095,82.913908,0.228,3.0232226813042944,1,Пешеходная,0.228,26.381215090444382
real_estate_agent,Ленинский,9.0,16.0,4.0,3.0,1.0,Зорге,27.7,Площадь Маркса,1,22,54.926963,82.922451,6.377,11.476259178615932,1,Автомобильная,6.377,14.368691881006487
developer,Кировский,6.0,24.0,5.996,5.3,1.0,Оловозаводская,29.98,Спортивная,1,1,54.96761,82.959946,3.946,7.398201004620823,0,Автомобильная,0.0,16.238750386698424
real_estate_agent,Заельцовский,13.0,25.0,4.602,5.95,1.0,Дуси Ковальчук,23.01,Заельцовская,1,1,55.063101,82.92741,1.048,3.689165281750359,1,Комфортная,1.048,26.627189012170266
real_estate_agent,Ленинский,15.0,18.0,5.0,3.35,1.0,Спортивная,26.0,Площадь Маркса,1,4,54.98244,82.784065,7.155,10.187537532192392,1,Удалённая,7.155,25.120371659061856
real_estate_agent,Заельцовский,21.0,26.0,6.0,6.2,1.0,Красный проспект,30.0,Заельцовская,1,2,55.05728,82.914896,0.241,3.0356387034335457,1,Пешеходная,0.241,26.372278571136523
real_estate_agent,Дзержинский,11.0,25.0,5.0,5.65,1.0,Королева,26.2,Березовая Роща,1,2,55.051773,82.97016,1.497,3.976154644970644,1,Комфортная,1.497,24.463590422842444
real_estate_agent,Октябрьский,8.0,10.0,7.0,2.4,1.0,Плющихинский жилмассив,39.0,Золотая Нива,1,4,55.019377,83.010602,3.006,5.870982474014471,1,Автомобильная,3.006,20.260395524753275
real_estate_agent,Дзержинский,17.0,25.0,5.0,6.1,1.0,Королева,30.0,Березовая Роща,1,2,55.051773,82.97016,1.497,3.976154644970644,1,Комфортная,1.497,24.463590422842444
real_estate_agent,Заельцовский,7.0,25.0,5.2,5.2,1.0,Светлановская,24.3,Заельцовская,1,3,55.077958,82.924454,2.239,5.320497555888978,1,Транспортная,2.239,28.220375054362204
real_estate_agent,Калининский,2.0,4.0,4.86,2.4,1.0,Богдана Хмельницкого,24.3,Заельцовская,1,3,55.093942,82.979781,5.778,8.03576143576973,1,Автомобильная,5.778,28.777211980941416
developer,Октябрьский,11.0,18.0,16.869999999999997,6.54,1.0,Грибоедова,31.77,Речной вокзал,1,1,55.011185,82.963136,1.635,3.444290843570368,1,Транспортная,1.635,20.427155475247062
real_estate_agent,Октябрьский,2.0,8.0,4.38,4.9,1.0,Большевистская,21.9,Речной вокзал,1,4,54.994321,82.967313,2.518,4.981844058583097,1,Транспортная,2.518,18.61532843453612
real_estate_agent,Советский,1.0,3.0,3.0,2.45,1.0,Ивлева,28.7,Площадь Маркса,1,21,54.864238,82.995367,14.577,19.06070090129841,0,Удалённая,0.0,6.723721273811844
real_estate_agent,Ленинский,11.0,17.0,4.0,3.7,1.0,Титова,30.95,Площадь Маркса,1,7,54.980002,82.798636,6.231,9.562589683121711,1,Автомобильная,6.231,24.222175871000303
real_estate_agent,Ленинский,3.0,19.0,5.24,5.5,1.0,Стартовая,26.2,Спортивная,1,6,54.998638,82.90753,0.908,3.6009143200994247,1,Комфортная,0.908,20.960577173835258
real_estate_agent,Дзержинский,12.0,22.0,5.0,5.0,1.0,Есенина,36.0,Золотая Нива,1,12,55.045547,82.985351,1.089,4.475978509503418,1,Комфортная,1.089,23.505056842348917
real_estate_agent,Ленинский,21.0,26.0,9.3,5.4,1.0,Ясный Берег,26.5,Площадь Гарина-Михайловского,1,6,55.015521,82.891252,2.274,2.472256925184079,1,Транспортная,2.274,23.095739413016833
real_estate_agent,Кировский,1.0,3.0,3.0,2.75,1.0,Рубежная,23.9,Спортивная,1,10,54.940737,83.005689,8.119,11.334369469606914,0,Удалённая,0.0,12.191435533099092
real_estate_agent,Кировский,18.0,26.0,5.454000000000001,5.27,1.0,Аникина,27.27,Студенческая,1,1,54.965574,82.945088,3.571,7.352291025391459,0,Автомобильная,0.0,16.57419367825262
real_estate_agent,Октябрьский,7.0,20.0,5.2,3.9,1.0,Выборная,28.7,Золотая Нива,1,14,55.004453,83.011429,4.327,6.467208703075089,1,Автомобильная,4.327,18.649837924393793
real_estate_agent,Заельцовский,7.0,25.0,6.0,4.95,1.0,Светлановская,31.0,Заельцовская,1,4,55.07704,82.923439,2.121,5.215770504742127,1,Транспортная,2.121,28.15120516934958
real_estate_agent,Заельцовский,20.0,30.0,5.6000000000000005,7.25,1.0,Дуси Ковальчук,28.0,Заельцовская,1,1,55.057193,82.906865,0.417,3.127270329890379,1,Пешеходная,0.417,26.59018735446785
real_estate_agent,Кировский,15.0,17.0,6.6,4.0,1.0,Петухова,38.4,Площадь Маркса,1,9,54.937826,82.957323,6.299,10.533914975051776,0,Автомобильная,0.0,13.648835823102965
real_estate_agent,Кировский,2.0,10.0,7.0,3.35,1.0,Виктора Шевелева,39.0,Спортивная,1,4,54.948127,82.976098,6.296,9.788993740820851,0,Автомобильная,0.0,13.857356124659477
real_estate_agent,Октябрьский,6.0,10.0,5.0,3.3,1.0,В. Высоцкого,32.0,Золотая Нива,1,17,55.025901,83.028254,3.595,6.888032937110438,1,Автомобильная,3.595,20.702777743678084
real_estate_agent,Кировский,7.0,10.0,4.5,3.25,1.0,Александра Чистякова,33.0,Площадь Маркса,1,4,54.945614,82.961007,5.81,9.75143196631535,0,Автомобильная,0.0,14.181223407641118
developer,Ленинский,1.0,17.0,10.75,3.177473,1.0,Забалуева,25.55,Площадь Маркса,1,2,54.986289,82.786114,7.038,9.857185937430344,1,Удалённая,7.038,25.282812015498617
real_estate_agent,Ленинский,3.0,17.0,5.0,2.9,1.0,Забалуева,22.9,Площадь Маркса,1,9,54.988267,82.783706,7.208,9.88516655576634,1,Удалённая,7.208,25.54039358725534
real_estate_agent,Железнодорожный,22.0,25.0,4.0,4.98,1.0,Железнодорожная,23.7,Гагаринская,1,8,55.047028,82.904925,0.762,2.1195997825832107,1,Комфортная,0.762,25.644497668716866
real_estate_agent,Кировский,2.0,3.0,5.0,2.75,1.0,Рубежная,24.9,Спортивная,1,10,54.940737,83.005689,8.119,11.334369469606914,0,Удалённая,0.0,12.191435533099092
real_estate_agent,Кировский,13.0,19.0,5.0,3.0,1.0,Виктора Уса,27.6,Площадь Маркса,1,13,54.935591,82.885288,5.24,10.752621829102134,0,Автомобильная,0.0,16.821732854717645
real_estate_agent,Кировский,16.0,20.0,3.0,3.15,1.0,Виктора Уса,25.2,Площадь Маркса,1,9,54.937024,82.88323,5.102,10.625391757627089,0,Автомобильная,0.0,17.022986692271928
developer,Заельцовский,17.0,25.0,4.498,6.3,1.0,Дуси Ковальчук,22.49,Заельцовская,1,1,55.063101,82.92741,1.048,3.689165281750359,1,Комфортная,1.048,26.627189012170266
real_estate_agent,Калининский,6.0,10.0,4.16,3.6,1.0,Тюленина,20.8,Заельцовская,1,18,55.113926,82.938108,6.32,9.381504537241184,1,Автомобильная,6.32,31.66420585870634
realtor,Кировский,9.0,10.0,2.5,2.7,1.0,Петухова,20.1,Площадь Маркса,1,12,54.939507,82.95435,6.035,10.310323942937286,0,Автомобильная,0.0,13.914077475635246
real_estate_agent,Кировский,6.0,17.0,5.0,2.99,1.0,Бронная,26.4,Площадь Маркса,1,9,54.948458,82.967438,5.902,9.567430698725714,0,Автомобильная,0.0,14.196694380147425
real_estate_agent,Ленинский,4.0,4.0,4.600000000000001,2.7,1.0,Большая,21.0,Площадь Гарина-Михайловского,1,11,55.032067,82.807242,5.897,7.216874766310905,1,Автомобильная,5.897,27.83768766918161
real_estate_agent,Октябрьский,10.0,17.0,6.5,5.04,1.0,Закаменский мкр,24.0,Березовая Роща,1,3,55.037036,82.955302,0.729,2.3495398842606523,1,Комфортная,0.729,23.264534725560093
developer,Октябрьский,7.0,25.0,6.0520000000000005,7.3,1.0,Ленинградская,30.26,Речной вокзал,1,1,55.011185,82.963136,1.635,3.444290843570368,1,Транспортная,1.635,20.427155475247062
real_estate_agent,Кировский,10.0,20.0,6.0600000000000005,3.38,1.0,Петухова,30.3,Площадь Маркса,1,9,54.944399,82.95161,5.502,9.741924198688324,0,Автомобильная,0.0,14.4447982652262
real_estate_agent,Кировский,2.0,18.0,4.0,2.8,1.0,Виктора Уса,24.0,Площадь Маркса,1,11,54.941136,82.88182,4.668,10.201552099440065,0,Автомобильная,0.0,17.37562332444572
real_estate_agent,Первомайский,9.0,18.0,8.0,3.3,1.0,Заречная,25.0,Речной вокзал,1,3,54.978364,83.042708,7.53,9.694284135714478,0,Удалённая,0.0,15.340910292551575
real_estate_agent,Кировский,1.0,3.0,5.6000000000000005,2.8,1.0,Вознесенская,28.0,Спортивная,1,9,54.941451,83.000344,7.833,11.10411074049757,0,Удалённая,0.0,12.423116315800117
real_estate_agent,Кировский,1.0,3.0,5.0,2.85,1.0,Рубежная,27.0,Спортивная,1,14,54.941373,83.007153,8.131,11.317721868943469,0,Удалённая,0.0,12.211200796028338
real_estate_agent,Кировский,1.0,17.0,3.0,2.85,1.0,Виктора Уса,27.6,Площадь Маркса,1,9,54.935772,82.883033,5.242,10.763921782446598,0,Автомобильная,0.0,16.948588855114444
developer,Ленинский,25.0,30.0,10.839999999999998,7.003,1.0,Горская,25.74,Спортивная,1,2,54.995844,82.91203,0.524,3.853770837297188,1,Комфортная,0.524,20.541798694806754
real_estate_agent,Кировский,12.0,18.0,5.5200000000000005,2.85,1.0,Виктора Уса,27.6,Площадь Маркса,1,14,54.935772,82.883033,5.242,10.763921782446598,0,Автомобильная,0.0,16.948588855114444
real_estate_agent,Первомайский,4.0,17.0,4.0,2.95,1.0,Твардовского,24.9,Речной вокзал,1,14,54.93465,83.11699,14.137,16.434391305689182,0,Удалённая,0.0,10.22958917206656
real_estate_agent,Кировский,6.0,24.0,5.996,5.3,1.0,Оловозаводская,29.98,Спортивная,1,1,54.96761,82.959946,3.946,7.398201004620823,0,Автомобильная,0.0,16.238750386698424
real_estate_agent,Первомайский,6.0,17.0,6.600000000000001,2.98,1.0,Твардовского,27.6,Речной вокзал,1,12,54.93465,83.11699,14.137,16.434391305689182,0,Удалённая,0.0,10.22958917206656
developer,Первомайский,6.0,10.0,5.0,5.4632,1.0,Звездная,28.38,Речной вокзал,1,1,54.952646,83.066864,10.374,12.710379261406594,0,Удалённая,0.0,12.249782651095776
real_estate_agent,Ленинский,14.0,17.0,6.0,5.4,1.0,Серафимовича,26.0,Площадь Маркса,1,6,54.977671,82.880616,1.12,6.365533190234755,1,Комфортная,1.12,20.21047291500046
real_estate_agent,Кировский,6.0,17.0,8.0,2.95,1.0,Виктора Уса,21.0,Площадь Маркса,1,11,54.941746,82.882763,4.59,10.121283517905075,0,Автомобильная,0.0,17.371002674914525
real_estate_agent,Заельцовский,11.0,18.0,5.0,4.6,1.0,Сухарная,27.0,Площадь Гарина-Михайловского,1,13,55.047409,82.86353,2.658,4.101663681142188,1,Транспортная,2.658,27.02641311589512
real_estate_agent,Калининский,19.0,23.0,5.236000000000001,4.95,1.0,Игарская,26.18,Заельцовская,1,1,55.099742,82.942492,4.914,7.863048867522804,1,Автомобильная,4.914,30.080466165917034
real_estate_agent,Дзержинский,1.0,4.0,5.0,3.85,1.0,Заслонова,26.9,Золотая Нива,1,7,55.049307,83.031623,3.803,7.397191417621803,1,Автомобильная,3.803,23.218970535179768
real_estate_agent,Кировский,2.0,3.0,3.0,3.05,1.0,Воскресная,31.8,Спортивная,1,12,54.943701,83.007755,7.971,11.111746849724504,0,Удалённая,0.0,12.425001420164945
real_estate_agent,Первомайский,16.0,17.0,5.5200000000000005,3.1,1.0,Твардовского,27.6,Речной вокзал,1,13,54.93465,83.115436,14.056,16.358848976093878,0,Удалённая,0.0,10.215839894169969
real_estate_agent,Кировский,1.0,17.0,7.800000000000001,4.2,1.0,Петухова,39.0,Площадь Маркса,1,3,54.937826,82.957323,6.299,10.533914975051776,0,Автомобильная,0.0,13.648835823102965
real_estate_agent,Первомайский,1.0,17.0,11.2,3.15,1.0,Одоевского,20.2,Речной вокзал,1,14,54.937541,83.106426,13.402,15.713088238670975,0,Удалённая,0.0,10.475463765028293
real_estate_agent,Заельцовский,13.0,14.0,5.2,5.5,1.0,Аэропорт,32.6,Заельцовская,1,2,55.081694,82.903775,2.585,5.827194737201371,1,Транспортная,2.585,29.129679841305315
real_estate_agent,Кировский,16.0,18.0,6.0,3.95,1.0,Пригородная,24.0,Площадь Маркса,1,3,54.973383,82.92246,1.947,6.315189686438768,0,Транспортная,0.0,18.128514784913886
real_estate_agent,Кировский,10.0,10.0,5.6,3.2,1.0,Петухова,25.9,Площадь Маркса,1,9,54.939579,82.953335,5.989,10.289089399980124,0,Автомобильная,0.0,13.961972246426305
real_estate_agent,Первомайский,7.0,17.0,5.54,3.55,1.0,Твардовского,27.7,Речной вокзал,1,14,54.93465,83.11699,14.137,16.434391305689182,0,Удалённая,0.0,10.22958917206656
real_estate_agent,Кировский,3.0,17.0,5.0,3.2,1.0,Бронная,27.0,Площадь Маркса,1,3,54.948458,82.967438,5.902,9.567430698725714,0,Автомобильная,0.0,14.196694380147425
real_estate_agent,Октябрьский,13.0,25.0,5.506,4.70763,1.0,Пролетарская,27.53,Золотая Нива,1,1,55.021142,82.968993,1.867,3.253490696934803,1,Транспортная,1.867,21.298334067615226
real_estate_agent,Октябрьский,5.0,25.0,3.0,4.999999,1.0,Кирова,23.0,Октябрьская,1,3,55.013591,82.955042,1.164,2.874465185953487,1,Комфортная,1.164,20.886089898455722
real_estate_agent,Ленинский,5.0,11.0,9.8,3.2,1.0,Титова,22.0,Площадь Маркса,1,6,54.97592,82.801376,6.092,9.697150513003276,1,Автомобильная,6.092,23.803406785698638
real_estate_agent,Ленинский,2.0,17.0,6.0,4.2,1.0,Рельефная,32.1,Площадь Маркса,1,2,54.975083,82.811994,5.433,9.238103600075624,1,Автомобильная,5.433,23.21507415130929
real_estate_agent,Калининский,12.0,15.0,3.0,3.25,1.0,Фадеева,21.1,Заельцовская,1,3,55.098455,82.941333,4.753,7.709208032879133,1,Автомобильная,4.753,29.969035018926004
real_estate_agent,Кировский,5.0,10.0,5.0,3.5,1.0,Александра Чистякова,32.6,Площадь Маркса,1,9,54.944988,82.962722,5.937,9.847975210488928,0,Автомобильная,0.0,14.059842241497714
real_estate_agent,Ленинский,7.0,17.0,6.140000000000001,3.3,1.0,Забалуева,30.7,Площадь Маркса,1,6,54.988267,82.783706,7.208,9.88516655576634,1,Удалённая,7.208,25.54039358725534
real_estate_agent,Октябрьский,13.0,25.0,5.73,4.6413,1.0,2-я Воинская,28.65,Золотая Нива,1,1,55.016915,82.987776,2.417,4.538162461147457,1,Транспортная,2.417,20.433914982818834
real_estate_agent,Октябрьский,13.0,17.0,5.0,4.85,1.0,Выборная,33.9,Золотая Нива,1,9,55.003033,83.028165,5.091,7.501406214132277,1,Автомобильная,5.091,18.221928906981834
real_estate_agent,Ленинский,7.0,16.0,4.8,3.3,1.0,Зорге,32.6,Площадь Маркса,1,22,54.926963,82.922451,6.377,11.476259178615932,1,Автомобильная,6.377,14.368691881006487
real_estate_agent,Советский,3.0,3.0,8.0,4.2,1.0,Золотистый переулок,33.0,Спортивная,1,5,54.906,83.118032,16.037,18.70009326591355,0,Удалённая,0.0,7.105488708841178
developer,Кировский,24.0,26.0,3.4,5.54,1.0,Аникина,27.27,Студенческая,1,1,54.965574,82.945088,3.571,7.352291025391459,0,Автомобильная,0.0,16.57419367825262
real_estate_agent,Центральный,5.0,13.0,4.04,5.45,1.0,Ядринцевская,20.2,Сибирская,1,6,55.034879,82.935045,1.03,1.0684088645942262,1,Комфортная,1.03,23.571165162752088
real_estate_agent,Железнодорожный,27.0,29.0,5.32,6.85,1.0,Фабричная,26.6,Площадь Гарина-Михайловского,1,4,55.026159,82.897981,1.033,1.498868005981182,1,Комфортная,1.033,23.854520002567348
real_estate_agent,Ленинский,8.0,12.0,6.4,3.7,1.0,Романтиков,32.0,Площадь Гарина-Михайловского,1,6,55.026221,82.808751,5.879,7.1316238035672,1,Автомобильная,5.879,27.28807809758791
real_estate_agent,Калининский,9.0,17.0,5.0,3.9,1.0,Фадеева,22.1,Заельцовская,1,10,55.100293,82.936752,4.842,7.866781849124933,1,Автомобильная,4.842,30.25806856290342
real_estate_agent,Ленинский,12.0,15.0,4.436,4.89,1.0,площадь Карла Маркса,22.18,Площадь Маркса,1,1,54.983024,82.893202,0.208,5.522037183566433,1,Пешеходная,0.208,20.13041113539444
real_estate_agent,Октябрьский,5.0,5.0,3.0,3.3,1.0,Ленинградская,21.0,Речной вокзал,1,6,55.003126,82.984354,3.053,5.064051736015342,1,Автомобильная,3.053,19.074415047348364
real_estate_agent,Заельцовский,20.0,26.0,3.0,6.0,1.0,Красный проспект,30.0,Заельцовская,1,2,55.05728,82.914896,0.241,3.0356387034335457,1,Пешеходная,0.241,26.372278571136523
real_estate_agent,Калининский,3.0,11.0,4.0,3.5,1.0,Лейтенанта Амосова,26.2,Заельцовская,1,8,55.163348,82.955976,11.926,14.980912207916196,1,Удалённая,11.926,36.6292573337277
developer,Ленинский,16.0,18.0,5.0,6.3847,1.0,Серафимовича,27.7,Площадь Маркса,1,1,54.979909,82.879547,1.095,6.166627238207052,1,Комфортная,1.095,20.440256330573085
real_estate_agent,Ленинский,4.0,19.0,4.1,3.8,1.0,Ивана Севастьянова,27.0,Площадь Маркса,1,8,54.96607,82.831407,4.512,9.112584822124392,1,Автомобильная,4.512,21.621450306720433
developer,Железнодорожный,5.0,16.0,41.1,13.35,1.0,Прибрежная,83.1,Площадь Гарина-Михайловского,1,2,55.030519,82.889321,0.851,1.983366535184058,1,Комфортная,0.851,24.55820665848956
real_estate_agent,Первомайский,15.0,17.0,4.0,4.18,1.0,Первомайская,27.3,Речной вокзал,1,15,54.977212,83.049005,7.946,10.094402257034298,0,Удалённая,0.0,15.134023564770592
real_estate_agent,Октябрьский,3.0,11.0,3.5,5.45,1.0,Автогенная,24.0,Речной вокзал,1,3,55.010617,82.971678,2.171,3.923604110490692,1,Транспортная,2.171,20.151514320864976
real_estate_agent,Кировский,17.0,17.0,8.020000000000001,4.4,1.0,Петухова,40.1,Площадь Маркса,1,3,54.937826,82.957323,6.299,10.533914975051776,0,Автомобильная,0.0,13.648835823102965
real_estate_agent,Октябрьский,4.0,25.0,2.4,4.7,1.0,Кирова,22.7,Октябрьская,1,3,55.013591,82.955042,1.164,2.874465185953487,1,Комфортная,1.164,20.886089898455722
developer,Советский,15.0,15.0,9.220000000000002,6.99,1.0,Рубиновая,25.42,Площадь Маркса,1,1,54.870305,83.083627,17.277,20.605097489595085,0,Удалённая,0.0,3.044182071739417
real_estate_agent,Октябрьский,7.0,18.0,6.0,5.0,1.0,Виталия Потылицына,54.0,Золотая Нива,1,13,55.019501,83.006084,2.789,5.586441628583461,1,Транспортная,2.789,20.35154915501069
real_estate_agent,Ленинский,11.0,14.0,10.7,3.89,1.0,Титова,24.7,Площадь Маркса,1,6,54.978431,82.811823,5.401,9.003765427806718,1,Автомобильная,5.401,23.459137733466914
real_estate_agent,Ленинский,2.0,27.0,4.8,4.6,1.0,Титова,28.11,Площадь Маркса,1,1,54.9818,82.860611,2.272,6.593668383811543,1,Транспортная,2.272,21.421362076335058
real_estate_agent,Кировский,22.0,26.0,10.0,5.6,1.0,Аникина,26.1,Студенческая,1,10,54.964509,82.945106,3.659,7.468262992841505,0,Автомобильная,0.0,16.476835114549594
real_estate_agent,Заельцовский,10.0,17.0,6.0,5.3,1.0,Дуси Ковальчук,34.9,Заельцовская,1,1,55.062266,82.925361,0.89,3.58323072011928,1,Комфортная,0.89,26.594888537392432
real_estate_agent,Калининский,13.0,19.0,10.4,4.47,1.0,Гребенщикова,26.4,Заельцовская,1,11,55.107118,82.936465,5.562,8.617428903035426,1,Автомобильная,5.562,30.98064602767467
real_estate_agent,Кировский,8.0,10.0,7.8,3.95,1.0,Александра Чистякова,38.3,Площадь Маркса,1,4,54.945614,82.961007,5.81,9.75143196631535,0,Автомобильная,0.0,14.181223407641118
developer,Железнодорожный,2.0,24.0,19.0,7.5,1.0,Прибрежная,36.9,Площадь Гарина-Михайловского,1,2,55.030519,82.889321,0.851,1.983366535184058,1,Комфортная,0.851,24.55820665848956
real_estate_agent,Ленинский,4.0,20.0,4.0,5.3,1.0,Костычева,25.1,Площадь Маркса,1,1,54.975372,82.87776,1.406,6.672955457923809,1,Комфортная,1.406,20.147781933730414
real_estate_agent,Ленинский,11.0,12.0,5.0,3.5,1.0,Романтиков,25.9,Площадь Гарина-Михайловского,1,10,55.025059,82.810772,5.777,7.012443985537744,1,Автомобильная,5.777,27.10586049205131
developer,Дзержинский,16.0,17.0,11.099999999999998,5.86512,1.0,Промышленная,25.9,Березовая Роща,1,1,55.055398,82.966414,1.632,4.056250544857086,1,Транспортная,1.632,24.92245547039263
real_estate_agent,Ленинский,9.0,18.0,3.5,3.99,1.0,Ударная,24.8,Площадь Маркса,1,6,54.967574,82.863485,2.653,7.85066416205835,1,Транспортная,2.653,20.18384004814512
real_estate_agent,Заельцовский,6.0,11.0,4.0,3.85,1.0,Кубовая,20.8,Заельцовская,1,13,55.120346,82.915103,6.823,10.033414931648814,1,Автомобильная,6.823,32.823884218059796
developer,Кировский,3.0,11.0,5.0,4.4,1.0,18-й Бронный переулок,26.3,Площадь Маркса,1,2,54.94595,82.942429,5.005,9.468814785943897,0,Автомобильная,0.0,14.952863506737435
real_estate_agent,Кировский,10.0,25.0,8.100000000000001,3.3,1.0,Бородина,27.6,Площадь Маркса,1,5,54.934278,82.876861,5.481,11.018709825453994,0,Автомобильная,0.0,17.166723399069287
real_estate_agent,Октябрьский,3.0,12.0,5.0,5.1,1.0,Кошурникова,29.0,Золотая Нива,1,1,55.039997,82.966774,0.627,3.1486892845804637,1,Комфортная,0.627,23.3034375427293
developer,Центральный,21.0,25.0,5.84,7.6,1.0,Державина,29.2,Маршала Покрышкина,1,5,55.039729,82.937156,0.573,1.50537479346394,1,Комфортная,0.573,24.002034321488217
real_estate_agent,Заельцовский,2.0,25.0,5.0,6.1,1.0,Светлановская,27.7,Заельцовская,1,3,55.07704,82.923439,2.121,5.215770504742127,1,Транспортная,2.121,28.15120516934958
real_estate_agent,Октябрьский,10.0,10.0,8.0,4.619,1.0,Плющихинская,39.0,Золотая Нива,1,3,55.014277,83.004009,3.154,5.612530857641538,1,Автомобильная,3.154,19.832106141241226
real_estate_agent,Октябрьский,22.0,24.0,5.736000000000001,6.95,1.0,Ленинградская,28.68,Октябрьская,1,1,55.013136,82.957539,1.328,3.0297226734141183,1,Комфортная,1.328,20.772820333696856
real_estate_agent,Октябрьский,4.0,10.0,7.7,3.5,1.0,Виталия Потылицына,38.5,Золотая Нива,1,11,55.018133,83.008033,2.985,5.741521651572044,1,Транспортная,2.985,20.171127257637472
real_estate_agent,Ленинский,1.0,16.0,5.6000000000000005,3.65,1.0,Зорге,28.0,Площадь Маркса,1,22,54.92808,82.924598,6.296,11.35444058673209,1,Автомобильная,6.296,14.344952122118581
real_estate_agent,Калининский,5.0,17.0,5.0,4.5,1.0,Игарская,29.0,Заельцовская,1,4,55.102076,82.941217,5.124,8.104880633152284,1,Автомобильная,5.124,30.352286639566636
real_estate_agent,Заельцовский,6.0,21.0,5.0,6.3,1.0,Дуси Ковальчук,30.0,Гагаринская,1,8,55.053046,82.897792,1.109,2.92482858498757,1,Комфортная,1.109,26.44906834190392
real_estate_agent,Октябрьский,1.0,16.0,5.0,3.699,1.0,Выборная,32.3,Золотая Нива,1,9,55.003033,83.028165,5.091,7.501406214132277,1,Автомобильная,5.091,18.221928906981834
real_estate_agent,Октябрьский,10.0,10.0,5.0,3.7,1.0,Плющихинская,33.0,Золотая Нива,1,8,55.014277,83.004009,3.154,5.612530857641538,1,Автомобильная,3.154,19.832106141241226
real_estate_agent,Затулинский жилмассив,15.0,27.0,4.0,4.45,1.0,Зорге,33.52,Площадь Маркса,1,4,54.927496,82.924562,6.357,11.419307605689111,0,Автомобильная,0.0,14.304317063535915
realtor,Заельцовский,15.0,25.0,4.4,5.3,1.0,Красный проспект,22.0,Заельцовская,1,2,55.075716,82.911411,1.86,5.097555932832565,1,Транспортная,1.86,28.323061374176355
real_estate_agent,Кировский,3.0,9.0,10.0,3.75,1.0,Дмитрия Шмонина,38.0,Площадь Маркса,1,9,54.943173,82.95886,5.91,9.978870980168235,0,Автомобильная,0.0,14.049315398095235
real_estate_agent,Первомайский,15.0,19.0,6.199999999999999,3.75,1.0,Первомайская,21.2,Речной вокзал,1,14,54.977212,83.05126,8.075,10.211555291095207,0,Удалённая,0.0,15.107232119722674
real_estate_agent,Октябрьский,2.0,17.0,4.0,4.2,1.0,Закаменский мкр,22.0,Березовая Роща,1,4,55.036834,82.957925,0.815,2.501451551499742,1,Комфортная,0.815,23.180393285808286
real_estate_agent,Кировский,8.0,16.0,5.0,4.2,1.0,Ватутина,22.7,Площадь Маркса,1,9,54.972933,82.919289,1.804,6.364328455898847,0,Транспортная,0.0,18.212411080988037
real_estate_agent,Первомайский,14.0,16.0,4.2,3.8,1.0,Заречная,20.0,Золотая Нива,1,7,54.980343,83.058141,8.252,10.38296248520062,0,Удалённая,0.0,15.37786630686414
real_estate_agent,Кировский,6.0,25.0,6.0200000000000005,4.4,1.0,Сержанта Коротаева,30.1,Спортивная,1,8,54.960535,82.954925,4.404,8.048975061336986,0,Автомобильная,0.0,15.755711530905492
real_estate_agent,Октябрьский,9.0,12.0,5.0,3.8,1.0,Виталия Потылицына,33.0,Золотая Нива,1,12,55.018433,83.010324,3.065,5.876112711262597,1,Автомобильная,3.065,20.16387403550678
developer,Ленинский,1.0,18.0,5.0,6.8303,1.0,Серафимовича,34.1,Площадь Маркса,1,1,54.979909,82.879547,1.095,6.166627238207052,1,Комфортная,1.095,20.440256330573085
real_estate_agent,Железнодорожный,3.0,24.0,4.0,6.25,1.0,Прибрежная,27.7,Площадь Гарина-Михайловского,1,11,55.030519,82.889321,0.851,1.983366535184058,1,Комфортная,0.851,24.55820665848956
real_estate_agent,Заельцовский,5.0,25.0,5.0,6.995,1.0,Красный проспект,27.18,Заельцовская,1,3,55.063658,82.905158,0.702,3.849325912843135,1,Комфортная,0.702,27.281808122219267
developer,Дзержинский,17.0,17.0,10.8,5.884834,1.0,Промышленная,25.2,Березовая Роща,1,1,55.055398,82.966414,1.632,4.056250544857086,1,Транспортная,1.632,24.92245547039263
real_estate_agent,Железнодорожный,1.0,20.0,4.0,4.79,1.0,Фабричная,21.3,Площадь Гарина-Михайловского,1,5,55.025286,82.89675,1.139,1.6041450214512063,1,Комфортная,1.139,23.813578913695125
developer,Ленинский,16.0,17.0,11.419999999999998,2.950175,1.0,Забалуева,23.72,Площадь Маркса,1,2,54.986289,82.786114,7.038,9.857185937430344,1,Удалённая,7.038,25.282812015498617
real_estate_agent,Заельцовский,3.0,17.0,4.0,3.999999,1.0,Лобачевского,26.0,Заельцовская,1,3,55.121953,82.904107,7.021,10.259155721994995,1,Удалённая,7.021,33.240788909392535
real_estate_agent,Ленинский,6.0,17.0,4.0,3.2,1.0,Забалуева,23.0,Площадь Маркса,1,4,54.987684,82.774687,7.776,10.42518658168105,1,Удалённая,7.776,25.950697570890636
developer,Кировский,13.0,26.0,3.4,5.37,1.0,Аникина,27.73,Студенческая,1,1,54.965574,82.945088,3.571,7.352291025391459,0,Автомобильная,0.0,16.57419367825262
real_estate_agent,Кировский,6.0,16.0,3.5,3.4,1.0,Петухова,20.2,Площадь Маркса,1,3,54.938974,82.891612,4.827,10.305400829468743,0,Автомобильная,0.0,16.737834893226363
developer,Заельцовский,14.0,17.0,3.7,4.7,1.0,Лобачевского,29.49,Заельцовская,1,3,55.122246,82.903218,7.058,10.2974380673459,1,Удалённая,7.058,33.291820504980244
real_estate_agent,Калининский,5.0,12.0,5.0,4.7,1.0,Имени генерал-майора А.Н. Рожкина,28.0,Заельцовская,1,4,55.110759,82.925074,5.81,8.966507435558494,1,Автомобильная,5.81,31.604343219033808
real_estate_agent,Октябрьский,14.0,23.0,6.649999999999999,4.3,1.0,2-я Воинская,28.65,Золотая Нива,1,3,55.016915,82.987776,2.417,4.538162461147457,1,Транспортная,2.417,20.433914982818834
real_estate_agent,Первомайский,17.0,17.0,4.0,3.9,1.0,Первомайская,27.4,Речной вокзал,1,15,54.977212,83.049005,7.946,10.094402257034298,0,Удалённая,0.0,15.134023564770592
developer,Ленинский,8.0,15.0,5.202000000000001,5.44,1.0,площадь Карла Маркса,26.01,Площадь Маркса,1,1,54.983024,82.893202,0.208,5.522037183566433,1,Пешеходная,0.208,20.13041113539444
real_estate_agent,Первомайский,14.0,17.0,7.0,3.9,1.0,Первомайская,24.2,Речной вокзал,1,15,54.977212,83.049005,7.946,10.094402257034298,0,Удалённая,0.0,15.134023564770592
developer,Ленинский,1.0,18.0,5.0,6.1817,1.0,Серафимовича,30.6,Площадь Маркса,1,1,54.979909,82.879547,1.095,6.166627238207052,1,Комфортная,1.095,20.440256330573085
real_estate_agent,Заельцовский,22.0,26.0,6.440000000000001,4.9,1.0,Дуси Ковальчук,32.2,Заельцовская,1,3,55.062725,82.926448,0.974,3.640707897239991,1,Комфортная,0.974,26.613539240505943
developer,Заельцовский,1.0,17.0,3.1,5.59,1.0,Аэропорт,30.7,Заельцовская,1,3,55.078519,82.913162,2.171,5.396643181669985,1,Транспортная,2.171,28.561817554532198
real_estate_agent,Первомайский,14.0,17.0,7.600000000000001,3.5,1.0,Одоевского,21.6,Речной вокзал,1,14,54.937846,83.104701,13.294,15.607772002258574,0,Удалённая,0.0,10.501583659424199
real_estate_agent,Первомайский,5.0,8.0,6.0,4.3,1.0,Первомайская,30.0,Золотая Нива,1,2,54.976421,83.067511,8.971,11.121517574517346,0,Удалённая,0.0,14.866495113540141
real_estate_agent,Заельцовский,18.0,25.0,4.0,5.3,1.0,Дуси Ковальчук,34.0,Заельцовская,1,2,55.057193,82.906865,0.417,3.127270329890379,1,Пешеходная,0.417,26.59018735446785
real_estate_agent,Октябрьский,14.0,25.0,4.0,4.6,1.0,Выборная,21.5,Золотая Нива,1,6,55.008175,83.021355,4.375,6.882420766394367,1,Автомобильная,4.375,18.88098944588562
real_estate_agent,Калининский,15.0,17.0,7.220000000000001,4.7,1.0,Курчатова,36.1,Заельцовская,1,3,55.104821,82.97308,6.386,8.952545572943421,1,Автомобильная,6.386,30.05573977705156
real_estate_agent,Октябрьский,18.0,25.0,3.0,4.65,1.0,Пролетарская,25.0,Золотая Нива,1,1,55.021142,82.968993,1.867,3.253490696934803,1,Транспортная,1.867,21.298334067615226
real_estate_agent,Заельцовский,11.0,25.0,7.399999999999999,5.62,1.0,Аэропорт,24.4,Заельцовская,1,4,55.077772,82.910395,2.092,5.332149256447796,1,Транспортная,2.092,28.558002929320786
real_estate_agent,Октябрьский,3.0,26.0,8.0,5.3,1.0,Гурьевская,25.0,Золотая Нива,1,5,55.025219,82.966342,1.488,2.977048600898019,1,Комфортная,1.488,21.78194857128038
real_estate_agent,Калининский,7.0,9.0,5.0,4.7,1.0,Василия Клевцова,28.0,Заельцовская,1,3,55.096445,82.975559,5.779,8.163203312083969,1,Автомобильная,5.779,29.115326328558645
real_estate_agent,Заельцовский,10.0,17.0,4.0,4.999999,1.0,Лобачевского,34.0,Заельцовская,1,3,55.122246,82.903218,7.058,10.2974380673459,1,Удалённая,7.058,33.291820504980244
developer,Заельцовский,6.0,17.0,6.7,6.99,1.0,Аэропорт,46.4,Заельцовская,1,4,55.078226,82.912569,2.138,5.367578258161752,1,Транспортная,2.138,28.547388450163506
developer,Дзержинский,16.0,17.0,14.55,6.0494,1.0,Промышленная,26.75,Березовая Роща,1,1,55.055398,82.966414,1.632,4.056250544857086,1,Транспортная,1.632,24.92245547039263
real_estate_agent,Ленинский,6.0,13.0,4.9,5.999,1.0,Серафимовича,24.5,Площадь Маркса,1,7,54.977454,82.879943,1.169,6.4048528719762485,1,Комфортная,1.169,20.2218022520574
real_estate_agent,Ленинский,10.0,15.0,3.0,5.3,1.0,Серафимовича,28.0,Площадь Маркса,1,1,54.979764,82.88041,1.046,6.158230141985667,1,Комфортная,1.046,20.391329493847017
real_estate_agent,Октябрьский,11.0,25.0,5.772,4.99278,1.0,Пролетарская,28.86,Золотая Нива,1,1,55.021142,82.968993,1.867,3.253490696934803,1,Транспортная,1.867,21.298334067615226
real_estate_agent,Октябрьский,4.0,16.0,4.5,5.5,1.0,Выборная,29.0,Золотая Нива,1,4,55.007783,83.020996,4.392,6.876717103359218,1,Автомобильная,4.392,18.844424104838918
real_estate_agent,Затулинский жилмассив,12.0,27.0,3.0,3.6,1.0,Зорге,29.2,Площадь Маркса,1,4,54.927139,82.923421,6.375,11.457551985162777,0,Автомобильная,0.0,14.333999170145994
developer,Кировский,2.0,26.0,13.8,7.06,1.0,Аникина,46.57,Студенческая,1,1,54.965574,82.945088,3.571,7.352291025391459,0,Автомобильная,0.0,16.57419367825262
real_estate_agent,Железнодорожный,16.0,26.0,10.0,6.95,1.0,Прибрежная,31.4,Площадь Гарина-Михайловского,1,2,55.030519,82.889321,0.851,1.983366535184058,1,Комфортная,0.851,24.55820665848956
real_estate_agent,Калининский,2.0,18.0,6.0,4.83,1.0,Имени генерал-майора А.Н. Рожкина,30.0,Заельцовская,1,4,55.110759,82.925074,5.81,8.966507435558494,1,Автомобильная,5.81,31.604343219033808
developer,Заельцовский,2.0,17.0,5.9,5.15,1.0,Лобачевского,36.67,Заельцовская,1,3,55.121953,82.904107,7.021,10.259155721994995,1,Удалённая,7.021,33.240788909392535
real_estate_agent,Октябрьский,24.0,25.0,3.0,5.3,1.0,Кирова,20.2,Октябрьская,1,2,55.013591,82.955042,1.164,2.874465185953487,1,Комфортная,1.164,20.886089898455722
real_estate_agent,Октябрьский,13.0,17.0,5.0,5.5,1.0,Большевистская,23.3,Речной вокзал,1,1,55.003678,82.946319,0.832,3.37596176492265,1,Комфортная,0.832,20.149667926859088
real_estate_agent,Кировский,4.0,17.0,8.120000000000001,5.1,1.0,Петухова,40.6,Площадь Маркса,1,3,54.937877,82.95647,6.261,10.51635463509542,0,Автомобильная,0.0,13.68819956188724
developer,Заельцовский,1.0,17.0,2.4,5.13,1.0,Аэропорт,26.6,Заельцовская,1,3,55.078519,82.913162,2.171,5.396643181669985,1,Транспортная,2.171,28.561817554532198
real_estate_agent,Затулинский жилмассив,25.0,27.0,6.0,4.7,1.0,Зорге,33.52,Площадь Маркса,1,4,54.927139,82.923421,6.375,11.457551985162777,0,Автомобильная,0.0,14.333999170145994
real_estate_agent,Октябрьский,6.0,17.0,3.0,5.2,1.0,Большевистская,22.9,Речной вокзал,1,1,54.99256,82.977895,3.168,5.559404724898926,1,Автомобильная,3.168,18.15229982940267
real_estate_agent,Кировский,10.0,17.0,8.06,5.1,1.0,Петухова,40.3,Площадь Маркса,1,3,54.937877,82.95647,6.261,10.51635463509542,0,Автомобильная,0.0,13.68819956188724
real_estate_agent,Калининский,2.0,12.0,5.4,4.375,1.0,Имени генерал-майора А.Н. Рожкина,27.0,Заельцовская,1,4,55.110759,82.925074,5.81,8.966507435558494,1,Автомобильная,5.81,31.604343219033808
developer,Ленинский,20.0,22.0,6.846,8.84,1.0,площадь Карла Маркса,34.23,Площадь Маркса,1,1,54.983024,82.893202,0.208,5.522037183566433,1,Пешеходная,0.208,20.13041113539444
real_estate_agent,Октябрьский,5.0,17.0,6.300000000000001,5.5,1.0,Большевистская,23.3,Речной вокзал,1,1,55.003678,82.946319,0.832,3.37596176492265,1,Комфортная,0.832,20.149667926859088
developer,Ленинский,4.0,16.0,5.508,3.65,1.0,Зорге,27.54,Площадь Маркса,1,22,54.92808,82.924598,6.296,11.35444058673209,1,Автомобильная,6.296,14.344952122118581
real_estate_agent,Октябрьский,6.0,15.0,5.800000000000001,5.1,1.0,Кошурникова,29.0,Золотая Нива,1,1,55.039997,82.966774,0.627,3.1486892845804637,1,Комфортная,0.627,23.3034375427293
real_estate_agent,Ленинский,12.0,12.0,5.754,3.7401,1.0,Юности,28.77,Площадь Гарина-Михайловского,1,3,55.026608,82.802651,6.255,7.517279951245362,1,Автомобильная,6.255,27.581586545886907
real_estate_agent,Калининский,12.0,23.0,5.396000000000001,5.42,1.0,Игарская,26.98,Заельцовская,1,1,55.099742,82.942492,4.914,7.863048867522804,1,Автомобильная,4.914,30.080466165917034
developer,Заельцовский,10.0,11.0,7.1,14.294,1.0,Красный проспект,85.9,Заельцовская,1,2,55.075716,82.911411,1.86,5.097555932832565,1,Транспортная,1.86,28.323061374176355
real_estate_agent,Ленинский,4.0,12.0,5.916,4.37784,1.0,Юности,29.58,Площадь Гарина-Михайловского,1,3,55.026608,82.802651,6.255,7.517279951245362,1,Автомобильная,6.255,27.581586545886907
real_estate_agent,Железнодорожный,16.0,21.0,6.300000000000001,7.8,1.0,Беринг жилой квартал,31.5,Площадь Гарина-Михайловского,1,1,55.031479,82.899732,0.436,1.3275264717457629,1,Пешеходная,0.436,24.302141905560276
developer,Октябрьский,24.0,25.0,7.08,8.4,1.0,Ипподромская,35.4,Октябрьская,1,3,55.024621,82.935503,0.689,1.141140846973464,1,Комфортная,0.689,22.53469617198309
developer,Заельцовский,30.0,30.0,10.36,11.2,1.0,Дуси Ковальчук,51.8,Заельцовская,1,1,55.057193,82.906865,0.417,3.127270329890379,1,Пешеходная,0.417,26.59018735446785
real_estate_agent,Заельцовский,26.0,30.0,5.36,7.05,1.0,Дуси Ковальчук,26.8,Заельцовская,1,1,55.057193,82.906865,0.417,3.127270329890379,1,Пешеходная,0.417,26.59018735446785
developer,Заельцовский,30.0,30.0,11.76,11.75,1.0,Дуси Ковальчук,58.8,Заельцовская,1,1,55.057193,82.906865,0.417,3.127270329890379,1,Пешеходная,0.417,26.59018735446785
developer,Октябрьский,11.0,16.0,4.672,6.72,1.0,Большевистская,23.36,Речной вокзал,1,5,54.989528,82.977275,3.347,5.792500345609196,1,Автомобильная,3.347,17.861840921964465
real_estate_agent,Октябрьский,1.0,15.0,8.459999999999999,9.99,1.0,Большевистская,42.3,Речной вокзал,1,1,54.993696,82.969019,2.646,5.102918561823516,1,Транспортная,2.646,18.505456410346294
real_estate_agent,Ленинский,12.0,13.0,4.806000000000001,5.7,1.0,площадь Карла Маркса,24.03,Площадь Маркса,1,1,54.982068,82.895016,0.08,5.588407478960751,1,Пешеходная,0.08,19.974693542827392
real_estate_agent,Заельцовский,23.0,26.0,5.54,6.45,1.0,Красный проспект,27.7,Заельцовская,1,2,55.05728,82.914896,0.241,3.0356387034335457,1,Пешеходная,0.241,26.372278571136523
developer,Заельцовский,12.0,17.0,7.3,6.88,1.0,Аэропорт,42.7,Заельцовская,1,4,55.078226,82.912569,2.138,5.367578258161752,1,Транспортная,2.138,28.547388450163506
developer,Ленинский,12.0,13.0,4.558,5.69,1.0,площадь Карла Маркса,22.79,Площадь Маркса,1,1,54.983024,82.893202,0.208,5.522037183566433,1,Пешеходная,0.208,20.13041113539444
developer,Октябрьский,17.0,17.0,5.8,5.334,1.0,Знаменский кв-л,26.22,Золотая Нива,1,1,55.030225,82.979458,0.845,3.7615238211652096,1,Комфортная,0.845,22.006010160130607
real_estate_agent,Заельцовский,21.0,30.0,5.98,6.9,1.0,Дуси Ковальчук,29.9,Заельцовская,1,1,55.057193,82.906865,0.417,3.127270329890379,1,Пешеходная,0.417,26.59018735446785
developer,Заельцовский,6.0,17.0,14.1,5.9,1.0,Лобачевского,43.57,Заельцовская,1,3,55.122246,82.903218,7.058,10.2974380673459,1,Удалённая,7.058,33.291820504980244
developer,Заельцовский,5.0,17.0,4.6,4.91,1.0,Лобачевского,34.82,Заельцовская,1,3,55.122246,82.903218,7.058,10.2974380673459,1,Удалённая,7.058,33.291820504980244
developer,Ленинский,10.0,13.0,4.5,5.55,1.0,площадь Карла Маркса,24.95,Площадь Маркса,1,1,54.982068,82.895016,0.08,5.588407478960751,1,Пешеходная,0.08,19.974693542827392
developer,Ленинский,5.0,15.0,4.774,4.99,1.0,площадь Карла Маркса,23.87,Площадь Маркса,1,1,54.983024,82.893202,0.208,5.522037183566433,1,Пешеходная,0.208,20.13041113539444
real_estate_agent,Октябрьский,17.0,24.0,5.482,6.6,1.0,Ленинградская,27.41,Октябрьская,1,1,55.013136,82.957539,1.328,3.0297226734141183,1,Комфортная,1.328,20.772820333696856
developer,Советский,9.0,24.0,15.510000000000002,7.731,1.0,Мусы Джалиля,29.71,Площадь Маркса,1,1,54.862145,83.091433,18.28,21.640530849466497,0,Удалённая,0.0,2.069164819363638
developer,Заельцовский,6.0,8.0,6.7,9.81,1.0,Дуси Ковальчук,39.34,Площадь Гарина-Михайловского,1,1,55.046852,82.882646,1.67,3.039873881647789,1,Транспортная,1.67,26.32796597333683
real_estate_agent,Ленинский,4.0,22.0,6.846,8.04,1.0,площадь Карла Маркса,34.23,Площадь Маркса,1,1,54.983024,82.893202,0.208,5.522037183566433,1,Пешеходная,0.208,20.13041113539444
developer,Заельцовский,15.0,17.0,4.9,5.5,1.0,Лобачевского,34.46,Заельцовская,1,3,55.122246,82.903218,7.058,10.2974380673459,1,Удалённая,7.058,33.291820504980244
developer,Октябрьский,25.0,25.0,3.6,4.91,1.0,Ленинградская,23.2,Речной вокзал,1,1,55.011185,82.963136,1.635,3.444290843570368,1,Транспортная,1.635,20.427155475247062
developer,Заельцовский,6.0,17.0,2.9,6.92,1.0,Аэропорт,45.6,Заельцовская,1,3,55.078519,82.913162,2.171,5.396643181669985,1,Транспортная,2.171,28.561817554532198
real_estate_agent,Ленинский,12.0,13.0,4.558,5.69,1.0,площадь Карла Маркса,22.79,Площадь Маркса,1,1,54.983024,82.893202,0.208,5.522037183566433,1,Пешеходная,0.208,20.13041113539444
developer,Заельцовский,6.0,17.0,5.7,5.57,1.0,Лобачевского,36.3,Заельцовская,1,3,55.121953,82.904107,7.021,10.259155721994995,1,Удалённая,7.021,33.240788909392535
real_estate_agent,Дзержинский,18.0,25.0,6.198,6.4,1.0,Авиастроителей,30.99,Березовая Роща,1,1,55.070334,82.966729,3.151,5.352187273041826,1,Автомобильная,3.151,26.490784610916197
real_estate_agent,Заельцовский,25.0,26.0,5.54,6.6,1.0,Красный проспект,27.7,Заельцовская,1,2,55.05728,82.914896,0.241,3.0356387034335457,1,Пешеходная,0.241,26.372278571136523
developer,Ленинский,15.0,22.0,5.170000000000001,7.44,1.0,площадь Карла Маркса,25.85,Площадь Маркса,1,1,54.982327,82.895304,0.057,5.555525134958374,1,Пешеходная,0.057,19.985166365619648
real_estate_agent,Калининский,23.0,23.0,5.396000000000001,5.25,1.0,Игарская,26.98,Заельцовская,1,1,55.099742,82.942492,4.914,7.863048867522804,1,Автомобильная,4.914,30.080466165917034
developer,Заельцовский,13.0,17.0,4.1,7.25,1.0,Лобачевского,59.51,Заельцовская,1,3,55.121953,82.904107,7.021,10.259155721994995,1,Удалённая,7.021,33.240788909392535
developer,Октябрьский,3.0,25.0,7.18,7.95,1.0,Ипподромская,35.9,Октябрьская,1,3,55.024621,82.935503,0.689,1.141140846973464,1,Комфортная,0.689,22.53469617198309
developer,Заельцовский,5.0,8.0,7.0,8.61,1.0,Дуси Ковальчук,30.38,Площадь Гарина-Михайловского,1,1,55.046852,82.882646,1.67,3.039873881647789,1,Транспортная,1.67,26.32796597333683
real_estate_agent,Октябрьский,25.0,25.0,4.64,4.91,1.0,Ленинградская,23.2,Речной вокзал,1,1,55.011185,82.963136,1.635,3.444290843570368,1,Транспортная,1.635,20.427155475247062
developer,Дзержинский,9.0,9.0,4.638000000000001,5.45,1.0,Авиастроителей,23.19,Березовая Роща,1,1,55.070334,82.966729,3.151,5.352187273041826,1,Автомобильная,3.151,26.490784610916197
developer,Заельцовский,7.0,17.0,8.2,5.99,1.0,Лобачевского,39.26,Заельцовская,1,3,55.121953,82.904107,7.021,10.259155721994995,1,Удалённая,7.021,33.240788909392535
developer,Ленинский,1.0,16.0,6.734000000000001,4.15,1.0,Зорге,33.67,Площадь Маркса,1,22,54.92808,82.924598,6.296,11.35444058673209,1,Автомобильная,6.296,14.344952122118581
real_estate_agent,Заельцовский,2.0,28.0,5.470000000000001,6.43,1.0,Сухарная,27.35,Площадь Гарина-Михайловского,1,1,55.046373,82.855886,3.041,4.490523798660787,1,Автомобильная,3.041,27.200011743723838
real_estate_agent,Ленинский,7.0,22.0,5.870000000000001,7.09,1.0,площадь Карла Маркса,29.35,Площадь Маркса,1,1,54.983024,82.893202,0.208,5.522037183566433,1,Пешеходная,0.208,20.13041113539444
real_estate_agent,Ленинский,5.0,15.0,4.774,4.99,1.0,площадь Карла Маркса,23.87,Площадь Маркса,1,1,54.983024,82.893202,0.208,5.522037183566433,1,Пешеходная,0.208,20.13041113539444
developer,Октябрьский,2.0,25.0,6.182,7.15,1.0,Ленинградская,30.91,Речной вокзал,1,1,55.011185,82.963136,1.635,3.444290843570368,1,Транспортная,1.635,20.427155475247062
developer,Заельцовский,12.0,17.0,4.1,7.79,1.0,Лобачевского,56.55,Заельцовская,1,3,55.121953,82.904107,7.021,10.259155721994995,1,Удалённая,7.021,33.240788909392535
real_estate_agent,Заельцовский,6.0,28.0,6.538,7.78,1.0,Сухарная,32.69,Площадь Гарина-Михайловского,1,1,55.046373,82.855886,3.041,4.490523798660787,1,Автомобильная,3.041,27.200011743723838
developer,Калининский,1.0,23.0,7.392,5.55,1.0,Игарская,36.96,Заельцовская,1,1,55.099742,82.942492,4.914,7.863048867522804,1,Автомобильная,4.914,30.080466165917034
developer,Заельцовский,7.0,17.0,7.5,5.44,1.0,Лобачевского,31.76,Заельцовская,1,3,55.122246,82.903218,7.058,10.2974380673459,1,Удалённая,7.058,33.291820504980244
developer,Октябрьский,12.0,16.0,4.846,6.44,1.0,Большевистская,24.23,Речной вокзал,1,5,54.989528,82.977275,3.347,5.792500345609196,1,Автомобильная,3.347,17.861840921964465
real_estate_agent,Калининский,2.0,23.0,5.284000000000001,4.64,1.0,Игарская,26.42,Заельцовская,1,1,55.099742,82.942492,4.914,7.863048867522804,1,Автомобильная,4.914,30.080466165917034
developer,Заельцовский,2.0,29.0,16.8,10.35,1.0,Дуси Ковальчук,44.5,Площадь Гарина-Михайловского,1,1,55.046785,82.881901,1.695,3.0731266720364294,1,Транспортная,1.695,26.346019868246223
real_estate_agent,Калининский,17.0,17.0,5.84,5.05,1.0,Игарская,29.2,Заельцовская,1,1,55.098949,82.943516,4.859,7.788347941197897,1,Автомобильная,4.859,29.976001355322996
real_estate_agent,Заельцовский,9.0,30.0,5.78,7.0,1.0,Дуси Ковальчук,28.9,Заельцовская,1,1,55.057193,82.906865,0.417,3.127270329890379,1,Пешеходная,0.417,26.59018735446785
real_estate_agent,Заельцовский,19.0,26.0,6.1000000000000005,6.25,1.0,Красный проспект,30.5,Заельцовская,1,2,55.05728,82.914896,0.241,3.0356387034335457,1,Пешеходная,0.241,26.372278571136523
real_estate_agent,Октябрьский,7.0,25.0,6.0520000000000005,6.8,1.0,Ленинградская,30.26,Речной вокзал,1,1,55.011185,82.963136,1.635,3.444290843570368,1,Транспортная,1.635,20.427155475247062
developer,Заельцовский,13.0,18.0,8.3,7.89,1.0,Аэропорт,51.0,Заельцовская,1,3,55.078519,82.913162,2.171,5.396643181669985,1,Транспортная,2.171,28.561817554532198
real_estate_agent,Кировский,4.0,24.0,5.996,5.25,1.0,Оловозаводская,29.98,Спортивная,1,1,54.96761,82.959946,3.946,7.398201004620823,0,Автомобильная,0.0,16.238750386698424
real_estate_agent,Кировский,11.0,17.0,5.720000000000001,5.1,1.0,Сибиряков-Гвардейцев,28.6,Площадь Маркса,1,3,54.944057,82.900532,4.261,9.658613640860066,0,Автомобильная,0.0,16.673177173124213
developer,Заельцовский,6.0,11.0,8.68,10.0,1.0,Дуси Ковальчук,43.4,Заельцовская,1,1,55.057193,82.906865,0.417,3.127270329890379,1,Пешеходная,0.417,26.59018735446785
real_estate_agent,Дзержинский,19.0,25.0,5.112,5.4,1.0,Авиастроителей,25.56,Березовая Роща,1,1,55.070334,82.966729,3.151,5.352187273041826,1,Автомобильная,3.151,26.490784610916197
real_estate_agent,Дзержинский,9.0,25.0,4.638000000000001,5.45,1.0,Авиастроителей,23.19,Березовая Роща,1,1,55.070334,82.966729,3.151,5.352187273041826,1,Автомобильная,3.151,26.490784610916197
developer,Заельцовский,9.0,11.0,8.76,10.2,1.0,Дуси Ковальчук,43.8,Заельцовская,1,1,55.057193,82.906865,0.417,3.127270329890379,1,Пешеходная,0.417,26.59018735446785
real_estate_agent,Кировский,16.0,17.0,6.18,4.9,1.0,Сибиряков-Гвардейцев,30.9,Площадь Маркса,1,3,54.944057,82.900532,4.261,9.658613640860066,0,Автомобильная,0.0,16.673177173124213
real_estate_agent,Заельцовский,2.0,28.0,6.98,9.08,1.0,Сухарная,34.9,Площадь Гарина-Михайловского,1,1,55.046373,82.855886,3.041,4.490523798660787,1,Автомобильная,3.041,27.200011743723838
real_estate_agent,Заельцовский,24.0,25.0,4.602,6.4,1.0,Дуси Ковальчук,23.01,Заельцовская,1,1,55.063101,82.92741,1.048,3.689165281750359,1,Комфортная,1.048,26.627189012170266
real_estate_agent,Заельцовский,17.0,25.0,4.498,6.3,1.0,Дуси Ковальчук,22.49,Заельцовская,1,1,55.063101,82.92741,1.048,3.689165281750359,1,Комфортная,1.048,26.627189012170266
developer,Заельцовский,30.0,30.0,5.720000000000001,7.3,1.0,Дуси Ковальчук,28.6,Заельцовская,1,1,55.057193,82.906865,0.417,3.127270329890379,1,Пешеходная,0.417,26.59018735446785
developer,Заельцовский,24.0,25.0,4.602,6.4,1.0,Дуси Ковальчук,23.01,Заельцовская,1,1,55.063101,82.92741,1.048,3.689165281750359,1,Комфортная,1.048,26.627189012170266
real_estate_agent,Заельцовский,15.0,25.0,4.498,5.9,1.0,Дуси Ковальчук,22.49,Заельцовская,1,1,55.063101,82.92741,1.048,3.689165281750359,1,Комфортная,1.048,26.627189012170266
developer,Заельцовский,30.0,30.0,5.36,7.25,1.0,Дуси Ковальчук,26.8,Заельцовская,1,1,55.057193,82.906865,0.417,3.127270329890379,1,Пешеходная,0.417,26.59018735446785
real_estate_agent,Ленинский,6.0,16.0,5.508,4.37,1.0,Зорге,27.54,Площадь Маркса,1,22,54.92808,82.924598,6.296,11.35444058673209,1,Автомобильная,6.296,14.344952122118581
developer,Заельцовский,15.0,30.0,5.640000000000001,7.2,1.0,Дуси Ковальчук,28.2,Заельцовская,1,1,55.057193,82.906865,0.417,3.127270329890379,1,Пешеходная,0.417,26.59018735446785
real_estate_agent,Заельцовский,22.0,30.0,5.720000000000001,7.15,1.0,Дуси Ковальчук,28.6,Заельцовская,1,1,55.057193,82.906865,0.417,3.127270329890379,1,Пешеходная,0.417,26.59018735446785
real_estate_agent,Кировский,17.0,17.0,5.720000000000001,4.7,1.0,Сибиряков-Гвардейцев,28.6,Площадь Маркса,1,3,54.944057,82.900532,4.261,9.658613640860066,0,Автомобильная,0.0,16.673177173124213
real_estate_agent,Заельцовский,28.0,30.0,5.98,7.35,1.0,Дуси Ковальчук,29.9,Заельцовская,1,1,55.057193,82.906865,0.417,3.127270329890379,1,Пешеходная,0.417,26.59018735446785
developer,Ленинский,10.0,22.0,10.868000000000002,13.24,1.0,площадь Карла Маркса,54.34,Площадь Маркса,1,1,54.983024,82.893202,0.208,5.522037183566433,1,Пешеходная,0.208,20.13041113539444
real_estate_agent,Кировский,11.0,24.0,5.996,5.4,1.0,Оловозаводская,29.98,Спортивная,1,1,54.96761,82.959946,3.946,7.398201004620823,0,Автомобильная,0.0,16.238750386698424
real_estate_agent,Заельцовский,25.0,26.0,6.0,6.35,1.0,Красный проспект,30.0,Заельцовская,1,2,55.05728,82.914896,0.241,3.0356387034335457,1,Пешеходная,0.241,26.372278571136523
real_estate_agent,Октябрьский,10.0,25.0,6.182,6.95,1.0,Ленинградская,30.91,Речной вокзал,1,1,55.011185,82.963136,1.635,3.444290843570368,1,Транспортная,1.635,20.427155475247062
real_estate_agent,Октябрьский,13.0,25.0,6.182,7.05,1.0,Ленинградская,30.91,Речной вокзал,1,1,55.011185,82.963136,1.635,3.444290843570368,1,Транспортная,1.635,20.427155475247062
developer,Октябрьский,6.0,25.0,7.192,8.05,1.0,Ленинградская,35.96,Речной вокзал,1,1,55.011185,82.963136,1.635,3.444290843570368,1,Транспортная,1.635,20.427155475247062
developer,Ленинский,13.0,22.0,5.870000000000001,7.69,1.0,площадь Карла Маркса,29.35,Площадь Маркса,1,1,54.983024,82.893202,0.208,5.522037183566433,1,Пешеходная,0.208,20.13041113539444
real_estate_agent,Октябрьский,8.0,25.0,6.182,6.85,1.0,Ленинградская,30.91,Речной вокзал,1,1,55.011185,82.963136,1.635,3.444290843570368,1,Транспортная,1.635,20.427155475247062
real_estate_agent,Кировский,17.0,17.0,6.18,4.9,1.0,Сибиряков-Гвардейцев,30.9,Площадь Маркса,1,3,54.944057,82.900532,4.261,9.658613640860066,0,Автомобильная,0.0,16.673177173124213
real_estate_agent,Заельцовский,13.0,30.0,5.78,7.1,1.0,Дуси Ковальчук,28.9,Заельцовская,1,1,55.057193,82.906865,0.417,3.127270329890379,1,Пешеходная,0.417,26.59018735446785
developer,Калининский,23.0,23.0,5.268000000000001,5.15,1.0,Игарская,26.34,Заельцовская,1,1,55.099742,82.942492,4.914,7.863048867522804,1,Автомобильная,4.914,30.080466165917034
developer,Калининский,17.0,17.0,5.84,5.05,1.0,Игарская,29.2,Заельцовская,1,1,55.098949,82.943516,4.859,7.788347941197897,1,Автомобильная,4.859,29.976001355322996
real_estate_agent,Калининский,23.0,23.0,5.438000000000001,5.25,1.0,Игарская,27.19,Заельцовская,1,1,55.099742,82.942492,4.914,7.863048867522804,1,Автомобильная,4.914,30.080466165917034
real_estate_agent,Заельцовский,22.0,30.0,5.54,7.1,1.0,Дуси Ковальчук,27.7,Заельцовская,1,1,55.057193,82.906865,0.417,3.127270329890379,1,Пешеходная,0.417,26.59018735446785
homeowner,Заельцовский,15.0,21.0,4.252000000000001,3.11,1.0,Дуси Ковальчук,21.26,Гагаринская,1,1,55.053046,82.897792,1.109,2.92482858498757,1,Комфортная,1.109,26.44906834190392
realtor,Заельцовский,15.0,19.0,4.908,3.45,1.0,Дуси Ковальчук,24.54,Гагаринская,1,1,55.053046,82.897792,1.109,2.92482858498757,1,Комфортная,1.109,26.44906834190392
homeowner,Калининский,1.0,17.0,10.0,4.25,1.0,Игарская,41.0,Заельцовская,1,4,55.102076,82.941217,5.124,8.104880633152284,1,Автомобильная,5.124,30.352286639566636
real_estate_agent,Ленинский,6.0,18.0,3.0,4.3,1.0,Связистов,29.1,Площадь Маркса,1,3,54.961558,82.836482,4.455,9.320634283564374,1,Автомобильная,4.455,21.05498793634241
real_estate_agent,Дзержинский,2.0,16.0,5.5,4.3,1.0,Коминтерна,30.9,Золотая Нива,1,2,55.042638,83.02494,3.195,6.801988950969553,1,Автомобильная,3.195,22.568508485184022
real_estate_agent,Дзержинский,10.0,16.0,5.5,4.3,1.0,Коминтерна,30.9,Золотая Нива,1,2,55.042638,83.02494,3.195,6.801988950969553,1,Автомобильная,3.195,22.568508485184022
real_estate_agent,Заельцовский,17.0,19.0,3.0,4.3,1.0,Дуси Ковальчук,35.5,Гагаринская,1,16,55.053046,82.897792,1.109,2.92482858498757,1,Комфортная,1.109,26.44906834190392
real_estate_agent,Дзержинский,12.0,16.0,5.5,4.3,1.0,Коминтерна,30.9,Золотая Нива,1,2,55.042638,83.02494,3.195,6.801988950969553,1,Автомобильная,3.195,22.568508485184022
real_estate_agent,Дзержинский,4.0,16.0,5.5,4.3,1.0,Коминтерна,30.9,Золотая Нива,1,2,55.042638,83.02494,3.195,6.801988950969553,1,Автомобильная,3.195,22.568508485184022
real_estate_agent,Ленинский,3.0,17.0,10.0,4.3,1.0,Рельефная,24.8,Площадь Маркса,1,2,54.975083,82.811994,5.433,9.238103600075624,1,Автомобильная,5.433,23.21507415130929
real_estate_agent,Кировский,19.0,25.0,3.5,4.3,1.0,Сержанта Коротаева,30.1,Студенческая,1,9,54.96085,82.953973,4.343,7.998832173052108,0,Автомобильная,0.0,15.819000706320486
real_estate_agent,Кировский,18.0,27.0,6.0200000000000005,4.3,1.0,Оловозаводская,30.1,Студенческая,1,12,54.962075,82.952338,4.172,7.839942588817019,0,Автомобильная,0.0,15.990389206119149
real_estate_agent,Кировский,15.0,17.0,1.0,4.3,1.0,Сибиряков-Гвардейцев,22.7,Площадь Маркса,1,4,54.94307,82.901646,4.376,9.75843717458473,0,Автомобильная,0.0,16.546909948906276
homeowner,Дзержинский,5.0,26.0,5.32,4.3,1.0,Есенина,26.6,Золотая Нива,1,12,55.045547,82.985351,1.089,4.475978509503418,1,Комфортная,1.089,23.505056842348917
realtor,Кировский,1.0,27.0,5.0,4.3,1.0,Беловежская,29.0,Площадь Маркса,1,12,54.964602,82.897002,1.969,7.44192014211505,0,Транспортная,0.0,18.433910627866055
real_estate_agent,Заельцовский,17.0,23.0,10.0,4.39,1.0,Светлановская,25.37,Заельцовская,1,2,55.075406,82.922819,1.937,5.032859017673609,1,Транспортная,1.937,27.999282260318072
real_estate_agent,Заельцовский,7.0,17.0,4.0,4.39,1.0,Лобачевского,31.5,Заельцовская,1,3,55.122246,82.903218,7.058,10.2974380673459,1,Удалённая,7.058,33.291820504980244
real_estate_agent,Заельцовский,7.0,10.0,10.0,4.35,1.0,Сухарная,23.0,Площадь Гарина-Михайловского,1,6,55.046796,82.859497,2.852,4.300773880763655,1,Транспортная,2.852,27.110837817747704
real_estate_agent,Октябрьский,2.0,17.0,5.0,4.39,1.0,Закаменский мкр,23.0,Березовая Роща,1,3,55.037036,82.955302,0.729,2.3495398842606523,1,Комфортная,0.729,23.264534725560093
real_estate_agent,Заельцовский,8.0,10.0,6.0,4.39,1.0,Сухарная,28.0,Площадь Гарина-Михайловского,1,6,55.046796,82.859497,2.852,4.300773880763655,1,Транспортная,2.852,27.110837817747704
real_estate_agent,Заельцовский,17.0,23.0,5.074000000000001,4.39,1.0,Светлановская,25.37,Заельцовская,1,1,55.075406,82.922819,1.937,5.032859017673609,1,Транспортная,1.937,27.999282260318072
real_estate_agent,Кировский,1.0,4.0,6.0,4.35,1.0,Федора Горячева,34.8,Спортивная,1,10,54.945438,83.007584,7.827,10.939447443930453,0,Удалённая,0.0,12.603063933832603
real_estate_agent,Октябрьский,2.0,25.0,4.0,4.37,1.0,2-я Воинская,25.4,Золотая Нива,1,2,55.016915,82.987776,2.417,4.538162461147457,1,Транспортная,2.417,20.433914982818834
real_estate_agent,Октябрьский,1.0,25.0,5.34,4.3521,1.0,Пролетарская,26.7,Золотая Нива,1,1,55.021142,82.968993,1.867,3.253490696934803,1,Транспортная,1.867,21.298334067615226
developer,Первомайский,3.0,14.0,5.0,4.3726,1.0,Звездная,21.85,Речной вокзал,1,1,54.952646,83.066864,10.374,12.710379261406594,0,Удалённая,0.0,12.249782651095776
developer,Октябрьский,4.0,10.0,4.64,4.3952,1.0,Большевистская,23.2,Речной вокзал,1,1,54.99256,82.977895,3.168,5.559404724898926,1,Автомобильная,3.168,18.15229982940267
developer,Октябрьский,2.0,7.0,4.9,4.3904,1.0,Большевистская,24.5,Речной вокзал,1,1,54.99256,82.977895,3.168,5.559404724898926,1,Автомобильная,3.168,18.15229982940267
real_estate_agent,Кировский,6.0,10.0,11.2,4.43,1.0,Зорге,38.5,Площадь Маркса,1,16,54.930926,82.913153,5.814,11.04465478459428,0,Автомобильная,0.0,15.107016232224561
real_estate_agent,Кировский,14.0,16.0,4.0,4.4,1.0,Ватутина,24.0,Площадь Маркса,1,6,54.972933,82.919289,1.804,6.364328455898847,0,Транспортная,0.0,18.212411080988037
real_estate_agent,Калининский,10.0,17.0,5.9,4.4,1.0,Краузе,29.5,Заельцовская,1,16,55.115393,82.936195,6.448,9.52987809805281,1,Автомобильная,6.448,31.857441349567008
real_estate_agent,Калининский,8.0,17.0,5.0,4.43,1.0,Краузе,30.0,Заельцовская,1,3,55.115393,82.936195,6.448,9.52987809805281,1,Автомобильная,6.448,31.857441349567008
homeowner,Ленинский,8.0,13.0,5.0,4.4,1.0,69/1,25.8,Площадь Ленина,1,16,55.030204,82.92043,0.002,0.0043534281007499,1,Пешеходная,0.002,23.528952626256473
homeowner,Дзержинский,14.0,22.0,4.62,4.4,1.0,Королева,23.1,Березовая Роща,1,1,55.050514,82.968489,1.327,3.8070616847637977,1,Комфортная,1.327,24.36613246098095
real_estate_agent,Октябрьский,10.0,10.0,5.0,4.45,1.0,Плющихинская,39.0,Золотая Нива,1,3,55.011366,83.006291,3.503,5.858509538735904,1,Автомобильная,3.503,19.480146079480427
real_estate_agent,Октябрьский,10.0,10.0,7.1,4.45,1.0,Плющихинская,39.02,Золотая Нива,1,3,55.014277,83.004009,3.154,5.612530857641538,1,Автомобильная,3.154,19.832106141241226
real_estate_agent,Октябрьский,13.0,17.0,6.0,4.45,1.0,Вилюйская,38.0,Речной вокзал,1,15,55.000549,83.006542,4.497,6.401632921614088,1,Автомобильная,4.497,18.326917389988893
real_estate_agent,Калининский,6.0,16.0,4.0,4.45,1.0,Мясниковой,28.9,Заельцовская,1,11,55.106057,82.944711,5.617,8.57917913788944,1,Автомобильная,5.617,30.701660207861508
real_estate_agent,Октябрьский,2.0,10.0,4.0,4.45,1.0,Плющихинская,39.0,Золотая Нива,1,4,55.014277,83.004009,3.154,5.612530857641538,1,Автомобильная,3.154,19.832106141241226
real_estate_agent,Затулинский жилмассив,22.0,27.0,9.599999999999998,4.499,1.0,Зорге,28.9,Площадь Маркса,1,4,54.927139,82.923421,6.375,11.457551985162777,0,Автомобильная,0.0,14.333999170145994
real_estate_agent,Ленинский,12.0,13.0,3.0,4.45,1.0,Ясный Берег,23.92,Спортивная,1,2,55.012501,82.902023,2.287,2.28812725195388,1,Транспортная,2.287,22.43511536893296
real_estate_agent,Затулинский жилмассив,19.0,27.0,11.5,4.499,1.0,Зорге,31.5,Площадь Маркса,1,4,54.927496,82.924562,6.357,11.419307605689111,0,Автомобильная,0.0,14.304317063535915
real_estate_agent,Заельцовский,5.0,17.0,4.0,4.46,1.0,Сухарная,25.4,Площадь Гарина-Михайловского,1,11,55.045955,82.864779,2.51,3.9572015281522734,1,Транспортная,2.51,26.847533189768335
real_estate_agent,Калининский,19.0,19.0,5.0,4.499,1.0,Гребенщикова,30.9,Заельцовская,1,11,55.107118,82.936465,5.562,8.617428903035426,1,Автомобильная,5.562,30.98064602767467
real_estate_agent,Калининский,1.0,12.0,4.0,4.47,1.0,Имени генерал-майора А.Н. Рожкина,28.0,Заельцовская,1,3,55.110326,82.924858,5.76,8.917941602322847,1,Автомобильная,5.76,31.563824775934787
homeowner,Заельцовский,5.0,19.0,3.0,4.49,1.0,Сухарная,26.0,Площадь Гарина-Михайловского,1,11,55.045955,82.864779,2.51,3.9572015281522734,1,Транспортная,2.51,26.847533189768335
real_estate_agent,Заельцовский,16.0,23.0,2.0,4.5,1.0,Светлановская,26.21,Заельцовская,1,2,55.075406,82.922819,1.937,5.032859017673609,1,Транспортная,1.937,27.999282260318072
real_estate_agent,Калининский,11.0,21.0,6.0,4.5,1.0,Тюленина,29.3,Заельцовская,1,2,55.106809,82.952293,5.886,8.76046986064413,1,Автомобильная,5.886,30.63471773466421
real_estate_agent,Заельцовский,7.0,25.0,3.0,4.5,1.0,Сухарная,29.0,Площадь Гарина-Михайловского,1,3,55.04646,82.865794,2.48,3.924932613347529,1,Транспортная,2.48,26.859316812850363
real_estate_agent,Ленинский,2.0,17.0,5.6,4.5,1.0,Немировича-Данченко,31.9,Площадь Маркса,1,10,54.973233,82.850783,3.069,7.733624576968559,1,Автомобильная,3.069,21.206145644792862
real_estate_agent,Ленинский,8.0,13.0,6.0,4.5,1.0,69/1,25.8,Площадь Ленина,1,17,55.030204,82.92043,0.002,0.0043534281007499,1,Пешеходная,0.002,23.528952626256473
real_estate_agent,Калининский,2.0,15.0,4.8,4.5,1.0,Объединения,29.0,Заельцовская,1,2,55.09303,82.953919,4.608,7.308231146440625,1,Автомобильная,4.608,29.142904853852343
real_estate_agent,Заельцовский,19.0,26.0,5.420000000000001,4.5,1.0,Дуси Ковальчук,27.1,Заельцовская,1,2,55.062725,82.926448,0.974,3.640707897239991,1,Комфортная,0.974,26.613539240505943
real_estate_agent,Ленинский,10.0,27.0,15.0,4.5,1.0,Волховская,41.0,Площадь Маркса,1,11,54.971166,82.835009,4.097,8.527783984156077,1,Автомобильная,4.097,21.80654271845953
real_estate_agent,Ленинский,16.0,16.0,5.0,4.5,1.0,69/1,25.7,Площадь Маркса,1,21,55.001979,82.842312,4.075,5.884707434078323,1,Автомобильная,4.075,23.85413672813159
real_estate_agent,Октябрьский,17.0,29.0,4.0,4.5,1.0,Пролетарская,28.97,Золотая Нива,1,1,55.021142,82.968993,1.867,3.253490696934803,1,Транспортная,1.867,21.298334067615226
real_estate_agent,Ленинский,1.0,18.0,5.0,4.5,1.0,Станиславского,26.0,Площадь Маркса,1,3,54.979919,82.868803,1.768,6.485167835965648,1,Транспортная,1.768,20.90802096107497
real_estate_agent,Заельцовский,16.0,23.0,5.242000000000001,4.5,1.0,Светлановская,26.21,Заельцовская,1,1,55.075406,82.922819,1.937,5.032859017673609,1,Транспортная,1.937,27.999282260318072
real_estate_agent,Калининский,2.0,18.0,5.68,4.5,1.0,Имени генерал-майора А.Н. Рожкина,28.4,Заельцовская,1,2,55.111459,82.925667,5.892,9.04561326239051,1,Автомобильная,5.892,31.66461995357834
real_estate_agent,Калининский,4.0,12.0,5.6000000000000005,4.5,1.0,Имени генерал-майора А.Н. Рожкина,28.0,Заельцовская,1,4,55.111114,82.925415,5.852,9.006698240979121,1,Автомобильная,5.852,31.63402241126301
homeowner,Калининский,8.0,13.0,5.54,4.5,1.0,Мясниковой,27.7,Заельцовская,1,10,55.11045,82.92732,5.797,8.938036920771257,1,Автомобильная,5.797,31.523384172214413
real_estate_agent,Ленинский,2.0,17.0,5.792000000000001,4.522896,1.0,Титова,28.96,Площадь Маркса,1,1,54.98149,82.831937,4.101,7.819445761202049,1,Автомобильная,4.101,22.713037308958214
developer,Кировский,6.0,11.0,4.3,4.5,1.0,18-й Бронный переулок,25.3,Площадь Маркса,1,2,54.94595,82.942429,5.005,9.468814785943897,0,Автомобильная,0.0,14.952863506737435
homeowner,Октябрьский,13.0,18.0,1.3200000000000005,4.5,1.0,Закаменский мкр,25.32,Березовая Роща,1,4,55.036834,82.957925,0.815,2.501451551499742,1,Комфортная,0.815,23.180393285808286
homeowner,Ленинский,8.0,17.0,5.0,4.5,1.0,Связистов,25.0,Площадь Маркса,1,3,54.960705,82.839599,4.338,9.286609309522287,1,Автомобильная,4.338,20.840207227327816
homeowner,Ленинский,24.0,16.0,12.299999999999995,4.5,1.0,Зорге,32.3,Площадь Маркса,1,22,54.926963,82.922451,6.377,11.476259178615932,1,Автомобильная,6.377,14.368691881006487
real_estate_agent,Ленинский,12.0,19.0,11.0,4.55,1.0,Станиславского,27.0,Площадь Маркса,1,12,54.979087,82.870843,1.657,6.500781515570219,1,Транспортная,1.657,20.751262999985975
real_estate_agent,Октябрьский,14.0,16.0,8.0,4.55,1.0,Ипподромская,20.7,Площадь Ленина,1,4,55.031226,82.940893,1.311,1.3090514454954745,1,Комфортная,1.311,23.044392765494447
real_estate_agent,Калининский,2.0,12.0,3.4,4.55,1.0,Имени генерал-майора А.Н. Рожкина,27.7,Заельцовская,1,3,55.110326,82.924858,5.76,8.917941602322847,1,Автомобильная,5.76,31.563824775934787
real_estate_agent,Октябрьский,13.0,17.0,4.0,4.59,1.0,Закаменский мкр,25.3,Березовая Роща,1,6,55.036834,82.957925,0.815,2.501451551499742,1,Комфортная,0.815,23.180393285808286
real_estate_agent,Заельцовский,7.0,9.0,5.5600000000000005,4.587,1.0,Сухарная,27.8,Площадь Гарина-Михайловского,1,5,55.046796,82.859497,2.852,4.300773880763655,1,Транспортная,2.852,27.110837817747704
real_estate_agent,Калининский,8.0,17.0,13.5,4.55,1.0,Фадеева,30.4,Заельцовская,1,11,55.099516,82.940714,4.848,7.818832979666401,1,Автомобильная,4.848,30.093405602106028
real_estate_agent,Октябрьский,2.0,20.0,2.6,4.59,1.0,Ленинградская,24.5,Речной вокзал,1,3,55.002919,82.982198,2.925,4.968131901298579,1,Транспортная,2.925,19.104156567880754
realtor,Калининский,5.0,23.0,5.3,4.55,1.0,Игарская,22.7,Заельцовская,1,1,55.100623,82.941783,4.987,7.951611298275642,1,Автомобильная,4.987,30.187745905310507
realtor,Кировский,8.0,18.0,4.0,4.55,1.0,Сибиряков-Гвардейцев,29.0,Площадь Маркса,1,4,54.94307,82.901646,4.376,9.75843717458473,0,Автомобильная,0.0,16.546909948906276
realtor,Советский,3.0,3.0,5.0,4.550111,1.0,Садовый проезд,33.3,Спортивная,1,8,54.902361,83.113046,16.044,18.79142277762653,0,Удалённая,0.0,6.645415415945252
homeowner,Кировский,5.0,17.0,16.0,4.555,1.0,Тульская,35.0,Студенческая,1,6,54.978178,82.916648,1.358,5.785735902161735,0,Комфортная,0.0,18.77742222383056
homeowner,Октябрьский,11.0,15.0,5.0,4.55,1.0,Ипподромская,20.25,Площадь Ленина,1,4,55.031226,82.940893,1.311,1.3090514454954745,1,Комфортная,1.311,23.044392765494447
real_estate_agent,Калининский,7.0,20.0,10.0,4.61,1.0,Олеко Дундича,27.1,Березовая Роща,1,10,55.071175,82.957773,3.122,5.143039739662339,1,Автомобильная,3.122,26.760257131470503
real_estate_agent,Калининский,5.0,12.0,6.0,4.6,1.0,Имени генерал-майора А.Н. Рожкина,28.0,Заельцовская,1,3,55.111114,82.925415,5.852,9.006698240979121,1,Автомобильная,5.852,31.63402241126301
real_estate_agent,Ленинский,11.0,26.0,4.0,4.6,1.0,1-я Чулымская,27.6,Площадь Гарина-Михайловского,1,10,55.0131,82.89048,2.547,2.6920172640711644,1,Транспортная,2.547,22.90161999367994
real_estate_agent,Кировский,6.0,17.0,4.6,4.6,1.0,Бронная,41.2,Площадь Маркса,1,3,54.948458,82.967438,5.902,9.567430698725714,0,Автомобильная,0.0,14.196694380147425
real_estate_agent,Советский,8.0,18.0,6.0,4.6,1.0,Балтийская,29.5,Площадь Маркса,1,14,54.855812,83.050003,17.159,21.07945927071576,0,Удалённая,0.0,3.132593146409371
real_estate_agent,Калининский,3.0,13.0,6.0,4.6,1.0,Красный проспект,23.3,Заельцовская,1,6,55.114817,82.931775,6.325,9.44051309089754,1,Автомобильная,6.325,31.887210987124963
real_estate_agent,Кировский,2.0,14.0,5.0,4.6,1.0,Петухова,32.6,Площадь Маркса,1,2,54.937696,82.950694,6.058,10.461760008159672,0,Автомобильная,0.0,13.913468284096135
real_estate_agent,Заельцовский,4.0,13.0,5.0,4.6,1.0,Лобачевского,29.1,Заельцовская,1,9,55.122292,82.897433,7.104,10.348182301851288,1,Удалённая,7.104,33.43335891933535
real_estate_agent,Октябрьский,10.0,19.0,3.0,4.6,1.0,Закаменский мкр,22.0,Березовая Роща,1,4,55.036834,82.957925,0.815,2.501451551499742,1,Комфортная,0.815,23.180393285808286
real_estate_agent,Кировский,2.0,3.0,6.0,4.6,1.0,Серафимовича,36.0,Площадь Маркса,1,14,54.974902,82.881757,1.235,6.621587442047807,0,Комфортная,0.0,19.93502475447334
real_estate_agent,Железнодорожный,1.0,20.0,4.0,4.6,1.0,Фабричная,21.3,Площадь Гарина-Михайловского,1,6,55.025286,82.89675,1.139,1.6041450214512063,1,Комфортная,1.139,23.813578913695125
real_estate_agent,Октябрьский,10.0,25.0,4.54,4.6,1.0,Кирова,22.7,Октябрьская,1,3,55.013591,82.955042,1.164,2.874465185953487,1,Комфортная,1.164,20.886089898455722
real_estate_agent,Калининский,14.0,16.0,2.5,4.6,1.0,Тайгинская,26.8,Заельцовская,1,4,55.113117,82.978119,7.321,9.928021281956193,1,Удалённая,7.321,30.869275320320725
real_estate_agent,Октябрьский,20.0,26.0,4.4,4.6,1.0,Выборная,22.0,Золотая Нива,1,6,55.008175,83.021355,4.375,6.882420766394367,1,Автомобильная,4.375,18.88098944588562
real_estate_agent,Кировский,3.0,17.0,5.0,4.6,1.0,Сибиряков-Гвардейцев,31.4,Площадь Маркса,1,4,54.94307,82.901646,4.376,9.75843717458473,0,Автомобильная,0.0,16.546909948906276
real_estate_agent,Кировский,2.0,3.0,3.0,4.6,1.0,Серафимовича,36.0,Площадь Маркса,1,14,54.974902,82.881757,1.235,6.621587442047807,0,Комфортная,0.0,19.93502475447334
real_estate_agent,Октябрьский,3.0,23.0,5.702000000000001,4.61862,1.0,2-я Воинская,28.51,Золотая Нива,1,2,55.016915,82.987776,2.417,4.538162461147457,1,Транспортная,2.417,20.433914982818834
real_estate_agent,Кировский,15.0,17.0,5.720000000000001,4.6,1.0,Сибиряков-Гвардейцев,28.6,Площадь Маркса,1,3,54.944057,82.900532,4.261,9.658613640860066,0,Автомобильная,0.0,16.673177173124213
homeowner,Кировский,2.0,14.0,2.6000000000000014,4.6,1.0,Петухова,32.6,Площадь Маркса,1,2,54.937696,82.950694,6.058,10.461760008159672,0,Автомобильная,0.0,13.913468284096135
real_estate_agent,Кировский,9.0,18.0,4.0,4.65,1.0,Сибиряков-Гвардейцев,24.8,Площадь Маркса,1,4,54.94307,82.901646,4.376,9.75843717458473,0,Автомобильная,0.0,16.546909948906276
real_estate_agent,Калининский,1.0,9.0,8.0,4.676464,1.0,Василия Клевцова,31.41,Заельцовская,1,3,55.098042,82.975649,5.912,8.32626559745896,1,Автомобильная,5.912,29.28531792956703
real_estate_agent,Калининский,4.0,23.0,5.316,4.68,1.0,Игарская,26.58,Заельцовская,1,1,55.099742,82.942492,4.914,7.863048867522804,1,Автомобильная,4.914,30.080466165917034
realtor,Дзержинский,20.0,26.0,4.800000000000001,4.65,1.0,Бориса Богаткова,24.0,Золотая Нива,1,10,55.038877,82.9835,0.526,4.133794569990115,1,Комфортная,0.526,22.834033058271487
real_estate_agent,Ленинский,9.0,14.0,3.0,4.7,1.0,Ясный Берег,22.0,Спортивная,1,6,55.012501,82.902023,2.287,2.28812725195388,1,Транспортная,2.287,22.43511536893296
real_estate_agent,Кировский,22.0,25.0,4.0,4.717,1.0,Сержанта Коротаева,31.0,Спортивная,1,7,54.960535,82.954925,4.404,8.048975061336986,0,Автомобильная,0.0,15.755711530905492
real_estate_agent,Кировский,13.0,26.0,7.0,4.7,1.0,Оловозаводская,27.4,Спортивная,1,11,54.966261,82.956407,3.924,7.467004769723738,0,Автомобильная,0.0,16.233210433243027
real_estate_agent,Кировский,4.0,4.0,5.0,4.7,1.0,Федора Горячева,34.4,Спортивная,1,14,54.944657,83.003856,7.721,10.896228253990484,0,Удалённая,0.0,12.632227992787005
real_estate_agent,Дзержинский,21.0,22.0,5.5200000000000005,4.7,1.0,Коминтерна,27.6,Золотая Нива,1,2,55.041271,83.023475,3.079,6.680975979470764,1,Автомобильная,3.079,22.438102767934602
real_estate_agent,Октябрьский,5.0,25.0,4.64,4.7045,1.0,Выборная,23.2,Золотая Нива,1,2,55.008175,83.021355,4.375,6.882420766394367,1,Автомобильная,4.375,18.88098944588562
real_estate_agent,Калининский,1.0,22.0,5.800000000000001,4.72,1.0,Имени генерал-майора А.Н. Рожкина,29.0,Заельцовская,1,3,55.110769,82.924427,5.805,8.96635691648227,1,Автомобильная,5.805,31.619502604789545
real_estate_agent,Калининский,10.0,23.0,5.284000000000001,4.7,1.0,Игарская,26.42,Заельцовская,1,1,55.099742,82.942492,4.914,7.863048867522804,1,Автомобильная,4.914,30.080466165917034
real_estate_agent,Калининский,7.0,23.0,5.316,4.7,1.0,Игарская,26.58,Заельцовская,1,1,55.099742,82.942492,4.914,7.863048867522804,1,Автомобильная,4.914,30.080466165917034
real_estate_agent,Кировский,3.0,24.0,5.996,4.7,1.0,Оловозаводская,29.98,Спортивная,1,1,54.96761,82.959946,3.946,7.398201004620823,0,Автомобильная,0.0,16.238750386698424
developer,Центральный,25.0,29.0,2.0,4.73525,1.0,Николая Островского,20.15,Маршала Покрышкина,1,1,55.050262,82.927778,0.751,2.2831220130337577,1,Комфортная,0.751,25.315850278715093
real_estate_agent,Октябрьский,12.0,25.0,1.3000000000000007,4.7,1.0,Рябиновая,27.0,Золотая Нива,1,6,55.001354,83.027392,5.201,7.533917472873117,1,Автомобильная,5.201,18.051964520127814
homeowner,Кировский,2.0,3.0,7.2,4.7,1.0,Серафимовича,36.0,Площадь Маркса,1,14,54.974902,82.881757,1.235,6.621587442047807,0,Комфортная,0.0,19.93502475447334
real_estate_agent,Октябрьский,4.0,17.0,5.0,4.78,1.0,Гаранина,21.8,Золотая Нива,1,4,55.02572,82.97246,1.325,3.35235275377122,1,Комфортная,1.325,21.690524146355262
real_estate_agent,Заельцовский,12.0,26.0,3.0,4.75,1.0,Дуси Ковальчук,30.0,Заельцовская,1,2,55.062725,82.926448,0.974,3.640707897239991,1,Комфортная,0.974,26.613539240505943
real_estate_agent,Дзержинский,2.0,17.0,6.0,4.78,1.0,Республиканская,27.0,Березовая Роща,1,8,55.06819,82.970897,3.021,5.311299281383742,1,Автомобильная,3.021,26.18288392150871
developer,Октябрьский,25.0,25.0,4.1,4.79,1.0,Ленинградская,25.84,Речной вокзал,1,1,55.011185,82.963136,1.635,3.444290843570368,1,Транспортная,1.635,20.427155475247062
real_estate_agent,Кировский,8.0,9.0,20.200000000000003,4.79,1.0,Гэсстроевская,38.2,Спортивная,1,13,54.966468,82.960512,4.067,7.52990647679845,0,Автомобильная,0.0,16.11191563911954
developer,Ленинский,5.0,15.0,4.436,4.79,1.0,площадь Карла Маркса,22.18,Площадь Маркса,1,1,54.983024,82.893202,0.208,5.522037183566433,1,Пешеходная,0.208,20.13041113539444
real_estate_agent,Октябрьский,25.0,25.0,5.168,4.79,1.0,Ленинградская,25.84,Речной вокзал,1,1,55.011185,82.963136,1.635,3.444290843570368,1,Транспортная,1.635,20.427155475247062
real_estate_agent,Ленинский,5.0,15.0,4.436,4.79,1.0,площадь Карла Маркса,22.18,Площадь Маркса,1,1,54.983024,82.893202,0.208,5.522037183566433,1,Пешеходная,0.208,20.13041113539444
realtor,Заельцовский,5.0,26.0,5.0,4.75,1.0,Дуси Ковальчук,31.4,Заельцовская,1,3,55.062266,82.925361,0.89,3.58323072011928,1,Комфортная,0.89,26.594888537392432
real_estate_agent,Кировский,3.0,4.0,5.0,4.8,1.0,Федора Горячева,34.83,Спортивная,1,10,54.945785,83.007369,7.79,10.89923704875092,0,Удалённая,0.0,12.643757788820169
real_estate_agent,Октябрьский,4.0,13.0,4.0,4.8,1.0,Автогенная,40.7,Речной вокзал,1,3,55.010617,82.971678,2.171,3.923604110490692,1,Транспортная,2.171,20.151514320864976
real_estate_agent,Заельцовский,7.0,14.0,11.5,4.823,1.0,Аэропорт,31.3,Заельцовская,1,3,55.081694,82.903775,2.585,5.827194737201371,1,Транспортная,2.585,29.129679841305315
real_estate_agent,Калининский,6.0,23.0,5.486000000000001,4.8,1.0,Игарская,27.43,Заельцовская,1,1,55.099742,82.942492,4.914,7.863048867522804,1,Автомобильная,4.914,30.080466165917034
real_estate_agent,Октябрьский,2.0,25.0,5.772,4.84848,1.0,Пролетарская,28.86,Золотая Нива,1,1,55.021142,82.968993,1.867,3.253490696934803,1,Транспортная,1.867,21.298334067615226
realtor,Кировский,5.0,11.0,8.0,4.8,1.0,Зорге,37.98,Площадь Маркса,1,12,54.933145,82.930509,5.888,10.807261361641327,0,Автомобильная,0.0,14.443255166369594
homeowner,Советский,14.0,17.0,5.24,4.8,1.0,Приморская,26.2,Площадь Маркса,1,9,54.861653,82.994756,14.82,19.329487765019643,0,Удалённая,0.0,6.66860360168623
real_estate_agent,Октябрьский,9.0,19.0,4.0,4.85,1.0,Михаила Кулагина,23.1,Золотая Нива,1,9,55.035617,82.961563,0.919,2.690079763948086,1,Комфортная,0.919,22.968401258334335
real_estate_agent,Заельцовский,26.0,26.0,11.0,4.899,1.0,Дуси Ковальчук,31.0,Заельцовская,1,2,55.057193,82.906865,0.417,3.127270329890379,1,Пешеходная,0.417,26.59018735446785
real_estate_agent,Октябрьский,4.0,20.0,5.2,4.85,1.0,Вилюйская,27.7,Речной вокзал,1,4,54.999005,83.006389,4.528,6.483463794582361,1,Автомобильная,4.528,18.16655224736858
realtor,Ленинский,5.0,25.0,5.0,4.85,1.0,Костычева,26.3,Площадь Маркса,1,2,54.976617,82.877975,1.324,6.541093581997182,1,Комфортная,1.324,20.23915330119089
developer,Калининский,2.0,23.0,5.284000000000001,4.85,1.0,Игарская,26.42,Заельцовская,1,1,55.099742,82.942492,4.914,7.863048867522804,1,Автомобильная,4.914,30.080466165917034
real_estate_agent,Кировский,15.0,17.0,6.24,4.85,1.0,Сибиряков-Гвардейцев,31.2,Площадь Маркса,1,3,54.944057,82.900532,4.261,9.658613640860066,0,Автомобильная,0.0,16.673177173124213
developer,Центральный,26.0,29.0,2.0,4.88095,1.0,Николая Островского,20.77,Маршала Покрышкина,1,1,55.050262,82.927778,0.751,2.2831220130337577,1,Комфортная,0.751,25.315850278715093
realtor,Ленинский,15.0,18.0,5.0,4.899999,1.0,Стартовая,24.0,Спортивная,1,7,54.998638,82.90753,0.908,3.6009143200994247,1,Комфортная,0.908,20.960577173835258
real_estate_agent,Дзержинский,9.0,25.0,4.2,4.85,1.0,Гоголя,21.0,Березовая Роща,1,6,55.049215,82.966468,1.137,3.617912869050166,1,Комфортная,1.137,24.272869610433453
real_estate_agent,Центральный,5.0,9.0,8.2,4.9,1.0,Фрунзе,23.2,Сибирская,1,49,55.035766,82.917268,0.559,0.6547067440959082,1,Комфортная,0.559,24.169493456714537
real_estate_agent,Заельцовский,2.0,14.0,4.0,4.91,1.0,Аэропорт,33.28,Заельцовская,1,2,55.081576,82.904889,2.558,5.801764458023236,1,Транспортная,2.558,29.08816018095662
real_estate_agent,Октябрьский,5.0,17.0,4.48,4.9,1.0,Большевистская,22.4,Речной вокзал,1,1,54.99256,82.977895,3.168,5.559404724898926,1,Автомобильная,3.168,18.15229982940267
real_estate_agent,Октябрьский,24.0,25.0,2.5,4.9,1.0,Кирова,20.2,Октябрьская,1,3,55.013591,82.955042,1.164,2.874465185953487,1,Комфортная,1.164,20.886089898455722
real_estate_agent,Дзержинский,4.0,25.0,5.120000000000001,4.9,1.0,Авиастроителей,25.6,Березовая Роща,1,1,55.072829,82.973188,3.552,5.813454823767034,1,Автомобильная,3.552,26.6324378172477
real_estate_agent,Калининский,15.0,23.0,5.236000000000001,4.9,1.0,Игарская,26.18,Заельцовская,1,1,55.099742,82.942492,4.914,7.863048867522804,1,Автомобильная,4.914,30.080466165917034
developer,Калининский,4.0,23.0,5.316,4.9,1.0,Игарская,26.58,Заельцовская,1,1,55.099742,82.942492,4.914,7.863048867522804,1,Автомобильная,4.914,30.080466165917034
developer,Первомайский,2.0,10.0,5.0,4.9346,1.0,Звездная,25.92,Речной вокзал,1,1,54.952646,83.066864,10.374,12.710379261406594,0,Удалённая,0.0,12.249782651095776
homeowner,Кировский,6.0,19.0,8.0,4.9,1.0,Герцена,44.0,Спортивная,1,6,54.961455,82.969271,4.853,8.250799399428653,0,Автомобильная,0.0,15.343741659116969
real_estate_agent,Заельцовский,9.0,26.0,3.0,4.98,1.0,Красный проспект,30.4,Заельцовская,1,2,55.05728,82.914896,0.241,3.0356387034335457,1,Пешеходная,0.241,26.372278571136523
real_estate_agent,Ленинский,2.0,24.0,4.0,4.95,1.0,площадь Райсовета,32.9,Площадь Маркса,1,5,54.994532,82.875083,1.914,4.90518567430771,1,Транспортная,1.914,21.853475708842797
real_estate_agent,Железнодорожный,22.0,25.0,11.0,4.95,1.0,Железнодорожная,25.0,Гагаринская,1,11,55.047028,82.904925,0.762,2.1195997825832107,1,Комфортная,0.762,25.644497668716866
real_estate_agent,Ленинский,7.0,17.0,5.0,4.99,1.0,69/1,28.8,Площадь Маркса,1,17,55.001979,82.842312,4.075,5.884707434078323,1,Автомобильная,4.075,23.85413672813159
real_estate_agent,Заельцовский,17.0,26.0,6.0,4.95,1.0,Красный проспект,26.49,Заельцовская,1,2,55.05728,82.914896,0.241,3.0356387034335457,1,Пешеходная,0.241,26.372278571136523
real_estate_agent,Калининский,2.0,12.0,6.0,4.99,1.0,Имени генерал-майора А.Н. Рожкина,30.0,Заельцовская,1,3,55.110769,82.924427,5.805,8.96635691648227,1,Автомобильная,5.805,31.619502604789545
real_estate_agent,Октябрьский,15.0,20.0,4.82,4.999,1.0,Ленинградская,24.1,Речной вокзал,1,4,55.001819,82.983518,3.038,5.10966302296737,1,Автомобильная,3.038,18.95922571787914
homeowner,Октябрьский,10.0,17.0,4.0,4.95,1.0,Закаменский мкр,24.0,Березовая Роща,1,3,55.037036,82.955302,0.729,2.3495398842606523,1,Комфортная,0.729,23.264534725560093
developer,Калининский,16.0,17.0,5.84,4.95,1.0,Игарская,29.2,Заельцовская,1,1,55.098949,82.943516,4.859,7.788347941197897,1,Автомобильная,4.859,29.976001355322996
real_estate_agent,Калининский,16.0,17.0,5.84,4.95,1.0,Игарская,29.2,Заельцовская,1,1,55.098949,82.943516,4.859,7.788347941197897,1,Автомобильная,4.859,29.976001355322996
realtor,Советский,22.0,25.0,5.0,4.99,1.0,Приморская,31.79,Площадь Маркса,1,1,54.856414,82.984902,15.102,19.75408681465907,0,Удалённая,0.0,7.134263140173529
developer,Октябрьский,17.0,17.0,5.3,4.998,1.0,Знаменский кв-л,24.56,Золотая Нива,1,1,55.030225,82.979458,0.845,3.7615238211652096,1,Комфортная,0.845,22.006010160130607
real_estate_agent,Калининский,13.0,26.0,4.8,4.999999,1.0,Игарская,26.4,Заельцовская,1,3,55.100433,82.942492,4.985,7.938658743097632,1,Автомобильная,4.985,30.153201364661076
developer,Кировский,1.0,10.0,4.0,4.99,1.0,18-й Бронный переулок,29.0,Площадь Маркса,1,2,54.94595,82.942429,5.005,9.468814785943897,0,Автомобильная,0.0,14.952863506737435
homeowner,Заельцовский,8.0,9.0,4.0,4.99,1.0,Сухарная,28.0,Площадь Гарина-Михайловского,1,5,55.046796,82.859497,2.852,4.300773880763655,1,Транспортная,2.852,27.110837817747704
real_estate_agent,Октябрьский,11.0,26.0,8.0,5.0,1.0,Вилюйская,37.0,Речной вокзал,1,13,55.000389,83.007755,4.576,6.477157849544198,1,Автомобильная,4.576,18.28644200579875
real_estate_agent,Октябрьский,14.0,14.0,6.0,5.0,1.0,Нижегородская,30.3,Речной вокзал,1,17,55.013152,82.94596,0.679,2.495178841981239,1,Комфортная,0.679,21.095839366877144
real_estate_agent,Железнодорожный,10.0,17.0,3.0,5.0,1.0,Железнодорожная,26.0,Гагаринская,1,11,55.047373,82.906155,0.676,2.1187874816861973,1,Комфортная,0.676,25.64145148270147
real_estate_agent,Калининский,2.0,9.0,4.0,5.0,1.0,Дунаевского,28.0,Заельцовская,1,10,55.10207,82.975469,6.241,8.72964053345535,1,Автомобильная,6.241,29.7210817616476
real_estate_agent,Кировский,18.0,26.0,3.4,5.0,1.0,Аникина,28.0,Студенческая,1,9,54.964509,82.945106,3.659,7.468262992841505,0,Автомобильная,0.0,16.476835114549594
realtor,Заельцовский,11.0,14.0,5.800000000000001,5.0,1.0,Аэропорт,29.0,Заельцовская,1,3,55.081576,82.904889,2.558,5.801764458023236,1,Транспортная,2.558,29.08816018095662
homeowner,Октябрьский,24.0,25.0,4.04,5.0,1.0,Кирова,20.2,Октябрьская,1,4,55.013591,82.955042,1.164,2.874465185953487,1,Комфортная,1.164,20.886089898455722
real_estate_agent,Октябрьский,6.0,16.0,6.0,5.06,1.0,Ипподромская,24.4,Площадь Ленина,1,4,55.031226,82.940893,1.311,1.3090514454954745,1,Комфортная,1.311,23.044392765494447
real_estate_agent,Железнодорожный,13.0,25.0,9.0,5.096,1.0,Железнодорожная,24.8,Гагаринская,1,11,55.047028,82.904925,0.762,2.1195997825832107,1,Комфортная,0.762,25.644497668716866
real_estate_agent,Октябрьский,7.0,10.0,9.0,5.05,1.0,Выборная,36.5,Золотая Нива,1,20,55.003523,83.021265,4.769,7.077850858053513,1,Автомобильная,4.769,18.381595074348038
real_estate_agent,Кировский,8.0,24.0,11.6,5.08,1.0,Немировича-Данченко,27.1,Площадь Маркса,1,2,54.979351,82.911716,1.043,5.677557333442908,0,Комфортная,0.0,19.072477519414875
real_estate_agent,Заельцовский,8.0,8.0,5.0,5.1,1.0,Красный проспект,22.2,Заельцовская,1,4,55.063658,82.905158,0.702,3.849325912843135,1,Комфортная,0.702,27.281808122219267
real_estate_agent,Октябрьский,7.0,23.0,10.0,5.1,1.0,2-я Воинская,27.5,Золотая Нива,1,2,55.016915,82.987776,2.417,4.538162461147457,1,Транспортная,2.417,20.433914982818834
real_estate_agent,Октябрьский,14.0,27.0,9.0,5.1,1.0,Вилюйская,34.8,Речной вокзал,1,12,55.001416,83.006102,4.449,6.328300897746612,1,Автомобильная,4.449,18.427286415981794
real_estate_agent,Заельцовский,4.0,25.0,5.4,5.1,1.0,Светлановская,27.0,Заельцовская,1,3,55.07753,82.923969,2.184,5.27155279668672,1,Транспортная,2.184,28.18837201873969
real_estate_agent,Дзержинский,8.0,25.0,4.638000000000001,5.11,1.0,Авиастроителей,23.19,Березовая Роща,1,1,55.070334,82.966729,3.151,5.352187273041826,1,Автомобильная,3.151,26.490784610916197
real_estate_agent,Кировский,5.0,17.0,8.120000000000001,5.1,1.0,Петухова,40.6,Площадь Маркса,1,3,54.937877,82.95647,6.261,10.51635463509542,0,Автомобильная,0.0,13.68819956188724
real_estate_agent,Октябрьский,11.0,22.0,8.0,5.15,1.0,Большевистская,23.0,Речной вокзал,1,1,55.003678,82.946319,0.832,3.37596176492265,1,Комфортная,0.832,20.149667926859088
real_estate_agent,Заельцовский,14.0,26.0,4.0,5.19,1.0,Дуси Ковальчук,35.62,Заельцовская,1,2,55.062725,82.926448,0.974,3.640707897239991,1,Комфортная,0.974,26.613539240505943
real_estate_agent,Дзержинский,8.0,24.0,3.0,5.15,1.0,Бориса Богаткова,24.0,Золотая Нива,1,9,55.038877,82.9835,0.526,4.133794569990115,1,Комфортная,0.526,22.834033058271487
real_estate_agent,Октябрьский,20.0,23.0,4.0,5.199,1.0,2-я Воинская,24.4,Золотая Нива,1,2,55.016915,82.987776,2.417,4.538162461147457,1,Транспортная,2.417,20.433914982818834
real_estate_agent,Заельцовский,9.0,25.0,4.6,5.18,1.0,Красногорская,24.31,Заельцовская,1,1,55.072747,82.898448,1.774,4.937701159286329,1,Транспортная,1.774,28.37718136668489
developer,Октябрьский,3.0,13.0,5.300000000000001,5.1675,1.0,Большевистская,26.5,Речной вокзал,1,1,54.99256,82.977895,3.168,5.559404724898926,1,Автомобильная,3.168,18.15229982940267
developer,Первомайский,1.0,10.0,5.0,5.184,1.0,Звездная,27.4,Речной вокзал,1,1,54.952646,83.066864,10.374,12.710379261406594,0,Удалённая,0.0,12.249782651095776
real_estate_agent,Калининский,8.0,8.0,6.0,5.19,1.0,Макаренко,30.0,Заельцовская,1,6,55.10068,82.967546,5.806,8.395127642637725,1,Автомобильная,5.806,29.70516973728883
developer,Октябрьский,12.0,12.0,4.306,5.15,1.0,Кошурникова,21.53,Золотая Нива,1,1,55.039997,82.966774,0.627,3.1486892845804637,1,Комфортная,0.627,23.3034375427293
homeowner,Октябрьский,11.0,21.0,5.6000000000000005,5.15,1.0,Михаила Кулагина,28.0,Золотая Нива,1,9,55.035617,82.961563,0.919,2.690079763948086,1,Комфортная,0.919,22.968401258334335
real_estate_agent,Октябрьский,8.0,19.0,4.0,5.2,1.0,Большевистская,22.9,Речной вокзал,1,13,54.991681,82.973358,3.002,5.44960752235831,1,Автомобильная,3.002,18.184327341977703
real_estate_agent,Ленинский,3.0,10.0,4.0,5.2,1.0,Плахотного,26.9,Площадь Маркса,1,10,54.984052,82.86026,2.301,6.404391750737807,1,Транспортная,2.301,21.61692108609359
real_estate_agent,Ленинский,15.0,17.0,3.0,5.2,1.0,Ясный Берег,24.9,Площадь Ленина,1,5,55.01389,82.899238,2.26,2.258507302549424,1,Транспортная,2.26,22.661718958846663
real_estate_agent,Железнодорожный,17.0,25.0,3.0,5.222,1.0,Железнодорожная,24.3,Гагаринская,1,8,55.047028,82.904925,0.762,2.1195997825832107,1,Комфортная,0.762,25.644497668716866
real_estate_agent,Октябрьский,3.0,21.0,4.800000000000001,5.2,1.0,Ленинградская,24.0,Речной вокзал,1,2,55.002919,82.982198,2.925,4.968131901298579,1,Транспортная,2.925,19.104156567880754
real_estate_agent,Заельцовский,13.0,26.0,3.0,5.2,1.0,Красный проспект,27.79,Заельцовская,1,2,55.05728,82.914896,0.241,3.0356387034335457,1,Пешеходная,0.241,26.372278571136523
real_estate_agent,Октябрьский,4.0,23.0,4.0,5.2,1.0,2-я Воинская,27.0,Золотая Нива,1,2,55.016915,82.987776,2.417,4.538162461147457,1,Транспортная,2.417,20.433914982818834
real_estate_agent,Октябрьский,14.0,18.0,3.0,5.2,1.0,Закаменский мкр,28.8,Березовая Роща,1,4,55.036834,82.957925,0.815,2.501451551499742,1,Комфортная,0.815,23.180393285808286
homeowner,Советский,18.0,21.0,12.5,5.2,1.0,Русская,30.8,Площадь Маркса,1,11,54.844679,83.059112,18.509,22.44694165373492,0,Удалённая,0.0,2.2433639235971556
real_estate_agent,Заельцовский,10.0,25.0,5.0,5.25,1.0,Светлановская,24.0,Заельцовская,1,4,55.077958,82.924454,2.239,5.320497555888978,1,Транспортная,2.239,28.220375054362204
real_estate_agent,Калининский,7.0,7.0,10.0,5.29,1.0,Макаренко,37.69,Заельцовская,1,6,55.10068,82.967546,5.806,8.395127642637725,1,Автомобильная,5.806,29.70516973728883
developer,Кировский,18.0,26.0,3.4,5.27,1.0,Аникина,27.27,Студенческая,1,1,54.965574,82.945088,3.571,7.352291025391459,0,Автомобильная,0.0,16.57419367825262
developer,Кировский,4.0,24.0,5.996,5.25,1.0,Оловозаводская,29.98,Спортивная,1,1,54.96761,82.959946,3.946,7.398201004620823,0,Автомобильная,0.0,16.238750386698424
real_estate_agent,Кировский,5.0,24.0,5.996,5.25,1.0,Оловозаводская,29.98,Спортивная,1,1,54.96761,82.959946,3.946,7.398201004620823,0,Автомобильная,0.0,16.238750386698424
homeowner,Заельцовский,13.0,25.0,12.1,5.25,1.0,Светлановская,27.1,Заельцовская,1,4,55.07704,82.923439,2.121,5.215770504742127,1,Транспортная,2.121,28.15120516934958
real_estate_agent,Дзержинский,12.0,25.0,5.2,5.3,1.0,Королева,26.0,Березовая Роща,1,3,55.051773,82.97016,1.497,3.976154644970644,1,Комфортная,1.497,24.463590422842444
real_estate_agent,Октябрьский,6.0,23.0,5.0,5.3,1.0,Владимира Заровного,24.6,Речной вокзал,1,5,54.993913,82.964986,2.44,4.93129455811684,1,Транспортная,2.44,18.639865265176688
real_estate_agent,Ленинский,2.0,19.0,10.0,5.3,1.0,Стартовая,27.0,Спортивная,1,10,54.998638,82.90753,0.908,3.6009143200994247,1,Комфортная,0.908,20.960577173835258
real_estate_agent,Заельцовский,10.0,25.0,3.0,5.3,1.0,Светлановская,27.0,Заельцовская,1,3,55.077958,82.924454,2.239,5.320497555888978,1,Транспортная,2.239,28.220375054362204
real_estate_agent,Центральный,2.0,5.0,6.0,5.3,1.0,Некрасова,43.3,Маршала Покрышкина,1,61,55.047275,82.935773,0.314,2.1388451576919176,1,Пешеходная,0.314,24.80240538890309
real_estate_agent,Первомайский,2.0,10.0,7.2,5.3,1.0,Заречная,36.0,Речной вокзал,1,14,54.979284,83.04897,7.843,9.959758214742832,0,Удалённая,0.0,15.360670483092003
homeowner,Дзержинский,5.0,9.0,5.3,5.3,1.0,Республиканская,32.7,Березовая Роща,1,16,55.074118,82.982126,3.93,6.271073339218192,1,Автомобильная,3.93,26.61066840071591
real_estate_agent,Ленинский,5.0,13.0,16.0,5.35,1.0,Ясный Берег,34.4,Спортивная,1,2,55.012501,82.902023,2.287,2.28812725195388,1,Транспортная,2.287,22.43511536893296
real_estate_agent,Заельцовский,4.0,19.0,7.800000000000001,5.399,1.0,Дуси Ковальчук,39.0,Гагаринская,1,3,55.053046,82.897792,1.109,2.92482858498757,1,Комфортная,1.109,26.44906834190392
developer,Дзержинский,8.0,9.0,4.638000000000001,5.35,1.0,Авиастроителей,23.19,Березовая Роща,1,1,55.070334,82.966729,3.151,5.352187273041826,1,Автомобильная,3.151,26.490784610916197
real_estate_agent,Октябрьский,17.0,22.0,7.0,5.4,1.0,Бориса Богаткова,23.0,Золотая Нива,1,17,55.035132,82.976934,0.277,3.6425562780851175,1,Пешеходная,0.277,22.574066630566644
real_estate_agent,Дзержинский,8.0,25.0,5.0,5.4,1.0,Гоголя,25.3,Березовая Роща,1,3,55.047631,82.96592,1.015,3.4886760926538773,1,Комфортная,1.015,24.11894808166873
developer,Октябрьский,18.0,25.0,3.8,5.4,1.0,Ленинградская,32.41,Речной вокзал,1,1,55.011185,82.963136,1.635,3.444290843570368,1,Транспортная,1.635,20.427155475247062
real_estate_agent,Октябрьский,18.0,25.0,6.481999999999999,5.4,1.0,Ленинградская,32.41,Речной вокзал,1,1,55.011185,82.963136,1.635,3.444290843570368,1,Транспортная,1.635,20.427155475247062
real_estate_agent,Ленинский,8.0,15.0,5.202000000000001,5.44,1.0,площадь Карла Маркса,26.01,Площадь Маркса,1,1,54.983024,82.893202,0.208,5.522037183566433,1,Пешеходная,0.208,20.13041113539444
developer,Ленинский,9.0,15.0,5.202000000000001,5.44,1.0,площадь Карла Маркса,26.01,Площадь Маркса,1,1,54.983024,82.893202,0.208,5.522037183566433,1,Пешеходная,0.208,20.13041113539444
developer,Первомайский,5.0,10.0,5.0,5.4479,1.0,Звездная,28.38,Речной вокзал,1,1,54.952646,83.066864,10.374,12.710379261406594,0,Удалённая,0.0,12.249782651095776
homeowner,Ленинский,1.0,18.0,5.0,5.4,1.0,Ясный Берег,25.0,Площадь Ленина,1,6,55.014706,82.896876,2.284,2.282585881196535,1,Транспортная,2.284,22.82050036504572
homeowner,Кировский,9.0,24.0,2.0,5.4,1.0,Тульская,30.0,Студенческая,1,5,54.978813,82.918381,1.352,5.7115855318060085,0,Комфортная,0.0,18.767181957696927
homeowner,Ленинский,6.0,27.0,4.899999999999999,5.4,1.0,Волховская,38.0,Площадь Маркса,1,11,54.971166,82.835009,4.097,8.527783984156077,1,Автомобильная,4.097,21.80654271845953
homeowner,Ленинский,10.0,10.0,25.0,5.4,1.0,Спортивная,40.0,Площадь Маркса,1,12,54.983308,82.801008,6.075,9.227436171058002,1,Автомобильная,6.075,24.33654823144487
real_estate_agent,Октябрьский,15.0,22.0,3.0,5.45,1.0,Бориса Богаткова,22.52,Золотая Нива,1,17,55.035132,82.976934,0.277,3.6425562780851175,1,Пешеходная,0.277,22.574066630566644
real_estate_agent,Заельцовский,11.0,21.0,20.0,5.49,1.0,Дуси Ковальчук,40.0,Гагаринская,1,5,55.053046,82.897792,1.109,2.92482858498757,1,Комфортная,1.109,26.44906834190392
developer,Октябрьский,12.0,12.0,5.246,5.49,1.0,Кошурникова,26.23,Золотая Нива,1,1,55.039997,82.966774,0.627,3.1486892845804637,1,Комфортная,0.627,23.3034375427293
real_estate_agent,Советский,1.0,3.0,5.0,5.5,1.0,Садовый проезд,33.1,Спортивная,1,6,54.901792,83.109381,15.906,18.68753719575699,0,Удалённая,0.0,6.544101392750873
real_estate_agent,Заельцовский,19.0,22.0,5.0,5.56,1.0,Красный проспект,29.0,Заельцовская,1,13,55.070762,82.908787,1.33,4.574759547858566,1,Комфортная,1.33,27.89295380888076
real_estate_agent,Октябрьский,10.0,19.0,4.0,5.55,1.0,Михаила Кулагина,29.9,Золотая Нива,1,11,55.035627,82.963477,0.8,2.8092889479060044,1,Комфортная,0.8,22.92465698155677
real_estate_agent,Заельцовский,17.0,26.0,3.8,5.5,1.0,Кузьмы Минина,32.3,Заельцовская,1,14,55.071742,82.93633,2.071,4.732706165878774,1,Транспортная,2.071,27.29489785125881
real_estate_agent,Октябрьский,2.0,21.0,4.0,5.5,1.0,Кирова,28.2,Речной вокзал,1,6,55.004995,82.970789,2.164,4.2588193782677735,1,Транспортная,2.164,19.59988385809053
real_estate_agent,Октябрьский,15.0,22.0,3.0,5.5,1.0,Сакко и Ванцетти,23.6,Октябрьская,1,10,55.020905,82.946813,0.539,1.97147613027622,1,Комфортная,0.539,21.845788944390932
real_estate_agent,Центральный,11.0,29.0,4.0,5.548,1.0,Николая Островского,20.25,Маршала Покрышкина,1,2,55.050262,82.927778,0.751,2.2831220130337577,1,Комфортная,0.751,25.315850278715093
real_estate_agent,Кировский,21.0,25.0,4.0,5.55,1.0,Немировича-Данченко,30.44,Площадь Маркса,1,7,54.978359,82.914061,1.221,5.774892371939792,0,Комфортная,0.0,18.893713585487458
real_estate_agent,Ленинский,14.0,26.0,5.0,5.5,1.0,1-я Чулымская,26.5,Площадь Гарина-Михайловского,1,11,55.013849,82.888674,2.496,2.718575916932046,1,Транспортная,2.496,23.035690966637826
realtor,Калининский,8.0,12.0,5.6,5.5,1.0,Богдана Хмельницкого,23.3,Заельцовская,1,2,55.071639,82.941738,2.328,4.807173376500509,1,Транспортная,2.328,27.158682322768882
real_estate_agent,Заельцовский,15.0,19.0,8.0,5.59,1.0,Вавилова,25.0,Заельцовская,1,16,55.055207,82.895762,1.152,3.1976358405603302,1,Комфортная,1.152,26.72193769620513
developer,Октябрьский,4.0,23.0,5.2,5.55,1.0,Грибоедова,25.9,Золотая Нива,1,1,55.021648,82.976844,1.764,3.7179503515893786,1,Транспортная,1.764,21.167827218238447
real_estate_agent,Дзержинский,23.0,25.0,5.112,5.5,1.0,Авиастроителей,25.56,Березовая Роща,1,1,55.070334,82.966729,3.151,5.352187273041826,1,Автомобильная,3.151,26.490784610916197
homeowner,Октябрьский,14.0,27.0,8.06,5.5,1.0,Вилюйская,40.3,Речной вокзал,1,13,55.000389,83.007755,4.576,6.477157849544198,1,Автомобильная,4.576,18.28644200579875
developer,Ленинский,11.0,13.0,4.806000000000001,5.5,1.0,площадь Карла Маркса,24.03,Площадь Маркса,1,1,54.982068,82.895016,0.08,5.588407478960751,1,Пешеходная,0.08,19.974693542827392
real_estate_agent,Ленинский,4.0,13.0,4.99,5.5,1.0,площадь Карла Маркса,24.95,Площадь Маркса,1,1,54.982068,82.895016,0.08,5.588407478960751,1,Пешеходная,0.08,19.974693542827392
real_estate_agent,Ленинский,11.0,13.0,4.806000000000001,5.5,1.0,площадь Карла Маркса,24.03,Площадь Маркса,1,1,54.982068,82.895016,0.08,5.588407478960751,1,Пешеходная,0.08,19.974693542827392
realtor,Октябрьский,11.0,25.0,8.0,5.5,1.0,Вилюйская,40.2,Речной вокзал,1,14,55.000389,83.007755,4.576,6.477157849544198,1,Автомобильная,4.576,18.28644200579875
homeowner,Кировский,7.0,18.0,3.1,5.5,1.0,Сибиряков-Гвардейцев,26.7,Площадь Маркса,1,4,54.94307,82.901646,4.376,9.75843717458473,0,Автомобильная,0.0,16.546909948906276
homeowner,Первомайский,12.0,17.0,4.0,5.5,1.0,Заречная,37.0,Золотая Нива,1,8,54.981469,83.05983,8.226,10.408428584506938,0,Удалённая,0.0,15.486033272282937
real_estate_agent,Ленинский,16.0,18.0,5.0,5.6,1.0,Стартовая,27.0,Спортивная,1,7,54.998638,82.90753,0.908,3.6009143200994247,1,Комфортная,0.908,20.960577173835258
real_estate_agent,Октябрьский,5.0,11.0,4.1,5.6,1.0,Автогенная,28.91,Речной вокзал,1,3,55.010617,82.971678,2.171,3.923604110490692,1,Транспортная,2.171,20.151514320864976
real_estate_agent,Кировский,6.0,17.0,4.8,5.61,1.0,Бронная,48.9,Площадь Маркса,1,3,54.948458,82.967438,5.902,9.567430698725714,0,Автомобильная,0.0,14.196694380147425
real_estate_agent,Октябрьский,7.0,17.0,4.2,5.6,1.0,Владимира Заровного,21.0,Речной вокзал,1,9,54.989197,82.973376,3.19,5.669821844715195,1,Автомобильная,3.19,17.93421235713743
real_estate_agent,Октябрьский,14.0,17.0,10.0,5.6,1.0,Кирова,30.6,Речной вокзал,1,10,55.008098,82.966783,1.859,3.840595286383144,1,Транспортная,1.859,20.01882012012092
real_estate_agent,Октябрьский,1.0,29.0,5.0,5.6,1.0,Бориса Богаткова,29.0,Золотая Нива,1,7,55.029043,82.969496,1.018,3.129166156449042,1,Комфортная,1.018,22.10325917751445
real_estate_agent,Калининский,11.0,21.0,5.0,5.6,1.0,Богдана Хмельницкого,26.1,Заельцовская,1,2,55.071639,82.941738,2.328,4.807173376500509,1,Транспортная,2.328,27.158682322768882
homeowner,Заельцовский,11.0,25.0,4.0,5.6,1.0,Дуси Ковальчук,30.0,Заельцовская,1,2,55.057193,82.906865,0.417,3.127270329890379,1,Пешеходная,0.417,26.59018735446785
homeowner,Ленинский,16.0,17.0,6.8,5.6,1.0,Ивана Севастьянова,45.7,Площадь Маркса,1,8,54.96607,82.831407,4.512,9.112584822124392,1,Автомобильная,4.512,21.621450306720433
developer,Дзержинский,21.0,25.0,5.112,5.65,1.0,Авиастроителей,25.56,Березовая Роща,1,1,55.070334,82.966729,3.151,5.352187273041826,1,Автомобильная,3.151,26.490784610916197
real_estate_agent,Дзержинский,20.0,26.0,4.0,5.7,1.0,Гоголя,21.4,Березовая Роща,1,8,55.049215,82.966468,1.137,3.617912869050166,1,Комфортная,1.137,24.272869610433453
real_estate_agent,Заельцовский,17.0,25.0,6.6,5.7,1.0,Дачная,35.0,Заельцовская,1,9,55.054624,82.904278,0.72,2.908027321401002,1,Комфортная,0.72,26.4109374892914
developer,Дзержинский,8.0,25.0,12.55,5.709,1.0,Королева,25.95,Березовая Роща,1,2,55.051773,82.97016,1.497,3.976154644970644,1,Комфортная,1.497,24.463590422842444
homeowner,Калининский,6.0,12.0,2.539999999999999,5.7,1.0,Танковая,27.04,Заельцовская,1,11,55.059776,82.929251,1.064,3.3401407380478862,1,Комфортная,1.064,26.24150490551319
real_estate_agent,Заельцовский,17.0,27.0,12.7,5.7,1.0,Дачная,35.5,Заельцовская,1,8,55.054624,82.904278,0.72,2.908027321401002,1,Комфортная,0.72,26.4109374892914
homeowner,Октябрьский,12.0,19.0,5.0,5.7,1.0,Никитина,25.4,Золотая Нива,1,4,55.023909,82.978326,1.521,3.75466901067796,1,Транспортная,1.521,21.370129718192196
homeowner,Заельцовский,7.0,27.0,5.2,5.7,1.0,Красный проспект,21.3,Заельцовская,1,2,55.075716,82.911411,1.86,5.097555932832565,1,Транспортная,1.86,28.323061374176355
real_estate_agent,Дзержинский,13.0,17.0,5.0,5.79,1.0,Николая Островского,24.6,Березовая Роща,1,3,55.054573,82.949346,1.264,3.28003487381244,1,Комфортная,1.264,25.2146882423813
developer,Дзержинский,15.0,17.0,11.099999999999998,5.77188,1.0,Промышленная,25.9,Березовая Роща,1,1,55.055398,82.966414,1.632,4.056250544857086,1,Транспортная,1.632,24.92245547039263
homeowner,Дзержинский,5.0,29.0,5.0,5.75,1.0,Закаменский мкр,31.0,Березовая Роща,1,2,55.038155,82.954826,0.602,2.364729072140335,1,Комфортная,0.602,23.391119978787064
real_estate_agent,Ленинский,22.0,26.0,15.0,5.8,1.0,Ясный Берег город-парк,28.0,Площадь Гарина-Михайловского,1,3,55.014515,82.891468,2.379,2.53730482104442,1,Транспортная,2.379,22.995553922753878
real_estate_agent,Дзержинский,8.0,29.0,3.0,5.8,1.0,Закаменский мкр,27.5,Березовая Роща,1,2,55.038155,82.954826,0.602,2.364729072140335,1,Комфортная,0.602,23.391119978787064
real_estate_agent,Заельцовский,25.0,27.0,6.6000000000000005,5.8,1.0,Кузьмы Минина,33.0,Заельцовская,1,14,55.071742,82.93633,2.071,4.732706165878774,1,Транспортная,2.071,27.29489785125881
real_estate_agent,Октябрьский,8.0,21.0,4.0,5.8,1.0,Большевистская,27.0,Речной вокзал,1,4,55.011015,82.931632,0.431,2.2458050025661302,1,Пешеходная,0.431,21.31441348952398
realtor,Железнодорожный,7.0,17.0,6.4,5.8,1.0,Железнодорожная,32.0,Гагаринская,1,11,55.047373,82.906155,0.676,2.1187874816861973,1,Комфортная,0.676,25.64145148270147
developer,Октябрьский,12.0,12.0,5.798,5.8,1.0,Кошурникова,28.99,Золотая Нива,1,1,55.039997,82.966774,0.627,3.1486892845804637,1,Комфортная,0.627,23.3034375427293
real_estate_agent,Октябрьский,6.0,17.0,4.84,5.83,1.0,Большевистская,24.2,Речной вокзал,1,1,54.99256,82.977895,3.168,5.559404724898926,1,Автомобильная,3.168,18.15229982940267
homeowner,Октябрьский,2.0,18.0,0.0,5.805,1.0,Коммунстроевская,24.0,Золотая Нива,1,6,55.019702,82.978335,1.987,3.869479096492154,1,Транспортная,1.987,20.93180274663102
real_estate_agent,Дзержинский,9.0,32.0,5.0,5.85,1.0,Закаменский мкр,27.3,Березовая Роща,1,2,55.038155,82.954826,0.602,2.364729072140335,1,Комфортная,0.602,23.391119978787064
real_estate_agent,Заельцовский,10.0,25.0,5.0,5.89,1.0,Красный проспект,26.7,Заельцовская,1,15,55.066767,82.907817,0.916,4.148581135389769,1,Комфортная,0.916,27.518286862996995
real_estate_agent,Октябрьский,25.0,25.0,8.0,5.85,1.0,Гурьевская,28.3,Золотая Нива,1,6,55.025219,82.966342,1.488,2.977048600898019,1,Комфортная,1.488,21.78194857128038
homeowner,Октябрьский,10.0,17.0,4.0,5.85,1.0,Владимира Заровного,25.0,Речной вокзал,1,6,54.989135,82.970717,3.076,5.576185464221208,1,Автомобильная,3.076,18.001782576152703
developer,Дзержинский,15.0,17.0,14.55,5.8996,1.0,Промышленная,26.75,Березовая Роща,1,1,55.055398,82.966414,1.632,4.056250544857086,1,Транспортная,1.632,24.92245547039263
realtor,Центральный,21.0,25.0,4.0,5.885,1.0,Писарева,29.0,Маршала Покрышкина,1,6,55.051143,82.935926,0.736,2.5328398497278126,1,Комфортная,0.736,25.19163587127044
homeowner,Заельцовский,26.0,26.0,5.0,5.86,1.0,Дуси Ковальчук,30.3,Заельцовская,1,3,55.062266,82.925361,0.89,3.58323072011928,1,Комфортная,0.89,26.594888537392432
real_estate_agent,Центральный,7.0,13.0,7.399999999999999,5.9,1.0,Ядринцевская,22.7,Сибирская,1,6,55.034879,82.935045,1.03,1.0684088645942262,1,Комфортная,1.03,23.571165162752088
real_estate_agent,Октябрьский,19.0,19.0,12.8,5.95,1.0,Михаила Кулагина,24.67,Золотая Нива,1,9,55.035617,82.961563,0.919,2.690079763948086,1,Комфортная,0.919,22.968401258334335
real_estate_agent,Калининский,14.0,19.0,5.0,5.98,1.0,25 лет Октября,30.0,Березовая Роща,1,6,55.074448,82.964519,3.556,5.668375572992278,1,Автомобильная,3.556,26.969338402192733
real_estate_agent,Кировский,24.0,25.0,5.79,5.99,1.0,Немировича-Данченко,28.95,Площадь Маркса,1,6,54.978023,82.914752,1.276,5.809245838873143,0,Комфортная,0.0,18.837212443405637
developer,Ленинский,2.0,15.0,5.0,5.95835,1.0,Серафимовича,27.7,Площадь Маркса,1,1,54.979764,82.88041,1.046,6.158230141985667,1,Комфортная,1.046,20.391329493847017
homeowner,Октябрьский,11.0,14.0,5.54,5.99,1.0,Маковского,27.7,Речной вокзал,1,4,55.011448,82.931389,0.468,2.1952297359023185,1,Пешеходная,0.468,21.364001477089083
homeowner,Октябрьский,12.0,22.0,4.5,5.998,1.0,Сакко и Ванцетти,28.5,Октябрьская,1,4,55.020905,82.946813,0.539,1.97147613027622,1,Комфортная,0.539,21.845788944390932
realtor,Железнодорожный,15.0,20.0,7.0,5.95,1.0,Фабричная,32.0,Площадь Гарина-Михайловского,1,5,55.025286,82.89675,1.139,1.6041450214512063,1,Комфортная,1.139,23.813578913695125
homeowner,Октябрьский,14.0,25.0,5.0,5.99,1.0,Гурьевская,30.0,Золотая Нива,1,4,55.024956,82.965498,1.536,2.929849377155421,1,Транспортная,1.536,21.775132584036356
real_estate_agent,Дзержинский,5.0,32.0,9.0,6.0,1.0,Закаменский мкр,27.0,Березовая Роща,1,2,55.038155,82.954826,0.602,2.364729072140335,1,Комфортная,0.602,23.391119978787064
real_estate_agent,Калининский,12.0,13.0,5.6,6.0,1.0,Богдана Хмельницкого,26.0,Заельцовская,1,2,55.071886,82.943175,2.417,4.860016504461676,1,Транспортная,2.417,27.15162095242743
real_estate_agent,Советский,3.0,17.0,4.0,6.0,1.0,Арбузова,24.6,Спортивная,1,8,54.872056,83.109498,18.236,21.3270089328861,0,Удалённая,0.0,3.314094335430482
real_estate_agent,Октябрьский,16.0,27.0,5.0,6.0,1.0,Бориса Богаткова,32.0,Золотая Нива,1,7,55.029043,82.969496,1.018,3.129166156449042,1,Комфортная,1.018,22.10325917751445
real_estate_agent,Центральный,3.0,5.0,5.8,6.0,1.0,Достоевского,31.2,Гагаринская,1,64,55.04611,82.914384,0.533,1.8144543269886897,1,Комфортная,0.533,25.274560551766335
real_estate_agent,Заельцовский,13.0,25.0,4.656000000000001,6.0,1.0,Дуси Ковальчук,23.28,Заельцовская,1,1,55.063101,82.92741,1.048,3.689165281750359,1,Комфортная,1.048,26.627189012170266
developer,Ленинский,1.0,18.0,5.0,6.01925,1.0,Серафимовича,29.5,Площадь Маркса,1,1,54.979909,82.879547,1.095,6.166627238207052,1,Комфортная,1.095,20.440256330573085
homeowner,Октябрьский,21.0,25.0,4.0,6.0,1.0,Никитина,27.5,Октябрьская,1,3,55.016197,82.963809,1.595,3.1710862413112557,1,Транспортная,1.595,20.91944756009833
homeowner,Ленинский,7.0,17.0,3.0,6.0,1.0,Серафимовича,25.5,Площадь Маркса,1,7,54.977671,82.880616,1.12,6.365533190234755,1,Комфортная,1.12,20.21047291500046
real_estate_agent,Дзержинский,17.0,25.0,6.198,6.07,1.0,Авиастроителей,30.99,Березовая Роща,1,1,55.070334,82.966729,3.151,5.352187273041826,1,Автомобильная,3.151,26.490784610916197
homeowner,Заельцовский,4.0,26.0,10.0,6.05,1.0,Кавалерийская,35.0,Заельцовская,1,3,55.057053,82.917438,0.377,2.995903924133039,1,Пешеходная,0.377,26.279463199519284
real_estate_agent,Кировский,5.0,17.0,32.0,6.1,1.0,Тульская,34.0,Студенческая,1,6,54.978178,82.916648,1.358,5.785735902161735,0,Комфортная,0.0,18.77742222383056
real_estate_agent,Октябрьский,9.0,18.0,5.0,6.1,1.0,Большевистская,27.9,Речной вокзал,1,1,55.003678,82.946319,0.832,3.37596176492265,1,Комфортная,0.832,20.149667926859088
real_estate_agent,Дзержинский,2.0,8.0,5.0,6.1,1.0,Дениса Давыдова,31.9,Березовая Роща,1,13,55.070391,82.963109,3.096,5.234099439830382,1,Автомобильная,3.096,26.568661169110563
real_estate_agent,Кировский,5.0,17.0,7.6,6.1,1.0,Тульская,34.0,Студенческая,1,6,54.978178,82.916648,1.358,5.785735902161735,0,Комфортная,0.0,18.77742222383056
developer,Октябрьский,11.0,16.0,4.844,6.13,1.0,Большевистская,24.22,Речной вокзал,1,5,54.989528,82.977275,3.347,5.792500345609196,1,Автомобильная,3.347,17.861840921964465
homeowner,Заельцовский,4.0,20.0,5.36,6.1,1.0,Дуси Ковальчук,26.8,Заельцовская,1,1,55.057193,82.906865,0.417,3.127270329890379,1,Пешеходная,0.417,26.59018735446785
real_estate_agent,Центральный,12.0,26.0,5.0,6.15,1.0,Писарева,30.0,Маршала Покрышкина,1,6,55.051143,82.935926,0.736,2.5328398497278126,1,Комфортная,0.736,25.19163587127044
real_estate_agent,Октябрьский,10.0,27.0,4.0,6.15,1.0,Бориса Богаткова,27.0,Золотая Нива,1,7,55.029043,82.969496,1.018,3.129166156449042,1,Комфортная,1.018,22.10325917751445
real_estate_agent,Центральный,4.0,9.0,3.7,6.15,1.0,Семьи Шамшиных,29.2,Маршала Покрышкина,1,2,55.047977,82.927401,0.573,2.0297139771244423,1,Комфортная,0.573,25.095775022230363
real_estate_agent,Заельцовский,16.0,19.0,3.0,6.19,1.0,Плановая,31.2,Заельцовская,1,7,55.055295,82.89419,1.243,3.25643563071443,1,Комфортная,1.243,26.778259156430178
real_estate_agent,Кировский,3.0,17.0,6.4,6.19,1.0,Немировича-Данченко,32.0,Спортивная,1,11,54.990447,82.917672,0.496,4.419955135869518,0,Пешеходная,0.0,19.843479958263238
homeowner,Кировский,24.0,26.0,3.0,6.189,1.0,Немировича-Данченко,28.9,Площадь Маркса,1,6,54.978023,82.914752,1.276,5.809245838873143,0,Комфортная,0.0,18.837212443405637
real_estate_agent,Заельцовский,22.0,28.0,5.04,6.18,1.0,Сухарная,25.2,Площадь Гарина-Михайловского,1,1,55.046373,82.855886,3.041,4.490523798660787,1,Автомобильная,3.041,27.200011743723838
realtor,Октябрьский,8.0,17.0,6.0,6.199,1.0,Гаранина,30.0,Золотая Нива,1,4,55.025999,82.971211,1.309,3.269088264285541,1,Комфортная,1.309,21.748155411272858
realtor,Центральный,12.0,26.0,6.0,6.15,1.0,Писарева,30.0,Маршала Покрышкина,1,6,55.051143,82.935926,0.736,2.5328398497278126,1,Комфортная,0.736,25.19163587127044
real_estate_agent,Октябрьский,5.0,25.0,5.0,6.2,1.0,Гурьевская,29.0,Золотая Нива,1,4,55.025219,82.966342,1.488,2.977048600898019,1,Комфортная,1.488,21.78194857128038
real_estate_agent,Ленинский,19.0,26.0,5.0,6.275,1.0,Ясный Берег,27.0,Площадь Гарина-Михайловского,1,10,55.014861,82.890058,2.363,2.57787913031185,1,Транспортная,2.363,23.07809782751388
real_estate_agent,Октябрьский,13.0,17.0,3.6000000000000014,6.25,1.0,Гаранина,31.5,Золотая Нива,1,4,55.02572,82.97246,1.325,3.35235275377122,1,Комфортная,1.325,21.690524146355262
real_estate_agent,Дзержинский,12.0,27.0,4.0,6.29,1.0,Гоголя,28.6,Золотая Нива,1,2,55.050457,82.97202,1.459,3.9866423570498135,1,Комфортная,1.459,24.286825540287587
real_estate_agent,Калининский,12.0,19.0,3.0,6.2,1.0,Армавирская,32.0,Заельцовская,1,4,55.06123,82.939411,1.725,3.659677358525552,1,Транспортная,1.725,26.137602438887914
real_estate_agent,Кировский,3.0,25.0,6.0,6.2,1.0,Немировича-Данченко,30.0,Площадь Маркса,1,6,54.978023,82.914752,1.276,5.809245838873143,0,Комфортная,0.0,18.837212443405637
developer,Октябрьский,14.0,16.0,4.534000000000001,6.27,1.0,Большевистская,22.67,Речной вокзал,1,5,54.989528,82.977275,3.347,5.792500345609196,1,Автомобильная,3.347,17.861840921964465
real_estate_agent,Заельцовский,9.0,25.0,4.602,6.25,1.0,Дуси Ковальчук,23.01,Заельцовская,1,1,55.063101,82.92741,1.048,3.689165281750359,1,Комфортная,1.048,26.627189012170266
real_estate_agent,Заельцовский,20.0,26.0,6.04,6.25,1.0,Красный проспект,30.2,Заельцовская,1,2,55.05728,82.914896,0.241,3.0356387034335457,1,Пешеходная,0.241,26.372278571136523
developer,Октябрьский,13.0,14.0,5.54,6.2325,1.0,Маковского,27.7,Речной вокзал,1,2,55.011448,82.931389,0.468,2.1952297359023185,1,Пешеходная,0.468,21.364001477089083
developer,Заельцовский,15.0,25.0,4.498,6.25,1.0,Дуси Ковальчук,22.49,Заельцовская,1,1,55.063101,82.92741,1.048,3.689165281750359,1,Комфортная,1.048,26.627189012170266
developer,Заельцовский,12.0,25.0,4.602,6.25,1.0,Дуси Ковальчук,23.01,Заельцовская,1,1,55.063101,82.92741,1.048,3.689165281750359,1,Комфортная,1.048,26.627189012170266
developer,Ленинский,9.0,18.0,5.0,6.2903,1.0,Серафимовича,29.3,Площадь Маркса,1,1,54.979909,82.879547,1.095,6.166627238207052,1,Комфортная,1.095,20.440256330573085
developer,Ленинский,11.0,18.0,5.0,6.28525,1.0,Серафимовича,27.7,Площадь Маркса,1,1,54.979909,82.879547,1.095,6.166627238207052,1,Комфортная,1.095,20.440256330573085
real_estate_agent,Калининский,5.0,19.0,10.0,6.3,1.0,25 лет Октября,30.0,Березовая Роща,1,34,55.073989,82.965157,3.515,5.6445028782338325,1,Автомобильная,3.515,26.908290179326688
real_estate_agent,Заельцовский,9.0,30.0,4.0,6.3,1.0,Красный проспект,26.0,Заельцовская,1,4,55.063658,82.905158,0.702,3.849325912843135,1,Комфортная,0.702,27.281808122219267
real_estate_agent,Центральный,3.0,27.0,4.0,6.3,1.0,Державина,27.9,Березовая Роща,1,13,55.040353,82.94384,0.609,1.872840736366093,1,Комфортная,0.609,23.890389494403063
real_estate_agent,Железнодорожный,4.0,24.0,5.4,6.32,1.0,Прибрежная,27.0,Площадь Гарина-Михайловского,1,4,55.030148,82.89092,0.804,1.8810804049964247,1,Комфортная,0.804,24.4690032640703
real_estate_agent,Заельцовский,22.0,25.0,4.498,6.3,1.0,Дуси Ковальчук,22.49,Заельцовская,1,1,55.063101,82.92741,1.048,3.689165281750359,1,Комфортная,1.048,26.627189012170266
real_estate_agent,Заельцовский,20.0,25.0,4.498,6.3,1.0,Дуси Ковальчук,22.49,Заельцовская,1,1,55.063101,82.92741,1.048,3.689165281750359,1,Комфортная,1.048,26.627189012170266
homeowner,Кировский,11.0,24.0,4.0,6.3,1.0,Немировича-Данченко,23.5,Площадь Маркса,1,2,54.979351,82.911716,1.043,5.677557333442908,0,Комфортная,0.0,19.072477519414875
developer,Октябрьский,6.0,18.0,16.58,6.34,1.0,Грибоедова,30.58,Речной вокзал,1,1,55.011185,82.963136,1.635,3.444290843570368,1,Транспортная,1.635,20.427155475247062
real_estate_agent,Центральный,18.0,25.0,4.0,6.35,1.0,Фрунзе,28.4,Сибирская,1,8,55.036974,82.930329,0.65,0.9852355469675754,1,Комфортная,0.65,23.91170208086562
developer,Дзержинский,17.0,18.0,6.198,6.35,1.0,Авиастроителей,30.99,Березовая Роща,1,1,55.070334,82.966729,3.151,5.352187273041826,1,Автомобильная,3.151,26.490784610916197
real_estate_agent,Заельцовский,22.0,26.0,6.1000000000000005,6.35,1.0,Красный проспект,30.5,Заельцовская,1,2,55.05728,82.914896,0.241,3.0356387034335457,1,Пешеходная,0.241,26.372278571136523
real_estate_agent,Заельцовский,6.0,25.0,3.0,6.4,1.0,Дуси Ковальчук,26.8,Заельцовская,1,1,55.057193,82.906865,0.417,3.127270329890379,1,Пешеходная,0.417,26.59018735446785
real_estate_agent,Центральный,19.0,21.0,4.0,6.4,1.0,Писарева,26.0,Гагаринская,1,3,55.048993,82.925604,0.72,2.1193151750334414,1,Комфортная,0.72,25.246769320169264
realtor,Советский,8.0,17.0,9.0,6.4,1.0,бульвар Молодежи,40.0,Площадь Маркса,1,21,54.864264,83.085809,17.862,21.256581484547556,0,Удалённая,0.0,2.358225807369768
real_estate_agent,Заельцовский,24.0,28.0,5.470000000000001,6.43,1.0,Сухарная,27.35,Площадь Гарина-Михайловского,1,1,55.046373,82.855886,3.041,4.490523798660787,1,Автомобильная,3.041,27.200011743723838
realtor,Кировский,15.0,18.0,10.2,6.4,1.0,Немировича-Данченко,31.4,Спортивная,1,11,54.991062,82.917052,0.446,4.353405676717321,0,Пешеходная,0.0,19.92221942210509
homeowner,Заельцовский,18.0,19.0,6.440000000000001,6.4,1.0,Плановая,32.2,Заельцовская,1,7,55.055295,82.89419,1.243,3.25643563071443,1,Комфортная,1.243,26.778259156430178
real_estate_agent,Октябрьский,11.0,24.0,5.3,6.5,1.0,Кирова,25.24,Речной вокзал,1,2,55.012507,82.956138,1.229,3.005762219075922,1,Комфортная,1.229,20.747270130763198
real_estate_agent,Ленинский,6.0,13.0,5.0,6.5,1.0,площадь Карла Маркса,32.45,Площадь Маркса,1,1,54.983024,82.893202,0.208,5.522037183566433,1,Пешеходная,0.208,20.13041113539444
real_estate_agent,Октябрьский,14.0,18.0,5.0,6.5,1.0,2-я Обская,25.7,Речной вокзал,1,7,54.996361,82.957207,1.902,4.430033823683814,1,Транспортная,1.902,19.106663952536024
real_estate_agent,Дзержинский,12.0,16.0,5.0,6.5,1.0,Коминтерна,26.0,Золотая Нива,1,2,55.042638,83.02494,3.195,6.801988950969553,1,Автомобильная,3.195,22.568508485184022
real_estate_agent,Центральный,19.0,21.0,3.0,6.5,1.0,Писарева,26.0,Гагаринская,1,3,55.048993,82.925604,0.72,2.1193151750334414,1,Комфортная,0.72,25.246769320169264
real_estate_agent,Центральный,8.0,14.0,3.0,6.5,1.0,Ядринцевская,24.0,Сибирская,1,6,55.034879,82.935045,1.03,1.0684088645942262,1,Комфортная,1.03,23.571165162752088
real_estate_agent,Советский,4.0,17.0,5.800000000000001,6.5,1.0,Арбузова,29.0,Спортивная,1,8,54.872056,83.109498,18.236,21.3270089328861,0,Удалённая,0.0,3.314094335430482
real_estate_agent,Октябрьский,13.0,24.0,5.3,6.5,1.0,Владимира Заровного,36.4,Речной вокзал,1,3,54.99444,82.962327,2.28,4.78687551461492,1,Транспортная,2.28,18.768035575655617
real_estate_agent,Октябрьский,6.0,13.0,2.0,6.5,1.0,Обская,32.0,Речной вокзал,1,6,55.001473,82.945268,0.995,3.561598570442198,1,Комфортная,0.995,19.96543486766168
developer,Центральный,17.0,25.0,5.0600000000000005,6.5,1.0,Державина,25.3,Маршала Покрышкина,1,5,55.039729,82.937156,0.573,1.50537479346394,1,Комфортная,0.573,24.002034321488217
real_estate_agent,Октябрьский,18.0,24.0,5.2,6.5,1.0,Владимира Заровного,36.4,Речной вокзал,1,3,54.99444,82.962327,2.28,4.78687551461492,1,Транспортная,2.28,18.768035575655617
realtor,Октябрьский,4.0,13.0,6.4,6.5,1.0,Обская,32.0,Речной вокзал,1,4,55.001473,82.945268,0.995,3.561598570442198,1,Комфортная,0.995,19.96543486766168
real_estate_agent,Заельцовский,25.0,25.0,5.0,6.55,1.0,Кавалерийская,39.1,Заельцовская,1,6,55.057053,82.917438,0.377,2.995903924133039,1,Пешеходная,0.377,26.279463199519284
real_estate_agent,Заельцовский,14.0,27.0,4.0,6.59,1.0,Овражная,30.0,Заельцовская,1,7,55.058946,82.918615,0.383,3.2024032358789376,1,Пешеходная,0.383,26.437670591945427
real_estate_agent,Заельцовский,14.0,14.0,12.0,6.55,1.0,Аэропорт,31.0,Заельцовская,1,4,55.081576,82.904889,2.558,5.801764458023236,1,Транспортная,2.558,29.08816018095662
homeowner,Заельцовский,10.0,21.0,15.0,6.5,2.0,Дуси Ковальчук,47.0,Гагаринская,1,5,55.053046,82.897792,1.109,2.92482858498757,1,Комфортная,1.109,26.44906834190392
developer,Кировский,3.0,26.0,13.8,6.55,1.0,Аникина,46.57,Студенческая,1,1,54.964866,82.946382,3.685,7.447122803749258,0,Автомобильная,0.0,16.462285689012816
real_estate_agent,Октябрьский,13.0,24.0,5.482,6.55,1.0,Ленинградская,27.41,Октябрьская,1,1,55.013136,82.957539,1.328,3.0297226734141183,1,Комфортная,1.328,20.772820333696856
real_estate_agent,Заельцовский,2.0,23.0,5.6,6.6,1.0,Ляпидевского,34.9,Заельцовская,1,2,55.080926,82.923116,2.528,5.64694599228574,1,Транспортная,2.528,28.55779722556281
real_estate_agent,Октябрьский,11.0,18.0,4.0,6.6,1.0,Большевистская,29.2,Речной вокзал,1,1,55.003678,82.946319,0.832,3.37596176492265,1,Комфортная,0.832,20.149667926859088
real_estate_agent,Кировский,11.0,26.0,11.999999999999996,6.6,1.0,Немировича-Данченко,33.8,Спортивная,1,9,54.991759,82.914312,0.488,4.288366560126807,0,Пешеходная,0.0,20.085659118829483
real_estate_agent,Октябрьский,9.0,24.0,5.806000000000001,6.6,1.0,Ленинградская,29.03,Октябрьская,1,1,55.013136,82.957539,1.328,3.0297226734141183,1,Комфортная,1.328,20.772820333696856
real_estate_agent,Октябрьский,14.0,23.0,4.4,6.7,1.0,Владимира Заровного,28.4,Речной вокзал,1,4,54.993913,82.964986,2.44,4.93129455811684,1,Транспортная,2.44,18.639865265176688
real_estate_agent,Заельцовский,25.0,26.0,10.0,6.7,1.0,Кавалерийская,39.1,Заельцовская,1,6,55.057053,82.917438,0.377,2.995903924133039,1,Пешеходная,0.377,26.279463199519284
real_estate_agent,Центральный,16.0,18.0,5.0,6.7,1.0,Некрасова,31.3,Маршала Покрышкина,1,13,55.047476,82.937165,0.371,2.200321192953105,1,Пешеходная,0.371,24.78672467374947
real_estate_agent,Кировский,7.0,24.0,8.0,6.7,1.0,Немировича-Данченко,29.9,Площадь Маркса,1,3,54.979351,82.911716,1.043,5.677557333442908,0,Комфортная,0.0,19.072477519414875
real_estate_agent,Октябрьский,2.0,25.0,6.182,6.65,1.0,Ленинградская,30.91,Речной вокзал,1,1,55.011185,82.963136,1.635,3.444290843570368,1,Транспортная,1.635,20.427155475247062
real_estate_agent,Октябрьский,4.0,25.0,6.0520000000000005,6.7,1.0,Ленинградская,30.26,Речной вокзал,1,1,55.011185,82.963136,1.635,3.444290843570368,1,Транспортная,1.635,20.427155475247062
developer,Центральный,19.0,25.0,5.18,6.703,1.0,Державина,25.9,Маршала Покрышкина,1,5,55.039729,82.937156,0.573,1.50537479346394,1,Комфортная,0.573,24.002034321488217
real_estate_agent,Октябрьский,19.0,24.0,5.516,6.7,1.0,Ленинградская,27.58,Октябрьская,1,1,55.013136,82.957539,1.328,3.0297226734141183,1,Комфортная,1.328,20.772820333696856
developer,Октябрьский,13.0,14.0,5.300000000000001,6.7045,1.0,Маковского,26.5,Речной вокзал,1,2,55.011448,82.931389,0.468,2.1952297359023185,1,Пешеходная,0.468,21.364001477089083
real_estate_agent,Калининский,9.0,21.0,3.0,6.75,1.0,Богдана Хмельницкого,36.0,Заельцовская,1,5,55.071639,82.941738,2.328,4.807173376500509,1,Транспортная,2.328,27.158682322768882
real_estate_agent,Ленинский,12.0,30.0,4.2,6.78,1.0,Горская,28.0,Спортивная,1,6,54.995844,82.91203,0.524,3.853770837297188,1,Комфортная,0.524,20.541798694806754
developer,Дзержинский,17.0,17.0,17.42,6.779292,1.0,Промышленная,29.92,Березовая Роща,1,1,55.055398,82.966414,1.632,4.056250544857086,1,Транспортная,1.632,24.92245547039263
real_estate_agent,Октябрьский,10.0,29.0,3.8,6.8,1.0,Ипподромская,25.9,Октябрьская,1,3,55.024621,82.935503,0.689,1.141140846973464,1,Комфортная,0.689,22.53469617198309
real_estate_agent,Дзержинский,10.0,30.0,6.0,6.8,1.0,Фрунзе,28.9,Березовая Роща,1,3,55.038893,82.950038,0.504,2.1213725349557224,1,Комфортная,0.504,23.58463087766766
realtor,Кировский,15.0,24.0,6.18,6.8,1.0,Немировича-Данченко,30.9,Площадь Маркса,1,9,54.979351,82.911716,1.043,5.677557333442908,0,Комфортная,0.0,19.072477519414875
real_estate_agent,Центральный,17.0,26.0,4.0,6.8,1.0,Писарева,31.0,Маршала Покрышкина,1,6,55.051143,82.935926,0.736,2.5328398497278126,1,Комфортная,0.736,25.19163587127044
real_estate_agent,Октябрьский,8.0,25.0,6.0520000000000005,6.8,1.0,Ленинградская,30.26,Речной вокзал,1,1,55.011185,82.963136,1.635,3.444290843570368,1,Транспортная,1.635,20.427155475247062
realtor,Октябрьский,10.0,25.0,5.5600000000000005,6.899999,1.0,Никитина,27.8,Октябрьская,1,3,55.016197,82.963809,1.595,3.1710862413112557,1,Транспортная,1.595,20.91944756009833
real_estate_agent,Центральный,20.0,25.0,6.0,6.9,1.0,Фрунзе,29.0,Сибирская,1,8,55.036974,82.930329,0.65,0.9852355469675754,1,Комфортная,0.65,23.91170208086562
real_estate_agent,Железнодорожный,7.0,7.0,6.0,6.9,1.0,Советская,35.0,Площадь Ленина,1,69,55.032242,82.915399,0.391,0.3954519396573881,1,Пешеходная,0.391,23.880838437546604
real_estate_agent,Октябрьский,8.0,17.0,10.0,6.9,1.0,Добролюбова,46.0,Золотая Нива,1,18,55.030524,82.984435,0.958,4.078886085826552,1,Комфортная,0.958,21.933757634621138
real_estate_agent,Октябрьский,4.0,25.0,10.0,6.9,1.0,Владимира Заровного,35.1,Речной вокзал,1,8,54.988727,82.975344,3.316,5.78695445941896,1,Автомобильная,3.316,17.833173828873058
real_estate_agent,Заельцовский,21.0,30.0,5.9,6.9,1.0,Дуси Ковальчук,29.5,Заельцовская,1,1,55.057193,82.906865,0.417,3.127270329890379,1,Пешеходная,0.417,26.59018735446785
real_estate_agent,Заельцовский,15.0,30.0,5.640000000000001,6.9,1.0,Дуси Ковальчук,28.2,Заельцовская,1,1,55.057193,82.906865,0.417,3.127270329890379,1,Пешеходная,0.417,26.59018735446785
homeowner,Октябрьский,21.0,25.0,5.7,6.9,1.0,Обская,28.5,Речной вокзал,1,6,55.002057,82.945555,0.948,3.511848055965444,1,Комфортная,0.948,20.013818021607584
real_estate_agent,Заельцовский,15.0,17.0,10.0,6.95,1.0,Лобачевского,49.7,Заельцовская,1,3,55.121953,82.904107,7.021,10.259155721994995,1,Удалённая,7.021,33.240788909392535
real_estate_agent,Заельцовский,17.0,19.0,7.48,6.99,1.0,Дуси Ковальчук,37.4,Гагаринская,1,3,55.053046,82.897792,1.109,2.92482858498757,1,Комфортная,1.109,26.44906834190392
developer,Заельцовский,2.0,30.0,6.0,7.05,1.0,Дуси Ковальчук,30.0,Заельцовская,1,1,55.057193,82.906865,0.417,3.127270329890379,1,Пешеходная,0.417,26.59018735446785
real_estate_agent,Заельцовский,11.0,30.0,5.78,7.05,1.0,Дуси Ковальчук,28.9,Заельцовская,1,1,55.057193,82.906865,0.417,3.127270329890379,1,Пешеходная,0.417,26.59018735446785
developer,Ленинский,7.0,22.0,5.870000000000001,7.09,1.0,площадь Карла Маркса,29.35,Площадь Маркса,1,1,54.983024,82.893202,0.208,5.522037183566433,1,Пешеходная,0.208,20.13041113539444
homeowner,Заельцовский,5.0,18.0,5.4,7.0,1.0,Аэропорт,27.0,Заельцовская,1,4,55.080158,82.901799,2.451,5.684286936281938,1,Транспортная,2.451,29.02775942183817
developer,Заельцовский,26.0,30.0,5.36,7.05,1.0,Дуси Ковальчук,26.8,Заельцовская,1,1,55.057193,82.906865,0.417,3.127270329890379,1,Пешеходная,0.417,26.59018735446785
developer,Заельцовский,11.0,30.0,5.78,7.05,1.0,Дуси Ковальчук,28.9,Заельцовская,1,1,55.057193,82.906865,0.417,3.127270329890379,1,Пешеходная,0.417,26.59018735446785
real_estate_agent,Ленинский,2.0,15.0,5.6000000000000005,7.1,1.0,Забалуева,28.0,Площадь Маркса,1,2,54.98852,82.807619,5.694,8.555241682058933,1,Автомобильная,5.694,24.39084580517632
homeowner,Кировский,18.0,26.0,5.0,7.1,1.0,Немировича-Данченко,34.0,Спортивная,1,8,54.989342,82.917043,0.625,4.544463282526324,0,Комфортная,0.0,19.76557288032009
developer,Заельцовский,25.0,30.0,5.54,7.1,1.0,Дуси Ковальчук,27.7,Заельцовская,1,1,55.057193,82.906865,0.417,3.127270329890379,1,Пешеходная,0.417,26.59018735446785
developer,Дзержинский,2.0,25.0,3.9,7.1012,1.0,Королева,41.1,Березовая Роща,1,1,55.050514,82.968489,1.327,3.8070616847637977,1,Комфортная,1.327,24.36613246098095
real_estate_agent,Кировский,11.0,22.0,6.0,7.2,1.0,Урманова,41.1,Спортивная,1,8,54.96637,82.955212,3.869,7.432369623366351,0,Автомобильная,0.0,16.28491609873244
real_estate_agent,Октябрьский,6.0,24.0,5.3,7.2,1.0,Кирова,25.24,Речной вокзал,1,2,55.012507,82.956138,1.229,3.005762219075922,1,Комфортная,1.229,20.747270130763198
developer,Октябрьский,5.0,25.0,6.0520000000000005,7.2,1.0,Ленинградская,30.26,Речной вокзал,1,1,55.011185,82.963136,1.635,3.444290843570368,1,Транспортная,1.635,20.427155475247062
developer,Центральный,21.0,25.0,5.54,7.2,1.0,Державина,27.7,Маршала Покрышкина,1,5,55.039729,82.937156,0.573,1.50537479346394,1,Комфортная,0.573,24.002034321488217
real_estate_agent,Октябрьский,9.0,24.0,5.048,7.28,1.0,Кирова,25.24,Речной вокзал,1,1,55.012507,82.956138,1.229,3.005762219075922,1,Комфортная,1.229,20.747270130763198
homeowner,Октябрьский,1.0,4.0,5.0,7.25,1.0,Бориса Богаткова,32.1,Золотая Нива,1,67,55.029059,82.967016,1.086,2.971169096776041,1,Комфортная,1.086,22.162456654467885
real_estate_agent,Октябрьский,11.0,25.0,3.4,7.3,1.0,Ипподромская,30.26,Октябрьская,1,3,55.024621,82.935503,0.689,1.141140846973464,1,Комфортная,0.689,22.53469617198309
developer,Заельцовский,3.0,29.0,6.6,7.341176,1.0,Сухарная,25.2,Площадь Гарина-Михайловского,1,1,55.046373,82.855886,3.041,4.490523798660787,1,Автомобильная,3.041,27.200011743723838
real_estate_agent,Ленинский,15.0,22.0,5.170000000000001,7.44,1.0,площадь Карла Маркса,25.85,Площадь Маркса,1,1,54.982327,82.895304,0.057,5.555525134958374,1,Пешеходная,0.057,19.985166365619648
realtor,Заельцовский,6.0,25.0,5.0,7.4,1.0,Овражная,27.0,Заельцовская,1,7,55.058946,82.918615,0.383,3.2024032358789376,1,Пешеходная,0.383,26.437670591945427
real_estate_agent,Дзержинский,19.0,25.0,5.0,7.45,1.0,Гоголя,31.61,Золотая Нива,1,2,55.050457,82.97202,1.459,3.9866423570498135,1,Комфортная,1.459,24.286825540287587
real_estate_agent,Дзержинский,3.0,17.0,10.0,7.5,1.0,Красина,38.7,Березовая Роща,1,17,55.042973,82.963315,0.728,3.081175277442676,1,Комфортная,0.728,23.690716771473618
real_estate_agent,Октябрьский,12.0,25.0,6.0,7.5,1.0,Ипподромская,30.48,Октябрьская,1,3,55.024621,82.935503,0.689,1.141140846973464,1,Комфортная,0.689,22.53469617198309
developer,Ленинский,23.0,30.0,11.13,7.503,1.0,Горская,27.83,Спортивная,1,2,54.995844,82.91203,0.524,3.853770837297188,1,Комфортная,0.524,20.541798694806754
developer,Ленинский,9.0,14.0,12.4,7.504,1.0,Забалуева,28.5,Площадь Маркса,1,2,54.98852,82.807619,5.694,8.555241682058933,1,Автомобильная,5.694,24.39084580517632
homeowner,Железнодорожный,5.0,25.0,11.099999999999998,7.5,1.0,Железнодорожная,33.8,Гагаринская,1,3,55.046465,82.906317,0.732,2.0234654986688483,1,Комфортная,0.732,25.547480998407377
developer,Заельцовский,14.0,29.0,7.3,7.682353,1.0,Сухарная,27.47,Площадь Гарина-Михайловского,1,1,55.046373,82.855886,3.041,4.490523798660787,1,Автомобильная,3.041,27.200011743723838
real_estate_agent,Железнодорожный,15.0,21.0,6.300000000000001,7.7,1.0,Беринг жилой квартал,31.5,Площадь Гарина-Михайловского,1,1,55.031479,82.899732,0.436,1.3275264717457629,1,Пешеходная,0.436,24.302141905560276
real_estate_agent,Октябрьский,13.0,15.0,10.0,7.8,1.0,Обская,36.6,Речной вокзал,1,6,55.001473,82.945268,0.995,3.561598570442198,1,Комфортная,0.995,19.96543486766168
real_estate_agent,Центральный,8.0,11.0,8.6,6.5,1.0,Державина,35.2,Сибирская,1,30,55.039533,82.927877,0.399,1.1445164622390804,1,Пешеходная,0.399,24.235949453785246
homeowner,Центральный,2.0,5.0,6.0,6.3,2.0,Красный проспект,44.0,Красный проспект,1,62,55.043262,82.915004,0.24,1.49688786526724,1,Пешеходная,0.24,24.974855277361716
homeowner,Центральный,12.0,24.0,4.0,9.945,2.0,Семьи Шамшиных,45.0,Маршала Покрышкина,1,6,55.041916,82.929053,0.443,1.417334115459684,1,Пешеходная,0.443,24.441799589941304
real_estate_agent,Октябрьский,7.0,18.0,12.0,8.7,1.0,Нижегородская,43.9,Октябрьская,1,19,55.016007,82.938737,0.312,1.959397363786436,1,Пешеходная,0.312,21.58813828322665
homeowner,Центральный,3.0,5.0,5.0,8.8,2.0,Красный проспект,49.4,Площадь Ленина,1,73,55.03329,82.918974,0.355,0.3597583022907132,1,Пешеходная,0.355,23.87534769536136
realtor,Октябрьский,7.0,25.0,2.0,5.35,1.0,Ипподромская,26.75,Октябрьская,1,3,55.024621,82.935503,0.689,1.141140846973464,1,Комфортная,0.689,22.53469617198309
developer,Железнодорожный,18.0,24.0,43.2,16.36,1.0,Прибрежная,99.4,Площадь Гарина-Михайловского,1,2,55.030519,82.889321,0.851,1.983366535184058,1,Комфортная,0.851,24.55820665848956
real_estate_agent,Дзержинский,4.0,9.0,4.0,4.75,1.0,Авиастроителей,24.3,Березовая Роща,1,1,55.070334,82.966729,3.151,5.352187273041826,1,Автомобильная,3.151,26.490784610916197
official_representative,Кировский,10.0,10.0,4.0,2.55,1.0,Дмитрия Шмонина,21.0,Площадь Маркса,1,11,54.943199,82.956066,5.789,9.933767649869074,0,Автомобильная,0.0,14.16225895549962
real_estate_agent,Октябрьский,6.0,17.0,10.0,5.4,1.0,Закаменский мкр,31.0,Березовая Роща,1,4,55.036834,82.957925,0.815,2.501451551499742,1,Комфортная,0.815,23.180393285808286
developer,Заельцовский,8.0,30.0,4.990000000000002,6.6,1.0,Красный проспект,23.69,Заельцовская,0,1,55.056414,82.911482,0.296,2.973980120297012,1,Пешеходная,0.296,26.381251218020083
homeowner,Ленинский,11.0,17.0,8.7,6.12,1.0,Рельефная,34.0,Площадь Маркса,0,2,54.975083,82.811994,5.433,9.238103600075624,1,Автомобильная,5.433,23.21507415130929
real_estate_agent,Калининский,6.0,23.0,5.1,5.9,1.0,Игарская,41.8,Заельцовская,0,3,55.100433,82.942492,4.985,7.938658743097632,1,Автомобильная,4.985,30.153201364661076
real_estate_agent,Заельцовский,22.0,27.0,9.0,7.6,1.0,Кавалерийская,38.0,Заельцовская,0,9,55.058476,82.929422,1.073,3.1996702551092726,1,Комфортная,1.073,26.104824163961446
real_estate_agent,Заельцовский,2.0,24.0,5.0,6.8,1.0,Ельцовская,58.2,Площадь Гарина-Михайловского,0,5,55.046749,82.887066,1.493,2.814518796915643,1,Комфортная,1.493,26.174415721981102
real_estate_agent,Дзержинский,1.0,5.0,5.0,3.1,1.0,Доватора,30.0,Золотая Нива,0,3,55.042881,83.002158,1.795,5.395935008324952,1,Транспортная,1.795,22.92391477034385
real_estate_agent,Советский,5.0,5.0,9.3,3.3,1.0,Солнечногорская,37.7,Площадь Маркса,0,35,54.808976,83.096751,23.149,27.053250077195298,0,Удалённая,0.0,3.8537561198246766
developer,Центральный,27.0,30.0,22.6,14.24,1.0,Николая Островского,80.83,Маршала Покрышкина,0,1,55.052025,82.943256,1.007,2.832375081076901,1,Комфортная,1.007,25.098103636932787
real_estate_agent,Ленинский,4.0,9.0,5.2,3.65,1.0,9-й Гвардейской Дивизии,30.5,Площадь Маркса,0,44,54.966954,82.846319,3.612,8.470549673546863,1,Автомобильная,3.612,20.953693484137894
homeowner,Советский,2.0,6.0,11.3,3.5,1.0,Ивлева,43.2,Площадь Маркса,0,3,54.864953,82.993867,14.464,18.95982266289692,0,Удалённая,0.0,6.841182522939042
real_estate_agent,Октябрьский,9.0,10.0,8.8,3.7,1.0,В. Высоцкого,31.5,Золотая Нива,0,20,55.029332,83.022281,3.11,6.491393760280625,1,Автомобильная,3.11,21.155886566092768
real_estate_agent,Октябрьский,4.0,5.0,8.8,3.85,1.0,Военного Городка тер.,34.3,Березовая Роща,0,35,55.030153,82.951089,1.463,1.953541752267739,1,Комфортная,1.463,22.666236686123508
developer,Заельцовский,13.0,15.0,11.9,11.5,1.0,Красный проспект,41.0,Заельцовская,0,3,55.068144,82.911878,1.018,4.258113020479213,1,Комфортная,1.018,27.54583690589678
real_estate_agent,Калининский,6.0,10.0,8.8,4.7,1.0,Гребенщикова,37.0,Заельцовская,0,3,55.111979,82.942016,6.181,9.20046285943478,1,Автомобильная,6.181,31.380815676828576
real_estate_agent,Заельцовский,7.0,10.0,6.0,4.0,1.0,Жуковского,30.0,Заельцовская,0,40,55.054882,82.89189,1.396,3.2956632093775693,1,Комфортная,1.396,26.808367437457992
developer,Заельцовский,1.0,14.0,25.5,12.0,1.0,Аэропорт,73.09,Заельцовская,0,1,55.080158,82.901799,2.451,5.684286936281938,1,Транспортная,2.451,29.02775942183817
real_estate_agent,Первомайский,2.0,19.0,8.0,5.25,1.0,Первомайская,34.0,Речной вокзал,0,13,54.977093,83.050137,8.017,10.160816373970585,0,Удалённая,0.0,15.10740786667269
real_estate_agent,Калининский,9.0,9.0,9.0,4.1,1.0,Столетова,38.4,Заельцовская,0,3,55.098527,82.96663,5.581,8.15077645050649,1,Автомобильная,5.581,29.490992964100705
real_estate_agent,Октябрьский,8.0,10.0,16.6,5.5,1.0,Плющихинская,58.6,Золотая Нива,0,7,55.012878,83.000092,3.152,5.429305190914965,1,Автомобильная,3.152,19.757959121703504
real_estate_agent,Ленинский,10.0,12.0,22.6,4.4,1.0,Романтиков,38.6,Площадь Гарина-Михайловского,0,6,55.025679,82.809739,5.828,7.072817332080674,1,Автомобильная,5.828,27.201150932225865
developer,Калининский,5.0,9.0,8.74,6.399231,1.0,Василия Клевцова,43.7,Заельцовская,0,3,55.096445,82.975559,5.779,8.163203312083969,1,Автомобильная,5.779,29.115326328558645
real_estate_agent,Октябрьский,3.0,18.0,6.0,6.35,1.0,Большевистская,30.0,Речной вокзал,0,11,54.993923,82.966926,2.529,5.002669537186398,1,Транспортная,2.529,18.58631415749366
real_estate_agent,Калининский,4.0,17.0,13.3,4.599,1.0,Тайгинская,36.5,Заельцовская,0,4,55.113117,82.978119,7.321,9.928021281956193,1,Удалённая,7.321,30.869275320320725
realtor,Кировский,2.0,3.0,5.0,2.5,1.0,Воскресная,35.9,Спортивная,0,14,54.943396,83.001952,7.74,10.960677648736986,0,Удалённая,0.0,12.56434523834038
realtor,Кировский,3.0,5.0,6.0,3.16,1.0,Петухова,29.4,Площадь Маркса,0,59,54.944652,82.879278,4.323,9.864516106646036,0,Автомобильная,0.0,17.747365951072087
developer,Заельцовский,16.0,20.0,12.2,10.45,1.0,Дуси Ковальчук,48.6,Заельцовская,0,1,55.057193,82.906865,0.417,3.127270329890379,1,Пешеходная,0.417,26.59018735446785
real_estate_agent,Центральный,4.0,21.0,23.2,9.3,1.0,Орджоникидзе,50.8,Площадь Ленина,0,14,55.032697,82.935764,1.018,1.0165997198246866,1,Комфортная,1.018,23.3326418739591
real_estate_agent,Ленинский,2.0,2.0,6.7,2.3,1.0,переулок 3-й Забалуева,30.5,Площадь Маркса,0,69,54.991542,82.822325,4.824,7.58802706903319,1,Автомобильная,4.824,23.922769486881585
real_estate_agent,Первомайский,11.0,16.0,12.0,6.8,1.0,Заречная,41.9,Речной вокзал,0,8,54.979779,83.053165,8.064,10.150531373898424,0,Удалённая,0.0,15.366811571928404
realtor,Ленинский,9.0,10.0,8.6,3.85,1.0,Титова,36.7,Площадь Маркса,0,8,54.979036,82.792968,6.597,9.91968627470311,1,Автомобильная,6.597,24.439545678180064
real_estate_agent,Дзержинский,1.0,9.0,11.5,7.8,1.0,Закаменский мкр,41.1,Березовая Роща,0,12,55.038398,82.956623,0.623,2.4810629529497743,1,Комфортная,0.623,23.372738973781637
real_estate_agent,Октябрьский,2.0,26.0,10.7,6.59,1.0,Чехова,35.3,Октябрьская,0,18,55.01962,82.94993,0.69,2.2156240422385225,1,Комфортная,0.69,21.631450528848873
developer,Центральный,12.0,29.0,2.0,8.35824,1.0,Николая Островского,31.66,Маршала Покрышкина,0,1,55.050262,82.927778,0.751,2.2831220130337577,1,Комфортная,0.751,25.315850278715093
real_estate_agent,Дзержинский,18.0,27.0,10.0,10.0,1.0,Закаменский мкр,41.0,Березовая Роща,0,3,55.037763,82.956443,0.68,2.445136547337859,1,Комфортная,0.68,23.31167796323342
real_estate_agent,Октябрьский,7.0,10.0,5.0,3.4,1.0,В. Высоцкого,32.6,Золотая Нива,0,16,55.032098,83.02529,3.223,6.68572621833085,1,Автомобильная,3.223,21.415929515363853
real_estate_agent,Дзержинский,15.0,25.0,17.1,7.9,1.0,Кошурникова,43.1,Золотая Нива,0,3,55.040962,82.97184,0.453,3.4886649500594986,1,Пешеходная,0.453,23.293534497325403
realtor,Железнодорожный,2.0,5.0,6.0,5.99,1.0,Советская,30.0,Красный проспект,0,59,55.03881,82.913557,0.395,1.0565114402264266,1,Пешеходная,0.395,24.57935851732068
developer,Заельцовский,1.0,23.0,9.96,9.584658,1.0,Дуси Ковальчук,49.8,Заельцовская,0,4,55.054006,82.90285,0.833,2.8780497587790106,1,Комфортная,0.833,26.392022482383226
developer,Кировский,13.0,26.0,9.9,6.65,1.0,Аникина,39.51,Студенческая,0,1,54.964866,82.946382,3.685,7.447122803749258,0,Автомобильная,0.0,16.462285689012816
real_estate_agent,Заельцовский,7.0,17.0,16.0,8.0,1.0,Аэропорт,39.0,Заельцовская,0,4,55.078035,82.911689,2.117,5.351977176297565,1,Транспортная,2.117,28.55085990202134
real_estate_agent,Кировский,1.0,5.0,6.0,2.6,1.0,Зорге,29.0,Площадь Маркса,0,51,54.937986,82.913611,5.051,10.259083253310129,0,Автомобильная,0.0,15.600750612983951
developer,Заельцовский,17.0,23.0,13.3,7.7,1.0,Ляпидевского,42.7,Заельцовская,0,2,55.080926,82.923116,2.528,5.64694599228574,1,Транспортная,2.528,28.55779722556281
real_estate_agent,Октябрьский,7.0,17.0,20.0,9.5,1.0,Большевистская,52.2,Речной вокзал,0,3,54.991981,82.978003,3.212,5.6125081723724985,1,Автомобильная,3.212,18.090761930006284
real_estate_agent,Ленинский,1.0,9.0,7.0,3.3,1.0,Связистов,33.0,Площадь Маркса,0,43,54.964902,82.841791,3.975,8.821845673242004,1,Автомобильная,3.975,21.026595840470943
developer,Заельцовский,15.0,25.0,12.0,9.3572,1.0,Дачная,40.7,Заельцовская,0,2,55.054594,82.906757,0.615,2.852762085677449,1,Комфортная,0.615,26.335684386395986
real_estate_agent,Калининский,8.0,12.0,9.0,5.585,1.0,Тюленина,44.2,Заельцовская,0,10,55.11047,82.932018,5.855,8.959903343348351,1,Автомобильная,5.855,31.425530098502634
real_estate_agent,Кировский,7.0,9.0,7.0,3.15,1.0,Сибиряков-Гвардейцев,34.0,Площадь Маркса,0,39,54.936403,82.895951,5.104,10.542259097371124,0,Автомобильная,0.0,16.342397567050362
developer,Октябрьский,7.0,8.0,7.128,7.25,1.0,Большевистская,35.64,Речной вокзал,0,5,54.989528,82.977275,3.347,5.792500345609196,1,Автомобильная,3.347,17.861840921964465
real_estate_agent,Ленинский,15.0,24.0,21.700000000000003,6.5,1.0,Стартовая,41.7,Студенческая,0,6,54.997802,82.902966,1.009,3.767033660586117,1,Комфортная,1.009,21.05212812970069
real_estate_agent,Кировский,5.0,10.0,6.0,2.64,1.0,Петухова,27.0,Площадь Маркса,0,12,54.937924,82.95258,6.108,10.459770770899928,0,Автомобильная,0.0,13.853429321290738
developer,Октябрьский,19.0,25.0,14.5,5.45,1.0,Ленинградская,34.32,Речной вокзал,0,1,55.011185,82.963136,1.635,3.444290843570368,1,Транспортная,1.635,20.427155475247062
real_estate_agent,Кировский,22.0,25.0,7.0,5.7,1.0,Сержанта Коротаева,37.3,Спортивная,0,8,54.960535,82.954925,4.404,8.048975061336986,0,Автомобильная,0.0,15.755711530905492
real_estate_agent,Калининский,7.0,9.0,5.5,3.25,1.0,Макаренко,29.9,Заельцовская,0,3,55.097481,82.957332,5.14,7.845255567831962,1,Автомобильная,5.14,29.5490855830157
real_estate_agent,Октябрьский,5.0,10.0,13.7,5.1,1.0,Плющихинская,48.3,Золотая Нива,0,3,55.011366,83.006291,3.503,5.858509538735904,1,Автомобильная,3.503,19.480146079480427
real_estate_agent,Кировский,8.0,9.0,7.5,2.8,1.0,Сибиряков-Гвардейцев,30.8,Площадь Маркса,0,40,54.932726,82.895322,5.513,10.952586561234094,0,Автомобильная,0.0,16.119514137112258
real_estate_agent,Кировский,20.0,26.0,7.862000000000001,6.25,1.0,Аникина,39.31,Студенческая,0,1,54.965574,82.945088,3.571,7.352291025391459,0,Автомобильная,0.0,16.57419367825262
official_representative,Кировский,1.0,17.0,6.0,9.75,1.0,Немировича-Данченко,42.4,Спортивная,0,11,54.991062,82.917052,0.446,4.353405676717321,0,Пешеходная,0.0,19.92221942210509
real_estate_agent,Октябрьский,4.0,10.0,12.0,3.23,1.0,Татьяны Снежиной,32.5,Золотая Нива,0,16,55.021116,83.013315,3.016,6.004825998757762,1,Автомобильная,3.016,20.40244207526947
real_estate_agent,Ленинский,10.0,17.0,9.740000000000002,4.85,1.0,площадь Карла Маркса,48.7,Площадь Маркса,0,1,54.983024,82.893202,0.208,5.522037183566433,1,Пешеходная,0.208,20.13041113539444
real_estate_agent,Заельцовский,11.0,25.0,12.6,7.099,1.0,Сухарная,41.9,Площадь Гарина-Михайловского,0,3,55.04646,82.865794,2.48,3.924932613347529,1,Транспортная,2.48,26.859316812850363
real_estate_agent,Ленинский,2.0,5.0,3.0,2.75,1.0,Котовского,23.5,Площадь Маркса,0,54,54.992472,82.867465,2.154,5.382756561108097,1,Транспортная,2.154,21.99578461642933
real_estate_agent,Заельцовский,21.0,28.0,6.176,7.73,1.0,Сухарная,30.88,Площадь Гарина-Михайловского,0,1,55.046373,82.855886,3.041,4.490523798660787,1,Автомобильная,3.041,27.200011743723838
real_estate_agent,Первомайский,14.0,16.0,27.8,5.99,1.0,Заречная,44.6,Речной вокзал,0,11,54.979779,83.053165,8.064,10.150531373898424,0,Удалённая,0.0,15.366811571928404
real_estate_agent,Кировский,5.0,9.0,5.2,3.2,1.0,Комсомольская,29.9,Студенческая,0,48,54.956864,82.958123,4.847,8.497835301512467,0,Автомобильная,0.0,15.303722937298195
real_estate_agent,Ленинский,10.0,17.0,17.0,6.5,1.0,Связистов,40.0,Площадь Маркса,0,5,54.985633,82.832781,4.063,7.46735269456431,1,Автомобильная,4.063,22.98667896761051
real_estate_agent,Кировский,5.0,9.0,7.0,2.89,1.0,Петухова,31.8,Площадь Маркса,0,51,54.936636,82.932746,5.588,10.42956776838528,0,Автомобильная,0.0,14.611843432122726
real_estate_agent,Кировский,2.0,5.0,6.2,2.6,1.0,Зорге,25.1,Площадь Маркса,0,54,54.932684,82.90426,5.541,10.888424688860743,0,Автомобильная,0.0,15.669665327554608
developer,Центральный,28.0,30.0,22.6,14.59,1.0,Николая Островского,82.89,Маршала Покрышкина,0,1,55.052025,82.943256,1.007,2.832375081076901,1,Комфортная,1.007,25.098103636932787
homeowner,Октябрьский,23.0,25.0,10.0,7.3,1.0,Чехова,35.9,Октябрьская,0,18,55.01962,82.94993,0.69,2.2156240422385225,1,Комфортная,0.69,21.631450528848873
real_estate_agent,Дзержинский,11.0,30.0,12.0,8.0,1.0,Фрунзе,40.4,Березовая Роща,0,3,55.038893,82.950038,0.504,2.1213725349557224,1,Комфортная,0.504,23.58463087766766
homeowner,Заельцовский,3.0,5.0,6.1,4.4,1.0,Дуси Ковальчук,30.6,Заельцовская,0,65,55.063715,82.918983,0.663,3.7317379219705376,1,Комфортная,0.663,26.908856905841652
developer,Заельцовский,5.0,25.0,7.5,5.9,1.0,Красный проспект,26.0,Заельцовская,0,2,55.075716,82.911411,1.86,5.097555932832565,1,Транспортная,1.86,28.323061374176355
real_estate_agent,Ленинский,6.0,15.0,10.9,6.5,1.0,Немировича-Данченко,40.42,Площадь Маркса,0,11,54.968928,82.867384,2.365,7.603600977416913,1,Транспортная,2.365,20.1063799908047
real_estate_agent,Кировский,5.0,9.0,5.140000000000001,3.1611,1.0,Зорге,25.7,Площадь Маркса,0,1,54.931971,82.9305,6.01,10.937542710342209,0,Автомобильная,0.0,14.35410337617487
developer,Заельцовский,13.0,29.0,11.6,9.094118,1.0,Сухарная,30.88,Площадь Гарина-Михайловского,0,1,55.046373,82.855886,3.041,4.490523798660787,1,Автомобильная,3.041,27.200011743723838
real_estate_agent,Кировский,2.0,3.0,5.0,2.5,1.0,Воскресная,31.2,Спортивная,0,9,54.943649,83.001404,7.695,10.919330897826857,0,Удалённая,0.0,12.605630763018828
developer,Заельцовский,7.0,11.0,10.1,14.16,1.0,Красный проспект,96.1,Заельцовская,0,2,55.075716,82.911411,1.86,5.097555932832565,1,Транспортная,1.86,28.323061374176355
real_estate_agent,Советский,2.0,4.0,6.0,6.4,1.0,Золотодолинская,31.0,Площадь Маркса,0,63,54.835476,83.106057,21.13,24.683545696129197,0,Удалённая,0.0,1.1841693266430688
real_estate_agent,Кировский,4.0,5.0,6.0,2.79,1.0,Зорге,30.0,Площадь Маркса,0,54,54.932121,82.902733,5.595,10.960360951049228,0,Автомобильная,0.0,15.70621620570886
real_estate_agent,Октябрьский,11.0,18.0,10.9,4.69,1.0,Виталия Потылицына,40.0,Золотая Нива,0,11,55.021891,83.007683,2.682,5.6364904785207575,1,Транспортная,2.682,20.579405437241327
real_estate_agent,Кировский,7.0,10.0,4.4,3.0,1.0,Николая Сотникова,40.0,Площадь Маркса,0,4,54.943116,82.964456,6.162,10.078613794643088,0,Автомобильная,0.0,13.82683734183593
real_estate_agent,Советский,5.0,5.0,6.0,3.15,1.0,Барьерная,31.4,Площадь Маркса,0,61,54.864031,82.97944,14.186,18.85365350221993,0,Удалённая,0.0,7.683059765060578
real_estate_agent,Дзержинский,4.0,5.0,6.0,3.1,1.0,проспект Дзержинского,28.4,Золотая Нива,0,3,55.06588,82.99702,3.438,6.290630677480549,1,Автомобильная,3.438,25.48182647509483
real_estate_agent,Дзержинский,4.0,5.0,13.4,4.4,1.0,Трикотажная,39.7,Березовая Роща,0,77,55.059281,82.974454,2.285,4.724902434842997,1,Транспортная,2.285,25.170170280061996
real_estate_agent,Советский,2.0,5.0,6.0,3.25,1.0,Софийская,33.1,Площадь Маркса,0,21,54.852957,82.971607,15.168,19.97385017624325,0,Удалённая,0.0,7.910692848519968
real_estate_agent,Ленинский,9.0,17.0,12.6,4.2,1.0,Забалуева,42.1,Площадь Маркса,0,5,54.988903,82.778649,7.536,10.138435866742864,1,Удалённая,7.536,25.836279902557273
real_estate_agent,Кировский,7.0,10.0,7.0,3.99,1.0,Громова,34.5,Площадь Маркса,0,23,54.934459,82.90938,5.386,10.665377746333052,0,Автомобильная,0.0,15.544677692348278
real_estate_agent,Калининский,6.0,17.0,9.0,4.25,1.0,Игарская,33.0,Заельцовская,0,4,55.102076,82.941217,5.124,8.104880633152284,1,Автомобильная,5.124,30.352286639566636
real_estate_agent,Ленинский,8.0,17.0,8.6,3.95,1.0,Рельефная,31.3,Площадь Маркса,0,2,54.975083,82.811994,5.433,9.238103600075624,1,Автомобильная,5.433,23.21507415130929
developer,Заельцовский,19.0,21.0,4.8,12.2,1.0,Красный проспект,42.0,Заельцовская,0,3,55.068144,82.911878,1.018,4.258113020479213,1,Комфортная,1.018,27.54583690589678
real_estate_agent,Октябрьский,3.0,27.0,13.0,6.8,1.0,Закаменский мкр,42.5,Березовая Роща,0,15,55.035901,82.956174,0.867,2.365075440335666,1,Комфортная,0.867,23.126674279764675
real_estate_agent,Кировский,2.0,3.0,10.0,3.95,1.0,Палласа,42.0,Площадь Маркса,0,19,54.946152,82.879996,4.15,9.691535172994902,0,Автомобильная,0.0,17.817934624457937
developer,Железнодорожный,24.0,24.0,17.85,9.9,1.0,Прибрежная,42.75,Площадь Гарина-Михайловского,0,2,55.030519,82.889321,0.851,1.983366535184058,1,Комфортная,0.851,24.55820665848956
real_estate_agent,Октябрьский,25.0,25.0,4.0,5.6,1.0,Большевистская,28.3,Речной вокзал,0,4,54.998726,82.958985,1.796,4.273338328685925,1,Транспортная,1.796,19.289587915363086
real_estate_agent,Кировский,17.0,18.0,12.0,4.0,1.0,Николая Сотникова,47.0,Площадь Маркса,0,5,54.944104,82.968391,6.267,10.046726027922972,0,Автомобильная,0.0,13.76641656160527
real_estate_agent,Ленинский,10.0,17.0,17.0,6.5,1.0,Связистов,39.0,Площадь Маркса,0,5,54.985633,82.832781,4.063,7.46735269456431,1,Автомобильная,4.063,22.98667896761051
real_estate_agent,Кировский,13.0,17.0,8.7,4.0,1.0,Сибиряков-Гвардейцев,31.3,Площадь Маркса,0,3,54.94324,82.90028,4.351,9.75078762005941,0,Автомобильная,0.0,16.624555651369104
developer,Кировский,20.0,20.0,11.4,5.9,1.0,18-й Бронный переулок,35.3,Площадь Маркса,0,2,54.94595,82.942429,5.005,9.468814785943897,0,Автомобильная,0.0,14.952863506737435
real_estate_agent,Советский,1.0,10.0,13.0,8.5,1.0,Разъездная,52.0,Площадь Маркса,0,16,54.871305,83.078946,16.99,20.358930451153217,0,Удалённая,0.0,3.2297386144723066
real_estate_agent,Первомайский,1.0,17.0,10.0,4.1,1.0,Твардовского,39.9,Речной вокзал,0,11,54.93465,83.11699,14.137,16.434391305689182,0,Удалённая,0.0,10.22958917206656
real_estate_agent,Кировский,1.0,14.0,8.5,5.2,1.0,Петухова,38.0,Площадь Маркса,0,25,54.939403,82.921526,5.037,10.092513544936114,0,Автомобильная,0.0,15.33890900899338
real_estate_agent,Кировский,5.0,17.0,18.2,4.1,1.0,Петухова,37.0,Площадь Маркса,0,9,54.937877,82.95647,6.261,10.51635463509542,0,Автомобильная,0.0,13.68819956188724
real_estate_agent,Кировский,13.0,24.0,13.3,4.7,1.0,Петухова,41.9,Площадь Маркса,0,4,54.938069,82.949221,5.971,10.403996488187786,0,Автомобильная,0.0,14.00679125936747
real_estate_agent,Ленинский,2.0,10.0,8.7,4.18,1.0,Троллейная,37.5,Площадь Маркса,0,22,54.990953,82.857997,2.62,5.90435112014208,1,Транспортная,2.62,22.274513697768555
developer,Заельцовский,16.0,25.0,12.0,9.37251,1.0,Дачная,40.3,Заельцовская,0,2,55.054594,82.906757,0.615,2.852762085677449,1,Комфортная,0.615,26.335684386395986
real_estate_agent,Заельцовский,1.0,25.0,15.5,6.8,1.0,Светлановская,41.7,Заельцовская,0,4,55.077958,82.924454,2.239,5.320497555888978,1,Транспортная,2.239,28.220375054362204
realtor,Октябрьский,9.0,10.0,7.0,4.2,1.0,В. Высоцкого,30.0,Золотая Нива,0,20,55.025978,83.02326,3.296,6.569917259849278,1,Автомобильная,3.296,20.778302491355824
developer,Заельцовский,4.0,29.0,11.6,9.152941,1.0,Сухарная,32.67,Площадь Гарина-Михайловского,0,1,55.046373,82.855886,3.041,4.490523798660787,1,Автомобильная,3.041,27.200011743723838
real_estate_agent,Калининский,8.0,16.0,10.0,4.8,1.0,Фадеева,35.0,Заельцовская,0,11,55.099052,82.936842,4.713,7.730793582417746,1,Автомобильная,4.713,30.126069976987907
real_estate_agent,Заельцовский,5.0,5.0,5.8,3.9,1.0,Дмитрия Донского,31.2,Заельцовская,0,3,55.06635,82.906497,0.905,4.1204012112364365,1,Комфортная,0.905,27.513097008113622
real_estate_agent,Октябрьский,3.0,10.0,11.0,4.6,1.0,Виталия Потылицына,42.2,Золотая Нива,0,3,55.018149,83.005841,2.889,5.60531811747511,1,Транспортная,2.889,20.21146071419128
realtor,Кировский,1.0,4.0,5.0,2.15,1.0,Бурденко,25.8,Площадь Маркса,0,69,54.966101,82.906434,1.916,7.179354926946937,0,Транспортная,0.0,18.15169560958498
real_estate_agent,Октябрьский,14.0,15.0,18.300000000000004,8.0,1.0,Вилюйская,63.1,Речной вокзал,0,4,54.999702,83.007584,4.583,6.507267155299839,1,Автомобильная,4.583,18.2169538124332
real_estate_agent,Советский,7.0,9.0,7.5,4.1,1.0,Русская,29.6,Площадь Маркса,0,54,54.848945,83.042762,17.539,21.612583482184068,0,Удалённая,0.0,3.340113193815332
real_estate_agent,Ленинский,4.0,5.0,6.0,3.0,1.0,Филатова,30.0,Площадь Маркса,0,56,54.989502,82.826538,4.516,7.502738011183776,1,Автомобильная,4.516,23.57162095180907
real_estate_agent,Октябрьский,17.0,17.0,10.1,7.1,1.0,Вилюйская,57.0,Речной вокзал,0,16,55.000404,83.005536,4.438,6.355108232641933,1,Автомобильная,4.438,18.331312723099316
real_estate_agent,Калининский,3.0,9.0,5.4,3.12,1.0,Народная,29.4,Заельцовская,0,41,55.082055,82.969711,4.449,6.568161180466163,1,Автомобильная,4.449,27.678493602293305
real_estate_agent,Ленинский,9.0,9.0,10.0,3.9,1.0,Троллейная,42.0,Площадь Маркса,0,33,54.976726,82.860404,2.367,7.068665765792582,1,Транспортная,2.367,21.03035850139376
real_estate_agent,Советский,6.0,9.0,7.5,5.4,1.0,Героев Труда,35.0,Площадь Маркса,0,58,54.867539,83.079117,17.305,20.72888068077391,0,Удалённая,0.0,2.829387645558765
real_estate_agent,Первомайский,4.0,17.0,12.0,3.8,1.0,Твардовского,39.5,Речной вокзал,0,13,54.934003,83.123548,14.519,16.80167165749264,0,Удалённая,0.0,10.227261593814138
real_estate_agent,Кировский,8.0,9.0,4.2,2.2,1.0,Зорге,20.6,Площадь Маркса,0,50,54.933693,82.905041,5.434,10.77207961095266,0,Автомобильная,0.0,15.702217853581846
real_estate_agent,Дзержинский,18.0,22.0,4.7,5.0,1.0,Коминтерна,42.2,Золотая Нива,0,3,55.041271,83.023475,3.079,6.680975979470764,1,Автомобильная,3.079,22.438102767934602
developer,Ленинский,1.0,14.0,32.1,9.596,1.0,Забалуева,46.5,Площадь Маркса,0,2,54.98852,82.807619,5.694,8.555241682058933,1,Автомобильная,5.694,24.39084580517632
real_estate_agent,Калининский,1.0,5.0,5.7,3.5,1.0,Танковая,30.8,Заельцовская,0,3,55.062545,82.933779,1.405,3.6994687643873694,1,Комфортная,1.405,26.41028012534955
developer,Дзержинский,1.0,29.0,11.32,10.714873,1.0,Закаменский мкр,56.6,Березовая Роща,0,2,55.038155,82.954826,0.602,2.364729072140335,1,Комфортная,0.602,23.391119978787064
real_estate_agent,Кировский,4.0,5.0,3.0,2.35,1.0,Зорге,24.1,Площадь Маркса,0,52,54.932731,82.903416,5.531,10.88846151141894,0,Автомобильная,0.0,15.714817585186347
real_estate_agent,Железнодорожный,4.0,15.0,10.0,7.2,1.0,Комсомольский проспект,31.2,Площадь Гарина-Михайловского,0,3,55.029817,82.901601,0.634,1.2009988685246236,1,Комфортная,0.634,24.08241172672424
real_estate_agent,Дзержинский,16.0,25.0,8.4,7.23,1.0,Николая Островского,34.4,Березовая Роща,0,3,55.054181,82.948421,1.23,3.2109708551626417,1,Комфортная,1.23,25.195906838755803
real_estate_agent,Калининский,1.0,10.0,11.2,7.2,1.0,Народная,44.9,Березовая Роща,0,20,55.08089,82.969334,4.325,6.443041448314212,1,Автомобильная,4.325,27.56140079811221
real_estate_agent,Железнодорожный,3.0,14.0,10.0,7.25,1.0,Комсомольский проспект,33.2,Площадь Гарина-Михайловского,0,11,55.029817,82.901601,0.634,1.2009988685246236,1,Комфортная,0.634,24.08241172672424
developer,Калининский,4.0,21.0,13.6,5.4,1.0,Тюленина,34.04,Заельцовская,0,2,55.106809,82.952293,5.886,8.76046986064413,1,Автомобильная,5.886,30.63471773466421
real_estate_agent,Центральный,6.0,15.0,16.8,7.25,1.0,Некрасова,28.6,Маршала Покрышкина,0,18,55.046208,82.92723,0.479,1.8356750362413687,1,Пешеходная,0.479,24.922556460411535
real_estate_agent,Железнодорожный,2.0,16.0,12.0,7.49,1.0,Дмитрия Шамшурина,41.0,Площадь Гарина-Михайловского,0,11,55.028682,82.903748,0.792,1.0762675982759815,1,Комфортная,0.792,23.904016135992862
developer,Железнодорожный,18.0,25.0,7.96,11.0,1.0,Железнодорожная,39.8,Гагаринская,0,3,55.046465,82.906317,0.732,2.0234654986688483,1,Комфортная,0.732,25.547480998407377
real_estate_agent,Октябрьский,2.0,10.0,6.3,7.65,1.0,Большевистская,46.5,Речной вокзал,0,4,54.994114,82.96778,2.556,5.018137315658372,1,Транспортная,2.556,18.58163213362808
real_estate_agent,Октябрьский,2.0,29.0,8.0,7.8,1.0,Военная,44.3,Октябрьская,0,4,55.024868,82.949167,0.927,1.9235667432814256,1,Комфортная,0.927,22.1809027216313
real_estate_agent,Октябрьский,5.0,17.0,10.0,7.899,1.0,Никитина,46.3,Речной вокзал,0,4,55.007488,82.954458,1.087,3.325999211277847,1,Комфортная,1.087,20.290662197477676
real_estate_agent,Железнодорожный,3.0,10.0,10.2,7.99,1.0,Вокзальная магистраль,39.0,Площадь Гарина-Михайловского,0,11,55.033708,82.902868,0.281,1.1868666795063725,1,Пешеходная,0.281,24.414524166216886
developer,Ленинский,14.0,17.0,19.1,5.05,1.0,Рельефная,34.0,Площадь Маркса,0,2,54.975083,82.811994,5.433,9.238103600075624,1,Автомобильная,5.433,23.21507415130929
real_estate_agent,Заельцовский,8.0,24.0,11.6,8.5,1.0,Ельцовская,43.2,Площадь Гарина-Михайловского,0,5,55.046749,82.887066,1.493,2.814518796915643,1,Комфортная,1.493,26.174415721981102
homeowner,Дзержинский,1.0,26.0,14.0,8.2,1.0,Гоголя,39.0,Березовая Роща,0,8,55.049215,82.966468,1.137,3.617912869050166,1,Комфортная,1.137,24.272869610433453
real_estate_agent,Октябрьский,12.0,25.0,7.0,8.6,1.0,Ипподромская,37.7,Октябрьская,0,3,55.024621,82.935503,0.689,1.141140846973464,1,Комфортная,0.689,22.53469617198309
real_estate_agent,Заельцовский,5.0,17.0,16.0,8.8,1.0,Аэропорт,42.1,Заельцовская,0,4,55.078035,82.911689,2.117,5.351977176297565,1,Транспортная,2.117,28.55085990202134
developer,Заельцовский,5.0,28.0,9.14,8.300936,1.0,Сухарная,45.7,Площадь Гарина-Михайловского,0,2,55.047213,82.858868,2.909,4.356947060903408,1,Транспортная,2.909,27.17164052970939
real_estate_agent,Октябрьский,2.0,9.0,7.0,9.2,1.0,Владимира Заровного,51.95,Речной вокзал,0,2,54.99037,82.967627,2.841,5.351150266646414,1,Транспортная,2.841,18.212063128223793
real_estate_agent,Кировский,13.0,16.0,11.0,9.2,1.0,Немировича-Данченко,38.7,Студенческая,0,9,54.990023,82.915408,0.561,4.475085514796202,0,Комфортная,0.0,19.887472404833606
developer,Заельцовский,19.0,25.0,8.916,7.91728,1.0,Светлановская,44.58,Заельцовская,0,1,55.076489,82.924229,2.081,5.156656210088052,1,Транспортная,2.081,28.075229977798916
real_estate_agent,Железнодорожный,2.0,16.0,10.0,9.5,1.0,Дмитрия Шамшурина,38.0,Площадь Гарина-Михайловского,0,11,55.028682,82.903748,0.792,1.0762675982759815,1,Комфортная,0.792,23.904016135992862
real_estate_agent,Октябрьский,6.0,25.0,9.4,9.79,1.0,Ипподромская,38.88,Октябрьская,0,3,55.024621,82.935503,0.689,1.141140846973464,1,Комфортная,0.689,22.53469617198309
developer,Ленинский,25.0,30.0,18.89,8.303,1.0,Горская,31.99,Спортивная,0,2,54.995844,82.91203,0.524,3.853770837297188,1,Комфортная,0.524,20.541798694806754
real_estate_agent,Ленинский,3.0,5.0,5.5,2.9,1.0,Курганская,28.5,Площадь Маркса,0,52,54.972339,82.843067,3.567,8.10506771644526,1,Автомобильная,3.567,21.504352169095945
real_estate_agent,Дзержинский,16.0,17.0,7.1,5.95,1.0,Красина,39.3,Березовая Роща,0,3,55.042973,82.963315,0.728,3.081175277442676,1,Комфортная,0.728,23.690716771473618
real_estate_agent,Советский,5.0,6.0,19.0,3.875,1.0,Ивлева,42.0,Площадь Маркса,0,3,54.864953,82.993867,14.464,18.95982266289692,0,Удалённая,0.0,6.841182522939042
real_estate_agent,Октябрьский,6.0,10.0,7.0,3.5,1.0,В. Высоцкого,30.0,Золотая Нива,0,17,55.02781,83.024032,3.269,6.607643009538337,1,Автомобильная,3.269,20.966562648329635
real_estate_agent,Затулинский жилмассив,10.0,27.0,11.9,4.81,1.0,Зорге,47.4,Площадь Маркса,0,3,54.927139,82.923421,6.375,11.457551985162777,0,Автомобильная,0.0,14.333999170145994
real_estate_agent,Ленинский,7.0,17.0,5.0,3.3,1.0,Связистов,32.0,Площадь Маркса,0,3,54.961558,82.836482,4.455,9.320634283564374,1,Автомобильная,4.455,21.05498793634241
developer,Ленинский,4.0,17.0,21.4,4.35,1.0,Невельского,39.2,Площадь Маркса,0,3,54.992281,82.833877,4.128,6.943018284661969,1,Автомобильная,4.128,23.4500035891076
real_estate_agent,Октябрьский,15.0,18.0,5.0,3.85,1.0,Плющихинская,42.78,Золотая Нива,0,2,55.018329,83.002554,2.738,5.397146592438487,1,Транспортная,2.738,20.290212372137212
real_estate_agent,Советский,3.0,5.0,5.8,3.25,1.0,Часовая,30.2,Площадь Маркса,0,21,54.865119,82.984929,14.21,18.808756252211296,0,Удалённая,0.0,7.386359922495216
developer,Ленинский,1.0,17.0,28.3,4.3,1.0,Связистов,37.4,Площадь Маркса,0,5,54.985633,82.832781,4.063,7.46735269456431,1,Автомобильная,4.063,22.98667896761051
real_estate_agent,Кировский,16.0,18.0,25.4,4.3,1.0,Николая Сотникова,56.0,Площадь Маркса,0,9,54.943499,82.968328,6.31,10.109615956670025,0,Автомобильная,0.0,13.714258606699907
real_estate_agent,Кировский,1.0,5.0,6.0,3.89,1.0,Сибиряков-Гвардейцев,30.8,Площадь Маркса,0,63,54.979542,82.89304,0.367,5.893906611001817,0,Пешеходная,0.0,19.840831339809178
developer,Октябрьский,15.0,24.0,8.120000000000001,8.49,1.0,Шевченко,40.6,Октябрьская,0,1,55.01882,82.932395,0.434,1.4739220348078828,1,Пешеходная,0.434,22.053098393460086
real_estate_agent,Первомайский,10.0,17.0,13.0,4.3,1.0,Твардовского,40.0,Речной вокзал,0,12,54.934252,83.121526,14.398,16.684612757004395,0,Удалённая,0.0,10.23151487412012
developer,Ленинский,16.0,18.0,14.3,9.7181,1.0,Серафимовича,45.6,Площадь Маркса,0,1,54.979909,82.879547,1.095,6.166627238207052,1,Комфортная,1.095,20.440256330573085
real_estate_agent,Ленинский,3.0,5.0,6.0,3.0,1.0,Станционная,30.0,Площадь Маркса,0,49,54.997812,82.83597,4.212,6.476338051084346,1,Автомобильная,4.212,23.793863827058914
real_estate_agent,Октябрьский,12.0,25.0,3.0,4.255,1.0,Кирова,23.0,Октябрьская,0,3,55.013591,82.955042,1.164,2.874465185953487,1,Комфортная,1.164,20.886089898455722
real_estate_agent,Кировский,1.0,5.0,6.0,2.8,1.0,Чигорина,29.1,Спортивная,0,48,54.961956,82.960432,4.462,8.002056346898842,0,Автомобильная,0.0,15.691783051387102
realtor,Центральный,5.0,5.0,7.0,5.99,1.0,Мичурина,43.4,Красный проспект,0,63,55.04498,82.920088,0.413,1.6475020698063356,1,Пешеходная,0.413,24.998680980727038
real_estate_agent,Октябрьский,3.0,10.0,14.0,4.45,1.0,В. Высоцкого,53.8,Золотая Нива,0,18,55.02667,83.026961,3.488,6.800335360485056,1,Автомобильная,3.488,20.80337412620281
real_estate_agent,Дзержинский,3.0,17.0,9.0,5.6,1.0,Красина,42.3,Березовая Роща,0,3,55.042973,82.963315,0.728,3.081175277442676,1,Комфортная,0.728,23.690716771473618
real_estate_agent,Калининский,1.0,7.0,3.0,4.49,1.0,Танковая,27.7,Заельцовская,0,3,55.063854,82.930293,1.249,3.798309704981916,1,Комфортная,1.249,26.631083198238557
real_estate_agent,Дзержинский,13.0,21.0,10.0,7.4,1.0,Есенина,40.0,Золотая Нива,0,3,55.046001,82.985665,1.142,4.51390540693577,1,Комфортная,1.142,23.54737253111852
real_estate_agent,Кировский,5.0,5.0,10.0,4.499,1.0,Пригородная,32.0,Студенческая,0,15,54.974633,82.925029,1.976,6.181820364948558,0,Транспортная,0.0,18.140941462650396
developer,Ленинский,10.0,17.0,30.9,4.85,1.0,площадь Карла Маркса,48.7,Площадь Маркса,0,1,54.983024,82.893202,0.208,5.522037183566433,1,Пешеходная,0.208,20.13041113539444
real_estate_agent,Дзержинский,19.0,26.0,9.6,6.1,1.0,Адриена Лежена,34.7,Золотая Нива,0,7,55.038717,82.986887,0.732,4.339987036622431,1,Комфортная,0.732,22.751071801051726
real_estate_agent,Кировский,8.0,18.0,9.0,4.45,1.0,Александра Чистякова,43.0,Площадь Маркса,0,5,54.938653,82.968876,6.714,10.63467605167456,0,Автомобильная,0.0,13.2606605461027
developer,Ленинский,10.0,15.0,11.9,8.41075,1.0,Серафимовича,41.8,Площадь Маркса,0,1,54.979764,82.88041,1.046,6.158230141985667,1,Комфортная,1.046,20.391329493847017
real_estate_agent,Дзержинский,9.0,12.0,10.0,6.7,1.0,Королева,37.0,Золотая Нива,0,11,55.047734,82.971472,1.168,3.793552267575925,1,Комфортная,1.168,24.011741456027337
real_estate_agent,Ленинский,18.0,25.0,5.0,4.5,1.0,Горская,26.0,Студенческая,0,6,54.996118,82.903137,0.825,3.9432450713622553,1,Комфортная,0.825,20.893662793067193
real_estate_agent,Октябрьский,19.0,21.0,10.3,6.7,1.0,2-я Воинская,38.0,Золотая Нива,0,2,55.016915,82.987776,2.417,4.538162461147457,1,Транспортная,2.417,20.433914982818834
real_estate_agent,Ленинский,6.0,17.0,18.6,4.78,1.0,Титова,48.29,Площадь Маркса,0,6,54.980002,82.798636,6.231,9.562589683121711,1,Автомобильная,6.231,24.222175871000303
developer,Октябрьский,1.0,10.0,7.7,5.9568,1.0,Большевистская,38.5,Речной вокзал,0,1,54.99256,82.977895,3.168,5.559404724898926,1,Автомобильная,3.168,18.15229982940267
real_estate_agent,Ленинский,5.0,9.0,10.4,5.1,1.0,Вертковская,37.6,Площадь Маркса,0,9,54.973223,82.856919,2.702,7.516611260062278,1,Транспортная,2.702,20.91938914865105
real_estate_agent,Октябрьский,5.0,5.0,10.2,4.94,1.0,Выборная,42.0,Золотая Нива,0,12,55.002573,83.016918,4.693,6.873710623222928,1,Автомобильная,4.693,18.35212786125204
real_estate_agent,Октябрьский,7.0,18.0,14.0,8.1,1.0,Бориса Богаткова,52.0,Октябрьская,0,13,55.018763,82.952634,0.856,2.4123334872764928,1,Комфортная,0.856,21.472022167964695
real_estate_agent,Ленинский,7.0,17.0,6.0,5.4,1.0,Связистов,36.7,Площадь Маркса,0,6,54.961098,82.839249,4.332,9.262745280846271,1,Автомобильная,4.332,20.884930514659345
developer,Дзержинский,11.0,25.0,14.0,7.2132,1.0,Королева,39.4,Березовая Роща,0,1,55.050514,82.968489,1.327,3.8070616847637977,1,Комфортная,1.327,24.36613246098095
real_estate_agent,Кировский,6.0,21.0,18.0,5.95,1.0,Урманова,41.6,Спортивная,0,8,54.96637,82.955212,3.869,7.432369623366351,0,Автомобильная,0.0,16.28491609873244
real_estate_agent,Калининский,6.0,10.0,3.0,5.7,1.0,Мясниковой,36.5,Заельцовская,0,10,55.11045,82.92732,5.797,8.938036920771257,1,Автомобильная,5.797,31.523384172214413
developer,Кировский,13.0,26.0,13.7,7.27,1.0,Аникина,46.59,Студенческая,0,1,54.965574,82.945088,3.571,7.352291025391459,0,Автомобильная,0.0,16.57419367825262
real_estate_agent,Заельцовский,16.0,16.0,12.7,6.75,1.0,Ельцовская,42.4,Площадь Гарина-Михайловского,0,3,55.04497,82.88597,1.374,2.744657283430364,1,Комфортная,1.374,26.039700055964563
real_estate_agent,Калининский,9.0,16.0,13.5,6.25,1.0,Красный проспект,43.5,Заельцовская,0,8,55.109894,82.927149,5.734,8.875756668279916,1,Автомобильная,5.734,31.468914799701327
real_estate_agent,Октябрьский,13.0,19.0,22.8,6.63,1.0,Большевистская,35.1,Речной вокзал,0,4,54.991681,82.973358,3.002,5.44960752235831,1,Автомобильная,3.002,18.184327341977703
developer,Ленинский,2.0,17.0,5.34,3.6,1.0,Связистов,26.7,Площадь Маркса,0,2,54.98523,82.834084,3.977,7.435424688463525,1,Автомобильная,3.977,22.89545323671187
real_estate_agent,Октябрьский,16.0,17.0,22.0,9.3,1.0,Большевистская,45.99,Речной вокзал,0,4,54.993138,82.969145,2.693,5.157210267348751,1,Транспортная,2.693,18.446052993491882
real_estate_agent,Октябрьский,6.0,10.0,4.0,8.0,1.0,Большевистская,33.6,Речной вокзал,0,11,54.993272,82.967196,2.591,5.071279562365452,1,Транспортная,2.591,18.513704390524847
developer,Заельцовский,2.0,16.0,6.1,6.28,1.0,Аэропорт,43.2,Заельцовская,0,4,55.078226,82.912569,2.138,5.367578258161752,1,Транспортная,2.138,28.547388450163506
homeowner,Октябрьский,24.0,25.0,10.0,8.35,1.0,Закаменский мкр,48.1,Березовая Роща,0,3,55.035323,82.958689,0.987,2.5043003851807306,1,Комфортная,0.987,23.006411525230025
real_estate_agent,Октябрьский,6.0,17.0,25.0,9.0,1.0,Сакко и Ванцетти,36.6,Речной вокзал,0,4,55.01309,82.936743,0.426,2.164579219413893,1,Пешеходная,0.426,21.360461668949853
real_estate_agent,Октябрьский,3.0,9.0,12.0,11.5,1.0,Сакко и Ванцетти,41.0,Речной вокзал,0,4,55.013849,82.936267,0.514,2.0760216328846752,1,Комфортная,0.514,21.44919917720661
developer,Железнодорожный,4.0,8.0,8.5,7.1415,1.0,Ленина,26.7,Площадь Гарина-Михайловского,0,3,55.040497,82.8941,0.666,2.0337757320425776,1,Комфортная,0.666,25.348043009947677
real_estate_agent,Калининский,1.0,3.0,4.08,2.0,1.0,Знаменская,20.4,Заельцовская,0,14,55.163528,82.9858,12.521,15.401399320462035,1,Удалённая,12.521,36.23860472232782
real_estate_agent,Первомайский,2.0,2.0,4.6,2.0,1.0,Звездная,20.4,Речной вокзал,0,70,54.949001,83.069694,10.766,13.119404520454635,0,Удалённая,0.0,11.823502437114621
developer,Дзержинский,17.0,25.0,23.65,7.05,1.0,Королева,35.25,Березовая Роща,0,2,55.051773,82.97016,1.497,3.976154644970644,1,Комфортная,1.497,24.463590422842444
developer,Кировский,22.0,26.0,9.7,6.8,1.0,Аникина,39.31,Студенческая,0,1,54.964866,82.946382,3.685,7.447122803749258,0,Автомобильная,0.0,16.462285689012816
real_estate_agent,Калининский,2.0,13.0,12.0,6.0,1.0,Мясниковой,40.0,Заельцовская,0,10,55.11045,82.92732,5.797,8.938036920771257,1,Автомобильная,5.797,31.523384172214413
realtor,Кировский,4.0,9.0,7.4,4.15,1.0,Сибиряков-Гвардейцев,37.0,Площадь Маркса,0,9,54.965817,82.89569,1.833,7.3271861994639105,0,Транспортная,0.0,18.58975122437054
real_estate_agent,Центральный,3.0,17.0,12.52,11.77,1.0,Николая Островского,62.6,Маршала Покрышкина,0,1,55.052025,82.943256,1.007,2.832375081076901,1,Комфортная,1.007,25.098103636932787
developer,Октябрьский,21.0,23.0,12.1,7.99,1.0,Грибоедова,39.1,Золотая Нива,0,1,55.021648,82.976844,1.764,3.7179503515893786,1,Транспортная,1.764,21.167827218238447
real_estate_agent,Кировский,15.0,25.0,8.0,5.55,1.0,Сержанта Коротаева,37.6,Студенческая,0,8,54.96085,82.953973,4.343,7.998832173052108,0,Автомобильная,0.0,15.819000706320486
real_estate_agent,Калининский,1.0,5.0,8.0,3.1,1.0,Объединения,32.5,Заельцовская,0,59,55.093396,82.958976,4.832,7.4470005330349265,1,Автомобильная,4.832,29.084279940612287
real_estate_agent,Кировский,2.0,3.0,10.0,3.8,1.0,Рубежная,39.0,Спортивная,0,12,54.94141,83.008518,8.188,11.356972572653795,0,Удалённая,0.0,12.175375833649964
realtor,Кировский,3.0,3.0,18.0,3.5,1.0,Вознесенская,32.3,Спортивная,0,13,54.941441,83.000667,7.847,11.11457477797374,0,Удалённая,0.0,12.4121863611637
real_estate_agent,Калининский,3.0,5.0,5.7,3.23,1.0,Объединения,31.1,Заельцовская,0,3,55.096214,82.966971,5.395,7.919589808581067,1,Автомобильная,5.395,29.23788336936018
real_estate_agent,Кировский,9.0,25.0,14.0,6.4,1.0,Сержанта Коротаева,42.0,Спортивная,0,5,54.961238,82.955221,4.347,7.9790343462867,0,Автомобильная,0.0,15.809603930929756
real_estate_agent,Дзержинский,1.0,5.0,6.0,2.87,1.0,Полякова,30.0,Золотая Нива,0,28,55.073907,83.041954,5.852,9.141570370113294,1,Автомобильная,5.852,25.824464954397847
real_estate_agent,Дзержинский,9.0,9.0,7.4,3.25,1.0,Гусинобродское шоссе,29.5,Золотая Нива,0,34,55.040451,83.02149,2.942,6.540213767932169,1,Транспортная,2.942,22.374735694579385
real_estate_agent,Кировский,4.0,10.0,5.6,3.25,1.0,Петухова,25.9,Площадь Маркса,0,13,54.939765,82.95223,5.93,10.254662986231128,0,Автомобильная,0.0,14.023389113816846
real_estate_agent,Калининский,11.0,12.0,6.4,6.1,1.0,Красный проспект,46.1,Заельцовская,0,6,55.114817,82.931775,6.325,9.44051309089754,1,Автомобильная,6.325,31.887210987124963
real_estate_agent,Кировский,6.0,6.0,6.8,3.5,1.0,Станиславского,31.8,Площадь Маркса,0,56,54.968711,82.874355,2.056,7.438607886378347,0,Транспортная,0.0,19.770598830385953
developer,Ленинский,10.0,14.0,8.32,4.35,1.0,площадь Карла Маркса,41.6,Площадь Маркса,0,1,54.983024,82.893202,0.208,5.522037183566433,1,Пешеходная,0.208,20.13041113539444
real_estate_agent,Дзержинский,1.0,10.0,7.4,3.25,1.0,Есенина,28.5,Золотая Нива,0,35,55.050122,82.988279,1.619,4.858957500874308,1,Транспортная,1.619,23.93795303014132
developer,Октябрьский,11.0,24.0,7.688,8.73,1.0,Шевченко,38.44,Октябрьская,0,1,55.01882,82.932395,0.434,1.4739220348078828,1,Пешеходная,0.434,22.053098393460086
real_estate_agent,Дзержинский,5.0,5.0,7.0,3.39,1.0,проспект Дзержинского,31.9,Золотая Нива,0,3,55.064313,82.991001,3.139,5.8843106301996295,1,Автомобильная,3.139,25.409729986677874
developer,Октябрьский,12.0,16.0,8.188,8.05,1.0,Большевистская,40.94,Речной вокзал,0,5,54.989528,82.977275,3.347,5.792500345609196,1,Автомобильная,3.347,17.861840921964465
real_estate_agent,Октябрьский,4.0,9.0,7.0,3.4,1.0,Выборная,28.4,Золотая Нива,0,34,55.003823,83.018301,4.629,6.89242731625122,1,Автомобильная,4.629,18.462644612336522
real_estate_agent,Первомайский,15.0,19.0,4.420000000000001,2.35,1.0,Твардовского,22.1,Речной вокзал,0,12,54.934252,83.121526,14.398,16.684612757004395,0,Удалённая,0.0,10.23151487412012
developer,Заельцовский,7.0,17.0,11.2,6.35,1.0,Лобачевского,50.53,Заельцовская,0,3,55.121953,82.904107,7.021,10.259155721994995,1,Удалённая,7.021,33.240788909392535
real_estate_agent,Кировский,4.0,5.0,6.0,3.1,1.0,Петухова,30.0,Площадь Маркса,0,9,54.939734,82.906748,4.781,10.09332214083385,0,Автомобильная,0.0,16.056766074826797
developer,Кировский,1.0,4.0,5.3740000000000006,5.5,1.0,Зорге,26.87,Площадь Маркса,0,1,54.935891,82.914501,5.291,10.489628247052783,0,Автомобильная,0.0,15.402728109283686
real_estate_agent,Кировский,2.0,3.0,8.0,2.95,1.0,Воскресная,29.8,Спортивная,0,15,54.943664,83.006839,7.933,11.086133566106431,0,Удалённая,0.0,12.447466073906758
real_estate_agent,Первомайский,1.0,2.0,6.0,2.4,1.0,Звездная,31.9,Речной вокзал,0,14,54.951007,83.068319,10.559,12.902522471448911,0,Удалённая,0.0,12.056345411641251
real_estate_agent,Кировский,5.0,9.0,6.1,3.0,1.0,Зорге,33.1,Площадь Маркса,0,56,54.936217,82.917312,5.299,10.448442465568109,0,Автомобильная,0.0,15.293490229539174
real_estate_agent,Первомайский,16.0,17.0,4.0,2.4,1.0,Одоевского,20.0,Речной вокзал,0,14,54.937846,83.104701,13.294,15.607772002258574,0,Удалённая,0.0,10.501583659424199
realtor,Кировский,3.0,3.0,7.0,2.6,1.0,Рубежная,30.3,Спортивная,0,14,54.940541,83.007243,8.202,11.401334098960495,0,Удалённая,0.0,12.12629577132045
developer,Кировский,12.0,25.0,14.3,5.48,1.0,Бронная,42.69,Площадь Маркса,0,2,54.947972,82.966118,5.873,9.592851205190112,0,Автомобильная,0.0,14.200846518633085
real_estate_agent,Калининский,6.0,10.0,6.0,3.5,1.0,Тюленина,26.0,Заельцовская,0,17,55.114585,82.93862,6.399,9.458190426818977,1,Автомобильная,6.399,31.72351781452444
real_estate_agent,Первомайский,2.0,5.0,5.7,2.4,1.0,Узорная,30.5,Спортивная,0,60,54.922876,83.078434,12.888,15.620105074174184,0,Удалённая,0.0,8.871861477030462
real_estate_agent,Ленинский,5.0,9.0,6.0,3.25,1.0,Невельского,29.4,Площадь Маркса,0,53,54.99209,82.804763,5.934,8.504214538849416,1,Автомобильная,5.934,24.790154312969044
developer,Ленинский,4.0,18.0,15.9,5.7163,1.0,Титова,42.23,Площадь Маркса,0,1,54.978105,82.804825,5.849,9.373792733875325,1,Автомобильная,5.849,23.782140430609328
developer,Калининский,2.0,15.0,8.32,6.868,1.0,Игарская,41.6,Заельцовская,0,1,55.100623,82.941783,4.987,7.951611298275642,1,Автомобильная,4.987,30.187745905310507
real_estate_agent,Дзержинский,1.0,5.0,6.0,3.75,1.0,Толбухина,28.7,Золотая Нива,0,3,55.041684,83.010908,2.297,5.905600249421414,1,Транспортная,2.297,22.657771116388314
real_estate_agent,Первомайский,4.0,5.0,5.6,3.35,1.0,Первомайская,30.3,Золотая Нива,0,58,54.973853,83.073862,9.453,11.616825648750828,0,Удалённая,0.0,14.541135191593487
developer,Октябрьский,17.0,17.0,13.8,7.09,1.0,Знаменский кв-л,40.32,Золотая Нива,0,1,55.030225,82.979458,0.845,3.7615238211652096,1,Комфортная,0.845,22.006010160130607
real_estate_agent,Кировский,23.0,26.0,6.0,4.7,1.0,Аникина,29.0,Студенческая,0,10,54.964509,82.945106,3.659,7.468262992841505,0,Автомобильная,0.0,16.476835114549594
real_estate_agent,Октябрьский,10.0,10.0,5.0,3.5,1.0,Плющихинская,32.7,Золотая Нива,0,8,55.014442,83.001988,3.066,5.484517374931609,1,Автомобильная,3.066,19.887488520502952
real_estate_agent,Советский,1.0,9.0,9.0,3.6,1.0,Печатников,40.1,Площадь Маркса,0,38,54.863953,82.972873,14.042,18.78286590134732,0,Удалённая,0.0,8.083152533367933
realtor,Ленинский,3.0,5.0,4.5,3.0,1.0,Станционная,34.7,Площадь Маркса,0,49,54.997812,82.83597,4.212,6.476338051084346,1,Автомобильная,4.212,23.793863827058914
real_estate_agent,Заельцовский,1.0,6.0,14.62,12.0,1.0,Аэропорт,73.1,Заельцовская,0,3,55.080158,82.901799,2.451,5.684286936281938,1,Транспортная,2.451,29.02775942183817
real_estate_agent,Октябрьский,6.0,10.0,11.0,3.35,1.0,Плющихинская,42.0,Золотая Нива,0,3,55.011366,83.006291,3.503,5.858509538735904,1,Автомобильная,3.503,19.480146079480427
developer,Железнодорожный,6.0,25.0,9.78,11.3,1.0,Железнодорожная,48.9,Гагаринская,0,3,55.046465,82.906317,0.732,2.0234654986688483,1,Комфортная,0.732,25.547480998407377
developer,Октябрьский,3.0,13.0,9.04,8.814,1.0,Большевистская,45.2,Речной вокзал,0,1,54.99256,82.977895,3.168,5.559404724898926,1,Автомобильная,3.168,18.15229982940267
real_estate_agent,Дзержинский,5.0,5.0,6.0,3.15,1.0,Доватора,35.0,Золотая Нива,0,51,55.042881,83.002158,1.795,5.395935008324952,1,Транспортная,1.795,22.92391477034385
developer,Заельцовский,23.0,23.0,11.8,11.365992,1.0,Дуси Ковальчук,59.0,Заельцовская,0,4,55.054006,82.90285,0.833,2.8780497587790106,1,Комфортная,0.833,26.392022482383226
homeowner,Октябрьский,4.0,7.0,15.0,12.0,1.0,Владимира Заровного,41.0,Речной вокзал,0,4,54.989135,82.970717,3.076,5.576185464221208,1,Автомобильная,3.076,18.001782576152703
real_estate_agent,Кировский,3.0,9.0,5.8,2.82,1.0,Чемская,30.5,Площадь Маркса,0,46,54.953757,82.958078,5.067,8.828990084102395,0,Автомобильная,0.0,15.022546229083106
developer,Ленинский,16.0,25.0,7.376000000000001,4.61,1.0,Междуреченская,36.88,Площадь Гарина-Михайловского,0,3,55.0233,82.857898,2.979,4.058376880323015,1,Транспортная,2.979,25.039282705448944
real_estate_agent,Октябрьский,4.0,7.0,11.0,6.5,1.0,Выборная,45.0,Золотая Нива,0,16,55.005945,83.014519,4.297,6.574693476663397,1,Автомобильная,4.297,18.754481974314526
real_estate_agent,Октябрьский,14.0,25.0,6.864000000000001,6.15,1.0,Ленинградская,34.32,Речной вокзал,0,1,55.011185,82.963136,1.635,3.444290843570368,1,Транспортная,1.635,20.427155475247062
real_estate_agent,Кировский,17.0,17.0,5.0,2.47,1.0,Виктора Уса,25.1,Площадь Маркса,0,15,54.937024,82.88323,5.102,10.625391757627089,0,Автомобильная,0.0,17.022986692271928
real_estate_agent,Октябрьский,10.0,24.0,5.0,9.9,1.0,Шевченко,38.6,Октябрьская,0,7,55.01882,82.932395,0.434,1.4739220348078828,1,Пешеходная,0.434,22.053098393460086
real_estate_agent,Октябрьский,18.0,25.0,9.96,12.494,1.0,Военная,49.8,Октябрьская,0,3,55.024868,82.949167,0.927,1.9235667432814256,1,Комфортная,0.927,22.1809027216313
realtor,Октябрьский,14.0,17.0,5.0,6.5,1.0,Закаменский мкр,30.0,Березовая Роща,0,3,55.037036,82.955302,0.729,2.3495398842606523,1,Комфортная,0.729,23.264534725560093
developer,Заельцовский,23.0,25.0,8.968000000000002,8.65,1.0,Дуси Ковальчук,44.84,Заельцовская,0,1,55.063101,82.92741,1.048,3.689165281750359,1,Комфортная,1.048,26.627189012170266
real_estate_agent,Дзержинский,3.0,9.0,8.0,3.5,1.0,Новая Заря,34.5,Березовая Роща,0,41,55.077355,82.97988,4.185,6.4706431553890935,1,Автомобильная,4.185,26.995848900301784
real_estate_agent,Октябрьский,11.0,25.0,10.0,8.9,1.0,Ипподромская,50.0,Октябрьская,0,3,55.024621,82.935503,0.689,1.141140846973464,1,Комфортная,0.689,22.53469617198309
developer,Калининский,15.0,15.0,6.540000000000001,4.75,1.0,Родники мкр,32.7,Заельцовская,0,1,55.109986,82.944388,6.02,9.005741386191689,1,Автомобильная,6.02,31.1234205916231
real_estate_agent,Октябрьский,6.0,10.0,4.4,3.5,1.0,Виталия Потылицына,38.4,Золотая Нива,0,11,55.016998,83.010854,3.201,5.946420586363771,1,Автомобильная,3.201,20.00107296927051
real_estate_agent,Ленинский,10.0,16.0,6.654000000000001,4.25,1.0,Зорге,33.27,Площадь Маркса,0,22,54.92808,82.924598,6.296,11.35444058673209,1,Автомобильная,6.296,14.344952122118581
real_estate_agent,Заельцовский,17.0,23.0,8.540000000000001,7.7,1.0,Ляпидевского,42.7,Заельцовская,0,2,55.080926,82.923116,2.528,5.64694599228574,1,Транспортная,2.528,28.55779722556281
real_estate_agent,Калининский,8.0,9.0,6.0,3.4,1.0,Рассветная,34.0,Заельцовская,0,38,55.109636,82.975945,6.925,9.517277452177302,1,Автомобильная,6.925,30.52768489531244
real_estate_agent,Октябрьский,6.0,25.0,8.164,8.1,1.0,Ленинградская,40.82,Речной вокзал,0,1,55.011185,82.963136,1.635,3.444290843570368,1,Транспортная,1.635,20.427155475247062
developer,Октябрьский,16.0,20.0,7.640000000000001,8.07,1.0,Ленинградская,38.2,Речной вокзал,0,2,55.001819,82.983518,3.038,5.10966302296737,1,Автомобильная,3.038,18.95922571787914
real_estate_agent,Дзержинский,18.0,25.0,9.094,7.55,1.0,Авиастроителей,45.47,Березовая Роща,0,1,55.070334,82.966729,3.151,5.352187273041826,1,Автомобильная,3.151,26.490784610916197
real_estate_agent,Кировский,16.0,17.0,4.44,2.65,1.0,Виктора Уса,22.2,Площадь Маркса,0,15,54.937024,82.88323,5.102,10.625391757627089,0,Автомобильная,0.0,17.022986692271928
real_estate_agent,Октябрьский,13.0,23.0,7.840000000000001,6.9,1.0,Грибоедова,39.2,Золотая Нива,0,1,55.021648,82.976844,1.764,3.7179503515893786,1,Транспортная,1.764,21.167827218238447
real_estate_agent,Кировский,1.0,3.0,9.0,2.65,1.0,Вознесенская,37.0,Спортивная,0,12,54.941663,82.999212,7.768,11.050131828625434,0,Удалённая,0.0,12.478800466809075
developer,Ленинский,18.0,16.0,10.8,5.8,1.0,Зорге,54.0,Площадь Маркса,0,22,54.926963,82.922451,6.377,11.476259178615932,1,Автомобильная,6.377,14.368691881006487
real_estate_agent,Кировский,5.0,10.0,4.14,2.689,1.0,Петухова,20.7,Площадь Маркса,0,12,54.939507,82.95435,6.035,10.310323942937286,0,Автомобильная,0.0,13.914077475635246
developer,Кировский,1.0,24.0,7.454000000000001,5.8,1.0,Оловозаводская,37.27,Спортивная,0,1,54.96761,82.959946,3.946,7.398201004620823,0,Автомобильная,0.0,16.238750386698424
real_estate_agent,Калининский,1.0,5.0,5.7,2.69,1.0,Магистральная,29.1,Заельцовская,0,38,55.172224,82.96919,13.094,16.097864165340383,1,Удалённая,13.094,37.39931480679283
developer,Октябрьский,2.0,25.0,10.072,9.85,1.0,Ленинградская,50.36,Речной вокзал,0,1,55.011185,82.963136,1.635,3.444290843570368,1,Транспортная,1.635,20.427155475247062
real_estate_agent,Ленинский,2.0,5.0,3.0,2.7,1.0,Планировочная,20.1,Студенческая,0,55,54.996159,82.882341,1.752,4.494166069560458,1,Транспортная,1.752,21.700297137835737
developer,Дзержинский,15.0,22.0,5.016,5.05,1.0,Королева,25.08,Березовая Роща,0,1,55.050514,82.968489,1.327,3.8070616847637977,1,Комфортная,1.327,24.36613246098095
real_estate_agent,Кировский,8.0,10.0,4.14,2.7,1.0,Петухова,20.7,Площадь Маркса,0,12,54.939579,82.953335,5.989,10.289089399980124,0,Автомобильная,0.0,13.961972246426305
real_estate_agent,Октябрьский,25.0,25.0,7.920000000000001,6.6132,1.0,Пролетарская,39.6,Золотая Нива,0,1,55.021142,82.968993,1.867,3.253490696934803,1,Транспортная,1.867,21.298334067615226
real_estate_agent,Калининский,5.0,5.0,6.0,2.75,1.0,Новоуральская,29.7,Заельцовская,0,58,55.178007,82.957952,13.544,16.61160321880524,1,Удалённая,13.544,38.18422789016381
real_estate_agent,Ленинский,2.0,3.0,5.0,2.799,1.0,Большая,25.2,Площадь Гарина-Михайловского,0,11,55.029967,82.808338,5.847,7.144148979678253,1,Автомобильная,5.847,27.61631675604898
developer,Кировский,10.0,17.0,7.76,6.08,1.0,Сибиряков-Гвардейцев,38.8,Площадь Маркса,0,1,54.944988,82.900739,4.159,9.554251574730378,0,Автомобильная,0.0,16.732819365367455
developer,Калининский,8.0,19.0,8.522,5.77,1.0,Новоуральская,42.61,Заельцовская,0,1,55.176691,82.964357,13.494,16.530776302348762,1,Удалённая,13.494,37.9506621907454
real_estate_agent,Калининский,2.0,5.0,5.7,3.2,1.0,Объединения,28.4,Заельцовская,0,59,55.099088,82.968723,5.712,8.257668808257115,1,Автомобильная,5.712,29.514444600769913
real_estate_agent,Кировский,6.0,10.0,5.7,3.3,1.0,Дмитрия Шмонина,25.6,Площадь Маркса,0,12,54.943199,82.956066,5.789,9.933767649869074,0,Автомобильная,0.0,14.16225895549962
developer,Заельцовский,2.0,11.0,8.32,9.4,1.0,Дуси Ковальчук,41.6,Заельцовская,0,1,55.057193,82.906865,0.417,3.127270329890379,1,Пешеходная,0.417,26.59018735446785
real_estate_agent,Октябрьский,1.0,7.0,4.0,3.49,1.0,Ключ-Камышенское плато,34.7,Золотая Нива,0,14,54.987074,83.045394,7.158,9.297676523078067,1,Удалённая,7.158,16.25445288573748
real_estate_agent,Кировский,4.0,5.0,5.8,3.0,1.0,Зорге,29.4,Площадь Маркса,0,57,54.933703,82.917591,5.574,10.727621062872588,0,Автомобильная,0.0,15.093574891380149
real_estate_agent,Заельцовский,15.0,16.0,8.620000000000001,9.08,1.0,Дуси Ковальчук,43.1,Гагаринская,0,3,55.053578,82.898951,1.053,2.9413425089411005,1,Комфортная,1.053,26.466200764249887
real_estate_agent,Советский,2.0,6.0,10.6,3.2,1.0,Ивлева,41.5,Площадь Маркса,0,4,54.864953,82.993867,14.464,18.95982266289692,0,Удалённая,0.0,6.841182522939042
real_estate_agent,Кировский,1.0,17.0,8.06,4.25,1.0,Петухова,40.3,Площадь Маркса,0,3,54.937826,82.957323,6.299,10.533914975051776,0,Автомобильная,0.0,13.648835823102965
real_estate_agent,Ленинский,4.0,5.0,5.6,2.6,1.0,Станционная,29.2,Площадь Маркса,0,49,54.997812,82.83597,4.212,6.476338051084346,1,Автомобильная,4.212,23.793863827058914
real_estate_agent,Ленинский,2.0,5.0,5.0,2.9,1.0,Станционная,29.7,Площадь Маркса,0,48,54.997187,82.837776,4.078,6.420384689620955,1,Автомобильная,4.078,23.663881468071384
real_estate_agent,Дзержинский,5.0,5.0,6.0,3.499,1.0,Есенина,32.4,Золотая Нива,0,3,55.039852,82.991828,1.067,4.675100355485857,1,Комфортная,1.067,22.77892972160292
real_estate_agent,Заельцовский,2.0,2.0,4.3,3.09,1.0,Кузьмы Минина,32.5,Заельцовская,0,68,55.074881,82.937551,2.375,5.090295784062135,1,Транспортная,2.375,27.59112430177153
developer,Октябрьский,13.0,18.0,13.9,8.29,1.0,Грибоедова,41.02,Речной вокзал,0,1,55.011185,82.963136,1.635,3.444290843570368,1,Транспортная,1.635,20.427155475247062
realtor,Ленинский,1.0,5.0,6.0,3.25,1.0,Немировича-Данченко,30.0,Площадь Маркса,0,51,54.968592,82.865165,2.499,7.700833213084727,1,Транспортная,2.499,20.183171962182477
real_estate_agent,Ленинский,5.0,5.0,6.0,3.2,1.0,Ударная,30.0,Площадь Маркса,0,58,54.965228,82.866046,2.703,8.010795123144945,1,Транспортная,2.703,19.886554745379208
real_estate_agent,Кировский,8.0,11.0,6.0,3.35,1.0,Петухова,25.8,Площадь Маркса,0,12,54.9402,82.953389,5.937,10.222204003777016,0,Автомобильная,0.0,14.012563064086653
real_estate_agent,Калининский,1.0,5.0,6.0,3.5,1.0,Объединения,32.3,Заельцовская,0,3,55.096605,82.967995,5.47,7.984423887904532,1,Автомобильная,5.47,29.261599374477708
real_estate_agent,Ленинский,3.0,5.0,4.0,2.93,1.0,Котовского,23.0,Площадь Маркса,0,52,54.992854,82.866567,2.225,5.386069714141362,1,Транспортная,2.225,22.065502423525732
realtor,Первомайский,1.0,5.0,6.0,2.8,1.0,Шукшина,29.0,Речной вокзал,0,41,54.938901,83.12574,14.328,16.57014003373709,0,Удалённая,0.0,10.788438243926967
real_estate_agent,Кировский,5.0,5.0,5.8,2.99,1.0,Оловозаводская,31.9,Спортивная,0,9,54.962881,82.954512,4.168,7.790962047884612,0,Автомобильная,0.0,15.986251568329399
real_estate_agent,Советский,23.0,24.0,6.970000000000001,8.799,1.0,Мусы Джалиля,34.85,Площадь Маркса,0,1,54.862145,83.091433,18.28,21.640530849466497,0,Удалённая,0.0,2.069164819363638
real_estate_agent,Первомайский,2.0,2.0,4.0,2.6,1.0,Звездная,30.2,Речной вокзал,0,69,54.950438,83.068715,10.618,12.964237090140776,0,Удалённая,0.0,11.990220353793632
real_estate_agent,Первомайский,7.0,16.0,4.84,3.4,1.0,Первомайская,24.2,Речной вокзал,0,14,54.977212,83.05126,8.075,10.211555291095207,0,Удалённая,0.0,15.107232119722674
real_estate_agent,Калининский,3.0,5.0,6.7,3.1,1.0,Магистральная,29.9,Заельцовская,0,45,55.162155,82.979871,12.242,15.155975336200813,1,Удалённая,12.242,36.16303487241564
real_estate_agent,Заельцовский,1.0,6.0,13.496000000000002,9.61,1.0,Кедровая,67.48,Заельцовская,0,3,55.105908,82.908195,5.223,8.458222761912964,1,Автомобильная,5.223,31.48795368214513
developer,Ленинский,8.0,17.0,27.1,4.68,1.0,Невельского,44.5,Площадь Маркса,0,3,54.992281,82.833877,4.128,6.943018284661969,1,Автомобильная,4.128,23.4500035891076
realtor,Кировский,3.0,3.0,10.0,3.1,1.0,Рубежная,39.4,Спортивная,0,16,54.939734,83.001592,8.03,11.310340726732848,0,Удалённая,0.0,12.217465407215874
real_estate_agent,Кировский,3.0,17.0,10.1,3.5,1.0,Дмитрия Шмонина,32.8,Площадь Маркса,0,10,54.941146,82.960108,6.131,10.216955395205852,0,Автомобильная,0.0,13.822902937701464
real_estate_agent,Октябрьский,6.0,18.0,6.372,7.5,1.0,Грибоедова,31.86,Речной вокзал,0,1,55.011185,82.963136,1.635,3.444290843570368,1,Транспортная,1.635,20.427155475247062
realtor,Ленинский,1.0,2.0,6.2,2.900009,1.0,Расковой,31.0,Площадь Маркса,0,6,54.980498,82.851744,2.844,7.049062347308844,1,Транспортная,2.844,21.71846258784394
real_estate_agent,Ленинский,10.0,17.0,5.16,3.4,1.0,Ивана Севастьянова,25.8,Площадь Маркса,0,7,54.966277,82.832799,4.421,9.039416660002926,1,Автомобильная,4.421,21.56691992878628
real_estate_agent,Октябрьский,20.0,23.0,7.964,6.13228,1.0,2-я Воинская,39.82,Золотая Нива,0,2,55.016915,82.987776,2.417,4.538162461147457,1,Транспортная,2.417,20.433914982818834
realtor,Кировский,4.0,9.0,8.0,3.199009,1.0,Зорге,33.8,Площадь Маркса,0,54,54.930864,82.920843,5.932,11.04179795242473,0,Автомобильная,0.0,14.729093382059556
real_estate_agent,Кировский,2.0,10.0,9.0,3.45,1.0,Александра Чистякова,40.5,Площадь Маркса,0,9,54.944988,82.962722,5.937,9.847975210488928,0,Автомобильная,0.0,14.059842241497714
real_estate_agent,Кировский,11.0,20.0,10.12,6.75,1.0,18-й Бронный переулок,50.6,Площадь Маркса,0,2,54.94595,82.942429,5.005,9.468814785943897,0,Автомобильная,0.0,14.952863506737435
real_estate_agent,Калининский,3.0,17.0,4.6000000000000005,3.45,1.0,Фадеева,23.0,Заельцовская,0,13,55.099438,82.939007,4.8,7.793046882023097,1,Автомобильная,4.8,30.120834648476762
real_estate_agent,Кировский,6.0,9.0,8.0,2.9,1.0,Зорге,30.0,Площадь Маркса,0,56,54.93599,82.920681,5.381,10.471793884832769,0,Автомобильная,0.0,15.117758679756667
real_estate_agent,Кировский,1.0,3.0,8.0,3.3,1.0,Воскресная,39.2,Спортивная,0,11,54.944316,83.006291,7.856,11.005827203836024,0,Удалённая,0.0,12.527961384033034
real_estate_agent,Советский,1.0,5.0,5.7,2.6,1.0,Динамовцев,30.1,Площадь Маркса,0,21,54.862409,82.980159,14.37,19.03956738742857,0,Удалённая,0.0,7.587563912123469
real_estate_agent,Кировский,10.0,10.0,10.9,3.5,1.0,Дмитрия Шмонина,40.4,Площадь Маркса,0,9,54.943173,82.95886,5.91,9.978870980168235,0,Автомобильная,0.0,14.049315398095235
real_estate_agent,Кировский,2.0,3.0,7.0,3.15,1.0,Воскресная,39.87,Спортивная,0,15,54.943964,83.008177,7.969,11.099997250620165,0,Удалённая,0.0,12.439254683561453
real_estate_agent,Первомайский,1.0,5.0,5.8,2.85,1.0,Звездная,29.2,Речной вокзал,0,55,54.954062,83.068265,10.351,12.67038549715108,0,Удалённая,0.0,12.393393923945261
real_estate_agent,Кировский,2.0,3.0,6.0,3.5,1.0,Сибиряков-Гвардейцев,34.1,Площадь Маркса,0,8,54.933796,82.895708,5.393,10.831283902461797,0,Автомобильная,0.0,16.173427553624684
real_estate_agent,Кировский,12.0,18.0,5.08,2.9,1.0,Зорге,25.4,Площадь Маркса,0,6,54.932659,82.927823,5.877,10.852413436430536,0,Автомобильная,0.0,14.531342755967461
realtor,Кировский,1.0,9.0,7.1,3.0,1.0,Петухова,30.0,Площадь Маркса,0,51,54.936636,82.932746,5.588,10.42956776838528,0,Автомобильная,0.0,14.611843432122726
developer,Калининский,1.0,9.0,5.48,4.435676,1.0,Василия Клевцова,27.4,Заельцовская,0,3,55.096445,82.975559,5.779,8.163203312083969,1,Автомобильная,5.779,29.115326328558645
real_estate_agent,Кировский,1.0,9.0,9.0,2.9,1.0,Мира,32.0,Площадь Маркса,0,38,54.964639,82.921732,2.552,7.286627658588809,0,Транспортная,0.0,17.394699582126776
real_estate_agent,Ленинский,1.0,5.0,6.8,3.0,1.0,Немировича-Данченко,23.0,Студенческая,0,6,54.986919,82.91318,0.468,4.830943284151381,1,Пешеходная,0.468,19.68945337238132
real_estate_agent,Кировский,9.0,26.0,9.318,6.45,1.0,Аникина,46.59,Студенческая,0,1,54.965574,82.945088,3.571,7.352291025391459,0,Автомобильная,0.0,16.57419367825262
real_estate_agent,Кировский,6.0,17.0,4.1,3.3,1.0,Виктора Уса,31.3,Площадь Маркса,0,11,54.941136,82.88182,4.668,10.201552099440065,0,Автомобильная,0.0,17.37562332444572
developer,Дзержинский,23.0,25.0,8.398000000000001,7.3,1.0,Авиастроителей,41.99,Березовая Роща,0,1,55.070334,82.966729,3.151,5.352187273041826,1,Автомобильная,3.151,26.490784610916197
developer,Калининский,8.0,23.0,9.04,6.7,1.0,Игарская,45.2,Заельцовская,0,1,55.099742,82.942492,4.914,7.863048867522804,1,Автомобильная,4.914,30.080466165917034
real_estate_agent,Кировский,5.0,5.0,6.0,2.9,1.0,Чигорина,29.4,Спортивная,0,47,54.962054,82.958213,4.373,7.947677176809028,0,Автомобильная,0.0,15.778583313459029
real_estate_agent,Кировский,2.0,5.0,6.8,2.42,1.0,Петухова,20.3,Площадь Маркса,0,55,54.944652,82.879278,4.323,9.864516106646036,0,Автомобильная,0.0,17.747365951072087
real_estate_agent,Кировский,4.0,17.0,4.420000000000001,2.45,1.0,Виктора Уса,22.1,Площадь Маркса,0,15,54.937024,82.88323,5.102,10.625391757627089,0,Автомобильная,0.0,17.022986692271928
developer,Ленинский,3.0,17.0,24.450000000000003,4.26592,1.0,Забалуева,39.35,Площадь Маркса,0,3,54.986056,82.781361,7.339,10.134185414038978,1,Удалённая,7.339,25.503986385577676
real_estate_agent,Октябрьский,18.0,18.0,5.0,2.49,1.0,Плющихинская,25.6,Золотая Нива,0,9,55.018329,83.002554,2.738,5.397146592438487,1,Транспортная,2.738,20.290212372137212
real_estate_agent,Первомайский,13.0,17.0,8.9,2.89,1.0,Одоевского,28.9,Речной вокзал,0,16,54.938208,83.110801,13.584,15.87701385328245,0,Удалённая,0.0,10.574009572278843
real_estate_agent,Кировский,5.0,5.0,5.9,3.05,1.0,Палласа,28.8,Площадь Маркса,0,35,54.945666,82.882575,4.165,9.701371421982024,0,Автомобильная,0.0,17.656808993575968
real_estate_agent,Октябрьский,15.0,25.0,10.64,9.399945,1.0,Владимира Заровного,53.2,Речной вокзал,0,3,54.99444,82.962327,2.28,4.78687551461492,1,Транспортная,2.28,18.768035575655617
real_estate_agent,Октябрьский,8.0,10.0,7.870000000000001,3.05,1.0,Плющихинская,39.35,Золотая Нива,0,9,55.018329,83.002554,2.738,5.397146592438487,1,Транспортная,2.738,20.290212372137212
real_estate_agent,Кировский,6.0,9.0,8.4,3.149,1.0,Мира,31.3,Площадь Маркса,0,41,54.966044,82.923017,2.489,7.131830077526282,0,Транспортная,0.0,17.464172829952886
real_estate_agent,Кировский,1.0,5.0,7.3,3.1,1.0,Петухова,27.5,Площадь Маркса,0,59,54.943892,82.880535,4.386,9.925136104823943,0,Автомобильная,0.0,17.63174844416845
real_estate_agent,Первомайский,10.0,10.0,5.3,3.1,1.0,Ученическая,27.1,Речной вокзал,0,36,54.942092,83.127761,14.247,16.458273840859043,0,Удалённая,0.0,11.161352315183283
real_estate_agent,Центральный,25.0,25.0,15.048,19.5,1.0,Ядринцевская,75.24,Площадь Ленина,0,6,55.034358,82.931057,0.822,0.8218914461844734,1,Комфортная,0.822,23.63008961785373
real_estate_agent,Кировский,17.0,17.0,5.0,3.1,1.0,Виктора Уса,31.0,Площадь Маркса,0,14,54.935772,82.883033,5.242,10.763921782446598,0,Автомобильная,0.0,16.948588855114444
developer,Октябрьский,24.0,24.0,23.4,8.26,1.0,Гаранина,35.9,Золотая Нива,0,1,55.025735,82.970286,1.351,3.215116851619744,1,Комфортная,1.351,21.742217963552907
real_estate_agent,Советский,4.0,5.0,6.0,3.1,1.0,Часовая,30.2,Площадь Маркса,0,21,54.86513,82.98421,14.191,18.797560840823177,0,Удалённая,0.0,7.430309408503723
real_estate_agent,Кировский,14.0,25.0,5.9,3.15,1.0,Петухова,23.6,Площадь Маркса,0,5,54.938069,82.949221,5.971,10.403996488187786,0,Автомобильная,0.0,14.00679125936747
real_estate_agent,Кировский,2.0,24.0,7.466,5.35,1.0,Оловозаводская,37.33,Спортивная,0,1,54.96761,82.959946,3.946,7.398201004620823,0,Автомобильная,0.0,16.238750386698424
real_estate_agent,Калининский,3.0,5.0,5.9,3.45,1.0,Новая Заря,29.7,Заельцовская,0,65,55.083683,82.964609,4.301,6.582418310395124,1,Автомобильная,4.301,27.946509553517664
developer,Ленинский,4.0,18.0,13.4,8.2798,1.0,Серафимовича,41.4,Площадь Маркса,0,1,54.979909,82.879547,1.095,6.166627238207052,1,Комфортная,1.095,20.440256330573085
real_estate_agent,Кировский,1.0,3.0,9.9,3.35,1.0,Рубежная,37.9,Спортивная,0,11,54.940339,83.003641,8.065,11.311318520350758,0,Удалённая,0.0,12.21374213678144
real_estate_agent,Первомайский,15.0,17.0,6.9,2.87,1.0,Одоевского,25.2,Речной вокзал,0,16,54.938208,83.110801,13.584,15.87701385328245,0,Удалённая,0.0,10.574009572278843
real_estate_agent,Калининский,4.0,5.0,5.0,3.2,1.0,Столетова,29.5,Заельцовская,0,38,55.101267,82.960566,5.604,8.308850609844667,1,Автомобильная,5.604,29.89191844762565
developer,Кировский,2.0,4.0,6.026,4.6,1.0,Зорге,30.13,Площадь Маркса,0,1,54.935891,82.914501,5.291,10.489628247052783,0,Автомобильная,0.0,15.402728109283686
real_estate_agent,Кировский,2.0,10.0,4.0,3.3,1.0,Виктора Шевелева,37.8,Площадь Маркса,0,8,54.944481,82.967268,6.186,9.985128292865854,0,Автомобильная,0.0,13.842400916766469
developer,Октябрьский,11.0,25.0,8.164,8.7,1.0,Ленинградская,40.82,Речной вокзал,0,1,55.011185,82.963136,1.635,3.444290843570368,1,Транспортная,1.635,20.427155475247062
real_estate_agent,Первомайский,3.0,9.0,7.0,3.3,1.0,Узорная,32.0,Спортивная,0,14,54.92434,83.080294,12.882,15.573501356091738,0,Удалённая,0.0,9.021203928879052
real_estate_agent,Калининский,16.0,16.0,7.68,4.8,1.0,Игарская,38.4,Заельцовская,0,1,55.100623,82.941783,4.987,7.951611298275642,1,Автомобильная,4.987,30.187745905310507
real_estate_agent,Кировский,9.0,9.0,9.0,3.29,1.0,Мира,31.1,Площадь Маркса,0,38,54.964639,82.921732,2.552,7.286627658588809,0,Транспортная,0.0,17.394699582126776
real_estate_agent,Кировский,16.0,17.0,4.1,2.89,1.0,Виктора Уса,23.8,Площадь Маркса,0,11,54.941136,82.88182,4.668,10.201552099440065,0,Автомобильная,0.0,17.37562332444572
real_estate_agent,Первомайский,2.0,5.0,6.3,3.0,1.0,Звездная,29.0,Речной вокзал,0,53,54.955102,83.068131,10.275,12.586953501681792,0,Удалённая,0.0,12.509145877368717
real_estate_agent,Кировский,11.0,17.0,5.5200000000000005,2.95,1.0,Виктора Уса,27.6,Площадь Маркса,0,14,54.935772,82.883033,5.242,10.763921782446598,0,Автомобильная,0.0,16.948588855114444
real_estate_agent,Заельцовский,9.0,23.0,5.074000000000001,3.5,1.0,Светлановская,25.37,Заельцовская,0,2,55.075406,82.922819,1.937,5.032859017673609,1,Транспортная,1.937,27.999282260318072
developer,Дзержинский,21.0,22.0,6.022,5.8,1.0,Королева,30.11,Березовая Роща,0,1,55.050514,82.968489,1.327,3.8070616847637977,1,Комфортная,1.327,24.36613246098095
real_estate_agent,Кировский,13.0,17.0,4.0,3.2,1.0,Виктора Уса,24.9,Площадь Маркса,0,12,54.935591,82.885288,5.24,10.752621829102134,0,Автомобильная,0.0,16.821732854717645
real_estate_agent,Советский,2.0,5.0,6.0,3.25,1.0,Ветлужская,30.5,Площадь Маркса,0,21,54.854911,82.974391,15.021,19.789710720641605,0,Удалённая,0.0,7.766077161795674
real_estate_agent,Ленинский,2.0,5.0,6.0,3.26,1.0,Путевая,31.9,Студенческая,0,64,54.997394,82.885431,1.652,4.273111619756611,1,Транспортная,1.652,21.685705908955946
real_estate_agent,Первомайский,4.0,17.0,6.8,3.25,1.0,Одоевского,29.3,Речной вокзал,0,16,54.938338,83.109175,13.492,15.788422261842063,0,Удалённая,0.0,10.578407652248254
real_estate_agent,Первомайский,14.0,17.0,5.0,3.3,1.0,Твардовского,25.0,Речной вокзал,0,12,54.934645,83.119523,14.268,16.558415564521717,0,Удалённая,0.0,10.253476805755763
developer,Заельцовский,1.0,25.0,5.344,5.084015,1.0,Светлановская,26.72,Заельцовская,0,1,55.076489,82.924229,2.081,5.156656210088052,1,Транспортная,2.081,28.075229977798916
real_estate_agent,Кировский,1.0,3.0,10.0,3.35,1.0,Вознесенская,37.1,Спортивная,0,15,54.941451,83.001053,7.863,11.124952135077535,0,Удалённая,0.0,12.40129781172966
real_estate_agent,Кировский,3.0,10.0,5.0,3.3,1.0,Петухова,26.0,Площадь Маркса,0,13,54.940706,82.952383,5.853,10.154067599787254,0,Автомобильная,0.0,14.096976488532691
real_estate_agent,Октябрьский,1.0,25.0,7.808,6.0512,1.0,Пролетарская,39.04,Золотая Нива,0,1,55.021142,82.968993,1.867,3.253490696934803,1,Транспортная,1.867,21.298334067615226
real_estate_agent,Кировский,2.0,10.0,5.0,3.35,1.0,Александра Чистякова,32.4,Площадь Маркса,0,9,54.943964,82.96433,6.09,9.985824273531984,0,Автомобильная,0.0,13.907169863400142
real_estate_agent,Заельцовский,4.0,4.0,4.0,3.3,1.0,Дмитрия Донского,25.2,Заельцовская,0,66,55.063596,82.895627,1.196,4.039372822469421,1,Комфортная,1.196,27.550217024269465
developer,Ленинский,2.0,18.0,15.1,5.5075,1.0,Титова,40.94,Площадь Маркса,0,1,54.978105,82.804825,5.849,9.373792733875325,1,Автомобильная,5.849,23.782140430609328
real_estate_agent,Октябрьский,10.0,10.0,6.800000000000001,3.45,1.0,Плющихинская,34.0,Золотая Нива,0,3,55.011366,83.006291,3.503,5.858509538735904,1,Автомобильная,3.503,19.480146079480427
real_estate_agent,Ленинский,4.0,4.0,6.0,3.3,1.0,Путевая,30.7,Студенческая,0,64,54.997394,82.885431,1.652,4.273111619756611,1,Транспортная,1.652,21.685705908955946
real_estate_agent,Ленинский,4.0,12.0,5.0,3.4,1.0,Юности,26.0,Площадь Гарина-Михайловского,0,6,55.026613,82.804951,6.111,7.370869401675139,1,Автомобильная,6.111,27.483031451920812
real_estate_agent,Кировский,3.0,5.0,6.0,3.3,1.0,Палласа,29.3,Площадь Маркса,0,38,54.946467,82.88147,4.094,9.6330797602125,0,Автомобильная,0.0,17.768099670855545
real_estate_agent,Кировский,7.0,9.0,5.8,3.45,1.0,Саввы Кожевникова,29.4,Спортивная,0,42,54.957071,82.971867,5.335,8.764837947587253,0,Автомобильная,0.0,14.841711430459286
real_estate_agent,Кировский,5.0,17.0,5.0,3.35,1.0,Виктора Уса,28.2,Площадь Маркса,0,11,54.941136,82.88182,4.668,10.201552099440065,0,Автомобильная,0.0,17.37562332444572
real_estate_agent,Советский,3.0,9.0,6.0,3.39,1.0,Печатников,29.2,Площадь Маркса,0,40,54.860254,82.969567,14.358,19.152030186265176,0,Удалённая,0.0,8.184113972699512
developer,Дзержинский,12.0,22.0,6.442,5.8,1.0,Королева,32.21,Березовая Роща,0,1,55.050514,82.968489,1.327,3.8070616847637977,1,Комфортная,1.327,24.36613246098095
real_estate_agent,Заельцовский,5.0,5.0,5.0,3.45,1.0,Кубовая,22.1,Заельцовская,0,15,55.126699,82.892546,7.635,10.87990971318427,1,Удалённая,7.635,34.00449723917578
real_estate_agent,Кировский,1.0,5.0,6.3,3.4,1.0,Чемская,29.1,Студенческая,0,37,54.954429,82.961438,5.19,8.818283166397652,0,Автомобильная,0.0,14.960648809592575
real_estate_agent,Кировский,3.0,5.0,11.7,3.5,1.0,Петухова,35.2,Площадь Маркса,0,13,54.941979,82.863081,4.957,10.466369463492205,0,Автомобильная,0.0,18.382645569780472
real_estate_agent,Кировский,9.0,10.0,4.4,3.4,1.0,Виктора Шевелева,37.6,Площадь Маркса,0,5,54.947372,82.970169,6.114,9.73755862771598,0,Автомобильная,0.0,13.998148225220945
real_estate_agent,Заельцовский,8.0,8.0,17.728,9.15,1.0,Кедровая,88.64,Заельцовская,0,3,55.105908,82.908195,5.223,8.458222761912964,1,Автомобильная,5.223,31.48795368214513
real_estate_agent,Калининский,1.0,5.0,7.4,3.48,1.0,Магистральная,34.4,Заельцовская,0,40,55.171977,82.970457,13.09,16.086667017728164,1,Удалённая,13.09,37.355350288882185
real_estate_agent,Затулинский жилмассив,9.0,27.0,5.0,3.45,1.0,Зорге,27.9,Площадь Маркса,0,4,54.926963,82.922451,6.377,11.476259178615932,0,Автомобильная,0.0,14.368691881006487
developer,Дзержинский,13.0,22.0,7.002,6.7,1.0,Королева,35.01,Березовая Роща,0,1,55.050514,82.968489,1.327,3.8070616847637977,1,Комфортная,1.327,24.36613246098095
developer,Советский,9.0,15.0,12.5,8.5,1.0,Рубиновая,40.21,Площадь Маркса,0,1,54.870305,83.083627,17.277,20.605097489595085,0,Удалённая,0.0,3.044182071739417
developer,Центральный,18.0,29.0,2.0,7.27552,1.0,Николая Островского,31.36,Маршала Покрышкина,0,1,55.050262,82.927778,0.751,2.2831220130337577,1,Комфортная,0.751,25.315850278715093
developer,Ленинский,18.0,25.0,7.186,4.5,1.0,Междуреченская,35.93,Площадь Гарина-Михайловского,0,3,55.0233,82.857898,2.979,4.058376880323015,1,Транспортная,2.979,25.039282705448944
developer,Кировский,20.0,26.0,9.7,6.25,1.0,Аникина,39.31,Студенческая,0,1,54.965574,82.945088,3.571,7.352291025391459,0,Автомобильная,0.0,16.57419367825262
developer,Заельцовский,22.0,23.0,8.24,9.100962,1.0,Дуси Ковальчук,41.2,Заельцовская,0,4,55.054006,82.90285,0.833,2.8780497587790106,1,Комфортная,0.833,26.392022482383226
real_estate_agent,Дзержинский,16.0,25.0,9.094,7.12,1.0,Авиастроителей,45.47,Березовая Роща,0,1,55.070334,82.966729,3.151,5.352187273041826,1,Автомобильная,3.151,26.490784610916197
real_estate_agent,Октябрьский,18.0,25.0,10.938,9.66175,1.0,Владимира Заровного,54.69,Речной вокзал,0,3,54.99444,82.962327,2.28,4.78687551461492,1,Транспортная,2.28,18.768035575655617
real_estate_agent,Кировский,4.0,5.0,6.0,3.2,1.0,Петухова,29.0,Площадь Маркса,0,45,54.944766,82.880697,4.289,9.828556083718867,0,Автомобильная,0.0,17.685267679980704
real_estate_agent,Первомайский,4.0,4.0,9.0,3.5,1.0,Новоселов,31.6,Речной вокзал,0,16,54.965621,83.057378,9.049,11.304841068560906,0,Удалённая,0.0,13.769721208065356
real_estate_agent,Ленинский,2.0,2.0,5.0,3.0,1.0,Расковой,31.0,Площадь Маркса,0,68,54.980229,82.85178,2.844,7.071108847473371,1,Транспортная,2.844,21.695902533144615
developer,Калининский,9.0,15.0,6.78,5.1,1.0,Родники мкр,33.9,Заельцовская,0,1,55.109986,82.944388,6.02,9.005741386191689,1,Автомобильная,6.02,31.1234205916231
real_estate_agent,Калининский,9.0,16.0,7.18,4.4157,1.0,Игарская,35.9,Заельцовская,0,1,55.100623,82.941783,4.987,7.951611298275642,1,Автомобильная,4.987,30.187745905310507
real_estate_agent,Заельцовский,18.0,26.0,6.540000000000001,6.45,1.0,Красный проспект,32.7,Заельцовская,0,2,55.05728,82.914896,0.241,3.0356387034335457,1,Пешеходная,0.241,26.372278571136523
real_estate_agent,Затулинский жилмассив,12.0,27.0,4.8,3.15,1.0,Зорге,27.6,Площадь Маркса,0,4,54.926963,82.922451,6.377,11.476259178615932,0,Автомобильная,0.0,14.368691881006487
real_estate_agent,Дзержинский,24.0,25.0,10.7,7.8,1.0,Гоголя,37.95,Березовая Роща,0,2,55.047631,82.96592,1.015,3.4886760926538773,1,Комфортная,1.015,24.11894808166873
real_estate_agent,Калининский,3.0,15.0,6.540000000000001,4.6,1.0,Родники мкр,32.7,Заельцовская,0,1,55.109986,82.944388,6.02,9.005741386191689,1,Автомобильная,6.02,31.1234205916231
real_estate_agent,Кировский,3.0,9.0,5.34,3.2574,1.0,Зорге,26.7,Площадь Маркса,0,1,54.931971,82.9305,6.01,10.937542710342209,0,Автомобильная,0.0,14.35410337617487
real_estate_agent,Калининский,23.0,23.0,9.004000000000001,7.05,1.0,Игарская,45.02,Заельцовская,0,1,55.099742,82.942492,4.914,7.863048867522804,1,Автомобильная,4.914,30.080466165917034
developer,Кировский,18.0,25.0,14.2,5.5549,1.0,Бронная,42.49,Площадь Маркса,0,2,54.947972,82.966118,5.873,9.592851205190112,0,Автомобильная,0.0,14.200846518633085
real_estate_agent,Октябрьский,13.0,23.0,5.18,5.65,1.0,Грибоедова,25.9,Золотая Нива,0,1,55.021648,82.976844,1.764,3.7179503515893786,1,Транспортная,1.764,21.167827218238447
real_estate_agent,Калининский,14.0,17.0,8.14,5.5,1.0,Игарская,40.7,Заельцовская,0,1,55.098949,82.943516,4.859,7.788347941197897,1,Автомобильная,4.859,29.976001355322996
developer,Дзержинский,15.0,22.0,5.8420000000000005,5.35,1.0,Королева,29.21,Березовая Роща,0,1,55.050514,82.968489,1.327,3.8070616847637977,1,Комфортная,1.327,24.36613246098095
real_estate_agent,Заельцовский,23.0,26.0,7.300000000000001,7.25,1.0,Красный проспект,36.5,Заельцовская,0,2,55.05728,82.914896,0.241,3.0356387034335457,1,Пешеходная,0.241,26.372278571136523
real_estate_agent,Октябрьский,12.0,25.0,7.18,7.7,1.0,Ипподромская,35.9,Октябрьская,0,3,55.024621,82.935503,0.689,1.141140846973464,1,Комфортная,0.689,22.53469617198309
real_estate_agent,Железнодорожный,17.0,21.0,7.4,8.98,1.0,Беринг жилой квартал,37.0,Площадь Гарина-Михайловского,0,1,55.031479,82.899732,0.436,1.3275264717457629,1,Пешеходная,0.436,24.302141905560276
real_estate_agent,Заельцовский,6.0,8.0,8.428,9.4,1.0,Кедровая,42.14,Заельцовская,0,3,55.105908,82.908195,5.223,8.458222761912964,1,Автомобильная,5.223,31.48795368214513
developer,Калининский,16.0,17.0,8.16,5.75,1.0,Игарская,40.8,Заельцовская,0,1,55.098949,82.943516,4.859,7.788347941197897,1,Автомобильная,4.859,29.976001355322996
real_estate_agent,Октябрьский,12.0,25.0,10.072,9.75,1.0,Ленинградская,50.36,Речной вокзал,0,1,55.011185,82.963136,1.635,3.444290843570368,1,Транспортная,1.635,20.427155475247062
developer,Дзержинский,15.0,25.0,28.33,7.84485,1.0,Королева,40.23,Березовая Роща,0,2,55.051773,82.97016,1.497,3.976154644970644,1,Комфортная,1.497,24.463590422842444
developer,Калининский,19.0,23.0,7.592,6.15,1.0,Игарская,37.96,Заельцовская,0,1,55.099742,82.942492,4.914,7.863048867522804,1,Автомобильная,4.914,30.080466165917034
developer,Дзержинский,19.0,22.0,5.196000000000001,5.1,1.0,Королева,25.98,Березовая Роща,0,1,55.050514,82.968489,1.327,3.8070616847637977,1,Комфортная,1.327,24.36613246098095
developer,Заельцовский,25.0,25.0,4.822,5.55,1.0,Красногорская,24.11,Заельцовская,0,1,55.072747,82.898448,1.774,4.937701159286329,1,Транспортная,1.774,28.37718136668489
developer,Кировский,16.0,17.0,8.340000000000002,5.37,1.0,Зорге,41.7,Площадь Маркса,0,2,54.933093,82.931946,5.928,10.81887074414834,0,Автомобильная,0.0,14.372820188643685
developer,Дзержинский,16.0,18.0,9.094,7.45,1.0,Авиастроителей,45.47,Березовая Роща,0,1,55.070334,82.966729,3.151,5.352187273041826,1,Автомобильная,3.151,26.490784610916197
developer,Дзержинский,21.0,22.0,5.424,5.6,1.0,Королева,27.12,Березовая Роща,0,1,55.050514,82.968489,1.327,3.8070616847637977,1,Комфортная,1.327,24.36613246098095
developer,Дзержинский,2.0,22.0,6.158,5.4,1.0,Королева,30.79,Березовая Роща,0,1,55.050514,82.968489,1.327,3.8070616847637977,1,Комфортная,1.327,24.36613246098095
real_estate_agent,Кировский,7.0,17.0,7.720000000000001,5.2,1.0,Сибиряков-Гвардейцев,38.6,Площадь Маркса,0,3,54.944057,82.900532,4.261,9.658613640860066,0,Автомобильная,0.0,16.673177173124213
developer,Октябрьский,6.0,11.0,5.7,6.35,1.0,Автогенная,28.5,Речной вокзал,0,3,55.010617,82.971678,2.171,3.923604110490692,1,Транспортная,2.171,20.151514320864976
developer,Заельцовский,30.0,30.0,16.040000000000003,15.45,1.0,Дуси Ковальчук,80.2,Заельцовская,0,1,55.057193,82.906865,0.417,3.127270329890379,1,Пешеходная,0.417,26.59018735446785
developer,Октябрьский,7.0,24.0,7.7,9.73,1.0,Кирова,38.5,Речной вокзал,0,1,55.012507,82.956138,1.229,3.005762219075922,1,Комфортная,1.229,20.747270130763198
real_estate_agent,Ленинский,3.0,17.0,6.0,4.6,1.0,Связистов,30.0,Площадь Маркса,0,3,54.961098,82.839249,4.332,9.262745280846271,1,Автомобильная,4.332,20.884930514659345
real_estate_agent,Заельцовский,14.0,26.0,6.7,6.6,1.0,Красный проспект,33.5,Заельцовская,0,2,55.05728,82.914896,0.241,3.0356387034335457,1,Пешеходная,0.241,26.372278571136523
developer,Заельцовский,3.0,25.0,8.831999999999999,7.843112,1.0,Светлановская,44.16,Заельцовская,0,1,55.076489,82.924229,2.081,5.156656210088052,1,Транспортная,2.081,28.075229977798916
developer,Октябрьский,13.0,24.0,5.04,7.54,1.0,Кирова,25.2,Речной вокзал,0,1,55.012507,82.956138,1.229,3.005762219075922,1,Комфортная,1.229,20.747270130763198
developer,Октябрьский,5.0,13.0,9.26,10.649,1.0,Большевистская,46.3,Речной вокзал,0,1,54.99256,82.977895,3.168,5.559404724898926,1,Автомобильная,3.168,18.15229982940267
real_estate_agent,Кировский,11.0,24.0,7.816,6.15,1.0,Оловозаводская,39.08,Спортивная,0,1,54.96761,82.959946,3.946,7.398201004620823,0,Автомобильная,0.0,16.238750386698424
real_estate_agent,Железнодорожный,2.0,21.0,10.3,10.45,1.0,Беринг жилой квартал,51.5,Площадь Гарина-Михайловского,0,1,55.031479,82.899732,0.436,1.3275264717457629,1,Пешеходная,0.436,24.302141905560276
developer,Ленинский,26.0,16.0,10.66,5.85,1.0,Зорге,53.3,Площадь Маркса,0,22,54.926963,82.922451,6.377,11.476259178615932,1,Автомобильная,6.377,14.368691881006487
real_estate_agent,Кировский,9.0,17.0,8.58,5.75,1.0,Сибиряков-Гвардейцев,42.9,Площадь Маркса,0,3,54.944057,82.900532,4.261,9.658613640860066,0,Автомобильная,0.0,16.673177173124213
developer,Калининский,10.0,19.0,7.91,4.95,1.0,Новоуральская,39.55,Заельцовская,0,1,55.176691,82.964357,13.494,16.530776302348762,1,Удалённая,13.494,37.9506621907454
developer,Октябрьский,13.0,24.0,4.912,7.12,1.0,Большевистская,24.56,Речной вокзал,0,1,55.003678,82.946319,0.832,3.37596176492265,1,Комфортная,0.832,20.149667926859088
developer,Дзержинский,18.0,18.0,7.968000000000001,6.9,1.0,Авиастроителей,39.84,Березовая Роща,0,1,55.070334,82.966729,3.151,5.352187273041826,1,Автомобильная,3.151,26.490784610916197
developer,Ленинский,5.0,17.0,24.340000000000003,4.293159,1.0,Забалуева,39.24,Площадь Маркса,0,2,54.986289,82.786114,7.038,9.857185937430344,1,Удалённая,7.038,25.282812015498617
real_estate_agent,Кировский,6.0,9.0,8.68,4.8174,1.0,Зорге,43.4,Площадь Маркса,0,1,54.931971,82.9305,6.01,10.937542710342209,0,Автомобильная,0.0,14.35410337617487
real_estate_agent,Заельцовский,8.0,26.0,9.340000000000002,8.05,1.0,Красный проспект,46.7,Заельцовская,0,2,55.05728,82.914896,0.241,3.0356387034335457,1,Пешеходная,0.241,26.372278571136523
developer,Ленинский,10.0,17.0,7.838,4.7528,1.0,Забалуева,39.19,Площадь Маркса,0,2,54.986831,82.783868,7.185,9.952513521689276,1,Удалённая,7.185,25.43232984645602
real_estate_agent,Заельцовский,8.0,25.0,9.158,7.95,1.0,Красногорская,45.79,Заельцовская,0,1,55.072747,82.898448,1.774,4.937701159286329,1,Транспортная,1.774,28.37718136668489
real_estate_agent,Октябрьский,4.0,25.0,8.164,8.1,1.0,Ленинградская,40.82,Речной вокзал,0,1,55.011185,82.963136,1.635,3.444290843570368,1,Транспортная,1.635,20.427155475247062
developer,Кировский,1.0,17.0,8.620000000000001,5.55,1.0,Сибиряков-Гвардейцев,43.1,Площадь Маркса,0,1,54.944988,82.900739,4.159,9.554251574730378,0,Автомобильная,0.0,16.732819365367455
real_estate_agent,Заельцовский,29.0,30.0,9.26,9.3,1.0,Дуси Ковальчук,46.3,Заельцовская,0,1,55.057193,82.906865,0.417,3.127270329890379,1,Пешеходная,0.417,26.59018735446785
developer,Калининский,13.0,15.0,8.200000000000001,5.7,1.0,Игарская,41.0,Заельцовская,0,1,55.100623,82.941783,4.987,7.951611298275642,1,Автомобильная,4.987,30.187745905310507
developer,Калининский,1.0,9.0,8.92,6.4084,1.0,Василия Клевцова,44.6,Заельцовская,0,3,55.096445,82.975559,5.779,8.163203312083969,1,Автомобильная,5.779,29.115326328558645
developer,Октябрьский,12.0,16.0,11.57,12.43,1.0,Большевистская,57.85,Речной вокзал,0,5,54.989528,82.977275,3.347,5.792500345609196,1,Автомобильная,3.347,17.861840921964465
real_estate_agent,Заельцовский,15.0,16.0,4.760000000000001,7.0,1.0,Дуси Ковальчук,23.8,Гагаринская,0,3,55.053578,82.898951,1.053,2.9413425089411005,1,Комфортная,1.053,26.466200764249887
real_estate_agent,Калининский,8.0,23.0,9.464,6.65,1.0,Игарская,47.32,Заельцовская,0,1,55.099742,82.942492,4.914,7.863048867522804,1,Автомобильная,4.914,30.080466165917034
real_estate_agent,Дзержинский,23.0,25.0,8.424,7.1,1.0,Авиастроителей,42.12,Березовая Роща,0,1,55.070334,82.966729,3.151,5.352187273041826,1,Автомобильная,3.151,26.490784610916197
developer,Октябрьский,13.0,20.0,8.072000000000001,8.5,1.0,Ленинградская,40.36,Речной вокзал,0,2,55.001819,82.983518,3.038,5.10966302296737,1,Автомобильная,3.038,18.95922571787914
real_estate_agent,Октябрьский,2.0,25.0,7.192,7.45,1.0,Ленинградская,35.96,Речной вокзал,0,1,55.011185,82.963136,1.635,3.444290843570368,1,Транспортная,1.635,20.427155475247062
real_estate_agent,Заельцовский,7.0,8.0,8.448,8.34,1.0,Кедровая,42.24,Заельцовская,0,3,55.105908,82.908195,5.223,8.458222761912964,1,Автомобильная,5.223,31.48795368214513
real_estate_agent,Заельцовский,24.0,26.0,7.28,7.25,1.0,Красный проспект,36.4,Заельцовская,0,2,55.05728,82.914896,0.241,3.0356387034335457,1,Пешеходная,0.241,26.372278571136523
real_estate_agent,Ленинский,3.0,17.0,7.426000000000001,5.985252,1.0,Титова,37.13,Площадь Маркса,0,1,54.98149,82.831937,4.101,7.819445761202049,1,Автомобильная,4.101,22.713037308958214
real_estate_agent,Дзержинский,10.0,25.0,9.094,7.25,1.0,Авиастроителей,45.47,Березовая Роща,0,1,55.070334,82.966729,3.151,5.352187273041826,1,Автомобильная,3.151,26.490784610916197
developer,Дзержинский,22.0,25.0,25.97,7.414,1.0,Королева,37.07,Березовая Роща,0,2,55.051773,82.97016,1.497,3.976154644970644,1,Комфортная,1.497,24.463590422842444
real_estate_agent,Ленинский,17.0,17.0,5.82,4.5,1.0,Связистов,29.1,Площадь Маркса,0,3,54.961098,82.839249,4.332,9.262745280846271,1,Автомобильная,4.332,20.884930514659345
real_estate_agent,Заельцовский,17.0,26.0,9.2,8.2,1.0,Красный проспект,46.0,Заельцовская,0,2,55.05728,82.914896,0.241,3.0356387034335457,1,Пешеходная,0.241,26.372278571136523
real_estate_agent,Заельцовский,23.0,26.0,9.16,8.4,1.0,Красный проспект,45.8,Заельцовская,0,2,55.05728,82.914896,0.241,3.0356387034335457,1,Пешеходная,0.241,26.372278571136523
developer,Дзержинский,12.0,22.0,7.244,6.85,1.0,Королева,36.22,Березовая Роща,0,1,55.050514,82.968489,1.327,3.8070616847637977,1,Комфортная,1.327,24.36613246098095
real_estate_agent,Ленинский,6.0,17.0,6.808,5.366088,1.0,Титова,34.04,Площадь Маркса,0,1,54.98149,82.831937,4.101,7.819445761202049,1,Автомобильная,4.101,22.713037308958214
real_estate_agent,Заельцовский,24.0,26.0,9.12,8.4,1.0,Красный проспект,45.6,Заельцовская,0,2,55.05728,82.914896,0.241,3.0356387034335457,1,Пешеходная,0.241,26.372278571136523
real_estate_agent,Ленинский,12.0,14.0,8.26,5.65,1.0,площадь Карла Маркса,41.3,Площадь Маркса,0,1,54.983024,82.893202,0.208,5.522037183566433,1,Пешеходная,0.208,20.13041113539444
real_estate_agent,Кировский,9.0,24.0,7.454000000000001,6.15,1.0,Оловозаводская,37.27,Спортивная,0,1,54.96761,82.959946,3.946,7.398201004620823,0,Автомобильная,0.0,16.238750386698424
developer,Кировский,17.0,17.0,5.720000000000001,4.7,1.0,Цветной бульвар ЖК,28.6,Площадь Маркса,0,1,54.944249,82.902329,4.249,9.623014456095303,0,Автомобильная,0.0,16.60240660484277
real_estate_agent,Ленинский,17.0,17.0,8.01,6.54245,1.0,Титова,40.05,Площадь Маркса,0,1,54.98149,82.831937,4.101,7.819445761202049,1,Автомобильная,4.101,22.713037308958214
real_estate_agent,Дзержинский,9.0,9.0,5.0,4.66,1.0,Селезнева,29.8,Березовая Роща,0,41,55.041173,82.947954,0.345,2.138465525300996,1,Пешеходная,0.345,23.869904216924073
real_estate_agent,Советский,8.0,19.0,15.0,4.685,1.0,Часовая,40.3,Площадь Маркса,0,5,54.866927,82.972128,13.716,18.44897011129655,0,Удалённая,0.0,8.226871757201144
real_estate_agent,Заельцовский,15.0,26.0,5.420000000000001,4.7,1.0,Дуси Ковальчук,27.1,Заельцовская,0,2,55.062725,82.926448,0.974,3.640707897239991,1,Комфортная,0.974,26.613539240505943
real_estate_agent,Октябрьский,2.0,9.0,12.0,4.7,1.0,В. Высоцкого,40.0,Золотая Нива,0,19,55.032371,83.019002,2.824,6.286306839317757,1,Транспортная,2.824,21.531548633608363
real_estate_agent,Ленинский,10.0,18.0,10.7,4.7,1.0,Титова,36.5,Площадь Маркса,0,6,54.97763,82.798573,6.251,9.722194156428202,1,Автомобильная,6.251,24.06149871792055
real_estate_agent,Ленинский,5.0,10.0,8.4,4.7,1.0,Титова,37.1,Площадь Маркса,0,15,54.98056,82.805463,5.793,9.174989531499431,1,Автомобильная,5.793,23.922857053334877
real_estate_agent,Дзержинский,9.0,9.0,6.0,4.7,1.0,Адриена Лежена,31.8,Золотая Нива,0,58,55.04353,82.977329,0.679,3.918018406867676,1,Комфортная,0.679,23.44882656657988
real_estate_agent,Ленинский,2.0,18.0,4.2,4.7,1.0,Пархоменко,26.4,Площадь Маркса,0,9,54.985622,82.840219,3.591,7.120138950507478,1,Автомобильная,3.591,22.642764050996824
real_estate_agent,Первомайский,3.0,5.0,9.1,4.7,1.0,Маяковского,32.7,Золотая Нива,0,15,54.970287,83.101404,10.965,13.324599395861188,0,Удалённая,0.0,14.094687695675596
real_estate_agent,Центральный,2.0,5.0,6.0,4.7,1.0,Красный проспект,28.6,Красный проспект,0,62,55.043262,82.915004,0.24,1.49688786526724,1,Пешеходная,0.24,24.974855277361716
real_estate_agent,Заельцовский,5.0,5.0,9.0,4.7,1.0,Кубовая,33.5,Заельцовская,0,15,55.126699,82.892546,7.635,10.87990971318427,1,Удалённая,7.635,34.00449723917578
real_estate_agent,Калининский,1.0,17.0,9.1,4.7,1.0,Игарская,28.7,Заельцовская,0,3,55.102076,82.941217,5.124,8.104880633152284,1,Автомобильная,5.124,30.352286639566636
real_estate_agent,Кировский,3.0,9.0,9.0,4.7,1.0,Беловежская,40.8,Площадь Маркса,0,39,54.964882,82.892465,1.951,7.47515762827931,0,Транспортная,0.0,18.655846410790943
real_estate_agent,Ленинский,7.0,10.0,11.0,4.7,1.0,Ивана Севастьянова,40.7,Площадь Маркса,0,6,54.965398,82.832601,4.473,9.124216797968142,1,Автомобильная,4.473,21.515208592907264
real_estate_agent,Октябрьский,19.0,19.0,10.0,4.7,1.0,Выборная,34.0,Золотая Нива,0,14,55.004453,83.011429,4.327,6.467208703075089,1,Автомобильная,4.327,18.649837924393793
real_estate_agent,Ленинский,17.0,18.0,9.0,4.7,1.0,Спортивная,36.8,Площадь Маркса,0,6,54.981443,82.785188,7.084,10.18510234043356,1,Удалённая,7.084,24.99584723488021
real_estate_agent,Ленинский,4.0,9.0,8.7,4.735,1.0,Романтиков,36.88,Площадь Гарина-Михайловского,0,4,55.024755,82.804457,6.178,7.416373181622124,1,Автомобильная,6.178,27.35203280398273
real_estate_agent,Кировский,12.0,17.0,11.1,4.7,1.0,Петухова,39.4,Площадь Маркса,0,11,54.940975,82.89436,4.597,10.056052588731225,0,Автомобильная,0.0,16.745007389903883
real_estate_agent,Заельцовский,3.0,5.0,12.2,4.7,1.0,Кубовая,34.5,Заельцовская,0,15,55.126164,82.893004,7.572,10.816479335102468,1,Удалённая,7.572,33.93840800845296
real_estate_agent,Первомайский,1.0,17.0,5.0,4.7,1.0,Заречная,36.82,Золотая Нива,0,5,54.982642,83.068643,8.509,10.82794847421714,0,Удалённая,0.0,15.546150631284148
real_estate_agent,Ленинский,6.0,18.0,7.2,4.7,1.0,Междуреченская,38.6,Площадь Гарина-Михайловского,0,2,55.023774,82.853397,3.216,4.331485299182778,1,Автомобильная,3.216,25.25534590298443
real_estate_agent,Октябрьский,9.0,9.0,7.0,4.7,1.0,Бориса Богаткова,30.0,Золотая Нива,0,4,55.03573,82.971086,0.349,3.2865228543659697,1,Пешеходная,0.349,22.763017592616027
real_estate_agent,Калининский,8.0,9.0,7.0,4.7,1.0,Кропоткина,32.0,Маршала Покрышкина,0,3,55.05613,82.943462,1.411,3.238494688936939,1,Комфортная,1.411,25.515050946695595
real_estate_agent,Дзержинский,1.0,4.0,10.0,4.7,1.0,Заслонова,34.0,Золотая Нива,0,3,55.049333,83.029377,3.67,7.261101212944398,1,Автомобильная,3.67,23.246893514578392
real_estate_agent,Калининский,1.0,4.0,7.0,4.7,1.0,Народная,43.7,Заельцовская,0,74,55.07586,82.959596,3.531,5.66025634009304,1,Автомобильная,3.531,27.216298719418162
realtor,Кировский,21.0,29.0,4.0,4.7,1.0,Аникина,26.0,Студенческая,0,10,54.964509,82.945106,3.659,7.468262992841505,0,Автомобильная,0.0,16.476835114549594
real_estate_agent,Дзержинский,2.0,4.0,10.8,4.75,1.0,Заслонова,38.5,Золотая Нива,0,6,55.050169,83.030105,3.747,7.333046076358128,1,Автомобильная,3.747,23.330180182373862
real_estate_agent,Заельцовский,12.0,25.0,5.640000000000001,4.799,1.0,Красный проспект,28.2,Заельцовская,0,2,55.05728,82.914896,0.241,3.0356387034335457,1,Пешеходная,0.241,26.372278571136523
real_estate_agent,Дзержинский,15.0,15.0,5.5,4.799,1.0,Коминтерна,29.8,Золотая Нива,0,2,55.057156,83.020475,3.598,7.044718360806174,1,Автомобильная,3.598,24.20729115216223
real_estate_agent,Ленинский,9.0,17.0,8.5,4.78,1.0,Связистов,36.8,Площадь Маркса,0,2,54.98523,82.834084,3.977,7.435424688463525,1,Автомобильная,3.977,22.89545323671187
real_estate_agent,Кировский,5.0,9.0,11.8,4.75,1.0,Зорге,41.5,Площадь Маркса,0,12,54.933145,82.930509,5.888,10.807261361641327,0,Автомобильная,0.0,14.443255166369594
real_estate_agent,Железнодорожный,4.0,5.0,6.0,4.76,1.0,Владимировская,31.0,Площадь Гарина-Михайловского,0,62,55.033863,82.891737,0.529,1.8745817978063224,1,Комфортная,0.529,24.79259706589406
real_estate_agent,Советский,5.0,5.0,6.0,4.75,1.0,бульвар Молодежи,30.0,Площадь Маркса,0,21,54.86228,83.085531,18.013,21.439708041091365,0,Удалённая,0.0,2.1483270091946753
real_estate_agent,Октябрьский,2.0,4.0,4.0,4.7775,1.0,Лескова,27.3,Октябрьская,0,4,55.023558,82.952338,0.991,2.1619610344487232,1,Комфортная,0.991,21.964383330933217
real_estate_agent,Заельцовский,9.0,11.0,6.0,4.799,1.0,Кубовая,38.0,Заельцовская,0,13,55.122926,82.915022,7.11,10.320308675798891,1,Удалённая,7.11,33.094647457282726
realtor,Ленинский,10.0,19.0,8.0,4.75,1.0,Пархоменко,33.4,Площадь Маркса,0,13,54.986015,82.840929,3.551,7.057197497444727,1,Автомобильная,3.551,22.640752856930003
real_estate_agent,Заельцовский,1.0,5.0,6.0,4.8,1.0,Дуси Ковальчук,31.5,Заельцовская,0,66,55.063545,82.91831,0.623,3.7141567704311775,1,Комфортная,0.623,26.9095705336184
real_estate_agent,Калининский,5.0,15.0,9.2,4.8,1.0,Объединения,36.7,Заельцовская,0,2,55.09303,82.953919,4.608,7.308231146440625,1,Автомобильная,4.608,29.142904853852343
real_estate_agent,Кировский,6.0,9.0,5.2,4.8,1.0,Вертковская,28.9,Площадь Маркса,0,47,54.975088,82.88827,0.948,6.458713173162875,0,Комфортная,0.0,19.669264001593373
real_estate_agent,Октябрьский,4.0,10.0,12.2,4.8,1.0,Татьяны Снежиной,42.3,Золотая Нива,0,16,55.021116,83.013315,3.016,6.004825998757762,1,Автомобильная,3.016,20.40244207526947
real_estate_agent,Ленинский,12.0,17.0,12.0,4.8,1.0,Забалуева,37.2,Площадь Маркса,0,6,54.988112,82.776627,7.656,10.293311935071534,1,Удалённая,7.656,25.8827067654269
real_estate_agent,Кировский,2.0,10.0,11.0,4.8,1.0,Зорге,38.3,Площадь Маркса,0,19,54.930926,82.913153,5.814,11.04465478459428,0,Автомобильная,0.0,15.107016232224561
real_estate_agent,Ленинский,3.0,4.0,6.0,4.8,1.0,Костычева,30.3,Площадь Маркса,0,64,54.975398,82.876754,1.459,6.69674914496466,1,Комфортная,1.459,20.19406919123799
real_estate_agent,Железнодорожный,2.0,12.0,9.4,4.8,1.0,Челюскинцев,35.4,Площадь Гарина-Михайловского,0,40,55.039378,82.906748,0.635,1.3454702766509798,1,Комфортная,0.635,24.84166207526282
real_estate_agent,Калининский,4.0,19.0,6.6,4.8,1.0,Декоративный Питомник,31.5,Заельцовская,0,4,55.112824,82.924032,6.029,9.1941122561179,1,Автомобильная,6.029,31.84277649611046
real_estate_agent,Калининский,9.0,10.0,10.2,4.8,1.0,Мясниковой,37.5,Заельцовская,0,12,55.106484,82.941297,5.587,8.589599322868409,1,Автомобильная,5.587,30.81503399089876
real_estate_agent,Калининский,6.0,16.0,9.6,4.8,1.0,Мясниковой,34.4,Заельцовская,0,3,55.105933,82.946032,5.636,8.58119295312114,1,Автомобильная,5.636,30.662473129063827
real_estate_agent,Калининский,9.0,17.0,9.4,4.8,1.0,Краузе,41.4,Заельцовская,0,3,55.115393,82.936195,6.448,9.52987809805281,1,Автомобильная,6.448,31.857441349567008
real_estate_agent,Октябрьский,4.0,10.0,14.0,4.8,1.0,Плющихинская,49.0,Золотая Нива,0,3,55.018329,83.002554,2.738,5.397146592438487,1,Транспортная,2.738,20.290212372137212
real_estate_agent,Калининский,7.0,11.0,8.6,4.8,1.0,Михаила Немыткина,37.3,Заельцовская,0,13,55.108689,82.944963,5.897,8.870014050215968,1,Автомобильная,5.897,30.974948744665753
real_estate_agent,Ленинский,11.0,18.0,10.0,4.8,1.0,Спортивная,35.1,Площадь Маркса,0,6,54.981505,82.781164,7.341,10.399698490338915,1,Удалённая,7.341,25.203695145381598
real_estate_agent,Октябрьский,3.0,10.0,16.3,4.8,1.0,Татьяны Снежиной,58.4,Золотая Нива,0,16,55.020802,83.011097,2.927,5.871614382025046,1,Транспортная,2.927,20.405034129531543
real_estate_agent,Ленинский,8.0,11.0,10.0,4.8,1.0,Рельефная,39.7,Площадь Маркса,0,3,54.974783,82.807574,5.717,9.472648733005538,1,Автомобильная,5.717,23.414476136621214
real_estate_agent,Октябрьский,14.0,18.0,14.5,4.8,1.0,Рябиновая,48.9,Золотая Нива,0,1,55.002341,83.027733,5.131,7.507633962267478,1,Автомобильная,5.131,18.153513452031703
realtor,Заельцовский,3.0,5.0,5.0,4.8,1.0,Рельсовая,30.0,Гагаринская,0,58,55.053619,82.925146,0.725,2.6251735692920497,1,Комфортная,0.725,25.725021386336085
real_estate_agent,Кировский,8.0,19.0,17.0,4.85,1.0,Герцена,35.6,Спортивная,0,9,54.959434,82.964681,4.848,8.355969883807472,0,Автомобильная,0.0,15.308967004404899
real_estate_agent,Первомайский,6.0,19.0,8.5,4.85,1.0,Первомайская,33.7,Речной вокзал,0,13,54.977093,83.050137,8.017,10.160816373970585,0,Удалённая,0.0,15.10740786667269
real_estate_agent,Советский,3.0,10.0,10.0,4.85,1.0,Боровая Партия,48.7,Площадь Маркса,0,21,54.81157,83.097604,22.94,26.81410663194651,0,Удалённая,0.0,3.568638288822848
real_estate_agent,Ленинский,1.0,17.0,8.9,4.85,1.0,69/1,36.4,Площадь Маркса,0,18,55.001979,82.842312,4.075,5.884707434078323,1,Автомобильная,4.075,23.85413672813159
real_estate_agent,Октябрьский,2.0,17.0,12.2,4.85,1.0,Вилюйская,42.0,Речной вокзал,0,3,55.000848,83.004117,4.338,6.252142134002975,1,Автомобильная,4.338,18.406393643764765
real_estate_agent,Железнодорожный,2.0,5.0,6.0,4.85,1.0,Советская,30.6,Гагаринская,0,68,55.046811,82.911482,0.501,1.936884109246628,1,Комфортная,0.501,25.428458312664027
realtor,Ленинский,1.0,6.0,5.0,4.89,1.0,Троллейная,43.0,Площадь Маркса,0,22,54.990617,82.860063,2.484,5.844409862469383,1,Транспортная,2.484,22.157743390689625
real_estate_agent,Ленинский,10.0,10.0,11.0,4.9,1.0,Троллейная,34.1,Площадь Маркса,0,14,54.991222,82.856649,2.711,5.940797830244818,1,Транспортная,2.711,22.354884132889282
real_estate_agent,Кировский,11.0,17.0,12.9,4.9,1.0,Александра Чистякова,47.0,Площадь Маркса,0,6,54.93916,82.969999,6.724,10.601891083728328,0,Автомобильная,0.0,13.262507486073766
real_estate_agent,Калининский,3.0,17.0,7.1,4.9,1.0,Краузе,34.6,Заельцовская,0,16,55.115486,82.938243,6.489,9.55475269748336,1,Автомобильная,6.489,31.826168593349603
real_estate_agent,Заельцовский,4.0,5.0,6.0,4.9,1.0,Линейная,28.0,Гагаринская,0,53,55.050767,82.911294,0.224,2.363729707320815,1,Пешеходная,0.224,25.825300783418363
real_estate_agent,Дзержинский,10.0,20.0,4.0,4.9,1.0,Королева,27.6,Золотая Нива,0,5,55.048106,82.974014,1.184,3.953971067384004,1,Комфортная,1.184,23.99846338667137
real_estate_agent,Первомайский,4.0,9.0,10.8,4.9,1.0,Радиостанция № 2,40.5,Речной вокзал,0,3,54.932441,83.104387,13.646,15.995336461051837,0,Удалённая,0.0,9.900553126642496
real_estate_agent,Ленинский,6.0,17.0,8.6,4.9,1.0,Пархоменко,33.5,Площадь Маркса,0,13,54.986015,82.840929,3.551,7.057197497444727,1,Автомобильная,3.551,22.640752856930003
real_estate_agent,Первомайский,13.0,13.0,8.0,4.9,1.0,Твардовского,46.0,Речной вокзал,0,12,54.93465,83.11699,14.137,16.434391305689182,0,Удалённая,0.0,10.22958917206656
real_estate_agent,Заельцовский,5.0,9.0,5.5,4.9,1.0,Переездная,29.1,Заельцовская,0,3,55.053588,82.890471,1.532,3.229290652625308,1,Транспортная,1.532,26.726436466900203
real_estate_agent,Железнодорожный,2.0,9.0,5.7,4.9,1.0,Челюскинцев,30.0,Площадь Гарина-Михайловского,0,59,55.03735,82.901825,0.259,1.42998800962001,1,Пешеходная,0.259,24.79864475576396
real_estate_agent,Кировский,7.0,16.0,11.1,4.9,1.0,Громова,41.8,Площадь Маркса,0,17,54.936321,82.908132,5.169,10.464466539467036,0,Автомобильная,0.0,15.74004836161394
real_estate_agent,Октябрьский,6.0,12.0,8.6,4.9,1.0,Ключ-Камышенское плато,32.3,Золотая Нива,0,7,54.99023,83.042906,6.785,8.983270499898076,1,Автомобильная,6.785,16.629554234764335
real_estate_agent,Калининский,8.0,10.0,8.6,4.9,1.0,Тюленина,37.5,Заельцовская,0,17,55.113261,82.938998,6.263,9.315117499214525,1,Автомобильная,6.263,31.576197030535795
real_estate_agent,Ленинский,6.0,20.0,14.5,4.9,1.0,Невельского,37.7,Площадь Маркса,0,14,54.991506,82.833967,4.1,6.991154539081258,1,Автомобильная,4.1,23.385352807130538
real_estate_agent,Октябрьский,21.0,29.0,7.0,4.9,1.0,Вилюйская,35.0,Речной вокзал,0,12,55.001416,83.006102,4.449,6.328300897746612,1,Автомобильная,4.449,18.427286415981794
real_estate_agent,Калининский,6.0,10.0,7.9,4.965,1.0,Объединения,33.9,Заельцовская,0,3,55.099583,82.97052,5.827,8.351790784280102,1,Автомобильная,5.827,29.536581738101066
real_estate_agent,Октябрьский,3.0,10.0,9.0,4.985,1.0,Ключ-Камышенское плато,33.0,Речной вокзал,0,14,54.984445,83.040292,7.103,9.179265015891549,1,Удалённая,7.103,16.03441647850416
real_estate_agent,Калининский,15.0,17.0,9.5,4.95,1.0,Краузе,41.3,Заельцовская,0,16,55.115393,82.936195,6.448,9.52987809805281,1,Автомобильная,6.448,31.857441349567008
real_estate_agent,Ленинский,9.0,10.0,12.8,4.995,1.0,Волховская,45.8,Площадь Маркса,0,20,54.970623,82.833086,4.232,8.652793870930045,1,Автомобильная,4.232,21.861083437321348
real_estate_agent,Ленинский,17.0,17.0,9.0,4.95,1.0,Пархоменко,33.8,Площадь Маркса,0,12,54.985943,82.839168,3.661,7.143806220352949,1,Автомобильная,3.661,22.71576092075132
real_estate_agent,Дзержинский,5.0,5.0,9.8,4.95,1.0,проспект Дзержинского,42.0,Золотая Нива,0,69,55.059059,82.981048,2.422,5.023283832242265,1,Транспортная,2.422,25.021944394486926
real_estate_agent,Заельцовский,24.0,25.0,5.7,4.97,1.0,Светлановская,27.7,Заельцовская,0,6,55.077958,82.924454,2.239,5.320497555888978,1,Транспортная,2.239,28.220375054362204
real_estate_agent,Калининский,9.0,16.0,9.0,4.95,1.0,Красный проспект,34.0,Заельцовская,0,3,55.116768,82.933213,6.556,9.664106523656288,1,Автомобильная,6.556,32.062885523973236
real_estate_agent,Калининский,7.0,9.0,9.0,4.98,1.0,Рассветная,36.0,Заельцовская,0,38,55.10806,82.972514,6.656,9.274494617936249,1,Автомобильная,6.656,30.413062426886867
real_estate_agent,Октябрьский,3.0,9.0,5.3,4.99,1.0,Бориса Богаткова,30.1,Золотая Нива,0,4,55.030313,82.971795,0.835,3.273186763056488,1,Комфортная,0.835,22.182868097896744
real_estate_agent,Октябрьский,13.0,18.0,11.0,4.99,1.0,Виталия Потылицына,42.0,Золотая Нива,0,13,55.017235,83.006461,2.991,5.668687313295809,1,Транспортная,2.991,20.102833057870964
real_estate_agent,Советский,3.0,4.0,5.8,4.95,1.0,бульвар Молодежи,32.0,Площадь Маркса,0,64,54.861311,83.083312,17.999,21.464619077641213,0,Удалённая,0.0,2.086941157675191
real_estate_agent,Кировский,15.0,25.0,13.3,4.99,1.0,Петухова,41.9,Площадь Маркса,0,4,54.938069,82.949221,5.971,10.403996488187786,0,Автомобильная,0.0,14.00679125936747
real_estate_agent,Ленинский,11.0,16.0,10.6,4.97,1.0,Спортивная,35.7,Площадь Маркса,0,4,54.98244,82.784065,7.155,10.187537532192392,1,Удалённая,7.155,25.120371659061856
real_estate_agent,Ленинский,5.0,5.0,5.9,5.0,1.0,Выставочная,30.8,Площадь Маркса,0,62,54.988546,82.889761,0.807,5.024191892493872,1,Комфортная,0.807,20.7442088376822
real_estate_agent,Дзержинский,9.0,9.0,5.6,5.0,1.0,Гоголя,28.9,Березовая Роща,0,43,55.048441,82.96601,1.065,3.544280056950424,1,Комфортная,1.065,24.20171733464662
real_estate_agent,Заельцовский,5.0,28.0,9.0,5.0,1.0,Сухарная,22.0,Площадь Гарина-Михайловского,0,1,55.047213,82.858868,2.909,4.356947060903408,1,Транспортная,2.909,27.17164052970939
real_estate_agent,Октябрьский,11.0,17.0,10.3,5.0,1.0,Вилюйская,36.8,Речной вокзал,0,15,55.000404,83.005536,4.438,6.355108232641933,1,Автомобильная,4.438,18.331312723099316
real_estate_agent,Ленинский,9.0,18.0,10.3,5.0,1.0,Вертковская,36.9,Площадь Маркса,0,7,54.972194,82.857799,2.696,7.583556857575092,1,Транспортная,2.696,20.799971370693427
real_estate_agent,Октябрьский,14.0,14.0,6.2,5.0,1.0,Нижегородская,30.3,Речной вокзал,0,21,55.013152,82.94596,0.679,2.495178841981239,1,Комфортная,0.679,21.095839366877144
real_estate_agent,Калининский,2.0,17.0,10.0,5.0,1.0,Мясниковой,36.1,Заельцовская,0,11,55.106057,82.944711,5.617,8.57917913788944,1,Автомобильная,5.617,30.701660207861508
real_estate_agent,Ленинский,11.0,20.0,13.0,5.0,1.0,Невельского,38.0,Площадь Маркса,0,14,54.991506,82.833967,4.1,6.991154539081258,1,Автомобильная,4.1,23.385352807130538
real_estate_agent,Ленинский,2.0,16.0,8.5,5.0,1.0,Широкая,35.9,Площадь Маркса,0,18,54.993055,82.843929,3.543,6.389327284875257,1,Автомобильная,3.543,23.060706368049303
real_estate_agent,Ленинский,7.0,9.0,10.0,5.0,1.0,Романтиков,40.0,Площадь Гарина-Михайловского,0,6,55.02475,82.805481,6.114,7.351371364415638,1,Автомобильная,6.114,27.30741268491389
real_estate_agent,Ленинский,5.0,5.0,6.0,5.0,1.0,Выставочная,31.2,Студенческая,0,63,54.990251,82.89463,0.789,4.733439601900662,1,Комфортная,0.789,20.69858215933882
real_estate_agent,Заельцовский,3.0,5.0,5.7,5.0,1.0,Михаила Перевозчикова,31.8,Заельцовская,0,3,55.060998,82.906066,0.472,3.5485904923204497,1,Пешеходная,0.472,26.99117518655465
real_estate_agent,Октябрьский,17.0,18.0,12.0,5.0,1.0,Виталия Потылицына,41.0,Золотая Нива,0,11,55.019501,83.006084,2.789,5.586441628583461,1,Транспортная,2.789,20.35154915501069
real_estate_agent,Калининский,4.0,17.0,7.3,5.0,1.0,Гребенщикова,35.0,Заельцовская,0,19,55.113241,82.94304,6.335,9.349050534181512,1,Автомобильная,6.335,31.494185360310492
real_estate_agent,Ленинский,12.0,13.0,10.3,5.0,1.0,Ясный Берег,35.3,Спортивная,0,3,55.012501,82.902023,2.287,2.28812725195388,1,Транспортная,2.287,22.43511536893296
real_estate_agent,Ленинский,9.0,13.0,10.3,5.0,1.0,Ясный Берег,35.3,Спортивная,0,3,55.012501,82.902023,2.287,2.28812725195388,1,Транспортная,2.287,22.43511536893296
real_estate_agent,Заельцовский,1.0,10.0,9.0,5.0,1.0,Ельцовская,38.0,Площадь Гарина-Михайловского,0,21,55.048183,82.888521,1.587,2.854684568715768,1,Транспортная,1.587,26.265460303465954
realtor,Центральный,1.0,9.0,6.0,5.0,1.0,Селезнева,31.6,Березовая Роща,0,41,55.04679,82.944594,0.606,2.405575436234126,1,Комфортная,0.606,24.528455014247303
realtor,Октябрьский,2.0,9.0,6.0,5.0,1.0,Нижегородская,28.0,Речной вокзал,0,17,55.01342,82.945259,0.665,2.443487357333766,1,Комфортная,0.665,21.142569512397422
real_estate_agent,Калининский,5.0,10.0,8.0,5.05,1.0,Учительская,34.0,Березовая Роща,0,33,55.080019,82.970394,4.249,6.391784094901119,1,Автомобильная,4.249,27.449176352875142
real_estate_agent,Калининский,7.0,13.0,9.0,5.1,1.0,Декоративный Питомник,36.7,Заельцовская,0,1,55.111753,82.921642,5.894,9.072496582244176,1,Автомобильная,5.894,31.783379068485868
real_estate_agent,Ленинский,2.0,14.0,9.0,5.1,1.0,Титова,36.8,Площадь Маркса,0,9,54.97826,82.808284,5.628,9.190458026397286,1,Автомобильная,5.628,23.621539571674646
real_estate_agent,Кировский,13.0,27.0,10.5,5.1,1.0,Оловозаводская,38.4,Студенческая,0,12,54.962075,82.952338,4.172,7.839942588817019,0,Автомобильная,0.0,15.990389206119149
real_estate_agent,Заельцовский,22.0,26.0,5.48,5.1,1.0,Дуси Ковальчук,27.4,Заельцовская,0,2,55.062725,82.926448,0.974,3.640707897239991,1,Комфортная,0.974,26.613539240505943
real_estate_agent,Заельцовский,9.0,9.0,6.0,5.1,1.0,Дачная,34.0,Заельцовская,0,57,55.06023,82.905949,0.445,3.4681318720050998,1,Пешеходная,0.445,26.918104047353633
real_estate_agent,Октябрьский,4.0,27.0,7.420000000000001,5.1,1.0,Вилюйская,37.1,Речной вокзал,0,13,55.000389,83.007755,4.576,6.477157849544198,1,Автомобильная,4.576,18.28644200579875
real_estate_agent,Ленинский,3.0,17.0,12.6,5.1,1.0,Рельефная,42.8,Площадь Маркса,0,3,54.974876,82.805912,5.82,9.546767029484824,1,Автомобильная,5.82,23.504077869253734
real_estate_agent,Ленинский,4.0,20.0,11.0,5.1,1.0,Невельского,36.0,Площадь Маркса,0,14,54.991506,82.833967,4.1,6.991154539081258,1,Автомобильная,4.1,23.385352807130538
real_estate_agent,Калининский,7.0,10.0,9.0,5.1,1.0,Мясниковой,37.2,Заельцовская,0,3,55.108797,82.932018,5.673,8.7745199528645,1,Автомобильная,5.673,31.24999757228126
real_estate_agent,Кировский,15.0,17.0,14.3,5.1159,1.0,Бронная,42.0,Площадь Маркса,0,3,54.948458,82.967438,5.902,9.567430698725714,0,Автомобильная,0.0,14.196694380147425
real_estate_agent,Центральный,5.0,5.0,6.0,5.1,1.0,Красный проспект,29.4,Красный проспект,0,62,55.043262,82.915004,0.24,1.49688786526724,1,Пешеходная,0.24,24.974855277361716
real_estate_agent,Октябрьский,5.0,10.0,5.2,5.1,1.0,Бориса Богаткова,31.6,Золотая Нива,0,20,55.035503,82.968498,0.504,3.1198109458073,1,Комфортная,0.504,22.796986201688725
real_estate_agent,Октябрьский,3.0,4.0,6.0,5.1,1.0,Лескова,32.5,Октябрьская,0,4,55.023558,82.952338,0.991,2.1619610344487232,1,Комфортная,0.991,21.964383330933217
realtor,Калининский,15.0,17.0,23.8,5.1,1.0,Фадеева,59.3,Заельцовская,0,12,55.099438,82.939007,4.8,7.793046882023097,1,Автомобильная,4.8,30.120834648476762
realtor,Дзержинский,11.0,18.0,10.0,5.1,1.0,Дениса Давыдова,45.3,Березовая Роща,0,13,55.07037,82.962363,3.083,5.20757514358746,1,Автомобильная,3.083,26.581478208107075
realtor,Ленинский,13.0,17.0,8.0,5.1,1.0,69/1,34.3,Площадь Маркса,0,19,55.001979,82.842312,4.075,5.884707434078323,1,Автомобильная,4.075,23.85413672813159
realtor,Калининский,4.0,9.0,18.7,5.1,1.0,Василия Клевцова,39.4,Заельцовская,0,6,55.098042,82.975649,5.912,8.32626559745896,1,Автомобильная,5.912,29.28531792956703
realtor,Кировский,14.0,17.0,11.3,5.1,1.0,Аникина,41.3,Студенческая,0,18,54.965031,82.948484,3.766,7.460244829525699,0,Автомобильная,0.0,16.40065651372376
realtor,Калининский,10.0,10.0,12.0,5.1,1.0,Тюленина,37.5,Заельцовская,0,38,55.109147,82.945807,5.963,8.929712666537641,1,Автомобильная,5.963,31.006918761290475
real_estate_agent,Октябрьский,10.0,15.0,8.989999999999998,5.15,1.0,Кошурникова,28.99,Золотая Нива,0,1,55.034054,82.981811,0.551,3.935122319083507,1,Комфортная,0.551,22.359175772628355
real_estate_agent,Октябрьский,10.0,18.0,4.960000000000001,5.15,1.0,Большевистская,21.36,Речной вокзал,0,1,55.003678,82.946319,0.832,3.37596176492265,1,Комфортная,0.832,20.149667926859088
real_estate_agent,Кировский,15.0,19.0,5.0,5.15,1.0,Тульская,31.1,Студенческая,0,6,54.978178,82.916648,1.358,5.785735902161735,0,Комфортная,0.0,18.77742222383056
real_estate_agent,Калининский,8.0,10.0,5.1,5.15,1.0,Василия Клевцова,36.1,Заельцовская,0,3,55.096445,82.975559,5.779,8.163203312083969,1,Автомобильная,5.779,29.115326328558645
real_estate_agent,Кировский,7.0,24.0,14.3,5.1795,1.0,Бронная,42.7,Площадь Маркса,0,2,54.948851,82.969307,5.968,9.564139201579868,0,Автомобильная,0.0,14.164915970630979
real_estate_agent,Кировский,8.0,10.0,9.0,5.15,1.0,Ватутина,34.0,Площадь Маркса,0,9,54.975326,82.911653,1.254,6.123490652935286,0,Комфортная,0.0,18.723129447402275
real_estate_agent,Ленинский,4.0,17.0,10.0,5.15,1.0,Связистов,30.0,Площадь Маркса,0,3,54.961284,82.8373,4.426,9.315798925879871,1,Автомобильная,4.426,20.995143575918473
real_estate_agent,Центральный,4.0,5.0,6.0,5.2,1.0,Гоголя,31.0,Маршала Покрышкина,0,66,55.044707,82.93801,0.243,1.9668846587484727,1,Пешеходная,0.243,24.48355402924399
real_estate_agent,Октябрьский,6.0,9.0,8.5,5.2,1.0,Большевистская,35.2,Речной вокзал,0,43,54.995116,82.97184,2.689,5.092190976139016,1,Транспортная,2.689,18.571362265154814
real_estate_agent,Ленинский,3.0,5.0,5.0,5.2,1.0,Титова,30.4,Площадь Маркса,0,66,54.98197,82.876924,1.23,6.034764981007489,1,Комфортная,1.23,20.722462508013884
real_estate_agent,Советский,3.0,19.0,8.6,5.2,1.0,Балтийская,35.0,Площадь Маркса,0,14,54.855812,83.050003,17.159,21.07945927071576,0,Удалённая,0.0,3.132593146409371
real_estate_agent,Октябрьский,5.0,10.0,13.8,5.2,1.0,Плющихинская,48.02,Золотая Нива,0,4,55.014442,83.001988,3.066,5.484517374931609,1,Автомобильная,3.066,19.887488520502952
real_estate_agent,Ленинский,1.0,10.0,7.1,5.23,1.0,Горская,31.8,Спортивная,0,23,54.993913,82.911698,0.537,4.069357077007883,1,Комфортная,0.537,20.377500246472856
real_estate_agent,Октябрьский,6.0,10.0,10.0,5.2,1.0,Воинская,36.4,Золотая Нива,0,4,55.019243,82.978757,2.04,3.910708971379404,1,Транспортная,2.04,20.87454649560468
real_estate_agent,Ленинский,2.0,10.0,5.2,5.2,1.0,Пархоменко,42.8,Площадь Маркса,0,6,54.985881,82.84198,3.482,7.019657416042409,1,Автомобильная,3.482,22.582371130105678
real_estate_agent,Ленинский,5.0,10.0,11.0,5.2,1.0,Пархоменко,48.0,Площадь Маркса,0,6,54.986862,82.845286,3.288,6.793216971475349,1,Автомобильная,3.288,22.50901236109807
real_estate_agent,Дзержинский,9.0,11.0,10.0,5.2,1.0,Толбухина,32.2,Золотая Нива,0,15,55.040745,83.00638,1.994,5.601491903043539,1,Транспортная,1.994,22.6261716105284
real_estate_agent,Заельцовский,2.0,5.0,6.0,5.2,1.0,Тимирязева,31.0,Заельцовская,0,64,55.057981,82.894109,1.183,3.5184989420920583,1,Комфортная,1.183,27.043419491866754
real_estate_agent,Ленинский,8.0,10.0,11.0,5.2,1.0,Связистов,35.4,Площадь Маркса,0,34,54.984326,82.832871,4.047,7.560334579897935,1,Автомобильная,4.047,22.88307094216145
real_estate_agent,Центральный,4.0,12.0,9.5,5.2,1.0,Фрунзе,37.3,Маршала Покрышкина,0,45,55.039419,82.94101,0.721,1.6666372697844234,1,Комфортная,0.721,23.868840760271887
real_estate_agent,Кировский,11.0,16.0,14.0,5.2,1.0,Бронная,40.2,Площадь Маркса,0,4,54.948851,82.969307,5.968,9.564139201579868,0,Автомобильная,0.0,14.164915970630979
real_estate_agent,Октябрьский,7.0,9.0,6.0,5.2,1.0,Ленинградская,29.0,Речной вокзал,0,4,55.009554,82.965956,1.802,3.697676444302116,1,Транспортная,1.802,20.188170219560018
real_estate_agent,Заельцовский,3.0,12.0,9.0,5.2,1.0,Дуси Ковальчук,35.0,Заельцовская,0,47,55.059559,82.917582,0.323,3.273517020214144,1,Пешеходная,0.323,26.52734755476229
real_estate_agent,Кировский,5.0,10.0,14.5,5.26,1.0,Аникина,44.0,Студенческая,0,11,54.964737,82.947846,3.76,7.482375271302036,0,Автомобильная,0.0,16.396996394826107
real_estate_agent,Дзержинский,2.0,4.0,12.0,5.25,1.0,Заслонова,42.7,Золотая Нива,0,8,55.050158,83.03165,3.838,7.426542342403416,1,Автомобильная,3.838,23.31189315028017
real_estate_agent,Октябрьский,4.0,10.0,10.8,5.25,1.0,Татьяны Снежиной,40.4,Золотая Нива,0,4,55.022391,83.010549,2.79,5.80821868788033,1,Транспортная,2.79,20.58472654221157
real_estate_agent,Дзержинский,4.0,22.0,11.41,5.3,1.0,Королева,30.41,Золотая Нива,0,1,55.046264,82.969747,1.043,3.616174097037365,1,Комфортная,1.043,23.893722534330248
real_estate_agent,Заельцовский,14.0,19.0,7.7,5.3,1.0,Дачная,28.0,Заельцовская,0,14,55.061529,82.903901,0.621,3.643128057128004,1,Комфортная,0.621,27.10569229359139
real_estate_agent,Октябрьский,7.0,14.0,10.1,5.3,1.0,Ключ-Камышенское плато,35.3,Золотая Нива,0,19,54.987931,83.046266,7.119,9.296798911130423,1,Удалённая,7.119,16.337466283062845
real_estate_agent,Заельцовский,17.0,17.0,5.0,5.3,1.0,Аэропорт,29.0,Заельцовская,0,4,55.078226,82.912569,2.138,5.367578258161752,1,Транспортная,2.138,28.547388450163506
real_estate_agent,Калининский,7.0,17.0,11.0,5.3,1.0,переулок 2-й Фадеева,37.2,Заельцовская,0,12,55.091222,82.938216,3.937,6.882998006113574,1,Автомобильная,3.937,29.27700339768956
real_estate_agent,Октябрьский,8.0,10.0,10.0,5.3,1.0,Выборная,57.0,Золотая Нива,0,17,55.002754,83.027167,5.073,7.455848068592828,1,Автомобильная,5.073,18.206626815782812
real_estate_agent,Ленинский,6.0,17.0,16.7,5.3,1.0,Рельефная,43.1,Площадь Маркса,0,3,54.975026,82.809191,5.611,9.376823534591775,1,Автомобильная,5.611,23.350568973417033
real_estate_agent,Ленинский,6.0,7.0,9.0,5.3,1.0,Пархоменко,38.3,Площадь Маркса,0,6,54.987059,82.861338,2.286,6.097148530668727,1,Транспортная,2.286,21.812279360386952
real_estate_agent,Октябрьский,7.0,10.0,16.3,5.3,1.0,Татьяны Снежиной,61.4,Золотая Нива,0,4,55.02219,83.023143,3.475,6.60604281618837,1,Автомобильная,3.475,20.369123613699596
real_estate_agent,Октябрьский,19.0,26.0,6.3,5.3,1.0,Вилюйская,40.3,Речной вокзал,0,13,55.000389,83.007755,4.576,6.477157849544198,1,Автомобильная,4.576,18.28644200579875
real_estate_agent,Ленинский,3.0,17.0,10.5,5.3,1.0,Немировича-Данченко,38.9,Площадь Маркса,0,6,54.973233,82.850783,3.069,7.733624576968559,1,Автомобильная,3.069,21.206145644792862
real_estate_agent,Калининский,4.0,14.0,9.0,5.35,1.0,Мясниковой,36.6,Заельцовская,0,10,55.108107,82.932054,5.599,8.698264420675088,1,Автомобильная,5.599,31.17687554882102
real_estate_agent,Ленинский,11.0,27.0,11.0,5.35,1.0,Волховская,46.0,Площадь Маркса,0,11,54.971166,82.835009,4.097,8.527783984156077,1,Автомобильная,4.097,21.80654271845953
real_estate_agent,Октябрьский,1.0,10.0,8.3,5.35,1.0,Выборная,36.2,Золотая Нива,0,20,55.002511,83.011339,4.509,6.56058518247091,1,Автомобильная,4.509,18.444527365617734
real_estate_agent,Центральный,2.0,5.0,5.8,5.39,1.0,Советская,30.3,Гагаринская,0,18,55.04597,82.912444,0.568,1.8297273739008268,1,Комфортная,0.568,25.317238849710446
real_estate_agent,Кировский,6.0,10.0,12.4,5.37,1.0,Зорге,47.9,Площадь Маркса,0,17,54.930874,82.914249,5.833,11.047711647175763,0,Автомобильная,0.0,15.04966069393112
real_estate_agent,Центральный,3.0,5.0,5.0,5.35,1.0,Писарева,29.4,Гагаринская,0,66,55.048606,82.918211,0.335,2.0554405187281843,1,Пешеходная,0.335,25.413010024095303
real_estate_agent,Кировский,2.0,17.0,6.7,5.35,1.0,Тульская,49.68,Студенческая,0,6,54.978178,82.916648,1.358,5.785735902161735,0,Комфортная,0.0,18.77742222383056
real_estate_agent,Советский,9.0,9.0,10.0,5.35,1.0,Иванова,33.5,Площадь Маркса,0,48,54.868622,83.089142,17.657,20.945812831611057,0,Удалённая,0.0,2.800359177185139
realtor,Калининский,12.0,14.0,12.8,5.35,1.0,Тюленина,48.5,Заельцовская,0,20,55.107231,82.952535,5.935,8.809684991734704,1,Автомобильная,5.935,30.67498481407285
real_estate_agent,Октябрьский,10.0,18.0,8.0,5.4,1.0,Лазурная,33.7,Золотая Нива,0,13,55.034183,83.022299,2.999,6.506843978941007,1,Транспортная,2.999,21.68247089444186
real_estate_agent,Калининский,13.0,14.0,9.0,5.4,1.0,Красный проспект,36.6,Заельцовская,0,5,55.116614,82.930868,6.511,9.635604365064564,1,Автомобильная,6.511,32.094918395151694
real_estate_agent,Заельцовский,1.0,13.0,10.3,5.444,1.0,Лобачевского,38.5,Заельцовская,0,10,55.121536,82.900361,6.997,10.240046466913189,1,Автомобильная,6.997,33.28566655099498
real_estate_agent,Калининский,2.0,16.0,10.0,5.4,1.0,Мясниковой,37.2,Заельцовская,0,11,55.105933,82.946032,5.636,8.58119295312114,1,Автомобильная,5.636,30.662473129063827
real_estate_agent,Калининский,4.0,17.0,11.4,5.4,1.0,Краузе,43.4,Заельцовская,0,16,55.115393,82.936195,6.448,9.52987809805281,1,Автомобильная,6.448,31.857441349567008
real_estate_agent,Заельцовский,3.0,9.0,6.8,5.4,1.0,Переездная,31.7,Гагаринская,0,3,55.052716,82.891522,1.496,3.1115143638193588,1,Комфортная,1.496,26.609140454950257
real_estate_agent,Калининский,4.0,21.0,10.0,5.4,1.0,Олеко Дундича,35.0,Березовая Роща,0,3,55.071175,82.957773,3.122,5.143039739662339,1,Автомобильная,3.122,26.760257131470503
real_estate_agent,Калининский,6.0,9.0,6.0,5.4,1.0,Василия Клевцова,33.2,Заельцовская,0,3,55.098042,82.975649,5.912,8.32626559745896,1,Автомобильная,5.912,29.28531792956703
real_estate_agent,Дзержинский,13.0,17.0,19.0,5.4,1.0,Красина,37.5,Березовая Роща,0,3,55.042973,82.963315,0.728,3.081175277442676,1,Комфортная,0.728,23.690716771473618
real_estate_agent,Кировский,1.0,10.0,16.6,5.4,1.0,Дмитрия Шмонина,58.7,Площадь Маркса,0,9,54.944471,82.958491,5.788,9.833177955691715,0,Автомобильная,0.0,14.177674036157548
real_estate_agent,Кировский,5.0,10.0,8.8,5.499,1.0,Тульская,32.2,Площадь Маркса,0,34,54.976876,82.912875,1.223,5.945053306936846,0,Комфортная,0.0,18.809922705080044
real_estate_agent,Октябрьский,22.0,27.0,5.0,5.499,1.0,Вилюйская,32.5,Речной вокзал,0,12,55.001416,83.006102,4.449,6.328300897746612,1,Автомобильная,4.449,18.427286415981794
real_estate_agent,Дзержинский,17.0,17.0,7.0,5.49,1.0,Красина,39.3,Березовая Роща,0,3,55.042973,82.963315,0.728,3.081175277442676,1,Комфортная,0.728,23.690716771473618
real_estate_agent,Калининский,10.0,10.0,9.0,5.49,1.0,Гребенщикова,37.5,Заельцовская,0,19,55.111979,82.942016,6.181,9.20046285943478,1,Автомобильная,6.181,31.380815676828576
real_estate_agent,Октябрьский,9.0,10.0,20.0,5.45,1.0,Плющихинская,58.5,Золотая Нива,0,4,55.012878,83.000092,3.152,5.429305190914965,1,Автомобильная,3.152,19.757959121703504
real_estate_agent,Ленинский,4.0,17.0,9.0,5.5,1.0,Ясный Берег,36.0,Площадь Гарина-Михайловского,0,6,55.016197,82.88995,2.222,2.487671093927202,1,Транспортная,2.222,23.20458975177754
real_estate_agent,Октябрьский,9.0,25.0,4.1,5.5,1.0,Большевистская,26.6,Речной вокзал,0,6,54.998726,82.958985,1.796,4.273338328685925,1,Транспортная,1.796,19.289587915363086
real_estate_agent,Октябрьский,3.0,10.0,12.0,5.5,1.0,Стофато,37.2,Золотая Нива,0,13,55.030308,82.978335,0.818,3.689978685288352,1,Комфортная,0.818,22.038677752744
real_estate_agent,Первомайский,2.0,5.0,9.4,5.5,1.0,Маяковского,35.2,Золотая Нива,0,15,54.970287,83.101404,10.965,13.324599395861188,0,Удалённая,0.0,14.094687695675596
real_estate_agent,Калининский,11.0,17.0,9.0,5.59,1.0,Красный проспект,36.7,Заельцовская,0,3,55.117396,82.931874,6.608,9.72693795294705,1,Автомобильная,6.608,32.156424185556894
real_estate_agent,Калининский,11.0,14.0,9.0,5.5,1.0,Красный проспект,40.0,Заельцовская,0,5,55.11702,82.931452,6.562,9.683263995694796,1,Автомобильная,6.562,32.12554808725889
real_estate_agent,Ленинский,2.0,10.0,11.0,5.5,1.0,Киевская,39.7,Площадь Маркса,0,18,54.990344,82.851673,2.978,6.231377861314677,1,Транспортная,2.978,22.50119290955604
real_estate_agent,Октябрьский,2.0,25.0,12.0,5.5,1.0,Рябиновая,38.8,Золотая Нива,0,6,55.001354,83.027392,5.201,7.533917472873117,1,Автомобильная,5.201,18.051964520127814
real_estate_agent,Кировский,16.0,18.0,13.0,5.5,1.0,Пригородная,43.0,Студенческая,0,7,54.975512,82.927823,2.012,6.095368862131326,0,Транспортная,0.0,18.114095517086
real_estate_agent,Кировский,11.0,17.0,8.4,5.5,1.0,Беловежская,39.1,Площадь Маркса,0,1,54.964856,82.900379,1.958,7.373849402720055,0,Транспортная,0.0,18.307776303689156
real_estate_agent,Ленинский,10.0,18.0,13.4,5.5,1.0,площадь Карла Маркса,39.8,Площадь Маркса,0,1,54.983024,82.893202,0.208,5.522037183566433,1,Пешеходная,0.208,20.13041113539444
real_estate_agent,Калининский,5.0,17.0,11.4,5.5,1.0,Краузе,43.4,Заельцовская,0,16,55.115393,82.936195,6.448,9.52987809805281,1,Автомобильная,6.448,31.857441349567008
real_estate_agent,Первомайский,11.0,16.0,8.0,5.5,1.0,Героев Революции,39.0,Золотая Нива,0,10,54.974442,83.088936,10.07,12.404458002211024,0,Удалённая,0.0,14.552710904282387
real_estate_agent,Первомайский,25.0,25.0,17.0,5.599,1.0,Заречная,40.0,Золотая Нива,0,14,54.982487,83.065247,8.372,10.648041414935788,0,Удалённая,0.0,15.553252348934954
real_estate_agent,Заельцовский,13.0,14.0,6.4,5.5,1.0,Аэропорт,32.0,Заельцовская,0,3,55.081694,82.903775,2.585,5.827194737201371,1,Транспортная,2.585,29.129679841305315
real_estate_agent,Первомайский,2.0,11.0,9.0,5.5,1.0,Красный Факел,37.0,Золотая Нива,0,14,54.975176,83.092987,10.201,12.589000184251146,0,Удалённая,0.0,14.630756652128278
real_estate_agent,Первомайский,2.0,8.0,10.5,5.5,1.0,Первомайская,39.4,Золотая Нива,0,2,54.976421,83.067511,8.971,11.121517574517346,0,Удалённая,0.0,14.866495113540141
real_estate_agent,Октябрьский,4.0,25.0,10.1,5.6,1.0,Кирова,32.2,Октябрьская,0,4,55.013591,82.955042,1.164,2.874465185953487,1,Комфортная,1.164,20.886089898455722
real_estate_agent,Советский,1.0,10.0,8.9,5.6,1.0,Российская,38.6,Площадь Маркса,0,34,54.870601,83.091056,17.586,20.82096559781806,0,Удалённая,0.0,3.0086892543320913
real_estate_agent,Дзержинский,2.0,9.0,7.0,5.6,1.0,Фрунзе,32.0,Березовая Роща,0,52,55.041091,82.949813,0.279,2.231652772313036,1,Пешеходная,0.279,23.815319283567106
real_estate_agent,Заельцовский,6.0,10.0,7.8,5.6,1.0,Ельцовская,34.2,Гагаринская,0,21,55.049261,82.890255,1.574,2.8647287754789894,1,Транспортная,1.574,26.31429761266086
real_estate_agent,Центральный,5.0,10.0,8.2,5.6,1.0,Мичурина,35.6,Красный проспект,0,33,55.044474,82.920007,0.36,1.5913230076217315,1,Пешеходная,0.36,24.95063098300552
real_estate_agent,Калининский,16.0,17.0,8.7,5.6,1.0,Красный проспект,37.0,Заельцовская,0,3,55.107757,82.924508,5.474,8.631731167861496,1,Автомобильная,5.474,31.303395686904558
real_estate_agent,Октябрьский,1.0,10.0,7.5,5.6,1.0,Кирова,35.1,Речной вокзал,0,7,55.004499,82.977697,2.606,4.633655360098221,1,Транспортная,2.606,19.375713146107994
real_estate_agent,Первомайский,12.0,17.0,10.7,5.6,1.0,Первомайская,40.7,Речной вокзал,0,15,54.977212,83.049005,7.946,10.094402257034298,0,Удалённая,0.0,15.134023564770592
real_estate_agent,Дзержинский,2.0,21.0,9.0,5.6,1.0,проспект Дзержинского,35.7,Золотая Нива,0,7,55.058079,82.982216,2.327,5.01254634810308,1,Транспортная,2.327,24.896146273502673
real_estate_agent,Железнодорожный,2.0,5.0,6.0,5.6,1.0,Урицкого,32.1,Площадь Ленина,0,67,55.030395,82.912821,0.484,0.4859822544243494,1,Пешеходная,0.484,23.78052650196829
real_estate_agent,Ленинский,9.0,16.0,12.0,5.6,1.0,1-я Шоссейная,36.6,Площадь Гарина-Михайловского,0,5,55.01215,82.871804,3.134,3.69094179347863,1,Автомобильная,3.134,23.515739982087148
real_estate_agent,Кировский,23.0,29.0,3.5,5.6,1.0,Аникина,29.3,Студенческая,0,9,54.964509,82.945106,3.659,7.468262992841505,0,Автомобильная,0.0,16.476835114549594
real_estate_agent,Кировский,2.0,29.0,12.0,5.6,1.0,Аникина,39.7,Студенческая,0,10,54.964509,82.945106,3.659,7.468262992841505,0,Автомобильная,0.0,16.476835114549594
real_estate_agent,Ленинский,14.0,17.0,17.2,5.6,1.0,Ивана Севастьянова,45.8,Площадь Маркса,0,9,54.96607,82.831407,4.512,9.112584822124392,1,Автомобильная,4.512,21.621450306720433
realtor,Советский,11.0,27.0,11.3,5.6,1.0,Молодости,47.3,Площадь Маркса,0,14,54.857761,82.980293,14.854,19.54791371137894,0,Удалённая,0.0,7.453685587902925
real_estate_agent,Заельцовский,9.0,18.0,6.3,5.65,1.0,Кедровая,49.0,Заельцовская,0,12,55.105908,82.908195,5.223,8.458222761912964,1,Автомобильная,5.223,31.48795368214513
real_estate_agent,Дзержинский,11.0,14.0,5.0,5.699,1.0,Есенина,31.1,Золотая Нива,0,8,55.034461,82.99428,1.237,4.7300697900864686,1,Комфортная,1.237,22.159877560876584
real_estate_agent,Заельцовский,3.0,14.0,10.0,5.65,1.0,Кубовая,35.2,Заельцовская,0,6,55.122987,82.904682,7.133,10.36994104714451,1,Удалённая,7.133,33.33449619541939
real_estate_agent,Центральный,3.0,5.0,6.4,5.65,1.0,Каменская,31.0,Сибирская,0,60,55.041761,82.926457,0.355,1.3452864154149204,1,Пешеходная,0.355,24.49827193413299
real_estate_agent,Советский,3.0,9.0,8.0,5.65,1.0,Иванова,34.0,Площадь Маркса,0,48,54.868622,83.089142,17.657,20.945812831611057,0,Удалённая,0.0,2.800359177185139
real_estate_agent,Центральный,5.0,10.0,8.8,5.65,1.0,Селезнева,35.0,Березовая Роща,0,41,55.048616,82.94525,0.727,2.590178788172396,1,Комфортная,0.727,24.699369179899502
real_estate_agent,Дзержинский,3.0,17.0,12.7,5.7,1.0,Авиастроителей,42.46,Березовая Роща,0,5,55.074994,82.980141,3.957,6.2697690244142885,1,Автомобильная,3.957,26.73869025129058
real_estate_agent,Кировский,16.0,22.0,8.58,5.7,1.0,Урманова,42.9,Спортивная,0,7,54.96637,82.955212,3.869,7.432369623366351,0,Автомобильная,0.0,16.28491609873244
real_estate_agent,Ленинский,4.0,16.0,5.0,5.7,1.0,Забалуева,35.4,Площадь Маркса,0,6,54.989584,82.785458,7.112,9.71779468189992,1,Удалённая,7.112,25.546070413623287
real_estate_agent,Железнодорожный,3.0,5.0,6.0,5.7,1.0,Вокзальная магистраль,30.2,Площадь Гарина-Михайловского,0,65,55.033961,82.908338,0.579,0.8789616768122807,1,Комфортная,0.579,24.26611565154709
real_estate_agent,Первомайский,14.0,16.0,4.3,5.7,1.0,Заречная,37.2,Золотая Нива,0,9,54.980157,83.055797,8.174,10.268052595839436,0,Удалённая,0.0,15.3805543635772
real_estate_agent,Калининский,17.0,19.0,15.0,5.7,1.0,Красный проспект,36.7,Заельцовская,0,8,55.109214,82.929808,5.69,8.81007771654193,1,Автомобильная,5.69,31.340635985898924
real_estate_agent,Заельцовский,1.0,9.0,6.0,5.7,1.0,Дачная,38.0,Заельцовская,0,54,55.057445,82.904934,0.518,3.190124149558411,1,Комфортная,0.518,26.67082296860582
real_estate_agent,Октябрьский,19.0,27.0,11.7,5.7,1.0,Вилюйская,48.1,Золотая Нива,0,13,55.002067,83.005105,4.366,6.236913782225923,1,Автомобильная,4.366,18.51568919289332
real_estate_agent,Октябрьский,4.0,25.0,5.460000000000001,5.735,1.0,Владимира Заровного,27.3,Речной вокзал,0,8,54.991542,82.967268,2.73,5.230770743648204,1,Транспортная,2.73,18.339013739702057
real_estate_agent,Октябрьский,11.0,16.0,11.6,5.7,1.0,Вилюйская,40.0,Речной вокзал,0,11,54.999702,83.007584,4.583,6.507267155299839,1,Автомобильная,4.583,18.2169538124332
real_estate_agent,Калининский,19.0,25.0,4.0,5.7,1.0,Танковая,27.7,Заельцовская,0,11,55.060307,82.933087,1.313,3.447178244727683,1,Комфортная,1.313,26.198479979757735
real_estate_agent,Калининский,6.0,17.0,10.0,5.7,1.0,Гребенщикова,36.0,Заельцовская,0,11,55.107638,82.937174,5.63,8.680271689915836,1,Автомобильная,5.63,31.02068199738423
real_estate_agent,Первомайский,8.0,14.0,10.2,5.7,1.0,Героев Революции,35.8,Золотая Нива,0,10,54.975258,83.085513,9.85,12.169963509612048,0,Удалённая,0.0,14.649988372798212
real_estate_agent,Октябрьский,1.0,6.0,25.0,5.7,1.0,Зеленый Бор мкр,44.0,Золотая Нива,0,22,55.001422,83.008285,4.521,6.448464822798684,1,Автомобильная,4.521,18.38583428325073
realtor,Октябрьский,3.0,10.0,9.0,5.7,1.0,Шевченко,31.2,Октябрьская,0,36,55.023501,82.941872,0.55,1.5542579749913108,1,Комфортная,0.55,22.242707555900832
real_estate_agent,Советский,1.0,10.0,9.2,5.79,1.0,Российская,37.9,Площадь Маркса,0,34,54.870601,83.091056,17.586,20.82096559781806,0,Удалённая,0.0,3.0086892543320913
real_estate_agent,Советский,1.0,4.0,6.0,5.79,1.0,Жемчужная,30.9,Площадь Маркса,0,65,54.838748,83.089888,20.201,23.879195370809917,0,Удалённая,0.0,0.6031723157988207
real_estate_agent,Заельцовский,4.0,12.0,9.5,5.75,1.0,Красный проспект,40.0,Заельцовская,0,54,55.056435,82.917923,0.443,2.925475004341864,1,Пешеходная,0.443,26.204140766049562
real_estate_agent,Заельцовский,7.0,27.0,7.5,5.75,1.0,Красный проспект,26.2,Заельцовская,0,3,55.075716,82.911411,1.86,5.097555932832565,1,Транспортная,1.86,28.323061374176355
real_estate_agent,Первомайский,13.0,17.0,13.0,5.75,1.0,Заречная,37.1,Золотая Нива,0,5,54.982347,83.067646,8.489,10.788659812072476,0,Удалённая,0.0,15.520342492666922
real_estate_agent,Центральный,1.0,5.0,6.0,5.75,1.0,Каменская,30.0,Сибирская,0,67,55.043685,82.925218,0.457,1.5339248021918213,1,Пешеходная,0.457,24.72517920669879
real_estate_agent,Октябрьский,1.0,4.0,12.0,5.75,1.0,Кирова,41.8,Речной вокзал,0,4,54.990075,83.004512,4.767,6.972187340641546,1,Автомобильная,4.767,17.264366543461616
real_estate_agent,Октябрьский,2.0,10.0,4.64,5.8,1.0,Большевистская,23.2,Речной вокзал,0,13,54.992358,82.971499,2.863,5.317287024915728,1,Транспортная,2.863,18.30303659397003
real_estate_agent,Заельцовский,10.0,25.0,14.7,5.8,1.0,Сухарная,39.8,Площадь Гарина-Михайловского,0,16,55.047193,82.86062,2.808,4.255722372509234,1,Транспортная,2.808,27.108080804322114
real_estate_agent,Советский,7.0,9.0,8.0,5.8,1.0,Иванова,35.2,Площадь Маркса,0,48,54.868622,83.089142,17.657,20.945812831611057,0,Удалённая,0.0,2.800359177185139
real_estate_agent,Ленинский,11.0,14.0,10.6,5.8,1.0,Титова,35.2,Площадь Маркса,0,2,54.97841,82.807368,5.685,9.225566350721794,1,Автомобильная,5.685,23.677382740892092
real_estate_agent,Первомайский,17.0,17.0,10.5,5.8,1.0,Первомайская,40.7,Речной вокзал,0,15,54.977212,83.049005,7.946,10.094402257034298,0,Удалённая,0.0,15.134023564770592
real_estate_agent,Кировский,14.0,17.0,17.0,5.8,1.0,Тульская,44.8,Студенческая,0,6,54.978178,82.916648,1.358,5.785735902161735,0,Комфортная,0.0,18.77742222383056
real_estate_agent,Кировский,2.0,17.0,11.4,5.8,1.0,Ватутина,37.4,Площадь Маркса,0,6,54.972137,82.918229,1.804,6.453954271977839,0,Транспортная,0.0,18.18448375491019
real_estate_agent,Октябрьский,3.0,25.0,6.0,5.8,1.0,Бориса Богаткова,27.0,Золотая Нива,0,7,55.029043,82.969496,1.018,3.129166156449042,1,Комфортная,1.018,22.10325917751445
real_estate_agent,Калининский,11.0,12.0,10.7,5.8,1.0,Имени генерал-майора А.Н. Рожкина,27.7,Заельцовская,0,3,55.110326,82.924858,5.76,8.917941602322847,1,Автомобильная,5.76,31.563824775934787
real_estate_agent,Калининский,2.0,9.0,16.0,5.8,1.0,Василия Клевцова,32.0,Заельцовская,0,3,55.096445,82.975559,5.779,8.163203312083969,1,Автомобильная,5.779,29.115326328558645
real_estate_agent,Ленинский,16.0,17.0,8.5,5.8,1.0,1-я Чулымская,32.5,Площадь Гарина-Михайловского,0,6,55.014861,82.888503,2.391,2.653140763762157,1,Транспортная,2.391,23.13436464988543
real_estate_agent,Ленинский,5.0,6.0,25.0,5.8,1.0,Надежды,60.2,Площадь Гарина-Михайловского,0,7,55.023109,82.805787,6.133,7.349318239970302,1,Автомобильная,6.133,27.160089842560215
real_estate_agent,Октябрьский,9.0,25.0,3.1,5.8,1.0,Гурьевская,29.98,Золотая Нива,0,4,55.025219,82.966342,1.488,2.977048600898019,1,Комфортная,1.488,21.78194857128038
real_estate_agent,Октябрьский,9.0,9.0,16.0,5.8,1.0,1-я Родниковая,40.0,Речной вокзал,0,4,54.986263,83.016433,5.637,7.82951609152698,1,Автомобильная,5.637,16.621936494061227
real_estate_agent,Первомайский,7.0,11.0,11.0,5.8,1.0,Красный Факел,34.2,Золотая Нива,0,6,54.975176,83.092987,10.201,12.589000184251146,0,Удалённая,0.0,14.630756652128278
real_estate_agent,Октябрьский,15.0,27.0,8.0,5.8,1.0,Покатная,29.0,Октябрьская,0,5,55.026133,82.948367,1.003,1.835744973256543,1,Комфортная,1.003,22.329998840925057
real_estate_agent,Заельцовский,9.0,17.0,12.6,5.89,1.0,Сухарная,40.0,Площадь Гарина-Михайловского,0,11,55.045955,82.864779,2.51,3.9572015281522734,1,Транспортная,2.51,26.847533189768335
real_estate_agent,Октябрьский,8.0,10.0,8.7,5.895,1.0,Бориса Богаткова,37.5,Золотая Нива,0,24,55.027825,82.972182,1.098,3.3081599997877387,1,Комфортная,1.098,21.915446348809414
real_estate_agent,Кировский,12.0,19.0,11.0,5.85,1.0,Герцена,45.0,Спортивная,0,6,54.961455,82.969271,4.853,8.250799399428653,0,Автомобильная,0.0,15.343741659116969
real_estate_agent,Ленинский,23.0,25.0,16.0,5.85,1.0,Пархоменко,43.0,Площадь Маркса,0,2,54.985896,82.844163,3.344,6.919952011253901,1,Автомобильная,3.344,22.484195310748063
real_estate_agent,Кировский,8.0,22.0,6.6,5.85,1.0,Тульская,41.6,Студенческая,0,2,54.979315,82.919576,1.351,5.654527988541639,0,Комфортная,0.0,18.766383198559346
real_estate_agent,Калининский,11.0,16.0,6.3,5.98,1.0,Танковая,33.0,Заельцовская,0,11,55.059884,82.930823,1.165,3.370204234113812,1,Комфортная,1.165,26.212411955619984
real_estate_agent,Центральный,9.0,9.0,10.6,5.99,1.0,Крылова,35.5,Маршала Покрышкина,0,39,55.040368,82.938674,0.55,1.62412749607549,1,Комфортная,0.55,24.02635749748787
real_estate_agent,Ленинский,2.0,22.0,12.0,5.999,1.0,Костычева,38.5,Площадь Маркса,0,8,54.976054,82.876053,1.461,6.649382734086336,1,Комфортная,1.461,20.277764105355523
real_estate_agent,Калининский,5.0,10.0,11.5,5.9,1.0,Родники,47.0,Заельцовская,0,22,55.109358,82.94861,6.05,8.986701400152741,1,Автомобильная,6.05,30.975168908823637
real_estate_agent,Калининский,1.0,17.0,10.0,5.99,1.0,Богдана Хмельницкого,38.4,Заельцовская,0,14,55.081874,82.967573,4.327,6.486355011205844,1,Автомобильная,4.327,27.69871121998389
real_estate_agent,Дзержинский,3.0,10.0,11.5,5.95,1.0,Авиастроителей,37.3,Березовая Роща,0,10,55.075886,82.979386,4.024,6.320198669075833,1,Автомобильная,4.024,26.847234074804152
real_estate_agent,Ленинский,6.0,10.0,9.5,5.95,1.0,Серафимовича,35.8,Площадь Маркса,0,13,54.976586,82.880769,1.172,6.472536168714459,1,Комфортная,1.172,20.115137997278904
real_estate_agent,Калининский,5.0,10.0,11.2,5.99,1.0,Михаила Немыткина,43.2,Заельцовская,0,16,55.108869,82.942645,5.866,8.864982462400379,1,Автомобильная,5.866,31.039732580200962
realtor,Ленинский,8.0,12.0,10.2,5.9,1.0,Горская,40.4,Спортивная,0,19,54.993913,82.911698,0.537,4.069357077007883,1,Комфортная,0.537,20.377500246472856
real_estate_agent,Ленинский,4.0,11.0,9.8,5.95,1.0,Троллейная,38.0,Площадь Маркса,0,12,54.989187,82.856937,2.619,6.095555387634372,1,Транспортная,2.619,22.17693947541275
real_estate_agent,Заельцовский,2.0,27.0,11.1,5.9,1.0,Светлановская,37.1,Заельцовская,0,4,55.07704,82.923439,2.121,5.215770504742127,1,Транспортная,2.121,28.15120516934958
real_estate_agent,Ленинский,3.0,19.0,9.0,5.9,1.0,Стартовая,32.0,Спортивная,0,15,54.998638,82.90753,0.908,3.6009143200994247,1,Комфортная,0.908,20.960577173835258
real_estate_agent,Дзержинский,12.0,16.0,10.0,5.999999,1.0,Адриена Лежена,36.1,Золотая Нива,0,20,55.04369,82.983815,0.865,4.309448495878707,1,Комфортная,0.865,23.337337452324185
real_estate_agent,Кировский,15.0,17.0,5.0,5.92,1.0,Зорге,47.61,Площадь Маркса,0,6,54.933093,82.931946,5.928,10.81887074414834,0,Автомобильная,0.0,14.372820188643685
real_estate_agent,Калининский,8.0,13.0,15.5,5.9,1.0,Имени генерал-майора А.Н. Рожкина,38.6,Заельцовская,0,3,55.108189,82.922316,5.504,8.67669862230321,1,Автомобильная,5.504,31.39702275670544
real_estate_agent,Калининский,4.0,13.0,15.4,5.9,1.0,Имени генерал-майора А.Н. Рожкина,36.9,Заельцовская,0,2,55.110373,82.923601,5.755,8.920998759148398,1,Автомобильная,5.755,31.596266216909545
real_estate_agent,Первомайский,16.0,16.0,13.0,5.9,1.0,Заречная,37.0,Золотая Нива,0,9,54.980157,83.055797,8.174,10.268052595839436,0,Удалённая,0.0,15.3805543635772
realtor,Октябрьский,2.0,8.0,5.7,5.99,1.0,Родниковая,44.4,Речной вокзал,0,2,54.988804,83.00338,4.769,7.008823265891001,1,Автомобильная,4.769,17.15544721339542
real_estate_agent,Центральный,9.0,25.0,6.0,6.0,1.0,Державина,27.7,Березовая Роща,0,13,55.040353,82.94384,0.609,1.872840736366093,1,Комфортная,0.609,23.890389494403063
real_estate_agent,Ленинский,6.0,15.0,12.9,6.0,1.0,Стартовая,44.2,Спортивная,0,13,54.998638,82.90753,0.908,3.6009143200994247,1,Комфортная,0.908,20.960577173835258
real_estate_agent,Заельцовский,12.0,24.0,5.0,6.0,1.0,Галущака,25.8,Гагаринская,0,12,55.053701,82.907359,0.567,2.7465047847404573,1,Комфортная,0.567,26.229823245136785
real_estate_agent,Октябрьский,24.0,25.0,10.1,6.0,1.0,Гурьевская,38.0,Золотая Нива,0,4,55.024956,82.965498,1.536,2.929849377155421,1,Транспортная,1.536,21.775132584036356
real_estate_agent,Октябрьский,4.0,4.0,16.0,6.0,1.0,Кирова,42.0,Речной вокзал,0,4,54.989812,83.003829,4.742,6.957595090626981,1,Автомобильная,4.742,17.251335385901683
real_estate_agent,Калининский,8.0,12.0,16.0,6.0,1.0,Красный проспект,32.9,Заельцовская,0,3,55.108498,82.925873,5.568,8.717108200911376,1,Автомобильная,5.568,31.350751984184164
real_estate_agent,Железнодорожный,4.0,5.0,11.0,6.0,1.0,Советская,40.0,Площадь Ленина,0,67,55.022577,82.918049,0.861,0.8573539051640034,1,Комфортная,0.861,22.859531929938854
real_estate_agent,Советский,1.0,9.0,10.4,6.0,1.0,Вяземская,37.9,Спортивная,0,21,54.866389,83.101081,18.369,21.55748559859572,0,Удалённая,0.0,2.5731179710692436
real_estate_agent,Ленинский,1.0,19.0,5.0,6.0,1.0,Стартовая,40.3,Спортивная,0,6,54.998638,82.90753,0.908,3.6009143200994247,1,Комфортная,0.908,20.960577173835258
real_estate_agent,Октябрьский,1.0,29.0,13.7,6.0,1.0,Закаменский мкр,43.2,Березовая Роща,0,15,55.035901,82.956174,0.867,2.365075440335666,1,Комфортная,0.867,23.126674279764675
real_estate_agent,Калининский,2.0,13.0,8.8,6.0,1.0,Имени генерал-майора А.Н. Рожкина,41.4,Заельцовская,0,2,55.110393,82.922226,5.747,8.92167448184272,1,Автомобильная,5.747,31.628674191546896
real_estate_agent,Кировский,9.0,17.0,9.0,6.0,1.0,Сибиряков-Гвардейцев,39.0,Площадь Маркса,0,4,54.94307,82.901646,4.376,9.75843717458473,0,Автомобильная,0.0,16.546909948906276
real_estate_agent,Центральный,1.0,9.0,7.5,6.0,1.0,Ядринцевская,35.6,Площадь Ленина,0,18,55.033403,82.928937,0.65,0.6504864776871736,1,Комфортная,0.65,23.595106718756824
real_estate_agent,Октябрьский,17.0,17.0,8.3,6.05,1.0,Закаменский мкр,35.48,Березовая Роща,0,3,55.037036,82.955302,0.729,2.3495398842606523,1,Комфортная,0.729,23.264534725560093
real_estate_agent,Дзержинский,13.0,20.0,11.6,6.05,1.0,Королева,36.3,Золотая Нива,0,5,55.046264,82.969747,1.043,3.616174097037365,1,Комфортная,1.043,23.893722534330248
real_estate_agent,Дзержинский,18.0,21.0,11.5,6.08,1.0,Королева,33.75,Золотая Нива,0,1,55.046264,82.969747,1.043,3.616174097037365,1,Комфортная,1.043,23.893722534330248
real_estate_agent,Калининский,11.0,14.0,8.4,6.05,1.0,Имени генерал-майора А.Н. Рожкина,38.5,Заельцовская,0,3,55.108972,82.922145,5.59,8.763614093717578,1,Автомобильная,5.59,31.482387963764197
real_estate_agent,Калининский,17.0,17.0,9.8,6.05,1.0,Фадеева,49.0,Заельцовская,0,12,55.098455,82.941333,4.753,7.709208032879133,1,Автомобильная,4.753,29.969035018926004
real_estate_agent,Первомайский,14.0,18.0,14.0,6.1,1.0,Заречная,40.9,Золотая Нива,0,5,54.982347,83.067646,8.489,10.788659812072476,0,Удалённая,0.0,15.520342492666922
real_estate_agent,Ленинский,9.0,15.0,7.5,6.1,1.0,Стартовая,37.5,Спортивная,0,13,54.998638,82.90753,0.908,3.6009143200994247,1,Комфортная,0.908,20.960577173835258
real_estate_agent,Ленинский,4.0,15.0,11.8,6.1,1.0,Стартовая,38.5,Спортивная,0,13,54.998638,82.90753,0.908,3.6009143200994247,1,Комфортная,0.908,20.960577173835258
real_estate_agent,Заельцовский,2.0,5.0,8.0,6.1,1.0,Ельцовская,39.1,Площадь Гарина-Михайловского,0,27,55.045552,82.88368,1.518,2.900435311620646,1,Транспортная,1.518,26.17012250370245
real_estate_agent,Ленинский,3.0,14.0,11.2,6.1,1.0,Троллейная,37.2,Площадь Маркса,0,12,54.984388,82.859335,2.364,6.41018872119393,1,Транспортная,2.364,21.684753797238482
real_estate_agent,Октябрьский,9.0,17.0,5.0,6.1,1.0,Большевистская,24.3,Речной вокзал,0,1,55.003678,82.946319,0.832,3.37596176492265,1,Комфортная,0.832,20.149667926859088
real_estate_agent,Дзержинский,13.0,18.0,12.0,6.1,1.0,Дениса Давыдова,44.2,Березовая Роща,0,13,55.07037,82.962363,3.083,5.20757514358746,1,Автомобильная,3.083,26.581478208107075
realtor,Октябрьский,6.0,17.0,12.5,6.1,1.0,Выборная,45.2,Золотая Нива,0,12,55.003379,83.011761,4.439,6.539788751718621,1,Автомобильная,4.439,18.529321327852493
realtor,Октябрьский,15.0,22.0,11.1,6.149999,1.0,Михаила Кулагина,36.6,Золотая Нива,0,11,55.035627,82.963477,0.8,2.8092889479060044,1,Комфортная,0.8,22.92465698155677
real_estate_agent,Советский,13.0,26.0,18.8,6.15,1.0,Приморская,48.3,Площадь Маркса,0,1,54.856414,82.984902,15.102,19.75408681465907,0,Удалённая,0.0,7.134263140173529
real_estate_agent,Ленинский,16.0,24.0,14.4,6.19,1.0,площадь Райсовета,37.6,Площадь Маркса,0,5,54.994532,82.875083,1.914,4.90518567430771,1,Транспортная,1.914,21.853475708842797
real_estate_agent,Ленинский,3.0,15.0,11.3,6.15,1.0,1-я Шоссейная,36.2,Площадь Гарина-Михайловского,0,5,55.011753,82.871849,3.169,3.712704681014261,1,Автомобильная,3.169,23.47887572306036
real_estate_agent,Кировский,14.0,17.0,13.5,6.18,1.0,Пригородная,43.0,Студенческая,0,7,54.975031,82.927221,2.027,6.145872896361915,0,Транспортная,0.0,18.093511483918856
real_estate_agent,Калининский,2.0,15.0,10.2,6.15,1.0,Объединения,41.6,Заельцовская,0,1,55.09303,82.953919,4.608,7.308231146440625,1,Автомобильная,4.608,29.142904853852343
real_estate_agent,Центральный,4.0,19.0,11.0,6.199,1.0,Николая Островского,34.0,Маршала Покрышкина,0,11,55.051355,82.938917,0.809,2.634060820898193,1,Комфортная,0.809,25.137305576808494
real_estate_agent,Октябрьский,3.0,10.0,7.7,6.2,1.0,2-я Обская,37.0,Речной вокзал,0,16,54.996603,82.959686,1.99,4.493292104323449,1,Транспортная,1.99,19.05865463706605
real_estate_agent,Ленинский,4.0,5.0,8.2,6.2,1.0,Геодезическая,36.1,Студенческая,0,67,54.987208,82.909299,0.255,4.829101952469492,1,Пешеходная,0.255,19.861943759547085
real_estate_agent,Дзержинский,2.0,12.0,14.4,6.2,1.0,Есенина,43.1,Золотая Нива,0,22,55.05121,82.991666,1.836,5.1061448311865725,1,Транспортная,1.836,23.99413876630347
real_estate_agent,Калининский,13.0,26.0,14.0,6.2,1.0,Танковая,42.0,Заельцовская,0,11,55.060307,82.933087,1.313,3.447178244727683,1,Комфортная,1.313,26.198479979757735
real_estate_agent,Ленинский,1.0,22.0,12.0,6.2,1.0,Костычева,38.6,Площадь Маркса,0,8,54.976054,82.876053,1.461,6.649382734086336,1,Комфортная,1.461,20.277764105355523
real_estate_agent,Ленинский,6.0,17.0,8.1,6.2,1.0,69/1,40.0,Площадь Маркса,0,19,55.001979,82.842312,4.075,5.884707434078323,1,Автомобильная,4.075,23.85413672813159
real_estate_agent,Октябрьский,2.0,17.0,5.6,6.25,1.0,Большевистская,31.08,Речной вокзал,0,2,54.991981,82.978003,3.212,5.6125081723724985,1,Автомобильная,3.212,18.090761930006284
real_estate_agent,Октябрьский,17.0,18.0,6.0,6.237,1.0,Большевистская,23.1,Речной вокзал,0,1,55.003678,82.946319,0.832,3.37596176492265,1,Комфортная,0.832,20.149667926859088
real_estate_agent,Октябрьский,6.0,12.0,10.2,6.25,1.0,Стофато,36.6,Золотая Нива,0,12,55.030535,82.977482,0.784,3.635804620745631,1,Комфортная,0.784,22.08077338606531
real_estate_agent,Кировский,8.0,22.0,4.0,6.3,1.0,Обогатительная,39.8,Спортивная,0,4,54.965491,82.954718,3.931,7.51649335109389,0,Автомобильная,0.0,16.22045060501217
real_estate_agent,Ленинский,8.0,16.0,10.4,6.3,1.0,69/1,40.3,Площадь Маркса,0,17,55.001979,82.842312,4.075,5.884707434078323,1,Автомобильная,4.075,23.85413672813159
real_estate_agent,Ленинский,13.0,17.0,4.960000000000001,6.3,1.0,Ясный Берег,24.8,Площадь Ленина,0,5,55.01389,82.899238,2.26,2.258507302549424,1,Транспортная,2.26,22.661718958846663
real_estate_agent,Центральный,9.0,14.0,8.0,6.3,1.0,Фрунзе,32.0,Маршала Покрышкина,0,18,55.038537,82.937138,0.7,1.4140009473949715,1,Комфортная,0.7,23.882212172647513
real_estate_agent,Первомайский,4.0,10.0,11.0,6.3,1.0,Заречная,42.0,Речной вокзал,0,14,54.979454,83.050667,7.933,10.038364903797111,0,Удалённая,0.0,15.359260264587455
real_estate_agent,Ленинский,3.0,9.0,13.8,6.3,1.0,Плахотного,43.8,Площадь Маркса,0,20,54.986108,82.850693,2.934,6.616429678165204,1,Транспортная,2.934,22.20640219241894
real_estate_agent,Ленинский,15.0,17.0,10.0,6.3,1.0,Стартовая,39.0,Спортивная,0,7,54.998638,82.90753,0.908,3.6009143200994247,1,Комфортная,0.908,20.960577173835258
real_estate_agent,Октябрьский,5.0,19.0,9.9,6.35,1.0,Михаила Кулагина,35.0,Золотая Нива,0,11,55.035627,82.963477,0.8,2.8092889479060044,1,Комфортная,0.8,22.92465698155677
real_estate_agent,Октябрьский,18.0,25.0,11.0,6.37,1.0,Пролетарская,38.0,Золотая Нива,0,1,55.021142,82.968993,1.867,3.253490696934803,1,Транспортная,1.867,21.298334067615226
real_estate_agent,Заельцовский,14.0,14.0,12.7,6.4,1.0,Аэропорт,49.75,Заельцовская,0,4,55.081576,82.904889,2.558,5.801764458023236,1,Транспортная,2.558,29.08816018095662
real_estate_agent,Советский,8.0,16.0,14.3,6.45,1.0,Балтийская,49.1,Площадь Маркса,0,15,54.856139,83.051143,17.171,21.07474477530155,0,Удалённая,0.0,3.083250608009857
real_estate_agent,Центральный,11.0,21.0,5.0,6.4,1.0,Писарева,26.2,Гагаринская,0,3,55.048993,82.925604,0.72,2.1193151750334414,1,Комфортная,0.72,25.246769320169264
real_estate_agent,Кировский,1.0,10.0,5.0,6.49,1.0,Немировича-Данченко,31.8,Спортивная,0,11,54.991062,82.917052,0.446,4.353405676717321,0,Пешеходная,0.0,19.92221942210509
real_estate_agent,Ленинский,7.0,10.0,13.1,6.45,1.0,Широкая,44.8,Площадь Маркса,0,18,54.99243,82.862336,2.436,5.597255013525913,1,Транспортная,2.436,22.20952456886907
real_estate_agent,Заельцовский,11.0,21.0,14.0,6.45,1.0,Дуси Ковальчук,41.0,Гагаринская,0,8,55.053046,82.897792,1.109,2.92482858498757,1,Комфортная,1.109,26.44906834190392
real_estate_agent,Кировский,8.0,18.0,12.0,6.4,1.0,Костычева,48.0,Площадь Маркса,0,15,54.969626,82.876762,1.877,7.285172831398274,0,Транспортная,0.0,19.73357223978679
real_estate_agent,Октябрьский,22.0,22.0,14.0,6.49,1.0,Сакко и Ванцетти,37.0,Октябрьская,0,4,55.020905,82.946813,0.539,1.97147613027622,1,Комфортная,0.539,21.845788944390932
real_estate_agent,Ленинский,26.0,26.0,5.1,6.4,1.0,Ясный Берег,43.1,Площадь Гарина-Михайловского,0,6,55.014081,82.894217,2.395,2.4478172448039226,1,Транспортная,2.395,22.857130096857297
real_estate_agent,Калининский,5.0,9.0,19.6,6.4,1.0,Василия Клевцова,44.0,Заельцовская,0,3,55.096445,82.975559,5.779,8.163203312083969,1,Автомобильная,5.779,29.115326328558645
real_estate_agent,Заельцовский,2.0,24.0,11.4,6.49,1.0,Дуси Ковальчук,42.8,Гагаринская,0,5,55.053655,82.901143,0.922,2.8867472710700275,1,Комфортная,0.922,26.4081428300085
real_estate_agent,Октябрьский,2.0,17.0,11.0,6.45,1.0,Кирова,36.6,Речной вокзал,0,10,55.008098,82.966783,1.859,3.840595286383144,1,Транспортная,1.859,20.01882012012092
real_estate_agent,Октябрьский,2.0,8.0,8.1,6.4,1.0,Ключ-Камышенское плато,34.1,Золотая Нива,0,31,54.988334,83.040507,6.857,8.958409859150157,1,Автомобильная,6.857,16.454150107588465
realtor,Заельцовский,4.0,12.0,8.7,6.4,1.0,Линейная,35.8,Гагаринская,0,36,55.049411,82.900819,0.906,2.478329017542318,1,Комфортная,0.906,26.001812859477255
real_estate_agent,Октябрьский,6.0,25.0,16.0,6.5,1.0,Закаменский мкр,43.0,Березовая Роща,0,3,55.035323,82.958689,0.987,2.5043003851807306,1,Комфортная,0.987,23.006411525230025
real_estate_agent,Советский,2.0,4.0,6.0,6.5,1.0,Терешковой,32.0,Площадь Маркса,0,21,54.839862,83.112418,21.021,24.45784297132891,0,Удалённая,0.0,1.244374025999657
real_estate_agent,Советский,12.0,16.0,13.4,6.5,1.0,Балтийская,48.8,Площадь Маркса,0,17,54.854781,83.049607,17.239,21.1751195971838,0,Удалённая,0.0,3.1078795712357308
real_estate_agent,Советский,6.0,9.0,9.0,6.5,1.0,Демакова,33.9,Спортивная,0,40,54.864627,83.110693,18.911,22.055504660893074,0,Удалённая,0.0,2.568035008091404
real_estate_agent,Заельцовский,7.0,7.0,16.0,6.5,1.0,Кедровая,36.7,Заельцовская,0,3,55.105908,82.908195,5.223,8.458222761912964,1,Автомобильная,5.223,31.48795368214513
real_estate_agent,Заельцовский,7.0,16.0,11.0,6.5,1.0,Дмитрия Донского,40.0,Заельцовская,0,15,55.06406,82.897334,1.123,4.046092083593365,1,Комфортная,1.123,27.546121884674854
real_estate_agent,Советский,1.0,4.0,5.8,6.5,1.0,проспект Морской,30.7,Площадь Маркса,0,63,54.839437,83.110953,20.995,24.452057754859517,0,Удалённая,0.0,1.1742018520615072
real_estate_agent,Октябрьский,4.0,12.0,13.3,6.5,1.0,Грибоедова,43.5,Речной вокзал,0,19,55.007003,82.958249,1.335,3.5275962595262182,1,Комфортная,1.335,20.136661844097937
real_estate_agent,Ленинский,2.0,17.0,8.6,6.5,1.0,Рельефная,31.6,Площадь Маркса,0,3,54.974876,82.805912,5.82,9.546767029484824,1,Автомобильная,5.82,23.504077869253734
real_estate_agent,Заельцовский,18.0,25.0,5.0,6.5,1.0,Кавалерийская,35.0,Заельцовская,0,6,55.057053,82.917438,0.377,2.995903924133039,1,Пешеходная,0.377,26.279463199519284
real_estate_agent,Заельцовский,2.0,19.0,9.6,6.5,1.0,Ельцовская,37.9,Площадь Гарина-Михайловского,0,9,55.045986,82.88615,1.456,2.8049073504761903,1,Комфортная,1.456,26.130978810102352
real_estate_agent,Советский,9.0,16.0,7.9,6.5,1.0,Балтийская,54.7,Площадь Маркса,0,15,54.856139,83.051143,17.171,21.07474477530155,0,Удалённая,0.0,3.083250608009857
real_estate_agent,Кировский,17.0,25.0,4.8,6.5,1.0,Немировича-Данченко,31.1,Площадь Маркса,0,5,54.979351,82.911716,1.043,5.677557333442908,0,Комфортная,0.0,19.072477519414875
real_estate_agent,Ленинский,8.0,15.0,13.2,6.5,1.0,площадь Карла Маркса,31.44,Площадь Маркса,0,6,54.98368,82.8926,0.276,5.465185582425427,1,Пешеходная,0.276,20.211072104610814
real_estate_agent,Октябрьский,7.0,25.0,5.3,6.5,1.0,Кирова,25.26,Речной вокзал,0,2,55.010684,82.960584,1.467,3.352957178829717,1,Комфортная,1.467,20.443872710302532
real_estate_agent,Октябрьский,3.0,18.0,16.0,6.5,1.0,Выборная,44.9,Золотая Нива,0,12,55.003379,83.011761,4.439,6.539788751718621,1,Автомобильная,4.439,18.529321327852493
realtor,Октябрьский,11.0,18.0,13.0,6.5,1.0,Адриена Лежена,42.0,Золотая Нива,0,6,55.036644,82.989699,0.903,4.472239696953295,1,Комфортная,0.903,22.47747544874722
real_estate_agent,Октябрьский,20.0,22.0,12.7,6.5,1.0,Сакко и Ванцетти,43.1,Октябрьская,0,10,55.020905,82.946813,0.539,1.97147613027622,1,Комфортная,0.539,21.845788944390932
real_estate_agent,Кировский,3.0,19.0,10.5,6.5,1.0,Герцена,45.0,Спортивная,0,7,54.961455,82.969271,4.853,8.250799399428653,0,Автомобильная,0.0,15.343741659116969
real_estate_agent,Ленинский,8.0,10.0,20.6,6.5,1.0,Троллейная,47.4,Площадь Маркса,0,14,54.991222,82.856649,2.711,5.940797830244818,1,Транспортная,2.711,22.354884132889282
real_estate_agent,Кировский,3.0,26.0,19.0,6.5,1.0,Аникина,46.8,Студенческая,0,10,54.964509,82.945106,3.659,7.468262992841505,0,Автомобильная,0.0,16.476835114549594
realtor,Железнодорожный,12.0,30.0,12.5,6.5,1.0,Фабричная,34.7,Площадь Гарина-Михайловского,0,3,55.026551,82.896975,0.998,1.5483157659429878,1,Комфортная,0.998,23.92535384173182
real_estate_agent,Ленинский,6.0,25.0,11.0,6.55,1.0,Костычева,41.0,Площадь Маркса,0,8,54.976054,82.876053,1.461,6.649382734086336,1,Комфортная,1.461,20.277764105355523
real_estate_agent,Ленинский,5.0,9.0,7.7,6.55,1.0,Титова,36.7,Площадь Маркса,0,49,54.981836,82.889824,0.41,5.717511382010125,1,Пешеходная,0.41,20.16808033822483
real_estate_agent,Центральный,7.0,26.0,9.7,6.6,1.0,Писарева,37.2,Маршала Покрышкина,0,18,55.051143,82.935926,0.736,2.5328398497278126,1,Комфортная,0.736,25.19163587127044
real_estate_agent,Октябрьский,2.0,19.0,9.0,6.63,1.0,Михаила Кулагина,36.6,Золотая Нива,0,10,55.035617,82.961563,0.919,2.690079763948086,1,Комфортная,0.919,22.968401258334335
real_estate_agent,Ленинский,3.0,9.0,9.5,6.6,1.0,Тихвинская,42.4,Площадь Маркса,0,17,54.97654,82.867636,1.932,6.847890698845304,1,Транспортная,1.932,20.6897933563241
real_estate_agent,Заельцовский,9.0,17.0,10.5,6.6,1.0,Овражная,38.4,Заельцовская,0,18,55.06123,82.92396,0.765,3.461558085540291,1,Комфортная,0.765,26.52617946275091
real_estate_agent,Заельцовский,21.0,25.0,14.2,6.649,1.0,Сухарная,40.0,Площадь Гарина-Михайловского,0,3,55.047451,82.862371,2.724,4.169237984472341,1,Транспортная,2.724,27.070720120556004
real_estate_agent,Заельцовский,2.0,25.0,15.0,6.6,1.0,Сухарная,45.0,Площадь Гарина-Михайловского,0,16,55.047193,82.86062,2.808,4.255722372509234,1,Транспортная,2.808,27.108080804322114
real_estate_agent,Дзержинский,11.0,20.0,12.9,6.7,1.0,Королева,40.15,Золотая Нива,0,5,55.046264,82.969747,1.043,3.616174097037365,1,Комфортная,1.043,23.893722534330248
real_estate_agent,Заельцовский,26.0,26.0,14.5,6.7,1.0,Дуси Ковальчук,41.74,Заельцовская,0,10,55.063318,82.924337,0.888,3.694812236971359,1,Комфортная,0.888,26.728270837137398
real_estate_agent,Октябрьский,6.0,13.0,5.6000000000000005,6.7,1.0,Обская,28.0,Речной вокзал,0,6,55.001473,82.945268,0.995,3.561598570442198,1,Комфортная,0.995,19.96543486766168
real_estate_agent,Дзержинский,9.0,18.0,10.0,6.7,1.0,проспект Дзержинского,36.7,Золотая Нива,0,20,55.058621,82.981749,2.381,5.026913400066581,1,Транспортная,2.381,24.96242542760317
real_estate_agent,Заельцовский,15.0,25.0,11.7,6.7,1.0,Кавалерийская,38.1,Заельцовская,0,8,55.057053,82.917438,0.377,2.995903924133039,1,Пешеходная,0.377,26.279463199519284
real_estate_agent,Центральный,5.0,26.0,9.7,6.7,1.0,Писарева,36.9,Маршала Покрышкина,0,6,55.051143,82.935926,0.736,2.5328398497278126,1,Комфортная,0.736,25.19163587127044
real_estate_agent,Калининский,12.0,19.0,18.0,6.699999,1.0,Красный проспект,40.0,Заельцовская,0,6,55.107731,82.926134,5.487,8.632572157209674,1,Автомобильная,5.487,31.264956338788316
real_estate_agent,Ленинский,8.0,16.0,10.0,6.7,1.0,Блюхера,37.0,Студенческая,0,6,54.992399,82.902921,0.452,4.34534625921226,1,Пешеходная,0.452,20.56795203571465
real_estate_agent,Первомайский,11.0,17.0,14.2,6.7,1.0,Героев Революции,51.4,Золотая Нива,0,14,54.975672,83.083761,9.738,12.050178449728568,0,Удалённая,0.0,14.700599675970496
real_estate_agent,Октябрьский,4.0,10.0,5.8,6.73,1.0,Большевистская,37.0,Речной вокзал,0,4,54.994321,82.967313,2.518,4.981844058583097,1,Транспортная,2.518,18.61532843453612
real_estate_agent,Дзержинский,11.0,19.0,7.0,6.65,1.0,проспект Дзержинского,43.0,Золотая Нива,0,12,55.058621,82.981749,2.381,5.026913400066581,1,Транспортная,2.381,24.96242542760317
real_estate_agent,Центральный,2.0,25.0,9.2,6.67,1.0,Державина,38.0,Березовая Роща,0,13,55.040353,82.94384,0.609,1.872840736366093,1,Комфортная,0.609,23.890389494403063
real_estate_agent,Заельцовский,7.0,9.0,15.0,6.7,1.0,Ельцовская,44.3,Площадь Гарина-Михайловского,0,24,55.045099,82.882628,1.527,2.925959343728777,1,Транспортная,1.527,26.161574662341177
real_estate_agent,Калининский,9.0,15.0,9.6,6.7816,1.0,Объединения,39.2,Заельцовская,0,2,55.09303,82.953919,4.608,7.308231146440625,1,Автомобильная,4.608,29.142904853852343
real_estate_agent,Октябрьский,16.0,17.0,10.0,6.75,1.0,Кирова,37.2,Речной вокзал,0,10,55.008098,82.966783,1.859,3.840595286383144,1,Транспортная,1.859,20.01882012012092
real_estate_agent,Первомайский,2.0,9.0,12.5,6.75,1.0,Заречная,38.5,Речной вокзал,0,8,54.979382,83.055536,8.22,10.301120449471638,0,Удалённая,0.0,15.298166259532433
real_estate_agent,Октябрьский,4.0,10.0,8.8,6.798,1.0,Лескова,39.1,Октябрьская,0,21,55.025059,82.945259,0.796,1.680882223938796,1,Комфортная,0.796,22.305469056665746
real_estate_agent,Ленинский,18.0,26.0,14.0,6.75,1.0,Ясный Берег,39.0,Площадь Гарина-Михайловского,0,8,55.013415,82.892833,2.482,2.562207350793176,1,Транспортная,2.482,22.84546564482063
real_estate_agent,Советский,2.0,4.0,6.0,6.75,1.0,проезд Цветной,31.9,Площадь Маркса,0,65,54.83867,83.094029,20.371,24.007972789446608,0,Удалённая,0.0,0.5482098391347043
real_estate_agent,Первомайский,13.0,16.0,13.0,6.75,1.0,Заречная,45.0,Речной вокзал,0,14,54.979779,83.053165,8.064,10.150531373898424,0,Удалённая,0.0,15.366811571928404
realtor,Калининский,9.0,13.0,11.0,6.75,1.0,Богдана Хмельницкого,36.0,Заельцовская,0,2,55.071639,82.941738,2.328,4.807173376500509,1,Транспортная,2.328,27.158682322768882
real_estate_agent,Кировский,7.0,25.0,13.0,6.8,1.0,Сержанта Коротаева,41.1,Спортивная,0,9,54.961238,82.955221,4.347,7.9790343462867,0,Автомобильная,0.0,15.809603930929756
real_estate_agent,Октябрьский,2.0,8.0,14.0,6.8,1.0,Большевистская,43.06,Речной вокзал,0,2,54.994321,82.967313,2.518,4.981844058583097,1,Транспортная,2.518,18.61532843453612
realtor,Заельцовский,9.0,10.0,12.0,6.8,1.0,Красный проспект,40.2,Заельцовская,0,29,55.073958,82.910027,1.671,4.914488098426664,1,Транспортная,1.671,28.181877654713798
real_estate_agent,Заельцовский,10.0,19.0,14.6,6.8,1.0,Галущака,43.0,Гагаринская,0,19,55.050803,82.90028,0.925,2.6297405755973067,1,Комфортная,0.925,26.154318260759695
real_estate_agent,Октябрьский,12.0,18.0,18.0,6.8,1.0,Рябиновая,47.05,Золотая Нива,0,2,55.002341,83.027733,5.131,7.507633962267478,1,Автомобильная,5.131,18.153513452031703
real_estate_agent,Дзержинский,11.0,26.0,8.0,6.8,1.0,Бориса Богаткова,33.0,Золотая Нива,0,9,55.038877,82.9835,0.526,4.133794569990115,1,Комфортная,0.526,22.834033058271487
real_estate_agent,Ленинский,1.0,9.0,9.8,6.8,1.0,Пархоменко,44.3,Площадь Маркса,0,18,54.988453,82.865686,2.064,5.805185465034954,1,Транспортная,2.064,21.738133339730727
real_estate_agent,Железнодорожный,2.0,9.0,7.0,6.89,1.0,1905 года,33.0,Гагаринская,0,54,55.046837,82.910306,0.535,1.962994331056624,1,Комфортная,0.535,25.465557674246053
real_estate_agent,Заельцовский,7.0,23.0,16.0,6.84,1.0,Ляпидевского,35.5,Заельцовская,0,3,55.080926,82.923116,2.528,5.64694599228574,1,Транспортная,2.528,28.55779722556281
realtor,Кировский,3.0,13.0,13.5,6.87,1.0,Тульская,45.6,Студенческая,0,6,54.978178,82.916648,1.358,5.785735902161735,0,Комфортная,0.0,18.77742222383056
real_estate_agent,Октябрьский,4.0,17.0,10.0,6.9,1.0,Кирова,37.8,Речной вокзал,0,10,55.008098,82.966783,1.859,3.840595286383144,1,Транспортная,1.859,20.01882012012092
real_estate_agent,Центральный,1.0,10.0,13.7,6.9,1.0,Писарева,39.4,Маршала Покрышкина,0,29,55.050215,82.936698,0.644,2.458465465999433,1,Комфортная,0.644,25.077383881521975
real_estate_agent,Кировский,15.0,17.0,9.0,6.9,1.0,Александра Чистякова,31.4,Площадь Маркса,0,5,54.938653,82.968876,6.714,10.63467605167456,0,Автомобильная,0.0,13.2606605461027
real_estate_agent,Калининский,14.0,14.0,10.0,6.9,1.0,Менделеева,41.0,Березовая Роща,0,18,55.076046,82.965453,3.742,5.852286799243566,1,Автомобильная,3.742,27.120348316238037
real_estate_agent,Заельцовский,2.0,24.0,3.0,6.9,1.0,Красный проспект,28.7,Заельцовская,0,3,55.068144,82.911878,1.018,4.258113020479213,1,Комфортная,1.018,27.54583690589678
real_estate_agent,Советский,3.0,12.0,9.0,6.9,1.0,Иванова,36.2,Спортивная,0,48,54.872098,83.097739,17.742,20.90718090251625,0,Удалённая,0.0,3.1773811547356825
real_estate_agent,Октябрьский,10.0,23.0,6.0,6.99,1.0,Владимира Заровного,28.2,Речной вокзал,0,5,54.993913,82.964986,2.44,4.93129455811684,1,Транспортная,2.44,18.639865265176688
real_estate_agent,Заельцовский,12.0,25.0,4.0,6.98,1.0,Кавалерийская,39.4,Заельцовская,0,6,55.057053,82.917438,0.377,2.995903924133039,1,Пешеходная,0.377,26.279463199519284
real_estate_agent,Железнодорожный,4.0,9.0,5.7,6.99,1.0,Вокзальная магистраль,29.5,Площадь Гарина-Михайловского,0,58,55.034131,82.905545,0.404,1.0464329484029742,1,Пешеходная,0.404,24.370268718821443
real_estate_agent,Железнодорожный,2.0,15.0,9.0,6.99,1.0,Комсомольский проспект,33.3,Площадь Гарина-Михайловского,0,3,55.029817,82.901601,0.634,1.2009988685246236,1,Комфортная,0.634,24.08241172672424
real_estate_agent,Калининский,17.0,18.0,10.0,6.99,1.0,Богдана Хмельницкого,27.1,Заельцовская,0,13,55.081874,82.967573,4.327,6.486355011205844,1,Автомобильная,4.327,27.69871121998389
real_estate_agent,Железнодорожный,8.0,25.0,9.0,6.963,1.0,Железнодорожная,33.6,Гагаринская,0,8,55.047028,82.904925,0.762,2.1195997825832107,1,Комфортная,0.762,25.644497668716866
real_estate_agent,Октябрьский,3.0,27.0,13.7,6.99,1.0,Закаменский мкр,42.7,Березовая Роща,0,3,55.035612,82.957431,0.925,2.434120723223096,1,Комфортная,0.925,23.066471352043077
real_estate_agent,Ленинский,16.0,25.0,12.0,6.95,1.0,Костычева,38.6,Площадь Маркса,0,8,54.976054,82.876053,1.461,6.649382734086336,1,Комфортная,1.461,20.277764105355523
realtor,Ленинский,2.0,17.0,13.0,7.0,1.0,69/1,51.7,Площадь Маркса,0,20,55.001979,82.842312,4.075,5.884707434078323,1,Автомобильная,4.075,23.85413672813159
real_estate_agent,Заельцовский,14.0,24.0,5.0,7.089,1.0,Сухарная,36.8,Площадь Гарина-Михайловского,0,6,55.046692,82.857781,2.945,4.39489702933278,1,Транспортная,2.945,27.16195454301146
real_estate_agent,Октябрьский,20.0,25.0,12.0,7.0,1.0,Выборная,43.7,Золотая Нива,0,4,55.008175,83.021355,4.375,6.882420766394367,1,Автомобильная,4.375,18.88098944588562
real_estate_agent,Ленинский,2.0,26.0,10.0,7.0,1.0,Ясный Берег,41.0,Площадь Гарина-Михайловского,0,7,55.013415,82.892833,2.482,2.562207350793176,1,Транспортная,2.482,22.84546564482063
real_estate_agent,Железнодорожный,7.0,9.0,6.0,7.0,1.0,1905 года,33.0,Площадь Гарина-Михайловского,0,52,55.040214,82.897163,0.557,1.8568604528554615,1,Комфортная,0.557,25.222759378832624
real_estate_agent,Октябрьский,5.0,25.0,11.0,7.09,1.0,Покатная,38.2,Октябрьская,0,11,55.025472,82.950523,1.035,1.9873182881642693,1,Комфортная,1.035,22.206002301264704
real_estate_agent,Октябрьский,24.0,25.0,13.9,7.05,1.0,Никитина,44.3,Октябрьская,0,3,55.016197,82.963809,1.595,3.1710862413112557,1,Транспортная,1.595,20.91944756009833
real_estate_agent,Калининский,9.0,19.0,17.0,7.0,1.0,Кропоткина,51.9,Маршала Покрышкина,0,4,55.057724,82.941854,1.539,3.354487077663968,1,Транспортная,1.539,25.717871999212868
real_estate_agent,Ленинский,12.0,12.0,11.4,7.0,1.0,Вертковская,42.7,Площадь Маркса,0,6,54.975031,82.87343,1.663,6.8243142056094985,1,Транспортная,1.663,20.3114986986983
real_estate_agent,Железнодорожный,17.0,26.0,7.0,7.0,1.0,Сибирская,28.9,Площадь Гарина-Михайловского,0,11,55.036226,82.908805,0.594,1.0017909796569218,1,Комфортная,0.594,24.471515118134032
real_estate_agent,Октябрьский,6.0,19.0,11.9,7.1,1.0,Большевистская,36.3,Речной вокзал,0,13,54.991341,82.974346,3.074,5.518372060232204,1,Автомобильная,3.074,18.12335951705683
real_estate_agent,Заельцовский,18.0,26.0,10.0,7.1,1.0,Дуси Ковальчук,47.3,Заельцовская,0,3,55.062725,82.926448,0.974,3.640707897239991,1,Комфортная,0.974,26.613539240505943
real_estate_agent,Ленинский,19.0,19.0,11.0,7.1,1.0,Стартовая,34.0,Спортивная,0,6,54.998638,82.90753,0.908,3.6009143200994247,1,Комфортная,0.908,20.960577173835258
real_estate_agent,Заельцовский,4.0,9.0,13.0,7.1,1.0,Ельцовская,46.0,Площадь Гарина-Михайловского,0,3,55.044067,82.883311,1.416,2.8258879531071703,1,Комфортная,1.416,26.04087524718095
real_estate_agent,Ленинский,14.0,17.0,8.3,7.13,1.0,Ясный Берег,32.6,Площадь Гарина-Михайловского,0,6,55.019165,82.892249,1.865,2.1734652979419598,1,Транспортная,1.865,23.396735317367302
realtor,Октябрьский,6.0,20.0,11.0,7.149999,1.0,Обская,45.8,Речной вокзал,0,12,54.999387,82.953811,1.507,4.0299135462509685,1,Транспортная,1.507,19.505049408378095
real_estate_agent,Железнодорожный,6.0,30.0,9.0,7.2,1.0,Фабричная,27.9,Площадь Гарина-Михайловского,0,3,55.026551,82.896975,0.998,1.5483157659429878,1,Комфортная,0.998,23.92535384173182
real_estate_agent,Октябрьский,11.0,25.0,11.0,7.2,1.0,Добролюбова,37.1,Речной вокзал,0,5,55.00864,82.952697,0.959,3.1556602739662587,1,Комфортная,0.959,20.45518138668567
realtor,Дзержинский,2.0,16.0,12.8,7.2,1.0,Есенина,46.4,Золотая Нива,0,12,55.034461,82.99428,1.237,4.7300697900864686,1,Комфортная,1.237,22.159877560876584
real_estate_agent,Заельцовский,12.0,26.0,11.0,7.15,1.0,Кузьмы Минина,38.0,Заельцовская,0,3,55.072128,82.935656,2.07,4.765723080357077,1,Транспортная,2.07,27.350662638270766
real_estate_agent,Советский,3.0,4.0,6.0,7.2,1.0,Академическая,32.2,Площадь Маркса,0,64,54.836684,83.111142,21.236,24.72418587088861,0,Удалённая,0.0,1.3349956406458685
real_estate_agent,Кировский,9.0,17.0,5.0,7.2,1.0,Немировича-Данченко,30.4,Спортивная,0,9,54.991062,82.917052,0.446,4.353405676717321,0,Пешеходная,0.0,19.92221942210509
real_estate_agent,Ленинский,12.0,17.0,10.4,7.2,1.0,Серафимовича,37.6,Площадь Маркса,0,6,54.977671,82.880616,1.12,6.365533190234755,1,Комфортная,1.12,20.21047291500046
real_estate_agent,Кировский,6.0,18.0,21.0,7.2,1.0,Костычева,45.3,Площадь Маркса,0,9,54.969626,82.876762,1.877,7.285172831398274,0,Транспортная,0.0,19.73357223978679
real_estate_agent,Железнодорожный,4.0,9.0,6.8,7.2,1.0,Революции,33.0,Площадь Ленина,0,11,55.025044,82.909605,0.896,0.8948638073841848,1,Комфортная,0.896,23.365974112979714
real_estate_agent,Октябрьский,17.0,17.0,16.7,7.2,1.0,Добролюбова,36.3,Золотая Нива,0,18,55.030524,82.984435,0.958,4.078886085826552,1,Комфортная,0.958,21.933757634621138
realtor,Дзержинский,3.0,14.0,13.5,7.29,1.0,Николая Островского,42.2,Березовая Роща,0,5,55.052923,82.948753,1.089,3.107856882708211,1,Комфортная,1.089,25.058154085139734
real_estate_agent,Октябрьский,3.0,10.0,10.5,7.25,1.0,Большевистская,36.0,Речной вокзал,0,12,54.991434,82.971517,2.932,5.399599815095508,1,Транспортная,2.932,18.209779877972487
real_estate_agent,Октябрьский,4.0,17.0,10.0,7.25,1.0,Большевистская,41.5,Речной вокзал,0,2,54.991981,82.978003,3.212,5.6125081723724985,1,Автомобильная,3.212,18.090761930006284
real_estate_agent,Заельцовский,19.0,25.0,11.5,7.3,1.0,Кузьмы Минина,38.6,Заельцовская,0,17,55.072128,82.935656,2.07,4.765723080357077,1,Транспортная,2.07,27.350662638270766
real_estate_agent,Октябрьский,12.0,18.0,10.4,7.3,1.0,Военная,44.5,Октябрьская,0,16,55.028285,82.946148,1.144,1.6519656093913304,1,Комфортная,1.144,22.606513974148722
real_estate_agent,Октябрьский,18.0,23.0,11.0,7.3,1.0,2-я Воинская,38.4,Золотая Нива,0,2,55.016915,82.987776,2.417,4.538162461147457,1,Транспортная,2.417,20.433914982818834
real_estate_agent,Ленинский,10.0,22.0,14.4,7.3,1.0,площадь Райсовета,39.5,Площадь Маркса,0,11,54.993226,82.876691,1.739,4.96493238242709,1,Транспортная,1.739,21.676281939837814
real_estate_agent,Октябрьский,7.0,12.0,7.9,7.3,1.0,Большевистская,35.2,Речной вокзал,0,13,54.990256,82.974562,3.164,5.621730175800066,1,Автомобильная,3.164,18.008253821495153
real_estate_agent,Ленинский,12.0,16.0,12.0,7.3,1.0,Дружбы,52.8,Площадь Маркса,0,24,54.990101,82.87687,1.508,5.2500377862944445,1,Транспортная,1.508,21.40365729137575
real_estate_agent,Заельцовский,9.0,19.0,7.5,7.3,1.0,Аэропорт,51.7,Заельцовская,0,4,55.078226,82.912569,2.138,5.367578258161752,1,Транспортная,2.138,28.547388450163506
real_estate_agent,Октябрьский,18.0,25.0,10.2,7.4,1.0,Гурьевская,38.9,Золотая Нива,0,6,55.025219,82.966342,1.488,2.977048600898019,1,Комфортная,1.488,21.78194857128038
real_estate_agent,Первомайский,4.0,17.0,22.0,7.35,1.0,Баумана,54.3,Золотая Нива,0,13,54.974339,83.075191,9.469,11.65939443491572,0,Удалённая,0.0,14.587676927505097
real_estate_agent,Калининский,4.0,6.0,10.0,7.4,1.0,Богдана Хмельницкого,48.5,Заельцовская,0,14,55.073937,82.948241,2.812,5.179435529168368,1,Транспортная,2.812,27.252664062068437
real_estate_agent,Октябрьский,2.0,6.0,12.0,7.4,1.0,Кирова,46.0,Речной вокзал,0,20,55.012238,82.952167,0.979,2.83987760787239,1,Комфортная,0.979,20.829412556684016
realtor,Заельцовский,21.0,27.0,12.0,7.4,1.0,Залесского,41.0,Заельцовская,0,14,55.067865,82.931164,1.539,4.247385588933179,1,Транспортная,1.539,27.02015153823365
realtor,Октябрьский,19.0,25.0,11.0,7.39,1.0,Кирова,39.6,Речной вокзал,0,4,55.003601,82.974652,2.44,4.546576547877964,1,Транспортная,2.44,19.359465964796897
real_estate_agent,Заельцовский,11.0,25.0,17.3,7.45,1.0,Дуси Ковальчук,35.6,Заельцовская,0,1,55.063101,82.92741,1.048,3.689165281750359,1,Комфортная,1.048,26.627189012170266
realtor,Заельцовский,6.0,30.0,19.4,7.45,1.0,Сухарная,44.52,Площадь Гарина-Михайловского,0,2,55.046306,82.859919,2.804,4.253257432908996,1,Транспортная,2.804,27.050585955870968
real_estate_agent,Центральный,14.0,25.0,5.32,7.5,1.0,Гоголя,26.6,Сибирская,0,9,55.042478,82.926745,0.416,1.4269442117516749,1,Пешеходная,0.416,24.561953255388538
real_estate_agent,Кировский,7.0,17.0,5.0,7.5,1.0,Немировича-Данченко,30.9,Спортивная,0,11,54.990447,82.917672,0.496,4.419955135869518,0,Пешеходная,0.0,19.843479958263238
real_estate_agent,Заельцовский,2.0,25.0,9.2,7.5,1.0,Светлановская,40.6,Заельцовская,0,6,55.077958,82.924454,2.239,5.320497555888978,1,Транспортная,2.239,28.220375054362204
real_estate_agent,Октябрьский,17.0,25.0,5.0,7.5,1.0,2-я Обская,28.8,Речной вокзал,0,12,54.996361,82.957207,1.902,4.430033823683814,1,Транспортная,1.902,19.106663952536024
real_estate_agent,Октябрьский,5.0,21.0,9.5,7.5,1.0,Кошурникова,34.2,Золотая Нива,0,8,55.040136,82.963737,0.811,2.973686979253144,1,Комфортная,0.811,23.386275926501483
real_estate_agent,Заельцовский,7.0,27.0,10.5,7.5,1.0,Залесского,37.3,Заельцовская,0,15,55.067607,82.930706,1.498,4.21444664439747,1,Комфортная,1.498,27.004973651158007
real_estate_agent,Железнодорожный,9.0,9.0,5.0,7.5,1.0,Революции,33.0,Площадь Ленина,0,50,55.025044,82.909605,0.896,0.8948638073841848,1,Комфортная,0.896,23.365974112979714
real_estate_agent,Центральный,12.0,13.0,17.0,7.5,1.0,Ядринцевская,38.9,Сибирская,0,6,55.034879,82.935045,1.03,1.0684088645942262,1,Комфортная,1.03,23.571165162752088
real_estate_agent,Заельцовский,7.0,24.0,13.0,7.5,1.0,Красный проспект,37.2,Заельцовская,0,3,55.075716,82.911411,1.86,5.097555932832565,1,Транспортная,1.86,28.323061374176355
realtor,Октябрьский,13.0,26.0,9.0,7.5,1.0,Шевченко,31.0,Октябрьская,0,10,55.015428,82.933249,0.533,1.8309352976840152,1,Комфортная,0.533,21.6948986167577
real_estate_agent,Ленинский,6.0,25.0,8.0,7.6,1.0,Горская,30.7,Спортивная,0,1,54.995844,82.91203,0.524,3.853770837297188,1,Комфортная,0.524,20.541798694806754
real_estate_agent,Заельцовский,6.0,8.0,3.6,7.6,1.0,Дуси Ковальчук,32.73,Площадь Гарина-Михайловского,0,1,55.046852,82.882646,1.67,3.039873881647789,1,Транспортная,1.67,26.32796597333683
real_estate_agent,Заельцовский,10.0,18.0,6.0,7.7,1.0,Аэропорт,32.0,Заельцовская,0,3,55.080158,82.901799,2.451,5.684286936281938,1,Транспортная,2.451,29.02775942183817
real_estate_agent,Октябрьский,6.0,25.0,13.0,7.7,1.0,Лескова,39.9,Октябрьская,0,13,55.024239,82.9509,0.96,2.050406559128358,1,Комфортная,0.96,22.071278704468437
real_estate_agent,Октябрьский,2.0,10.0,9.0,7.7,1.0,Большевистская,34.1,Речной вокзал,0,10,54.99256,82.967915,2.679,5.162299269965867,1,Транспортная,2.679,18.422437730701734
real_estate_agent,Дзержинский,11.0,29.0,11.0,7.7,1.0,Закаменский мкр,37.3,Березовая Роща,0,2,55.038155,82.954826,0.602,2.364729072140335,1,Комфортная,0.602,23.391119978787064
real_estate_agent,Центральный,7.0,18.0,10.0,7.7,1.0,Крылова,38.0,Маршала Покрышкина,0,15,55.041839,82.939168,0.441,1.763460724138622,1,Пешеходная,0.441,24.16239141160868
real_estate_agent,Заельцовский,11.0,25.0,5.0,7.8,1.0,Дмитрия Донского,35.3,Заельцовская,0,10,55.064705,82.901556,0.947,4.02458705338776,1,Комфортная,0.947,27.488298314277955
real_estate_agent,Октябрьский,2.0,10.0,15.0,7.8,1.0,Большевистская,42.6,Речной вокзал,0,5,54.989528,82.977275,3.347,5.792500345609196,1,Автомобильная,3.347,17.861840921964465
real_estate_agent,Октябрьский,6.0,8.0,5.4,7.8,1.0,Большевистская,46.9,Речной вокзал,0,4,54.994114,82.96778,2.556,5.018137315658372,1,Транспортная,2.556,18.58163213362808
real_estate_agent,Октябрьский,13.0,17.0,16.6,7.8,1.0,Гаранина,34.9,Золотая Нива,0,4,55.025999,82.971211,1.309,3.269088264285541,1,Комфортная,1.309,21.748155411272858
real_estate_agent,Заельцовский,6.0,18.0,24.0,7.8,1.0,Аэропорт,46.1,Заельцовская,0,4,55.080158,82.901799,2.451,5.684286936281938,1,Транспортная,2.451,29.02775942183817
real_estate_agent,Дзержинский,23.0,25.0,10.7,7.77,1.0,Гоголя,37.95,Березовая Роща,0,2,55.047631,82.96592,1.015,3.4886760926538773,1,Комфортная,1.015,24.11894808166873
realtor,Дзержинский,15.0,24.0,10.7,7.8,1.0,Бориса Богаткова,38.9,Золотая Нива,0,10,55.038877,82.9835,0.526,4.133794569990115,1,Комфортная,0.526,22.834033058271487
real_estate_agent,Заельцовский,18.0,27.0,12.0,7.85,1.0,Аэропорт,34.0,Заельцовская,0,4,55.077772,82.910395,2.092,5.332149256447796,1,Транспортная,2.092,28.558002929320786
real_estate_agent,Ленинский,4.0,13.0,5.0,7.85,1.0,площадь Карла Маркса,36.96,Площадь Маркса,0,1,54.983024,82.893202,0.208,5.522037183566433,1,Пешеходная,0.208,20.13041113539444
real_estate_agent,Центральный,15.0,25.0,10.8,7.9,1.0,Державина,40.3,Березовая Роща,0,13,55.040353,82.94384,0.609,1.872840736366093,1,Комфортная,0.609,23.890389494403063
real_estate_agent,Центральный,14.0,19.0,18.9,7.99,1.0,Николая Островского,46.1,Маршала Покрышкина,0,11,55.051355,82.938917,0.809,2.634060820898193,1,Комфортная,0.809,25.137305576808494
real_estate_agent,Железнодорожный,5.0,10.0,9.7,7.9,1.0,Вокзальная магистраль,38.7,Площадь Гарина-Михайловского,0,34,55.033708,82.902868,0.281,1.1868666795063725,1,Пешеходная,0.281,24.414524166216886
real_estate_agent,Железнодорожный,5.0,24.0,15.7,7.994,1.0,Прибрежная,37.2,Площадь Гарина-Михайловского,0,4,55.030148,82.89092,0.804,1.8810804049964247,1,Комфортная,0.804,24.4690032640703
real_estate_agent,Октябрьский,2.0,10.0,12.1,7.9,1.0,Тополевая,37.3,Октябрьская,0,6,55.030911,82.943202,1.371,1.4532518404364096,1,Комфортная,1.371,22.950366199949233
real_estate_agent,Центральный,7.0,16.0,12.0,7.98,1.0,Трудовая,30.0,Площадь Ленина,0,18,55.033749,82.935701,1.052,1.051272952084573,1,Комфортная,1.052,23.43979222407213
real_estate_agent,Заельцовский,21.0,27.0,11.0,7.9,1.0,Залесского,40.0,Заельцовская,0,15,55.067607,82.930706,1.498,4.21444664439747,1,Комфортная,1.498,27.004973651158007
real_estate_agent,Дзержинский,3.0,25.0,15.0,7.999,1.0,Бориса Богаткова,41.0,Золотая Нива,0,9,55.038877,82.9835,0.526,4.133794569990115,1,Комфортная,0.526,22.834033058271487
real_estate_agent,Заельцовский,6.0,6.0,18.2,8.0,1.0,Кедровая,50.19,Заельцовская,0,3,55.105908,82.908195,5.223,8.458222761912964,1,Автомобильная,5.223,31.48795368214513
real_estate_agent,Октябрьский,9.0,25.0,5.0,8.0,1.0,Владимира Заровного,50.3,Речной вокзал,0,3,54.99444,82.962327,2.28,4.78687551461492,1,Транспортная,2.28,18.768035575655617
real_estate_agent,Октябрьский,12.0,20.0,12.8,8.0,1.0,2-я Обская,43.1,Речной вокзал,0,11,54.996361,82.957207,1.902,4.430033823683814,1,Транспортная,1.902,19.106663952536024
real_estate_agent,Центральный,3.0,5.0,8.0,8.0,1.0,Чаплыгина,52.0,Площадь Ленина,0,70,55.025493,82.91963,0.526,0.5220363335179427,1,Комфортная,0.526,23.093253516387158
real_estate_agent,Дзержинский,23.0,26.0,19.0,8.0,1.0,Королева,50.0,Березовая Роща,0,3,55.051773,82.97016,1.497,3.976154644970644,1,Комфортная,1.497,24.463590422842444
real_estate_agent,Калининский,6.0,13.0,10.0,8.0,1.0,Богдана Хмельницкого,33.0,Заельцовская,0,2,55.071639,82.941738,2.328,4.807173376500509,1,Транспортная,2.328,27.158682322768882
real_estate_agent,Дзержинский,6.0,10.0,11.6,8.0,1.0,Закаменский мкр,41.0,Березовая Роща,0,3,55.038021,82.958168,0.71,2.5582205906908912,1,Комфортная,0.71,23.296953214824228
real_estate_agent,Октябрьский,14.0,25.0,12.0,8.0,1.0,Покатная,36.2,Октябрьская,0,4,55.026133,82.948367,1.003,1.835744973256543,1,Комфортная,1.003,22.329998840925057
real_estate_agent,Дзержинский,10.0,29.0,17.4,8.0,1.0,Закаменский мкр,41.96,Березовая Роща,0,2,55.038155,82.954826,0.602,2.364729072140335,1,Комфортная,0.602,23.391119978787064
real_estate_agent,Октябрьский,14.0,21.0,9.0,8.0,1.0,Зыряновская,32.6,Речной вокзал,0,4,55.010044,82.941262,0.242,2.6015856116088347,1,Пешеходная,0.242,20.926116268012198
real_estate_agent,Октябрьский,7.0,17.0,10.0,8.0,1.0,Никитина,48.0,Речной вокзал,0,4,55.007488,82.954458,1.087,3.325999211277847,1,Комфортная,1.087,20.290662197477676
realtor,Заельцовский,3.0,16.0,13.6,8.0,1.0,Серебряные Ключи,56.6,Заельцовская,0,22,55.067427,82.933383,1.622,4.22463082073576,1,Транспортная,1.622,26.920907458767132
real_estate_agent,Калининский,8.0,26.0,14.0,8.09,1.0,Ипподромская,39.7,Заельцовская,0,7,55.061158,82.93854,1.669,3.634133086759588,1,Транспортная,1.669,26.151268230546705
real_estate_agent,Ленинский,14.0,18.0,13.0,8.05,1.0,Геодезическая,48.8,Студенческая,0,19,54.98789,82.906856,0.123,4.779855181069007,1,Пешеходная,0.123,20.01586461359158
real_estate_agent,Центральный,21.0,24.0,9.54,8.1,1.0,Державина,47.7,Березовая Роща,0,20,55.041121,82.94578,0.459,2.0229373582558328,1,Пешеходная,0.459,23.919237435424783
real_estate_agent,Октябрьский,11.0,25.0,9.4,8.1,1.0,Ипподромская,35.5,Октябрьская,0,4,55.024621,82.935503,0.689,1.141140846973464,1,Комфортная,0.689,22.53469617198309
real_estate_agent,Заельцовский,15.0,27.0,11.0,8.1,1.0,Залесского,45.3,Заельцовская,0,13,55.068133,82.931614,1.58,4.281473772170789,1,Транспортная,1.58,27.036605453819085
real_estate_agent,Железнодорожный,8.0,9.0,4.1,8.1,1.0,Прибрежная,46.2,Площадь Гарина-Михайловского,0,3,55.030148,82.89092,0.804,1.8810804049964247,1,Комфортная,0.804,24.4690032640703
realtor,Ленинский,3.0,15.0,12.4,8.1,1.0,проспект Карла Маркса,48.8,Площадь Маркса,0,14,54.985555,82.898026,0.38,5.16213834473377,1,Пешеходная,0.38,20.154546004432753
real_estate_agent,Калининский,9.0,24.0,13.0,8.2,1.0,Народная,39.3,Заельцовская,0,9,55.065659,82.939887,1.889,4.136686373470618,1,Транспортная,1.889,26.582739967421997
real_estate_agent,Центральный,15.0,21.0,10.0,8.2,1.0,Писарева,39.4,Гагаринская,0,3,55.048993,82.925604,0.72,2.1193151750334414,1,Комфортная,0.72,25.246769320169264
real_estate_agent,Заельцовский,8.0,27.0,18.4,8.2,1.0,Дуси Ковальчук,42.29,Заельцовская,0,1,55.063101,82.92741,1.048,3.689165281750359,1,Комфортная,1.048,26.627189012170266
real_estate_agent,Центральный,14.0,17.0,13.4,8.2,1.0,Державина,46.2,Березовая Роща,0,20,55.040987,82.943588,0.589,1.9038265597010653,1,Комфортная,0.589,23.9613877640934
real_estate_agent,Заельцовский,11.0,16.0,11.2,8.2,1.0,Дачная,40.1,Заельцовская,0,22,55.060972,82.904574,0.556,3.571518243672568,1,Комфортная,0.556,27.031106689119447
real_estate_agent,Ленинский,6.0,30.0,11.0,8.19,1.0,Горская,37.0,Спортивная,0,1,54.995844,82.91203,0.524,3.853770837297188,1,Комфортная,0.524,20.541798694806754
real_estate_agent,Дзержинский,5.0,27.0,14.0,8.2,1.0,Фрунзе,43.0,Березовая Роща,0,14,55.03896,82.953542,0.494,2.325293619234891,1,Пешеходная,0.494,23.505098550127038
real_estate_agent,Центральный,4.0,4.0,16.0,8.2,1.0,Мичурина,53.0,Сибирская,0,91,55.037753,82.922011,0.262,0.8496956033473002,1,Пешеходная,0.262,24.22596635416888
real_estate_agent,Заельцовский,14.0,25.0,5.0,8.299,1.0,Дачная,30.5,Заельцовская,0,4,55.06306,82.904026,0.708,3.804212745353432,1,Комфортная,0.708,27.254335124181942
real_estate_agent,Ленинский,20.0,26.0,11.0,8.3,1.0,Ясный Берег,40.2,Площадь Ленина,0,2,55.015655,82.899131,2.11,2.108893476101865,1,Транспортная,2.11,22.829541252663642
real_estate_agent,Заельцовский,9.0,23.0,7.0,8.3,1.0,Дуси Ковальчук,37.6,Заельцовская,0,4,55.054006,82.90285,0.833,2.8780497587790106,1,Комфортная,0.833,26.392022482383226
real_estate_agent,Железнодорожный,3.0,25.0,10.3,8.4,1.0,Сибирская,38.8,Площадь Гарина-Михайловского,0,11,55.036226,82.908805,0.594,1.0017909796569218,1,Комфортная,0.594,24.471515118134032
real_estate_agent,Октябрьский,13.0,25.0,10.3,8.48,1.0,Закаменский мкр,58.0,Березовая Роща,0,3,55.035323,82.958689,0.987,2.5043003851807306,1,Комфортная,0.987,23.006411525230025
real_estate_agent,Заельцовский,4.0,10.0,19.0,8.4,1.0,Овражная,46.0,Заельцовская,0,17,55.060322,82.92237,0.639,3.355568146957667,1,Комфортная,0.639,26.47604348360974
real_estate_agent,Заельцовский,13.0,24.0,14.0,8.5,1.0,Залесского,45.0,Заельцовская,0,19,55.067319,82.930221,1.454,4.178093305587734,1,Комфортная,1.454,26.987444408213037
real_estate_agent,Железнодорожный,5.0,16.0,10.4,8.5,1.0,Дмитрия Шамшурина,41.1,Площадь Гарина-Михайловского,0,14,55.028682,82.903748,0.792,1.0762675982759815,1,Комфортная,0.792,23.904016135992862
real_estate_agent,Центральный,13.0,25.0,10.1,8.5,1.0,Фрунзе,42.6,Маршала Покрышкина,0,12,55.038418,82.934524,0.688,1.283786796988728,1,Комфортная,0.688,23.94081309599565
real_estate_agent,Октябрьский,10.0,16.0,4.6,8.5,1.0,Маковского,35.3,Речной вокзал,0,2,55.011448,82.931389,0.468,2.1952297359023185,1,Пешеходная,0.468,21.364001477089083
real_estate_agent,Железнодорожный,3.0,15.0,12.5,8.5,1.0,Фабричная,35.8,Площадь Гарина-Михайловского,0,6,55.0267,82.89472,1.016,1.6836509306714826,1,Комфортная,1.016,24.015518110839942
real_estate_agent,Кировский,23.0,24.0,16.0,8.5,1.0,Немировича-Данченко,41.0,Площадь Маркса,0,2,54.979351,82.911716,1.043,5.677557333442908,0,Комфортная,0.0,19.072477519414875
real_estate_agent,Октябрьский,14.0,28.0,9.5,8.6,1.0,Толстого,39.0,Октябрьская,0,14,55.020255,82.941908,0.237,1.7570812808052183,1,Пешеходная,0.237,21.91781799964081
real_estate_agent,Октябрьский,6.0,22.0,15.8,8.6,1.0,2-я Обская,40.8,Речной вокзал,0,7,54.996361,82.957207,1.902,4.430033823683814,1,Транспортная,1.902,19.106663952536024
real_estate_agent,Заельцовский,4.0,17.0,11.2,8.6,1.0,Кавалерийская,46.0,Заельцовская,0,10,55.058476,82.929422,1.073,3.1996702551092726,1,Комфортная,1.073,26.104824163961446
real_estate_agent,Центральный,8.0,9.0,23.2,8.699,1.0,Семьи Шамшиных,63.7,Октябрьская,0,26,55.026711,82.935602,0.909,1.0400918561033143,1,Комфортная,0.909,22.73958574264171
real_estate_agent,Октябрьский,7.0,18.0,12.0,8.7,1.0,Нижегородская,43.9,Октябрьская,0,19,55.016007,82.938737,0.312,1.959397363786436,1,Пешеходная,0.312,21.58813828322665
real_estate_agent,Октябрьский,13.0,20.0,20.0,8.68,1.0,Ленинградская,40.46,Речной вокзал,0,4,55.001819,82.983518,3.038,5.10966302296737,1,Автомобильная,3.038,18.95922571787914
real_estate_agent,Октябрьский,16.0,18.0,13.0,8.75,1.0,2-я Обская,40.5,Речной вокзал,0,11,54.996361,82.957207,1.902,4.430033823683814,1,Транспортная,1.902,19.106663952536024
real_estate_agent,Железнодорожный,5.0,25.0,10.0,8.9,1.0,Сибирская,42.5,Площадь Гарина-Михайловского,0,11,55.036226,82.908805,0.594,1.0017909796569218,1,Комфортная,0.594,24.471515118134032
real_estate_agent,Центральный,23.0,25.0,11.8,8.99,1.0,Фрунзе,43.4,Маршала Покрышкина,0,10,55.038145,82.932835,0.723,1.1881303226659254,1,Комфортная,0.723,23.95954404277959
real_estate_agent,Заельцовский,4.0,15.0,12.0,8.9,1.0,Галущака,56.2,Гагаринская,0,26,55.050509,82.901304,0.861,2.569679742303513,1,Комфортная,0.861,26.09462614778137
real_estate_agent,Октябрьский,5.0,21.0,7.0,8.9,1.0,Сакко и Ванцетти,43.4,Октябрьская,0,8,55.015459,82.937776,0.382,1.9737434603506996,1,Пешеходная,0.382,21.562447097901607
real_estate_agent,Заельцовский,11.0,23.0,11.0,8.99,1.0,Красный проспект,37.6,Заельцовская,0,4,55.068144,82.911878,1.018,4.258113020479213,1,Комфортная,1.018,27.54583690589678
real_estate_agent,Заельцовский,4.0,26.0,25.0,8.9,1.0,Тимирязева,48.1,Заельцовская,0,9,55.055749,82.889213,1.533,3.4713101961118054,1,Транспортная,1.533,26.975325228871483
realtor,Заельцовский,9.0,16.0,11.7,8.95,1.0,Красный проспект,38.1,Заельцовская,0,4,55.068144,82.911878,1.018,4.258113020479213,1,Комфортная,1.018,27.54583690589678
real_estate_agent,Центральный,13.0,18.0,9.6,9.0,1.0,Семьи Шамшиных,39.2,Маршала Покрышкина,0,13,55.046935,82.930131,0.367,1.9643969181710184,1,Пешеходная,0.367,24.91718353846033
real_estate_agent,Центральный,12.0,21.0,15.0,9.0,1.0,Орджоникидзе,60.0,Площадь Ленина,0,16,55.032697,82.935764,1.018,1.0165997198246866,1,Комфортная,1.018,23.3326418739591
real_estate_agent,Октябрьский,5.0,10.0,9.6,9.0,1.0,Сакко и Ванцетти,42.2,Речной вокзал,0,17,55.012976,82.938764,0.414,2.2401175960426074,1,Пешеходная,0.414,21.288780474120497
real_estate_agent,Ленинский,6.0,30.0,19.1,9.0,1.0,Горская,41.22,Спортивная,0,2,54.995844,82.91203,0.524,3.853770837297188,1,Комфортная,0.524,20.541798694806754
real_estate_agent,Заельцовский,10.0,17.0,12.0,9.0,1.0,Галущака,57.6,Гагаринская,0,25,55.051597,82.90408,0.687,2.601016114657216,1,Комфортная,0.687,26.118438720581675
real_estate_agent,Заельцовский,14.0,14.0,7.0,9.0,1.0,Галущака,42.1,Гагаринская,0,3,55.053964,82.90921,0.493,2.7412781341281645,1,Пешеходная,0.493,26.20237961481598
real_estate_agent,Дзержинский,5.0,17.0,13.0,9.0,1.0,Николая Островского,41.0,Березовая Роща,0,4,55.053877,82.946696,1.222,3.122679769803832,1,Комфортная,1.222,25.205440557323588
real_estate_agent,Октябрьский,3.0,5.0,24.0,9.15,1.0,Владимира Заровного,53.0,Речной вокзал,0,10,54.990302,82.969163,2.914,5.413020630229331,1,Транспортная,2.914,18.16191870762297
real_estate_agent,Октябрьский,2.0,18.0,10.1,9.1,1.0,Нижегородская,49.1,Октябрьская,0,19,55.016007,82.938737,0.312,1.959397363786436,1,Пешеходная,0.312,21.58813828322665
real_estate_agent,Заельцовский,10.0,25.0,5.0,9.25,1.0,Дуси Ковальчук,41.7,Заельцовская,0,4,55.054006,82.90285,0.833,2.8780497587790106,1,Комфортная,0.833,26.392022482383226
real_estate_agent,Октябрьский,6.0,14.0,17.0,9.29,1.0,Гурьевская,62.1,Октябрьская,0,4,55.015877,82.955545,1.092,2.7445294675233662,1,Комфортная,1.092,21.102805349737974
real_estate_agent,Центральный,15.0,20.0,12.5,9.4,1.0,Гоголя,55.0,Маршала Покрышкина,0,9,55.043066,82.937084,0.251,1.7841533492848936,1,Пешеходная,0.251,24.341397508760014
real_estate_agent,Октябрьский,4.0,22.0,13.0,9.35,1.0,2-я Обская,51.0,Речной вокзал,0,12,54.996361,82.957207,1.902,4.430033823683814,1,Транспортная,1.902,19.106663952536024
real_estate_agent,Октябрьский,20.0,25.0,11.1,9.5,1.0,Лескова,42.0,Октябрьская,0,15,55.024838,82.951484,1.031,2.065597595716785,1,Комфортная,1.031,22.116487978305514
real_estate_agent,Дзержинский,21.0,26.0,12.0,9.45,1.0,Кошурникова,43.2,Березовая Роща,0,8,55.041833,82.958554,0.454,2.753732785596532,1,Пешеходная,0.454,23.681643793787142
real_estate_agent,Советский,14.0,18.0,12.9,9.45,1.0,Николаева,36.8,Спортивная,0,9,54.858476,83.114133,19.578,22.748680391538915,0,Удалённая,0.0,2.093028077386232
real_estate_agent,Заельцовский,3.0,25.0,7.0,9.46,1.0,Дуси Ковальчук,52.0,Заельцовская,0,3,55.054006,82.90285,0.833,2.8780497587790106,1,Комфортная,0.833,26.392022482383226
real_estate_agent,Октябрьский,4.0,5.0,8.4,9.6,1.0,Сакко и Ванцетти,38.2,Речной вокзал,0,6,55.013849,82.936267,0.514,2.0760216328846752,1,Комфортная,0.514,21.44919917720661
real_estate_agent,Железнодорожный,3.0,12.0,14.1,9.65,1.0,1905 года,42.0,Гагаринская,0,9,55.045965,82.906955,0.742,1.95562867191215,1,Комфортная,0.742,25.479299342885113
real_estate_agent,Октябрьский,2.0,9.0,14.7,9.8,1.0,Владимира Заровного,42.0,Речной вокзал,0,6,54.991149,82.96857,2.82,5.314226372671471,1,Транспортная,2.82,18.263136817195246
real_estate_agent,Железнодорожный,5.0,9.0,5.0,9.8,1.0,Фабричная,42.6,Площадь Гарина-Михайловского,0,11,55.025286,82.89675,1.139,1.6041450214512063,1,Комфортная,1.139,23.813578913695125
real_estate_agent,Кировский,25.0,25.0,6.78,9.9,1.0,Немировича-Данченко,33.9,Студенческая,0,9,54.990023,82.915408,0.561,4.475085514796202,0,Комфортная,0.0,19.887472404833606
real_estate_agent,Советский,4.0,17.0,9.6,9.95,1.0,Российская,45.8,Площадь Маркса,0,21,54.870052,83.092161,17.679,20.90996900473025,0,Удалённая,0.0,2.9439453760270498
real_estate_agent,Заельцовский,10.0,20.0,16.5,9.99,1.0,Дуси Ковальчук,46.2,Заельцовская,0,9,55.054604,82.90187,0.84,2.9637709581990537,1,Комфортная,0.84,26.47989866464764
real_estate_agent,Калининский,15.0,20.0,12.0,9.999,1.0,Богдана Хмельницкого,46.0,Заельцовская,0,5,55.071639,82.941738,2.328,4.807173376500509,1,Транспортная,2.328,27.158682322768882
real_estate_agent,Заельцовский,21.0,30.0,11.0,10.0,1.0,Красный проспект,36.7,Заельцовская,0,4,55.063658,82.905158,0.702,3.849325912843135,1,Комфортная,0.702,27.281808122219267
real_estate_agent,Октябрьский,2.0,21.0,7.0,10.0,1.0,Кошурникова,55.5,Золотая Нива,0,8,55.040136,82.963737,0.811,2.973686979253144,1,Комфортная,0.811,23.386275926501483
real_estate_agent,Октябрьский,5.0,25.0,8.0,9.99,1.0,Ипподромская,39.0,Октябрьская,0,4,55.024621,82.935503,0.689,1.141140846973464,1,Комфортная,0.689,22.53469617198309
real_estate_agent,Центральный,8.0,13.0,13.0,10.0,1.0,Ольги Жилиной,54.0,Маршала Покрышкина,0,16,55.040079,82.934039,0.503,1.4023688640832048,1,Комфортная,0.503,24.121085427796206
real_estate_agent,Октябрьский,3.0,9.0,13.0,10.1,1.0,Декабристов,35.0,Речной вокзал,0,10,55.014024,82.936833,0.528,2.076957006247212,1,Комфортная,0.528,21.449400848186265
real_estate_agent,Центральный,17.0,21.0,15.8,10.189,1.0,Орджоникидзе,51.7,Площадь Ленина,0,15,55.032697,82.935764,1.018,1.0165997198246866,1,Комфортная,1.018,23.3326418739591
real_estate_agent,Октябрьский,13.0,25.0,11.0,10.15,1.0,Ипподромская,47.3,Октябрьская,0,3,55.024621,82.935503,0.689,1.141140846973464,1,Комфортная,0.689,22.53469617198309
realtor,Октябрьский,16.0,22.0,16.0,10.2,1.0,Кошурникова,45.6,Золотая Нива,0,8,55.040136,82.963737,0.811,2.973686979253144,1,Комфортная,0.811,23.386275926501483
real_estate_agent,Центральный,13.0,23.0,13.0,10.5,1.0,Демьяна Бедного,45.7,Маршала Покрышкина,0,11,55.048972,82.935719,0.496,2.3068429721459376,1,Пешеходная,0.496,24.976137778871298
real_estate_agent,Железнодорожный,14.0,24.0,25.0,10.6,1.0,Прибрежная,50.4,Площадь Гарина-Михайловского,0,2,55.030519,82.889321,0.851,1.983366535184058,1,Комфортная,0.851,24.55820665848956
realtor,Октябрьский,20.0,25.0,3.0,10.9,1.0,Московская,36.8,Октябрьская,0,4,55.019898,82.940552,0.149,1.7167722437184962,1,Пешеходная,0.149,21.92089816657327
real_estate_agent,Центральный,14.0,25.0,10.0,11.0,1.0,Ядринцевская,42.0,Площадь Ленина,0,12,55.034358,82.931057,0.822,0.8218914461844734,1,Комфортная,0.822,23.63008961785373
real_estate_agent,Октябрьский,19.0,27.0,15.0,11.0,1.0,Закаменский мкр,40.3,Березовая Роща,0,4,55.036932,82.956542,0.767,2.4207843789087837,1,Комфортная,0.767,23.22376714129775
real_estate_agent,Железнодорожный,17.0,17.0,15.0,11.095,1.0,Красноярская,52.0,Площадь Гарина-Михайловского,0,11,55.039945,82.900209,0.507,1.6864036098241726,1,Комфортная,0.507,25.10030210804575
real_estate_agent,Центральный,4.0,9.0,14.2,11.0,1.0,Семьи Шамшиных,54.0,Площадь Ленина,0,18,55.032629,82.932674,0.828,0.8266396107955557,1,Комфортная,0.828,23.412090701240107
realtor,Заельцовский,5.0,18.0,7.800000000000001,11.25,1.0,Красный проспект,39.0,Заельцовская,0,3,55.068144,82.911878,1.018,4.258113020479213,1,Комфортная,1.018,27.54583690589678
real_estate_agent,Октябрьский,13.0,25.0,20.0,11.5,1.0,Сибревкома,45.0,Октябрьская,0,4,55.020998,82.932979,0.466,1.295441608416492,1,Пешеходная,0.466,22.249936965418435
real_estate_agent,Центральный,10.0,25.0,16.2,12.0,1.0,Семьи Шамшиных,43.5,Маршала Покрышкина,0,4,55.047208,82.927356,0.524,1.9457130112343024,1,Комфортная,0.524,25.019634597558998
real_estate_agent,Центральный,5.0,16.0,10.4,12.0,1.0,Романова,52.7,Сибирская,0,18,55.035503,82.922586,0.514,0.6091666800776314,1,Комфортная,0.514,23.98662496895989
real_estate_agent,Железнодорожный,14.0,23.0,12.8,12.0,1.0,Советская,40.7,Красный проспект,0,11,55.037428,82.913593,0.523,0.917817735815738,1,Комфортная,0.523,24.442764619904164
real_estate_agent,Заельцовский,10.0,16.0,22.4,12.5,1.0,Дуси Ковальчук,59.34,Гагаринская,0,2,55.053578,82.898951,1.053,2.9413425089411005,1,Комфортная,1.053,26.466200764249887
real_estate_agent,Заельцовский,3.0,19.0,20.0,12.8,1.0,Дуси Ковальчук,63.2,Гагаринская,0,16,55.053046,82.897792,1.109,2.92482858498757,1,Комфортная,1.109,26.44906834190392
real_estate_agent,Железнодорожный,5.0,17.0,10.0,12.99,1.0,Красноярская,62.0,Площадь Гарина-Михайловского,0,9,55.039945,82.900209,0.507,1.6864036098241726,1,Комфортная,0.507,25.10030210804575
real_estate_agent,Железнодорожный,7.0,20.0,15.8,13.0,1.0,Красноярская,50.3,Площадь Гарина-Михайловского,0,10,55.039945,82.900209,0.507,1.6864036098241726,1,Комфортная,0.507,25.10030210804575
real_estate_agent,Заельцовский,9.0,12.0,11.5,13.0,1.0,Тимирязева,44.3,Заельцовская,0,3,55.057914,82.902436,0.658,3.2917563007857087,1,Комфортная,0.658,26.789794327892388
real_estate_agent,Заельцовский,9.0,25.0,17.0,13.0,1.0,Дмитрия Донского,44.9,Заельцовская,0,3,55.064571,82.904404,0.81,3.959744618913121,1,Комфортная,0.81,27.394092457550965
real_estate_agent,Заельцовский,1.0,25.0,17.0,13.0,1.0,Дмитрия Донского,46.2,Заельцовская,0,3,55.064571,82.904404,0.81,3.959744618913121,1,Комфортная,0.81,27.394092457550965
real_estate_agent,Советский,12.0,12.0,5.0,13.2,1.0,Пирогова,48.7,Площадь Маркса,0,25,54.85178,83.098197,19.424,22.85522091987142,0,Удалённая,0.0,0.9466378835538057
real_estate_agent,Заельцовский,4.0,9.0,15.0,14.0,1.0,Кедровая,58.3,Заельцовская,0,3,55.106845,82.906344,5.335,8.573504966353386,1,Автомобильная,5.335,31.628998119590964
real_estate_agent,Октябрьский,4.0,25.0,18.0,15.99,1.0,Кирова,54.0,Октябрьская,0,5,55.01738,82.941262,0.205,1.9450449846081577,1,Пешеходная,0.205,21.65051470956656
real_estate_agent,Советский,11.0,12.0,22.0,20.28,1.0,Пирогова,80.0,Площадь Маркса,0,25,54.85178,83.098197,19.424,22.85522091987142,0,Удалённая,0.0,0.9466378835538057
homeowner,Октябрьский,1.0,1.0,8.0,1.499,1.0,Декабристов,26.0,Речной вокзал,0,4,54.999914,82.973664,2.52,4.778180518810479,1,Транспортная,2.52,19.009002748166782
real_estate_agent,Дзержинский,2.0,2.0,6.0,2.06,1.0,Геологическая,35.6,Золотая Нива,0,3,55.054661,83.01027,2.919,6.33853852994411,1,Транспортная,2.919,24.071726279792315
real_estate_agent,Октябрьский,2.0,5.0,4.4,2.099,1.0,Восход,22.0,Речной вокзал,0,65,55.012837,82.940965,0.445,2.3291566965051858,1,Пешеходная,0.445,21.209877994737372
real_estate_agent,Ленинский,1.0,1.0,17.0,2.27,1.0,Станционная,39.8,Площадь Маркса,0,47,54.996066,82.787218,7.119,9.30158529733986,1,Удалённая,7.119,25.923619878153833
homeowner,Ленинский,1.0,1.0,18.0,2.27,1.0,Станционная,39.8,Площадь Маркса,0,6,54.996066,82.787218,7.119,9.30158529733986,1,Удалённая,7.119,25.923619878153833
real_estate_agent,Кировский,1.0,3.0,5.0,2.43,1.0,Воскресная,28.0,Спортивная,0,9,54.943416,83.002392,7.757,10.972069419225503,0,Удалённая,0.0,12.55313912312036
real_estate_agent,Ленинский,5.0,5.0,10.9,2.4,1.0,Котовского,23.5,Площадь Маркса,0,58,54.991268,82.865138,2.218,5.580220661551133,1,Транспортная,2.218,21.994012626852122
real_estate_agent,Октябрьский,4.0,17.0,9.0,2.4,1.0,Тополевая,31.0,Октябрьская,0,2,55.030473,82.942744,1.317,1.4221142530628954,1,Комфортная,1.317,22.918524701750236
real_estate_agent,Кировский,8.0,9.0,4.1,2.45,1.0,Зорге,20.1,Площадь Маркса,0,50,54.933693,82.905041,5.434,10.77207961095266,0,Автомобильная,0.0,15.702217853581846
real_estate_agent,Заельцовский,4.0,16.0,6.0,2.45,1.0,Солидарности,29.5,Заельцовская,0,22,55.156754,82.953236,11.173,14.229938621868431,1,Удалённая,11.173,35.96142427884227
real_estate_agent,Ленинский,1.0,3.0,8.0,2.45,1.0,Колхидская,30.3,Площадь Маркса,0,6,54.985493,82.818444,4.974,8.183617584389333,1,Автомобильная,4.974,23.65049878657669
real_estate_agent,Дзержинский,2.0,2.0,8.0,2.45,1.0,Национальная,29.0,Золотая Нива,0,69,55.048735,82.99137,1.603,4.968990530442908,1,Транспортная,1.603,23.734749624729936
real_estate_agent,Кировский,6.0,11.0,2.0,2.5,1.0,Петухова,20.0,Площадь Маркса,0,12,54.9402,82.953389,5.937,10.222204003777016,0,Автомобильная,0.0,14.012563064086653
real_estate_agent,Заельцовский,1.0,2.0,3.0,2.53,1.0,Медкадры,20.0,Заельцовская,0,96,55.066489,82.922334,1.038,4.040853736904486,1,Комфортная,1.038,27.10227726283513
real_estate_agent,Ленинский,2.0,2.0,6.0,2.5,1.0,Петропавловская,30.1,Площадь Маркса,0,41,54.979294,82.864474,2.052,6.688287396832087,1,Транспортная,2.052,21.049767602775646
real_estate_agent,Кировский,15.0,18.0,4.0,2.55,1.0,Виктора Уса,20.0,Площадь Маркса,0,14,54.938338,82.883491,4.955,10.479258510475592,0,Автомобильная,0.0,17.099217537764833
real_estate_agent,Ленинский,15.0,18.0,4.18,2.56,1.0,Забалуева,20.9,Площадь Маркса,0,4,54.989776,82.775379,7.753,10.281941045706809,1,Удалённая,7.753,26.059953656102312
real_estate_agent,Первомайский,5.0,5.0,8.0,2.6,1.0,Березовая,28.4,Речной вокзал,0,41,54.93706,83.117628,14.014,16.29361771622905,0,Удалённая,0.0,10.50064365375502
real_estate_agent,Первомайский,2.0,4.0,5.7,2.64,1.0,Первомайская,32.5,Золотая Нива,0,66,54.974137,83.071984,9.35,11.498955483215694,0,Удалённая,0.0,14.583736705421458
real_estate_agent,Кировский,2.0,3.0,7.0,3.0,2.0,Немировича-Данченко,40.5,Площадь Маркса,0,68,54.972396,82.901924,1.16,6.531216507554709,0,Комфортная,0.0,18.86852209743498
real_estate_agent,Кировский,3.0,3.0,4.0,2.4,1.0,Воскресная,28.7,Спортивная,0,10,54.94309,83.000371,7.697,10.943281023352446,0,Удалённая,0.0,12.582161573330128
real_estate_agent,Кировский,8.0,9.0,11.8,2.8,1.0,Петухова,33.0,Площадь Маркса,0,37,54.940949,82.89578,4.598,10.04431680842162,0,Автомобильная,0.0,16.67396663482498
real_estate_agent,Калининский,2.0,3.0,10.0,2.65,1.0,Богдана Хмельницкого,27.0,Заельцовская,0,59,55.094678,82.979242,5.808,8.09212049119863,1,Автомобильная,5.808,28.865085811568562
real_estate_agent,Октябрьский,5.0,5.0,6.0,2.99,1.0,Пешеходная,30.4,Золотая Нива,0,4,55.026778,82.986492,1.38,4.226793379863402,1,Комфортная,1.38,21.497175185235182
real_estate_agent,Заельцовский,4.0,16.0,6.0,2.98,1.0,Лейтенанта Амосова,30.0,Заельцовская,0,22,55.159491,82.959893,11.572,14.59790037249962,1,Удалённая,11.572,36.15325965977871
real_estate_agent,Дзержинский,3.0,9.0,8.5,3.165999,1.0,Гусинобродское шоссе,36.8,Золотая Нива,0,34,55.040451,83.02149,2.942,6.540213767932169,1,Транспортная,2.942,22.374735694579385
real_estate_agent,Дзержинский,4.0,5.0,6.0,3.17,1.0,Доватора,30.0,Золотая Нива,0,3,55.042881,83.002158,1.795,5.395935008324952,1,Транспортная,1.795,22.92391477034385
real_estate_agent,Октябрьский,6.0,10.0,6.5,3.15,1.0,В. Высоцкого,29.5,Золотая Нива,0,20,55.027696,83.022748,3.196,6.526405555368943,1,Автомобильная,3.196,20.971854131082022
real_estate_agent,Ленинский,2.0,5.0,5.4,2.9,1.0,Котовского,30.5,Площадь Маркса,0,50,54.989739,82.8623,2.316,5.826473905868591,1,Транспортная,2.316,21.989350462254855
homeowner,Ленинский,3.0,5.0,6.2,5.4,2.0,Блюхера,46.0,Площадь Маркса,0,65,54.984465,82.890318,0.446,5.432422226507923,1,Пешеходная,0.446,20.37128402248125
real_estate_agent,Октябрьский,7.0,10.0,7.0,5.35,2.0,Большевистская,45.9,Речной вокзал,0,4,54.996474,82.963621,2.183,4.649256339470294,1,Транспортная,2.183,18.933773322625775
real_estate_agent,Ленинский,1.0,5.0,5.0,3.75,2.0,Фасадная,40.8,Площадь Маркса,0,63,54.987947,82.819693,4.922,7.95632091350522,1,Автомобильная,4.922,23.774058426873516
real_estate_agent,Октябрьский,5.0,17.0,10.6,5.05,2.0,Выборная,55.1,Золотая Нива,0,4,55.00422,83.013154,4.407,6.5773678189769695,1,Автомобильная,4.407,18.594033023446176
real_estate_agent,Октябрьский,1.0,2.0,5.0,2.85,2.0,9 Ноября,46.1,Речной вокзал,0,4,55.002325,82.969298,2.159,4.39169461779526,1,Транспортная,2.159,19.367553414580364
real_estate_agent,Октябрьский,11.0,12.0,13.8,7.5,2.0,Грибоедова,72.2,Речной вокзал,0,28,55.005909,82.956955,1.284,3.5629468867627003,1,Комфортная,1.284,20.062995339939544
homeowner,Заельцовский,10.0,21.0,15.0,6.9,2.0,Дуси Ковальчук,47.0,Гагаринская,0,5,55.053046,82.897792,1.109,2.92482858498757,1,Комфортная,1.109,26.44906834190392
developer,Октябрьский,2.0,7.0,13.8,15.7,2.0,Сакко и Ванцетти,90.0,Речной вокзал,0,2,55.012883,82.935665,0.419,2.152952618375098,1,Пешеходная,0.419,21.372704209801498
homeowner,Октябрьский,7.0,17.0,10.8,10.7,2.0,Лескова,54.0,Октябрьская,0,12,55.024161,82.95223,1.022,2.133552201985225,1,Комфортная,1.022,22.028296130349755
real_estate_agent,Кировский,1.0,3.0,5.0,2.95,2.0,Воскресная,40.0,Спортивная,0,12,54.943928,83.007261,7.931,11.07410773536297,0,Удалённая,0.0,12.461656472841756
real_estate_agent,Дзержинский,9.0,9.0,6.9,5.7,2.0,Красина,43.4,Березовая Роща,0,3,55.044077,82.96142,0.613,3.035279046035396,1,Комфортная,0.613,23.848327533777542
real_estate_agent,Заельцовский,4.0,9.0,6.0,3.99,2.0,Красный проспект,33.4,Гагаринская,0,57,55.054129,82.91318,0.374,2.704479333493927,1,Пешеходная,0.374,26.105561695528674
real_estate_agent,Железнодорожный,7.0,9.0,7.1,6.8,2.0,Вокзальная магистраль,48.2,Площадь Гарина-Михайловского,0,42,55.035163,82.902598,0.193,1.2653390459933205,1,Пешеходная,0.193,24.56321406634705
developer,Заельцовский,8.0,9.0,29.8,14.21,2.0,Аэропорт,77.26,Заельцовская,0,1,55.080158,82.901799,2.451,5.684286936281938,1,Транспортная,2.451,29.02775942183817
real_estate_agent,Советский,3.0,5.0,6.0,5.15,2.0,Иванова,43.6,Площадь Маркса,0,60,54.868088,83.087525,17.628,20.943997643101543,0,Удалённая,0.0,2.7552722598503707
real_estate_agent,Кировский,3.0,9.0,7.0,3.8,2.0,Петухова,43.0,Площадь Маркса,0,9,54.936352,82.929269,5.528,10.446743396877723,0,Автомобильная,0.0,14.747645362107562
developer,Заельцовский,13.0,23.0,8.440000000000001,11.3,2.0,Красный проспект,42.2,Заельцовская,0,3,55.068144,82.911878,1.018,4.258113020479213,1,Комфортная,1.018,27.54583690589678
real_estate_agent,Центральный,3.0,5.0,6.0,5.5,2.0,Гоголя,41.0,Сибирская,0,67,55.043221,82.925793,0.434,1.491351734865072,1,Пешеходная,0.434,24.662761755501123
real_estate_agent,Октябрьский,4.0,5.0,5.8,6.05,2.0,Восход,42.0,Октябрьская,0,60,55.014324,82.942636,0.544,2.2594658420295315,1,Комфортная,0.544,21.307934450090922
developer,Октябрьский,22.0,25.0,18.7,6.0,2.0,Ленинградская,38.95,Речной вокзал,0,1,55.011185,82.963136,1.635,3.444290843570368,1,Транспортная,1.635,20.427155475247062
real_estate_agent,Октябрьский,4.0,14.0,10.0,9.999,2.0,Федосеева,73.0,Золотая Нива,0,4,55.039527,82.967007,0.592,3.14494997739036,1,Комфортная,0.592,23.24928511461173
real_estate_agent,Октябрьский,3.0,18.0,5.0,5.1,2.0,Плющихинская,44.4,Золотая Нива,0,4,55.018329,83.002554,2.738,5.397146592438487,1,Транспортная,2.738,20.290212372137212
real_estate_agent,Железнодорожный,3.0,24.0,12.0,10.25,2.0,Фабричная,54.7,Площадь Гарина-Михайловского,0,3,55.026989,82.897639,0.944,1.4952330290394842,1,Комфортная,0.944,23.944483193111466
real_estate_agent,Кировский,4.0,17.0,6.0,5.9,2.0,Петухова,59.0,Площадь Маркса,0,8,54.937877,82.95647,6.261,10.51635463509542,0,Автомобильная,0.0,13.68819956188724
real_estate_agent,Ленинский,16.0,18.0,12.0,8.99,2.0,Станиславского,48.0,Площадь Маркса,0,3,54.979919,82.868803,1.768,6.485167835965648,1,Транспортная,1.768,20.90802096107497
real_estate_agent,Дзержинский,5.0,5.0,5.5,6.2,2.0,Красина,43.9,Березовая Роща,0,56,55.043809,82.960548,0.554,2.972293989991494,1,Комфортная,0.554,23.840353701314477
developer,Заельцовский,13.0,23.0,4.6,7.3,2.0,Ляпидевского,37.5,Заельцовская,0,2,55.080926,82.923116,2.528,5.64694599228574,1,Транспортная,2.528,28.55779722556281
real_estate_agent,Железнодорожный,12.0,23.0,14.0,11.85,2.0,Фабричная,54.3,Площадь Гарина-Михайловского,0,4,55.026989,82.897639,0.944,1.4952330290394842,1,Комфортная,0.944,23.944483193111466
real_estate_agent,Заельцовский,7.0,9.0,7.0,6.29,2.0,Дуси Ковальчук,43.0,Площадь Гарина-Михайловского,0,27,55.048152,82.884955,1.697,3.018465503968663,1,Транспортная,1.697,26.377067649285337
developer,Кировский,6.0,26.0,18.0,9.43,2.0,Аникина,69.46,Студенческая,0,1,54.964866,82.946382,3.685,7.447122803749258,0,Автомобильная,0.0,16.462285689012816
real_estate_agent,Заельцовский,5.0,10.0,12.0,8.5,2.0,Красный проспект,62.0,Заельцовская,0,29,55.073958,82.910027,1.671,4.914488098426664,1,Транспортная,1.671,28.181877654713798
real_estate_agent,Калининский,9.0,14.0,5.0,7.35,2.0,Тайгинская,42.0,Заельцовская,0,2,55.113967,82.979736,7.457,10.054080910044576,1,Удалённая,7.457,30.93652068961986
real_estate_agent,Заельцовский,2.0,10.0,12.0,10.0,2.0,Холодильная,54.0,Заельцовская,0,20,55.05251,82.884227,1.946,3.390526948634576,1,Транспортная,1.946,26.81889621270061
real_estate_agent,Железнодорожный,8.0,9.0,5.8,8.4,2.0,Фабричная,42.8,Площадь Гарина-Михайловского,0,6,55.025286,82.89675,1.139,1.6041450214512063,1,Комфортная,1.139,23.813578913695125
developer,Заельцовский,1.0,11.0,16.678,17.6,2.0,Дачное шоссе,83.39,Заельцовская,0,2,55.084394,82.807044,7.289,9.408152473662597,1,Удалённая,7.289,32.445155851863376
real_estate_agent,Железнодорожный,4.0,17.0,5.0,9.77,2.0,Красноярская,43.8,Площадь Гарина-Михайловского,0,5,55.043175,82.89772,0.873,2.0464522511995,1,Комфортная,0.873,25.49092023889261
real_estate_agent,Советский,1.0,4.0,5.6,8.5,2.0,Золотодолинская,44.0,Площадь Маркса,0,65,54.835476,83.106057,21.13,24.683545696129197,0,Удалённая,0.0,1.1841693266430688
developer,Калининский,1.0,9.0,10.02,7.868915,2.0,Василия Клевцова,50.1,Заельцовская,0,3,55.096445,82.975559,5.779,8.163203312083969,1,Автомобильная,5.779,29.115326328558645
real_estate_agent,Октябрьский,8.0,8.0,12.4,9.8,2.0,Бориса Богаткова,58.5,Золотая Нива,0,17,55.034167,82.976646,0.377,3.60966587406764,1,Пешеходная,0.377,22.479023324310422
real_estate_agent,Калининский,4.0,5.0,6.0,2.9,2.0,Флотская,44.0,Заельцовская,0,59,55.171041,82.996319,13.548,16.391710712409232,1,Удалённая,13.548,36.93980358480774
developer,Заельцовский,13.0,25.0,6.1,13.675,2.0,Дачная,67.3,Заельцовская,0,2,55.054594,82.906757,0.615,2.852762085677449,1,Комфортная,0.615,26.335684386395986
real_estate_agent,Кировский,1.0,4.0,13.0,3.1,2.0,Радиостанция,43.4,Спортивная,0,7,54.940608,83.000128,7.895,11.181217654073226,0,Удалённая,0.0,12.34784862700077
developer,Заельцовский,21.0,23.0,15.380000000000004,13.243528,2.0,Дуси Ковальчук,76.9,Заельцовская,0,4,55.054006,82.90285,0.833,2.8780497587790106,1,Комфортная,0.833,26.392022482383226
real_estate_agent,Дзержинский,2.0,4.0,10.0,4.1,2.0,Авиастроителей,54.7,Березовая Роща,0,87,55.072046,82.970044,3.399,5.62780891463936,1,Автомобильная,3.399,26.608203304436767
homeowner,Кировский,15.0,18.0,9.0,5.5,2.0,Сибиряков-Гвардейцев,39.0,Площадь Маркса,0,4,54.94307,82.901646,4.376,9.75843717458473,0,Автомобильная,0.0,16.546909948906276
real_estate_agent,Калининский,1.0,5.0,6.2,4.25,2.0,Танковая,42.5,Заельцовская,0,64,55.063426,82.933437,1.415,3.790054690917383,1,Комфортная,1.415,26.50901127204869
real_estate_agent,Кировский,6.0,17.0,14.6,3.8,2.0,Виктора Уса,42.6,Площадь Маркса,0,14,54.935772,82.883033,5.242,10.763921782446598,0,Автомобильная,0.0,16.948588855114444
real_estate_agent,Калининский,9.0,10.0,8.0,4.7,2.0,Родники,54.0,Заельцовская,0,35,55.11285,82.952616,6.507,9.419648484203089,1,Автомобильная,6.507,31.270941958049224
real_estate_agent,Ленинский,5.0,5.0,6.0,3.7,2.0,Немировича-Данченко,44.4,Площадь Маркса,0,62,54.970117,82.862839,2.523,7.62082831052718,1,Транспортная,2.523,20.407572742845247
real_estate_agent,Кировский,3.0,5.0,6.0,3.45,2.0,Зорге,44.2,Площадь Маркса,0,56,54.930403,82.918301,5.941,11.093864794629026,0,Автомобильная,0.0,14.818402932197635
real_estate_agent,Ленинский,3.0,10.0,4.0,3.9,2.0,Титова,38.6,Площадь Маркса,0,14,54.979748,82.809676,5.528,9.017661235620142,1,Автомобильная,5.528,23.658065286930732
real_estate_agent,Октябрьский,19.0,20.0,10.184,9.45,2.0,Ленинградская,50.92,Речной вокзал,0,2,55.001819,82.983518,3.038,5.10966302296737,1,Автомобильная,3.038,18.95922571787914
real_estate_agent,Ленинский,8.0,12.0,7.1,4.45,2.0,Новосибирская,46.7,Площадь Маркса,0,6,54.991625,82.843893,3.495,6.494945459252749,1,Автомобильная,3.495,22.94818343579334
real_estate_agent,Заельцовский,16.0,28.0,7.968000000000001,8.82,2.0,Сухарная,39.84,Площадь Гарина-Михайловского,0,1,55.046373,82.855886,3.041,4.490523798660787,1,Автомобильная,3.041,27.200011743723838
real_estate_agent,Железнодорожный,5.0,5.0,6.0,4.3,2.0,Фабричная,42.7,Октябрьская,0,62,55.016817,82.92157,1.145,1.4859889438217395,1,Комфортная,1.145,22.191975197552704
real_estate_agent,Кировский,3.0,5.0,6.0,3.3,2.0,Зорге,44.0,Площадь Маркса,0,48,54.936357,82.912048,5.208,10.444694831506814,0,Автомобильная,0.0,15.554327818893803
developer,Заельцовский,4.0,25.0,6.0,6.6,2.0,Красный проспект,32.4,Заельцовская,0,2,55.075716,82.911411,1.86,5.097555932832565,1,Транспортная,1.86,28.323061374176355
real_estate_agent,Октябрьский,3.0,5.0,5.8,4.25,2.0,Пешеходная,44.3,Золотая Нива,0,57,55.026778,82.986492,1.38,4.226793379863402,1,Комфортная,1.38,21.497175185235182
real_estate_agent,Советский,8.0,9.0,9.0,7.05,2.0,Полевая,52.0,Спортивная,0,45,54.86544,83.104099,18.572,21.750100589748357,0,Удалённая,0.0,2.5114224808629824
real_estate_agent,Ленинский,1.0,9.0,7.0,3.9,2.0,Связистов,43.0,Площадь Маркса,0,43,54.964902,82.841791,3.975,8.821845673242004,1,Автомобильная,3.975,21.026595840470943
developer,Заельцовский,18.0,25.0,5.2,6.9,2.0,Красный проспект,33.0,Заельцовская,0,2,55.075716,82.911411,1.86,5.097555932832565,1,Транспортная,1.86,28.323061374176355
real_estate_agent,Октябрьский,4.0,24.0,6.0,9.9,2.0,Большевистская,59.7,Речной вокзал,0,3,54.991981,82.978003,3.212,5.6125081723724985,1,Автомобильная,3.212,18.090761930006284
real_estate_agent,Ленинский,1.0,2.0,7.0,3.95,2.0,Хилокская,56.7,Площадь Маркса,0,71,54.95156,82.832476,5.313,10.386632824295274,1,Автомобильная,5.313,20.59021099264431
developer,Заельцовский,20.0,23.0,12.3,16.55,2.0,Красный проспект,61.5,Заельцовская,0,3,55.068144,82.911878,1.018,4.258113020479213,1,Комфортная,1.018,27.54583690589678
real_estate_agent,Калининский,7.0,10.0,7.1,5.8,2.0,Кропоткина,43.3,Березовая Роща,0,39,55.058605,82.947604,1.724,3.605055371788585,1,Транспортная,1.724,25.672494129156924
real_estate_agent,Октябрьский,3.0,4.0,14.0,3.99,2.0,1-я Родниковая,58.6,Речной вокзал,0,15,54.985963,83.011788,5.391,7.621675813121935,1,Автомобильная,5.391,16.681345618156502
developer,Заельцовский,7.0,23.0,5.0,7.9,2.0,Ляпидевского,45.2,Заельцовская,0,2,55.080926,82.923116,2.528,5.64694599228574,1,Транспортная,2.528,28.55779722556281
real_estate_agent,Кировский,4.0,17.0,4.0,3.98,2.0,Виктора Уса,42.0,Площадь Маркса,0,13,54.935772,82.883033,5.242,10.763921782446598,0,Автомобильная,0.0,16.948588855114444
real_estate_agent,Калининский,17.0,17.0,10.0,7.0,2.0,Курчатова,43.0,Заельцовская,0,6,55.104821,82.97308,6.386,8.952545572943421,1,Автомобильная,6.386,30.05573977705156
real_estate_agent,Кировский,2.0,10.0,6.8,4.2,2.0,Комсомольская,43.1,Спортивная,0,39,54.956601,82.966504,5.173,8.691783927236798,0,Автомобильная,0.0,14.981263637473415
real_estate_agent,Заельцовский,18.0,24.0,16.4,11.7,2.0,Кропоткина,82.0,Заельцовская,0,12,55.059044,82.936168,1.501,3.3639713855019693,1,Транспортная,1.501,25.992465386686913
real_estate_agent,Дзержинский,5.0,5.0,6.8,4.2,2.0,Гусинобродское шоссе,43.1,Золотая Нива,0,3,55.038702,83.009893,2.189,5.779057824638059,1,Транспортная,2.189,22.3511285589805
developer,Заельцовский,14.0,15.0,4.6,16.9,2.0,Красный проспект,67.0,Заельцовская,0,3,55.068144,82.911878,1.018,4.258113020479213,1,Комфортная,1.018,27.54583690589678
real_estate_agent,Кировский,4.0,9.0,5.3,5.2,2.0,Зорге,45.0,Площадь Маркса,0,53,54.933967,82.906982,5.418,10.731122088137951,0,Автомобильная,0.0,15.62637035166479
real_estate_agent,Первомайский,5.0,5.0,5.6,4.3,2.0,Маяковского,43.1,Золотая Нива,0,14,54.973858,83.085953,9.98,12.273085717830654,0,Удалённая,0.0,14.4933884065643
real_estate_agent,Октябрьский,2.0,5.0,11.5,7.95,2.0,Нижегородская,54.8,Речной вокзал,0,33,55.012233,82.948816,0.78,2.692325468869032,1,Комфортная,0.78,20.92301812796504
real_estate_agent,Первомайский,6.0,9.0,7.5,4.3,2.0,Героев Революции,43.1,Золотая Нива,0,39,54.977031,83.084175,9.651,11.997722733621872,0,Удалённая,0.0,14.850407787062432
real_estate_agent,Октябрьский,1.0,5.0,8.5,6.0,2.0,Панфиловцев,61.9,Золотая Нива,0,63,55.025947,82.977221,1.289,3.649409927205835,1,Комфортная,1.289,21.607109355794314
real_estate_agent,Ленинский,3.0,3.0,12.0,4.35,2.0,Хасановская,47.0,Площадь Маркса,0,67,54.984486,82.850631,2.918,6.753722663517283,1,Транспортная,2.918,22.08107664866831
developer,Октябрьский,7.0,10.0,13.840000000000002,14.6,2.0,Сакко и Ванцетти,69.2,Речной вокзал,0,2,55.012883,82.935665,0.419,2.152952618375098,1,Пешеходная,0.419,21.372704209801498
real_estate_agent,Кировский,14.0,17.0,18.0,3.7,2.0,Виктора Уса,42.0,Площадь Маркса,0,13,54.935591,82.885288,5.24,10.752621829102134,0,Автомобильная,0.0,16.821732854717645
real_estate_agent,Кировский,1.0,5.0,6.0,3.76,2.0,Петухова,44.0,Площадь Маркса,0,61,54.939388,82.912174,4.879,10.10769700125882,0,Автомобильная,0.0,15.773563183270628
real_estate_agent,Кировский,7.0,18.0,10.0,5.05,2.0,Герцена,47.0,Спортивная,0,7,54.961455,82.969271,4.853,8.250799399428653,0,Автомобильная,0.0,15.343741659116969
real_estate_agent,Советский,1.0,4.0,6.0,6.6,2.0,Золотодолинская,44.3,Площадь Маркса,0,65,54.837887,83.10754,20.985,24.49467744530723,0,Удалённая,0.0,1.0696540415664317
real_estate_agent,Калининский,1.0,2.0,6.0,3.5,2.0,Новоуральская,42.4,Заельцовская,0,67,55.175663,82.966819,13.423,16.445507726266346,1,Удалённая,13.423,37.80512306461724
real_estate_agent,Дзержинский,1.0,5.0,6.0,4.2,2.0,Трикотажная,47.1,Березовая Роща,0,65,55.067381,82.967933,2.866,5.126334784822162,1,Транспортная,2.866,26.1547885968426
developer,Заельцовский,7.0,20.0,12.8,14.0,2.0,Дуси Ковальчук,62.4,Заельцовская,0,1,55.057193,82.906865,0.417,3.127270329890379,1,Пешеходная,0.417,26.59018735446785
real_estate_agent,Центральный,8.0,11.0,9.0,9.19,2.0,Максима Горького,53.0,Площадь Ленина,0,40,55.028538,82.932081,0.767,0.7638927875874001,1,Комфортная,0.767,23.02180216355739
real_estate_agent,Ленинский,4.0,5.0,5.8,3.8,2.0,Широкая,43.6,Площадь Маркса,0,6,54.991764,82.841863,3.623,6.5827175147194055,1,Автомобильная,3.623,23.04979871451355
developer,Заельцовский,18.0,25.0,5.2,9.47208,2.0,Дачная,40.2,Заельцовская,0,2,55.054594,82.906757,0.615,2.852762085677449,1,Комфортная,0.615,26.335684386395986
real_estate_agent,Дзержинский,2.0,5.0,4.0,4.1,2.0,Авиастроителей,34.0,Березовая Роща,0,67,55.073422,82.975335,3.667,5.94674704680464,1,Автомобильная,3.667,26.65622122363137
real_estate_agent,Кировский,3.0,4.0,8.8,3.85,2.0,Радиостанция,56.2,Спортивная,0,9,54.940608,83.000128,7.895,11.181217654073226,0,Удалённая,0.0,12.34784862700077
real_estate_agent,Калининский,16.0,17.0,13.8,7.4,2.0,Мясниковой,65.0,Заельцовская,0,7,55.106114,82.948753,5.722,8.635455564589769,1,Автомобильная,5.722,30.62857808866423
real_estate_agent,Калининский,1.0,1.0,6.0,3.5,2.0,Знаменская,44.5,Заельцовская,0,3,55.163672,82.986914,12.562,15.436085630881866,1,Удалённая,12.562,36.240854368321216
developer,Заельцовский,18.0,25.0,4.7,10.0674,2.0,Дачная,44.1,Заельцовская,0,2,55.054594,82.906757,0.615,2.852762085677449,1,Комфортная,0.615,26.335684386395986
real_estate_agent,Советский,5.0,6.0,10.0,5.475,2.0,Ивлева,60.7,Площадь Маркса,0,3,54.864953,82.993867,14.464,18.95982266289692,0,Удалённая,0.0,6.841182522939042
real_estate_agent,Заельцовский,26.0,30.0,13.0,12.2,2.0,Красный проспект,59.0,Заельцовская,0,3,55.063658,82.905158,0.702,3.849325912843135,1,Комфортная,0.702,27.281808122219267
real_estate_agent,Железнодорожный,5.0,5.0,5.6,5.55,2.0,Челюскинцев,42.5,Площадь Гарина-Михайловского,0,61,55.036783,82.902436,0.237,1.3628199266203902,1,Пешеходная,0.237,24.724587374083615
real_estate_agent,Заельцовский,8.0,25.0,9.0,6.89,2.0,Красногорская,36.6,Заельцовская,0,1,55.072747,82.898448,1.774,4.937701159286329,1,Транспортная,1.774,28.37718136668489
real_estate_agent,Дзержинский,5.0,5.0,15.0,5.99,2.0,Трикотажная,61.0,Березовая Роща,0,3,55.060111,82.974158,2.346,4.775054103777379,1,Транспортная,2.346,25.263822878851514
real_estate_agent,Железнодорожный,16.0,29.0,10.9,10.6,2.0,Фабричная,54.6,Площадь Гарина-Михайловского,0,4,55.026159,82.897981,1.033,1.498868005981182,1,Комфортная,1.033,23.854520002567348
real_estate_agent,Ленинский,14.0,17.0,5.0,6.2,2.0,Невельского,39.1,Площадь Маркса,0,2,54.992281,82.833877,4.128,6.943018284661969,1,Автомобильная,4.128,23.4500035891076
real_estate_agent,Кировский,1.0,5.0,7.0,6.3,2.0,Сибиряков-Гвардейцев,55.7,Площадь Маркса,0,71,54.977599,82.895627,0.524,6.055412637834222,0,Комфортная,0.0,19.569324120178873
real_estate_agent,Дзержинский,9.0,9.0,6.0,6.29,2.0,Есенина,43.0,Золотая Нива,0,47,55.049328,82.987947,1.533,4.800349501256272,1,Транспортная,1.533,23.859303498943454
real_estate_agent,Заельцовский,3.0,25.0,10.5,8.9,2.0,Красногорская,53.4,Заельцовская,0,1,55.072716,82.900801,1.7,4.893965189636895,1,Транспортная,1.7,28.308273867389516
real_estate_agent,Дзержинский,5.0,14.0,6.0,6.55,2.0,Коминтерна,50.0,Золотая Нива,0,6,55.041906,83.023403,3.085,6.689836334797223,1,Автомобильная,3.085,22.508189411345043
developer,Заельцовский,28.0,29.0,5.6,10.564706,2.0,Сухарная,35.7,Площадь Гарина-Михайловского,0,1,55.046373,82.855886,3.041,4.490523798660787,1,Автомобильная,3.041,27.200011743723838
real_estate_agent,Кировский,20.0,25.0,10.0,10.7,2.0,Немировича-Данченко,62.0,Площадь Маркса,0,9,54.978023,82.914752,1.276,5.809245838873143,0,Комфортная,0.0,18.837212443405637
real_estate_agent,Калининский,7.0,17.0,9.7,6.6,2.0,Гребенщикова,52.7,Заельцовская,0,19,55.113241,82.94304,6.335,9.349050534181512,1,Автомобильная,6.335,31.494185360310492
developer,Заельцовский,16.0,29.0,5.3,10.552941,2.0,Сухарная,40.93,Площадь Гарина-Михайловского,0,1,55.046373,82.855886,3.041,4.490523798660787,1,Автомобильная,3.041,27.200011743723838
real_estate_agent,Октябрьский,9.0,10.0,28.8,7.1,2.0,Выборная,64.8,Золотая Нива,0,4,55.001984,83.015265,4.689,6.809499804093681,1,Автомобильная,4.689,18.31782912495358
real_estate_agent,Дзержинский,8.0,10.0,9.0,6.75,2.0,Красина,49.9,Березовая Роща,0,34,55.04384,82.962516,0.679,3.082491828833017,1,Комфортная,0.679,23.798896278172904
real_estate_agent,Калининский,9.0,12.0,9.2,6.8,2.0,Мясниковой,55.0,Заельцовская,0,3,55.108107,82.932054,5.599,8.698264420675088,1,Автомобильная,5.599,31.17687554882102
real_estate_agent,Центральный,15.0,17.0,43.1,11.25,2.0,Державина,74.1,Березовая Роща,0,18,55.040987,82.943588,0.589,1.9038265597010653,1,Комфортная,0.589,23.9613877640934
homeowner,Кировский,6.0,11.0,10.1,6.8,2.0,Петухова,56.3,Площадь Маркса,0,12,54.937443,82.946624,5.937,10.444735522270417,0,Автомобильная,0.0,14.06553454135242
developer,Заельцовский,21.0,29.0,4.5,10.658824,2.0,Сухарная,44.2,Площадь Гарина-Михайловского,0,1,55.046373,82.855886,3.041,4.490523798660787,1,Автомобильная,3.041,27.200011743723838
real_estate_agent,Калининский,9.0,13.0,8.0,6.9,2.0,Имени генерал-майора А.Н. Рожкина,60.0,Заельцовская,0,2,55.108189,82.922316,5.504,8.67669862230321,1,Автомобильная,5.504,31.39702275670544
real_estate_agent,Кировский,8.0,22.0,15.0,6.999,2.0,Тульская,40.0,Студенческая,0,2,54.979315,82.919576,1.351,5.654527988541639,0,Комфортная,0.0,18.766383198559346
real_estate_agent,Кировский,5.0,10.0,11.1,7.1,2.0,Петухова,63.0,Площадь Маркса,0,12,54.937443,82.946624,5.937,10.444735522270417,0,Автомобильная,0.0,14.06553454135242
developer,Железнодорожный,13.0,25.0,16.44,19.5,2.0,Железнодорожная,82.2,Гагаринская,0,3,55.046465,82.906317,0.732,2.0234654986688483,1,Комфортная,0.732,25.547480998407377
real_estate_agent,Заельцовский,5.0,19.0,10.0,10.15,2.0,Дуси Ковальчук,65.0,Гагаринская,0,5,55.053046,82.897792,1.109,2.92482858498757,1,Комфортная,1.109,26.44906834190392
real_estate_agent,Калининский,2.0,16.0,13.1,7.18,2.0,Фадеева,61.9,Заельцовская,0,12,55.099052,82.936842,4.713,7.730793582417746,1,Автомобильная,4.713,30.126069976987907
developer,Заельцовский,2.0,17.0,5.5,5.8,2.0,Лобачевского,44.21,Заельцовская,0,3,55.122246,82.903218,7.058,10.2974380673459,1,Удалённая,7.058,33.291820504980244
real_estate_agent,Заельцовский,6.0,14.0,12.0,8.7,2.0,Красный проспект,42.0,Заельцовская,0,4,55.055811,82.914474,0.374,2.8768909491551438,1,Пешеходная,0.374,26.23707008586597
real_estate_agent,Советский,7.0,9.0,10.0,7.25,2.0,Арбузова,53.9,Площадь Маркса,0,46,54.866757,83.09747,18.179,21.400186669811635,0,Удалённая,0.0,2.5839604089627763
developer,Заельцовский,2.0,28.0,12.04,10.658483,2.0,Сухарная,60.2,Площадь Гарина-Михайловского,0,2,55.047213,82.858868,2.909,4.356947060903408,1,Транспортная,2.909,27.17164052970939
real_estate_agent,Заельцовский,5.0,7.0,21.4,8.0,2.0,Кедровая,51.5,Заельцовская,0,5,55.106479,82.907521,5.289,8.525478491853153,1,Автомобильная,5.289,31.56294549734884
real_estate_agent,Заельцовский,3.0,14.0,10.7,7.3,2.0,Лобачевского,46.7,Заельцовская,0,10,55.121026,82.901646,6.932,10.173842480128805,1,Автомобильная,6.932,33.20263770775613
developer,Ленинский,9.0,14.0,29.8,11.503,2.0,Забалуева,54.6,Площадь Маркса,0,2,54.98852,82.807619,5.694,8.555241682058933,1,Автомобильная,5.694,24.39084580517632
homeowner,Октябрьский,25.0,26.0,14.0,8.269589,2.0,Закаменский мкр,45.0,Березовая Роща,0,3,55.035612,82.957431,0.925,2.434120723223096,1,Комфортная,0.925,23.066471352043077
developer,Калининский,18.0,18.0,4.9,9.7,2.0,Игарская,65.75,Заельцовская,0,1,55.102452,82.937021,5.076,8.10702069365299,1,Автомобильная,5.076,30.478894366284777
real_estate_agent,Заельцовский,6.0,16.0,12.7,10.0,2.0,Серебряные Ключи,71.5,Заельцовская,0,22,55.067427,82.933383,1.622,4.22463082073576,1,Транспортная,1.622,26.920907458767132
real_estate_agent,Калининский,6.0,17.0,14.0,8.99,2.0,Красный проспект,61.0,Заельцовская,0,3,55.107757,82.924508,5.474,8.631731167861496,1,Автомобильная,5.474,31.303395686904558
developer,Октябрьский,4.0,20.0,20.3,8.9069,2.0,Ленинградская,68.77,Речной вокзал,0,1,55.011185,82.963136,1.635,3.444290843570368,1,Транспортная,1.635,20.427155475247062
real_estate_agent,Октябрьский,16.0,17.0,10.0,11.5,2.0,Гаранина,60.0,Золотая Нива,0,5,55.026721,82.970493,1.242,3.213213183050905,1,Комфортная,1.242,21.839560691513842
real_estate_agent,Заельцовский,9.0,11.0,12.0,10.7,2.0,Дачное шоссе,44.0,Заельцовская,0,2,55.084394,82.807044,7.289,9.408152473662597,1,Удалённая,7.289,32.445155851863376
developer,Октябрьский,1.0,7.0,15.0,10.1585,2.0,Большевистская,75.0,Речной вокзал,0,1,54.99256,82.977895,3.168,5.559404724898926,1,Автомобильная,3.168,18.15229982940267
real_estate_agent,Заельцовский,17.0,19.0,9.0,12.2,2.0,Дуси Ковальчук,83.1,Гагаринская,0,16,55.053046,82.897792,1.109,2.92482858498757,1,Комфортная,1.109,26.44906834190392
realtor,Заельцовский,3.0,16.0,5.8,3.7,2.0,Солидарности,42.7,Заельцовская,0,22,55.155757,82.954745,11.088,14.134800733434828,1,Удалённая,11.088,35.830122330788114
real_estate_agent,Кировский,3.0,5.0,5.2,3.85,2.0,Зорге,43.8,Площадь Маркса,0,9,54.936884,82.912569,5.157,10.38451243908227,0,Автомобильная,0.0,15.56832763252697
developer,Ленинский,7.0,17.0,27.1,6.24,2.0,Невельского,58.2,Площадь Маркса,0,3,54.992281,82.833877,4.128,6.943018284661969,1,Автомобильная,4.128,23.4500035891076
real_estate_agent,Калининский,10.0,11.0,10.0,6.3,2.0,Мясниковой,57.9,Заельцовская,0,13,55.108926,82.934264,5.72,8.801964792442254,1,Автомобильная,5.72,31.21640049253731
developer,Ленинский,5.0,14.0,12.6,10.303,2.0,Забалуева,45.6,Площадь Маркса,0,2,54.98852,82.807619,5.694,8.555241682058933,1,Автомобильная,5.694,24.39084580517632
real_estate_agent,Октябрьский,12.0,18.0,5.0,3.85,2.0,Плющихинская,42.87,Золотая Нива,0,2,55.018329,83.002554,2.738,5.397146592438487,1,Транспортная,2.738,20.290212372137212
developer,Калининский,18.0,18.0,5.0,11.6,2.0,Имени генерал-майора А.Н. Рожкина,76.1,Заельцовская,0,2,55.111804,82.925092,5.925,9.082681116152711,1,Автомобильная,5.925,31.71315122498113
realtor,Ленинский,1.0,9.0,5.1,4.3,2.0,Петропавловская,41.6,Площадь Маркса,0,52,54.982352,82.861536,2.212,6.509474375107334,1,Транспортная,2.212,21.424302064580008
developer,Заельцовский,10.0,29.0,15.202000000000002,11.5,2.0,Сухарная,76.01,Площадь Гарина-Михайловского,0,3,55.046306,82.859919,2.804,4.253257432908996,1,Транспортная,2.804,27.050585955870968
real_estate_agent,Октябрьский,5.0,10.0,9.0,4.5,2.0,В. Высоцкого,58.75,Золотая Нива,0,3,55.01309,83.005177,3.305,5.725726049743391,1,Автомобильная,3.305,19.68419222461117
real_estate_agent,Калининский,7.0,9.0,8.0,5.05,2.0,Курчатова,52.6,Заельцовская,0,49,55.104836,82.961743,5.98,8.70963292903736,1,Автомобильная,5.98,30.251346204048126
developer,Ленинский,4.0,15.0,9.58,8.54,2.0,площадь Карла Маркса,47.9,Площадь Маркса,0,1,54.983024,82.893202,0.208,5.522037183566433,1,Пешеходная,0.208,20.13041113539444
real_estate_agent,Дзержинский,5.0,5.0,6.0,4.06,2.0,проспект Дзержинского,40.8,Березовая Роща,0,3,55.052407,82.970412,1.554,4.031795495737726,1,Транспортная,1.554,24.52509874950109
developer,Калининский,18.0,18.0,5.2,9.25,2.0,Игарская,57.54,Заельцовская,0,1,55.102931,82.937623,5.138,8.164880529642383,1,Автомобильная,5.138,30.516583986689163
developer,Первомайский,9.0,14.0,14.0,8.5339,2.0,Звездная,64.15,Речной вокзал,0,1,54.952646,83.066864,10.374,12.710379261406594,0,Удалённая,0.0,12.249782651095776
real_estate_agent,Ленинский,2.0,5.0,6.9,3.72,2.0,Курганская,44.4,Площадь Маркса,0,52,54.972339,82.843067,3.567,8.10506771644526,1,Автомобильная,3.567,21.504352169095945
developer,Центральный,19.0,25.0,9.2,11.3,2.0,Державина,46.0,Маршала Покрышкина,0,5,55.039729,82.937156,0.573,1.50537479346394,1,Комфортная,0.573,24.002034321488217
real_estate_agent,Октябрьский,2.0,2.0,4.0,3.35,2.0,3-го Интернационала,39.0,Речной вокзал,0,67,55.002836,82.9691,2.127,4.342787966090998,1,Транспортная,2.127,19.424525939410813
real_estate_agent,Кировский,10.0,10.0,12.1,5.4,2.0,Николая Сотникова,63.7,Площадь Маркса,0,10,54.94308,82.970376,6.438,10.194122226606448,0,Автомобильная,0.0,13.599967478962812
developer,Октябрьский,15.0,18.0,10.66,13.325,2.0,Большевистская,53.3,Речной вокзал,0,1,55.003678,82.946319,0.832,3.37596176492265,1,Комфортная,0.832,20.149667926859088
real_estate_agent,Октябрьский,8.0,10.0,28.0,9.8,2.0,Автогенная,56.0,Речной вокзал,0,13,55.008335,82.968463,1.965,3.9071474003498143,1,Транспортная,1.965,19.99956311405191
real_estate_agent,Центральный,3.0,5.0,6.0,5.55,2.0,Достоевского,46.6,Красный проспект,0,63,55.045826,82.919891,0.496,1.7417699602478685,1,Пешеходная,0.496,25.08850450437087
developer,Октябрьский,17.0,20.0,10.2,8.7367,2.0,Ленинградская,63.84,Речной вокзал,0,1,55.011185,82.963136,1.635,3.444290843570368,1,Транспортная,1.635,20.427155475247062
real_estate_agent,Ленинский,5.0,5.0,7.3,5.5,2.0,Станиславского,58.7,Площадь Маркса,0,67,54.984987,82.871876,1.58,5.901236228176897,1,Транспортная,1.58,21.187329221262075
real_estate_agent,Ленинский,16.0,19.0,3.0,5.5,2.0,Ивана Севастьянова,46.0,Площадь Маркса,0,8,54.96607,82.831407,4.512,9.112584822124392,1,Автомобильная,4.512,21.621450306720433
developer,Октябрьский,1.0,7.0,14.62,9.9113,2.0,Большевистская,73.1,Речной вокзал,0,1,54.99256,82.977895,3.168,5.559404724898926,1,Автомобильная,3.168,18.15229982940267
real_estate_agent,Центральный,10.0,20.0,15.2,12.8,2.0,Орджоникидзе,81.6,Площадь Ленина,0,16,55.032697,82.935764,1.018,1.0165997198246866,1,Комфортная,1.018,23.3326418739591
real_estate_agent,Ленинский,16.0,18.0,9.9,5.7,2.0,Забалуева,47.47,Площадь Маркса,0,4,54.987684,82.774687,7.776,10.42518658168105,1,Удалённая,7.776,25.950697570890636
developer,Ленинский,17.0,17.0,11.6,6.7,2.0,Связистов,58.0,Площадь Маркса,0,2,54.98523,82.834084,3.977,7.435424688463525,1,Автомобильная,3.977,22.89545323671187
real_estate_agent,Октябрьский,7.0,15.0,23.0,9.55,2.0,Воинская,63.0,Золотая Нива,0,3,55.019986,82.976853,1.949,3.7698818633551454,1,Транспортная,1.949,20.994932322053792
real_estate_agent,Октябрьский,4.0,5.0,6.0,5.9,2.0,Гурьевская,46.0,Речной вокзал,0,61,55.011046,82.946005,0.564,2.678852215543903,1,Комфортная,0.564,20.885630154005707
real_estate_agent,Советский,6.0,8.0,12.5,7.7,2.0,Приморская,70.5,Площадь Маркса,0,11,54.857035,82.989187,15.143,19.74560134126928,0,Удалённая,0.0,6.880307064792746
real_estate_agent,Заельцовский,1.0,5.0,5.8,5.9,2.0,Красный проспект,44.3,Заельцовская,0,63,55.065824,82.907629,0.822,4.048161042417163,1,Комфортная,0.822,27.429037242900556
developer,Ленинский,1.0,17.0,30.5,5.35,2.0,Связистов,61.3,Площадь Маркса,0,5,54.985633,82.832781,4.063,7.46735269456431,1,Автомобильная,4.063,22.98667896761051
real_estate_agent,Октябрьский,20.0,23.0,13.0,9.1,2.0,2-я Воинская,58.0,Золотая Нива,0,2,55.016915,82.987776,2.417,4.538162461147457,1,Транспортная,2.417,20.433914982818834
real_estate_agent,Заельцовский,5.0,5.0,5.7,6.05,2.0,Михаила Перевозчикова,45.7,Заельцовская,0,3,55.059497,82.906982,0.362,3.3723125562456406,1,Пешеходная,0.362,26.815784401904498
developer,Дзержинский,13.0,17.0,15.450000000000005,8.072209,2.0,Промышленная,39.45,Березовая Роща,0,1,55.055398,82.966414,1.632,4.056250544857086,1,Транспортная,1.632,24.92245547039263
real_estate_agent,Заельцовский,3.0,17.0,10.6,10.5,2.0,Аэропорт,58.56,Заельцовская,0,4,55.080158,82.901799,2.451,5.684286936281938,1,Транспортная,2.451,29.02775942183817
real_estate_agent,Ленинский,3.0,17.0,8.4,6.14,2.0,Невельского,56.4,Площадь Маркса,0,3,54.992281,82.833877,4.128,6.943018284661969,1,Автомобильная,4.128,23.4500035891076
real_estate_agent,Дзержинский,4.0,5.0,6.0,6.7,2.0,Кошурникова,43.5,Березовая Роща,0,58,55.043309,82.956183,0.273,2.706389713220985,1,Пешеходная,0.273,23.88984475021745
real_estate_agent,Октябрьский,2.0,10.0,9.0,6.15,2.0,В. Высоцкого,50.0,Золотая Нива,0,20,55.027696,83.022748,3.196,6.526405555368943,1,Автомобильная,3.196,20.971854131082022
developer,Дзержинский,1.0,25.0,35.7,9.35,2.0,Николая Островского,64.5,Березовая Роща,0,2,55.054506,82.950083,1.251,3.3005195234566056,1,Комфортная,1.251,25.190538967933477
real_estate_agent,Октябрьский,23.0,25.0,7.0,10.8,2.0,Лескова,56.9,Октябрьская,0,7,55.025338,82.953461,1.164,2.172194173705308,1,Комфортная,1.164,22.11552936811038
homeowner,Центральный,2.0,5.0,6.0,6.3,2.0,Красный проспект,44.0,Красный проспект,0,62,55.043262,82.915004,0.24,1.49688786526724,1,Пешеходная,0.24,24.974855277361716
developer,Заельцовский,1.0,18.0,6.0,6.47,2.0,Аэропорт,46.4,Заельцовская,0,3,55.078519,82.913162,2.171,5.396643181669985,1,Транспортная,2.171,28.561817554532198
real_estate_agent,Центральный,3.0,14.0,15.7,10.6,2.0,Ипподромская,69.7,Маршала Покрышкина,0,21,55.039909,82.941702,0.707,1.7350293841007445,1,Комфортная,0.707,23.900495862077346
real_estate_agent,Железнодорожный,4.0,24.0,14.0,14.6,2.0,Дмитрия Шамшурина,64.0,Площадь Гарина-Михайловского,0,6,55.031597,82.90055,0.427,1.2772925444426062,1,Пешеходная,0.427,24.286771679373576
real_estate_agent,Заельцовский,1.0,5.0,5.0,6.5,2.0,Дуси Ковальчук,50.2,Заельцовская,0,65,55.060962,82.917321,0.371,3.4302152050339543,1,Пешеходная,0.371,26.675617546965224
developer,Дзержинский,8.0,29.0,10.9,10.17,2.0,Закаменский мкр,54.5,Березовая Роща,0,2,55.038155,82.954826,0.602,2.364729072140335,1,Комфортная,0.602,23.391119978787064
real_estate_agent,Октябрьский,6.0,15.0,24.0,8.5,2.0,Кошурникова,53.29,Золотая Нива,0,1,55.039997,82.966774,0.627,3.1486892845804637,1,Комфортная,0.627,23.3034375427293
real_estate_agent,Заельцовский,3.0,5.0,6.0,6.5,2.0,Кропоткина,44.0,Гагаринская,0,61,55.054862,82.91795,0.484,2.750744767834062,1,Пешеходная,0.484,26.04563072180712
developer,Первомайский,15.0,18.0,14.3,8.814,2.0,Заречная,56.7,Речной вокзал,0,2,54.977072,83.042951,7.61,9.792786585991635,0,Удалённая,0.0,15.197272055053796
real_estate_agent,Кировский,4.0,5.0,12.0,6.65,2.0,Пригородная,60.0,Студенческая,0,9,54.974251,82.925496,2.028,6.225722209950091,0,Транспортная,0.0,18.089071861449664
developer,Заельцовский,23.0,28.0,12.22,10.859027,2.0,Сухарная,61.1,Площадь Гарина-Михайловского,0,2,55.047213,82.858868,2.909,4.356947060903408,1,Транспортная,2.909,27.17164052970939
real_estate_agent,Железнодорожный,2.0,5.0,6.0,8.5,2.0,Советская,58.0,Площадь Ленина,0,72,55.025028,82.917447,0.605,0.6021383609520992,1,Комфортная,0.605,23.11577459420864
developer,Ленинский,9.0,9.0,13.636000000000005,11.45,2.0,Костычева,68.18,Площадь Маркса,0,1,54.975372,82.87776,1.406,6.672955457923809,1,Комфортная,1.406,20.147781933730414
real_estate_agent,Октябрьский,16.0,16.0,9.3,7.48,2.0,Панфиловцев,66.8,Золотая Нива,0,4,55.025364,82.977536,1.355,3.678195055274384,1,Комфортная,1.355,21.539341566911435
real_estate_agent,Кировский,15.0,26.0,37.0,8.99,2.0,Аникина,69.3,Студенческая,0,10,54.964509,82.945106,3.659,7.468262992841505,0,Автомобильная,0.0,16.476835114549594
real_estate_agent,Кировский,3.0,11.0,10.0,7.5,2.0,Аникина,53.0,Студенческая,0,11,54.964504,82.947469,3.762,7.502006958524322,0,Автомобильная,0.0,16.389508936173964
developer,Кировский,18.0,26.0,18.0,7.27,2.0,Аникина,46.26,Студенческая,0,1,54.964866,82.946382,3.685,7.447122803749258,0,Автомобильная,0.0,16.462285689012816
real_estate_agent,Заельцовский,2.0,12.0,6.6,7.5,2.0,Дуси Ковальчук,41.6,Заельцовская,0,41,55.059281,82.91689,0.275,3.2454235102559803,1,Пешеходная,0.275,26.518210414545027
real_estate_agent,Октябрьский,10.0,15.0,14.0,7.5,2.0,Кирова,37.0,Речной вокзал,0,4,55.003058,82.974553,2.45,4.581295380056944,1,Транспортная,2.45,19.306515276407488
real_estate_agent,Октябрьский,21.0,21.0,11.9,9.0,2.0,Кошурникова,55.5,Золотая Нива,0,8,55.040136,82.963737,0.811,2.973686979253144,1,Комфортная,0.811,23.386275926501483
real_estate_agent,Первомайский,13.0,19.0,14.3,7.6,2.0,Заречная,56.7,Речной вокзал,0,3,54.977072,83.042951,7.61,9.792786585991635,0,Удалённая,0.0,15.197272055053796
developer,Октябрьский,15.0,15.0,36.6,14.67,2.0,Большевистская,93.07,Речной вокзал,0,1,54.993696,82.969019,2.646,5.102918561823516,1,Транспортная,2.646,18.505456410346294
real_estate_agent,Кировский,3.0,6.0,36.1,8.55,2.0,Аникина,92.1,Спортивная,0,9,54.965796,82.949867,3.737,7.399571113870997,0,Автомобильная,0.0,16.420899372329927
developer,Железнодорожный,15.0,25.0,12.16,15.4,2.0,Железнодорожная,60.8,Гагаринская,0,3,55.046465,82.906317,0.732,2.0234654986688483,1,Комфортная,0.732,25.547480998407377
real_estate_agent,Октябрьский,10.0,10.0,21.6,9.1,2.0,Сакко и Ванцетти,52.7,Речной вокзал,0,4,55.013725,82.938998,0.499,2.177554337841477,1,Пешеходная,0.499,21.355511467530114
developer,Октябрьский,18.0,25.0,9.96,12.494,2.0,Военная,49.8,Октябрьская,0,3,55.024868,82.949167,0.927,1.9235667432814256,1,Комфортная,0.927,22.1809027216313
real_estate_agent,Октябрьский,9.0,10.0,10.4,9.3,2.0,Кирова,52.0,Речной вокзал,0,4,55.004499,82.977697,2.606,4.633655360098221,1,Транспортная,2.606,19.375713146107994
real_estate_agent,Заельцовский,3.0,10.0,5.0,9.7,2.0,Кубовая,73.0,Заельцовская,0,8,55.123816,82.905464,7.222,10.457038016050516,1,Удалённая,7.222,33.402365347174694
real_estate_agent,Октябрьский,11.0,14.0,12.0,10.6,2.0,Федосеева,75.7,Золотая Нива,0,20,55.039527,82.967007,0.592,3.14494997739036,1,Комфортная,0.592,23.24928511461173
homeowner,Октябрьский,4.0,9.0,14.3,10.0,2.0,Большевистская,63.0,Речной вокзал,0,4,54.991981,82.978003,3.212,5.6125081723724985,1,Автомобильная,3.212,18.090761930006284
developer,Заельцовский,2.0,17.0,4.1,7.34,2.0,Лобачевского,56.76,Заельцовская,0,3,55.121953,82.904107,7.021,10.259155721994995,1,Удалённая,7.021,33.240788909392535
real_estate_agent,Кировский,4.0,17.0,26.9,11.45,2.0,Немировича-Данченко,52.9,Спортивная,0,11,54.991062,82.917052,0.446,4.353405676717321,0,Пешеходная,0.0,19.92221942210509
homeowner,Заельцовский,18.0,22.0,12.0,10.85,2.0,Сухарная,58.0,Площадь Гарина-Михайловского,0,4,55.04646,82.865794,2.48,3.924932613347529,1,Транспортная,2.48,26.859316812850363
real_estate_agent,Заельцовский,12.0,24.0,47.5,12.3,2.0,Тимирязева,82.5,Заельцовская,0,9,55.055749,82.889213,1.533,3.4713101961118054,1,Транспортная,1.533,26.975325228871483
developer,Калининский,12.0,15.0,8.28,5.9,2.0,Родники мкр,41.4,Заельцовская,0,1,55.109986,82.944388,6.02,9.005741386191689,1,Автомобильная,6.02,31.1234205916231
real_estate_agent,Октябрьский,3.0,17.0,31.200000000000003,12.45,2.0,Сакко и Ванцетти,66.2,Октябрьская,0,15,55.015351,82.938135,0.389,1.9965459991786745,1,Пешеходная,0.389,21.541191081240836
real_estate_agent,Советский,3.0,4.0,8.4,13.5,2.0,проспект Морской,53.0,Площадь Маркса,0,21,54.837389,83.10162,20.786,24.36111594739056,0,Удалённая,0.0,0.8419234455772546
official_representative,Октябрьский,26.0,29.0,8.0,13.463,2.0,Военная,50.4,Октябрьская,0,4,55.024868,82.949167,0.927,1.9235667432814256,1,Комфортная,0.927,22.1809027216313
real_estate_agent,Октябрьский,3.0,6.0,10.3,17.2,2.0,Владимира Заровного,77.4,Речной вокзал,0,4,54.989197,82.973376,3.19,5.669821844715195,1,Автомобильная,3.19,17.93421235713743
real_estate_agent,Ленинский,1.0,3.0,5.4,2.47,2.0,Амурская,41.8,Площадь Маркса,0,65,54.97918,82.842905,3.418,7.522388427890151,1,Автомобильная,3.418,22.024598972995335
developer,Дзержинский,13.0,25.0,34.0,8.9,2.0,Николая Островского,63.2,Березовая Роща,0,2,55.054506,82.950083,1.251,3.3005195234566056,1,Комфортная,1.251,25.190538967933477
realtor,Кировский,1.0,3.0,15.0,2.5,2.0,Воскресная,31.0,Спортивная,0,14,54.943649,83.001404,7.695,10.919330897826857,0,Удалённая,0.0,12.605630763018828
real_estate_agent,Первомайский,5.0,5.0,5.9,3.3,2.0,Первомайская,42.7,Золотая Нива,0,65,54.967119,83.108483,11.535,13.892338761014178,0,Удалённая,0.0,13.765430202137413
real_estate_agent,Ленинский,2.0,2.0,4.3,2.5,2.0,Планировочная,37.9,Студенческая,0,67,54.997115,82.892663,1.276,4.079342920305737,1,Комфортная,1.276,21.379866163522557
developer,Ленинский,10.0,15.0,11.6,10.55555,2.0,Серафимовича,54.8,Площадь Маркса,0,1,54.979764,82.88041,1.046,6.158230141985667,1,Комфортная,1.046,20.391329493847017
realtor,Заельцовский,2.0,2.0,5.8,3.88,2.0,Гастелло,61.7,Заельцовская,0,75,55.075711,82.903514,1.946,5.177908683472348,1,Транспортная,1.946,28.53387090167466
developer,Октябрьский,2.0,8.0,3.8,8.2,2.0,Грибоедова,47.1,Золотая Нива,0,1,55.021648,82.976844,1.764,3.7179503515893786,1,Транспортная,1.764,21.167827218238447
real_estate_agent,Ленинский,2.0,9.0,6.5,4.0,2.0,Связистов,41.6,Площадь Маркса,0,43,54.964902,82.841791,3.975,8.821845673242004,1,Автомобильная,3.975,21.026595840470943
real_estate_agent,Первомайский,1.0,2.0,5.6,2.6,2.0,Одоевского,30.6,Речной вокзал,0,67,54.94322,83.12503,14.032,16.24345644465319,0,Удалённая,0.0,11.252437876257263
developer,Заельцовский,14.0,17.0,6.2,7.02,2.0,Аэропорт,44.0,Заельцовская,0,3,55.078519,82.913162,2.171,5.396643181669985,1,Транспортная,2.171,28.561817554532198
real_estate_agent,Советский,3.0,5.0,6.0,3.8,2.0,Молодости,44.0,Площадь Маркса,0,55,54.858461,82.983788,14.864,19.5166313594444,0,Удалённая,0.0,7.252432084279863
developer,Октябрьский,3.0,8.0,3.5,7.4,2.0,Грибоедова,44.5,Золотая Нива,0,1,55.021648,82.976844,1.764,3.7179503515893786,1,Транспортная,1.764,21.167827218238447
real_estate_agent,Калининский,4.0,5.0,6.0,2.86,2.0,Флотская,44.0,Заельцовская,0,3,55.171041,82.996319,13.548,16.391710712409232,1,Удалённая,13.548,36.93980358480774
developer,Ленинский,11.0,18.0,22.1,7.773,2.0,Титова,57.0,Площадь Маркса,0,1,54.978105,82.804825,5.849,9.373792733875325,1,Автомобильная,5.849,23.782140430609328
real_estate_agent,Ленинский,2.0,5.0,6.8,4.29,2.0,9-й Гвардейской Дивизии,44.3,Площадь Маркса,0,45,54.969559,82.845941,3.506,8.245559054194615,1,Автомобильная,3.506,21.162165415846015
real_estate_agent,Калининский,5.0,5.0,6.6,2.9,2.0,Новоуральская,43.2,Заельцовская,0,45,55.174846,82.96795,13.354,16.369282014799243,1,Удалённая,13.354,37.70096538633187
realtor,Ленинский,5.0,5.0,6.0,3.65,2.0,Южная,46.7,Площадь Маркса,0,6,54.982533,82.849894,2.955,6.948926325799716,1,Транспортная,2.955,21.961264379196972
real_estate_agent,Советский,1.0,2.0,6.0,2.999999,2.0,Молодости,48.0,Площадь Маркса,0,21,54.858144,82.980392,14.817,19.50738679754589,0,Удалённая,0.0,7.456577963989207
real_estate_agent,Ленинский,2.0,5.0,5.0,4.1,2.0,Невельского,43.0,Площадь Маркса,0,6,54.992911,82.827014,4.569,7.255435728054593,1,Автомобильная,4.569,23.811767661566023
real_estate_agent,Калининский,3.0,5.0,5.7,2.97,2.0,Флотская,46.4,Заельцовская,0,60,55.170758,82.992861,13.434,16.2980910694854,1,Удалённая,13.434,36.94668131267394
developer,Дзержинский,1.0,25.0,5.4,8.357,2.0,Королева,50.0,Березовая Роща,0,1,55.050514,82.968489,1.327,3.8070616847637977,1,Комфортная,1.327,24.36613246098095
real_estate_agent,Октябрьский,3.0,5.0,6.0,4.28,2.0,Крамского,42.0,Золотая Нива,0,4,55.02427,82.980311,1.501,3.8720509197977546,1,Транспортная,1.501,21.364304262838914
real_estate_agent,Октябрьский,6.0,17.0,6.2,4.4,2.0,Выборная,40.0,Золотая Нива,0,4,55.00422,83.013154,4.407,6.5773678189769695,1,Автомобильная,4.407,18.594033023446176
real_estate_agent,Заельцовский,1.0,16.0,6.0,2.95,2.0,Солидарности,44.0,Заельцовская,0,22,55.156857,82.960225,11.295,14.313201672312914,1,Удалённая,11.295,35.86378601014056
developer,Дзержинский,9.0,29.0,10.88,10.17,2.0,Закаменский мкр,54.4,Березовая Роща,0,2,55.038155,82.954826,0.602,2.364729072140335,1,Комфортная,0.602,23.391119978787064
real_estate_agent,Первомайский,1.0,4.0,13.0,3.7,2.0,Первомайская,41.0,Золотая Нива,0,14,54.975419,83.067924,9.073,11.203982535172448,0,Удалённая,0.0,14.752798707492055
real_estate_agent,Кировский,2.0,3.0,3.1,3.0,2.0,Мира,30.9,Площадь Маркса,0,68,54.963915,82.916001,2.403,7.372093175614909,0,Транспортная,0.0,17.567770541968354
developer,Кировский,14.0,25.0,18.9,7.5059,2.0,Бронная,60.29,Площадь Маркса,0,2,54.947972,82.966118,5.873,9.592851205190112,0,Автомобильная,0.0,14.200846518633085
real_estate_agent,Ленинский,3.0,4.0,7.5,3.6,2.0,Большая,40.8,Площадь Гарина-Михайловского,0,11,55.032067,82.807242,5.897,7.216874766310905,1,Автомобильная,5.897,27.83768766918161
real_estate_agent,Заельцовский,1.0,3.0,6.0,3.0,2.0,Кузьмы Минина,45.0,Заельцовская,0,67,55.074968,82.933707,2.227,5.053070537359632,1,Транспортная,2.227,27.689951685210197
developer,Дзержинский,24.0,25.0,34.97,10.91961,2.0,Королева,59.67,Березовая Роща,0,2,55.051773,82.97016,1.497,3.976154644970644,1,Комфортная,1.497,24.463590422842444
real_estate_agent,Октябрьский,9.0,10.0,5.0,3.999999,2.0,Плющихинская,64.0,Золотая Нива,0,4,55.012878,83.000092,3.152,5.429305190914965,1,Автомобильная,3.152,19.757959121703504
real_estate_agent,Октябрьский,7.0,10.0,9.0,3.0,2.0,Плющихинский жилмассив,60.0,Золотая Нива,0,1,55.019377,83.010602,3.006,5.870982474014471,1,Автомобильная,3.006,20.260395524753275
realtor,Ленинский,5.0,5.0,6.2,4.149999,2.0,Выставочная,43.3,Студенческая,0,64,54.989874,82.893992,0.823,4.786948014936755,1,Комфортная,0.823,20.690787714342974
real_estate_agent,Советский,4.0,5.0,6.0,3.8,2.0,Барьерная,44.0,Площадь Маркса,0,21,54.864316,82.989717,14.416,18.964894421071158,0,Удалённая,0.0,7.0675598444389856
real_estate_agent,Кировский,5.0,5.0,6.0,3.1,1.0,Ватутина,46.0,Площадь Маркса,0,9,54.980079,82.903407,0.522,5.674195222007317,0,Комфортная,0.0,19.46464192660586
real_estate_agent,Кировский,1.0,9.0,6.8,3.75,2.0,Зорге,46.3,Площадь Маркса,0,9,54.932462,82.916738,5.695,10.866640135287756,0,Автомобильная,0.0,15.043556228924349
real_estate_agent,Калининский,1.0,2.0,5.0,3.1,2.0,Флотская,42.0,Заельцовская,0,67,55.169884,82.997397,13.458,16.2893119283826,1,Удалённая,13.458,36.80143794318073
developer,Ленинский,8.0,14.0,13.4,6.35,2.0,площадь Карла Маркса,67.0,Площадь Маркса,0,1,54.983024,82.893202,0.208,5.522037183566433,1,Пешеходная,0.208,20.13041113539444
realtor,Дзержинский,1.0,5.0,6.1,3.65,2.0,проспект Дзержинского,42.3,Золотая Нива,0,68,55.065107,82.992259,3.248,6.002489870564915,1,Автомобильная,3.248,25.47437557534834
real_estate_agent,Заельцовский,3.0,16.0,6.0,3.19,2.0,Солидарности,45.0,Заельцовская,0,22,55.156857,82.960225,11.295,14.313201672312914,1,Удалённая,11.295,35.86378601014056
developer,Заельцовский,5.0,29.0,22.9,9.79,2.0,Дуси Ковальчук,50.9,Площадь Гарина-Михайловского,0,1,55.046785,82.881901,1.695,3.0731266720364294,1,Транспортная,1.695,26.346019868246223
real_estate_agent,Дзержинский,5.0,5.0,5.8,4.13,2.0,Республиканская,43.2,Березовая Роща,0,68,55.0657,82.962695,2.584,4.781188444133063,1,Транспортная,2.584,26.08272817102133
developer,Ленинский,1.0,17.0,28.0,6.05,2.0,площадь Карла Маркса,58.9,Площадь Маркса,0,1,54.983024,82.893202,0.208,5.522037183566433,1,Пешеходная,0.208,20.13041113539444
developer,Ленинский,5.0,22.0,9.81,10.94,2.0,площадь Карла Маркса,49.05,Площадь Маркса,0,1,54.983024,82.893202,0.208,5.522037183566433,1,Пешеходная,0.208,20.13041113539444
developer,Ленинский,6.0,18.0,14.0,12.1421,2.0,Серафимовича,66.1,Площадь Маркса,0,1,54.979909,82.879547,1.095,6.166627238207052,1,Комфортная,1.095,20.440256330573085
real_estate_agent,Кировский,1.0,3.0,9.0,4.25,2.0,Вертковская,44.5,Площадь Маркса,0,9,54.975522,82.884138,1.077,6.5020559315838025,0,Комфортная,0.0,19.882445490104434
real_estate_agent,Ленинский,5.0,5.0,6.0,3.83,2.0,Немировича-Данченко,44.4,Площадь Маркса,0,6,54.968122,82.871391,2.234,7.574915874359656,1,Транспортная,2.234,19.86003745643385
developer,Дзержинский,17.0,25.0,4.5,8.5093,2.0,Королева,49.3,Березовая Роща,0,1,55.050514,82.968489,1.327,3.8070616847637977,1,Комфортная,1.327,24.36613246098095
real_estate_agent,Кировский,5.0,5.0,6.0,4.2,2.0,Зорге,44.2,Площадь Маркса,0,54,54.932684,82.90426,5.541,10.888424688860743,0,Автомобильная,0.0,15.669665327554608
real_estate_agent,Кировский,6.0,9.0,7.0,3.8,2.0,Зорге,43.9,Площадь Маркса,0,38,54.931096,82.912282,5.785,11.028250732820538,0,Автомобильная,0.0,15.16183803713758
developer,Заельцовский,18.0,29.0,37.3,12.326,2.0,Дуси Ковальчук,63.4,Площадь Гарина-Михайловского,0,1,55.046785,82.881901,1.695,3.0731266720364294,1,Транспортная,1.695,26.346019868246223
real_estate_agent,Калининский,5.0,5.0,6.6,4.1,2.0,Учительская,44.0,Березовая Роща,0,54,55.077566,82.966747,3.926,6.039991322609107,1,Автомобильная,3.926,27.256673243274626
real_estate_agent,Первомайский,3.0,9.0,9.6,3.4,2.0,Одоевского,43.4,Речной вокзал,0,47,54.940065,83.115634,13.719,15.983684006404328,0,Удалённая,0.0,10.814457586404536
real_estate_agent,Ленинский,1.0,9.0,7.0,4.2,2.0,Связистов,43.0,Площадь Маркса,0,6,54.967269,82.841459,3.873,8.618910313351561,1,Автомобильная,3.873,21.212188768477414
real_estate_agent,Октябрьский,6.0,18.0,5.0,3.6,2.0,Плющихинская,41.0,Золотая Нива,0,3,55.018329,83.002554,2.738,5.397146592438487,1,Транспортная,2.738,20.290212372137212
real_estate_agent,Кировский,1.0,5.0,5.8,3.9,2.0,Петухова,44.5,Площадь Маркса,0,62,54.939641,82.908123,4.804,10.096419859967629,0,Автомобильная,0.0,15.984358841845163
real_estate_agent,Кировский,3.0,5.0,5.8,3.4,2.0,Зорге,44.5,Площадь Маркса,0,61,54.936538,82.906901,5.134,10.446604922252828,0,Автомобильная,0.0,15.81535090913828
developer,Кировский,6.0,17.0,13.564,6.95,2.0,Зорге,67.82,Площадь Маркса,0,2,54.933093,82.931946,5.928,10.81887074414834,0,Автомобильная,0.0,14.372820188643685
real_estate_agent,Советский,5.0,5.0,6.0,3.85,2.0,Динамовцев,44.0,Площадь Маркса,0,44,54.861249,82.981767,14.529,19.186668318883616,0,Удалённая,0.0,7.453778672742413
developer,Октябрьский,4.0,18.0,10.5,9.86,2.0,Грибоедова,58.73,Речной вокзал,0,1,55.011185,82.963136,1.635,3.444290843570368,1,Транспортная,1.635,20.427155475247062
real_estate_agent,Ленинский,7.0,9.0,7.4,4.3,2.0,Ударная,44.1,Площадь Маркса,0,55,54.964851,82.864222,2.816,8.09943388067725,1,Транспортная,2.816,19.94389068016455
real_estate_agent,Первомайский,3.0,4.0,4.0,3.45,2.0,Аксенова,30.4,Речной вокзал,0,14,54.966634,83.05904,9.079,11.316198870836947,0,Удалённая,0.0,13.863146317028155
developer,Калининский,1.0,9.0,12.6,8.58305,2.0,Василия Клевцова,63.0,Заельцовская,0,3,55.096445,82.975559,5.779,8.163203312083969,1,Автомобильная,5.779,29.115326328558645
real_estate_agent,Ленинский,1.0,3.0,14.0,3.9,2.0,Халтурина,55.6,Площадь Маркса,0,62,54.987802,82.824588,4.61,7.716356195290891,1,Автомобильная,4.61,23.53325098472046
real_estate_agent,Первомайский,1.0,5.0,5.8,3.8,2.0,Твардовского,52.9,Речной вокзал,0,45,54.937945,83.124985,14.346,16.597672783536314,0,Удалённая,0.0,10.675006269804147
real_estate_agent,Первомайский,5.0,5.0,5.3,3.52,2.0,Звездная,44.5,Речной вокзал,0,58,54.949161,83.068768,10.708,13.064305737863664,0,Удалённая,0.0,11.84908694417765
real_estate_agent,Октябрьский,21.0,25.0,12.846000000000002,9.50604,2.0,Пролетарская,64.23,Золотая Нива,0,1,55.021142,82.968993,1.867,3.253490696934803,1,Транспортная,1.867,21.298334067615226
realtor,Кировский,5.0,5.0,9.0,3.85,2.0,Петухова,59.0,Площадь Маркса,0,59,54.944652,82.879278,4.323,9.864516106646036,0,Автомобильная,0.0,17.747365951072087
real_estate_agent,Кировский,5.0,5.0,6.6,3.5,2.0,Палласа,46.1,Площадь Маркса,0,37,54.946633,82.879026,4.115,9.65673273420884,0,Автомобильная,0.0,17.899761929295213
real_estate_agent,Кировский,16.0,17.0,12.2,7.75,2.0,Сибиряков-Гвардейцев,61.0,Площадь Маркса,0,3,54.944057,82.900532,4.261,9.658613640860066,0,Автомобильная,0.0,16.673177173124213
real_estate_agent,Первомайский,3.0,5.0,5.7,4.25,2.0,Мирная,49.3,Спортивная,0,14,54.93405,83.091262,12.845,15.265351935737948,0,Удалённая,0.0,10.059218760189184
real_estate_agent,Ленинский,4.0,4.0,6.0,4.283,2.0,Плахотного,44.0,Площадь Маркса,0,87,54.985405,82.864842,2.03,6.110532424641569,1,Транспортная,2.03,21.525274863256634
real_estate_agent,Заельцовский,7.0,23.0,9.04,7.9,2.0,Ляпидевского,45.2,Заельцовская,0,2,55.080926,82.923116,2.528,5.64694599228574,1,Транспортная,2.528,28.55779722556281
realtor,Дзержинский,1.0,5.0,5.9,3.95,2.0,Гоголя,43.1,Золотая Нива,0,67,55.055243,82.977796,1.978,4.596851025339615,1,Транспортная,1.978,24.677776577955775
developer,Центральный,2.0,13.0,9.254,11.23,2.0,Семьи Шамшиных,46.27,Октябрьская,0,1,55.02539,82.934362,0.795,1.0342589748650153,1,Комфортная,0.795,22.64381873858912
real_estate_agent,Октябрьский,2.0,25.0,12.94,15.143,2.0,Военная,64.7,Октябрьская,0,3,55.024868,82.949167,0.927,1.9235667432814256,1,Комфортная,0.927,22.1809027216313
real_estate_agent,Первомайский,2.0,2.0,7.9,3.2,2.0,4-й Пятилетки,41.8,Золотая Нива,0,71,54.955479,83.119335,12.932,15.16404600154148,0,Удалённая,0.0,12.544573102514358
developer,Октябрьский,23.0,24.0,18.4,9.83,2.0,Гаранина,51.6,Золотая Нива,0,1,55.025735,82.970286,1.351,3.215116851619744,1,Комфортная,1.351,21.742217963552907
real_estate_agent,Кировский,3.0,4.0,10.0,3.65,2.0,Бурденко,58.4,Площадь Маркса,0,9,54.9659,82.910333,2.034,7.174937143286695,0,Транспортная,0.0,17.971017171970413
developer,Дзержинский,20.0,25.0,11.288,9.15,2.0,Авиастроителей,56.44,Березовая Роща,0,1,55.070334,82.966729,3.151,5.352187273041826,1,Автомобильная,3.151,26.490784610916197
real_estate_agent,Калининский,2.0,5.0,6.0,3.8,2.0,Новоуральская,44.1,Заельцовская,0,56,55.176933,82.956793,13.411,16.482925480790353,1,Удалённая,13.411,38.08488815068519
real_estate_agent,Ленинский,1.0,3.0,8.7,4.0,2.0,Филатова,56.7,Площадь Маркса,0,6,54.989652,82.824876,4.623,7.577638304106108,1,Автомобильная,4.623,23.66021435657472
real_estate_agent,Дзержинский,4.0,4.0,6.0,3.25,2.0,Республиканская,33.0,Березовая Роща,0,95,55.06569,82.96469,2.62,4.852974937285417,1,Транспортная,2.62,26.040977152287898
developer,Октябрьский,6.0,14.0,10.7,10.7,2.0,Маковского,53.5,Речной вокзал,0,2,55.011448,82.931389,0.468,2.1952297359023185,1,Пешеходная,0.468,21.364001477089083
real_estate_agent,Октябрьский,1.0,25.0,20.0,8.2,2.0,Выборная,65.0,Золотая Нива,0,4,55.007359,83.020646,4.413,6.873208789251715,1,Автомобильная,4.413,18.804328091268214
real_estate_agent,Ленинский,1.0,5.0,5.7,4.0,2.0,Немировича-Данченко,44.0,Площадь Маркса,0,62,54.970329,82.870564,2.109,7.374668007058807,1,Транспортная,2.109,20.069236079012583
real_estate_agent,Заельцовский,1.0,10.0,9.8,8.499,2.0,Кропоткина,64.0,Заельцовская,0,25,55.057239,82.92732,0.958,3.042269968276225,1,Комфортная,0.958,26.03367707618909
real_estate_agent,Дзержинский,1.0,3.0,7.0,4.2,2.0,Учительская,60.2,Березовая Роща,0,70,55.072834,82.976628,3.642,5.943237482278022,1,Автомобильная,3.642,26.570142158612573
developer,Дзержинский,12.0,22.0,10.578,8.7,2.0,Королева,52.89,Березовая Роща,0,1,55.050514,82.968489,1.327,3.8070616847637977,1,Комфортная,1.327,24.36613246098095
real_estate_agent,Кировский,1.0,5.0,9.0,4.25,2.0,Зорге,43.6,Площадь Маркса,0,60,54.93511,82.907287,5.295,10.602879847974563,0,Автомобильная,0.0,15.693414586504671
real_estate_agent,Кировский,6.0,9.0,15.06,8.2077,2.0,Зорге,75.3,Площадь Маркса,0,1,54.931971,82.9305,6.01,10.937542710342209,0,Автомобильная,0.0,14.35410337617487
real_estate_agent,Кировский,6.0,10.0,5.0,4.4,2.0,Николая Сотникова,40.6,Площадь Маркса,0,8,54.944218,82.972604,6.459,10.119840123810029,0,Автомобильная,0.0,13.621258266203297
real_estate_agent,Советский,2.0,9.0,7.0,4.15,2.0,Бердышева,43.0,Площадь Маркса,0,21,54.86256,82.969172,14.107,18.894939478211622,0,Удалённая,0.0,8.270143815763511
developer,Кировский,11.0,17.0,35.73,7.423722,2.0,Петухова,65.63,Площадь Маркса,0,3,54.938974,82.891612,4.827,10.305400829468743,0,Автомобильная,0.0,16.737834893226363
developer,Октябрьский,1.0,10.0,12.68,8.8104,2.0,Большевистская,63.4,Речной вокзал,0,1,54.99256,82.977895,3.168,5.559404724898926,1,Автомобильная,3.168,18.15229982940267
homeowner,Октябрьский,7.0,10.0,8.4,5.0,2.0,Плющихинская,58.1,Золотая Нива,0,3,55.011366,83.006291,3.503,5.858509538735904,1,Автомобильная,3.503,19.480146079480427
real_estate_agent,Дзержинский,5.0,9.0,6.8,4.3,2.0,Толбухина,42.3,Золотая Нива,0,51,55.040018,83.012749,2.384,5.983617900340467,1,Транспортная,2.384,22.450248573275008
developer,Кировский,12.0,24.0,13.986000000000002,10.39,2.0,Оловозаводская,69.93,Спортивная,0,1,54.96761,82.959946,3.946,7.398201004620823,0,Автомобильная,0.0,16.238750386698424
real_estate_agent,Первомайский,3.0,5.0,6.1,3.5,2.0,Первомайская,41.9,Золотая Нива,0,14,54.96759,83.107971,11.476,13.83768638220919,0,Удалённая,0.0,13.81554663803846
developer,Октябрьский,18.0,20.0,10.178,10.08,2.0,Ленинградская,50.89,Речной вокзал,0,2,55.001819,82.983518,3.038,5.10966302296737,1,Автомобильная,3.038,18.95922571787914
real_estate_agent,Кировский,4.0,5.0,9.9,4.2,2.0,Петухова,53.2,Площадь Маркса,0,9,54.943892,82.880535,4.386,9.925136104823943,0,Автомобильная,0.0,17.63174844416845
real_estate_agent,Ленинский,22.0,16.0,10.7,5.7,2.0,Зорге,53.5,Площадь Маркса,0,22,54.927139,82.923421,6.375,11.457551985162777,1,Автомобильная,6.375,14.333999170145994
real_estate_agent,Кировский,4.0,10.0,14.0,4.3,2.0,Александра Чистякова,63.5,Площадь Маркса,0,9,54.943964,82.96433,6.09,9.985824273531984,0,Автомобильная,0.0,13.907169863400142
real_estate_agent,Дзержинский,5.0,5.0,5.8,4.19,2.0,Индустриальная,44.4,Березовая Роща,0,63,55.055692,82.969603,1.781,4.227198128140306,1,Транспортная,1.781,24.88754065301738
developer,Заельцовский,4.0,29.0,20.2,7.99,2.0,Дуси Ковальчук,44.0,Площадь Гарина-Михайловского,0,1,55.046785,82.881901,1.695,3.0731266720364294,1,Транспортная,1.695,26.346019868246223
real_estate_agent,Ленинский,4.0,5.0,8.0,4.3,2.0,Степная,45.0,Площадь Маркса,0,6,54.977702,82.869486,1.78,6.67746062241001,1,Транспортная,1.78,20.699965132882056
real_estate_agent,Ленинский,5.0,5.0,5.5,4.15,2.0,Планировочная,42.3,Площадь Маркса,0,57,54.993153,82.885117,1.399,4.691374451674618,1,Комфортная,1.399,21.32879805587023
real_estate_agent,Заельцовский,2.0,8.0,13.122,13.2,2.0,Кедровая,65.61,Заельцовская,0,3,55.105908,82.908195,5.223,8.458222761912964,1,Автомобильная,5.223,31.48795368214513
real_estate_agent,Кировский,1.0,10.0,12.0,4.299,2.0,Петухова,41.7,Площадь Маркса,0,13,54.939765,82.95223,5.93,10.254662986231128,0,Автомобильная,0.0,14.023389113816846
real_estate_agent,Калининский,3.0,5.0,6.7,4.2,2.0,Магистральная,43.5,Заельцовская,0,39,55.17193,82.968031,13.043,16.05171708800654,1,Удалённая,13.043,37.383203133454806
real_estate_agent,Кировский,7.0,9.0,7.0,4.1,2.0,Зорге,43.1,Площадь Маркса,0,56,54.932462,82.916738,5.695,10.866640135287756,0,Автомобильная,0.0,15.043556228924349
real_estate_agent,Ленинский,4.0,5.0,5.8,3.999,2.0,Невельского,43.7,Площадь Маркса,0,55,54.991527,82.808976,5.659,8.304581993779147,1,Автомобильная,5.659,24.548075175465346
real_estate_agent,Ленинский,21.0,16.0,10.76,5.8,2.0,Зорге,53.8,Площадь Маркса,0,22,54.926963,82.922451,6.377,11.476259178615932,1,Автомобильная,6.377,14.368691881006487
real_estate_agent,Первомайский,5.0,5.0,6.0,4.05,2.0,Первомайская,45.0,Золотая Нива,0,51,54.973026,83.082117,9.876,12.111682205845105,0,Удалённая,0.0,14.41188594770538
developer,Заельцовский,9.0,25.0,11.926000000000002,10.15,2.0,Дуси Ковальчук,59.63,Заельцовская,0,1,55.063101,82.92741,1.048,3.689165281750359,1,Комфортная,1.048,26.627189012170266
real_estate_agent,Заельцовский,1.0,16.0,8.1,4.3,2.0,Солидарности,50.5,Заельцовская,0,22,55.152032,82.953622,10.669,13.71454997494357,1,Удалённая,10.669,35.4471570118291
real_estate_agent,Калининский,5.0,5.0,8.7,4.2,2.0,Новоуральская,43.7,Заельцовская,0,45,55.175159,82.965462,13.347,16.3750607121493,1,Удалённая,13.347,37.76909699650564
real_estate_agent,Центральный,2.0,13.0,9.254,11.23,2.0,Семьи Шамшиных,46.27,Октябрьская,0,1,55.02539,82.934362,0.795,1.0342589748650153,1,Комфортная,0.795,22.64381873858912
real_estate_agent,Ленинский,1.0,5.0,7.0,3.8,2.0,9-й Гвардейской Дивизии,44.0,Площадь Маркса,0,45,54.967424,82.847918,3.497,8.370436018962009,1,Автомобильная,3.497,20.910828037094852
real_estate_agent,Заельцовский,3.0,16.0,13.14,10.5,2.0,Дуси Ковальчук,65.7,Гагаринская,0,3,55.053578,82.898951,1.053,2.9413425089411005,1,Комфортная,1.053,26.466200764249887
real_estate_agent,Заельцовский,3.0,5.0,6.0,4.39,2.0,Жуковского,44.8,Заельцовская,0,64,55.060606,82.892312,1.304,3.8298275663938974,1,Комфортная,1.304,27.35472470010718
real_estate_agent,Ленинский,7.0,15.0,12.078,10.49,2.0,площадь Карла Маркса,60.39,Площадь Маркса,0,1,54.983024,82.893202,0.208,5.522037183566433,1,Пешеходная,0.208,20.13041113539444
real_estate_agent,Калининский,2.0,5.0,6.0,4.4,2.0,Макаренко,41.9,Заельцовская,0,60,55.101725,82.969558,5.976,8.549774443648861,1,Автомобильная,5.976,29.782451241263328
real_estate_agent,Первомайский,17.0,17.0,19.7,4.0,2.0,Одоевского,67.0,Речной вокзал,0,15,54.937541,83.106426,13.402,15.713088238670975,0,Удалённая,0.0,10.475463765028293
real_estate_agent,Дзержинский,1.0,25.0,12.9,9.35,2.0,Николая Островского,64.5,Березовая Роща,0,2,55.054506,82.950083,1.251,3.3005195234566056,1,Комфортная,1.251,25.190538967933477
real_estate_agent,Первомайский,2.0,2.0,6.7,3.3,2.0,Мирная,50.4,Спортивная,0,67,54.933879,83.092807,12.939,15.34917158060158,0,Удалённая,0.0,10.038907381840554
developer,Октябрьский,23.0,25.0,18.2,7.33,2.0,Ленинградская,42.21,Речной вокзал,0,1,55.011185,82.963136,1.635,3.444290843570368,1,Транспортная,1.635,20.427155475247062
real_estate_agent,Ленинский,1.0,5.0,30.0,4.4,2.0,Новогодняя,46.0,Площадь Маркса,0,6,54.983897,82.904817,0.578,5.240287633748649,1,Комфортная,0.578,19.741712021602826
real_estate_agent,Советский,4.0,5.0,5.3,4.2,2.0,Шлюзовая,43.9,Площадь Маркса,0,58,54.85049,83.043696,17.426,21.474243048372248,0,Удалённая,0.0,3.316650575110023
real_estate_agent,Октябрьский,2.0,25.0,10.452,9.15,2.0,Ленинградская,52.26,Речной вокзал,0,1,55.011185,82.963136,1.635,3.444290843570368,1,Транспортная,1.635,20.427155475247062
real_estate_agent,Кировский,1.0,5.0,6.0,3.39,2.0,Зорге,46.0,Площадь Маркса,0,9,54.934717,82.926421,5.632,10.620201478433028,0,Автомобильная,0.0,14.753098550273252
real_estate_agent,Ленинский,1.0,5.0,5.6,4.1,2.0,Степная,43.5,Площадь Маркса,0,58,54.978648,82.866621,1.931,6.677775344373399,1,Транспортная,1.931,20.902724731249215
real_estate_agent,Заельцовский,8.0,8.0,12.882,12.7,2.0,Кедровая,64.41,Заельцовская,0,3,55.105908,82.908195,5.223,8.458222761912964,1,Автомобильная,5.223,31.48795368214513
real_estate_agent,Ленинский,4.0,5.0,5.0,4.3,2.0,Филатова,44.0,Площадь Маркса,0,56,54.987627,82.826888,4.462,7.612808862465129,1,Автомобильная,4.462,23.4125811761978
real_estate_agent,Первомайский,16.0,17.0,5.0,4.2,2.0,Твардовского,44.0,Речной вокзал,0,12,54.934645,83.119523,14.268,16.558415564521717,0,Удалённая,0.0,10.253476805755763
real_estate_agent,Кировский,3.0,3.0,15.0,3.7,2.0,Рубежная,44.3,Спортивная,0,14,54.939724,83.001979,8.047,11.32265394280122,0,Удалённая,0.0,12.204527138631502
developer,Октябрьский,6.0,11.0,8.9,8.98,2.0,Автогенная,44.5,Речной вокзал,0,3,55.010617,82.971678,2.171,3.923604110490692,1,Транспортная,2.171,20.151514320864976
real_estate_agent,Дзержинский,1.0,5.0,6.0,4.2,2.0,Куприна,45.6,Золотая Нива,0,62,55.041333,82.991486,1.098,4.694664874299633,1,Комфортная,1.098,22.94293754611217
real_estate_agent,Октябрьский,7.0,24.0,7.676000000000001,10.9,2.0,Кирова,38.38,Речной вокзал,0,1,55.012507,82.956138,1.229,3.005762219075922,1,Комфортная,1.229,20.747270130763198
real_estate_agent,Кировский,1.0,10.0,13.4,3.9,2.0,Сибиряков-Гвардейцев,51.7,Площадь Маркса,0,15,54.933015,82.893408,5.483,10.939384930990991,0,Автомобильная,0.0,16.235855532214185
developer,Ленинский,25.0,25.0,8.782,8.1,2.0,Титова,43.91,Площадь Маркса,0,1,54.9818,82.860611,2.272,6.593668383811543,1,Транспортная,2.272,21.421362076335058
real_estate_agent,Первомайский,1.0,5.0,5.0,3.9,2.0,1-я Механическая,44.9,Речной вокзал,0,65,54.964385,83.051997,8.838,11.131734670643985,0,Удалённая,0.0,13.697750819051034
real_estate_agent,Ленинский,2.0,3.0,9.0,3.9,2.0,Большая,39.1,Площадь Гарина-Михайловского,0,6,55.029967,82.808338,5.847,7.144148979678253,1,Автомобильная,5.847,27.61631675604898
real_estate_agent,Кировский,2.0,9.0,7.0,3.95,2.0,Комсомольская,43.6,Спортивная,0,48,54.955655,82.966037,5.242,8.780949868430689,0,Автомобильная,0.0,14.909577987965914
developer,Октябрьский,13.0,24.0,10.68,12.02,2.0,Кирова,53.4,Речной вокзал,0,1,55.012507,82.956138,1.229,3.005762219075922,1,Комфортная,1.229,20.747270130763198
real_estate_agent,Железнодорожный,1.0,3.0,5.8,4.38,2.0,Железнодорожная,39.0,Площадь Гарина-Михайловского,0,95,55.045233,82.899077,1.094,2.158585628612163,1,Комфортная,1.094,25.648031051611607
real_estate_agent,Октябрьский,2.0,10.0,8.5,3.95,2.0,Плющихинская,59.0,Золотая Нива,0,3,55.012326,83.005832,3.398,5.793714792900411,1,Автомобильная,3.398,19.59079736796721
real_estate_agent,Кировский,1.0,5.0,6.0,3.95,2.0,Бурденко,44.4,Площадь Маркса,0,59,54.966448,82.902293,1.805,7.178886260437047,0,Транспортная,0.0,18.356408834631125
real_estate_agent,Октябрьский,8.0,8.0,12.880000000000004,8.4,2.0,Родниковая,64.4,Речной вокзал,0,2,54.988804,83.00338,4.769,7.008823265891001,1,Автомобильная,4.769,17.15544721339542
real_estate_agent,Ленинский,17.0,17.0,3.0,3.95,2.0,Забалуева,42.0,Площадь Маркса,0,2,54.986056,82.781361,7.339,10.134185414038978,1,Удалённая,7.339,25.503986385577676
developer,Ленинский,15.0,17.0,13.35,4.878,2.0,Забалуева,48.95,Площадь Маркса,0,3,54.986056,82.781361,7.339,10.134185414038978,1,Удалённая,7.339,25.503986385577676
real_estate_agent,Ленинский,1.0,2.0,6.1,3.95,2.0,Троллейная,51.5,Площадь Маркса,0,70,54.960757,82.84613,3.994,9.05700165481823,1,Автомобильная,3.994,20.519517688394878
real_estate_agent,Ленинский,1.0,5.0,5.4,3.97,2.0,Ударная,43.1,Площадь Маркса,0,58,54.965274,82.868058,2.61,7.951419123059687,1,Транспортная,2.61,19.795935134320835
real_estate_agent,Октябрьский,21.0,25.0,9.76,8.4,2.0,Ленинградская,48.8,Речной вокзал,0,1,55.011185,82.963136,1.635,3.444290843570368,1,Транспортная,1.635,20.427155475247062
real_estate_agent,Октябрьский,2.0,23.0,8.86,7.2,2.0,Грибоедова,44.3,Золотая Нива,0,1,55.021648,82.976844,1.764,3.7179503515893786,1,Транспортная,1.764,21.167827218238447
real_estate_agent,Калининский,2.0,5.0,6.0,4.2,2.0,Танковая,44.09,Заельцовская,0,64,55.063344,82.932728,1.37,3.7715220517808734,1,Комфортная,1.37,26.518166001678615
real_estate_agent,Ленинский,7.0,9.0,10.22,6.25,2.0,Романтиков,51.1,Площадь Гарина-Михайловского,0,4,55.024832,82.803451,6.239,7.4795904052542435,1,Автомобильная,6.239,27.401833127395363
real_estate_agent,Кировский,15.0,24.0,10.652,7.75,2.0,Оловозаводская,53.26,Спортивная,0,1,54.96761,82.959946,3.946,7.398201004620823,0,Автомобильная,0.0,16.238750386698424
real_estate_agent,Кировский,1.0,10.0,5.0,4.2,2.0,Виктора Шевелева,48.3,Площадь Маркса,0,9,54.94625,82.967977,6.088,9.81148200092288,0,Автомобильная,0.0,13.975963101837424
real_estate_agent,Калининский,4.0,5.0,6.0,4.2,2.0,Столетова,44.0,Заельцовская,0,3,55.100896,82.96345,5.673,8.328184276655442,1,Автомобильная,5.673,29.80036511947651
real_estate_agent,Кировский,8.0,9.0,7.8,4.2,2.0,Чигорина,52.8,Спортивная,0,45,54.961729,82.959479,4.448,8.006872273481594,0,Автомобильная,0.0,15.703942433232875
developer,Калининский,9.0,19.0,9.526000000000002,6.01,2.0,Новоуральская,47.63,Заельцовская,0,1,55.176691,82.964357,13.494,16.530776302348762,1,Удалённая,13.494,37.9506621907454
real_estate_agent,Дзержинский,5.0,5.0,6.0,4.25,2.0,Авиастроителей,42.2,Березовая Роща,0,66,55.068144,82.962525,2.844,5.002260417753146,1,Транспортная,2.844,26.34356702886926
real_estate_agent,Кировский,5.0,5.0,5.8,4.25,2.0,Немировича-Данченко,45.9,Студенческая,0,63,54.984093,82.911923,0.636,5.151653855069669,0,Комфортная,0.0,19.484139407069108
real_estate_agent,Кировский,1.0,9.0,7.2,4.25,2.0,Петухова,44.0,Площадь Маркса,0,49,54.93856,82.909704,4.939,10.209000659305914,0,Автомобильная,0.0,15.828954703650131
real_estate_agent,Ленинский,1.0,14.0,14.32,6.4,2.0,площадь Карла Маркса,71.6,Площадь Маркса,0,1,54.983024,82.893202,0.208,5.522037183566433,1,Пешеходная,0.208,20.13041113539444
real_estate_agent,Кировский,2.0,3.0,12.0,4.3,2.0,Воскресная,58.0,Спортивная,0,15,54.94309,83.000371,7.697,10.943281023352446,0,Удалённая,0.0,12.582161573330128
real_estate_agent,Советский,6.0,9.0,9.3,4.3,2.0,Шлюзовая,44.2,Площадь Маркса,0,51,54.85178,83.042017,17.248,21.30147832229164,0,Удалённая,0.0,3.4562236385375065
developer,Октябрьский,7.0,17.0,4.6,7.37,2.0,Знаменский кв-л,44.66,Золотая Нива,0,1,55.030225,82.979458,0.845,3.7615238211652096,1,Комфортная,0.845,22.006010160130607
developer,Ленинский,2.0,15.0,12.4,10.37225,2.0,Серафимовича,62.0,Площадь Маркса,0,1,54.979764,82.88041,1.046,6.158230141985667,1,Комфортная,1.046,20.391329493847017
real_estate_agent,Октябрьский,11.0,19.0,5.0,3.6,2.0,Плющихинский жилмассив,42.78,Золотая Нива,0,2,55.019377,83.010602,3.006,5.870982474014471,1,Автомобильная,3.006,20.260395524753275
real_estate_agent,Заельцовский,2.0,14.0,11.772,10.0604,2.0,Аэропорт,58.86,Заельцовская,0,2,55.081694,82.903775,2.585,5.827194737201371,1,Транспортная,2.585,29.129679841305315
real_estate_agent,Кировский,3.0,5.0,6.5,3.78,2.0,Комсомольская,43.5,Спортивная,0,48,54.954595,82.967088,5.378,8.914416765463656,0,Автомобильная,0.0,14.774233402491964
real_estate_agent,Заельцовский,4.0,16.0,5.5,3.8,2.0,Солидарности,42.5,Заельцовская,0,22,55.159342,82.958033,11.526,14.561670501884658,1,Удалённая,11.526,36.16544638226895
real_estate_agent,Октябрьский,22.0,24.0,8.816,8.85,2.0,Ленинградская,44.08,Октябрьская,0,1,55.013136,82.957539,1.328,3.0297226734141183,1,Комфортная,1.328,20.772820333696856
developer,Заельцовский,14.0,21.0,10.54,10.8,2.0,Дуси Ковальчук,52.7,Заельцовская,0,1,55.057193,82.906865,0.417,3.127270329890379,1,Пешеходная,0.417,26.59018735446785
real_estate_agent,Кировский,2.0,2.0,8.0,3.7,2.0,Бронная,39.3,Площадь Маркса,0,9,54.950888,82.965112,5.617,9.264478017466269,0,Автомобильная,0.0,14.503357894574789
real_estate_agent,Калининский,12.0,16.0,11.08,6.648,2.0,Игарская,55.4,Заельцовская,0,1,55.100623,82.941783,4.987,7.951611298275642,1,Автомобильная,4.987,30.187745905310507
real_estate_agent,Заельцовский,2.0,30.0,12.36,11.3,2.0,Дуси Ковальчук,61.8,Заельцовская,0,1,55.057193,82.906865,0.417,3.127270329890379,1,Пешеходная,0.417,26.59018735446785
developer,Заельцовский,30.0,30.0,13.980000000000002,13.8,2.0,Дуси Ковальчук,69.9,Заельцовская,0,1,55.057193,82.906865,0.417,3.127270329890379,1,Пешеходная,0.417,26.59018735446785
real_estate_agent,Октябрьский,18.0,20.0,7.298000000000001,8.06,2.0,Ленинградская,36.49,Речной вокзал,0,2,55.001819,82.983518,3.038,5.10966302296737,1,Автомобильная,3.038,18.95922571787914
real_estate_agent,Ленинский,5.0,5.0,9.0,3.5,2.0,Хилокская,54.0,Площадь Маркса,0,33,54.952635,82.83473,5.126,10.208478942160932,1,Автомобильная,5.126,20.543428291322172
real_estate_agent,Ленинский,3.0,10.0,17.0,3.8,2.0,Хилокская,37.2,Площадь Маркса,0,6,54.956683,82.837803,4.691,9.723518888217022,1,Автомобильная,4.691,20.655360847036107
developer,Калининский,5.0,9.0,9.22,6.5,2.0,Михаила Востокова,46.1,Заельцовская,0,2,55.174157,82.950514,13.03,16.125109604567516,1,Удалённая,13.03,37.87938981738293
real_estate_agent,Ленинский,1.0,5.0,6.0,3.8,2.0,Немировича-Данченко,44.0,Площадь Маркса,0,62,54.97022,82.868327,2.229,7.448164497997926,1,Транспортная,2.229,20.162857243149258
developer,Ленинский,3.0,16.0,13.644,7.0,2.0,Зорге,68.22,Площадь Маркса,0,22,54.92808,82.924598,6.296,11.35444058673209,1,Автомобильная,6.296,14.344952122118581
real_estate_agent,Ленинский,7.0,17.0,12.22,6.2,2.0,площадь Карла Маркса,61.1,Площадь Маркса,0,1,54.983024,82.893202,0.208,5.522037183566433,1,Пешеходная,0.208,20.13041113539444
real_estate_agent,Кировский,5.0,5.0,5.8,3.7,2.0,Оловозаводская,44.2,Спортивная,0,60,54.963207,82.954054,4.121,7.748020204908622,0,Автомобильная,0.0,16.032653170617298
developer,Кировский,17.0,17.0,8.620000000000001,6.3,2.0,Сибиряков-Гвардейцев,43.1,Площадь Маркса,0,1,54.944988,82.900739,4.159,9.554251574730378,0,Автомобильная,0.0,16.732819365367455
real_estate_agent,Заельцовский,2.0,28.0,8.798,8.68,2.0,Сухарная,43.99,Площадь Гарина-Михайловского,0,1,55.046373,82.855886,3.041,4.490523798660787,1,Автомобильная,3.041,27.200011743723838
developer,Кировский,15.0,17.0,8.520000000000001,6.05,2.0,Цветной бульвар ЖК,42.6,Площадь Маркса,0,1,54.944249,82.902329,4.249,9.623014456095303,0,Автомобильная,0.0,16.60240660484277
real_estate_agent,Калининский,5.0,5.0,6.7,4.0,2.0,Солидарности,45.2,Заельцовская,0,53,55.161651,82.980374,12.201,15.109763936468408,1,Удалённая,12.201,36.1016943726891
real_estate_agent,Ленинский,5.0,5.0,5.8,4.35,2.0,Станиславского,45.1,Площадь Маркса,0,55,54.980384,82.87405,1.429,6.276198925719791,1,Комфортная,1.429,20.716327438506305
real_estate_agent,Октябрьский,14.0,18.0,11.7,10.09,2.0,Грибоедова,58.5,Речной вокзал,0,1,55.011185,82.963136,1.635,3.444290843570368,1,Транспортная,1.635,20.427155475247062
real_estate_agent,Кировский,4.0,5.0,5.8,3.8,2.0,Оловозаводская,42.9,Спортивная,0,60,54.962602,82.955069,4.213,7.830708798149613,0,Автомобильная,0.0,15.940654837680608
developer,Ленинский,13.0,17.0,16.82,4.872711,2.0,Забалуева,46.82,Площадь Маркса,0,3,54.986056,82.781361,7.339,10.134185414038978,1,Удалённая,7.339,25.503986385577676
real_estate_agent,Заельцовский,1.0,25.0,11.95,9.4,2.0,Дуси Ковальчук,59.75,Заельцовская,0,1,55.063101,82.92741,1.048,3.689165281750359,1,Комфортная,1.048,26.627189012170266
real_estate_agent,Кировский,3.0,3.0,5.8,3.85,2.0,Бетонная,43.8,Площадь Маркса,0,68,54.962235,82.921139,2.741,7.553604462869231,0,Транспортная,0.0,17.21324592993089
developer,Заельцовский,17.0,30.0,10.22,10.0,2.0,Дуси Ковальчук,51.1,Заельцовская,0,1,55.057193,82.906865,0.417,3.127270329890379,1,Пешеходная,0.417,26.59018735446785
developer,Октябрьский,3.0,25.0,12.798000000000002,11.55,2.0,Ленинградская,63.99,Речной вокзал,0,1,55.011185,82.963136,1.635,3.444290843570368,1,Транспортная,1.635,20.427155475247062
real_estate_agent,Октябрьский,5.0,24.0,9.724,10.75,2.0,Шевченко,48.62,Октябрьская,0,1,55.01882,82.932395,0.434,1.4739220348078828,1,Пешеходная,0.434,22.053098393460086
real_estate_agent,Первомайский,5.0,5.0,7.0,4.1,2.0,Твардовского,43.0,Речной вокзал,0,50,54.938343,83.126072,14.38,16.624995905176483,0,Удалённая,0.0,10.731526590978609
real_estate_agent,Калининский,9.0,15.0,12.6,6.98,2.0,Родники мкр,63.0,Заельцовская,0,1,55.109986,82.944388,6.02,9.005741386191689,1,Автомобильная,6.02,31.1234205916231
real_estate_agent,Ленинский,5.0,5.0,6.0,4.1,2.0,Немировича-Данченко,45.3,Площадь Маркса,0,6,54.970117,82.862839,2.523,7.62082831052718,1,Транспортная,2.523,20.407572742845247
real_estate_agent,Калининский,17.0,17.0,11.8,7.65,2.0,Игарская,59.0,Заельцовская,0,1,55.098949,82.943516,4.859,7.788347941197897,1,Автомобильная,4.859,29.976001355322996
developer,Октябрьский,2.0,7.0,14.880000000000004,10.1692,2.0,Большевистская,74.4,Речной вокзал,0,1,54.99256,82.977895,3.168,5.559404724898926,1,Автомобильная,3.168,18.15229982940267
real_estate_agent,Советский,14.0,24.0,9.242,11.7622,2.0,Мусы Джалиля,46.21,Площадь Маркса,0,1,54.862145,83.091433,18.28,21.640530849466497,0,Удалённая,0.0,2.069164819363638
real_estate_agent,Заельцовский,5.0,16.0,6.0,4.2,2.0,Лейтенанта Амосова,46.0,Заельцовская,0,22,55.158148,82.96212,11.466,14.47611187882054,1,Удалённая,11.466,35.97472502785328
developer,Ленинский,2.0,9.0,12.9,9.19,2.0,Титова,69.8,Площадь Маркса,0,2,54.979619,82.812515,5.348,8.885642072168123,1,Автомобильная,5.348,23.50969566862152
developer,Ленинский,7.0,25.0,12.086,8.59,2.0,Междуреченская,60.43,Площадь Гарина-Михайловского,0,3,55.0233,82.857898,2.979,4.058376880323015,1,Транспортная,2.979,25.039282705448944
real_estate_agent,Калининский,1.0,13.0,12.96,7.8,2.0,Имени генерал-майора А.Н. Рожкина,64.8,Заельцовская,0,2,55.110393,82.922226,5.747,8.92167448184272,1,Автомобильная,5.747,31.628674191546896
real_estate_agent,Советский,1.0,5.0,7.0,4.0,2.0,Универсальная,42.2,Площадь Маркса,0,47,54.864539,82.973376,13.992,18.72452227170826,0,Удалённая,0.0,8.070750106049681
real_estate_agent,Октябрьский,2.0,25.0,17.272000000000002,13.81392,2.0,Владимира Заровного,86.36,Речной вокзал,0,3,54.99444,82.962327,2.28,4.78687551461492,1,Транспортная,2.28,18.768035575655617
real_estate_agent,Октябрьский,6.0,10.0,12.0,4.14,2.0,Плющихинская,63.6,Золотая Нива,0,3,55.011366,83.006291,3.503,5.858509538735904,1,Автомобильная,3.503,19.480146079480427
real_estate_agent,Октябрьский,21.0,24.0,9.656,9.45,2.0,Ленинградская,48.28,Октябрьская,0,1,55.013136,82.957539,1.328,3.0297226734141183,1,Комфортная,1.328,20.772820333696856
developer,Октябрьский,5.0,18.0,19.9,9.2292,2.0,Ленинградская,69.98,Речной вокзал,0,1,55.011185,82.963136,1.635,3.444290843570368,1,Транспортная,1.635,20.427155475247062
real_estate_agent,Советский,1.0,5.0,7.9,4.3,2.0,Солнечногорская,53.9,Площадь Маркса,0,21,54.809023,83.095484,23.1,27.01486697397053,0,Удалённая,0.0,3.845808889333686
developer,Октябрьский,18.0,20.0,10.1,8.7118,2.0,Ленинградская,63.47,Речной вокзал,0,1,55.011185,82.963136,1.635,3.444290843570368,1,Транспортная,1.635,20.427155475247062
developer,Заельцовский,17.0,21.0,5.0,13.1,2.0,Красный проспект,48.9,Заельцовская,0,3,55.068144,82.911878,1.018,4.258113020479213,1,Комфортная,1.018,27.54583690589678
real_estate_agent,Первомайский,5.0,5.0,6.0,3.7,2.0,Тенистая,44.2,Речной вокзал,0,51,54.961449,83.061806,9.54,11.81928103082906,0,Удалённая,0.0,13.265866341549739
real_estate_agent,Октябрьский,10.0,24.0,12.35,11.63,2.0,Ленинградская,61.75,Октябрьская,0,1,55.013136,82.957539,1.328,3.0297226734141183,1,Комфортная,1.328,20.772820333696856
developer,Заельцовский,2.0,29.0,5.5,11.305882,2.0,Сухарная,53.39,Площадь Гарина-Михайловского,0,1,55.046373,82.855886,3.041,4.490523798660787,1,Автомобильная,3.041,27.200011743723838
realtor,Кировский,2.0,4.0,6.0,4.0,2.0,2-я Ольховская,45.1,Площадь Маркса,0,63,54.966566,82.906425,1.867,7.128125088411863,0,Транспортная,0.0,18.190862634158037
real_estate_agent,Кировский,13.0,17.0,13.28,7.22,2.0,Петухова,66.4,Площадь Маркса,0,3,54.937826,82.957323,6.299,10.533914975051776,0,Автомобильная,0.0,13.648835823102965
developer,Заельцовский,17.0,19.0,5.1,12.1,2.0,Красный проспект,45.6,Заельцовская,0,3,55.068144,82.911878,1.018,4.258113020479213,1,Комфортная,1.018,27.54583690589678
real_estate_agent,Первомайский,11.0,17.0,4.4,4.4,2.0,Одоевского,36.7,Речной вокзал,0,16,54.937236,83.103021,13.249,15.572180965432196,0,Удалённая,0.0,10.42746750853885
developer,Советский,15.0,15.0,7.8,11.87,2.0,Рубиновая,46.52,Площадь Маркса,0,1,54.870305,83.083627,17.277,20.605097489595085,0,Удалённая,0.0,3.044182071739417
developer,Заельцовский,19.0,29.0,5.5,11.976471,2.0,Сухарная,53.87,Площадь Гарина-Михайловского,0,1,55.046373,82.855886,3.041,4.490523798660787,1,Автомобильная,3.041,27.200011743723838
developer,Заельцовский,24.0,29.0,6.5,10.2,2.0,Сухарная,37.68,Площадь Гарина-Михайловского,0,1,55.046373,82.855886,3.041,4.490523798660787,1,Автомобильная,3.041,27.200011743723838
real_estate_agent,Железнодорожный,2.0,14.0,10.7,10.75,2.0,Комсомольский проспект,53.5,Площадь Гарина-Михайловского,0,3,55.029817,82.901601,0.634,1.2009988685246236,1,Комфортная,0.634,24.08241172672424
developer,Калининский,15.0,17.0,11.840000000000002,7.4,2.0,Игарская,59.2,Заельцовская,0,1,55.098949,82.943516,4.859,7.788347941197897,1,Автомобильная,4.859,29.976001355322996
developer,Заельцовский,2.0,29.0,37.9,13.09,2.0,Дуси Ковальчук,75.0,Площадь Гарина-Михайловского,0,1,55.046785,82.881901,1.695,3.0731266720364294,1,Транспортная,1.695,26.346019868246223
real_estate_agent,Октябрьский,20.0,24.0,9.178,9.05,2.0,Ленинградская,45.89,Октябрьская,0,1,55.013136,82.957539,1.328,3.0297226734141183,1,Комфортная,1.328,20.772820333696856
developer,Заельцовский,19.0,25.0,6.1,13.98878,2.0,Дачная,68.1,Заельцовская,0,2,55.054594,82.906757,0.615,2.852762085677449,1,Комфортная,0.615,26.335684386395986
developer,Ленинский,20.0,25.0,13.79,9.83,2.0,Титова,68.95,Площадь Маркса,0,1,54.9818,82.860611,2.272,6.593668383811543,1,Транспортная,2.272,21.421362076335058
real_estate_agent,Ленинский,17.0,17.0,11.240000000000002,8.39296,2.0,Титова,56.2,Площадь Маркса,0,1,54.98149,82.831937,4.101,7.819445761202049,1,Автомобильная,4.101,22.713037308958214
developer,Заельцовский,18.0,25.0,9.19,8.25,2.0,Красногорская,45.95,Заельцовская,0,1,55.072747,82.898448,1.774,4.937701159286329,1,Транспортная,1.774,28.37718136668489
real_estate_agent,Калининский,5.0,15.0,12.64,6.98,2.0,Родники мкр,63.2,Заельцовская,0,1,55.109986,82.944388,6.02,9.005741386191689,1,Автомобильная,6.02,31.1234205916231
real_estate_agent,Железнодорожный,8.0,14.0,10.16,10.5,2.0,Комсомольский проспект,50.8,Площадь Гарина-Михайловского,0,3,55.029817,82.901601,0.634,1.2009988685246236,1,Комфортная,0.634,24.08241172672424
developer,Заельцовский,4.0,11.0,12.56,12.85,2.0,Дуси Ковальчук,62.8,Заельцовская,0,1,55.057193,82.906865,0.417,3.127270329890379,1,Пешеходная,0.417,26.59018735446785
real_estate_agent,Советский,19.0,24.0,9.858,12.001,2.0,Мусы Джалиля,49.29,Площадь Маркса,0,1,54.862145,83.091433,18.28,21.640530849466497,0,Удалённая,0.0,2.069164819363638
real_estate_agent,Дзержинский,22.0,25.0,5.0,8.29,2.0,Гоголя,40.77,Березовая Роща,0,2,55.047631,82.96592,1.015,3.4886760926538773,1,Комфортная,1.015,24.11894808166873
developer,Ленинский,6.0,17.0,17.110000000000003,4.708329,2.0,Забалуева,44.81,Площадь Маркса,0,3,54.986056,82.781361,7.339,10.134185414038978,1,Удалённая,7.339,25.503986385577676
developer,Ленинский,12.0,14.0,11.8,10.6195,2.0,Серафимовича,52.4,Площадь Маркса,0,1,54.979909,82.879547,1.095,6.166627238207052,1,Комфортная,1.095,20.440256330573085
developer,Ленинский,5.0,17.0,10.494,5.8217,2.0,Забалуева,52.47,Площадь Маркса,0,2,54.986831,82.783868,7.185,9.952513521689276,1,Удалённая,7.185,25.43232984645602
developer,Октябрьский,16.0,17.0,5.0,8.3,2.0,Знаменский кв-л,49.95,Золотая Нива,0,1,55.030225,82.979458,0.845,3.7615238211652096,1,Комфортная,0.845,22.006010160130607
real_estate_agent,Советский,16.0,24.0,9.328,11.8714,2.0,Мусы Джалиля,46.64,Площадь Маркса,0,1,54.862145,83.091433,18.28,21.640530849466497,0,Удалённая,0.0,2.069164819363638
developer,Ленинский,4.0,16.0,11.662,6.25,2.0,Зорге,58.31,Площадь Маркса,0,22,54.92808,82.924598,6.296,11.35444058673209,1,Автомобильная,6.296,14.344952122118581
real_estate_agent,Ленинский,16.0,17.0,7.4,5.6,2.0,Связистов,37.0,Площадь Маркса,0,3,54.961284,82.8373,4.426,9.315798925879871,1,Автомобильная,4.426,20.995143575918473
developer,Заельцовский,20.0,30.0,12.48,11.85,2.0,Дуси Ковальчук,62.4,Заельцовская,0,1,55.057193,82.906865,0.417,3.127270329890379,1,Пешеходная,0.417,26.59018735446785
developer,Заельцовский,3.0,28.0,12.340000000000002,10.881698,2.0,Сухарная,61.7,Площадь Гарина-Михайловского,0,2,55.047213,82.858868,2.909,4.356947060903408,1,Транспортная,2.909,27.17164052970939
developer,Октябрьский,8.0,14.0,10.9,12.8075,2.0,Маковского,54.5,Речной вокзал,0,2,55.011448,82.931389,0.468,2.1952297359023185,1,Пешеходная,0.468,21.364001477089083
developer,Ленинский,8.0,14.0,13.2,10.9001,2.0,Серафимовича,59.4,Площадь Маркса,0,1,54.979909,82.879547,1.095,6.166627238207052,1,Комфортная,1.095,20.440256330573085
developer,Заельцовский,1.0,8.0,6.4,19.6,2.0,Дуси Ковальчук,77.74,Площадь Гарина-Михайловского,0,1,55.049024,82.88394,1.814,3.1312733944744746,1,Транспортная,1.814,26.493430714744587
real_estate_agent,Октябрьский,17.0,17.0,18.02,13.69,2.0,Большевистская,90.1,Речной вокзал,0,1,54.99256,82.977895,3.168,5.559404724898926,1,Автомобильная,3.168,18.15229982940267
developer,Заельцовский,8.0,30.0,10.7,10.7,2.0,Дуси Ковальчук,53.5,Заельцовская,0,1,55.057193,82.906865,0.417,3.127270329890379,1,Пешеходная,0.417,26.59018735446785
developer,Ленинский,1.0,17.0,16.050000000000004,4.56543,2.0,Забалуева,43.45,Площадь Маркса,0,3,54.986056,82.781361,7.339,10.134185414038978,1,Удалённая,7.339,25.503986385577676
developer,Кировский,17.0,17.0,12.240000000000002,7.75,2.0,Сибиряков-Гвардейцев,61.2,Площадь Маркса,0,1,54.944988,82.900739,4.159,9.554251574730378,0,Автомобильная,0.0,16.732819365367455
developer,Октябрьский,7.0,7.0,33.0,13.45,2.0,Большевистская,83.02,Речной вокзал,0,1,54.993696,82.969019,2.646,5.102918561823516,1,Транспортная,2.646,18.505456410346294
real_estate_agent,Октябрьский,22.0,25.0,18.64,15.86256,2.0,Владимира Заровного,93.2,Речной вокзал,0,4,54.993401,82.96221,2.36,4.879118614829397,1,Транспортная,2.36,18.668283188010115
developer,Ленинский,16.0,17.0,12.764,8.3,2.0,Междуреченская,63.82,Площадь Гарина-Михайловского,0,3,55.023444,82.855428,3.113,4.2102206003364735,1,Автомобильная,3.113,25.147405425573535
real_estate_agent,Октябрьский,1.0,15.0,15.340000000000002,12.43,2.0,Большевистская,76.7,Речной вокзал,0,1,54.993696,82.969019,2.646,5.102918561823516,1,Транспортная,2.646,18.505456410346294
real_estate_agent,Железнодорожный,13.0,14.0,9.9,10.7,2.0,Комсомольский проспект,49.5,Площадь Гарина-Михайловского,0,3,55.029817,82.901601,0.634,1.2009988685246236,1,Комфортная,0.634,24.08241172672424
real_estate_agent,Заельцовский,14.0,25.0,11.926000000000002,9.9,2.0,Дуси Ковальчук,59.63,Заельцовская,0,1,55.063101,82.92741,1.048,3.689165281750359,1,Комфортная,1.048,26.627189012170266
real_estate_agent,Калининский,1.0,15.0,13.1,7.2,2.0,Родники мкр,65.5,Заельцовская,0,1,55.109986,82.944388,6.02,9.005741386191689,1,Автомобильная,6.02,31.1234205916231
developer,Калининский,19.0,19.0,9.108,6.15,2.0,Новоуральская,45.54,Заельцовская,0,1,55.176691,82.964357,13.494,16.530776302348762,1,Удалённая,13.494,37.9506621907454
developer,Заельцовский,17.0,20.0,7.2,11.6,2.0,Дуси Ковальчук,48.0,Заельцовская,0,1,55.057193,82.906865,0.417,3.127270329890379,1,Пешеходная,0.417,26.59018735446785
developer,Ленинский,15.0,17.0,12.474,8.11,2.0,Междуреченская,62.37,Площадь Гарина-Михайловского,0,3,55.023444,82.855428,3.113,4.2102206003364735,1,Автомобильная,3.113,25.147405425573535
real_estate_agent,Заельцовский,9.0,26.0,10.48,8.85,2.0,Красный проспект,52.4,Заельцовская,0,2,55.05728,82.914896,0.241,3.0356387034335457,1,Пешеходная,0.241,26.372278571136523
real_estate_agent,Калининский,16.0,17.0,11.8,7.4,2.0,Игарская,59.0,Заельцовская,0,1,55.098949,82.943516,4.859,7.788347941197897,1,Автомобильная,4.859,29.976001355322996
developer,Октябрьский,11.0,16.0,15.496000000000002,13.07,2.0,Большевистская,77.48,Речной вокзал,0,5,54.989528,82.977275,3.347,5.792500345609196,1,Автомобильная,3.347,17.861840921964465
developer,Кировский,17.0,26.0,18.0,7.37,2.0,Аникина,46.26,Студенческая,0,1,54.965574,82.945088,3.571,7.352291025391459,0,Автомобильная,0.0,16.57419367825262
developer,Заельцовский,2.0,9.0,9.64,9.99,2.0,Дуси Ковальчук,48.2,Площадь Гарина-Михайловского,0,1,55.047219,82.882611,1.703,3.066697132869883,1,Транспортная,1.703,26.364118798428276
developer,Ленинский,5.0,14.0,14.080000000000002,8.421,2.0,площадь Карла Маркса,70.4,Площадь Маркса,0,1,54.983024,82.893202,0.208,5.522037183566433,1,Пешеходная,0.208,20.13041113539444
developer,Заельцовский,7.0,9.0,8.3,9.93,2.0,Дуси Ковальчук,41.5,Площадь Гарина-Михайловского,0,1,55.047219,82.882611,1.703,3.066697132869883,1,Транспортная,1.703,26.364118798428276
real_estate_agent,Дзержинский,22.0,25.0,11.288,8.89,2.0,Авиастроителей,56.44,Березовая Роща,0,1,55.070334,82.966729,3.151,5.352187273041826,1,Автомобильная,3.151,26.490784610916197
real_estate_agent,Советский,14.0,24.0,9.452,11.517,2.0,Мусы Джалиля,47.26,Площадь Маркса,0,1,54.862145,83.091433,18.28,21.640530849466497,0,Удалённая,0.0,2.069164819363638
real_estate_agent,Заельцовский,17.0,25.0,9.19,8.35,2.0,Красногорская,45.95,Заельцовская,0,1,55.072747,82.898448,1.774,4.937701159286329,1,Транспортная,1.774,28.37718136668489
developer,Калининский,12.0,19.0,11.57,6.89,2.0,Новоуральская,57.85,Заельцовская,0,1,55.176691,82.964357,13.494,16.530776302348762,1,Удалённая,13.494,37.9506621907454
real_estate_agent,Кировский,11.0,17.0,12.2,8.28,2.0,Сибиряков-Гвардейцев,61.0,Площадь Маркса,0,3,54.944057,82.900532,4.261,9.658613640860066,0,Автомобильная,0.0,16.673177173124213
real_estate_agent,Заельцовский,26.0,28.0,7.140000000000001,8.26,2.0,Сухарная,35.7,Площадь Гарина-Михайловского,0,1,55.046373,82.855886,3.041,4.490523798660787,1,Автомобильная,3.041,27.200011743723838
developer,Ленинский,17.0,17.0,32.900000000000006,6.3,2.0,площадь Карла Маркса,62.1,Площадь Маркса,0,1,54.983024,82.893202,0.208,5.522037183566433,1,Пешеходная,0.208,20.13041113539444
real_estate_agent,Калининский,3.0,4.0,7.6,5.95,2.0,Богдана Хмельницкого,55.4,Заельцовская,0,3,55.074164,82.951601,3.002,5.279845014786209,1,Автомобильная,3.002,27.203889781714963
real_estate_agent,Заельцовский,1.0,9.0,6.9,5.99,2.0,Дуси Ковальчук,44.0,Гагаринская,0,3,55.051365,82.895438,1.234,2.844956703784188,1,Комфортная,1.234,26.35678677734855
real_estate_agent,Ленинский,2.0,9.0,7.7,5.95,2.0,Пархоменко,53.0,Площадь Маркса,0,6,54.987219,82.849193,3.049,6.591003174109181,1,Автомобильная,3.049,22.36157663979527
real_estate_agent,Ленинский,15.0,18.0,12.6,5.95,2.0,Междуреченская,58.2,Площадь Гарина-Михайловского,0,7,55.022794,82.860467,2.861,3.9091149059479866,1,Транспортная,2.861,24.89572427657797
real_estate_agent,Кировский,8.0,9.0,9.0,5.9,2.0,Петухова,50.2,Площадь Маркса,0,9,54.939594,82.885997,4.793,10.307953448694985,0,Автомобильная,0.0,17.060136371666225
realtor,Ленинский,6.0,9.0,8.7,5.9,2.0,Новосибирская,53.0,Площадь Маркса,0,41,54.989037,82.844279,3.396,6.670493981721511,1,Автомобильная,3.396,22.725685255664466
real_estate_agent,Октябрьский,8.0,10.0,6.4,5.9,2.0,Воинская,52.4,Золотая Нива,0,34,55.019243,82.978757,2.04,3.910708971379404,1,Транспортная,2.04,20.87454649560468
realtor,Кировский,10.0,10.0,8.9,5.99,2.0,Ватутина,51.0,Площадь Маркса,0,32,54.975326,82.911653,1.254,6.123490652935286,0,Комфортная,0.0,18.723129447402275
realtor,Советский,2.0,10.0,9.4,5.9,2.0,Молодости,56.3,Площадь Маркса,0,20,54.859357,82.971813,14.499,19.27433786941347,0,Удалённая,0.0,8.021844007239023
realtor,Кировский,1.0,10.0,8.5,5.99,2.0,Зорге,61.0,Площадь Маркса,0,19,54.930926,82.913153,5.814,11.04465478459428,0,Автомобильная,0.0,15.107016232224561
real_estate_agent,Дзержинский,4.0,5.0,6.1,6.0,2.0,проспект Дзержинского,44.9,Березовая Роща,0,67,55.046744,82.957791,0.536,3.010600554244687,1,Комфортная,0.536,24.20803977112444
real_estate_agent,Центральный,2.0,5.0,6.0,6.0,2.0,Гоголя,43.0,Маршала Покрышкина,0,65,55.044031,82.930392,0.251,1.667240943222864,1,Пешеходная,0.251,24.61762609699811
real_estate_agent,Первомайский,9.0,17.0,14.2,6.0,2.0,Одоевского,59.1,Речной вокзал,0,16,54.937143,83.101009,13.153,15.483292745230234,0,Удалённая,0.0,10.41088758537983
real_estate_agent,Кировский,1.0,10.0,12.8,6.0,2.0,Сибиряков-Гвардейцев,54.9,Площадь Маркса,0,8,54.938493,82.895501,4.871,10.31686757492636,0,Автомобильная,0.0,16.51199955656865
real_estate_agent,Ленинский,8.0,9.0,7.8,6.0,2.0,Степная,47.3,Площадь Маркса,0,38,54.976571,82.861302,2.316,7.052375376641824,1,Транспортная,2.316,20.97749313649332
real_estate_agent,Октябрьский,4.0,10.0,6.5,6.0,2.0,В. Высоцкого,42.9,Золотая Нива,0,21,55.029503,83.02361,3.186,6.575830010901478,1,Автомобильная,3.186,21.15621513901716
real_estate_agent,Центральный,2.0,5.0,5.8,6.0,2.0,Ольги Жилиной,44.1,Маршала Покрышкина,0,62,55.047095,82.93368,0.279,2.06301740365229,1,Пешеходная,0.279,24.838975336441308
real_estate_agent,Заельцовский,4.0,5.0,6.0,6.0,2.0,Дуси Ковальчук,43.8,Заельцовская,0,59,55.064318,82.928721,1.185,3.834139915122556,1,Комфортная,1.185,26.718027329532575
real_estate_agent,Заельцовский,1.0,17.0,7.1,6.0,2.0,Аэропорт,44.2,Заельцовская,0,4,55.078226,82.912569,2.138,5.367578258161752,1,Транспортная,2.138,28.547388450163506
real_estate_agent,Кировский,4.0,5.0,5.8,6.0,2.0,Ватутина,43.6,Площадь Маркса,0,64,54.980678,82.902311,0.43,5.622783689839936,0,Пешеходная,0.0,19.560387376185826
real_estate_agent,Заельцовский,8.0,9.0,8.0,6.0,2.0,Красный проспект,49.5,Заельцовская,0,62,55.059688,82.914195,0.127,3.306797691921347,1,Пешеходная,0.127,26.632897978093535
real_estate_agent,Ленинский,1.0,19.0,5.0,6.0,2.0,Стартовая,40.3,Спортивная,0,6,54.998638,82.90753,0.908,3.6009143200994247,1,Комфортная,0.908,20.960577173835258
real_estate_agent,Ленинский,4.0,5.0,5.8,6.0,2.0,проспект Карла Маркса,42.7,Площадь Маркса,0,69,54.984817,82.898412,0.313,5.2343884478222735,1,Пешеходная,0.313,20.075033062957473
real_estate_agent,Калининский,1.0,17.0,17.1,6.0,2.0,Тюленина,55.3,Заельцовская,0,16,55.108364,82.94764,5.925,8.866158351112306,1,Автомобильная,5.925,30.88845028031358
real_estate_agent,Ленинский,15.0,17.0,10.9,6.0,2.0,Междуреченская,63.4,Площадь Гарина-Михайловского,0,3,55.023444,82.855428,3.113,4.2102206003364735,1,Автомобильная,3.113,25.147405425573535
real_estate_agent,Ленинский,7.0,19.0,5.0,6.0,2.0,Пархоменко,38.0,Площадь Маркса,0,11,54.985251,82.842573,3.437,7.042291536903794,1,Автомобильная,3.437,22.50635037310078
real_estate_agent,Первомайский,1.0,9.0,5.4,6.0,2.0,Героев Революции,46.3,Золотая Нива,0,14,54.974055,83.095152,10.387,12.7704390329986,0,Удалённая,0.0,14.506090029978193
real_estate_agent,Калининский,2.0,9.0,6.8,6.0,2.0,Менделеева,42.4,Березовая Роща,0,3,55.073159,82.960917,3.369,5.431750225512249,1,Автомобильная,3.369,26.904787659635012
real_estate_agent,Калининский,9.0,10.0,9.5,6.0,2.0,Лейтенанта Амосова,53.3,Заельцовская,0,8,55.163348,82.955976,11.926,14.980912207916196,1,Удалённая,11.926,36.6292573337277
real_estate_agent,Железнодорожный,2.0,5.0,6.0,6.0,2.0,Ленина,41.1,Площадь Гарина-Михайловского,0,11,55.038563,82.896175,0.414,1.806145659608405,1,Пешеходная,0.414,25.095661511218353
real_estate_agent,Железнодорожный,8.0,9.0,7.0,6.0,2.0,Челюскинцев,45.0,Площадь Гарина-Михайловского,0,48,55.040848,82.904997,0.697,1.5423928660401212,1,Комфортная,0.697,25.038678604033535
realtor,Ленинский,3.0,5.0,6.0,6.0,2.0,Степная,45.5,Площадь Маркса,0,61,54.97747,82.86397,2.126,6.877491447457162,1,Транспортная,2.126,20.92773086018559
realtor,Кировский,7.0,10.0,10.5,6.0,2.0,Зорге,63.8,Площадь Маркса,0,19,54.930926,82.913153,5.814,11.04465478459428,0,Автомобильная,0.0,15.107016232224561
real_estate_agent,Заельцовский,5.0,5.0,5.7,6.09,2.0,Красный проспект,43.0,Гагаринская,0,60,55.051381,82.913207,0.115,2.403653224762464,1,Пешеходная,0.115,25.831312223604108
real_estate_agent,Кировский,3.0,24.0,11.0,6.1,2.0,Бородина,51.0,Площадь Маркса,0,5,54.934278,82.876861,5.481,11.018709825453994,0,Автомобильная,0.0,17.166723399069287
real_estate_agent,Октябрьский,12.0,25.0,5.0,6.1,2.0,Выборная,45.0,Золотая Нива,0,4,55.007359,83.020646,4.413,6.873208789251715,1,Автомобильная,4.413,18.804328091268214
real_estate_agent,Центральный,5.0,5.0,6.2,6.14,2.0,Крылова,42.9,Сибирская,0,64,55.041416,82.927868,0.419,1.3376903145092094,1,Пешеходная,0.419,24.424484057745303
real_estate_agent,Заельцовский,3.0,5.0,8.0,6.1,2.0,Ельцовская,51.2,Площадь Гарина-Михайловского,0,3,55.045919,82.884623,1.51,2.876794336348833,1,Транспортная,1.51,26.174281755155057
real_estate_agent,Кировский,5.0,10.0,10.5,6.1,2.0,Зорге,65.0,Площадь Маркса,0,17,54.930874,82.914249,5.833,11.047711647175763,0,Автомобильная,0.0,15.04966069393112
real_estate_agent,Кировский,1.0,17.0,12.3,6.12,2.0,Герцена,64.7,Спортивная,0,9,54.959651,82.965372,4.855,8.348290555335154,0,Автомобильная,0.0,15.305459886565346
real_estate_agent,Октябрьский,9.0,10.0,12.2,6.1,2.0,Татьяны Снежиной,58.0,Золотая Нива,0,15,55.019671,83.011618,3.033,5.927847650704191,1,Автомобильная,3.033,20.274962976505524
real_estate_agent,Заельцовский,1.0,10.0,9.0,6.1,2.0,Кубовая,42.7,Заельцовская,0,3,55.126467,82.900262,7.543,10.785018395308388,1,Удалённая,7.543,33.797399580492296
realtor,Центральный,3.0,5.0,6.0,6.1,2.0,Крылова,44.0,Маршала Покрышкина,0,18,55.041307,82.931991,0.392,1.4412167075300824,1,Пешеходная,0.392,24.30021036061226
realtor,Ленинский,10.0,10.0,9.3,6.1,2.0,Титова,52.5,Площадь Маркса,0,15,54.98056,82.805463,5.793,9.174989531499431,1,Автомобильная,5.793,23.922857053334877
realtor,Октябрьский,3.0,5.0,8.0,6.1,2.0,Военного Городка тер.,52.9,Октябрьская,0,4,55.029781,82.951916,1.466,2.006710333572568,1,Комфортная,1.466,22.607128026481867
real_estate_agent,Дзержинский,2.0,9.0,7.0,6.199,2.0,Фрунзе,45.1,Березовая Роща,0,52,55.041091,82.949813,0.279,2.231652772313036,1,Пешеходная,0.279,23.815319283567106
real_estate_agent,Железнодорожный,4.0,5.0,5.0,6.15,2.0,Фабричная,44.3,Октябрьская,0,62,55.016817,82.92157,1.145,1.4859889438217395,1,Комфортная,1.145,22.191975197552704
real_estate_agent,Октябрьский,3.0,5.0,8.7,6.15,2.0,Выборная,53.1,Золотая Нива,0,45,55.005408,83.020574,4.577,6.952101161224866,1,Автомобильная,4.577,18.59552247624994
real_estate_agent,Кировский,8.0,17.0,10.2,6.15,2.0,Петухова,55.2,Площадь Маркса,0,12,54.938436,82.946112,5.826,10.330522023651016,0,Автомобильная,0.0,14.169415051251734
real_estate_agent,Октябрьский,9.0,10.0,14.0,6.199,2.0,В. Высоцкого,75.3,Золотая Нива,0,4,55.026768,83.027949,3.543,6.862585393222199,1,Автомобильная,3.543,20.801122357251796
real_estate_agent,Кировский,5.0,10.0,8.4,6.17,2.0,Николая Сотникова,58.4,Площадь Маркса,0,9,54.94308,82.970376,6.438,10.194122226606448,0,Автомобильная,0.0,13.599967478962812
real_estate_agent,Центральный,2.0,5.0,6.0,6.15,2.0,Советская,44.2,Гагаринская,0,59,55.04597,82.912444,0.568,1.8297273739008268,1,Комфортная,0.568,25.317238849710446
real_estate_agent,Калининский,8.0,17.0,14.0,6.26,2.0,Фадеева,53.9,Заельцовская,0,11,55.099516,82.940714,4.848,7.818832979666401,1,Автомобильная,4.848,30.093405602106028
real_estate_agent,Кировский,1.0,17.0,18.0,6.2,2.0,Александра Чистякова,68.9,Площадь Маркса,0,5,54.938653,82.968876,6.714,10.63467605167456,0,Автомобильная,0.0,13.2606605461027
real_estate_agent,Октябрьский,2.0,27.0,9.9,6.25,2.0,В. Высоцкого,57.9,Золотая Нива,0,15,55.030375,83.019244,2.892,6.297141760206966,1,Транспортная,2.892,21.31179235538933
real_estate_agent,Заельцовский,5.0,13.0,20.0,6.2,2.0,Лобачевского,46.9,Заельцовская,0,9,55.122292,82.897433,7.104,10.348182301851288,1,Удалённая,7.104,33.43335891933535
real_estate_agent,Октябрьский,7.0,10.0,9.3,6.2,2.0,Ключ-Камышенское плато,56.6,Речной вокзал,0,14,54.984445,83.040292,7.103,9.179265015891549,1,Удалённая,7.103,16.03441647850416
real_estate_agent,Ленинский,2.0,6.0,14.3,6.2,2.0,Романтиков,57.8,Площадь Гарина-Михайловского,0,12,55.023836,82.808679,5.936,7.15760891138239,1,Автомобильная,5.936,27.094767632021423
real_estate_agent,Заельцовский,6.0,9.0,7.0,6.2,2.0,Переездная,43.3,Заельцовская,0,51,55.053588,82.890471,1.532,3.229290652625308,1,Транспортная,1.532,26.726436466900203
real_estate_agent,Центральный,1.0,5.0,8.0,6.25,2.0,Семьи Шамшиных,55.3,Маршала Покрышкина,0,67,55.04467,82.928461,0.366,1.6920005145013224,1,Пешеходная,0.366,24.734431224216163
real_estate_agent,Первомайский,1.0,5.0,8.0,6.2,2.0,Маяковского,54.0,Золотая Нива,0,68,54.971342,83.098053,10.728,13.080726276393149,0,Удалённая,0.0,14.20650993334461
real_estate_agent,Калининский,1.0,10.0,13.4,6.2,2.0,Мясниковой,57.4,Заельцовская,0,13,55.109312,82.932674,5.738,8.835169004031128,1,Автомобильная,5.738,31.29021151537627
real_estate_agent,Кировский,4.0,5.0,9.0,6.25,2.0,Ватутина,57.0,Площадь Маркса,0,9,54.981014,82.901089,0.343,5.602866714216792,0,Пешеходная,0.0,19.638456139487186
real_estate_agent,Железнодорожный,5.0,5.0,7.0,6.2,2.0,проспект Димитрова,40.4,Площадь Ленина,0,93,55.031494,82.910099,0.672,0.6751461795561183,1,Комфортная,0.672,23.972030886895784
real_estate_agent,Заельцовский,7.0,9.0,7.0,6.29,2.0,Дуси Ковальчук,43.2,Площадь Гарина-Михайловского,0,46,55.048152,82.884955,1.697,3.018465503968663,1,Транспортная,1.697,26.377067649285337
real_estate_agent,Ленинский,7.0,13.0,10.7,6.2,2.0,Романтиков,58.2,Площадь Гарина-Михайловского,0,10,55.025059,82.810772,5.777,7.012443985537744,1,Автомобильная,5.777,27.10586049205131
real_estate_agent,Советский,1.0,3.0,25.0,6.299,2.0,Садовый проезд,54.0,Спортивная,0,7,54.901792,83.109381,15.906,18.68753719575699,0,Удалённая,0.0,6.544101392750873
real_estate_agent,Заельцовский,4.0,5.0,5.9,6.2,2.0,Красный проспект,43.9,Гагаринская,0,60,55.052778,82.91354,0.224,2.5525484746574145,1,Пешеходная,0.224,25.960802755387814
real_estate_agent,Кировский,4.0,17.0,16.0,6.2,2.0,Петухова,65.63,Площадь Маркса,0,5,54.938974,82.891612,4.827,10.305400829468743,0,Автомобильная,0.0,16.737834893226363
real_estate_agent,Кировский,17.0,17.0,20.0,6.2,2.0,Дмитрия Шмонина,59.5,Площадь Маркса,0,10,54.940422,82.958689,6.132,10.273091386244513,0,Автомобильная,0.0,13.81656360004836
real_estate_agent,Ленинский,9.0,17.0,13.1,6.2,2.0,Рельефная,42.5,Площадь Маркса,0,3,54.974876,82.805912,5.82,9.546767029484824,1,Автомобильная,5.82,23.504077869253734
real_estate_agent,Заельцовский,2.0,25.0,14.7,6.2,2.0,Сухарная,40.2,Площадь Гарина-Михайловского,0,3,55.047451,82.862371,2.724,4.169237984472341,1,Транспортная,2.724,27.070720120556004
real_estate_agent,Заельцовский,5.0,11.0,11.5,6.299,2.0,Кубовая,49.0,Заельцовская,0,13,55.122926,82.915022,7.11,10.320308675798891,1,Удалённая,7.11,33.094647457282726
real_estate_agent,Кировский,18.0,21.0,8.0,6.2,2.0,Тульская,46.0,Студенческая,0,2,54.979315,82.919576,1.351,5.654527988541639,0,Комфортная,0.0,18.766383198559346
real_estate_agent,Дзержинский,2.0,5.0,9.1,6.2,2.0,проспект Дзержинского,54.6,Березовая Роща,0,3,55.051185,82.963854,1.161,3.621558299546243,1,Комфортная,1.161,24.535336449666467
realtor,Ленинский,3.0,17.0,12.0,6.2,2.0,Немировича-Данченко,64.6,Площадь Маркса,0,3,54.968897,82.866638,2.404,7.62797213339465,1,Транспортная,2.404,20.1384028863587
realtor,Кировский,21.0,21.0,22.6,6.29,2.0,Тульская,47.4,Студенческая,0,9,54.979315,82.919576,1.351,5.654527988541639,0,Комфортная,0.0,18.766383198559346
real_estate_agent,Первомайский,13.0,16.0,4.7,6.3,2.0,Заречная,37.0,Золотая Нива,0,6,54.982249,83.063882,8.333,10.585960472529823,0,Удалённая,0.0,15.537579748990359
real_estate_agent,Ленинский,5.0,17.0,14.1,6.3,2.0,Связистов,56.0,Площадь Маркса,0,2,54.98523,82.834084,3.977,7.435424688463525,1,Автомобильная,3.977,22.89545323671187
real_estate_agent,Октябрьский,5.0,10.0,12.1,6.3,2.0,Татьяны Снежиной,57.6,Золотая Нива,0,16,55.021431,83.015534,3.11,6.138644331083459,1,Автомобильная,3.11,20.40098628565154
real_estate_agent,Кировский,4.0,18.0,17.8,6.3,2.0,Сибиряков-Гвардейцев,57.4,Площадь Маркса,0,3,54.94324,82.90028,4.351,9.75078762005941,0,Автомобильная,0.0,16.624555651369104
real_estate_agent,Кировский,9.0,25.0,15.0,6.3,2.0,Оловозаводская,39.7,Спортивная,0,10,54.966261,82.956407,3.924,7.467004769723738,0,Автомобильная,0.0,16.233210433243027
real_estate_agent,Октябрьский,8.0,19.0,7.0,6.3,2.0,Никитина,43.3,Золотая Нива,0,4,55.023909,82.978326,1.521,3.75466901067796,1,Транспортная,1.521,21.370129718192196
real_estate_agent,Ленинский,2.0,5.0,6.0,6.3,2.0,Пермитина,45.7,Площадь Маркса,0,63,54.989915,82.887345,1.018,4.948025257774901,1,Комфортная,1.018,20.959564050086797
real_estate_agent,Ленинский,8.0,12.0,23.0,6.3,2.0,Романтиков,52.0,Площадь Гарина-Михайловского,0,6,55.025059,82.810772,5.777,7.012443985537744,1,Автомобильная,5.777,27.10586049205131
real_estate_agent,Ленинский,13.0,20.0,5.1,6.3,2.0,Плахотного,49.9,Площадь Маркса,0,6,54.985173,82.841486,3.506,7.097445168606034,1,Автомобильная,3.506,22.54998431716518
real_estate_agent,Центральный,2.0,5.0,6.0,6.3,2.0,Крылова,43.5,Маршала Покрышкина,0,18,55.042669,82.935773,0.237,1.699485377096079,1,Пешеходная,0.237,24.335874414821806
real_estate_agent,Ленинский,10.0,18.0,9.3,6.3,2.0,Спортивная,50.4,Площадь Маркса,0,6,54.981505,82.781164,7.341,10.399698490338915,1,Удалённая,7.341,25.203695145381598
real_estate_agent,Заельцовский,9.0,9.0,6.8,6.3,2.0,Линейная,45.6,Гагаринская,0,3,55.048982,82.902769,0.795,2.375937260763638,1,Комфортная,0.795,25.90088605219034
real_estate_agent,Калининский,2.0,9.0,7.0,6.3,2.0,Кропоткина,46.0,Маршала Покрышкина,0,41,55.055269,82.94013,1.245,3.060465555689502,1,Комфортная,1.245,25.507702086697964
real_estate_agent,Октябрьский,2.0,17.0,14.0,6.3,2.0,Рябиновая,48.7,Золотая Нива,0,18,55.001778,83.025532,5.09,7.406514574046946,1,Автомобильная,5.09,18.126139483652654
real_estate_agent,Кировский,10.0,19.0,10.9,6.3,2.0,Дмитрия Шмонина,59.0,Площадь Маркса,0,10,54.940422,82.958689,6.132,10.273091386244513,0,Автомобильная,0.0,13.81656360004836
realtor,Калининский,4.0,18.0,11.6,6.3,2.0,Игарская,58.0,Заельцовская,0,3,55.102076,82.941217,5.124,8.104880633152284,1,Автомобильная,5.124,30.352286639566636
real_estate_agent,Калининский,8.0,9.0,7.0,6.38,2.0,Менделеева,42.5,Березовая Роща,0,47,55.071742,82.959533,3.2,5.251245244238454,1,Автомобильная,3.2,26.783608066913978
real_estate_agent,Советский,1.0,4.0,6.0,6.35,2.0,Золотодолинская,45.7,Площадь Маркса,0,21,54.836243,83.10736,21.118,24.64894594974525,0,Удалённая,0.0,1.179049275670273
real_estate_agent,Ленинский,8.0,12.0,7.1,6.39,2.0,Ударная,53.5,Площадь Маркса,0,46,54.965078,82.865084,2.759,8.05254746102926,1,Транспортная,2.759,19.920393873689374
real_estate_agent,Заельцовский,8.0,9.0,12.3,6.38,2.0,Дуси Ковальчук,59.1,Площадь Гарина-Михайловского,0,50,55.046084,82.881685,1.647,3.038085236664856,1,Транспортная,1.647,26.28638408546092
realtor,Кировский,1.0,9.0,8.1,6.35,2.0,Станиславского,51.0,Площадь Маркса,0,35,54.97298,82.873762,1.768,7.020935845885092,0,Транспортная,0.0,20.13342692733098
real_estate_agent,Заельцовский,4.0,10.0,9.0,6.4,2.0,Кубовая,49.0,Заельцовская,0,3,55.128274,82.889375,7.843,11.086935628379983,1,Удалённая,7.843,34.243249048732885
real_estate_agent,Железнодорожный,3.0,5.0,6.3,6.4,2.0,Советская,46.3,Площадь Ленина,0,75,55.035178,82.914519,0.668,0.6729786912486745,1,Комфортная,0.668,24.194501056057053
real_estate_agent,Калининский,8.0,9.0,9.0,6.45,2.0,Мясниковой,56.1,Заельцовская,0,11,55.108503,82.930338,5.619,8.733572679367722,1,Автомобильная,5.619,31.25484831479949
real_estate_agent,Ленинский,5.0,5.0,8.5,6.4,2.0,1-я Портовая,56.0,Площадь Гарина-Михайловского,0,16,55.024982,82.863018,2.603,3.704636437688424,1,Транспортная,2.603,24.994031782188404
real_estate_agent,Ленинский,1.0,5.0,6.9,6.45,2.0,Станиславского,57.1,Площадь Маркса,0,69,54.982482,82.872469,1.514,6.121157448302586,1,Транспортная,1.514,20.956133974251774
real_estate_agent,Центральный,4.0,5.0,5.9,6.4,2.0,Каменская,42.7,Сибирская,0,58,55.04205,82.925658,0.333,1.362799866223939,1,Пешеходная,0.333,24.549483252479316
real_estate_agent,Дзержинский,1.0,16.0,15.0,6.49,2.0,Адриена Лежена,42.0,Золотая Нива,0,18,55.044088,82.982683,0.86,4.257799828345871,1,Комфортная,0.86,23.40140564665923
real_estate_agent,Заельцовский,5.0,5.0,8.0,6.4,2.0,Красный проспект,53.9,Заельцовская,0,71,55.061266,82.910162,0.296,3.519665701770807,1,Пешеходная,0.296,26.90263905394177
real_estate_agent,Советский,4.0,5.0,6.0,6.4,2.0,Российская,44.0,Площадь Маркса,0,56,54.870751,83.089277,17.494,20.747482029976577,0,Удалённая,0.0,3.0347947138506304
real_estate_agent,Ленинский,3.0,10.0,8.0,6.4,2.0,Спортивная,50.2,Площадь Маркса,0,6,54.981753,82.779762,7.43,10.461913323480744,1,Удалённая,7.43,25.29156275928996
real_estate_agent,Заельцовский,3.0,9.0,7.0,6.4,2.0,Линейная,42.6,Гагаринская,0,48,55.048982,82.902769,0.795,2.375937260763638,1,Комфортная,0.795,25.90088605219034
real_estate_agent,Октябрьский,2.0,10.0,25.3,6.45,2.0,Татьяны Снежиной,61.4,Золотая Нива,0,16,55.02219,83.023143,3.475,6.60604281618837,1,Автомобильная,3.475,20.369123613699596
real_estate_agent,Дзержинский,4.0,5.0,7.0,6.4,2.0,Адриена Лежена,46.9,Золотая Нива,0,60,55.042901,82.978209,0.623,3.944337058456775,1,Комфортная,0.623,23.36467998886637
real_estate_agent,Ленинский,10.0,11.0,9.0,6.47,2.0,Титова,53.0,Площадь Маркса,0,15,54.980529,82.804044,5.884,9.249520040831284,1,Автомобильная,5.884,23.990691629968907
realtor,Октябрьский,5.0,27.0,10.0,6.4,2.0,В. Высоцкого,56.7,Золотая Нива,0,17,55.030473,83.020205,2.948,6.358428073665916,1,Транспортная,2.948,21.30872788849386
realtor,Октябрьский,3.0,5.0,6.0,6.49,2.0,Тургенева,44.1,Октябрьская,0,56,55.013647,82.964303,1.7,3.3455314876651574,1,Транспортная,1.7,20.647033082945455
real_estate_agent,Калининский,5.0,18.0,12.0,6.5,2.0,Тайгинская,50.0,Заельцовская,0,4,55.113117,82.978119,7.321,9.928021281956193,1,Удалённая,7.321,30.869275320320725
real_estate_agent,Советский,2.0,19.0,10.0,6.5,2.0,Часовая,49.0,Площадь Маркса,0,5,54.866927,82.972128,13.716,18.44897011129655,0,Удалённая,0.0,8.226871757201144
real_estate_agent,Ленинский,9.0,10.0,8.0,6.5,2.0,Забалуева,52.3,Площадь Маркса,0,35,54.990845,82.832808,4.155,7.094674115164725,1,Автомобильная,4.155,23.386651253600764
real_estate_agent,Ленинский,16.0,17.0,11.599999999999998,6.5,2.0,Титова,43.3,Площадь Маркса,0,7,54.980115,82.800918,6.085,9.437344032528822,1,Автомобильная,6.085,24.116508360899317
real_estate_agent,Калининский,3.0,3.0,10.0,6.5,2.0,Народная,57.0,Заельцовская,0,77,55.07671,82.960243,3.617,5.763250373051354,1,Автомобильная,3.617,27.293013002331758
real_estate_agent,Ленинский,5.0,17.0,13.3,6.5,2.0,Связистов,57.0,Площадь Маркса,0,2,54.98523,82.834084,3.977,7.435424688463525,1,Автомобильная,3.977,22.89545323671187
real_estate_agent,Октябрьский,4.0,10.0,8.5,6.5,2.0,Ключ-Камышенское плато,49.2,Золотая Нива,0,11,54.990395,83.040795,6.687,8.857324193341446,1,Автомобильная,6.687,16.67458223285822
real_estate_agent,Ленинский,4.0,10.0,8.8,6.5,2.0,Плахотного,53.2,Площадь Маркса,0,23,54.985586,82.845771,3.238,6.873105747905407,1,Автомобильная,3.238,22.387013920241973
real_estate_agent,Ленинский,9.0,20.0,9.0,6.5,2.0,Ударная,49.8,Площадь Маркса,0,13,54.967574,82.863485,2.653,7.85066416205835,1,Транспортная,2.653,20.18384004814512
real_estate_agent,Октябрьский,15.0,19.0,5.0,6.5,2.0,Михаила Кулагина,36.5,Золотая Нива,0,9,55.035617,82.961563,0.919,2.690079763948086,1,Комфортная,0.919,22.968401258334335
real_estate_agent,Дзержинский,8.0,10.0,5.8,6.5,2.0,Адриена Лежена,43.9,Золотая Нива,0,57,55.043262,82.974975,0.642,3.768051515666011,1,Комфортная,0.642,23.468892203913608
real_estate_agent,Октябрьский,8.0,10.0,13.6,6.5,2.0,Татьяны Снежиной,75.5,Золотая Нива,0,17,55.022747,83.020385,3.292,6.423599881820484,1,Автомобильная,3.292,20.469320104438737
real_estate_agent,Кировский,3.0,18.0,11.08,6.5,2.0,Николая Сотникова,55.4,Площадь Маркса,0,9,54.943871,82.96751,6.244,10.054477617598655,0,Автомобильная,0.0,13.778430165786723
realtor,Ленинский,3.0,6.0,24.1,6.5,2.0,Надежды,72.0,Площадь Гарина-Михайловского,0,11,55.022913,82.8077,6.019,7.230514619441619,1,Автомобильная,6.019,27.061329355130425
real_estate_agent,Кировский,9.0,10.0,9.7,6.5,2.0,Петухова,53.6,Площадь Маркса,0,20,54.937443,82.92944,5.421,10.326209319122936,0,Автомобильная,0.0,14.824866182009831
real_estate_agent,Советский,1.0,9.0,6.6,6.5,2.0,Молодости,52.0,Площадь Маркса,0,21,54.861673,82.965687,14.129,18.95703100127665,0,Удалённая,0.0,8.462169955601139
real_estate_agent,Октябрьский,7.0,10.0,14.0,6.5,2.0,В. Высоцкого,76.0,Золотая Нива,0,18,55.030839,83.026709,3.34,6.773223145152736,1,Автомобильная,3.34,21.26041029941937
real_estate_agent,Октябрьский,3.0,10.0,14.0,6.5,2.0,Татьяны Снежиной,76.0,Золотая Нива,0,11,55.023728,83.02299,3.386,6.5754482030060615,1,Автомобильная,3.386,20.53802842066718
real_estate_agent,Советский,6.0,10.0,8.0,6.5,2.0,Печатников,53.0,Площадь Маркса,0,20,54.859938,82.971535,14.433,19.20765118344608,0,Удалённая,0.0,8.053483225430256
real_estate_agent,Калининский,6.0,9.0,15.0,6.5,2.0,Макаренко,48.5,Заельцовская,0,6,55.10068,82.967546,5.806,8.395127642637725,1,Автомобильная,5.806,29.70516973728883
real_estate_agent,Ленинский,9.0,18.0,9.3,6.5,2.0,Ивана Севастьянова,55.0,Площадь Маркса,0,5,54.974628,82.803119,6.001,9.70126753103952,1,Автомобильная,6.001,23.62729968532985
real_estate_agent,Калининский,6.0,10.0,11.8,6.5,2.0,Макаренко,57.2,Заельцовская,0,17,55.101442,82.972972,6.086,8.602675754869017,1,Автомобильная,6.086,29.694664801783418
real_estate_agent,Кировский,6.0,24.0,18.8,6.5,2.0,Петухова,59.8,Площадь Маркса,0,4,54.938069,82.949221,5.971,10.403996488187786,0,Автомобильная,0.0,14.00679125936747
real_estate_agent,Калининский,4.0,15.0,13.3,6.5,2.0,Объединения,45.1,Заельцовская,0,3,55.09303,82.953919,4.608,7.308231146440625,1,Автомобильная,4.608,29.142904853852343
real_estate_agent,Октябрьский,3.0,10.0,8.4,6.5,2.0,Плющихинская,58.75,Золотая Нива,0,4,55.018329,83.002554,2.738,5.397146592438487,1,Транспортная,2.738,20.290212372137212
real_estate_agent,Кировский,2.0,26.0,8.0,6.5,2.0,Аникина,47.2,Студенческая,0,9,54.964509,82.945106,3.659,7.468262992841505,0,Автомобильная,0.0,16.476835114549594
real_estate_agent,Заельцовский,9.0,9.0,7.0,6.5,2.0,Линейная,43.4,Гагаринская,0,48,55.050174,82.901978,0.821,2.5165989144971768,1,Комфортная,0.821,26.041505694097744
real_estate_agent,Центральный,8.0,9.0,7.1,6.5,2.0,Державина,43.3,Сибирская,0,54,55.038671,82.931605,0.651,1.1837011793411845,1,Комфортная,0.651,24.04614088785504
real_estate_agent,Ленинский,8.0,12.0,6.2,6.5,2.0,Немировича-Данченко,50.6,Площадь Маркса,0,46,54.96959,82.861581,2.623,7.710972197129463,1,Транспортная,2.623,20.425740219550658
real_estate_agent,Кировский,13.0,15.0,8.0,6.5,2.0,Петухова,58.5,Площадь Маркса,0,9,54.938436,82.946112,5.826,10.330522023651016,0,Автомобильная,0.0,14.169415051251734
real_estate_agent,Ленинский,12.0,17.0,7.0,6.5,2.0,Титова,48.5,Площадь Маркса,0,4,54.980115,82.800918,6.085,9.437344032528822,1,Автомобильная,6.085,24.116508360899317
real_estate_agent,Железнодорожный,5.0,5.0,8.5,6.5,2.0,Нарымская,45.0,Красный проспект,0,44,55.038429,82.909704,0.604,1.1454729581979284,1,Комфортная,0.604,24.6585724010302
real_estate_agent,Железнодорожный,5.0,5.0,6.7,6.5,2.0,Челюскинцев,46.7,Площадь Гарина-Михайловского,0,59,55.037784,82.905571,0.464,1.2708484760215435,1,Пешеходная,0.464,24.723129680613717
real_estate_agent,Ленинский,3.0,10.0,13.0,6.5,2.0,Романтиков,48.9,Площадь Гарина-Михайловского,0,8,55.024982,82.80744,5.987,7.224816665274779,1,Автомобильная,5.987,27.242128192732274
real_estate_agent,Советский,1.0,9.0,8.8,6.5,2.0,Добровольческая,51.9,Площадь Маркса,0,53,54.849577,83.044631,17.544,21.59063127246565,0,Удалённая,0.0,3.2361084877443846
real_estate_agent,Железнодорожный,2.0,5.0,5.9,6.5,2.0,проспект Димитрова,44.2,Площадь Ленина,0,67,55.033378,82.911653,0.66,0.6640285263069357,1,Комфортная,0.66,24.106553107610765
real_estate_agent,Кировский,6.0,26.0,5.0,6.5,2.0,Аникина,46.0,Студенческая,0,1,54.965574,82.945088,3.571,7.352291025391459,0,Автомобильная,0.0,16.57419367825262
realtor,Кировский,2.0,5.0,10.0,6.509,2.0,Пригородная,58.0,Площадь Маркса,0,13,54.973843,82.92352,1.981,6.265808376015774,0,Транспортная,0.0,18.128383649461778
real_estate_agent,Железнодорожный,3.0,3.0,6.0,6.55,2.0,Железнодорожная,54.0,Площадь Гарина-Михайловского,0,11,55.045233,82.899077,1.094,2.158585628612163,1,Комфортная,1.094,25.648031051611607
real_estate_agent,Октябрьский,12.0,17.0,24.1,6.56,2.0,Вилюйская,55.1,Речной вокзал,0,17,55.000038,83.004701,4.395,6.331181399408448,1,Автомобильная,4.395,18.3091946314663
real_estate_agent,Ленинский,5.0,5.0,6.7,6.599,2.0,Пархоменко,55.4,Площадь Маркса,0,78,54.988303,82.877409,1.372,5.403218822822753,1,Комфортная,1.372,21.22960317576267
real_estate_agent,Заельцовский,10.0,10.0,10.0,6.57,2.0,Кубовая,49.0,Заельцовская,0,12,55.125278,82.897442,7.433,10.67688667854408,1,Удалённая,7.433,33.74095561801559
real_estate_agent,Дзержинский,5.0,14.0,6.0,6.55,2.0,Коминтерна,50.0,Золотая Нива,0,7,55.041906,83.023403,3.085,6.689836334797223,1,Автомобильная,3.085,22.508189411345043
real_estate_agent,Ленинский,4.0,25.0,5.0,6.59,2.0,Междуреченская,54.8,Площадь Гарина-Михайловского,0,3,55.0233,82.857898,2.979,4.058376880323015,1,Транспортная,2.979,25.039282705448944
real_estate_agent,Кировский,9.0,24.0,10.0,6.55,2.0,Петухова,56.0,Площадь Маркса,0,5,54.938069,82.949221,5.971,10.403996488187786,0,Автомобильная,0.0,14.00679125936747
real_estate_agent,Заельцовский,2.0,6.0,6.7,6.56,2.0,Красный проспект,56.4,Заельцовская,0,68,55.069932,82.90903,1.237,4.481180475353848,1,Комфортная,1.237,27.80285870262176
real_estate_agent,Кировский,3.0,11.0,12.0,6.6,2.0,Герцена,60.0,Спортивная,0,10,54.962121,82.969963,4.826,8.199167058143209,0,Автомобильная,0.0,15.384135367267456
real_estate_agent,Октябрьский,10.0,10.0,7.7,6.6,2.0,Гаранина,44.7,Золотая Нива,0,36,55.028011,82.964348,1.276,2.808853639428979,1,Комфортная,1.276,22.117408956004148
real_estate_agent,Кировский,16.0,16.0,21.0,6.6,2.0,Зорге,63.9,Площадь Маркса,0,16,54.931841,82.929206,5.993,10.947442070336436,0,Автомобильная,0.0,14.40470465219941
real_estate_agent,Кировский,7.0,22.0,12.0,6.6,2.0,Тульская,49.3,Студенческая,0,2,54.979315,82.919576,1.351,5.654527988541639,0,Комфортная,0.0,18.766383198559346
real_estate_agent,Железнодорожный,9.0,9.0,5.8,6.6,2.0,Челюскинцев,35.2,Площадь Гарина-Михайловского,0,56,55.038805,82.906101,0.561,1.3256854578621788,1,Комфортная,0.561,24.80586524551164
real_estate_agent,Кировский,5.0,18.0,18.0,6.6,2.0,Зорге,50.2,Площадь Маркса,0,6,54.932659,82.927823,5.877,10.852413436430536,0,Автомобильная,0.0,14.531342755967461
real_estate_agent,Железнодорожный,3.0,12.0,8.7,6.7,2.0,1905 года,52.5,Площадь Гарина-Михайловского,0,33,55.040812,82.895088,0.667,2.002644051480103,1,Комфортная,0.667,25.3465728519783
real_estate_agent,Ленинский,4.0,5.0,6.0,6.65,2.0,Ватутина,42.4,Площадь Маркса,0,69,54.984594,82.894675,0.273,5.32687874293227,1,Пешеходная,0.273,20.20548349840138
real_estate_agent,Ленинский,2.0,5.0,8.0,6.72,2.0,Станиславского,52.3,Площадь Маркса,0,72,54.980999,82.871409,1.588,6.297846138002082,1,Транспортная,1.588,20.88121628420613
real_estate_agent,Калининский,3.0,10.0,9.3,6.7,2.0,Гребенщикова,56.3,Заельцовская,0,20,55.114219,82.943804,6.453,9.464039100164308,1,Автомобильная,6.453,31.582857899759773
real_estate_agent,Калининский,12.0,16.0,11.0,6.699,2.0,Красный проспект,38.7,Заельцовская,0,8,55.108498,82.925873,5.568,8.717108200911376,1,Автомобильная,5.568,31.350751984184164
real_estate_agent,Заельцовский,4.0,9.0,7.0,6.7,2.0,Красный проспект,42.7,Заельцовская,0,57,55.055336,82.916432,0.475,2.8104886147543127,1,Пешеходная,0.475,26.135085390820866
real_estate_agent,Первомайский,11.0,25.0,18.8,6.7,2.0,Ошанина,63.5,Речной вокзал,0,5,54.940603,83.098395,12.788,15.102808698876252,0,Удалённая,0.0,10.789738013299448
real_estate_agent,Первомайский,24.0,25.0,9.0,6.7,2.0,Заречная,44.0,Золотая Нива,0,14,54.982487,83.065247,8.372,10.648041414935788,0,Удалённая,0.0,15.553252348934954
real_estate_agent,Калининский,7.0,10.0,9.3,6.7,2.0,Тюленина,56.4,Заельцовская,0,3,55.110481,82.936653,5.926,8.990216742844357,1,Автомобильная,5.926,31.3305810698003
real_estate_agent,Октябрьский,13.0,17.0,10.8,6.69,2.0,Вилюйская,74.65,Речной вокзал,0,3,55.000848,83.004117,4.338,6.252142134002975,1,Автомобильная,4.338,18.406393643764765
real_estate_agent,Центральный,2.0,5.0,6.0,6.7,2.0,Гоголя,45.1,Маршала Покрышкина,0,65,55.04433,82.933671,0.045,1.786635835634336,1,Пешеходная,0.045,24.55960800400014
real_estate_agent,Ленинский,4.0,10.0,13.0,6.65,2.0,Титова,53.0,Площадь Маркса,0,13,54.981262,82.810718,5.456,8.86131246104885,1,Автомобильная,5.456,23.71497445669197
real_estate_agent,Ленинский,4.0,8.0,5.0,6.67,2.0,Титова,36.6,Площадь Маркса,0,2,54.979619,82.812515,5.348,8.885642072168123,1,Автомобильная,5.348,23.50969566862152
real_estate_agent,Заельцовский,6.0,9.0,6.8,6.7,2.0,Линейная,42.4,Гагаринская,0,3,55.049225,82.904745,0.667,2.343347349544196,1,Комфортная,0.667,25.86545632620248
real_estate_agent,Калининский,5.0,24.0,14.0,6.69,2.0,Тюленина,57.2,Заельцовская,0,12,55.112201,82.933716,6.066,9.161085116983855,1,Автомобильная,6.066,31.57198277711092
real_estate_agent,Ленинский,5.0,5.0,6.0,6.7,2.0,Ватутина,43.6,Площадь Маркса,0,6,54.98929,82.886294,1.002,5.039566132669735,1,Комфортная,1.002,20.94825101179684
real_estate_agent,Центральный,5.0,5.0,6.5,6.7,2.0,Мичурина,46.0,Сибирская,0,18,55.041348,82.921049,0.145,1.2441062288919098,1,Пешеходная,0.145,24.61017973086198
real_estate_agent,Железнодорожный,3.0,3.0,4.1,6.699,2.0,Федора Ивачева,37.0,Площадь Гарина-Михайловского,0,11,55.029487,82.902499,0.683,1.1456327742358388,1,Комфортная,0.683,24.021616342081696
real_estate_agent,Центральный,5.0,5.0,7.0,6.7,2.0,Мичурина,49.0,Красный проспект,0,72,55.043732,82.920403,0.305,1.5085830352702383,1,Пешеходная,0.305,24.865548868578866
real_estate_agent,Октябрьский,7.0,10.0,14.0,6.7,2.0,В. Высоцкого,76.0,Золотая Нива,0,18,55.030839,83.026709,3.34,6.773223145152736,1,Автомобильная,3.34,21.26041029941937
real_estate_agent,Ленинский,4.0,9.0,9.3,6.7,2.0,Титова,54.9,Площадь Маркса,0,6,54.980002,82.798636,6.231,9.562589683121711,1,Автомобильная,6.231,24.222175871000303
real_estate_agent,Ленинский,15.0,17.0,14.0,6.7,2.0,Связистов,63.0,Площадь Маркса,0,2,54.98523,82.834084,3.977,7.435424688463525,1,Автомобильная,3.977,22.89545323671187
real_estate_agent,Кировский,14.0,17.0,9.0,6.65,2.0,Тульская,36.9,Студенческая,0,6,54.978178,82.916648,1.358,5.785735902161735,0,Комфортная,0.0,18.77742222383056
real_estate_agent,Советский,1.0,10.0,8.0,6.7,2.0,Иванова,51.0,Площадь Маркса,0,37,54.871093,83.092664,17.621,20.828366899117743,0,Удалённая,0.0,3.0584634770265775
real_estate_agent,Заельцовский,4.0,5.0,5.2,6.7,2.0,Михаила Перевозчикова,44.5,Заельцовская,0,59,55.060163,82.906964,0.382,3.444271695311169,1,Пешеходная,0.382,26.882569385209337
real_estate_agent,Советский,6.0,9.0,7.7,6.7,2.0,Иванова,44.9,Площадь Маркса,0,48,54.868622,83.089142,17.657,20.945812831611057,0,Удалённая,0.0,2.800359177185139
realtor,Октябрьский,2.0,8.0,16.1,6.7,2.0,2-я Высокогорная,55.9,Речной вокзал,0,2,54.987864,83.004916,4.905,7.151378717392609,1,Автомобильная,4.905,17.024014228224996
realtor,Заельцовский,3.0,5.0,6.0,6.7,2.0,Красный проспект,43.0,Гагаринская,0,62,55.052835,82.917106,0.261,2.529701665114226,1,Пешеходная,0.261,25.866157689317355
realtor,Ленинский,2.0,6.0,9.2,6.7,2.0,Станиславского,53.8,Площадь Маркса,0,74,54.989729,82.869684,1.883,5.539751486967318,1,Транспортная,1.883,21.673384584444833
realtor,Дзержинский,1.0,5.0,6.0,6.7,2.0,Бориса Богаткова,43.0,Золотая Нива,0,60,55.041704,82.981443,0.598,4.093737429397055,1,Комфортная,0.598,23.173544052040555
realtor,Калининский,4.0,17.0,15.0,6.68,2.0,Тайгинская,51.4,Заельцовская,0,4,55.113117,82.978119,7.321,9.928021281956193,1,Удалённая,7.321,30.869275320320725
real_estate_agent,Ленинский,24.0,27.0,13.2,6.75,2.0,Волховская,63.8,Площадь Маркса,0,11,54.97115,82.834093,4.153,8.566589706415707,1,Автомобильная,4.153,21.849898252291418
real_estate_agent,Советский,11.0,26.0,11.5,6.75,2.0,Приморская,57.3,Площадь Маркса,0,12,54.857067,82.979925,14.918,19.61903981747584,0,Удалённая,0.0,7.460904209793684
real_estate_agent,Дзержинский,8.0,9.0,6.0,6.75,2.0,Кошурникова,43.5,Березовая Роща,0,57,55.042071,82.961626,0.635,2.9396658831949023,1,Комфортная,0.635,23.63532250878951
real_estate_agent,Кировский,9.0,10.0,8.4,6.75,2.0,Громова,53.0,Площадь Маркса,0,22,54.934381,82.910422,5.405,10.669844135600654,0,Автомобильная,0.0,15.48844638331986
real_estate_agent,Ленинский,12.0,16.0,11.8,6.75,2.0,Забалуева,43.2,Площадь Маркса,0,6,54.99055,82.828002,4.447,7.35804671758661,1,Автомобильная,4.447,23.584258387562365
real_estate_agent,Ленинский,8.0,17.0,16.0,6.771,2.0,Забалуева,65.82,Площадь Маркса,0,3,54.986056,82.781361,7.339,10.134185414038978,1,Удалённая,7.339,25.503986385577676
real_estate_agent,Советский,9.0,9.0,8.0,6.75,2.0,Полевая,47.6,Спортивная,0,41,54.866373,83.108483,18.671,21.815583755108992,0,Удалённая,0.0,2.6944078435958714
real_estate_agent,Ленинский,11.0,17.0,15.0,6.89,2.0,Плахотного,45.0,Площадь Маркса,0,7,54.984966,82.8441,3.337,6.996724478789201,1,Автомобильная,3.337,22.414545205501998
real_estate_agent,Кировский,8.0,11.0,9.0,6.85,2.0,Сибиряков-Гвардейцев,53.1,Площадь Маркса,0,13,54.937531,82.895286,4.978,10.424676331333789,0,Автомобильная,0.0,16.454588571766323
real_estate_agent,Кировский,8.0,26.0,18.0,6.85,2.0,Аникина,47.0,Студенческая,0,10,54.964509,82.945106,3.659,7.468262992841505,0,Автомобильная,0.0,16.476835114549594
real_estate_agent,Ленинский,10.0,17.0,9.2,6.85,2.0,Новосибирская,53.4,Площадь Маркса,0,11,54.987653,82.84419,3.371,6.7810558135887264,1,Автомобильная,3.371,22.620641459135385
real_estate_agent,Октябрьский,1.0,3.0,9.8,6.85,2.0,Кирова,57.3,Речной вокзал,0,15,54.989114,83.006883,4.951,7.156818067356682,1,Автомобильная,4.951,17.113660420211634
real_estate_agent,Калининский,9.0,12.0,9.2,6.8,2.0,Мясниковой,56.0,Заельцовская,0,3,55.107684,82.933653,5.577,8.660699281097331,1,Автомобильная,5.577,31.0987781345433
real_estate_agent,Калининский,9.0,16.0,12.8,6.8,2.0,Тайгинская,50.5,Заельцовская,0,4,55.113117,82.978119,7.321,9.928021281956193,1,Удалённая,7.321,30.869275320320725
real_estate_agent,Дзержинский,5.0,5.0,19.0,6.8,2.0,Авиастроителей,58.4,Березовая Роща,0,70,55.072211,82.971418,3.447,5.6924671493426,1,Автомобильная,3.447,26.599751047993585
real_estate_agent,Ленинский,10.0,18.0,12.1,6.8,2.0,Междуреченская,58.61,Площадь Гарина-Михайловского,0,3,55.023444,82.855428,3.113,4.2102206003364735,1,Автомобильная,3.113,25.147405425573535
real_estate_agent,Ленинский,6.0,10.0,9.5,6.8,2.0,Троллейная,56.2,Площадь Маркса,0,32,54.979433,82.86018,2.32,6.825540333329417,1,Транспортная,2.32,21.253023532528214
real_estate_agent,Октябрьский,3.0,10.0,9.0,6.8,2.0,Шевченко,55.2,Октябрьская,0,36,55.023501,82.941872,0.55,1.5542579749913108,1,Комфортная,0.55,22.242707555900832
real_estate_agent,Октябрьский,2.0,27.0,12.0,6.8,2.0,В. Высоцкого,62.8,Золотая Нива,0,17,55.030473,83.020205,2.948,6.358428073665916,1,Транспортная,2.948,21.30872788849386
real_estate_agent,Калининский,1.0,10.0,11.0,6.8,2.0,Народная,55.0,Березовая Роща,0,15,55.081272,82.968957,4.36,6.4687463571100325,1,Автомобильная,4.36,27.609011059123826
real_estate_agent,Ленинский,7.0,12.0,10.0,6.89,2.0,Титова,56.0,Площадь Маркса,0,10,54.980508,82.791,6.716,9.930733365094964,1,Автомобильная,6.716,24.63925316937955
real_estate_agent,Калининский,11.0,17.0,10.0,6.8,2.0,Гребенщикова,53.9,Заельцовская,0,19,55.113241,82.94304,6.335,9.349050534181512,1,Автомобильная,6.335,31.494185360310492
real_estate_agent,Ленинский,10.0,17.0,16.0,6.895,2.0,Забалуева,65.63,Площадь Маркса,0,6,54.986831,82.783868,7.185,9.952513521689276,1,Удалённая,7.185,25.43232984645602
realtor,Кировский,9.0,10.0,10.0,6.8,2.0,Зорге,63.5,Площадь Маркса,0,19,54.931531,82.913818,5.756,10.975727152612066,0,Автомобильная,0.0,15.117814033623187
real_estate_agent,Октябрьский,4.0,17.0,10.4,6.94,2.0,Вилюйская,70.4,Речной вокзал,0,4,55.000848,83.004117,4.338,6.252142134002975,1,Автомобильная,4.338,18.406393643764765
real_estate_agent,Октябрьский,10.0,10.0,6.0,6.9,2.0,Татьяны Снежиной,60.7,Золотая Нива,0,6,55.020218,83.020376,3.44,6.465359956006318,1,Автомобильная,3.44,20.19592388040529
real_estate_agent,Заельцовский,3.0,6.0,5.9,6.9,2.0,Красный проспект,40.6,Гагаринская,0,59,55.052778,82.91354,0.224,2.5525484746574145,1,Пешеходная,0.224,25.960802755387814
real_estate_agent,Центральный,9.0,10.0,6.8,6.9,2.0,Серебренниковская,44.0,Октябрьская,0,39,55.016992,82.928281,0.725,1.5477738538200143,1,Комфортная,0.725,21.999198123363172
real_estate_agent,Дзержинский,3.0,9.0,6.8,6.9,2.0,Адриена Лежена,45.8,Золотая Нива,0,58,55.042107,82.97953,0.57,3.992824065891687,1,Комфортная,0.57,23.254291507212255
real_estate_agent,Октябрьский,1.0,3.0,10.0,6.9,2.0,Кирова,56.0,Речной вокзал,0,15,54.988691,83.007961,5.033,7.239785267059287,1,Автомобильная,5.033,17.04683139283822
real_estate_agent,Октябрьский,18.0,18.0,9.3,6.9,2.0,Ключ-Камышенское плато,55.6,Речной вокзал,0,5,54.983644,83.039178,7.074,9.170211912804843,1,Удалённая,7.074,15.962947771106432
real_estate_agent,Советский,6.0,9.0,8.9,6.9,2.0,Полевая,51.7,Площадь Маркса,0,36,54.865788,83.09914,18.331,21.54811095715071,0,Удалённая,0.0,2.488195644615433
real_estate_agent,Калининский,2.0,5.0,8.5,6.9,2.0,Богдана Хмельницкого,77.2,Заельцовская,0,3,55.082158,82.96557,4.243,6.456562086254496,1,Автомобильная,4.243,27.7664269171021
real_estate_agent,Ленинский,3.0,9.0,8.7,6.9,2.0,Степная,55.0,Площадь Маркса,0,46,54.979444,82.865578,1.98,6.6368045667176405,1,Транспортная,1.98,21.012591658190786
real_estate_agent,Калининский,3.0,6.0,18.9,6.99,2.0,Тайгинская,44.5,Заельцовская,0,4,55.113117,82.978119,7.321,9.928021281956193,1,Удалённая,7.321,30.869275320320725
real_estate_agent,Дзержинский,10.0,12.0,9.5,6.95,2.0,Есенина,43.7,Золотая Нива,0,23,55.051633,82.992277,1.897,5.162335379076646,1,Транспортная,1.897,24.028797725638345
real_estate_agent,Октябрьский,10.0,17.0,10.0,6.95,2.0,Выборная,61.7,Золотая Нива,0,12,55.003038,83.011034,4.448,6.516048626348811,1,Автомобильная,4.448,18.506244966668767
real_estate_agent,Кировский,14.0,18.0,13.9,6.999,2.0,Александра Чистякова,56.7,Площадь Маркса,0,8,54.939884,82.968894,6.617,10.504102426216503,0,Автомобильная,0.0,13.369254237818371
real_estate_agent,Калининский,3.0,14.0,12.4,6.99,2.0,Тайгинская,54.3,Заельцовская,0,2,55.113967,82.979736,7.457,10.054080910044576,1,Удалённая,7.457,30.93652068961986
real_estate_agent,Ленинский,11.0,25.0,10.0,6.95,2.0,Забалуева,44.0,Площадь Маркса,0,5,54.989894,82.836904,3.876,6.958495799485818,1,Автомобильная,3.876,23.12608741333408
real_estate_agent,Ленинский,8.0,14.0,9.0,6.99999,2.0,Титова,51.2,Площадь Маркса,0,14,54.978431,82.811823,5.401,9.003765427806718,1,Автомобильная,5.401,23.459137733466914
real_estate_agent,Центральный,1.0,10.0,9.0,6.999999,2.0,Ипподромская,51.0,Маршала Покрышкина,0,12,55.047595,82.942016,0.599,2.3763410329102688,1,Комфортная,0.599,24.675236782232915
real_estate_agent,Заельцовский,4.0,9.0,9.0,6.999,2.0,Линейная,47.0,Гагаринская,0,3,55.049405,82.908159,0.455,2.2779121139582417,1,Пешеходная,0.455,25.781992894436023
real_estate_agent,Советский,8.0,10.0,9.2,6.95,2.0,Печатников,54.3,Площадь Маркса,0,22,54.86114,82.972927,14.337,19.091352988550454,0,Удалённая,0.0,7.998122837023681
real_estate_agent,Железнодорожный,2.0,5.0,6.0,6.999,2.0,Советская,43.0,Площадь Ленина,0,64,55.033037,82.91521,0.457,0.4614160865515753,1,Пешеходная,0.457,23.964223278626495
real_estate_agent,Железнодорожный,8.0,9.0,7.0,7.0,2.0,Ленина,47.7,Площадь Гарина-Михайловского,0,52,55.034084,82.900613,0.16,1.3363233968543196,1,Пешеходная,0.16,24.522981453948024
real_estate_agent,Октябрьский,2.0,25.0,5.1,7.05,2.0,Рябиновая,43.8,Золотая Нива,0,6,55.001354,83.027392,5.201,7.533917472873117,1,Автомобильная,5.201,18.051964520127814
real_estate_agent,Калининский,5.0,9.0,8.0,7.0,2.0,Фадеева,54.7,Заельцовская,0,34,55.092844,82.937174,4.075,7.050621646622933,1,Автомобильная,4.075,29.469161424177944
real_estate_agent,Октябрьский,9.0,10.0,8.9,7.0,2.0,Федосеева,51.5,Золотая Нива,0,32,55.038114,82.968139,0.48,3.16574586610588,1,Пешеходная,0.48,23.076863201832307
real_estate_agent,Железнодорожный,2.0,5.0,8.2,7.0,2.0,проспект Димитрова,55.9,Красный проспект,0,68,55.035715,82.913575,0.698,0.7563194365451881,1,Комфортная,0.698,24.275638758464368
real_estate_agent,Ленинский,8.0,17.0,9.8,7.0,2.0,Широкая,55.6,Площадь Маркса,0,18,54.993055,82.843929,3.543,6.389327284875257,1,Автомобильная,3.543,23.060706368049303
real_estate_agent,Калининский,4.0,10.0,14.4,7.0,2.0,Дунаевского,46.1,Заельцовская,0,8,55.101844,82.976853,6.279,8.742473458727018,1,Автомобильная,6.279,29.674390152866874
real_estate_agent,Октябрьский,24.0,25.0,13.9,7.05,2.0,Никитина,44.3,Октябрьская,0,3,55.016197,82.963809,1.595,3.1710862413112557,1,Транспортная,1.595,20.91944756009833
real_estate_agent,Советский,8.0,9.0,8.0,7.0,2.0,Иванова,49.0,Площадь Маркса,0,48,54.868958,83.094236,17.859,21.08317248091425,0,Удалённая,0.0,2.8196943868621265
real_estate_agent,Заельцовский,2.0,6.0,7.3,7.0,2.0,Медкадры,51.5,Заельцовская,0,3,55.06686,82.922604,1.082,4.082634374987204,1,Комфортная,1.082,27.13302484061962
real_estate_agent,Октябрьский,7.0,17.0,9.9,7.0,2.0,В. Высоцкого,65.3,Золотая Нива,0,13,55.029632,83.01999,2.961,6.344977147159431,1,Транспортная,2.961,21.22061708085436
real_estate_agent,Кировский,17.0,18.0,18.0,7.0,2.0,Александра Чистякова,68.9,Площадь Маркса,0,5,54.938653,82.968876,6.714,10.63467605167456,0,Автомобильная,0.0,13.2606605461027
real_estate_agent,Кировский,12.0,17.0,31.3,7.05,2.0,Зорге,61.25,Площадь Маркса,0,6,54.933093,82.931946,5.928,10.81887074414834,0,Автомобильная,0.0,14.372820188643685
realtor,Калининский,5.0,10.0,8.7,7.0,2.0,Мясниковой,53.2,Заельцовская,0,13,55.109312,82.932674,5.738,8.835169004031128,1,Автомобильная,5.738,31.29021151537627
realtor,Дзержинский,4.0,12.0,11.5,7.0,2.0,Учительская,50.2,Березовая Роща,0,8,55.075406,82.973008,3.815,6.043138057637508,1,Автомобильная,3.815,26.91004160607079
real_estate_agent,Советский,1.0,4.0,5.8,7.149,2.0,Академическая,45.9,Площадь Маркса,0,63,54.838115,83.112013,21.151,24.613363007964196,0,Удалённая,0.0,1.2990708640591473
real_estate_agent,Советский,7.0,10.0,9.0,7.1,2.0,Экваторная,53.0,Спортивная,0,16,54.888247,83.096374,16.341,19.369953558137997,0,Удалённая,0.0,4.966652092168321
real_estate_agent,Советский,3.0,9.0,6.3,7.1,2.0,Героев Труда,42.0,Площадь Маркса,0,58,54.865534,83.079171,17.472,20.925447539176403,0,Удалённая,0.0,2.6194751426858676
real_estate_agent,Заельцовский,11.0,26.0,19.5,7.1,2.0,Красный проспект,47.08,Заельцовская,0,2,55.057095,82.913908,0.228,3.0232226813042944,1,Пешеходная,0.228,26.381215090444382
real_estate_agent,Ленинский,11.0,13.0,14.0,7.1,2.0,Романтиков,51.9,Площадь Гарина-Михайловского,0,6,55.025059,82.810772,5.777,7.012443985537744,1,Автомобильная,5.777,27.10586049205131
real_estate_agent,Ленинский,4.0,9.0,10.0,7.1,2.0,Троллейная,59.6,Площадь Маркса,0,26,54.980255,82.859856,2.33,6.761955409422409,1,Транспортная,2.33,21.33250053001335
real_estate_agent,Кировский,1.0,4.0,10.0,7.2,2.0,Гэсстроевская,58.3,Спортивная,0,13,54.966742,82.96204,4.106,7.535018758994898,0,Автомобильная,0.0,16.086262058309615
real_estate_agent,Октябрьский,8.0,10.0,17.0,7.2,2.0,Татьяны Снежиной,80.0,Золотая Нива,0,16,55.02219,83.023143,3.475,6.60604281618837,1,Автомобильная,3.475,20.369123613699596
real_estate_agent,Первомайский,13.0,17.0,21.0,7.2,2.0,Баумана,54.0,Золотая Нива,0,14,54.974339,83.075191,9.469,11.65939443491572,0,Удалённая,0.0,14.587676927505097
real_estate_agent,Дзержинский,11.0,25.0,17.0,7.15,2.0,Авиастроителей,41.57,Березовая Роща,0,1,55.069855,82.966082,3.088,5.2850433498260685,1,Автомобильная,3.088,26.452848865703743
real_estate_agent,Октябрьский,1.0,10.0,8.9,7.17,2.0,Алтайская,53.5,Речной вокзал,0,14,55.005201,82.976413,2.51,4.521079062140927,1,Транспортная,2.51,19.479316198634613
real_estate_agent,Октябрьский,1.0,10.0,8.8,7.17,2.0,Шевченко,53.2,Октябрьская,0,36,55.023501,82.941872,0.55,1.5542579749913108,1,Комфортная,0.55,22.242707555900832
real_estate_agent,Железнодорожный,9.0,9.0,6.8,7.2,2.0,Нарымская,42.2,Красный проспект,0,46,55.041931,82.906614,0.688,1.5771603742277511,1,Комфортная,0.688,25.094709247053114
real_estate_agent,Ленинский,3.0,10.0,9.2,7.15,2.0,Колхидская,66.0,Площадь Маркса,0,18,54.984631,82.818049,4.993,8.262093544086776,1,Автомобильная,4.993,23.605668606486038
real_estate_agent,Ленинский,4.0,5.0,5.7,7.2,2.0,проспект Карла Маркса,42.3,Площадь Маркса,0,67,54.984765,82.901466,0.434,5.191155735977375,1,Пешеходная,0.434,19.94945873041594
real_estate_agent,Кировский,15.0,16.0,10.8,7.2,2.0,Гэсстроевская,62.6,Спортивная,0,13,54.966251,82.961815,4.138,7.581140083334706,0,Автомобильная,0.0,16.04741737724845
real_estate_agent,Кировский,11.0,16.0,12.0,7.2,2.0,Александра Чистякова,57.9,Площадь Маркса,0,6,54.93916,82.969999,6.724,10.601891083728328,0,Автомобильная,0.0,13.262507486073766
real_estate_agent,Кировский,9.0,10.0,25.0,7.2,2.0,Александра Чистякова,63.0,Площадь Маркса,0,4,54.943964,82.96433,6.09,9.985824273531984,0,Автомобильная,0.0,13.907169863400142
real_estate_agent,Центральный,4.0,6.0,6.0,7.2,2.0,Достоевского,58.0,Красный проспект,0,72,55.045681,82.916773,0.456,1.7410162818425623,1,Пешеходная,0.456,25.16305874225772
real_estate_agent,Дзержинский,8.0,14.0,5.0,7.2,2.0,Коминтерна,50.0,Золотая Нива,0,7,55.041906,83.023403,3.085,6.689836334797223,1,Автомобильная,3.085,22.508189411345043
real_estate_agent,Дзержинский,8.0,19.0,8.0,7.199,2.0,Кошурникова,44.1,Березовая Роща,0,11,55.042504,82.948969,0.207,2.2777518149640383,1,Пешеходная,0.207,23.98099665546477
real_estate_agent,Дзержинский,3.0,12.0,9.5,7.15,2.0,Есенина,52.0,Золотая Нива,0,24,55.051633,82.992277,1.897,5.162335379076646,1,Транспортная,1.897,24.028797725638345
real_estate_agent,Октябрьский,7.0,12.0,9.4,7.2,2.0,Ключ-Камышенское плато,56.3,Золотая Нива,0,15,54.985452,83.042627,7.194,9.24281211660812,1,Удалённая,7.194,16.11265966222141
real_estate_agent,Железнодорожный,3.0,17.0,17.1,7.25,2.0,Фабричная,36.6,Площадь Гарина-Михайловского,0,4,55.026494,82.893911,1.055,1.739120974781722,1,Комфортная,1.055,24.023590261340814
real_estate_agent,Октябрьский,19.0,19.0,11.4,7.25,2.0,Выборная,59.3,Золотая Нива,0,4,55.004453,83.011429,4.327,6.467208703075089,1,Автомобильная,4.327,18.649837924393793
real_estate_agent,Калининский,8.0,10.0,12.0,7.299,2.0,Гребенщикова,67.7,Заельцовская,0,18,55.111531,82.940202,6.1,9.134584835159668,1,Автомобильная,6.1,31.369510812425705
real_estate_agent,Советский,7.0,9.0,7.9,7.25,2.0,Арбузова,53.0,Площадь Маркса,0,46,54.866757,83.09747,18.179,21.400186669811635,0,Удалённая,0.0,2.5839604089627763
real_estate_agent,Первомайский,14.0,25.0,10.0,7.29,2.0,Заречная,44.7,Золотая Нива,0,14,54.982487,83.065247,8.372,10.648041414935788,0,Удалённая,0.0,15.553252348934954
realtor,Ленинский,26.0,27.0,16.0,7.25,2.0,Ясный Берег,40.2,Площадь Гарина-Михайловского,0,8,55.013415,82.892833,2.482,2.562207350793176,1,Транспортная,2.482,22.84546564482063
real_estate_agent,Октябрьский,12.0,12.0,9.5,7.3,2.0,Выборная,51.9,Золотая Нива,0,4,55.004582,83.025506,4.85,7.277361966914755,1,Автомобильная,4.85,18.429196400931364
real_estate_agent,Калининский,8.0,13.0,9.2,7.3,2.0,Мясниковой,55.1,Заельцовская,0,11,55.108107,82.932054,5.599,8.698264420675088,1,Автомобильная,5.599,31.17687554882102
real_estate_agent,Ленинский,5.0,9.0,8.2,7.3,2.0,Титова,58.6,Площадь Маркса,0,49,54.981836,82.889824,0.41,5.717511382010125,1,Пешеходная,0.41,20.16808033822483
real_estate_agent,Кировский,4.0,4.0,9.3,7.3,2.0,Федора Горячева,69.2,Спортивная,0,9,54.945785,83.007369,7.79,10.89923704875092,0,Удалённая,0.0,12.643757788820169
real_estate_agent,Октябрьский,15.0,17.0,13.0,7.3,2.0,Вилюйская,58.0,Речной вокзал,0,4,55.000404,83.005536,4.438,6.355108232641933,1,Автомобильная,4.438,18.331312723099316
real_estate_agent,Центральный,2.0,6.0,5.0,7.3,2.0,Серебренниковская,48.0,Площадь Ленина,0,18,55.023145,82.926718,0.882,0.8772867675347598,1,Комфортная,0.882,22.647816279098937
real_estate_agent,Заельцовский,8.0,13.0,9.0,7.3,2.0,Аэропорт,55.0,Заельцовская,0,7,55.081472,82.90126,2.601,5.83434123508664,1,Транспортная,2.601,29.174642898351618
real_estate_agent,Ленинский,1.0,14.0,13.2,7.3,2.0,Забалуева,66.0,Площадь Маркса,0,6,54.98946,82.806703,5.765,8.548541447544407,1,Автомобильная,5.765,24.50371955891057
real_estate_agent,Ленинский,4.0,9.0,13.0,7.3,2.0,Пермская,58.0,Площадь Маркса,0,6,54.974933,82.853002,2.876,7.497550994769215,1,Транспортная,2.876,21.231661856864196
real_estate_agent,Октябрьский,1.0,10.0,25.0,7.3,2.0,Выборная,74.0,Золотая Нива,0,17,55.002754,83.027167,5.073,7.455848068592828,1,Автомобильная,5.073,18.206626815782812
real_estate_agent,Ленинский,17.0,17.0,9.3,7.4,2.0,Немировича-Данченко,53.1,Площадь Маркса,0,10,54.973233,82.850783,3.069,7.733624576968559,1,Автомобильная,3.069,21.206145644792862
real_estate_agent,Калининский,5.0,15.0,5.1,7.395,2.0,Объединения,54.4,Заельцовская,0,2,55.09303,82.953919,4.608,7.308231146440625,1,Автомобильная,4.608,29.142904853852343
real_estate_agent,Ленинский,13.0,22.0,12.0,7.4,2.0,Костычева,38.6,Площадь Маркса,0,8,54.976054,82.876053,1.461,6.649382734086336,1,Комфортная,1.461,20.277764105355523
real_estate_agent,Дзержинский,5.0,12.0,8.7,7.4,2.0,Есенина,51.5,Золотая Нива,0,3,55.051633,82.992277,1.897,5.162335379076646,1,Транспортная,1.897,24.028797725638345
real_estate_agent,Калининский,4.0,17.0,12.0,7.4,2.0,Гребенщикова,65.0,Заельцовская,0,3,55.113241,82.94304,6.335,9.349050534181512,1,Автомобильная,6.335,31.494185360310492
real_estate_agent,Ленинский,13.0,14.0,13.6,7.35,2.0,Титова,74.3,Площадь Маркса,0,2,54.97841,82.807368,5.685,9.225566350721794,1,Автомобильная,5.685,23.677382740892092
real_estate_agent,Кировский,5.0,10.0,10.3,7.4,2.0,Петухова,53.3,Площадь Маркса,0,17,54.939315,82.923403,5.085,10.103832618614542,0,Автомобильная,0.0,15.245947244329788
real_estate_agent,Дзержинский,3.0,5.0,9.3,7.4,2.0,проспект Дзержинского,57.8,Березовая Роща,0,3,55.046744,82.957791,0.536,3.010600554244687,1,Комфортная,0.536,24.20803977112444
real_estate_agent,Ленинский,11.0,18.0,5.0,7.45,2.0,Геодезическая,42.0,Студенческая,0,18,54.990679,82.904997,0.219,4.499648540749741,1,Пешеходная,0.219,20.33544025444139
real_estate_agent,Дзержинский,9.0,26.0,20.0,7.49,2.0,Коминтерна,50.5,Золотая Нива,0,6,55.041833,83.02237,3.019,6.623701171648702,1,Автомобильная,3.019,22.51357130441897
real_estate_agent,Октябрьский,7.0,18.0,12.2,7.49,2.0,Лазурная,53.5,Золотая Нива,0,13,55.034807,83.022963,3.033,6.554108282977115,1,Автомобильная,3.033,21.741380195999444
real_estate_agent,Кировский,9.0,17.0,10.0,7.5,2.0,Пригородная,56.0,Студенческая,0,9,54.975031,82.927221,2.027,6.145872896361915,0,Транспортная,0.0,18.093511483918856
real_estate_agent,Железнодорожный,4.0,9.0,6.0,7.5,2.0,Челюскинцев,48.0,Площадь Гарина-Михайловского,0,58,55.03735,82.901825,0.259,1.42998800962001,1,Пешеходная,0.259,24.79864475576396
real_estate_agent,Заельцовский,26.0,26.0,9.0,7.5,2.0,Дуси Ковальчук,58.6,Заельцовская,0,2,55.062725,82.926448,0.974,3.640707897239991,1,Комфортная,0.974,26.613539240505943
real_estate_agent,Октябрьский,13.0,14.0,10.0,7.5,2.0,Федосеева,47.1,Золотая Нива,0,20,55.039527,82.967007,0.592,3.14494997739036,1,Комфортная,0.592,23.24928511461173
real_estate_agent,Центральный,5.0,10.0,9.0,7.55,2.0,Писарева,53.1,Маршала Покрышкина,0,29,55.050215,82.936698,0.644,2.458465465999433,1,Комфортная,0.644,25.077383881521975
real_estate_agent,Дзержинский,7.0,9.0,23.7,7.5,2.0,Кошурникова,45.5,Березовая Роща,0,57,55.042473,82.959506,0.493,2.8409582919712606,1,Пешеходная,0.493,23.725773817617643
real_estate_agent,Октябрьский,7.0,19.0,16.0,7.5,2.0,Выборная,65.0,Золотая Нива,0,14,55.004453,83.011429,4.327,6.467208703075089,1,Автомобильная,4.327,18.649837924393793
real_estate_agent,Октябрьский,17.0,25.0,5.2,7.5,2.0,Кирова,45.7,Октябрьская,0,3,55.013591,82.955042,1.164,2.874465185953487,1,Комфортная,1.164,20.886089898455722
real_estate_agent,Первомайский,9.0,10.0,10.4,7.59,2.0,Первомайская,56.2,Речной вокзал,0,16,54.977966,83.049482,7.936,10.070508703163483,0,Удалённая,0.0,15.210586589614996
real_estate_agent,Октябрьский,15.0,25.0,12.0,7.5,2.0,Рябиновая,60.0,Золотая Нива,0,6,55.001354,83.027392,5.201,7.533917472873117,1,Автомобильная,5.201,18.051964520127814
real_estate_agent,Октябрьский,7.0,11.0,7.8,7.59,2.0,Обская,53.4,Речной вокзал,0,25,54.99902,82.952895,1.499,4.034366224790035,1,Комфортная,1.499,19.495858349991693
real_estate_agent,Дзержинский,7.0,14.0,9.8,7.52,2.0,Есенина,67.3,Золотая Нива,0,8,55.034461,82.99428,1.237,4.7300697900864686,1,Комфортная,1.237,22.159877560876584
real_estate_agent,Кировский,4.0,5.0,15.0,7.5,2.0,Пригородная,56.4,Студенческая,0,14,54.974013,82.924068,1.998,6.248112580650776,0,Транспортная,0.0,18.12244346241422
real_estate_agent,Кировский,4.0,5.0,6.0,7.5,2.0,Новогодняя,42.0,Площадь Маркса,0,63,54.982802,82.904152,0.51,5.367920952668895,0,Комфортная,0.0,19.671943001153895
real_estate_agent,Советский,1.0,2.0,16.6,7.5,2.0,бульвар Молодежи,53.5,Площадь Маркса,0,21,54.863352,83.083456,17.836,21.27075568975973,0,Удалённая,0.0,2.2995767861692333
real_estate_agent,Октябрьский,8.0,18.0,9.5,7.5,2.0,Красносельская,51.7,Золотая Нива,0,9,55.020833,82.978254,1.861,3.8285234112663495,1,Транспортная,1.861,21.05128128897045
real_estate_agent,Дзержинский,13.0,17.0,7.7,7.5,2.0,Красина,87.0,Березовая Роща,0,3,55.042973,82.963315,0.728,3.081175277442676,1,Комфортная,0.728,23.690716771473618
real_estate_agent,Калининский,6.0,17.0,7.8,7.5,2.0,Краузе,66.4,Заельцовская,0,3,55.115393,82.936195,6.448,9.52987809805281,1,Автомобильная,6.448,31.857441349567008
real_estate_agent,Советский,4.0,5.0,6.0,7.5,2.0,Иванова,44.0,Площадь Маркса,0,60,54.868088,83.087525,17.628,20.943997643101543,0,Удалённая,0.0,2.7552722598503707
real_estate_agent,Ленинский,9.0,11.0,9.3,7.5,2.0,Спортивная,55.8,Площадь Маркса,0,15,54.982368,82.8077,5.647,8.940314741301195,1,Автомобильная,5.647,23.94151918088468
real_estate_agent,Ленинский,6.0,10.0,9.0,7.5,2.0,Забалуева,57.2,Площадь Маркса,0,35,54.990845,82.832808,4.155,7.094674115164725,1,Автомобильная,4.155,23.386651253600764
real_estate_agent,Октябрьский,13.0,17.0,8.0,7.5,2.0,Гаранина,46.0,Золотая Нива,0,5,55.026721,82.970493,1.242,3.213213183050905,1,Комфортная,1.242,21.839560691513842
realtor,Железнодорожный,11.0,15.0,4.0,7.5,2.0,Фабричная,40.0,Площадь Гарина-Михайловского,0,13,55.029322,82.89702,0.696,1.495277756051382,1,Комфортная,0.696,24.18616354842435
real_estate_agent,Октябрьский,8.0,10.0,16.0,7.6,2.0,Выборная,70.0,Золотая Нива,0,4,55.002754,83.027167,5.073,7.455848068592828,1,Автомобильная,5.073,18.206626815782812
real_estate_agent,Первомайский,15.0,18.0,14.3,7.62411,2.0,Заречная,56.7,Речной вокзал,0,2,54.977072,83.042951,7.61,9.792786585991635,0,Удалённая,0.0,15.197272055053796
real_estate_agent,Ленинский,1.0,17.0,12.1,7.64,2.0,Междуреченская,62.37,Площадь Гарина-Михайловского,0,3,55.023444,82.855428,3.113,4.2102206003364735,1,Автомобильная,3.113,25.147405425573535
real_estate_agent,Железнодорожный,9.0,9.0,8.2,7.7,2.0,Сибирская,46.7,Площадь Гарина-Михайловского,0,40,55.037526,82.908437,0.611,1.120098194435558,1,Комфортная,0.611,24.60936271067929
real_estate_agent,Кировский,7.0,10.0,10.6,7.7,2.0,Петухова,58.4,Площадь Маркса,0,19,54.939315,82.923403,5.085,10.103832618614542,0,Автомобильная,0.0,15.245947244329788
real_estate_agent,Дзержинский,3.0,14.0,9.0,7.7,2.0,Коминтерна,56.0,Золотая Нива,0,7,55.041906,83.023403,3.085,6.689836334797223,1,Автомобильная,3.085,22.508189411345043
real_estate_agent,Калининский,7.0,13.0,13.8,7.7,2.0,Красный проспект,60.8,Заельцовская,0,2,55.062906,82.91177,0.438,3.682252816070087,1,Пешеходная,0.438,27.02231926869687
realtor,Ленинский,4.0,11.0,9.0,7.7,2.0,Забалуева,60.0,Площадь Маркса,0,28,54.987069,82.813512,5.302,8.333616128033398,1,Автомобильная,5.302,24.002103631987033
real_estate_agent,Октябрьский,9.0,25.0,20.0,7.75,2.0,Ленинградская,49.7,Речной вокзал,0,2,55.002919,82.982198,2.925,4.968131901298579,1,Транспортная,2.925,19.104156567880754
real_estate_agent,Первомайский,4.0,18.0,9.5,7.8,2.0,Героев Революции,52.0,Золотая Нива,0,11,54.974592,83.088028,10.017,12.345951747366938,0,Удалённая,0.0,14.570816451967897
real_estate_agent,Октябрьский,5.0,9.0,9.8,7.8,2.0,Выборная,52.7,Золотая Нива,0,12,55.003327,83.026799,5.009,7.408505168015659,1,Автомобильная,5.009,18.274077150676796
real_estate_agent,Октябрьский,15.0,18.0,25.4,7.75,2.0,Виталия Потылицына,71.7,Золотая Нива,0,11,55.016925,83.006776,3.03,5.696942562048453,1,Автомобильная,3.03,20.064129649710747
real_estate_agent,Заельцовский,1.0,13.0,10.5,7.8,2.0,Аэропорт,53.4,Заельцовская,0,7,55.081472,82.90126,2.601,5.83434123508664,1,Транспортная,2.601,29.174642898351618
real_estate_agent,Дзержинский,9.0,25.0,19.5,7.8,2.0,Королева,47.3,Березовая Роща,0,2,55.051773,82.97016,1.497,3.976154644970644,1,Комфортная,1.497,24.463590422842444
real_estate_agent,Октябрьский,15.0,15.0,11.3,7.8,2.0,Кирова,57.1,Речной вокзал,0,4,55.003058,82.974553,2.45,4.581295380056944,1,Транспортная,2.45,19.306515276407488
real_estate_agent,Заельцовский,5.0,19.0,11.0,7.8,2.0,Вавилова,62.0,Заельцовская,0,16,55.055207,82.895762,1.152,3.1976358405603302,1,Комфортная,1.152,26.72193769620513
real_estate_agent,Ленинский,2.0,6.0,10.4,7.8,2.0,Пархоменко,71.7,Площадь Маркса,0,82,54.988314,82.874786,1.521,5.488998438291273,1,Транспортная,1.521,21.340263939615088
real_estate_agent,Октябрьский,9.0,10.0,10.0,7.75,2.0,Выборная,56.4,Золотая Нива,0,20,55.002511,83.011339,4.509,6.56058518247091,1,Автомобильная,4.509,18.444527365617734
real_estate_agent,Ленинский,8.0,17.0,10.0,7.8,2.0,Ясный Берег,55.0,Площадь Гарина-Михайловского,0,10,55.016197,82.88995,2.222,2.487671093927202,1,Транспортная,2.222,23.20458975177754
real_estate_agent,Октябрьский,8.0,10.0,8.8,7.799999,2.0,Толстого,50.3,Октябрьская,0,36,55.021865,82.940741,0.355,1.5895600359975213,1,Пешеходная,0.355,22.111252854726548
real_estate_agent,Железнодорожный,16.0,24.0,5.2,7.8,2.0,Прибрежная,45.5,Площадь Гарина-Михайловского,0,11,55.030148,82.89092,0.804,1.8810804049964247,1,Комфортная,0.804,24.4690032640703
real_estate_agent,Заельцовский,12.0,17.0,9.0,7.8,2.0,Лобачевского,58.0,Заельцовская,0,3,55.121953,82.904107,7.021,10.259155721994995,1,Удалённая,7.021,33.240788909392535
real_estate_agent,Заельцовский,15.0,29.0,6.0,7.8,2.0,Сухарная,44.43,Площадь Гарина-Михайловского,0,3,55.046306,82.859919,2.804,4.253257432908996,1,Транспортная,2.804,27.050585955870968
real_estate_agent,Октябрьский,16.0,17.0,10.4,7.8,2.0,Выборная,61.4,Золотая Нива,0,12,55.003379,83.011761,4.439,6.539788751718621,1,Автомобильная,4.439,18.529321327852493
real_estate_agent,Ленинский,10.0,29.0,20.0,7.8,2.0,Волховская,76.0,Площадь Маркса,0,11,54.97115,82.834093,4.153,8.566589706415707,1,Автомобильная,4.153,21.849898252291418
real_estate_agent,Первомайский,1.0,10.0,13.0,7.83,2.0,Марии Ульяновой,70.3,Золотая Нива,0,20,54.975217,83.091334,10.121,12.494720701447031,0,Удалённая,0.0,14.636210659034845
realtor,Первомайский,14.0,18.0,7.0,7.8,2.0,Марата,56.9,Золотая Нива,0,12,54.98135,83.077994,9.034,11.419871299686664,0,Удалённая,0.0,15.351657039376528
real_estate_agent,Октябрьский,18.0,22.0,10.0,7.85,2.0,Михаила Кулагина,54.5,Золотая Нива,0,11,55.035627,82.963477,0.8,2.8092889479060044,1,Комфортная,0.8,22.92465698155677
real_estate_agent,Ленинский,15.0,18.0,15.0,7.85,2.0,Станиславского,36.8,Площадь Маркса,0,4,54.979898,82.870169,1.682,6.443402691856586,1,Транспортная,1.682,20.84628365228804
real_estate_agent,Ленинский,3.0,10.0,8.0,7.85,2.0,Горская,52.9,Спортивная,0,26,54.993913,82.911698,0.537,4.069357077007883,1,Комфортная,0.537,20.377500246472856
real_estate_agent,Ленинский,8.0,22.0,14.5,7.89,2.0,площадь Райсовета,44.0,Площадь Маркса,0,11,54.993226,82.876691,1.739,4.96493238242709,1,Транспортная,1.739,21.676281939837814
realtor,Центральный,9.0,9.0,5.1,7.85,2.0,Гоголя,43.3,Маршала Покрышкина,0,61,55.044263,82.937444,0.21,1.90576778179497,1,Пешеходная,0.21,24.453260608660344
realtor,Дзержинский,4.0,18.0,12.5,7.87,2.0,Коминтерна,56.1,Золотая Нива,0,5,55.042406,83.023395,3.094,6.70036896129133,1,Автомобильная,3.094,22.562756017170894
real_estate_agent,Ленинский,1.0,17.0,14.0,7.95,2.0,69/1,61.5,Площадь Маркса,0,18,55.001979,82.842312,4.075,5.884707434078323,1,Автомобильная,4.075,23.85413672813159
real_estate_agent,Первомайский,10.0,10.0,10.0,7.9,2.0,Первомайская,50.0,Речной вокзал,0,15,54.978147,83.051197,8.026,10.148580566261264,0,Удалённая,0.0,15.210208608074053
real_estate_agent,Заельцовский,3.0,13.0,14.0,7.99,2.0,Лобачевского,57.5,Заельцовская,0,9,55.122292,82.897433,7.104,10.348182301851288,1,Удалённая,7.104,33.43335891933535
real_estate_agent,Октябрьский,1.0,10.0,25.0,7.9,2.0,Выборная,70.1,Золотая Нива,0,17,55.002754,83.027167,5.073,7.455848068592828,1,Автомобильная,5.073,18.206626815782812
real_estate_agent,Заельцовский,11.0,17.0,6.0,7.95,2.0,Аэропорт,44.1,Заельцовская,0,4,55.078226,82.912569,2.138,5.367578258161752,1,Транспортная,2.138,28.547388450163506
real_estate_agent,Ленинский,5.0,9.0,7.7,7.9,2.0,Пархоменко,50.3,Площадь Маркса,0,47,54.987219,82.849193,3.049,6.591003174109181,1,Автомобильная,3.049,22.36157663979527
real_estate_agent,Кировский,8.0,18.0,14.0,7.9,2.0,Александра Чистякова,57.2,Площадь Маркса,0,8,54.940427,82.969927,6.621,10.466102571238666,0,Автомобильная,0.0,13.378306344197306
real_estate_agent,Октябрьский,14.0,18.0,9.5,7.95,2.0,Красносельская,51.9,Золотая Нива,0,9,55.020833,82.978254,1.861,3.8285234112663495,1,Транспортная,1.861,21.05128128897045
real_estate_agent,Ленинский,3.0,17.0,12.8,7.9,2.0,Рельефная,68.4,Площадь Маркса,0,3,54.975026,82.809191,5.611,9.376823534591775,1,Автомобильная,5.611,23.350568973417033
real_estate_agent,Заельцовский,3.0,5.0,10.0,7.99,2.0,Кропоткина,46.5,Гагаринская,0,61,55.054862,82.91795,0.484,2.750744767834062,1,Пешеходная,0.484,26.04563072180712
real_estate_agent,Заельцовский,2.0,25.0,7.0,7.9,2.0,Светлановская,49.0,Заельцовская,0,3,55.07704,82.923439,2.121,5.215770504742127,1,Транспортная,2.121,28.15120516934958
real_estate_agent,Заельцовский,2.0,24.0,10.0,7.9,2.0,Красный проспект,49.0,Заельцовская,0,3,55.075716,82.911411,1.86,5.097555932832565,1,Транспортная,1.86,28.323061374176355
real_estate_agent,Кировский,12.0,19.0,25.3,7.99,2.0,Зорге,67.34,Площадь Маркса,0,6,54.933093,82.931946,5.928,10.81887074414834,0,Автомобильная,0.0,14.372820188643685
real_estate_agent,Октябрьский,19.0,25.0,11.0,7.9,2.0,Закаменский мкр,61.5,Березовая Роща,0,4,55.035612,82.957431,0.925,2.434120723223096,1,Комфортная,0.925,23.066471352043077
real_estate_agent,Заельцовский,17.0,25.0,12.6,7.99,2.0,Галущака,62.2,Гагаринская,0,4,55.053701,82.907359,0.567,2.7465047847404573,1,Комфортная,0.567,26.229823245136785
real_estate_agent,Центральный,2.0,10.0,7.3,8.0,2.0,Каменская,45.6,Площадь Ленина,0,44,55.032991,82.928173,0.585,0.5846886990610233,1,Комфортная,0.585,23.576061102226443
real_estate_agent,Центральный,1.0,10.0,8.6,8.0,2.0,Селезнева,50.2,Березовая Роща,0,41,55.047755,82.945484,0.642,2.5244342312711927,1,Комфортная,0.642,24.605303719169036
real_estate_agent,Калининский,5.0,7.0,13.0,8.0,2.0,Красный проспект,53.7,Заельцовская,0,7,55.108498,82.925873,5.568,8.717108200911376,1,Автомобильная,5.568,31.350751984184164
real_estate_agent,Октябрьский,7.0,9.0,12.5,8.0,2.0,Пролетарская,62.4,Золотая Нива,0,13,54.991196,83.038289,6.518,8.67434279530726,1,Автомобильная,6.518,16.795056809966592
real_estate_agent,Советский,1.0,4.0,6.0,8.0,2.0,проспект Морской,44.0,Площадь Маркса,0,67,54.839105,83.110217,20.992,24.460770846814118,0,Удалённая,0.0,1.146652295456327
real_estate_agent,Октябрьский,7.0,25.0,5.0,8.0,2.0,Рябиновая,43.4,Золотая Нива,0,6,55.001354,83.027392,5.201,7.533917472873117,1,Автомобильная,5.201,18.051964520127814
real_estate_agent,Первомайский,6.0,10.0,10.0,8.0,2.0,Героев Революции,62.0,Золотая Нива,0,12,54.977522,83.078093,9.338,11.634090802931183,0,Удалённая,0.0,14.926556547245942
real_estate_agent,Октябрьский,5.0,14.0,8.4,8.0,2.0,Бориса Богаткова,52.9,Золотая Нива,0,39,55.037252,82.976251,0.05,3.643073317328477,1,Пешеходная,0.05,22.810895766779982
real_estate_agent,Октябрьский,4.0,17.0,8.6,8.0,2.0,Кирова,52.5,Речной вокзал,0,7,55.004499,82.977697,2.606,4.633655360098221,1,Транспортная,2.606,19.375713146107994
real_estate_agent,Ленинский,11.0,14.0,11.7,8.0,2.0,Пархоменко,73.3,Площадь Маркса,0,6,54.987136,82.844576,3.337,6.803756682172904,1,Автомобильная,3.337,22.562598370759513
real_estate_agent,Ленинский,6.0,15.0,12.0,8.1,2.0,Немировича-Данченко,64.7,Площадь Маркса,0,14,54.968928,82.867384,2.365,7.603600977416913,1,Транспортная,2.365,20.1063799908047
real_estate_agent,Калининский,12.0,13.0,11.0,8.1,2.0,Мясниковой,58.5,Заельцовская,0,9,55.11045,82.92732,5.797,8.938036920771257,1,Автомобильная,5.797,31.523384172214413
real_estate_agent,Заельцовский,2.0,6.0,30.3,8.1,2.0,1-е Мочищенское шоссе,81.1,Заельцовская,0,15,55.117406,82.890282,6.648,9.88886838125757,1,Автомобильная,6.648,33.107277320654404
real_estate_agent,Октябрьский,16.0,27.0,9.0,8.12,2.0,Закаменский мкр,68.0,Березовая Роща,0,4,55.035612,82.957431,0.925,2.434120723223096,1,Комфортная,0.925,23.066471352043077
real_estate_agent,Кировский,3.0,17.0,18.0,8.1,2.0,Сибиряков-Гвардейцев,57.1,Площадь Маркса,0,4,54.94307,82.901646,4.376,9.75843717458473,0,Автомобильная,0.0,16.546909948906276
real_estate_agent,Первомайский,2.0,18.0,14.3,8.1197,2.0,Заречная,57.0,Речной вокзал,0,14,54.977072,83.042951,7.61,9.792786585991635,0,Удалённая,0.0,15.197272055053796
realtor,Заельцовский,4.0,5.0,8.3,8.088,2.0,Ельцовская,52.0,Площадь Гарина-Михайловского,0,27,55.045552,82.88368,1.518,2.900435311620646,1,Транспортная,1.518,26.17012250370245
real_estate_agent,Октябрьский,17.0,17.0,11.0,8.2,2.0,Закаменский мкр,60.0,Березовая Роща,0,4,55.036932,82.956542,0.767,2.4207843789087837,1,Комфортная,0.767,23.22376714129775
real_estate_agent,Заельцовский,5.0,28.0,14.0,8.2,2.0,Сухарная,36.29,Площадь Гарина-Михайловского,0,1,55.046373,82.855886,3.041,4.490523798660787,1,Автомобильная,3.041,27.200011743723838
real_estate_agent,Заельцовский,8.0,25.0,18.0,8.162,2.0,Дуси Ковальчук,42.29,Заельцовская,0,1,55.063101,82.92741,1.048,3.689165281750359,1,Комфортная,1.048,26.627189012170266
real_estate_agent,Дзержинский,5.0,17.0,15.3,8.2,2.0,Бориса Богаткова,47.8,Золотая Нива,0,12,55.043928,82.987237,1.03,4.523304276409863,1,Комфортная,1.03,23.29760137585636
real_estate_agent,Калининский,5.0,16.0,10.4,8.2,2.0,Столетова,53.4,Заельцовская,0,4,55.100752,82.962561,5.627,8.294588162147432,1,Автомобильная,5.627,29.800931065500716
real_estate_agent,Калининский,12.0,16.0,8.0,8.15,2.0,Красный проспект,56.4,Заельцовская,0,3,55.109461,82.927616,5.692,8.82915503012423,1,Автомобильная,5.692,31.413542748205757
real_estate_agent,Советский,5.0,8.0,14.0,8.2,2.0,Приморская,70.5,Площадь Маркса,0,10,54.857035,82.989187,15.143,19.74560134126928,0,Удалённая,0.0,6.880307064792746
real_estate_agent,Октябрьский,5.0,27.0,9.0,8.2,2.0,Закаменский мкр,67.5,Березовая Роща,0,3,55.035323,82.958689,0.987,2.5043003851807306,1,Комфортная,0.987,23.006411525230025
real_estate_agent,Калининский,3.0,12.0,13.4,8.2,2.0,Имени генерал-майора А.Н. Рожкина,53.2,Заельцовская,0,4,55.111114,82.925415,5.852,9.006698240979121,1,Автомобильная,5.852,31.63402241126301
real_estate_agent,Калининский,8.0,17.0,18.6,8.2,2.0,Красный проспект,60.9,Заельцовская,0,6,55.106654,82.925334,5.361,8.510904146702947,1,Автомобильная,5.361,31.170138503989726
real_estate_agent,Кировский,10.0,18.0,22.1,8.2,2.0,Пригородная,67.7,Площадь Маркса,0,3,54.973383,82.92246,1.947,6.315189686438768,0,Транспортная,0.0,18.128514784913886
real_estate_agent,Кировский,5.0,5.0,10.1,8.15,2.0,Сибиряков-Гвардейцев,54.4,Площадь Маркса,0,9,54.977723,82.898205,0.525,6.0011520222095545,0,Комфортная,0.0,19.473444246289503
real_estate_agent,Железнодорожный,5.0,11.0,9.0,8.2,2.0,Владимировская,63.0,Площадь Гарина-Михайловского,0,17,55.038573,82.887668,0.838,2.287859834739511,1,Комфортная,0.838,25.374669464657824
real_estate_agent,Заельцовский,16.0,17.0,18.0,8.2,2.0,Аэропорт,62.0,Заельцовская,0,4,55.078035,82.911689,2.117,5.351977176297565,1,Транспортная,2.117,28.55085990202134
real_estate_agent,Заельцовский,3.0,13.0,12.0,8.25,2.0,Лобачевского,57.2,Заельцовская,0,9,55.12205,82.898484,7.068,10.31226619128257,1,Удалённая,7.068,33.383302527444215
real_estate_agent,Кировский,2.0,16.0,20.7,8.25,2.0,Петухова,60.0,Площадь Маркса,0,9,54.938436,82.946112,5.826,10.330522023651016,0,Автомобильная,0.0,14.169415051251734
real_estate_agent,Октябрьский,11.0,26.0,15.0,8.297,2.0,Большевистская,70.8,Речной вокзал,0,6,54.998726,82.958985,1.796,4.273338328685925,1,Транспортная,1.796,19.289587915363086
real_estate_agent,Советский,7.0,8.0,5.0,8.25,2.0,бульвар Молодежи,42.4,Площадь Маркса,0,3,54.865477,83.089169,17.911,21.2475653350982,0,Удалённая,0.0,2.4530026748364757
real_estate_agent,Советский,2.0,9.0,8.0,8.3,2.0,Демакова,53.3,Площадь Маркса,0,21,54.86256,83.104081,18.808,22.020076162080706,0,Удалённая,0.0,2.202939492373167
real_estate_agent,Заельцовский,5.0,5.0,23.3,8.3,2.0,Дачная,41.8,Заельцовская,0,64,55.061916,82.902032,0.747,3.720133518350893,1,Комфортная,0.747,27.19774983790036
real_estate_agent,Калининский,13.0,17.0,13.8,8.35,2.0,Мясниковой,60.5,Заельцовская,0,7,55.106114,82.948753,5.722,8.635455564589769,1,Автомобильная,5.722,30.62857808866423
real_estate_agent,Заельцовский,3.0,24.0,15.0,8.3,2.0,Галущака,63.1,Гагаринская,0,12,55.053701,82.907359,0.567,2.7465047847404573,1,Комфортная,0.567,26.229823245136785
real_estate_agent,Калининский,6.0,17.0,9.0,8.3,2.0,Олеко Дундича,52.3,Березовая Роща,0,10,55.074051,82.967106,3.554,5.714044523205462,1,Автомобильная,3.554,26.87705400758273
real_estate_agent,Заельцовский,23.0,25.0,20.0,8.3,2.0,Светлановская,61.3,Заельцовская,0,4,55.07704,82.923439,2.121,5.215770504742127,1,Транспортная,2.121,28.15120516934958
real_estate_agent,Первомайский,2.0,9.0,11.0,8.3,2.0,Заречная,66.0,Речной вокзал,0,14,54.979779,83.053165,8.064,10.150531373898424,0,Удалённая,0.0,15.366811571928404
real_estate_agent,Октябрьский,27.0,28.0,12.9,8.3,2.0,Вилюйская,69.0,Речной вокзал,0,11,55.001737,83.004503,4.342,6.222306965246409,1,Автомобильная,4.342,18.492652966918236
real_estate_agent,Кировский,9.0,18.0,11.0,8.3,2.0,Зорге,58.0,Площадь Маркса,0,6,54.932659,82.927823,5.877,10.852413436430536,0,Автомобильная,0.0,14.531342755967461
real_estate_agent,Калининский,14.0,17.0,25.0,8.3,2.0,Тюленина,65.3,Заельцовская,0,15,55.111351,82.935701,6.004,9.0796343262128,1,Автомобильная,6.004,31.441669637675098
real_estate_agent,Октябрьский,8.0,11.0,10.0,8.3,2.0,Выборная,57.4,Золотая Нива,0,23,55.003523,83.021265,4.769,7.077850858053513,1,Автомобильная,4.769,18.381595074348038
real_estate_agent,Центральный,4.0,5.0,7.8,8.49,2.0,Лермонтова,56.0,Маршала Покрышкина,0,67,55.045037,82.92661,0.486,1.699840633550472,1,Пешеходная,0.486,24.82202082623775
real_estate_agent,Ленинский,1.0,3.0,15.0,8.4,2.0,Римского-Корсакова,87.0,Площадь Маркса,0,71,54.976922,82.885,0.932,6.3369986039527,1,Комфортная,0.932,19.960480488577506
real_estate_agent,Советский,2.0,7.0,12.0,8.4,2.0,Лесосечная,69.7,Спортивная,0,21,54.88993,83.094703,16.132,19.155503844189884,0,Удалённая,0.0,5.151805455854002
real_estate_agent,Октябрьский,17.0,25.0,5.2,8.4,2.0,Кирова,46.1,Октябрьская,0,3,55.013591,82.955042,1.164,2.874465185953487,1,Комфортная,1.164,20.886089898455722
real_estate_agent,Заельцовский,24.0,29.0,13.3,8.498,2.0,Сухарная,58.5,Площадь Гарина-Михайловского,0,3,55.046306,82.859919,2.804,4.253257432908996,1,Транспортная,2.804,27.050585955870968
real_estate_agent,Центральный,4.0,5.0,7.0,8.45,2.0,Ядринцевская,52.0,Площадь Ленина,0,18,55.032758,82.921948,0.301,0.304003512130517,1,Пешеходная,0.301,23.734527588214444
real_estate_agent,Октябрьский,11.0,25.0,15.0,8.499,2.0,Большевистская,71.0,Речной вокзал,0,5,54.998726,82.958985,1.796,4.273338328685925,1,Транспортная,1.796,19.289587915363086
real_estate_agent,Калининский,12.0,19.0,18.3,8.4,2.0,Фадеева,74.0,Заельцовская,0,12,55.098465,82.939007,4.699,7.686126798179172,1,Автомобильная,4.699,30.018711877183673
real_estate_agent,Октябрьский,10.0,18.0,15.0,8.5,2.0,Красносельская,56.7,Золотая Нива,0,9,55.020833,82.978254,1.861,3.8285234112663495,1,Транспортная,1.861,21.05128128897045
real_estate_agent,Заельцовский,5.0,10.0,10.2,8.5,2.0,Красный проспект,60.9,Заельцовская,0,29,55.073958,82.910027,1.671,4.914488098426664,1,Транспортная,1.671,28.181877654713798
real_estate_agent,Дзержинский,21.0,26.0,14.0,8.5,2.0,Закаменский мкр,40.0,Березовая Роща,0,7,55.037763,82.956443,0.68,2.445136547337859,1,Комфортная,0.68,23.31167796323342
real_estate_agent,Кировский,4.0,4.0,16.0,8.5,2.0,Новогодняя,59.5,Студенческая,0,29,54.986759,82.917699,0.739,4.829681352300518,0,Комфортная,0.0,19.506724640786164
real_estate_agent,Заельцовский,12.0,21.0,11.0,8.5,2.0,Дуси Ковальчук,67.7,Гагаринская,0,16,55.053046,82.897792,1.109,2.92482858498757,1,Комфортная,1.109,26.44906834190392
real_estate_agent,Советский,2.0,9.0,7.1,8.5,2.0,Терешковой,47.1,Площадь Маркса,0,54,54.840956,83.101997,20.495,24.024223424466456,0,Удалённая,0.0,0.5848988844375995
real_estate_agent,Железнодорожный,7.0,20.0,5.2,8.5,2.0,Фабричная,34.6,Площадь Гарина-Михайловского,0,5,55.025286,82.89675,1.139,1.6041450214512063,1,Комфортная,1.139,23.813578913695125
real_estate_agent,Заельцовский,4.0,24.0,10.0,8.5,2.0,Дуси Ковальчук,77.4,Гагаринская,0,5,55.053655,82.901143,0.922,2.8867472710700275,1,Комфортная,0.922,26.4081428300085
real_estate_agent,Октябрьский,1.0,10.0,10.0,8.5,2.0,Большевистская,54.0,Речной вокзал,0,13,54.990256,82.974562,3.164,5.621730175800066,1,Автомобильная,3.164,18.008253821495153
real_estate_agent,Ленинский,2.0,17.0,15.0,8.5,2.0,Стартовая,51.0,Спортивная,0,6,54.998638,82.90753,0.908,3.6009143200994247,1,Комфортная,0.908,20.960577173835258
real_estate_agent,Ленинский,15.0,26.0,20.5,8.5,2.0,1-я Чулымская,56.9,Площадь Гарина-Михайловского,0,11,55.013849,82.888674,2.496,2.718575916932046,1,Транспортная,2.496,23.035690966637826
real_estate_agent,Железнодорожный,2.0,9.0,10.0,8.5,2.0,Депутатская,54.3,Площадь Ленина,0,11,55.026778,82.906092,0.988,0.9887317477491968,1,Комфортная,0.988,23.64572581847283
real_estate_agent,Советский,3.0,8.0,21.0,8.5,2.0,Приморская,72.09,Площадь Маркса,0,11,54.857035,82.989187,15.143,19.74560134126928,0,Удалённая,0.0,6.880307064792746
real_estate_agent,Октябрьский,5.0,15.0,18.0,8.5,2.0,Вилюйская,67.6,Речной вокзал,0,11,54.999702,83.007584,4.583,6.507267155299839,1,Автомобильная,4.583,18.2169538124332
real_estate_agent,Кировский,6.0,16.0,10.8,8.5,2.0,Гэсстроевская,63.4,Спортивная,0,12,54.966251,82.961815,4.138,7.581140083334706,0,Автомобильная,0.0,16.04741737724845
real_estate_agent,Кировский,2.0,18.0,14.1,8.5,2.0,Сибиряков-Гвардейцев,68.9,Площадь Маркса,0,4,54.94307,82.901646,4.376,9.75843717458473,0,Автомобильная,0.0,16.546909948906276
real_estate_agent,Центральный,9.0,10.0,8.7,8.5,2.0,Депутатская,53.1,Площадь Ленина,0,41,55.029642,82.930275,0.632,0.6297426630712695,1,Комфортная,0.632,23.183306135741248
real_estate_agent,Центральный,2.0,5.0,6.0,8.5,2.0,Мичурина,44.7,Площадь Ленина,0,63,55.032,82.923547,0.283,0.284501782859494,1,Пешеходная,0.283,23.612615262648827
real_estate_agent,Дзержинский,6.0,30.0,7.0,8.5,2.0,Фрунзе,49.2,Березовая Роща,0,3,55.038893,82.950038,0.504,2.1213725349557224,1,Комфортная,0.504,23.58463087766766
realtor,Калининский,18.0,24.0,20.0,8.5,2.0,Тюленина,69.1,Заельцовская,0,12,55.112201,82.933716,6.066,9.161085116983855,1,Автомобильная,6.066,31.57198277711092
realtor,Заельцовский,5.0,10.0,15.0,8.5,2.0,Кубовая,53.9,Заельцовская,0,6,55.125536,82.895079,7.482,10.726904807288117,1,Удалённая,7.482,33.82388430387102
real_estate_agent,Ленинский,1.0,16.0,15.0,8.6,2.0,Станиславского,59.8,Площадь Маркса,0,12,54.979087,82.870843,1.657,6.500781515570219,1,Транспортная,1.657,20.751262999985975
real_estate_agent,Центральный,2.0,10.0,9.0,8.6,2.0,Депутатская,52.1,Площадь Ленина,0,41,55.029642,82.930275,0.632,0.6297426630712695,1,Комфортная,0.632,23.183306135741248
real_estate_agent,Октябрьский,13.0,16.0,8.2,8.55,2.0,В. Высоцкого,60.9,Золотая Нива,0,4,55.028352,83.020304,3.025,6.368005433013657,1,Автомобильная,3.025,21.077420170391107
real_estate_agent,Первомайский,2.0,12.0,16.0,8.6,2.0,Заречная,62.8,Речной вокзал,0,11,54.979454,83.050667,7.933,10.038364903797111,0,Удалённая,0.0,15.359260264587455
real_estate_agent,Октябрьский,8.0,12.0,9.6,8.7,2.0,В. Высоцкого,65.8,Золотая Нива,0,13,55.028987,83.02008,2.988,6.351838015141955,1,Транспортная,2.988,21.14943234424423
real_estate_agent,Октябрьский,1.0,17.0,8.6,8.7,2.0,Кирова,52.4,Речной вокзал,0,7,55.004499,82.977697,2.606,4.633655360098221,1,Транспортная,2.606,19.375713146107994
real_estate_agent,Калининский,3.0,10.0,10.0,8.699,2.0,Красный проспект,49.4,Заельцовская,0,6,55.115738,82.930778,6.414,9.538034895408904,1,Автомобильная,6.414,32.004706167932135
real_estate_agent,Октябрьский,5.0,14.0,12.0,8.7,2.0,Воинская,68.2,Золотая Нива,0,3,55.019986,82.976853,1.949,3.7698818633551454,1,Транспортная,1.949,20.994932322053792
real_estate_agent,Первомайский,12.0,19.0,14.3,8.65,2.0,Заречная,65.1,Речной вокзал,0,13,54.978772,83.044523,7.613,9.760962888312532,0,Удалённая,0.0,15.360872407161105
real_estate_agent,Центральный,5.0,10.0,8.7,8.7,2.0,Депутатская,54.0,Площадь Ленина,0,41,55.029642,82.930275,0.632,0.6297426630712695,1,Комфортная,0.632,23.183306135741248
real_estate_agent,Ленинский,9.0,24.0,19.0,8.7,2.0,площадь Райсовета,53.0,Площадь Маркса,0,5,54.994532,82.875083,1.914,4.90518567430771,1,Транспортная,1.914,21.853475708842797
real_estate_agent,Калининский,8.0,10.0,7.0,8.66,2.0,Кропоткина,43.0,Березовая Роща,0,37,55.057058,82.94728,1.558,3.444869065914032,1,Транспортная,1.558,25.520039137670725
real_estate_agent,Дзержинский,2.0,27.0,5.5,8.7,2.0,Кошурникова,37.0,Золотая Нива,0,8,55.041431,82.970744,0.536,3.4417947013635697,1,Комфортная,0.536,23.36616893751864
real_estate_agent,Ленинский,4.0,18.0,12.4,8.7,2.0,Горская,57.8,Студенческая,0,6,54.995999,82.900155,0.886,4.013115760165809,1,Комфортная,0.886,20.994868997337147
real_estate_agent,Октябрьский,14.0,17.0,13.9,8.7,2.0,Военная,62.7,Октябрьская,0,16,55.028285,82.946148,1.144,1.6519656093913304,1,Комфортная,1.144,22.606513974148722
realtor,Ленинский,2.0,9.0,27.3,8.7,2.0,Титова,53.9,Площадь Маркса,0,23,54.98167,82.882422,0.882,5.912220904410298,1,Комфортная,0.882,20.463716287247404
real_estate_agent,Заельцовский,24.0,25.0,16.0,8.799,2.0,Кавалерийская,45.0,Заельцовская,0,6,55.057053,82.917438,0.377,2.995903924133039,1,Пешеходная,0.377,26.279463199519284
real_estate_agent,Калининский,4.0,6.0,12.4,8.75,1.0,Богдана Хмельницкого,40.7,Заельцовская,0,16,55.073937,82.948241,2.812,5.179435529168368,1,Транспортная,2.812,27.252664062068437
real_estate_agent,Октябрьский,12.0,17.0,7.0,8.765999,2.0,Закаменский мкр,51.0,Березовая Роща,0,3,55.037036,82.955302,0.729,2.3495398842606523,1,Комфортная,0.729,23.264534725560093
real_estate_agent,Заельцовский,14.0,14.0,24.1,8.8,2.0,Аэропорт,74.01,Заельцовская,0,4,55.081576,82.904889,2.558,5.801764458023236,1,Транспортная,2.558,29.08816018095662
real_estate_agent,Железнодорожный,8.0,15.0,4.0,8.85,2.0,Фабричная,41.1,Площадь Гарина-Михайловского,0,5,55.025286,82.89675,1.139,1.6041450214512063,1,Комфортная,1.139,23.813578913695125
real_estate_agent,Центральный,3.0,5.0,8.2,8.8,2.0,Советская,56.0,Площадь Ленина,0,74,55.026133,82.917851,0.481,0.4776508031630008,1,Пешеходная,0.481,23.210479118111635
real_estate_agent,Октябрьский,15.0,18.0,12.0,8.8,2.0,2-я Обская,41.0,Речной вокзал,0,7,54.996361,82.957207,1.902,4.430033823683814,1,Транспортная,1.902,19.106663952536024
real_estate_agent,Центральный,8.0,10.0,5.0,8.8,2.0,Ломоносова,67.8,Маршала Покрышкина,0,29,55.039357,82.938719,0.65,1.5498561335613914,1,Комфортная,0.65,23.92288849160716
real_estate_agent,Октябрьский,5.0,6.0,6.7,8.8,2.0,Владимира Заровного,36.7,Речной вокзал,0,9,54.989197,82.973376,3.19,5.669821844715195,1,Автомобильная,3.19,17.93421235713743
real_estate_agent,Октябрьский,8.0,29.0,23.0,8.8,2.0,Вилюйская,64.5,Речной вокзал,0,12,55.001416,83.006102,4.449,6.328300897746612,1,Автомобильная,4.449,18.427286415981794
real_estate_agent,Заельцовский,10.0,21.0,8.0,8.8,2.0,Дуси Ковальчук,51.0,Гагаринская,0,5,55.053046,82.897792,1.109,2.92482858498757,1,Комфортная,1.109,26.44906834190392
real_estate_agent,Ленинский,13.0,25.0,11.0,8.9,2.0,Костычева,56.7,Площадь Маркса,0,10,54.977439,82.876385,1.375,6.501159139325111,1,Комфортная,1.375,20.375231500291886
real_estate_agent,Заельцовский,3.0,17.0,10.0,8.95,2.0,Дуси Ковальчук,44.0,Заельцовская,0,3,55.057115,82.910602,0.245,3.0614956306028707,1,Пешеходная,0.245,26.475969788597734
real_estate_agent,Октябрьский,14.0,25.0,11.6,8.9,2.0,Закаменский мкр,59.4,Березовая Роща,0,16,55.035901,82.956174,0.867,2.365075440335666,1,Комфортная,0.867,23.126674279764675
real_estate_agent,Ленинский,6.0,25.0,15.3,8.999,2.0,Костычева,53.0,Площадь Маркса,0,2,54.976617,82.877975,1.324,6.541093581997182,1,Комфортная,1.324,20.23915330119089
real_estate_agent,Заельцовский,15.0,16.0,20.0,8.9,2.0,Залесского,51.0,Заельцовская,0,3,55.068999,82.925334,1.376,4.329400782841886,1,Комфортная,1.376,27.28137937638324
real_estate_agent,Дзержинский,15.0,22.0,7.0,8.9,2.0,Коминтерна,56.8,Золотая Нива,0,3,55.041374,83.022604,3.026,6.628574256092092,1,Автомобильная,3.026,22.460565154239024
real_estate_agent,Железнодорожный,5.0,17.0,15.5,8.9,2.0,Железнодорожная,63.1,Гагаринская,0,11,55.047373,82.906155,0.676,2.1187874816861973,1,Комфортная,0.676,25.64145148270147
real_estate_agent,Дзержинский,1.0,16.0,13.0,8.9,2.0,Адриена Лежена,65.8,Золотая Нива,0,3,55.04369,82.983815,0.865,4.309448495878707,1,Комфортная,0.865,23.337337452324185
real_estate_agent,Заельцовский,14.0,17.0,6.0,8.999999,2.0,Аэропорт,46.0,Заельцовская,0,4,55.078226,82.912569,2.138,5.367578258161752,1,Транспортная,2.138,28.547388450163506
real_estate_agent,Заельцовский,11.0,19.0,6.0,8.999,2.0,Аэропорт,46.0,Заельцовская,0,3,55.078226,82.912569,2.138,5.367578258161752,1,Транспортная,2.138,28.547388450163506
real_estate_agent,Дзержинский,19.0,25.0,12.9,8.9,2.0,Николая Островского,63.4,Березовая Роща,0,3,55.054506,82.950083,1.251,3.3005195234566056,1,Комфортная,1.251,25.190538967933477
real_estate_agent,Заельцовский,2.0,25.0,10.6,8.99,2.0,Красногорская,53.55,Заельцовская,0,1,55.072747,82.898448,1.774,4.937701159286329,1,Транспортная,1.774,28.37718136668489
realtor,Октябрьский,8.0,20.0,10.0,8.9,2.0,2-я Обская,48.0,Речной вокзал,0,7,54.996361,82.957207,1.902,4.430033823683814,1,Транспортная,1.902,19.106663952536024
realtor,Октябрьский,1.0,11.0,16.0,9.0,2.0,Большевистская,52.5,Речной вокзал,0,13,54.990271,82.975631,3.214,5.662523733948382,1,Автомобильная,3.214,17.98088848891085
real_estate_agent,Кировский,10.0,16.0,11.5,9.0,2.0,Гэсстроевская,67.3,Спортивная,0,13,54.966251,82.961815,4.138,7.581140083334706,0,Автомобильная,0.0,16.04741737724845
real_estate_agent,Заельцовский,3.0,18.0,9.0,9.0,2.0,Аэропорт,67.1,Заельцовская,0,3,55.080158,82.901799,2.451,5.684286936281938,1,Транспортная,2.451,29.02775942183817
real_estate_agent,Заельцовский,15.0,24.0,13.0,9.0,2.0,Сухарная,72.9,Площадь Гарина-Михайловского,0,6,55.04646,82.865794,2.48,3.924932613347529,1,Транспортная,2.48,26.859316812850363
real_estate_agent,Ленинский,12.0,25.0,13.0,9.0,2.0,Костычева,46.8,Площадь Маркса,0,2,54.976617,82.877975,1.324,6.541093581997182,1,Комфортная,1.324,20.23915330119089
real_estate_agent,Заельцовский,6.0,25.0,10.6,9.0,2.0,Северная,57.7,Заельцовская,0,11,55.071077,82.910809,1.348,4.590351374243096,1,Комфортная,1.348,27.870204699165367
real_estate_agent,Первомайский,16.0,18.0,25.0,9.0,2.0,Героев Революции,64.8,Золотая Нива,0,14,54.975569,83.082728,9.7,11.9990821062117,0,Удалённая,0.0,14.692277205387118
real_estate_agent,Ленинский,16.0,18.0,19.0,9.0,2.0,Серафимовича,51.7,Площадь Маркса,0,1,54.979909,82.879547,1.095,6.166627238207052,1,Комфортная,1.095,20.440256330573085
real_estate_agent,Советский,3.0,9.0,8.6,9.0,2.0,Демакова,53.3,Площадь Маркса,0,27,54.862446,83.101737,18.712,21.95148791339132,0,Удалённая,0.0,2.1518455568841164
real_estate_agent,Заельцовский,8.0,24.0,17.0,9.0,2.0,Ельцовская,70.2,Площадь Гарина-Михайловского,0,5,55.046749,82.887066,1.493,2.814518796915643,1,Комфортная,1.493,26.174415721981102
real_estate_agent,Октябрьский,25.0,27.0,12.0,9.0,2.0,Вилюйская,64.0,Речной вокзал,0,11,55.001737,83.004503,4.342,6.222306965246409,1,Автомобильная,4.342,18.492652966918236
real_estate_agent,Заельцовский,4.0,29.0,15.3,9.1,2.0,Сухарная,59.5,Площадь Гарина-Михайловского,0,3,55.046306,82.859919,2.804,4.253257432908996,1,Транспортная,2.804,27.050585955870968
real_estate_agent,Октябрьский,16.0,24.0,17.0,9.1,2.0,Владимира Заровного,55.0,Речной вокзал,0,5,54.993913,82.964986,2.44,4.93129455811684,1,Транспортная,2.44,18.639865265176688
real_estate_agent,Дзержинский,10.0,17.0,13.0,9.1,2.0,Николая Островского,57.1,Березовая Роща,0,6,55.053438,82.950344,1.132,3.213700967171989,1,Комфортная,1.132,25.07395547931769
real_estate_agent,Октябрьский,4.0,17.0,10.0,9.1,2.0,Кирова,54.0,Речной вокзал,0,20,55.012625,82.952392,1.007,2.8201742645333567,1,Комфортная,1.007,20.861898741123944
real_estate_agent,Октябрьский,10.0,25.0,11.3,9.1,2.0,Гурьевская,62.0,Золотая Нива,0,4,55.024956,82.965498,1.536,2.929849377155421,1,Транспортная,1.536,21.775132584036356
realtor,Калининский,2.0,13.0,11.6,9.1,2.0,Красный проспект,55.8,Заельцовская,0,6,55.114817,82.931775,6.325,9.44051309089754,1,Автомобильная,6.325,31.887210987124963
real_estate_agent,Заельцовский,21.0,26.0,4.4,9.2,2.0,Красный проспект,47.08,Заельцовская,0,2,55.05728,82.914896,0.241,3.0356387034335457,1,Пешеходная,0.241,26.372278571136523
real_estate_agent,Октябрьский,5.0,22.0,11.0,9.2,2.0,2-я Обская,54.5,Речной вокзал,0,7,54.996361,82.957207,1.902,4.430033823683814,1,Транспортная,1.902,19.106663952536024
real_estate_agent,Дзержинский,15.0,25.0,10.0,9.2,2.0,Закаменский мкр,49.0,Березовая Роща,0,3,55.037763,82.956443,0.68,2.445136547337859,1,Комфортная,0.68,23.31167796323342
real_estate_agent,Советский,6.0,19.0,14.0,9.2,2.0,2-я Миргородская,60.0,Площадь Маркса,0,13,54.853262,83.03845,16.986,21.06546897493852,0,Удалённая,0.0,3.7211549941447353
real_estate_agent,Октябрьский,7.0,17.0,8.0,9.2,2.0,Владимира Заровного,52.8,Речной вокзал,0,9,54.989197,82.973376,3.19,5.669821844715195,1,Автомобильная,3.19,17.93421235713743
real_estate_agent,Октябрьский,9.0,25.0,10.0,9.2,2.0,Ипподромская,50.4,Октябрьская,0,3,55.024621,82.935503,0.689,1.141140846973464,1,Комфортная,0.689,22.53469617198309
real_estate_agent,Центральный,8.0,11.0,8.0,9.2,2.0,Максима Горького,53.0,Площадь Ленина,0,40,55.028538,82.932081,0.767,0.7638927875874001,1,Комфортная,0.767,23.02180216355739
real_estate_agent,Дзержинский,12.0,25.0,18.3,9.29,2.0,Гоголя,45.01,Золотая Нива,0,2,55.050457,82.97202,1.459,3.9866423570498135,1,Комфортная,1.459,24.286825540287587
real_estate_agent,Дзержинский,13.0,25.0,17.5,9.34,2.0,Николая Островского,65.2,Березовая Роща,0,2,55.054506,82.950083,1.251,3.3005195234566056,1,Комфортная,1.251,25.190538967933477
real_estate_agent,Заельцовский,25.0,28.0,18.0,9.3,2.0,Сухарная,59.5,Площадь Гарина-Михайловского,0,2,55.047213,82.858868,2.909,4.356947060903408,1,Транспортная,2.909,27.17164052970939
real_estate_agent,Октябрьский,18.0,25.0,13.0,9.315,2.0,Пролетарская,61.2,Золотая Нива,0,1,55.021142,82.968993,1.867,3.253490696934803,1,Транспортная,1.867,21.298334067615226
real_estate_agent,Дзержинский,8.0,19.0,13.7,9.3,2.0,проспект Дзержинского,70.5,Золотая Нива,0,3,55.058621,82.981749,2.381,5.026913400066581,1,Транспортная,2.381,24.96242542760317
real_estate_agent,Заельцовский,10.0,10.0,10.0,9.3,2.0,Ельцовская,55.0,Гагаринская,0,18,55.049756,82.89171,1.476,2.8452509229219856,1,Комфортная,1.476,26.316343373633394
real_estate_agent,Заельцовский,10.0,24.0,12.8,9.3,2.0,Галущака,64.5,Гагаринская,0,3,55.053701,82.907359,0.567,2.7465047847404573,1,Комфортная,0.567,26.229823245136785
real_estate_agent,Октябрьский,3.0,19.0,6.0,9.4,2.0,Михаила Кулагина,55.2,Золотая Нива,0,11,55.035627,82.963477,0.8,2.8092889479060044,1,Комфортная,0.8,22.92465698155677
real_estate_agent,Кировский,6.0,26.0,12.4,9.4,2.0,Немировича-Данченко,63.0,Спортивная,0,8,54.989342,82.917043,0.625,4.544463282526324,0,Комфортная,0.0,19.76557288032009
real_estate_agent,Дзержинский,11.0,18.0,16.0,9.35,2.0,Авиастроителей,58.0,Березовая Роща,0,1,55.070334,82.966729,3.151,5.352187273041826,1,Автомобильная,3.151,26.490784610916197
realtor,Железнодорожный,5.0,5.0,10.0,9.4,2.0,Советская,52.6,Площадь Ленина,0,68,55.030359,82.91521,0.331,0.3337543561125879,1,Пешеходная,0.331,23.703085362062936
real_estate_agent,Заельцовский,4.0,5.0,12.0,9.5,2.0,Красный проспект,57.0,Заельцовская,0,3,55.068262,82.909533,1.048,4.292749655159958,1,Комфортная,1.048,27.621269186696125
real_estate_agent,Центральный,3.0,5.0,7.1,9.5,2.0,Мичурина,59.5,Красный проспект,0,72,55.043732,82.920403,0.305,1.5085830352702383,1,Пешеходная,0.305,24.865548868578866
real_estate_agent,Ленинский,10.0,16.0,13.0,9.5,2.0,69/1,65.8,Площадь Маркса,0,19,55.001979,82.842312,4.075,5.884707434078323,1,Автомобильная,4.075,23.85413672813159
real_estate_agent,Железнодорожный,5.0,17.0,5.0,9.5,2.0,Железнодорожная,51.6,Площадь Гарина-Михайловского,0,22,55.044959,82.901511,1.07,2.039666082821279,1,Комфортная,1.07,25.546212389819733
real_estate_agent,Ленинский,8.0,18.0,13.2,9.5,2.0,Геодезическая,69.2,Студенческая,0,19,54.98789,82.906856,0.123,4.779855181069007,1,Пешеходная,0.123,20.01586461359158
real_estate_agent,Центральный,12.0,25.0,15.0,9.5,2.0,Семьи Шамшиных,38.8,Маршала Покрышкина,0,3,55.047208,82.927356,0.524,1.9457130112343024,1,Комфортная,0.524,25.019634597558998
real_estate_agent,Октябрьский,3.0,24.0,13.0,9.5,2.0,Декабристов,62.3,Речной вокзал,0,6,55.005175,82.960485,1.524,3.773605198841164,1,Транспортная,1.524,19.891789676064388
real_estate_agent,Советский,2.0,9.0,14.0,9.5,2.0,Демакова,52.9,Площадь Маркса,0,43,54.864435,83.099437,18.451,21.685964893089352,0,Удалённая,0.0,2.3417986571214433
real_estate_agent,Заельцовский,19.0,20.0,5.0,9.45,2.0,Дуси Ковальчук,44.0,Заельцовская,0,10,55.054604,82.90187,0.84,2.9637709581990537,1,Комфортная,0.84,26.47989866464764
real_estate_agent,Октябрьский,10.0,15.0,8.0,9.5,2.0,Обская,44.6,Речной вокзал,0,6,55.001473,82.945268,0.995,3.561598570442198,1,Комфортная,0.995,19.96543486766168
real_estate_agent,Заельцовский,17.0,17.0,11.2,9.5,2.0,Сухарная,55.6,Площадь Гарина-Михайловского,0,4,55.04646,82.865794,2.48,3.924932613347529,1,Транспортная,2.48,26.859316812850363
real_estate_agent,Советский,2.0,5.0,28.0,9.5,2.0,Рыбацкая,74.0,Площадь Маркса,0,15,54.817064,83.090023,22.162,26.05609846342613,0,Удалённая,0.0,2.9622003837496966
real_estate_agent,Ленинский,10.0,22.0,6.2,9.5,2.0,площадь Райсовета,67.6,Площадь Маркса,0,6,54.994532,82.875083,1.914,4.90518567430771,1,Транспортная,1.914,21.853475708842797
real_estate_agent,Ленинский,8.0,8.0,17.1,9.5,2.0,переулок 1-й Пархоменко,69.5,Площадь Маркса,0,28,54.989569,82.874633,1.596,5.376465413034611,1,Транспортная,1.596,21.451935358496534
real_estate_agent,Дзержинский,15.0,16.0,14.0,9.5,2.0,Толбухина,67.0,Золотая Нива,0,19,55.041797,83.003137,1.818,5.426243959624277,1,Транспортная,1.818,22.791423313513587
real_estate_agent,Октябрьский,2.0,10.0,10.0,9.5,2.0,Обская,72.0,Речной вокзал,0,25,55.000461,82.948547,1.202,3.7578395585944966,1,Комфортная,1.202,19.76716765220133
real_estate_agent,Центральный,9.0,15.0,8.0,9.5,2.0,Семьи Шамшиных,50.0,Площадь Ленина,0,20,55.027263,82.934327,0.946,0.942291599123424,1,Комфортная,0.946,22.830825440913106
real_estate_agent,Октябрьский,17.0,27.0,15.0,9.5,2.0,Покатная,54.0,Октябрьская,0,5,55.026133,82.948367,1.003,1.835744973256543,1,Комфортная,1.003,22.329998840925057
real_estate_agent,Советский,5.0,15.0,20.3,9.6,2.0,бульвар Молодежи,45.7,Площадь Маркса,0,8,54.864083,83.094514,18.259,21.55544411215613,0,Удалённая,0.0,2.277759847457778
real_estate_agent,Центральный,10.0,16.0,19.4,9.63,2.0,Семьи Шамшиных,43.6,Маршала Покрышкина,0,1,55.047977,82.927401,0.573,2.0297139771244423,1,Комфортная,0.573,25.095775022230363
real_estate_agent,Заельцовский,12.0,23.0,5.1,9.6,2.0,Красный проспект,45.9,Заельцовская,0,3,55.068144,82.911878,1.018,4.258113020479213,1,Комфортная,1.018,27.54583690589678
real_estate_agent,Октябрьский,9.0,18.0,10.7,9.6,2.0,Декабристов,60.2,Речной вокзал,0,4,55.005738,82.960935,1.534,3.747441422510084,1,Транспортная,1.534,19.936035396853843
real_estate_agent,Октябрьский,21.0,27.0,11.7,9.649,2.0,Добролюбова,62.6,Речной вокзал,0,5,55.00864,82.952697,0.959,3.1556602739662587,1,Комфортная,0.959,20.45518138668567
real_estate_agent,Заельцовский,17.0,24.0,20.1,9.7,2.0,Галущака,59.1,Гагаринская,0,16,55.052526,82.90585,0.598,2.654423789773523,1,Комфортная,0.598,26.157749516182534
real_estate_agent,Заельцовский,9.0,15.0,13.2,9.69,2.0,Галущака,74.1,Гагаринская,0,26,55.050509,82.901304,0.861,2.569679742303513,1,Комфортная,0.861,26.09462614778137
real_estate_agent,Ленинский,4.0,18.0,10.1,9.7,2.0,Стартовая,60.7,Спортивная,0,7,54.998638,82.90753,0.908,3.6009143200994247,1,Комфортная,0.908,20.960577173835258
real_estate_agent,Октябрьский,12.0,23.0,15.0,9.7,2.0,Кошурникова,56.8,Золотая Нива,0,9,55.04043,82.964519,0.778,3.032127155726729,1,Комфортная,0.778,23.39910388630383
real_estate_agent,Заельцовский,6.0,26.0,12.7,9.8,2.0,Залесского,71.1,Заельцовская,0,11,55.068133,82.931614,1.58,4.281473772170789,1,Транспортная,1.58,27.036605453819085
real_estate_agent,Октябрьский,10.0,24.0,10.0,9.799,2.0,Владимира Заровного,47.15,Речной вокзал,0,3,54.99444,82.962327,2.28,4.78687551461492,1,Транспортная,2.28,18.768035575655617
real_estate_agent,Центральный,9.0,21.0,15.0,9.8,2.0,Орджоникидзе,52.4,Площадь Ленина,0,16,55.032697,82.935764,1.018,1.0165997198246866,1,Комфортная,1.018,23.3326418739591
realtor,Дзержинский,15.0,25.0,9.8,9.8,2.0,Адриена Лежена,52.2,Золотая Нива,0,7,55.038717,82.986887,0.732,4.339987036622431,1,Комфортная,0.732,22.751071801051726
real_estate_agent,Центральный,5.0,5.0,10.0,9.85,2.0,Трудовая,56.3,Площадь Ленина,0,97,55.03201,82.919037,0.219,0.2236905528506069,1,Пешеходная,0.219,23.747889822460888
real_estate_agent,Октябрьский,8.0,16.0,18.3,9.9,2.0,Кирова,37.6,Речной вокзал,0,2,55.012507,82.956138,1.229,3.005762219075922,1,Комфортная,1.229,20.747270130763198
real_estate_agent,Ленинский,7.0,16.0,11.6,9.9,2.0,69/1,68.8,Площадь Маркса,0,21,55.001979,82.842312,4.075,5.884707434078323,1,Автомобильная,4.075,23.85413672813159
real_estate_agent,Первомайский,6.0,9.0,12.5,9.85,2.0,Маяковского,75.0,Золотая Нива,0,19,54.972225,83.095098,10.524,12.868317972477854,0,Удалённая,0.0,14.30258972499283
real_estate_agent,Октябрьский,3.0,16.0,20.0,9.9,2.0,2-я Обская,70.7,Речной вокзал,0,7,54.997936,82.951224,1.53,4.086076669186328,1,Транспортная,1.53,19.439074829936043
real_estate_agent,Дзержинский,12.0,14.0,10.0,9.9,2.0,Есенина,56.2,Золотая Нива,0,14,55.034461,82.99428,1.237,4.7300697900864686,1,Комфортная,1.237,22.159877560876584
real_estate_agent,Ленинский,9.0,16.0,10.0,9.9,2.0,69/1,67.9,Площадь Маркса,0,21,55.001979,82.842312,4.075,5.884707434078323,1,Автомобильная,4.075,23.85413672813159
real_estate_agent,Ленинский,11.0,30.0,16.3,9.9,2.0,Горская,53.35,Студенческая,0,2,54.996118,82.903137,0.825,3.9432450713622553,1,Комфортная,0.825,20.893662793067193
real_estate_agent,Ленинский,7.0,10.0,10.0,9.9,2.0,Рельефная,56.7,Площадь Маркса,0,3,54.974783,82.807574,5.717,9.472648733005538,1,Автомобильная,5.717,23.414476136621214
realtor,Заельцовский,3.0,16.0,13.6,9.9,2.0,Серебряные Ключи,77.0,Заельцовская,0,22,55.067427,82.933383,1.622,4.22463082073576,1,Транспортная,1.622,26.920907458767132
real_estate_agent,Заельцовский,4.0,25.0,13.7,10.0,2.0,Кавалерийская,72.3,Заельцовская,0,3,55.057053,82.917438,0.377,2.995903924133039,1,Пешеходная,0.377,26.279463199519284
real_estate_agent,Советский,2.0,4.0,8.4,10.0,2.0,Жемчужная,53.8,Площадь Маркса,0,66,54.834978,83.093786,20.685,24.36599244721171,0,Удалённая,0.0,0.9589334767462693
real_estate_agent,Заельцовский,7.0,25.0,14.0,10.0,2.0,Сухарная,60.0,Площадь Гарина-Михайловского,0,4,55.04646,82.865794,2.48,3.924932613347529,1,Транспортная,2.48,26.859316812850363
real_estate_agent,Дзержинский,15.0,16.0,13.0,10.0,2.0,Адриена Лежена,65.8,Золотая Нива,0,17,55.04369,82.983815,0.865,4.309448495878707,1,Комфортная,0.865,23.337337452324185
real_estate_agent,Октябрьский,4.0,10.0,16.4,10.0,2.0,Татьяны Снежиной,98.7,Золотая Нива,0,16,55.02219,83.023143,3.475,6.60604281618837,1,Автомобильная,3.475,20.369123613699596
real_estate_agent,Советский,2.0,8.0,5.0,9.999999,2.0,бульвар Молодежи,46.0,Площадь Маркса,0,21,54.865477,83.089169,17.911,21.2475653350982,0,Удалённая,0.0,2.4530026748364757
real_estate_agent,Октябрьский,7.0,27.0,11.2,10.0,2.0,Лескова,63.5,Октябрьская,0,14,55.024838,82.951484,1.031,2.065597595716785,1,Комфортная,1.031,22.116487978305514
real_estate_agent,Октябрьский,17.0,20.0,12.0,9.99,2.0,2-я Обская,63.5,Речной вокзал,0,7,54.996361,82.957207,1.902,4.430033823683814,1,Транспортная,1.902,19.106663952536024
real_estate_agent,Советский,1.0,4.0,6.0,10.0,2.0,Академическая,42.4,Площадь Маркса,0,63,54.836275,83.114726,21.419,24.87724302821353,0,Удалённая,0.0,1.5517026865563375
real_estate_agent,Заельцовский,2.0,17.0,14.0,9.99,2.0,Овражная,70.0,Заельцовская,0,18,55.061359,82.924688,0.813,3.479175436032456,1,Комфортная,0.813,26.520263358752082
real_estate_agent,Советский,1.0,4.0,9.0,9.99,2.0,проспект Морской,55.0,Площадь Маркса,0,65,54.835663,83.098404,20.807,24.43400250068992,0,Удалённая,0.0,0.924584890914355
real_estate_agent,Ленинский,14.0,18.0,14.2,10.0,2.0,Горская,66.8,Студенческая,0,6,54.995999,82.900155,0.886,4.013115760165809,1,Комфортная,0.886,20.994868997337147
real_estate_agent,Центральный,2.0,5.0,10.0,9.99,2.0,Потанинская,55.0,Площадь Ленина,0,18,55.033672,82.921499,0.392,0.3958009305556147,1,Пешеходная,0.392,23.837833334619702
real_estate_agent,Дзержинский,5.0,9.0,12.7,9.999,2.0,25 лет Октября,77.0,Березовая Роща,0,3,55.072412,82.966639,3.37,5.543392355959922,1,Автомобильная,3.37,26.712470625635238
real_estate_agent,Октябрьский,13.0,26.0,15.0,9.995,2.0,Чехова,52.0,Октябрьская,0,4,55.01962,82.94993,0.69,2.2156240422385225,1,Комфортная,0.69,21.631450528848873
real_estate_agent,Кировский,13.0,17.0,10.1,10.0,2.0,Немировича-Данченко,63.0,Площадь Маркса,0,9,54.978023,82.914752,1.276,5.809245838873143,0,Комфортная,0.0,18.837212443405637
real_estate_agent,Октябрьский,5.0,9.0,5.0,10.0,2.0,Военная,51.9,Октябрьская,0,23,55.027062,82.940444,0.922,1.3210315205643255,1,Комфортная,0.922,22.638700961822746
real_estate_agent,Дзержинский,4.0,10.0,5.0,9.9999,2.0,Красина,45.0,Березовая Роща,0,9,55.047502,82.961402,0.765,3.244945673820084,1,Комфортная,0.765,24.20497101753065
real_estate_agent,Заельцовский,16.0,26.0,15.0,10.0,2.0,Кавалерийская,79.0,Заельцовская,0,6,55.057053,82.917438,0.377,2.995903924133039,1,Пешеходная,0.377,26.279463199519284
real_estate_agent,Заельцовский,6.0,10.0,11.4,9.99,2.0,Холодильная,54.1,Заельцовская,0,20,55.05251,82.884227,1.946,3.390526948634576,1,Транспортная,1.946,26.81889621270061
real_estate_agent,Октябрьский,13.0,17.0,6.0,9.99,2.0,Лескова,60.5,Октябрьская,0,4,55.023656,82.953542,1.062,2.230723134238972,1,Комфортная,1.062,21.94271906487104
real_estate_agent,Дзержинский,17.0,25.0,16.3,9.99,2.0,Закаменский мкр,45.5,Березовая Роща,0,3,55.038155,82.954826,0.602,2.364729072140335,1,Комфортная,0.602,23.391119978787064
real_estate_agent,Дзержинский,13.0,16.0,13.0,9.999999,2.0,Адриена Лежена,67.0,Золотая Нива,0,18,55.045068,82.983159,0.97,4.326578122316432,1,Комфортная,0.97,23.496027936000228
real_estate_agent,Октябрьский,9.0,17.0,25.0,10.1,2.0,Лескова,61.5,Октябрьская,0,14,55.023656,82.953542,1.062,2.230723134238972,1,Комфортная,1.062,21.94271906487104
real_estate_agent,Советский,18.0,21.0,13.7,10.05,2.0,Русская,62.6,Площадь Маркса,0,21,54.844679,83.059112,18.509,22.44694165373492,0,Удалённая,0.0,2.2433639235971556
real_estate_agent,Дзержинский,4.0,5.0,9.0,10.1,2.0,проспект Дзержинского,53.2,Березовая Роща,0,3,55.051185,82.963854,1.161,3.621558299546243,1,Комфортная,1.161,24.535336449666467
real_estate_agent,Калининский,2.0,26.0,12.6,10.2,2.0,Танковая,63.2,Заельцовская,0,12,55.060848,82.934596,1.416,3.529035482038428,1,Комфортная,1.416,26.21620913575953
real_estate_agent,Центральный,3.0,5.0,10.0,10.2,2.0,Чаплыгина,52.3,Площадь Ленина,0,70,55.025493,82.91963,0.526,0.5220363335179427,1,Комфортная,0.526,23.093253516387158
real_estate_agent,Дзержинский,12.0,16.0,14.2,10.15,2.0,Адриена Лежена,68.7,Золотая Нива,0,18,55.045068,82.983159,0.97,4.326578122316432,1,Комфортная,0.97,23.496027936000228
real_estate_agent,Октябрьский,23.0,27.0,16.0,10.2,2.0,Вилюйская,72.0,Речной вокзал,0,12,55.001416,83.006102,4.449,6.328300897746612,1,Автомобильная,4.449,18.427286415981794
real_estate_agent,Октябрьский,11.0,26.0,20.0,10.2,2.0,Владимира Заровного,45.3,Речной вокзал,0,8,54.988727,82.975344,3.316,5.78695445941896,1,Автомобильная,3.316,17.833173828873058
real_estate_agent,Октябрьский,9.0,10.0,10.0,10.2,2.0,Сакко и Ванцетти,56.3,Речной вокзал,0,17,55.012976,82.938764,0.414,2.2401175960426074,1,Пешеходная,0.414,21.288780474120497
real_estate_agent,Ленинский,16.0,17.0,13.0,10.21,2.0,Ясный Берег,63.3,Площадь Гарина-Михайловского,0,4,55.018593,82.893148,1.914,2.1635655180705378,1,Транспортная,1.914,23.312062409472755
real_estate_agent,Кировский,5.0,22.0,6.7,10.2,2.0,Тульская,75.5,Студенческая,0,5,54.978813,82.918381,1.352,5.7115855318060085,0,Комфортная,0.0,18.767181957696927
real_estate_agent,Центральный,3.0,5.0,8.0,10.25,2.0,Ядринцевская,56.5,Площадь Ленина,0,65,55.032758,82.921948,0.301,0.304003512130517,1,Пешеходная,0.301,23.734527588214444
real_estate_agent,Заельцовский,19.0,21.0,10.0,10.3,2.0,Дуси Ковальчук,56.0,Гагаринская,0,5,55.053046,82.897792,1.109,2.92482858498757,1,Комфортная,1.109,26.44906834190392
real_estate_agent,Заельцовский,23.0,25.0,10.0,10.36,2.0,Красный проспект,65.4,Заельцовская,0,3,55.075716,82.911411,1.86,5.097555932832565,1,Транспортная,1.86,28.323061374176355
real_estate_agent,Октябрьский,6.0,9.0,16.9,10.399,2.0,Сакко и Ванцетти,41.6,Речной вокзал,0,1,55.012883,82.935665,0.419,2.152952618375098,1,Пешеходная,0.419,21.372704209801498
real_estate_agent,Октябрьский,13.0,27.0,15.0,10.4,2.0,Ипподромская,38.2,Октябрьская,0,3,55.024621,82.935503,0.689,1.141140846973464,1,Комфортная,0.689,22.53469617198309
real_estate_agent,Заельцовский,21.0,25.0,15.0,10.5,2.0,Залесского,75.6,Заельцовская,0,15,55.067607,82.930706,1.498,4.21444664439747,1,Комфортная,1.498,27.004973651158007
real_estate_agent,Калининский,10.0,13.0,16.0,10.5,2.0,Мясниковой,70.0,Заельцовская,0,10,55.11045,82.92732,5.797,8.938036920771257,1,Автомобильная,5.797,31.523384172214413
real_estate_agent,Железнодорожный,4.0,6.0,7.1,10.5,2.0,Ленина,59.1,Площадь Ленина,0,70,55.029621,82.911671,0.56,0.561870104578268,1,Комфортная,0.56,23.741418274262553
real_estate_agent,Дзержинский,5.0,27.0,10.0,10.5,2.0,Фрунзе,60.3,Березовая Роща,0,17,55.039202,82.956245,0.533,2.493338362499802,1,Комфортная,0.533,23.4646307511139
real_estate_agent,Заельцовский,23.0,29.0,3.9,10.499,2.0,Сухарная,63.37,Площадь Гарина-Михайловского,0,3,55.046306,82.859919,2.804,4.253257432908996,1,Транспортная,2.804,27.050585955870968
real_estate_agent,Заельцовский,6.0,24.0,5.1,10.5,2.0,Красный проспект,48.7,Заельцовская,0,3,55.068144,82.911878,1.018,4.258113020479213,1,Комфортная,1.018,27.54583690589678
real_estate_agent,Заельцовский,6.0,10.0,10.0,10.5,2.0,Холодильная,56.3,Площадь Гарина-Михайловского,0,18,55.050504,82.884245,1.944,3.229855426051341,1,Транспортная,1.944,26.625514406514085
real_estate_agent,Дзержинский,3.0,16.0,26.2,10.5,2.0,Красина,66.4,Березовая Роща,0,12,55.044959,82.962552,0.703,3.1476577028446058,1,Комфортная,0.703,23.914498578280106
real_estate_agent,Октябрьский,11.0,25.0,18.8,10.48,2.0,Военная,53.7,Октябрьская,0,3,55.024868,82.949167,0.927,1.9235667432814256,1,Комфортная,0.927,22.1809027216313
real_estate_agent,Заельцовский,10.0,10.0,10.3,10.49,2.0,Холодильная,55.9,Площадь Гарина-Михайловского,0,3,55.050504,82.884245,1.944,3.229855426051341,1,Транспортная,1.944,26.625514406514085
real_estate_agent,Октябрьский,5.0,8.0,6.0,10.49,2.0,Родниковая,62.5,Речной вокзал,0,2,54.988474,83.004117,4.828,7.068380319636102,1,Автомобильная,4.828,17.105030335478354
real_estate_agent,Октябрьский,10.0,10.0,35.1,10.5,2.0,Восход,57.9,Октябрьская,0,4,55.019284,82.950469,0.72,2.2645936708597003,1,Комфортная,0.72,21.58300443774255
real_estate_agent,Центральный,8.0,17.0,13.0,10.48,2.0,Гоголя,64.0,Маршала Покрышкина,0,14,55.044743,82.942879,0.553,2.1616394089240063,1,Комфортная,0.553,24.36226468536802
real_estate_agent,Дзержинский,24.0,25.0,15.0,10.45,2.0,Гоголя,53.36,Березовая Роща,0,2,55.047631,82.96592,1.015,3.4886760926538773,1,Комфортная,1.015,24.11894808166873
real_estate_agent,Октябрьский,9.0,19.0,22.0,10.5,2.0,Михаила Кулагина,64.4,Золотая Нива,0,8,55.035648,82.962264,0.874,2.7343869179533096,1,Комфортная,0.874,22.955140851560042
real_estate_agent,Центральный,6.0,9.0,9.0,10.6,2.0,Советская,54.3,Красный проспект,0,18,55.037216,82.91477,0.515,0.86318074408173,1,Комфортная,0.515,24.38659380565889
real_estate_agent,Кировский,3.0,17.0,11.1,10.6,2.0,Немировича-Данченко,59.0,Спортивная,0,9,54.989863,82.918247,0.549,4.483551036290165,0,Комфортная,0.0,19.769210523249793
real_estate_agent,Калининский,5.0,19.0,8.0,10.64,2.0,Красный проспект,73.0,Заельцовская,0,8,55.109214,82.929808,5.69,8.81007771654193,1,Автомобильная,5.69,31.340635985898924
real_estate_agent,Октябрьский,6.0,10.0,10.2,10.55,2.0,Сакко и Ванцетти,56.5,Речной вокзал,0,17,55.012976,82.938764,0.414,2.2401175960426074,1,Пешеходная,0.414,21.288780474120497
real_estate_agent,Заельцовский,7.0,17.0,10.0,10.6,2.0,Дуси Ковальчук,69.0,Гагаринская,0,3,55.053578,82.898951,1.053,2.9413425089411005,1,Комфортная,1.053,26.466200764249887
real_estate_agent,Октябрьский,23.0,25.0,9.8,10.6,2.0,Ипподромская,60.4,Октябрьская,0,3,55.024621,82.935503,0.689,1.141140846973464,1,Комфортная,0.689,22.53469617198309
realtor,Ленинский,2.0,14.0,12.5,10.6,2.0,Забалуева,54.69,Площадь Маркса,0,2,54.98852,82.807619,5.694,8.555241682058933,1,Автомобильная,5.694,24.39084580517632
real_estate_agent,Советский,6.0,9.0,8.4,10.7,2.0,Рубиновая,55.0,Площадь Маркса,0,19,54.868321,83.085046,17.5,20.84139939651865,0,Удалённая,0.0,2.809274606502549
real_estate_agent,Октябрьский,9.0,10.0,12.0,10.7,2.0,Лескова,64.0,Октябрьская,0,4,55.023821,82.950397,0.906,2.035719466982437,1,Комфортная,0.906,22.042371695088534
real_estate_agent,Заельцовский,8.0,10.0,13.8,10.7,2.0,Овражная,69.0,Заельцовская,0,17,55.060322,82.92237,0.639,3.355568146957667,1,Комфортная,0.639,26.47604348360974
real_estate_agent,Ленинский,5.0,9.0,29.9,10.699,2.0,Титова,69.7,Площадь Маркса,0,5,54.977749,82.802741,5.985,9.502932362416718,1,Автомобильная,5.985,23.861155187725938
real_estate_agent,Ленинский,4.0,14.0,17.0,10.7,2.0,Титова,72.0,Площадь Маркса,0,11,54.978586,82.810898,5.459,9.0382662885186,1,Автомобильная,5.459,23.51561412102467
real_estate_agent,Железнодорожный,2.0,16.0,9.6,10.8,2.0,Дмитрия Шамшурина,58.8,Площадь Гарина-Михайловского,0,14,55.028682,82.903748,0.792,1.0762675982759815,1,Комфортная,0.792,23.904016135992862
real_estate_agent,Октябрьский,10.0,12.0,10.4,10.85,2.0,Бориса Богаткова,59.7,Золотая Нива,0,6,55.036019,82.973843,0.199,3.465113028779907,1,Пешеходная,0.199,22.733064840286882
real_estate_agent,Заельцовский,14.0,26.0,11.4,10.8,2.0,Залесского,64.9,Заельцовская,0,14,55.067865,82.931164,1.539,4.247385588933179,1,Транспортная,1.539,27.02015153823365
real_estate_agent,Дзержинский,2.0,16.0,14.5,10.8,2.0,Адриена Лежена,67.5,Золотая Нива,0,18,55.045068,82.983159,0.97,4.326578122316432,1,Комфортная,0.97,23.496027936000228
real_estate_agent,Центральный,1.0,10.0,9.1,10.8,2.0,Мичурина,75.2,Красный проспект,0,33,55.045718,82.922334,0.555,1.7336381095661373,1,Комфортная,0.555,25.00891591920479
real_estate_agent,Заельцовский,7.0,26.0,14.0,10.75,2.0,Северная,61.0,Заельцовская,0,11,55.071077,82.910809,1.348,4.590351374243096,1,Комфортная,1.348,27.870204699165367
real_estate_agent,Дзержинский,8.0,17.0,12.0,10.75,2.0,Адриена Лежена,68.7,Золотая Нива,0,16,55.04239,82.972487,0.579,3.584503531651324,1,Комфортная,0.579,23.429414856626234
real_estate_agent,Советский,4.0,17.0,14.0,10.9,2.0,Шатурская,57.8,Площадь Маркса,0,21,54.871564,83.082081,17.108,20.434321031990557,0,Удалённая,0.0,3.2032008348842513
real_estate_agent,Калининский,9.0,23.0,12.7,10.99,2.0,Ипподромская,65.5,Заельцовская,0,11,55.060477,82.938333,1.647,3.5581605916500347,1,Транспортная,1.647,26.08630466503818
real_estate_agent,Железнодорожный,3.0,25.0,11.8,10.95,2.0,Железнодорожная,56.21,Гагаринская,0,3,55.046465,82.906317,0.732,2.0234654986688483,1,Комфортная,0.732,25.547480998407377
real_estate_agent,Ленинский,8.0,15.0,11.5,10.95,2.0,Серафимовича,69.3,Площадь Маркса,0,16,54.976638,82.879188,1.255,6.507314030516814,1,Комфортная,1.255,20.188015675225078
real_estate_agent,Ленинский,2.0,16.0,15.0,10.9,2.0,Забалуева,76.5,Площадь Маркса,0,6,54.990442,82.836608,3.908,6.933950654771289,1,Автомобильная,3.908,23.182335678641262
realtor,Дзержинский,9.0,26.0,14.0,10.9,2.0,Бориса Богаткова,59.0,Золотая Нива,0,10,55.038877,82.9835,0.526,4.133794569990115,1,Комфортная,0.526,22.834033058271487
real_estate_agent,Калининский,14.0,17.0,15.8,11.0,2.0,Танковая,68.0,Заельцовская,0,6,55.05976,82.925505,0.826,3.306620790134739,1,Комфортная,0.826,26.336746586335153
real_estate_agent,Центральный,6.0,18.0,14.3,11.0,2.0,Трудовая,42.9,Площадь Ленина,0,7,55.033362,82.93465,0.974,0.9730920788238022,1,Комфортная,0.974,23.430108857601493
real_estate_agent,Дзержинский,15.0,17.0,11.0,11.0,2.0,Красина,59.5,Березовая Роща,0,17,55.042973,82.963315,0.728,3.081175277442676,1,Комфортная,0.728,23.690716771473618
real_estate_agent,Октябрьский,9.0,10.0,9.7,11.0,2.0,Сакко и Ванцетти,56.3,Октябрьская,0,19,55.014742,82.938755,0.452,2.0747605557096858,1,Пешеходная,0.452,21.4628653968052
real_estate_agent,Заельцовский,24.0,24.0,5.0,11.0,2.0,Тимирязева,98.2,Заельцовская,0,8,55.055749,82.889213,1.533,3.4713101961118054,1,Транспортная,1.533,26.975325228871483
real_estate_agent,Заельцовский,21.0,25.0,7.0,11.0,3.0,Кавалерийская,64.0,Заельцовская,0,8,55.058244,82.927571,0.957,3.155158021567801,1,Комфортная,0.957,26.129107527427703
real_estate_agent,Центральный,3.0,6.0,19.0,11.7,2.0,Крылова,62.0,Маршала Покрышкина,0,25,55.042468,82.940902,0.488,1.890033027427332,1,Пешеходная,0.488,24.181158926902484
real_estate_agent,Дзержинский,16.0,25.0,13.0,11.0,3.0,Гоголя,63.5,Березовая Роща,0,3,55.049472,82.967214,1.193,3.673172790432683,1,Комфортная,1.193,24.283840933541246
real_estate_agent,Заельцовский,9.0,26.0,11.5,8.85,2.0,Северная,64.14,Заельцовская,0,11,55.071077,82.910809,1.348,4.590351374243096,1,Комфортная,1.348,27.870204699165367
homeowner,Центральный,12.0,24.0,4.0,9.945,2.0,Семьи Шамшиных,45.0,Маршала Покрышкина,0,6,55.041916,82.929053,0.443,1.417334115459684,1,Пешеходная,0.443,24.441799589941304
real_estate_agent,Дзержинский,6.0,10.0,19.0,11.85,3.0,Красина,60.0,Березовая Роща,0,9,55.047502,82.961402,0.765,3.244945673820084,1,Комфортная,0.765,24.20497101753065
real_estate_agent,Ленинский,4.0,9.0,7.5,5.05,2.0,Киевская,45.7,Площадь Маркса,0,6,54.991093,82.840156,3.707,6.713998134016711,1,Автомобильная,3.707,23.073228132650495
real_estate_agent,Советский,1.0,5.0,6.0,3.55,2.0,Динамовцев,44.4,Площадь Маркса,0,58,54.862409,82.980159,14.37,19.03956738742857,0,Удалённая,0.0,7.587563912123469
real_estate_agent,Кировский,8.0,9.0,6.9,3.9,2.0,Петухова,45.9,Площадь Маркса,0,51,54.935353,82.93103,5.674,10.564261545424246,0,Автомобильная,0.0,14.589551591291428
real_estate_agent,Первомайский,7.0,9.0,9.16,3.933,2.0,Маяковского,45.8,Золотая Нива,0,14,54.973202,83.084884,9.984,12.252121677425633,0,Удалённая,0.0,14.423121597122648
real_estate_agent,Дзержинский,2.0,5.0,7.0,6.429,2.0,Авиастроителей,52.1,Березовая Роща,0,3,55.070443,82.968921,3.207,5.440337372958682,1,Автомобильная,3.207,26.459707489493944
real_estate_agent,Заельцовский,4.0,13.0,10.0,5.5,2.0,Лобачевского,46.0,Заельцовская,0,10,55.121026,82.901646,6.932,10.173842480128805,1,Автомобильная,6.932,33.20263770775613
real_estate_agent,Октябрьский,10.0,10.0,5.0,5.85,2.0,Плющихинская,58.0,Золотая Нива,0,4,55.011366,83.006291,3.503,5.858509538735904,1,Автомобильная,3.503,19.480146079480427
real_estate_agent,Заельцовский,15.0,19.0,14.0,5.745,2.0,Дуси Ковальчук,66.0,Гагаринская,0,11,55.053046,82.897792,1.109,2.92482858498757,1,Комфортная,1.109,26.44906834190392
realtor,Советский,2.0,4.0,9.0,14.75,2.0,Терешковой,57.0,Площадь Маркса,0,63,54.83924,83.113001,21.097,24.536405342121064,0,Удалённая,0.0,1.3037366804947796
real_estate_agent,Заельцовский,9.0,10.0,8.3,6.5,2.0,Кубовая,43.6,Заельцовская,0,9,55.123806,82.904071,7.227,10.464385888535594,1,Удалённая,7.227,33.43345801385598
real_estate_agent,Советский,1.0,6.0,18.0,4.0,2.0,Ивлева,75.4,Площадь Маркса,0,3,54.864953,82.993867,14.464,18.95982266289692,0,Удалённая,0.0,6.841182522939042
real_estate_agent,Ленинский,2.0,9.0,6.0,4.15,2.0,Широкая,37.0,Площадь Маркса,0,51,54.993469,82.859847,2.631,5.619047799566438,1,Транспортная,2.631,22.4016053496309
real_estate_agent,Октябрьский,10.0,18.0,9.0,5.0,2.0,Большевистская,56.0,Речной вокзал,0,1,54.99256,82.977895,3.168,5.559404724898926,1,Автомобильная,3.168,18.15229982940267
real_estate_agent,Кировский,1.0,10.0,10.0,3.9,2.0,Сибиряков-Гвардейцев,49.6,Площадь Маркса,0,16,54.933015,82.893408,5.483,10.939384930990991,0,Автомобильная,0.0,16.235855532214185
developer,Центральный,4.0,14.0,14.4,18.721511,3.0,Чаплыгина,64.3,Площадь Ленина,0,5,55.025581,82.920564,0.514,0.5097828239156532,1,Комфортная,0.514,23.07309107248615
real_estate_agent,Октябрьский,4.0,10.0,8.8,9.9,3.0,Толстого,64.7,Октябрьская,0,36,55.021865,82.940741,0.355,1.5895600359975213,1,Пешеходная,0.355,22.111252854726548
developer,Заельцовский,9.0,9.0,19.8,13.52,3.0,Аэропорт,92.23,Заельцовская,0,1,55.080158,82.901799,2.451,5.684286936281938,1,Транспортная,2.451,29.02775942183817
realtor,Дзержинский,22.0,25.0,22.0,11.2,3.0,Королева,71.0,Березовая Роща,0,3,55.051773,82.97016,1.497,3.976154644970644,1,Комфортная,1.497,24.463590422842444
real_estate_agent,Заельцовский,9.0,9.0,12.7,8.2,3.0,Дачная,60.4,Заельцовская,0,50,55.06023,82.905949,0.445,3.4681318720050998,1,Пешеходная,0.445,26.918104047353633
real_estate_agent,Калининский,3.0,9.0,8.5,6.39,3.0,Народная,64.1,Заельцовская,0,51,55.076551,82.962219,3.713,5.8040027913130166,1,Автомобильная,3.713,27.23696784236881
real_estate_agent,Ленинский,4.0,5.0,7.0,4.6,3.0,Пархоменко,59.0,Площадь Маркса,0,47,54.987828,82.853316,2.804,6.362339118207441,1,Транспортная,2.804,22.22665050034641
real_estate_agent,Железнодорожный,3.0,6.0,7.0,10.0,3.0,Ленина,65.4,Площадь Ленина,0,93,55.029312,82.910422,0.644,0.6452169597360139,1,Комфортная,0.644,23.750824811150395
developer,Заельцовский,16.0,21.0,8.2,17.9,3.0,Красный проспект,70.8,Заельцовская,0,3,55.068144,82.911878,1.018,4.258113020479213,1,Комфортная,1.018,27.54583690589678
real_estate_agent,Заельцовский,5.0,25.0,28.4,10.7,3.0,Залесского,85.2,Заельцовская,0,14,55.067865,82.931164,1.539,4.247385588933179,1,Транспортная,1.539,27.02015153823365
real_estate_agent,Калининский,8.0,9.0,7.0,7.2,3.0,Кропоткина,60.2,Маршала Покрышкина,0,40,55.056543,82.941711,1.412,3.231138583350584,1,Комфортная,1.412,25.5998677248856
developer,Октябрьский,4.0,12.0,10.658,9.69,3.0,Кошурникова,53.29,Золотая Нива,0,1,55.039997,82.966774,0.627,3.1486892845804637,1,Комфортная,0.627,23.3034375427293
developer,Кировский,25.0,26.0,20.0,10.46,3.0,Аникина,73.05,Студенческая,0,1,54.965574,82.945088,3.571,7.352291025391459,0,Автомобильная,0.0,16.57419367825262
real_estate_agent,Заельцовский,20.0,26.0,7.0,14.3,3.0,Сухарная,70.0,Площадь Гарина-Михайловского,0,6,55.046692,82.857781,2.945,4.39489702933278,1,Транспортная,2.945,27.16195454301146
developer,Ленинский,5.0,9.0,15.798,13.7,3.0,Костычева,78.99,Площадь Маркса,0,1,54.975372,82.87776,1.406,6.672955457923809,1,Комфортная,1.406,20.147781933730414
realtor,Дзержинский,1.0,25.0,16.0,10.2,3.0,Гоголя,58.5,Березовая Роща,0,6,55.04987,82.968166,1.268,3.7482447345663217,1,Комфортная,1.268,24.305365538078952
real_estate_agent,Железнодорожный,5.0,5.0,6.0,4.7,3.0,Спартака,59.0,Октябрьская,0,61,55.01834,82.919657,1.247,1.315817205404998,1,Комфортная,1.247,22.39957031351656
developer,Заельцовский,17.0,20.0,4.1,19.05,3.0,Дуси Ковальчук,98.0,Заельцовская,0,1,55.057193,82.906865,0.417,3.127270329890379,1,Пешеходная,0.417,26.59018735446785
real_estate_agent,Калининский,4.0,5.0,8.6,8.2,3.0,Народная,72.6,Заельцовская,0,3,55.071664,82.948996,2.712,4.960134372497956,1,Транспортная,2.712,26.99878173432257
real_estate_agent,Центральный,4.0,5.0,6.2,6.49,3.0,Достоевского,57.1,Красный проспект,0,63,55.045573,82.919235,0.457,1.7149996363696918,1,Пешеходная,0.457,25.081935393545226
developer,Заельцовский,12.0,25.0,5.6,12.66976,3.0,Дачная,59.5,Заельцовская,0,2,55.054594,82.906757,0.615,2.852762085677449,1,Комфортная,0.615,26.335684386395986
real_estate_agent,Калининский,4.0,17.0,16.3,9.2,3.0,Имени генерал-майора А.Н. Рожкина,85.2,Заельцовская,0,2,55.111459,82.925667,5.892,9.04561326239051,1,Автомобильная,5.892,31.66461995357834
real_estate_agent,Центральный,9.0,9.0,8.0,8.3,3.0,Крылова,60.0,Маршала Покрышкина,0,54,55.042932,82.938459,0.329,1.825991799013259,1,Пешеходная,0.329,24.291759239583115
developer,Заельцовский,22.0,23.0,6.1,9.9,3.0,Ляпидевского,65.7,Заельцовская,0,2,55.080926,82.923116,2.528,5.64694599228574,1,Транспортная,2.528,28.55779722556281
realtor,Октябрьский,3.0,10.0,10.6,5.7,3.0,В. Высоцкого,53.0,Золотая Нива,0,4,55.02781,83.024032,3.269,6.607643009538337,1,Автомобильная,3.269,20.966562648329635
real_estate_agent,Ленинский,4.0,17.0,18.0,9.99,3.0,Новосибирская,72.0,Площадь Маркса,0,6,54.987653,82.84419,3.371,6.7810558135887264,1,Автомобильная,3.371,22.620641459135385
real_estate_agent,Ленинский,1.0,10.0,9.0,7.85,3.0,Забалуева,68.6,Площадь Маркса,0,36,54.990344,82.835377,3.982,7.00152653881468,1,Автомобильная,3.982,23.230608757830893
real_estate_agent,Калининский,9.0,10.0,9.0,7.1,3.0,Кропоткина,60.0,Березовая Роща,0,39,55.058605,82.947604,1.724,3.605055371788585,1,Транспортная,1.724,25.672494129156924
real_estate_agent,Октябрьский,8.0,29.0,23.0,8.8,3.0,Вилюйская,64.5,Речной вокзал,0,12,55.001416,83.006102,4.449,6.328300897746612,1,Автомобильная,4.449,18.427286415981794
real_estate_agent,Советский,7.0,9.0,10.0,7.1,3.0,Русская,64.0,Площадь Маркса,0,50,54.845871,83.046921,17.97,22.027780916776603,0,Удалённая,0.0,3.0311906107401936
developer,Заельцовский,21.0,23.0,17.12,16.331466,3.0,Дуси Ковальчук,85.6,Заельцовская,0,4,55.054006,82.90285,0.833,2.8780497587790106,1,Комфортная,0.833,26.392022482383226
real_estate_agent,Центральный,2.0,6.0,6.5,8.6,3.0,Фрунзе,63.0,Сибирская,0,70,55.036055,82.915588,0.595,0.7241481498250646,1,Комфортная,0.595,24.248164279940163
real_estate_agent,Ленинский,5.0,5.0,6.0,6.2,3.0,Титова,55.0,Площадь Маркса,0,64,54.982037,82.878254,1.145,5.989583456906161,1,Комфортная,1.145,20.67115329538429
realtor,Кировский,9.0,15.0,17.0,5.25,3.0,Николая Сотникова,73.0,Площадь Маркса,0,5,54.943204,82.978074,6.798,10.345246242216964,0,Автомобильная,0.0,13.331048591581203
real_estate_agent,Центральный,7.0,9.0,7.0,8.5,3.0,Ольги Жилиной,61.0,Маршала Покрышкина,0,53,55.039151,82.934362,0.606,1.3363768071575224,1,Комфортная,0.606,24.018942426393235
real_estate_agent,Калининский,2.0,5.0,6.0,7.65,3.0,Народная,55.5,Заельцовская,0,67,55.066736,82.942995,2.118,4.312957939425876,1,Транспортная,2.118,26.62140597775217
real_estate_agent,Советский,2.0,6.0,15.0,7.35,3.0,Ивлева,83.5,Площадь Маркса,0,3,54.864953,82.993867,14.464,18.95982266289692,0,Удалённая,0.0,6.841182522939042
real_estate_agent,Дзержинский,16.0,25.0,18.7,9.99,3.0,Гоголя,69.27,Золотая Нива,0,2,55.050457,82.97202,1.459,3.9866423570498135,1,Комфортная,1.459,24.286825540287587
real_estate_agent,Заельцовский,2.0,28.0,12.91,11.89,3.0,Сухарная,64.55,Площадь Гарина-Михайловского,0,1,55.046373,82.855886,3.041,4.490523798660787,1,Автомобильная,3.041,27.200011743723838
realtor,Октябрьский,7.0,7.0,16.2,16.9,3.0,Владимира Заровного,81.0,Речной вокзал,0,4,54.99037,82.967627,2.841,5.351150266646414,1,Транспортная,2.841,18.212063128223793
real_estate_agent,Кировский,5.0,26.0,13.912,9.43,3.0,Аникина,69.56,Студенческая,0,1,54.965574,82.945088,3.571,7.352291025391459,0,Автомобильная,0.0,16.57419367825262
realtor,Дзержинский,3.0,5.0,12.0,6.8,3.0,Театральная,78.0,Березовая Роща,0,70,55.070778,82.974311,3.372,5.671935387691082,1,Автомобильная,3.372,26.39344243819294
real_estate_agent,Кировский,11.0,22.0,15.0,13.0,3.0,Тульская,72.5,Студенческая,0,4,54.978813,82.918381,1.352,5.7115855318060085,0,Комфортная,0.0,18.767181957696927
real_estate_agent,Заельцовский,7.0,17.0,25.0,12.8,3.0,Дуси Ковальчук,90.2,Заельцовская,0,22,55.057394,82.906092,0.451,3.162631838296526,1,Пешеходная,0.451,26.632354383353434
real_estate_agent,Ленинский,2.0,2.0,10.0,2.8,3.0,Хилокская,50.5,Площадь Маркса,0,6,54.951519,82.83588,5.152,10.274825946463883,1,Автомобильная,5.152,20.41109578323801
real_estate_agent,Октябрьский,7.0,14.0,29.4,15.5,3.0,Кирова,74.7,Октябрьская,0,20,55.018056,82.93924,0.083,1.802646950949223,1,Пешеходная,0.083,21.775981056411254
real_estate_agent,Советский,6.0,6.0,12.0,5.0,3.0,Ивлева,82.0,Площадь Маркса,0,3,54.864953,82.993867,14.464,18.95982266289692,0,Удалённая,0.0,6.841182522939042
real_estate_agent,Ленинский,2.0,16.0,13.644,7.0,3.0,Зорге,68.22,Площадь Маркса,0,22,54.92808,82.924598,6.296,11.35444058673209,1,Автомобильная,6.296,14.344952122118581
real_estate_agent,Калининский,8.0,10.0,13.0,9.7,3.0,Народная,80.0,Заельцовская,0,27,55.07253,82.95453,3.065,5.187255461327337,1,Автомобильная,3.065,26.970428875282053
real_estate_agent,Ленинский,1.0,9.0,8.0,5.2,3.0,Широкая,60.8,Площадь Маркса,0,48,54.992983,82.846157,3.406,6.286804572062942,1,Автомобильная,3.406,22.956434144133812
developer,Октябрьский,25.0,25.0,21.9,8.65,3.0,Ленинградская,57.73,Речной вокзал,0,1,55.011185,82.963136,1.635,3.444290843570368,1,Транспортная,1.635,20.427155475247062
real_estate_agent,Калининский,6.0,13.0,19.0,7.7,3.0,Красный проспект,60.4,Заельцовская,0,2,55.062906,82.91177,0.438,3.682252816070087,1,Пешеходная,0.438,27.02231926869687
real_estate_agent,Калининский,1.0,5.0,6.0,7.0,3.0,Народная,56.1,Заельцовская,0,67,55.066736,82.942995,2.118,4.312957939425876,1,Транспортная,2.118,26.62140597775217
real_estate_agent,Октябрьский,13.0,20.0,14.418,11.71,3.0,Ленинградская,72.09,Речной вокзал,0,2,55.001819,82.983518,3.038,5.10966302296737,1,Автомобильная,3.038,18.95922571787914
developer,Заельцовский,18.0,19.0,5.4,17.6,3.0,Красный проспект,69.6,Заельцовская,0,3,55.068144,82.911878,1.018,4.258113020479213,1,Комфортная,1.018,27.54583690589678
realtor,Дзержинский,3.0,18.0,4.2,13.5,3.0,Фрунзе,68.31,Золотая Нива,0,5,55.041746,82.967726,0.689,3.277017942253626,1,Комфортная,0.689,23.46474227043795
developer,Заельцовский,9.0,9.0,25.7,16.64,3.0,Аэропорт,90.15,Заельцовская,0,1,55.080158,82.901799,2.451,5.684286936281938,1,Транспортная,2.451,29.02775942183817
real_estate_agent,Кировский,4.0,11.0,11.0,13.3,3.0,Сибиряков-Гвардейцев,100.0,Площадь Маркса,0,29,54.974354,82.899193,0.904,6.35205587401562,0,Комфортная,0.0,19.147242736460036
real_estate_agent,Калининский,11.0,17.0,11.1,8.89,3.0,Гребенщикова,77.0,Заельцовская,0,19,55.113241,82.94304,6.335,9.349050534181512,1,Автомобильная,6.335,31.494185360310492
developer,Заельцовский,18.0,29.0,6.2,11.682353,3.0,Сухарная,49.31,Площадь Гарина-Михайловского,0,1,55.046373,82.855886,3.041,4.490523798660787,1,Автомобильная,3.041,27.200011743723838
real_estate_agent,Калининский,4.0,9.0,9.0,5.3,3.0,Фадеева,64.7,Заельцовская,0,3,55.092844,82.937174,4.075,7.050621646622933,1,Автомобильная,4.075,29.469161424177944
real_estate_agent,Дзержинский,1.0,2.0,13.1,5.25,3.0,Королева,79.5,Золотая Нива,0,71,55.049029,82.971921,1.303,3.8937039294874505,1,Комфортная,1.303,24.138584635956565
developer,Заельцовский,7.0,20.0,8.9,16.55,3.0,Дуси Ковальчук,84.7,Заельцовская,0,1,55.057193,82.906865,0.417,3.127270329890379,1,Пешеходная,0.417,26.59018735446785
real_estate_agent,Октябрьский,5.0,10.0,9.0,10.3,3.0,Толстого,65.1,Октябрьская,0,36,55.021865,82.940741,0.355,1.5895600359975213,1,Пешеходная,0.355,22.111252854726548
developer,Заельцовский,19.0,25.0,5.3,13.01225,3.0,Дачная,59.2,Заельцовская,0,2,55.054594,82.906757,0.615,2.852762085677449,1,Комфортная,0.615,26.335684386395986
real_estate_agent,Железнодорожный,1.0,9.0,8.4,8.2,3.0,Сибирская,68.0,Площадь Гарина-Михайловского,0,45,55.037417,82.909434,0.666,1.0685519684102145,1,Комфортная,0.666,24.568114001937882
real_estate_agent,Кировский,3.0,5.0,5.4,4.8,3.0,Зорге,60.7,Площадь Маркса,0,59,54.935633,82.92493,5.504,10.515389136567116,0,Автомобильная,0.0,14.892274283964355
developer,Заельцовский,6.0,11.0,10.9,18.7,3.0,Дачное шоссе,69.49,Заельцовская,0,2,55.084394,82.807044,7.289,9.408152473662597,1,Удалённая,7.289,32.445155851863376
real_estate_agent,Дзержинский,1.0,10.0,13.6,12.6,3.0,Королева,68.5,Золотая Нива,0,11,55.047734,82.971472,1.168,3.793552267575925,1,Комфортная,1.168,24.011741456027337
real_estate_agent,Октябрьский,6.0,10.0,13.0,5.9,3.0,Плющихинская,88.0,Золотая Нива,0,3,55.014277,83.004009,3.154,5.612530857641538,1,Автомобильная,3.154,19.832106141241226
real_estate_agent,Центральный,5.0,12.0,37.4,13.2,3.0,Серебренниковская,96.4,Октябрьская,0,21,55.017746,82.930086,0.593,1.5117249571784055,1,Комфортная,0.593,22.017550291658896
realtor,Советский,9.0,9.0,8.8,6.2,3.0,Русская,63.7,Площадь Маркса,0,49,54.846586,83.047029,17.907,21.95635036877612,0,Удалённая,0.0,3.0319471842080916
developer,Заельцовский,5.0,25.0,8.8,16.39792,3.0,Дачная,88.3,Заельцовская,0,2,55.054594,82.906757,0.615,2.852762085677449,1,Комфортная,0.615,26.335684386395986
real_estate_agent,Октябрьский,9.0,25.0,20.2,14.7,3.0,Сибревкома,61.8,Октябрьская,0,8,55.020998,82.932979,0.466,1.295441608416492,1,Пешеходная,0.466,22.249936965418435
real_estate_agent,Калининский,2.0,2.0,6.0,6.99,3.0,Богдана Хмельницкого,51.1,Заельцовская,0,69,55.07905,82.961033,3.805,6.019417094254276,1,Автомобильная,3.805,27.52456158293629
real_estate_agent,Калининский,4.0,10.0,10.0,7.2,3.0,Тюленина,74.0,Заельцовская,0,26,55.105408,82.953119,5.769,8.621545525539853,1,Автомобильная,5.769,30.470360936943127
developer,Ленинский,17.0,17.0,32.300000000000004,8.7,3.0,Рельефная,81.4,Площадь Маркса,0,2,54.975083,82.811994,5.433,9.238103600075624,1,Автомобильная,5.433,23.21507415130929
real_estate_agent,Кировский,7.0,10.0,7.0,5.8,3.0,Герцена,53.5,Спортивная,0,37,54.958007,82.968328,5.115,8.58550449354718,0,Автомобильная,0.0,15.049919314916504
real_estate_agent,Октябрьский,1.0,5.0,7.4,5.8,3.0,Лобова,57.7,Речной вокзал,0,4,55.005015,82.984875,3.046,4.96957634814598,1,Автомобильная,3.046,19.25775531623101
developer,Заельцовский,28.0,29.0,6.2,13.847059,3.0,Сухарная,51.28,Площадь Гарина-Михайловского,0,1,55.046373,82.855886,3.041,4.490523798660787,1,Автомобильная,3.041,27.200011743723838
real_estate_agent,Октябрьский,2.0,16.0,12.2,8.5,3.0,Кирова,60.4,Речной вокзал,0,30,55.012625,82.952392,1.007,2.8201742645333567,1,Комфортная,1.007,20.861898741123944
developer,Заельцовский,8.0,19.0,5.4,15.6,3.0,Красный проспект,68.1,Заельцовская,0,3,55.068144,82.911878,1.018,4.258113020479213,1,Комфортная,1.018,27.54583690589678
real_estate_agent,Заельцовский,1.0,5.0,6.1,6.696,3.0,Дуси Ковальчук,55.8,Заельцовская,0,39,55.058605,82.915534,0.192,3.1777665990172967,1,Пешеходная,0.192,26.48745032748495
developer,Железнодорожный,21.0,24.0,41.2,16.3,3.0,Прибрежная,91.0,Площадь Гарина-Михайловского,0,2,55.030519,82.889321,0.851,1.983366535184058,1,Комфортная,0.851,24.55820665848956
real_estate_agent,Октябрьский,6.0,17.0,22.8,11.8,3.0,Кирова,77.5,Речной вокзал,0,7,55.004499,82.977697,2.606,4.633655360098221,1,Транспортная,2.606,19.375713146107994
real_estate_agent,Заельцовский,4.0,19.0,14.0,7.0,3.0,Дуси Ковальчук,89.89,Гагаринская,0,1,55.053046,82.897792,1.109,2.92482858498757,1,Комфортная,1.109,26.44906834190392
real_estate_agent,Ленинский,6.0,12.0,13.3,7.8,3.0,Титова,73.0,Площадь Маркса,0,10,54.980508,82.791,6.716,9.930733365094964,1,Автомобильная,6.716,24.63925316937955
developer,Ленинский,2.0,14.0,17.540000000000003,7.3,3.0,площадь Карла Маркса,87.7,Площадь Маркса,0,1,54.983024,82.893202,0.208,5.522037183566433,1,Пешеходная,0.208,20.13041113539444
real_estate_agent,Железнодорожный,1.0,9.0,7.6,7.25,3.0,Сибирская,63.4,Красный проспект,0,11,55.037288,82.910252,0.661,1.0239633237031924,1,Комфортная,0.661,24.53048666830777
developer,Заельцовский,23.0,23.0,4.9,10.0,3.0,Ляпидевского,58.7,Заельцовская,0,2,55.080926,82.923116,2.528,5.64694599228574,1,Транспортная,2.528,28.55779722556281
real_estate_agent,Железнодорожный,3.0,10.0,8.0,9.5,3.0,Октябрьская,57.6,Площадь Ленина,0,33,55.023501,82.91309,0.879,0.8765283179159424,1,Комфортная,0.879,23.105881253383444
real_estate_agent,Ленинский,17.0,17.0,25.0,11.45,3.0,Междуреченская,81.0,Площадь Гарина-Михайловского,0,6,55.023248,82.85912,2.912,3.983023261850159,1,Транспортная,2.912,24.987697702108893
real_estate_agent,Ленинский,1.0,5.0,6.1,5.099,3.0,Блюхера,55.7,Студенческая,0,6,54.99147,82.904026,0.327,4.428083413791703,1,Пешеходная,0.327,20.442987036983386
developer,Заельцовский,2.0,29.0,5.3,13.988235,3.0,Сухарная,64.55,Площадь Гарина-Михайловского,0,1,55.046373,82.855886,3.041,4.490523798660787,1,Автомобильная,3.041,27.200011743723838
realtor,Заельцовский,9.0,29.0,21.0,10.0,3.0,Сухарная,89.0,Площадь Гарина-Михайловского,0,3,55.046306,82.859919,2.804,4.253257432908996,1,Транспортная,2.804,27.050585955870968
real_estate_agent,Заельцовский,1.0,9.0,7.0,5.999999,3.0,Кропоткина,60.0,Гагаринская,0,45,55.053021,82.928838,0.925,2.59723637782945,1,Комфортная,0.925,25.56648212893923
real_estate_agent,Центральный,10.0,18.0,11.1,17.59,3.0,Некрасова,89.0,Красный проспект,0,17,55.045692,82.923601,0.603,1.73826183574903,1,Комфортная,0.603,24.970926791015184
real_estate_agent,Ленинский,6.0,9.0,6.9,4.78,3.0,Невельского,60.0,Площадь Маркса,0,51,54.992182,82.806586,5.822,8.398449210276574,1,Автомобильная,5.822,24.710195787046704
real_estate_agent,Октябрьский,9.0,9.0,13.0,9.99,3.0,В. Высоцкого,68.6,Золотая Нива,0,19,55.032371,83.019002,2.824,6.286306839317757,1,Транспортная,2.824,21.531548633608363
real_estate_agent,Калининский,3.0,11.0,13.4,8.2,3.0,Гребенщикова,73.8,Заельцовская,0,15,55.109719,82.937282,5.854,8.910784788823307,1,Автомобильная,5.854,31.237485701801756
real_estate_agent,Кировский,2.0,10.0,14.1,5.75,3.0,Сибиряков-Гвардейцев,77.1,Площадь Маркса,0,16,54.933015,82.893408,5.483,10.939384930990991,0,Автомобильная,0.0,16.235855532214185
real_estate_agent,Калининский,15.0,17.0,11.0,8.2,3.0,Тайгинская,80.6,Заельцовская,0,3,55.113117,82.978119,7.321,9.928021281956193,1,Удалённая,7.321,30.869275320320725
real_estate_agent,Дзержинский,3.0,10.0,7.1,8.0,3.0,Авиастроителей,60.6,Березовая Роща,0,3,55.068974,82.966639,3.005,5.223444613449575,1,Автомобильная,3.005,26.34871922182914
real_estate_agent,Заельцовский,6.0,9.0,7.0,6.35,3.0,Линейная,58.7,Гагаринская,0,48,55.049318,82.903514,0.74,2.3870896748050185,1,Комфортная,0.74,25.911427192798932
real_estate_agent,Заельцовский,3.0,7.0,10.0,19.5,3.0,Кедровая,89.0,Заельцовская,0,3,55.106479,82.907521,5.289,8.525478491853153,1,Автомобильная,5.289,31.56294549734884
real_estate_agent,Центральный,3.0,5.0,8.0,10.0,3.0,Серебренниковская,73.1,Октябрьская,0,18,55.017725,82.928119,0.716,1.4673947514408223,1,Комфортная,0.716,22.075589010906743
developer,Ленинский,6.0,14.0,21.0,13.203,3.0,Забалуева,60.5,Площадь Маркса,0,2,54.98852,82.807619,5.694,8.555241682058933,1,Автомобильная,5.694,24.39084580517632
realtor,Октябрьский,8.0,9.0,8.5,5.65,3.0,Выборная,64.5,Золотая Нива,0,39,55.004984,83.018993,4.552,6.8787524171601175,1,Автомобильная,4.552,18.575759529069323
developer,Первомайский,4.0,14.0,18.8,10.2465,3.0,Звездная,86.85,Речной вокзал,0,1,54.952646,83.066864,10.374,12.710379261406594,0,Удалённая,0.0,12.249782651095776
real_estate_agent,Советский,1.0,4.0,8.7,14.85,3.0,проспект Морской,76.4,Площадь Маркса,0,63,54.834906,83.094766,20.73,24.40163991547933,0,Удалённая,0.0,0.9676689028040037
realtor,Октябрьский,21.0,28.0,18.4,15.4,3.0,Шевченко,64.0,Октябрьская,0,12,55.021297,82.938099,0.286,1.4965886201778695,1,Пешеходная,0.286,22.130179003116936
real_estate_agent,Октябрьский,3.0,10.0,11.2,12.99,3.0,Большевистская,80.5,Речной вокзал,0,12,54.991434,82.971517,2.932,5.399599815095508,1,Транспортная,2.932,18.209779877972487
developer,Ленинский,10.0,14.0,20.2,12.003,3.0,Забалуева,54.3,Площадь Маркса,0,2,54.98852,82.807619,5.694,8.555241682058933,1,Автомобильная,5.694,24.39084580517632
real_estate_agent,Заельцовский,4.0,6.0,19.08,19.6,3.0,Кедровая,95.4,Заельцовская,0,16,55.105068,82.904862,5.146,8.387655836774854,1,Автомобильная,5.146,31.482483564052206
real_estate_agent,Калининский,7.0,9.0,7.5,6.0,3.0,25 лет Октября,58.9,Березовая Роща,0,55,55.076566,82.965911,3.805,5.916976920799599,1,Автомобильная,3.805,27.16662138938898
realtor,Заельцовский,5.0,9.0,10.3,11.6,3.0,Плановая,70.0,Заельцовская,0,2,55.054924,82.893579,1.293,3.241489114374952,1,Комфортная,1.293,26.760679190965146
real_estate_agent,Октябрьский,2.0,29.0,15.0,13.9,3.0,Военная,76.4,Октябрьская,0,3,55.024868,82.949167,0.927,1.9235667432814256,1,Комфортная,0.927,22.1809027216313
developer,Октябрьский,4.0,10.0,13.26,9.356,3.0,Большевистская,66.3,Речной вокзал,0,1,54.99256,82.977895,3.168,5.559404724898926,1,Автомобильная,3.168,18.15229982940267
real_estate_agent,Заельцовский,8.0,10.0,14.0,15.5,3.0,Красный проспект,80.0,Заельцовская,0,3,55.069535,82.913504,1.173,4.399957325162727,1,Комфортная,1.173,27.642561550850488
developer,Ленинский,7.0,18.0,14.2,14.23755,3.0,Серафимовича,79.7,Площадь Маркса,0,1,54.979909,82.879547,1.095,6.166627238207052,1,Комфортная,1.095,20.440256330573085
real_estate_agent,Октябрьский,8.0,10.0,19.0,6.5,3.0,Плющихинская,87.0,Золотая Нива,0,4,55.011546,83.002167,3.346,5.606276391639656,1,Автомобильная,3.346,19.576751789571276
real_estate_agent,Заельцовский,3.0,16.0,5.1,4.09,3.0,Солидарности,47.9,Заельцовская,0,22,55.156106,82.954215,11.117,14.167986523249605,1,Удалённая,11.117,35.87609920070007
developer,Октябрьский,9.0,25.0,12.62,14.672,3.0,Военная,63.1,Октябрьская,0,3,55.024868,82.949167,0.927,1.9235667432814256,1,Комфортная,0.927,22.1809027216313
real_estate_agent,Железнодорожный,2.0,6.0,8.0,10.3,3.0,Вокзальная магистраль,78.3,Площадь Гарина-Михайловского,0,71,55.034471,82.899355,0.104,1.4262112430119684,1,Пешеходная,0.104,24.600662868044314
real_estate_agent,Ленинский,5.0,5.0,6.7,4.7,3.0,Немировича-Данченко,58.7,Площадь Маркса,0,62,54.970329,82.870564,2.109,7.374668007058807,1,Транспортная,2.109,20.069236079012583
developer,Заельцовский,5.0,16.0,7.7,13.8,3.0,Плановая,73.9,Заельцовская,0,2,55.056311,82.893947,1.225,3.361614562134192,1,Комфортная,1.225,26.884919719233853
developer,Заельцовский,15.0,29.0,29.89999999999999,14.0,3.0,Дуси Ковальчук,74.6,Площадь Гарина-Михайловского,0,1,55.046785,82.881901,1.695,3.0731266720364294,1,Транспортная,1.695,26.346019868246223
real_estate_agent,Дзержинский,10.0,25.0,20.7,11.582,3.0,Королева,76.1,Березовая Роща,0,2,55.051773,82.97016,1.497,3.976154644970644,1,Комфортная,1.497,24.463590422842444
realtor,Ленинский,5.0,5.0,6.0,3.899,3.0,Степная,42.0,Площадь Маркса,0,6,54.977568,82.864662,2.08,6.845173060716759,1,Транспортная,2.08,20.904414435488384
real_estate_agent,Октябрьский,10.0,10.0,12.0,10.7,3.0,Автогенная,80.4,Речной вокзал,0,13,55.008335,82.968463,1.965,3.9071474003498143,1,Транспортная,1.965,19.99956311405191
real_estate_agent,Октябрьский,1.0,6.0,20.0,11.975,3.0,Кирова,99.0,Речной вокзал,0,20,55.012238,82.952167,0.979,2.83987760787239,1,Комфортная,0.979,20.829412556684016
real_estate_agent,Ленинский,4.0,5.0,13.3,6.9,3.0,Ватутина,57.5,Площадь Маркса,0,65,54.98617,82.889447,0.609,5.276039643376868,1,Комфортная,0.609,20.55262434046045
real_estate_agent,Октябрьский,5.0,8.0,30.2,18.5,3.0,Владимира Заровного,79.8,Речной вокзал,0,6,54.989615,82.968561,2.944,5.454077052509413,1,Транспортная,2.944,18.110380151492766
developer,Октябрьский,7.0,20.0,16.9,10.1316,3.0,Ленинградская,85.43,Речной вокзал,0,1,55.011185,82.963136,1.635,3.444290843570368,1,Транспортная,1.635,20.427155475247062
real_estate_agent,Центральный,2.0,5.0,23.1,15.09,3.0,Советская,84.7,Площадь Ленина,0,18,55.025075,82.918157,0.588,0.5843234574220724,1,Комфортная,0.588,23.0982276372973
real_estate_agent,Ленинский,7.0,9.0,8.8,6.0,3.0,9-й Гвардейской Дивизии,65.2,Площадь Маркса,0,43,54.965734,82.850038,3.475,8.455168302542633,1,Автомобильная,3.475,20.68540387154641
real_estate_agent,Октябрьский,1.0,3.0,11.2,4.6,3.0,Тополевая,52.9,Октябрьская,0,4,55.03023,82.945331,1.33,1.5865940893500146,1,Комфортная,1.33,22.82474409140649
real_estate_agent,Ленинский,2.0,14.0,15.0,11.4,3.0,Серафимовича,84.0,Площадь Маркса,0,7,54.978085,82.879889,1.141,6.342102648010209,1,Комфортная,1.141,20.27575902938429
developer,Кировский,10.0,26.0,16.7,12.73,3.0,Аникина,98.42,Студенческая,0,1,54.964866,82.946382,3.685,7.447122803749258,0,Автомобильная,0.0,16.462285689012816
real_estate_agent,Заельцовский,12.0,18.0,10.0,10.2,3.0,Аэропорт,85.0,Заельцовская,0,3,55.080158,82.901799,2.451,5.684286936281938,1,Транспортная,2.451,29.02775942183817
real_estate_agent,Центральный,4.0,5.0,9.1,14.0,3.0,Красный проспект,71.8,Сибирская,0,87,55.039378,82.918687,0.208,1.0304836795942898,1,Пешеходная,0.208,24.483450414046015
real_estate_agent,Советский,2.0,6.0,14.0,13.5,3.0,Ивлева,98.4,Площадь Маркса,0,3,54.864953,82.993867,14.464,18.95982266289692,0,Удалённая,0.0,6.841182522939042
developer,Октябрьский,16.0,18.0,16.6,10.2572,3.0,Ленинградская,84.09,Речной вокзал,0,1,55.011185,82.963136,1.635,3.444290843570368,1,Транспортная,1.635,20.427155475247062
real_estate_agent,Октябрьский,3.0,5.0,5.9,6.3,3.0,Панфиловцев,56.5,Золотая Нива,0,66,55.026174,82.97626,1.26,3.5854563956873435,1,Комфортная,1.26,21.652057509343692
real_estate_agent,Кировский,2.0,9.0,7.9,5.65,3.0,Немировича-Данченко,59.0,Площадь Маркса,0,35,54.972551,82.903065,1.169,6.501470909552378,0,Комфортная,0.0,18.834218032675125
developer,Ленинский,11.0,18.0,5.0,11.8639,3.0,Серафимовича,54.2,Площадь Маркса,0,1,54.979909,82.879547,1.095,6.166627238207052,1,Комфортная,1.095,20.440256330573085
real_estate_agent,Октябрьский,7.0,10.0,11.5,8.0,3.0,Выборная,63.7,Золотая Нива,0,22,54.999707,83.010908,4.767,6.68884092687498,1,Автомобильная,4.767,18.154148304362348
realtor,Кировский,3.0,10.0,8.5,5.1,3.0,Николая Сотникова,58.4,Площадь Маркса,0,9,54.944218,82.972604,6.459,10.119840123810029,0,Автомобильная,0.0,13.621258266203297
developer,Дзержинский,18.0,25.0,45.52,13.77936,3.0,Королева,82.02,Березовая Роща,0,2,55.051773,82.97016,1.497,3.976154644970644,1,Комфортная,1.497,24.463590422842444
real_estate_agent,Ленинский,1.0,5.0,7.7,4.25,3.0,Пархоменко,59.8,Площадь Маркса,0,47,54.987864,82.855284,2.683,6.275608987640281,1,Транспортная,2.683,22.142645163339672
developer,Ленинский,4.0,23.0,13.068,8.7,3.0,Пермская,65.34,Площадь Маркса,0,2,54.978891,82.850631,2.932,7.233434727519275,1,Транспортная,2.932,21.64491200229369
real_estate_agent,Ленинский,7.0,18.0,14.0,8.4,3.0,Спортивная,79.2,Площадь Маркса,0,3,54.981505,82.781164,7.341,10.399698490338915,1,Удалённая,7.341,25.203695145381598
real_estate_agent,Ленинский,15.0,24.0,31.0,11.49,3.0,Стартовая,83.2,Студенческая,0,9,54.997802,82.902966,1.009,3.767033660586117,1,Комфортная,1.009,21.05212812970069
developer,Калининский,5.0,18.0,22.0,10.4,3.0,Игарская,84.83,Заельцовская,0,1,55.102931,82.937623,5.138,8.164880529642383,1,Автомобильная,5.138,30.516583986689163
real_estate_agent,Железнодорожный,7.0,29.0,13.6,17.5,3.0,Максима Горького,62.1,Площадь Ленина,0,3,55.025792,82.908239,0.917,0.9169210674084218,1,Комфортная,0.917,23.481776444956697
realtor,Железнодорожный,9.0,9.0,37.0,12.5,3.0,Сибирская,100.0,Площадь Гарина-Михайловского,0,10,55.037185,82.906398,0.476,1.1872584417683845,1,Пешеходная,0.476,24.63927768064909
developer,Заельцовский,4.0,28.0,14.980000000000002,13.253451,3.0,Сухарная,74.9,Площадь Гарина-Михайловского,0,2,55.047213,82.858868,2.909,4.356947060903408,1,Транспортная,2.909,27.17164052970939
real_estate_agent,Заельцовский,2.0,15.0,16.8,20.0,3.0,Красный проспект,84.0,Заельцовская,0,3,55.070468,82.911393,1.277,4.518357333427853,1,Комфортная,1.277,27.793127437690714
real_estate_agent,Советский,5.0,9.0,12.0,8.95,3.0,Демакова,64.0,Спортивная,0,41,54.864067,83.10948,18.909,22.06506591088865,0,Удалённая,0.0,2.4796378517210247
real_estate_agent,Советский,4.0,9.0,7.0,4.85,3.0,Приморская,61.0,Площадь Маркса,0,49,54.860596,82.989537,14.789,19.364789212646222,0,Удалённая,0.0,6.955146705551586
real_estate_agent,Октябрьский,6.0,10.0,11.0,7.8,3.0,Выборная,63.8,Золотая Нива,0,22,54.999707,83.010908,4.767,6.68884092687498,1,Автомобильная,4.767,18.154148304362348
realtor,Железнодорожный,3.0,22.0,17.0,9.6,3.0,Фабричная,60.4,Площадь Гарина-Михайловского,0,4,55.0267,82.89472,1.016,1.6836509306714826,1,Комфортная,1.016,24.015518110839942
real_estate_agent,Дзержинский,1.0,9.0,8.0,5.9,3.0,Есенина,59.0,Золотая Нива,0,48,55.047249,82.987651,1.328,4.685154031437629,1,Комфортная,1.328,23.643227872197826
developer,Дзержинский,8.0,22.0,11.924,9.6,3.0,Королева,59.62,Березовая Роща,0,1,55.050514,82.968489,1.327,3.8070616847637977,1,Комфортная,1.327,24.36613246098095
real_estate_agent,Железнодорожный,2.0,13.0,10.0,13.0,3.0,Вокзальная магистраль,80.0,Площадь Гарина-Михайловского,0,11,55.033125,82.905113,0.433,1.030488056873862,1,Пешеходная,0.433,24.286864456869047
real_estate_agent,Ленинский,5.0,6.0,7.8,8.9,3.0,Станиславского,83.3,Площадь Маркса,0,6,54.975165,82.872226,1.723,6.845073079135549,1,Транспортная,1.723,20.375701720785592
real_estate_agent,Ленинский,6.0,9.0,7.1,4.9,3.0,Невельского,57.2,Площадь Маркса,0,6,54.992467,82.813809,5.377,7.9870306172111585,1,Автомобильная,5.377,24.390338877961064
real_estate_agent,Октябрьский,8.0,17.0,10.0,6.63,3.0,Вилюйская,69.5,Речной вокзал,0,3,55.000848,83.004117,4.338,6.252142134002975,1,Автомобильная,4.338,18.406393643764765
developer,Кировский,22.0,25.0,12.3,8.9042,3.0,Бронная,72.99,Площадь Маркса,0,2,54.947972,82.966118,5.873,9.592851205190112,0,Автомобильная,0.0,14.200846518633085
real_estate_agent,Кировский,13.0,18.0,10.0,10.5,3.0,Костычева,70.6,Площадь Маркса,0,16,54.969626,82.876762,1.877,7.285172831398274,0,Транспортная,0.0,19.73357223978679
developer,Дзержинский,20.0,25.0,10.8,13.6233,3.0,Королева,84.8,Березовая Роща,0,1,55.050514,82.968489,1.327,3.8070616847637977,1,Комфортная,1.327,24.36613246098095
real_estate_agent,Октябрьский,7.0,10.0,8.0,6.79,3.0,Большевистская,59.2,Речной вокзал,0,31,54.996474,82.963621,2.183,4.649256339470294,1,Транспортная,2.183,18.933773322625775
realtor,Октябрьский,6.0,24.0,6.0,12.999999,3.0,Кирова,68.82,Речной вокзал,0,4,55.012507,82.956138,1.229,3.005762219075922,1,Комфортная,1.229,20.747270130763198
developer,Кировский,22.0,26.0,16.4,12.83,3.0,Аникина,97.95,Студенческая,0,1,54.965574,82.945088,3.571,7.352291025391459,0,Автомобильная,0.0,16.57419367825262
real_estate_agent,Железнодорожный,1.0,9.0,7.8,8.1,3.0,Ленина,62.0,Площадь Гарина-Михайловского,0,11,55.030824,82.903496,0.566,1.0820753213169172,1,Комфортная,0.566,24.117340257913565
real_estate_agent,Кировский,3.0,5.0,5.5,5.5,3.0,Немировича-Данченко,54.2,Площадь Маркса,0,60,54.972758,82.895223,1.063,6.5827825375221325,0,Комфортная,0.0,19.1802604363197
real_estate_agent,Заельцовский,1.0,10.0,17.0,17.9,3.0,Тимирязева,71.0,Заельцовская,0,7,55.05875,82.902373,0.652,3.3804072834206846,1,Комфортная,0.652,26.874293030798714
real_estate_agent,Октябрьский,1.0,16.0,19.0,9.8,3.0,2-я Обская,71.0,Речной вокзал,0,4,54.997936,82.951224,1.53,4.086076669186328,1,Транспортная,1.53,19.439074829936043
developer,Заельцовский,17.0,17.0,5.0,12.89,3.0,Аэропорт,89.4,Заельцовская,0,3,55.078519,82.913162,2.171,5.396643181669985,1,Транспортная,2.171,28.561817554532198
real_estate_agent,Советский,4.0,9.0,11.0,7.35,3.0,Печатников,72.0,Площадь Маркса,0,22,54.86114,82.972927,14.337,19.091352988550454,0,Удалённая,0.0,7.998122837023681
real_estate_agent,Заельцовский,2.0,5.0,6.0,10.0,3.0,Ельцовская,99.2,Площадь Гарина-Михайловского,0,27,55.045552,82.88368,1.518,2.900435311620646,1,Транспортная,1.518,26.17012250370245
real_estate_agent,Кировский,8.0,9.0,6.9,5.4,3.0,Саввы Кожевникова,62.4,Спортивная,0,47,54.957371,82.973161,5.361,8.765248012152579,0,Автомобильная,0.0,14.826750407089925
real_estate_agent,Октябрьский,8.0,25.0,25.0,13.2,3.0,Шевченко,65.0,Октябрьская,0,7,55.017328,82.932135,0.479,1.610458064294629,1,Пешеходная,0.479,21.914592923924626
real_estate_agent,Октябрьский,8.0,10.0,9.0,10.0,3.0,Белинского,65.0,Октябрьская,0,4,55.024198,82.9449,0.702,1.6945268494742296,1,Комфортная,0.702,22.228770015602187
real_estate_agent,Центральный,4.0,4.0,6.0,10.85,3.0,Советская,74.0,Площадь Ленина,0,86,55.032418,82.916109,0.368,0.3725620374912268,1,Пешеходная,0.368,23.87638863732342
realtor,Ленинский,6.0,17.0,12.0,6.59,3.0,Связистов,55.0,Площадь Маркса,0,3,54.961284,82.8373,4.426,9.315798925879871,1,Автомобильная,4.426,20.995143575918473
real_estate_agent,Ленинский,4.0,10.0,13.3,6.9,3.0,Хилокская,73.5,Площадь Маркса,0,12,54.955929,82.83738,4.764,9.808652396735962,1,Автомобильная,4.764,20.62606736224485
real_estate_agent,Дзержинский,3.0,23.0,10.0,11.2,3.0,Кошурникова,60.9,Золотая Нива,0,7,55.041431,82.970744,0.536,3.4417947013635697,1,Комфортная,0.536,23.36616893751864
real_estate_agent,Кировский,5.0,5.0,5.7,6.95,3.0,Ватутина,56.1,Площадь Маркса,0,9,54.980678,82.902311,0.43,5.622783689839936,0,Пешеходная,0.0,19.560387376185826
developer,Октябрьский,18.0,24.0,14.840000000000002,14.635,3.0,Шевченко,74.2,Октябрьская,0,1,55.01882,82.932395,0.434,1.4739220348078828,1,Пешеходная,0.434,22.053098393460086
developer,Октябрьский,22.0,23.0,7.6,10.2,3.0,Грибоедова,55.4,Золотая Нива,0,1,55.021648,82.976844,1.764,3.7179503515893786,1,Транспортная,1.764,21.167827218238447
developer,Октябрьский,3.0,12.0,11.626,10.49,3.0,Кошурникова,58.13,Золотая Нива,0,1,55.039997,82.966774,0.627,3.1486892845804637,1,Комфортная,0.627,23.3034375427293
real_estate_agent,Кировский,16.0,18.0,18.1,6.5,3.0,Александра Чистякова,53.1,Площадь Маркса,0,8,54.939884,82.968894,6.617,10.504102426216503,0,Автомобильная,0.0,13.369254237818371
real_estate_agent,Октябрьский,1.0,10.0,8.0,6.3,3.0,Лазурная,61.5,Золотая Нива,0,38,55.033507,83.016477,2.642,6.131787647050259,1,Транспортная,2.642,21.690993296295854
real_estate_agent,Ленинский,1.0,5.0,7.2,7.5,3.0,Пархоменко,52.3,Площадь Маркса,0,78,54.988303,82.877409,1.372,5.403218822822753,1,Комфортная,1.372,21.22960317576267
developer,Ленинский,12.0,18.0,13.9,9.5095,3.0,Титова,74.61,Площадь Маркса,0,1,54.978105,82.804825,5.849,9.373792733875325,1,Автомобильная,5.849,23.782140430609328
real_estate_agent,Ленинский,6.0,17.0,15.5,6.3,3.0,Междуреченская,52.6,Площадь Гарина-Михайловского,0,4,55.021617,82.860099,2.947,3.961455671243465,1,Транспортная,2.947,24.805393894072605
real_estate_agent,Железнодорожный,8.0,10.0,19.1,15.0,3.0,Вокзальная магистраль,98.0,Площадь Гарина-Михайловского,0,34,55.033708,82.902868,0.281,1.1868666795063725,1,Пешеходная,0.281,24.414524166216886
real_estate_agent,Кировский,3.0,9.0,7.1,7.0,3.0,Петухова,60.4,Площадь Маркса,0,50,54.93885,82.927625,5.231,10.164119621529652,0,Автомобильная,0.0,15.017335325238811
real_estate_agent,Октябрьский,3.0,7.0,6.0,9.0,3.0,Выборная,62.7,Золотая Нива,0,15,55.005945,83.014519,4.297,6.574693476663397,1,Автомобильная,4.297,18.754481974314526
real_estate_agent,Ленинский,10.0,10.0,12.6,7.89,3.0,Связистов,87.9,Площадь Маркса,0,17,54.987141,82.834218,3.991,7.287781593359463,1,Автомобильная,3.991,23.03567096228955
developer,Октябрьский,7.0,8.0,4.1,11.4,3.0,Грибоедова,64.5,Золотая Нива,0,1,55.021648,82.976844,1.764,3.7179503515893786,1,Транспортная,1.764,21.167827218238447
real_estate_agent,Кировский,4.0,5.0,8.0,4.65,3.0,Бородина,58.0,Площадь Маркса,0,41,54.932296,82.868669,5.831,11.372800084189937,0,Автомобильная,0.0,17.468359988199843
real_estate_agent,Советский,1.0,10.0,10.6,7.1,3.0,Сиреневая,61.7,Площадь Маркса,0,35,54.855745,83.047595,17.077,21.026432111923768,0,Удалённая,0.0,3.2691112529427673
real_estate_agent,Железнодорожный,9.0,12.0,15.4,12.5,3.0,Вокзальная магистраль,72.0,Площадь Гарина-Михайловского,0,47,55.034497,82.908599,0.582,0.8950205634658746,1,Комфортная,0.582,24.309953309140827
real_estate_agent,Советский,1.0,9.0,11.0,9.14,3.0,Полевая,63.4,Площадь Маркса,0,36,54.865788,83.09914,18.331,21.54811095715071,0,Удалённая,0.0,2.488195644615433
real_estate_agent,Калининский,1.0,5.0,6.0,5.6,3.0,Народная,56.0,Заельцовская,0,65,55.065947,82.939133,1.858,4.153221516774572,1,Транспортная,1.858,26.63032610817567
real_estate_agent,Кировский,7.0,9.0,7.7,5.2,3.0,Оловозаводская,62.3,Спортивная,0,44,54.964876,82.958195,4.116,7.648857999301417,0,Автомобильная,0.0,16.041915967060017
real_estate_agent,Дзержинский,3.0,9.0,7.0,5.7,3.0,Гусинобродское шоссе,59.8,Золотая Нива,0,50,55.037067,83.00285,1.737,5.307639425721395,1,Транспортная,1.737,22.288125793334785
real_estate_agent,Кировский,9.0,10.0,7.0,6.8,3.0,Сибиряков-Гвардейцев,60.4,Площадь Маркса,0,51,54.966044,82.899427,1.819,7.254755488879581,0,Транспортная,0.0,18.44616448723333
real_estate_agent,Кировский,6.0,21.0,6.8,8.6,3.0,Тульская,67.9,Студенческая,0,9,54.979315,82.919576,1.351,5.654527988541639,0,Комфортная,0.0,18.766383198559346
developer,Ленинский,23.0,23.0,11.68,8.8,3.0,Пермская,58.4,Площадь Маркса,0,2,54.978891,82.850631,2.932,7.233434727519275,1,Транспортная,2.932,21.64491200229369
real_estate_agent,Кировский,6.0,11.0,23.5,7.6,3.0,Герцена,66.9,Спортивная,0,10,54.962121,82.969963,4.826,8.199167058143209,0,Автомобильная,0.0,15.384135367267456
real_estate_agent,Ленинский,10.0,12.0,12.0,12.25,3.0,Горская,94.0,Спортивная,0,18,54.993913,82.911698,0.537,4.069357077007883,1,Комфортная,0.537,20.377500246472856
real_estate_agent,Советский,6.0,9.0,12.8,8.8,3.0,Русская,64.0,Площадь Маркса,0,50,54.846115,83.048709,18.009,22.044728834706675,0,Удалённая,0.0,2.919591806080936
real_estate_agent,Калининский,3.0,5.0,7.0,6.8,3.0,Богдана Хмельницкого,55.0,Заельцовская,0,66,55.080627,82.962597,3.989,6.220553464756382,1,Автомобильная,3.989,27.66089136184677
real_estate_agent,Дзержинский,5.0,5.0,7.5,4.95,3.0,Толбухина,58.0,Золотая Нива,0,51,55.041379,83.011887,2.352,5.959347346115363,1,Транспортная,2.352,22.61020528924342
real_estate_agent,Кировский,4.0,5.0,6.4,4.199,3.0,Зорге,57.9,Площадь Маркса,0,9,54.933233,82.918202,5.634,10.779289198409986,0,Автомобильная,0.0,15.02971272140546
real_estate_agent,Советский,1.0,10.0,12.880000000000004,5.466149,3.0,Гидромонтажная,64.4,Площадь Маркса,0,21,54.859741,82.974948,14.527,19.267430980992497,0,Удалённая,0.0,7.835760705293478
real_estate_agent,Советский,3.0,5.0,5.6,5.1,3.0,Ветлужская,62.7,Площадь Маркса,0,54,54.855009,82.972226,14.965,19.755356467078435,0,Удалённая,0.0,7.9046109511221365
real_estate_agent,Советский,1.0,2.0,5.2,4.15,3.0,Боровая Партия,50.0,Площадь Маркса,0,60,54.81129,83.096383,22.922,26.809531761034734,0,Удалённая,0.0,3.5956828714279547
real_estate_agent,Кировский,9.0,9.0,7.1,5.5,3.0,Зорге,60.3,Площадь Маркса,0,57,54.938658,82.900442,4.86,10.254770931064757,0,Автомобильная,0.0,16.282086729201602
developer,Заельцовский,28.0,30.0,12.54,11.95,3.0,Дуси Ковальчук,62.7,Заельцовская,0,1,55.057193,82.906865,0.417,3.127270329890379,1,Пешеходная,0.417,26.59018735446785
real_estate_agent,Заельцовский,9.0,25.0,13.516,10.9,3.0,Дуси Ковальчук,67.58,Заельцовская,0,1,55.063101,82.92741,1.048,3.689165281750359,1,Комфортная,1.048,26.627189012170266
real_estate_agent,Центральный,6.0,9.0,7.0,9.0,3.0,Лермонтова,59.3,Маршала Покрышкина,0,54,55.044552,82.926736,0.476,1.6493587593580448,1,Пешеходная,0.476,24.76992124296794
real_estate_agent,Заельцовский,22.0,23.0,13.14,9.9,3.0,Ляпидевского,65.7,Заельцовская,0,2,55.080926,82.923116,2.528,5.64694599228574,1,Транспортная,2.528,28.55779722556281
real_estate_agent,Первомайский,1.0,10.0,8.1,4.8,3.0,Героев Революции,58.7,Золотая Нива,0,32,54.977377,83.08236,9.541,11.878020755599104,0,Удалённая,0.0,14.894240585875508
realtor,Дзержинский,11.0,12.0,7.0,7.15,3.0,Бориса Богаткова,58.9,Золотая Нива,0,48,55.044918,82.999365,1.724,5.290066456027955,1,Транспортная,1.724,23.188798899952687
developer,Октябрьский,24.0,24.0,23.5,11.47,3.0,Гаранина,58.7,Золотая Нива,0,1,55.025735,82.970286,1.351,3.215116851619744,1,Комфортная,1.351,21.742217963552907
real_estate_agent,Центральный,4.0,5.0,5.5,8.15,3.0,Гоголя,56.0,Маршала Покрышкина,0,63,55.042545,82.92811,0.45,1.4608643803165968,1,Пешеходная,0.45,24.53085390918077
developer,Октябрьский,6.0,17.0,5.6,9.03,3.0,Знаменский кв-л,53.92,Золотая Нива,0,1,55.030225,82.979458,0.845,3.7615238211652096,1,Комфортная,0.845,22.006010160130607
realtor,Ленинский,1.0,9.0,7.0,5.6,3.0,Широкая,55.3,Площадь Маркса,0,37,54.993654,82.864321,2.394,5.411426474018894,1,Транспортная,2.394,22.22696041937785
real_estate_agent,Ленинский,5.0,5.0,6.0,3.9,3.0,Фасадная,44.6,Площадь Маркса,0,59,54.989486,82.819486,4.959,7.867260402080488,1,Автомобильная,4.959,23.89939382670971
real_estate_agent,Заельцовский,28.0,30.0,16.7,15.1,3.0,Красный проспект,83.5,Заельцовская,0,3,55.063658,82.905158,0.702,3.849325912843135,1,Комфортная,0.702,27.281808122219267
real_estate_agent,Октябрьский,17.0,23.0,15.7,13.5,3.0,Кошурникова,83.7,Золотая Нива,0,9,55.04043,82.964519,0.778,3.032127155726729,1,Комфортная,0.778,23.39910388630383
real_estate_agent,Дзержинский,3.0,5.0,6.0,7.1,3.0,Бориса Богаткова,61.0,Золотая Нива,0,60,55.041704,82.981443,0.598,4.093737429397055,1,Комфортная,0.598,23.173544052040555
real_estate_agent,Заельцовский,3.0,5.0,5.6,5.899999,3.0,Аэропорт,57.4,Заельцовская,0,53,55.07553,82.909803,1.847,5.089620369929165,1,Транспортная,1.847,28.346683768441384
real_estate_agent,Дзержинский,1.0,5.0,7.2,5.0,3.0,Доватора,57.5,Золотая Нива,0,53,55.039099,83.001098,1.634,5.235200374597463,1,Транспортная,1.634,22.535488800295848
real_estate_agent,Октябрьский,5.0,24.0,11.904000000000002,11.97,3.0,Шевченко,59.52,Октябрьская,0,1,55.01882,82.932395,0.434,1.4739220348078828,1,Пешеходная,0.434,22.053098393460086
realtor,Октябрьский,7.0,10.0,20.0,13.9,3.0,Большевистская,74.7,Речной вокзал,0,4,54.989528,82.977275,3.347,5.792500345609196,1,Автомобильная,3.347,17.861840921964465
real_estate_agent,Заельцовский,2.0,8.0,18.646,15.67,3.0,Кедровая,93.23,Заельцовская,0,3,55.105908,82.908195,5.223,8.458222761912964,1,Автомобильная,5.223,31.48795368214513
real_estate_agent,Октябрьский,24.0,27.0,6.0,8.2,3.0,Вилюйская,74.6,Речной вокзал,0,11,55.001737,83.004503,4.342,6.222306965246409,1,Автомобильная,4.342,18.492652966918236
real_estate_agent,Октябрьский,9.0,23.0,11.240000000000002,9.9,3.0,Грибоедова,56.2,Золотая Нива,0,1,55.021648,82.976844,1.764,3.7179503515893786,1,Транспортная,1.764,21.167827218238447
real_estate_agent,Заельцовский,2.0,8.0,18.64,15.67,3.0,Кедровая,93.2,Заельцовская,0,3,55.105908,82.908195,5.223,8.458222761912964,1,Автомобильная,5.223,31.48795368214513
real_estate_agent,Центральный,6.0,17.0,15.0,16.95,3.0,Сибревкома,80.2,Октябрьская,0,18,55.022097,82.929134,0.739,1.0545946665437838,1,Комфортная,0.739,22.47242795627316
real_estate_agent,Ленинский,3.0,5.0,6.0,8.5,3.0,Котовского,62.1,Площадь Маркса,0,56,54.991077,82.866099,2.154,5.558304023849109,1,Транспортная,2.154,21.93734111054297
real_estate_agent,Дзержинский,2.0,5.0,5.8,6.999999,3.0,Есенина,58.7,Золотая Нива,0,3,55.041106,82.990489,1.03,4.62673859634631,1,Комфортная,1.03,22.937045574681424
real_estate_agent,Октябрьский,23.0,24.0,21.0,11.5,3.0,Владимира Заровного,65.0,Речной вокзал,0,3,54.993401,82.96221,2.36,4.879118614829397,1,Транспортная,2.36,18.668283188010115
real_estate_agent,Железнодорожный,5.0,16.0,16.0,16.5,3.0,Дмитрия Шамшурина,72.0,Площадь Гарина-Михайловского,0,9,55.028682,82.903748,0.792,1.0762675982759815,1,Комфортная,0.792,23.904016135992862
real_estate_agent,Первомайский,13.0,17.0,11.2,8.799999,3.0,Березовая,72.6,Речной вокзал,0,14,54.937226,83.110828,13.65,15.948980742274246,0,Удалённая,0.0,10.465558125311052
real_estate_agent,Ленинский,2.0,17.0,18.040000000000003,8.02,3.0,площадь Карла Маркса,90.2,Площадь Маркса,0,1,54.983024,82.893202,0.208,5.522037183566433,1,Пешеходная,0.208,20.13041113539444
real_estate_agent,Октябрьский,7.0,25.0,13.0,14.5,3.0,Ипподромская,76.1,Октябрьская,0,11,55.01947,82.931955,0.468,1.3976181885539118,1,Пешеходная,0.468,22.13008503625986
realtor,Октябрьский,9.0,16.0,13.4,16.5,3.0,Московская,87.7,Октябрьская,0,4,55.019898,82.940552,0.149,1.7167722437184962,1,Пешеходная,0.149,21.92089816657327
real_estate_agent,Октябрьский,3.0,10.0,8.5,4.7,3.0,Плющихинский жилмассив,59.02,Золотая Нива,0,4,55.019377,83.010602,3.006,5.870982474014471,1,Автомобильная,3.006,20.260395524753275
developer,Заельцовский,21.0,25.0,14.454,12.05,3.0,Дуси Ковальчук,72.27,Заельцовская,0,1,55.063101,82.92741,1.048,3.689165281750359,1,Комфортная,1.048,26.627189012170266
real_estate_agent,Заельцовский,11.0,15.0,11.0,19.8,3.0,Красный проспект,70.0,Заельцовская,0,8,55.070468,82.911393,1.277,4.518357333427853,1,Комфортная,1.277,27.793127437690714
developer,Октябрьский,4.0,25.0,19.156,15.0,3.0,Ленинградская,95.78,Речной вокзал,0,1,55.011185,82.963136,1.635,3.444290843570368,1,Транспортная,1.635,20.427155475247062
real_estate_agent,Первомайский,3.0,3.0,7.8,6.2,3.0,Сызранская,77.7,Речной вокзал,0,73,54.96454,83.062031,9.364,11.610939025787614,0,Удалённая,0.0,13.603299289017428
real_estate_agent,Кировский,1.0,9.0,12.6,4.0,3.0,Сибиряков-Гвардейцев,78.1,Площадь Маркса,0,52,54.966044,82.899427,1.819,7.254755488879581,0,Транспортная,0.0,18.44616448723333
real_estate_agent,Первомайский,7.0,10.0,14.1,11.7,3.0,Заречная,75.8,Речной вокзал,0,11,54.979454,83.050667,7.933,10.038364903797111,0,Удалённая,0.0,15.359260264587455
developer,Октябрьский,14.0,18.0,14.2,13.75,3.0,Грибоедова,84.67,Речной вокзал,0,1,55.011185,82.963136,1.635,3.444290843570368,1,Транспортная,1.635,20.427155475247062
real_estate_agent,Заельцовский,5.0,5.0,4.0,9.0,3.0,Красный проспект,76.8,Заельцовская,0,69,55.062735,82.911096,0.426,3.6701705876459263,1,Пешеходная,0.426,27.02375382675851
developer,Дзержинский,2.0,22.0,16.02,9.62,3.0,Коминтерна,80.1,Золотая Нива,0,3,55.040853,83.024104,3.113,6.712018893105975,1,Автомобильная,3.113,22.38452058173841
real_estate_agent,Октябрьский,2.0,4.0,9.0,6.0,3.0,Бориса Богаткова,52.7,Золотая Нива,0,69,55.027975,82.965651,1.234,2.891938956852022,1,Комфортная,1.234,22.082635330493186
real_estate_agent,Дзержинский,25.0,25.0,14.856000000000002,11.35,3.0,Авиастроителей,74.28,Березовая Роща,0,1,55.070334,82.966729,3.151,5.352187273041826,1,Автомобильная,3.151,26.490784610916197
real_estate_agent,Ленинский,9.0,9.0,7.2,5.7,3.0,Связистов,63.5,Площадь Маркса,0,52,54.982812,82.834398,3.944,7.604365569444401,1,Автомобильная,3.944,22.69703526352738
real_estate_agent,Заельцовский,18.0,25.0,10.0,17.6,3.0,Дачная,78.1,Заельцовская,0,5,55.063648,82.903631,0.77,3.873995935158115,1,Комфортная,0.77,27.32406972007113
real_estate_agent,Октябрьский,23.0,25.0,19.666,17.98475,3.0,Владимира Заровного,98.33,Речной вокзал,0,3,54.99444,82.962327,2.28,4.78687551461492,1,Транспортная,2.28,18.768035575655617
real_estate_agent,Октябрьский,6.0,9.0,7.0,5.7,3.0,Вилюйская,57.8,Речной вокзал,0,4,54.997926,83.007773,4.644,6.622447982087257,1,Автомобильная,4.644,18.02522282672059
real_estate_agent,Заельцовский,25.0,26.0,19.72,16.4,3.0,Красный проспект,98.6,Заельцовская,0,2,55.05728,82.914896,0.241,3.0356387034335457,1,Пешеходная,0.241,26.372278571136523
real_estate_agent,Октябрьский,9.0,17.0,16.0,16.0,3.0,Лескова,70.8,Октябрьская,0,12,55.024161,82.95223,1.022,2.133552201985225,1,Комфортная,1.022,22.028296130349755
real_estate_agent,Октябрьский,25.0,25.0,11.546,8.65,3.0,Ленинградская,57.73,Речной вокзал,0,1,55.011185,82.963136,1.635,3.444290843570368,1,Транспортная,1.635,20.427155475247062
real_estate_agent,Калининский,12.0,16.0,11.4,8.0,3.0,Тайгинская,77.9,Заельцовская,0,26,55.112613,82.974607,7.149,9.79504064300695,1,Удалённая,7.149,30.869475516806485
developer,Ленинский,10.0,17.0,11.546,6.9776,3.0,Забалуева,57.73,Площадь Маркса,0,2,54.986831,82.783868,7.185,9.952513521689276,1,Удалённая,7.185,25.43232984645602
real_estate_agent,Октябрьский,15.0,17.0,18.6,12.5,3.0,Большевистская,63.4,Речной вокзал,0,9,54.993629,82.967753,2.59,5.060306685700774,1,Транспортная,2.59,18.533845769775365
real_estate_agent,Заельцовский,20.0,23.0,14.0,15.29,3.0,Красный проспект,66.5,Заельцовская,0,4,55.068144,82.911878,1.018,4.258113020479213,1,Комфортная,1.018,27.54583690589678
real_estate_agent,Калининский,1.0,9.0,16.0,10.25,3.0,Мясниковой,74.0,Заельцовская,0,11,55.108503,82.930338,5.619,8.733572679367722,1,Автомобильная,5.619,31.25484831479949
real_estate_agent,Октябрьский,17.0,25.0,18.644,11.74572,3.0,Пролетарская,93.22,Золотая Нива,0,1,55.021142,82.968993,1.867,3.253490696934803,1,Транспортная,1.867,21.298334067615226
real_estate_agent,Октябрьский,17.0,17.0,10.7,8.72,3.0,Вилюйская,69.4,Речной вокзал,0,3,55.000848,83.004117,4.338,6.252142134002975,1,Автомобильная,4.338,18.406393643764765
real_estate_agent,Кировский,1.0,10.0,5.0,5.0,3.0,Виктора Шевелева,61.0,Площадь Маркса,0,3,54.944481,82.967268,6.186,9.985128292865854,0,Автомобильная,0.0,13.842400916766469
real_estate_agent,Ленинский,13.0,18.0,13.0,7.8,3.0,Спортивная,79.2,Площадь Маркса,0,3,54.981505,82.781164,7.341,10.399698490338915,1,Удалённая,7.341,25.203695145381598
real_estate_agent,Дзержинский,7.0,9.0,6.0,7.2,3.0,Доватора,59.0,Золотая Нива,0,49,55.043592,82.998179,1.59,5.173893966399704,1,Транспортная,1.59,23.066522606552777
real_estate_agent,Калининский,1.0,10.0,10.0,19.5,3.0,Красный проспект,96.4,Заельцовская,0,3,55.115393,82.930006,6.368,9.49648498590402,1,Автомобильная,6.368,31.98454520576811
real_estate_agent,Заельцовский,2.0,25.0,8.0,11.199,3.0,Залесского,81.4,Заельцовская,0,3,55.067865,82.931164,1.539,4.247385588933179,1,Транспортная,1.539,27.02015153823365
developer,Калининский,3.0,19.0,15.536,8.85,3.0,Новоуральская,77.68,Заельцовская,0,1,55.176691,82.964357,13.494,16.530776302348762,1,Удалённая,13.494,37.9506621907454
real_estate_agent,Центральный,8.0,19.0,18.0,13.1,3.0,Николая Островского,78.5,Маршала Покрышкина,0,11,55.051355,82.938917,0.809,2.634060820898193,1,Комфортная,0.809,25.137305576808494
realtor,Кировский,1.0,3.0,8.0,5.5,3.0,Урманова,82.0,Спортивная,0,9,54.966303,82.954036,3.832,7.417463371548709,0,Автомобильная,0.0,16.319804046816234
developer,Кировский,2.0,17.0,15.0,8.6,3.0,Сибиряков-Гвардейцев,75.0,Площадь Маркса,0,1,54.944988,82.900739,4.159,9.554251574730378,0,Автомобильная,0.0,16.732819365367455
real_estate_agent,Кировский,3.0,3.0,5.7,4.55,3.0,Мира,51.7,Площадь Маркса,0,68,54.962907,82.921265,2.685,7.478935303201083,0,Транспортная,0.0,17.26536187646254
real_estate_agent,Центральный,4.0,17.0,12.0,16.0,3.0,Семьи Шамшиных,86.0,Маршала Покрышкина,0,2,55.048714,82.92723,0.638,2.1074921180529995,1,Комфортная,0.638,25.17458979716096
real_estate_agent,Железнодорожный,4.0,9.0,6.7,8.99,3.0,Нарымская,59.2,Красный проспект,0,46,55.041931,82.906614,0.688,1.5771603742277511,1,Комфортная,0.688,25.094709247053114
real_estate_agent,Железнодорожный,6.0,10.0,11.1,17.95,3.0,Революции,82.59,Площадь Ленина,0,33,55.0267,82.910126,0.762,0.761721874478215,1,Комфортная,0.762,23.508376095414164
real_estate_agent,Железнодорожный,5.0,5.0,8.7,10.3,3.0,проспект Димитрова,88.2,Красный проспект,0,66,55.035715,82.913575,0.698,0.7563194365451881,1,Комфортная,0.698,24.275638758464368
realtor,Кировский,5.0,17.0,12.0,7.6,3.0,Петухова,83.3,Площадь Маркса,0,12,54.938612,82.943373,5.716,10.284881452737302,0,Автомобильная,0.0,14.3014430919014
real_estate_agent,Советский,22.0,24.0,15.822,19.231,3.0,Мусы Джалиля,79.11,Площадь Маркса,0,1,54.862145,83.091433,18.28,21.640530849466497,0,Удалённая,0.0,2.069164819363638
real_estate_agent,Советский,7.0,7.0,13.0,18.0,3.0,Иванова,98.6,Площадь Маркса,0,23,54.867358,83.087858,17.701,21.024741496545413,0,Удалённая,0.0,2.6718113772709913
real_estate_agent,Заельцовский,14.0,16.0,14.480000000000002,12.65,3.0,Дуси Ковальчук,72.4,Гагаринская,0,3,55.053578,82.898951,1.053,2.9413425089411005,1,Комфортная,1.053,26.466200764249887
realtor,Ленинский,2.0,16.0,10.0,11.5,3.0,Забалуева,73.0,Площадь Маркса,0,16,54.99055,82.828002,4.447,7.35804671758661,1,Автомобильная,4.447,23.584258387562365
real_estate_agent,Калининский,1.0,9.0,8.7,7.65,3.0,Фадеева,62.5,Заельцовская,0,42,55.098655,82.935144,4.637,7.673110993171757,1,Автомобильная,4.637,30.120796994992098
real_estate_agent,Октябрьский,17.0,18.0,16.918000000000003,13.85,3.0,Грибоедова,84.59,Речной вокзал,0,1,55.011185,82.963136,1.635,3.444290843570368,1,Транспортная,1.635,20.427155475247062
real_estate_agent,Заельцовский,15.0,21.0,17.3,9.6,3.0,Дуси Ковальчук,99.41,Гагаринская,0,2,55.053046,82.897792,1.109,2.92482858498757,1,Комфортная,1.109,26.44906834190392
real_estate_agent,Заельцовский,19.0,26.0,14.92,12.25,3.0,Красный проспект,74.6,Заельцовская,0,2,55.05728,82.914896,0.241,3.0356387034335457,1,Пешеходная,0.241,26.372278571136523
realtor,Октябрьский,8.0,27.0,17.0,10.5,3.0,Закаменский мкр,67.0,Березовая Роща,0,3,55.035612,82.957431,0.925,2.434120723223096,1,Комфортная,0.925,23.066471352043077
real_estate_agent,Кировский,15.0,24.0,13.928,8.8,3.0,Оловозаводская,69.64,Спортивная,0,1,54.96761,82.959946,3.946,7.398201004620823,0,Автомобильная,0.0,16.238750386698424
realtor,Заельцовский,4.0,9.0,7.0,5.3,3.0,Аэропорт,54.0,Заельцовская,0,46,55.076803,82.910297,1.985,5.225963798326296,1,Транспортная,1.985,28.46243178846024
developer,Ленинский,3.0,25.0,14.328,9.84,3.0,Титова,71.64,Площадь Маркса,0,1,54.9818,82.860611,2.272,6.593668383811543,1,Транспортная,2.272,21.421362076335058
real_estate_agent,Ленинский,3.0,10.0,13.3,7.93,3.0,Титова,73.0,Площадь Маркса,0,6,54.979712,82.790309,6.763,10.016760878246028,1,Автомобильная,6.763,24.61963710647328
real_estate_agent,Калининский,16.0,18.0,10.0,8.2,3.0,Игарская,54.7,Заельцовская,0,4,55.102076,82.941217,5.124,8.104880633152284,1,Автомобильная,5.124,30.352286639566636
real_estate_agent,Дзержинский,16.0,25.0,18.74,13.4,3.0,Николая Островского,93.7,Березовая Роща,0,3,55.054573,82.949346,1.264,3.28003487381244,1,Комфортная,1.264,25.2146882423813
developer,Октябрьский,5.0,24.0,13.580000000000002,13.46,3.0,Кирова,67.9,Речной вокзал,0,1,55.012507,82.956138,1.229,3.005762219075922,1,Комфортная,1.229,20.747270130763198
real_estate_agent,Дзержинский,20.0,27.0,4.3,12.6,3.0,Кошурникова,68.0,Золотая Нива,0,8,55.041431,82.970744,0.536,3.4417947013635697,1,Комфортная,0.536,23.36616893751864
real_estate_agent,Кировский,2.0,9.0,7.8,6.5,3.0,Сибиряков-Гвардейцев,66.7,Площадь Маркса,0,38,54.966298,82.89781,1.782,7.246830373467058,0,Транспортная,0.0,18.536818335350265
developer,Дзержинский,12.0,22.0,11.792000000000002,9.65,3.0,Королева,58.96,Березовая Роща,0,1,55.050514,82.968489,1.327,3.8070616847637977,1,Комфортная,1.327,24.36613246098095
real_estate_agent,Ленинский,4.0,5.0,8.0,6.275,3.0,Немировича-Данченко,58.6,Площадь Маркса,0,61,54.97022,82.868327,2.229,7.448164497997926,1,Транспортная,2.229,20.162857243149258
real_estate_agent,Заельцовский,18.0,19.0,38.0,11.25,3.0,Дуси Ковальчук,77.8,Гагаринская,0,3,55.053046,82.897792,1.109,2.92482858498757,1,Комфортная,1.109,26.44906834190392
developer,Кировский,11.0,11.0,5.4,8.45,3.0,18-й Бронный переулок,72.1,Площадь Маркса,0,2,54.94595,82.942429,5.005,9.468814785943897,0,Автомобильная,0.0,14.952863506737435
real_estate_agent,Заельцовский,6.0,19.0,14.26,11.5,3.0,Красногорская,71.3,Заельцовская,0,1,55.072633,82.899274,1.737,4.910845886354983,1,Транспортная,1.737,28.342624004438722
real_estate_agent,Октябрьский,20.0,25.0,15.6,12.85,3.0,Большевистская,78.0,Речной вокзал,0,6,54.998726,82.958985,1.796,4.273338328685925,1,Транспортная,1.796,19.289587915363086
real_estate_agent,Заельцовский,2.0,12.0,19.0,13.099999,3.0,Охотская,70.3,Заельцовская,0,6,55.120362,82.894603,6.919,10.163377212129744,1,Автомобильная,6.919,33.30325460313523
real_estate_agent,Заельцовский,1.0,10.0,6.0,13.0,3.0,Холодильная,86.6,Площадь Гарина-Михайловского,0,18,55.050504,82.884245,1.944,3.229855426051341,1,Транспортная,1.944,26.625514406514085
developer,Октябрьский,17.0,20.0,14.486000000000002,11.84,3.0,Ленинградская,72.43,Речной вокзал,0,2,55.001819,82.983518,3.038,5.10966302296737,1,Автомобильная,3.038,18.95922571787914
real_estate_agent,Советский,2.0,3.0,16.0,10.8,3.0,Благовещенская,79.9,Спортивная,0,13,54.903236,83.117349,16.195,18.89940943172555,0,Удалённая,0.0,6.796002254086634
real_estate_agent,Центральный,8.0,13.0,15.32,19.58,3.0,Семьи Шамшиных,76.6,Октябрьская,0,1,55.02539,82.934362,0.795,1.0342589748650153,1,Комфортная,0.795,22.64381873858912
real_estate_agent,Кировский,2.0,26.0,13.888,9.43,3.0,Аникина,69.44,Студенческая,0,1,54.965574,82.945088,3.571,7.352291025391459,0,Автомобильная,0.0,16.57419367825262
real_estate_agent,Калининский,9.0,17.0,5.1,8.2,3.0,Имени генерал-майора А.Н. Рожкина,67.7,Заельцовская,0,2,55.111459,82.925667,5.892,9.04561326239051,1,Автомобильная,5.892,31.66461995357834
realtor,Железнодорожный,1.0,5.0,22.0,16.8,3.0,Коммунистическая,80.0,Площадь Ленина,0,65,55.022386,82.916279,0.908,0.9046549903903044,1,Комфортная,0.908,22.896948516554314
real_estate_agent,Ленинский,21.0,26.0,5.3,13.45,3.0,Ясный Берег,83.4,Площадь Ленина,0,4,55.016151,82.897882,2.121,2.120153906126768,1,Транспортная,2.121,22.919288877023153
real_estate_agent,Октябрьский,8.0,24.0,20.0,19.6,3.0,Шевченко,80.0,Октябрьская,0,6,55.017586,82.932683,0.437,1.6018144996493866,1,Пешеходная,0.437,21.9233791202631
real_estate_agent,Кировский,1.0,9.0,17.16,9.0519,3.0,Зорге,85.8,Площадь Маркса,0,1,54.931971,82.9305,6.01,10.937542710342209,0,Автомобильная,0.0,14.35410337617487
real_estate_agent,Первомайский,4.0,4.0,8.0,7.3,3.0,Радужная,70.2,Речной вокзал,0,11,54.935224,83.100973,13.283,15.62515871756224,0,Удалённая,0.0,10.197601763780048
real_estate_agent,Октябрьский,19.0,29.0,11.0,14.5,3.0,Военная,71.5,Октябрьская,0,4,55.024868,82.949167,0.927,1.9235667432814256,1,Комфортная,0.927,22.1809027216313
real_estate_agent,Октябрьский,7.0,25.0,19.156,14.6,3.0,Ленинградская,95.78,Речной вокзал,0,1,55.011185,82.963136,1.635,3.444290843570368,1,Транспортная,1.635,20.427155475247062
real_estate_agent,Октябрьский,1.0,25.0,17.830000000000002,10.60885,3.0,Пролетарская,89.15,Золотая Нива,0,1,55.021142,82.968993,1.867,3.253490696934803,1,Транспортная,1.867,21.298334067615226
real_estate_agent,Ленинский,11.0,16.0,15.162,7.65,3.0,Зорге,75.81,Площадь Маркса,0,22,54.92808,82.924598,6.296,11.35444058673209,1,Автомобильная,6.296,14.344952122118581
real_estate_agent,Первомайский,1.0,5.0,6.2,4.55,3.0,1-я Механическая,58.1,Речной вокзал,0,63,54.965481,83.054279,8.891,11.16286411289223,0,Удалённая,0.0,13.78958055908995
real_estate_agent,Первомайский,9.0,17.0,12.7,7.2,3.0,Одоевского,68.3,Речной вокзал,0,16,54.937143,83.101009,13.153,15.483292745230234,0,Удалённая,0.0,10.41088758537983
real_estate_agent,Октябрьский,16.0,24.0,13.814,13.99,3.0,Кирова,69.07,Речной вокзал,0,1,55.012507,82.956138,1.229,3.005762219075922,1,Комфортная,1.229,20.747270130763198
real_estate_agent,Октябрьский,8.0,10.0,12.9,5.7,3.0,Плющихинская,87.39,Золотая Нива,0,3,55.014277,83.004009,3.154,5.612530857641538,1,Автомобильная,3.154,19.832106141241226
real_estate_agent,Ленинский,15.0,20.0,10.0,6.8,3.0,Междуреченская,59.2,Площадь Гарина-Михайловского,0,8,55.02283,82.862551,2.744,3.778474962004053,1,Транспортная,2.744,24.819345311548943
developer,Ленинский,5.0,17.0,12.566,8.05,3.0,Междуреченская,62.83,Площадь Гарина-Михайловского,0,3,55.023444,82.855428,3.113,4.2102206003364735,1,Автомобильная,3.113,25.147405425573535
real_estate_agent,Октябрьский,18.0,19.0,16.5,14.0,3.0,Михаила Кулагина,72.6,Березовая Роща,0,6,55.035385,82.959578,1.007,2.561032342659905,1,Комфортная,1.007,22.99151525218889
real_estate_agent,Кировский,14.0,18.0,9.0,6.35,3.0,Виктора Уса,73.8,Площадь Маркса,0,9,54.941611,82.885216,4.578,10.099898590754364,0,Автомобильная,0.0,17.239763515398312
real_estate_agent,Первомайский,3.0,5.0,6.5,5.0,3.0,Березовая,56.0,Речной вокзал,0,39,54.93704,83.116092,13.935,16.21948148914059,0,Удалённая,0.0,10.48481444776552
developer,Заельцовский,8.0,20.0,3.6,14.8,3.0,Дуси Ковальчук,68.4,Заельцовская,0,1,55.057193,82.906865,0.417,3.127270329890379,1,Пешеходная,0.417,26.59018735446785
real_estate_agent,Железнодорожный,6.0,10.0,27.6,18.36,3.0,Революции,82.6,Площадь Ленина,0,33,55.0267,82.910126,0.762,0.761721874478215,1,Комфортная,0.762,23.508376095414164
real_estate_agent,Октябрьский,10.0,10.0,12.9,5.45,3.0,Плющихинский жилмассив,87.4,Золотая Нива,0,4,55.019377,83.010602,3.006,5.870982474014471,1,Автомобильная,3.006,20.260395524753275
real_estate_agent,Заельцовский,7.0,14.0,18.624,12.29744,3.0,Аэропорт,93.12,Заельцовская,0,2,55.081694,82.903775,2.585,5.827194737201371,1,Транспортная,2.585,29.129679841305315
real_estate_agent,Кировский,10.0,10.0,8.0,5.8,3.0,Николая Сотникова,59.02,Площадь Маркса,0,9,54.943116,82.964456,6.162,10.078613794643088,0,Автомобильная,0.0,13.82683734183593
real_estate_agent,Первомайский,16.0,18.0,9.0,6.2,3.0,Березовая,71.9,Речной вокзал,0,17,54.937226,83.110828,13.65,15.948980742274246,0,Удалённая,0.0,10.465558125311052
real_estate_agent,Октябрьский,6.0,18.0,5.0,4.93,3.0,Плющихинская,57.51,Золотая Нива,0,3,55.018329,83.002554,2.738,5.397146592438487,1,Транспортная,2.738,20.290212372137212
developer,Октябрьский,18.0,20.0,13.432,11.2,3.0,Ленинградская,67.16,Речной вокзал,0,2,55.002919,82.982198,2.925,4.968131901298579,1,Транспортная,2.925,19.104156567880754
developer,Ленинский,10.0,14.0,17.86,7.55,3.0,площадь Карла Маркса,89.3,Площадь Маркса,0,1,54.983024,82.893202,0.208,5.522037183566433,1,Пешеходная,0.208,20.13041113539444
real_estate_agent,Октябрьский,9.0,15.0,16.540000000000003,14.06,3.0,Большевистская,82.7,Речной вокзал,0,1,54.993696,82.969019,2.646,5.102918561823516,1,Транспортная,2.646,18.505456410346294
real_estate_agent,Советский,5.0,9.0,17.1,8.2,3.0,Добровольческая,62.9,Площадь Маркса,0,53,54.849577,83.044631,17.544,21.59063127246565,0,Удалённая,0.0,3.2361084877443846
real_estate_agent,Кировский,1.0,18.0,12.5,6.75,3.0,Николая Сотникова,71.7,Площадь Маркса,0,4,54.943871,82.96751,6.244,10.054477617598655,0,Автомобильная,0.0,13.778430165786723
real_estate_agent,Кировский,8.0,9.0,6.6,6.5,3.0,Зорге,67.0,Площадь Маркса,0,55,54.936295,82.916181,5.272,10.44139795938637,0,Автомобильная,0.0,15.352854325062761
real_estate_agent,Кировский,11.0,19.0,17.0,9.0,3.0,Сибиряков-Гвардейцев,100.0,Площадь Маркса,0,5,54.966877,82.896525,1.715,7.200659296158979,0,Транспортная,0.0,18.639762744848746
developer,Октябрьский,16.0,20.0,14.202000000000002,11.69,3.0,Ленинградская,71.01,Речной вокзал,0,2,55.001819,82.983518,3.038,5.10966302296737,1,Автомобильная,3.038,18.95922571787914
real_estate_agent,Октябрьский,21.0,26.0,16.0,15.5,3.0,Лескова,84.2,Октябрьская,0,4,55.023181,82.9547,1.102,2.317831672527594,1,Комфортная,1.102,21.864322831143014
real_estate_agent,Первомайский,16.0,17.0,16.0,10.3,3.0,Заречная,72.3,Золотая Нива,0,6,54.982347,83.067646,8.489,10.788659812072476,0,Удалённая,0.0,15.520342492666922
real_estate_agent,Ленинский,9.0,17.0,14.238,10.229418,3.0,Титова,71.19,Площадь Маркса,0,1,54.98149,82.831937,4.101,7.819445761202049,1,Автомобильная,4.101,22.713037308958214
developer,Центральный,2.0,13.0,15.5,18.38,3.0,Семьи Шамшиных,77.5,Октябрьская,0,1,55.02539,82.934362,0.795,1.0342589748650153,1,Комфортная,0.795,22.64381873858912
real_estate_agent,Кировский,4.0,9.0,8.2,6.3,3.0,Сибиряков-Гвардейцев,59.6,Площадь Маркса,0,38,54.966298,82.89781,1.782,7.246830373467058,0,Транспортная,0.0,18.536818335350265
developer,Ленинский,2.0,17.0,37.400000000000006,10.145,3.0,площадь Карла Маркса,82.2,Площадь Маркса,0,1,54.983024,82.893202,0.208,5.522037183566433,1,Пешеходная,0.208,20.13041113539444
developer,Дзержинский,20.0,25.0,5.5,11.0474,3.0,Королева,65.2,Березовая Роща,0,1,55.050514,82.968489,1.327,3.8070616847637977,1,Комфортная,1.327,24.36613246098095
developer,Заельцовский,1.0,8.0,9.2,13.4,3.0,Дуси Ковальчук,64.81,Площадь Гарина-Михайловского,0,1,55.049024,82.88394,1.814,3.1312733944744746,1,Транспортная,1.814,26.493430714744587
real_estate_agent,Октябрьский,24.0,24.0,14.92,18.22,3.0,Ленинградская,74.6,Октябрьская,0,1,55.013136,82.957539,1.328,3.0297226734141183,1,Комфортная,1.328,20.772820333696856
real_estate_agent,Ленинский,10.0,17.0,16.496000000000002,11.735958,3.0,Титова,82.48,Площадь Маркса,0,1,54.98149,82.831937,4.101,7.819445761202049,1,Автомобильная,4.101,22.713037308958214
developer,Ленинский,1.0,17.0,12.676000000000002,7.77,3.0,Междуреченская,63.38,Площадь Гарина-Михайловского,0,2,55.023774,82.853397,3.216,4.331485299182778,1,Автомобильная,3.216,25.25534590298443
developer,Центральный,4.0,13.0,15.816,19.31,3.0,Семьи Шамшиных,79.08,Октябрьская,0,1,55.02539,82.934362,0.795,1.0342589748650153,1,Комфортная,0.795,22.64381873858912
developer,Ленинский,2.0,14.0,16.64,7.4,3.0,площадь Карла Маркса,83.2,Площадь Маркса,0,1,54.983024,82.893202,0.208,5.522037183566433,1,Пешеходная,0.208,20.13041113539444
real_estate_agent,Заельцовский,20.0,26.0,14.880000000000004,12.25,3.0,Красный проспект,74.4,Заельцовская,0,2,55.05728,82.914896,0.241,3.0356387034335457,1,Пешеходная,0.241,26.372278571136523
real_estate_agent,Ленинский,7.0,9.0,11.64,7.572984,3.0,Романтиков,58.2,Площадь Гарина-Михайловского,0,4,55.024832,82.803451,6.239,7.4795904052542435,1,Автомобильная,6.239,27.401833127395363
real_estate_agent,Дзержинский,15.0,15.0,15.26,10.0,3.0,Коминтерна,76.3,Золотая Нива,0,2,55.042638,83.02494,3.195,6.801988950969553,1,Автомобильная,3.195,22.568508485184022
real_estate_agent,Калининский,8.0,16.0,14.8,8.214,3.0,Игарская,74.0,Заельцовская,0,1,55.100623,82.941783,4.987,7.951611298275642,1,Автомобильная,4.987,30.187745905310507
developer,Ленинский,17.0,17.0,22.940000000000005,7.189,3.0,Забалуева,57.84,Площадь Маркса,0,3,54.986056,82.781361,7.339,10.134185414038978,1,Удалённая,7.339,25.503986385577676
developer,Октябрьский,21.0,24.0,17.8,18.99,3.0,Кирова,89.0,Речной вокзал,0,1,55.012507,82.956138,1.229,3.005762219075922,1,Комфортная,1.229,20.747270130763198
developer,Заельцовский,15.0,25.0,12.818,9.99,3.0,Красногорская,64.09,Заельцовская,0,1,55.072747,82.898448,1.774,4.937701159286329,1,Транспортная,1.774,28.37718136668489
developer,Кировский,11.0,20.0,20.0,9.3,3.0,18-й Бронный переулок,80.8,Площадь Маркса,0,2,54.94595,82.942429,5.005,9.468814785943897,0,Автомобильная,0.0,14.952863506737435
real_estate_agent,Октябрьский,4.0,24.0,13.534,12.98,3.0,Кирова,67.67,Речной вокзал,0,1,55.012507,82.956138,1.229,3.005762219075922,1,Комфортная,1.229,20.747270130763198
real_estate_agent,Дзержинский,23.0,25.0,5.0,11.645,3.0,Гоголя,56.47,Березовая Роща,0,2,55.047631,82.96592,1.015,3.4886760926538773,1,Комфортная,1.015,24.11894808166873
real_estate_agent,Кировский,1.0,17.0,15.04,8.5,3.0,Сибиряков-Гвардейцев,75.2,Площадь Маркса,0,3,54.944057,82.900532,4.261,9.658613640860066,0,Автомобильная,0.0,16.673177173124213
developer,Ленинский,13.0,17.0,14.346000000000002,8.29895,3.0,Забалуева,71.73,Площадь Маркса,0,2,54.986831,82.783868,7.185,9.952513521689276,1,Удалённая,7.185,25.43232984645602
developer,Октябрьский,7.0,7.0,18.9,14.06,3.0,Большевистская,78.88,Речной вокзал,0,1,54.993696,82.969019,2.646,5.102918561823516,1,Транспортная,2.646,18.505456410346294
developer,Октябрьский,19.0,24.0,13.42,14.24,3.0,Кирова,67.1,Речной вокзал,0,1,55.012507,82.956138,1.229,3.005762219075922,1,Комфортная,1.229,20.747270130763198
developer,Заельцовский,2.0,15.0,13.18,13.9,3.0,Дуси Ковальчук,65.9,Заельцовская,0,1,55.057193,82.906865,0.417,3.127270329890379,1,Пешеходная,0.417,26.59018735446785
developer,Заельцовский,4.0,16.0,7.4,13.08,3.0,Плановая,64.2,Заельцовская,0,2,55.056311,82.893947,1.225,3.361614562134192,1,Комфортная,1.225,26.884919719233853
developer,Октябрьский,21.0,24.0,11.86,12.45,3.0,Шевченко,59.3,Октябрьская,0,1,55.01882,82.932395,0.434,1.4739220348078828,1,Пешеходная,0.434,22.053098393460086
developer,Заельцовский,2.0,29.0,33.4,12.35,3.0,Дуси Ковальчук,73.5,Площадь Гарина-Михайловского,0,1,55.046785,82.881901,1.695,3.0731266720364294,1,Транспортная,1.695,26.346019868246223
real_estate_agent,Заельцовский,30.0,30.0,16.040000000000003,15.45,3.0,Дуси Ковальчук,80.2,Заельцовская,0,1,55.057193,82.906865,0.417,3.127270329890379,1,Пешеходная,0.417,26.59018735446785
real_estate_agent,Октябрьский,13.0,24.0,14.436000000000002,13.2,3.0,Ленинградская,72.18,Октябрьская,0,1,55.013136,82.957539,1.328,3.0297226734141183,1,Комфортная,1.328,20.772820333696856
real_estate_agent,Заельцовский,9.0,26.0,15.06,11.85,3.0,Красный проспект,75.3,Заельцовская,0,2,55.05728,82.914896,0.241,3.0356387034335457,1,Пешеходная,0.241,26.372278571136523
real_estate_agent,Калининский,2.0,15.0,17.72,9.35,3.0,Родники мкр,88.6,Заельцовская,0,1,55.109986,82.944388,6.02,9.005741386191689,1,Автомобильная,6.02,31.1234205916231
developer,Ленинский,21.0,25.0,10.920000000000002,8.92,3.0,Титова,54.6,Площадь Маркса,0,1,54.9818,82.860611,2.272,6.593668383811543,1,Транспортная,2.272,21.421362076335058
real_estate_agent,Заельцовский,4.0,28.0,16.788,16.32,3.0,Сухарная,83.94,Площадь Гарина-Михайловского,0,1,55.046373,82.855886,3.041,4.490523798660787,1,Автомобильная,3.041,27.200011743723838
developer,Заельцовский,3.0,6.0,2.1,11.68,3.0,Дуси Ковальчук,58.62,Площадь Гарина-Михайловского,0,1,55.046852,82.882646,1.67,3.039873881647789,1,Транспортная,1.67,26.32796597333683
real_estate_agent,Октябрьский,18.0,20.0,13.436000000000002,11.42,3.0,Ленинградская,67.18,Речной вокзал,0,2,55.001819,82.983518,3.038,5.10966302296737,1,Автомобильная,3.038,18.95922571787914
developer,Заельцовский,2.0,9.0,13.42,13.9,3.0,Дуси Ковальчук,67.1,Площадь Гарина-Михайловского,0,1,55.047219,82.882611,1.703,3.066697132869883,1,Транспортная,1.703,26.364118798428276
developer,Ленинский,15.0,17.0,13.688,7.9206,3.0,Забалуева,68.44,Площадь Маркса,0,2,54.986831,82.783868,7.185,9.952513521689276,1,Удалённая,7.185,25.43232984645602
real_estate_agent,Калининский,3.0,15.0,16.5,11.237,3.0,Родники мкр,82.5,Заельцовская,0,1,55.109986,82.944388,6.02,9.005741386191689,1,Автомобильная,6.02,31.1234205916231
developer,Заельцовский,4.0,6.0,2.1,12.84,3.0,Дуси Ковальчук,57.21,Площадь Гарина-Михайловского,0,1,55.046852,82.882646,1.67,3.039873881647789,1,Транспортная,1.67,26.32796597333683
real_estate_agent,Октябрьский,7.0,24.0,13.556,12.55,3.0,Ленинградская,67.78,Октябрьская,0,1,55.013136,82.957539,1.328,3.0297226734141183,1,Комфортная,1.328,20.772820333696856
real_estate_agent,Ленинский,2.0,17.0,17.540000000000003,8.3,3.0,площадь Карла Маркса,87.7,Площадь Маркса,0,1,54.983024,82.893202,0.208,5.522037183566433,1,Пешеходная,0.208,20.13041113539444
real_estate_agent,Заельцовский,24.0,25.0,14.454,12.15,3.0,Дуси Ковальчук,72.27,Заельцовская,0,1,55.063101,82.92741,1.048,3.689165281750359,1,Комфортная,1.048,26.627189012170266
developer,Заельцовский,8.0,29.0,33.0,13.2,3.0,Дуси Ковальчук,72.8,Площадь Гарина-Михайловского,0,1,55.046785,82.881901,1.695,3.0731266720364294,1,Транспортная,1.695,26.346019868246223
developer,Заельцовский,8.0,8.0,7.2,16.83,3.0,Дуси Ковальчук,71.46,Площадь Гарина-Михайловского,0,1,55.046852,82.882646,1.67,3.039873881647789,1,Транспортная,1.67,26.32796597333683
real_estate_agent,Заельцовский,12.0,15.0,11.2,14.0,3.0,Ельцовская,84.0,Гагаринская,0,21,55.050628,82.896498,1.166,2.739268885028725,1,Комфортная,1.166,26.252433562128576
real_estate_agent,Заельцовский,14.0,25.0,33.7,17.99,3.0,Овражная,83.7,Заельцовская,0,3,55.058946,82.918615,0.383,3.2024032358789376,1,Пешеходная,0.383,26.437670591945427
real_estate_agent,Октябрьский,1.0,10.0,8.2,7.199,3.0,В. Высоцкого,61.4,Золотая Нива,0,21,55.02781,83.024032,3.269,6.607643009538337,1,Автомобильная,3.269,20.966562648329635
real_estate_agent,Советский,9.0,17.0,12.0,10.0,3.0,2-я Миргородская,75.0,Площадь Маркса,0,13,54.853262,83.03845,16.986,21.06546897493852,0,Удалённая,0.0,3.7211549941447353
real_estate_agent,Центральный,15.0,25.0,13.0,14.45,3.0,Ипподромская,95.0,Березовая Роща,0,3,55.039553,82.942887,0.709,1.7710142425366258,1,Комфортная,0.709,23.83359368583062
real_estate_agent,Заельцовский,14.0,17.0,9.0,12.65,3.0,Дуси Ковальчук,77.0,Гагаринская,0,3,55.053578,82.898951,1.053,2.9413425089411005,1,Комфортная,1.053,26.466200764249887
real_estate_agent,Калининский,5.0,5.0,6.6,5.7,3.0,Народная,58.0,Заельцовская,0,55,55.066118,82.944684,2.191,4.285823493458652,1,Транспортная,2.191,26.51840979012938
real_estate_agent,Заельцовский,6.0,10.0,9.0,7.35,3.0,Кубовая,59.1,Заельцовская,0,3,55.126467,82.900262,7.543,10.785018395308388,1,Удалённая,7.543,33.797399580492296
real_estate_agent,Октябрьский,25.0,25.0,7.0,10.99,3.0,Лескова,72.0,Октябрьская,0,6,55.023181,82.9547,1.102,2.317831672527594,1,Комфортная,1.102,21.864322831143014
real_estate_agent,Заельцовский,4.0,5.0,5.0,6.4,3.0,Дачная,47.0,Заельцовская,0,64,55.061379,82.900568,0.811,3.6944205528342735,1,Комфортная,0.811,27.18686868900486
real_estate_agent,Калининский,4.0,17.0,11.1,10.1,3.0,Фадеева,96.88,Заельцовская,0,3,55.099516,82.940714,4.848,7.818832979666401,1,Автомобильная,4.848,30.093405602106028
real_estate_agent,Заельцовский,8.0,16.0,7.9,10.6,3.0,Аэропорт,86.3,Заельцовская,0,5,55.078035,82.911689,2.117,5.351977176297565,1,Транспортная,2.117,28.55085990202134
real_estate_agent,Октябрьский,4.0,10.0,28.4,14.0,3.0,Большевистская,92.6,Речной вокзал,0,2,54.991981,82.978003,3.212,5.6125081723724985,1,Автомобильная,3.212,18.090761930006284
real_estate_agent,Заельцовский,1.0,9.0,7.2,6.3,3.0,Линейная,63.1,Гагаринская,0,48,55.048982,82.902769,0.795,2.375937260763638,1,Комфортная,0.795,25.90088605219034
realtor,Заельцовский,4.0,19.0,15.6,8.38272,3.0,Дуси Ковальчук,87.32,Гагаринская,0,13,55.053046,82.897792,1.109,2.92482858498757,1,Комфортная,1.109,26.44906834190392
real_estate_agent,Советский,4.0,4.0,9.0,18.5,3.0,проспект Морской,75.5,Площадь Маркса,0,21,54.838431,83.106273,20.886,24.40237706705941,0,Удалённая,0.0,0.9684541258879696
real_estate_agent,Советский,2.0,4.0,8.4,18.75,3.0,Правды,74.0,Площадь Маркса,0,21,54.839733,83.102545,20.622,24.160327806422103,0,Удалённая,0.0,0.6908595803615651
real_estate_agent,Советский,2.0,5.0,5.2,5.8,3.0,Рубиновая,47.9,Площадь Маркса,0,21,54.868016,83.083555,17.459,20.822916983183696,0,Удалённая,0.0,2.797578963194711
real_estate_agent,Кировский,7.0,17.0,10.0,8.0,3.0,Виктора Уса,72.1,Площадь Маркса,0,4,54.941611,82.885216,4.578,10.099898590754364,0,Автомобильная,0.0,17.239763515398312
real_estate_agent,Заельцовский,2.0,5.0,6.0,6.45,3.0,Дуси Ковальчук,56.0,Заельцовская,0,66,55.054398,82.898816,1.016,3.026243307029516,1,Комфортная,1.016,26.550662680682308
real_estate_agent,Ленинский,1.0,5.0,8.0,6.8,3.0,Пермитина,75.9,Площадь Маркса,0,6,54.989889,82.885844,1.072,4.992182587349879,1,Комфортная,1.072,21.017940022689622
real_estate_agent,Советский,3.0,10.0,8.8,6.5,3.0,Вахтангова,62.7,Площадь Маркса,0,21,54.852381,83.053883,17.614,21.527912178527053,0,Удалённая,0.0,2.753624571621359
real_estate_agent,Кировский,3.0,5.0,6.2,5.2,3.0,Бурденко,50.7,Площадь Маркса,0,59,54.966448,82.902293,1.805,7.178886260437047,0,Транспортная,0.0,18.356408834631125
real_estate_agent,Дзержинский,12.0,19.0,21.0,14.3,3.0,Фрунзе,83.4,Березовая Роща,0,10,55.041354,82.960521,0.59,2.841188001247978,1,Комфортная,0.59,23.5863609048335
real_estate_agent,Калининский,1.0,14.0,10.5,11.0,3.0,Менделеева,90.1,Березовая Роща,0,18,55.076046,82.965453,3.742,5.852286799243566,1,Автомобильная,3.742,27.120348316238037
real_estate_agent,Заельцовский,2.0,5.0,6.2,6.2,3.0,Дачная,57.0,Заельцовская,0,3,55.061916,82.902032,0.747,3.720133518350893,1,Комфортная,0.747,27.19774983790036
real_estate_agent,Советский,9.0,9.0,7.9,6.2,3.0,Молодости,64.0,Площадь Маркса,0,39,54.860875,82.967959,14.259,19.067294581420956,0,Удалённая,0.0,8.300059265047748
real_estate_agent,Ленинский,15.0,18.0,5.2,10.9,3.0,Геодезическая,72.4,Студенческая,0,19,54.988866,82.906631,0.018,4.675843701775015,1,Пешеходная,0.018,20.111438936804102
real_estate_agent,Железнодорожный,4.0,17.0,20.0,18.5,3.0,Красноярская,83.0,Площадь Гарина-Михайловского,0,11,55.039945,82.900209,0.507,1.6864036098241726,1,Комфортная,0.507,25.10030210804575
real_estate_agent,Первомайский,9.0,14.0,15.0,9.3,3.0,Заречная,53.8,Речной вокзал,0,8,54.979697,83.051664,7.98,10.075934228386098,0,Удалённая,0.0,15.374463753095732
real_estate_agent,Советский,5.0,5.0,7.0,7.45,3.0,Российская,61.7,Площадь Маркса,0,60,54.870373,83.080689,17.142,20.50429368156739,0,Удалённая,0.0,3.0983029493276653
real_estate_agent,Заельцовский,4.0,9.0,6.5,5.499,3.0,Кубовая,56.0,Заельцовская,0,43,55.129437,82.89083,7.954,11.19824422808172,1,Удалённая,7.954,34.32757771460685
real_estate_agent,Ленинский,2.0,2.0,6.1,4.1,3.0,1-й Порядковый переулок,54.1,Площадь Маркса,0,71,54.991444,82.821633,4.865,7.6305934978858465,1,Автомобильная,4.865,23.947431916793946
real_estate_agent,Центральный,14.0,17.0,10.0,12.3,3.0,Семьи Шамшиных,57.4,Маршала Покрышкина,0,1,55.047977,82.927401,0.573,2.0297139771244423,1,Комфортная,0.573,25.095775022230363
real_estate_agent,Первомайский,1.0,5.0,6.3,4.49,3.0,1-я Механическая,58.9,Речной вокзал,0,63,54.965481,83.054279,8.891,11.16286411289223,0,Удалённая,0.0,13.78958055908995
real_estate_agent,Железнодорожный,2.0,4.0,5.2,7.98,3.0,Сибирская,62.8,Площадь Гарина-Михайловского,0,93,55.036169,82.906101,0.423,1.131465783813447,1,Пешеходная,0.423,24.549989287212718
real_estate_agent,Ленинский,6.0,9.0,6.9,5.57,3.0,Полтавская,60.0,Площадь Маркса,0,53,54.972039,82.84463,3.483,8.071467798879251,1,Автомобильная,3.483,21.407671258610005
real_estate_agent,Заельцовский,4.0,15.0,35.0,18.1,3.0,Красный проспект,77.0,Заельцовская,0,7,55.069468,82.91168,1.165,4.405741733274107,1,Комфортная,1.165,27.684587374852796
real_estate_agent,Ленинский,1.0,5.0,6.0,5.99,3.0,Путевая,55.9,Студенческая,0,60,54.997559,82.892869,1.302,4.029172168957514,1,Комфортная,1.302,21.41135328965877
real_estate_agent,Дзержинский,4.0,12.0,12.6,13.35,3.0,Кошурникова,88.0,Золотая Нива,0,22,55.035715,82.981659,0.434,3.950028613482211,1,Пешеходная,0.434,22.537232374195103
real_estate_agent,Заельцовский,5.0,7.0,12.0,10.9,3.0,Красный проспект,87.9,Заельцовская,0,71,55.060183,82.911428,0.151,3.3868225976432447,1,Пешеходная,0.151,26.75908113116921
real_estate_agent,Железнодорожный,2.0,10.0,8.4,10.4,3.0,Революции,62.5,Площадь Ленина,0,30,55.02509,82.910647,0.842,0.8412505477135833,1,Комфортная,0.842,23.336887892327958
real_estate_agent,Октябрьский,10.0,11.0,12.0,6.75,3.0,В. Высоцкого,58.0,Золотая Нива,0,15,55.029404,83.027185,3.408,6.803792144697007,1,Автомобильная,3.408,21.098009761683198
real_estate_agent,Октябрьский,1.0,10.0,6.0,7.5,3.0,В. Высоцкого,66.0,Золотая Нива,0,37,55.034848,83.024302,3.117,6.63952988107704,1,Автомобильная,3.117,21.72812740863136
real_estate_agent,Железнодорожный,4.0,9.0,6.0,7.1,3.0,Челюскинцев,50.0,Площадь Гарина-Михайловского,0,11,55.03735,82.901825,0.259,1.42998800962001,1,Пешеходная,0.259,24.79864475576396
real_estate_agent,Ленинский,3.0,10.0,10.0,8.7,3.0,Троллейная,66.0,Площадь Маркса,0,22,54.990953,82.857997,2.62,5.90435112014208,1,Транспортная,2.62,22.274513697768555
real_estate_agent,Центральный,16.0,22.0,10.0,15.99,3.0,Семьи Шамшиных,76.8,Маршала Покрышкина,0,5,55.041916,82.929053,0.443,1.417334115459684,1,Пешеходная,0.443,24.441799589941304
real_estate_agent,Калининский,1.0,5.0,8.0,5.5,3.0,Учительская,58.0,Березовая Роща,0,54,55.077566,82.966747,3.926,6.039991322609107,1,Автомобильная,3.926,27.256673243274626
real_estate_agent,Калининский,9.0,9.0,9.0,3.1,3.0,Богдана Хмельницкого,40.8,Заельцовская,0,45,55.104738,82.982476,6.756,9.184959723282788,1,Автомобильная,6.756,29.898301973958894
real_estate_agent,Калининский,4.0,5.0,23.0,6.8,3.0,Богдана Хмельницкого,56.6,Заельцовская,0,67,55.06953,82.94384,2.308,4.624103332358377,1,Транспортная,2.308,26.89178407841201
real_estate_agent,Октябрьский,12.0,24.0,10.0,14.5,3.0,Большевистская,63.2,Речной вокзал,0,1,55.003678,82.946319,0.832,3.37596176492265,1,Комфортная,0.832,20.149667926859088
real_estate_agent,Заельцовский,17.0,25.0,35.0,13.5,3.0,Сухарная,85.0,Площадь Гарина-Михайловского,0,16,55.047193,82.86062,2.808,4.255722372509234,1,Транспортная,2.808,27.108080804322114
real_estate_agent,Октябрьский,11.0,11.0,12.5,18.0,3.0,Ипподромская,67.4,Октябрьская,0,10,55.01947,82.931955,0.468,1.3976181885539118,1,Пешеходная,0.468,22.13008503625986
real_estate_agent,Ленинский,5.0,5.0,7.0,4.4,3.0,Киевская,57.8,Площадь Маркса,0,50,54.99162,82.846211,3.353,6.385003128178434,1,Автомобильная,3.353,22.844803136373283
real_estate_agent,Кировский,8.0,18.0,11.0,6.4,3.0,Виктора Уса,72.4,Площадь Маркса,0,4,54.941611,82.885216,4.578,10.099898590754364,0,Автомобильная,0.0,17.239763515398312
real_estate_agent,Ленинский,6.0,10.0,13.0,6.99,3.0,Спортивная,72.1,Площадь Маркса,0,12,54.98242,82.797899,6.272,9.446936714379603,1,Автомобильная,6.272,24.4274859582874
real_estate_agent,Заельцовский,8.0,18.0,19.0,9.3,3.0,Аэропорт,64.1,Заельцовская,0,3,55.080158,82.901799,2.451,5.684286936281938,1,Транспортная,2.451,29.02775942183817
real_estate_agent,Заельцовский,3.0,9.0,7.0,6.89,3.0,Дуси Ковальчук,60.1,Гагаринская,0,42,55.05053,82.894316,1.305,2.810256112610763,1,Комфортная,1.305,26.31017786192983
real_estate_agent,Октябрьский,5.0,10.0,8.4,6.2,3.0,Плющихинская,58.5,Золотая Нива,0,4,55.014277,83.004009,3.154,5.612530857641538,1,Автомобильная,3.154,19.832106141241226
real_estate_agent,Заельцовский,3.0,7.0,21.0,14.5,3.0,Кедровая,85.2,Заельцовская,0,2,55.105908,82.908195,5.223,8.458222761912964,1,Автомобильная,5.223,31.48795368214513
real_estate_agent,Советский,6.0,10.0,9.4,5.99,3.0,Молодости,63.0,Площадь Маркса,0,31,54.858497,82.973942,14.635,19.39208106265601,0,Удалённая,0.0,7.868297571341735
realtor,Заельцовский,4.0,19.0,17.3,9.56352,3.0,Дуси Ковальчук,99.6,Гагаринская,0,13,55.053046,82.897792,1.109,2.92482858498757,1,Комфортная,1.109,26.44906834190392
real_estate_agent,Кировский,7.0,27.0,12.0,11.69,3.0,Оловозаводская,78.9,Студенческая,0,11,54.96178,82.951862,4.175,7.863833425028192,0,Автомобильная,0.0,15.980692017566595
real_estate_agent,Октябрьский,4.0,9.0,7.4,9.5,3.0,Нижегородская,60.8,Октябрьская,0,38,55.015351,82.942456,0.436,2.16414695927329,1,Пешеходная,0.436,21.414882311616914
real_estate_agent,Советский,4.0,5.0,6.0,4.5,3.0,Печатников,57.9,Площадь Маркса,0,21,54.860476,82.970538,14.355,19.13794816376107,0,Удалённая,0.0,8.129222292150995
real_estate_agent,Заельцовский,22.0,23.0,13.0,11.69,3.0,Дуси Ковальчук,65.89,Заельцовская,0,3,55.054006,82.90285,0.833,2.8780497587790106,1,Комфортная,0.833,26.392022482383226
real_estate_agent,Советский,1.0,9.0,8.1,5.3,3.0,Софийская,61.8,Площадь Маркса,0,38,54.854631,82.975685,15.078,19.83490919724765,0,Удалённая,0.0,7.679334401465692
real_estate_agent,Кировский,6.0,9.0,7.8,5.75,3.0,Оловозаводская,64.7,Спортивная,0,44,54.964876,82.958195,4.116,7.648857999301417,0,Автомобильная,0.0,16.041915967060017
real_estate_agent,Кировский,5.0,5.0,5.8,6.0,3.0,Новогодняя,58.8,Площадь Маркса,0,63,54.982786,82.906371,0.651,5.344105893969187,0,Комфортная,0.0,19.583323410724145
real_estate_agent,Советский,24.0,26.0,16.0,18.0,3.0,Иванова,86.3,Площадь Маркса,0,7,54.865679,83.086313,17.769,21.13619931187344,0,Удалённая,0.0,2.5051602910235644
real_estate_agent,Октябрьский,14.0,14.0,10.4,13.0,3.0,Федосеева,95.1,Золотая Нива,0,20,55.039527,82.967007,0.592,3.14494997739036,1,Комфортная,0.592,23.24928511461173
real_estate_agent,Ленинский,2.0,10.0,11.3,8.87,3.0,Горская,67.0,Спортивная,0,26,54.993913,82.911698,0.537,4.069357077007883,1,Комфортная,0.537,20.377500246472856
real_estate_agent,Ленинский,1.0,4.0,8.0,4.6,3.0,Большая,42.8,Площадь Гарина-Михайловского,0,12,55.031489,82.807206,5.904,7.217623111456739,1,Автомобильная,5.904,27.79093951444115
real_estate_agent,Центральный,4.0,23.0,23.9,16.3,3.0,Демьяна Бедного,90.7,Маршала Покрышкина,0,11,55.048972,82.935719,0.496,2.3068429721459376,1,Пешеходная,0.496,24.976137778871298
real_estate_agent,Советский,9.0,9.0,7.8,6.5,3.0,Иванова,59.6,Площадь Маркса,0,21,54.867943,83.093804,17.92,21.164843860158644,0,Удалённая,0.0,2.70688440576005
real_estate_agent,Дзержинский,7.0,9.0,6.9,8.0,3.0,Кошурникова,60.7,Березовая Роща,0,57,55.043726,82.957395,0.353,2.7964204590297825,1,Пешеходная,0.353,23.904553670761764
real_estate_agent,Заельцовский,4.0,5.0,15.0,8.4,3.0,Красный проспект,92.7,Заельцовская,0,71,55.061446,82.911402,0.282,3.5255798944474908,1,Пешеходная,0.282,26.88618538711834
real_estate_agent,Центральный,5.0,5.0,7.0,9.3,3.0,Селезнева,58.0,Березовая Роща,0,18,55.043432,82.945331,0.419,2.1662600056820325,1,Пешеходная,0.419,24.16656392616729
real_estate_agent,Октябрьский,8.0,16.0,12.9,9.1,3.0,Ключ-Камышенское плато,80.2,Золотая Нива,0,4,54.988267,83.043849,6.993,9.1450016094638,1,Автомобильная,6.993,16.403710727015188
real_estate_agent,Железнодорожный,5.0,11.0,10.0,11.9,3.0,Владимировская,97.5,Площадь Гарина-Михайловского,0,17,55.038573,82.887668,0.838,2.287859834739511,1,Комфортная,0.838,25.374669464657824
real_estate_agent,Октябрьский,3.0,16.0,15.0,9.89,3.0,В. Высоцкого,84.4,Золотая Нива,0,11,55.028352,83.020304,3.025,6.368005433013657,1,Автомобильная,3.025,21.077420170391107
real_estate_agent,Дзержинский,11.0,13.0,14.0,8.0,3.0,Толбухина,80.0,Золотая Нива,0,23,55.041828,83.005491,1.964,5.572834738592819,1,Транспортная,1.964,22.756900407428144
real_estate_agent,Ленинский,3.0,9.0,6.8,4.7,3.0,Новосибирская,58.8,Площадь Маркса,0,46,54.987849,82.842285,3.495,6.85367927305378,1,Автомобильная,3.495,22.722126905104485
real_estate_agent,Октябрьский,2.0,9.0,14.0,9.0,3.0,Бориса Богаткова,80.0,Золотая Нива,0,41,55.029353,82.971436,0.944,3.2515588460344667,1,Комфортная,0.944,22.09114951800539
real_estate_agent,Заельцовский,12.0,17.0,5.0,12.999999,3.0,Лобачевского,94.0,Заельцовская,0,3,55.122246,82.903218,7.058,10.2974380673459,1,Удалённая,7.058,33.291820504980244
real_estate_agent,Калининский,9.0,9.0,7.3,6.4,3.0,Фадеева,65.0,Заельцовская,0,34,55.092844,82.937174,4.075,7.050621646622933,1,Автомобильная,4.075,29.469161424177944
real_estate_agent,Первомайский,2.0,9.0,5.0,8.5,3.0,Маяковского,65.0,Золотая Нива,0,17,54.970856,83.098314,10.778,13.122279758350247,0,Удалённая,0.0,14.15278555459104
real_estate_agent,Ленинский,9.0,17.0,9.8,10.75,3.0,Новосибирская,76.7,Площадь Маркса,0,11,54.987653,82.84419,3.371,6.7810558135887264,1,Автомобильная,3.371,22.620641459135385
real_estate_agent,Ленинский,6.0,10.0,10.2,6.1,3.0,Троллейная,66.2,Площадь Маркса,0,6,54.990953,82.857997,2.62,5.90435112014208,1,Транспортная,2.62,22.274513697768555
real_estate_agent,Калининский,9.0,17.0,10.0,7.6,3.0,Краузе,72.4,Заельцовская,0,16,55.115393,82.936195,6.448,9.52987809805281,1,Автомобильная,6.448,31.857441349567008
real_estate_agent,Первомайский,6.0,17.0,12.7,7.12,3.0,Одоевского,68.5,Речной вокзал,0,14,54.937846,83.104701,13.294,15.607772002258574,0,Удалённая,0.0,10.501583659424199
real_estate_agent,Советский,3.0,10.0,9.0,5.7,3.0,Экваторная,62.0,Спортивная,0,30,54.888486,83.100551,16.507,19.504312707119013,0,Удалённая,0.0,5.008137956993082
real_estate_agent,Калининский,5.0,10.0,11.0,9.75,3.0,Дунаевского,72.4,Заельцовская,0,9,55.102781,82.975829,6.316,8.811246425463183,1,Автомобильная,6.316,29.79169331674705
real_estate_agent,Ленинский,6.0,15.0,8.4,10.0,3.0,Стартовая,81.4,Спортивная,0,13,54.998638,82.90753,0.908,3.6009143200994247,1,Комфортная,0.908,20.960577173835258
real_estate_agent,Октябрьский,22.0,22.0,6.0,11.3,3.0,Кошурникова,69.1,Золотая Нива,0,12,55.039873,82.965444,0.699,3.064471539235317,1,Комфортная,0.699,23.320318874371697
real_estate_agent,Советский,3.0,9.0,8.2,6.2,3.0,Молодости,60.8,Площадь Маркса,0,39,54.860875,82.967959,14.259,19.067294581420956,0,Удалённая,0.0,8.300059265047748
real_estate_agent,Калининский,7.0,13.0,8.3,13.092267,3.0,Красный проспект,66.3,Заельцовская,0,6,55.114817,82.931775,6.325,9.44051309089754,1,Автомобильная,6.325,31.887210987124963
real_estate_agent,Октябрьский,10.0,10.0,11.0,9.05,3.0,Сакко и Ванцетти,65.0,Речной вокзал,0,27,55.013725,82.938998,0.499,2.177554337841477,1,Пешеходная,0.499,21.355511467530114
real_estate_agent,Ленинский,8.0,15.0,12.0,14.5,3.0,проспект Карла Маркса,94.5,Площадь Маркса,0,14,54.985555,82.898026,0.38,5.16213834473377,1,Пешеходная,0.38,20.154546004432753
real_estate_agent,Дзержинский,9.0,25.0,11.9,10.6,3.0,Королева,66.1,Березовая Роща,0,2,55.051773,82.97016,1.497,3.976154644970644,1,Комфортная,1.497,24.463590422842444
real_estate_agent,Калининский,3.0,16.0,18.6,10.5,3.0,Красный проспект,72.8,Заельцовская,0,8,55.108498,82.925873,5.568,8.717108200911376,1,Автомобильная,5.568,31.350751984184164
real_estate_agent,Ленинский,17.0,17.0,17.7,8.05,3.0,Спортивная,61.4,Площадь Маркса,0,2,54.982461,82.780661,7.372,10.37224998850342,1,Удалённая,7.372,25.29378060692736
real_estate_agent,Октябрьский,7.0,10.0,6.0,5.76,3.0,Плющихинский жилмассив,87.0,Золотая Нива,0,2,55.019377,83.010602,3.006,5.870982474014471,1,Автомобильная,3.006,20.260395524753275
real_estate_agent,Заельцовский,1.0,9.0,7.2,6.4,3.0,Кропоткина,61.3,Заельцовская,0,56,55.055939,82.920367,0.6,2.865941410819061,1,Комфортная,0.6,26.08761716701808
real_estate_agent,Железнодорожный,20.0,29.0,10.0,19.0,3.0,Максима Горького,67.9,Площадь Ленина,0,11,55.025792,82.908239,0.917,0.9169210674084218,1,Комфортная,0.917,23.481776444956697
real_estate_agent,Кировский,9.0,9.0,7.0,4.3,3.0,Зорге,60.0,Площадь Маркса,0,53,54.927801,82.920924,6.262,11.382400068452077,0,Автомобильная,0.0,14.503345842668848
real_estate_agent,Ленинский,4.0,9.0,6.0,6.984,3.0,Романтиков,58.2,Площадь Гарина-Михайловского,0,2,55.025606,82.804457,6.161,7.409219724662435,1,Автомобильная,6.161,27.421663433277768
real_estate_agent,Ленинский,2.0,5.0,10.0,9.7,3.0,Костычева,60.0,Площадь Маркса,0,73,54.984698,82.875379,1.355,5.815073450600673,1,Комфортная,1.355,21.013922852332776
real_estate_agent,Первомайский,2.0,4.0,6.0,4.85,3.0,Первомайская,55.2,Золотая Нива,0,66,54.974137,83.071984,9.35,11.498955483215694,0,Удалённая,0.0,14.583736705421458
real_estate_agent,Октябрьский,16.0,25.0,18.0,12.1,3.0,Военная,65.0,Октябрьская,0,12,55.02813,82.940219,1.039,1.280963624712417,1,Комфортная,1.039,22.751921893022434
real_estate_agent,Октябрьский,2.0,10.0,25.5,7.5,3.0,Виталия Потылицына,86.7,Золотая Нива,0,11,55.016998,83.010854,3.201,5.946420586363771,1,Автомобильная,3.201,20.00107296927051
real_estate_agent,Заельцовский,5.0,6.0,24.0,17.0,3.0,Победы,57.1,Заельцовская,0,4,55.067412,82.878074,2.389,4.943222495715981,1,Транспортная,2.389,28.453470313136318
real_estate_agent,Железнодорожный,2.0,5.0,4.9,8.45,3.0,Комсомольский проспект,58.2,Площадь Гарина-Михайловского,0,59,55.032495,82.904197,0.436,1.0668326286271097,1,Пешеходная,0.436,24.255359774975123
real_estate_agent,Дзержинский,4.0,9.0,7.0,6.4,3.0,Бориса Богаткова,59.7,Золотая Нива,0,53,55.041225,82.986923,0.832,4.411571108744526,1,Комфортная,0.832,23.01642150574079
real_estate_agent,Ленинский,3.0,5.0,6.1,6.75,3.0,Геодезическая,58.0,Студенческая,0,6,54.986661,82.911698,0.407,4.869406914953508,1,Пешеходная,0.407,19.722104042544714
real_estate_agent,Октябрьский,4.0,8.0,25.0,9.7,3.0,Большевистская,64.8,Речной вокзал,0,2,54.994321,82.967313,2.518,4.981844058583097,1,Транспортная,2.518,18.61532843453612
real_estate_agent,Калининский,4.0,14.0,16.5,8.09,3.0,Тайгинская,60.5,Заельцовская,0,2,55.114204,82.978892,7.448,10.058502301508971,1,Удалённая,7.448,30.97486407031348
real_estate_agent,Центральный,4.0,12.0,8.2,12.5,3.0,Мичурина,83.7,Красный проспект,0,32,55.045718,82.922334,0.555,1.7336381095661373,1,Комфортная,0.555,25.00891591920479
real_estate_agent,Заельцовский,6.0,10.0,10.7,7.9,3.0,Балакирева,63.4,Гагаринская,0,32,55.051092,82.903191,0.74,2.5733387441430544,1,Комфортная,0.74,26.09523939143646
real_estate_agent,Ленинский,4.0,9.0,15.7,8.0,3.0,Титова,63.2,Площадь Маркса,0,7,54.979702,82.799983,6.146,9.51261213616577,1,Автомобильная,6.146,24.13422880746399
real_estate_agent,Заельцовский,7.0,19.0,17.3,8.4,3.0,Дуси Ковальчук,96.86,Гагаринская,0,1,55.053046,82.897792,1.109,2.92482858498757,1,Комфортная,1.109,26.44906834190392
real_estate_agent,Заельцовский,17.0,19.0,17.2,9.3,3.0,Дуси Ковальчук,99.41,Гагаринская,0,11,55.053046,82.897792,1.109,2.92482858498757,1,Комфортная,1.109,26.44906834190392
real_estate_agent,Заельцовский,3.0,5.0,6.5,5.3,3.0,Аэропорт,52.1,Заельцовская,0,3,55.078942,82.905778,2.26,5.503519072010229,1,Транспортная,2.26,28.798402204124805
real_estate_agent,Калининский,7.0,18.0,14.0,8.9,3.0,Игарская,78.0,Заельцовская,0,1,55.099742,82.942492,4.914,7.863048867522804,1,Автомобильная,4.914,30.080466165917034
real_estate_agent,Ленинский,10.0,10.0,10.5,13.0,3.0,Стартовая,84.6,Спортивная,0,19,54.996035,82.911303,0.574,3.83949589690423,1,Комфортная,0.574,20.58561838280409
real_estate_agent,Советский,1.0,4.0,8.8,5.25,3.0,Боровая Партия,63.3,Площадь Маркса,0,40,54.811275,83.09473,22.865,26.766918626473117,0,Удалённая,0.0,3.59460251540111
real_estate_agent,Ленинский,8.0,13.0,11.7,8.0,3.0,Волховская,83.1,Площадь Маркса,0,28,54.970179,82.836123,4.064,8.567771577559794,1,Автомобильная,4.064,21.681250533653568
real_estate_agent,Заельцовский,17.0,18.0,16.8,13.5,3.0,Аэропорт,81.3,Заельцовская,0,3,55.078226,82.912569,2.138,5.367578258161752,1,Транспортная,2.138,28.547388450163506
real_estate_agent,Железнодорожный,14.0,14.0,8.7,12.5,3.0,Дмитрия Шамшурина,70.9,Площадь Гарина-Михайловского,0,11,55.028682,82.903748,0.792,1.0762675982759815,1,Комфортная,0.792,23.904016135992862
real_estate_agent,Железнодорожный,4.0,9.0,5.0,11.0,3.0,Челюскинцев,60.4,Площадь Гарина-Михайловского,0,58,55.03735,82.901825,0.259,1.42998800962001,1,Пешеходная,0.259,24.79864475576396
real_estate_agent,Советский,5.0,10.0,21.7,8.0,3.0,Боровая Партия,62.7,Площадь Маркса,0,21,54.81157,83.097604,22.94,26.81410663194651,0,Удалённая,0.0,3.568638288822848
real_estate_agent,Ленинский,3.0,5.0,5.6,4.8,3.0,Фасадная,62.2,Площадь Маркса,0,58,54.984579,82.819055,4.929,8.215064808297093,1,Автомобильная,4.929,23.553807861317118
real_estate_agent,Октябрьский,9.0,17.0,11.9,11.7,3.0,Большевистская,75.9,Речной вокзал,0,13,54.990995,82.975326,3.147,5.587457706713564,1,Автомобильная,3.147,18.062095020892038
real_estate_agent,Заельцовский,11.0,25.0,11.1,11.65,3.0,Сухарная,96.6,Площадь Гарина-Михайловского,0,4,55.04646,82.865794,2.48,3.924932613347529,1,Транспортная,2.48,26.859316812850363
real_estate_agent,Заельцовский,3.0,11.0,19.3,13.99999,3.0,Красный проспект,95.8,Заельцовская,0,3,55.075716,82.911411,1.86,5.097555932832565,1,Транспортная,1.86,28.323061374176355
real_estate_agent,Кировский,8.0,10.0,7.1,5.35,3.0,Герцена,60.0,Спортивная,0,38,54.959335,82.970097,5.068,8.489104821252386,0,Автомобильная,0.0,15.115245850985193
real_estate_agent,Дзержинский,4.0,9.0,8.0,7.6,3.0,Есенина,62.4,Золотая Нива,0,3,55.051809,82.99366,1.964,5.249557386970211,1,Транспортная,1.964,24.02390272731278
real_estate_agent,Ленинский,1.0,9.0,7.0,5.85,3.0,Широкая,59.5,Площадь Маркса,0,6,54.992983,82.846157,3.406,6.286804572062942,1,Автомобильная,3.406,22.956434144133812
real_estate_agent,Дзержинский,5.0,10.0,9.7,17.0,3.0,Планетная,68.6,Березовая Роща,0,10,55.049674,82.951332,0.71,2.929343351196437,1,Комфортная,0.71,24.661718241194126
real_estate_agent,Центральный,4.0,19.0,10.9,12.65,3.0,Николая Островского,78.0,Маршала Покрышкина,0,11,55.051355,82.938917,0.809,2.634060820898193,1,Комфортная,0.809,25.137305576808494
real_estate_agent,Октябрьский,3.0,10.0,15.2,11.9,3.0,Владимира Заровного,75.7,Речной вокзал,0,9,54.990716,82.969873,2.912,5.40167265064866,1,Транспортная,2.912,18.183400622951464
real_estate_agent,Первомайский,2.0,14.0,18.7,9.98,3.0,Заречная,78.0,Речной вокзал,0,11,54.97963,83.04976,7.873,9.97951741040551,0,Удалённая,0.0,15.389079027580697
real_estate_agent,Дзержинский,7.0,9.0,7.2,4.8,3.0,Гусинобродское шоссе,63.2,Золотая Нива,0,52,55.038521,83.008707,2.113,5.701219126293064,1,Транспортная,2.113,22.349962778291584
real_estate_agent,Ленинский,4.0,9.0,8.9,8.12,3.0,Киевская,71.2,Площадь Маркса,0,6,54.990623,82.852373,2.945,6.1779255550713295,1,Транспортная,2.945,22.492912831625535
real_estate_agent,Первомайский,5.0,5.0,6.4,5.9,3.0,Пришвина,55.8,Речной вокзал,0,44,54.936936,83.119766,14.134,16.40790803009351,0,Удалённая,0.0,10.507488076954475
real_estate_agent,Октябрьский,2.0,5.0,5.4,6.7,3.0,Бориса Богаткова,61.6,Золотая Нива,0,58,55.034358,82.970259,0.488,3.20914425394644,1,Пешеходная,0.488,22.638347527207483
real_estate_agent,Железнодорожный,3.0,5.0,5.3,6.2,3.0,Владимировский спуск,54.7,Площадь Гарина-Михайловского,0,62,55.03345,82.888926,0.714,2.0410280088966672,1,Комфортная,0.714,24.84769101763026
real_estate_agent,Дзержинский,3.0,10.0,6.8,6.5,3.0,Учительская,56.6,Березовая Роща,0,34,55.074809,82.975191,3.805,6.066857098474243,1,Автомобильная,3.805,26.806678234200152
real_estate_agent,Железнодорожный,4.0,5.0,6.0,6.2,3.0,Советская,56.1,Красный проспект,0,59,55.03881,82.913557,0.395,1.0565114402264266,1,Пешеходная,0.395,24.57935851732068
real_estate_agent,Ленинский,2.0,5.0,6.0,5.1,3.0,Немировича-Данченко,50.9,Площадь Маркса,0,61,54.968877,82.863135,2.585,7.733006375685968,1,Транспортная,2.585,20.299167088756583
real_estate_agent,Кировский,7.0,9.0,10.7,6.9,3.0,Чигорина,63.2,Спортивная,0,49,54.959537,82.957548,4.586,8.202499569881113,0,Автомобильная,0.0,15.569666573665984
real_estate_agent,Центральный,1.0,5.0,6.0,5.0,3.0,Гоголя,54.0,Маршала Покрышкина,0,67,55.044082,82.926826,0.473,1.60016949605072,1,Пешеходная,0.473,24.720328929656752
real_estate_agent,Кировский,9.0,9.0,7.0,6.2,3.0,Зорге,66.1,Площадь Маркса,0,55,54.936295,82.916181,5.272,10.44139795938637,0,Автомобильная,0.0,15.352854325062761
real_estate_agent,Кировский,8.0,10.0,9.0,5.5,3.0,Петухова,66.4,Площадь Маркса,0,33,54.939615,82.918013,4.946,10.069887350892197,0,Автомобильная,0.0,15.517524386429699
real_estate_agent,Калининский,4.0,10.0,9.0,5.7,3.0,Свечникова,66.2,Заельцовская,0,24,55.112561,82.945951,6.323,9.304907065718629,1,Автомобильная,6.323,31.365746624894953
real_estate_agent,Первомайский,8.0,17.0,12.8,7.99,3.0,Березовая,76.1,Речной вокзал,0,17,54.9372,83.109229,13.569,15.873295498697944,0,Удалённая,0.0,10.452721147673701
real_estate_agent,Калининский,10.0,10.0,14.0,8.7,3.0,Михаила Немыткина,73.1,Заельцовская,0,13,55.108689,82.944963,5.897,8.870014050215968,1,Автомобильная,5.897,30.974948744665753
real_estate_agent,Заельцовский,1.0,9.0,6.8,5.49,3.0,Дуси Ковальчук,74.5,Гагаринская,0,44,55.052897,82.892465,1.44,3.092748774345451,1,Комфортная,1.44,26.597509025331316
real_estate_agent,Октябрьский,4.0,5.0,5.9,6.2,3.0,Бориса Богаткова,57.6,Золотая Нива,0,54,55.033424,82.969064,0.616,3.120092618963051,1,Комфортная,0.616,22.568000611834666
real_estate_agent,Советский,5.0,5.0,6.0,4.899,3.0,Барьерная,61.7,Площадь Маркса,0,59,54.863244,82.98377,14.373,18.996364933313696,0,Удалённая,0.0,7.392476227389929
real_estate_agent,Октябрьский,4.0,9.0,7.0,7.3,3.0,Федосеева,56.8,Золотая Нива,0,41,55.031056,82.975694,0.717,3.5229921399393653,1,Комфортная,0.717,22.173999927851124
real_estate_agent,Калининский,5.0,5.0,7.0,3.55,3.0,Новоуральская,59.4,Заельцовская,0,54,55.173216,82.960216,13.056,16.1065990383006,1,Удалённая,13.056,37.63274600816242
real_estate_agent,Октябрьский,9.0,9.0,7.2,6.49,3.0,Бориса Богаткова,62.4,Золотая Нива,0,54,55.033713,82.974616,0.426,3.475249301386891,1,Пешеходная,0.426,22.475157531860102
real_estate_agent,Кировский,5.0,5.0,8.0,7.5,3.0,Сибиряков-Гвардейцев,77.4,Площадь Маркса,0,65,54.97854,82.897316,0.424,5.926761372412017,0,Пешеходная,0.0,19.579482238584795
real_estate_agent,Заельцовский,8.0,9.0,7.0,7.5,3.0,Кропоткина,59.0,Гагаринская,0,45,55.0543,82.930823,1.088,2.764079003167448,1,Комфортная,1.088,25.644214280085254
real_estate_agent,Заельцовский,5.0,5.0,8.0,8.85,3.0,Красный проспект,77.0,Заельцовская,0,69,55.062735,82.911096,0.426,3.6701705876459263,1,Пешеходная,0.426,27.02375382675851
real_estate_agent,Ленинский,4.0,9.0,7.1,6.8,3.0,Степная,69.6,Площадь Маркса,0,41,54.977573,82.861832,2.255,6.94019587043782,1,Транспортная,2.255,21.032112911738782
real_estate_agent,Заельцовский,2.0,25.0,22.0,11.5,3.0,Светлановская,65.8,Заельцовская,0,5,55.07753,82.923969,2.184,5.27155279668672,1,Транспортная,2.184,28.18837201873969
real_estate_agent,Калининский,5.0,9.0,6.9,5.9,3.0,Менделеева,63.1,Березовая Роща,0,47,55.071742,82.959533,3.2,5.251245244238454,1,Автомобильная,3.2,26.783608066913978
real_estate_agent,Заельцовский,5.0,9.0,7.2,6.59,3.0,Дуси Ковальчук,62.8,Заельцовская,0,48,55.056569,82.904152,0.602,3.113895690581468,1,Комфортная,0.602,26.60680452385467
real_estate_agent,Кировский,3.0,15.0,13.0,8.29,3.0,Виктора Уса,76.0,Площадь Маркса,0,14,54.939636,82.883751,4.81,10.334899136682504,0,Автомобильная,0.0,17.17531599930386
real_estate_agent,Первомайский,2.0,5.0,7.1,5.5,3.0,Шукшина,58.4,Речной вокзал,0,40,54.938901,83.12574,14.328,16.57014003373709,0,Удалённая,0.0,10.788438243926967
real_estate_agent,Кировский,8.0,9.0,7.1,5.35,3.0,Петухова,62.6,Площадь Маркса,0,51,54.936636,82.932746,5.588,10.42956776838528,0,Автомобильная,0.0,14.611843432122726
real_estate_agent,Ленинский,3.0,5.0,16.1,13.5,3.0,Пархоменко,92.9,Площадь Маркса,0,82,54.988314,82.874786,1.521,5.488998438291273,1,Транспортная,1.521,21.340263939615088
real_estate_agent,Заельцовский,9.0,9.0,7.1,8.0,3.0,Дуси Ковальчук,57.7,Площадь Гарина-Михайловского,0,46,55.049292,82.887848,1.717,2.972318171973942,1,Транспортная,1.717,26.393668903707333
real_estate_agent,Ленинский,1.0,17.0,20.1,6.4,3.0,Междуреченская,59.7,Площадь Гарина-Михайловского,0,7,55.02283,82.862551,2.744,3.778474962004053,1,Транспортная,2.744,24.819345311548943
real_estate_agent,Октябрьский,3.0,10.0,8.5,4.89,3.0,Виталия Потылицына,59.24,Золотая Нива,0,12,55.016745,83.008788,3.131,5.826034747333882,1,Автомобильная,3.131,20.009510960106784
real_estate_agent,Заельцовский,8.0,9.0,6.9,7.0,3.0,Рельсовая,56.5,Заельцовская,0,54,55.056734,82.921247,0.606,2.954789788475264,1,Комфортная,0.606,26.14383016639174
real_estate_agent,Дзержинский,1.0,5.0,7.7,5.3,3.0,Доватора,59.6,Золотая Нива,0,53,55.03961,83.002715,1.744,5.347241560116836,1,Транспортная,1.744,22.563357243566845
real_estate_agent,Центральный,4.0,11.0,12.7,15.97,3.0,Крылова,93.7,Маршала Покрышкина,0,13,55.042586,82.937201,0.294,1.7460833707561028,1,Пешеходная,0.294,24.289714972580008
real_estate_agent,Ленинский,8.0,9.0,9.0,6.6,3.0,Пархоменко,62.8,Площадь Маркса,0,47,54.986873,82.842348,3.473,6.925791073967617,1,Автомобильная,3.473,22.642925208217054
real_estate_agent,Заельцовский,2.0,9.0,10.0,9.8,3.0,Владимировская,58.0,Площадь Гарина-Михайловского,0,9,55.043933,82.885359,1.313,2.709138871300817,1,Комфортная,1.313,25.96071993845719
real_estate_agent,Октябрьский,2.0,10.0,8.7,6.2,3.0,В. Высоцкого,64.3,Золотая Нива,0,38,55.030426,83.011141,2.398,5.7807582243743045,1,Транспортная,2.398,21.43935801389405
real_estate_agent,Советский,5.0,5.0,6.0,4.45,3.0,Шлюзовая,62.0,Площадь Маркса,0,58,54.851749,83.043247,17.293,21.33345136357217,0,Удалённая,0.0,3.379392836520872
real_estate_agent,Кировский,14.0,25.0,16.6,12.0,3.0,Немировича-Данченко,57.5,Площадь Маркса,0,7,54.978359,82.914061,1.221,5.774892371939792,0,Комфортная,0.0,18.893713585487458
real_estate_agent,Ленинский,5.0,9.0,7.0,6.2,3.0,9-й Гвардейской Дивизии,61.3,Площадь Маркса,0,42,54.966189,82.843875,3.79,8.628543756378562,1,Автомобильная,3.79,21.016901707046134
real_estate_agent,Кировский,2.0,9.0,7.0,4.99,3.0,Зорге,60.1,Площадь Маркса,0,53,54.932177,82.897594,5.574,10.992821651836588,0,Автомобильная,0.0,15.967501319418465
real_estate_agent,Кировский,3.0,5.0,6.4,4.85,3.0,Зорге,59.2,Площадь Маркса,0,63,54.937722,82.911204,5.049,10.29605603333548,0,Автомобильная,0.0,15.695422354726839
real_estate_agent,Кировский,3.0,9.0,7.0,6.5,3.0,Петухова,60.1,Площадь Маркса,0,50,54.939238,82.920268,5.029,10.110626776909244,0,Автомобильная,0.0,15.384222349457591
real_estate_agent,Дзержинский,4.0,25.0,25.0,13.8,3.0,Адриена Лежена,75.3,Золотая Нива,0,7,55.038717,82.986887,0.732,4.339987036622431,1,Комфортная,0.732,22.751071801051726
real_estate_agent,Дзержинский,14.0,17.0,13.4,12.9,3.0,Республиканская,75.9,Березовая Роща,0,8,55.06819,82.970897,3.021,5.311299281383742,1,Автомобильная,3.021,26.18288392150871
real_estate_agent,Ленинский,4.0,6.0,8.0,7.8,3.0,Дивногорская,70.2,Площадь Гарина-Михайловского,0,13,55.024012,82.81062,5.81,7.032561385935551,1,Автомобильная,5.81,27.025973724381053
real_estate_agent,Дзержинский,3.0,14.0,12.8,11.0,3.0,Есенина,99.0,Золотая Нива,0,8,55.034461,82.99428,1.237,4.7300697900864686,1,Комфортная,1.237,22.159877560876584
real_estate_agent,Дзержинский,2.0,5.0,7.6,5.8,3.0,проспект Дзержинского,76.9,Золотая Нива,0,72,55.062859,82.989133,2.949,5.689327441901797,1,Транспортная,2.949,25.284994175007668
real_estate_agent,Советский,3.0,5.0,5.5,5.3,3.0,Шлюзовая,61.1,Площадь Маркса,0,58,54.851749,83.043247,17.293,21.33345136357217,0,Удалённая,0.0,3.379392836520872
real_estate_agent,Заельцовский,3.0,10.0,8.0,11.4,3.0,Балакирева,71.7,Гагаринская,0,32,55.051092,82.903191,0.74,2.5733387441430544,1,Комфортная,0.74,26.09523939143646
real_estate_agent,Кировский,4.0,5.0,18.5,4.6,3.0,Петухова,58.9,Площадь Маркса,0,52,54.937381,82.930428,5.452,10.336789203244974,0,Автомобильная,0.0,14.775190429385782
real_estate_agent,Ленинский,12.0,18.0,13.7,8.0,3.0,Спортивная,79.4,Площадь Маркса,0,4,54.981443,82.785188,7.084,10.18510234043356,1,Удалённая,7.084,24.99584723488021
real_estate_agent,Дзержинский,6.0,9.0,7.0,6.25,3.0,Толбухина,62.1,Золотая Нива,0,51,55.042282,83.008905,2.188,5.79612452990766,1,Транспортная,2.188,22.75266266173673
real_estate_agent,Кировский,4.0,5.0,5.7,4.8,3.0,Зорге,58.0,Площадь Маркса,0,52,54.934784,82.919325,5.486,10.606120205108809,0,Автомобильная,0.0,15.09119523902769
real_estate_agent,Ленинский,3.0,13.0,8.8,6.35,3.0,Волховская,66.5,Площадь Маркса,0,28,54.970179,82.836123,4.064,8.567771577559794,1,Автомобильная,4.064,21.681250533653568
real_estate_agent,Октябрьский,9.0,16.0,18.8,11.7,3.0,Ключ-Камышенское плато,90.9,Золотая Нива,0,4,54.989207,83.040319,6.772,8.898021782608765,1,Автомобильная,6.772,16.55159233715563
real_estate_agent,Ленинский,8.0,17.0,19.2,7.25,3.0,Междуреченская,80.4,Площадь Гарина-Михайловского,0,8,55.021891,82.862282,2.813,3.819060261912151,1,Транспортная,2.813,24.745967261618695
real_estate_agent,Октябрьский,1.0,5.0,7.0,5.1,3.0,Большевистская,56.0,Речной вокзал,0,45,54.997869,82.967385,2.28,4.675065303563317,1,Транспортная,2.28,18.969174754373817
real_estate_agent,Дзержинский,9.0,9.0,7.1,6.6,3.0,Адриена Лежена,60.1,Золотая Нива,0,53,55.040456,82.985378,0.704,4.29357243154104,1,Комфортная,0.704,22.96446239681447
real_estate_agent,Центральный,4.0,9.0,6.4,9.99,3.0,Лермонтова,58.1,Маршала Покрышкина,0,54,55.044552,82.926736,0.476,1.6493587593580448,1,Пешеходная,0.476,24.76992124296794
real_estate_agent,Советский,4.0,9.0,15.0,11.0,3.0,Русская,82.0,Площадь Маркса,0,12,54.844731,83.057108,18.433,22.3914058476574,0,Удалённая,0.0,2.3717970201734135
real_estate_agent,Дзержинский,3.0,5.0,6.2,5.7,3.0,Республиканская,55.2,Березовая Роща,0,67,55.064921,82.961087,2.474,4.65208049367296,1,Транспортная,2.474,26.03406615368732
real_estate_agent,Дзержинский,24.0,25.0,16.0,12.3,3.0,Гоголя,65.0,Березовая Роща,0,6,55.04987,82.968166,1.268,3.7482447345663217,1,Комфортная,1.268,24.305365538078952
real_estate_agent,Советский,1.0,9.0,7.0,5.4,3.0,Бердышева,59.0,Площадь Маркса,0,41,54.86256,82.969172,14.107,18.894939478211622,0,Удалённая,0.0,8.270143815763511
real_estate_agent,Первомайский,10.0,16.0,12.2,12.0,3.0,Героев Революции,87.8,Золотая Нива,0,15,54.975961,83.082099,9.641,11.94239705497438,0,Удалённая,0.0,14.737850347346354
real_estate_agent,Ленинский,1.0,10.0,9.1,6.5,3.0,Степная,67.6,Площадь Маркса,0,4,54.975935,82.808625,5.633,9.3385189377324,1,Автомобильная,5.633,23.44195252754134
real_estate_agent,Первомайский,2.0,4.0,6.2,4.35,3.0,Сызранская,59.4,Речной вокзал,0,62,54.964308,83.063334,9.449,11.691861557709124,0,Удалённая,0.0,13.565469664881839
real_estate_agent,Первомайский,1.0,16.0,10.6,8.0,3.0,Заречная,74.3,Речной вокзал,0,15,54.978054,83.047335,7.809,9.953224874965237,0,Удалённая,0.0,15.246509517717161
real_estate_agent,Заельцовский,1.0,9.0,9.8,6.0,3.0,Кропоткина,59.9,Заельцовская,0,54,55.056677,82.923888,0.764,2.9561919484722297,1,Комфортная,0.764,26.067316934082836
real_estate_agent,Заельцовский,4.0,9.0,7.2,6.5,3.0,Дуси Ковальчук,60.3,Площадь Гарина-Михайловского,0,46,55.049292,82.887848,1.717,2.972318171973942,1,Транспортная,1.717,26.393668903707333
real_estate_agent,Центральный,4.0,17.0,13.0,19.5,3.0,Семьи Шамшиных,100.0,Площадь Ленина,0,18,55.02797,82.935009,0.964,0.9603093917559044,1,Комфортная,0.964,22.881750853961133
real_estate_agent,Заельцовский,5.0,5.0,9.0,6.5,3.0,Аэропорт,73.4,Заельцовская,0,16,55.081555,82.902275,2.593,5.830197266408157,1,Транспортная,2.593,29.155731079525957
real_estate_agent,Ленинский,5.0,5.0,6.0,6.0,3.0,Титова,57.8,Площадь Маркса,0,59,54.980668,82.863602,2.088,6.589964379558046,1,Транспортная,2.088,21.19807576926176
real_estate_agent,Кировский,7.0,9.0,7.0,5.2,3.0,Зорге,58.0,Площадь Маркса,0,54,54.93151,82.922083,5.884,10.97043888402156,0,Автомобильная,0.0,14.717067363611939
real_estate_agent,Калининский,15.0,17.0,18.7,8.05,3.0,Мясниковой,60.1,Заельцовская,0,10,55.105872,82.947559,5.667,8.593542968887126,1,Автомобильная,5.667,30.626124489361793
real_estate_agent,Октябрьский,8.0,15.0,5.0,8.8,3.0,В. Высоцкого,60.3,Золотая Нива,0,13,55.029632,83.01999,2.961,6.344977147159431,1,Транспортная,2.961,21.22061708085436
real_estate_agent,Центральный,7.0,10.0,10.8,16.8,3.0,Гоголя,97.6,Маршала Покрышкина,0,20,55.043386,82.935683,0.165,1.762133609589364,1,Пешеходная,0.165,24.410759371679276
real_estate_agent,Первомайский,5.0,5.0,7.5,5.2,3.0,Звездная,60.2,Речной вокзал,0,55,54.954233,83.067053,10.277,12.600183911772415,0,Удалённая,0.0,12.422789105711981
real_estate_agent,Ленинский,2.0,5.0,5.8,5.8,3.0,Котовского,76.1,Площадь Маркса,0,56,54.991077,82.866099,2.154,5.558304023849109,1,Транспортная,2.154,21.93734111054297
real_estate_agent,Железнодорожный,3.0,5.0,6.0,5.3,3.0,Дмитрия Шамшурина,41.7,Площадь Гарина-Михайловского,0,58,55.0383,82.895187,0.428,1.8458203830686304,1,Пешеходная,0.428,25.102304827901534
real_estate_agent,Советский,4.0,4.0,5.8,12.5,3.0,Академическая,57.9,Площадь Маркса,0,63,54.834641,83.111205,21.412,24.92423223899632,0,Удалённая,0.0,1.4805747978246306
real_estate_agent,Кировский,2.0,9.0,7.2,5.1,3.0,Зорге,61.9,Площадь Маркса,0,50,54.931495,82.927284,5.988,10.980301463328429,0,Автомобильная,0.0,14.468962171115047
real_estate_agent,Ленинский,11.0,17.0,17.9,9.6,3.0,Рельефная,80.6,Площадь Маркса,0,2,54.975083,82.811994,5.433,9.238103600075624,1,Автомобильная,5.433,23.21507415130929
real_estate_agent,Дзержинский,4.0,5.0,6.0,6.5,3.0,Гоголя,62.5,Березовая Роща,0,59,55.045516,82.958186,0.47,2.949496900440234,1,Пешеходная,0.47,24.071616731975883
real_estate_agent,Дзержинский,3.0,5.0,6.0,5.7,3.0,Республиканская,55.4,Березовая Роща,0,68,55.065164,82.961483,2.507,4.688569225879245,1,Транспортная,2.507,26.05137176964522
real_estate_agent,Советский,2.0,2.0,7.3,4.65,3.0,Красноуфимская,61.3,Площадь Маркса,0,68,54.851505,82.974859,15.388,20.16791774770884,0,Удалённая,0.0,7.684355786006785
real_estate_agent,Октябрьский,5.0,9.0,9.2,8.5,3.0,Бориса Богаткова,64.0,Золотая Нива,0,15,55.029183,82.964959,1.147,2.8396225096714427,1,Комфортная,1.147,22.22372288346716
real_estate_agent,Советский,4.0,9.0,8.7,13.0,3.0,Полевая,61.7,Спортивная,0,41,54.865285,83.109067,18.788,21.93723213228787,0,Удалённая,0.0,2.5946136430659537
real_estate_agent,Калининский,9.0,10.0,8.7,7.7,3.0,Родники,62.3,Заельцовская,0,30,55.109729,82.950856,6.144,9.05662585475495,1,Автомобильная,6.144,30.971909771157062
real_estate_agent,Октябрьский,5.0,10.0,11.0,8.0,3.0,Плющихинская,86.4,Золотая Нива,0,9,55.014277,83.004009,3.154,5.612530857641538,1,Автомобильная,3.154,19.832106141241226
real_estate_agent,Калининский,4.0,4.0,13.0,8.7,3.0,2-й Краснодонский переулок,91.2,Заельцовская,0,72,55.075226,82.949894,2.982,5.350351303590154,1,Транспортная,2.982,27.35165760969831
real_estate_agent,Первомайский,7.0,9.0,6.0,7.5,3.0,Родниковая,61.0,Речной вокзал,0,1,54.986619,83.009156,5.209,7.446514064046357,0,Автомобильная,0.0,16.804161202075363
real_estate_agent,Октябрьский,2.0,8.0,8.6,15.15,3.0,Федосеева,82.7,Золотая Нива,0,7,55.035426,82.964717,0.731,2.881878619839373,1,Комфортная,0.731,22.875114658446268
real_estate_agent,Октябрьский,3.0,12.0,18.0,10.0,3.0,В. Высоцкого,89.4,Золотая Нива,0,13,55.028987,83.02008,2.988,6.351838015141955,1,Транспортная,2.988,21.14943234424423
real_estate_agent,Первомайский,1.0,5.0,7.0,4.9,3.0,Красный Факел,60.6,Золотая Нива,0,55,54.975134,83.09667,10.378,12.797062063685653,0,Удалённая,0.0,14.626836073275713
real_estate_agent,Железнодорожный,8.0,22.0,14.8,12.7,3.0,Фабричная,58.1,Площадь Гарина-Михайловского,0,4,55.0267,82.89472,1.016,1.6836509306714826,1,Комфортная,1.016,24.015518110839942
real_estate_agent,Железнодорожный,4.0,10.0,14.2,14.9,3.0,Ленина,90.0,Площадь Гарина-Михайловского,0,24,55.029786,82.906066,0.748,0.9167854295488213,1,Комфортная,0.748,23.935052908505856
real_estate_agent,Заельцовский,3.0,10.0,25.5,14.8,3.0,Холодильная,76.8,Площадь Гарина-Михайловского,0,18,55.050504,82.884245,1.944,3.229855426051341,1,Транспортная,1.944,26.625514406514085
real_estate_agent,Октябрьский,15.0,29.0,23.0,14.45,3.0,Военная,64.9,Октябрьская,0,3,55.024868,82.949167,0.927,1.9235667432814256,1,Комфортная,0.927,22.1809027216313
real_estate_agent,Ленинский,4.0,5.0,5.8,4.75,3.0,Выставочная,42.0,Площадь Маркса,0,64,54.985535,82.885467,0.774,5.440578558583553,1,Комфортная,0.774,20.66152783580748
real_estate_agent,Дзержинский,12.0,17.0,15.0,11.5,3.0,Бориса Богаткова,97.0,Золотая Нива,0,12,55.043928,82.987237,1.03,4.523304276409863,1,Комфортная,1.03,23.29760137585636
real_estate_agent,Советский,6.0,9.0,6.8,4.6,3.0,Ветлужская,56.6,Площадь Маркса,0,45,54.856574,82.970834,14.771,19.56898387088273,0,Удалённая,0.0,8.02189269986987
real_estate_agent,Октябрьский,9.0,9.0,9.6,7.5,3.0,Лескова,77.5,Октябрьская,0,40,55.012507,82.973385,2.289,3.904793142464695,1,Транспортная,2.289,20.30360570162199
real_estate_agent,Калининский,2.0,10.0,9.0,6.3,3.0,Свечникова,65.6,Заельцовская,0,25,55.113833,82.948762,6.517,9.476623727971528,1,Автомобильная,6.517,31.447225294912656
real_estate_agent,Ленинский,4.0,8.0,7.5,9.2,3.0,Станиславского,88.2,Площадь Маркса,0,67,54.984987,82.871876,1.58,5.901236228176897,1,Транспортная,1.58,21.187329221262075
real_estate_agent,Калининский,13.0,21.0,5.1,11.0,3.0,Тюленина,58.5,Заельцовская,0,2,55.106809,82.952293,5.886,8.76046986064413,1,Автомобильная,5.886,30.63471773466421
real_estate_agent,Заельцовский,3.0,18.0,21.0,9.35,3.0,Аэропорт,69.7,Заельцовская,0,3,55.080158,82.901799,2.451,5.684286936281938,1,Транспортная,2.451,29.02775942183817
real_estate_agent,Калининский,7.0,10.0,12.0,12.95,3.0,Ипподромская,77.1,Маршала Покрышкина,0,21,55.057992,82.938845,1.518,3.309032498646935,1,Транспортная,1.518,25.818621359372596
real_estate_agent,Октябрьский,6.0,10.0,17.8,6.6,3.0,Бориса Богаткова,60.0,Золотая Нива,0,38,55.030643,82.970726,0.823,3.205444766842364,1,Комфортная,0.823,22.241308365094802
real_estate_agent,Ленинский,4.0,9.0,7.0,5.99,3.0,Курганская,60.0,Площадь Маркса,0,53,54.970882,82.842321,3.665,8.262839086867078,1,Автомобильная,3.665,21.43285286698231
real_estate_agent,Центральный,4.0,9.0,13.0,15.0,3.0,Писарева,84.3,Маршала Покрышкина,0,8,55.049844,82.935566,0.59,2.391141439947786,1,Комфортная,0.59,25.06872360030386
real_estate_agent,Дзержинский,5.0,9.0,8.2,7.3,3.0,Есенина,64.0,Золотая Нива,0,47,55.042504,82.990247,1.087,4.655210521852466,1,Комфортная,1.087,23.09033143301557
real_estate_agent,Калининский,18.0,26.0,14.0,16.5,3.0,Танковая,76.9,Заельцовская,0,11,55.060307,82.933087,1.313,3.447178244727683,1,Комфортная,1.313,26.198479979757735
real_estate_agent,Советский,5.0,5.0,7.3,16.8,3.0,Золотодолинская,58.7,Площадь Маркса,0,46,54.832422,83.104458,21.33,24.933793468986327,0,Удалённая,0.0,1.4088433927674284
real_estate_agent,Калининский,9.0,9.0,8.6,5.27,3.0,Рассветная,62.9,Заельцовская,0,46,55.10806,82.972514,6.656,9.274494617936249,1,Автомобильная,6.656,30.413062426886867
real_estate_agent,Калининский,2.0,17.0,18.3,7.0,3.0,Фадеева,73.9,Заельцовская,0,12,55.098465,82.939007,4.699,7.686126798179172,1,Автомобильная,4.699,30.018711877183673
real_estate_agent,Ленинский,5.0,5.0,7.2,5.52,3.0,Пархоменко,57.8,Площадь Маркса,0,49,54.988644,82.839869,3.663,6.9070567732726245,1,Автомобильная,3.663,22.893832870863076
real_estate_agent,Дзержинский,1.0,5.0,5.5,6.5,3.0,Бориса Богаткова,60.8,Золотая Нива,0,60,55.039486,82.982207,0.475,4.070424815605623,1,Пешеходная,0.475,22.924034008990276
real_estate_agent,Дзержинский,7.0,10.0,7.2,6.999,3.0,Учительская,60.9,Березовая Роща,0,34,55.074809,82.975191,3.805,6.066857098474243,1,Автомобильная,3.805,26.806678234200152
real_estate_agent,Октябрьский,8.0,9.0,7.0,7.3,3.0,Бориса Богаткова,60.0,Золотая Нива,0,50,55.035508,82.979045,0.312,3.781908256420958,1,Пешеходная,0.312,22.56923766602398
real_estate_agent,Центральный,5.0,5.0,10.2,10.8,3.0,Красный проспект,78.9,Сибирская,0,90,55.035524,82.917851,0.565,0.6182444613598052,1,Комфортная,0.565,24.128325239597913
real_estate_agent,Первомайский,13.0,16.0,6.1,7.7,3.0,Заречная,52.3,Золотая Нива,0,9,54.980978,83.05745,8.169,10.30802458764819,0,Удалённая,0.0,15.454316132247074
real_estate_agent,Калининский,10.0,10.0,13.4,10.4,3.0,Менделеева,73.9,Березовая Роща,0,17,55.074726,82.96636,3.614,5.753962265400467,1,Автомобильная,3.614,26.962970319238856
real_estate_agent,Дзержинский,1.0,5.0,6.0,6.3,3.0,Бориса Богаткова,62.0,Золотая Нива,0,60,55.041704,82.981443,0.598,4.093737429397055,1,Комфортная,0.598,23.173544052040555
real_estate_agent,Дзержинский,17.0,18.0,21.7,10.7,3.0,проспект Дзержинского,97.9,Золотая Нива,0,20,55.058621,82.981749,2.381,5.026913400066581,1,Транспортная,2.381,24.96242542760317
real_estate_agent,Центральный,3.0,5.0,8.0,9.8,3.0,Фрунзе,79.6,Сибирская,0,67,55.037113,82.927616,0.502,0.8979049788398462,1,Комфортная,0.502,24.001863775752366
real_estate_agent,Дзержинский,18.0,29.0,16.4,17.5,3.0,Закаменский мкр,93.3,Березовая Роща,0,2,55.038155,82.954826,0.602,2.364729072140335,1,Комфортная,0.602,23.391119978787064
real_estate_agent,Кировский,1.0,9.0,6.9,5.5,3.0,Чемская,60.1,Студенческая,0,49,54.955127,82.960485,5.092,8.726194056381146,0,Автомобильная,0.0,15.05908946759205
real_estate_agent,Калининский,14.0,24.0,10.0,15.9,3.0,Ипподромская,87.7,Заельцовская,0,7,55.061158,82.93854,1.669,3.634133086759588,1,Транспортная,1.669,26.151268230546705
real_estate_agent,Октябрьский,10.0,10.0,13.0,7.95,3.0,Ключ-Камышенское плато,73.0,Золотая Нива,0,11,54.990395,83.040795,6.687,8.857324193341446,1,Автомобильная,6.687,16.67458223285822
real_estate_agent,Октябрьский,20.0,25.0,17.5,14.5,3.0,Владимира Заровного,62.4,Речной вокзал,0,8,54.988727,82.975344,3.316,5.78695445941896,1,Автомобильная,3.316,17.833173828873058
real_estate_agent,Дзержинский,1.0,5.0,9.0,5.1,3.0,Промышленная,59.9,Березовая Роща,0,68,55.0543,82.962462,1.396,3.790967751909067,1,Комфортная,1.396,24.891246603203005
real_estate_agent,Советский,8.0,9.0,9.0,6.15,3.0,Русская,63.0,Площадь Маркса,0,51,54.846452,83.046104,17.888,21.948530473568745,0,Удалённая,0.0,3.0892607236771523
real_estate_agent,Кировский,10.0,17.0,18.0,6.49,3.0,Александра Чистякова,58.0,Площадь Маркса,0,5,54.938545,82.967582,6.666,10.622494162208636,0,Автомобильная,0.0,13.301272725304488
real_estate_agent,Кировский,4.0,5.0,6.8,4.35,3.0,Палласа,57.8,Площадь Маркса,0,37,54.946633,82.879026,4.115,9.65673273420884,0,Автомобильная,0.0,17.899761929295213
real_estate_agent,Кировский,10.0,10.0,8.5,5.15,3.0,Николая Сотникова,58.0,Площадь Маркса,0,9,54.945335,82.974787,6.486,10.049811765083811,0,Автомобильная,0.0,13.644855490062595
real_estate_agent,Ленинский,4.0,10.0,13.4,8.85,3.0,Спортивная,72.8,Площадь Маркса,0,15,54.981474,82.80726,5.676,9.02225847704589,1,Автомобильная,5.676,23.899295782827636
real_estate_agent,Центральный,5.0,5.0,12.0,12.0,3.0,Ядринцевская,76.8,Площадь Ленина,0,65,55.032758,82.921948,0.301,0.304003512130517,1,Пешеходная,0.301,23.734527588214444
real_estate_agent,Октябрьский,4.0,12.0,6.0,13.0,3.0,Владимира Заровного,75.0,Речной вокзал,0,4,54.994057,82.963522,2.363,4.86489789257154,1,Транспортная,2.363,18.695791084043595
real_estate_agent,Дзержинский,3.0,3.0,9.7,6.735,3.0,Учительская,82.7,Березовая Роща,0,71,55.0722,82.977536,3.605,5.922470691489213,1,Автомобильная,3.605,26.486188429165917
real_estate_agent,Кировский,7.0,9.0,7.1,5.5,3.0,Саввы Кожевникова,60.9,Спортивная,0,40,54.960509,82.973466,5.108,8.451803230728256,0,Автомобильная,0.0,15.115451999015223
real_estate_agent,Октябрьский,6.0,10.0,8.5,4.6,3.0,Плющихинская,58.6,Золотая Нива,0,9,55.014277,83.004009,3.154,5.612530857641538,1,Автомобильная,3.154,19.832106141241226
real_estate_agent,Советский,5.0,6.0,14.3,7.6,3.0,Ивлева,82.2,Площадь Маркса,0,7,54.864953,82.993867,14.464,18.95982266289692,0,Удалённая,0.0,6.841182522939042
real_estate_agent,Центральный,13.0,30.0,30.7,20.0,3.0,Семьи Шамшиных,87.5,Маршала Покрышкина,0,1,55.047977,82.927401,0.573,2.0297139771244423,1,Комфортная,0.573,25.095775022230363
real_estate_agent,Дзержинский,7.0,9.0,9.0,5.5,3.0,Есенина,62.3,Золотая Нива,0,41,55.051809,82.99366,1.964,5.249557386970211,1,Транспортная,1.964,24.02390272731278
real_estate_agent,Дзержинский,6.0,17.0,8.0,8.5,3.0,Красина,78.0,Березовая Роща,0,17,55.042973,82.963315,0.728,3.081175277442676,1,Комфортная,0.728,23.690716771473618
real_estate_agent,Железнодорожный,1.0,5.0,5.2,6.25,3.0,Ленина,55.6,Площадь Гарина-Михайловского,0,64,55.038047,82.896337,0.36,1.7681948471479405,1,Пешеходная,0.36,25.04093326099653
real_estate_agent,Заельцовский,2.0,2.0,8.0,7.6,3.0,Аэропорт,75.5,Заельцовская,0,42,55.076798,82.909021,1.992,5.2360775200967336,1,Транспортная,1.992,28.495607406320147
real_estate_agent,Центральный,1.0,10.0,9.1,9.2,3.0,Ипподромская,60.7,Маршала Покрышкина,0,41,55.046765,82.943409,0.634,2.355796297635957,1,Комфортная,0.634,24.555458204555507
real_estate_agent,Кировский,6.0,10.0,8.0,5.45,3.0,Виктора Шевелева,58.1,Площадь Маркса,0,12,54.945417,82.970807,6.285,9.95642136367126,0,Автомобильная,0.0,13.796256310497666
real_estate_agent,Октябрьский,6.0,9.0,7.1,7.1,3.0,Бориса Богаткова,60.0,Золотая Нива,0,56,55.036442,82.97529,0.119,3.564617800276857,1,Пешеходная,0.119,22.746323212093397
real_estate_agent,Ленинский,3.0,5.0,5.7,5.2,3.0,Планировочная,58.9,Студенческая,0,59,54.996851,82.893956,1.197,4.070936922222208,1,Комфортная,1.197,21.306756869216226
real_estate_agent,Первомайский,1.0,18.0,8.0,8.5,3.0,Заречная,59.8,Золотая Нива,0,4,54.982642,83.068643,8.509,10.82794847421714,0,Удалённая,0.0,15.546150631284148
real_estate_agent,Дзержинский,6.0,9.0,8.0,6.5,3.0,Доватора,58.0,Золотая Нива,0,52,55.041441,82.999023,1.555,5.162291529086396,1,Транспортная,1.555,22.821661969462987
real_estate_agent,Ленинский,4.0,5.0,8.0,5.2,3.0,Забалуева,58.0,Площадь Маркса,0,54,54.991139,82.827283,4.505,7.355958821718842,1,Автомобильная,4.505,23.66268522203307
real_estate_agent,Заельцовский,5.0,16.0,7.5,5.4,3.0,Солидарности,58.2,Заельцовская,0,22,55.152315,82.955114,10.723,13.76054819186498,1,Удалённая,10.723,35.45368252677797
real_estate_agent,Кировский,7.0,10.0,12.2,8.65,3.0,Петухова,80.9,Площадь Маркса,0,9,54.937583,82.942753,5.793,10.392658287843735,0,Автомобильная,0.0,14.244124283653154
real_estate_agent,Ленинский,9.0,30.0,5.0,13.9,3.0,Горская,61.7,Спортивная,0,1,54.995844,82.91203,0.524,3.853770837297188,1,Комфортная,0.524,20.541798694806754
real_estate_agent,Дзержинский,3.0,5.0,6.1,6.5,3.0,проспект Дзержинского,66.0,Березовая Роща,0,77,55.05037,82.96265,1.043,3.5045504771521987,1,Комфортная,1.043,24.476392084121315
real_estate_agent,Центральный,5.0,15.0,30.5,16.49,3.0,Семьи Шамшиных,84.9,Площадь Ленина,0,20,55.028723,82.933464,0.849,0.8456407222071002,1,Комфортная,0.849,23.000618224971852
real_estate_agent,Ленинский,9.0,9.0,9.0,6.6,3.0,Троллейная,60.0,Площадь Маркса,0,46,54.991366,82.855706,2.773,5.970537083423974,1,Транспортная,2.773,22.407559624556303
real_estate_agent,Ленинский,2.0,5.0,5.6,4.57,3.0,Филатова,51.8,Площадь Маркса,0,56,54.986433,82.827059,4.435,7.687623334945354,1,Автомобильная,4.435,23.314148662350206
real_estate_agent,Ленинский,3.0,12.0,7.0,5.75,3.0,Киевская,64.9,Площадь Маркса,0,41,54.991805,82.851834,3.021,6.109597081620755,1,Автомобильная,3.021,22.612037832058334
real_estate_agent,Ленинский,6.0,11.0,20.0,16.5,3.0,Титова,96.7,Площадь Маркса,0,20,54.981541,82.868866,1.746,6.328324789508366,1,Транспортная,1.746,21.03618949226669
real_estate_agent,Дзержинский,17.0,25.0,9.1,12.5,3.0,Адриена Лежена,71.2,Золотая Нива,0,7,55.038717,82.986887,0.732,4.339987036622431,1,Комфортная,0.732,22.751071801051726
real_estate_agent,Центральный,2.0,5.0,5.5,5.3,3.0,Гоголя,55.5,Маршала Покрышкина,0,65,55.043592,82.92988,0.297,1.6097274549138638,1,Пешеходная,0.297,24.58739773293214
real_estate_agent,Железнодорожный,4.0,5.0,10.8,8.75,3.0,Сибирская,57.8,Площадь Гарина-Михайловского,0,40,55.035467,82.907961,0.533,0.9897393248591796,1,Комфортная,0.533,24.423932012257985
real_estate_agent,Заельцовский,5.0,16.0,7.1,6.0,3.0,Солидарности,57.4,Заельцовская,0,22,55.154964,82.955778,11.018,14.058056364656814,1,Удалённая,11.018,35.72840415446096
real_estate_agent,Ленинский,17.0,18.0,10.0,7.3,3.0,Спортивная,62.0,Площадь Маркса,0,3,54.982425,82.782601,7.248,10.26820733106798,1,Удалённая,7.248,25.193235053498654
real_estate_agent,Ленинский,8.0,9.0,9.0,6.65,3.0,Путевая,68.0,Студенческая,0,46,54.997295,82.886985,1.565,4.231715061150822,1,Транспортная,1.565,21.616086613075847
real_estate_agent,Железнодорожный,2.0,5.0,9.0,11.5,3.0,Щетинкина,74.2,Площадь Ленина,0,68,55.027232,82.914869,0.483,0.4819218449724691,1,Пешеходная,0.483,23.409918412846938
real_estate_agent,Дзержинский,3.0,5.0,10.2,6.4,3.0,Есенина,66.3,Золотая Нива,0,18,55.039404,82.992196,1.078,4.686776725880974,1,Комфортная,1.078,22.72447819231656
real_estate_agent,Заельцовский,2.0,12.0,22.7,10.3,3.0,Охотская,67.6,Заельцовская,0,7,55.121026,82.89348,7.003,10.24797028341173,1,Удалённая,7.003,33.398851035643425
real_estate_agent,Кировский,12.0,12.0,14.0,5.58,3.0,Петухова,81.0,Площадь Маркса,0,12,54.943628,82.952787,5.616,9.841343704915063,0,Автомобильная,0.0,14.33085308350068
real_estate_agent,Октябрьский,6.0,10.0,12.9,5.4,3.0,Плющихинская,87.39,Золотая Нива,0,3,55.011366,83.006291,3.503,5.858509538735904,1,Автомобильная,3.503,19.480146079480427
real_estate_agent,Первомайский,10.0,10.0,9.0,7.3,3.0,Одоевского,66.0,Речной вокзал,0,32,54.942123,83.124428,14.064,16.285784184319798,0,Удалённая,0.0,11.125606230103074
real_estate_agent,Октябрьский,12.0,24.0,10.0,13.272,3.0,Большевистская,63.2,Речной вокзал,0,1,55.003678,82.946319,0.832,3.37596176492265,1,Комфортная,0.832,20.149667926859088
real_estate_agent,Центральный,4.0,9.0,10.4,16.65,3.0,Советская,72.9,Красный проспект,0,33,55.037216,82.91477,0.515,0.86318074408173,1,Комфортная,0.515,24.38659380565889
real_estate_agent,Калининский,1.0,10.0,10.3,5.8,3.0,Свечникова,68.9,Заельцовская,0,23,55.111037,82.945681,6.157,9.135061566756685,1,Автомобильная,6.157,31.209487135299163
real_estate_agent,Дзержинский,2.0,6.0,8.1,6.1,3.0,Авиастроителей,65.1,Березовая Роща,0,91,55.070443,82.968921,3.207,5.440337372958682,1,Автомобильная,3.207,26.459707489493944
real_estate_agent,Октябрьский,5.0,9.0,8.0,6.8,3.0,Бориса Богаткова,60.3,Золотая Нива,0,56,55.035503,82.968498,0.504,3.1198109458073,1,Комфортная,0.504,22.796986201688725
real_estate_agent,Калининский,8.0,20.0,11.0,19.0,3.0,Богдана Хмельницкого,87.3,Заельцовская,0,5,55.071639,82.941738,2.328,4.807173376500509,1,Транспортная,2.328,27.158682322768882
real_estate_agent,Дзержинский,3.0,9.0,8.0,8.3,3.0,Красина,70.0,Березовая Роща,0,57,55.043015,82.961707,0.626,2.99291550220508,1,Комфортная,0.626,23.731484527111043
real_estate_agent,Октябрьский,9.0,10.0,8.5,9.8,3.0,Белинского,65.2,Октябрьская,0,34,55.024198,82.9449,0.702,1.6945268494742296,1,Комфортная,0.702,22.228770015602187
real_estate_agent,Заельцовский,5.0,9.0,7.0,7.5,3.0,Рельсовая,60.0,Гагаринская,0,55,55.053995,82.922559,0.602,2.653225101889135,1,Комфортная,0.602,25.832583167781216
real_estate_agent,Заельцовский,6.0,20.0,15.9,12.3,3.0,Дуси Ковальчук,88.0,Гагаринская,0,16,55.053046,82.897792,1.109,2.92482858498757,1,Комфортная,1.109,26.44906834190392
real_estate_agent,Первомайский,5.0,5.0,6.6,5.2,3.0,Твардовского,56.3,Речной вокзал,0,42,54.938896,83.126404,14.364,16.603991555512362,0,Удалённая,0.0,10.795937436113945
real_estate_agent,Кировский,2.0,10.0,8.0,5.5,3.0,Виктора Шевелева,58.4,Площадь Маркса,0,12,54.945417,82.970807,6.285,9.95642136367126,0,Автомобильная,0.0,13.796256310497666
real_estate_agent,Ленинский,5.0,5.0,7.0,6.6,3.0,Геодезическая,58.3,Студенческая,0,51,54.988634,82.909605,0.184,4.669392414821102,1,Пешеходная,0.184,19.977974294239125
real_estate_agent,Дзержинский,8.0,25.0,24.0,9.6,3.0,Королева,62.3,Березовая Роща,0,2,55.051773,82.97016,1.497,3.976154644970644,1,Комфортная,1.497,24.463590422842444
real_estate_agent,Дзержинский,3.0,3.0,10.0,6.15,3.0,Авиастроителей,81.0,Березовая Роща,0,75,55.073458,82.972469,3.6,5.844562160666174,1,Автомобильная,3.6,26.712675325172686
real_estate_agent,Кировский,11.0,25.0,10.3,14.199,3.0,Немировича-Данченко,87.4,Площадь Маркса,0,7,54.978359,82.914061,1.221,5.774892371939792,0,Комфортная,0.0,18.893713585487458
real_estate_agent,Кировский,3.0,4.0,6.0,8.0,3.0,Воскресная,61.5,Спортивная,0,11,54.943256,83.009794,8.098,11.22013936859745,0,Удалённая,0.0,12.323108003356278
real_estate_agent,Калининский,5.0,5.0,55.0,6.8,3.0,Богдана Хмельницкого,90.0,Заельцовская,0,73,55.074644,82.951008,3.001,5.315382448354835,1,Автомобильная,3.001,27.26683884417271
real_estate_agent,Октябрьский,19.0,24.0,5.0,14.6,3.0,Кирова,67.1,Речной вокзал,0,2,55.012507,82.956138,1.229,3.005762219075922,1,Комфортная,1.229,20.747270130763198
real_estate_agent,Октябрьский,6.0,14.0,18.6,8.9,3.0,Ключ-Камышенское плато,80.0,Золотая Нива,0,19,54.987931,83.046266,7.119,9.296798911130423,1,Удалённая,7.119,16.337466283062845
real_estate_agent,Дзержинский,5.0,12.0,6.0,16.25,3.0,Кошурникова,79.1,Березовая Роща,0,39,55.042819,82.949822,0.143,2.342236009912159,1,Пешеходная,0.143,23.992313299609737
real_estate_agent,Ленинский,14.0,16.0,10.9,9.45,3.0,Степная,60.2,Площадь Маркса,0,15,54.979222,82.881874,0.976,6.175365926870483,1,Комфортная,0.976,20.283980846450337
real_estate_agent,Октябрьский,11.0,27.0,4.0,9.13,3.0,Вилюйская,74.7,Речной вокзал,0,11,55.001737,83.004503,4.342,6.222306965246409,1,Автомобильная,4.342,18.492652966918236
real_estate_agent,Железнодорожный,8.0,9.0,33.0,18.5,3.0,Советская,78.3,Площадь Ленина,0,22,55.025374,82.917025,0.578,0.5753857172244272,1,Комфортная,0.578,23.162489436697815
real_estate_agent,Дзержинский,3.0,9.0,7.2,5.8,3.0,Гусинобродское шоссе,59.9,Золотая Нива,0,52,55.037567,83.006488,1.968,5.545082774230927,1,Транспортная,1.968,22.28229356317193
real_estate_agent,Дзержинский,5.0,5.0,11.8,8.5,3.0,проспект Дзержинского,68.8,Березовая Роща,0,67,55.046744,82.957791,0.536,3.010600554244687,1,Комфортная,0.536,24.20803977112444
real_estate_agent,Железнодорожный,4.0,5.0,9.1,11.5,3.0,Ленина,79.1,Площадь Гарина-Михайловского,0,63,55.032841,82.902697,0.346,1.1689881127982658,1,Пешеходная,0.346,24.336651803648014
real_estate_agent,Кировский,8.0,10.0,12.5,5.5,3.0,Виктора Шевелева,86.9,Площадь Маркса,0,8,54.944481,82.967268,6.186,9.985128292865854,0,Автомобильная,0.0,13.842400916766469
real_estate_agent,Дзержинский,14.0,17.0,7.4,7.8,3.0,Красина,76.5,Березовая Роща,0,17,55.042973,82.963315,0.728,3.081175277442676,1,Комфортная,0.728,23.690716771473618
real_estate_agent,Кировский,5.0,9.0,7.0,4.39,3.0,Саввы Кожевникова,63.0,Спортивная,0,40,54.959527,82.971131,5.093,8.49418766772779,0,Автомобильная,0.0,15.098888682226855
real_estate_agent,Дзержинский,3.0,25.0,17.5,17.9,3.0,Николая Островского,88.1,Березовая Роща,0,6,55.054181,82.948421,1.23,3.2109708551626417,1,Комфортная,1.23,25.195906838755803
real_estate_agent,Заельцовский,2.0,25.0,23.2,19.40199,3.0,Линейная,95.3,Гагаринская,0,11,55.053629,82.927445,0.861,2.647017434216761,1,Комфортная,0.861,25.6648026745882
real_estate_agent,Заельцовский,2.0,2.0,4.7,3.6,3.0,Гастелло,36.6,Заельцовская,0,72,55.074695,82.905554,1.802,5.04142786142878,1,Транспортная,1.802,28.3762965633273
real_estate_agent,Ленинский,7.0,9.0,13.0,8.35,3.0,Романтиков,66.0,Площадь Гарина-Михайловского,0,6,55.02475,82.805481,6.114,7.351371364415638,1,Автомобильная,6.114,27.30741268491389
real_estate_agent,Калининский,8.0,13.0,12.7,13.0,3.0,Мясниковой,85.6,Заельцовская,0,10,55.11045,82.92732,5.797,8.938036920771257,1,Автомобильная,5.797,31.523384172214413
real_estate_agent,Ленинский,3.0,4.0,6.0,4.5,3.0,Плахотного,55.4,Площадь Маркса,0,97,54.985845,82.881056,1.044,5.531040717907423,1,Комфортная,1.044,20.870668479556095
real_estate_agent,Октябрьский,7.0,10.0,8.0,8.3,3.0,Татьяны Снежиной,74.3,Золотая Нива,0,6,55.020218,83.020376,3.44,6.465359956006318,1,Автомобильная,3.44,20.19592388040529
real_estate_agent,Ленинский,2.0,16.0,16.0,11.3,3.0,Серафимовича,73.0,Площадь Маркса,0,15,54.977051,82.879035,1.241,6.469307153692509,1,Комфортная,1.241,20.228288363304205
real_estate_agent,Кировский,9.0,10.0,9.0,4.5,3.0,Николая Сотникова,58.0,Площадь Маркса,0,9,54.945335,82.974787,6.486,10.049811765083811,0,Автомобильная,0.0,13.644855490062595
real_estate_agent,Октябрьский,2.0,10.0,13.0,7.999,3.0,Татьяны Снежиной,94.0,Золотая Нива,0,15,55.020162,83.013019,3.067,6.005037298788045,1,Автомобильная,3.067,20.304661674972607
real_estate_agent,Октябрьский,10.0,10.0,9.1,6.5,3.0,В. Высоцкого,66.2,Золотая Нива,0,35,55.031556,83.020223,2.919,6.361277730994186,1,Транспортная,2.919,21.42590944322585
real_estate_agent,Дзержинский,23.0,27.0,8.0,14.88,3.0,Фрунзе,91.1,Березовая Роща,0,14,55.039084,82.954898,0.506,2.4096030554905985,1,Комфортная,0.506,23.484910577938212
real_estate_agent,Ленинский,2.0,10.0,13.3,9.6,3.0,Плахотного,73.0,Площадь Маркса,0,10,54.984052,82.86026,2.301,6.404391750737807,1,Транспортная,2.301,21.61692108609359
real_estate_agent,Заельцовский,6.0,12.0,14.4,18.0,3.0,Красный проспект,93.0,Заельцовская,0,14,55.06538,82.910135,0.727,3.970332259395936,1,Комфортная,0.727,27.31540814279127
real_estate_agent,Заельцовский,15.0,21.0,16.1,9.4,3.0,Дуси Ковальчук,96.9,Гагаринская,0,16,55.053046,82.897792,1.109,2.92482858498757,1,Комфортная,1.109,26.44906834190392
real_estate_agent,Железнодорожный,7.0,9.0,6.0,9.4,3.0,Челюскинцев,61.0,Красный проспект,0,57,55.039574,82.908338,0.62,1.2995880126344723,1,Комфортная,0.62,24.81202631557675
real_estate_agent,Октябрьский,12.0,23.0,10.0,15.3,3.0,Кошурникова,89.0,Золотая Нива,0,8,55.040136,82.963737,0.811,2.973686979253144,1,Комфортная,0.811,23.386275926501483
real_estate_agent,Заельцовский,3.0,10.0,7.0,7.5,3.0,Жуковского,56.4,Заельцовская,0,40,55.054341,82.89189,1.417,3.245672638055328,1,Комфортная,1.417,26.755707146453172
real_estate_agent,Заельцовский,8.0,17.0,8.0,9.98,3.0,Аэропорт,80.0,Заельцовская,0,4,55.078035,82.911689,2.117,5.351977176297565,1,Транспортная,2.117,28.55085990202134
real_estate_agent,Калининский,3.0,5.0,6.0,5.1,3.0,Танковая,59.5,Заельцовская,0,62,55.060704,82.926466,0.903,3.417441441846601,1,Комфортная,0.903,26.40759426038706
real_estate_agent,Дзержинский,6.0,10.0,11.0,9.0,3.0,Учительская,90.0,Березовая Роща,0,34,55.074809,82.975191,3.805,6.066857098474243,1,Автомобильная,3.805,26.806678234200152
real_estate_agent,Ленинский,18.0,25.0,5.0,10.5,3.0,Костычева,56.0,Площадь Маркса,0,2,54.976318,82.876924,1.398,6.599278956221959,1,Комфортная,1.398,20.26087603390613
real_estate_agent,Октябрьский,10.0,22.0,30.0,15.5,3.0,Кошурникова,91.8,Золотая Нива,0,12,55.039873,82.965444,0.699,3.064471539235317,1,Комфортная,0.699,23.320318874371697
real_estate_agent,Ленинский,5.0,10.0,13.2,9.799,3.0,Титова,82.0,Площадь Маркса,0,13,54.980048,82.811347,5.42,8.91352673609276,1,Автомобильная,5.42,23.597469882486354
real_estate_agent,Дзержинский,18.0,30.0,13.9,15.5,3.0,Фрунзе,85.6,Березовая Роща,0,3,55.038893,82.950038,0.504,2.1213725349557224,1,Комфортная,0.504,23.58463087766766
real_estate_agent,Калининский,5.0,5.0,5.5,4.9,3.0,Макаренко,60.1,Заельцовская,0,59,55.097862,82.96195,5.342,7.978234017758858,1,Автомобильная,5.342,29.503942362799368
real_estate_agent,Октябрьский,7.0,17.0,11.0,7.9,3.0,Выборная,77.2,Золотая Нива,0,18,55.00422,83.013154,4.407,6.5773678189769695,1,Автомобильная,4.407,18.594033023446176
real_estate_agent,Ленинский,6.0,9.0,8.3,5.2,3.0,Невельского,55.0,Площадь Маркса,0,58,54.993205,82.831191,4.321,7.019219322886055,1,Автомобильная,4.321,23.644091031499737
real_estate_agent,Кировский,6.0,10.0,12.8,6.85,3.0,Николая Сотникова,86.1,Площадь Маркса,0,4,54.941984,82.963055,6.19,10.17532205104644,0,Автомобильная,0.0,13.78067701154184
real_estate_agent,Октябрьский,4.0,5.0,14.1,10.8,3.0,В. Высоцкого,86.8,Золотая Нива,0,20,55.032795,83.018642,2.792,6.265372386100106,1,Транспортная,2.792,21.582631162052397
real_estate_agent,Заельцовский,5.0,9.0,7.2,6.0,3.0,Аэропорт,54.1,Заельцовская,0,45,55.076803,82.910297,1.985,5.225963798326296,1,Транспортная,1.985,28.46243178846024
real_estate_agent,Железнодорожный,4.0,5.0,7.0,7.49,3.0,проспект Димитрова,62.4,Площадь Ленина,0,93,55.031494,82.910099,0.672,0.6751461795561183,1,Комфортная,0.672,23.972030886895784
real_estate_agent,Советский,4.0,9.0,8.4,8.2,3.0,Энгельса,72.0,Площадь Маркса,0,29,54.859989,82.973044,14.46,19.218676197853583,0,Удалённая,0.0,7.9606969682239175
real_estate_agent,Ленинский,7.0,9.0,6.9,6.399,3.0,Троллейная,63.1,Площадь Маркса,0,43,54.96284,82.842088,4.075,9.000939573690093,1,Автомобильная,4.075,20.865909880734943
real_estate_agent,Октябрьский,1.0,3.0,5.8,4.65,3.0,Ключ-Камышенское плато,56.7,Речной вокзал,0,67,54.985741,83.039465,7.0,9.055895619740925,1,Автомобильная,7.0,16.1865096600792
real_estate_agent,Ленинский,18.0,18.0,25.0,9.5,3.0,Плахотного,66.7,Площадь Маркса,0,6,54.985173,82.841486,3.506,7.097445168606034,1,Автомобильная,3.506,22.54998431716518
real_estate_agent,Заельцовский,13.0,26.0,25.0,9.98,3.0,Кузьмы Минина,85.0,Заельцовская,0,14,55.072128,82.935656,2.07,4.765723080357077,1,Транспортная,2.07,27.350662638270766
real_estate_agent,Октябрьский,4.0,17.0,27.1,14.6,3.0,Сакко и Ванцетти,79.3,Речной вокзал,0,9,55.01309,82.936743,0.426,2.164579219413893,1,Пешеходная,0.426,21.360461668949853
real_estate_agent,Железнодорожный,1.0,9.0,7.0,8.3,3.0,Железнодорожная,61.6,Площадь Гарина-Михайловского,0,46,55.044392,82.898879,1.001,2.0950920970813014,1,Комфортная,1.001,25.572550973250404
real_estate_agent,Советский,7.0,9.0,6.8,4.95,3.0,Бердышева,56.3,Площадь Маркса,0,41,54.86256,82.969172,14.107,18.894939478211622,0,Удалённая,0.0,8.270143815763511
real_estate_agent,Центральный,4.0,10.0,8.2,11.6,3.0,Ядринцевская,66.4,Площадь Ленина,0,41,55.033403,82.928937,0.65,0.6504864776871736,1,Комфортная,0.65,23.595106718756824
real_estate_agent,Ленинский,6.0,9.0,7.3,5.15,3.0,9-й Гвардейской Дивизии,57.4,Площадь Маркса,0,45,54.968959,82.843498,3.676,8.39036038718382,1,Автомобильная,3.676,21.235728127464185
real_estate_agent,Заельцовский,16.0,20.0,23.0,13.5,3.0,Дуси Ковальчук,74.8,Гагаринская,0,16,55.053046,82.897792,1.109,2.92482858498757,1,Комфортная,1.109,26.44906834190392
real_estate_agent,Ленинский,4.0,9.0,8.2,5.92,3.0,Невельского,60.1,Площадь Маркса,0,39,54.993045,82.825055,4.694,7.349941940404865,1,Автомобильная,4.694,23.912003896250948
real_estate_agent,Заельцовский,7.0,9.0,7.0,7.7,3.0,Дачная,62.2,Заельцовская,0,52,55.059853,82.898223,0.92,3.591686556880609,1,Комфортная,0.92,27.10471860591692
real_estate_agent,Железнодорожный,3.0,28.0,10.0,17.35,3.0,Максима Горького,68.8,Площадь Ленина,0,2,55.025792,82.908239,0.917,0.9169210674084218,1,Комфортная,0.917,23.481776444956697
real_estate_agent,Октябрьский,4.0,5.0,9.2,8.97,3.0,Восход,79.0,Речной вокзал,0,68,55.011996,82.941351,0.38,2.420562552306111,1,Пешеходная,0.38,21.115588638902974
real_estate_agent,Ленинский,4.0,5.0,7.2,4.499,3.0,Полтавская,59.8,Площадь Маркса,0,53,54.972628,82.845483,3.41,7.986417296666406,1,Автомобильная,3.41,21.410827202764676
real_estate_agent,Дзержинский,8.0,17.0,11.0,13.99,3.0,Красина,77.9,Березовая Роща,0,17,55.042973,82.963315,0.728,3.081175277442676,1,Комфортная,0.728,23.690716771473618
real_estate_agent,Центральный,2.0,6.0,10.0,12.45,3.0,Октябрьская,73.2,Площадь Ленина,0,93,55.025694,82.930338,0.808,0.8033959879312329,1,Комфортная,0.808,22.790830156132298
real_estate_agent,Дзержинский,4.0,5.0,10.3,8.5,3.0,проспект Дзержинского,77.3,Березовая Роща,0,74,55.049839,82.96098,0.929,3.385126675126474,1,Комфортная,0.929,24.457823462926072
real_estate_agent,Заельцовский,4.0,19.0,15.5,12.0,3.0,Дуси Ковальчук,86.5,Гагаринская,0,16,55.053046,82.897792,1.109,2.92482858498757,1,Комфортная,1.109,26.44906834190392
real_estate_agent,Октябрьский,8.0,9.0,7.1,7.7,3.0,Бориса Богаткова,60.4,Золотая Нива,0,56,55.033151,82.974571,0.488,3.465880302023113,1,Пешеходная,0.488,22.41738655237039
real_estate_agent,Советский,1.0,9.0,7.3,5.8,3.0,Приморская,61.3,Площадь Маркса,0,49,54.860596,82.989537,14.789,19.364789212646222,0,Удалённая,0.0,6.955146705551586
real_estate_agent,Ленинский,17.0,17.0,7.0,12.0,3.0,Ясный Берег,70.9,Площадь Гарина-Михайловского,0,8,55.016667,82.892097,2.137,2.348554445791597,1,Транспортная,2.137,23.171108778282456
real_estate_agent,Калининский,15.0,17.0,5.1,7.99,3.0,Курчатова,55.4,Заельцовская,0,6,55.104821,82.97308,6.386,8.952545572943421,1,Автомобильная,6.386,30.05573977705156
real_estate_agent,Заельцовский,4.0,8.0,7.0,9.5,3.0,Вавилова,54.8,Заельцовская,0,12,55.054686,82.896427,1.136,3.126375012952533,1,Комфортная,1.136,26.650838635084813
real_estate_agent,Октябрьский,12.0,20.0,11.3,12.999,3.0,Зыряновская,71.1,Речной вокзал,0,8,55.010044,82.941262,0.242,2.6015856116088347,1,Пешеходная,0.242,20.926116268012198
real_estate_agent,Советский,1.0,9.0,6.9,9.95,3.0,Терешковой,59.4,Площадь Маркса,0,55,54.841003,83.101018,20.451,23.989507831770307,0,Удалённая,0.0,0.5287707627781837
real_estate_agent,Центральный,2.0,13.0,35.0,12.99,3.0,Крылова,99.8,Маршала Покрышкина,0,27,55.040662,82.937507,0.486,1.5955279231787587,1,Пешеходная,0.486,24.086971119343115
real_estate_agent,Заельцовский,5.0,5.0,6.0,5.5,3.0,Кропоткина,57.3,Гагаринская,0,46,55.054341,82.929503,1.012,2.7496156835363963,1,Комфортная,1.012,25.682760999822385
real_estate_agent,Калининский,4.0,9.0,8.8,6.19,3.0,Красных Зорь,65.4,Заельцовская,0,38,55.112077,82.971454,6.99,9.67002569406119,1,Автомобильная,6.99,30.862147771125038
real_estate_agent,Советский,5.0,5.0,7.3,3.85,3.0,Энгельса,56.3,Площадь Маркса,0,46,54.860435,82.981578,14.608,19.27284246781821,0,Удалённая,0.0,7.442240223153731
real_estate_agent,Октябрьский,8.0,25.0,7.0,13.7,3.0,Сибревкома,61.3,Октябрьская,0,8,55.020998,82.932979,0.466,1.295441608416492,1,Пешеходная,0.466,22.249936965418435
real_estate_agent,Ленинский,9.0,9.0,7.1,4.75,3.0,Новосибирская,57.5,Площадь Маркса,0,46,54.988407,82.842195,3.512,6.8154054669587625,1,Автомобильная,3.512,22.76995638117166
real_estate_agent,Железнодорожный,5.0,5.0,6.0,4.9,3.0,Владимировская,55.0,Площадь Гарина-Михайловского,0,63,55.036308,82.890444,0.592,2.029663071377273,1,Комфортная,0.592,25.06754965979612
real_estate_agent,Дзержинский,15.0,15.0,18.4,13.4,3.0,Адриена Лежена,99.0,Золотая Нива,0,23,55.045207,82.978245,0.873,4.045481145101869,1,Комфортная,0.873,23.60724082044433
real_estate_agent,Октябрьский,4.0,10.0,9.0,8.36,3.0,Воинская,60.4,Золотая Нива,0,30,55.019243,82.978757,2.04,3.910708971379404,1,Транспортная,2.04,20.87454649560468
real_estate_agent,Дзержинский,5.0,5.0,9.8,6.6,3.0,Трикотажная,80.7,Золотая Нива,0,70,55.058544,82.97767,2.344,4.822153097543755,1,Транспортная,2.344,25.030354804684425
real_estate_agent,Кировский,8.0,18.0,11.0,6.7,3.0,Виктора Уса,76.0,Площадь Маркса,0,9,54.941611,82.885216,4.578,10.099898590754364,0,Автомобильная,0.0,17.239763515398312
real_estate_agent,Центральный,4.0,10.0,12.9,13.5,3.0,Писарева,85.2,Маршала Покрышкина,0,29,55.050215,82.936698,0.644,2.458465465999433,1,Комфортная,0.644,25.077383881521975
real_estate_agent,Ленинский,2.0,9.0,10.0,4.9,3.0,Широкая,60.8,Площадь Маркса,0,52,54.992084,82.839195,3.796,6.690501897682482,1,Автомобильная,3.796,23.1946383611981
real_estate_agent,Ленинский,11.0,11.0,12.0,8.5,3.0,Забалуева,75.8,Площадь Маркса,0,31,54.990153,82.819675,4.96,7.814898722855526,1,Автомобильная,4.96,23.940839643454265
real_estate_agent,Центральный,9.0,9.0,8.0,11.96,3.0,Октябрьская,65.8,Площадь Ленина,0,36,55.025668,82.923942,0.552,0.5476995041726292,1,Комфортная,0.552,22.978704833277103
real_estate_agent,Октябрьский,6.0,10.0,27.0,7.9,3.0,В. Высоцкого,80.5,Золотая Нива,0,38,55.030426,83.011141,2.398,5.7807582243743045,1,Транспортная,2.398,21.43935801389405
real_estate_agent,Ленинский,1.0,10.0,14.0,5.7,3.0,Хилокская,81.0,Площадь Маркса,0,12,54.955929,82.83738,4.764,9.808652396735962,1,Автомобильная,4.764,20.62606736224485
real_estate_agent,Заельцовский,4.0,6.0,16.0,13.7,3.0,Красный проспект,99.2,Заельцовская,0,27,55.055501,82.908859,0.456,2.912187005281631,1,Пешеходная,0.456,26.365011672015505
real_estate_agent,Первомайский,1.0,19.0,14.0,4.7,3.0,Твардовского,48.7,Речной вокзал,0,12,54.934252,83.121526,14.398,16.684612757004395,0,Удалённая,0.0,10.23151487412012
real_estate_agent,Железнодорожный,5.0,5.0,6.0,6.0,3.0,Дмитрия Шамшурина,52.7,Площадь Гарина-Михайловского,0,57,55.030483,82.902652,0.58,1.1339359721294069,1,Комфортная,0.58,24.111943043501984
real_estate_agent,Октябрьский,7.0,15.0,21.4,15.5,3.0,Владимира Заровного,61.0,Речной вокзал,0,8,54.989161,82.974113,3.226,5.701127265966837,1,Автомобильная,3.226,17.910382140119268
real_estate_agent,Ленинский,2.0,6.0,8.3,7.85,3.0,Дивногорская,69.9,Площадь Гарина-Михайловского,0,13,55.022938,82.81062,5.838,7.0452756466920965,1,Автомобильная,5.838,26.937609752086026
real_estate_agent,Октябрьский,12.0,22.0,25.5,17.99,3.0,Кошурникова,91.8,Золотая Нива,0,12,55.039873,82.965444,0.699,3.064471539235317,1,Комфортная,0.699,23.320318874371697
real_estate_agent,Заельцовский,1.0,3.0,6.0,5.97,3.0,Военного санатория Ельцовка тер.,58.4,Заельцовская,0,54,55.064751,82.823421,5.715,7.279056681599281,1,Автомобильная,5.715,30.056946542139556
real_estate_agent,Ленинский,3.0,4.0,10.0,10.0,3.0,Римского-Корсакова,66.5,Площадь Маркса,0,69,54.984687,82.883024,0.882,5.591403626117666,1,Комфортная,0.882,20.69115044102872
real_estate_agent,Кировский,2.0,18.0,10.1,8.99,3.0,Немировича-Данченко,91.7,Площадь Маркса,0,31,54.976535,82.909982,1.088,6.000534985333746,0,Комфортная,0.0,18.894722323245546
real_estate_agent,Октябрьский,11.0,14.0,16.2,12.985,3.0,Обская,90.6,Речной вокзал,0,21,55.001158,82.949598,1.181,3.7229016910326047,1,Комфортная,1.181,19.804146542164844
real_estate_agent,Железнодорожный,7.0,16.0,13.0,14.8,3.0,1905 года,99.2,Площадь Гарина-Михайловского,0,35,55.041503,82.898026,0.686,1.9048978208889968,1,Комфортная,0.686,25.319687371974407
real_estate_agent,Калининский,17.0,19.0,18.0,10.99,3.0,Михаила Немыткина,73.1,Заельцовская,0,7,55.10821,82.941702,5.777,8.7831972508363,1,Автомобильная,5.777,30.988965239598052
real_estate_agent,Центральный,1.0,5.0,8.4,8.0,3.0,Мичурина,73.5,Гагаринская,0,67,55.048312,82.919199,0.402,2.0193930425348934,1,Пешеходная,0.402,25.355848442500974
real_estate_agent,Ленинский,21.0,26.0,20.0,11.9,3.0,Ясный Берег,55.1,Площадь Гарина-Михайловского,0,6,55.014081,82.894217,2.395,2.4478172448039226,1,Транспортная,2.395,22.857130096857297
real_estate_agent,Железнодорожный,12.0,16.0,19.0,17.5,3.0,Дмитрия Шамшурина,96.0,Площадь Гарина-Михайловского,0,14,55.028682,82.903748,0.792,1.0762675982759815,1,Комфортная,0.792,23.904016135992862
real_estate_agent,Заельцовский,18.0,24.0,13.4,11.0,3.0,Галущака,82.8,Гагаринская,0,12,55.053701,82.907359,0.567,2.7465047847404573,1,Комфортная,0.567,26.229823245136785
real_estate_agent,Советский,3.0,6.0,10.6,6.9,3.0,Ивлева,84.7,Площадь Маркса,0,7,54.864953,82.993867,14.464,18.95982266289692,0,Удалённая,0.0,6.841182522939042
real_estate_agent,Первомайский,2.0,5.0,7.0,4.9,3.0,Красный Факел,59.2,Золотая Нива,0,54,54.975667,83.09773,10.389,12.828305503735375,0,Удалённая,0.0,14.687013456406275
real_estate_agent,Центральный,5.0,5.0,6.0,6.7,3.0,Гоголя,57.0,Сибирская,0,66,55.042561,82.925721,0.375,1.4189154680877984,1,Пешеходная,0.375,24.59878045204191
real_estate_agent,Дзержинский,9.0,12.0,7.3,5.35,3.0,Доватора,62.0,Золотая Нива,0,49,55.040791,83.003093,1.79,5.39800160870941,1,Транспортная,1.79,22.684013174024685
real_estate_agent,Октябрьский,24.0,24.0,26.4,17.5,3.0,Шевченко,64.9,Октябрьская,0,5,55.017586,82.932683,0.437,1.6018144996493866,1,Пешеходная,0.437,21.9233791202631
real_estate_agent,Дзержинский,5.0,10.0,13.5,7.75,3.0,Волочаевская,73.3,Золотая Нива,0,13,55.051298,83.004072,2.376,5.823907650792,1,Транспортная,2.376,23.799845486687868
real_estate_agent,Ленинский,5.0,5.0,8.2,9.8,3.0,Геодезическая,75.2,Студенческая,0,67,54.988014,82.909758,0.218,4.73617442208276,1,Пешеходная,0.218,19.916631700004658
real_estate_agent,Ленинский,9.0,17.0,13.6,7.88,3.0,Ясный Берег,45.1,Площадь Ленина,0,4,55.014153,82.898133,2.28,2.278413102146665,1,Транспортная,2.28,22.72495950303309
real_estate_agent,Центральный,7.0,23.0,12.5,13.6,3.0,Серебренниковская,99.6,Октябрьская,0,21,55.017746,82.930086,0.593,1.5117249571784055,1,Комфортная,0.593,22.017550291658896
real_estate_agent,Железнодорожный,6.0,16.0,10.0,14.3,3.0,Дмитрия Шамшурина,74.1,Площадь Гарина-Михайловского,0,11,55.028682,82.903748,0.792,1.0762675982759815,1,Комфортная,0.792,23.904016135992862
real_estate_agent,Кировский,5.0,17.0,15.0,8.0,3.0,Виктора Уса,72.2,Площадь Маркса,0,4,54.941611,82.885216,4.578,10.099898590754364,0,Автомобильная,0.0,17.239763515398312
real_estate_agent,Заельцовский,17.0,24.0,14.0,11.5,3.0,Сухарная,70.0,Площадь Гарина-Михайловского,0,6,55.046692,82.857781,2.945,4.39489702933278,1,Транспортная,2.945,27.16195454301146
real_estate_agent,Дзержинский,4.0,5.0,7.5,5.8,3.0,Доватора,58.5,Золотая Нива,0,53,55.03961,83.002715,1.744,5.347241560116836,1,Транспортная,1.744,22.563357243566845
real_estate_agent,Октябрьский,7.0,9.0,7.0,6.85,3.0,Ленинградская,62.5,Речной вокзал,0,51,55.010478,82.964133,1.691,3.5427829460048867,1,Транспортная,1.691,20.32939066233372
real_estate_agent,Заельцовский,13.0,24.0,22.5,10.0,3.0,Сухарная,71.3,Площадь Гарина-Михайловского,0,6,55.046692,82.857781,2.945,4.39489702933278,1,Транспортная,2.945,27.16195454301146
real_estate_agent,Центральный,1.0,5.0,5.0,8.0,3.0,Ольги Жилиной,56.4,Маршала Покрышкина,0,62,55.047038,82.932925,0.283,2.037974741588333,1,Пешеходная,0.283,24.853136634837995
real_estate_agent,Калининский,2.0,10.0,7.0,7.1,3.0,Кропоткина,58.7,Березовая Роща,0,39,55.057058,82.94728,1.558,3.444869065914032,1,Транспортная,1.558,25.520039137670725
real_estate_agent,Заельцовский,8.0,20.0,16.3,15.8,3.0,Дуси Ковальчук,97.9,Гагаринская,0,16,55.053046,82.897792,1.109,2.92482858498757,1,Комфортная,1.109,26.44906834190392
real_estate_agent,Центральный,2.0,19.0,18.0,14.0,3.0,Николая Островского,78.8,Маршала Покрышкина,0,11,55.051355,82.938917,0.809,2.634060820898193,1,Комфортная,0.809,25.137305576808494
real_estate_agent,Центральный,10.0,10.0,11.7,15.0,3.0,Гоголя,96.9,Маршала Покрышкина,0,23,55.043685,82.939294,0.34,1.9245778043395856,1,Пешеходная,0.34,24.34643726071946
real_estate_agent,Дзержинский,2.0,17.0,12.0,9.3,3.0,Бориса Богаткова,68.2,Золотая Нива,0,12,55.043928,82.987237,1.03,4.523304276409863,1,Комфортная,1.03,23.29760137585636
real_estate_agent,Заельцовский,6.0,9.0,13.0,13.5,3.0,Ельцовская,74.0,Площадь Гарина-Михайловского,0,20,55.044067,82.883311,1.416,2.8258879531071703,1,Комфортная,1.416,26.04087524718095
real_estate_agent,Дзержинский,24.0,24.0,31.2,15.9,3.0,Фрунзе,90.6,Березовая Роща,0,15,55.039202,82.956245,0.533,2.493338362499802,1,Комфортная,0.533,23.4646307511139
real_estate_agent,Кировский,4.0,10.0,13.0,7.3,3.0,Дмитрия Шмонина,87.0,Площадь Маркса,0,4,54.943173,82.95886,5.91,9.978870980168235,0,Автомобильная,0.0,14.049315398095235
real_estate_agent,Первомайский,7.0,10.0,12.3,8.95,3.0,Заречная,74.1,Речной вокзал,0,19,54.977279,83.044855,7.707,9.87619607362846,0,Удалённая,0.0,15.194069679514
real_estate_agent,Ленинский,3.0,10.0,17.0,7.3,3.0,Титова,55.3,Площадь Маркса,0,6,54.980115,82.793983,6.527,9.797982169209872,1,Автомобильная,6.527,24.462548116676054
real_estate_agent,Заельцовский,1.0,10.0,20.0,17.95,3.0,Красный проспект,88.5,Заельцовская,0,6,55.069535,82.913504,1.173,4.399957325162727,1,Комфортная,1.173,27.642561550850488
real_estate_agent,Кировский,8.0,9.0,6.9,5.5,3.0,Зорге,56.9,Площадь Маркса,0,55,54.934334,82.916872,5.494,10.658347295552598,0,Автомобильная,0.0,15.17449095837305
real_estate_agent,Заельцовский,4.0,9.0,6.7,9.2,3.0,Дуси Ковальчук,59.3,Площадь Гарина-Михайловского,0,46,55.049292,82.887848,1.717,2.972318171973942,1,Транспортная,1.717,26.393668903707333
real_estate_agent,Октябрьский,8.0,9.0,7.8,6.84,3.0,Выборная,60.1,Речной вокзал,0,40,54.997244,83.007189,4.63,6.6327615336914265,1,Автомобильная,4.63,17.964559508033677
real_estate_agent,Кировский,1.0,4.0,9.0,9.3,3.0,Федора Горячева,86.9,Спортивная,0,9,54.945081,83.007827,7.865,10.981528659930618,0,Удалённая,0.0,12.560586583411537
real_estate_agent,Октябрьский,1.0,10.0,8.8,6.1,3.0,Ключ-Камышенское плато,64.8,Золотая Нива,0,31,54.98663,83.044676,7.169,9.28415510439205,1,Удалённая,7.169,16.21487968638718
real_estate_agent,Ленинский,1.0,20.0,15.0,8.3,3.0,Междуреченская,78.3,Площадь Гарина-Михайловского,0,8,55.02283,82.862551,2.744,3.778474962004053,1,Транспортная,2.744,24.819345311548943
real_estate_agent,Ленинский,8.0,9.0,7.0,6.1,3.0,Ударная,60.8,Площадь Маркса,0,51,54.967869,82.862012,2.708,7.865662277435616,1,Транспортная,2.708,20.275026444595863
real_estate_agent,Центральный,1.0,5.0,6.2,7.0,3.0,Достоевского,57.1,Красный проспект,0,63,55.045826,82.919891,0.496,1.7417699602478685,1,Пешеходная,0.496,25.08850450437087
real_estate_agent,Октябрьский,4.0,22.0,14.6,11.45,3.0,2-я Обская,62.4,Речной вокзал,0,7,54.996361,82.957207,1.902,4.430033823683814,1,Транспортная,1.902,19.106663952536024
real_estate_agent,Дзержинский,3.0,13.0,9.0,8.2,3.0,Гоголя,72.0,Березовая Роща,0,33,55.047817,82.969136,1.207,3.671687589065618,1,Комфортная,1.207,24.06951790406837
real_estate_agent,Ленинский,12.0,25.0,19.5,8.5,3.0,Горская,53.2,Студенческая,0,5,54.996521,82.8971,1.04,4.026050632826294,1,Комфортная,1.04,21.157284873308125
real_estate_agent,Кировский,3.0,5.0,6.0,4.6,3.0,Сибиряков-Гвардейцев,52.1,Площадь Маркса,0,57,54.965171,82.896606,1.905,7.38510525771435,0,Транспортная,0.0,18.497352030652664
real_estate_agent,Железнодорожный,3.0,9.0,8.0,9.95,3.0,Ленина,63.0,Площадь Гарина-Михайловского,0,47,55.030824,82.903496,0.566,1.0820753213169172,1,Комфортная,0.566,24.117340257913565
real_estate_agent,Кировский,9.0,18.0,7.0,5.55,3.0,Николая Сотникова,71.9,Площадь Маркса,0,7,54.946131,82.973718,6.377,9.943249575637653,0,Автомобильная,0.0,13.756419195222087
real_estate_agent,Центральный,3.0,5.0,6.2,6.49,3.0,Красный проспект,57.0,Красный проспект,0,62,55.043262,82.915004,0.24,1.49688786526724,1,Пешеходная,0.24,24.974855277361716
real_estate_agent,Ленинский,14.0,17.0,11.2,10.6,3.0,69/1,70.0,Площадь Маркса,0,19,55.001979,82.842312,4.075,5.884707434078323,1,Автомобильная,4.075,23.85413672813159
real_estate_agent,Октябрьский,7.0,10.0,6.9,5.6,3.0,Грибоедова,56.8,Речной вокзал,0,38,55.005836,82.958716,1.394,3.643319676372936,1,Комфортная,1.394,20.006785552935376
real_estate_agent,Железнодорожный,3.0,27.0,10.7,17.0,3.0,1905 года,82.5,Красный проспект,0,11,55.044645,82.908509,0.66,1.780449413103972,1,Комфортная,0.66,25.303214860762626
real_estate_agent,Центральный,1.0,9.0,23.0,10.7,3.0,Сибревкома,80.3,Октябрьская,0,48,55.019284,82.924903,0.913,1.2429621620960194,1,Комфортная,0.913,22.326438851867906
real_estate_agent,Первомайский,2.0,10.0,11.6,10.0,3.0,Заречная,74.9,Речной вокзал,0,14,54.978571,83.04932,7.898,10.023361666574884,0,Удалённая,0.0,15.278604145947178
real_estate_agent,Калининский,9.0,12.0,10.0,9.29,3.0,Мясниковой,78.5,Заельцовская,0,11,55.108107,82.932054,5.599,8.698264420675088,1,Автомобильная,5.599,31.17687554882102
real_estate_agent,Октябрьский,7.0,10.0,9.0,6.34,3.0,В. Высоцкого,65.3,Золотая Нива,0,37,55.033734,83.023574,3.086,6.5847465157125225,1,Автомобильная,3.086,21.616562820913394
real_estate_agent,Калининский,9.0,9.0,9.0,6.05,3.0,Красных Зорь,62.8,Заельцовская,0,38,55.112077,82.971454,6.99,9.67002569406119,1,Автомобильная,6.99,30.862147771125038
real_estate_agent,Дзержинский,3.0,5.0,12.1,5.0,3.0,Доватора,58.1,Золотая Нива,0,53,55.042282,82.999418,1.608,5.210057047325961,1,Транспортная,1.608,22.90512866581303
real_estate_agent,Кировский,13.0,18.0,16.0,7.0,3.0,Бронная,54.2,Площадь Маркса,0,5,54.948851,82.969307,5.968,9.564139201579868,0,Автомобильная,0.0,14.164915970630979
real_estate_agent,Кировский,4.0,25.0,19.0,16.99,3.0,Немировича-Данченко,75.0,Студенческая,0,8,54.990865,82.914366,0.525,4.387066496944941,0,Комфортная,0.0,20.002295304878466
real_estate_agent,Ленинский,1.0,10.0,10.8,10.32,3.0,Широкая,76.0,Площадь Маркса,0,18,54.99243,82.862336,2.436,5.597255013525913,1,Транспортная,2.436,22.20952456886907
real_estate_agent,Кировский,1.0,3.0,7.4,6.5,3.0,Мира,73.6,Площадь Маркса,0,68,54.963259,82.918597,2.555,7.440532417276761,0,Транспортная,0.0,17.404892940122725
real_estate_agent,Заельцовский,6.0,9.0,7.0,7.99,3.0,Дуси Ковальчук,60.7,Гагаринская,0,41,55.052433,82.893435,1.372,3.0150469807846734,1,Комфортная,1.372,26.52242675867375
real_estate_agent,Железнодорожный,1.0,2.0,10.0,7.1,3.0,Максима Горького,75.0,Площадь Ленина,0,70,55.026184,82.907611,0.929,0.9295579285269426,1,Комфортная,0.929,23.539641264434394
real_estate_agent,Железнодорожный,4.0,12.0,10.6,10.511,3.0,Железнодорожная,74.5,Гагаринская,0,41,55.047616,82.910117,0.472,2.048827778362215,1,Пешеходная,0.472,25.547955708536705
real_estate_agent,Советский,6.0,9.0,7.7,5.59,3.0,Молодости,62.8,Площадь Маркса,0,39,54.860875,82.967959,14.259,19.067294581420956,0,Удалённая,0.0,8.300059265047748
real_estate_agent,Заельцовский,2.0,9.0,5.1,7.0,3.0,Красный проспект,56.3,Гагаринская,0,57,55.054129,82.91318,0.374,2.704479333493927,1,Пешеходная,0.374,26.105561695528674
real_estate_agent,Ленинский,2.0,3.0,14.2,9.0,3.0,Крашенинникова,78.6,Площадь Маркса,0,75,54.983541,82.868435,1.777,6.15413045914527,1,Транспортная,1.777,21.217363296761388
real_estate_agent,Калининский,8.0,9.0,4.1,12.0,3.0,Красный проспект,62.3,Заельцовская,0,6,55.114477,82.929817,6.265,9.394070351226542,1,Автомобильная,6.265,31.89232255001709
real_estate_agent,Кировский,8.0,18.0,14.0,9.7,3.0,Пригородная,92.0,Студенческая,0,9,54.975031,82.927221,2.027,6.145872896361915,0,Транспортная,0.0,18.093511483918856
real_estate_agent,Заельцовский,15.0,25.0,12.0,11.95,3.0,Сухарная,85.0,Площадь Гарина-Михайловского,0,16,55.047193,82.86062,2.808,4.255722372509234,1,Транспортная,2.808,27.108080804322114
real_estate_agent,Кировский,8.0,10.0,8.0,8.7,3.0,Дмитрия Шмонина,87.0,Площадь Маркса,0,4,54.943173,82.95886,5.91,9.978870980168235,0,Автомобильная,0.0,14.049315398095235
real_estate_agent,Заельцовский,2.0,9.0,10.0,8.65,3.0,Дуси Ковальчук,60.8,Площадь Гарина-Михайловского,0,46,55.049292,82.887848,1.717,2.972318171973942,1,Транспортная,1.717,26.393668903707333
real_estate_agent,Кировский,8.0,9.0,7.1,5.68,3.0,Петухова,63.3,Площадь Маркса,0,49,54.93856,82.909704,4.939,10.209000659305914,0,Автомобильная,0.0,15.828954703650131
real_estate_agent,Ленинский,8.0,9.0,7.9,5.6,3.0,Невельского,60.5,Площадь Маркса,0,39,54.993045,82.825055,4.694,7.349941940404865,1,Автомобильная,4.694,23.912003896250948
real_estate_agent,Дзержинский,3.0,5.0,9.0,5.87,3.0,Республиканская,73.0,Березовая Роща,0,69,55.073633,82.982279,3.888,6.235302297836869,1,Автомобильная,3.888,26.556109310957673
real_estate_agent,Октябрьский,5.0,5.0,6.0,6.6,3.0,Гаранина,60.0,Золотая Нива,0,60,55.028997,82.962363,1.267,2.675235676494487,1,Комфортная,1.267,22.26666951243094
real_estate_agent,Железнодорожный,13.0,25.0,10.0,15.5,3.0,Фабричная,69.0,Площадь Гарина-Михайловского,0,5,55.025286,82.89675,1.139,1.6041450214512063,1,Комфортная,1.139,23.813578913695125
real_estate_agent,Заельцовский,3.0,10.0,25.5,16.0,3.0,Холодильная,76.8,Площадь Гарина-Михайловского,0,18,55.050504,82.884245,1.944,3.229855426051341,1,Транспортная,1.944,26.625514406514085
real_estate_agent,Октябрьский,14.0,24.0,24.0,15.5,3.0,Большевистская,71.5,Речной вокзал,0,2,54.991981,82.978003,3.212,5.6125081723724985,1,Автомобильная,3.212,18.090761930006284
real_estate_agent,Октябрьский,14.0,16.0,27.0,11.55,3.0,Выборная,83.0,Золотая Нива,0,9,55.003033,83.028165,5.091,7.501406214132277,1,Автомобильная,5.091,18.221928906981834
real_estate_agent,Центральный,6.0,9.0,35.0,17.8,3.0,Ольги Жилиной,83.0,Сибирская,0,10,55.035792,82.934758,0.96,1.1065684143611694,1,Комфортная,0.96,23.670639163020663
real_estate_agent,Железнодорожный,4.0,24.0,16.3,13.9,3.0,Дмитрия Шамшурина,64.3,Площадь Гарина-Михайловского,0,6,55.031597,82.90055,0.427,1.2772925444426062,1,Пешеходная,0.427,24.286771679373576
real_estate_agent,Дзержинский,7.0,25.0,14.7,9.0,3.0,Гоголя,52.9,Березовая Роща,0,2,55.047317,82.966208,1.015,3.4847132827351004,1,Комфортная,1.015,24.07987415750876
real_estate_agent,Кировский,7.0,9.0,12.7,11.8,3.0,Ватутина,89.7,Площадь Маркса,0,21,54.981185,82.902957,0.449,5.559216379054511,0,Пешеходная,0.0,19.578508493546256
real_estate_agent,Ленинский,1.0,2.0,6.3,4.05,3.0,1-й Порядковый переулок,52.7,Площадь Маркса,0,71,54.991444,82.821633,4.865,7.6305934978858465,1,Автомобильная,4.865,23.947431916793946
real_estate_agent,Советский,1.0,5.0,6.0,5.1,3.0,Универсальная,56.2,Площадь Маркса,0,21,54.864539,82.973376,13.992,18.72452227170826,0,Удалённая,0.0,8.070750106049681
real_estate_agent,Кировский,5.0,10.0,8.5,5.2,3.0,Виктора Шевелева,58.0,Площадь Маркса,0,9,54.946271,82.972478,6.306,9.901814143612532,0,Автомобильная,0.0,13.81380211017899
realtor,Октябрьский,12.0,27.0,8.0,17.9,3.0,Лескова,80.0,Октябрьская,0,11,55.024605,82.954979,1.195,2.2867656422581515,1,Комфортная,1.195,22.00175961603387
real_estate_agent,Железнодорожный,5.0,5.0,6.0,7.95,3.0,Омская,56.4,Площадь Гарина-Михайловского,0,63,55.039223,82.897442,0.447,1.7780463800289616,1,Пешеходная,0.447,25.11846765256138
real_estate_agent,Октябрьский,16.0,25.0,12.2,14.28,3.0,Бориса Богаткова,94.6,Золотая Нива,0,17,55.035576,82.977275,0.239,3.671783916825628,1,Пешеходная,0.239,22.613440360688063
real_estate_agent,Октябрьский,9.0,10.0,8.5,8.7,3.0,В. Высоцкого,65.0,Золотая Нива,0,29,55.031654,83.010737,2.332,5.757231283879063,1,Транспортная,2.332,21.57802891302322
real_estate_agent,Октябрьский,7.0,9.0,6.8,8.2,3.0,Нижегородская,59.4,Речной вокзал,0,50,55.01167,82.951484,0.918,2.854210441162407,1,Комфортная,0.918,20.791688617046738
real_estate_agent,Кировский,6.0,10.0,12.7,7.15,3.0,Виктора Шевелева,85.9,Площадь Маркса,0,8,54.945417,82.970807,6.285,9.95642136367126,0,Автомобильная,0.0,13.796256310497666
realtor,Заельцовский,2.0,10.0,8.8,6.1,3.0,Линейная,66.6,Маршала Покрышкина,0,32,55.053454,82.931147,1.004,2.6780263583970405,1,Комфортная,1.004,25.549909702336066
real_estate_agent,Кировский,4.0,5.0,5.7,6.89,3.0,Зорге,60.9,Площадь Маркса,0,9,54.935188,82.906101,5.277,10.600495082910257,0,Автомобильная,0.0,15.756832088843229
real_estate_agent,Кировский,8.0,10.0,22.0,9.0,3.0,Зорге,88.6,Площадь Маркса,0,9,54.931469,82.914905,5.777,10.98016793372422,0,Автомобильная,0.0,15.060390196759787
real_estate_agent,Октябрьский,11.0,17.0,14.6,9.2,3.0,Гаранина,60.0,Золотая Нива,0,5,55.026721,82.970493,1.242,3.213213183050905,1,Комфортная,1.242,21.839560691513842
real_estate_agent,Заельцовский,4.0,5.0,20.0,19.5,3.0,Победы,97.9,Заельцовская,0,11,55.067412,82.878074,2.389,4.943222495715981,1,Транспортная,2.389,28.453470313136318
real_estate_agent,Ленинский,2.0,9.0,11.0,6.99,3.0,Степная,65.1,Площадь Маркса,0,38,54.976571,82.861302,2.316,7.052375376641824,1,Транспортная,2.316,20.97749313649332
real_estate_agent,Калининский,9.0,10.0,10.6,8.0,3.0,Свечникова,64.4,Заельцовская,0,3,55.111068,82.944774,6.141,9.128475548232233,1,Автомобильная,6.141,31.23038233154712
real_estate_agent,Калининский,10.0,12.0,16.5,9.5,3.0,Имени генерал-майора А.Н. Рожкина,83.4,Заельцовская,0,3,55.110326,82.924858,5.76,8.917941602322847,1,Автомобильная,5.76,31.563824775934787
real_estate_agent,Заельцовский,3.0,16.0,7.0,5.1,3.0,Солидарности,58.0,Заельцовская,0,22,55.155515,82.960423,11.155,14.16862038037262,1,Удалённая,11.155,35.71588842591933
real_estate_agent,Железнодорожный,1.0,5.0,6.4,7.1,3.0,Советская,58.1,Площадь Ленина,0,58,55.033341,82.914321,0.522,0.5259120483955957,1,Комфортная,0.522,24.021016581696998
real_estate_agent,Кировский,7.0,9.0,7.1,4.5,3.0,Зорге,63.3,Площадь Маркса,0,56,54.927801,82.920924,6.262,11.382400068452077,0,Автомобильная,0.0,14.503345842668848
real_estate_agent,Октябрьский,2.0,10.0,8.8,10.5,3.0,Белинского,64.6,Октябрьская,0,36,55.022587,82.943947,0.519,1.719182228901518,1,Комфортная,0.519,22.093520471925785
real_estate_agent,Кировский,2.0,9.0,13.0,6.5,3.0,Виктора Уса,65.2,Площадь Маркса,0,10,54.941311,82.88633,4.601,10.116900561188604,0,Автомобильная,0.0,17.163525694009856
real_estate_agent,Октябрьский,2.0,4.0,9.0,12.0,3.0,Большевистская,80.0,Речной вокзал,0,4,55.001556,82.951871,1.248,3.759822994072561,1,Комфортная,1.248,19.77611416233679
real_estate_agent,Калининский,7.0,10.0,13.4,8.6,3.0,Мясниковой,73.3,Заельцовская,0,3,55.108797,82.932018,5.673,8.7745199528645,1,Автомобильная,5.673,31.24999757228126
real_estate_agent,Дзержинский,5.0,6.0,25.0,6.5,3.0,проспект Дзержинского,78.0,Золотая Нива,0,3,55.055857,82.976907,2.043,4.594073309127611,1,Транспортная,2.043,24.7599760278364
real_estate_agent,Центральный,5.0,10.0,11.1,18.5,3.0,Орджоникидзе,88.5,Площадь Ленина,0,17,55.031659,82.931057,0.698,0.6969605111725812,1,Комфортная,0.698,23.361224892333354
real_estate_agent,Кировский,8.0,9.0,9.0,5.0,3.0,Зорге,60.0,Площадь Маркса,0,40,54.93479,82.925298,5.6,10.609752604462596,0,Автомобильная,0.0,14.810935734824447
real_estate_agent,Октябрьский,2.0,11.0,8.7,7.32,3.0,Большевистская,59.6,Речной вокзал,0,28,54.99555,82.96416,2.277,4.752531539730892,1,Транспортная,2.277,18.826407362839085
real_estate_agent,Железнодорожный,4.0,14.0,12.3,14.0,3.0,1905 года,77.7,Красный проспект,0,30,55.044825,82.907709,0.714,1.8206948140528847,1,Комфортная,0.714,25.34484544042652
real_estate_agent,Советский,9.0,9.0,7.0,5.65,3.0,Русская,63.0,Площадь Маркса,0,21,54.846809,83.041837,17.709,21.813198891804245,0,Удалённая,0.0,3.3650915668316257
real_estate_agent,Центральный,3.0,21.0,4.0,16.499999,3.0,Писарева,71.32,Гагаринская,0,3,55.048993,82.925604,0.72,2.1193151750334414,1,Комфортная,0.72,25.246769320169264
real_estate_agent,Октябрьский,2.0,17.0,5.0,16.5,3.0,Никитина,82.3,Речной вокзал,0,2,55.006523,82.956731,1.252,3.502084445640281,1,Комфортная,1.252,20.130641569229695
real_estate_agent,Калининский,12.0,17.0,18.0,8.29,3.0,Красный проспект,61.0,Заельцовская,0,6,55.107757,82.924508,5.474,8.631731167861496,1,Автомобильная,5.474,31.303395686904558
real_estate_agent,Кировский,6.0,9.0,6.4,4.8,3.0,Зорге,65.5,Площадь Маркса,0,40,54.935948,82.921786,5.407,10.47680651068138,0,Автомобильная,0.0,15.06281060780051
real_estate_agent,Первомайский,3.0,3.0,17.0,3.5,3.0,Первомайская,54.0,Золотая Нива,0,93,54.965931,83.118346,12.092,14.503689754644345,0,Удалённая,0.0,13.690617498201563
real_estate_agent,Железнодорожный,4.0,5.0,17.0,14.8,3.0,Депутатская,93.0,Площадь Ленина,0,57,55.027991,82.910782,0.66,0.6610592634522126,1,Комфортная,0.66,23.611905613817047
real_estate_agent,Кировский,4.0,11.0,8.5,4.5,3.0,Виктора Шевелева,58.6,Спортивная,0,4,54.948127,82.976098,6.296,9.788993740820851,0,Автомобильная,0.0,13.857356124659477
real_estate_agent,Октябрьский,9.0,10.0,12.0,9.7,3.0,Татьяны Снежиной,86.2,Золотая Нива,0,15,55.02171,83.01133,2.875,5.869149180782775,1,Транспортная,2.875,20.498686614846505
real_estate_agent,Ленинский,2.0,19.0,18.3,12.0,3.0,Ясный Берег,63.6,Площадь Гарина-Михайловского,0,7,55.017787,82.894369,1.987,2.157561538154857,1,Транспортная,1.987,23.194370563120525
realtor,Октябрьский,20.0,25.0,19.0,14.6,3.0,Шевченко,56.0,Октябрьская,0,4,55.018216,82.93253,0.43,1.536101617246538,1,Пешеходная,0.43,21.989771023776264
real_estate_agent,Ленинский,15.0,26.0,20.0,7.3,3.0,Забалуева,56.4,Площадь Маркса,0,5,54.989894,82.836904,3.876,6.958495799485818,1,Автомобильная,3.876,23.12608741333408
real_estate_agent,Заельцовский,5.0,18.0,25.0,13.2,3.0,Аэропорт,82.0,Заельцовская,0,3,55.080158,82.901799,2.451,5.684286936281938,1,Транспортная,2.451,29.02775942183817
real_estate_agent,Октябрьский,5.0,27.0,11.8,10.0,3.0,Вилюйская,93.8,Золотая Нива,0,13,55.002067,83.005105,4.366,6.236913782225923,1,Автомобильная,4.366,18.51568919289332
real_estate_agent,Кировский,10.0,10.0,13.0,6.7,3.0,Виктора Шевелева,87.0,Площадь Маркса,0,8,54.945221,82.965965,6.069,9.88188289333513,0,Автомобильная,0.0,13.95787121709956
real_estate_agent,Октябрьский,9.0,10.0,12.0,5.75,3.0,Татьяны Снежиной,57.5,Золотая Нива,0,4,55.020972,83.012157,2.967,5.934821167485382,1,Транспортная,2.967,20.405807456933495
real_estate_agent,Кировский,3.0,5.0,6.0,4.34,3.0,Петухова,59.0,Площадь Маркса,0,9,54.938596,82.904826,4.891,10.230603863994364,0,Автомобильная,0.0,16.065335565502487
real_estate_agent,Кировский,6.0,10.0,8.0,8.5,3.0,Новогодняя,61.9,Студенческая,0,22,54.984006,82.909443,0.58,5.18029507687988,0,Комфортная,0.0,19.571569372262633
real_estate_agent,Кировский,4.0,9.0,6.8,5.5,3.0,Зорге,62.2,Площадь Маркса,0,9,54.93599,82.920681,5.381,10.471793884832769,0,Автомобильная,0.0,15.117758679756667
real_estate_agent,Калининский,1.0,9.0,7.0,8.0,3.0,Народная,55.0,Заельцовская,0,56,55.075113,82.959749,3.496,5.590182201360031,1,Автомобильная,3.496,27.134427502718662
real_estate_agent,Калининский,4.0,10.0,9.0,7.25,3.0,Земнухова,78.5,Заельцовская,0,3,55.108776,82.951098,6.053,8.956487915251044,1,Автомобильная,6.053,30.866140179387042
real_estate_agent,Октябрьский,16.0,22.0,16.0,14.9,3.0,Бориса Богаткова,94.0,Золотая Нива,0,17,55.035132,82.976934,0.277,3.6425562780851175,1,Пешеходная,0.277,22.574066630566644
real_estate_agent,Первомайский,8.0,14.0,12.0,11.0,3.0,Героев Революции,86.5,Золотая Нива,0,10,54.975672,83.083761,9.738,12.050178449728568,0,Удалённая,0.0,14.700599675970496
real_estate_agent,Октябрьский,21.0,25.0,20.3,13.9,3.0,Никитина,61.9,Октябрьская,0,4,55.016197,82.963809,1.595,3.1710862413112557,1,Транспортная,1.595,20.91944756009833
real_estate_agent,Центральный,16.0,17.0,15.0,15.3,3.0,Семьи Шамшиных,77.0,Маршала Покрышкина,0,2,55.047977,82.927401,0.573,2.0297139771244423,1,Комфортная,0.573,25.095775022230363
real_estate_agent,Первомайский,16.0,18.0,5.1,9.1478,3.0,Заречная,56.5,Речной вокзал,0,2,54.977072,83.042951,7.61,9.792786585991635,0,Удалённая,0.0,15.197272055053796
realtor,Центральный,5.0,17.0,13.2,16.0,3.0,Сибревкома,90.8,Октябрьская,0,18,55.022097,82.929134,0.739,1.0545946665437838,1,Комфортная,0.739,22.47242795627316
real_estate_agent,Октябрьский,4.0,9.0,7.0,7.7,3.0,Московская,63.0,Речной вокзал,0,4,55.010932,82.961429,1.524,3.376712261340979,1,Транспортная,1.524,20.446482746380404
realtor,Центральный,5.0,6.0,29.3,15.8,3.0,Каменская,90.8,Сибирская,0,32,55.035895,82.928479,0.637,0.8177188451733298,1,Комфортная,0.637,23.85609777552134
real_estate_agent,Калининский,4.0,13.0,17.0,9.2,3.0,Имени генерал-майора А.Н. Рожкина,85.0,Заельцовская,0,3,55.111459,82.925667,5.892,9.04561326239051,1,Автомобильная,5.892,31.66461995357834
real_estate_agent,Первомайский,4.0,5.0,6.9,4.75,3.0,Звездная,59.4,Речной вокзал,0,53,54.955102,83.068131,10.275,12.586953501681792,0,Удалённая,0.0,12.509145877368717
real_estate_agent,Калининский,3.0,9.0,12.0,3.3,1.0,Курчатова,63.1,Заельцовская,0,49,55.105496,82.964591,6.138,8.835632206531017,1,Автомобильная,6.138,30.27167416412832
real_estate_agent,Октябрьский,13.0,25.0,13.0,14.4,3.0,Ипподромская,75.9,Октябрьская,0,10,55.01947,82.931955,0.468,1.3976181885539118,1,Пешеходная,0.468,22.13008503625986
real_estate_agent,Центральный,2.0,9.0,9.0,9.5,3.0,Гоголя,53.8,Красный проспект,0,18,55.04286,82.92007,0.22,1.41181223370208,1,Пешеходная,0.22,24.78839297195258
real_estate_agent,Калининский,4.0,5.0,6.7,5.3,3.0,Объединения,58.1,Заельцовская,0,60,55.098872,82.97016,5.752,8.269984433333216,1,Автомобильная,5.752,29.4665792072899
real_estate_agent,Ленинский,16.0,16.0,9.8,11.0,4.0,69/1,94.4,Площадь Маркса,0,21,55.001979,82.842312,4.075,5.884707434078323,1,Автомобильная,4.075,23.85413672813159
real_estate_agent,Дзержинский,2.0,9.0,6.8,8.55,4.0,Фрунзе,72.0,Березовая Роща,0,51,55.041642,82.953542,0.212,2.4655494235553537,1,Пешеходная,0.212,23.780872626828472
real_estate_agent,Заельцовский,5.0,16.0,6.0,5.375,4.0,Солидарности,59.0,Заельцовская,0,22,55.15429,82.953371,10.909,13.960271689547575,1,Удалённая,10.909,35.694096903101205
real_estate_agent,Дзержинский,2.0,5.0,7.4,6.4,4.0,Авиастроителей,96.1,Березовая Роща,0,91,55.070443,82.968921,3.207,5.440337372958682,1,Автомобильная,3.207,26.459707489493944
real_estate_agent,Октябрьский,3.0,9.0,6.8,7.7,4.0,Выборная,70.3,Речной вокзал,0,47,54.996108,83.006353,4.618,6.659455990259472,1,Автомобильная,4.618,17.861198775453083
developer,Кировский,1.0,7.0,21.90000000000001,12.99,4.0,Немировича-Данченко,81.2,Площадь Маркса,0,2,54.979351,82.911716,1.043,5.677557333442908,0,Комфортная,0.0,19.072477519414875
real_estate_agent,Ленинский,3.0,9.0,7.1,7.5,4.0,Котовского,70.6,Площадь Маркса,0,6,54.990163,82.864321,2.214,5.708523718955372,1,Транспортная,2.214,21.937488394919995
real_estate_agent,Заельцовский,7.0,12.0,11.0,11.7,4.0,Дуси Ковальчук,72.4,Заельцовская,0,41,55.059281,82.91689,0.275,3.2454235102559803,1,Пешеходная,0.275,26.518210414545027
real_estate_agent,Центральный,5.0,9.0,15.2,7.7,4.0,Крылова,76.0,Маршала Покрышкина,0,54,55.04253,82.934623,0.232,1.6454947809977851,1,Пешеходная,0.232,24.3524533472591
real_estate_agent,Центральный,3.0,10.0,8.7,9.3,4.0,Писарева,77.6,Маршала Покрышкина,0,30,55.050215,82.936698,0.644,2.458465465999433,1,Комфортная,0.644,25.077383881521975
developer,Заельцовский,23.0,23.0,6.2,14.5,4.0,Ляпидевского,96.6,Заельцовская,0,2,55.080926,82.923116,2.528,5.64694599228574,1,Транспортная,2.528,28.55779722556281
real_estate_agent,Ленинский,4.0,9.0,7.0,5.45,4.0,Забалуева,70.7,Площадь Маркса,0,51,54.989791,82.833293,4.099,7.143470188866566,1,Автомобильная,4.099,23.282706582757168
real_estate_agent,Кировский,1.0,10.0,9.0,6.6,4.0,Немировича-Данченко,77.9,Площадь Маркса,0,32,54.977139,82.911105,1.111,5.926174062655109,0,Комфортная,0.0,18.902751191442654
real_estate_agent,Железнодорожный,4.0,5.0,10.6,16.0,4.0,Ленина,95.0,Площадь Ленина,0,11,55.029621,82.911671,0.56,0.561870104578268,1,Комфортная,0.56,23.741418274262553
real_estate_agent,Железнодорожный,4.0,5.0,20.0,9.9,4.0,проспект Димитрова,95.4,Площадь Ленина,0,64,55.033765,82.912435,0.644,0.6482489321169864,1,Комфортная,0.644,24.120133775248075
real_estate_agent,Заельцовский,16.0,17.0,30.0,15.0,4.0,Аэропорт,96.5,Заельцовская,0,4,55.078035,82.911689,2.117,5.351977176297565,1,Транспортная,2.117,28.55085990202134
real_estate_agent,Кировский,3.0,4.0,10.0,6.0,4.0,Бурденко,82.8,Площадь Маркса,0,75,54.965998,82.908302,1.97,7.176895605451998,0,Транспортная,0.0,18.064365371957315
developer,Октябрьский,21.0,25.0,20.0,9.8,4.0,Ленинградская,79.95,Речной вокзал,0,1,55.011185,82.963136,1.635,3.444290843570368,1,Транспортная,1.635,20.427155475247062
real_estate_agent,Ленинский,2.0,9.0,6.5,6.28,4.0,Невельского,70.0,Площадь Маркса,0,6,54.991413,82.804331,5.948,8.565789451987992,1,Автомобильная,5.948,24.76083784678132
real_estate_agent,Дзержинский,4.0,9.0,7.0,7.5,4.0,Кошурникова,69.7,Золотая Нива,0,55,55.040533,82.976646,0.344,3.7628086685025672,1,Пешеходная,0.344,23.147314028030603
real_estate_agent,Железнодорожный,4.0,5.0,6.0,8.5,4.0,Челюскинцев,60.1,Площадь Гарина-Михайловского,0,59,55.037608,82.904997,0.423,1.2856592735870194,1,Пешеходная,0.423,24.723942963326984
real_estate_agent,Ленинский,2.0,9.0,7.0,6.7,4.0,Ударная,70.7,Площадь Маркса,0,55,54.964851,82.864222,2.816,8.09943388067725,1,Транспортная,2.816,19.94389068016455
realtor,Центральный,7.0,10.0,7.7,9.3,4.0,Серебренниковская,72.5,Октябрьская,0,38,55.017756,82.929071,0.656,1.485543136525785,1,Комфортная,0.656,22.049462196442914
real_estate_agent,Первомайский,7.0,9.0,8.8,6.15,4.0,Марата,77.7,Золотая Нива,0,49,54.977258,83.097622,10.267,12.739380906347789,0,Удалённая,0.0,14.863796531597517
developer,Заельцовский,2.0,11.0,6.4,14.41,4.0,Красный проспект,96.2,Заельцовская,0,2,55.075716,82.911411,1.86,5.097555932832565,1,Транспортная,1.86,28.323061374176355
real_estate_agent,Калининский,8.0,10.0,9.1,8.5,4.0,25 лет Октября,78.8,Березовая Роща,0,34,55.073767,82.964267,3.478,5.594705636438071,1,Автомобильная,3.478,26.902249895624905
real_estate_agent,Ленинский,8.0,10.0,10.0,6.79,4.0,Киевская,82.1,Площадь Маркса,0,37,54.991929,82.848888,3.203,6.236044459438028,1,Автомобильная,3.203,22.75134706707916
developer,Железнодорожный,16.0,24.0,37.64999999999999,16.2,4.0,Прибрежная,93.85,Площадь Гарина-Михайловского,0,2,55.030519,82.889321,0.851,1.983366535184058,1,Комфортная,0.851,24.55820665848956
real_estate_agent,Железнодорожный,1.0,5.0,10.2,11.6,4.0,Депутатская,90.08,Площадь Ленина,0,57,55.027991,82.910782,0.66,0.6610592634522126,1,Комфортная,0.66,23.611905613817047
real_estate_agent,Железнодорожный,3.0,9.0,7.2,7.8,4.0,Челюскинцев,72.9,Площадь Гарина-Михайловского,0,27,55.039832,82.90523,0.61,1.4471926692888446,1,Комфортная,0.61,24.932647227246434
real_estate_agent,Калининский,7.0,9.0,7.0,6.6,4.0,Народная,72.6,Заельцовская,0,56,55.07436,82.958168,3.367,5.470476408863228,1,Автомобильная,3.367,27.087199521554602
real_estate_agent,Дзержинский,2.0,4.0,10.2,7.5,4.0,проспект Дзержинского,96.2,Золотая Нива,0,70,55.062122,82.987579,2.842,5.560841882863112,1,Транспортная,2.842,25.232567831058844
real_estate_agent,Советский,7.0,9.0,8.2,6.39,4.0,Молодости,74.8,Площадь Маркса,0,39,54.860875,82.967959,14.259,19.067294581420956,0,Удалённая,0.0,8.300059265047748
realtor,Калининский,5.0,10.0,7.0,13.5,4.0,Красный проспект,99.5,Заельцовская,0,6,55.115434,82.931245,6.386,9.506418556722666,1,Автомобильная,6.386,31.963059102927392
real_estate_agent,Заельцовский,2.0,4.0,6.0,6.4,4.0,Дуси Ковальчук,64.3,Заельцовская,0,95,55.063339,82.917654,0.58,3.693035406973557,1,Комфортная,0.58,26.90627859631553
real_estate_agent,Дзержинский,4.0,9.0,6.8,8.799999,4.0,Адриена Лежена,72.9,Золотая Нива,0,47,55.044077,82.977266,0.739,3.937776169166911,1,Комфортная,0.739,23.507760525944924
real_estate_agent,Октябрьский,7.0,10.0,16.0,6.95,4.0,Лазурная,72.3,Золотая Нива,0,38,55.033053,83.00426,1.892,5.351623588366983,1,Транспортная,1.892,21.833865197778668
developer,Железнодорожный,24.0,24.0,18.05,16.95,4.0,Прибрежная,95.55,Площадь Гарина-Михайловского,0,2,55.030519,82.889321,0.851,1.983366535184058,1,Комфортная,0.851,24.55820665848956
real_estate_agent,Дзержинский,2.0,10.0,9.0,9.75,4.0,Красина,80.0,Березовая Роща,0,31,55.045269,82.962058,0.683,3.139162074983248,1,Комфортная,0.683,23.95785078833155
real_estate_agent,Советский,17.0,17.0,25.0,11.3,4.0,2-я Миргородская,85.0,Площадь Маркса,0,21,54.853656,83.039852,16.997,21.056821611107143,0,Удалённая,0.0,3.648485894104211
developer,Кировский,6.0,11.0,4.6,9.6,4.0,18-й Бронный переулок,80.4,Площадь Маркса,0,2,54.94595,82.942429,5.005,9.468814785943897,0,Автомобильная,0.0,14.952863506737435
real_estate_agent,Заельцовский,2.0,10.0,9.0,9.5,4.0,Дуси Ковальчук,81.6,Площадь Гарина-Михайловского,0,34,55.049147,82.885305,1.779,3.0766029468543272,1,Транспортная,1.779,26.46117718053177
real_estate_agent,Центральный,1.0,3.0,7.0,8.9,4.0,Чаплыгина,77.8,Площадь Ленина,0,71,55.027351,82.931173,0.756,0.7524473987447259,1,Комфортная,0.756,22.930319372509157
real_estate_agent,Первомайский,4.0,9.0,7.0,5.8,4.0,Шмидта,69.0,Золотая Нива,0,40,54.974354,83.083977,9.852,12.136517459128438,0,Удалённая,0.0,14.553574466702647
real_estate_agent,Октябрьский,8.0,10.0,9.0,8.99,4.0,В. Высоцкого,95.0,Золотая Нива,0,35,55.031556,83.020223,2.919,6.361277730994186,1,Транспортная,2.919,21.42590944322585
real_estate_agent,Дзержинский,20.0,26.0,19.5,11.88,4.0,Королева,82.0,Березовая Роща,0,2,55.051773,82.97016,1.497,3.976154644970644,1,Комфортная,1.497,24.463590422842444
real_estate_agent,Железнодорожный,2.0,4.0,10.0,8.7,4.0,Челюскинцев,69.7,Площадь Гарина-Михайловского,0,98,55.037722,82.898951,0.261,1.606429209948585,1,Пешеходная,0.261,24.925850451353934
developer,Кировский,5.0,7.0,23.90000000000001,13.29,4.0,Немировича-Данченко,78.9,Площадь Маркса,0,2,54.979351,82.911716,1.043,5.677557333442908,0,Комфортная,0.0,19.072477519414875
real_estate_agent,Ленинский,2.0,9.0,8.7,7.89,4.0,Троллейная,77.0,Площадь Маркса,0,42,54.962075,82.84101,4.179,9.109896451266918,1,Автомобильная,4.179,20.865480266268428
developer,Калининский,14.0,18.0,4.9,10.45,4.0,Игарская,85.4,Заельцовская,0,1,55.102452,82.937021,5.076,8.10702069365299,1,Автомобильная,5.076,30.478894366284777
realtor,Калининский,5.0,9.0,7.0,6.9,4.0,Олеко Дундича,70.6,Березовая Роща,0,56,55.075674,82.970259,3.785,5.973120928955252,1,Автомобильная,3.785,26.989469112469727
real_estate_agent,Октябрьский,8.0,16.0,12.9,9.1,4.0,Ключ-Камышенское плато,80.2,Золотая Нива,0,4,54.988267,83.043849,6.993,9.1450016094638,1,Автомобильная,6.993,16.403710727015188
real_estate_agent,Дзержинский,9.0,10.0,9.0,9.1,4.0,Красина,76.8,Березовая Роща,0,3,55.045269,82.962058,0.683,3.139162074983248,1,Комфортная,0.683,23.95785078833155
real_estate_agent,Железнодорожный,8.0,9.0,12.4,12.3,4.0,Советская,74.0,Гагаринская,0,11,55.04743,82.91133,0.445,2.005541819435265,1,Пешеходная,0.445,25.494042698010883
real_estate_agent,Дзержинский,3.0,14.0,13.6,10.7,4.0,Есенина,99.0,Золотая Нива,0,3,55.034461,82.99428,1.237,4.7300697900864686,1,Комфортная,1.237,22.159877560876584
real_estate_agent,Ленинский,8.0,9.0,8.8,8.3,4.0,Троллейная,90.1,Площадь Маркса,0,42,54.962075,82.84101,4.179,9.109896451266918,1,Автомобильная,4.179,20.865480266268428
realtor,Кировский,4.0,5.0,5.4,4.85,4.0,Зорге,60.2,Площадь Маркса,0,59,54.934128,82.926529,5.696,10.685901791502369,0,Автомобильная,0.0,14.703219364504085
real_estate_agent,Дзержинский,5.0,9.0,7.0,8.1,4.0,Кошурникова,75.8,Березовая Роща,0,3,55.041926,82.955859,0.295,2.608682260361211,1,Пешеходная,0.295,23.75470522540941
real_estate_agent,Заельцовский,3.0,9.0,7.2,8.9,4.0,Весенняя,79.2,Заельцовская,0,3,55.069458,82.906874,1.219,4.453769822877158,1,Комфортная,1.219,27.814071157405383
real_estate_agent,Калининский,15.0,16.0,10.0,8.39,4.0,Объединения,87.0,Заельцовская,0,2,55.09303,82.953919,4.608,7.308231146440625,1,Автомобильная,4.608,29.142904853852343
real_estate_agent,Октябрьский,1.0,5.0,7.0,5.0,4.0,Коммунстроевская,60.0,Золотая Нива,0,57,55.025787,82.984471,1.42,4.110157282630455,1,Комфортная,1.42,21.434658053682757
real_estate_agent,Октябрьский,9.0,9.0,7.0,6.7,4.0,Бориса Богаткова,70.4,Золотая Нива,0,56,55.035503,82.968498,0.504,3.1198109458073,1,Комфортная,0.504,22.796986201688725
real_estate_agent,Первомайский,9.0,9.0,8.4,6.99,4.0,Узорная,77.8,Спортивная,0,42,54.924531,83.081462,12.928,15.60642001894211,0,Удалённая,0.0,9.035350089526691
real_estate_agent,Первомайский,9.0,9.0,7.1,6.45,4.0,Чапаева,67.2,Золотая Нива,0,14,54.976581,83.071374,9.121,11.320669467069276,0,Удалённая,0.0,14.857998085202123
real_estate_agent,Октябрьский,2.0,10.0,21.5,19.45,4.0,Никитина,89.0,Речной вокзал,0,4,55.007008,82.955581,1.168,3.413211460565873,1,Комфортная,1.168,20.211236503989912
real_estate_agent,Октябрьский,3.0,5.0,6.1,6.3,4.0,Гаранина,62.2,Золотая Нива,0,61,55.028491,82.962884,1.288,2.711698774739012,1,Комфортная,1.288,22.202021736728998
real_estate_agent,Октябрьский,12.0,16.0,14.0,18.5,4.0,Шевченко,80.0,Речной вокзал,0,9,55.013524,82.932503,0.575,2.003903374410724,1,Комфортная,0.575,21.53160909248452
real_estate_agent,Ленинский,6.0,9.0,9.0,5.49,4.0,Троллейная,76.5,Площадь Маркса,0,6,54.962018,82.84419,4.013,9.00400999585605,1,Автомобильная,4.013,20.704194426336677
real_estate_agent,Ленинский,13.0,16.0,10.0,10.7,4.0,69/1,98.8,Площадь Маркса,0,20,55.001979,82.842312,4.075,5.884707434078323,1,Автомобильная,4.075,23.85413672813159
real_estate_agent,Кировский,1.0,9.0,7.0,5.49,4.0,Петухова,69.9,Площадь Маркса,0,9,54.936636,82.932746,5.588,10.42956776838528,0,Автомобильная,0.0,14.611843432122726
real_estate_agent,Советский,2.0,9.0,8.0,12.2,4.0,Демакова,81.0,Спортивная,0,36,54.865342,83.110711,18.851,21.989771488877675,0,Удалённая,0.0,2.641085238417797
real_estate_agent,Октябрьский,7.0,10.0,8.5,9.5,4.0,Гаранина,79.1,Золотая Нива,0,37,55.028104,82.970232,1.099,3.1818854890710457,1,Комфортная,1.099,21.988955609837014
real_estate_agent,Октябрьский,3.0,10.0,16.0,10.0,4.0,Грибоедова,80.0,Речной вокзал,0,21,55.006208,82.959183,1.412,3.6328804938265264,1,Комфортная,1.412,20.03121338129752
developer,Ленинский,5.0,15.0,5.0,13.5094,4.0,Серафимовича,77.6,Площадь Маркса,0,1,54.979764,82.88041,1.046,6.158230141985667,1,Комфортная,1.046,20.391329493847017
real_estate_agent,Центральный,4.0,6.0,10.0,11.85,4.0,Ипподромская,73.9,Маршала Покрышкина,0,29,55.048013,82.942959,0.675,2.449111585598955,1,Комфортная,0.675,24.69434809506981
real_estate_agent,Калининский,4.0,4.0,9.8,8.2,4.0,2-й Краснодонский переулок,95.0,Заельцовская,0,72,55.075226,82.949894,2.982,5.350351303590154,1,Транспортная,2.982,27.35165760969831
realtor,Дзержинский,1.0,9.0,25.0,8.0,4.0,Новая Заря,72.0,Березовая Роща,0,41,55.077355,82.97988,4.185,6.4706431553890935,1,Автомобильная,4.185,26.995848900301784
real_estate_agent,Октябрьский,10.0,10.0,13.0,7.2,4.0,Выборная,78.0,Золотая Нива,0,28,55.004809,83.026539,4.874,7.328256366982836,1,Автомобильная,4.874,18.43814484302256
developer,Октябрьский,2.0,8.0,6.7,11.3,4.0,Грибоедова,78.9,Золотая Нива,0,1,55.021648,82.976844,1.764,3.7179503515893786,1,Транспортная,1.764,21.167827218238447
real_estate_agent,Октябрьский,9.0,10.0,8.7,7.15,4.0,В. Высоцкого,78.0,Золотая Нива,0,38,55.030426,83.011141,2.398,5.7807582243743045,1,Транспортная,2.398,21.43935801389405
real_estate_agent,Октябрьский,4.0,25.0,20.1,8.5,4.0,Выборная,80.38,Золотая Нива,0,2,55.008175,83.021355,4.375,6.882420766394367,1,Автомобильная,4.375,18.88098944588562
real_estate_agent,Октябрьский,10.0,10.0,8.6,6.7,4.0,В. Высоцкого,90.3,Золотая Нива,0,4,55.030426,83.011141,2.398,5.7807582243743045,1,Транспортная,2.398,21.43935801389405
real_estate_agent,Октябрьский,3.0,10.0,9.0,9.0,4.0,Карла Либкнехта,79.6,Октябрьская,0,28,55.020817,82.964231,1.611,2.9786684153535314,1,Транспортная,1.611,21.381058925140106
real_estate_agent,Октябрьский,2.0,10.0,9.0,9.6,4.0,Федосеева,77.0,Золотая Нива,0,32,55.038114,82.968139,0.48,3.16574586610588,1,Пешеходная,0.48,23.076863201832307
developer,Дзержинский,11.0,17.0,18.190000000000005,10.7,4.0,Промышленная,58.99,Березовая Роща,0,1,55.055398,82.966414,1.632,4.056250544857086,1,Транспортная,1.632,24.92245547039263
realtor,Заельцовский,2.0,5.0,8.5,11.0,4.0,Красный проспект,85.6,Заельцовская,0,71,55.061266,82.910162,0.296,3.519665701770807,1,Пешеходная,0.296,26.90263905394177
real_estate_agent,Ленинский,1.0,10.0,8.8,6.8,4.0,Плахотного,77.5,Площадь Маркса,0,23,54.985586,82.845771,3.238,6.873105747905407,1,Автомобильная,3.238,22.387013920241973
developer,Октябрьский,14.0,23.0,6.2,12.3,4.0,Грибоедова,87.5,Золотая Нива,0,1,55.021648,82.976844,1.764,3.7179503515893786,1,Транспортная,1.764,21.167827218238447
real_estate_agent,Октябрьский,9.0,19.0,14.2,18.99,4.0,Шевченко,95.2,Речной вокзал,0,9,55.013524,82.932503,0.575,2.003903374410724,1,Комфортная,0.575,21.53160909248452
real_estate_agent,Дзержинский,2.0,5.0,6.0,5.49,4.0,Чкалова,59.0,Березовая Роща,0,3,55.067736,82.959183,2.756,4.852352724964945,1,Транспортная,2.756,26.369519861533732
real_estate_agent,Ленинский,4.0,10.0,8.8,6.95,4.0,Широкая,81.9,Площадь Маркса,0,35,54.992126,82.850011,3.143,6.168806908418076,1,Автомобильная,3.143,22.71786425628432
real_estate_agent,Октябрьский,2.0,10.0,12.0,7.6,4.0,Лазурная,73.5,Золотая Нива,0,4,55.033053,83.00426,1.892,5.351623588366983,1,Транспортная,1.892,21.833865197778668
developer,Заельцовский,8.0,15.0,17.66,17.72,4.0,Дуси Ковальчук,88.3,Заельцовская,0,1,55.057193,82.906865,0.417,3.127270329890379,1,Пешеходная,0.417,26.59018735446785
realtor,Заельцовский,7.0,25.0,27.5,17.2,4.0,Дмитрия Донского,91.5,Заельцовская,0,10,55.064705,82.901556,0.947,4.02458705338776,1,Комфортная,0.947,27.488298314277955
real_estate_agent,Октябрьский,8.0,8.0,16.14,9.6,4.0,Родниковая,80.7,Речной вокзал,0,2,54.988045,83.005069,4.904,7.14551323611744,1,Автомобильная,4.904,17.03970797393774
real_estate_agent,Заельцовский,23.0,23.0,19.32,14.5,4.0,Ляпидевского,96.6,Заельцовская,0,2,55.080926,82.923116,2.528,5.64694599228574,1,Транспортная,2.528,28.55779722556281
developer,Калининский,6.0,9.0,13.66,9.35,4.0,Пашино мкр,68.3,Заельцовская,0,1,55.161954,82.981237,12.252,15.156285975848531,1,Удалённая,12.252,36.12368822737862
real_estate_agent,Дзержинский,3.0,10.0,8.0,8.15,4.0,Чкалова,73.8,Березовая Роща,0,30,55.068587,82.960324,2.863,4.970801466495516,1,Транспортная,2.863,26.435315159806823
real_estate_agent,Центральный,9.0,30.0,16.0,19.99,4.0,Семьи Шамшиных,86.7,Маршала Покрышкина,0,2,55.047977,82.927401,0.573,2.0297139771244423,1,Комфортная,0.573,25.095775022230363
real_estate_agent,Советский,3.0,5.0,5.7,5.0,4.0,Софийская,62.0,Площадь Маркса,0,55,54.854377,82.974625,15.082,19.850788650670285,0,Удалённая,0.0,7.741932080301864
developer,Заельцовский,4.0,29.0,33.4,15.99,4.0,Дуси Ковальчук,96.0,Площадь Гарина-Михайловского,0,1,55.046785,82.881901,1.695,3.0731266720364294,1,Транспортная,1.695,26.346019868246223
developer,Дзержинский,12.0,22.0,18.02,12.8,4.0,Королева,90.1,Березовая Роща,0,1,55.050514,82.968489,1.327,3.8070616847637977,1,Комфортная,1.327,24.36613246098095
real_estate_agent,Заельцовский,1.0,9.0,7.2,6.59,4.0,Дуси Ковальчук,76.7,Гагаринская,0,41,55.052433,82.893435,1.372,3.0150469807846734,1,Комфортная,1.372,26.52242675867375
real_estate_agent,Железнодорожный,7.0,10.0,12.0,14.5,4.0,Вокзальная магистраль,88.6,Площадь Гарина-Михайловского,0,31,55.033336,82.904538,0.389,1.0727554704213218,1,Пешеходная,0.389,24.325471776891437
real_estate_agent,Железнодорожный,3.0,9.0,7.0,8.75,4.0,Железнодорожная,76.8,Площадь Гарина-Михайловского,0,46,55.044392,82.898879,1.001,2.0950920970813014,1,Комфортная,1.001,25.572550973250404
real_estate_agent,Кировский,3.0,10.0,7.0,7.1,4.0,Чемская,74.3,Студенческая,0,49,54.955127,82.960485,5.092,8.726194056381146,0,Автомобильная,0.0,15.05908946759205
real_estate_agent,Октябрьский,11.0,25.0,16.076,10.14,4.0,Ленинградская,80.38,Речной вокзал,0,1,55.011185,82.963136,1.635,3.444290843570368,1,Транспортная,1.635,20.427155475247062
real_estate_agent,Первомайский,5.0,10.0,10.0,6.89,4.0,Березовая,69.6,Речной вокзал,0,37,54.936305,83.126171,14.511,16.770328498885604,0,Удалённая,0.0,10.51039506918187
real_estate_agent,Железнодорожный,2.0,5.0,5.3,7.5,4.0,Челюскинцев,61.5,Площадь Гарина-Михайловского,0,60,55.036339,82.901304,0.151,1.3992016333924902,1,Пешеходная,0.151,24.717683195578978
real_estate_agent,Калининский,3.0,5.0,7.8,8.5,4.0,2-й Краснодонский переулок,89.6,Заельцовская,0,69,55.073623,82.951098,2.942,5.212066144932665,1,Транспортная,2.942,27.158004031839706
real_estate_agent,Первомайский,5.0,5.0,6.0,5.55,4.0,Узорная,62.0,Спортивная,0,61,54.921717,83.079458,13.019,15.760845699342378,0,Удалённая,0.0,8.736560726879778
real_estate_agent,Ленинский,3.0,4.0,9.3,5.9,4.0,переулок 3-й Крашенинникова,86.1,Площадь Маркса,0,87,54.983236,82.869324,1.718,6.152515769361855,1,Транспортная,1.718,21.153908626597183
real_estate_agent,Дзержинский,3.0,16.0,16.0,15.1,4.0,Планетная,71.0,Березовая Роща,0,9,55.050066,82.953038,0.756,3.035093754909259,1,Комфортная,0.756,24.662201385092203
realtor,Центральный,19.0,30.0,17.400000000000002,17.5,4.0,Семьи Шамшиных,87.0,Маршала Покрышкина,0,18,55.047977,82.927401,0.573,2.0297139771244423,1,Комфортная,0.573,25.095775022230363
real_estate_agent,Дзержинский,1.0,10.0,8.7,9.2,4.0,Красина,78.7,Березовая Роща,0,34,55.04384,82.962516,0.679,3.082491828833017,1,Комфортная,0.679,23.798896278172904
real_estate_agent,Октябрьский,12.0,14.0,28.0,12.49,4.0,Федосеева,82.0,Золотая Нива,0,4,55.039527,82.967007,0.592,3.14494997739036,1,Комфортная,0.592,23.24928511461173
real_estate_agent,Октябрьский,2.0,23.0,15.78,11.3,4.0,Грибоедова,78.9,Золотая Нива,0,1,55.021648,82.976844,1.764,3.7179503515893786,1,Транспортная,1.764,21.167827218238447
realtor,Советский,2.0,5.0,5.7,4.7,4.0,Барьерная,61.2,Площадь Маркса,0,59,54.863166,82.982027,14.338,18.981461304223934,0,Удалённая,0.0,7.496624072314245
real_estate_agent,Советский,5.0,5.0,10.0,9.9,4.0,Зеленая Горка,87.2,Спортивная,0,9,54.894549,83.09658,15.849,18.81078183469026,0,Удалённая,0.0,5.667492335850416
real_estate_agent,Советский,7.0,10.0,8.6,6.95,4.0,Гидромонтажная,77.5,Площадь Маркса,0,31,54.859741,82.974948,14.527,19.267430980992497,0,Удалённая,0.0,7.835760705293478
real_estate_agent,Ленинский,1.0,5.0,5.9,5.5,4.0,Планировочная,61.6,Студенческая,0,59,54.996851,82.893956,1.197,4.070936922222208,1,Комфортная,1.197,21.306756869216226
real_estate_agent,Октябрьский,5.0,6.0,17.0,9.5,4.0,Зеленый Бор мкр,80.4,Золотая Нива,0,22,55.001422,83.008285,4.521,6.448464822798684,1,Автомобильная,4.521,18.38583428325073
developer,Железнодорожный,10.0,24.0,32.050000000000004,16.55,4.0,Прибрежная,92.45,Площадь Гарина-Михайловского,0,2,55.030519,82.889321,0.851,1.983366535184058,1,Комфортная,0.851,24.55820665848956
real_estate_agent,Калининский,6.0,18.0,22.0,9.45,4.0,Игарская,84.83,Заельцовская,0,2,55.102931,82.937623,5.138,8.164880529642383,1,Автомобильная,5.138,30.516583986689163
realtor,Советский,1.0,5.0,5.5,5.195,4.0,Барьерная,60.9,Площадь Маркса,0,58,54.862788,82.988172,14.531,19.107592557440054,0,Удалённая,0.0,7.108418469458303
real_estate_agent,Советский,4.0,9.0,6.3,6.999,4.0,Лесосечная,73.7,Спортивная,0,44,54.890914,83.084399,15.602,18.69025308473353,0,Удалённая,0.0,5.29757264220935
real_estate_agent,Ленинский,1.0,11.0,12.0,10.2,4.0,Забалуева,96.4,Площадь Маркса,0,31,54.988825,82.81901,4.978,7.93451053996755,1,Автомобильная,4.978,23.87206948594491
real_estate_agent,Октябрьский,8.0,10.0,9.0,7.1,4.0,В. Высоцкого,77.3,Золотая Нива,0,36,55.031582,83.023844,3.144,6.592043482039939,1,Автомобильная,3.144,21.378981916569792
real_estate_agent,Советский,4.0,5.0,6.0,3.9,4.0,Гидромонтажная,60.9,Площадь Маркса,0,21,54.860922,82.978371,14.482,19.179248615997096,0,Удалённая,0.0,7.654509842760967
realtor,Заельцовский,4.0,7.0,17.2,18.3,4.0,Кедровая,86.6,Заельцовская,0,5,55.106479,82.907521,5.289,8.525478491853153,1,Автомобильная,5.289,31.56294549734884
developer,Заельцовский,1.0,9.0,7.6,13.32,4.0,Плановая,69.2,Заельцовская,0,2,55.056311,82.893947,1.225,3.361614562134192,1,Комфортная,1.225,26.884919719233853
developer,Дзержинский,2.0,22.0,18.172,12.5,4.0,Королева,90.86,Березовая Роща,0,1,55.050514,82.968489,1.327,3.8070616847637977,1,Комфортная,1.327,24.36613246098095
developer,Советский,15.0,15.0,6.2,19.29,4.0,Рубиновая,82.11,Площадь Маркса,0,1,54.870305,83.083627,17.277,20.605097489595085,0,Удалённая,0.0,3.044182071739417
real_estate_agent,Кировский,8.0,10.0,9.0,10.0,4.0,Тульская,77.1,Площадь Маркса,0,34,54.975656,82.912911,1.297,6.080093065894065,0,Комфортная,0.0,18.7019134529493
real_estate_agent,Ленинский,2.0,9.0,9.0,7.2,4.0,9-й Гвардейской Дивизии,77.5,Площадь Маркса,0,44,54.964721,82.849795,3.549,8.559001058353157,1,Автомобильная,3.549,20.62353814232181
developer,Заельцовский,26.0,29.0,32.7,19.45,4.0,Дуси Ковальчук,95.3,Площадь Гарина-Михайловского,0,1,55.046785,82.881901,1.695,3.0731266720364294,1,Транспортная,1.695,26.346019868246223
developer,Калининский,5.0,9.0,13.6,8.042607,4.0,Михаила Востокова,68.0,Заельцовская,0,2,55.174157,82.950514,13.03,16.125109604567516,1,Удалённая,13.03,37.87938981738293
real_estate_agent,Октябрьский,7.0,24.0,17.06,15.26,4.0,Ленинградская,85.3,Октябрьская,0,1,55.013136,82.957539,1.328,3.0297226734141183,1,Комфортная,1.328,20.772820333696856
real_estate_agent,Октябрьский,6.0,24.0,10.0,11.9,4.0,Большевистская,81.0,Речной вокзал,0,2,54.991981,82.978003,3.212,5.6125081723724985,1,Автомобильная,3.212,18.090761930006284
real_estate_agent,Калининский,4.0,5.0,10.0,13.5,4.0,Богдана Хмельницкого,98.0,Заельцовская,0,73,55.075788,82.953191,3.188,5.485298964424596,1,Автомобильная,3.188,27.340510150548017
real_estate_agent,Первомайский,2.0,5.0,5.1,4.7,4.0,Твардовского,61.1,Речной вокзал,0,58,54.939977,83.128075,14.389,16.61553538923874,0,Удалённая,0.0,10.934667765800942
real_estate_agent,Ленинский,8.0,12.0,45.0,6.9,4.0,Немировича-Данченко,76.0,Площадь Маркса,0,46,54.96959,82.861581,2.623,7.710972197129463,1,Транспортная,2.623,20.425740219550658
real_estate_agent,Октябрьский,5.0,5.0,8.6,7.95,4.0,Добролюбова,88.5,Золотая Нива,0,29,55.026628,82.97741,1.214,3.652397395794997,1,Комфортная,1.214,21.67400684474112
real_estate_agent,Ленинский,7.0,10.0,8.0,5.99,4.0,Титова,69.8,Площадь Маркса,0,36,54.980735,82.832332,4.079,7.859800649472199,1,Автомобильная,4.079,22.637898662082232
real_estate_agent,Калининский,7.0,9.0,4.1,14.5,4.0,Красный проспект,85.0,Заельцовская,0,7,55.115213,82.928847,6.336,9.47205374899324,1,Автомобильная,6.336,31.989943949446182
real_estate_agent,Железнодорожный,1.0,9.0,7.0,8.8,4.0,Железнодорожная,74.0,Площадь Гарина-Михайловского,0,45,55.043814,82.900532,0.937,1.977865504816764,1,Комфортная,0.937,25.465079355437563
developer,Дзержинский,17.0,17.0,17.589999999999996,12.5,4.0,Промышленная,58.19,Березовая Роща,0,1,55.055398,82.966414,1.632,4.056250544857086,1,Транспортная,1.632,24.92245547039263
real_estate_agent,Кировский,1.0,5.0,5.5,4.9,4.0,Петухова,60.8,Площадь Маркса,0,60,54.938912,82.918651,5.033,10.147509768132384,0,Автомобильная,0.0,15.434230975991625
real_estate_agent,Кировский,6.0,20.0,16.080000000000002,9.6,4.0,18-й Бронный переулок,80.4,Площадь Маркса,0,2,54.94595,82.942429,5.005,9.468814785943897,0,Автомобильная,0.0,14.952863506737435
developer,Заельцовский,2.0,6.0,3.9,14.84,4.0,Дуси Ковальчук,75.91,Площадь Гарина-Михайловского,0,1,55.046852,82.882646,1.67,3.039873881647789,1,Транспортная,1.67,26.32796597333683
real_estate_agent,Железнодорожный,2.0,9.0,9.0,10.0,4.0,Железнодорожная,70.0,Площадь Гарина-Михайловского,0,44,55.041601,82.895986,0.727,2.0110651847234315,1,Комфортная,0.727,25.39382367763144
real_estate_agent,Ленинский,5.0,9.0,7.5,6.7,4.0,Полтавская,74.2,Площадь Маркса,0,47,54.972499,82.847684,3.282,7.914818809714763,1,Автомобильная,3.282,21.2969613576418
developer,Заельцовский,3.0,15.0,14.740000000000002,14.6,4.0,Дуси Ковальчук,73.7,Заельцовская,0,1,55.057193,82.906865,0.417,3.127270329890379,1,Пешеходная,0.417,26.59018735446785
real_estate_agent,Октябрьский,2.0,24.0,17.288,14.76,4.0,Ленинградская,86.44,Октябрьская,0,1,55.013136,82.957539,1.328,3.0297226734141183,1,Комфортная,1.328,20.772820333696856
real_estate_agent,Кировский,4.0,5.0,8.4,4.99,4.0,Петухова,61.2,Площадь Маркса,0,59,54.9378,82.927347,5.333,10.27998085495353,0,Автомобильная,0.0,14.947998427555904
real_estate_agent,Ленинский,3.0,9.0,6.9,6.45,4.0,Киевская,71.4,Площадь Маркса,0,49,54.991093,82.840156,3.707,6.713998134016711,1,Автомобильная,3.707,23.073228132650495
real_estate_agent,Кировский,1.0,9.0,7.0,7.0,4.0,Петухова,74.0,Площадь Маркса,0,50,54.93826,82.930455,5.363,10.23934368628859,0,Автомобильная,0.0,14.843036547927808
real_estate_agent,Заельцовский,6.0,9.0,24.9,12.0,4.0,Красный проспект,74.9,Заельцовская,0,46,55.065215,82.908042,0.75,3.976550298046336,1,Комфортная,0.75,27.356625074959073
developer,Заельцовский,13.0,29.0,31.8,17.8,4.0,Дуси Ковальчук,92.6,Площадь Гарина-Михайловского,0,1,55.046785,82.881901,1.695,3.0731266720364294,1,Транспортная,1.695,26.346019868246223
real_estate_agent,Октябрьский,2.0,25.0,20.1,9.6612,4.0,Выборная,80.38,Золотая Нива,0,2,55.008175,83.021355,4.375,6.882420766394367,1,Автомобильная,4.375,18.88098944588562
real_estate_agent,Дзержинский,2.0,9.0,8.0,6.87,4.0,Гусинобродское шоссе,73.0,Золотая Нива,0,50,55.037067,83.00285,1.737,5.307639425721395,1,Транспортная,1.737,22.288125793334785
real_estate_agent,Калининский,4.0,8.0,18.0,9.1,4.0,Дунаевского,72.4,Заельцовская,0,3,55.102565,82.977221,6.355,8.825186710154686,1,Автомобильная,6.355,29.746062487425935
real_estate_agent,Ленинский,9.0,9.0,9.0,6.999,4.0,Троллейная,76.9,Площадь Маркса,0,43,54.962018,82.84419,4.013,9.00400999585605,1,Автомобильная,4.013,20.704194426336677
real_estate_agent,Кировский,3.0,9.0,7.3,5.95,4.0,Комсомольская,71.8,Спортивная,0,48,54.955655,82.966037,5.242,8.780949868430689,0,Автомобильная,0.0,14.909577987965914
developer,Заельцовский,3.0,8.0,3.3,18.0,4.0,Дуси Ковальчук,76.19,Площадь Гарина-Михайловского,0,1,55.049024,82.88394,1.814,3.1312733944744746,1,Транспортная,1.814,26.493430714744587
realtor,Октябрьский,1.0,9.0,6.9,8.5,4.0,Нижегородская,69.5,Речной вокзал,0,50,55.01167,82.951484,0.918,2.854210441162407,1,Комфортная,0.918,20.791688617046738
real_estate_agent,Дзержинский,9.0,10.0,9.0,7.9,4.0,Коминтерна,81.9,Золотая Нива,0,37,55.04059,83.023242,3.055,6.652828548424692,1,Автомобильная,3.055,22.36694434116048
real_estate_agent,Кировский,4.0,5.0,5.7,5.1,4.0,Зорге,63.0,Площадь Маркса,0,54,54.934691,82.9214,5.533,10.616402616116188,0,Автомобильная,0.0,14.986186194067523
real_estate_agent,Октябрьский,9.0,9.0,7.0,8.5,4.0,Бориса Богаткова,77.0,Золотая Нива,0,44,55.030163,82.97326,0.829,3.366517181737706,1,Комфортная,0.829,22.134454181892366
realtor,Советский,3.0,5.0,6.0,4.99,4.0,Молодости,60.1,Площадь Маркса,0,56,54.857953,82.98394,14.92,19.573909150940445,0,Удалённая,0.0,7.230323105515641
developer,Заельцовский,4.0,9.0,17.64,18.75,4.0,Дуси Ковальчук,88.2,Площадь Гарина-Михайловского,0,1,55.047219,82.882611,1.703,3.066697132869883,1,Транспортная,1.703,26.364118798428276
real_estate_agent,Дзержинский,4.0,10.0,5.0,9.99,4.0,Есенина,98.0,Золотая Нива,0,29,55.050525,82.989169,1.687,4.929870354728029,1,Транспортная,1.687,23.964980222526524
real_estate_agent,Кировский,2.0,9.0,8.7,7.99,4.0,Тульская,77.5,Площадь Маркса,0,42,54.972137,82.903712,1.228,6.539981726082663,0,Комфортная,0.0,18.772395218637456
real_estate_agent,Октябрьский,2.0,3.0,10.0,8.62,4.0,Тополевая,87.0,Октябрьская,0,87,55.028775,82.943696,1.146,1.4904404875739472,1,Комфортная,1.146,22.721783859610234
real_estate_agent,Октябрьский,1.0,10.0,8.9,6.693999,4.0,В. Высоцкого,77.9,Золотая Нива,0,37,55.033734,83.023574,3.086,6.5847465157125225,1,Автомобильная,3.086,21.616562820913394
real_estate_agent,Ленинский,3.0,9.0,6.9,6.75,4.0,Тульская,74.2,Площадь Маркса,0,58,54.965181,82.86981,2.542,7.914560800245133,1,Транспортная,2.542,19.70723616467183
real_estate_agent,Октябрьский,3.0,9.0,6.8,7.7,4.0,Выборная,70.3,Речной вокзал,0,47,54.996108,83.006353,4.618,6.659455990259472,1,Автомобильная,4.618,17.861198775453083
developer,Заельцовский,4.0,8.0,3.3,18.1,4.0,Дуси Ковальчук,74.02,Площадь Гарина-Михайловского,0,1,55.049024,82.88394,1.814,3.1312733944744746,1,Транспортная,1.814,26.493430714744587
real_estate_agent,Железнодорожный,19.0,22.0,19.1,20.0,4.0,Фабричная,78.5,Площадь Гарина-Михайловского,0,5,55.0267,82.89472,1.016,1.6836509306714826,1,Комфортная,1.016,24.015518110839942
developer,Заельцовский,5.0,15.0,17.380000000000003,17.9,4.0,Дуси Ковальчук,86.9,Заельцовская,0,1,55.057193,82.906865,0.417,3.127270329890379,1,Пешеходная,0.417,26.59018735446785
real_estate_agent,Заельцовский,3.0,18.0,10.0,9.0,4.0,Аэропорт,68.8,Заельцовская,0,3,55.080158,82.901799,2.451,5.684286936281938,1,Транспортная,2.451,29.02775942183817
real_estate_agent,Калининский,4.0,5.0,5.2,5.35,4.0,Магистральная,62.1,Заельцовская,0,45,55.162155,82.979871,12.242,15.155975336200813,1,Удалённая,12.242,36.16303487241564
real_estate_agent,Дзержинский,5.0,16.0,20.0,16.1,4.0,Планетная,71.0,Березовая Роща,0,3,55.050066,82.953038,0.756,3.035093754909259,1,Комфортная,0.756,24.662201385092203
developer,Заельцовский,7.0,15.0,14.14,15.85,4.0,Дуси Ковальчук,70.7,Заельцовская,0,1,55.057193,82.906865,0.417,3.127270329890379,1,Пешеходная,0.417,26.59018735446785
developer,Заельцовский,10.0,15.0,17.0,17.87,4.0,Дуси Ковальчук,85.0,Заельцовская,0,1,55.057193,82.906865,0.417,3.127270329890379,1,Пешеходная,0.417,26.59018735446785
developer,Заельцовский,7.0,15.0,16.76,18.05,4.0,Дуси Ковальчук,83.8,Заельцовская,0,1,55.057193,82.906865,0.417,3.127270329890379,1,Пешеходная,0.417,26.59018735446785
real_estate_agent,Кировский,5.0,10.0,5.0,5.65,4.0,Виктора Шевелева,69.3,Площадь Маркса,0,6,54.944481,82.967268,6.186,9.985128292865854,0,Автомобильная,0.0,13.842400916766469
real_estate_agent,Октябрьский,13.0,23.0,17.66,13.99,4.0,Грибоедова,88.3,Золотая Нива,0,1,55.021648,82.976844,1.764,3.7179503515893786,1,Транспортная,1.764,21.167827218238447
real_estate_agent,Ленинский,2.0,5.0,5.0,6.5,4.0,Костычева,60.4,Площадь Маркса,0,61,54.977015,82.876044,1.414,6.553080351191358,1,Комфортная,1.414,20.35579009030495
real_estate_agent,Октябрьский,8.0,8.0,16.14,9.6,4.0,Родниковая,80.7,Речной вокзал,0,2,54.988474,83.004117,4.828,7.068380319636102,1,Автомобильная,4.828,17.105030335478354
developer,Заельцовский,16.0,29.0,31.10000000000001,18.1,4.0,Дуси Ковальчук,91.9,Площадь Гарина-Михайловского,0,1,55.046785,82.881901,1.695,3.0731266720364294,1,Транспортная,1.695,26.346019868246223
real_estate_agent,Советский,1.0,5.0,7.0,6.0,4.0,Барьерная,61.2,Площадь Маркса,0,59,54.862845,82.983716,14.412,19.0389886336884,0,Удалённая,0.0,7.38283017470563
real_estate_agent,Первомайский,7.0,9.0,7.0,6.3,4.0,Шмидта,68.9,Золотая Нива,0,48,54.973786,83.082647,9.838,12.09637661432228,0,Удалённая,0.0,14.494524202805582
real_estate_agent,Ленинский,2.0,9.0,9.0,6.5,4.0,Связистов,79.0,Площадь Маркса,0,41,54.968205,82.838701,3.99,8.639625841745847,1,Автомобильная,3.99,21.413791795560638
developer,Заельцовский,6.0,8.0,9.3,17.9,4.0,Дуси Ковальчук,81.09,Площадь Гарина-Михайловского,0,1,55.049024,82.88394,1.814,3.1312733944744746,1,Транспортная,1.814,26.493430714744587
developer,Заельцовский,10.0,15.0,14.380000000000004,15.52,4.0,Дуси Ковальчук,71.9,Заельцовская,0,1,55.057193,82.906865,0.417,3.127270329890379,1,Пешеходная,0.417,26.59018735446785
real_estate_agent,Советский,4.0,5.0,5.8,4.7,4.0,Ветлужская,62.4,Площадь Маркса,0,21,54.85475,82.97175,14.982,19.77869123243132,0,Удалённая,0.0,7.9301613128850175
realtor,Кировский,4.0,5.0,5.9,5.4,4.0,Сибиряков-Гвардейцев,61.8,Площадь Маркса,0,57,54.965171,82.896606,1.905,7.38510525771435,0,Транспортная,0.0,18.497352030652664
real_estate_agent,Калининский,15.0,15.0,19.96,13.1736,4.0,Объединения,99.8,Заельцовская,0,2,55.09303,82.953919,4.608,7.308231146440625,1,Автомобильная,4.608,29.142904853852343
realtor,Октябрьский,8.0,9.0,14.0,9.35,4.0,Добролюбова,70.0,Речной вокзал,0,4,55.011273,82.95329,1.018,2.966316774418384,1,Комфортная,1.018,20.701628789770734
real_estate_agent,Советский,8.0,24.0,18.114,19.897,4.0,Мусы Джалиля,90.57,Площадь Маркса,0,1,54.862145,83.091433,18.28,21.640530849466497,0,Удалённая,0.0,2.069164819363638
real_estate_agent,Октябрьский,10.0,10.0,9.2,6.78,4.0,В. Высоцкого,81.0,Золотая Нива,0,35,55.031556,83.020223,2.919,6.361277730994186,1,Транспортная,2.919,21.42590944322585
real_estate_agent,Советский,17.0,17.0,14.0,11.3,4.0,2-я Миргородская,85.0,Площадь Маркса,0,13,54.853656,83.039852,16.997,21.056821611107143,0,Удалённая,0.0,3.648485894104211
real_estate_agent,Октябрьский,10.0,10.0,9.0,7.45,4.0,В. Высоцкого,77.2,Золотая Нива,0,38,55.032165,83.021571,2.989,6.44909129446901,1,Транспортная,2.989,21.47321912107446
real_estate_agent,Октябрьский,11.0,14.0,16.2,12.985,4.0,Обская,90.6,Речной вокзал,0,21,55.001158,82.949598,1.181,3.7229016910326047,1,Комфортная,1.181,19.804146542164844
real_estate_agent,Заельцовский,3.0,5.0,9.0,7.999,4.0,Кубовая,71.0,Заельцовская,0,3,55.127615,82.893498,7.726,10.970774084418704,1,Удалённая,7.726,34.07589436707618
real_estate_agent,Октябрьский,6.0,10.0,9.0,6.7,4.0,В. Высоцкого,77.0,Золотая Нива,0,4,55.031582,83.023844,3.144,6.592043482039939,1,Автомобильная,3.144,21.378981916569792
real_estate_agent,Дзержинский,8.0,10.0,7.5,7.0,4.0,Есенина,76.8,Золотая Нива,0,30,55.050525,82.989169,1.687,4.929870354728029,1,Транспортная,1.687,23.964980222526524
real_estate_agent,Октябрьский,4.0,17.0,28.0,14.0,4.0,Большевистская,92.6,Речной вокзал,0,3,54.991981,82.978003,3.212,5.6125081723724985,1,Автомобильная,3.212,18.090761930006284
real_estate_agent,Калининский,2.0,18.0,4.9,9.48,4.0,Игарская,85.4,Заельцовская,0,2,55.102658,82.938405,5.125,8.14164766124778,1,Автомобильная,5.125,30.471600748918
real_estate_agent,Октябрьский,8.0,10.0,9.0,8.3,4.0,В. Высоцкого,77.3,Золотая Нива,0,37,55.033734,83.023574,3.086,6.5847465157125225,1,Автомобильная,3.086,21.616562820913394
real_estate_agent,Ленинский,5.0,5.0,5.5,5.7,4.0,Ударная,61.0,Площадь Маркса,0,58,54.965207,82.866719,2.674,7.994409679197514,1,Транспортная,2.674,19.853445110150787
real_estate_agent,Первомайский,1.0,10.0,27.0,12.5,4.0,Марии Ульяновой,96.0,Золотая Нива,0,14,54.975217,83.091334,10.121,12.494720701447031,0,Удалённая,0.0,14.636210659034845
real_estate_agent,Октябрьский,1.0,8.0,10.0,10.5,4.0,Родниковая,76.8,Речной вокзал,0,1,54.988474,83.004117,4.828,7.068380319636102,1,Автомобильная,4.828,17.105030335478354
real_estate_agent,Октябрьский,6.0,10.0,8.8,12.8,4.0,Карла Либкнехта,76.7,Октябрьская,0,28,55.020817,82.964231,1.611,2.9786684153535314,1,Транспортная,1.611,21.381058925140106
realtor,Ленинский,2.0,5.0,6.0,6.35,2.0,Ватутина,44.0,Площадь Маркса,0,68,54.98523,82.893534,0.368,5.28282237319004,1,Пешеходная,0.368,20.3063007361804
real_estate_agent,Кировский,9.0,9.0,6.4,5.8,3.0,Зорге,66.8,Площадь Маркса,0,54,54.933134,82.924274,5.753,10.792133856619708,0,Автомобильная,0.0,14.733858816455232
real_estate_agent,Кировский,1.0,5.0,6.0,2.65,1.0,Зорге,30.6,Площадь Маркса,0,61,54.9354,82.902517,5.231,10.599233913746197,0,Автомобильная,0.0,15.94747700611851
real_estate_agent,Кировский,2.0,5.0,6.0,5.6,2.0,Сибиряков-Гвардейцев,45.7,Площадь Маркса,0,64,54.978638,82.898277,0.428,5.901232468500271,0,Пешеходная,0.0,19.548435686123128
real_estate_agent,Ленинский,2.0,16.0,8.0,6.4,2.0,Зорге,54.9,Площадь Маркса,0,22,54.935891,82.914501,5.291,10.489628247052783,1,Автомобильная,5.291,15.402728109283686
real_estate_agent,Первомайский,23.0,25.0,8.0,5.75,2.0,Ошанина,47.2,Речной вокзал,0,5,54.940603,83.098395,12.788,15.102808698876252,0,Удалённая,0.0,10.789738013299448
real_estate_agent,Ленинский,3.0,7.0,5.0,6.2,3.0,Станиславского,56.0,Площадь Маркса,0,62,54.981639,82.872576,1.509,6.199182711431645,1,Транспортная,1.509,20.882616251271454
real_estate_agent,Кировский,10.0,17.0,10.0,4.42,1.0,Петухова,36.0,Площадь Маркса,0,12,54.941198,82.887551,4.604,10.112723396831024,0,Автомобильная,0.0,17.095186227418672
homeowner,Ленинский,2.0,5.0,6.0,4.95,2.0,Римского-Корсакова,45.6,Площадь Маркса,0,64,54.984006,82.884982,0.74,5.608505901032774,1,Комфортная,0.74,20.552263514765315
real_estate_agent,Кировский,2.0,9.0,7.1,5.3,3.0,Зорге,60.0,Площадь Маркса,0,53,54.931236,82.902248,5.691,11.061454531314917,0,Автомобильная,0.0,15.6691166787728
real_estate_agent,Кировский,2.0,27.0,10.5,5.6,1.0,Оловозаводская,39.54,Студенческая,0,11,54.96178,82.951862,4.175,7.863833425028192,0,Автомобильная,0.0,15.980692017566595
homeowner,Ленинский,1.0,5.0,6.0,5.15,2.0,Пермитина,42.0,Площадь Маркса,0,63,54.98959,82.886806,1.008,4.99539703988458,1,Комфортная,1.008,20.953322343175675
real_estate_agent,Кировский,10.0,10.0,8.7,6.5,3.0,Урманова,64.4,Спортивная,0,34,54.967884,82.957692,3.831,7.321648495400493,0,Автомобильная,0.0,16.341053755154228
real_estate_agent,Кировский,2.0,9.0,6.0,3.6,1.0,Саввы Кожевникова,30.5,Спортивная,0,42,54.957795,82.974355,5.373,8.751374011958186,0,Автомобильная,0.0,14.827415228565904
homeowner,Кировский,9.0,24.0,4.2,7.5,1.0,Немировича-Данченко,33.33,Спортивная,0,8,54.989342,82.917043,0.625,4.544463282526324,0,Комфортная,0.0,19.76557288032009
real_estate_agent,Первомайский,8.0,16.0,13.5,5.95,2.0,Заречная,44.5,Речной вокзал,0,11,54.979779,83.053165,8.064,10.150531373898424,0,Удалённая,0.0,15.366811571928404
real_estate_agent,Советский,2.0,4.0,9.0,7.799,2.0,проезд Детский,42.6,Площадь Маркса,0,67,54.840111,83.106965,20.772,24.26089782653196,0,Удалённая,0.0,0.9105321014383853
real_estate_agent,Первомайский,14.0,17.0,5.0,5.5,2.0,Виноградова,35.6,Золотая Нива,0,7,54.976772,83.08536,9.726,12.077713286246576,0,Удалённая,0.0,14.818585732426731
real_estate_agent,Советский,4.0,5.0,12.0,4.29,3.0,Часовая,42.8,Площадь Маркса,0,58,54.865145,82.983509,14.171,18.78628301774791,0,Удалённая,0.0,7.473334864387222
real_estate_agent,Ленинский,9.0,16.0,15.5,9.98,3.0,Зорге,61.7,Площадь Маркса,0,22,54.935891,82.914501,5.291,10.489628247052783,1,Автомобильная,5.291,15.402728109283686
real_estate_agent,Ленинский,2.0,9.0,8.7,5.5,2.0,9-й Гвардейской Дивизии,50.1,Площадь Маркса,0,43,54.96421,82.84878,3.634,8.64144364780865,1,Автомобильная,3.634,20.635826878888313
real_estate_agent,Заельцовский,10.0,21.0,5.0,7.0,2.0,Дуси Ковальчук,47.0,Гагаринская,0,3,55.053046,82.897792,1.109,2.92482858498757,1,Комфортная,1.109,26.44906834190392
homeowner,Калининский,3.0,3.0,7.4,4.0,1.0,Народная,39.0,Заельцовская,0,77,55.077061,82.960854,3.671,5.815443045253133,1,Автомобильная,3.671,27.317899215221683
real_estate_agent,Заельцовский,3.0,5.0,6.0,6.3,3.0,Дмитрия Донского,58.1,Заельцовская,0,3,55.064158,82.900092,0.982,3.995853999366289,1,Комфортная,0.982,27.475967124111087
real_estate_agent,Калининский,1.0,9.0,5.6,3.79,1.0,Кропоткина,30.0,Маршала Покрышкина,0,40,55.05613,82.943462,1.411,3.238494688936939,1,Комфортная,1.411,25.515050946695595
realtor,Заельцовский,8.0,9.0,7.2,7.6,3.0,Весенняя,58.9,Заельцовская,0,39,55.069458,82.906874,1.219,4.453769822877158,1,Комфортная,1.219,27.814071157405383
real_estate_agent,Заельцовский,3.0,9.0,10.0,4.59,1.0,Кропоткина,32.0,Заельцовская,0,41,55.058611,82.9335,1.332,3.270716653884073,1,Комфортная,1.332,26.01480621965475
real_estate_agent,Калининский,10.0,21.0,9.0,5.0,2.0,Тюленина,37.0,Заельцовская,0,2,55.106809,82.952293,5.886,8.76046986064413,1,Автомобильная,5.886,30.63471773466421
real_estate_agent,Заельцовский,5.0,11.0,18.200000000000003,5.1,1.0,Кубовая,36.2,Заельцовская,0,12,55.126668,82.896831,7.591,10.835330465346312,1,Удалённая,7.591,33.89885439890551
real_estate_agent,Калининский,5.0,5.0,7.1,7.3,3.0,Богдана Хмельницкого,73.4,Заельцовская,0,69,55.073932,82.949706,2.888,5.2115623100571495,1,Транспортная,2.888,27.220323416763193
real_estate_agent,Калининский,4.0,5.0,6.0,4.0,1.0,Олеко Дундича,29.0,Березовая Роща,0,56,55.076097,82.967582,3.781,5.924793885580011,1,Автомобильная,3.781,27.084907378791467
real_estate_agent,Заельцовский,4.0,9.0,9.0,5.8,1.0,Переездная,34.0,Заельцовская,0,51,55.053588,82.890471,1.532,3.229290652625308,1,Транспортная,1.532,26.726436466900203
real_estate_agent,Заельцовский,4.0,13.0,10.0,5.5,2.0,Лобачевского,42.9,Заельцовская,0,10,55.121026,82.901646,6.932,10.173842480128805,1,Автомобильная,6.932,33.20263770775613
real_estate_agent,Заельцовский,5.0,16.0,5.8,4.15,4.0,Солидарности,58.0,Заельцовская,0,22,55.155757,82.954745,11.088,14.134800733434828,1,Удалённая,11.088,35.830122330788114
real_estate_agent,Октябрьский,2.0,9.0,8.6,6.5,4.0,Большевистская,72.9,Речной вокзал,0,4,54.995116,82.97184,2.689,5.092190976139016,1,Транспортная,2.689,18.571362265154814
real_estate_agent,Ленинский,7.0,10.0,10.7,11.6,4.0,Горская,92.9,Спортивная,0,26,54.993913,82.911698,0.537,4.069357077007883,1,Комфортная,0.537,20.377500246472856
realtor,Центральный,3.0,6.0,7.4,10.8,4.0,Демьяна Бедного,95.5,Маршала Покрышкина,0,30,55.048374,82.933913,0.42,2.1993136965193623,1,Пешеходная,0.42,24.96243201934494
real_estate_agent,Ленинский,5.0,5.0,9.1,7.699,5.0,Серафимовича,84.5,Площадь Маркса,0,68,54.985059,82.880293,1.06,5.631014852371867,1,Комфортная,1.06,20.836548668004042
homeowner,Советский,3.0,4.0,6.0,16.0,5.0,Академическая,91.0,Площадь Маркса,0,64,54.837768,83.113352,21.236,24.689460535806283,0,Удалённая,0.0,1.3929058961868952
real_estate_agent,Дзержинский,5.0,9.0,7.1,9.2,5.0,Адриена Лежена,89.2,Золотая Нива,0,47,55.04351,82.973807,0.678,3.710453689472378,1,Комфортная,0.678,23.51923607852322
real_estate_agent,Дзержинский,4.0,10.0,15.0,9.999,5.0,Есенина,98.0,Золотая Нива,0,31,55.050525,82.989169,1.687,4.929870354728029,1,Транспортная,1.687,23.964980222526524
real_estate_agent,Ленинский,4.0,5.0,9.1,8.7,5.0,Пархоменко,95.6,Площадь Маркса,0,65,54.987906,82.868579,1.869,5.745805681437386,1,Транспортная,1.869,21.5691765452969
real_estate_agent,Ленинский,5.0,9.0,7.6,8.93,5.0,Забалуева,99.5,Площадь Маркса,0,41,54.990375,82.815156,5.248,8.039831452461549,1,Автомобильная,5.248,24.169844471283184
real_estate_agent,Советский,8.0,10.0,7.0,7.6,5.0,Лесосечная,89.4,Спортивная,0,21,54.890086,83.076898,15.354,18.503817701073967,0,Удалённая,0.0,5.284913604208474
real_estate_agent,Дзержинский,3.0,9.0,7.1,8.2,5.0,Толбухина,90.5,Золотая Нива,0,45,55.042463,83.006686,2.056,5.663509834552537,1,Транспортная,2.056,22.80648246210815
real_estate_agent,Заельцовский,3.0,9.0,7.0,10.5,5.0,Дуси Ковальчук,87.6,Заельцовская,0,44,55.056053,82.908769,0.409,2.973033103214871,1,Пешеходная,0.409,26.422418028252856
real_estate_agent,Дзержинский,5.0,9.0,7.0,10.1,5.0,Есенина,87.1,Золотая Нива,0,3,55.048245,82.985423,1.349,4.602983602168277,1,Комфортная,1.349,23.79041964979272
