author_type,district,floor,floors_count,kitchen_meters,living_meters,price,rooms_count,street,total_meters,underground,year_of_construction
developer,Заельцовский,13.0,23.0,5.074000000000001,20.296000000000003,3627910.0,1.0,Светлановская ,25.37,Заельцовская,2026
homeowner,Кировский,8.0,17.0,5.0,16.0,2650000.0,1.0, Виктора Уса,21.0,Площадь Маркса,2016
real_estate_agent,Кировский,3.0,3.0,4.0,20.0,2400000.0,1.0,Воскресная ,28.7,Студенческая,2017
developer,Калининский,1.0,23.0,5.420000000000001,21.680000000000003,4745210.0,1.0, Кропоткина,27.1,Маршала Покрышкина,2027
real_estate_agent,Калининский,12.0,19.0,3.0,16.0,5800000.0,1.0,Армавирская ,32.0,Березовая Роща,2023
real_estate_agent,Ленинский,2.0,3.0,2.0,10.0,1790000.0,1.0,переулок 1-й Пархоменко,12.0,Площадь Маркса,1937
developer,Заельцовский,7.0,9.0,4.14,16.56,4010000.0,1.0,Лебедевский кв-л,20.7,Заельцовская,2028
real_estate_agent,Дзержинский,8.0,29.0,3.0,16.0,5800000.0,1.0,Закаменский мкр,27.5,Березовая Роща,2025
realtor,Заельцовский,7.0,9.0,3.6,14.4,2600000.0,1.0,Дачная ,18.0,Заельцовская,2022
developer,Заельцовский,4.0,23.0,5.242000000000001,20.968000000000004,4324650.0,1.0,Светлановская ,26.21,Заельцовская,2026
real_estate_agent,Калининский,8.0,17.0,4.0,15.0,3850000.0,1.0, Фадеева,27.4,Заельцовская,2015
homeowner,Первомайский,15.0,18.0,0.0,19.7,2350000.0,1.0, Одоевского,19.7,Спортивная,2011
developer,Дзержинский,5.0,9.0,5.510000000000001,22.040000000000003,7960000.0,1.0,проспект Дзержинского,27.55,Березовая Роща,2028
real_estate_agent,Октябрьский,13.0,17.0,4.0,16.3,4590000.0,1.0,Закаменский мкр,25.3,Березовая Роща,2021
real_estate_agent,Дзержинский,1.0,3.0,3.0,15.0,2650000.0,1.0, Селезнева,19.0,Березовая Роща,1947
developer,Калининский,16.0,23.0,5.1000000000000005,20.400000000000002,4513500.0,1.0, Кропоткина,25.5,Маршала Покрышкина,2027
real_estate_agent,Дзержинский,1.0,16.0,3.0,14.4,3400000.0,1.0, Авиастроителей,22.4,Березовая Роща,2019
real_estate_agent,Первомайский,17.0,17.0,3.84,15.36,2070000.0,1.0, Твардовского,19.2,Речной вокзал,2013
developer,Дзержинский,6.0,14.0,4.658,18.632,6970000.0,1.0,проспект Дзержинского,23.29,Березовая Роща,2028
real_estate_agent,Калининский,2.0,12.0,5.0,13.4,3990000.0,1.0, Имени генерал-майора А.Н. Рожкина,27.8,Заельцовская,2024
real_estate_agent,Первомайский,2.0,17.0,3.0,11.2,2000000.0,1.0, Твардовского,19.2,Речной вокзал,2013
developer,Калининский,11.0,23.0,5.0600000000000005,20.240000000000002,4554000.0,1.0, Кропоткина,25.3,Маршала Покрышкина,2027
real_estate_agent,Калининский,17.0,20.0,3.0,17.0,5100000.0,1.0, Олеко Дундича,29.0,Березовая Роща,2017
homeowner,Ленинский,8.0,13.0,5.0,18.0,4500000.0,1.0,69/1,25.8,Студенческая,2011
developer,Заельцовский,9.0,24.0,2.3,11.8,5950000.0,1.0,Красный проспект,27.3,Заельцовская,2028
real_estate_agent,Калининский,19.0,19.0,5.0,17.0,4790000.0,1.0, Гребенщикова,30.9,Заельцовская,2016
real_estate_agent,Калининский,2.0,4.0,4.399999999999999,20.0,2226000.0,1.0, Богдана Хмельницкого,24.4,Заельцовская,2024
developer,Дзержинский,7.0,9.0,5.0,13.3,7550000.0,1.0,проспект Дзержинского,31.71,Березовая Роща,2028
real_estate_agent,Октябрьский,10.0,17.0,6.5,17.5,5050000.0,1.0,Закаменский мкр,24.0,Березовая Роща,2024
real_estate_agent,Центральный,1.0,5.0,2.0,12.0,2550000.0,1.0, Гоголя,14.0,Сибирская,1960
developer,Калининский,3.0,23.0,5.640000000000001,22.560000000000002,5076000.0,1.0, Кропоткина,28.2,Маршала Покрышкина,2027
real_estate_agent,Первомайский,6.0,17.0,5.0,13.4,4250000.0,1.0, Виноградова,23.4,Речной вокзал,2020
real_estate_agent,Кировский,4.0,17.0,4.0,10.7,2400000.0,1.0, Виктора Уса,19.7,Площадь Маркса,2012
developer,Заельцовский,9.0,9.0,6.720000000000001,26.880000000000003,7640000.0,1.0,Лебедевский кв-л,33.6,Заельцовская,2028
real_estate_agent,Ленинский,11.0,25.0,5.0,22.0,6700000.0,1.0, Ясный Берег,36.0,Площадь Маркса,2020
realtor,Кировский,1.0,3.0,1.0,21.8,2150000.0,1.0,Рубежная ,25.1,Площадь Маркса,2013
developer,Дзержинский,9.0,14.0,5.0,10.0,7760000.0,1.0,проспект Дзержинского,26.84,Березовая Роща,2028
real_estate_agent,Центральный,10.0,20.0,5.0,20.1,7000000.0,1.0, Гоголя,30.1,Маршала Покрышкина,2007
real_estate_agent,Кировский,2.0,3.0,5.0,14.9,2200000.0,1.0,Рубежная ,24.9,Студенческая,2017
developer,Железнодорожный,18.0,24.0,43.2,56.2,16360000.0,1.0, Прибрежная,99.4,Площадь Гарина-Михайловского,2025
real_estate_agent,Дзержинский,13.0,17.0,5.0,14.6,6190000.0,1.0, Николая Островского,24.6,Березовая Роща,2024
real_estate_agent,Ленинский,2.0,3.0,2.0,12.0,2350000.0,1.0,переулок 1-й Пархоменко,18.0,Площадь Маркса,1937
developer,Ленинский,27.0,30.0,8.5,14.7,6203000.0,1.0, Забалуева,23.2,Студенческая,2026
real_estate_agent,Заельцовский,7.0,25.0,3.5,8.1,5900000.0,1.0,Красный проспект,21.3,Заельцовская,2025
real_estate_agent,Первомайский,8.0,18.0,4.0,17.2,2400000.0,1.0, Одоевского,21.2,Речной вокзал,2012
developer,Дзержинский,5.0,9.0,10.0,11.4,9340000.0,1.0,проспект Дзержинского,33.49,Березовая Роща,2028
real_estate_agent,Кировский,3.0,3.0,5.0,17.8,2490000.0,1.0, Николая Грицюка,27.8,Площадь Маркса,2017
real_estate_agent,Ленинский,3.0,17.0,5.0,10.9,2590000.0,1.0, Забалуева,21.3,Студенческая,2023
developer,Заельцовский,6.0,29.0,5.1,18.5,9152941.0,1.0,Сухарная ,32.69,Площадь Гарина-Михайловского,2026
real_estate_agent,Кировский,10.0,10.0,4.4,33.800000000000004,3800000.0,1.0, Николая Сотникова,38.2,Студенческая,2017
real_estate_agent,Кировский,3.0,5.0,3.8000000000000003,15.200000000000001,1700000.0,1.0, Зорге,19.0,Площадь Маркса,1975
developer,Октябрьский,11.0,17.0,5.0,5.5,4700000.0,1.0,Выборная ,19.9,Речной вокзал,2026
real_estate_agent,Советский,4.0,5.0,3.6200000000000006,14.480000000000002,1850000.0,1.0, Российская,18.1,Студенческая,1970
real_estate_agent,Первомайский,7.0,17.0,3.0,11.5,2300000.0,1.0, Одоевского,19.5,Спортивная,2011
developer,Заельцовский,3.0,29.0,6.6,11.2,7341176.0,1.0,Сухарная ,25.2,Площадь Гарина-Михайловского,2026
real_estate_agent,Кировский,2.0,10.0,4.4,34.1,3400000.0,1.0, Виктора Шевелева,38.5,Студенческая,2017
real_estate_agent,Первомайский,4.0,17.0,3.0,16.2,2100000.0,1.0, Твардовского,19.2,Речной вокзал,2014
developer,Октябрьский,6.0,8.0,5.0,9.9,5830000.0,1.0,Выборная ,24.2,Речной вокзал,2026
real_estate_agent,Советский,6.0,9.0,5.0,18.9,4500000.0,1.0, 2-я Миргородская,23.9,Студенческая,2014
real_estate_agent,Первомайский,4.0,17.0,3.7,9.4,2200000.0,1.0, Твардовского,20.2,Речной вокзал,2013
developer,Железнодорожный,11.0,16.0,5.1,14.3,6850000.0,1.0,Беринг жилой квартал,28.17,Площадь Гарина-Михайловского,2028
real_estate_agent,Октябрьский,6.0,10.0,10.0,22.5,3450000.0,1.0, Плющихинская,32.5,Золотая Нива,2024
real_estate_agent,Заельцовский,3.0,6.0,3.7200000000000006,14.880000000000003,4250000.0,1.0, Аэропорт,18.6,Заельцовская,2024
developer,Дзержинский,8.0,29.0,5.48,21.92,5800000.0,1.0,Закаменский мкр,27.4,Березовая Роща,2025
real_estate_agent,Кировский,3.0,17.0,5.0,14.0,3500000.0,1.0,Бронная ,26.0,Площадь Маркса,2025
real_estate_agent,Первомайский,15.0,19.0,6.100000000000001,12.0,2150000.0,1.0, Твардовского,18.1,Спортивная,2013
developer,Железнодорожный,10.0,24.0,5.1,14.1,6275000.0,1.0,Беринг жилой квартал,26.06,Площадь Гарина-Михайловского,2028
real_estate_agent,Кировский,1.0,3.0,4.0,18.0,2550000.0,1.0,Рубежная ,27.4,Студенческая,2017
real_estate_agent,Кировский,1.0,17.0,5.0,13.0,2350000.0,1.0, Виктора Уса,30.8,Площадь Маркса,2014
developer,Ленинский,7.0,14.0,11.490000000000002,16.7,6852000.0,1.0, Забалуева,28.19,Студенческая,2026
real_estate_agent,Ленинский,7.0,18.0,1.8,10.4,2800000.0,1.0,Спортивная ,18.2,Площадь Маркса,2024
real_estate_agent,Ленинский,6.0,16.0,5.0600000000000005,20.240000000000002,3100000.0,1.0, Невельского,25.3,Площадь Маркса,2024
developer,Железнодорожный,13.0,24.0,5.1,14.9,6600000.0,1.0,Беринг жилой квартал,31.67,Площадь Гарина-Михайловского,2028
real_estate_agent,Дзержинский,11.0,16.0,7.0,20.0,4250000.0,1.0, Есенина,30.7,Золотая Нива,2015
real_estate_agent,Кировский,12.0,18.0,5.5200000000000005,22.080000000000002,2850000.0,1.0, Виктора Уса,27.6,Площадь Маркса,2013
developer,Дзержинский,8.0,9.0,10.0,11.4,8890000.0,1.0,проспект Дзержинского,30.55,Березовая Роща,2028
real_estate_agent,Кировский,1.0,3.0,4.0,14.5,2400000.0,1.0, Николая Грицюка,23.5,Площадь Маркса,2017
real_estate_agent,Первомайский,2.0,17.0,8.600000000000001,10.5,2000000.0,1.0,Березовое жилмассив,19.1,Речной вокзал,2013
developer,Заельцовский,4.0,29.0,5.6,16.6,11435294.0,1.0,Сухарная ,34.9,Площадь Гарина-Михайловского,2026
real_estate_agent,Первомайский,1.0,17.0,11.2,9.0,3150000.0,1.0, Одоевского,20.2,Речной вокзал,2013
real_estate_agent,Октябрьский,5.0,10.0,7.804000000000001,31.216000000000005,2800000.0,1.0, В. Высоцкого,39.02,Золотая Нива,2025
developer,Октябрьский,9.0,9.0,7.4,15.5,9305882.0,1.0,Тополевая ,32.23,Березовая Роща,2027
real_estate_agent,Октябрьский,3.0,10.0,6.6000000000000005,26.400000000000002,3400000.0,1.0, Татьяны Снежиной,33.0,Золотая Нива,2011
real_estate_agent,Октябрьский,6.0,10.0,2.7,26.0,3550000.0,1.0, Виталия Потылицына,39.0,Золотая Нива,2017
developer,Ленинский,12.0,14.0,12.7,16.1,7303000.0,1.0, Забалуева,28.8,Студенческая,2026
real_estate_agent,Ленинский,5.0,17.0,17.0,25.0,4500000.0,1.0, Забалуева,47.0,Площадь Маркса,2015
real_estate_agent,Кировский,16.0,18.0,6.0,18.0,3950000.0,1.0,Пригородная ,24.0,Площадь Маркса,2024
developer,Заельцовский,14.0,24.0,3.0,18.0,7350000.0,1.0,Красный проспект,32.3,Заельцовская,2028
real_estate_agent,Октябрьский,17.0,29.0,4.0,15.0,4500000.0,1.0,Пролетарская ,28.97,Золотая Нива,2026
unknown,Центральный,3.0,29.0,3.0,17.1,3990000.0,1.0, Николая Островского,20.22,Гагаринская,2026
developer,Дзержинский,2.0,25.0,5.922000000000001,23.688000000000002,6084753.0,1.0,проспект Дзержинского,29.61,Березовая Роща,2027
real_estate_agent,Ленинский,10.0,27.0,15.0,20.0,4600000.0,1.0,Волховская ,41.0,Площадь Маркса,2016
real_estate_agent,Кировский,15.0,17.0,6.6,21.7,4000000.0,1.0, Петухова,38.4,Площадь Маркса,2017
real_estate_agent,Ленинский,8.0,15.0,5.6,13.1,5390000.0,1.0, Костычева,26.7,Площадь Маркса,2027
real_estate_agent,Заельцовский,6.0,18.0,4.0,23.63,4850000.0,1.0, Аэропорт,27.63,Заельцовская,2022
real_estate_agent,Октябрьский,1.0,10.0,6.0,14.6,4050000.0,1.0,2-я Обская ,25.6,Спортивная,2011
developer,Ленинский,20.0,30.0,10.839999999999998,14.9,6703000.0,1.0, Забалуева,25.74,Студенческая,2026
real_estate_agent,Заельцовский,7.0,10.0,10.0,13.0,4350000.0,1.0,Сухарная ,23.0,Площадь Гарина-Михайловского,2021
real_estate_agent,Заельцовский,17.0,23.0,10.0,15.370000000000001,4100000.0,1.0,Светлановская ,25.37,Заельцовская,2025
developer,Ленинский,8.0,15.0,5.0,12.7,5350000.0,1.0, Костычева,26.0,Площадь Маркса,2027
real_estate_agent,Ленинский,2.0,15.0,5.6000000000000005,22.400000000000002,7300000.0,1.0, Забалуева,28.0,Студенческая,2026
real_estate_agent,Кировский,2.0,10.0,10.0,30.0,4150000.0,1.0, Виктора Шевелева,40.0,Студенческая,2017
developer,Заельцовский,22.0,29.0,7.3,13.1,7941176.0,1.0,Сухарная ,27.47,Площадь Гарина-Михайловского,2026
real_estate_agent,Октябрьский,12.0,25.0,6.0,24.48,7500000.0,1.0,Ипподромская ,30.48,Октябрьская,2024
real_estate_agent,Ленинский,17.0,17.0,4.0,17.0,4300000.0,1.0, Немировича-Данченко,30.0,Площадь Маркса,2017
developer,Кировский,18.0,26.0,3.4,14.6,5270000.0,1.0, Аникина,27.27,Студенческая,2026
real_estate_agent,Кировский,2.0,3.0,9.0,27.0,4700000.0,1.0, Серафимовича,36.0,Площадь Маркса,2013
developer,Кировский,12.0,26.0,3.4,14.6,5400000.0,1.0, Аникина,27.73,Студенческая,2026
real_estate_agent,Октябрьский,6.0,10.0,8.5,45.0,4500000.0,1.0, Плющихинская,58.5,Золотая Нива,2024
real_estate_agent,Октябрьский,14.0,17.0,10.0,11.100000000000001,4900000.0,1.0,Закаменский мкр,21.1,Березовая Роща,2024
developer,Железнодорожный,5.0,16.0,41.099999999999994,42.0,14670000.0,1.0, Прибрежная,83.1,Площадь Гарина-Михайловского,2025
homeowner,Дзержинский,26.0,30.0,3.6,14.7,6000000.0,1.0,Закаменский мкр,27.0,Березовая Роща,2019
developer,Дзержинский,3.0,29.0,5.5,22.0,5500000.0,1.0,Закаменский мкр,27.5,Березовая Роща,2025
developer,Заельцовский,16.0,29.0,5.1,18.6,9117647.0,1.0,Сухарная ,29.98,Площадь Гарина-Михайловского,2026
homeowner,Калининский,4.0,5.0,3.5200000000000005,14.080000000000002,2359000.0,1.0, Сухановская,17.6,Заельцовская,2017
developer,Заельцовский,20.0,20.0,7.8,14.0,9900000.0,1.0,Красный проспект,33.9,Заельцовская,2026
real_estate_agent,Октябрьский,5.0,10.0,6.0,20.0,3650000.0,1.0, Татьяны Снежиной,36.7,Золотая Нива,2020
real_estate_agent,Первомайский,2.0,17.0,5.0,8.4,2400000.0,1.0, Твардовского,18.4,Спортивная,2013
developer,Центральный,11.0,29.0,2.0,14.0,5640930.0,1.0, Николая Островского,20.97,Гагаринская,2026
realtor,Заельцовский,13.0,21.0,5.0,20.0,6500000.0,1.0, Дуси Ковальчук,30.0,Заельцовская,2022
real_estate_agent,Ленинский,6.0,10.0,5.0,12.0,2750000.0,1.0,Хилокская ,26.8,Площадь Маркса,2015
developer,Железнодорожный,24.0,24.0,12.699999999999996,21.6,8350000.0,1.0, Прибрежная,34.3,Площадь Гарина-Михайловского,2025
realtor,Заельцовский,20.0,25.0,4.0,15.0,5200000.0,1.0,Светлановская ,26.9,Заельцовская,2023
real_estate_agent,Калининский,2.0,3.0,5.0,19.0,2845000.0,1.0, Богдана Хмельницкого,24.3,Заельцовская,1968
developer,Кировский,13.0,26.0,3.4,14.6,5370000.0,1.0, Аникина,27.73,Студенческая,2026
real_estate_agent,Железнодорожный,22.0,25.0,4.0,17.0,4980000.0,1.0,Железнодорожная ,23.7,Гагаринская,2019
realtor,Калининский,4.0,17.0,3.0,14.0,3490000.0,1.0, Фадеева,23.0,Заельцовская,2015
real_estate_agent,Ленинский,18.0,18.0,5.032,20.128,5540000.0,1.0, Костычева,25.16,Площадь Маркса,2026
real_estate_agent,Ленинский,9.0,15.0,5.5280000000000005,22.112000000000002,7900000.0,1.0,Горская ,27.64,Спортивная,2015
real_estate_agent,Кировский,15.0,17.0,7.359999999999999,29.439999999999998,3790000.0,1.0, Петухова,36.8,Площадь Маркса,2025
developer,Кировский,11.0,26.0,3.4,14.6,6080000.0,1.0, Немировича-Данченко,27.73,Студенческая,2028
real_estate_agent,Октябрьский,4.0,20.0,5.2,10.2,4850000.0,1.0,Вилюйская ,27.7,Речной вокзал,2020
real_estate_agent,Калининский,13.0,16.0,5.0,8.6,3800000.0,1.0, Фадеева,27.9,Заельцовская,2017
developer,Ленинский,2.0,15.0,5.0,11.9,5928700.0,1.0, Серафимовича,27.7,Площадь Маркса,2026
real_estate_agent,Заельцовский,15.0,19.0,8.0,11.0,5550000.0,1.0, Вавилова,25.0,Заельцовская,2011
homeowner,Ленинский,16.0,16.0,6.0,18.0,4500000.0,1.0,63/1,25.8,Студенческая,2006
developer,Центральный,28.0,30.0,9.114,36.456,11440000.0,1.0, Мичурина,45.57,Сибирская,2027
real_estate_agent,Октябрьский,8.0,19.0,8.0,17.3,4550000.0,1.0, Михаила Кулагина,25.3,Золотая Нива,2018
developer,Кировский,18.0,26.0,3.4,14.6,4950000.0,1.0, Немировича-Данченко,27.27,Студенческая,2028
real_estate_agent,Калининский,5.0,23.0,5.0,13.0,4600000.0,1.0,Игарская ,29.5,Заельцовская,2017
developer,Калининский,6.0,21.0,5.2,15.4,4580000.0,1.0, Тюленина,29.3,Заельцовская,2025
real_estate_agent,Советский,20.0,21.0,12.3,18.4,5000000.0,1.0, Русская,30.7,Студенческая,2016
real_estate_agent,Калининский,1.0,9.0,4.0,14.0,5200000.0,1.0, Дунаевского,28.0,Заельцовская,2017
real_estate_agent,Октябрьский,10.0,25.0,5.378,21.512,4625080.0,1.0,Пролетарская ,26.89,Золотая Нива,2026
real_estate_agent,Заельцовский,23.0,26.0,3.0,17.0,5250000.0,1.0,Красный проспект,28.0,Заельцовская,2025
real_estate_agent,Октябрьский,4.0,25.0,10.0,13.9,6600000.0,1.0, Владимира Заровного,35.1,Речной вокзал,2019
developer,Центральный,18.0,29.0,2.0,13.1,4735250.0,1.0, Николая Островского,20.15,Гагаринская,2026
homeowner,Октябрьский,13.0,26.0,6.0,27.0,7400000.0,1.0,2-я Обская ,42.0,Октябрьская,2027
homeowner,Центральный,2.0,8.0,10.0,42.6,15975000.0,1.0, Чаплыгина,52.6,Площадь Ленина,2023
developer,Центральный,27.0,30.0,8.872,35.488,11200000.0,1.0, Мичурина,44.36,Сибирская,2027
real_estate_agent,Кировский,3.0,5.0,2.6999999999999993,10.0,1700000.0,1.0, Зорге,12.7,Площадь Маркса,1973
real_estate_agent,Кировский,3.0,10.0,2.0,5.5,1200000.0,1.0, Виктора Шевелева,8.1,Студенческая,2017
developer,Заельцовский,16.0,24.0,4.3,62.2,18650000.0,1.0,Красный проспект,96.9,Заельцовская,2028
real_estate_agent,Кировский,2.0,3.0,2.0,12.0,1450000.0,1.0, Герцена,14.0,Студенческая,2017
developer,Дзержинский,10.0,25.0,5.188000000000001,20.752000000000002,5800000.0,1.0,проспект Дзержинского,25.94,Березовая Роща,2027
developer,Заельцовский,3.0,23.0,5.6,13.9,6300000.0,1.0, Ляпидевского,34.9,Заельцовская,2025
real_estate_agent,Первомайский,11.0,19.0,5.0,12.0,2000000.0,1.0,Березовая ,18.2,Речной вокзал,2010
developer,Кировский,5.0,26.0,13.8,18.3,7110000.0,1.0, Аникина,46.57,Студенческая,2026
real_estate_agent,Заельцовский,1.0,4.0,4.0,11.0,2350000.0,1.0, Жуковского,15.0,Заельцовская,1964
developer,Кировский,3.0,11.0,5.0,12.5,4400000.0,1.0,18-й Бронный переулок,26.3,Студенческая,2025
real_estate_agent,Ленинский,6.0,16.0,3.0,13.3,4499000.0,1.0, Забалуева,26.6,Студенческая,2015
developer,Заельцовский,23.0,24.0,7.1,67.9,20200000.0,1.0,Красный проспект,112.3,Заельцовская,2028
real_estate_agent,Заельцовский,6.0,10.0,4.960000000000001,19.840000000000003,3600000.0,1.0,Кубовая ,24.8,Заельцовская,2022
real_estate_agent,Первомайский,13.0,18.0,3.0,15.0,4100000.0,1.0, Героев Революции,27.7,Речной вокзал,2016
developer,Ленинский,8.0,18.0,5.0,14.0,6355950.0,1.0, Серафимовича,30.2,Площадь Маркса,2026
developer,Кировский,16.0,24.0,5.0,14.3,4750000.0,1.0, Немировича-Данченко,29.0,Студенческая,2028
real_estate_agent,Калининский,10.0,17.0,4.0,19.3,3550000.0,1.0, Краузе,23.3,Заельцовская,2010
real_estate_agent,Заельцовский,11.0,18.0,5.0,17.0,4600000.0,1.0,Сухарная ,27.0,Площадь Гарина-Михайловского,2014
developer,Дзержинский,3.0,14.0,4.4,33.1,6300000.0,1.0, Есенина,46.5,Золотая Нива,2027
real_estate_agent,Заельцовский,18.0,25.0,4.0,16.0,5390000.0,1.0, Дуси Ковальчук,34.0,Заельцовская,2025
developer,Ленинский,1.0,18.0,5.0,14.0,6150900.0,1.0, Серафимовича,30.6,Площадь Маркса,2026
real_estate_agent,Ленинский,9.0,25.0,5.0,16.3,3350000.0,1.0, Пархоменко,27.0,Площадь Маркса,2025
developer,Кировский,2.0,24.0,5.6,13.0,4250000.0,1.0, Немировича-Данченко,27.6,Студенческая,2028
real_estate_agent,Кировский,1.0,3.0,7.8,25.0,3480000.0,1.0,Воскресная ,37.8,Студенческая,2017
real_estate_agent,Первомайский,2.0,17.0,4.920000000000001,19.680000000000003,3500000.0,1.0,Первомайская ,24.6,Речной вокзал,2013
developer,Железнодорожный,16.0,25.0,6.0600000000000005,24.240000000000002,7800000.0,1.0,Железнодорожная ,30.3,Гагаринская,2024
real_estate_agent,Кировский,6.0,16.0,3.5,10.0,3400000.0,1.0, Петухова,20.2,Площадь Маркса,2024
realtor,Калининский,5.0,17.0,5.0,13.6,4050000.0,1.0,Игарская ,29.3,Заельцовская,2025
developer,Кировский,9.0,24.0,4.9,13.3,4450000.0,1.0, Немировича-Данченко,27.2,Студенческая,2028
real_estate_agent,Октябрьский,6.0,24.0,3.0,13.4,4800000.0,1.0,Большевистская ,21.36,Речной вокзал,2020
developer,Октябрьский,4.0,6.0,5.0,6.9,5360000.0,1.0,Большевистская ,20.67,Спортивная,2028
real_estate_agent,Октябрьский,6.0,10.0,4.4,34.6,3100000.0,1.0, Плющихинская,39.0,Золотая Нива,2024
real_estate_agent,Октябрьский,13.0,25.0,5.506,22.024,4707630.0,1.0,Пролетарская ,27.53,Золотая Нива,2026
developer,Дзержинский,4.0,17.0,17.72,12.9,5817800.0,1.0,Промышленная ,30.62,Березовая Роща,2026
developer,Ленинский,11.0,18.0,5.0,13.3,6296350.0,1.0, Серафимовича,29.1,Площадь Маркса,2026
real_estate_agent,Железнодорожный,13.0,25.0,4.0,20.8,5096000.0,1.0,Железнодорожная ,24.8,Гагаринская,2016
real_estate_agent,Советский,1.0,3.0,3.0,19.0,2650000.0,1.0, Ивлева,28.7,Студенческая,1994
developer,Центральный,23.0,25.0,5.04,20.16,6800000.0,1.0, Державина,25.2,Маршала Покрышкина,2022
developer,Кировский,5.0,26.0,13.8,18.3,8510000.0,1.0, Аникина,46.57,Студенческая,2026
real_estate_agent,Ленинский,2.0,4.0,4.999999999999999,6.7,2400000.0,1.0,переулок 2-й Пархоменко,11.7,Площадь Маркса,2015
developer,Кировский,1.0,10.0,4.0,12.7,4990000.0,1.0,18-й Бронный переулок,29.0,Студенческая,2025
real_estate_agent,Октябрьский,9.0,10.0,10.0,22.4,3550000.0,1.0, Татьяны Снежиной,32.4,Золотая Нива,2012
real_estate_agent,Октябрьский,21.0,23.0,5.682,22.728,4602420.0,1.0,2-я Воинская ,28.41,Золотая Нива,2025
real_estate_agent,Октябрьский,3.0,10.0,6.800000000000001,27.200000000000003,3000000.0,1.0, Плющихинская,34.0,Золотая Нива,2024
developer,Ленинский,1.0,18.0,5.0,13.7,6796300.0,1.0, Серафимовича,34.1,Площадь Маркса,2026
realtor,Заельцовский,8.0,8.0,4.44,17.76,5300000.0,1.0,Красный проспект,22.2,Заельцовская,2023
developer,Центральный,21.0,25.0,5.84,23.36,7600000.0,1.0, Державина,29.2,Маршала Покрышкина,2022
developer,Октябрьский,10.0,23.0,5.0,17.9,6820000.0,1.0,Большевистская ,32.88,Спортивная,2028
real_estate_agent,Центральный,2.0,3.0,5.8,28.3,4300000.0,1.0,Колыванская ,34.1,Октябрьская,1933
developer,Кировский,6.0,11.0,4.3,14.5,4500000.0,1.0,18-й Бронный переулок,25.3,Студенческая,2025
developer,Октябрьский,9.0,23.0,5.0,20.8,7090000.0,1.0,Большевистская ,35.74,Спортивная,2028
real_estate_agent,Октябрьский,9.0,10.0,6.800000000000001,27.200000000000003,2600000.0,1.0, Плющихинская,34.0,Золотая Нива,2020
developer,Железнодорожный,18.0,25.0,5.82,23.28,8200000.0,1.0,Железнодорожная ,29.1,Гагаринская,2024
real_estate_agent,Кировский,1.0,10.0,4.0,18.0,3000000.0,1.0, Зорге,28.8,Площадь Маркса,2017
developer,Центральный,29.0,30.0,6.5,18.7,9960000.0,1.0, Николая Островского,45.1,Гагаринская,2026
real_estate_agent,Ленинский,5.0,11.0,9.8,12.2,3200000.0,1.0, Титова,22.0,Площадь Маркса,2021
developer,Октябрьский,2.0,14.0,5.0,12.5,5900000.0,1.0,Большевистская ,24.39,Спортивная,2028
real_estate_agent,Кировский,18.0,27.0,6.0200000000000005,24.080000000000002,4300000.0,1.0, Оловозаводская,30.1,Студенческая,2015
real_estate_agent,Ленинский,2.0,27.0,4.8,12.0,4600000.0,1.0, Титова,28.11,Площадь Маркса,2026
developer,Ленинский,16.0,18.0,5.0,11.8,6352900.0,1.0, Серафимовича,27.7,Площадь Маркса,2026
real_estate_agent,Ленинский,8.0,12.0,6.4,25.6,4000000.0,1.0, Романтиков,32.0,Площадь Маркса,2015
developer,Первомайский,1.0,14.0,5.0,9.1,3887100.0,1.0, Одоевского,21.4,Речной вокзал,2026
real_estate_agent,Октябрьский,5.0,10.0,5.0,20.0,3260000.0,1.0, Татьяны Снежиной,33.0,Золотая Нива,2011
developer,Дзержинский,15.0,17.0,14.55,12.2,5649600.0,1.0,Промышленная ,26.75,Березовая Роща,2026
developer,Ленинский,3.0,17.0,5.3580000000000005,21.432000000000002,3873044.0,1.0, Забалуева,26.79,Площадь Маркса,2025
developer,Октябрьский,9.0,23.0,5.2,11.1,5650000.0,1.0, Грибоедова,25.9,Золотая Нива,2026
real_estate_agent,Ленинский,4.0,4.0,4.600000000000001,16.4,2700000.0,1.0,Большая ,21.0,Площадь Маркса,2016
developer,Октябрьский,2.0,6.0,5.0,9.6,5310000.0,1.0,Большевистская ,21.55,Спортивная,2028
real_estate_agent,Кировский,10.0,18.0,3.0,14.0,4250000.0,1.0, Костычева,24.0,Площадь Маркса,2012
developer,Калининский,12.0,21.0,5.1,8.7,3881940.0,1.0,Юбилейный мкр,24.8,Заельцовская,2027
real_estate_agent,Дзержинский,9.0,22.0,4.0,18.9,4000000.0,1.0, Коминтерна,27.9,Золотая Нива,2019
real_estate_agent,Первомайский,4.0,10.0,5.0,15.0,4200000.0,1.0, Заречная,30.0,Спортивная,2013
developer,Центральный,22.0,25.0,5.18,20.72,7000000.0,1.0, Державина,25.9,Маршала Покрышкина,2022
real_estate_agent,Калининский,4.0,10.0,6.5,13.5,3300000.0,1.0, Михаила Немыткина,20.0,Заельцовская,2011
real_estate_agent,Октябрьский,8.0,25.0,5.772,23.088,4992780.0,1.0,Пролетарская ,28.86,Золотая Нива,2026
realtor,Ленинский,5.0,5.0,3.0,12.0,2350000.0,1.0, Серафимовича,15.0,Площадь Маркса,2015
developer,Дзержинский,14.0,14.0,5.0,11.3,4550000.0,1.0, Есенина,25.2,Золотая Нива,2027
real_estate_agent,Октябрьский,7.0,17.0,5.1,14.0,3500000.0,1.0,Рябиновая ,25.4,Речной вокзал,2009
real_estate_agent,Ленинский,16.0,17.0,4.0,10.5,3500000.0,1.0, Забалуева,19.5,Студенческая,2023
developer,Железнодорожный,19.0,25.0,6.800000000000001,27.200000000000003,9000000.0,1.0,Железнодорожная ,34.0,Гагаринская,2024
real_estate_agent,Заельцовский,4.0,10.0,3.0,17.0,4000000.0,1.0,Кубовая ,25.0,Заельцовская,2022
real_estate_agent,Кировский,2.0,3.0,3.0,15.0,2600000.0,1.0,Воскресная ,23.6,Студенческая,2017
developer,Заельцовский,17.0,17.0,5.84,23.36,4750000.0,1.0,Кедровая ,29.2,Заельцовская,2010
realtor,Кировский,1.0,3.0,5.0,26.0,2390009.0,1.0,Рубежная ,34.2,Студенческая,2017
real_estate_agent,Ленинский,4.0,12.0,10.0,15.7,3170000.0,1.0, Романтиков,25.7,Площадь Маркса,2015
developer,Октябрьский,2.0,7.0,4.9,19.6,4149700.0,1.0,Выборная ,24.5,Речной вокзал,2026
real_estate_agent,Калининский,4.0,12.0,5.0,15.0,5490000.0,1.0, Имени генерал-майора А.Н. Рожкина,28.0,Заельцовская,2017
real_estate_agent,Кировский,2.0,3.0,5.0,16.7,3080000.0,1.0,Воскресная ,33.6,Студенческая,2016
real_estate_agent,Октябрьский,3.0,23.0,5.702000000000001,22.808000000000003,4618620.0,1.0,2-я Воинская ,28.51,Золотая Нива,2025
real_estate_agent,Заельцовский,7.0,12.0,5.1,11.2,4000000.0,1.0,Охотская ,24.5,Заельцовская,2022
real_estate_agent,Октябрьский,3.0,12.0,5.0,19.0,5000000.0,1.0, Кошурникова,29.0,Золотая Нива,2026
developer,Октябрьский,3.0,10.0,4.7,18.8,4193600.0,1.0,Выборная ,23.5,Речной вокзал,2026
real_estate_agent,Ленинский,9.0,14.0,7.299999999999999,15.1,3150000.0,1.0, Титова,22.4,Площадь Маркса,2017
real_estate_agent,Кировский,2.0,17.0,4.0,11.0,2300000.0,1.0, Виктора Уса,20.0,Площадь Маркса,2014
developer,Дзержинский,3.0,14.0,2.8,8.2,4100000.0,1.0, Есенина,20.4,Золотая Нива,2027
real_estate_agent,Первомайский,13.0,17.0,3.0,11.2,2300000.0,1.0, Одоевского,19.2,Спортивная,2013
real_estate_agent,Ленинский,1.0,3.0,5.2,20.8,2949000.0,1.0,Большая ,26.0,Площадь Маркса,2015
developer,Железнодорожный,11.0,25.0,5.1,12.0,8600000.0,1.0,Железнодорожная ,41.7,Гагаринская,2028
real_estate_agent,Ленинский,14.0,18.0,4.08,16.32,3000000.0,1.0, Забалуева,20.4,Площадь Маркса,2023
developer,Советский,3.0,18.0,7.5,9.1,5990000.0,1.0, Российская,25.57,Студенческая,2028
developer,Октябрьский,1.0,9.0,10.0,12.3,9990000.0,1.0,Большевистская ,42.28,Речной вокзал,2026
real_estate_agent,Октябрьский,3.0,22.0,12.600000000000001,18.0,4600000.0,1.0, Декабристов,30.6,Речной вокзал,2020
real_estate_agent,Калининский,4.0,9.0,5.0,17.0,4400000.0,1.0, Дунаевского,28.0,Заельцовская,2017
developer,Октябрьский,4.0,10.0,4.64,18.56,4154200.0,1.0,Выборная ,23.2,Речной вокзал,2026
real_estate_agent,Октябрьский,2.0,18.0,5.34,21.36,3850000.0,1.0,Лазурная ,26.7,Золотая Нива,2015
real_estate_agent,Кировский,4.0,17.0,5.0,14.1,3300000.0,1.0,Бронная ,24.1,Площадь Маркса,2023
developer,Дзержинский,3.0,14.0,5.4,11.9,4990000.0,1.0, Есенина,26.9,Золотая Нива,2027
real_estate_agent,Октябрьский,16.0,17.0,4.0,18.0,3410000.0,1.0,Рябиновая ,23.1,Речной вокзал,2010
real_estate_agent,Октябрьский,6.0,16.0,5.0,16.0,4100000.0,1.0,Закаменский мкр,21.3,Березовая Роща,2023
developer,Заельцовский,8.0,25.0,4.0,26.0,7200000.0,1.0,Красный проспект,37.4,Заельцовская,2025
developer,Ленинский,5.0,27.0,14.399999999999999,13.0,5402000.0,1.0, Ясный Берег,27.4,Октябрьская,2027
real_estate_agent,Октябрьский,6.0,8.0,5.4,21.6,3460000.0,1.0, Ключ-Камышенское плато,27.0,Спортивная,2013
real_estate_agent,Кировский,13.0,19.0,5.0,22.6,3000000.0,1.0, Виктора Уса,27.6,Площадь Маркса,2014
real_estate_agent,Заельцовский,12.0,24.0,6.938,27.752,6650000.0,1.0,Красный проспект,34.69,Заельцовская,2027
real_estate_agent,Центральный,5.0,5.0,4.0,16.0,3840000.0,1.0, Крылова,25.0,Красный Проспект,2007
real_estate_agent,Ленинский,4.0,17.0,5.638000000000001,22.552000000000003,4419510.0,1.0, Титова,28.19,Площадь Маркса,2026
developer,Дзержинский,6.0,14.0,5.2,15.3,5350000.0,1.0, Есенина,29.7,Золотая Нива,2027
real_estate_agent,Ленинский,10.0,17.0,6.0,15.0,2999000.0,1.0, Забалуева,27.5,Площадь Маркса,2023
real_estate_agent,Ленинский,2.0,12.0,5.34,21.36,3577800.0,1.0, Юности,26.7,Площадь Маркса,2024
developer,Дзержинский,19.0,25.0,3.1,14.9,5664100.0,1.0, Есенина,24.9,Золотая Нива,2026
real_estate_agent,Ленинский,8.0,16.0,5.0,12.0,4650000.0,1.0, Котовского,24.1,Площадь Маркса,2012
real_estate_agent,Октябрьский,10.0,10.0,14.399999999999999,18.0,3400000.0,1.0, Татьяны Снежиной,32.4,Золотая Нива,2010
developer,Ленинский,12.0,13.0,4.806000000000001,19.224000000000004,5700000.0,1.0,площадь Карла Маркса,24.03,Площадь Маркса,2026
real_estate_agent,Первомайский,17.0,17.0,3.8600000000000003,15.440000000000001,2250000.0,1.0, Твардовского,19.3,Речной вокзал,2015
real_estate_agent,Кировский,8.0,10.0,19.5,19.0,3480000.0,1.0, Николая Сотникова,38.5,Студенческая,2019
developer,Дзержинский,6.0,14.0,5.0,11.5,4550000.0,1.0, Есенина,25.5,Золотая Нива,2027
real_estate_agent,Заельцовский,4.0,17.0,5.0,13.3,4900000.0,1.0,Красногорская ,26.3,Заельцовская,2020
developer,Калининский,15.0,21.0,5.0,15.8,4833588.0,1.0, Богдана Хмельницкого,32.0,Заельцовская,2027
developer,Дзержинский,2.0,25.0,3.9,21.7,6711900.0,1.0, Есенина,41.1,Золотая Нива,2026
realtor,Заельцовский,13.0,21.0,3.0,15.0,5600000.0,1.0,Дачная ,23.0,Заельцовская,2013
real_estate_agent,Октябрьский,3.0,4.0,2.0,36.0,5500000.0,1.0,Выборная ,43.0,Речной вокзал,2014
developer,Ленинский,6.0,25.0,15.7,17.8,6290000.0,1.0, Костычева,33.5,Площадь Маркса,2027
real_estate_agent,Первомайский,2.0,17.0,4.0,9.0,2680000.0,1.0, Одоевского,20.0,Речной вокзал,2013
developer,Центральный,21.0,25.0,5.54,22.16,7200000.0,1.0, Державина,27.7,Маршала Покрышкина,2022
realtor,Октябрьский,5.0,20.0,4.800000000000001,19.200000000000003,4200000.0,1.0,Ленинградская ,24.0,Речной вокзал,2024
real_estate_agent,Октябрьский,20.0,25.0,2.0,18.4,4850000.0,1.0,Гурьевская ,28.8,Золотая Нива,2020
real_estate_agent,Заельцовский,15.0,24.0,5.686,22.744,5480000.0,1.0,Красный проспект,28.43,Заельцовская,2027
real_estate_agent,Ленинский,7.0,17.0,6.140000000000001,24.560000000000002,3300000.0,1.0, Забалуева,30.7,Площадь Маркса,2015
real_estate_agent,Октябрьский,7.0,10.0,4.0,35.0,3000000.0,1.0, Плющихинская,39.0,Золотая Нива,2024
developer,Первомайский,6.0,14.0,5.0,9.1,4167000.0,1.0, Одоевского,21.85,Речной вокзал,2026
real_estate_agent,Калининский,15.0,17.0,4.0,19.1,3800000.0,1.0, Фадеева,28.1,Заельцовская,2017
real_estate_agent,Дзержинский,12.0,24.0,3.0,10.0,4600000.0,1.0, Бориса Богаткова,18.0,Золотая Нива,2018
real_estate_agent,Заельцовский,9.0,24.0,5.734000000000001,22.936000000000003,5510000.0,1.0,Красный проспект,28.67,Заельцовская,2027
real_estate_agent,Калининский,12.0,26.0,2.0,15.0,4700000.0,1.0,Танковая ,23.4,Заельцовская,2017
real_estate_agent,Октябрьский,4.0,25.0,2.4,13.4,4700000.0,1.0, Кирова,22.7,Октябрьская,2024
real_estate_agent,Кировский,3.0,17.0,3.1,14.4,2950000.0,1.0, Виктора Уса,23.4,Площадь Маркса,2014
real_estate_agent,Октябрьский,6.0,9.0,12.399999999999999,20.0,3500000.0,1.0, Виталия Потылицына,32.4,Золотая Нива,2020
real_estate_agent,Ленинский,14.0,18.0,3.0,14.0,2950000.0,1.0, Забалуева,22.7,Площадь Маркса,2018
developer,Дзержинский,15.0,17.0,11.099999999999998,14.8,5521880.0,1.0,Промышленная ,25.9,Березовая Роща,2026
real_estate_agent,Первомайский,17.0,17.0,4.0,15.4,3900000.0,1.0,Первомайская ,27.4,Речной вокзал,2012
real_estate_agent,Советский,15.0,26.0,5.0,22.8,2950000.0,1.0, Молодости,27.8,Студенческая,1994
developer,Октябрьский,23.0,25.0,3.6,9.6,4910000.0,1.0, Кирова,23.2,Октябрьская,2026
real_estate_agent,Кировский,9.0,14.0,3.5,19.0,3850000.0,1.0, Герцена,25.8,Студенческая,2017
developer,Дзержинский,17.0,17.0,10.799999999999999,14.4,5634834.0,1.0,Промышленная ,25.2,Березовая Роща,2026
real_estate_agent,Кировский,12.0,17.0,5.0,11.0,3700000.0,1.0,Беловежская ,23.8,Площадь Маркса,2019
real_estate_agent,Октябрьский,12.0,18.0,5.0,20.0,3000000.0,1.0, Плющихинская,25.0,Золотая Нива,2024
real_estate_agent,Заельцовский,5.0,24.0,7.102,28.408,6810000.0,1.0,Красный проспект,35.51,Заельцовская,2027
real_estate_agent,Калининский,14.0,15.0,2.0,15.0,4550000.0,1.0, Имени генерал-майора А.Н. Рожкина,28.4,Заельцовская,2017
developer,Ленинский,5.0,15.0,4.436,17.744,4790000.0,1.0,площадь Карла Маркса,22.18,Площадь Маркса,2026
real_estate_agent,Ленинский,3.0,19.0,5.24,20.96,5500000.0,1.0,Стартовая ,26.2,Студенческая,2015
real_estate_agent,Заельцовский,5.0,18.0,5.0,18.0,5500000.0,1.0, Дмитрия Донского,25.0,Заельцовская,2012
developer,Дзержинский,17.0,17.0,17.42,12.5,6529292.0,1.0,Промышленная ,29.92,Березовая Роща,2026
real_estate_agent,Ленинский,12.0,13.0,2.0,18.0,3800000.0,1.0, Юности,25.7,Площадь Маркса,2020
real_estate_agent,Октябрьский,6.0,10.0,4.0,25.0,3080000.0,1.0, Плющихинская,39.35,Золотая Нива,2024
developer,Советский,4.0,24.0,6.426000000000001,25.704000000000004,7494000.0,1.0, Мусы Джалиля,32.13,Студенческая,2027
developer,Калининский,1.0,17.0,5.84,23.36,4200000.0,1.0,На Игарской кв-л,29.2,Заельцовская,2027
real_estate_agent,Первомайский,15.0,19.0,6.199999999999999,15.0,3800000.0,1.0,Первомайская ,21.2,Речной вокзал,2013
real_estate_agent,Кировский,8.0,16.0,5.0,17.7,4200000.0,1.0, Ватутина,22.7,Студенческая,2017
developer,Первомайский,1.0,10.0,5.0,11.7,4899900.0,1.0, Одоевского,27.4,Речной вокзал,2026
real_estate_agent,Октябрьский,14.0,23.0,4.100000000000001,22.0,4300000.0,1.0,2-я Воинская ,26.1,Золотая Нива,2024
real_estate_agent,Кировский,16.0,16.0,4.0,10.0,2299000.0,1.0, Виктора Уса,19.0,Площадь Маркса,2013
developer,Ленинский,1.0,9.0,20.56,15.3,6661000.0,1.0,Ясный Берег город-парк,35.86,Красный Проспект,2027
real_estate_agent,Советский,3.0,3.0,8.0,16.0,4350000.0,1.0,Золотистый переулок,33.0,Речной вокзал,2022
real_estate_agent,Октябрьский,13.0,17.0,5.0,16.9,4700000.0,1.0,Выборная ,33.9,Речной вокзал,2018
developer,Первомайский,5.0,10.0,5.0,11.2,4666700.0,1.0, Одоевского,25.72,Речной вокзал,2026
real_estate_agent,Кировский,2.0,10.0,7.0,25.0,3350000.0,1.0, Виктора Шевелева,39.0,Студенческая,2023
real_estate_agent,Калининский,8.0,16.0,4.0,18.0,3900000.0,1.0,Тайгинская ,29.2,Заельцовская,2023
developer,Калининский,15.0,21.0,5.1,15.3,4676958.0,1.0, Богдана Хмельницкого,30.5,Заельцовская,2027
real_estate_agent,Кировский,2.0,18.0,4.0,16.0,2850000.0,1.0, Виктора Уса,24.0,Площадь Маркса,2016
real_estate_agent,Кировский,12.0,18.0,3.3,13.0,3350000.0,1.0, Зорге,25.0,Площадь Маркса,2021
developer,Заельцовский,18.0,25.0,5.338000000000001,21.352000000000004,5800000.0,1.0,Светлановская ,26.69,Заельцовская,2023
real_estate_agent,Кировский,14.0,25.0,12.600000000000001,14.7,3950000.0,1.0,Чукотский кв-л,27.3,Площадь Маркса,2017
real_estate_agent,Ленинский,4.0,20.0,16.200000000000003,28.5,5400000.0,1.0,Междуреченская ,44.7,Площадь Маркса,2015
developer,Железнодорожный,19.0,25.0,4.1,13.9,6803000.0,1.0,Железнодорожная ,25.3,Гагаринская,2028
real_estate_agent,Первомайский,14.0,17.0,7.600000000000001,14.0,3500000.0,1.0, Одоевского,21.6,Речной вокзал,2013
developer,Заельцовский,2.0,30.0,6.04,24.16,7000000.0,1.0,Красный проспект,30.2,Заельцовская,2026
developer,Первомайский,8.0,10.0,5.0,11.7,5155500.0,1.0, Одоевского,28.18,Речной вокзал,2026
real_estate_agent,Кировский,5.0,26.0,6.300000000000001,21.0,3600000.0,1.0,Беловежская ,27.3,Площадь Маркса,2021
real_estate_agent,Первомайский,9.0,16.0,4.0,13.0,3950000.0,1.0, Заречная,22.4,Речной вокзал,2013
real_estate_agent,Октябрьский,11.0,17.0,3.98,15.92,4700000.0,1.0,Выборная ,19.9,Речной вокзал,2026
real_estate_agent,Калининский,8.0,8.0,8.0,19.6,4200000.0,1.0,Тайгинская ,27.6,Заельцовская,2017
developer,Заельцовский,1.0,23.0,5.640000000000001,22.560000000000002,5900000.0,1.0, Брестская Горка,28.2,Гагаринская,2028
real_estate_agent,Ленинский,15.0,18.0,5.0,19.0,3500000.0,1.0,Спортивная ,26.0,Площадь Маркса,2023
developer,Заельцовский,2.0,24.0,5.98,23.92,6580000.0,1.0,Сухарная ,29.9,Площадь Гарина-Михайловского,2028
real_estate_agent,Ленинский,9.0,17.0,4.0,15.0,4650000.0,1.0, Пархоменко,27.0,Площадь Маркса,2015
developer,Ленинский,3.0,9.0,17.02,13.3,6230000.0,1.0,Ясный Берег город-парк,30.32,Красный Проспект,2027
real_estate_agent,Дзержинский,12.0,22.0,5.0,31.0,5000000.0,1.0, Есенина,36.0,Золотая Нива,2015
developer,Октябрьский,20.0,25.0,4.1,10.5,5160000.0,1.0, Кирова,25.84,Октябрьская,2026
real_estate_agent,Первомайский,9.0,18.0,8.0,12.0,3300000.0,1.0, Заречная,25.0,Спортивная,2024
developer,Советский,3.0,24.0,6.968000000000001,27.872000000000003,8171000.0,1.0, Мусы Джалиля,34.84,Студенческая,2027
real_estate_agent,Октябрьский,3.0,10.0,6.6000000000000005,26.400000000000002,2870000.0,1.0, В. Высоцкого,33.0,Золотая Нива,2020
real_estate_agent,Октябрьский,3.0,12.0,5.0,19.0,5100000.0,1.0, Кошурникова,29.0,Золотая Нива,2026
developer,Ленинский,1.0,9.0,16.51,15.7,6800000.0,1.0,Ясный Берег город-парк,32.21,Красный Проспект,2027
real_estate_agent,Октябрьский,2.0,17.0,3.0,14.0,5049000.0,1.0,Закаменский мкр,23.5,Березовая Роща,2024
developer,Октябрьский,18.0,25.0,3.8,17.5,5830000.0,1.0, Кирова,32.41,Октябрьская,2026
developer,Ленинский,1.0,20.0,5.0,13.9,5540000.0,1.0,Спортивная ,37.5,Площадь Маркса,2025
real_estate_agent,Заельцовский,3.0,12.0,4.14,16.56,4610000.0,1.0,Лебедевский кв-л,20.7,Заельцовская,2028
real_estate_agent,Кировский,5.0,17.0,4.0,11.0,2370000.0,1.0, Виктора Уса,20.0,Площадь Маркса,2017
real_estate_agent,Октябрьский,13.0,24.0,5.032,20.128,7540000.0,1.0, Кирова,25.16,Октябрьская,2026
real_estate_agent,Кировский,1.0,3.0,4.699999999999999,15.0,2400000.0,1.0, Николая Грицюка,19.7,Площадь Маркса,2017
real_estate_agent,Кировский,12.0,19.0,6.740000000000001,26.960000000000004,4000000.0,1.0, Сибиряков-Гвардейцев,33.7,Площадь Маркса,2021
developer,Ленинский,12.0,13.0,4.558,18.232,5690000.0,1.0,площадь Карла Маркса,22.79,Площадь Маркса,2026
real_estate_agent,Октябрьский,7.0,17.0,5.0,15.0,5650000.0,1.0,Закаменский мкр,21.1,Березовая Роща,2024
real_estate_agent,Заельцовский,7.0,27.0,4.260000000000001,17.040000000000003,5650000.0,1.0,Красный проспект,21.3,Заельцовская,2025
real_estate_agent,Октябрьский,13.0,17.0,5.0200000000000005,20.080000000000002,5750000.0,1.0,Закаменский мкр,25.1,Березовая Роща,2024
real_estate_agent,Ленинский,15.0,18.0,8.0,20.0,5750000.0,1.0,Стартовая ,37.2,Спортивная,2020
real_estate_agent,Октябрьский,3.0,27.0,4.0,14.0,5780000.0,1.0, Добролюбова,26.88,Речной вокзал,2022
real_estate_agent,Советский,7.0,17.0,3.0,18.8,5790000.0,1.0, Арбузова,28.2,Студенческая,2018
real_estate_agent,Октябрьский,6.0,18.0,6.0600000000000005,24.240000000000002,5800000.0,1.0,Большевистская ,30.3,Речной вокзал,2020
real_estate_agent,Центральный,13.0,13.0,3.0,16.0,5800000.0,1.0,Ядринцевская ,21.5,Площадь Ленина,2007
real_estate_agent,Центральный,11.0,27.0,7.5,20.3,5800000.0,1.0, Державина,27.8,Березовая Роща,2014
realtor,Октябрьский,17.0,18.0,5.920000000000001,23.680000000000003,5850000.0,1.0,Большевистская ,29.6,Октябрьская,2016
real_estate_agent,Октябрьский,15.0,22.0,3.0,16.0,5875000.0,1.0,Большевистская ,23.5,Речной вокзал,2026
realtor,Октябрьский,17.0,21.0,5.0,22.0,5870000.0,1.0, Михаила Кулагина,31.1,Золотая Нива,2019
real_estate_agent,Дзержинский,14.0,19.0,17.0,17.0,5900000.0,1.0, Кошурникова,34.0,Золотая Нива,2012
real_estate_agent,Центральный,13.0,13.0,4.4799999999999995,17.919999999999998,5900000.0,1.0,Ядринцевская ,22.4,Площадь Ленина,2021
real_estate_agent,Ленинский,6.0,13.0,4.9,19.6,5999000.0,1.0, Серафимовича,24.5,Площадь Маркса,2020
realtor,Центральный,7.0,9.0,5.0,20.0,5950000.0,1.0, Семьи Шамшиных,25.0,Маршала Покрышкина,2007
real_estate_agent,Железнодорожный,3.0,8.0,8.5,18.0,6000000.0,1.0, Ленина,26.5,Площадь Гарина-Михайловского,2024
real_estate_agent,Октябрьский,14.0,24.0,5.3,11.2,6000000.0,1.0, Кирова,25.26,Октябрьская,2025
real_estate_agent,Октябрьский,16.0,26.0,5.0,18.3,6000000.0,1.0,Гурьевская ,28.3,Золотая Нива,2022
real_estate_agent,Октябрьский,11.0,24.0,5.04,20.16,6000000.0,1.0, Кирова,25.2,Октябрьская,2025
real_estate_agent,Заельцовский,4.0,26.0,7.0,28.0,6050000.0,1.0,Кавалерийская ,35.0,Заельцовская,2021
real_estate_agent,Заельцовский,2.0,25.0,5.0,15.0,6100000.0,1.0,Светлановская ,27.7,Заельцовская,2022
real_estate_agent,Дзержинский,17.0,25.0,5.0,19.0,6100000.0,1.0, Королева,30.0,Березовая Роща,2025
realtor,Октябрьский,14.0,14.0,5.0,20.0,6100000.0,1.0,2-я Обская ,25.0,Речной вокзал,2020
real_estate_agent,Железнодорожный,3.0,24.0,4.0,14.0,6250000.0,1.0, Прибрежная,27.7,Площадь Гарина-Михайловского,2002
real_estate_agent,Центральный,20.0,25.0,9.0,18.5,6300000.0,1.0, Фрунзе,27.5,Маршала Покрышкина,2007
real_estate_agent,Октябрьский,23.0,25.0,4.1,15.4,6300000.0,1.0,Большевистская ,28.4,Речной вокзал,2021
real_estate_agent,Центральный,13.0,16.0,13.0,15.0,6350000.0,1.0, Чаплыгина,28.0,Площадь Ленина,2007
real_estate_agent,Заельцовский,7.0,30.0,5.0,12.0,6450000.0,1.0,Красный проспект,26.8,Заельцовская,2022
real_estate_agent,Октябрьский,10.0,10.0,8.0,45.0,6490000.0,1.0, Плющихинская,59.0,Золотая Нива,2020
real_estate_agent,Железнодорожный,9.0,24.0,4.0,16.0,6440000.0,1.0, Прибрежная,27.2,Площадь Гарина-Михайловского,2023
real_estate_agent,Октябрьский,18.0,25.0,5.0,16.0,6400000.0,1.0, Бориса Богаткова,26.9,Золотая Нива,2020
real_estate_agent,Дзержинский,23.0,25.0,5.0,14.9,6500000.0,1.0, Гоголя,32.45,Березовая Роща,2019
realtor,Ленинский,3.0,30.0,5.018000000000001,20.072000000000003,6500000.0,1.0, Забалуева,25.09,Студенческая,2026
real_estate_agent,Октябрьский,8.0,18.0,3.6,15.0,6500000.0,1.0,2-я Обская ,29.8,Речной вокзал,2020
real_estate_agent,Дзержинский,10.0,29.0,11.1,8.1,6500000.0,1.0,Закаменский мкр,27.0,Березовая Роща,2025
real_estate_agent,Заельцовский,15.0,25.0,5.0,17.0,6550000.0,1.0,Красный проспект,29.0,Заельцовская,2022
real_estate_agent,Заельцовский,24.0,30.0,5.0,12.3,6550000.0,1.0,Красный проспект,29.9,Заельцовская,2026
real_estate_agent,Заельцовский,19.0,27.0,5.0,20.0,6555000.0,1.0,Дачная ,38.4,Заельцовская,2018
real_estate_agent,Октябрьский,11.0,24.0,3.0,23.6,6700000.0,1.0, Кирова,26.6,Октябрьская,2023
real_estate_agent,Центральный,10.0,25.0,5.18,20.72,6700000.0,1.0, Романова,25.9,Площадь Ленина,2014
real_estate_agent,Октябрьский,9.0,25.0,5.2,11.9,6700000.0,1.0,Ипподромская ,30.3,Октябрьская,2024
real_estate_agent,Кировский,3.0,25.0,6.0,15.0,6850000.0,1.0, Немировича-Данченко,34.2,Студенческая,2018
real_estate_agent,Заельцовский,14.0,26.0,8.08,32.32,6850000.0,1.0,Красный проспект,40.4,Заельцовская,2022
real_estate_agent,Ленинский,5.0,30.0,5.4,21.6,6800000.0,1.0,Горская ,27.0,Площадь Маркса,2015
real_estate_agent,Кировский,3.0,19.0,5.0,14.0,6900000.0,1.0, Немировича-Данченко,36.6,Студенческая,2018
real_estate_agent,Дзержинский,17.0,22.0,6.0,43.0,6900000.0,1.0, Коминтерна,56.0,Золотая Нива,2019
real_estate_agent,Центральный,8.0,27.0,5.3,13.5,6900000.0,1.0, Демьяна Бедного,32.6,Маршала Покрышкина,2016
real_estate_agent,Кировский,24.0,25.0,14.0,22.0,7000000.0,1.0, Немировича-Данченко,36.0,Студенческая,2017
real_estate_agent,Октябрьский,6.0,15.0,3.0,18.0,7000000.0,1.0,Обская ,27.6,Речной вокзал,2020
real_estate_agent,Октябрьский,2.0,17.0,5.0,20.0,7000000.0,1.0, Шевченко,35.6,Октябрьская,2009
real_estate_agent,Железнодорожный,5.0,25.0,3.0,18.0,7230000.0,1.0,Железнодорожная ,30.2,Гагаринская,2024
real_estate_agent,Дзержинский,22.0,30.0,6.2,14.9,7199000.0,1.0, Фрунзе,31.2,Березовая Роща,2024
real_estate_agent,Кировский,22.0,25.0,5.0,19.0,7200000.0,1.0, Немировича-Данченко,33.8,Студенческая,2017
real_estate_agent,Октябрьский,4.0,10.0,9.0,19.0,7400000.0,1.0, Якушева,37.7,Речной вокзал,2017
real_estate_agent,Центральный,21.0,25.0,4.0,14.0,7500000.0,1.0, Державина,22.7,Маршала Покрышкина,2022
real_estate_agent,Железнодорожный,18.0,25.0,4.0,19.0,7800000.0,1.0,Железнодорожная ,34.2,Гагаринская,2002
real_estate_agent,Октябрьский,2.0,21.0,7.0,25.0,7955000.0,1.0, Сакко и Ванцетти,43.2,Октябрьская,2020
real_estate_agent,Заельцовский,6.0,19.0,7.5,37.3,8100000.0,1.0, Аэропорт,51.9,Заельцовская,2023
real_estate_agent,Дзержинский,20.0,25.0,10.0,21.0,8550000.0,1.0, Кошурникова,38.0,Золотая Нива,2020
real_estate_agent,Заельцовский,5.0,19.0,7.5,37.0,8600000.0,1.0, Аэропорт,51.6,Заельцовская,2023
real_estate_agent,Октябрьский,23.0,25.0,4.1,17.2,8650000.0,1.0, Сибревкома,30.0,Октябрьская,2017
real_estate_agent,Заельцовский,6.0,16.0,5.8,34.4,8900000.0,1.0, Дуси Ковальчук,59.34,Заельцовская,2025
real_estate_agent,Заельцовский,22.0,25.0,9.0,20.0,9200000.0,1.0,Кавалерийская ,36.0,Заельцовская,2022
real_estate_agent,Октябрьский,10.0,24.0,7.9,31.6,9500000.0,1.0,Большевистская ,39.5,Речной вокзал,2026
real_estate_agent,Октябрьский,4.0,12.0,12.0,48.0,9500000.0,1.0, Кошурникова,60.0,Золотая Нива,2026
real_estate_agent,Ленинский,10.0,25.0,11.0,38.0,10500000.0,1.0, Костычева,55.2,Площадь Маркса,2025
real_estate_agent,Центральный,14.0,25.0,10.0,20.0,10899000.0,1.0,Ядринцевская ,42.0,Площадь Ленина,2015
real_estate_agent,Октябрьский,12.0,25.0,19.0,30.0,12000000.0,1.0, Сибревкома,49.0,Октябрьская,2017
real_estate_agent,Заельцовский,9.0,15.0,2.9,15.2,12300000.0,1.0,Красный проспект,31.0,Заельцовская,2023
real_estate_agent,Дзержинский,14.0,14.0,27.0,108.0,12400000.0,1.0, Фрунзе,135.0,Березовая Роща,2019
real_estate_agent,Заельцовский,7.0,25.0,3.0,45.5,12500000.0,1.0,Красный проспект,53.5,Заельцовская,2022
real_estate_agent,Октябрьский,20.0,25.0,19.0,30.0,12500000.0,1.0, Сибревкома,49.0,Октябрьская,2017
real_estate_agent,Калининский,8.0,9.0,45.7,71.5,18500000.0,1.0,Красный проспект,117.2,Заельцовская,2017
real_estate_agent,Центральный,4.0,15.0,35.0,145.0,28500000.0,1.0,Октябрьская ,186.9,Октябрьская,1999
real_estate_agent,Центральный,8.0,8.0,25.0,90.0,49000000.0,1.0, Ермака,130.0,Красный Проспект,2007
real_estate_agent,Калининский,5.0,5.0,0.0,20.1,1680000.0,1.0, Богдана Хмельницкого,20.1,Заельцовская,1960
real_estate_agent,Октябрьский,1.0,18.0,5.0,16.5,1680000.0,1.0, В. Высоцкого,24.97,Золотая Нива,2025
real_estate_agent,Калининский,3.0,5.0,3.0,8.5,1750000.0,1.0, Сухановская,16.5,Заельцовская,1989
real_estate_agent,Кировский,3.0,3.0,1.0,8.3,1760000.0,1.0, Герцена,14.3,Студенческая,2011
real_estate_agent,Калининский,1.0,5.0,6.0,9.0,1799000.0,1.0, Сухановская,18.0,Заельцовская,2017
real_estate_agent,Заельцовский,1.0,3.0,2.0,13.0,1800000.0,1.0,переулок 1-й Энтузиастов,15.0,Заельцовская,2012
real_estate_agent,Октябрьский,10.0,10.0,5.0,25.4,1870000.0,1.0, В. Высоцкого,39.35,Золотая Нива,2027
real_estate_agent,Октябрьский,7.0,10.0,5.0,20.0,1860000.0,1.0, Плющихинская,32.47,Золотая Нива,2023
realtor,Первомайский,14.0,19.0,3.3,10.8,1899990.0,1.0, Одоевского,19.4,Речной вокзал,2012
homeowner,Заельцовский,3.0,3.0,7.0,10.0,1855000.0,1.0,переулок 1-й Энтузиастов,17.0,Заельцовская,2012
real_estate_agent,Советский,3.0,5.0,3.0,10.0,1999900.0,1.0, Российская,18.0,Студенческая,1970
unknown,Первомайский,3.0,18.0,3.0,14.0,1990000.0,1.0, Одоевского,20.0,Речной вокзал,2011
real_estate_agent,Калининский,4.0,5.0,5.0,8.0,2000000.0,1.0, Сухановская,18.0,Заельцовская,1988
real_estate_agent,Октябрьский,10.0,18.0,4.0,20.0,2000000.0,1.0, В. Высоцкого,24.97,Золотая Нива,2025
unknown,Кировский,1.0,1.0,2.0,17.0,2000000.0,1.0, Петухова,23.0,Площадь Маркса,1990
homeowner,Октябрьский,5.0,10.0,10.75,28.6,2000000.0,1.0, В. Высоцкого,39.35,Золотая Нива,2027
real_estate_agent,Октябрьский,5.0,10.0,3.0,25.0,2050000.0,1.0, В. Высоцкого,39.0,Золотая Нива,2027
real_estate_agent,Кировский,2.0,9.0,3.0,8.0,2050000.0,1.0, Мира,16.0,Площадь Маркса,1989
real_estate_agent,Октябрьский,3.0,10.0,5.0,25.0,2050000.0,1.0, Плющихинская,33.0,Золотая Нива,2023
real_estate_agent,Первомайский,15.0,18.0,6.6,8.0,2100000.0,1.0, Одоевского,19.6,Речной вокзал,2012
real_estate_agent,Калининский,3.0,3.0,4.0,14.8,2100000.0,1.0, Богдана Хмельницкого,23.8,Заельцовская,2001
real_estate_agent,Октябрьский,3.0,10.0,5.0,25.4,2100000.0,1.0, В. Высоцкого,39.02,Золотая Нива,2027
real_estate_agent,Октябрьский,17.0,18.0,5.0,12.0,2100000.0,1.0, В. Высоцкого,25.0,Золотая Нива,2025
real_estate_agent,Первомайский,1.0,17.0,4.0,10.0,2190000.0,1.0, Твардовского,19.4,Речной вокзал,2015
real_estate_agent,Октябрьский,6.0,18.0,5.0,20.0,2170000.0,1.0, В. Высоцкого,25.0,Золотая Нива,2025
realtor,Кировский,1.0,4.0,5.16,20.64,2150000.0,1.0, Бурденко,25.8,Площадь Маркса,1958
real_estate_agent,Первомайский,1.0,17.0,6.399999999999999,16.0,2200000.0,1.0, Одоевского,22.4,Спортивная,2011
real_estate_agent,Калининский,2.0,3.0,3.0,17.0,2200000.0,1.0, Богдана Хмельницкого,25.0,Заельцовская,1968
real_estate_agent,Калининский,3.0,5.0,4.0,8.0,2200000.0,1.0, Сухановская,17.0,Заельцовская,1989
real_estate_agent,Первомайский,4.0,17.0,3.0,11.1,2200000.0,1.0, Твардовского,19.1,Речной вокзал,2015
real_estate_agent,Первомайский,14.0,17.0,3.0,13.0,2200000.0,1.0, Одоевского,21.1,Речной вокзал,2012
real_estate_agent,Кировский,1.0,4.0,6.0,18.0,2200000.0,1.0,Рубежная ,30.8,Студенческая,2017
real_estate_agent,Калининский,3.0,3.0,4.0,18.6,2235600.0,1.0, Богдана Хмельницкого,24.4,Заельцовская,1968
homeowner,Советский,4.0,6.0,3.0,12.0,2200000.0,1.0, Экваторная,15.0,Речной вокзал,1998
unknown,Кировский,5.0,18.0,4.0,10.0,2200000.0,1.0, Виктора Уса,20.0,Площадь Маркса,2013
homeowner,Первомайский,6.0,17.0,4.0,15.399999999999999,2200000.0,1.0, Твардовского,19.4,Речной вокзал,2014
homeowner,Октябрьский,5.0,10.0,4.4,25.4,2200000.0,1.0, В. Высоцкого,39.35,Золотая Нива,2027
real_estate_agent,Кировский,8.0,17.0,3.0,11.3,2260000.0,1.0, Виктора Уса,19.3,Площадь Маркса,2017
real_estate_agent,Кировский,6.0,17.0,4.0,10.9,2250000.0,1.0, Виктора Уса,19.9,Площадь Маркса,2014
real_estate_agent,Калининский,3.0,5.0,2.0,15.0,2269000.0,1.0, Сухановская,17.0,Заельцовская,1974
real_estate_agent,Октябрьский,4.0,17.0,5.0,20.9,2280000.0,1.0,Тополевая ,30.88,Октябрьская,2025
real_estate_agent,Октябрьский,6.0,18.0,5.0,14.7,2290000.0,1.0, Плющихинская,24.67,Золотая Нива,2025
real_estate_agent,Калининский,2.0,3.0,4.0,19.0,2260000.0,1.0, Богдана Хмельницкого,24.5,Заельцовская,1968
homeowner,Первомайский,9.0,17.0,4.0,14.8,2280000.0,1.0, Одоевского,19.5,Речной вокзал,2012
real_estate_agent,Кировский,10.0,17.0,3.0,11.7,2300000.0,1.0, Виктора Уса,19.7,Площадь Маркса,2014
real_estate_agent,Кировский,14.0,17.0,3.2,11.0,2300000.0,1.0, Виктора Уса,19.2,Площадь Маркса,2014
real_estate_agent,Кировский,2.0,17.0,3.0,11.4,2300000.0,1.0, Виктора Уса,19.4,Площадь Маркса,2014
real_estate_agent,Первомайский,7.0,17.0,4.0,9.0,2300000.0,1.0, Одоевского,18.0,Речной вокзал,2011
real_estate_agent,Кировский,6.0,17.0,3.0,12.0,2300000.0,1.0, Виктора Уса,20.0,Площадь Маркса,2013
real_estate_agent,Октябрьский,13.0,18.0,5.0,12.0,2320000.0,1.0, Плющихинская,25.0,Золотая Нива,2025
real_estate_agent,Заельцовский,1.0,5.0,2.0,13.0,2300000.0,1.0, Жуковского,15.0,Заельцовская,2022
homeowner,Октябрьский,7.0,10.0,5.0,20.4,2300000.0,1.0, В. Высоцкого,33.58,Золотая Нива,2023
homeowner,Октябрьский,7.0,10.0,14.0,25.0,2300000.0,1.0, В. Высоцкого,39.0,Золотая Нива,2026
real_estate_agent,Ленинский,1.0,4.0,5.0,12.899999999999999,2350000.0,1.0,переулок 2-й Крашенинникова,17.9,Площадь Маркса,1938
real_estate_agent,Калининский,5.0,5.0,3.0,9.5,2380000.0,1.0, Сухановская,17.5,Заельцовская,2024
real_estate_agent,Кировский,2.0,3.0,3.0,13.4,2350000.0,1.0, Николая Грицюка,21.4,Площадь Маркса,2018
realtor,Первомайский,10.0,19.0,0.0,19.3,2390000.0,1.0, Твардовского,19.3,Речной вокзал,2015
real_estate_agent,Первомайский,4.0,18.0,8.0,10.8,2400000.0,1.0,Березовая ,18.8,Речной вокзал,2012
real_estate_agent,Ленинский,3.0,4.0,3.0,11.8,2400000.0,1.0,Большая ,19.8,Площадь Маркса,2016
real_estate_agent,Первомайский,9.0,17.0,4.0,8.0,2400000.0,1.0, Твардовского,19.1,Речной вокзал,2015
real_estate_agent,Ленинский,3.0,5.0,3.5,8.9,2400000.0,1.0, Котовского,17.4,Площадь Маркса,1972
homeowner,Первомайский,15.0,17.0,4.100000000000001,14.0,2400000.0,1.0, Одоевского,18.1,Речной вокзал,2013
real_estate_agent,Кировский,2.0,12.0,5.0,16.0,2480000.0,1.0, Дмитрия Шмонина,21.0,Студенческая,2016
real_estate_agent,Первомайский,16.0,17.0,4.0,13.0,2450000.0,1.0, Одоевского,22.0,Речной вокзал,2012
real_estate_agent,Калининский,4.0,5.0,3.0,10.0,2480000.0,1.0, Сухановская,18.0,Заельцовская,1964
real_estate_agent,Октябрьский,15.0,18.0,5.0,11.7,2480000.0,1.0, Плющихинская,24.7,Золотая Нива,2023
real_estate_agent,Кировский,2.0,17.0,2.0,17.4,2500000.0,1.0, Виктора Уса,19.4,Площадь Маркса,2014
real_estate_agent,Кировский,8.0,9.0,4.0,11.0,2530000.0,1.0, Виктора Уса,20.0,Площадь Маркса,2013
real_estate_agent,Первомайский,16.0,17.0,3.0,12.4,2500000.0,1.0, Одоевского,20.4,Речной вокзал,2011
real_estate_agent,Ленинский,10.0,17.0,3.0,9.5,2500000.0,1.0, Забалуева,19.5,Студенческая,2023
real_estate_agent,Кировский,16.0,17.0,5.0,12.2,2530000.0,1.0, Виктора Уса,22.2,Площадь Маркса,2012
real_estate_agent,Кировский,3.0,3.0,7.0,15.0,2520000.0,1.0,Рубежная ,31.0,Студенческая,2013
real_estate_agent,Кировский,13.0,17.0,3.0,14.0,2500000.0,1.0, Виктора Уса,22.0,Площадь Маркса,2013
real_estate_agent,Кировский,13.0,18.0,3.6,14.4,2500000.0,1.0, Виктора Уса,18.0,Площадь Маркса,2013
homeowner,Ленинский,4.0,4.0,3.6,14.4,2500000.0,1.0,Большая ,18.0,Площадь Маркса,2017
realtor,Кировский,13.0,17.0,4.0,16.0,2500000.0,1.0, Виктора Уса,20.0,Площадь Маркса,2017
homeowner,Ленинский,6.0,17.0,9.599999999999998,9.8,2500000.0,1.0, Забалуева,19.4,Студенческая,2023
homeowner,Ленинский,1.0,4.0,5.0,20.0,2500000.0,1.0,переулок 3-й Крашенинникова,25.0,Площадь Маркса,1940
homeowner,Советский,5.0,5.0,0.0,18.9,2500000.0,1.0, Российская,18.9,Студенческая,1994
real_estate_agent,Кировский,3.0,3.0,5.0,24.0,2590000.0,1.0,Рубежная ,34.0,Площадь Маркса,2010
real_estate_agent,Кировский,8.0,17.0,5.0,16.0,2590000.0,1.0, Виктора Уса,21.0,Площадь Маркса,2016
real_estate_agent,Ленинский,5.0,18.0,4.5600000000000005,18.240000000000002,2550000.0,1.0, Забалуева,22.8,Площадь Маркса,2017
real_estate_agent,Кировский,2.0,10.0,6.600000000000001,14.0,2570000.0,1.0, Дмитрия Шмонина,20.6,Студенческая,2015
realtor,Кировский,4.0,18.0,4.5,15.0,2550000.0,1.0, Виктора Уса,19.5,Площадь Маркса,2013
realtor,Первомайский,17.0,18.0,8.399999999999999,15.0,2590000.0,1.0, Твардовского,23.4,Спортивная,2013
homeowner,Кировский,4.0,18.0,4.1000000000000005,16.400000000000002,2580000.0,1.0, Виктора Уса,20.5,Площадь Маркса,2013
real_estate_agent,Ленинский,2.0,17.0,6.0,12.0,2600000.0,1.0, Забалуева,18.0,Площадь Маркса,2017
real_estate_agent,Кировский,2.0,3.0,3.0,28.0,2600000.0,1.0, Николая Грицюка,31.0,Площадь Маркса,2017
real_estate_agent,Первомайский,16.0,17.0,3.0,14.0,2600000.0,1.0, Твардовского,22.5,Речной вокзал,2013
real_estate_agent,Кировский,3.0,4.0,4.0,15.0,2600000.0,1.0,Воскресная ,24.0,Площадь Маркса,2017
real_estate_agent,Кировский,2.0,12.0,4.16,16.64,2600000.0,1.0, Дмитрия Шмонина,20.8,Студенческая,2016
unknown,Кировский,5.0,10.0,4.0,16.0,2600000.0,1.0, Петухова,20.0,Площадь Маркса,2017
real_estate_agent,Кировский,3.0,9.0,10.0,7.800000000000001,2670000.0,1.0, Немировича-Данченко,17.8,Студенческая,1979
real_estate_agent,Калининский,2.0,3.0,10.0,17.0,2650000.0,1.0, Богдана Хмельницкого,27.0,Заельцовская,1968
real_estate_agent,Ленинский,9.0,11.0,3.0,14.0,2680000.0,1.0, Титова,22.0,Площадь Маркса,2018
real_estate_agent,Ленинский,5.0,11.0,3.0,14.0,2650000.0,1.0, Титова,22.0,Площадь Маркса,2018
real_estate_agent,Кировский,7.0,10.0,4.0,11.7,2700000.0,1.0, Петухова,20.7,Студенческая,2015
real_estate_agent,Кировский,14.0,17.0,3.6,12.2,2700000.0,1.0, Виктора Уса,23.8,Площадь Маркса,2013
real_estate_agent,Октябрьский,7.0,10.0,5.0,20.4,2700000.0,1.0, Плющихинская,33.0,Золотая Нива,2024
real_estate_agent,Первомайский,13.0,17.0,5.0,15.4,2700000.0,1.0, Твардовского,26.0,Речной вокзал,2013
real_estate_agent,Кировский,10.0,17.0,3.0,12.0,2745000.0,1.0, Виктора Уса,20.0,Площадь Маркса,2013
real_estate_agent,Ленинский,9.0,18.0,5.0,13.0,2700000.0,1.0, Забалуева,22.3,Площадь Маркса,2015
realtor,Кировский,16.0,18.0,2.0,20.0,2740000.0,1.0, Виктора Уса,25.0,Площадь Маркса,2013
realtor,Кировский,3.0,16.0,4.2,16.8,2700000.0,1.0, Виктора Уса,21.0,Площадь Маркса,2017
real_estate_agent,Ленинский,11.0,18.0,3.6200000000000006,14.480000000000002,2750000.0,1.0,Спортивная ,18.1,Площадь Маркса,2024
real_estate_agent,Железнодорожный,5.0,9.0,3.0,10.0,2750000.0,1.0,Советская ,13.0,Площадь Ленина,1958
real_estate_agent,Советский,5.0,17.0,11.600000000000001,18.0,2750000.0,1.0,Приморская ,29.6,Студенческая,1994
real_estate_agent,Октябрьский,3.0,5.0,5.0,4.9,2750000.0,1.0,Большевистская ,14.9,Спортивная,1944
real_estate_agent,Октябрьский,6.0,10.0,5.0,25.0,2750000.0,1.0, Плющихинская,33.58,Золотая Нива,2025
real_estate_agent,Октябрьский,6.0,10.0,5.0,25.0,2750000.0,1.0, Плющихинская,33.0,Золотая Нива,2020
real_estate_agent,Октябрьский,10.0,10.0,5.0,20.0,2780000.0,1.0,Плющихинский жилмассив,33.5,Золотая Нива,2020
realtor,Первомайский,12.0,17.0,4.0,15.0,2790000.0,1.0, Твардовского,26.0,Речной вокзал,2015
homeowner,Октябрьский,3.0,5.0,2.9800000000000004,11.920000000000002,2750000.0,1.0,Большевистская ,14.9,Спортивная,1944
real_estate_agent,Кировский,3.0,10.0,6.0,15.0,2800000.0,1.0, Дмитрия Шмонина,21.0,Студенческая,2016
real_estate_agent,Ленинский,5.0,5.0,4.6,12.8,2800000.0,1.0, Котовского,22.4,Площадь Маркса,2015
real_estate_agent,Первомайский,10.0,17.0,10.0,12.7,2800000.0,1.0, Твардовского,27.7,Речной вокзал,2014
realtor,Кировский,5.0,10.0,4.0,15.1,2800000.0,1.0, Петухова,20.8,Студенческая,2015
real_estate_agent,Ленинский,2.0,18.0,3.6,8.6,2800000.0,1.0, Забалуева,18.2,Площадь Маркса,2017
homeowner,Кировский,2.0,3.0,7.0,20.0,2800000.0,1.0,Воскресная ,27.0,Студенческая,2017
real_estate_agent,Октябрьский,3.0,10.0,3.0,25.4,2850000.0,1.0, Плющихинская,33.58,Золотая Нива,2026
real_estate_agent,Кировский,3.0,3.0,5.6,20.0,2850000.0,1.0,Воскресная ,35.3,Студенческая,2012
real_estate_agent,Октябрьский,4.0,10.0,5.0,20.4,2850000.0,1.0, В. Высоцкого,32.47,Золотая Нива,2025
real_estate_agent,Центральный,9.0,9.0,3.0,8.5,2890000.0,1.0, Ломоносова,16.5,Маршала Покрышкина,1981
real_estate_agent,Октябрьский,8.0,10.0,5.0,28.6,2880000.0,1.0, Плющихинская,39.02,Золотая Нива,2024
real_estate_agent,Калининский,2.0,3.0,3.0,17.0,2855000.0,1.0, Богдана Хмельницкого,24.2,Заельцовская,1970
homeowner,Октябрьский,4.0,10.0,5.0,20.4,2850000.0,1.0, В. Высоцкого,33.0,Золотая Нива,2020
real_estate_agent,Ленинский,6.0,6.0,5.0,19.0,2900000.0,1.0, Надежды,24.0,Площадь Маркса,2015
real_estate_agent,Ленинский,4.0,17.0,6.0,10.0,2900000.0,1.0, Забалуева,21.0,Студенческая,2024
real_estate_agent,Ленинский,14.0,18.0,3.3,13.6,2945000.0,1.0, Забалуева,22.7,Площадь Маркса,2018
real_estate_agent,Октябрьский,5.0,10.0,5.0,25.4,2900000.0,1.0, Плющихинская,39.02,Золотая Нива,2024
real_estate_agent,Кировский,9.0,10.0,5.0,10.6,2900000.0,1.0, Петухова,20.6,Студенческая,2015
real_estate_agent,Ленинский,7.0,17.0,3.5,12.0,2900000.0,1.0, Забалуева,22.4,Студенческая,2025
real_estate_agent,Кировский,3.0,9.0,4.0,7.2,2900000.0,1.0, Зорге,16.2,Площадь Маркса,1987
real_estate_agent,Октябрьский,7.0,10.0,5.0,20.0,2900000.0,1.0, Плющихинская,33.0,Золотая Нива,2024
real_estate_agent,Октябрьский,1.0,2.0,5.0,20.1,2750000.0,1.0, Добролюбова,31.7,Золотая Нива,1959
real_estate_agent,Заельцовский,1.0,2.0,5.0,21.6,2350000.0,1.0, Стасова,31.6,Гагаринская,2022
real_estate_agent,Кировский,4.0,17.0,3.0,22.0,2940000.0,1.0, Виктора Уса,25.0,Площадь Маркса,2013
unknown,Ленинский,7.0,17.0,3.5,12.0,2900000.0,1.0, Забалуева,22.5,Площадь Маркса,2025
real_estate_agent,Калининский,2.0,3.0,4.0,19.0,2935000.0,1.0, Богдана Хмельницкого,25.4,Заельцовская,1968
homeowner,Ленинский,1.0,4.0,5.0,18.0,2900000.0,1.0,Большая ,24.9,Площадь Маркса,2015
homeowner,Октябрьский,9.0,10.0,10.0,25.0,2900000.0,1.0,Плющихинский жилмассив,39.0,Золотая Нива,2024
real_estate_agent,Ленинский,14.0,17.0,3.0,19.7,2950000.0,1.0, Забалуева,22.7,Площадь Маркса,2017
real_estate_agent,Ленинский,4.0,17.0,5.0,11.0,2950000.0,1.0, Забалуева,21.0,Студенческая,2023
real_estate_agent,Ленинский,4.0,6.0,6.8,12.3,2950000.0,1.0,Дивногорская ,24.1,Площадь Маркса,2014
real_estate_agent,Ленинский,16.0,17.0,5.0,13.0,2950000.0,1.0,Междуреченская ,21.0,Площадь Маркса,2018
real_estate_agent,Советский,2.0,25.0,3.0,23.0,2950000.0,1.0, Молодости,31.0,Студенческая,2013
real_estate_agent,Первомайский,10.0,19.0,4.800000000000001,19.200000000000003,2950000.0,1.0, Одоевского,24.0,Спортивная,2011
homeowner,Советский,15.0,25.0,1.0,27.0,2950000.0,1.0, Молодости,31.0,Студенческая,1994
homeowner,Октябрьский,17.0,18.0,5.0,17.0,2950000.0,1.0, Плющихинская,32.0,Золотая Нива,2025
real_estate_agent,Кировский,10.0,17.0,3.0,12.0,3000000.0,1.0, Виктора Уса,20.0,Площадь Маркса,2013
real_estate_agent,Ленинский,16.0,17.0,4.0,10.2,3000000.0,1.0, Забалуева,20.9,Студенческая,2023
real_estate_agent,Ленинский,6.0,7.0,5.0,14.2,3000000.0,1.0,Дивногорская ,24.2,Площадь Маркса,2014
real_estate_agent,Октябрьский,6.0,10.0,4.4,25.4,3000000.0,1.0, Плющихинская,39.02,Золотая Нива,2023
real_estate_agent,Ленинский,3.0,17.0,5.0,15.0,3000000.0,1.0, Забалуева,26.5,Площадь Маркса,2020
developer,Ленинский,17.0,17.0,11.529999999999998,12.3,3020574.0,1.0, Забалуева,23.83,Студенческая,2024
realtor,Ленинский,2.0,17.0,4.28,17.12,3000000.0,1.0, Ивана Севастьянова,21.4,Площадь Маркса,2020
homeowner,Советский,6.0,17.0,5.24,20.96,3036903.0,1.0,Приморская ,26.2,Студенческая,2018
real_estate_agent,Октябрьский,2.0,10.0,4.4,25.4,3070000.0,1.0, Плющихинская,39.02,Золотая Нива,2025
real_estate_agent,Заельцовский,4.0,5.0,4.68,18.72,3090000.0,1.0,Дачная ,23.4,Заельцовская,1969
real_estate_agent,Кировский,5.0,17.0,4.4799999999999995,17.919999999999998,3090000.0,1.0, Виктора Уса,22.4,Площадь Маркса,2014
real_estate_agent,Заельцовский,8.0,19.0,4.512,18.048,3060000.0,1.0, Дуси Ковальчук,22.56,Заельцовская,2026
unknown,Первомайский,16.0,17.0,5.28,21.12,3075000.0,1.0, Заречная,26.4,Спортивная,2013
real_estate_agent,Октябрьский,10.0,10.0,8.0,26.3,3100000.0,1.0, Плющихинская,39.3,Золотая Нива,2024
real_estate_agent,Кировский,7.0,17.0,11.0,10.899999999999999,3100000.0,1.0, Виктора Уса,21.9,Площадь Маркса,2016
real_estate_agent,Кировский,8.0,17.0,5.0,18.9,3100000.0,1.0, Виктора Уса,23.9,Площадь Маркса,2013
real_estate_agent,Кировский,17.0,17.0,6.0,11.1,3100000.0,1.0,Бронная ,27.9,Площадь Маркса,2024
real_estate_agent,Кировский,6.0,10.0,3.0,24.6,3100000.0,1.0, Виктора Шевелева,37.8,Студенческая,2020
real_estate_agent,Заельцовский,7.0,9.0,3.0,9.0,3100000.0,1.0, Территория Горбольницы,17.0,Заельцовская,1970
real_estate_agent,Кировский,10.0,17.0,6.0,18.7,3100000.0,1.0, Петухова,24.7,Площадь Маркса,2019
real_estate_agent,Октябрьский,5.0,10.0,5.0,25.0,3100000.0,1.0, Плющихинская,38.7,Золотая Нива,2024
real_estate_agent,Калининский,3.0,3.0,5.0,25.0,3136000.0,1.0, Богдана Хмельницкого,39.2,Заельцовская,1968
homeowner,Ленинский,15.0,18.0,3.1,17.4,3100000.0,1.0, Забалуева,28.3,Площадь Маркса,2021
homeowner,Октябрьский,6.0,10.0,4.4,25.4,3100000.0,1.0, Плющихинская,39.02,Золотая Нива,2024
real_estate_agent,Октябрьский,6.0,10.0,4.0,20.0,3190000.0,1.0, Плющихинская,37.7,Золотая Нива,2024
real_estate_agent,Кировский,1.0,5.0,10.0,17.0,3150000.0,1.0, Сибиряков-Гвардейцев,27.0,Площадь Маркса,1968
real_estate_agent,Ленинский,10.0,17.0,7.0,12.0,3190000.0,1.0, Забалуева,24.0,Площадь Маркса,2020
real_estate_agent,Кировский,1.0,10.0,5.0,16.7,3180000.0,1.0, Громова,26.7,Площадь Маркса,2005
real_estate_agent,Советский,1.0,9.0,5.0,10.0,3150000.0,1.0, Иванова,15.0,Студенческая,1980
developer,Ленинский,1.0,17.0,10.75,14.8,3177473.0,1.0, Забалуева,25.55,Площадь Маркса,2025
real_estate_agent,Кировский,5.0,10.0,10.0,18.6,3200000.0,1.0, Сибиряков-Гвардейцев,28.6,Площадь Маркса,2011
real_estate_agent,Железнодорожный,1.0,12.0,9.0,14.3,3200000.0,1.0,Железнодорожная ,23.3,Гагаринская,1986
real_estate_agent,Кировский,10.0,10.0,12.600000000000001,20.4,3230000.0,1.0, Виктора Шевелева,33.0,Студенческая,2017
real_estate_agent,Кировский,9.0,10.0,5.0,18.0,3200000.0,1.0, Александра Чистякова,32.4,Студенческая,2023
real_estate_agent,Кировский,17.0,17.0,4.0,15.0,3200000.0,1.0, Виктора Уса,24.0,Площадь Маркса,2016
real_estate_agent,Кировский,2.0,4.0,6.0,26.0,3200000.0,1.0,2-я Прокопьевская ,39.0,Студенческая,2014
real_estate_agent,Ленинский,4.0,6.0,5.0,15.0,3200000.0,1.0, Надежды,25.0,Площадь Маркса,2015
real_estate_agent,Кировский,3.0,9.0,3.0,24.5,3200000.0,1.0, Николая Сотникова,32.5,Студенческая,2023
realtor,Заельцовский,12.0,23.0,11.0,15.0,3210000.0,1.0,Светлановская ,26.0,Заельцовская,2026
real_estate_agent,Кировский,5.0,10.0,5.0,20.4,3290000.0,1.0,Бронная ,32.0,Студенческая,2023
real_estate_agent,Кировский,9.0,10.0,5.0,27.0,3290000.0,1.0, Виктора Шевелева,32.0,Студенческая,2020
real_estate_agent,Кировский,10.0,12.0,4.0,20.0,3250000.0,1.0, Петухова,30.0,Площадь Маркса,2017
real_estate_agent,Кировский,3.0,17.0,3.0,12.4,3250000.0,1.0, Петухова,20.4,Площадь Маркса,2024
real_estate_agent,Ленинский,9.0,18.0,5.0,14.0,3290000.0,1.0,Спортивная ,26.4,Площадь Маркса,2024
real_estate_agent,Ленинский,7.0,12.0,4.0,17.0,3270000.0,1.0, Юности,27.0,Площадь Маркса,2019
homeowner,Кировский,3.0,10.0,5.0,34.0,3250000.0,1.0, Николая Сотникова,39.0,Студенческая,2018
real_estate_agent,Кировский,4.0,10.0,10.0,22.4,3300000.0,1.0, Николая Сотникова,32.4,Студенческая,2024
real_estate_agent,Кировский,10.0,10.0,5.0,27.0,3300000.0,1.0, Дмитрия Шмонина,32.0,Студенческая,2024
real_estate_agent,Ленинский,4.0,10.0,3.0,25.0,3300000.0,1.0,Хилокская ,28.0,Площадь Маркса,2013
real_estate_agent,Кировский,9.0,10.0,5.0,26.1,3300000.0,1.0, Петухова,31.1,Студенческая,2016
real_estate_agent,Октябрьский,8.0,10.0,5.0,27.700000000000003,3300000.0,1.0, В. Высоцкого,32.7,Золотая Нива,2012
real_estate_agent,Ленинский,8.0,17.0,3.5,16.8,3300000.0,1.0, Забалуева,25.3,Площадь Маркса,2025
real_estate_agent,Ленинский,10.0,18.0,3.6,14.0,3300000.0,1.0, Забалуева,22.8,Площадь Маркса,2017
real_estate_agent,Калининский,13.0,17.0,3.0,12.9,3300000.0,1.0, Краузе,20.9,Заельцовская,2010
real_estate_agent,Кировский,2.0,3.0,6.0,23.0,3300000.0,1.0,Рубежная ,36.5,Студенческая,2018
real_estate_agent,Кировский,15.0,24.0,5.0,17.2,3300000.0,1.0, Бородина,32.0,Площадь Маркса,2024
real_estate_agent,Ленинский,2.0,17.0,4.0,12.3,3300000.0,1.0, Забалуева,23.0,Студенческая,2023
realtor,Октябрьский,8.0,10.0,10.399999999999999,22.0,3300000.0,1.0, В. Высоцкого,32.4,Золотая Нива,2010
real_estate_agent,Кировский,8.0,24.0,7.0,18.0,3380000.0,1.0, Петухова,25.0,Спортивная,2024
real_estate_agent,Октябрьский,5.0,10.0,7.0,15.0,3350000.0,1.0, Татьяны Снежиной,32.5,Золотая Нива,2012
real_estate_agent,Октябрьский,8.0,10.0,5.0,20.0,3350000.0,1.0, В. Высоцкого,33.0,Золотая Нива,2011
real_estate_agent,Ленинский,7.0,18.0,3.0,18.0,3399000.0,1.0, Забалуева,26.0,Площадь Маркса,2017
real_estate_agent,Октябрьский,2.0,10.0,5.0,19.8,3350000.0,1.0, В. Высоцкого,32.5,Золотая Нива,2020
real_estate_agent,Калининский,1.0,5.0,3.0,9.2,3350000.0,1.0, Сухановская,17.2,Заельцовская,1989
real_estate_agent,Ленинский,8.0,9.0,5.0,16.0,3350000.0,1.0,Спортивная ,21.0,Студенческая,2015
real_estate_agent,Заельцовский,6.0,19.0,5.44,21.76,3360000.0,1.0, Дуси Ковальчук,27.2,Заельцовская,2027
homeowner,Ленинский,17.0,18.0,5.3,12.6,3350000.0,1.0, Связистов,25.7,Площадь Маркса,2024
real_estate_agent,Первомайский,25.0,25.0,5.0,20.0,3400000.0,1.0, Ошанина,25.0,Речной вокзал,2020
real_estate_agent,Октябрьский,5.0,10.0,5.0,19.8,3400000.0,1.0, Татьяны Снежиной,32.5,Золотая Нива,2013
real_estate_agent,Калининский,4.0,17.0,6.0,11.9,3420000.0,1.0, Фадеева,23.8,Заельцовская,2016
real_estate_agent,Ленинский,10.0,12.0,4.0,16.0,3400000.0,1.0, Романтиков,25.7,Площадь Маркса,2017
real_estate_agent,Калининский,12.0,17.0,4.0,12.1,3400000.0,1.0, Фадеева,21.1,Заельцовская,2015
real_estate_agent,Затулинский жилмассив,18.0,27.0,6.800000000000001,27.200000000000003,3400000.0,1.0, Зорге,34.0,Площадь Маркса,2023
realtor,Ленинский,2.0,6.0,5.0,14.0,3400000.0,1.0, Связистов,24.0,Площадь Маркса,2014
homeowner,Ленинский,11.0,13.0,2.0,18.0,3400000.0,1.0, Юности,25.7,Площадь Маркса,2020
real_estate_agent,Октябрьский,5.0,10.0,10.0,23.6,3480000.0,1.0, Виталия Потылицына,33.6,Золотая Нива,2014
real_estate_agent,Калининский,17.0,17.0,5.0200000000000005,20.080000000000002,3499000.0,1.0,Игарская ,25.1,Заельцовская,2023
realtor,Заельцовский,15.0,19.0,4.908,19.632,3450000.0,1.0, Дуси Ковальчук,24.54,Заельцовская,2026
real_estate_agent,Кировский,10.0,10.0,3.0,25.0,3450000.0,1.0, Виктора Шевелева,39.0,Студенческая,2020
developer,Ленинский,1.0,20.0,1.8,10.4,3490000.0,1.0,Спортивная ,22.0,Речной вокзал,2027
real_estate_agent,Советский,5.0,17.0,10.0,20.0,3500000.0,1.0,Приморская ,30.0,Студенческая,2022
real_estate_agent,Кировский,15.0,17.0,3.0,24.0,3500000.0,1.0, Зорге,27.0,Площадь Маркса,2016
real_estate_agent,Калининский,2.0,9.0,5.0,24.4,3500000.0,1.0, Мясниковой,29.4,Заельцовская,2015
real_estate_agent,Кировский,4.0,24.0,6.3,15.8,3500000.0,1.0, Бородина,29.8,Площадь Маркса,2022
real_estate_agent,Ленинский,15.0,17.0,4.0,16.0,3500000.0,1.0, Забалуева,20.0,Студенческая,2023
real_estate_agent,Октябрьский,5.0,10.0,10.0,22.0,3500000.0,1.0, Татьяны Снежиной,32.0,Золотая Нива,2020
real_estate_agent,Октябрьский,7.0,10.0,6.0,26.6,3500000.0,1.0, Плющихинская,32.6,Золотая Нива,2025
real_estate_agent,Кировский,3.0,17.0,4.0,13.8,3540000.0,1.0, Сибиряков-Гвардейцев,28.6,Площадь Маркса,2023
real_estate_agent,Центральный,1.0,4.0,15.9,70.1,3500000.0,1.0,Трудовая ,86.0,Площадь Ленина,2007
real_estate_agent,Кировский,7.0,24.0,4.0,21.7,3500000.0,1.0, Петухова,30.7,Спортивная,2024
real_estate_agent,Советский,4.0,17.0,4.0,21.0,3500000.0,1.0,Приморская ,30.0,Студенческая,2017
real_estate_agent,Ленинский,14.0,17.0,5.0,15.7,3500000.0,1.0, Связистов,25.7,Площадь Маркса,2021
real_estate_agent,Кировский,8.0,24.0,5.0,14.0,3500000.0,1.0, Петухова,25.0,Площадь Маркса,2023
real_estate_agent,Калининский,1.0,16.0,5.0,12.0,3500000.0,1.0, Фадеева,23.0,Заельцовская,2016
realtor,Октябрьский,5.0,10.0,5.0,25.0,3500000.0,1.0, Плющихинская,39.0,Золотая Нива,2024
real_estate_agent,Ленинский,17.0,18.0,6.0,16.0,3500000.0,1.0,Ударная ,27.0,Площадь Маркса,2015
real_estate_agent,Калининский,3.0,3.0,4.0,15.7,3500000.0,1.0, Богдана Хмельницкого,24.7,Заельцовская,1988
real_estate_agent,Октябрьский,3.0,5.0,3.0,10.6,3500000.0,1.0,Ленинградская ,18.6,Речной вокзал,2021
real_estate_agent,Калининский,8.0,17.0,3.6,13.1,3500000.0,1.0, Фадеева,23.5,Заельцовская,2014
real_estate_agent,Октябрьский,16.0,17.0,3.0,21.0,3500000.0,1.0,Выборная ,25.0,Речной вокзал,2009
unknown,Октябрьский,6.0,10.0,6.800000000000001,27.200000000000003,3520000.0,1.0, Виталия Потылицына,34.0,Золотая Нива,2020
realtor,Советский,15.0,25.0,5.1,18.0,3500000.0,1.0,Приморская ,30.0,Студенческая,2015
homeowner,Октябрьский,10.0,10.0,5.0,18.0,3500000.0,1.0, Плющихинская,33.0,Золотая Нива,2024
homeowner,Кировский,3.0,3.0,8.0,30.0,3500000.0,1.0,Вознесенская ,38.0,Площадь Маркса,2017
homeowner,Октябрьский,3.0,10.0,7.804000000000001,31.216000000000005,3500000.0,1.0, В. Высоцкого,39.02,Золотая Нива,2024
homeowner,Ленинский,6.0,7.0,4.84,19.36,3500000.0,1.0,Дивногорская ,24.2,Площадь Маркса,2014
homeowner,Кировский,10.0,23.0,5.1,15.3,3500000.0,1.0, Петухова,30.6,Площадь Маркса,2020
real_estate_agent,Калининский,8.0,16.0,4.0,12.0,3590000.0,1.0,Тайгинская ,26.6,Заельцовская,2023
real_estate_agent,Ленинский,9.0,20.0,4.7,16.5,3550000.0,1.0,Ударная ,21.2,Площадь Маркса,2015
real_estate_agent,Кировский,9.0,17.0,4.0,13.0,3580000.0,1.0, Сибиряков-Гвардейцев,29.2,Площадь Маркса,2024
real_estate_agent,Кировский,11.0,17.0,5.1,16.1,3599000.0,1.0,Бронная ,30.0,Площадь Маркса,2023
real_estate_agent,Октябрьский,17.0,17.0,16.0,12.0,3550000.0,1.0,Выборная ,28.0,Речной вокзал,2009
real_estate_agent,Октябрьский,6.0,10.0,9.0,19.0,3550000.0,1.0, В. Высоцкого,33.0,Золотая Нива,2012
real_estate_agent,Ленинский,2.0,12.0,5.34,21.36,3577800.0,1.0, Юности,26.7,Площадь Маркса,2024
developer,Ленинский,11.0,17.0,5.348,21.392,3579680.0,1.0, Забалуева,26.74,Площадь Маркса,2025
homeowner,Октябрьский,10.0,10.0,4.0,28.0,3590000.0,1.0, В. Высоцкого,32.4,Золотая Нива,2009
real_estate_agent,Ленинский,5.0,6.0,3.0,16.2,3600000.0,1.0, Романтиков,24.2,Площадь Гарина-Михайловского,2016
real_estate_agent,Калининский,4.0,10.0,3.0,12.0,3600000.0,1.0, Фадеева,21.2,Заельцовская,2015
real_estate_agent,Калининский,8.0,19.0,10.5,7.6,3600000.0,1.0, Фадеева,23.1,Заельцовская,2015
real_estate_agent,Кировский,5.0,17.0,3.0,15.8,3600000.0,1.0, Виктора Уса,23.8,Площадь Маркса,2016
real_estate_agent,Октябрьский,7.0,10.0,3.0,20.4,3600000.0,1.0, Плющихинская,33.6,Золотая Нива,2024
real_estate_agent,Калининский,7.0,17.0,4.0,17.6,3600000.0,1.0,Тайгинская ,26.6,Заельцовская,2023
developer,Заельцовский,5.0,23.0,5.074000000000001,20.296000000000003,3627910.0,1.0,Светлановская ,25.37,Заельцовская,2026
homeowner,Кировский,16.0,24.0,2.1000000000000014,24.5,3600000.0,1.0, Петухова,26.6,Площадь Маркса,2022
realtor,Ленинский,4.0,17.0,5.0,20.0,3620000.0,1.0,Рельефная ,25.0,Площадь Маркса,2015
homeowner,Ленинский,9.0,18.0,3.0,17.0,3600000.0,1.0,Ударная ,25.0,Площадь Маркса,2015
homeowner,Ленинский,12.0,12.0,10.0,17.0,3600000.0,1.0, Юности,27.0,Площадь Гарина-Михайловского,2019
real_estate_agent,Ленинский,16.0,17.0,6.0,21.1,3650000.0,1.0, Связистов,27.1,Площадь Маркса,2025
real_estate_agent,Кировский,4.0,17.0,12.0,8.0,3650000.0,1.0,Бронная ,25.0,Площадь Маркса,2024
real_estate_agent,Калининский,8.0,19.0,5.0,13.1,3650000.0,1.0, Фадеева,23.1,Заельцовская,2015
real_estate_agent,Кировский,8.0,25.0,6.0,24.7,3690000.0,1.0, Петухова,30.7,Площадь Маркса,2023
real_estate_agent,Октябрьский,10.0,10.0,5.0,20.0,3699999.0,1.0, Плющихинская,39.0,Золотая Нива,2024
real_estate_agent,Кировский,21.0,25.0,5.0,17.0,3650000.0,1.0, Петухова,30.4,Площадь Маркса,2023
developer,Заельцовский,6.0,23.0,5.16,20.64,3689400.0,1.0,Светлановская ,25.8,Заельцовская,2026
real_estate_agent,Ленинский,3.0,25.0,5.508,22.032,3650000.0,1.0, Зорге,27.54,Площадь Маркса,2025
developer,Ленинский,4.0,26.0,5.508,22.032,3650000.0,1.0, Зорге,27.54,Площадь Маркса,2025
real_estate_agent,Ленинский,1.0,25.0,5.6000000000000005,22.400000000000002,3650000.0,1.0, Зорге,28.0,Площадь Маркса,2025
real_estate_agent,Октябрьский,2.0,17.0,4.0,21.4,3700000.0,1.0,Рябиновая ,25.4,Речной вокзал,2009
real_estate_agent,Первомайский,13.0,17.0,5.0,15.7,3700000.0,1.0,Первомайская ,20.7,Речной вокзал,2014
real_estate_agent,Ленинский,1.0,12.0,8.8,15.0,3700000.0,1.0, Юности,23.8,Площадь Маркса,2015
real_estate_agent,Калининский,4.0,7.0,4.7,11.8,3700000.0,1.0,Тайгинская ,26.3,Заельцовская,2023
real_estate_agent,Калининский,6.0,19.0,5.0,11.3,3700000.0,1.0, Фадеева,21.3,Заельцовская,2015
real_estate_agent,Кировский,2.0,3.0,6.0,18.0,3700000.0,1.0, Николая Грицюка,31.0,Площадь Маркса,2014
real_estate_agent,Заельцовский,8.0,13.0,5.0,20.4,3700000.0,1.0,Кубовая ,30.4,Заельцовская,2021
real_estate_agent,Кировский,8.0,10.0,3.0,21.0,3740000.0,1.0, Николая Сотникова,38.4,Студенческая,2019
real_estate_agent,Центральный,1.0,2.0,4.0,20.0,3700000.0,1.0,Трудовая ,58.0,Площадь Ленина,2007
real_estate_agent,Калининский,13.0,17.0,4.3,14.2,3700000.0,1.0,Тайгинская ,23.5,Заельцовская,2023
real_estate_agent,Ленинский,12.0,12.0,5.7540000000000004,23.016000000000002,3740100.0,1.0, Юности,28.77,Площадь Маркса,2024
realtor,Заельцовский,1.0,14.0,3.0,14.0,3700000.0,1.0,Кубовая ,25.0,Заельцовская,2021
homeowner,Заельцовский,9.0,14.0,0.0,26.6,3700000.0,1.0,Кубовая ,26.6,Заельцовская,2021
homeowner,Калининский,6.0,17.0,4.0,17.3,3700000.0,1.0, Фадеева,21.3,Заельцовская,2015
real_estate_agent,Дзержинский,8.0,15.0,3.0,20.9,3750000.0,1.0, Коминтерна,23.9,Золотая Нива,2025
real_estate_agent,Октябрьский,5.0,7.0,5.0,21.0,3750000.0,1.0, Ключ-Камышенское плато,26.0,Спортивная,2013
real_estate_agent,Заельцовский,10.0,10.0,3.0,18.1,3750000.0,1.0,Кубовая ,29.6,Заельцовская,2014
real_estate_agent,Октябрьский,7.0,10.0,5.0,20.4,3750000.0,1.0, Плющихинская,33.6,Золотая Нива,2023
real_estate_agent,Центральный,5.0,5.0,3.0,17.0,3750000.0,1.0,Красный проспект,25.0,Красный Проспект,1932
homeowner,Ленинский,6.0,12.0,3.3000000000000007,25.7,3750000.0,1.0, Романтиков,29.0,Площадь Маркса,2017
realtor,Ленинский,8.0,18.0,3.6,14.4,3770000.0,1.0,Спортивная ,18.0,Площадь Маркса,2015
real_estate_agent,Заельцовский,5.0,17.0,6.0,18.3,3800000.0,1.0, Лобачевского,24.3,Заельцовская,2024
real_estate_agent,Кировский,13.0,17.0,2.9,26.3,3800000.0,1.0, Сибиряков-Гвардейцев,29.2,Площадь Маркса,2024
real_estate_agent,Затулинский жилмассив,21.0,27.0,5.0,20.0,3800000.0,1.0, Зорге,33.0,Площадь Маркса,2023
real_estate_agent,Кировский,7.0,25.0,3.4,16.5,3800000.0,1.0,Беловежская ,27.0,Площадь Маркса,2021
real_estate_agent,Первомайский,13.0,18.0,4.0,14.8,3800000.0,1.0, Героев Революции,24.0,Речной вокзал,2016
real_estate_agent,Калининский,5.0,10.0,4.0,18.5,3800000.0,1.0, Мясниковой,27.5,Заельцовская,2015
real_estate_agent,Первомайский,13.0,16.0,4.2,8.2,3800000.0,1.0, Заречная,19.3,Речной вокзал,2018
real_estate_agent,Калининский,5.0,10.0,3.0,15.0,3800000.0,1.0, Тюленина,23.0,Заельцовская,2013
real_estate_agent,Октябрьский,5.0,11.0,5.1,13.2,3800000.0,1.0,Автогенная ,26.1,Речной вокзал,2020
real_estate_agent,Советский,12.0,29.0,5.0,17.8,3800000.0,1.0,Приморская ,28.5,Студенческая,2020
real_estate_agent,Кировский,8.0,10.0,7.0,32.0,3800000.0,1.0, Виктора Шевелева,50.0,Студенческая,2017
real_estate_agent,Ленинский,12.0,12.0,5.916,23.664,3845400.0,1.0, Юности,29.58,Площадь Маркса,2024
realtor,Калининский,4.0,18.0,5.960000000000001,23.840000000000003,3800000.0,1.0, Фадеева,29.8,Заельцовская,2017
homeowner,Первомайский,2.0,16.0,4.4,17.6,3800000.0,1.0, Заречная,22.0,Спортивная,2013
real_estate_agent,Калининский,5.0,10.0,6.0,20.6,3850000.0,1.0, Тюленина,35.0,Заельцовская,2010
real_estate_agent,Первомайский,16.0,16.0,4.2,14.7,3850000.0,1.0, Заречная,18.9,Спортивная,2018
real_estate_agent,Первомайский,1.0,17.0,6.0,13.7,3890000.0,1.0, Заречная,24.7,Спортивная,2021
real_estate_agent,Дзержинский,3.0,4.0,6.0,6.0,3890000.0,1.0, Заслонова,28.0,Золотая Нива,2017
real_estate_agent,Калининский,5.0,10.0,6.000000000000002,15.1,3850000.0,1.0, Тюленина,21.1,Заельцовская,2009
real_estate_agent,Заельцовский,10.0,10.0,6.0,18.1,3850000.0,1.0,Кубовая ,29.6,Заельцовская,2014
homeowner,Первомайский,16.0,16.0,4.2,8.3,3850000.0,1.0, Заречная,18.9,Спортивная,2018
homeowner,Калининский,17.0,17.0,6.799999999999997,20.6,3890000.0,1.0, Фадеева,27.4,Заельцовская,2015
real_estate_agent,Октябрьский,10.0,10.0,10.0,23.0,3900000.0,1.0, Плющихинская,33.0,Золотая Нива,2019
real_estate_agent,Калининский,4.0,17.0,10.0,21.0,3900000.0,1.0, Фадеева,31.0,Заельцовская,2015
real_estate_agent,Первомайский,14.0,17.0,7.0,17.2,3900000.0,1.0,Первомайская ,24.2,Речной вокзал,2012
real_estate_agent,Заельцовский,9.0,10.0,4.800000000000001,19.200000000000003,3900000.0,1.0,Кубовая ,24.0,Заельцовская,2022
real_estate_agent,Калининский,9.0,17.0,5.0,12.1,3900000.0,1.0, Фадеева,22.1,Заельцовская,2017
real_estate_agent,Калининский,1.0,17.0,4.7,14.8,3900000.0,1.0,Тайгинская ,24.5,Заельцовская,2023
real_estate_agent,Кировский,5.0,19.0,5.0,17.5,3900000.0,1.0, Герцена,27.5,Студенческая,2019
real_estate_agent,Калининский,15.0,17.0,5.0,18.1,3900000.0,1.0, Фадеева,28.1,Заельцовская,2014
homeowner,Ленинский,9.0,18.0,5.0,20.0,3900000.0,1.0,Ударная ,25.0,Площадь Маркса,2015
unknown,Калининский,13.0,18.0,6.0,15.0,3900000.0,1.0, Фадеева,30.4,Заельцовская,2016
homeowner,Заельцовский,8.0,10.0,7.0,17.0,3900000.0,1.0,Кубовая ,24.0,Заельцовская,2015
homeowner,Первомайский,15.0,16.0,4.0,18.0,3900000.0,1.0,Первомайская ,28.0,Речной вокзал,2013
developer,Калининский,18.0,21.0,5.1,8.7,3932080.0,1.0, Богдана Хмельницкого,24.8,Заельцовская,2027
homeowner,Калининский,7.0,17.0,2.5,26.6,3900000.0,1.0,Тайгинская ,29.1,Заельцовская,2023
real_estate_agent,Дзержинский,4.0,4.0,6.0,24.0,3990000.0,1.0, Заслонова,30.0,Золотая Нива,2019
real_estate_agent,Октябрьский,4.0,11.0,3.1,12.3,3950000.0,1.0,Автогенная ,26.32,Речной вокзал,2024
real_estate_agent,Кировский,6.0,10.0,5.0,25.0,3999000.0,1.0, Александра Чистякова,38.0,Студенческая,2023
real_estate_agent,Ленинский,1.0,15.0,4.0,16.0,3950000.0,1.0,1-я Шоссейная ,25.0,Площадь Гарина-Михайловского,2022
real_estate_agent,Калининский,1.0,20.0,6.0,18.2,3950000.0,1.0, Олеко Дундича,29.2,Березовая Роща,2017
real_estate_agent,Кировский,8.0,24.0,4.5,18.0,3950000.0,1.0, Бородина,28.8,Площадь Маркса,2024
real_estate_agent,Дзержинский,5.0,16.0,6.0,10.0,3990000.0,1.0, Авиастроителей,23.0,Березовая Роща,2012
real_estate_agent,Калининский,6.0,15.0,4.8,15.9,3950000.0,1.0, Объединения,27.6,Заельцовская,2025
real_estate_agent,Заельцовский,1.0,15.0,10.0,20.0,3990000.0,1.0, Лобачевского,30.0,Заельцовская,2018
real_estate_agent,Кировский,5.0,10.0,10.0,23.2,3990000.0,1.0, Александра Чистякова,38.2,Студенческая,2015
real_estate_agent,Заельцовский,5.0,12.0,4.14,16.56,3960000.0,1.0,Лебедевский кв-л,20.7,Заельцовская,2028
developer,Октябрьский,1.0,7.0,4.74,18.96,3986700.0,1.0,Выборная ,23.7,Речной вокзал,2026
real_estate_agent,Дзержинский,2.0,14.0,3.9200000000000004,15.680000000000001,3990000.0,1.0, Есенина,19.6,Золотая Нива,2027
developer,Дзержинский,2.0,14.0,2.8,8.2,3990000.0,1.0, Есенина,20.4,Золотая Нива,2027
real_estate_agent,Ленинский,9.0,18.0,3.0,17.0,4000000.0,1.0,Ударная ,25.0,Площадь Маркса,2014
real_estate_agent,Ленинский,16.0,18.0,10.9,16.4,4000000.0,1.0,Спортивная ,32.4,Площадь Маркса,2015
real_estate_agent,Кировский,19.0,25.0,3.0,27.0,4000000.0,1.0, Сержанта Коротаева,30.0,Площадь Маркса,2018
real_estate_agent,Центральный,1.0,4.0,3.0,17.0,4000000.0,1.0,Трудовая ,20.0,Площадь Ленина,1932
real_estate_agent,Советский,1.0,3.0,10.0,20.0,4000000.0,1.0,Благовещенская ,30.0,Студенческая,2014
real_estate_agent,Кировский,7.0,17.0,5.0,15.0,4000000.0,1.0, Герцена,25.0,Площадь Маркса,2018
real_estate_agent,Октябрьский,7.0,10.0,14.0,13.0,4000000.0,1.0, Татьяны Снежиной,32.0,Золотая Нива,2010
real_estate_agent,Калининский,7.0,15.0,14.8,7.8,4000000.0,1.0, Объединения,27.6,Заельцовская,2025
real_estate_agent,Калининский,17.0,17.0,4.0,15.0,4000000.0,1.0, Фадеева,31.0,Заельцовская,2014
real_estate_agent,Кировский,13.0,17.0,3.0,14.2,4000000.0,1.0, Сибиряков-Гвардейцев,29.2,Площадь Маркса,2025
real_estate_agent,Калининский,3.0,19.0,5.0,13.0,4000000.0,1.0,Красный проспект,27.0,Заельцовская,2019
realtor,Калининский,4.0,5.0,6.0,20.0,4000000.0,1.0, Олеко Дундича,29.0,Березовая Роща,1971
realtor,Ленинский,7.0,16.0,5.0,14.0,4000000.0,1.0,Волховская ,22.9,Площадь Маркса,2023
real_estate_agent,Ленинский,5.0,21.0,5.0,22.9,4050000.0,1.0,Междуреченская ,33.0,Площадь Маркса,2016
real_estate_agent,Ленинский,15.0,17.0,6.0,13.2,4070000.0,1.0, Забалуева,24.2,Площадь Маркса,2022
real_estate_agent,Кировский,23.0,24.0,10.0,16.0,4090000.0,1.0, Петухова,31.0,Спортивная,2024
realtor,Ленинский,5.0,17.0,4.800000000000001,19.200000000000003,4050000.0,1.0, Ясный Берег,24.0,Площадь Маркса,2015
real_estate_agent,Дзержинский,15.0,16.0,3.0,15.0,4050000.0,1.0, Авиастроителей,24.1,Березовая Роща,2013
realtor,Калининский,5.0,13.0,5.0,20.0,4050000.0,1.0, Имени генерал-майора А.Н. Рожкина,25.0,Заельцовская,2024
real_estate_agent,Дзержинский,18.0,20.0,5.0,20.0,4100000.0,1.0,проспект Дзержинского,25.0,Березовая Роща,2020
real_estate_agent,Заельцовский,10.0,13.0,4.0,12.9,4100000.0,1.0,Кубовая ,24.4,Заельцовская,2021
real_estate_agent,Кировский,6.0,10.0,5.0,28.0,4100000.0,1.0, Виктора Шевелева,39.0,Студенческая,2019
real_estate_agent,Кировский,22.0,24.0,5.0,16.7,4120000.0,1.0, Бородина,33.0,Площадь Маркса,2025
real_estate_agent,Калининский,3.0,12.0,6.0,14.6,4100000.0,1.0, Имени генерал-майора А.Н. Рожкина,27.7,Заельцовская,2025
real_estate_agent,Заельцовский,17.0,23.0,5.074000000000001,20.296000000000003,4100000.0,1.0,Светлановская ,25.37,Заельцовская,2026
developer,Первомайский,4.0,14.0,5.0,9.1,4144300.0,1.0, Одоевского,21.85,Речной вокзал,2026
real_estate_agent,Дзержинский,1.0,14.0,4.74,18.96,4100000.0,1.0, Есенина,23.7,Золотая Нива,2027
realtor,Октябрьский,4.0,13.0,3.1,12.1,4100000.0,1.0,Автогенная ,26.12,Речной вокзал,2020
homeowner,Октябрьский,4.0,11.0,5.5,12.8,4100000.0,1.0,2-я Обская ,27.6,Спортивная,2011
developer,Октябрьский,1.0,10.0,4.68,18.72,4133000.0,1.0,Выборная ,23.4,Речной вокзал,2026
real_estate_agent,Кировский,5.0,17.0,5.0,16.2,4150000.0,1.0, Сибиряков-Гвардейцев,29.8,Площадь Маркса,2015
real_estate_agent,Октябрьский,9.0,17.0,5.0,16.0,4150000.0,1.0,Закаменский мкр,21.0,Березовая Роща,2023
real_estate_agent,Октябрьский,5.0,10.0,3.5,20.0,4150000.0,1.0, Виталия Потылицына,39.0,Золотая Нива,2014
real_estate_agent,Октябрьский,8.0,18.0,3.0,13.0,4150000.0,1.0,Закаменский мкр,21.0,Березовая Роща,2023
real_estate_agent,Ленинский,8.0,17.0,6.0,14.0,4150000.0,1.0, Связистов,25.0,Площадь Маркса,2024
real_estate_agent,Дзержинский,5.0,15.0,5.0,11.3,4150000.0,1.0, Коминтерна,26.0,Золотая Нива,2025
real_estate_agent,Октябрьский,15.0,25.0,4.0,20.0,4150000.0,1.0,Пролетарская ,26.7,Золотая Нива,2025
real_estate_agent,Заельцовский,16.0,23.0,5.242000000000001,20.968000000000004,4150000.0,1.0,Светлановская ,26.21,Заельцовская,2026
developer,Ленинский,2.0,26.0,6.654000000000001,26.616000000000003,4150000.0,1.0, Зорге,33.27,Площадь Маркса,2025
realtor,Кировский,9.0,19.0,5.0,18.0,4199000.0,1.0, Сибиряков-Гвардейцев,40.0,Площадь Маркса,2022
developer,Ленинский,1.0,26.0,6.734000000000001,26.936000000000003,4150000.0,1.0, Зорге,33.67,Площадь Маркса,2025
homeowner,Советский,3.0,10.0,5.0,20.0,4150000.0,1.0, Балтийская,25.0,Студенческая,1994
real_estate_agent,Калининский,8.0,17.0,5.0,16.9,4200000.0,1.0, Фадеева,30.4,Заельцовская,2016
real_estate_agent,Октябрьский,1.0,10.0,4.0,28.5,4200000.0,1.0, Татьяны Снежиной,32.5,Золотая Нива,2010
real_estate_agent,Октябрьский,1.0,17.0,4.0,17.0,4200000.0,1.0,Закаменский мкр,21.0,Березовая Роща,2023
real_estate_agent,Кировский,18.0,25.0,6.0,19.0,4200000.0,1.0, Петухова,30.6,Площадь Маркса,2023
real_estate_agent,Калининский,12.0,17.0,3.0,17.0,4200000.0,1.0, Фадеева,28.1,Заельцовская,2018
real_estate_agent,Калининский,8.0,16.0,8.0,15.0,4200000.0,1.0,Красный проспект,28.0,Заельцовская,2018
real_estate_agent,Октябрьский,1.0,10.0,3.0,17.0,4200000.0,1.0,2-я Обская ,25.0,Спортивная,2011
real_estate_agent,Октябрьский,1.0,10.0,6.0,15.0,4200000.0,1.0, Виталия Потылицына,32.3,Золотая Нива,2014
real_estate_agent,Ленинский,6.0,13.0,2.0,15.0,4200000.0,1.0, Ясный Берег,22.0,Октябрьская,2015
real_estate_agent,Кировский,13.0,18.0,3.0,15.9,4200000.0,1.0, Костычева,23.9,Площадь Маркса,2016
real_estate_agent,Калининский,6.0,12.0,5.0,23.0,4200000.0,1.0, Имени генерал-майора А.Н. Рожкина,28.0,Заельцовская,2024
real_estate_agent,Кировский,10.0,17.0,5.0,15.0,4200000.0,1.0, Сибиряков-Гвардейцев,26.3,Площадь Маркса,2023
real_estate_agent,Кировский,18.0,26.0,5.2,16.2,4200000.0,1.0, Сержанта Коротаева,29.9,Площадь Маркса,2019
real_estate_agent,Калининский,1.0,17.0,5.84,23.36,4200000.0,1.0,На Игарской кв-л,29.2,Заельцовская,2027
developer,Ленинский,1.0,20.0,5.0,13.7,4220000.0,1.0,Спортивная ,29.6,Площадь Маркса,2027
developer,Ленинский,5.0,31.0,2.1,14.0,4239900.0,1.0, Титова,24.56,Площадь Маркса,2027
real_estate_agent,Калининский,12.0,21.0,4.960000000000001,19.840000000000003,4219500.0,1.0,Юбилейный мкр,24.8,Заельцовская,2027
real_estate_agent,Кировский,1.0,17.0,7.800000000000001,31.200000000000003,4200000.0,1.0, Петухова,39.0,Площадь Маркса,2024
realtor,Калининский,7.0,8.0,6.2,24.8,4200000.0,1.0, Фадеева,31.0,Заельцовская,2017
real_estate_agent,Калининский,5.0,14.0,5.36,21.44,4215000.0,1.0, Богдана Хмельницкого,26.8,Заельцовская,2028
homeowner,Кировский,17.0,27.0,5.3,16.2,4200000.0,1.0, Оловозаводская,30.1,Студенческая,2015
homeowner,Кировский,9.0,25.0,1.3000000000000007,27.7,4200000.0,1.0,Беловежская ,29.0,Площадь Маркса,2021
homeowner,Октябрьский,2.0,10.0,5.0,20.3,4200000.0,1.0, Татьяны Снежиной,32.4,Золотая Нива,2018
real_estate_agent,Калининский,8.0,17.0,4.4,16.8,4250000.0,1.0, Фадеева,27.83,Заельцовская,2016
real_estate_agent,Советский,5.0,25.0,4.0,18.2,4250000.0,1.0,Приморская ,27.2,Студенческая,2025
real_estate_agent,Калининский,6.0,17.0,9.4,11.0,4255000.0,1.0,Игарская ,32.0,Заельцовская,2023
real_estate_agent,Октябрьский,3.0,9.0,5.0,20.0,4250000.0,1.0,Выборная ,26.6,Речной вокзал,2007
real_estate_agent,Дзержинский,2.0,21.0,5.0,16.0,4250000.0,1.0,проспект Дзержинского,27.5,Березовая Роща,2020
homeowner,Калининский,1.0,17.0,10.0,18.8,4250000.0,1.0,Игарская ,41.0,Заельцовская,2023
real_estate_agent,Калининский,18.0,21.0,4.960000000000001,19.840000000000003,4274000.0,1.0, Богдана Хмельницкого,24.8,Заельцовская,2027
real_estate_agent,Ленинский,3.0,17.0,10.0,14.8,4300000.0,1.0,Рельефная ,24.8,Площадь Маркса,2025
real_estate_agent,Кировский,1.0,18.0,4.0,21.0,4300000.0,1.0, Ватутина,25.0,Студенческая,2022
real_estate_agent,Дзержинский,2.0,16.0,5.5,14.4,4300000.0,1.0, Коминтерна,30.9,Золотая Нива,2025
real_estate_agent,Заельцовский,17.0,19.0,3.0,32.5,4300000.0,1.0, Дуси Ковальчук,35.5,Заельцовская,2011
real_estate_agent,Октябрьский,6.0,10.0,8.0,26.0,4300000.0,1.0, Плющихинская,39.0,Золотая Нива,2020
real_estate_agent,Заельцовский,7.0,10.0,4.0,14.0,4320000.0,1.0,Сухарная ,23.0,Площадь Гарина-Михайловского,2021
real_estate_agent,Кировский,15.0,17.0,1.0,13.0,4300000.0,1.0, Сибиряков-Гвардейцев,22.7,Площадь Маркса,2023
real_estate_agent,Октябрьский,15.0,25.0,4.54,18.16,4349000.0,1.0, Кирова,22.7,Октябрьская,2020
real_estate_agent,Калининский,8.0,17.0,5.3,16.9,4300000.0,1.0, Фадеева,30.4,Заельцовская,2016
real_estate_agent,Первомайский,2.0,16.0,4.98,19.92,4320000.0,1.0, Заречная,24.9,Спортивная,2027
realtor,Кировский,1.0,27.0,5.0,18.0,4300000.0,1.0,Беловежская ,29.0,Площадь Маркса,2015
homeowner,Калининский,13.0,21.0,5.2,20.8,4300000.0,1.0, Олеко Дундича,26.0,Березовая Роща,2017
homeowner,Дзержинский,5.0,26.0,5.32,21.28,4300000.0,1.0, Есенина,26.6,Золотая Нива,2015
real_estate_agent,Дзержинский,19.0,20.0,4.0,20.8,4390000.0,1.0,проспект Дзержинского,24.8,Березовая Роща,2020
real_estate_agent,Октябрьский,10.0,10.0,10.0,28.4,4350000.0,1.0, Татьяны Снежиной,38.4,Золотая Нива,2013
real_estate_agent,Дзержинский,15.0,25.0,7.0,16.4,4390000.0,1.0, Авиастроителей,23.4,Березовая Роща,2026
real_estate_agent,Калининский,4.0,9.0,6.0,26.5,4350000.0,1.0, Михаила Востокова,32.5,Заельцовская,2023
real_estate_agent,Калининский,2.0,12.0,5.4,21.6,4375000.0,1.0, Имени генерал-майора А.Н. Рожкина,27.0,Заельцовская,2023
real_estate_agent,Заельцовский,8.0,10.0,6.0,17.0,4390000.0,1.0,Сухарная ,28.0,Площадь Гарина-Михайловского,2021
real_estate_agent,Кировский,1.0,4.0,6.0,20.0,4390000.0,1.0, Федора Горячева,34.8,Студенческая,2017
realtor,Центральный,5.0,29.0,2.5,17.8,4369000.0,1.0, Николая Островского,20.99,Гагаринская,2026
real_estate_agent,Калининский,13.0,16.0,4.0,16.0,4350000.0,1.0,Красный проспект,28.0,Заельцовская,2020
real_estate_agent,Октябрьский,1.0,25.0,5.34,21.36,4352100.0,1.0,Пролетарская ,26.7,Золотая Нива,2026
real_estate_agent,Ленинский,5.0,17.0,5.58,22.32,4355070.0,1.0, Титова,27.9,Площадь Маркса,2026
developer,Кировский,4.0,24.0,4.9,13.3,4350000.0,1.0, Немировича-Данченко,27.2,Студенческая,2028
developer,Ленинский,4.0,31.0,2.2,14.9,4398000.0,1.0, Титова,26.01,Площадь Маркса,2027
real_estate_agent,Калининский,13.0,21.0,5.2,12.0,4400000.0,1.0, Тюленина,30.25,Заельцовская,2025
real_estate_agent,Затулинский жилмассив,22.0,27.0,9.599999999999998,19.3,4439000.0,1.0, Зорге,28.9,Площадь Маркса,2023
real_estate_agent,Кировский,19.0,25.0,3.0,20.0,4420000.0,1.0, Сержанта Коротаева,30.1,Студенческая,2018
real_estate_agent,Калининский,3.0,18.0,5.0,22.6,4430000.0,1.0, Имени генерал-майора А.Н. Рожкина,27.6,Заельцовская,2024
real_estate_agent,Калининский,7.0,13.0,5.0,16.0,4400000.0,1.0,Красный проспект,26.2,Заельцовская,2021
real_estate_agent,Октябрьский,13.0,17.0,3.0,13.9,4400000.0,1.0, Гаранина,26.7,Золотая Нива,2022
real_estate_agent,Калининский,8.0,17.0,6.0,24.0,4430000.0,1.0, Краузе,30.0,Заельцовская,2017
developer,Калининский,2.0,23.0,5.220000000000001,20.880000000000003,4410900.0,1.0, Кропоткина,26.1,Маршала Покрышкина,2027
developer,Калининский,7.0,23.0,5.0200000000000005,20.080000000000002,4442700.0,1.0, Кропоткина,25.1,Маршала Покрышкина,2027
real_estate_agent,Кировский,17.0,17.0,8.020000000000001,32.080000000000005,4400000.0,1.0, Петухова,40.1,Площадь Маркса,2024
homeowner,Кировский,14.0,18.0,4.0,20.0,4439999.0,1.0, Ватутина,24.0,Студенческая,2021
homeowner,Дзержинский,14.0,22.0,4.62,18.48,4400000.0,1.0, Есенина,23.1,Золотая Нива,2026
real_estate_agent,Первомайский,7.0,16.0,4.8,14.4,4450000.0,1.0, Заречная,27.4,Речной вокзал,2016
real_estate_agent,Ленинский,6.0,10.0,5.0,25.0,4450000.0,1.0,Петропавловская ,30.0,Площадь Маркса,2014
real_estate_agent,Затулинский жилмассив,3.0,27.0,4.0,23.4,4490000.0,1.0, Зорге,32.4,Площадь Маркса,2024
real_estate_agent,Затулинский жилмассив,19.0,27.0,11.5,20.0,4499000.0,1.0, Зорге,31.5,Площадь Маркса,2023
real_estate_agent,Калининский,1.0,12.0,4.0,24.0,4470000.0,1.0, Имени генерал-майора А.Н. Рожкина,28.0,Заельцовская,2024
real_estate_agent,Калининский,11.0,17.0,5.84,23.36,4450000.0,1.0,На Игарской кв-л,29.2,Заельцовская,2027
real_estate_agent,Заельцовский,12.0,17.0,5.84,23.36,4450000.0,1.0,Кедровая ,29.2,Заельцовская,2010
real_estate_agent,Заельцовский,12.0,17.0,5.84,23.36,4450000.0,1.0,Кедровая ,29.2,Заельцовская,2010
realtor,Кировский,17.0,27.0,6.0,16.0,4450000.0,1.0, Оловозаводская,30.1,Студенческая,2016
real_estate_agent,Ленинский,2.0,17.0,5.6,12.0,4500000.0,1.0, Немировича-Данченко,31.9,Площадь Маркса,2017
real_estate_agent,Октябрьский,10.0,10.0,5.0,34.0,4500000.0,1.0, Плющихинская,39.0,Золотая Нива,2024
real_estate_agent,Калининский,8.0,13.0,4.0,18.7,4500000.0,1.0, Мясниковой,27.7,Заельцовская,2017
real_estate_agent,Ленинский,8.0,13.0,6.0,14.8,4500000.0,1.0,69/1,25.8,Студенческая,2010
real_estate_agent,Ленинский,16.0,16.0,5.0,15.7,4500000.0,1.0,63/1,25.7,Студенческая,2006
real_estate_agent,Ленинский,1.0,17.0,4.0,23.0,4500000.0,1.0,Рельефная ,32.0,Площадь Маркса,2024
real_estate_agent,Заельцовский,18.0,22.0,3.0,14.7,4530912.0,1.0,Светлановская ,26.21,Заельцовская,2025
real_estate_agent,Кировский,6.0,17.0,2.6,14.4,4500000.0,1.0, Ватутина,24.3,Площадь Маркса,2017
real_estate_agent,Калининский,4.0,12.0,5.6000000000000005,22.400000000000002,4500000.0,1.0, Имени генерал-майора А.Н. Рожкина,28.0,Заельцовская,2023
real_estate_agent,Ленинский,2.0,19.0,4.0,12.0,4500000.0,1.0, Немировича-Данченко,31.9,Площадь Маркса,2017
real_estate_agent,Центральный,6.0,29.0,4.08,16.32,4500000.0,1.0, Николая Островского,20.4,Гагаринская,2026
realtor,Заельцовский,18.0,19.0,6.73,26.92,4540000.0,1.0, Дуси Ковальчук,33.65,Заельцовская,2027
real_estate_agent,Ленинский,2.0,17.0,5.792000000000001,23.168000000000003,4522896.0,1.0, Титова,28.96,Площадь Маркса,2026
developer,Кировский,2.0,24.0,5.0,14.3,4500000.0,1.0, Немировича-Данченко,29.3,Студенческая,2028
developer,Калининский,6.0,21.0,5.1,15.3,4503308.0,1.0, Богдана Хмельницкого,30.5,Заельцовская,2027
developer,Ленинский,25.0,31.0,2.1,14.0,4544300.0,1.0, Титова,24.43,Площадь Маркса,2027
homeowner,Октябрьский,13.0,18.0,1.3200000000000003,24.0,4500000.0,1.0,Закаменский мкр,25.32,Березовая Роща,2023
homeowner,Ленинский,8.0,17.0,5.0,20.0,4500000.0,1.0, Связистов,25.0,Площадь Маркса,2024
homeowner,Ленинский,24.0,27.0,12.299999999999997,20.0,4500000.0,1.0, Зорге,32.3,Площадь Маркса,2025
real_estate_agent,Кировский,5.0,17.0,10.0,19.0,4550000.0,1.0,Тульская ,35.0,Студенческая,2021
real_estate_agent,Калининский,3.0,18.0,5.44,21.76,4560000.0,1.0, Имени генерал-майора А.Н. Рожкина,27.2,Заельцовская,2017
real_estate_agent,Октябрьский,14.0,16.0,8.0,7.7,4550000.0,1.0,Ипподромская ,20.7,Октябрьская,2023
real_estate_agent,Калининский,2.0,12.0,3.4,19.3,4550000.0,1.0, Имени генерал-майора А.Н. Рожкина,27.7,Заельцовская,2024
real_estate_agent,Октябрьский,2.0,20.0,5.0,14.5,4590000.0,1.0,Ленинградская ,24.5,Речной вокзал,2024
real_estate_agent,Калининский,2.0,15.0,4.8,15.9,4550000.0,1.0, Объединения,29.0,Заельцовская,2025
real_estate_agent,Калининский,8.0,17.0,13.5,16.9,4550000.0,1.0, Фадеева,30.4,Заельцовская,2016
developer,Калининский,2.0,21.0,5.0,12.9,4566250.0,1.0, Богдана Хмельницкого,28.8,Заельцовская,2027
developer,Дзержинский,8.0,14.0,5.0,11.5,4550000.0,1.0, Есенина,25.5,Золотая Нива,2027
developer,Заельцовский,12.0,17.0,5.84,23.36,4550000.0,1.0,Кедровая ,29.2,Заельцовская,2010
real_estate_agent,Дзержинский,8.0,14.0,5.1000000000000005,20.400000000000002,4550000.0,1.0, Есенина,25.5,Золотая Нива,2027
real_estate_agent,Дзержинский,14.0,14.0,5.04,20.16,4550000.0,1.0, Есенина,25.2,Золотая Нива,2027
real_estate_agent,Калининский,2.0,21.0,5.760000000000001,23.040000000000003,4566250.0,1.0, Богдана Хмельницкого,28.8,Заельцовская,2027
developer,Калининский,5.0,21.0,5.2,15.4,4580000.0,1.0, Тюленина,29.35,Заельцовская,2025
realtor,Кировский,17.0,18.0,11.0,29.0,4590000.0,1.0, Герцена,47.0,Студенческая,2020
homeowner,Советский,3.0,3.0,15.799999999999997,22.1,4550000.0,1.0,Садовый проезд,37.9,Студенческая,2019
homeowner,Октябрьский,11.0,15.0,5.0,12.0,4550000.0,1.0,Ипподромская ,20.25,Октябрьская,2023
real_estate_agent,Октябрьский,10.0,25.0,4.54,18.16,4600000.0,1.0, Кирова,22.7,Октябрьская,2024
real_estate_agent,Кировский,6.0,17.0,4.6,36.6,4600000.0,1.0,Бронная ,41.2,Площадь Маркса,2024
real_estate_agent,Октябрьский,13.0,17.0,10.0,15.32,4600000.0,1.0,Закаменский мкр,25.32,Березовая Роща,2023
real_estate_agent,Октябрьский,5.0,18.0,3.0,18.5,4600000.0,1.0,Европейский Берег мкр,21.5,Речной вокзал,2026
real_estate_agent,Калининский,5.0,12.0,6.0,22.0,4600000.0,1.0, Имени генерал-майора А.Н. Рожкина,28.0,Заельцовская,2024
real_estate_agent,Калининский,7.0,20.0,10.0,17.1,4610000.0,1.0, Олеко Дундича,27.1,Березовая Роща,2017
real_estate_agent,Калининский,6.0,16.0,4.0,16.0,4600000.0,1.0, Мясниковой,28.9,Заельцовская,2016
real_estate_agent,Ленинский,12.0,13.0,3.0,14.0,4600000.0,1.0, Ясный Берег,23.92,Октябрьская,2025
real_estate_agent,Советский,8.0,18.0,6.0,17.0,4600000.0,1.0, Балтийская,29.5,Студенческая,2013
real_estate_agent,Заельцовский,4.0,13.0,5.0,14.2,4600000.0,1.0, Лобачевского,29.1,Заельцовская,2018
real_estate_agent,Октябрьский,10.0,19.0,3.0,14.0,4600000.0,1.0,Закаменский мкр,22.0,Березовая Роща,2020
real_estate_agent,Дзержинский,11.0,14.0,6.0,18.0,4600000.0,1.0, Есенина,30.0,Золотая Нива,2024
realtor,Заельцовский,8.0,19.0,10.280000000000001,21.0,4612000.0,1.0, Дуси Ковальчук,31.28,Заельцовская,2026
homeowner,Кировский,2.0,14.0,2.6000000000000014,30.0,4600000.0,1.0, Петухова,32.6,Спортивная,2025
developer,Калининский,2.0,21.0,5.0,15.8,4605382.0,1.0, Богдана Хмельницкого,32.0,Заельцовская,2027
real_estate_agent,Кировский,15.0,17.0,5.720000000000001,22.880000000000003,4600000.0,1.0, Сибиряков-Гвардейцев,28.6,Площадь Маркса,2024
developer,Первомайский,3.0,10.0,5.0,11.2,4641100.0,1.0, Одоевского,25.72,Речной вокзал,2026
homeowner,Заельцовский,13.0,24.0,5.2,12.9,4600000.0,1.0,Сухарная ,29.3,Площадь Гарина-Михайловского,2023
real_estate_agent,Дзержинский,7.0,12.0,5.0,25.4,4650000.0,1.0, Есенина,35.4,Золотая Нива,2015
real_estate_agent,Калининский,1.0,9.0,8.0,23.41,4676464.0,1.0, Василия Клевцова,31.41,Заельцовская,2024
real_estate_agent,Кировский,9.0,18.0,4.0,15.0,4650000.0,1.0, Сибиряков-Гвардейцев,24.8,Площадь Маркса,2023
real_estate_agent,Калининский,16.0,21.0,3.0,18.0,4690000.0,1.0, Олеко Дундича,26.0,Березовая Роща,2017
developer,Калининский,1.0,23.0,5.34,21.36,4675170.0,1.0, Кропоткина,26.7,Маршала Покрышкина,2027
real_estate_agent,Октябрьский,5.0,25.0,10.0,16.0,4700000.0,1.0,Гурьевская ,26.0,Золотая Нива,2023
real_estate_agent,Калининский,1.0,22.0,5.800000000000001,23.200000000000003,4720000.0,1.0, Имени генерал-майора А.Н. Рожкина,29.0,Заельцовская,2024
real_estate_agent,Заельцовский,9.0,10.0,9.0,16.0,4700000.0,1.0,Кубовая ,25.0,Заельцовская,2022
real_estate_agent,Ленинский,1.0,17.0,4.0,16.0,4700000.0,1.0, Ясный Берег,27.4,Октябрьская,2021
real_estate_agent,Ленинский,9.0,14.0,3.0,14.0,4700000.0,1.0, Ясный Берег,22.0,Октябрьская,2015
real_estate_agent,Кировский,2.0,3.0,3.0,28.0,4700000.0,1.0, Серафимовича,36.0,Площадь Маркса,2013
real_estate_agent,Затулинский жилмассив,25.0,27.0,6.0,20.0,4700000.0,1.0, Зорге,33.52,Площадь Маркса,2023
real_estate_agent,Первомайский,7.0,18.0,3.0,15.0,4700000.0,1.0, Героев Революции,27.7,Речной вокзал,2016
real_estate_agent,Октябрьский,5.0,25.0,4.64,18.56,4704500.0,1.0,Выборная ,23.2,Октябрьская,2025
real_estate_agent,Дзержинский,21.0,22.0,5.5200000000000005,22.080000000000002,4700000.0,1.0, Коминтерна,27.6,Золотая Нива,2025
developer,Центральный,25.0,29.0,2.0,13.1,4735250.0,1.0, Николая Островского,20.15,Гагаринская,2026
real_estate_agent,Калининский,9.0,23.0,5.316,21.264,4700000.0,1.0,Игарская ,26.58,Заельцовская,2026
developer,Калининский,2.0,23.0,5.66,22.64,4726100.0,1.0, Кропоткина,28.3,Маршала Покрышкина,2027
realtor,Калининский,5.0,23.0,5.3,9.6,4700000.0,1.0,Игарская ,22.7,Заельцовская,2026
developer,Ленинский,26.0,27.0,7.06,28.24,4730000.0,1.0, Зорге,35.3,Площадь Маркса,2025
real_estate_agent,Железнодорожный,1.0,20.0,4.0,17.3,4790000.0,1.0,Фабричная ,21.3,Площадь Гарина-Михайловского,2022
real_estate_agent,Кировский,22.0,25.0,4.0,18.0,4777000.0,1.0, Сержанта Коротаева,31.0,Площадь Маркса,2020
real_estate_agent,Кировский,12.0,17.0,9.0,19.0,4750000.0,1.0,Пригородная ,33.0,Площадь Маркса,2018
real_estate_agent,Ленинский,5.0,15.0,4.436,17.744,4790000.0,1.0,площадь Карла Маркса,22.18,Площадь Маркса,2026
developer,Ленинский,1.0,20.0,5.0,16.4,4780000.0,1.0,Спортивная ,32.4,Площадь Маркса,2027
homeowner,Железнодорожный,1.0,20.0,4.0,14.0,4790000.0,1.0,Фабричная ,21.3,Площадь Гарина-Михайловского,2022
homeowner,Дзержинский,11.0,12.0,2.0,36.3,4750000.0,1.0, Есенина,38.3,Золотая Нива,2024
real_estate_agent,Ленинский,11.0,26.0,4.0,23.6,4800000.0,1.0,1-я Чулымская ,27.6,Площадь Маркса,2015
real_estate_agent,Ленинский,19.0,26.0,5.0,21.71,4800000.0,1.0,1-я Чулымская ,26.71,Площадь Маркса,2015
real_estate_agent,Октябрьский,4.0,17.0,5.0,16.8,4800000.0,1.0, Гаранина,21.8,Золотая Нива,2023
real_estate_agent,Дзержинский,2.0,17.0,6.0,14.0,4800000.0,1.0,Республиканская ,27.0,Березовая Роща,2019
real_estate_agent,Октябрьский,20.0,26.0,4.4,17.6,4800000.0,1.0,Выборная ,22.0,Октябрьская,2021
real_estate_agent,Калининский,2.0,18.0,6.0,24.0,4830000.0,1.0, Имени генерал-майора А.Н. Рожкина,30.0,Заельцовская,2023
real_estate_agent,Заельцовский,7.0,14.0,11.5,19.8,4823000.0,1.0, Аэропорт,31.3,Заельцовская,2022
real_estate_agent,Калининский,14.0,16.0,2.5,24.3,4800000.0,1.0,Тайгинская ,26.8,Заельцовская,2023
real_estate_agent,Ленинский,8.0,12.0,4.0,16.0,4800000.0,1.0,69/1,25.9,Студенческая,2011
real_estate_agent,Кировский,4.0,4.0,5.0,22.0,4800000.0,1.0, Федора Горячева,34.4,Студенческая,2013
real_estate_agent,Кировский,2.0,3.0,3.0,25.0,4800000.0,1.0, Серафимовича,36.0,Площадь Маркса,2013
real_estate_agent,Железнодорожный,22.0,25.0,11.0,9.0,4800000.0,1.0,Железнодорожная ,25.0,Гагаринская,2016
realtor,Кировский,5.0,11.0,8.0,17.0,4800000.0,1.0, Зорге,37.98,Площадь Маркса,2015
real_estate_agent,Октябрьский,2.0,25.0,5.772,23.088,4848480.0,1.0,Пролетарская ,28.86,Золотая Нива,2026
homeowner,Октябрьский,15.0,17.0,5.0,16.5,4800000.0,1.0,Выборная ,32.6,Речной вокзал,2018
homeowner,Советский,14.0,17.0,5.24,20.96,4800000.0,1.0,Приморская ,26.2,Студенческая,2018
real_estate_agent,Октябрьский,11.0,25.0,5.0,19.5,4890000.0,1.0,Большевистская ,32.1,Речной вокзал,2022
real_estate_agent,Железнодорожный,1.0,22.0,10.0,6.0,4850000.0,1.0,Фабричная ,16.0,Площадь Гарина-Михайловского,2021
real_estate_agent,Октябрьский,4.0,25.0,5.2,22.5,4850000.0,1.0,Выборная ,27.7,Речной вокзал,2027
real_estate_agent,Заельцовский,26.0,26.0,11.0,20.0,4899000.0,1.0, Дуси Ковальчук,31.0,Заельцовская,2025
real_estate_agent,Калининский,6.0,21.0,6.1000000000000005,24.400000000000002,4894900.0,1.0, Богдана Хмельницкого,30.5,Заельцовская,2027
developer,Центральный,19.0,29.0,2.0,13.7,4873900.0,1.0, Николая Островского,20.74,Гагаринская,2026
real_estate_agent,Октябрьский,2.0,8.0,4.3,17.2,4880000.0,1.0,Выборная ,21.5,Речной вокзал,2028
unknown,Кировский,8.0,9.0,20.200000000000003,18.0,4855000.0,1.0, Гэсстроевская,38.2,Студенческая,2014
real_estate_agent,Калининский,2.0,23.0,5.284000000000001,21.136000000000003,4850000.0,1.0,Игарская ,26.42,Заельцовская,2026
real_estate_agent,Кировский,15.0,17.0,6.24,24.96,4850000.0,1.0, Сибиряков-Гвардейцев,31.2,Площадь Маркса,2024
real_estate_agent,Калининский,7.0,17.0,6.0,19.0,4850000.0,1.0, Тюленина,34.0,Заельцовская,2012
developer,Заельцовский,15.0,25.0,5.338000000000001,21.352000000000004,4850000.0,1.0,Светлановская ,26.69,Заельцовская,2023
real_estate_agent,Калининский,13.0,17.0,8.0,18.0,4900000.0,1.0,Тайгинская ,26.0,Заельцовская,2025
real_estate_agent,Ленинский,16.0,26.0,10.0,17.0,4900000.0,1.0, Ясный Берег,27.0,Площадь Маркса,2017
real_estate_agent,Кировский,2.0,3.0,3.0,28.0,4930000.0,1.0, Серафимовича,36.0,Площадь Маркса,2013
real_estate_agent,Октябрьский,3.0,15.0,3.0,10.0,4900000.0,1.0, Кошурникова,28.99,Золотая Нива,2026
real_estate_agent,Ленинский,4.0,20.0,4.0,15.0,4900000.0,1.0, Костычева,25.1,Площадь Маркса,2026
real_estate_agent,Дзержинский,4.0,25.0,5.120000000000001,20.480000000000004,4900000.0,1.0,проспект Дзержинского,25.6,Березовая Роща,2026
real_estate_agent,Ленинский,10.0,10.0,4.0,16.0,4900000.0,1.0,69/1,25.9,Студенческая,2011
real_estate_agent,Октябрьский,5.0,17.0,4.4799999999999995,17.919999999999998,4900000.0,1.0,Выборная ,22.4,Речной вокзал,2026
real_estate_agent,Дзержинский,2.0,12.0,4.0,22.6,4900000.0,1.0,проспект Дзержинского,31.6,Березовая Роща,2016
realtor,Железнодорожный,5.0,8.0,6.0,12.0,4900000.0,1.0, Ленина,18.0,Площадь Гарина-Михайловского,2024
realtor,Заельцовский,5.0,26.0,5.0,25.0,4900000.0,1.0, Дуси Ковальчук,31.4,Заельцовская,2024
real_estate_agent,Калининский,14.0,23.0,5.236000000000001,20.944000000000003,4900000.0,1.0,Игарская ,26.18,Заельцовская,2026
real_estate_agent,Дзержинский,2.0,14.0,5.38,21.52,4900000.0,1.0, Есенина,26.9,Золотая Нива,2027
developer,Дзержинский,2.0,14.0,5.3,11.6,4900000.0,1.0, Есенина,26.6,Золотая Нива,2027
homeowner,Железнодорожный,1.0,15.0,4.0,12.0,4900000.0,1.0,Фабричная ,16.0,Площадь Гарина-Михайловского,2022
real_estate_agent,Октябрьский,23.0,25.0,4.64,18.56,4910000.0,1.0, Кирова,23.2,Октябрьская,2026
homeowner,Кировский,6.0,19.0,5.0,30.0,4900000.0,1.0, Герцена,44.0,Студенческая,2021
real_estate_agent,Кировский,17.0,17.0,6.18,24.72,4900000.0,1.0, Сибиряков-Гвардейцев,30.9,Площадь Маркса,2024
real_estate_agent,Заельцовский,2.0,14.0,4.0,29.28,4990000.0,1.0, Аэропорт,33.28,Заельцовская,2023
real_estate_agent,Заельцовский,9.0,26.0,3.0,15.3,4980000.0,1.0,Красный проспект,30.4,Заельцовская,2025
real_estate_agent,Калининский,3.0,9.0,10.0,17.0,4950000.0,1.0, Мясниковой,27.0,Заельцовская,2015
real_estate_agent,Кировский,1.0,24.0,5.0,20.9,4950000.0,1.0, Немировича-Данченко,25.9,Студенческая,2019
real_estate_agent,Октябрьский,9.0,19.0,4.0,14.0,4950000.0,1.0, Михаила Кулагина,23.1,Золотая Нива,2018
real_estate_agent,Железнодорожный,22.0,25.0,3.0,17.0,4950000.0,1.0,Железнодорожная ,25.0,Гагаринская,2016
real_estate_agent,Калининский,2.0,12.0,6.0,24.0,4990000.0,1.0, Имени генерал-майора А.Н. Рожкина,30.0,Заельцовская,2024
real_estate_agent,Октябрьский,16.0,24.0,4.949999999999999,16.2,4990000.0,1.0,Большевистская ,21.15,Речной вокзал,2026
real_estate_agent,Заельцовский,17.0,26.0,3.0,15.8,4950000.0,1.0,Красный проспект,26.49,Заельцовская,2025
real_estate_agent,Ленинский,2.0,24.0,4.0,20.0,4950000.0,1.0,площадь Райсовета,32.9,Площадь Маркса,2022
real_estate_agent,Кировский,18.0,26.0,5.454000000000001,21.816000000000003,4950000.0,1.0, Аникина,27.27,Студенческая,2026
real_estate_agent,Кировский,3.0,24.0,5.996,23.984,4950000.0,1.0, Оловозаводская,29.98,Студенческая,2026
developer,Октябрьский,17.0,17.0,5.3,10.3,4998000.0,1.0,Знаменский кв-л,24.56,Золотая Нива,2026
real_estate_agent,Калининский,11.0,23.0,5.316,21.264,4950000.0,1.0,Игарская ,26.58,Заельцовская,2026
developer,Дзержинский,2.0,14.0,9.1,11.9,4990000.0,1.0, Есенина,30.2,Золотая Нива,2027
real_estate_agent,Кировский,3.0,24.0,5.996,23.984,4950000.0,1.0, Оловозаводская,29.98,Студенческая,2026
real_estate_agent,Дзержинский,14.0,14.0,6.0,24.0,4990000.0,1.0, Есенина,30.0,Золотая Нива,2027
real_estate_agent,Дзержинский,6.0,14.0,6.16,24.64,4990000.0,1.0, Есенина,30.8,Золотая Нива,2027
developer,Калининский,16.0,17.0,5.84,23.36,4950000.0,1.0,Игарская ,29.2,Заельцовская,2026
real_estate_agent,Ленинский,5.0,15.0,4.774,19.096,4990000.0,1.0,площадь Карла Маркса,23.87,Площадь Маркса,2026
real_estate_agent,Калининский,16.0,17.0,5.84,23.36,4950000.0,1.0,Игарская ,29.2,Заельцовская,2026
homeowner,Первомайский,3.0,5.0,5.0,18.0,4990000.0,1.0, Заречная,27.0,Спортивная,2017
homeowner,Заельцовский,8.0,9.0,4.0,18.0,4990000.0,1.0,Сухарная ,28.0,Площадь Гарина-Михайловского,2022
realtor,Октябрьский,1.0,20.0,4.2,16.8,4999000.0,1.0,2-я Обская ,21.0,Золотая Нива,2020
real_estate_agent,Дзержинский,12.0,25.0,5.7,6.8,5000000.0,1.0, Гоголя,21.15,Березовая Роща,2022
real_estate_agent,Дзержинский,4.0,4.0,6.0,21.0,5000000.0,1.0, Заслонова,27.0,Золотая Нива,2020
real_estate_agent,Заельцовский,4.0,25.0,5.0,10.0,5000000.0,1.0, Дуси Ковальчук,23.0,Заельцовская,2026
real_estate_agent,Железнодорожный,10.0,17.0,3.0,18.0,5000000.0,1.0,Железнодорожная ,26.0,Гагаринская,2016
real_estate_agent,Центральный,2.0,5.0,6.0,32.3,5000000.0,1.0, Некрасова,43.3,Маршала Покрышкина,1966
real_estate_agent,Октябрьский,4.0,13.0,4.0,37.6,5000000.0,1.0,Автогенная ,46.6,Речной вокзал,2024
real_estate_agent,Кировский,3.0,4.0,5.0,22.0,5000000.0,1.0, Федора Горячева,34.83,Студенческая,2017
developer,Кировский,20.0,26.0,3.4,14.6,5000000.0,1.0, Аникина,27.51,Студенческая,2026
real_estate_agent,Кировский,10.0,17.0,5.720000000000001,22.880000000000003,5000000.0,1.0, Сибиряков-Гвардейцев,28.6,Площадь Маркса,2024
realtor,Ленинский,15.0,18.0,5.0,12.0,5049000.0,1.0,Стартовая ,24.0,Спортивная,2020
real_estate_agent,Кировский,20.0,26.0,5.502000000000001,22.008000000000003,5000000.0,1.0, Аникина,27.51,Студенческая,2026
real_estate_agent,Калининский,2.0,21.0,6.4,25.6,5005850.0,1.0, Богдана Хмельницкого,32.0,Заельцовская,2027
realtor,Заельцовский,11.0,14.0,5.800000000000001,23.200000000000003,5000000.0,1.0, Аэропорт,29.0,Заельцовская,2022
homeowner,Октябрьский,24.0,25.0,4.04,16.16,5000000.0,1.0, Кирова,20.2,Октябрьская,2020
homeowner,Заельцовский,11.0,25.0,4.0,25.0,5000000.0,1.0, Дуси Ковальчук,30.0,Заельцовская,2025
real_estate_agent,Калининский,16.0,17.0,4.0,25.0,5085000.0,1.0,Игарская ,29.0,Заельцовская,2023
real_estate_agent,Октябрьский,7.0,10.0,9.0,22.5,5050000.0,1.0,Выборная ,36.5,Речной вокзал,2007
real_estate_agent,Калининский,17.0,17.0,5.84,23.36,5050000.0,1.0,Игарская ,29.2,Заельцовская,2026
real_estate_agent,Кировский,2.0,4.0,10.0,24.200000000000003,5100000.0,1.0, Федора Горячева,34.2,Студенческая,2014
real_estate_agent,Дзержинский,4.0,17.0,8.0,16.0,5100000.0,1.0, Николая Островского,24.0,Березовая Роща,2022
real_estate_agent,Ленинский,3.0,26.0,5.0,21.5,5100000.0,1.0, Ясный Берег,26.5,Площадь Маркса,2017
real_estate_agent,Ленинский,2.0,14.0,14.0,18.1,5100000.0,1.0,63/1,32.1,Студенческая,2006
real_estate_agent,Октябрьский,4.0,25.0,3.5,24.7,5100000.0,1.0,Гурьевская ,28.2,Золотая Нива,2023
real_estate_agent,Кировский,8.0,24.0,11.600000000000001,15.5,5130000.0,1.0, Немировича-Данченко,27.1,Студенческая,2025
real_estate_agent,Заельцовский,4.0,25.0,5.4,21.6,5100000.0,1.0,Светлановская ,27.0,Заельцовская,2022
real_estate_agent,Кировский,10.0,17.0,8.06,32.24,5100000.0,1.0, Петухова,40.3,Студенческая,2024
developer,Первомайский,2.0,10.0,5.0,11.7,5106700.0,1.0, Одоевского,28.38,Речной вокзал,2026
real_estate_agent,Кировский,5.0,17.0,8.120000000000001,32.480000000000004,5100000.0,1.0, Петухова,40.6,Студенческая,2024
real_estate_agent,Октябрьский,5.0,8.0,4.220000000000001,16.880000000000003,5100000.0,1.0,Выборная ,21.1,Речной вокзал,2028
developer,Калининский,23.0,23.0,5.620000000000001,22.480000000000004,5100000.0,1.0,Игарская ,28.1,Заельцовская,2024
realtor,Октябрьский,5.0,14.0,7.0,28.0,5100000.0,1.0,Воинская ,35.0,Золотая Нива,2020
homeowner,Октябрьский,11.0,17.0,3.88,15.52,5100000.0,1.0,Выборная ,19.4,Речной вокзал,2026
real_estate_agent,Дзержинский,8.0,24.0,5.0,16.1,5150000.0,1.0, Бориса Богаткова,21.1,Золотая Нива,2018
real_estate_agent,Октябрьский,6.0,16.0,6.0,18.4,5150000.0,1.0,Ипподромская ,24.4,Октябрьская,2023
real_estate_agent,Дзержинский,3.0,25.0,21.740000000000002,13.1,5170000.0,1.0, Гоголя,34.84,Березовая Роща,2025
real_estate_agent,Дзержинский,8.0,24.0,3.0,14.1,5150000.0,1.0, Бориса Богаткова,24.0,Золотая Нива,2018
real_estate_agent,Заельцовский,9.0,25.0,4.6,12.4,5180000.0,1.0,Красногорская ,24.31,Заельцовская,2026
real_estate_agent,Октябрьский,25.0,25.0,5.168,20.672,5190000.0,1.0, Кирова,25.84,Октябрьская,2026
developer,Октябрьский,2.0,13.0,5.300000000000001,21.200000000000003,5167500.0,1.0,Выборная ,26.5,Речной вокзал,2026
realtor,Октябрьский,13.0,15.0,4.08,16.32,5190000.0,1.0, Владимира Заровного,20.4,Речной вокзал,2019
homeowner,Октябрьский,15.0,18.0,3.0,16.0,5150000.0,1.0,Закаменский мкр,24.0,Березовая Роща,2023
real_estate_agent,Калининский,13.0,26.0,4.8,12.3,5199000.0,1.0,Игарская ,26.4,Заельцовская,2017
real_estate_agent,Ленинский,3.0,10.0,4.0,22.9,5200000.0,1.0, Плахотного,26.9,Площадь Маркса,2017
real_estate_agent,Ленинский,4.0,10.0,5.0,19.2,5202000.0,1.0, Блюхера,29.2,Студенческая,2005
real_estate_agent,Калининский,3.0,12.0,1.0,22.3,5200000.0,1.0,Красный проспект,23.3,Заельцовская,2021
real_estate_agent,Октябрьский,3.0,21.0,4.800000000000001,19.200000000000003,5200000.0,1.0,Ленинградская ,24.0,Речной вокзал,2025
real_estate_agent,Октябрьский,7.0,17.0,10.0,17.0,5200000.0,1.0, Гаранина,27.0,Золотая Нива,2022
real_estate_agent,Октябрьский,7.0,23.0,10.0,17.5,5200000.0,1.0,2-я Воинская ,27.5,Золотая Нива,2025
real_estate_agent,Железнодорожный,17.0,25.0,3.0,18.0,5222000.0,1.0,Железнодорожная ,24.3,Гагаринская,2019
real_estate_agent,Октябрьский,14.0,18.0,3.0,17.0,5200000.0,1.0,Закаменский мкр,28.8,Березовая Роща,2023
real_estate_agent,Ленинский,15.0,17.0,3.0,16.9,5200000.0,1.0, Ясный Берег,24.9,Октябрьская,2022
real_estate_agent,Заельцовский,13.0,26.0,3.0,18.0,5200000.0,1.0,Красный проспект,27.79,Заельцовская,2025
real_estate_agent,Октябрьский,5.0,13.0,4.0,11.4,5200000.0,1.0,Автогенная ,28.9,Речной вокзал,2024
real_estate_agent,Октябрьский,20.0,23.0,4.0,13.4,5249000.0,1.0,2-я Воинская ,24.4,Золотая Нива,2025
real_estate_agent,Ленинский,2.0,14.0,7.0,29.3,5240000.0,1.0,63/1,41.3,Студенческая,2009
real_estate_agent,Ленинский,6.0,14.0,3.0,15.0,5200000.0,1.0, Ясный Берег,26.0,Октябрьская,2015
real_estate_agent,Калининский,12.0,13.0,6.0,16.0,5200000.0,1.0, Имени генерал-майора А.Н. Рожкина,28.1,Заельцовская,2023
real_estate_agent,Заельцовский,13.0,26.0,3.2,16.0,5200000.0,1.0,Красный проспект,28.0,Заельцовская,2025
real_estate_agent,Заельцовский,11.0,18.0,4.7,18.8,5200000.0,1.0, Дмитрия Донского,23.5,Заельцовская,2012
real_estate_agent,Октябрьский,4.0,23.0,4.0,14.7,5200000.0,1.0,2-я Воинская ,27.0,Золотая Нива,2025
homeowner,Ленинский,10.0,10.0,25.0,15.0,5200000.0,1.0,Спортивная ,40.0,Студенческая,2015
real_estate_agent,Дзержинский,2.0,14.0,5.84,23.36,5200000.0,1.0, Есенина,29.2,Золотая Нива,2027
homeowner,Советский,18.0,21.0,12.5,18.3,5200000.0,1.0, Русская,30.8,Студенческая,2016
real_estate_agent,Заельцовский,6.0,10.0,4.0,18.0,5299000.0,1.0,Кубовая ,34.1,Заельцовская,2015
real_estate_agent,Дзержинский,9.0,16.0,5.0,17.2,5250000.0,1.0, Коминтерна,27.2,Золотая Нива,2025
real_estate_agent,Калининский,7.0,7.0,10.0,22.7,5290000.0,1.0, Макаренко,37.69,Заельцовская,2021
developer,Ленинский,1.0,20.0,5.0,13.9,5280000.0,1.0,Спортивная ,38.1,Площадь Маркса,2027
real_estate_agent,Ленинский,3.0,15.0,5.6,13.1,5290000.0,1.0, Костычева,26.7,Площадь Маркса,2027
developer,Кировский,3.0,24.0,5.996,23.984,5250000.0,1.0, Оловозаводская,29.98,Студенческая,2026
real_estate_agent,Заельцовский,23.0,26.0,5.54,22.16,5250000.0,1.0,Красный проспект,27.7,Заельцовская,2025
homeowner,Заельцовский,13.0,25.0,12.100000000000001,15.0,5250000.0,1.0,Светлановская ,27.1,Заельцовская,2023
real_estate_agent,Заельцовский,7.0,20.0,10.0,20.0,5300000.0,1.0, Дуси Ковальчук,30.0,Заельцовская,2024
real_estate_agent,Ленинский,2.0,19.0,10.0,17.0,5300000.0,1.0,Стартовая ,27.0,Спортивная,2017
real_estate_agent,Октябрьский,13.0,25.0,4.0,23.0,5300000.0,1.0, Бориса Богаткова,27.0,Золотая Нива,2010
real_estate_agent,Железнодорожный,25.0,25.0,3.0,18.0,5300000.0,1.0,Железнодорожная ,23.8,Гагаринская,2016
real_estate_agent,Заельцовский,7.0,9.0,8.1,15.0,5300000.0,1.0,Сухарная ,28.1,Площадь Гарина-Михайловского,2021
real_estate_agent,Октябрьский,6.0,15.0,5.800000000000001,23.200000000000003,5300000.0,1.0, Кошурникова,29.0,Золотая Нива,2026
developer,Октябрьский,1.0,6.0,5.0,9.6,5310000.0,1.0,Большевистская ,21.56,Спортивная,2028
developer,Ленинский,3.0,25.0,17.0,12.3,5300000.0,1.0, Костычева,29.3,Площадь Маркса,2027
developer,Калининский,15.0,17.0,5.1,14.4,5340000.0,1.0,Тайгинская ,27.5,Заельцовская,2027
developer,Ленинский,1.0,20.0,5.0,13.9,5310000.0,1.0,Спортивная ,38.1,Речной вокзал,2027
real_estate_agent,Октябрьский,3.0,8.0,5.0,20.0,5330000.0,1.0,Выборная ,25.0,Речной вокзал,2028
unknown,Первомайский,2.0,10.0,7.2,28.8,5300000.0,1.0, Заречная,36.0,Речной вокзал,2013
real_estate_agent,Октябрьский,1.0,23.0,4.32,17.28,5310000.0,1.0,Большевистская ,21.6,Спортивная,2028
homeowner,Кировский,11.0,17.0,9.0,24.0,5333000.0,1.0,Тульская ,33.0,Студенческая,2021
developer,Октябрьский,17.0,17.0,5.8,11.1,5334000.0,1.0,Знаменский кв-л,26.22,Золотая Нива,2026
real_estate_agent,Октябрьский,9.0,17.0,10.0,16.0,5350000.0,1.0,Покатная ,31.0,Октябрьская,2016
real_estate_agent,Заельцовский,23.0,25.0,4.0,23.1,5350000.0,1.0,Светлановская ,27.1,Заельцовская,2023
real_estate_agent,Октябрьский,2.0,23.0,6.0,13.6,5390000.0,1.0, Владимира Заровного,24.6,Октябрьская,2022
real_estate_agent,Октябрьский,15.0,22.0,3.0,15.6,5390000.0,1.0, Сакко и Ванцетти,23.6,Октябрьская,2017
real_estate_agent,Заельцовский,7.0,14.0,5.0,14.0,5380000.0,1.0, Аэропорт,29.5,Заельцовская,2023
developer,Октябрьский,25.0,25.0,3.8,17.5,5350000.0,1.0, Кирова,32.41,Октябрьская,2026
real_estate_agent,Дзержинский,8.0,25.0,4.638000000000001,18.552000000000003,5350000.0,1.0, Авиастроителей,23.19,Березовая Роща,2026
developer,Дзержинский,8.0,9.0,4.638000000000001,18.552000000000003,5350000.0,1.0, Авиастроителей,23.19,Березовая Роща,2026
developer,Железнодорожный,2.0,8.0,2.0,10.6,5396065.0,1.0, Ленина,17.6,Площадь Гарина-Михайловского,2024
real_estate_agent,Октябрьский,4.0,23.0,4.14,16.56,5360000.0,1.0,Большевистская ,20.7,Спортивная,2028
real_estate_agent,Кировский,16.0,24.0,5.0,19.6,5400000.0,1.0, Немировича-Данченко,24.6,Студенческая,2019
real_estate_agent,Октябрьский,6.0,17.0,10.0,21.0,5400000.0,1.0,Закаменский мкр,31.0,Березовая Роща,2023
real_estate_agent,Кировский,3.0,9.0,5.0,14.0,5400000.0,1.0, Немировича-Данченко,24.0,Студенческая,2017
real_estate_agent,Заельцовский,12.0,25.0,3.0,21.8,5430000.0,1.0, Аэропорт,24.8,Заельцовская,2023
real_estate_agent,Октябрьский,12.0,18.0,5.0,20.7,5445000.0,1.0,Большевистская ,25.7,Речной вокзал,2026
real_estate_agent,Кировский,9.0,22.0,15.0,15.0,5400000.0,1.0,Тульская ,30.0,Студенческая,2023
real_estate_agent,Октябрьский,5.0,18.0,3.0,15.7,5400000.0,1.0,Большевистская ,23.7,Речной вокзал,2026
real_estate_agent,Заельцовский,25.0,26.0,5.54,22.16,5400000.0,1.0,Красный проспект,27.7,Заельцовская,2025
real_estate_agent,Ленинский,7.0,15.0,5.202000000000001,20.808000000000003,5440000.0,1.0,площадь Карла Маркса,26.01,Площадь Маркса,2026
real_estate_agent,Ленинский,5.0,27.0,5.48,21.92,5402000.0,1.0, Ясный Берег,27.4,Октябрьская,2027
real_estate_agent,Дзержинский,23.0,25.0,4.676,18.704,5400000.0,1.0, Авиастроителей,23.38,Березовая Роща,2026
real_estate_agent,Заельцовский,12.0,25.0,3.5,12.8,5450000.0,1.0, Аэропорт,25.0,Заельцовская,2023
real_estate_agent,Кировский,3.0,19.0,12.0,26.3,5450000.0,1.0, Урманова,43.3,Площадь Маркса,2019
real_estate_agent,Октябрьский,14.0,20.0,7.200000000000003,18.9,5490000.0,1.0,2-я Обская ,26.1,Речной вокзал,2015
developer,Ленинский,13.0,25.0,5.642,22.568,5450000.0,1.0, Титова,28.21,Площадь Маркса,2027
homeowner,Ленинский,15.0,17.0,5.2,19.1,5480000.0,1.0, Ясный Берег,24.3,Студенческая,2021
developer,Октябрьский,12.0,12.0,5.246,20.984,5490000.0,1.0, Кошурникова,26.23,Золотая Нива,2026
real_estate_agent,Ленинский,23.0,26.0,6.0,15.2,5500000.0,1.0, Ясный Берег,26.2,Площадь Маркса,2016
real_estate_agent,Октябрьский,15.0,20.0,5.0,14.0,5500000.0,1.0,Ленинградская ,24.0,Речной вокзал,2025
real_estate_agent,Заельцовский,12.0,17.0,6.0,31.299999999999997,5590000.0,1.0, Аэропорт,37.3,Заельцовская,2023
real_estate_agent,Дзержинский,12.0,25.0,3.0,12.0,5500000.0,1.0, Гоголя,20.0,Березовая Роща,2022
real_estate_agent,Октябрьский,13.0,17.0,5.0,13.3,5500000.0,1.0,Большевистская ,23.3,Речной вокзал,2026
real_estate_agent,Ленинский,8.0,13.0,16.0,12.0,5500000.0,1.0, Ясный Берег,34.4,Октябрьская,2025
real_estate_agent,Заельцовский,10.0,25.0,3.0,12.0,5555555.0,1.0,Светлановская ,27.0,Заельцовская,2022
real_estate_agent,Октябрьский,2.0,21.0,4.0,18.5,5500000.0,1.0, Кирова,28.0,Речной вокзал,2021
realtor,Калининский,8.0,12.0,5.6,10.1,5500000.0,1.0, Богдана Хмельницкого,23.3,Заельцовская,2025
real_estate_agent,Октябрьский,5.0,17.0,6.300000000000001,17.0,5500000.0,1.0,Большевистская ,23.3,Речной вокзал,2026
developer,Кировский,16.0,26.0,3.4,14.6,5520000.0,1.0, Немировича-Данченко,27.51,Студенческая,2028
real_estate_agent,Ленинский,16.0,27.0,5.48,21.92,5589000.0,1.0, Ясный Берег,27.4,Октябрьская,2027
real_estate_agent,Ленинский,4.0,13.0,4.99,19.96,5500000.0,1.0,площадь Карла Маркса,24.95,Площадь Маркса,2026
real_estate_agent,Заельцовский,12.0,24.0,5.734000000000001,22.936000000000003,5510000.0,1.0,Красный проспект,28.67,Заельцовская,2027
real_estate_agent,Ленинский,11.0,13.0,4.806000000000001,19.224000000000004,5500000.0,1.0,площадь Карла Маркса,24.03,Площадь Маркса,2026
realtor,Октябрьский,11.0,25.0,8.0,24.0,5500000.0,1.0,Вилюйская ,40.2,Речной вокзал,2013
realtor,Калининский,7.0,19.0,4.0,20.0,5550000.0,1.0,Армавирская ,32.0,Березовая Роща,2023
homeowner,Кировский,7.0,18.0,3.1,11.2,5500000.0,1.0, Сибиряков-Гвардейцев,26.7,Площадь Маркса,2023
homeowner,Первомайский,12.0,17.0,4.0,24.0,5500000.0,1.0, Заречная,37.0,Речной вокзал,2019
real_estate_agent,Кировский,6.0,17.0,4.8,44.1,5610000.0,1.0,Бронная ,48.9,Площадь Маркса,2024
real_estate_agent,Октябрьский,15.0,22.0,3.0,19.52,5600000.0,1.0, Бориса Богаткова,22.52,Золотая Нива,2010
real_estate_agent,Кировский,21.0,25.0,4.0,15.0,5600000.0,1.0, Немировича-Данченко,28.2,Студенческая,2020
real_estate_agent,Октябрьский,15.0,22.0,3.0,15.6,5600000.0,1.0, Сакко и Ванцетти,23.6,Октябрьская,2017
real_estate_agent,Ленинский,5.0,19.0,5.0,23.0,5600000.0,1.0, Ясный Берег,35.2,Октябрьская,2015
real_estate_agent,Октябрьский,5.0,11.0,4.1,11.4,5600000.0,1.0,Автогенная ,28.91,Речной вокзал,2024
real_estate_agent,Октябрьский,1.0,29.0,5.0,15.5,5600000.0,1.0, Бориса Богаткова,29.0,Золотая Нива,2020
real_estate_agent,Калининский,11.0,21.0,5.0,21.1,5600000.0,1.0, Богдана Хмельницкого,26.1,Заельцовская,2025
homeowner,Ленинский,16.0,17.0,6.8,27.9,5600000.0,1.0, Ивана Севастьянова,45.7,Площадь Маркса,2019
real_estate_agent,Заельцовский,4.0,21.0,8.6,19.1,5650000.0,1.0, Дуси Ковальчук,39.9,Заельцовская,2025
real_estate_agent,Октябрьский,10.0,19.0,4.0,25.9,5650000.0,1.0, Михаила Кулагина,29.9,Золотая Нива,2016
real_estate_agent,Октябрьский,7.0,17.0,4.2,16.8,5650000.0,1.0, Владимира Заровного,21.0,Спортивная,2018
real_estate_agent,Заельцовский,24.0,26.0,5.94,23.76,5650000.0,1.0,Красный проспект,29.7,Заельцовская,2025
developer,Октябрьский,13.0,23.0,5.2,11.1,5650000.0,1.0, Грибоедова,25.9,Золотая Нива,2026
real_estate_agent,Ленинский,12.0,13.0,4.558,18.232,5690000.0,1.0,площадь Карла Маркса,22.79,Площадь Маркса,2026
real_estate_agent,Дзержинский,21.0,25.0,5.112,20.448,5650000.0,1.0, Авиастроителей,25.56,Березовая Роща,2026
developer,Дзержинский,21.0,25.0,5.112,20.448,5650000.0,1.0, Авиастроителей,25.56,Березовая Роща,2026
real_estate_agent,Дзержинский,19.0,25.0,5.112,20.448,5650000.0,1.0, Авиастроителей,25.56,Березовая Роща,2026
real_estate_agent,Октябрьский,22.0,25.0,7.0,26.0,5700000.0,1.0, Кирова,33.0,Октябрьская,2025
real_estate_agent,Заельцовский,7.0,27.0,5.2,8.1,5700000.0,1.0,Красный проспект,21.3,Заельцовская,2025
real_estate_agent,Заельцовский,17.0,25.0,6.6,16.0,5700000.0,1.0,Дачная ,35.0,Заельцовская,2018
real_estate_agent,Октябрьский,4.0,20.0,8.0,19.0,5700000.0,1.0,2-я Обская ,27.0,Речной вокзал,2020
real_estate_agent,Ленинский,15.0,19.0,4.5,22.0,5700000.0,1.0, Ясный Берег,35.2,Октябрьская,2015
real_estate_agent,Заельцовский,19.0,26.0,6.1000000000000005,24.400000000000002,5700000.0,1.0,Красный проспект,30.5,Заельцовская,2025
homeowner,Октябрьский,12.0,19.0,5.0,19.4,5700000.0,1.0, Никитина,25.4,Золотая Нива,2023
homeowner,Калининский,6.0,12.0,2.539999999999999,24.5,5700000.0,1.0,Танковая ,27.04,Заельцовская,2016
homeowner,Заельцовский,7.0,27.0,5.2,8.1,5700000.0,1.0,Красный проспект,21.3,Заельцовская,2025
real_estate_agent,Ленинский,6.0,18.0,5.54,22.16,5790000.0,1.0, Серафимовича,27.7,Площадь Маркса,2026
developer,Ленинский,7.0,25.0,15.3,14.5,5790000.0,1.0, Костычева,29.8,Площадь Маркса,2027
homeowner,Дзержинский,5.0,29.0,5.0,19.0,5750000.0,1.0,Закаменский мкр,31.0,Березовая Роща,2025
real_estate_agent,Ленинский,3.0,19.0,9.0,14.8,5800000.0,1.0,Стартовая ,32.0,Спортивная,2012
real_estate_agent,Ленинский,22.0,26.0,15.0,8.0,5800000.0,1.0,Ясный Берег город-парк,28.0,Октябрьская,2024
real_estate_agent,Октябрьский,7.0,23.0,10.0,20.0,5800000.0,1.0, Кошурникова,30.0,Березовая Роща,2019
real_estate_agent,Заельцовский,10.0,25.0,5.0,16.3,5800000.0,1.0,Красный проспект,26.7,Заельцовская,2012
real_estate_agent,Ленинский,22.0,26.0,15.0,8.0,5800000.0,1.0, Ясный Берег,28.0,Октябрьская,2024
real_estate_agent,Октябрьский,5.0,17.0,3.0,14.0,5800000.0,1.0,Рябиновая ,24.0,Речной вокзал,2010
real_estate_agent,Заельцовский,25.0,27.0,6.6000000000000005,26.400000000000002,5800000.0,1.0, Кузьмы Минина,33.0,Заельцовская,2013
real_estate_agent,Октябрьский,2.0,8.0,2.9,14.9,5830000.0,1.0,Большевистская ,24.42,Спортивная,2025
real_estate_agent,Заельцовский,22.0,23.0,5.0,22.0,5800000.0,1.0, Дуси Ковальчук,35.0,Заельцовская,2022
realtor,Дзержинский,8.0,25.0,5.2,20.8,5800000.0,1.0, Королева,26.0,Березовая Роща,2019
real_estate_agent,Октябрьский,8.0,21.0,4.0,16.0,5800000.0,1.0,Большевистская ,27.0,Речной вокзал,2020
realtor,Железнодорожный,7.0,17.0,6.4,25.6,5800000.0,1.0,Железнодорожная ,32.0,Гагаринская,2016
real_estate_agent,Октябрьский,6.0,17.0,4.84,19.36,5830000.0,1.0,Выборная ,24.2,Речной вокзал,2026
developer,Октябрьский,10.0,12.0,5.798,23.192,5800000.0,1.0, Кошурникова,28.99,Золотая Нива,2026
real_estate_agent,Заельцовский,24.0,26.0,6.08,24.32,5800000.0,1.0,Красный проспект,30.4,Заельцовская,2025
homeowner,Октябрьский,2.0,18.0,0.0,24.0,5805000.0,1.0,Коммунстроевская ,24.0,Золотая Нива,2021
real_estate_agent,Ленинский,6.0,17.0,8.6,10.3,5850000.0,1.0, Ясный Берег,29.1,Октябрьская,2023
real_estate_agent,Заельцовский,17.0,25.0,4.0,31.5,5850000.0,1.0,Дачная ,35.5,Заельцовская,2022
real_estate_agent,Октябрьский,14.0,17.0,10.0,15.0,5850000.0,1.0, Кирова,30.6,Речной вокзал,2017
realtor,Центральный,21.0,25.0,4.0,16.0,5885000.0,1.0, Писарева,29.0,Маршала Покрышкина,2021
real_estate_agent,Кировский,24.0,25.0,5.79,23.16,5990000.0,1.0, Немировича-Данченко,28.95,Площадь Маркса,2021
real_estate_agent,Центральный,7.0,13.0,7.399999999999999,15.3,5900000.0,1.0,Ядринцевская ,22.7,Площадь Ленина,2021
real_estate_agent,Дзержинский,15.0,20.0,5.0,18.0,5990000.0,1.0, Королева,30.0,Золотая Нива,2023
real_estate_agent,Заельцовский,12.0,17.0,4.4,16.3,5990000.0,1.0, Аэропорт,27.3,Заельцовская,2023
developer,Ленинский,1.0,18.0,5.0,13.3,5989300.0,1.0, Серафимовича,29.5,Площадь Маркса,2026
developer,Ленинский,4.0,15.0,5.0,11.9,5993350.0,1.0, Серафимовича,27.7,Площадь Маркса,2026
developer,Советский,8.0,18.0,7.5,9.1,5990000.0,1.0, Российская,25.57,Студенческая,2028
homeowner,Заельцовский,26.0,26.0,5.0,20.0,5940000.0,1.0, Дуси Ковальчук,30.3,Заельцовская,2024
real_estate_agent,Дзержинский,15.0,23.0,6.38,25.52,5901500.0,1.0,проспект Дзержинского,31.9,Березовая Роща,2027
real_estate_agent,Заельцовский,1.0,23.0,5.640000000000001,22.560000000000002,5900000.0,1.0, Брестская Горка,28.2,Гагаринская,2028
realtor,Железнодорожный,15.0,20.0,7.0,25.0,5950000.0,1.0,Фабричная ,32.0,Площадь Гарина-Михайловского,2022
real_estate_agent,Заельцовский,15.0,24.0,6.224,24.896,5970000.0,1.0,Красный проспект,31.12,Заельцовская,2027
real_estate_agent,Октябрьский,2.0,23.0,4.88,19.52,5900000.0,1.0,Большевистская ,24.4,Спортивная,2028
homeowner,Заельцовский,7.0,24.0,6.0,18.3,5999000.0,1.0,Сухарная ,25.4,Площадь Гарина-Михайловского,2021
homeowner,Октябрьский,14.0,25.0,5.0,18.0,5990000.0,1.0,Гурьевская ,30.0,Золотая Нива,2023
homeowner,Октябрьский,12.0,22.0,4.5,24.0,5998000.0,1.0, Сакко и Ванцетти,28.5,Октябрьская,2020
real_estate_agent,Дзержинский,7.0,23.0,6.38,25.52,5901500.0,1.0,проспект Дзержинского,31.9,Березовая Роща,2027
real_estate_agent,Калининский,12.0,13.0,5.6,20.4,6000000.0,1.0, Богдана Хмельницкого,26.0,Заельцовская,2025
real_estate_agent,Железнодорожный,14.0,17.0,5.0,23.8,6000000.0,1.0,Железнодорожная ,28.8,Гагаринская,2016
real_estate_agent,Дзержинский,9.0,32.0,5.0,22.3,6000000.0,1.0,Закаменский мкр,27.3,Березовая Роща,2025
real_estate_agent,Центральный,3.0,5.0,3.1,20.6,6000000.0,1.0, Достоевского,31.2,Красный Проспект,1963
real_estate_agent,Октябрьский,21.0,25.0,4.4,14.5,6000000.0,1.0, Никитина,27.5,Октябрьская,2024
real_estate_agent,Советский,3.0,17.0,4.0,15.6,6000000.0,1.0, Арбузова,24.6,Студенческая,2019
real_estate_agent,Заельцовский,15.0,25.0,4.498,17.992,6000000.0,1.0, Дуси Ковальчук,22.49,Заельцовская,2026
homeowner,Октябрьский,19.0,19.0,12.8,10.9,6000050.0,1.0, Михаила Кулагина,24.64,Золотая Нива,2018
homeowner,Ленинский,7.0,17.0,3.0,17.0,6000000.0,1.0, Серафимовича,25.5,Площадь Маркса,2020
homeowner,Октябрьский,3.0,21.0,4.2,16.8,6000000.0,1.0, Михаила Кулагина,21.0,Березовая Роща,2021
real_estate_agent,Советский,7.0,17.0,5.0,16.0,6070000.0,1.0, Арбузова,28.2,Студенческая,2018
developer,Калининский,9.0,17.0,5.4,15.9,6050000.0,1.0,Тайгинская ,33.4,Заельцовская,2027
developer,Калининский,8.0,17.0,5.4,15.9,6050000.0,1.0,Тайгинская ,33.5,Заельцовская,2027
real_estate_agent,Заельцовский,16.0,25.0,4.602,18.408,6050000.0,1.0, Дуси Ковальчук,23.01,Заельцовская,2026
homeowner,Заельцовский,4.0,26.0,10.0,18.0,6050000.0,1.0,Кавалерийская ,35.0,Заельцовская,2022
realtor,Октябрьский,12.0,21.0,5.6000000000000005,22.400000000000002,6050000.0,1.0, Кошурникова,28.0,Золотая Нива,2020
real_estate_agent,Дзержинский,11.0,23.0,7.1000000000000005,28.400000000000002,6070500.0,1.0,проспект Дзержинского,35.5,Березовая Роща,2027
real_estate_agent,Дзержинский,15.0,23.0,7.0200000000000005,28.080000000000002,6072300.0,1.0,проспект Дзержинского,35.1,Березовая Роща,2027
real_estate_agent,Дзержинский,2.0,8.0,5.0,19.0,6100000.0,1.0, Дениса Давыдова,31.9,Березовая Роща,2014
real_estate_agent,Кировский,5.0,17.0,32.0,2.0,6100000.0,1.0,Тульская ,34.0,Студенческая,2021
developer,Ленинский,8.0,9.0,15.260000000000002,14.0,6109000.0,1.0,Ясный Берег город-парк,29.26,Красный Проспект,2027
real_estate_agent,Ленинский,8.0,9.0,5.852,23.408,6109000.0,1.0,Ясный Берег город-парк,29.26,Красный Проспект,2027
homeowner,Заельцовский,1.0,16.0,14.0,61.0,15250000.0,3.0,Красный проспект,75.0,Заельцовская,2019
realtor,Дзержинский,13.0,16.0,10.0,17.0,6640000.0,1.0, Адриена Лежена,37.0,Золотая Нива,2007
real_estate_agent,Центральный,4.0,9.0,3.7,12.4,6150000.0,1.0, Семьи Шамшиных,29.2,Маршала Покрышкина,2025
real_estate_agent,Кировский,3.0,17.0,6.4,25.6,6190000.0,1.0, Немировича-Данченко,32.0,Студенческая,2016
developer,Заельцовский,1.0,23.0,5.98,23.92,6150000.0,1.0, Брестская Горка,29.9,Гагаринская,2028
real_estate_agent,Заельцовский,1.0,23.0,5.98,23.92,6150000.0,1.0, Брестская Горка,29.9,Гагаринская,2028
real_estate_agent,Октябрьский,18.0,26.0,6.0,19.5,6200000.0,1.0, Владимира Заровного,36.4,Октябрьская,2027
real_estate_agent,Октябрьский,4.0,24.0,5.0,20.3,6230000.0,1.0, Шевченко,30.3,Октябрьская,2022
real_estate_agent,Дзержинский,5.0,29.0,9.0,9.6,6200000.0,1.0,Закаменский мкр,27.0,Березовая Роща,2025
real_estate_agent,Заельцовский,9.0,9.0,20.0,4.0,6200000.0,1.0, Дуси Ковальчук,29.0,Заельцовская,1977
real_estate_agent,Дзержинский,12.0,27.0,4.0,12.0,6290000.0,1.0, Гоголя,28.6,Березовая Роща,2025
unknown,Октябрьский,5.0,24.0,4.1,16.1,6250000.0,1.0, Шевченко,30.0,Октябрьская,2023
real_estate_agent,Октябрьский,10.0,25.0,5.0,20.0,6200000.0,1.0, Кирова,25.0,Октябрьская,2025
real_estate_agent,Октябрьский,13.0,17.0,3.6000000000000014,27.9,6250000.0,1.0, Гаранина,31.5,Золотая Нива,2023
real_estate_agent,Центральный,6.0,27.0,5.0,16.0,6200000.0,1.0, Фрунзе,28.0,Маршала Покрышкина,2016
developer,Советский,3.0,16.0,7.0,10.9,6290000.0,1.0, Российская,27.25,Студенческая,2028
developer,Ленинский,5.0,25.0,15.7,17.8,6290000.0,1.0, Костычева,33.5,Площадь Маркса,2027
developer,Ленинский,11.0,18.0,5.0,11.8,6253950.0,1.0, Серафимовича,27.7,Площадь Маркса,2026
developer,Ленинский,13.0,18.0,5.0,13.3,6296350.0,1.0, Серафимовича,29.1,Площадь Маркса,2026
developer,Октябрьский,13.0,14.0,5.54,22.16,6232500.0,1.0, Маковского,27.7,Речной вокзал,2025
developer,Дзержинский,2.0,14.0,4.4,33.1,6200000.0,1.0, Есенина,46.5,Золотая Нива,2027
real_estate_agent,Дзержинский,2.0,14.0,9.14,36.56,6200000.0,1.0, Есенина,45.7,Золотая Нива,2027
real_estate_agent,Ленинский,3.0,9.0,6.064,24.256,6230000.0,1.0,Ясный Берег город-парк,30.32,Красный Проспект,2027
real_estate_agent,Ленинский,4.0,9.0,6.064,24.256,6249000.0,1.0,Ясный Берег город-парк,30.32,Красный Проспект,2027
realtor,Кировский,8.0,24.0,8.0,24.0,6200000.0,1.0, Немировича-Данченко,32.0,Студенческая,2017
homeowner,Дзержинский,5.0,32.0,5.4,21.6,6200000.0,1.0,Закаменский мкр,27.0,Березовая Роща,2025
homeowner,Октябрьский,10.0,22.0,8.0,16.0,6250000.0,1.0,Большевистская ,27.9,Речной вокзал,2026
real_estate_agent,Калининский,5.0,19.0,10.0,20.0,6300000.0,1.0, 25 лет Октября,30.0,Березовая Роща,1993
real_estate_agent,Центральный,3.0,27.0,4.0,17.0,6300000.0,1.0, Державина,27.9,Березовая Роща,2014
real_estate_agent,Железнодорожный,4.0,24.0,5.4,21.6,6320000.0,1.0, Прибрежная,27.0,Площадь Гарина-Михайловского,2023
real_estate_agent,Ленинский,3.0,24.0,7.800000000000001,31.200000000000003,6300000.0,1.0,Стартовая ,39.0,Спортивная,2018
real_estate_agent,Заельцовский,13.0,25.0,4.602,18.408,6300000.0,1.0, Дуси Ковальчук,23.01,Заельцовская,2026
real_estate_agent,Заельцовский,19.0,25.0,4.498,17.992,6300000.0,1.0, Дуси Ковальчук,22.49,Заельцовская,2026
homeowner,Кировский,11.0,24.0,4.0,7.9,6300000.0,1.0, Немировича-Данченко,23.5,Студенческая,2025
developer,Железнодорожный,13.0,25.0,4.1,12.0,6303000.0,1.0,Железнодорожная ,23.4,Гагаринская,2028
developer,Октябрьский,6.0,18.0,16.58,14.0,6340000.0,1.0, В. Высоцкого,30.58,Золотая Нива,2026
real_estate_agent,Центральный,21.0,25.0,3.0,20.0,6350000.0,1.0, Крылова,28.3,Сибирская,2015
real_estate_agent,Центральный,18.0,25.0,4.0,19.4,6350000.0,1.0, Фрунзе,28.4,Маршала Покрышкина,2019
real_estate_agent,Железнодорожный,3.0,23.0,4.0,23.2,6350000.0,1.0, Прибрежная,27.2,Площадь Гарина-Михайловского,2023
real_estate_agent,Советский,6.0,17.0,6.0,16.0,6370000.0,1.0, Арбузова,28.0,Студенческая,2018
homeowner,Октябрьский,4.0,24.0,6.0,25.0,6350000.0,1.0, Шевченко,31.0,Октябрьская,2022
developer,Дзержинский,17.0,18.0,6.198,24.792,6350000.0,1.0, Авиастроителей,30.99,Березовая Роща,2026
real_estate_agent,Дзержинский,17.0,25.0,6.198,24.792,6350000.0,1.0, Авиастроителей,30.99,Березовая Роща,2026
developer,Советский,2.0,15.0,9.120000000000001,14.7,6350000.0,1.0, Рубиновая,23.82,Речной вокзал,2026
real_estate_agent,Заельцовский,25.0,25.0,5.0,25.0,6499999.0,1.0,Кавалерийская ,39.1,Заельцовская,2021
realtor,Советский,8.0,17.0,9.0,31.0,6400000.0,1.0,бульвар Молодежи,40.0,Студенческая,1994
real_estate_agent,Октябрьский,9.0,24.0,5.482,21.928,6400000.0,1.0,Ленинградская ,27.41,Октябрьская,2026
real_estate_agent,Дзержинский,11.0,14.0,9.3,37.2,6400000.0,1.0, Есенина,46.5,Золотая Нива,2027
realtor,Кировский,15.0,18.0,10.2,21.2,6400000.0,1.0, Немировича-Данченко,31.4,Спортивная,2016
homeowner,Заельцовский,18.0,19.0,6.440000000000001,25.760000000000005,6400000.0,1.0,Плановая ,32.2,Заельцовская,2020
real_estate_agent,Дзержинский,18.0,25.0,6.198,24.792,6400000.0,1.0, Авиастроителей,30.99,Березовая Роща,2026
real_estate_agent,Советский,6.0,17.0,10.0,18.0,6500000.0,1.0, Арбузова,28.0,Студенческая,2019
real_estate_agent,Заельцовский,5.0,25.0,3.7,14.2,6500000.0,1.0,Сухарная ,29.0,Площадь Гарина-Михайловского,2023
real_estate_agent,Калининский,21.0,23.0,5.0,19.4,6500000.0,1.0,Игарская ,24.4,Заельцовская,2025
real_estate_agent,Октябрьский,1.0,1.0,10.0,17.0,6500000.0,1.0, Декабристов,27.0,Речной вокзал,1919
real_estate_agent,Кировский,13.0,24.0,5.0,20.0,6500000.0,1.0, Немировича-Данченко,30.0,Студенческая,2017
real_estate_agent,Центральный,8.0,14.0,3.0,16.0,6500000.0,1.0,Ядринцевская ,24.0,Площадь Ленина,2021
real_estate_agent,Дзержинский,16.0,29.0,8.0,12.0,6500000.0,1.0,Закаменский мкр,27.0,Березовая Роща,2025
real_estate_agent,Советский,4.0,17.0,3.0,17.0,6500000.0,1.0, Арбузова,29.0,Студенческая,2019
real_estate_agent,Октябрьский,13.0,24.0,5.3,19.5,6500000.0,1.0, Владимира Заровного,36.4,Речной вокзал,2024
real_estate_agent,Октябрьский,6.0,13.0,2.0,21.7,6500000.0,1.0,Обская ,32.0,Речной вокзал,2021
real_estate_agent,Октябрьский,9.0,24.0,5.806000000000001,23.224000000000004,6500000.0,1.0,Ленинградская ,29.03,Октябрьская,2026
homeowner,Октябрьский,11.0,24.0,5.048,20.192,6500000.0,1.0, Кирова,25.24,Октябрьская,2020
homeowner,Октябрьский,12.0,18.0,9.6,21.5,8500000.0,1.0,Обская ,50.0,Речной вокзал,2001
real_estate_agent,Заельцовский,10.0,25.0,5.4,19.9,6850000.0,1.0,Дачная ,35.1,Заельцовская,2023
homeowner,Октябрьский,10.0,10.0,10.7,14.2,7200000.0,1.0,Большевистская ,37.2,Речной вокзал,2014
real_estate_agent,Октябрьский,2.0,10.0,8.0,14.0,6200000.0,1.0, Сакко и Ванцетти,33.9,Октябрьская,2000
homeowner,Октябрьский,21.0,25.0,10.3,16.6,6400000.0,1.0, Добролюбова,41.0,Речной вокзал,2022
real_estate_agent,Октябрьский,3.0,10.0,15.2,34.5,12500000.0,3.0, Владимира Заровного,75.7,Речной вокзал,2018
homeowner,Ленинский,1.0,17.0,5.0,20.0,4700000.0,1.0, Ясный Берег,27.4,Октябрьская,2021
real_estate_agent,Дзержинский,15.0,25.0,17.1,26.0,8000000.0,1.0, Кошурникова,43.1,Золотая Нива,2019
real_estate_agent,Октябрьский,5.0,17.0,25.700000000000003,20.0,7800000.0,1.0,Большевистская ,45.7,Речной вокзал,2016
real_estate_agent,Октябрьский,10.0,17.0,3.0,16.0,5100000.0,1.0,Закаменский мкр,24.0,Березовая Роща,2024
developer,Заельцовский,7.0,9.0,6.96,27.84,5800000.0,1.0,Лебедевский кв-л,34.8,Заельцовская,2028
unknown,Кировский,12.0,24.0,6.0,15.0,6700000.0,1.0, Немировича-Данченко,25.2,Студенческая,2024
realtor,Ленинский,2.0,5.0,5.6,18.2,3100000.0,1.0,Путевая ,32.0,Студенческая,1965
developer,Октябрьский,19.0,23.0,4.9,19.6,6125000.0,1.0,Закаменский мкр,24.5,Золотая Нива,2028
real_estate_agent,Заельцовский,17.0,24.0,12.7,24.2,7500000.0,1.0,Сухарная ,36.9,Площадь Гарина-Михайловского,2021
real_estate_agent,Кировский,4.0,9.0,2.0,22.6,3300000.0,1.0, Немировича-Данченко,24.6,Студенческая,1979
developer,Калининский,2.0,23.0,7.440000000000001,29.760000000000005,6510000.0,1.0, Кропоткина,37.2,Маршала Покрышкина,2027
real_estate_agent,Калининский,7.0,18.0,17.0,16.0,10000000.0,1.0,Армавирская ,47.5,Березовая Роща,2023
homeowner,Ленинский,2.0,5.0,7.5,18.0,4400000.0,1.0,проспект Карла Маркса,31.5,Площадь Маркса,1961
developer,Заельцовский,5.0,12.0,13.3,9.4,5690000.0,1.0,Лебедевский кв-л,34.2,Заельцовская,2028
real_estate_agent,Октябрьский,8.0,9.0,6.0,17.0,4200000.0,1.0,Выборная ,30.0,Речной вокзал,2020
real_estate_agent,Кировский,5.0,10.0,6.0,18.0,3100000.0,1.0, Петухова,33.0,Площадь Маркса,1983
developer,Дзержинский,11.0,14.0,18.2,10.5,9360000.0,1.0,проспект Дзержинского,43.23,Березовая Роща,2028
real_estate_agent,Центральный,5.0,5.0,6.0,15.0,4900000.0,1.0, Крылова,29.0,Маршала Покрышкина,1972
real_estate_agent,Октябрьский,9.0,10.0,7.0,32.35,2550000.0,1.0, В. Высоцкого,39.35,Золотая Нива,2027
developer,Октябрьский,20.0,23.0,7.720000000000001,30.880000000000003,8685000.0,1.0,Закаменский мкр,38.6,Золотая Нива,2028
real_estate_agent,Железнодорожный,7.0,9.0,6.0,19.2,5600000.0,1.0, Революции,34.5,Площадь Ленина,1977
developer,Центральный,7.0,14.0,17.3,17.2,25000000.0,1.0, Чаплыгина,45.0,Площадь Ленина,2022
developer,Заельцовский,6.0,9.0,7.28,29.12,5820000.0,1.0,Лебедевский кв-л,36.4,Заельцовская,2028
real_estate_agent,Октябрьский,5.0,10.0,13.8,21.0,4800000.0,1.0, Плющихинская,48.5,Золотая Нива,2024
developer,Ленинский,8.0,17.0,27.1,17.4,4680000.0,1.0, Невельского,44.5,Площадь Маркса,2024
developer,Заельцовский,6.0,28.0,9.82,39.28,8893203.0,1.0,Сухарная ,49.1,Площадь Гарина-Михайловского,2026
real_estate_agent,Заельцовский,12.0,17.0,6.1,18.7,5585000.0,1.0, Аэропорт,37.7,Заельцовская,2023
developer,Ленинский,1.0,17.0,28.299999999999997,9.1,4300000.0,1.0, Связистов,37.4,Площадь Маркса,2022
developer,Дзержинский,7.0,14.0,9.258000000000001,37.032000000000004,9500000.0,1.0,проспект Дзержинского,46.29,Березовая Роща,2028
real_estate_agent,Кировский,12.0,25.0,10.0,27.700000000000003,4999000.0,1.0, Сержанта Коротаева,37.7,Студенческая,2019
real_estate_agent,Дзержинский,4.0,5.0,6.0,17.0,3100000.0,1.0,проспект Дзержинского,28.4,Березовая Роща,2019
real_estate_agent,Ленинский,5.0,9.0,8.074,32.296,7290000.0,1.0, Костычева,40.37,Площадь Маркса,2026
real_estate_agent,Октябрьский,16.0,24.0,3.0,13.0,4990000.0,1.0,Большевистская ,21.01,Речной вокзал,2026
real_estate_agent,Октябрьский,1.0,10.0,12.1,30.1,4300000.0,1.0, В. Высоцкого,42.2,Золотая Нива,2012
developer,Октябрьский,2.0,9.0,17.3,18.8,10647059.0,1.0,Тополевая ,45.98,Березовая Роща,2027
real_estate_agent,Ленинский,8.0,9.0,23.0,12.0,5100000.0,1.0, Романтиков,48.8,Площадь Маркса,2022
real_estate_agent,Октябрьский,7.0,10.0,13.9,40.2,4600000.0,1.0, В. Высоцкого,54.1,Золотая Нива,2009
real_estate_agent,Калининский,1.0,9.0,10.1,14.2,5050000.0,1.0, Гребенщикова,34.4,Заельцовская,2014
real_estate_agent,Советский,6.0,9.0,7.0,20.0,4650000.0,1.0, Русская,37.0,Студенческая,1990
developer,Заельцовский,4.0,28.0,9.1,36.4,8300936.0,1.0,Сухарная ,45.5,Площадь Гарина-Михайловского,2026
real_estate_agent,Заельцовский,15.0,25.0,9.0,28.0,9000000.0,1.0,Дачная ,46.0,Заельцовская,2022
real_estate_agent,Октябрьский,3.0,10.0,28.6,25.0,4700000.0,1.0, В. Высоцкого,53.6,Золотая Нива,2020
developer,Ленинский,1.0,14.0,32.45,14.4,9596000.0,1.0, Забалуева,46.85,Студенческая,2026
real_estate_agent,Октябрьский,1.0,25.0,11.0,20.0,6990000.0,1.0,Закаменский мкр,48.7,Золотая Нива,2024
real_estate_agent,Октябрьский,5.0,11.0,9.0,11.0,4700000.0,1.0,Автогенная ,37.3,Речной вокзал,2020
developer,Дзержинский,3.0,9.0,7.542000000000001,30.168000000000003,9180000.0,1.0,проспект Дзержинского,37.71,Березовая Роща,2028
real_estate_agent,Ленинский,8.0,25.0,9.3,18.3,5940000.0,1.0, Немировича-Данченко,38.83,Площадь Маркса,2020
real_estate_agent,Центральный,2.0,5.0,5.0,18.0,4969000.0,1.0, Демьяна Бедного,32.2,Маршала Покрышкина,1966
developer,Калининский,3.0,23.0,8.4,33.6,7350000.0,1.0, Кропоткина,42.0,Маршала Покрышкина,2027
real_estate_agent,Заельцовский,10.0,25.0,5.4,19.9,6850000.0,1.0,Дачная ,35.1,Заельцовская,2023
real_estate_agent,Дзержинский,1.0,5.0,6.0,18.0,5500000.0,1.0, Кошурникова,29.0,Золотая Нива,1979
developer,Заельцовский,6.0,9.0,18.7,9.6,7400000.0,1.0,Лебедевский кв-л,39.8,Заельцовская,2028
real_estate_agent,Заельцовский,12.0,30.0,14.2,20.0,7595000.0,1.0,Сухарная ,48.4,Площадь Гарина-Михайловского,2023
real_estate_agent,Калининский,8.0,12.0,9.0,19.0,5780000.0,1.0, Тюленина,44.2,Заельцовская,2017
developer,Ленинский,10.0,14.0,24.459999999999997,11.8,8803000.0,1.0, Забалуева,36.26,Студенческая,2026
official_representative,Октябрьский,21.0,25.0,4.0,27.0,12350000.0,1.0, Бориса Богаткова,43.7,Золотая Нива,2020
real_estate_agent,Октябрьский,7.0,11.0,5.0,33.0,8300000.0,1.0,Автогенная ,46.0,Речной вокзал,2020
developer,Калининский,16.0,23.0,8.58,34.32,7202910.0,1.0, Кропоткина,42.9,Маршала Покрышкина,2027
real_estate_agent,Октябрьский,6.0,10.0,13.8,35.099999999999994,3200000.0,1.0, В. Высоцкого,48.9,Золотая Нива,2023
real_estate_agent,Ленинский,3.0,18.0,7.698,30.792,6990000.0,1.0, Костычева,38.49,Площадь Маркса,2026
realtor,Кировский,7.0,9.0,9.0,18.9,2900000.0,1.0, Мира,32.3,Площадь Маркса,1989
developer,Калининский,17.0,23.0,8.08,32.32,6865980.0,1.0, Кропоткина,40.4,Маршала Покрышкина,2027
real_estate_agent,Калининский,9.0,9.0,9.0,19.1,4100000.0,1.0, Столетова,38.4,Заельцовская,2017
real_estate_agent,Советский,7.0,9.0,7.0,3.4000000000000004,1400000.0,1.0, Русская,10.4,Студенческая,1972
developer,Заельцовский,21.0,24.0,12.0,20.4,9650000.0,1.0,Красный проспект,42.8,Заельцовская,2028
real_estate_agent,Дзержинский,1.0,5.0,6.0,19.0,2800000.0,1.0, Авиастроителей,32.0,Березовая Роща,2019
developer,Заельцовский,8.0,30.0,4.990000000000002,18.7,6750000.0,1.0,Красный проспект,23.69,Заельцовская,2026
real_estate_agent,Октябрьский,9.0,13.0,5.0,18.0,3960000.0,1.0,Автогенная ,28.0,Речной вокзал,2024
real_estate_agent,Кировский,5.0,9.0,6.0,17.0,3220000.0,1.0, Петухова,30.1,Площадь Маркса,2017
developer,Калининский,8.0,23.0,8.16,32.64,6933960.0,1.0, Кропоткина,40.8,Маршала Покрышкина,2027
real_estate_agent,Советский,9.0,10.0,6.106000000000001,24.424000000000003,7290000.0,1.0, Героев Труда,30.53,Студенческая,2028
developer,Заельцовский,26.0,30.0,4.960000000000001,18.5,8900000.0,1.0,Красный проспект,23.46,Заельцовская,2026
real_estate_agent,Дзержинский,3.0,9.0,8.5,19.0,3165999.0,1.0,Гусинобродское шоссе,36.8,Золотая Нива,1993
developer,Заельцовский,12.0,24.0,11.7,14.3,8775000.0,1.0,Красный проспект,39.9,Заельцовская,2028
real_estate_agent,Ленинский,2.0,10.0,8.7,19.2,4250000.0,1.0,Троллейная ,37.5,Площадь Маркса,2005
developer,Заельцовский,2.0,25.0,7.420000000000001,29.680000000000003,5900000.0,1.0,Светлановская ,37.1,Заельцовская,2023
developer,Заельцовский,16.0,20.0,12.2,15.2,10300000.0,1.0,Красный проспект,48.6,Заельцовская,2026
real_estate_agent,Калининский,2.0,6.0,6.2,16.4,3100000.0,1.0,Народная ,28.4,Заельцовская,1962
developer,Октябрьский,8.0,9.0,17.3,16.6,11200000.0,1.0,Тополевая ,47.66,Березовая Роща,2027
real_estate_agent,Кировский,5.0,10.0,6.0,21.0,2670000.0,1.0, Петухова,27.0,Студенческая,2015
real_estate_agent,Кировский,6.0,17.0,10.2,15.6,3480000.0,1.0, Дмитрия Шмонина,32.9,Студенческая,2017
real_estate_agent,Дзержинский,1.0,2.0,8.0,24.700000000000003,3200000.0,1.0,Приисковая ,32.7,Золотая Нива,1959
developer,Кировский,6.0,26.0,18.0,10.9,6550000.0,1.0, Аникина,46.48,Студенческая,2026
real_estate_agent,Кировский,1.0,10.0,13.7,21.0,3470000.0,1.0, Дмитрия Шмонина,48.1,Студенческая,2017
real_estate_agent,Ленинский,5.0,5.0,10.0,21.9,3200000.0,1.0,Путевая ,31.9,Студенческая,1965
developer,Октябрьский,8.0,9.0,15.0,14.2,11505882.0,1.0,Тополевая ,37.64,Березовая Роща,2027
real_estate_agent,Советский,1.0,6.0,12.0,31.4,3500000.0,1.0, Ивлева,43.4,Студенческая,2024
real_estate_agent,Дзержинский,5.0,5.0,6.5,18.0,3430000.0,1.0,проспект Дзержинского,30.4,Березовая Роща,1961
developer,Кировский,4.0,19.0,16.1,13.9,6470000.0,1.0, Немировича-Данченко,40.3,Студенческая,2028
real_estate_agent,Ленинский,1.0,6.0,10.1,16.0,3500000.0,1.0,Хилокская ,39.4,Площадь Маркса,1993
real_estate_agent,Дзержинский,5.0,5.0,6.0,18.0,3499000.0,1.0, Есенина,32.4,Золотая Нива,2019
developer,Калининский,7.0,14.0,10.7,12.0,4947321.0,1.0, Богдана Хмельницкого,37.0,Заельцовская,2028
real_estate_agent,Заельцовский,1.0,2.0,4.0,21.0,3590000.0,1.0, 2-я Шевцовой,31.2,Заельцовская,1958
real_estate_agent,Кировский,5.0,7.0,9.0,27.1,3500000.0,1.0, Петухова,36.1,Площадь Маркса,2017
developer,Заельцовский,1.0,14.0,25.5,13.5,12000000.0,1.0, Аэропорт,73.09,Заельцовская,2026
real_estate_agent,Октябрьский,11.0,18.0,11.0,29.0,3580000.0,1.0, Татьяны Снежиной,40.0,Золотая Нива,2013
real_estate_agent,Кировский,8.0,9.0,9.0,24.0,3500000.0,1.0, Петухова,33.0,Площадь Маркса,1978
developer,Заельцовский,9.0,30.0,5.010000000000002,24.2,7700000.0,1.0,Красный проспект,29.21,Заельцовская,2026
real_estate_agent,Ленинский,7.0,9.0,7.1,26.9,3600000.0,1.0, Немировича-Данченко,34.0,Площадь Маркса,1966
real_estate_agent,Кировский,1.0,9.0,7.0,20.0,3500000.0,1.0, Сибиряков-Гвардейцев,33.0,Площадь Маркса,1975
developer,Дзержинский,10.0,25.0,5.19,20.76,5709000.0,1.0, Королева,25.95,Березовая Роща,2025
real_estate_agent,Кировский,2.0,10.0,10.0,27.799999999999997,3650000.0,1.0, Виктора Шевелева,37.8,Студенческая,2017
real_estate_agent,Дзержинский,5.0,9.0,9.0,18.0,3500000.0,1.0,Гусинобродское шоссе,35.5,Золотая Нива,1993
developer,Центральный,3.0,17.0,12.520000000000001,50.080000000000005,11770000.0,1.0, Николая Островского,62.6,Гагаринская,2026
real_estate_agent,Кировский,9.0,9.0,10.0,21.7,3700000.0,1.0, Мира,31.7,Площадь Маркса,1986
real_estate_agent,Кировский,3.0,9.0,10.0,24.6,3500000.0,1.0, Сибиряков-Гвардейцев,34.6,Площадь Маркса,1982
developer,Железнодорожный,6.0,25.0,9.780000000000001,39.120000000000005,11300000.0,1.0,Железнодорожная ,48.9,Гагаринская,2024
real_estate_agent,Калининский,1.0,2.0,5.5,17.6,2400000.0,1.0,Игарская ,28.1,Заельцовская,1960
real_estate_agent,Ленинский,1.0,2.0,4.5,20.3,2850000.0,1.0,Планировочная ,31.0,Студенческая,1958
developer,Центральный,27.0,30.0,22.6,13.2,14240000.0,1.0, Николая Островского,80.83,Гагаринская,2026
real_estate_agent,Советский,4.0,5.0,5.0,18.0,2700000.0,1.0, Печатников,28.6,Площадь Маркса,1985
realtor,Дзержинский,4.0,5.0,6.4,25.6,3100000.0,1.0,проспект Дзержинского,32.0,Березовая Роща,2019
developer,Октябрьский,3.0,8.0,8.0,32.0,6215000.0,1.0,Выборная ,40.0,Речной вокзал,2027
real_estate_agent,Кировский,2.0,3.0,8.0,23.2,2900000.0,1.0,Воскресная ,31.2,Площадь Маркса,2013
real_estate_agent,Заельцовский,2.0,24.0,5.0,38.9,7000000.0,1.0,Ельцовская ,58.2,Гагаринская,2022
developer,Кировский,6.0,26.0,9.9,12.4,5900000.0,1.0, Аникина,39.51,Студенческая,2026
real_estate_agent,Кировский,6.0,10.0,5.6,14.1,3000000.0,1.0, Дмитрия Шмонина,25.9,Студенческая,2015
realtor,Кировский,3.0,3.0,7.0,15.0,2600000.0,1.0,Рубежная ,30.3,Студенческая,2013
developer,Центральный,30.0,30.0,16.574,66.296,17900000.0,1.0, Мичурина,82.87,Сибирская,2027
real_estate_agent,Заельцовский,1.0,5.0,5.0,17.1,3085000.0,1.0, Жуковского,22.1,Заельцовская,1969
real_estate_agent,Кировский,3.0,9.0,9.0,16.0,2970000.0,1.0, Палласа,31.0,Площадь Маркса,1990
developer,Заельцовский,23.0,29.0,11.6,11.2,8976471.0,1.0,Сухарная ,30.88,Площадь Гарина-Михайловского,2026
real_estate_agent,Ленинский,1.0,5.0,5.0,24.4,3150000.0,1.0, Пархоменко,29.4,Площадь Маркса,1977
real_estate_agent,Кировский,4.0,5.0,3.0,17.1,2350000.0,1.0, Зорге,24.1,Площадь Маркса,1975
developer,Калининский,3.0,11.0,9.7,12.4,4481763.0,1.0, Богдана Хмельницкого,32.6,Заельцовская,2028
real_estate_agent,Заельцовский,7.0,9.0,6.0,16.0,3330000.0,1.0,Кубовая ,28.5,Заельцовская,2014
real_estate_agent,Ленинский,1.0,5.0,5.9,16.2,3100000.0,1.0,Степная ,28.3,Площадь Маркса,1968
developer,Калининский,4.0,21.0,13.6,12.4,5400000.0,1.0, Тюленина,34.04,Заельцовская,2025
real_estate_agent,Кировский,3.0,5.0,6.0,18.0,3350000.0,1.0, Палласа,29.0,Площадь Маркса,2017
real_estate_agent,Кировский,4.0,5.0,5.7,19.1,3100000.0,1.0, Петухова,32.3,Площадь Маркса,1976
developer,Калининский,4.0,9.0,9.9,11.0,4513755.0,1.0, Богдана Хмельницкого,33.6,Заельцовская,2028
real_estate_agent,Кировский,4.0,5.0,6.0,17.0,2790000.0,1.0, Зорге,30.0,Площадь Маркса,1973
developer,Кировский,2.0,8.0,5.0,13.9,5250000.0,1.0, Немировича-Данченко,30.5,Студенческая,2028
real_estate_agent,Ленинский,4.0,5.0,6.0,15.3,2990000.0,1.0,Ударная ,28.8,Площадь Маркса,1976
developer,Кировский,4.0,8.0,5.0,13.9,5500000.0,1.0, Немировича-Данченко,30.4,Студенческая,2028
real_estate_agent,Дзержинский,2.0,9.0,8.0,20.0,3700000.0,1.0, Лазарева,33.0,Березовая Роща,2019
developer,Дзержинский,11.0,25.0,7.050000000000001,28.200000000000003,7050000.0,1.0, Королева,35.25,Березовая Роща,2025
real_estate_agent,Заельцовский,4.0,5.0,12.599999999999998,18.1,3650000.0,1.0, Аэропорт,30.7,Заельцовская,2022
developer,Кировский,2.0,30.0,19.3,13.9,6700000.0,1.0, Немировича-Данченко,42.8,Студенческая,2028
real_estate_agent,Дзержинский,4.0,5.0,6.0,15.0,3270000.0,1.0, Доватора,29.2,Золотая Нива,1975
developer,Калининский,3.0,14.0,10.7,12.0,4896450.0,1.0, Богдана Хмельницкого,37.5,Заельцовская,2028
real_estate_agent,Ленинский,9.0,9.0,10.0,18.4,3990000.0,1.0,Троллейная ,42.0,Площадь Маркса,1994
real_estate_agent,Ленинский,2.0,5.0,5.9,17.4,2850000.0,1.0, Забалуева,28.1,Площадь Маркса,1969
developer,Центральный,14.0,29.0,2.0,30.5,10285960.0,1.0, Николая Островского,37.54,Гагаринская,2026
real_estate_agent,Дзержинский,13.0,21.0,10.0,16.0,7500000.0,1.0, Есенина,40.0,Золотая Нива,2024
developer,Калининский,13.0,14.0,12.9,11.2,4736304.0,1.0, Богдана Хмельницкого,36.1,Заельцовская,2028
real_estate_agent,Кировский,5.0,9.0,6.1,19.8,3000000.0,1.0, Зорге,33.1,Площадь Маркса,1971
developer,Кировский,18.0,26.0,18.0,10.9,7270000.0,1.0, Аникина,46.26,Студенческая,2026
realtor,Кировский,3.0,3.0,6.0,15.0,2450000.0,1.0,Вознесенская ,28.4,Студенческая,2013
developer,Ленинский,2.0,15.0,11.9,14.9,7984450.0,1.0, Серафимовича,41.8,Площадь Маркса,2026
real_estate_agent,Калининский,2.0,2.0,2.0,18.3,1970000.0,1.0, Знаменская,20.3,Заельцовская,2005
real_estate_agent,Советский,2.0,4.0,6.0,26.0,6500000.0,1.0, Терешковой,32.0,Студенческая,1994
developer,Кировский,6.0,26.0,13.7,18.2,7110000.0,1.0, Аникина,46.59,Студенческая,2026
real_estate_agent,Дзержинский,3.0,5.0,6.0,18.0,4000000.0,1.0, Бориса Богаткова,32.0,Золотая Нива,2019
real_estate_agent,Октябрьский,20.0,23.0,7.964,31.856,6132280.0,1.0,2-я Воинская ,39.82,Золотая Нива,2025
developer,Дзержинский,15.0,25.0,8.046,32.184,7844850.0,1.0, Королева,40.23,Березовая Роща,2025
realtor,Кировский,1.0,17.0,17.0,27.0,4620000.0,1.0, Александра Чистякова,44.0,Площадь Маркса,2017
developer,Кировский,23.0,26.0,9.7,12.4,6910000.0,1.0, Аникина,39.31,Студенческая,2026
real_estate_agent,Первомайский,4.0,17.0,12.0,22.5,3800000.0,1.0, Твардовского,39.5,Речной вокзал,2014
real_estate_agent,Кировский,3.0,5.0,5.0,24.0,3100000.0,1.0, Зорге,29.0,Площадь Маркса,2017
real_estate_agent,Октябрьский,19.0,25.0,8.234,32.936,6340180.0,1.0,2-я Воинская ,41.17,Золотая Нива,2026
real_estate_agent,Заельцовский,8.0,18.0,15.8,16.3,7350000.0,1.0, Аэропорт,43.8,Заельцовская,2024
real_estate_agent,Кировский,4.0,9.0,6.3,19.2,3199000.0,1.0, Зорге,32.6,Площадь Маркса,1973
developer,Железнодорожный,6.0,24.0,11.2,15.3,8575000.0,1.0,Беринг жилой квартал,40.86,Площадь Гарина-Михайловского,2028
real_estate_agent,Ленинский,5.0,5.0,5.8,16.3,2999000.0,1.0, Немировича-Данченко,28.7,Площадь Маркса,1966
developer,Заельцовский,13.0,15.0,11.9,14.1,10500000.0,1.0,Красный проспект,40.9,Заельцовская,2024
real_estate_agent,Октябрьский,6.0,10.0,10.0,22.4,3999000.0,1.0, Ключ-Камышенское плато,32.4,Спортивная,2018
real_estate_agent,Ленинский,4.0,5.0,6.0,16.0,3000000.0,1.0, 9-й Гвардейской Дивизии,28.8,Площадь Маркса,1982
developer,Ленинский,15.0,17.0,14.2,13.0,3700000.0,1.0, Невельского,27.2,Площадь Маркса,2024
real_estate_agent,Кировский,19.0,25.0,10.0,24.9,4350000.0,1.0,Беловежская ,34.9,Площадь Маркса,2021
real_estate_agent,Кировский,1.0,5.0,6.0,15.0,2600000.0,1.0, Зорге,29.0,Площадь Маркса,1976
developer,Центральный,19.0,29.0,2.0,24.4,7275520.0,1.0, Николая Островского,31.36,Гагаринская,2026
real_estate_agent,Кировский,13.0,24.0,13.3,23.1,4800000.0,1.0, Петухова,41.9,Спортивная,2023
real_estate_agent,Кировский,3.0,5.0,6.0,17.0,2700000.0,1.0, Комсомольская,30.0,Студенческая,1976
developer,Железнодорожный,5.0,24.0,13.4,17.4,10050000.0,1.0,Беринг жилой квартал,45.42,Площадь Гарина-Михайловского,2028
real_estate_agent,Кировский,10.0,17.0,7.1,18.0,3790000.0,1.0, Дмитрия Шмонина,34.7,Студенческая,2017
realtor,Ленинский,1.0,5.0,4.0,14.0,2550000.0,1.0,Станционная ,20.9,Площадь Маркса,1978
developer,Кировский,2.0,23.0,5.0,14.0,5020000.0,1.0, Немировича-Данченко,28.4,Студенческая,2028
real_estate_agent,Кировский,10.0,10.0,10.0,29.0,4190000.0,1.0, Николая Сотникова,39.0,Студенческая,2019
real_estate_agent,Первомайский,3.0,3.0,11.0,10.0,2200000.0,1.0,Ученическая ,29.0,Речной вокзал,1964
developer,Железнодорожный,18.0,24.0,10.9,16.0,8950000.0,1.0,Беринг жилой квартал,38.45,Площадь Гарина-Михайловского,2028
real_estate_agent,Октябрьский,3.0,9.0,5.0,25.0,4200000.0,1.0,Выборная ,40.0,Речной вокзал,1989
real_estate_agent,Ленинский,2.0,5.0,3.0,14.0,2700000.0,1.0,Планировочная ,20.1,Студенческая,1972
developer,Дзержинский,2.0,14.0,10.7,14.7,5200000.0,1.0, Есенина,35.1,Золотая Нива,2027
real_estate_agent,Ленинский,1.0,17.0,16.5,19.3,4280000.0,1.0, Немировича-Данченко,41.0,Площадь Маркса,2023
real_estate_agent,Кировский,1.0,5.0,6.0,16.0,2800000.0,1.0, Чигорина,29.1,Студенческая,1979
developer,Кировский,4.0,24.0,11.4,13.4,6000000.0,1.0, Немировича-Данченко,35.3,Студенческая,2028
real_estate_agent,Кировский,13.0,17.0,8.0,29.0,4299000.0,1.0, Петухова,37.0,Площадь Маркса,2014
real_estate_agent,Октябрьский,5.0,17.0,25.700000000000003,20.0,7800000.0,1.0,Большевистская ,45.7,Речной вокзал,2016
developer,Железнодорожный,23.0,24.0,27.349999999999998,14.8,10590000.0,1.0, Прибрежная,42.15,Площадь Гарина-Михайловского,2025
real_estate_agent,Заельцовский,4.0,5.0,6.0,15.6,2450000.0,1.0, Солидарности,29.5,Заельцовская,1963
developer,Центральный,18.0,29.0,2.0,30.3,8581300.0,1.0, Николая Островского,37.31,Гагаринская,2026
real_estate_agent,Октябрьский,7.0,14.0,11.0,20.0,4490000.0,1.0, Ключ-Камышенское плато,40.1,Спортивная,2020
real_estate_agent,Октябрьский,5.0,25.0,9.0,23.0,7499000.0,1.0,Военная ,43.2,Октябрьская,2020
developer,Ленинский,2.0,17.0,21.400000000000002,17.8,4180000.0,1.0, Невельского,39.2,Площадь Маркса,2024
real_estate_agent,Советский,1.0,6.0,12.0,22.8,4450000.0,1.0, Боровая Партия,42.0,Студенческая,2005
real_estate_agent,Первомайский,3.0,17.0,5.5200000000000005,22.080000000000002,2999000.0,1.0, Твардовского,27.6,Речной вокзал,2015
developer,Кировский,2.0,30.0,17.4,14.5,6880000.0,1.0, Немировича-Данченко,46.0,Студенческая,2028
real_estate_agent,Заельцовский,4.0,10.0,6.0,25.7,4450000.0,1.0, Тимирязева,31.7,Заельцовская,1988
homeowner,Октябрьский,7.0,10.0,13.8,21.0,2800000.0,1.0, В. Высоцкого,48.0,Золотая Нива,2027
developer,Заельцовский,14.0,17.0,8.9,35.6,6100000.0,1.0,Кедровая ,44.5,Заельцовская,2010
real_estate_agent,Октябрьский,4.0,10.0,12.0,20.5,3230000.0,1.0, Татьяны Снежиной,32.5,Золотая Нива,2011
developer,Ленинский,14.0,17.0,18.800000000000004,14.9,4900000.0,1.0,Рельефная ,33.7,Площадь Маркса,2025
real_estate_agent,Калининский,2.0,13.0,11.1,23.1,4750000.0,1.0, Мясниковой,34.2,Заельцовская,2017
real_estate_agent,Заельцовский,7.0,10.0,6.0,17.0,4000000.0,1.0, Жуковского,30.0,Заельцовская,1987
developer,Кировский,2.0,4.0,6.164000000000001,24.656000000000002,4600000.0,1.0, Петухова,30.82,Площадь Маркса,2026
real_estate_agent,Кировский,4.0,17.0,11.0,29.1,4000000.0,1.0, Александра Чистякова,40.1,Студенческая,2022
developer,Кировский,4.0,23.0,17.4,14.7,7100000.0,1.0, Немировича-Данченко,44.3,Студенческая,2028
real_estate_agent,Калининский,1.0,3.0,4.08,16.32,2000000.0,1.0, Знаменская,20.4,Заельцовская,2013
developer,Дзержинский,17.0,25.0,7.414000000000001,29.656000000000002,7414000.0,1.0, Королева,37.07,Березовая Роща,2025
real_estate_agent,Калининский,5.0,9.0,21.299999999999997,16.0,4750000.0,1.0, Дунаевского,37.3,Заельцовская,2020
developer,Кировский,3.0,4.0,5.93,23.72,4700000.0,1.0, Петухова,29.65,Площадь Маркса,2026
real_estate_agent,Кировский,4.0,9.0,10.0,33.5,4800000.0,1.0, Громова,43.5,Площадь Маркса,2001
real_estate_agent,Ленинский,4.0,10.0,10.0,21.8,3800000.0,1.0,Спортивная ,36.8,Площадь Маркса,2016
developer,Октябрьский,5.0,8.0,8.459999999999999,33.839999999999996,6865000.0,1.0,Выборная ,42.3,Речной вокзал,2027
developer,Кировский,20.0,20.0,11.4,11.8,5900000.0,1.0,18-й Бронный переулок,35.3,Студенческая,2025
real_estate_agent,Кировский,10.0,17.0,3.8600000000000003,15.440000000000001,2499000.0,1.0, Виктора Уса,19.3,Площадь Маркса,2015
developer,Дзержинский,13.0,25.0,9.708,38.832,8760508.0,1.0,проспект Дзержинского,48.54,Березовая Роща,2027
real_estate_agent,Октябрьский,1.0,10.0,4.0,23.5,2950000.0,1.0, Татьяны Снежиной,32.5,Золотая Нива,2020
developer,Кировский,4.0,24.0,9.1,13.9,5400000.0,1.0, Немировича-Данченко,37.1,Студенческая,2028
real_estate_agent,Октябрьский,10.0,29.0,10.0,27.200000000000003,8400000.0,1.0,Военная ,37.2,Октябрьская,2024
developer,Калининский,5.0,19.0,6.956,27.824,4973000.0,1.0, Новоуральская,34.78,Заельцовская,2026
developer,Октябрьский,7.0,8.0,6.58,26.32,5925000.0,1.0,Выборная ,32.9,Речной вокзал,2027
real_estate_agent,Затулинский жилмассив,10.0,27.0,10.0,19.4,4810000.0,1.0, Зорге,47.4,Площадь Маркса,2024
real_estate_agent,Первомайский,2.0,5.0,5.7,16.3,2400000.0,1.0,Узорная ,30.5,Спортивная,1967
homeowner,Октябрьский,11.0,18.0,18.8,14.5,7100000.0,1.0,Рябиновая ,48.9,Речной вокзал,2026
homeowner,Советский,5.0,5.0,6.0,18.0,740000.0,1.0, Динамовцев,33.0,Студенческая,1993
real_estate_agent,Калининский,4.0,13.0,8.28,33.12,5560000.0,1.0, Имени генерал-майора А.Н. Рожкина,41.4,Заельцовская,2027
developer,Калининский,1.0,13.0,6.840000000000001,27.360000000000003,5000000.0,1.0,Родники мкр,34.2,Заельцовская,2027
unknown,Калининский,1.0,5.0,8.0,20.0,2950000.0,1.0, Магистральная,36.0,Заельцовская,1988
developer,Железнодорожный,18.0,25.0,9.48,37.92,12600000.0,1.0,Железнодорожная ,47.4,Гагаринская,2024
real_estate_agent,Ленинский,2.0,5.0,5.5,16.0,3000000.0,1.0,Курганская ,29.0,Площадь Маркса,1974
real_estate_agent,Первомайский,2.0,5.0,5.2,17.0,3090000.0,1.0,Звездная ,30.6,Речной вокзал,1974
developer,Кировский,3.0,8.0,19.1,14.8,7560000.0,1.0, Немировича-Данченко,46.7,Студенческая,2028
realtor,Калининский,4.0,5.0,5.7,18.1,3640000.0,1.0, Макаренко,30.3,Заельцовская,1989
real_estate_agent,Ленинский,1.0,10.0,5.0,20.0,3300000.0,1.0, Пархоменко,34.0,Площадь Маркса,2015
real_estate_agent,Кировский,5.0,9.0,5.140000000000001,20.560000000000002,3161100.0,1.0, Зорге,25.7,Площадь Маркса,2026
real_estate_agent,Заельцовский,4.0,8.0,5.0,15.8,4700000.0,1.0,Красный проспект,27.6,Заельцовская,1965
unknown,Кировский,5.0,10.0,8.0,17.0,3550000.0,1.0, Петухова,25.0,Студенческая,2015
developer,Заельцовский,19.0,21.0,4.8,16.0,12200000.0,1.0,Красный проспект,42.0,Заельцовская,2024
real_estate_agent,Заельцовский,5.0,5.0,5.8,19.0,3900000.0,1.0, Дмитрия Донского,31.2,Заельцовская,2022
real_estate_agent,Ленинский,1.0,9.0,7.0,17.5,3699999.0,1.0, Связистов,29.5,Площадь Маркса,1985
developer,Кировский,2.0,19.0,16.8,13.9,9860000.0,1.0, Немировича-Данченко,51.9,Студенческая,2028
real_estate_agent,Первомайский,12.0,17.0,4.62,18.48,2390000.0,1.0, Твардовского,23.1,Спортивная,2014
developer,Кировский,2.0,24.0,10.5,14.7,5150000.0,1.0, Немировича-Данченко,33.9,Студенческая,2028
real_estate_agent,Октябрьский,6.0,9.0,5.2,16.8,5500000.0,1.0, Бориса Богаткова,29.5,Золотая Нива,1972
real_estate_agent,Ленинский,1.0,14.0,3.94,15.76,2650000.0,1.0, Титова,19.7,Площадь Маркса,2018
developer,Кировский,2.0,4.0,5.664000000000001,22.656000000000002,4600000.0,1.0, Петухова,28.32,Площадь Маркса,2026
real_estate_agent,Кировский,8.0,10.0,9.0,20.0,5300000.0,1.0, Ватутина,34.0,Площадь Маркса,2017
real_estate_agent,Кировский,4.0,9.0,9.6,17.0,3150000.0,1.0, Сибиряков-Гвардейцев,37.2,Площадь Маркса,1987
developer,Заельцовский,16.0,25.0,12.0,16.7,9372510.0,1.0,Дачная ,40.3,Заельцовская,2025
real_estate_agent,Советский,1.0,9.0,9.0,19.5,3600000.0,1.0, Печатников,40.1,Студенческая,1989
real_estate_agent,Кировский,17.0,17.0,5.0,20.1,2470000.0,1.0, Виктора Уса,25.1,Площадь Маркса,2012
developer,Железнодорожный,14.0,25.0,7.82,31.28,10200000.0,1.0,Железнодорожная ,39.1,Гагаринская,2024
real_estate_agent,Октябрьский,5.0,25.0,11.0,18.6,7090000.0,1.0,Покатная ,38.2,Октябрьская,2016
real_estate_agent,Кировский,3.0,9.0,5.8,17.1,2850000.0,1.0, Чемская,30.5,Студенческая,1981
developer,Дзержинский,4.0,14.0,10.9,17.8,5800000.0,1.0, Есенина,38.2,Золотая Нива,2027
real_estate_agent,Кировский,2.0,10.0,10.0,24.299999999999997,3900000.0,1.0, Петухова,34.3,Площадь Маркса,2007
real_estate_agent,Кировский,7.0,10.0,4.16,16.64,2600000.0,1.0, Дмитрия Шмонина,20.8,Студенческая,2016
developer,Заельцовский,15.0,25.0,12.0,16.7,9357200.0,1.0,Дачная ,40.7,Заельцовская,2025
real_estate_agent,Первомайский,9.0,17.0,4.0,15.5,2280000.0,1.0, Одоевского,19.5,Речной вокзал,2012
developer,Калининский,8.0,15.0,8.28,33.12,5700000.0,1.0,Родники мкр,41.4,Заельцовская,2026
real_estate_agent,Кировский,19.0,25.0,10.0,27.9,4700000.0,1.0, Сержанта Коротаева,37.9,Студенческая,2019
real_estate_agent,Ленинский,6.0,12.0,9.0,19.0,3200000.0,1.0,Хилокская ,37.4,Площадь Маркса,2015
developer,Калининский,1.0,9.0,8.22,32.88,6084385.0,1.0, Василия Клевцова,41.1,Заельцовская,2024
real_estate_agent,Кировский,7.0,10.0,7.0,27.5,3990000.0,1.0, Громова,34.5,Площадь Маркса,2004
developer,Дзержинский,7.0,25.0,14.0,17.2,6759900.0,1.0, Есенина,39.4,Золотая Нива,2026
real_estate_agent,Железнодорожный,2.0,16.0,12.0,15.7,7490000.0,1.0, Дмитрия Шамшурина,41.0,Площадь Гарина-Михайловского,2002
real_estate_agent,Ленинский,10.0,12.0,22.6,16.0,4550000.0,1.0, Романтиков,38.6,Площадь Маркса,2015
real_estate_agent,Заельцовский,16.0,19.0,12.3,14.2,6600000.0,1.0, Дуси Ковальчук,37.3,Заельцовская,2022
real_estate_agent,Калининский,7.0,11.0,8.6,28.699999999999996,4800000.0,1.0, Михаила Немыткина,37.3,Заельцовская,2014
real_estate_agent,Заельцовский,16.0,16.0,12.7,18.9,7200000.0,1.0,Ельцовская ,42.4,Гагаринская,2022
real_estate_agent,Дзержинский,16.0,21.0,8.200000000000003,30.0,4850000.0,1.0, Есенина,38.2,Золотая Нива,2019
real_estate_agent,Ленинский,15.0,27.0,12.0,26.0,4900000.0,1.0,Волховская ,46.0,Площадь Маркса,2016
developer,Ленинский,1.0,18.0,13.4,14.3,8200600.0,1.0, Серафимовича,42.1,Площадь Маркса,2026
real_estate_agent,Октябрьский,10.0,14.0,16.0,19.0,4900000.0,1.0, Ключ-Камышенское плато,46.0,Спортивная,2005
real_estate_agent,Октябрьский,18.0,25.0,13.0,16.0,8300000.0,1.0,Закаменский мкр,42.1,Золотая Нива,2024
real_estate_agent,Заельцовский,8.0,9.0,11.0,16.0,4950000.0,1.0, Дуси Ковальчук,34.9,Площадь Гарина-Михайловского,2022
real_estate_agent,Октябрьский,24.0,25.0,9.882,39.528,8828750.0,1.0, Владимира Заровного,49.41,Речной вокзал,2024
real_estate_agent,Первомайский,1.0,16.0,4.7,21.1,5000000.0,1.0, Заречная,37.6,Речной вокзал,2020
real_estate_agent,Первомайский,9.0,25.0,10.0,20.0,5200000.0,1.0, Героев Революции,37.0,Спортивная,2013
real_estate_agent,Октябрьский,21.0,25.0,8.13,32.52,6666600.0,1.0,Пролетарская ,40.65,Золотая Нива,2026
realtor,Калининский,8.0,14.0,8.8,18.9,5200000.0,1.0,Красный проспект,36.6,Заельцовская,2021
real_estate_agent,Калининский,9.0,17.0,10.0,32.2,5380000.0,1.0,Игарская ,47.2,Заельцовская,2024
developer,Ленинский,14.0,17.0,24.300000000000004,17.4,4500000.0,1.0, Титова,41.7,Площадь Маркса,2026
real_estate_agent,Калининский,8.0,17.0,10.0,32.2,5390000.0,1.0,Игарская ,47.2,Заельцовская,2024
real_estate_agent,Заельцовский,5.0,17.0,5.0,22.4,5400000.0,1.0, Аэропорт,32.4,Заельцовская,2023
developer,Ленинский,11.0,17.0,19.2,17.8,4190000.0,1.0, Невельского,37.0,Площадь Маркса,2024
real_estate_agent,Заельцовский,2.0,9.0,9.0,19.1,5499000.0,1.0,Линейная ,38.4,Гагаринская,1998
real_estate_agent,Кировский,24.0,26.0,10.0,23.0,5600000.0,1.0, Оловозаводская,38.0,Студенческая,2015
developer,Калининский,5.0,14.0,8.28,33.12,5600000.0,1.0, Богдана Хмельницкого,41.4,Заельцовская,2027
real_estate_agent,Ленинский,8.0,17.0,8.6,22.700000000000003,3950000.0,1.0,Рельефная ,31.3,Площадь Маркса,2025
real_estate_agent,Дзержинский,16.0,17.0,7.1,17.1,6000000.0,1.0, Красина,39.3,Березовая Роща,2024
developer,Первомайский,2.0,10.0,12.2,12.1,6531600.0,1.0, Одоевского,41.0,Речной вокзал,2026
real_estate_agent,Ленинский,12.0,12.0,12.5,29.9,5500000.0,1.0, Юности,42.4,Площадь Маркса,2020
real_estate_agent,Калининский,4.0,5.0,5.0,17.0,3200000.0,1.0, Столетова,29.5,Заельцовская,1989
real_estate_agent,Калининский,2.0,13.0,8.28,33.12,5800000.0,1.0, Имени генерал-майора А.Н. Рожкина,41.4,Заельцовская,2026
real_estate_agent,Кировский,2.0,5.0,7.0,19.0,5600000.0,1.0,Новогодняя ,32.0,Площадь Маркса,1964
real_estate_agent,Калининский,3.0,5.0,6.7,16.7,3100000.0,1.0, Магистральная,29.9,Заельцовская,1982
developer,Октябрьский,2.0,7.0,8.28,33.12,6104700.0,1.0,Выборная ,41.4,Речной вокзал,2026
real_estate_agent,Кировский,20.0,24.0,9.0,26.0,4100000.0,1.0, Бородина,35.0,Площадь Маркса,2022
real_estate_agent,Советский,6.0,10.0,16.0,14.9,5723720.0,1.0, Экваторная,38.64,Речной вокзал,2028
real_estate_agent,Кировский,3.0,3.0,12.0,14.6,3200000.0,1.0,Рубежная ,39.5,Студенческая,2015
real_estate_agent,Кировский,2.0,3.0,3.6799999999999997,14.719999999999999,2000000.0,1.0, Николая Грицюка,18.4,Площадь Маркса,2017
developer,Кировский,10.0,17.0,8.272,33.088,4670000.0,1.0, Зорге,41.36,Площадь Маркса,2025
real_estate_agent,Ленинский,6.0,6.0,10.0,25.0,3800000.0,1.0, Надежды,35.0,Площадь Маркса,2016
real_estate_agent,Дзержинский,10.0,10.0,9.0,19.0,4050000.0,1.0,Волочаевская ,42.0,Золотая Нива,2018
real_estate_agent,Центральный,6.0,24.0,7.048000000000001,28.192000000000004,6977520.0,1.0, Семьи Шамшиных,35.24,Маршала Покрышкина,2028
developer,Октябрьский,1.0,7.0,16.7,9.8,10910000.0,1.0,Большевистская ,66.57,Спортивная,2028
real_estate_agent,Кировский,13.0,17.0,8.7,10.1,4150000.0,1.0, Сибиряков-Гвардейцев,31.3,Площадь Маркса,2024
real_estate_agent,Кировский,6.0,9.0,8.4,13.5,3149000.0,1.0, Мира,31.3,Площадь Маркса,1986
developer,Дзержинский,3.0,25.0,14.0,17.2,6736000.0,1.0, Есенина,39.6,Золотая Нива,2026
real_estate_agent,Первомайский,1.0,5.0,6.0,22.3,2800000.0,1.0,Звездная ,28.3,Речной вокзал,1972
real_estate_agent,Ленинский,3.0,5.0,5.5,15.9,3000000.0,1.0,Курганская ,28.5,Площадь Маркса,1975
developer,Железнодорожный,17.0,25.0,9.120000000000001,36.480000000000004,11600000.0,1.0,Железнодорожная ,45.6,Гагаринская,2024
real_estate_agent,Ленинский,6.0,9.0,10.0,22.0,3999000.0,1.0,Ударная ,32.0,Площадь Маркса,1972
real_estate_agent,Калининский,4.0,13.0,8.28,33.12,5500000.0,1.0,Родники мкр,41.4,Заельцовская,2027
real_estate_agent,Кировский,1.0,9.0,6.0,18.0,4200000.0,1.0, Сибиряков-Гвардейцев,42.6,Площадь Маркса,1970
developer,Ленинский,1.0,14.0,9.020000000000001,36.080000000000005,4600000.0,1.0, Титова,45.1,Площадь Маркса,2026
real_estate_agent,Дзержинский,1.0,5.0,6.0,17.7,3789000.0,1.0, Толбухина,28.7,Золотая Нива,2019
developer,Калининский,1.0,9.0,8.58,34.32,6193110.0,1.0, Василия Клевцова,42.9,Заельцовская,2024
real_estate_agent,Кировский,17.0,18.0,12.0,35.0,4000000.0,1.0, Николая Сотникова,47.0,Студенческая,2022
real_estate_agent,Октябрьский,1.0,10.0,5.0,27.700000000000003,3230000.0,1.0, Плющихинская,32.7,Золотая Нива,2019
developer,Октябрьский,18.0,25.0,14.5,10.4,5910000.0,1.0, Кирова,34.32,Октябрьская,2026
real_estate_agent,Советский,3.0,4.0,9.0,22.8,3990000.0,1.0, Боровая Партия,31.8,Студенческая,1994
developer,Калининский,7.0,14.0,5.34,21.36,4150000.0,1.0, Богдана Хмельницкого,26.7,Заельцовская,2027
real_estate_agent,Кировский,9.0,9.0,7.4,24.4,3100000.0,1.0, Сибиряков-Гвардейцев,31.8,Площадь Маркса,1987
real_estate_agent,Кировский,5.0,17.0,18.2,18.8,4150000.0,1.0, Петухова,37.0,Площадь Маркса,2017
developer,Калининский,5.0,9.0,8.74,34.96,6399231.0,1.0, Василия Клевцова,43.7,Заельцовская,2024
developer,Дзержинский,2.0,22.0,5.282,21.128,4750000.0,1.0, Есенина,26.41,Золотая Нива,2026
real_estate_agent,Железнодорожный,17.0,17.0,15.0,23.0,11200000.0,1.0,Красноярская ,52.0,Площадь Гарина-Михайловского,2002
real_estate_agent,Кировский,6.0,7.0,9.2,27.099999999999998,3000000.0,1.0, Петухова,36.3,Площадь Маркса,2014
developer,Октябрьский,6.0,23.0,11.3,13.1,6800000.0,1.0, Грибоедова,39.2,Золотая Нива,2026
real_estate_agent,Кировский,7.0,18.0,7.0,26.0,4200000.0,1.0, Петухова,33.0,Студенческая,2014
developer,Кировский,15.0,24.0,7.4,29.6,6350000.0,1.0, Оловозаводская,37.0,Студенческая,2026
real_estate_agent,Октябрьский,1.0,10.0,9.0,27.6,4300000.0,1.0,Лазурная ,36.6,Золотая Нива,1988
realtor,Советский,6.0,9.0,5.8,17.0,3000000.0,1.0,Приморская ,29.9,Студенческая,1978
real_estate_agent,Октябрьский,19.0,25.0,7.920000000000001,31.680000000000003,6534000.0,1.0,Пролетарская ,39.6,Золотая Нива,2026
real_estate_agent,Кировский,6.0,16.0,11.5,13.0,4350000.0,1.0, Петухова,35.2,Площадь Маркса,2024
real_estate_agent,Первомайский,5.0,17.0,4.38,17.52,2050000.0,1.0, Одоевского,21.9,Спортивная,2011
developer,Октябрьский,1.0,10.0,7.88,31.52,5905500.0,1.0,Выборная ,39.4,Речной вокзал,2026
real_estate_agent,Дзержинский,19.0,27.0,15.0,20.3,11000000.0,1.0,Закаменский мкр,40.3,Березовая Роща,2019
real_estate_agent,Ленинский,4.0,5.0,5.6,18.0,2600000.0,1.0,Станционная ,29.2,Площадь Маркса,1978
real_estate_agent,Ленинский,14.0,17.0,6.740000000000001,26.960000000000004,5000000.0,1.0,Рельефная ,33.7,Площадь Маркса,2025
real_estate_agent,Заельцовский,3.0,5.0,5.9,18.0,4800000.0,1.0, Дуси Ковальчук,30.6,Заельцовская,1962
real_estate_agent,Калининский,1.0,14.0,5.300000000000001,21.200000000000003,3900000.0,1.0,Родники мкр,26.5,Заельцовская,2027
developer,Ленинский,10.0,18.0,15.9,15.7,5510200.0,1.0, Титова,42.23,Площадь Маркса,2026
real_estate_agent,Кировский,1.0,10.0,11.0,27.5,4450000.0,1.0, Петухова,38.5,Площадь Маркса,2007
real_estate_agent,Кировский,8.0,9.0,7.0,20.0,2950000.0,1.0, Зорге,34.0,Площадь Маркса,1972
developer,Заельцовский,17.0,23.0,13.3,15.2,7700000.0,1.0, Ляпидевского,42.7,Заельцовская,2025
real_estate_agent,Дзержинский,1.0,9.0,5.0,35.0,4600000.0,1.0,Трикотажная ,40.0,Березовая Роща,1969
real_estate_agent,Советский,3.0,5.0,5.8,17.0,3250000.0,1.0,Часовая ,30.2,Студенческая,1994
developer,Дзержинский,24.0,25.0,8.314,33.256,7200000.0,1.0, Авиастроителей,41.57,Березовая Роща,2026
real_estate_agent,Кировский,16.0,17.0,10.0,31.200000000000003,4300000.0,1.0,Бронная ,41.2,Площадь Маркса,2024
real_estate_agent,Кировский,7.0,9.0,8.7,18.0,3250000.0,1.0, Громова,33.1,Площадь Маркса,1991
developer,Заельцовский,1.0,23.0,10.58,42.32,9513900.0,1.0, Дуси Ковальчук,52.9,Заельцовская,2023
real_estate_agent,Октябрьский,12.0,25.0,3.0,16.0,4255000.0,1.0, Кирова,23.0,Октябрьская,2024
real_estate_agent,Центральный,1.0,24.0,6.634,26.536,6302300.0,1.0, Семьи Шамшиных,33.17,Маршала Покрышкина,2028
real_estate_agent,Ленинский,17.0,18.0,10.0,30.700000000000003,4600000.0,1.0,Спортивная ,40.7,Площадь Маркса,2015
real_estate_agent,Первомайский,4.0,17.0,3.3,12.1,2500000.0,1.0, Одоевского,21.6,Речной вокзал,2013
real_estate_agent,Советский,2.0,10.0,16.9,13.0,6276520.0,1.0, Экваторная,40.17,Речной вокзал,2028
real_estate_agent,Октябрьский,2.0,13.0,10.0,31.0,4250000.0,1.0, В. Высоцкого,41.0,Золотая Нива,1996
homeowner,Ленинский,11.0,17.0,8.7,14.9,5950000.0,1.0,Рельефная ,34.0,Площадь Маркса,2025
real_estate_agent,Калининский,3.0,5.0,5.7,18.7,3300000.0,1.0, Объединения,31.1,Заельцовская,2017
real_estate_agent,Кировский,4.0,10.0,8.6,16.8,3300000.0,1.0, Петухова,32.5,Студенческая,2017
real_estate_agent,Калининский,2.0,5.0,5.7,16.3,3300000.0,1.0, Объединения,28.4,Заельцовская,1968
real_estate_agent,Октябрьский,1.0,10.0,5.0,27.5,3300000.0,1.0, Плющихинская,32.5,Золотая Нива,2018
real_estate_agent,Кировский,8.0,10.0,5.0,33.1,3300000.0,1.0, Николая Сотникова,38.1,Студенческая,2016
real_estate_agent,Кировский,3.0,5.0,6.0,17.0,3300000.0,1.0, Палласа,29.3,Площадь Маркса,1989
real_estate_agent,Октябрьский,9.0,9.0,6.1,14.7,3300000.0,1.0,Выборная ,27.5,Речной вокзал,1989
real_estate_agent,Кировский,3.0,5.0,8.6,18.0,3300000.0,1.0, Чемская,39.7,Студенческая,1992
real_estate_agent,Кировский,4.0,5.0,6.0,16.0,3300000.0,1.0, Чемская,29.0,Площадь Маркса,1978
real_estate_agent,Кировский,6.0,17.0,4.1,27.200000000000003,3300000.0,1.0, Виктора Уса,31.3,Площадь Маркса,2016
realtor,Кировский,4.0,9.0,8.0,20.0,3309009.0,1.0, Зорге,33.8,Площадь Маркса,1973
real_estate_agent,Ленинский,2.0,5.0,6.0,15.3,3300000.0,1.0, Пархоменко,28.6,Площадь Маркса,1977
real_estate_agent,Ленинский,2.0,3.0,6.0,19.0,3300000.0,1.0, Титова,31.2,Площадь Маркса,1959
real_estate_agent,Ленинский,2.0,5.0,5.6,17.4,3300000.0,1.0,Ударная ,30.2,Площадь Маркса,1969
real_estate_agent,Кировский,3.0,9.0,9.0,12.0,3300000.0,1.0, Громова,32.7,Площадь Маркса,2001
real_estate_agent,Первомайский,3.0,9.0,7.0,18.0,3300000.0,1.0,Узорная ,32.0,Спортивная,2013
real_estate_agent,Дзержинский,5.0,5.0,7.0,18.0,3390000.0,1.0,проспект Дзержинского,31.9,Березовая Роща,2019
real_estate_agent,Дзержинский,1.0,5.0,6.0,18.0,3380000.0,1.0,проспект Дзержинского,32.0,Березовая Роща,1960
real_estate_agent,Ленинский,5.0,14.0,4.0,18.5,3350000.0,1.0, Титова,22.5,Площадь Маркса,2014
real_estate_agent,Кировский,2.0,10.0,5.0,20.4,3350000.0,1.0, Александра Чистякова,32.4,Студенческая,2018
real_estate_agent,Кировский,14.0,16.0,4.0200000000000005,16.080000000000002,3350000.0,1.0, Петухова,20.1,Площадь Маркса,2024
real_estate_agent,Ленинский,2.0,5.0,6.0,17.1,3360000.0,1.0,Путевая ,31.9,Студенческая,1963
real_estate_agent,Кировский,5.0,17.0,5.0,23.2,3350000.0,1.0, Виктора Уса,28.2,Площадь Маркса,2016
real_estate_agent,Первомайский,4.0,5.0,5.6,16.3,3350000.0,1.0,Первомайская ,30.3,Речной вокзал,1969
real_estate_agent,Первомайский,11.0,16.0,4.0,10.0,3350000.0,1.0, Заречная,20.0,Спортивная,2021
real_estate_agent,Дзержинский,1.0,10.0,7.4,13.7,3350000.0,1.0, Есенина,28.5,Золотая Нива,1992
real_estate_agent,Ленинский,7.0,17.0,5.0,16.0,3350000.0,1.0, Связистов,32.0,Площадь Маркса,2024
real_estate_agent,Кировский,8.0,11.0,6.0,15.0,3350000.0,1.0, Петухова,25.8,Студенческая,2015
real_estate_agent,Кировский,1.0,3.0,9.9,15.0,3350000.0,1.0,Рубежная ,37.9,Площадь Маркса,2016
realtor,Кировский,4.0,11.0,9.0,18.0,3399000.0,1.0, Сибиряков-Гвардейцев,32.4,Площадь Маркса,2012
real_estate_agent,Дзержинский,5.0,5.0,6.0,18.8,3400000.0,1.0, Есенина,30.5,Золотая Нива,1967
real_estate_agent,Кировский,2.0,10.0,4.0,33.8,3400000.0,1.0, Виктора Шевелева,37.8,Студенческая,2019
real_estate_agent,Ленинский,5.0,18.0,5.640000000000001,22.560000000000002,3400000.0,1.0, Забалуева,28.2,Площадь Маркса,2021
real_estate_agent,Кировский,9.0,10.0,4.4,33.2,3400000.0,1.0, Виктора Шевелева,37.6,Студенческая,2022
real_estate_agent,Калининский,1.0,5.0,7.4,20.0,3400000.0,1.0, Магистральная,34.4,Заельцовская,1987
real_estate_agent,Ленинский,17.0,17.0,5.0,21.0,3400000.0,1.0, Ивана Севастьянова,26.0,Площадь Маркса,2019
real_estate_agent,Кировский,2.0,11.0,6.0,23.0,3400000.0,1.0, Петухова,29.0,Студенческая,2015
real_estate_agent,Первомайский,8.0,17.0,12.0,13.0,3400000.0,1.0, Одоевского,30.0,Речной вокзал,2011
real_estate_agent,Калининский,1.0,9.0,9.0,19.0,3400000.0,1.0, Красных Зорь,37.6,Заельцовская,1989
real_estate_agent,Кировский,10.0,10.0,6.0,18.0,3400000.0,1.0, Дмитрия Шмонина,29.0,Студенческая,2020
realtor,Ленинский,1.0,5.0,5.9,14.8,3400000.0,1.0,Киевская ,28.1,Площадь Маркса,1981
real_estate_agent,Ленинский,5.0,10.0,8.5,19.1,3450000.0,1.0,Спортивная ,37.0,Площадь Маркса,2016
real_estate_agent,Дзержинский,7.0,10.0,5.5,19.6,3470000.0,1.0, Шекспира,32.6,Березовая Роща,1975
real_estate_agent,Октябрьский,10.0,10.0,6.800000000000001,27.200000000000003,3450000.0,1.0, Плющихинская,34.0,Золотая Нива,2024
real_estate_agent,Заельцовский,5.0,5.0,5.0,17.1,3450000.0,1.0,Кубовая ,22.1,Заельцовская,2012
real_estate_agent,Кировский,9.0,10.0,6.48,25.92,3450000.0,1.0, Виктора Шевелева,32.4,Студенческая,2018
real_estate_agent,Советский,12.0,25.0,5.1000000000000005,20.400000000000002,3450000.0,1.0,Приморская ,25.5,Студенческая,2017
real_estate_agent,Ленинский,2.0,4.0,8.3,16.1,3470000.0,1.0,Большая ,34.0,Площадь Маркса,2016
real_estate_agent,Октябрьский,9.0,10.0,11.0,17.0,3499000.0,1.0, Виталия Потылицына,40.9,Золотая Нива,2020
real_estate_agent,Октябрьский,10.0,10.0,13.8,21.0,3470000.0,1.0, В. Высоцкого,48.94,Золотая Нива,2020
realtor,Кировский,5.0,18.0,10.0,21.3,3450000.0,1.0, Виктора Уса,31.3,Площадь Маркса,2016
real_estate_agent,Кировский,3.0,5.0,5.8,15.3,3500000.0,1.0, Чемская,28.8,Студенческая,2017
real_estate_agent,Советский,2.0,9.0,9.0,19.0,3500000.0,1.0, Печатников,38.6,Студенческая,1994
real_estate_agent,Кировский,6.0,10.0,10.6,16.5,3500000.0,1.0, Виктора Шевелева,42.0,Студенческая,2022
real_estate_agent,Кировский,8.0,9.0,5.0,18.0,3500000.0,1.0, Саввы Кожевникова,29.9,Студенческая,1985
realtor,Калининский,1.0,5.0,5.0,16.0,3500000.0,1.0,Народная ,31.4,Заельцовская,2017
real_estate_agent,Ленинский,5.0,5.0,5.8,15.4,3500000.0,1.0,Широкая ,29.7,Площадь Маркса,1977
real_estate_agent,Кировский,10.0,10.0,10.9,16.6,3500000.0,1.0, Дмитрия Шмонина,40.4,Студенческая,2018
real_estate_agent,Калининский,3.0,17.0,4.6000000000000005,18.400000000000002,3500000.0,1.0, Фадеева,23.0,Заельцовская,2014
real_estate_agent,Калининский,1.0,9.0,8.8,19.2,3500000.0,1.0, Курчатова,38.2,Заельцовская,1980
real_estate_agent,Кировский,7.0,9.0,5.8,17.0,3500000.0,1.0, Саввы Кожевникова,29.4,Студенческая,1985
real_estate_agent,Кировский,3.0,17.0,10.1,15.6,3500000.0,1.0, Дмитрия Шмонина,32.8,Студенческая,2017
real_estate_agent,Калининский,1.0,5.0,6.0,19.0,3500000.0,1.0, Объединения,32.3,Заельцовская,2017
real_estate_agent,Калининский,5.0,5.0,5.9,17.6,3500000.0,1.0, Столетова,30.1,Заельцовская,2017
real_estate_agent,Кировский,3.0,5.0,11.7,18.2,3500000.0,1.0, Петухова,35.2,Площадь Маркса,2014
real_estate_agent,Октябрьский,10.0,10.0,5.0,27.700000000000003,3500000.0,1.0, Плющихинская,32.7,Золотая Нива,2019
real_estate_agent,Заельцовский,9.0,23.0,5.074000000000001,20.296000000000003,3500000.0,1.0,Светлановская ,25.37,Заельцовская,2025
real_estate_agent,Первомайский,2.0,5.0,6.0,17.0,3500000.0,1.0,Первомайская ,28.0,Речной вокзал,2013
real_estate_agent,Октябрьский,10.0,10.0,5.0,15.0,3500000.0,1.0, Плющихинская,37.8,Золотая Нива,2024
real_estate_agent,Кировский,2.0,3.0,6.0,20.0,3500000.0,1.0, Сибиряков-Гвардейцев,34.1,Площадь Маркса,2019
real_estate_agent,Кировский,4.0,9.0,5.4,17.1,3500000.0,1.0, Зорге,29.7,Площадь Маркса,1973
real_estate_agent,Кировский,1.0,3.0,8.0,17.9,3500000.0,1.0,Воскресная ,39.2,Студенческая,2016
real_estate_agent,Заельцовский,4.0,4.0,4.0,15.0,3500000.0,1.0, Дмитрия Донского,25.2,Заельцовская,1961
real_estate_agent,Кировский,2.0,5.0,9.0,20.0,3500000.0,1.0, Петухова,36.5,Площадь Маркса,2015
real_estate_agent,Дзержинский,1.0,5.0,6.0,24.0,3500000.0,1.0,проспект Дзержинского,30.0,Березовая Роща,1960
real_estate_agent,Первомайский,9.0,19.0,9.0,15.0,3500000.0,1.0,Березовая ,30.0,Речной вокзал,2010
real_estate_agent,Первомайский,4.0,4.0,9.0,17.6,3500000.0,1.0, Новоселов,31.6,Спортивная,2011
real_estate_agent,Ленинский,2.0,9.0,5.8,17.6,3500000.0,1.0,Широкая ,29.7,Площадь Маркса,1991
real_estate_agent,Кировский,1.0,25.0,9.0,17.0,3500000.0,1.0, Бородина,35.0,Площадь Маркса,2022
realtor,Кировский,4.0,17.0,6.0,24.0,3500000.0,1.0, Александра Чистякова,30.0,Студенческая,2017
real_estate_agent,Кировский,1.0,10.0,10.1,15.8,3550000.0,1.0, Петухова,37.3,Студенческая,2017
real_estate_agent,Дзержинский,5.0,5.0,6.0,18.0,3590000.0,1.0,проспект Дзержинского,31.9,Золотая Нива,1960
real_estate_agent,Кировский,11.0,16.0,11.0,15.0,3550000.0,1.0, Дмитрия Шмонина,32.0,Студенческая,2017
real_estate_agent,Октябрьский,7.0,10.0,9.0,16.0,3550000.0,1.0,Пролетарская ,39.3,Речной вокзал,2027
real_estate_agent,Кировский,15.0,16.0,11.3,18.4,3550000.0,1.0, Виктора Уса,36.1,Площадь Маркса,2013
real_estate_agent,Ленинский,1.0,5.0,6.2,16.7,3550000.0,1.0, Станиславского,29.5,Площадь Маркса,1966
real_estate_agent,Октябрьский,4.0,10.0,12.0,17.0,3580000.0,1.0, Виталия Потылицына,42.2,Золотая Нива,2015
real_estate_agent,Ленинский,5.0,10.0,5.0,22.6,3550000.0,1.0,Вертковская ,27.6,Площадь Маркса,2018
real_estate_agent,Ленинский,1.0,5.0,6.0,17.0,3590000.0,1.0, Пархоменко,28.9,Площадь Маркса,1979
realtor,Ленинский,1.0,3.0,4.6000000000000005,18.400000000000002,3550000.0,1.0, Костычева,23.0,Площадь Маркса,2015
realtor,Дзержинский,4.0,5.0,5.9,17.5,3550000.0,1.0, Авиастроителей,29.9,Березовая Роща,2019
real_estate_agent,Ленинский,3.0,4.0,10.0,18.0,3600000.0,1.0,Большая ,38.9,Площадь Маркса,2016
real_estate_agent,Первомайский,2.0,4.0,5.9,17.6,3600000.0,1.0,Первомайская ,32.0,Спортивная,1961
real_estate_agent,Ленинский,1.0,17.0,4.9,23.200000000000003,3600000.0,1.0, Связистов,28.1,Площадь Маркса,2024
real_estate_agent,Кировский,2.0,10.0,9.0,18.0,3600000.0,1.0, Александра Чистякова,40.5,Студенческая,2018
real_estate_agent,Калининский,8.0,10.0,4.0,24.0,3600000.0,1.0, Мясниковой,28.0,Заельцовская,2015
real_estate_agent,Кировский,2.0,5.0,5.8,19.1,3600000.0,1.0, Сибиряков-Гвардейцев,32.4,Площадь Маркса,1963
real_estate_agent,Калининский,9.0,9.0,5.8,20.9,3600000.0,1.0, Олеко Дундича,33.8,Березовая Роща,1971
real_estate_agent,Калининский,14.0,17.0,4.1,19.9,3640000.0,1.0, Фадеева,24.0,Заельцовская,2015
real_estate_agent,Центральный,3.0,5.0,5.0,12.0,3600000.0,1.0, Крылова,22.5,Маршала Покрышкина,1972
real_estate_agent,Дзержинский,3.0,5.0,10.0,18.0,3600000.0,1.0, Дениса Давыдова,34.8,Березовая Роща,1982
real_estate_agent,Октябрьский,6.0,10.0,5.0,17.0,3600000.0,1.0, Виталия Потылицына,33.0,Золотая Нива,2017
real_estate_agent,Дзержинский,5.0,5.0,5.6,18.0,3600000.0,1.0, Куприна,28.7,Золотая Нива,1977
real_estate_agent,Кировский,10.0,10.0,7.68,30.72,3600000.0,1.0, Дмитрия Шмонина,38.4,Студенческая,2021
real_estate_agent,Октябрьский,8.0,10.0,13.8,20.9,3600000.0,1.0, Плющихинская,48.3,Золотая Нива,2024
real_estate_agent,Ленинский,8.0,12.0,10.1,18.2,3600000.0,1.0,Ударная ,36.4,Площадь Маркса,1981
real_estate_agent,Советский,1.0,9.0,9.2,18.9,3600000.0,1.0, Экваторная,38.3,Речной вокзал,1990
real_estate_agent,Заельцовский,3.0,5.0,6.0,17.5,3600000.0,1.0, Аэропорт,30.7,Заельцовская,2022
realtor,Кировский,2.0,3.0,11.3,19.8,3600000.0,1.0,Рубежная ,41.8,Студенческая,2013
real_estate_agent,Ленинский,2.0,3.0,8.0,16.0,3600000.0,1.0,Большая ,35.0,Площадь Маркса,2014
real_estate_agent,Дзержинский,4.0,9.0,7.0,16.0,3600000.0,1.0, Лазарева,30.8,Березовая Роща,1971
real_estate_agent,Первомайский,8.0,17.0,8.6,12.2,3635000.0,1.0, Одоевского,28.9,Спортивная,2013
real_estate_agent,Заельцовский,3.0,4.0,7.2,18.0,3600000.0,1.0,Охотская ,34.2,Заельцовская,1998
realtor,Кировский,2.0,9.0,7.0,15.5,3600000.0,1.0, Сибиряков-Гвардейцев,34.8,Площадь Маркса,1989
real_estate_agent,Заельцовский,2.0,2.0,5.0,20.0,3600000.0,1.0, Жуковского,28.2,Заельцовская,1961
real_estate_agent,Ленинский,3.0,9.0,6.0,18.0,3650000.0,1.0,Полтавская ,30.2,Площадь Маркса,1974
real_estate_agent,Дзержинский,2.0,5.0,6.0,16.0,3650000.0,1.0,Промышленная ,31.2,Березовая Роща,2019
real_estate_agent,Ленинский,13.0,14.0,8.0,20.0,3690000.0,1.0, Титова,28.0,Площадь Маркса,2014
real_estate_agent,Октябрьский,1.0,5.0,4.9,17.4,3690000.0,1.0, Бориса Богаткова,29.1,Речной вокзал,1970
real_estate_agent,Кировский,5.0,10.0,14.0,21.0,3650000.0,1.0, Александра Чистякова,48.0,Студенческая,2023
real_estate_agent,Октябрьский,3.0,10.0,14.0,21.0,3650000.0,1.0, Плющихинская,48.5,Золотая Нива,2023
real_estate_agent,Ленинский,8.0,9.0,5.3,17.2,3650000.0,1.0, Забалуева,29.7,Площадь Маркса,1970
real_estate_agent,Кировский,2.0,3.0,11.3,17.1,3650000.0,1.0,Рубежная ,37.8,Студенческая,2015
real_estate_agent,Кировский,11.0,25.0,5.0,18.0,3650000.0,1.0, Петухова,30.2,Студенческая,2022
real_estate_agent,Первомайский,2.0,19.0,3.5,24.5,3650000.0,1.0, Одоевского,34.3,Речной вокзал,2013
real_estate_agent,Кировский,7.0,25.0,9.1,18.0,3690000.0,1.0, Бородина,32.0,Площадь Маркса,2022
real_estate_agent,Октябрьский,2.0,4.0,6.0,18.1,3700000.0,1.0, Гаранина,32.7,Золотая Нива,1970
real_estate_agent,Кировский,3.0,5.0,6.0,17.0,3700000.0,1.0, Ватутина,30.0,Площадь Маркса,1966
real_estate_agent,Калининский,1.0,5.0,5.7,18.1,3700000.0,1.0, Богдана Хмельницкого,30.9,Заельцовская,1960
real_estate_agent,Заельцовский,1.0,2.0,15.0,16.5,3720000.0,1.0, Вавилова,31.5,Заельцовская,2022
real_estate_agent,Калининский,3.0,9.0,6.0,17.0,3700000.0,1.0, Объединения,31.6,Заельцовская,1968
real_estate_agent,Ленинский,4.0,5.0,5.8,18.8,3710000.0,1.0,Путевая ,32.6,Площадь Маркса,1963
real_estate_agent,Кировский,3.0,3.0,5.0,41.6,3700000.0,1.0,Рубежная ,46.6,Студенческая,2013
real_estate_agent,Ленинский,7.0,9.0,7.0,17.0,3700000.0,1.0,Троллейная ,32.3,Площадь Маркса,1980
real_estate_agent,Первомайский,2.0,5.0,6.2,16.5,3700000.0,1.0, Красный Факел,28.5,Речной вокзал,1975
real_estate_agent,Кировский,4.0,10.0,9.0,19.1,3700000.0,1.0, Петухова,37.7,Студенческая,2014
real_estate_agent,Ленинский,4.0,9.0,5.3,17.2,3700000.0,1.0,Полтавская ,29.8,Площадь Маркса,1974
real_estate_agent,Кировский,7.0,10.0,10.2,15.9,3700000.0,1.0, Сибиряков-Гвардейцев,37.5,Площадь Маркса,2011
real_estate_agent,Ленинский,8.0,9.0,6.0,17.0,3700000.0,1.0,Тульская ,29.4,Площадь Маркса,1969
real_estate_agent,Октябрьский,1.0,17.0,5.0,20.4,3700000.0,1.0,Рябиновая ,25.4,Речной вокзал,2010
real_estate_agent,Ленинский,9.0,10.0,9.0,18.3,3700000.0,1.0,Колхидская ,32.3,Площадь Маркса,2015
real_estate_agent,Дзержинский,1.0,9.0,6.0,25.6,3700000.0,1.0,Гусинобродское шоссе,31.6,Золотая Нива,1977
real_estate_agent,Дзержинский,4.0,5.0,6.0,17.0,3700000.0,1.0,Индустриальная ,31.0,Березовая Роща,2019
real_estate_agent,Калининский,1.0,5.0,5.0,16.5,3700000.0,1.0,Учительская ,29.0,Заельцовская,2017
real_estate_agent,Октябрьский,7.0,10.0,16.6,25.4,3700000.0,1.0, В. Высоцкого,59.0,Золотая Нива,2024
real_estate_agent,Ленинский,4.0,6.0,10.6,17.7,3700000.0,1.0,Хилокская ,41.1,Площадь Маркса,1993
realtor,Дзержинский,9.0,9.0,5.6,16.9,3700000.0,1.0,Гусинобродское шоссе,29.5,Золотая Нива,1977
real_estate_agent,Кировский,10.0,11.0,6.0,25.0,3700000.0,1.0, Виктора Шевелева,38.3,Студенческая,2023
real_estate_agent,Калининский,2.0,9.0,5.5,18.9,3700000.0,1.0,Учительская ,32.1,Заельцовская,1978
real_estate_agent,Ленинский,1.0,10.0,8.4,18.8,3750000.0,1.0,Спортивная ,36.7,Площадь Маркса,2015
real_estate_agent,Октябрьский,1.0,5.0,5.7,18.8,3750000.0,1.0,Гурьевская ,31.9,Речной вокзал,1966
real_estate_agent,Советский,9.0,10.0,9.1,19.0,3750000.0,1.0, Лесосечная,38.0,Октябрьская,1995
real_estate_agent,Калининский,5.0,9.0,5.0,16.0,3790000.0,1.0, Михаила Востокова,24.0,Заельцовская,2023
real_estate_agent,Советский,7.0,9.0,7.1,12.3,3750000.0,1.0, Русская,30.5,Студенческая,1990
real_estate_agent,Кировский,8.0,9.0,5.0,18.0,3799000.0,1.0, Саввы Кожевникова,30.0,Студенческая,1987
real_estate_agent,Калининский,1.0,9.0,5.6,17.1,3790000.0,1.0, Кропоткина,30.0,Березовая Роща,1987
real_estate_agent,Советский,1.0,9.0,4.0,12.0,3750000.0,1.0, Иванова,21.1,Студенческая,1980
real_estate_agent,Первомайский,10.0,18.0,4.0200000000000005,16.080000000000002,3750000.0,1.0, Красный Факел,20.1,Спортивная,2024
real_estate_agent,Заельцовский,5.0,5.0,6.0,18.0,3750000.0,1.0, Жуковского,30.8,Заельцовская,2022
real_estate_agent,Дзержинский,2.0,5.0,6.0,17.0,3790000.0,1.0, Есенина,31.0,Золотая Нива,1966
real_estate_agent,Калининский,2.0,9.0,9.0,27.4,3750000.0,1.0, Курчатова,36.4,Заельцовская,2017
real_estate_agent,Советский,1.0,9.0,9.8,19.1,3770000.0,1.0, Экваторная,37.5,Речной вокзал,1990
real_estate_agent,Кировский,5.0,19.0,15.0,16.0,3750000.0,1.0, Виктора Уса,42.6,Площадь Маркса,2014
real_estate_agent,Ленинский,3.0,5.0,6.5,17.1,3780000.0,1.0, Забалуева,30.5,Площадь Маркса,1973
real_estate_agent,Октябрьский,7.0,10.0,9.4,16.4,3750000.0,1.0,Пролетарская ,39.3,Речной вокзал,2020
real_estate_agent,Ленинский,6.0,9.0,6.0,17.0,3800000.0,1.0,Курганская ,31.3,Площадь Маркса,1974
real_estate_agent,Ленинский,2.0,5.0,6.0,18.0,3800000.0,1.0,Курганская ,29.7,Площадь Маркса,1974
real_estate_agent,Дзержинский,5.0,5.0,6.0,19.2,3800000.0,1.0,Индустриальная ,31.3,Березовая Роща,2019
real_estate_agent,Октябрьский,10.0,10.0,7.0,20.0,3800000.0,1.0, Татьяны Снежиной,37.0,Золотая Нива,2011
real_estate_agent,Заельцовский,2.0,10.0,8.0,19.0,3800000.0,1.0,Кубовая ,27.0,Заельцовская,2015
real_estate_agent,Октябрьский,3.0,10.0,5.0,27.200000000000003,3800000.0,1.0, Татьяны Снежиной,32.2,Золотая Нива,2013
real_estate_agent,Ленинский,9.0,17.0,4.1,22.5,3800000.0,1.0, Титова,26.6,Площадь Маркса,2020
real_estate_agent,Октябрьский,2.0,10.0,10.9,16.7,3800000.0,1.0, Татьяны Снежиной,40.7,Золотая Нива,2013
real_estate_agent,Дзержинский,1.0,5.0,8.8,18.8,3800000.0,1.0, 25 лет Октября,35.6,Березовая Роща,1959
real_estate_agent,Калининский,1.0,9.0,7.9,11.2,3800000.0,1.0, Михаила Востокова,31.0,Заельцовская,2017
real_estate_agent,Кировский,1.0,5.0,9.3,13.9,3800000.0,1.0,Пригородная ,33.9,Площадь Маркса,2012
real_estate_agent,Ленинский,4.0,5.0,6.0,19.0,3800000.0,1.0, Блюхера,32.0,Студенческая,2015
real_estate_agent,Ленинский,6.0,9.0,5.8,17.6,3800000.0,1.0,Широкая ,29.4,Площадь Маркса,1973
real_estate_agent,Ленинский,9.0,10.0,9.0,13.7,3800000.0,1.0, Титова,29.5,Площадь Маркса,2014
real_estate_agent,Дзержинский,2.0,9.0,5.2,16.6,3800000.0,1.0, Доватора,29.0,Золотая Нива,1975
real_estate_agent,Кировский,5.0,10.0,12.0,25.0,3800000.0,1.0, Александра Чистякова,48.0,Студенческая,2017
real_estate_agent,Ленинский,3.0,10.0,10.0,17.0,3850000.0,1.0,Спортивная ,33.0,Площадь Маркса,2016
real_estate_agent,Ленинский,10.0,10.0,9.0,18.9,3850000.0,1.0,Спортивная ,36.9,Площадь Маркса,2012
real_estate_agent,Первомайский,1.0,9.0,8.7,18.8,3850000.0,1.0,Тенистая ,34.5,Речной вокзал,2013
real_estate_agent,Октябрьский,4.0,5.0,5.7,15.5,3880000.0,1.0,Выборная ,29.3,Речной вокзал,2020
real_estate_agent,Калининский,5.0,5.0,5.5,17.3,3850000.0,1.0,Народная ,30.2,Заельцовская,1974
real_estate_agent,Кировский,7.0,24.0,4.0,27.0,3850000.0,1.0, Бородина,31.0,Площадь Маркса,2025
real_estate_agent,Ленинский,1.0,10.0,8.6,19.0,3850000.0,1.0,Спортивная ,38.0,Площадь Маркса,2015
real_estate_agent,Кировский,10.0,19.0,10.0,24.9,3860000.0,1.0, Александра Чистякова,34.9,Студенческая,2019
real_estate_agent,Ленинский,5.0,10.0,9.0,16.8,3850000.0,1.0,Спортивная ,32.6,Площадь Маркса,2023
real_estate_agent,Калининский,1.0,9.0,5.5,17.5,3850000.0,1.0, Макаренко,29.0,Заельцовская,2017
real_estate_agent,Ленинский,3.0,6.0,9.0,22.0,3900000.0,1.0,Планировочная ,36.0,Студенческая,2015
real_estate_agent,Октябрьский,2.0,5.0,6.0,18.0,3900000.0,1.0, Никитина,32.5,Октябрьская,1969
real_estate_agent,Заельцовский,2.0,5.0,6.0,18.0,3900000.0,1.0,Холодильная ,31.0,Гагаринская,1976
real_estate_agent,Октябрьский,7.0,10.0,4.0,33.8,3920000.0,1.0, Плющихинская,37.8,Золотая Нива,2018
real_estate_agent,Ленинский,10.0,11.0,8.9,16.6,3900000.0,1.0,Спортивная ,32.3,Площадь Маркса,2017
real_estate_agent,Калининский,6.0,9.0,7.3,17.7,3900000.0,1.0, Объединения,32.1,Заельцовская,1972
real_estate_agent,Ленинский,2.0,5.0,5.7,18.8,3900000.0,1.0,Выставочная ,30.4,Площадь Маркса,1965
real_estate_agent,Калининский,6.0,9.0,8.9,18.6,3900000.0,1.0, Тамбовская,36.1,Заельцовская,1987
real_estate_agent,Октябрьский,3.0,10.0,10.0,17.0,3900000.0,1.0, Татьяны Снежиной,42.0,Золотая Нива,2011
real_estate_agent,Ленинский,7.0,17.0,5.0,22.0,3900000.0,1.0, Забалуева,27.0,Площадь Маркса,2022
real_estate_agent,Октябрьский,10.0,10.0,5.0,27.5,3910000.0,1.0, Плющихинская,32.5,Золотая Нива,2024
real_estate_agent,Кировский,6.0,19.0,8.4,17.7,3900000.0,1.0, Александра Чистякова,36.6,Студенческая,2020
real_estate_agent,Дзержинский,1.0,5.0,6.0,17.0,3900000.0,1.0,проспект Дзержинского,30.9,Березовая Роща,2019
real_estate_agent,Железнодорожный,4.0,5.0,6.0,17.0,3900000.0,1.0,Владимировская ,31.0,Площадь Гарина-Михайловского,1965
real_estate_agent,Советский,3.0,5.0,5.0,23.7,3900000.0,1.0, Иванова,28.7,Студенческая,1994
real_estate_agent,Кировский,1.0,10.0,13.4,14.1,3900000.0,1.0, Сибиряков-Гвардейцев,51.7,Площадь Маркса,2012
real_estate_agent,Ленинский,7.0,10.0,8.4,18.8,3900000.0,1.0,Спортивная ,36.8,Площадь Маркса,2015
real_estate_agent,Октябрьский,9.0,9.0,6.7,18.0,3930000.0,1.0,Выборная ,30.2,Речной вокзал,1979
real_estate_agent,Октябрьский,5.0,5.0,6.1,18.0,3900000.0,1.0,Большевистская ,32.5,Речной вокзал,1965
real_estate_agent,Кировский,13.0,15.0,10.6,17.1,3900000.0,1.0, Николая Сотникова,41.9,Студенческая,2022
real_estate_agent,Калининский,5.0,9.0,9.0,28.0,3900000.0,1.0, Курчатова,37.0,Заельцовская,1989
real_estate_agent,Калининский,3.0,5.0,6.0,23.0,3900000.0,1.0, Макаренко,29.0,Заельцовская,2017
real_estate_agent,Кировский,17.0,18.0,14.1,26.0,3900000.0,1.0, Виктора Уса,42.8,Площадь Маркса,2013
real_estate_agent,Ленинский,5.0,5.0,6.0,17.0,3950000.0,1.0,проспект Карла Маркса,31.0,Студенческая,1962
real_estate_agent,Советский,6.0,9.0,9.0,19.0,3990000.0,1.0, Лесосечная,38.0,Октябрьская,1994
real_estate_agent,Кировский,2.0,3.0,10.0,20.6,3950000.0,1.0, Палласа,45.0,Площадь Маркса,2017
real_estate_agent,Центральный,1.0,5.0,5.0,11.0,3970000.0,1.0, Крылова,22.0,Маршала Покрышкина,2007
real_estate_agent,Кировский,6.0,10.0,10.0,30.5,3950000.0,1.0, Александра Чистякова,40.5,Студенческая,2018
real_estate_agent,Заельцовский,4.0,5.0,5.9,17.6,3999000.0,1.0, Жуковского,28.9,Заельцовская,1964
real_estate_agent,Кировский,7.0,10.0,8.6,16.7,3950000.0,1.0, Петухова,33.0,Студенческая,2015
real_estate_agent,Калининский,15.0,17.0,6.0,14.0,3999000.0,1.0, Фадеева,28.1,Заельцовская,2014
real_estate_agent,Кировский,16.0,17.0,8.3,14.1,3999000.0,1.0, Петухова,32.7,Площадь Маркса,2014
real_estate_agent,Заельцовский,8.0,10.0,8.8,12.0,3999000.0,1.0,Кубовая ,20.8,Заельцовская,2013
real_estate_agent,Калининский,1.0,9.0,9.0,19.0,3980000.0,1.0, Рассветная,36.5,Заельцовская,2017
real_estate_agent,Заельцовский,1.0,5.0,5.8,16.5,3999999.0,1.0, Кропоткина,28.6,Гагаринская,1967
real_estate_agent,Октябрьский,8.0,10.0,12.0,17.0,3990000.0,1.0, Татьяны Снежиной,42.4,Золотая Нива,2020
real_estate_agent,Ленинский,3.0,3.0,9.0,20.6,3950000.0,1.0,Большая ,39.0,Площадь Маркса,2014
real_estate_agent,Калининский,3.0,5.0,5.0,18.0,3990000.0,1.0, Богдана Хмельницкого,31.0,Заельцовская,1963
real_estate_agent,Кировский,1.0,24.0,10.1,14.4,3997000.0,1.0, Бородина,37.4,Площадь Маркса,2017
real_estate_agent,Кировский,7.0,10.0,7.0,31.0,3950000.0,1.0, Виктора Шевелева,38.0,Студенческая,2017
realtor,Кировский,1.0,3.0,8.4,33.6,3950000.0,1.0,Вознесенская ,42.0,Площадь Маркса,2013
real_estate_agent,Заельцовский,3.0,13.0,5.0,14.0,4010000.0,1.0, Лобачевского,29.1,Заельцовская,2018
real_estate_agent,Ленинский,1.0,5.0,5.7,17.0,4000000.0,1.0, Блюхера,31.1,Студенческая,1962
real_estate_agent,Калининский,3.0,9.0,8.2,14.0,4000000.0,1.0, Кочубея,34.2,Заельцовская,1992
real_estate_agent,Кировский,13.0,17.0,7.2,18.0,4000000.0,1.0, Петухова,34.7,Студенческая,2015
real_estate_agent,Октябрьский,7.0,10.0,12.2,16.5,4000000.0,1.0, В. Высоцкого,42.2,Золотая Нива,2011
real_estate_agent,Ленинский,2.0,5.0,5.6,16.5,4000000.0,1.0,проспект Карла Маркса,30.7,Студенческая,1963
real_estate_agent,Ленинский,3.0,3.0,10.0,24.0,4000000.0,1.0,Большая ,39.0,Площадь Маркса,2014
real_estate_agent,Октябрьский,1.0,5.0,5.8,17.2,4000000.0,1.0, Тургенева,29.9,Октябрьская,1970
real_estate_agent,Ленинский,4.0,5.0,5.9,19.0,4000000.0,1.0,Выставочная ,31.5,Студенческая,1963
real_estate_agent,Октябрьский,6.0,9.0,9.3,17.5,4000000.0,1.0,Выборная ,35.9,Речной вокзал,1987
real_estate_agent,Ленинский,10.0,10.0,8.6,16.8,4000000.0,1.0,Колхидская ,32.6,Площадь Маркса,2009
real_estate_agent,Ленинский,3.0,4.0,8.6,20.8,4000000.0,1.0,Большая ,38.9,Площадь Маркса,2015
real_estate_agent,Ленинский,1.0,17.0,10.2,12.0,4000000.0,1.0, Забалуева,33.43,Площадь Маркса,2015
real_estate_agent,Кировский,12.0,17.0,8.0,20.9,4000000.0,1.0, Петухова,37.9,Площадь Маркса,2024
real_estate_agent,Октябрьский,4.0,5.0,6.0,26.0,4000000.0,1.0, Гаранина,32.0,Золотая Нива,1974
realtor,Кировский,7.0,10.0,9.0,31.0,4000000.0,1.0, Зорге,40.0,Площадь Маркса,2011
real_estate_agent,Ленинский,1.0,10.0,8.4,18.0,4090000.0,1.0,Спортивная ,36.8,Площадь Маркса,2012
real_estate_agent,Ленинский,3.0,6.0,10.0,18.0,4050000.0,1.0, 2-я Портовая,37.6,Площадь Маркса,2012
real_estate_agent,Октябрьский,8.0,10.0,12.0,17.0,4050000.0,1.0, Татьяны Снежиной,42.5,Золотая Нива,2011
real_estate_agent,Октябрьский,12.0,17.0,4.32,17.28,4050000.0,1.0,Закаменский мкр,21.6,Березовая Роща,2023
real_estate_agent,Заельцовский,1.0,5.0,6.0,18.0,4050000.0,1.0,Линейная ,30.2,Гагаринская,1967
real_estate_agent,Советский,1.0,10.0,8.1,18.1,4050000.0,1.0, Лесосечная,34.1,Октябрьская,1995
real_estate_agent,Кировский,2.0,9.0,8.0,25.4,4050000.0,1.0, Громова,33.4,Площадь Маркса,1991
real_estate_agent,Кировский,8.0,17.0,4.0,26.6,4100000.0,1.0, Зорге,30.6,Площадь Маркса,2022
real_estate_agent,Заельцовский,2.0,5.0,6.0,18.0,4100000.0,1.0, Жуковского,29.2,Заельцовская,1969
real_estate_agent,Калининский,5.0,5.0,6.0,19.3,4100000.0,1.0,Народная ,32.6,Заельцовская,1959
real_estate_agent,Кировский,5.0,10.0,8.6,19.1,4100000.0,1.0, Петухова,37.3,Студенческая,2014
real_estate_agent,Дзержинский,4.0,20.0,6.0,18.5,4100000.0,1.0,проспект Дзержинского,24.5,Березовая Роща,2020
real_estate_agent,Ленинский,3.0,3.0,8.4,16.1,4140000.0,1.0,Большая ,34.2,Площадь Маркса,2014
real_estate_agent,Заельцовский,10.0,25.0,4.0,21.8,4100000.0,1.0,Сухарная ,25.8,Площадь Гарина-Михайловского,2023
real_estate_agent,Октябрьский,8.0,10.0,11.8,18.0,4100000.0,1.0, В. Высоцкого,36.7,Золотая Нива,2010
real_estate_agent,Калининский,2.0,5.0,6.3,17.2,4100000.0,1.0,Народная ,31.7,Заельцовская,1960
real_estate_agent,Калининский,9.0,9.0,9.0,19.0,4100000.0,1.0, Курчатова,38.0,Заельцовская,2017
real_estate_agent,Кировский,7.0,12.0,7.0,16.0,4100000.0,1.0, Петухова,33.0,Студенческая,2018
real_estate_agent,Советский,4.0,9.0,5.0,12.0,4100000.0,1.0, Иванова,21.0,Студенческая,1994
real_estate_agent,Советский,2.0,9.0,9.0,19.0,4100000.0,1.0, Экваторная,39.0,Речной вокзал,1994
real_estate_agent,Заельцовский,5.0,5.0,4.6,29.9,4100000.0,1.0,Кубовая ,34.5,Заельцовская,1999
real_estate_agent,Ленинский,3.0,10.0,10.0,20.0,4100000.0,1.0, Титова,40.0,Площадь Маркса,2018
real_estate_agent,Октябрьский,9.0,10.0,12.1,16.5,4100000.0,1.0, Татьяны Снежиной,45.2,Золотая Нива,2020
real_estate_agent,Заельцовский,2.0,5.0,5.7,17.8,4100000.0,1.0, Дуси Ковальчук,29.7,Заельцовская,1965
real_estate_agent,Кировский,2.0,10.0,13.8,21.0,4100000.0,1.0, Николая Сотникова,48.1,Студенческая,2017
real_estate_agent,Октябрьский,4.0,10.0,12.0,17.0,4100000.0,1.0, Татьяны Снежиной,43.0,Золотая Нива,2020
real_estate_agent,Калининский,2.0,5.0,5.0,18.0,4100000.0,1.0,Народная ,31.0,Заельцовская,2017
real_estate_agent,Дзержинский,1.0,5.0,5.9,19.5,4100000.0,1.0, Есенина,30.0,Золотая Нива,2019
real_estate_agent,Октябрьский,7.0,10.0,9.0,16.0,4100000.0,1.0, В. Высоцкого,34.0,Золотая Нива,2008
realtor,Ленинский,4.0,9.0,6.800000000000001,27.200000000000003,4100000.0,1.0, Немировича-Данченко,34.0,Площадь Маркса,2015
realtor,Советский,1.0,4.0,6.0,17.0,4100000.0,1.0, Героев Труда,31.6,Речной вокзал,1961
realtor,Октябрьский,1.0,5.0,6.0,16.0,4100000.0,1.0,Выборная ,30.0,Речной вокзал,1988
realtor,Ленинский,10.0,12.0,10.4,17.7,4100000.0,1.0,Спортивная ,35.9,Площадь Маркса,2016
real_estate_agent,Калининский,3.0,10.0,9.0,19.0,4150000.0,1.0, Тюленина,37.2,Заельцовская,2017
real_estate_agent,Октябрьский,2.0,16.0,4.0600000000000005,16.240000000000002,4150000.0,1.0,Ипподромская ,20.3,Октябрьская,2023
real_estate_agent,Дзержинский,1.0,9.0,5.4,24.0,4150000.0,1.0,Республиканская ,29.4,Березовая Роща,2011
real_estate_agent,Ленинский,2.0,4.0,8.0,17.0,4150000.0,1.0,Большая ,34.5,Площадь Маркса,2016
real_estate_agent,Заельцовский,5.0,5.0,5.6,18.6,4150000.0,1.0, Жуковского,30.3,Гагаринская,1964
real_estate_agent,Ленинский,2.0,5.0,5.7,18.2,4150000.0,1.0,проспект Карла Маркса,30.9,Студенческая,1959
real_estate_agent,Ленинский,4.0,5.0,5.5,25.3,4199000.0,1.0, Блюхера,30.8,Студенческая,1965
real_estate_agent,Первомайский,1.0,17.0,3.0,30.6,4150000.0,1.0, Одоевского,43.8,Речной вокзал,2012
real_estate_agent,Октябрьский,7.0,11.0,12.3,16.6,4150000.0,1.0, В. Высоцкого,42.6,Золотая Нива,2012
real_estate_agent,Советский,7.0,9.0,7.5,17.5,4150000.0,1.0, Русская,29.6,Студенческая,1973
real_estate_agent,Кировский,5.0,9.0,8.0,17.0,4150000.0,1.0, Мира,41.3,Площадь Маркса,2017
real_estate_agent,Кировский,6.0,10.0,5.0,36.9,4150000.0,1.0, Виктора Шевелева,63.6,Студенческая,2015
real_estate_agent,Ленинский,6.0,17.0,11.5,13.0,4192000.0,1.0, Забалуева,36.83,Студенческая,2015
real_estate_agent,Кировский,7.0,9.0,5.6,19.3,4150000.0,1.0, Немировича-Данченко,32.3,Площадь Маркса,1975
realtor,Кировский,9.0,10.0,16.0,21.0,4150000.0,1.0, Виктора Шевелева,48.1,Студенческая,2017
real_estate_agent,Ленинский,3.0,10.0,8.5,19.0,4200000.0,1.0, Титова,40.0,Площадь Маркса,2015
real_estate_agent,Октябрьский,3.0,18.0,11.0,17.0,4240000.0,1.0, Виталия Потылицына,42.0,Золотая Нива,2016
real_estate_agent,Кировский,5.0,18.0,10.9,16.6,4200000.0,1.0, Александра Чистякова,40.2,Студенческая,2023
real_estate_agent,Ленинский,8.0,18.0,5.800000000000001,23.200000000000003,4200000.0,1.0,Спортивная ,29.0,Площадь Маркса,2023
real_estate_agent,Октябрьский,8.0,9.0,5.6,19.4,4200000.0,1.0,Выборная ,45.4,Речной вокзал,1994
real_estate_agent,Кировский,6.0,17.0,12.0,22.9,4200000.0,1.0, Александра Чистякова,42.0,Площадь Маркса,2022
real_estate_agent,Калининский,3.0,17.0,16.0,22.0,4200000.0,1.0, Фадеева,46.5,Заельцовская,2015
real_estate_agent,Кировский,7.0,10.0,9.0,12.0,4200000.0,1.0,Тульская ,32.0,Площадь Маркса,1987
real_estate_agent,Кировский,3.0,6.0,5.7,18.6,4200000.0,1.0, Сибиряков-Гвардейцев,31.0,Площадь Маркса,1964
real_estate_agent,Ленинский,17.0,17.0,12.0,16.0,4200000.0,1.0, Забалуева,36.9,Площадь Маркса,2019
real_estate_agent,Калининский,7.0,9.0,9.2,18.8,4200000.0,1.0, Объединения,37.3,Заельцовская,1996
real_estate_agent,Ленинский,4.0,7.0,8.0,12.0,4200000.0,1.0, Пархоменко,29.8,Площадь Маркса,2001
real_estate_agent,Кировский,13.0,14.0,5.0,18.9,4200000.0,1.0, Костычева,23.9,Площадь Маркса,2014
real_estate_agent,Ленинский,12.0,16.0,11.0,16.0,4200000.0,1.0, Титова,37.7,Площадь Маркса,2025
real_estate_agent,Калининский,7.0,9.0,9.0,19.0,4200000.0,1.0, Родники,37.8,Заельцовская,1997
real_estate_agent,Ленинский,1.0,6.0,10.0,17.3,4200000.0,1.0, Романтиков,43.0,Площадь Маркса,2015
real_estate_agent,Ленинский,2.0,5.0,5.8,19.1,4200000.0,1.0, Пермитина,30.9,Студенческая,1966
real_estate_agent,Ленинский,4.0,17.0,8.6,14.9,4200000.0,1.0,Рельефная ,31.9,Студенческая,2024
real_estate_agent,Калининский,1.0,18.0,10.9,14.0,4200000.0,1.0,Игарская ,36.1,Заельцовская,2026
real_estate_agent,Октябрьский,2.0,4.0,6.0,18.0,4200000.0,1.0, Бориса Богаткова,32.2,Золотая Нива,1961
real_estate_agent,Кировский,8.0,17.0,14.0,20.0,4200000.0,1.0,Бронная ,45.0,Площадь Маркса,2023
real_estate_agent,Ленинский,10.0,10.0,10.0,14.0,4200000.0,1.0, Титова,32.0,Площадь Маркса,2015
real_estate_agent,Советский,8.0,10.0,10.3,11.4,4200000.0,1.0, Вахтангова,36.3,Студенческая,2000
real_estate_agent,Дзержинский,2.0,5.0,6.0,17.0,4200000.0,1.0, Доватора,28.7,Золотая Нива,2019
real_estate_agent,Калининский,5.0,17.0,9.4,13.5,4200000.0,1.0,Тайгинская ,30.5,Заельцовская,2023
real_estate_agent,Кировский,4.0,17.0,11.0,18.0,4200000.0,1.0, Петухова,35.0,Площадь Маркса,2014
real_estate_agent,Октябрьский,9.0,16.0,9.5,15.3,4200000.0,1.0, Ключ-Камышенское плато,32.9,Речной вокзал,2011
real_estate_agent,Советский,2.0,9.0,9.0,19.0,4200000.0,1.0, Экваторная,37.0,Речной вокзал,1994
real_estate_agent,Октябрьский,1.0,10.0,9.0,18.0,4200000.0,1.0, В. Высоцкого,38.1,Золотая Нива,2020
real_estate_agent,Заельцовский,4.0,9.0,6.6000000000000005,26.400000000000002,4200000.0,1.0, Территория Горбольницы,33.0,Заельцовская,2022
realtor,Калининский,4.0,5.0,6.0,17.0,4200000.0,1.0,Народная ,29.0,Заельцовская,1959
real_estate_agent,Кировский,3.0,5.0,6.3,17.4,4250000.0,1.0, Немировича-Данченко,31.2,Площадь Маркса,1968
real_estate_agent,Октябрьский,10.0,11.0,12.3,16.2,4280000.0,1.0, Татьяны Снежиной,42.4,Золотая Нива,2011
real_estate_agent,Ленинский,14.0,18.0,5.0,21.1,4250000.0,1.0, Невельского,26.1,Площадь Маркса,2013
real_estate_agent,Октябрьский,9.0,10.0,8.0,15.0,4250000.0,1.0, Ключ-Камышенское плато,29.1,Речной вокзал,2016
real_estate_agent,Ленинский,8.0,14.0,10.6,15.6,4250000.0,1.0, Титова,36.0,Площадь Маркса,2025
real_estate_agent,Октябрьский,7.0,16.0,10.3,16.0,4250000.0,1.0, Ключ-Камышенское плато,39.8,Спортивная,2023
real_estate_agent,Ленинский,3.0,12.0,11.6,14.8,4250000.0,1.0, Романтиков,37.2,Площадь Маркса,2017
real_estate_agent,Ленинский,6.0,10.0,10.0,13.1,4250000.0,1.0,Спортивная ,36.9,Площадь Маркса,2017
real_estate_agent,Ленинский,16.0,18.0,8.0,27.0,4290000.0,1.0,Новосибирская ,43.7,Площадь Маркса,2016
real_estate_agent,Октябрьский,9.0,10.0,14.0,21.0,4280000.0,1.0, Плющихинская,49.0,Золотая Нива,2023
real_estate_agent,Кировский,3.0,6.0,10.8,16.0,4250000.0,1.0, Оловозаводская,34.4,Студенческая,1992
real_estate_agent,Октябрьский,1.0,9.0,8.5,17.0,4250000.0,1.0,Выборная ,36.7,Речной вокзал,2009
real_estate_agent,Кировский,2.0,28.0,15.0,18.0,4250000.0,1.0, Зорге,45.0,Площадь Маркса,2023
real_estate_agent,Ленинский,6.0,10.0,9.0,17.0,4300000.0,1.0,Вертковская ,32.5,Площадь Маркса,2018
real_estate_agent,Кировский,10.0,18.0,11.0,16.5,4300000.0,1.0, Николая Сотникова,40.0,Студенческая,2023
real_estate_agent,Ленинский,8.0,17.0,8.0,18.0,4300000.0,1.0,Междуреченская ,34.7,Красный Проспект,2021
real_estate_agent,Центральный,1.0,5.0,6.24,24.96,4320000.0,1.0,Советская ,31.2,Красный Проспект,1962
real_estate_agent,Октябрьский,1.0,9.0,5.0,17.0,4300000.0,1.0, Бориса Богаткова,29.4,Золотая Нива,1971
real_estate_agent,Калининский,2.0,17.0,5.0,26.0,4300000.0,1.0, Фадеева,31.0,Заельцовская,2014
real_estate_agent,Заельцовский,1.0,5.0,5.4,14.2,4300000.0,1.0, Тимирязева,28.0,Заельцовская,1968
real_estate_agent,Калининский,5.0,9.0,8.6,14.0,4300000.0,1.0, Михаила Востокова,32.4,Заельцовская,2023
real_estate_agent,Ленинский,8.0,9.0,8.8,18.1,4345000.0,1.0,Новосибирская ,40.3,Площадь Маркса,1986
real_estate_agent,Ленинский,2.0,10.0,8.5,18.9,4300000.0,1.0,Спортивная ,37.0,Площадь Маркса,2015
real_estate_agent,Кировский,2.0,9.0,8.0,22.0,4300000.0,1.0, Громова,41.0,Площадь Маркса,1991
real_estate_agent,Калининский,4.0,17.0,9.2,11.5,4300000.0,1.0,Игарская ,33.0,Заельцовская,2023
real_estate_agent,Калининский,3.0,5.0,6.0,18.7,4300000.0,1.0, Богдана Хмельницкого,31.5,Заельцовская,2017
real_estate_agent,Кировский,13.0,17.0,10.7,17.0,4305000.0,1.0, Петухова,39.7,Студенческая,2024
real_estate_agent,Дзержинский,3.0,5.0,6.4,15.4,4300000.0,1.0,проспект Дзержинского,39.7,Березовая Роща,1962
realtor,Кировский,2.0,18.0,10.6,15.0,4300000.0,1.0, Петухова,36.2,Площадь Маркса,2015
real_estate_agent,Октябрьский,2.0,10.0,14.0,21.0,4350000.0,1.0, Плющихинская,48.0,Золотая Нива,2020
real_estate_agent,Кировский,8.0,17.0,9.0,18.0,4350000.0,1.0, Александра Чистякова,42.8,Площадь Маркса,2017
realtor,Кировский,2.0,18.0,11.0,17.0,4380000.0,1.0, Петухова,41.0,Площадь Маркса,2014
real_estate_agent,Ленинский,4.0,9.0,10.2,15.1,4350000.0,1.0,Фасадная ,35.9,Площадь Маркса,2012
real_estate_agent,Октябрьский,11.0,16.0,5.0,27.700000000000003,4350000.0,1.0, В. Высоцкого,32.7,Золотая Нива,2016
real_estate_agent,Кировский,2.0,17.0,8.4,16.5,4350000.0,1.0, Сержанта Коротаева,34.3,Площадь Маркса,2013
real_estate_agent,Ленинский,5.0,11.0,10.0,16.1,4350000.0,1.0,Спортивная ,37.6,Площадь Маркса,2014
real_estate_agent,Первомайский,1.0,9.0,4.2,30.5,4395000.0,1.0, Радиостанция № 2,44.3,Речной вокзал,2013
real_estate_agent,Ленинский,1.0,5.0,5.7,18.9,4350000.0,1.0, Пермитина,30.4,Площадь Маркса,2015
real_estate_agent,Калининский,5.0,18.0,8.0,16.0,4350000.0,1.0, Имени генерал-майора А.Н. Рожкина,32.0,Заельцовская,2025
real_estate_agent,Первомайский,2.0,10.0,9.3,15.8,4350000.0,1.0, Ошанина,34.3,Речной вокзал,2020
realtor,Советский,4.0,5.0,6.0,18.0,4350000.0,1.0, Героев Труда,32.2,Речной вокзал,1963
real_estate_agent,Заельцовский,1.0,5.0,6.0,19.1,4400000.0,1.0, Дмитрия Донского,30.9,Заельцовская,2022
real_estate_agent,Ленинский,3.0,10.0,9.0,14.0,4440000.0,1.0,Спортивная ,30.0,Площадь Маркса,2015
real_estate_agent,Советский,3.0,5.0,6.0,17.1,4400000.0,1.0, Российская,30.0,Студенческая,1967
real_estate_agent,Первомайский,7.0,14.0,4.8,22.599999999999998,4400000.0,1.0, Заречная,27.4,Спортивная,2016
real_estate_agent,Ленинский,7.0,9.0,9.0,18.0,4400000.0,1.0,Троллейная ,38.0,Площадь Маркса,1987
real_estate_agent,Заельцовский,2.0,9.0,9.4,19.2,4400000.0,1.0, Лебедевского,37.7,Заельцовская,2004
real_estate_agent,Ленинский,9.0,9.0,6.9,17.4,4400000.0,1.0,Троллейная ,32.4,Площадь Маркса,1981
real_estate_agent,Кировский,13.0,17.0,10.3,16.7,4400000.0,1.0, Петухова,40.3,Площадь Маркса,2014
real_estate_agent,Ленинский,8.0,10.0,8.6,19.0,4400000.0,1.0, Титова,37.0,Площадь Маркса,2018
real_estate_agent,Октябрьский,5.0,11.0,4.5,14.1,4430000.0,1.0,Автогенная ,30.2,Речной вокзал,2024
real_estate_agent,Кировский,17.0,18.0,5.0,16.0,4400000.0,1.0,Пригородная ,32.6,Площадь Маркса,2020
real_estate_agent,Дзержинский,5.0,10.0,8.7,20.3,4400000.0,1.0, Коминтерна,40.4,Золотая Нива,1998
real_estate_agent,Ленинский,18.0,18.0,10.7,19.0,4400000.0,1.0, Ивана Севастьянова,36.4,Площадь Маркса,2015
real_estate_agent,Кировский,5.0,17.0,9.0,13.6,4400000.0,1.0,Бронная ,41.0,Площадь Маркса,2024
real_estate_agent,Ленинский,3.0,6.0,6.66,26.64,4400000.0,1.0, Связистов,33.3,Площадь Маркса,2014
real_estate_agent,Кировский,15.0,16.0,17.4,14.3,4400000.0,1.0, Зорге,47.2,Площадь Маркса,2011
realtor,Ленинский,2.0,5.0,5.9,16.1,4400000.0,1.0,Троллейная ,31.0,Площадь Маркса,1979
real_estate_agent,Калининский,1.0,7.0,3.0,16.0,4490000.0,1.0,Танковая ,27.7,Заельцовская,2017
real_estate_agent,Ленинский,6.0,11.0,10.0,16.0,4450000.0,1.0, Титова,38.0,Площадь Маркса,2013
real_estate_agent,Октябрьский,3.0,11.0,12.3,16.5,4490000.0,1.0, В. Высоцкого,42.4,Золотая Нива,2012
real_estate_agent,Ленинский,6.0,17.0,5.0,24.9,4450000.0,1.0, Связистов,34.9,Площадь Маркса,2025
real_estate_agent,Ленинский,8.0,17.0,8.6,17.8,4450000.0,1.0, Связистов,34.9,Площадь Маркса,2025
real_estate_agent,Ленинский,4.0,10.0,10.2,16.1,4450000.0,1.0,Киевская ,35.8,Площадь Маркса,2011
real_estate_agent,Ленинский,2.0,5.0,5.8,17.6,4450000.0,1.0,проспект Карла Маркса,31.7,Студенческая,1962
real_estate_agent,Ленинский,8.0,10.0,8.8,18.8,4490000.0,1.0,Пермская ,34.1,Площадь Маркса,2015
real_estate_agent,Кировский,10.0,10.0,11.6,17.8,4450000.0,1.0, Зорге,41.0,Площадь Маркса,2010
real_estate_agent,Калининский,5.0,9.0,6.5,16.7,4490000.0,1.0, Менделеева,31.5,Березовая Роща,1977
real_estate_agent,Октябрьский,5.0,5.0,5.7,18.8,4450000.0,1.0,Гурьевская ,30.2,Речной вокзал,1966
real_estate_agent,Калининский,2.0,21.0,13.0,12.5,4463000.0,1.0, Тюленина,34.5,Заельцовская,2024
real_estate_agent,Кировский,22.0,24.0,11.9,15.6,4490000.0,1.0, Бородина,41.5,Площадь Маркса,2024
real_estate_agent,Заельцовский,3.0,5.0,5.0,11.0,4500000.0,1.0,Дачная ,21.0,Заельцовская,2022
real_estate_agent,Советский,4.0,4.0,5.7,18.6,4500000.0,1.0,проспект Строителей,31.7,Речной вокзал,1957
real_estate_agent,Ленинский,12.0,27.0,4.0,26.0,4500000.0,1.0,Волховская ,35.0,Площадь Маркса,2016
real_estate_agent,Заельцовский,9.0,28.0,4.0,14.0,4500000.0,1.0,Сухарная ,25.42,Площадь Гарина-Михайловского,2026
real_estate_agent,Ленинский,4.0,10.0,8.7,18.8,4500000.0,1.0,Пермская ,34.3,Площадь Маркса,2002
real_estate_agent,Советский,4.0,4.0,6.0,19.0,4500000.0,1.0,бульвар Молодежи,32.0,Студенческая,1961
real_estate_agent,Дзержинский,6.0,9.0,5.9,20.0,4500000.0,1.0, Есенина,33.6,Золотая Нива,1967
real_estate_agent,Железнодорожный,4.0,17.0,5.2,20.8,4500000.0,1.0,Железнодорожная ,26.0,Гагаринская,2016
real_estate_agent,Октябрьский,7.0,10.0,8.6,19.1,4500000.0,1.0, Ключ-Камышенское плато,37.5,Речной вокзал,2012
real_estate_agent,Дзержинский,9.0,10.0,8.7,19.2,4500000.0,1.0,Волочаевская ,37.6,Золотая Нива,2014
real_estate_agent,Заельцовский,1.0,5.0,6.0,18.5,4500000.0,1.0, Кропоткина,29.5,Гагаринская,1969
real_estate_agent,Кировский,12.0,24.0,9.0,17.0,4500000.0,1.0, Бородина,35.0,Площадь Маркса,2017
real_estate_agent,Дзержинский,2.0,12.0,6.0,19.0,4500000.0,1.0, Есенина,31.0,Золотая Нива,1988
real_estate_agent,Калининский,4.0,17.0,8.0,20.0,4500000.0,1.0,Игарская ,40.0,Заельцовская,2024
real_estate_agent,Кировский,1.0,10.0,6.2,25.8,4500000.0,1.0, Зорге,41.0,Площадь Маркса,2008
real_estate_agent,Ленинский,5.0,17.0,9.9,18.7,4500000.0,1.0, Немировича-Данченко,40.1,Площадь Маркса,2024
real_estate_agent,Октябрьский,8.0,11.0,13.7,16.6,4530000.0,1.0, Татьяны Снежиной,42.5,Золотая Нива,2011
real_estate_agent,Ленинский,6.0,9.0,7.0,16.8,4500000.0,1.0, 9-й Гвардейской Дивизии,32.4,Площадь Маркса,1982
real_estate_agent,Октябрьский,4.0,11.0,6.0,17.0,4500000.0,1.0,Автогенная ,34.0,Речной вокзал,2024
real_estate_agent,Заельцовский,9.0,10.0,6.0,17.0,4500000.0,1.0, Жуковского,29.8,Заельцовская,1987
real_estate_agent,Кировский,7.0,19.0,12.0,15.0,4500000.0,1.0, Петухова,37.5,Площадь Маркса,2016
real_estate_agent,Кировский,6.0,10.0,9.2,18.7,4500000.0,1.0, Зорге,35.5,Площадь Маркса,2017
real_estate_agent,Кировский,6.0,10.0,11.2,16.6,4500000.0,1.0, Николая Сотникова,40.6,Студенческая,2018
real_estate_agent,Ленинский,10.0,17.0,8.7,17.8,4500000.0,1.0, Связистов,35.2,Площадь Маркса,2022
real_estate_agent,Советский,3.0,9.0,9.0,19.0,4500000.0,1.0, Вахтангова,39.0,Студенческая,1994
real_estate_agent,Советский,5.0,9.0,9.0,19.0,4500000.0,1.0, Иванова,34.0,Студенческая,1979
real_estate_agent,Ленинский,10.0,15.0,11.0,20.0,4500000.0,1.0, Немировича-Данченко,40.0,Студенческая,2015
realtor,Железнодорожный,8.0,9.0,5.5,20.0,4500000.0,1.0, Челюскинцев,31.0,Площадь Гарина-Михайловского,2002
real_estate_agent,Ленинский,4.0,5.0,6.0,18.0,4500000.0,1.0,Выставочная ,30.8,Площадь Маркса,1963
real_estate_agent,Ленинский,4.0,9.0,8.7,16.1,4500000.0,1.0, Романтиков,36.89,Площадь Маркса,2015
real_estate_agent,Советский,4.0,9.0,9.0,19.0,4500000.0,1.0, Русская,37.1,Студенческая,1990
realtor,Ленинский,9.0,10.0,9.0,17.0,4500000.0,1.0,Спортивная ,36.0,Площадь Маркса,2016
realtor,Кировский,16.0,22.0,9.4,37.6,4500000.0,1.0, Петухова,47.0,Площадь Маркса,2017
real_estate_agent,Ленинский,1.0,5.0,5.5,18.0,4500000.0,1.0, Римского-Корсакова,30.5,Площадь Маркса,2015
real_estate_agent,Октябрьский,7.0,18.0,11.0,17.0,4550000.0,1.0, Виталия Потылицына,40.0,Золотая Нива,2017
real_estate_agent,Ленинский,15.0,16.0,4.62,18.48,4550000.0,1.0,63/1,23.1,Студенческая,2004
real_estate_agent,Калининский,3.0,6.0,9.1,18.7,4590000.0,1.0, Дунаевского,38.8,Заельцовская,2007
real_estate_agent,Калининский,17.0,17.0,7.2,18.0,4570000.0,1.0, Гребенщикова,34.7,Заельцовская,2014
real_estate_agent,Ленинский,7.0,17.0,17.8,17.4,4550000.0,1.0, Невельского,42.1,Площадь Маркса,2024
real_estate_agent,Ленинский,13.0,18.0,16.0,20.799999999999997,4550000.0,1.0, Забалуева,36.8,Площадь Маркса,2019
real_estate_agent,Калининский,16.0,16.0,9.0,18.0,4580000.0,1.0,Тайгинская ,46.4,Заельцовская,2023
real_estate_agent,Центральный,1.0,5.0,6.5,19.0,4570000.0,1.0,Серебренниковская ,32.0,Речной вокзал,1960
real_estate_agent,Заельцовский,4.0,6.0,13.6,15.0,4550000.0,1.0,Кедровая ,35.4,Заельцовская,2014
real_estate_agent,Октябрьский,13.0,18.0,10.9,16.6,4590000.0,1.0, Виталия Потылицына,41.85,Золотая Нива,2014
real_estate_agent,Ленинский,3.0,17.0,10.4,15.4,4550000.0,1.0, Ивана Севастьянова,36.3,Площадь Маркса,2019
real_estate_agent,Октябрьский,6.0,10.0,14.0,21.0,4560000.0,1.0, Плющихинская,48.1,Золотая Нива,2018
real_estate_agent,Октябрьский,2.0,10.0,15.0,33.94,4599000.0,1.0, Плющихинская,48.94,Золотая Нива,2025
realtor,Калининский,7.0,10.0,7.9,13.9,4550000.0,1.0, Родники,35.3,Заельцовская,2000
real_estate_agent,Ленинский,7.0,17.0,8.7,17.8,4600000.0,1.0,Рельефная ,34.8,Площадь Маркса,2024
real_estate_agent,Ленинский,13.0,17.0,9.4,14.5,4620000.0,1.0, Ивана Севастьянова,32.4,Площадь Маркса,2019
real_estate_agent,Октябрьский,5.0,10.0,9.0,19.1,4600000.0,1.0,2-я Обская ,37.8,Спортивная,1995
real_estate_agent,Советский,5.0,6.0,9.1,15.2,4600000.0,1.0, Ивлева,41.0,Студенческая,2011
real_estate_agent,Первомайский,7.0,9.0,10.0,20.0,4600000.0,1.0,Первомайская ,37.0,Спортивная,2025
real_estate_agent,Калининский,7.0,9.0,6.7,16.5,4649000.0,1.0, Менделеева,31.2,Березовая Роща,1980
real_estate_agent,Кировский,12.0,18.0,10.0,27.0,4600000.0,1.0, Николая Сотникова,42.0,Студенческая,2022
real_estate_agent,Октябрьский,3.0,10.0,13.7,20.9,4600000.0,1.0, Плющихинская,48.2,Золотая Нива,2024
real_estate_agent,Ленинский,5.0,5.0,8.0,20.2,4600000.0,1.0, Титова,37.4,Площадь Маркса,1960
real_estate_agent,Октябрьский,9.0,10.0,8.7,17.3,4600000.0,1.0, В. Высоцкого,39.5,Золотая Нива,2020
real_estate_agent,Кировский,14.0,17.0,8.0,13.2,4600000.0,1.0, Сибиряков-Гвардейцев,34.2,Площадь Маркса,2023
real_estate_agent,Советский,5.0,5.0,6.0,17.0,4600000.0,1.0, Российская,30.0,Студенческая,1971
real_estate_agent,Ленинский,5.0,9.0,8.0,16.0,4600000.0,1.0, Романтиков,34.0,Площадь Маркса,2015
real_estate_agent,Советский,5.0,26.0,21.380000000000003,11.5,4600000.0,1.0,Приморская ,32.88,Студенческая,2025
realtor,Кировский,2.0,17.0,10.6,18.1,4600000.0,1.0, Петухова,42.1,Студенческая,2015
realtor,Кировский,12.0,17.0,7.0,25.0,4600000.0,1.0, Сибиряков-Гвардейцев,32.0,Площадь Маркса,2024
real_estate_agent,Октябрьский,25.0,25.0,7.6,16.2,4650000.0,1.0,Выборная ,37.0,Октябрьская,2020
real_estate_agent,Ленинский,7.0,17.0,10.2,20.0,4690000.0,1.0,Рельефная ,35.2,Площадь Маркса,2015
real_estate_agent,Калининский,10.0,17.0,8.5,14.2,4650000.0,1.0, Объединения,34.2,Заельцовская,2024
real_estate_agent,Ленинский,7.0,11.0,9.7,18.8,4650000.0,1.0,Троллейная ,37.2,Площадь Маркса,2015
real_estate_agent,Калининский,6.0,15.0,5.0,27.6,4650000.0,1.0, Объединения,32.6,Заельцовская,2025
real_estate_agent,Заельцовский,5.0,17.0,5.24,20.96,4650000.0,1.0, Аэропорт,26.2,Заельцовская,2024
real_estate_agent,Ленинский,1.0,5.0,5.9,16.9,4650000.0,1.0, Станиславского,30.9,Площадь Маркса,2015
real_estate_agent,Кировский,1.0,18.0,11.0,16.0,4650000.0,1.0, Петухова,37.2,Площадь Маркса,2014
real_estate_agent,Дзержинский,9.0,9.0,5.0,17.8,4660000.0,1.0, Селезнева,29.8,Березовая Роща,1986
real_estate_agent,Кировский,3.0,20.0,10.4,20.3,4650000.0,1.0, Обогатительная,43.2,Площадь Маркса,2017
real_estate_agent,Октябрьский,1.0,10.0,25.0,17.0,4650000.0,1.0, Плющихинская,58.0,Золотая Нива,2020
real_estate_agent,Октябрьский,5.0,9.0,6.0,17.0,4700000.0,1.0,Московская ,29.6,Речной вокзал,2020
real_estate_agent,Кировский,3.0,5.0,6.0,19.0,4700000.0,1.0,Новогодняя ,30.7,Студенческая,2017
real_estate_agent,Кировский,12.0,17.0,11.1,16.4,4700000.0,1.0, Петухова,39.4,Площадь Маркса,2016
real_estate_agent,Центральный,2.0,5.0,6.0,17.0,4700000.0,1.0,Красный проспект,28.6,Красный Проспект,1965
real_estate_agent,Заельцовский,3.0,5.0,12.2,13.4,4700000.0,1.0,Кубовая ,34.5,Заельцовская,2022
real_estate_agent,Ленинский,2.0,18.0,4.2,22.2,4700000.0,1.0, Пархоменко,26.4,Площадь Маркса,2018
real_estate_agent,Кировский,13.0,17.0,12.0,13.0,4700000.0,1.0,Бронная ,41.0,Площадь Маркса,2023
real_estate_agent,Октябрьский,2.0,10.0,11.0,18.0,4700000.0,1.0, Виталия Потылицына,42.0,Золотая Нива,2020
real_estate_agent,Заельцовский,10.0,17.0,4.420000000000001,17.680000000000003,4700000.0,1.0, Аэропорт,22.1,Заельцовская,2023
real_estate_agent,Калининский,1.0,17.0,9.1,11.7,4700000.0,1.0,Игарская ,28.7,Заельцовская,2017
real_estate_agent,Ленинский,5.0,10.0,8.4,18.0,4700000.0,1.0, Титова,37.1,Площадь Маркса,2012
real_estate_agent,Ленинский,10.0,18.0,10.7,19.0,4700000.0,1.0, Титова,36.5,Площадь Маркса,2021
real_estate_agent,Ленинский,3.0,5.0,6.0,19.0,4700000.0,1.0, Блюхера,30.5,Площадь Маркса,1963
real_estate_agent,Дзержинский,9.0,9.0,6.0,15.0,4700000.0,1.0, Адриена Лежена,31.8,Золотая Нива,1969
real_estate_agent,Первомайский,3.0,5.0,9.1,15.2,4700000.0,1.0, Маяковского,32.7,Речной вокзал,2012
real_estate_agent,Калининский,5.0,10.0,11.0,21.0,4700000.0,1.0, Свечникова,39.7,Заельцовская,2003
real_estate_agent,Центральный,3.0,5.0,5.0,18.0,4700000.0,1.0, Демьяна Бедного,30.3,Маршала Покрышкина,1966
real_estate_agent,Ленинский,7.0,10.0,11.0,17.0,4700000.0,1.0, Ивана Севастьянова,40.7,Площадь Маркса,2015
real_estate_agent,Калининский,6.0,10.0,8.8,19.0,4700000.0,1.0, Гребенщикова,37.0,Заельцовская,2017
real_estate_agent,Кировский,7.0,18.0,8.8,14.0,4700000.0,1.0, Сибиряков-Гвардейцев,27.8,Площадь Маркса,2024
real_estate_agent,Ленинский,4.0,9.0,8.7,16.2,4735000.0,1.0, Романтиков,36.88,Площадь Гарина-Михайловского,2023
real_estate_agent,Заельцовский,4.0,5.0,6.1,15.5,4700000.0,1.0, Кропоткина,29.0,Гагаринская,1982
real_estate_agent,Калининский,8.0,9.0,7.0,17.0,4700000.0,1.0, Кропоткина,32.0,Березовая Роща,2017
real_estate_agent,Дзержинский,1.0,4.0,10.0,19.0,4700000.0,1.0, Заслонова,34.0,Золотая Нива,2019
real_estate_agent,Калининский,1.0,4.0,7.0,23.0,4700000.0,1.0,Народная ,43.7,Заельцовская,1953
realtor,Кировский,21.0,29.0,4.0,22.0,4700000.0,1.0, Аникина,26.0,Студенческая,2017
real_estate_agent,Октябрьский,3.0,17.0,4.916,19.664,4750000.0,1.0,Закаменский мкр,24.58,Березовая Роща,2024
real_estate_agent,Калининский,4.0,18.0,8.0,18.0,4750000.0,1.0, Краузе,35.0,Заельцовская,1989
real_estate_agent,Кировский,17.0,17.0,10.2,16.5,4750000.0,1.0, Петухова,40.0,Площадь Маркса,2014
real_estate_agent,Ленинский,14.0,17.0,13.5,17.8,4750000.0,1.0,Рельефная ,39.1,Студенческая,2024
real_estate_agent,Ленинский,9.0,17.0,8.5,17.8,4780000.0,1.0, Связистов,36.8,Площадь Маркса,2025
real_estate_agent,Ленинский,3.0,13.0,12.0,20.0,4770000.0,1.0, Романтиков,39.4,Площадь Маркса,2018
real_estate_agent,Заельцовский,9.0,11.0,6.0,27.0,4799000.0,1.0,Кубовая ,38.0,Заельцовская,2014
real_estate_agent,Советский,5.0,5.0,6.0,17.0,4750000.0,1.0,бульвар Молодежи,30.0,Студенческая,1994
realtor,Ленинский,10.0,19.0,8.0,25.4,4750000.0,1.0, Пархоменко,33.4,Площадь Маркса,2014
real_estate_agent,Заельцовский,5.0,5.0,9.0,15.3,4800000.0,1.0,Кубовая ,33.5,Заельцовская,2012
real_estate_agent,Октябрьский,3.0,10.0,16.3,25.3,4800000.0,1.0, Татьяны Снежиной,58.4,Золотая Нива,2011
real_estate_agent,Калининский,3.0,10.0,10.0,15.9,4800000.0,1.0, Тюленина,37.73,Заельцовская,2012
real_estate_agent,Октябрьский,19.0,19.0,10.0,16.0,4800000.0,1.0,Выборная ,34.0,Речной вокзал,2013
real_estate_agent,Кировский,6.0,9.0,5.2,17.0,4800000.0,1.0,Вертковская ,28.9,Площадь Маркса,1980
real_estate_agent,Октябрьский,11.0,17.0,10.3,13.4,4800000.0,1.0,Вилюйская ,36.8,Речной вокзал,2012
real_estate_agent,Кировский,2.0,10.0,11.0,16.3,4800000.0,1.0, Зорге,38.3,Площадь Маркса,2008
real_estate_agent,Заельцовский,5.0,10.0,10.0,15.0,4800000.0,1.0,Кубовая ,35.8,Заельцовская,2014
real_estate_agent,Железнодорожный,2.0,12.0,9.4,17.9,4800000.0,1.0, Челюскинцев,35.4,Красный Проспект,1987
real_estate_agent,Калининский,4.0,19.0,6.6,24.9,4800000.0,1.0, Декоративный Питомник,31.5,Заельцовская,2023
real_estate_agent,Калининский,9.0,10.0,10.2,15.7,4800000.0,1.0, Мясниковой,37.5,Заельцовская,2015
real_estate_agent,Кировский,2.0,10.0,14.0,21.0,4800000.0,1.0, Александра Чистякова,48.3,Студенческая,2023
real_estate_agent,Калининский,9.0,17.0,9.4,21.1,4800000.0,1.0, Краузе,41.4,Заельцовская,2017
real_estate_agent,Калининский,6.0,16.0,9.6,24.799999999999997,4800000.0,1.0, Мясниковой,34.4,Заельцовская,2017
real_estate_agent,Ленинский,1.0,12.0,11.7,15.0,4815000.0,1.0,Новосибирская ,40.81,Площадь Маркса,2015
real_estate_agent,Кировский,3.0,9.0,9.0,18.4,4800000.0,1.0,Беловежская ,40.8,Площадь Маркса,1988
real_estate_agent,Октябрьский,4.0,10.0,14.0,20.0,4800000.0,1.0, Плющихинская,49.0,Золотая Нива,2024
real_estate_agent,Первомайский,6.0,12.0,8.7,16.8,4800000.0,1.0, Марии Ульяновой,32.7,Спортивная,2017
real_estate_agent,Октябрьский,14.0,18.0,14.5,19.0,4800000.0,1.0,Рябиновая ,48.9,Речной вокзал,2026
realtor,Ленинский,8.0,10.0,7.4,29.6,4800000.0,1.0, Титова,37.0,Площадь Маркса,2015
real_estate_agent,Дзержинский,1.0,9.0,5.8,17.0,4859000.0,1.0, Фрунзе,29.3,Березовая Роща,1975
real_estate_agent,Калининский,8.0,10.0,8.5,18.8,4850000.0,1.0, Гребенщикова,36.9,Заельцовская,2017
real_estate_agent,Октябрьский,11.0,17.0,6.0,18.0,4890000.0,1.0,Закаменский мкр,24.0,Березовая Роща,2024
real_estate_agent,Октябрьский,9.0,19.0,8.8,14.6,4850000.0,1.0,Красносельская ,34.9,Золотая Нива,2018
real_estate_agent,Октябрьский,12.0,18.0,9.0,29.0,4900000.0,1.0, Ключ-Камышенское плато,49.0,Речной вокзал,2022
real_estate_agent,Октябрьский,7.0,9.0,5.8,17.0,4900000.0,1.0, Бориса Богаткова,30.0,Золотая Нива,2020
real_estate_agent,Заельцовский,4.0,5.0,6.0,15.1,4900000.0,1.0,Линейная ,27.9,Гагаринская,1974
real_estate_agent,Октябрьский,2.0,9.0,12.0,20.0,4900000.0,1.0, В. Высоцкого,40.0,Золотая Нива,2008
real_estate_agent,Первомайский,13.0,13.0,8.0,25.0,4900000.0,1.0, Твардовского,46.0,Речной вокзал,2015
real_estate_agent,Заельцовский,15.0,26.0,5.420000000000001,21.680000000000003,4900000.0,1.0, Дуси Ковальчук,27.1,Заельцовская,2025
real_estate_agent,Октябрьский,5.0,5.0,10.2,16.2,4940000.0,1.0,Выборная ,42.0,Речной вокзал,2015
real_estate_agent,Заельцовский,2.0,9.0,7.0,17.0,4900000.0,1.0, Кропоткина,32.0,Гагаринская,1984
real_estate_agent,Калининский,3.0,17.0,7.1,17.9,4900000.0,1.0, Краузе,34.6,Заельцовская,2011
real_estate_agent,Железнодорожный,2.0,5.0,6.0,18.0,4900000.0,1.0,Советская ,30.6,Гагаринская,1959
real_estate_agent,Первомайский,4.0,9.0,10.8,13.9,4900000.0,1.0, Радиостанция № 2,40.5,Речной вокзал,2024
real_estate_agent,Ленинский,6.0,17.0,8.6,17.0,4900000.0,1.0, Пархоменко,33.5,Площадь Маркса,2014
real_estate_agent,Заельцовский,8.0,10.0,4.18,16.72,4900000.0,1.0,Кубовая ,20.9,Заельцовская,2013
real_estate_agent,Ленинский,12.0,17.0,12.0,18.7,4900000.0,1.0, Забалуева,37.2,Площадь Маркса,2021
real_estate_agent,Железнодорожный,2.0,9.0,5.7,18.0,4900000.0,1.0, Челюскинцев,30.0,Площадь Гарина-Михайловского,1968
real_estate_agent,Заельцовский,5.0,9.0,5.5,16.9,4900000.0,1.0,Переездная ,29.1,Заельцовская,2022
real_estate_agent,Ленинский,6.0,20.0,14.5,13.0,4900000.0,1.0, Невельского,37.7,Площадь Маркса,2013
real_estate_agent,Ленинский,8.0,10.0,9.6,25.0,4900000.0,1.0, Котовского,34.6,Студенческая,2015
real_estate_agent,Ленинский,9.0,9.0,10.0,16.6,4900000.0,1.0, Романтиков,39.7,Площадь Гарина-Михайловского,2021
real_estate_agent,Октябрьский,21.0,29.0,7.0,28.0,4900000.0,1.0,Вилюйская ,35.0,Речной вокзал,2015
real_estate_agent,Заельцовский,24.0,25.0,5.7,22.0,4970000.0,1.0,Светлановская ,27.7,Заельцовская,2021
real_estate_agent,Ленинский,10.0,10.0,11.0,16.0,4999000.0,1.0,Троллейная ,34.1,Площадь Маркса,2013
real_estate_agent,Дзержинский,5.0,5.0,9.8,18.2,4950000.0,1.0,проспект Дзержинского,42.0,Березовая Роща,1958
real_estate_agent,Калининский,16.0,21.0,13.5,12.5,4950000.0,1.0, Тюленина,33.7,Заельцовская,2025
real_estate_agent,Железнодорожный,1.0,17.0,8.0,25.0,4990000.0,1.0, 1905 года,41.7,Площадь Гарина-Михайловского,1993
real_estate_agent,Ленинский,10.0,10.0,12.5,16.2,4950000.0,1.0,Киевская ,41.1,Площадь Маркса,2009
real_estate_agent,Ленинский,1.0,17.0,8.9,14.6,4950000.0,1.0,63/1,36.4,Студенческая,2009
real_estate_agent,Калининский,9.0,16.0,9.0,15.0,4950000.0,1.0,Красный проспект,34.0,Заельцовская,2017
real_estate_agent,Дзержинский,15.0,15.0,5.5,24.3,4999000.0,1.0, Коминтерна,29.8,Золотая Нива,2025
real_estate_agent,Калининский,3.0,13.0,9.0,19.0,4990000.0,1.0, Имени генерал-майора А.Н. Рожкина,42.0,Заельцовская,2024
real_estate_agent,Советский,3.0,4.0,5.8,18.0,4950000.0,1.0,бульвар Молодежи,32.0,Речной вокзал,1963
real_estate_agent,Кировский,8.0,19.0,17.0,14.0,4950000.0,1.0, Герцена,35.6,Площадь Маркса,2018
real_estate_agent,Калининский,6.0,10.0,7.9,13.3,4965000.0,1.0, Объединения,33.9,Заельцовская,2017
real_estate_agent,Калининский,17.0,17.0,9.8,39.2,4950000.0,1.0, Фадеева,49.0,Заельцовская,2015
real_estate_agent,Ленинский,2.0,17.0,7.1,18.0,4960000.0,1.0,Междуреченская ,38.54,Площадь Гарина-Михайловского,2024
real_estate_agent,Ленинский,11.0,16.0,10.6,17.9,4970000.0,1.0,Спортивная ,35.7,Площадь Маркса,2023
realtor,Калининский,11.0,18.0,7.5,18.0,4950000.0,1.0, Гребенщикова,34.5,Заельцовская,2014
realtor,Октябрьский,2.0,17.0,10.0,25.0,4999999.0,1.0,Узловая ,39.0,Золотая Нива,2020
real_estate_agent,Калининский,2.0,17.0,10.0,16.0,5000000.0,1.0, Мясниковой,36.1,Заельцовская,2016
real_estate_agent,Советский,9.0,10.0,7.6,23.8,5000000.0,1.0, Сиреневая,36.4,Студенческая,2012
real_estate_agent,Ленинский,11.0,20.0,13.0,22.0,5000000.0,1.0, Невельского,38.0,Площадь Маркса,2013
real_estate_agent,Ленинский,7.0,9.0,10.0,25.0,5000000.0,1.0, Романтиков,40.0,Площадь Гарина-Михайловского,2021
real_estate_agent,Дзержинский,9.0,9.0,5.6,16.0,5000000.0,1.0, Гоголя,28.9,Березовая Роща,1984
real_estate_agent,Центральный,1.0,5.0,6.0,19.2,5000000.0,1.0, Гоголя,31.0,Маршала Покрышкина,1962
real_estate_agent,Кировский,7.0,16.0,11.1,19.4,5000000.0,1.0, Громова,41.8,Площадь Маркса,2010
real_estate_agent,Заельцовский,3.0,5.0,5.7,18.8,5000000.0,1.0, Михаила Перевозчикова,31.8,Заельцовская,2022
real_estate_agent,Октябрьский,14.0,14.0,6.2,24.1,5000000.0,1.0,Нижегородская ,30.3,Речной вокзал,2006
real_estate_agent,Октябрьский,7.0,9.0,5.8,17.2,5000000.0,1.0, Бориса Богаткова,29.7,Золотая Нива,1970
real_estate_agent,Дзержинский,9.0,10.0,10.0,18.0,5000000.0,1.0, Есенина,40.0,Золотая Нива,2000
real_estate_agent,Дзержинский,10.0,20.0,4.0,23.6,5000000.0,1.0, Королева,27.6,Золотая Нива,2022
real_estate_agent,Ленинский,17.0,17.0,9.0,17.0,5000000.0,1.0, Пархоменко,33.8,Площадь Маркса,2015
real_estate_agent,Ленинский,9.0,13.0,10.3,16.3,5000000.0,1.0, Ясный Берег,35.3,Октябрьская,2024
real_estate_agent,Ленинский,12.0,13.0,10.3,16.3,5000000.0,1.0, Ясный Берег,35.3,Октябрьская,2024
real_estate_agent,Ленинский,3.0,10.0,10.7,16.2,5000000.0,1.0,Фасадная ,36.1,Площадь Маркса,2012
real_estate_agent,Первомайский,1.0,17.0,15.0,16.7,5000000.0,1.0, Заречная,36.7,Спортивная,2022
real_estate_agent,Ленинский,5.0,10.0,11.0,19.6,5000000.0,1.0, Пархоменко,48.0,Площадь Маркса,2015
real_estate_agent,Октябрьский,9.0,10.0,12.0,20.0,5000000.0,1.0, В. Высоцкого,44.7,Золотая Нива,2010
real_estate_agent,Заельцовский,1.0,10.0,9.0,20.0,5000000.0,1.0,Ельцовская ,38.0,Гагаринская,2006
real_estate_agent,Калининский,4.0,17.0,7.3,18.1,5000000.0,1.0, Гребенщикова,35.0,Заельцовская,2008
realtor,Октябрьский,2.0,9.0,6.0,17.0,5000000.0,1.0,Нижегородская ,28.0,Октябрьская,2010
real_estate_agent,Ленинский,9.0,10.0,12.8,18.2,5050000.0,1.0,Волховская ,45.8,Площадь Маркса,2007
real_estate_agent,Калининский,6.0,17.0,8.5,14.1,5090000.0,1.0, Тюленина,33.8,Заельцовская,2013
real_estate_agent,Октябрьский,9.0,10.0,12.0,16.6,5100000.0,1.0, Ключ-Камышенское плато,35.8,Спортивная,2005
real_estate_agent,Советский,3.0,19.0,8.6,15.3,5100000.0,1.0, Балтийская,35.0,Студенческая,2013
real_estate_agent,Заельцовский,12.0,25.0,5.640000000000001,22.560000000000002,5100000.0,1.0,Красный проспект,28.2,Заельцовская,2025
real_estate_agent,Ленинский,7.0,17.0,6.540000000000001,26.160000000000004,5100000.0,1.0, Котовского,32.7,Площадь Маркса,2017
real_estate_agent,Заельцовский,22.0,28.0,6.062,24.248,5100000.0,1.0, Дуси Ковальчук,30.31,Заельцовская,2025
real_estate_agent,Октябрьский,4.0,27.0,7.420000000000001,29.680000000000003,5100000.0,1.0,Вилюйская ,37.1,Речной вокзал,2014
real_estate_agent,Калининский,7.0,10.0,9.0,19.0,5100000.0,1.0, Мясниковой,37.2,Заельцовская,2017
real_estate_agent,Калининский,17.0,17.0,8.8,19.0,5100000.0,1.0,Красный проспект,36.6,Заельцовская,2019
real_estate_agent,Кировский,15.0,17.0,14.3,13.7,5115900.0,1.0,Бронная ,42.0,Площадь Маркса,2024
real_estate_agent,Кировский,7.0,17.0,9.0,18.0,5100000.0,1.0, Ватутина,37.9,Площадь Маркса,1997
real_estate_agent,Калининский,8.0,10.0,8.6,19.2,5100000.0,1.0, Тюленина,37.5,Заельцовская,2010
real_estate_agent,Кировский,10.0,17.0,6.3,22.2,5100000.0,1.0, Петухова,40.3,Площадь Маркса,2024
realtor,Калининский,15.0,17.0,23.8,21.8,5100000.0,1.0, Фадеева,59.3,Заельцовская,2015
realtor,Дзержинский,11.0,18.0,10.0,35.3,5100000.0,1.0, Дениса Давыдова,45.3,Березовая Роща,2014
realtor,Калининский,10.0,10.0,12.0,25.5,5100000.0,1.0, Тюленина,37.5,Заельцовская,1989
realtor,Калининский,4.0,9.0,18.7,12.3,5100000.0,1.0, Василия Клевцова,39.4,Заельцовская,2021
real_estate_agent,Кировский,7.0,24.0,14.3,28.400000000000002,5179500.0,1.0,Бронная ,42.7,Площадь Маркса,2025
real_estate_agent,Заельцовский,6.0,12.0,16.9,7.7,5150000.0,1.0,Охотская ,30.6,Заельцовская,2020
real_estate_agent,Кировский,2.0,17.0,6.7,20.0,5150000.0,1.0,Тульская ,49.68,Студенческая,2021
real_estate_agent,Октябрьский,10.0,15.0,8.989999999999998,20.0,5150000.0,1.0, Кошурникова,28.99,Золотая Нива,2026
real_estate_agent,Калининский,15.0,17.0,9.5,21.5,5150000.0,1.0, Краузе,41.3,Заельцовская,2011
real_estate_agent,Калининский,8.0,10.0,5.1,20.7,5150000.0,1.0, Василия Клевцова,36.1,Заельцовская,2024
real_estate_agent,Ленинский,4.0,11.0,9.8,18.8,5150000.0,1.0,Троллейная ,38.0,Площадь Маркса,2015
real_estate_agent,Ленинский,4.0,20.0,11.0,14.0,5150000.0,1.0, Невельского,36.0,Площадь Маркса,2013
real_estate_agent,Ленинский,9.0,13.0,10.5,16.0,5150000.0,1.0, Ясный Берег,34.0,Октябрьская,2024
real_estate_agent,Первомайский,15.0,25.0,11.7,18.7,5150000.0,1.0, Ошанина,39.9,Речной вокзал,2013
real_estate_agent,Октябрьский,6.0,10.0,10.0,14.0,5200000.0,1.0,Воинская ,36.4,Золотая Нива,2020
real_estate_agent,Ленинский,1.0,10.0,7.1,16.5,5230000.0,1.0, Блюхера,31.8,Студенческая,2004
real_estate_agent,Октябрьский,3.0,10.0,9.0,17.0,5200000.0,1.0, Ключ-Камышенское плато,33.0,Речной вокзал,2013
real_estate_agent,Калининский,7.0,13.0,9.0,19.0,5200000.0,1.0, Декоративный Питомник,36.7,Заельцовская,2026
real_estate_agent,Октябрьский,6.0,9.0,8.5,19.3,5200000.0,1.0,Большевистская ,35.2,Спортивная,1984
real_estate_agent,Октябрьский,16.0,19.0,4.800000000000001,19.200000000000003,5200000.0,1.0, Михаила Кулагина,24.0,Золотая Нива,2017
real_estate_agent,Заельцовский,3.0,12.0,9.0,26.0,5200000.0,1.0, Дуси Ковальчук,35.0,Заельцовская,1980
real_estate_agent,Октябрьский,1.0,17.0,6.0,20.0,5200000.0,1.0, Адриена Лежена,38.4,Золотая Нива,2021
real_estate_agent,Центральный,4.0,12.0,9.5,17.2,5200000.0,1.0, Фрунзе,37.3,Маршала Покрышкина,1982
real_estate_agent,Ленинский,2.0,10.0,5.2,21.0,5200000.0,1.0, Пархоменко,42.8,Площадь Маркса,2015
real_estate_agent,Кировский,7.0,22.0,5.0,22.7,5200000.0,1.0,Тульская ,35.6,Студенческая,2025
real_estate_agent,Дзержинский,9.0,11.0,10.0,18.0,5200000.0,1.0, Толбухина,32.2,Золотая Нива,2012
real_estate_agent,Кировский,11.0,16.0,14.0,14.0,5200000.0,1.0,Бронная ,40.2,Площадь Маркса,2023
real_estate_agent,Заельцовский,2.0,5.0,6.0,19.0,5200000.0,1.0, Тимирязева,31.0,Заельцовская,1963
real_estate_agent,Кировский,5.0,10.0,14.5,16.5,5290000.0,1.0, Аникина,44.0,Площадь Маркса,2016
real_estate_agent,Ленинский,4.0,6.0,9.9,27.9,5290000.0,1.0, Надежды,51.2,Площадь Маркса,2016
real_estate_agent,Октябрьский,18.0,27.0,11.0,17.2,5250000.0,1.0, В. Высоцкого,40.2,Золотая Нива,2012
real_estate_agent,Октябрьский,13.0,17.0,13.0,20.0,5270000.0,1.0,Выборная ,46.0,Речной вокзал,2016
real_estate_agent,Дзержинский,2.0,4.0,12.0,18.0,5250000.0,1.0, Заслонова,42.7,Золотая Нива,2019
real_estate_agent,Октябрьский,4.0,10.0,10.8,16.4,5250000.0,1.0, Татьяны Снежиной,40.4,Золотая Нива,2020
real_estate_agent,Заельцовский,14.0,19.0,7.7,14.0,5300000.0,1.0,Дачная ,28.0,Заельцовская,2013
real_estate_agent,Ленинский,4.0,9.0,6.0,13.0,5300000.0,1.0, Серафимовича,28.4,Площадь Маркса,2026
real_estate_agent,Октябрьский,9.0,10.0,16.0,9.0,5300000.0,1.0,1-я Родниковая ,32.7,Речной вокзал,2026
real_estate_agent,Калининский,7.0,12.0,11.6,15.7,5300000.0,1.0, Имени генерал-майора А.Н. Рожкина,37.8,Заельцовская,2023
real_estate_agent,Кировский,8.0,11.0,15.5,10.0,5300000.0,1.0, Петухова,36.0,Площадь Маркса,2009
real_estate_agent,Октябрьский,8.0,10.0,10.0,25.1,5300000.0,1.0,Выборная ,57.0,Речной вокзал,2010
real_estate_agent,Дзержинский,4.0,25.0,6.0,13.0,5300000.0,1.0, Гоголя,32.0,Березовая Роща,2025
real_estate_agent,Калининский,9.0,10.0,14.2,11.5,5300000.0,1.0, Василия Клевцова,36.1,Заельцовская,2024
real_estate_agent,Заельцовский,17.0,17.0,5.0,24.0,5300000.0,1.0, Аэропорт,29.0,Заельцовская,2023
real_estate_agent,Ленинский,6.0,17.0,16.7,13.5,5300000.0,1.0,Рельефная ,43.1,Площадь Маркса,2024
real_estate_agent,Ленинский,9.0,17.0,10.0,19.8,5300000.0,1.0, Связистов,34.8,Площадь Маркса,2024
real_estate_agent,Октябрьский,19.0,26.0,6.3,23.7,5300000.0,1.0,Вилюйская ,40.3,Речной вокзал,2014
real_estate_agent,Ленинский,6.0,7.0,9.0,19.0,5300000.0,1.0, Пархоменко,38.3,Площадь Маркса,2015
real_estate_agent,Октябрьский,7.0,10.0,16.3,25.4,5300000.0,1.0, Татьяны Снежиной,61.4,Золотая Нива,2020
real_estate_agent,Заельцовский,4.0,5.0,6.0,18.0,5300000.0,1.0,Линейная ,29.0,Гагаринская,2022
realtor,Калининский,6.0,18.0,10.7,19.0,5300000.0,1.0,Красный проспект,41.5,Заельцовская,2022
real_estate_agent,Октябрьский,1.0,10.0,8.3,16.2,5350000.0,1.0,Выборная ,36.2,Речной вокзал,2007
real_estate_agent,Заельцовский,8.0,10.0,8.8,11.9,5390000.0,1.0, Кропоткина,32.5,Гагаринская,1997
real_estate_agent,Октябрьский,9.0,10.0,20.0,18.0,5350000.0,1.0, Плющихинская,58.5,Золотая Нива,2020
realtor,Кировский,14.0,17.0,11.3,21.5,5350000.0,1.0, Аникина,41.3,Площадь Маркса,2009
real_estate_agent,Калининский,2.0,16.0,10.0,16.0,5400000.0,1.0, Мясниковой,37.2,Заельцовская,2016
real_estate_agent,Заельцовский,1.0,13.0,10.3,16.0,5444000.0,1.0, Лобачевского,38.5,Заельцовская,2017
real_estate_agent,Ленинский,17.0,17.0,8.6,15.6,5400000.0,1.0, Ясный Берег,32.2,Площадь Ленина,2019
real_estate_agent,Центральный,2.0,5.0,5.8,18.7,5440000.0,1.0,Советская ,30.3,Гагаринская,2007
real_estate_agent,Ленинский,4.0,10.0,8.6,17.0,5400000.0,1.0, Пархоменко,33.0,Площадь Маркса,2013
real_estate_agent,Заельцовский,3.0,9.0,6.8,16.7,5400000.0,1.0,Переездная ,31.7,Заельцовская,2022
real_estate_agent,Калининский,7.0,13.0,9.0,19.0,5400000.0,1.0, Имени генерал-майора А.Н. Рожкина,38.0,Заельцовская,2025
real_estate_agent,Заельцовский,1.0,10.0,13.0,17.3,5450000.0,1.0,Кубовая ,39.1,Заельцовская,2022
real_estate_agent,Октябрьский,22.0,27.0,5.0,27.5,5499000.0,1.0,Вилюйская ,32.5,Речной вокзал,2015
real_estate_agent,Октябрьский,10.0,17.0,8.2,19.0,5480000.0,1.0,Рябиновая ,36.89,Речной вокзал,2026
real_estate_agent,Кировский,6.0,10.0,12.4,20.9,5490000.0,1.0, Зорге,47.9,Площадь Маркса,2010
real_estate_agent,Первомайский,25.0,25.0,17.0,14.0,5499000.0,1.0, Заречная,40.0,Спортивная,2013
real_estate_agent,Калининский,16.0,16.0,13.6,16.6,5450000.0,1.0,Красный проспект,38.4,Заельцовская,2022
realtor,Ленинский,3.0,10.0,8.3,12.6,5490000.0,1.0, Блюхера,34.6,Студенческая,2004
real_estate_agent,Первомайский,2.0,11.0,9.0,23.0,5500000.0,1.0, Красный Факел,37.0,Спортивная,2013
real_estate_agent,Дзержинский,3.0,17.0,9.0,17.0,5500000.0,1.0, Красина,42.3,Березовая Роща,2024
real_estate_agent,Октябрьский,9.0,25.0,4.1,22.5,5500000.0,1.0,Большевистская ,26.6,Речной вокзал,2021
real_estate_agent,Дзержинский,13.0,17.0,19.0,18.5,5500000.0,1.0, Красина,37.5,Березовая Роща,2024
real_estate_agent,Калининский,13.0,14.0,9.0,19.0,5500000.0,1.0,Красный проспект,36.6,Заельцовская,2022
real_estate_agent,Октябрьский,1.0,18.0,10.0,16.2,5500000.0,1.0,Красносельская ,34.5,Золотая Нива,2018
real_estate_agent,Заельцовский,3.0,9.0,6.5,17.0,5500000.0,1.0,Переездная ,31.6,Заельцовская,1976
real_estate_agent,Октябрьский,3.0,10.0,12.0,16.0,5500000.0,1.0, Стофато,37.2,Золотая Нива,2014
real_estate_agent,Калининский,11.0,14.0,9.0,19.0,5500000.0,1.0,Красный проспект,40.0,Заельцовская,2022
real_estate_agent,Калининский,11.0,17.0,9.0,19.0,5590000.0,1.0,Красный проспект,36.7,Заельцовская,2017
real_estate_agent,Калининский,6.0,9.0,6.0,19.8,5500000.0,1.0, Василия Клевцова,33.2,Заельцовская,2017
real_estate_agent,Октябрьский,2.0,25.0,12.0,16.0,5500000.0,1.0,Рябиновая ,38.8,Речной вокзал,2021
real_estate_agent,Калининский,5.0,17.0,11.4,20.1,5500000.0,1.0, Краузе,43.4,Заельцовская,2011
real_estate_agent,Кировский,16.0,18.0,13.0,17.0,5500000.0,1.0,Пригородная ,43.0,Площадь Маркса,2020
real_estate_agent,Октябрьский,4.0,9.0,6.0,25.0,5500000.0,1.0,Выборная ,38.0,Октябрьская,2019
real_estate_agent,Калининский,10.0,19.0,9.0,18.0,5500000.0,1.0,Красный проспект,39.1,Заельцовская,2019
real_estate_agent,Советский,6.0,9.0,7.5,18.0,5500000.0,1.0, Героев Труда,35.0,Студенческая,1969
real_estate_agent,Ленинский,4.0,17.0,9.0,20.0,5500000.0,1.0, Ясный Берег,36.0,Площадь Ленина,2015
real_estate_agent,Первомайский,2.0,8.0,10.5,28.9,5500000.0,1.0,Первомайская ,39.4,Речной вокзал,2025
real_estate_agent,Ленинский,2.0,10.0,11.0,16.0,5500000.0,1.0,Киевская ,39.7,Площадь Маркса,2009
real_estate_agent,Ленинский,16.0,17.0,8.5,24.0,5500000.0,1.0,1-я Чулымская ,32.5,Площадь Ленина,2015
real_estate_agent,Октябрьский,6.0,10.0,8.8,18.5,5500000.0,1.0, Шевченко,40.6,Октябрьская,2020
real_estate_agent,Кировский,5.0,9.0,11.8,18.9,5500000.0,1.0, Зорге,41.5,Площадь Маркса,2015
real_estate_agent,Кировский,1.0,10.0,16.6,25.5,5500000.0,1.0, Дмитрия Шмонина,58.7,Студенческая,2017
real_estate_agent,Ленинский,10.0,18.0,13.4,17.8,5500000.0,1.0, Титова,39.8,Площадь Маркса,2026
real_estate_agent,Кировский,23.0,29.0,3.5,15.0,5600000.0,1.0, Аникина,29.3,Студенческая,2017
real_estate_agent,Дзержинский,3.0,10.0,9.0,15.0,5600000.0,1.0, Дениса Давыдова,33.9,Березовая Роща,2004
real_estate_agent,Советский,1.0,10.0,8.9,19.0,5600000.0,1.0, Российская,38.6,Студенческая,1993
real_estate_agent,Калининский,16.0,17.0,8.7,19.0,5600000.0,1.0,Красный проспект,37.0,Заельцовская,2017
real_estate_agent,Дзержинский,2.0,21.0,9.0,18.0,5600000.0,1.0,проспект Дзержинского,35.7,Березовая Роща,2020
real_estate_agent,Дзержинский,17.0,17.0,7.0,15.4,5600000.0,1.0, Красина,39.3,Березовая Роща,2019
real_estate_agent,Железнодорожный,4.0,9.0,6.0,19.0,5600000.0,1.0, Дмитрия Шамшурина,33.0,Площадь Гарина-Михайловского,1975
real_estate_agent,Ленинский,14.0,17.0,17.2,16.9,5600000.0,1.0, Ивана Севастьянова,45.8,Площадь Маркса,2018
realtor,Советский,11.0,27.0,11.3,20.5,5600000.0,1.0, Молодости,47.3,Студенческая,2013
real_estate_agent,Центральный,5.0,10.0,8.8,17.5,5650000.0,1.0, Селезнева,35.0,Березовая Роща,1986
real_estate_agent,Центральный,3.0,5.0,6.4,16.9,5650000.0,1.0,Каменская ,31.0,Сибирская,1967
real_estate_agent,Первомайский,6.0,17.0,10.8,15.8,5690000.0,1.0, Героев Революции,38.4,Речной вокзал,2020
real_estate_agent,Дзержинский,11.0,14.0,5.0,26.1,5699000.0,1.0, Есенина,31.1,Золотая Нива,2019
real_estate_agent,Дзержинский,15.0,16.0,10.8,17.1,5690000.0,1.0, Красина,36.3,Березовая Роща,2015
real_estate_agent,Заельцовский,3.0,14.0,10.0,15.6,5650000.0,1.0,Кубовая ,35.2,Заельцовская,2021
real_estate_agent,Новосибирск,9.0,18.0,6.3,37.7,5650000.0,1.0,Кедровая ,49.0,Заельцовская,2015
real_estate_agent,Октябрьский,6.0,20.0,13.6,10.5,5675000.0,1.0,Рябиновая ,40.67,Речной вокзал,2026
real_estate_agent,Первомайский,16.0,17.0,14.1,23.199999999999996,5650000.0,1.0, Заречная,37.3,Спортивная,2021
real_estate_agent,Октябрьский,5.0,25.0,5.0,25.0,5700000.0,1.0,Гурьевская ,30.0,Золотая Нива,2021
real_estate_agent,Дзержинский,3.0,17.0,12.7,18.0,5700000.0,1.0, Авиастроителей,42.46,Березовая Роща,2022
real_estate_agent,Октябрьский,1.0,6.0,25.0,10.0,5700000.0,1.0,Зеленый Бор мкр,44.0,Речной вокзал,2005
real_estate_agent,Калининский,17.0,19.0,15.0,12.0,5700000.0,1.0,Красный проспект,36.7,Заельцовская,2019
real_estate_agent,Октябрьский,19.0,27.0,11.7,16.2,5700000.0,1.0,Вилюйская ,48.1,Речной вокзал,2014
real_estate_agent,Ленинский,4.0,16.0,5.0,25.4,5700000.0,1.0, Забалуева,35.4,Студенческая,2015
real_estate_agent,Первомайский,8.0,14.0,10.2,13.3,5700000.0,1.0, Героев Революции,35.8,Спортивная,2017
real_estate_agent,Калининский,12.0,19.0,8.7,19.0,5700000.0,1.0,Красный проспект,36.6,Заельцовская,2021
realtor,Октябрьский,3.0,10.0,9.0,16.1,5700000.0,1.0, Шевченко,31.2,Октябрьская,1991
realtor,Кировский,3.0,15.0,10.0,21.1,5700000.0,1.0, Немировича-Данченко,31.1,Студенческая,2017
real_estate_agent,Октябрьский,1.0,4.0,12.0,17.0,5750000.0,1.0, Кирова,41.8,Октябрьская,2020
real_estate_agent,Заельцовский,7.0,27.0,7.5,11.0,5750000.0,1.0,Красный проспект,26.2,Заельцовская,2024
real_estate_agent,Советский,1.0,4.0,6.0,19.0,5790000.0,1.0, Жемчужная,30.9,Студенческая,1962
real_estate_agent,Советский,7.0,9.0,8.0,19.0,5800000.0,1.0, Иванова,35.2,Студенческая,1979
real_estate_agent,Октябрьский,3.0,25.0,6.0,21.0,5800000.0,1.0, Бориса Богаткова,27.0,Золотая Нива,2020
real_estate_agent,Кировский,14.0,17.0,17.0,19.8,5800000.0,1.0,Тульская ,44.8,Студенческая,2019
real_estate_agent,Первомайский,17.0,17.0,10.5,17.6,5800000.0,1.0,Первомайская ,40.7,Речной вокзал,2012
real_estate_agent,Кировский,2.0,17.0,11.4,14.2,5800000.0,1.0, Ватутина,37.4,Студенческая,2021
real_estate_agent,Калининский,11.0,12.0,10.7,17.0,5800000.0,1.0, Имени генерал-майора А.Н. Рожкина,27.7,Заельцовская,2024
real_estate_agent,Калининский,13.0,19.0,15.0,12.2,5800000.0,1.0,Красный проспект,39.0,Заельцовская,2017
real_estate_agent,Заельцовский,3.0,5.0,8.0,20.1,5800000.0,1.0, Дуси Ковальчук,35.8,Заельцовская,1932
real_estate_agent,Железнодорожный,2.0,5.0,6.0,18.0,5800000.0,1.0, Урицкого,32.1,Площадь Ленина,1960
real_estate_agent,Октябрьский,9.0,25.0,3.1,19.1,5800000.0,1.0,Гурьевская ,29.98,Золотая Нива,2020
real_estate_agent,Дзержинский,18.0,25.0,13.0,15.0,5800000.0,1.0, Адриена Лежена,37.7,Золотая Нива,2019
real_estate_agent,Октябрьский,9.0,9.0,16.0,10.0,5800000.0,1.0,1-я Родниковая ,40.0,Площадь Маркса,2020
real_estate_agent,Ленинский,5.0,6.0,25.0,25.0,5800000.0,1.0, Надежды,60.2,Площадь Маркса,2020
real_estate_agent,Дзержинский,9.0,25.0,5.822,23.288,5890000.0,1.0, Королева,29.11,Березовая Роща,2025
real_estate_agent,Ленинский,23.0,25.0,16.0,16.0,5850000.0,1.0, Пархоменко,43.0,Площадь Маркса,2025
real_estate_agent,Кировский,8.0,22.0,6.6,23.4,5850000.0,1.0,Тульская ,41.6,Студенческая,2025
real_estate_agent,Дзержинский,3.0,10.0,11.5,17.7,5950000.0,1.0, Авиастроителей,37.3,Березовая Роща,2017
real_estate_agent,Октябрьский,1.0,10.0,7.5,17.9,5900000.0,1.0, Кирова,35.1,Речной вокзал,2020
real_estate_agent,Октябрьский,18.0,25.0,14.0,11.0,5900000.0,1.0,Выборная ,34.0,Речной вокзал,2025
real_estate_agent,Ленинский,8.0,17.0,8.9,27.9,5990000.0,1.0,63/1,36.8,Студенческая,2008
real_estate_agent,Центральный,9.0,25.0,6.0,21.7,5999000.0,1.0, Державина,27.7,Березовая Роща,2014
real_estate_agent,Октябрьский,8.0,22.0,4.86,19.44,5900000.0,1.0,2-я Обская ,24.3,Речной вокзал,2020
real_estate_agent,Дзержинский,7.0,16.0,10.5,18.2,5900000.0,1.0, Адриена Лежена,39.3,Золотая Нива,2010
real_estate_agent,Октябрьский,8.0,10.0,8.7,19.1,5950000.0,1.0, Бориса Богаткова,37.5,Золотая Нива,2003
real_estate_agent,Центральный,10.0,10.0,8.5,12.9,5900000.0,1.0, Мичурина,33.3,Красный Проспект,1994
real_estate_agent,Октябрьский,4.0,25.0,5.460000000000001,21.840000000000003,5900000.0,1.0, Владимира Заровного,27.3,Спортивная,2019
real_estate_agent,Октябрьский,17.0,17.0,11.3,18.3,5950000.0,1.0, Декабристов,42.0,Речной вокзал,2017
real_estate_agent,Кировский,12.0,19.0,11.0,21.0,5900000.0,1.0, Герцена,45.0,Студенческая,2021
real_estate_agent,Ленинский,6.0,10.0,9.5,16.6,5950000.0,1.0, Серафимовича,35.8,Площадь Маркса,2014
real_estate_agent,Калининский,4.0,13.0,15.4,11.6,5900000.0,1.0, Имени генерал-майора А.Н. Рожкина,36.9,Заельцовская,2025
real_estate_agent,Калининский,8.0,13.0,15.5,11.5,5900000.0,1.0, Имени генерал-майора А.Н. Рожкина,38.6,Заельцовская,2017
real_estate_agent,Советский,3.0,4.0,5.8,18.0,6000000.0,1.0, Академическая,32.2,Студенческая,1994
real_estate_agent,Советский,1.0,9.0,10.4,18.9,6000000.0,1.0, Вяземская,37.9,Студенческая,1994
real_estate_agent,Октябрьский,4.0,4.0,16.0,12.0,6000000.0,1.0, Кирова,42.0,Речной вокзал,2020
real_estate_agent,Октябрьский,24.0,25.0,10.1,15.6,6000000.0,1.0,Гурьевская ,38.0,Золотая Нива,2020
real_estate_agent,Советский,13.0,26.0,18.8,16.2,6000000.0,1.0,Приморская ,48.3,Студенческая,2026
real_estate_agent,Заельцовский,10.0,25.0,14.7,16.5,6000000.0,1.0,Сухарная ,39.8,Площадь Гарина-Михайловского,2011
real_estate_agent,Ленинский,6.0,15.0,12.9,17.0,6000000.0,1.0,Стартовая ,44.2,Спортивная,2014
real_estate_agent,Ленинский,11.0,14.0,10.6,15.5,6000000.0,1.0, Титова,35.2,Площадь Маркса,2025
real_estate_agent,Советский,2.0,9.0,4.760000000000001,19.040000000000003,6000000.0,1.0, Российская,23.8,Студенческая,2023
real_estate_agent,Калининский,8.0,12.0,16.0,9.0,6000000.0,1.0,Красный проспект,32.9,Заельцовская,2017
real_estate_agent,Октябрьский,5.0,22.0,12.0,16.4,6000000.0,1.0, Декабристов,40.0,Речной вокзал,2020
real_estate_agent,Калининский,2.0,13.0,8.8,19.0,6000000.0,1.0, Имени генерал-майора А.Н. Рожкина,41.4,Заельцовская,2025
realtor,Заельцовский,9.0,15.0,10.0,27.0,6000000.0,1.0, Лобачевского,37.0,Заельцовская,2018
real_estate_agent,Центральный,1.0,9.0,7.5,17.0,6000000.0,1.0,Ядринцевская ,35.6,Площадь Ленина,2007
real_estate_agent,Первомайский,6.0,12.0,12.8,14.7,6099000.0,1.0, Заречная,38.7,Речной вокзал,2017
real_estate_agent,Дзержинский,18.0,21.0,11.5,15.0,6080000.0,1.0, Королева,33.75,Золотая Нива,2025
real_estate_agent,Ленинский,3.0,14.0,11.2,15.2,6100000.0,1.0,Троллейная ,37.2,Площадь Маркса,2015
real_estate_agent,Ленинский,4.0,15.0,11.8,17.4,6100000.0,1.0,Стартовая ,38.5,Спортивная,2014
real_estate_agent,Калининский,6.0,22.0,15.0,20.0,6100000.0,1.0, Имени генерал-майора А.Н. Рожкина,48.8,Заельцовская,2024
real_estate_agent,Кировский,15.0,26.0,7.0,18.0,6100000.0,1.0, Аникина,47.7,Студенческая,2017
real_estate_agent,Первомайский,14.0,18.0,14.0,21.9,6100000.0,1.0, Заречная,40.9,Спортивная,2022
real_estate_agent,Дзержинский,13.0,18.0,12.0,18.0,6100000.0,1.0, Дениса Давыдова,44.2,Березовая Роща,2014
real_estate_agent,Октябрьский,9.0,17.0,5.0,19.3,6100000.0,1.0,Большевистская ,24.3,Речной вокзал,2026
realtor,Октябрьский,6.0,17.0,12.5,20.0,6100000.0,1.0,Выборная ,45.2,Речной вокзал,2015
real_estate_agent,Ленинский,3.0,15.0,11.3,15.7,6150000.0,1.0,1-я Шоссейная ,36.2,Площадь Гарина-Михайловского,2022
real_estate_agent,Дзержинский,13.0,20.0,11.6,12.8,6150000.0,1.0, Королева,36.3,Золотая Нива,2022
real_estate_agent,Октябрьский,7.0,17.0,12.9,17.5,6150000.0,1.0,Вилюйская ,44.9,Речной вокзал,2010
real_estate_agent,Ленинский,4.0,5.0,8.2,19.2,6200000.0,1.0,Геодезическая ,36.1,Студенческая,1960
real_estate_agent,Октябрьский,4.0,10.0,8.8,18.0,6298000.0,1.0, Лескова,39.1,Октябрьская,2006
real_estate_agent,Калининский,13.0,26.0,14.0,13.0,6200000.0,1.0,Танковая ,42.0,Заельцовская,2016
real_estate_agent,Ленинский,1.0,22.0,12.0,16.5,6210000.0,1.0, Костычева,38.6,Площадь Маркса,2019
real_estate_agent,Октябрьский,2.0,10.0,8.0,14.0,6200000.0,1.0, Сакко и Ванцетти,33.9,Октябрьская,2000
real_estate_agent,Заельцовский,2.0,5.0,8.0,17.4,6200000.0,1.0,Ельцовская ,39.1,Площадь Гарина-Михайловского,2000
real_estate_agent,Заельцовский,13.0,18.0,9.4,15.5,6200000.0,1.0,Ельцовская ,36.3,Площадь Гарина-Михайловского,2016
real_estate_agent,Центральный,1.0,10.0,5.0,20.7,6297000.0,1.0,Депутатская ,31.8,Площадь Ленина,2007
real_estate_agent,Ленинский,6.0,17.0,8.1,16.0,6200000.0,1.0,63/1,40.0,Студенческая,2008
real_estate_agent,Октябрьский,6.0,12.0,10.2,15.8,6250000.0,1.0, Стофато,36.6,Золотая Нива,2015
realtor,Октябрьский,15.0,22.0,11.1,15.4,6249999.0,1.0, Михаила Кулагина,36.6,Золотая Нива,2016
real_estate_agent,Ленинский,13.0,17.0,4.960000000000001,19.840000000000003,6300000.0,1.0, Ясный Берег,24.8,Октябрьская,2022
real_estate_agent,Октябрьский,6.0,25.0,16.0,20.0,6300000.0,1.0,Закаменский мкр,43.0,Березовая Роща,2024
real_estate_agent,Ленинский,16.0,24.0,14.4,15.6,6300000.0,1.0,площадь Райсовета,37.6,Площадь Маркса,2022
real_estate_agent,Октябрьский,1.0,29.0,13.7,19.8,6300000.0,1.0,Закаменский мкр,43.2,Золотая Нива,2012
real_estate_agent,Первомайский,4.0,10.0,11.0,20.0,6300000.0,1.0, Заречная,42.0,Речной вокзал,2013
real_estate_agent,Ленинский,3.0,9.0,13.8,20.0,6300000.0,1.0, Плахотного,43.8,Площадь Маркса,2007
real_estate_agent,Советский,1.0,10.0,9.2,19.2,6390000.0,1.0, Российская,37.9,Студенческая,1993
real_estate_agent,Центральный,9.0,14.0,8.0,14.0,6380000.0,1.0, Фрунзе,32.0,Маршала Покрышкина,2007
real_estate_agent,Ленинский,10.0,26.0,10.0,24.6,6350000.0,1.0,1-я Чулымская ,39.6,Красный Проспект,2016
real_estate_agent,Железнодорожный,4.0,5.0,11.0,14.0,6350000.0,1.0,Советская ,40.0,Площадь Ленина,1960
real_estate_agent,Заельцовский,6.0,7.0,15.0,9.2,6350000.0,1.0,Кедровая ,31.77,Заельцовская,2025
real_estate_agent,Октябрьский,18.0,25.0,11.0,17.0,6370000.0,1.0,Пролетарская ,38.0,Золотая Нива,2026
real_estate_agent,Кировский,8.0,18.0,13.6,17.3,6480000.0,1.0,Пригородная ,42.9,Площадь Маркса,2019
real_estate_agent,Заельцовский,5.0,19.0,13.4,16.2,6450000.0,1.0, Дуси Ковальчук,43.09,Заельцовская,2011
real_estate_agent,Железнодорожный,9.0,30.0,9.0,12.0,6400000.0,1.0,Фабричная ,27.7,Площадь Гарина-Михайловского,2024
real_estate_agent,Железнодорожный,6.0,9.0,6.7,20.9,6400000.0,1.0,Сибирская ,38.4,Красный Проспект,1985
real_estate_agent,Октябрьский,22.0,22.0,14.0,14.0,6490000.0,1.0, Сакко и Ванцетти,37.0,Октябрьская,2020
real_estate_agent,Ленинский,26.0,26.0,5.1,24.9,6400000.0,1.0, Ясный Берег,43.1,Площадь Гарина-Михайловского,2015
real_estate_agent,Калининский,5.0,10.0,11.2,22.6,6480000.0,1.0, Михаила Немыткина,43.2,Заельцовская,2011
real_estate_agent,Заельцовский,2.0,24.0,11.4,26.4,6490000.0,1.0, Дуси Ковальчук,42.8,Заельцовская,2022
real_estate_agent,Октябрьский,2.0,4.0,12.0,24.0,6400000.0,1.0, Кирова,46.7,Октябрьская,2020
real_estate_agent,Октябрьский,2.0,8.0,8.1,17.6,6400000.0,1.0, Ключ-Камышенское плато,34.1,Речной вокзал,1996
realtor,Заельцовский,4.0,12.0,8.7,18.9,6400000.0,1.0,Линейная ,35.8,Гагаринская,1991
realtor,Октябрьский,11.0,18.0,13.0,18.0,6500000.0,1.0, Адриена Лежена,42.0,Золотая Нива,2021
real_estate_agent,Заельцовский,7.0,7.0,16.0,11.3,6500000.0,1.0,Кедровая ,36.7,Заельцовская,2022
real_estate_agent,Октябрьский,4.0,12.0,13.3,22.4,6500000.0,1.0, Грибоедова,43.5,Речной вокзал,2008
real_estate_agent,Советский,1.0,4.0,5.8,18.0,6500000.0,1.0,проспект Морской,30.7,Студенческая,1964
real_estate_agent,Советский,4.0,4.0,6.0,19.0,6500000.0,1.0,проспект Морской,32.0,Студенческая,1994
real_estate_agent,Центральный,3.0,12.0,9.0,18.0,6500000.0,1.0, Семьи Шамшиных,34.9,Маршала Покрышкина,1988
real_estate_agent,Октябрьский,5.0,19.0,9.9,14.4,6500000.0,1.0, Михаила Кулагина,35.0,Золотая Нива,2016
real_estate_agent,Ленинский,7.0,10.0,13.1,17.8,6500000.0,1.0,Широкая ,44.8,Площадь Маркса,2009
real_estate_agent,Октябрьский,1.0,4.0,12.0,17.0,6500000.0,1.0, Кирова,41.7,Речной вокзал,2015
real_estate_agent,Советский,1.0,4.0,5.9,19.1,6500000.0,1.0, Академическая,32.4,Студенческая,1963
real_estate_agent,Заельцовский,12.0,26.0,6.578,26.312,6500000.0,1.0,Красный проспект,32.89,Заельцовская,2025
real_estate_agent,Заельцовский,18.0,25.0,5.0,20.0,6500000.0,1.0,Кавалерийская ,35.0,Заельцовская,2021
real_estate_agent,Центральный,4.0,6.0,7.9,19.8,6500000.0,1.0,Красный проспект,39.6,Октябрьская,1962
real_estate_agent,Октябрьский,5.0,10.0,6.0,17.0,6500000.0,1.0, Белинского,31.3,Октябрьская,1991
real_estate_agent,Ленинский,8.0,10.0,20.6,12.0,6500000.0,1.0,Троллейная ,47.4,Площадь Маркса,2013
real_estate_agent,Советский,9.0,16.0,7.9,21.0,6500000.0,1.0, Балтийская,54.7,Студенческая,2012
real_estate_agent,Октябрьский,3.0,10.0,8.0,19.2,6500000.0,1.0,2-я Обская ,38.0,Спортивная,2012
real_estate_agent,Ленинский,8.0,15.0,13.2,18.240000000000002,6500000.0,1.0,площадь Карла Маркса,31.44,Площадь Маркса,2015
real_estate_agent,Кировский,17.0,25.0,4.8,14.2,6500000.0,1.0, Немировича-Данченко,31.1,Студенческая,2022
real_estate_agent,Кировский,3.0,19.0,10.5,29.5,6500000.0,1.0, Герцена,45.0,Студенческая,2020
real_estate_agent,Октябрьский,7.0,25.0,5.3,11.2,6500000.0,1.0, Кирова,25.26,Октябрьская,2025
real_estate_agent,Дзержинский,9.0,10.0,12.0,24.0,6500000.0,1.0, Королева,38.0,Березовая Роща,2015
realtor,Железнодорожный,12.0,30.0,12.5,14.5,6500000.0,1.0,Фабричная ,34.7,Площадь Гарина-Михайловского,2024
realtor,Заельцовский,21.0,27.0,12.0,18.0,6500000.0,1.0, Залесского,40.4,Заельцовская,2013
real_estate_agent,Кировский,1.0,10.0,5.0,26.8,6590000.0,1.0, Немировича-Данченко,31.8,Спортивная,2016
real_estate_agent,Заельцовский,21.0,25.0,14.2,18.0,6649000.0,1.0,Сухарная ,40.0,Площадь Гарина-Михайловского,2022
real_estate_agent,Центральный,7.0,26.0,9.7,15.5,6600000.0,1.0, Писарева,37.2,Маршала Покрышкина,2007
real_estate_agent,Заельцовский,9.0,17.0,10.5,19.1,6600000.0,1.0,Овражная ,38.4,Заельцовская,2009
real_estate_agent,Октябрьский,20.0,22.0,12.7,18.0,6600000.0,1.0, Сакко и Ванцетти,43.1,Октябрьская,2017
real_estate_agent,Заельцовский,6.0,27.0,18.1,15.0,6600000.0,1.0,Светлановская ,45.9,Заельцовская,2023
real_estate_agent,Центральный,19.0,25.0,10.7,18.3,6600000.0,1.0, Державина,40.2,Березовая Роща,2007
real_estate_agent,Дзержинский,16.0,17.0,7.1,18.0,6700000.0,1.0, Есенина,35.0,Золотая Нива,2019
real_estate_agent,Заельцовский,15.0,25.0,11.7,14.5,6700000.0,1.0,Кавалерийская ,38.1,Заельцовская,2019
real_estate_agent,Октябрьский,19.0,21.0,10.3,17.1,6700000.0,1.0,2-я Воинская ,38.0,Золотая Нива,2025
real_estate_agent,Центральный,5.0,26.0,9.7,17.0,6700000.0,1.0, Писарева,36.9,Маршала Покрышкина,2021
real_estate_agent,Центральный,11.0,21.0,5.0,21.2,6650000.0,1.0, Писарева,26.2,Гагаринская,2024
real_estate_agent,Заельцовский,17.0,19.0,10.0,16.0,6700000.0,1.0, Вавилова,37.0,Заельцовская,2011
real_estate_agent,Октябрьский,6.0,13.0,5.6000000000000005,22.400000000000002,6700000.0,1.0,Обская ,28.0,Речной вокзал,2021
real_estate_agent,Заельцовский,7.0,16.0,11.0,19.0,6700000.0,1.0, Дмитрия Донского,40.0,Заельцовская,2012
real_estate_agent,Октябрьский,2.0,19.0,9.0,20.0,6700000.0,1.0, Михаила Кулагина,36.6,Золотая Нива,2017
real_estate_agent,Дзержинский,9.0,18.0,10.0,20.1,6700000.0,1.0,проспект Дзержинского,36.7,Березовая Роща,2007
real_estate_agent,Железнодорожный,3.0,9.0,7.0,18.0,6700000.0,1.0,Сибирская ,34.5,Красный Проспект,1985
real_estate_agent,Первомайский,7.0,10.0,10.6,21.0,6700000.0,1.0, Марии Ульяновой,44.4,Речной вокзал,2007
real_estate_agent,Дзержинский,2.0,17.0,11.0,20.0,6650000.0,1.0, Адриена Лежена,45.0,Золотая Нива,2010
real_estate_agent,Октябрьский,4.0,10.0,5.8,24.0,6730000.0,1.0,Большевистская ,37.0,Октябрьская,2020
real_estate_agent,Дзержинский,11.0,19.0,7.0,36.0,6650000.0,1.0,проспект Дзержинского,43.0,Березовая Роща,2015
real_estate_agent,Октябрьский,19.0,19.0,10.0,15.0,6680000.0,1.0, Михаила Кулагина,33.0,Березовая Роща,2019
real_estate_agent,Дзержинский,11.0,20.0,12.9,14.2,6790000.0,1.0, Королева,40.15,Золотая Нива,2022
real_estate_agent,Первомайский,2.0,9.0,12.5,14.4,6750000.0,1.0, Заречная,38.5,Спортивная,2019
real_estate_agent,Ленинский,18.0,26.0,14.0,16.0,6750000.0,1.0, Ясный Берег,39.0,Площадь Гарина-Михайловского,2019
real_estate_agent,Советский,2.0,4.0,6.0,19.2,6750000.0,1.0,проезд Цветной,31.9,Студенческая,1962
real_estate_agent,Первомайский,13.0,16.0,13.0,32.0,6750000.0,1.0, Заречная,45.0,Речной вокзал,2013
realtor,Калининский,9.0,13.0,11.0,13.2,6750000.0,1.0, Богдана Хмельницкого,36.0,Заельцовская,2025
real_estate_agent,Кировский,7.0,25.0,13.0,22.2,6800000.0,1.0, Сержанта Коротаева,41.1,Площадь Маркса,2017
realtor,Заельцовский,9.0,10.0,12.0,28.200000000000003,6800000.0,1.0,Красный проспект,40.2,Заельцовская,1998
real_estate_agent,Ленинский,3.0,17.0,13.3,17.8,6860000.0,1.0,Рельефная ,39.2,Студенческая,2024
real_estate_agent,Октябрьский,2.0,8.0,14.0,24.0,6800000.0,1.0,Большевистская ,43.06,Октябрьская,2025
real_estate_agent,Заельцовский,12.0,18.0,5.0,12.0,6800000.0,1.0,Плановая ,22.0,Заельцовская,2025
real_estate_agent,Ленинский,4.0,24.0,3.2,24.2,6850000.0,1.0, Пархоменко,36.7,Площадь Маркса,2025
real_estate_agent,Ленинский,3.0,9.0,9.5,16.0,6800000.0,1.0,Тихвинская ,42.4,Площадь Маркса,2010
real_estate_agent,Кировский,6.0,9.0,14.0,26.1,6890000.0,1.0, Ватутина,40.1,Площадь Маркса,2006
real_estate_agent,Октябрьский,16.0,17.0,10.0,17.0,6800000.0,1.0, Кирова,37.2,Речной вокзал,2017
real_estate_agent,Железнодорожный,2.0,9.0,7.0,18.0,6890000.0,1.0, 1905 года,33.0,Гагаринская,1973
real_estate_agent,Дзержинский,11.0,26.0,8.0,17.0,6800000.0,1.0, Бориса Богаткова,33.0,Золотая Нива,2018
real_estate_agent,Октябрьский,12.0,18.0,18.0,14.5,6800000.0,1.0,Рябиновая ,47.05,Речной вокзал,2025
real_estate_agent,Дзержинский,4.0,16.0,8.6,19.2,6890000.0,1.0, Адриена Лежена,40.6,Золотая Нива,2009
real_estate_agent,Ленинский,7.0,25.0,11.9,16.3,6800000.0,1.0, Костычева,38.9,Площадь Маркса,2019
real_estate_agent,Заельцовский,7.0,23.0,16.0,12.5,6840000.0,1.0, Ляпидевского,35.5,Заельцовская,2022
realtor,Октябрьский,13.0,26.0,9.0,18.0,6800000.0,1.0, Шевченко,31.0,Октябрьская,2017
real_estate_agent,Октябрьский,4.0,17.0,10.0,16.0,6900000.0,1.0, Кирова,37.8,Речной вокзал,2017
real_estate_agent,Центральный,1.0,10.0,13.7,19.3,6900000.0,1.0, Писарева,39.4,Маршала Покрышкина,1998
real_estate_agent,Октябрьский,16.0,26.0,5.0,21.0,6900000.0,1.0, Шевченко,31.0,Октябрьская,2017
real_estate_agent,Калининский,14.0,14.0,10.0,18.0,6900000.0,1.0, Менделеева,41.0,Заельцовская,2009
real_estate_agent,Заельцовский,2.0,24.0,3.0,16.7,6900000.0,1.0,Красный проспект,28.7,Заельцовская,2022
real_estate_agent,Заельцовский,9.0,19.0,7.5,37.1,6900000.0,1.0, Аэропорт,51.7,Заельцовская,2023
real_estate_agent,Заельцовский,1.0,25.0,15.5,15.0,6950000.0,1.0,Светлановская ,43.0,Заельцовская,2021
real_estate_agent,Октябрьский,3.0,27.0,13.7,19.5,6990000.0,1.0,Закаменский мкр,42.7,Березовая Роща,2024
real_estate_agent,Октябрьский,4.0,10.0,8.0,28.200000000000003,6950000.0,1.0, Владимира Заровного,36.2,Речной вокзал,2018
real_estate_agent,Заельцовский,12.0,25.0,4.0,35.4,6980000.0,1.0,Кавалерийская ,39.4,Заельцовская,2021
real_estate_agent,Октябрьский,2.0,25.0,10.0,30.0,6990000.0,1.0, Кирова,50.9,Октябрьская,2024
realtor,Октябрьский,14.0,17.0,12.0,30.0,6950000.0,1.0,Вилюйская ,42.0,Речной вокзал,2024
real_estate_agent,Ленинский,4.0,17.0,6.0,21.3,6999000.0,1.0, Ясный Берег,39.7,Красный Проспект,2023
real_estate_agent,Железнодорожный,4.0,9.0,5.7,17.7,6990000.0,1.0, Вокзальная магистраль,29.5,Площадь Гарина-Михайловского,1969
real_estate_agent,Заельцовский,2.0,24.0,15.0,17.0,6970000.0,1.0,Сухарная ,45.0,Площадь Гарина-Михайловского,2022
real_estate_agent,Ленинский,16.0,25.0,12.0,16.0,6950000.0,1.0, Костычева,38.6,Площадь Маркса,2019
real_estate_agent,Кировский,12.0,25.0,8.4,17.0,6999000.0,1.0, Немировича-Данченко,34.9,Площадь Маркса,2021
realtor,Ленинский,2.0,17.0,13.0,38.7,7000000.0,1.0,63/1,51.7,Студенческая,2007
real_estate_agent,Октябрьский,10.0,23.0,6.0,22.2,7000000.0,1.0, Владимира Заровного,28.2,Октябрьская,2022
real_estate_agent,Ленинский,12.0,12.0,11.4,16.9,7000000.0,1.0,Вертковская ,42.7,Площадь Маркса,2015
real_estate_agent,Дзержинский,10.0,10.0,11.0,19.0,7000000.0,1.0, Адриена Лежена,41.5,Золотая Нива,2012
real_estate_agent,Октябрьский,6.0,17.0,11.9,12.4,7000000.0,1.0,Большевистская ,36.3,Речной вокзал,2014
real_estate_agent,Ленинский,2.0,26.0,10.0,31.0,7000000.0,1.0, Ясный Берег,41.0,Площадь Гарина-Михайловского,2020
real_estate_agent,Октябрьский,2.0,17.0,10.0,16.0,7000000.0,1.0,Закаменский мкр,34.8,Березовая Роща,2024
real_estate_agent,Ленинский,2.0,16.0,11.0,21.0,7000000.0,1.0,63/1,40.3,Студенческая,2010
real_estate_agent,Ленинский,5.0,11.0,12.0,20.0,7000000.0,1.0, Титова,47.0,Площадь Маркса,2015
real_estate_agent,Железнодорожный,7.0,9.0,6.0,18.0,7000000.0,1.0, 1905 года,33.0,Площадь Гарина-Михайловского,1975
real_estate_agent,Железнодорожный,17.0,26.0,7.0,19.9,7000000.0,1.0,Сибирская ,28.9,Площадь Гарина-Михайловского,2016
realtor,Октябрьский,6.0,20.0,11.0,32.0,7049999.0,1.0,Обская ,45.8,Речной вокзал,2015
real_estate_agent,Октябрьский,13.0,21.0,5.5,27.200000000000003,7100000.0,1.0,Зыряновская ,32.7,Речной вокзал,2019
real_estate_agent,Ленинский,7.0,10.0,8.4,17.9,7100000.0,1.0, Блюхера,40.7,Студенческая,2005
real_estate_agent,Заельцовский,4.0,9.0,13.0,22.0,7100000.0,1.0,Ельцовская ,46.0,Площадь Гарина-Михайловского,2022
real_estate_agent,Ленинский,19.0,19.0,11.0,12.0,7100000.0,1.0,Стартовая ,34.0,Спортивная,2015
real_estate_agent,Центральный,5.0,5.0,7.0,21.0,7100000.0,1.0,Трудовая ,43.8,Площадь Ленина,1930
real_estate_agent,Заельцовский,1.0,6.0,8.0,28.0,7200000.0,1.0,Овражная ,42.0,Заельцовская,2022
real_estate_agent,Центральный,20.0,24.0,12.2,16.8,7200000.0,1.0, Писарева,40.13,Маршала Покрышкина,2028
real_estate_agent,Кировский,9.0,17.0,5.0,16.0,7200000.0,1.0, Немировича-Данченко,30.4,Спортивная,2017
real_estate_agent,Советский,3.0,4.0,6.0,18.0,7200000.0,1.0, Академическая,32.2,Студенческая,1963
real_estate_agent,Железнодорожный,2.0,7.0,7.9,15.9,7280000.0,1.0,Октябрьская ,35.6,Площадь Ленина,1995
real_estate_agent,Октябрьский,4.0,17.0,10.0,25.0,7250000.0,1.0,Большевистская ,41.5,Речной вокзал,2025
real_estate_agent,Октябрьский,18.0,23.0,11.0,18.0,7300000.0,1.0,2-я Воинская ,38.4,Золотая Нива,2025
real_estate_agent,Ленинский,10.0,22.0,14.4,14.0,7300000.0,1.0,площадь Райсовета,39.5,Площадь Маркса,2016
real_estate_agent,Заельцовский,11.0,24.0,10.5,17.0,7300000.0,1.0,Кавалерийская ,38.8,Гагаринская,2018
real_estate_agent,Заельцовский,1.0,10.0,12.0,24.0,7300000.0,1.0,Холодильная ,51.0,Заельцовская,2007
real_estate_agent,Ленинский,12.0,16.0,12.0,35.0,7300000.0,1.0, Дружбы,52.8,Площадь Маркса,2003
real_estate_agent,Советский,2.0,9.0,6.0,17.0,7400000.0,1.0, Терешковой,29.3,Студенческая,1969
real_estate_agent,Октябрьский,7.0,8.0,12.5,16.5,7400000.0,1.0, Федосеева,40.1,Золотая Нива,2020
real_estate_agent,Заельцовский,16.0,25.0,12.0,26.0,7350000.0,1.0,Светлановская ,43.0,Заельцовская,2022
real_estate_agent,Первомайский,4.0,17.0,22.0,18.6,7350000.0,1.0, Баумана,54.3,Речной вокзал,2014
real_estate_agent,Октябрьский,2.0,6.0,12.0,17.0,7400000.0,1.0, Кирова,46.0,Октябрьская,2007
real_estate_agent,Октябрьский,8.0,12.0,12.0,24.0,7400000.0,1.0, Федосеева,49.0,Золотая Нива,2020
realtor,Октябрьский,19.0,25.0,11.0,22.0,7390000.0,1.0, Кирова,39.6,Речной вокзал,2020
real_estate_agent,Октябрьский,4.0,10.0,7.8,16.3,7350000.0,1.0,Большевистская ,35.3,Речной вокзал,2020
real_estate_agent,Заельцовский,11.0,25.0,17.3,10.8,7450000.0,1.0, Дуси Ковальчук,35.6,Заельцовская,2026
real_estate_agent,Кировский,7.0,17.0,5.0,25.9,7500000.0,1.0, Немировича-Данченко,30.9,Студенческая,2016
real_estate_agent,Центральный,8.0,25.0,4.54,18.16,7500000.0,1.0, Державина,22.7,Маршала Покрышкина,2022
real_estate_agent,Октябрьский,17.0,25.0,9.5,17.3,7500000.0,1.0,Гурьевская ,37.6,Золотая Нива,2023
real_estate_agent,Центральный,12.0,13.0,17.0,17.9,7500000.0,1.0,Ядринцевская ,38.9,Площадь Ленина,2021
real_estate_agent,Заельцовский,7.0,17.0,16.0,12.0,7500000.0,1.0, Аэропорт,39.0,Заельцовская,2023
realtor,Дзержинский,3.0,14.0,13.5,18.0,7590000.0,1.0, Николая Островского,42.2,Березовая Роща,2022
real_estate_agent,Железнодорожный,9.0,9.0,5.0,20.0,7500000.0,1.0, Революции,33.0,Площадь Ленина,1977
real_estate_agent,Ленинский,7.0,16.0,10.8,17.4,7500000.0,1.0, Котовского,39.7,Площадь Маркса,2012
real_estate_agent,Октябрьский,17.0,25.0,5.0,18.0,7500000.0,1.0,2-я Обская ,28.8,Речной вокзал,2015
real_estate_agent,Заельцовский,7.0,24.0,13.0,15.0,7500000.0,1.0,Красный проспект,37.2,Заельцовская,2022
real_estate_agent,Заельцовский,10.0,19.0,7.5,35.6,7500000.0,1.0, Аэропорт,46.1,Заельцовская,2023
realtor,Железнодорожный,12.0,25.0,10.0,22.799999999999997,7500000.0,1.0,Фабричная ,32.8,Площадь Гарина-Михайловского,2002
real_estate_agent,Октябрьский,9.0,18.0,11.0,18.0,7630000.0,1.0,Военная ,44.0,Октябрьская,2011
real_estate_agent,Октябрьский,19.0,25.0,9.2,16.4,7600000.0,1.0, Толстого,38.4,Октябрьская,2013
real_estate_agent,Октябрьский,6.0,25.0,13.0,16.0,7700000.0,1.0, Лескова,39.9,Октябрьская,2014
real_estate_agent,Заельцовский,10.0,18.0,6.0,26.0,7700000.0,1.0, Аэропорт,32.0,Заельцовская,2024
real_estate_agent,Октябрьский,3.0,18.0,5.1,29.0,7690000.0,1.0,Большевистская ,51.5,Речной вокзал,2025
real_estate_agent,Октябрьский,11.0,25.0,10.0,18.0,7690000.0,1.0,Ипподромская ,42.0,Октябрьская,2020
real_estate_agent,Октябрьский,2.0,10.0,15.0,16.0,7800000.0,1.0,Большевистская ,42.6,Речной вокзал,2022
real_estate_agent,Октябрьский,17.0,25.0,12.0,19.0,7800000.0,1.0, Лескова,39.3,Октябрьская,2013
real_estate_agent,Октябрьский,9.0,20.0,20.0,25.0,7750000.0,1.0,Ленинградская ,49.7,Речной вокзал,2025
real_estate_agent,Октябрьский,13.0,17.0,16.6,10.8,7800000.0,1.0, Гаранина,34.9,Золотая Нива,2020
real_estate_agent,Октябрьский,5.0,21.0,9.5,14.2,7800000.0,1.0, Кошурникова,34.2,Березовая Роща,2019
real_estate_agent,Заельцовский,6.0,18.0,24.0,12.6,7800000.0,1.0, Аэропорт,46.1,Заельцовская,2023
real_estate_agent,Кировский,5.0,14.0,17.5,12.8,7800000.0,1.0, Немировича-Данченко,39.9,Студенческая,2017
real_estate_agent,Ленинский,4.0,13.0,5.0,27.0,7850000.0,1.0,площадь Карла Маркса,36.96,Площадь Маркса,2026
real_estate_agent,Центральный,14.0,25.0,10.0,16.2,7880000.0,1.0, Фрунзе,38.2,Маршала Покрышкина,2007
real_estate_agent,Железнодорожный,3.0,10.0,10.2,17.6,7990000.0,1.0, Вокзальная магистраль,39.0,Площадь Гарина-Михайловского,2002
real_estate_agent,Железнодорожный,5.0,10.0,9.7,17.8,7900000.0,1.0, Вокзальная магистраль,38.7,Площадь Гарина-Михайловского,1993
real_estate_agent,Центральный,14.0,19.0,18.9,17.8,7990000.0,1.0, Николая Островского,46.1,Маршала Покрышкина,2016
real_estate_agent,Центральный,15.0,21.0,10.0,16.7,7990000.0,1.0, Писарева,39.4,Гагаринская,2024
real_estate_agent,Октябрьский,2.0,10.0,12.1,15.3,7900000.0,1.0,Тополевая ,37.3,Октябрьская,2021
real_estate_agent,Дзержинский,3.0,25.0,15.0,26.0,7999000.0,1.0, Бориса Богаткова,41.0,Золотая Нива,2018
real_estate_agent,Центральный,7.0,16.0,12.0,10.0,7980000.0,1.0,Трудовая ,30.0,Площадь Ленина,2007
real_estate_agent,Калининский,6.0,13.0,10.0,16.0,8000000.0,1.0, Богдана Хмельницкого,33.0,Заельцовская,2025
real_estate_agent,Дзержинский,6.0,10.0,11.6,17.7,8000000.0,1.0,Закаменский мкр,41.0,Березовая Роща,2019
real_estate_agent,Дзержинский,23.0,26.0,19.0,15.0,8000000.0,1.0, Королева,50.0,Березовая Роща,2019
real_estate_agent,Дзержинский,10.0,29.0,17.4,11.7,8000000.0,1.0,Закаменский мкр,41.96,Березовая Роща,2025
real_estate_agent,Октябрьский,7.0,17.0,10.0,38.0,8000000.0,1.0, Никитина,48.0,Речной вокзал,2020
real_estate_agent,Заельцовский,6.0,6.0,18.2,10.9,8000000.0,1.0,Кедровая ,50.19,Заельцовская,2022
real_estate_agent,Октябрьский,14.0,25.0,12.0,15.0,8100000.0,1.0,Покатная ,36.2,Октябрьская,2020
real_estate_agent,Октябрьский,11.0,25.0,9.4,13.4,8100000.0,1.0,Ипподромская ,35.5,Октябрьская,2020
real_estate_agent,Октябрьский,12.0,20.0,12.8,17.5,8100000.0,1.0,2-я Обская ,43.1,Спортивная,2016
real_estate_agent,Заельцовский,16.0,26.0,9.0,17.0,8100000.0,1.0,Северная ,39.0,Заельцовская,2016
real_estate_agent,Центральный,21.0,24.0,9.540000000000001,38.160000000000004,8100000.0,1.0, Державина,47.7,Березовая Роща,2007
real_estate_agent,Железнодорожный,8.0,9.0,4.1,29.8,8100000.0,1.0, Прибрежная,46.2,Площадь Гарина-Михайловского,2024
real_estate_agent,Заельцовский,10.0,19.0,14.5,37.2,8100000.0,1.0, Аэропорт,51.7,Заельцовская,2023
real_estate_agent,Калининский,9.0,24.0,13.0,15.0,8200000.0,1.0,Народная ,39.3,Заельцовская,2018
real_estate_agent,Центральный,14.0,17.0,13.4,19.3,8200000.0,1.0, Державина,46.2,Березовая Роща,2007
real_estate_agent,Заельцовский,11.0,16.0,11.2,16.2,8200000.0,1.0,Дачная ,40.1,Заельцовская,2005
real_estate_agent,Дзержинский,5.0,27.0,14.0,29.0,8200000.0,1.0, Фрунзе,43.0,Березовая Роща,2013
real_estate_agent,Центральный,25.0,27.0,9.9,17.9,8250000.0,1.0, Крылова,38.9,Сибирская,2007
real_estate_agent,Заельцовский,9.0,23.0,7.0,20.0,8300000.0,1.0, Дуси Ковальчук,37.6,Заельцовская,2023
realtor,Центральный,11.0,25.0,11.5,20.0,8300000.0,1.0, Фрунзе,43.4,Маршала Покрышкина,2016
real_estate_agent,Калининский,21.0,25.0,13.2,15.0,8450000.0,1.0,Народная ,40.0,Заельцовская,2018
real_estate_agent,Заельцовский,4.0,10.0,19.0,11.0,8400000.0,1.0,Овражная ,46.0,Заельцовская,2010
real_estate_agent,Центральный,6.0,25.0,9.0,17.0,8500000.0,1.0, Романова,35.8,Площадь Ленина,2014
real_estate_agent,Железнодорожный,3.0,15.0,12.5,13.8,8500000.0,1.0,Фабричная ,35.8,Площадь Гарина-Михайловского,2021
real_estate_agent,Ленинский,20.0,26.0,11.0,23.0,8500000.0,1.0, Ясный Берег,40.2,Октябрьская,2025
real_estate_agent,Железнодорожный,3.0,25.0,10.3,16.8,8500000.0,1.0,Сибирская ,38.8,Площадь Гарина-Михайловского,2016
real_estate_agent,Железнодорожный,23.0,26.0,7.7,31.2,8500000.0,1.0, 1905 года,38.9,Красный Проспект,2015
real_estate_agent,Центральный,13.0,25.0,10.1,20.0,8500000.0,1.0, Фрунзе,42.6,Маршала Покрышкина,2015
real_estate_agent,Кировский,23.0,24.0,16.0,20.0,8500000.0,1.0, Немировича-Данченко,41.0,Студенческая,2025
real_estate_agent,Заельцовский,15.0,27.0,11.0,21.0,8500000.0,1.0, Залесского,45.3,Заельцовская,2014
real_estate_agent,Калининский,8.0,26.0,14.0,20.0,8500000.0,1.0,Ипподромская ,39.7,Березовая Роща,2020
real_estate_agent,Центральный,12.0,17.0,10.0,23.5,8500000.0,1.0, Семьи Шамшиных,41.79,Маршала Покрышкина,2024
real_estate_agent,Центральный,4.0,21.0,15.8,22.3,8550000.0,1.0, Орджоникидзе,53.4,Площадь Ленина,2012
real_estate_agent,Заельцовский,15.0,19.0,7.5,22.5,8600000.0,1.0, Аэропорт,51.2,Заельцовская,2023
real_estate_agent,Октябрьский,7.0,18.0,12.0,20.0,8700000.0,1.0,Нижегородская ,43.9,Октябрьская,2008
real_estate_agent,Центральный,16.0,22.0,11.0,13.0,8700000.0,1.0, Николая Островского,34.1,Маршала Покрышкина,2019
real_estate_agent,Центральный,8.0,9.0,23.2,18.2,8699000.0,1.0, Семьи Шамшиных,63.7,Октябрьская,2001
real_estate_agent,Заельцовский,5.0,17.0,16.0,22.9,8800000.0,1.0, Аэропорт,38.9,Заельцовская,2024
real_estate_agent,Октябрьский,5.0,21.0,9.0,32.4,8950000.0,1.0, Сакко и Ванцетти,41.4,Октябрьская,2017
real_estate_agent,Заельцовский,4.0,26.0,25.0,18.0,8900000.0,1.0, Тимирязева,48.1,Заельцовская,2018
real_estate_agent,Октябрьский,16.0,18.0,13.0,17.0,8930000.0,1.0,2-я Обская ,40.5,Речной вокзал,2016
real_estate_agent,Заельцовский,11.0,23.0,11.0,18.0,8990000.0,1.0,Красный проспект,37.6,Заельцовская,2023
real_estate_agent,Октябрьский,5.0,10.0,9.6,17.7,9000000.0,1.0, Сакко и Ванцетти,42.2,Речной вокзал,2010
real_estate_agent,Центральный,12.0,21.0,15.0,23.0,9000000.0,1.0, Орджоникидзе,60.0,Площадь Ленина,2011
real_estate_agent,Центральный,13.0,18.0,9.6,17.8,9000000.0,1.0, Семьи Шамшиных,39.2,Маршала Покрышкина,2014
real_estate_agent,Октябрьский,5.0,21.0,7.0,36.4,9000000.0,1.0, Сакко и Ванцетти,43.4,Октябрьская,2019
real_estate_agent,Железнодорожный,5.0,25.0,10.0,21.0,9000000.0,1.0,Сибирская ,42.5,Площадь Гарина-Михайловского,2016
real_estate_agent,Железнодорожный,7.0,20.0,5.0,26.0,9000000.0,1.0,Фабричная ,39.0,Площадь Гарина-Михайловского,2022
real_estate_agent,Дзержинский,5.0,17.0,13.0,23.0,9000000.0,1.0, Николая Островского,41.0,Березовая Роща,2023
real_estate_agent,Октябрьский,2.0,18.0,10.1,22.7,9100000.0,1.0,Нижегородская ,49.1,Октябрьская,2008
real_estate_agent,Октябрьский,10.0,16.0,4.6,22.0,9100000.0,1.0, Маковского,35.3,Речной вокзал,2025
real_estate_agent,Кировский,13.0,16.0,11.0,17.2,9200000.0,1.0, Немировича-Данченко,38.7,Студенческая,2017
real_estate_agent,Советский,2.0,4.0,6.0,19.0,9400000.0,1.0,проспект Морской,30.2,Студенческая,1994
real_estate_agent,Октябрьский,4.0,22.0,13.0,17.0,9350000.0,1.0,2-я Обская ,51.0,Спортивная,2015
real_estate_agent,Центральный,15.0,20.0,12.5,21.5,9400000.0,1.0, Гоголя,55.0,Маршала Покрышкина,2018
real_estate_agent,Октябрьский,6.0,14.0,17.0,35.0,9460000.0,1.0,Гурьевская ,62.1,Октябрьская,2020
real_estate_agent,Дзержинский,21.0,26.0,12.0,20.0,9450000.0,1.0, Кошурникова,43.2,Березовая Роща,2019
real_estate_agent,Заельцовский,3.0,25.0,7.0,38.0,9500000.0,1.0, Дуси Ковальчук,52.0,Заельцовская,2022
real_estate_agent,Октябрьский,4.0,5.0,8.4,17.1,9600000.0,1.0, Сакко и Ванцетти,38.2,Речной вокзал,2021
real_estate_agent,Советский,6.0,9.0,6.0,17.0,9700000.0,1.0, Терешковой,30.0,Студенческая,1973
real_estate_agent,Заельцовский,12.0,19.0,14.5,40.3,9700000.0,1.0, Аэропорт,68.5,Заельцовская,2023
real_estate_agent,Заельцовский,11.0,19.0,14.5,40.3,9700000.0,1.0, Аэропорт,68.5,Заельцовская,2023
real_estate_agent,Железнодорожный,3.0,12.0,14.1,14.0,9650000.0,1.0, 1905 года,42.0,Гагаринская,2018
real_estate_agent,Октябрьский,5.0,25.0,8.0,26.0,9990000.0,1.0,Ипподромская ,39.0,Октябрьская,2020
real_estate_agent,Заельцовский,6.0,16.0,11.9,14.3,10000000.0,1.0,Красный проспект,41.4,Заельцовская,2024
real_estate_agent,Центральный,8.0,13.0,13.0,22.0,10000000.0,1.0, Ольги Жилиной,54.0,Маршала Покрышкина,2011
real_estate_agent,Октябрьский,3.0,9.0,13.0,22.0,9950000.0,1.0, Декабристов,35.0,Речной вокзал,2014
real_estate_agent,Октябрьский,2.0,21.0,7.0,48.5,10000000.0,1.0, Кошурникова,55.5,Березовая Роща,2019
real_estate_agent,Калининский,15.0,20.0,12.0,21.0,10120000.0,1.0, Богдана Хмельницкого,46.0,Заельцовская,2022
real_estate_agent,Центральный,17.0,21.0,15.8,22.4,10189000.0,1.0, Орджоникидзе,51.7,Площадь Ленина,2012
real_estate_agent,Центральный,4.0,9.0,12.1,21.4,10390000.0,1.0, Семьи Шамшиных,48.0,Площадь Ленина,2007
realtor,Железнодорожный,12.0,16.0,9.0,36.0,10350000.0,1.0,Железнодорожная ,45.0,Площадь Гарина-Михайловского,2024
real_estate_agent,Советский,8.0,17.0,14.1,16.6,10500000.0,1.0, Российская,45.3,Студенческая,1994
real_estate_agent,Заельцовский,19.0,20.0,16.0,17.0,10599000.0,1.0, Дуси Ковальчук,52.0,Заельцовская,2022
realtor,Октябрьский,20.0,25.0,3.0,23.9,10800000.0,1.0,Московская ,36.8,Октябрьская,2023
real_estate_agent,Железнодорожный,23.0,23.0,15.0,15.0,10999000.0,1.0, Дмитрия Шамшурина,39.0,Площадь Гарина-Михайловского,2021
real_estate_agent,Заельцовский,12.0,25.0,17.0,14.0,11000000.0,1.0, Дмитрия Донского,45.8,Заельцовская,2022
real_estate_agent,Центральный,4.0,9.0,14.2,39.8,11000000.0,1.0, Семьи Шамшиных,54.0,Площадь Ленина,2007
real_estate_agent,Дзержинский,8.0,32.0,12.1,15.5,11500000.0,1.0, Фрунзе,39.5,Березовая Роща,2025
real_estate_agent,Октябрьский,13.0,25.0,20.0,25.0,11900000.0,1.0, Сибревкома,45.0,Октябрьская,2020
real_estate_agent,Центральный,5.0,16.0,10.4,20.9,12000000.0,1.0, Романова,52.7,Площадь Ленина,2007
real_estate_agent,Железнодорожный,14.0,23.0,12.8,17.9,12000000.0,1.0,Советская ,40.7,Красный Проспект,2002
real_estate_agent,Железнодорожный,12.0,18.0,9.3,14.0,12233333.0,1.0,Железнодорожная ,34.0,Гагаринская,2024
real_estate_agent,Заельцовский,10.0,16.0,22.4,17.8,12500000.0,1.0, Дуси Ковальчук,59.34,Заельцовская,2025
real_estate_agent,Заельцовский,2.0,11.0,5.0,31.6,12700000.0,1.0,Дачное шоссе,54.4,Октябрьская,2025
real_estate_agent,Заельцовский,3.0,19.0,20.0,22.0,12800000.0,1.0, Дуси Ковальчук,63.2,Заельцовская,2011
real_estate_agent,Заельцовский,1.0,25.0,17.0,14.0,13000000.0,1.0, Дмитрия Донского,46.2,Заельцовская,2022
real_estate_agent,Заельцовский,9.0,12.0,11.5,17.5,13000000.0,1.0, Тимирязева,44.3,Заельцовская,2022
real_estate_agent,Железнодорожный,7.0,20.0,15.8,20.5,13000000.0,1.0,Красноярская ,50.3,Площадь Гарина-Михайловского,2017
realtor,Центральный,6.0,25.0,8.6,34.4,13000000.0,1.0, Державина,43.0,Маршала Покрышкина,2007
real_estate_agent,Октябрьский,23.0,25.0,15.0,30.0,13200000.0,1.0, Сибревкома,50.0,Октябрьская,2020
real_estate_agent,Заельцовский,23.0,25.0,23.7,22.4,13500000.0,1.0,Дачная ,61.1,Заельцовская,2018
real_estate_agent,Центральный,9.0,21.0,15.0,31.1,9800000.0,2.0, Орджоникидзе,52.4,Площадь Ленина,2011
real_estate_agent,Заельцовский,14.0,16.0,15.7,37.3,10500000.0,2.0, Дуси Ковальчук,73.03,Заельцовская,2022
real_estate_agent,Заельцовский,16.0,25.0,16.0,28.0,9500000.0,2.0, Дмитрия Донского,53.9,Заельцовская,2017
real_estate_agent,Октябрьский,7.0,25.0,28.0,26.0,42000000.0,2.0, Кирова,76.0,Октябрьская,2022
real_estate_agent,Заельцовский,1.0,6.0,25.0,51.400000000000006,25000000.0,2.0,Дачное шоссе,76.4,Заельцовская,2019
real_estate_agent,Заельцовский,10.0,24.0,12.8,35.1,9300000.0,2.0, Галущака,64.5,Гагаринская,2022
realtor,Октябрьский,20.0,25.0,19.0,25.0,14600000.0,2.0, Шевченко,56.0,Октябрьская,2023
real_estate_agent,Октябрьский,14.0,24.0,10.1,29.7,12900000.0,2.0, Кирова,54.1,Октябрьская,2021
realtor,Заельцовский,4.0,25.0,10.0,29.0,10800000.0,2.0,Красный проспект,39.0,Заельцовская,2022
real_estate_agent,Центральный,3.0,10.0,14.7,38.2,13000000.0,2.0, Семьи Шамшиных,74.5,Маршала Покрышкина,2009
real_estate_agent,Ленинский,1.0,5.0,6.0,19.0,3200000.0,1.0,Курганская ,30.0,Площадь Маркса,1975
homeowner,Советский,2.0,6.0,11.3,22.4,3500000.0,1.0, Ивлева,43.2,Студенческая,2024
real_estate_agent,Октябрьский,3.0,9.0,5.0,22.8,3700000.0,1.0,Выборная ,27.8,Речной вокзал,1989
real_estate_agent,Октябрьский,1.0,10.0,5.0,30.0,3900000.0,1.0, Татьяны Снежиной,42.3,Золотая Нива,2020
real_estate_agent,Заельцовский,7.0,10.0,6.0,24.0,4000000.0,1.0, Жуковского,30.0,Заельцовская,1987
real_estate_agent,Заельцовский,3.0,7.0,10.9,15.2,9700000.0,1.0,Красный проспект,39.7,Заельцовская,2023
developer,Дзержинский,2.0,22.0,8.8,35.2,9328000.0,2.0, 5-я Кирпичная Горка,44.0,Березовая Роща,2028
realtor,Дзержинский,10.0,20.0,12.0,29.0,7400000.0,2.0, Есенина,41.0,Золотая Нива,2024
real_estate_agent,Кировский,10.0,10.0,9.4,31.3,5000000.0,2.0, Петухова,56.4,Студенческая,2014
developer,Калининский,6.0,23.0,7.340000000000001,29.360000000000003,6459200.0,2.0, Кропоткина,36.7,Маршала Покрышкина,2027
realtor,Октябрьский,6.0,18.0,12.0,30.0,7256985.0,2.0, Добролюбова,42.0,Золотая Нива,2009
real_estate_agent,Кировский,8.0,9.0,6.9,27.8,3900000.0,2.0, Петухова,45.9,Площадь Маркса,1976
developer,Дзержинский,3.0,9.0,9.732,38.928,11460000.0,2.0,проспект Дзержинского,48.66,Березовая Роща,2028
real_estate_agent,Ленинский,4.0,15.0,12.5,37.6,12500000.0,2.0, Серафимовича,75.1,Площадь Маркса,2010
real_estate_agent,Советский,1.0,9.0,8.8,27.5,6500000.0,2.0, Добровольческая,51.9,Студенческая,1974
developer,Дзержинский,1.0,22.0,11.14,44.56,10917200.0,2.0, 5-я Кирпичная Горка,55.7,Березовая Роща,2028
real_estate_agent,Заельцовский,9.0,29.0,15.4,29.8,12000000.0,2.0,Сухарная ,59.78,Площадь Гарина-Михайловского,2025
real_estate_agent,Заельцовский,9.0,29.0,15.4,27.8,12000000.0,2.0,Сухарная ,59.78,Площадь Гарина-Михайловского,2024
developer,Ленинский,14.0,17.0,29.6,30.1,5400000.0,2.0, Связистов,59.7,Площадь Маркса,2022
real_estate_agent,Советский,3.0,5.0,6.0,30.7,4290000.0,2.0, Динамовцев,44.9,Студенческая,1972
real_estate_agent,Дзержинский,2.0,5.0,5.6,36.4,4400000.0,2.0, Авиастроителей,42.0,Березовая Роща,1961
developer,Заельцовский,11.0,12.0,18.7,20.6,8230000.0,2.0,Лебедевский кв-л,59.7,Заельцовская,2028
real_estate_agent,Дзержинский,3.0,3.0,6.2,30.9,4550000.0,2.0,Республиканская ,48.9,Березовая Роща,2019
real_estate_agent,Калининский,5.0,5.0,5.8,28.5,4990000.0,2.0,Танковая ,42.6,Заельцовская,1963
developer,Заельцовский,24.0,28.0,10.9,43.6,9500000.0,2.0,Сухарная ,54.5,Площадь Гарина-Михайловского,2026
real_estate_agent,Кировский,2.0,17.0,9.0,34.0,5500000.0,2.0, Петухова,56.0,Площадь Маркса,2024
real_estate_agent,Октябрьский,10.0,10.0,8.0,42.0,5400000.0,2.0, В. Высоцкого,50.0,Золотая Нива,2007
developer,Калининский,3.0,23.0,8.66,34.64,7490900.0,2.0, Кропоткина,43.3,Маршала Покрышкина,2027
real_estate_agent,Кировский,8.0,17.0,10.2,23.8,6400000.0,2.0, Петухова,52.5,Студенческая,2015
real_estate_agent,Октябрьский,10.0,10.0,9.0,30.0,5500000.0,2.0, В. Высоцкого,52.0,Золотая Нива,1989
developer,Октябрьский,16.0,23.0,11.3,45.2,11582500.0,2.0,Закаменский мкр,56.5,Золотая Нива,2028
real_estate_agent,Ленинский,12.0,17.0,12.8,25.0,6500000.0,2.0, Невельского,42.4,Площадь Маркса,2025
realtor,Ленинский,9.0,9.0,8.2,28.0,6050000.0,2.0, Котовского,47.2,Площадь Маркса,1982
developer,Дзержинский,6.0,14.0,32.3,23.7,13890000.0,2.0,проспект Дзержинского,74.26,Березовая Роща,2028
real_estate_agent,Ленинский,5.0,5.0,24.200000000000003,20.0,3300000.0,2.0, Немировича-Данченко,44.2,Площадь Маркса,1966
developer,Ленинский,4.0,14.0,14.780000000000001,27.6,9703000.0,2.0, Забалуева,42.38,Студенческая,2026
realtor,Кировский,1.0,5.0,6.0,30.0,3200000.0,2.0, Громова,44.9,Площадь Маркса,1966
developer,Заельцовский,18.0,28.0,11.96,47.84,11500000.0,2.0,Сухарная ,59.8,Площадь Гарина-Михайловского,2026
real_estate_agent,Кировский,5.0,9.0,7.0,28.0,3700000.0,2.0, Зорге,43.1,Площадь Маркса,1970
developer,Калининский,6.0,23.0,11.540000000000001,46.160000000000004,9687830.0,2.0, Кропоткина,57.7,Маршала Покрышкина,2027
real_estate_agent,Ленинский,2.0,9.0,5.0,32.0,4250000.0,2.0, Немировича-Данченко,43.6,Площадь Маркса,1968
developer,Дзержинский,7.0,14.0,13.498,53.992,12460000.0,2.0,проспект Дзержинского,67.49,Березовая Роща,2028
real_estate_agent,Октябрьский,3.0,10.0,9.6,29.9,9200000.0,2.0, Сакко и Ванцетти,56.0,Октябрьская,2008
developer,Дзержинский,7.0,22.0,14.080000000000002,56.32000000000001,13868800.0,2.0, 5-я Кирпичная Горка,70.4,Березовая Роща,2028
real_estate_agent,Ленинский,6.0,9.0,8.1,28.0,4780000.0,2.0,Петропавловская ,48.0,Площадь Маркса,2015
developer,Дзержинский,13.0,14.0,32.3,23.7,14640000.0,2.0,проспект Дзержинского,74.73,Березовая Роща,2028
real_estate_agent,Октябрьский,2.0,29.0,5.9,37.7,8590000.0,2.0,Военная ,64.0,Октябрьская,2024
real_estate_agent,Калининский,4.0,5.0,6.0,29.0,3000000.0,2.0, Флотская,43.4,Заельцовская,1966
developer,Кировский,23.0,26.0,18.0,10.9,6700000.0,2.0, Аникина,46.26,Студенческая,2026
real_estate_agent,Кировский,3.0,22.0,18.0,50.5,8700000.0,2.0,Тульская ,68.5,Студенческая,2023
real_estate_agent,Заельцовский,16.0,25.0,16.0,28.0,9500000.0,2.0, Дмитрия Донского,53.9,Заельцовская,2017
developer,Заельцовский,3.0,12.0,22.5,18.9,8770000.0,2.0,Лебедевский кв-л,62.7,Заельцовская,2028
real_estate_agent,Ленинский,23.0,25.0,5.0,24.0,9290000.0,2.0, Немировича-Данченко,40.0,Студенческая,2022
real_estate_agent,Ленинский,2.0,9.0,6.5,27.1,4000000.0,2.0, Связистов,41.6,Площадь Маркса,1984
developer,Калининский,8.0,11.0,5.1,27.7,5925495.0,2.0, Богдана Хмельницкого,45.6,Заельцовская,2028
real_estate_agent,Ленинский,8.0,10.0,10.0,60.0,10200000.0,2.0,Горская ,70.0,Студенческая,2007
real_estate_agent,Дзержинский,5.0,5.0,8.0,25.0,3400000.0,2.0, Гоголя,42.0,Березовая Роща,1962
developer,Заельцовский,9.0,9.0,27.8,22.3,11560000.0,2.0, Аэропорт,81.53,Заельцовская,2026
real_estate_agent,Кировский,10.0,17.0,11.0,18.0,4150000.0,2.0, Петухова,37.3,Площадь Маркса,2017
real_estate_agent,Первомайский,2.0,2.0,8.1,27.6,3500000.0,2.0, Лаврова,47.4,Речной вокзал,2013
developer,Заельцовский,14.0,20.0,7.2,27.9,11000000.0,2.0,Красный проспект,48.0,Заельцовская,2026
real_estate_agent,Советский,1.0,6.0,18.0,57.400000000000006,4200000.0,2.0, Ивлева,75.4,Студенческая,2024
real_estate_agent,Кировский,1.0,5.0,5.8,28.0,3890000.0,2.0, Зорге,42.8,Площадь Маркса,1965
developer,Калининский,19.0,23.0,9.120000000000001,36.480000000000004,7749720.0,2.0, Кропоткина,45.6,Маршала Покрышкина,2027
real_estate_agent,Ленинский,4.0,5.0,8.0,26.0,4300000.0,2.0,Степная ,45.0,Площадь Маркса,2015
real_estate_agent,Октябрьский,1.0,10.0,12.5,36.0,4100000.0,2.0, Плющихинская,63.9,Золотая Нива,2024
developer,Октябрьский,6.0,9.0,12.3,32.4,13576471.0,2.0,Тополевая ,65.28,Березовая Роща,2027
real_estate_agent,Октябрьский,4.0,4.0,6.1,38.9,4500000.0,2.0, Бориса Богаткова,45.0,Золотая Нива,1959
homeowner,Кировский,1.0,5.0,5.8,28.4,4200000.0,2.0, Оловозаводская,42.9,Студенческая,2017
developer,Заельцовский,7.0,9.0,12.72,50.88,9000000.0,2.0,Лебедевский кв-л,63.6,Заельцовская,2028
real_estate_agent,Дзержинский,5.0,5.0,6.0,37.0,4599000.0,2.0, Есенина,43.0,Золотая Нива,1965
real_estate_agent,Заельцовский,3.0,3.0,6.0,39.7,4200000.0,2.0,Дачная ,45.7,Заельцовская,1961
developer,Калининский,4.0,23.0,12.740000000000002,50.96000000000001,10563371.0,2.0, Кропоткина,63.7,Маршала Покрышкина,2027
real_estate_agent,Ленинский,4.0,17.0,4.0,27.7,4250000.0,2.0, Забалуева,44.7,Площадь Маркса,2015
real_estate_agent,Ленинский,2.0,15.0,6.1,40.1,9790000.0,2.0, Костычева,60.3,Площадь Маркса,2027
real_estate_agent,Заельцовский,1.0,5.0,9.7,43.0,4899000.0,2.0,Кубовая ,52.7,Заельцовская,2012
real_estate_agent,Ленинский,2.0,5.0,6.0,38.0,4290000.0,2.0, 9-й Гвардейской Дивизии,44.0,Площадь Маркса,1982
developer,Октябрьский,2.0,7.0,18.0,72.0,15750000.0,2.0,Зыряновская ,90.0,Речной вокзал,2025
real_estate_agent,Заельцовский,5.0,5.0,10.0,34.4,4900000.0,2.0,Рельсовая ,44.4,Гагаринская,1969
real_estate_agent,Октябрьский,1.0,5.0,6.1,30.8,4250000.0,2.0,Ленинградская ,44.0,Речной вокзал,1980
developer,Калининский,16.0,23.0,12.040000000000001,48.160000000000004,10414600.0,2.0, Кропоткина,60.2,Маршала Покрышкина,2027
real_estate_agent,Дзержинский,9.0,9.0,7.0,26.0,5100000.0,2.0, Адриена Лежена,44.0,Золотая Нива,2019
homeowner,Первомайский,6.0,9.0,7.5,25.7,4300000.0,2.0, Героев Революции,43.1,Спортивная,1988
developer,Октябрьский,19.0,30.0,16.9,32.4,12917647.0,2.0, Ядринцевский Подъем,62.02,Березовая Роща,2027
real_estate_agent,Первомайский,6.0,16.0,14.0,23.0,5148000.0,2.0, Заречная,37.0,Спортивная,2013
real_estate_agent,Дзержинский,5.0,5.0,6.8,36.300000000000004,4400000.0,2.0,Гусинобродское шоссе,43.1,Золотая Нива,2019
real_estate_agent,Ленинский,8.0,9.0,13.636000000000003,54.54400000000001,11390000.0,2.0, Костычева,68.18,Площадь Маркса,2026
real_estate_agent,Ленинский,3.0,5.0,12.0,29.0,5250000.0,2.0, 2-я Портовая,41.0,Площадь Маркса,2013
real_estate_agent,Калининский,2.0,9.0,5.2,27.2,4400000.0,2.0, Объединения,42.5,Заельцовская,1960
developer,Заельцовский,15.0,20.0,5.1,28.2,10400000.0,2.0,Красный проспект,46.2,Заельцовская,2026
real_estate_agent,Железнодорожный,4.0,6.0,6.9,42.4,5300000.0,2.0,Фабричная ,49.3,Речной вокзал,1935
real_estate_agent,Дзержинский,3.0,10.0,10.0,33.2,4450000.0,2.0, Шекспира,43.2,Березовая Роща,1975
developer,Октябрьский,7.0,9.0,10.9,33.5,13658824.0,2.0,Тополевая ,62.85,Березовая Роща,2027
real_estate_agent,Ленинский,5.0,5.0,8.0,31.8,5300000.0,2.0, Станиславского,52.3,Площадь Маркса,2015
real_estate_agent,Ленинский,1.0,3.0,8.0,32.0,4500000.0,2.0,Большая ,46.4,Площадь Маркса,2015
developer,Калининский,2.0,11.0,6.0,20.9,5212092.0,2.0, Богдана Хмельницкого,40.7,Заельцовская,2028
real_estate_agent,Ленинский,1.0,10.0,8.8,41.5,5350000.0,2.0, Плахотного,50.3,Площадь Маркса,1992
real_estate_agent,Калининский,1.0,9.0,11.0,15.0,4500000.0,2.0, Михаила Востокова,38.0,Заельцовская,2023
developer,Заельцовский,11.0,24.0,12.7,25.8,12400000.0,2.0,Красный проспект,57.4,Заельцовская,2028
real_estate_agent,Октябрьский,8.0,10.0,8.7,42.099999999999994,5390000.0,2.0,Лазурная ,50.8,Золотая Нива,1986
real_estate_agent,Дзержинский,5.0,5.0,6.7,26.0,4500000.0,2.0,Гусинобродское шоссе,43.2,Золотая Нива,1975
developer,Дзержинский,4.0,25.0,7.904000000000001,31.616000000000003,7864480.0,2.0, Королева,39.52,Березовая Роща,2025
real_estate_agent,Дзержинский,6.0,9.0,7.0,27.1,5400000.0,2.0,Гусинобродское шоссе,42.3,Золотая Нива,2019
real_estate_agent,Кировский,1.0,5.0,5.8,31.0,4550000.0,2.0,Новогодняя ,42.6,Площадь Маркса,1964
real_estate_agent,Ленинский,2.0,9.0,13.892,55.568,11090000.0,2.0, Костычева,69.46,Площадь Маркса,2026
real_estate_agent,Ленинский,9.0,9.0,9.0,30.0,5570000.0,2.0, 9-й Гвардейской Дивизии,50.6,Площадь Маркса,2015
real_estate_agent,Октябрьский,3.0,5.0,6.0,30.0,4800000.0,2.0,Гурьевская ,43.0,Речной вокзал,2020
developer,Заельцовский,19.0,24.0,4.6,41.8,12550000.0,2.0,Красный проспект,63.5,Заельцовская,2028
real_estate_agent,Железнодорожный,1.0,5.0,5.6,30.0,5500000.0,2.0, Челюскинцев,43.3,Красный Проспект,1967
real_estate_agent,Калининский,4.0,9.0,10.0,27.299999999999997,4999999.0,2.0, Дунаевского,37.3,Заельцовская,2017
developer,Ленинский,17.0,17.0,11.8,47.2,6700000.0,2.0, Связистов,59.0,Площадь Маркса,2025
real_estate_agent,Ленинский,1.0,9.0,6.0,31.9,3900000.0,2.0, Связистов,42.9,Площадь Маркса,2015
real_estate_agent,Дзержинский,2.0,10.0,8.5,30.6,6000000.0,2.0, Есенина,49.9,Золотая Нива,2008
developer,Заельцовский,14.0,29.0,5.5,27.3,11847059.0,2.0,Сухарная ,53.87,Площадь Гарина-Михайловского,2026
real_estate_agent,Кировский,14.0,17.0,18.0,19.0,3750000.0,2.0, Виктора Уса,42.0,Площадь Маркса,2014
developer,Ленинский,2.0,14.0,12.96,33.0,10103000.0,2.0, Забалуева,45.96,Студенческая,2026
real_estate_agent,Октябрьский,4.0,5.0,5.8,26.0,6050000.0,2.0, Восход,42.0,Октябрьская,1967
real_estate_agent,Заельцовский,9.0,9.0,6.8,27.0,6300000.0,2.0,Линейная ,45.6,Гагаринская,2022
developer,Октябрьский,26.0,30.0,19.6,33.3,13588235.0,2.0, Ядринцевский Подъем,68.71,Березовая Роща,2027
real_estate_agent,Калининский,7.0,9.0,8.0,32.8,5050000.0,2.0, Курчатова,52.6,Заельцовская,1978
developer,Заельцовский,3.0,25.0,4.4,17.0,10562580.0,2.0,Дачная ,49.8,Заельцовская,2025
real_estate_agent,Заельцовский,5.0,9.0,6.7,27.4,6180000.0,2.0,Красный проспект,43.1,Гагаринская,1973
real_estate_agent,Центральный,7.0,12.0,28.099999999999998,25.8,8600000.0,2.0, Фрунзе,53.9,Маршала Покрышкина,2007
developer,Дзержинский,17.0,29.0,13.100000000000001,52.400000000000006,11400000.0,2.0,Закаменский мкр,65.5,Березовая Роща,2025
real_estate_agent,Октябрьский,9.0,12.0,11.8,35.9,10500000.0,2.0, Толстого,67.6,Октябрьская,2020
real_estate_agent,Ленинский,4.0,5.0,5.2,29.2,4100000.0,2.0, Немировича-Данченко,44.1,Площадь Маркса,1964
developer,Октябрьский,2.0,9.0,31.939999999999998,127.75999999999999,22820000.0,2.0,Зыряновская ,159.7,Речной вокзал,2025
real_estate_agent,Октябрьский,2.0,5.0,11.5,27.6,7950000.0,2.0,Нижегородская ,54.8,Речной вокзал,1994
real_estate_agent,Кировский,3.0,5.0,6.0,31.0,3350000.0,2.0, Зорге,44.0,Площадь Маркса,1979
developer,Заельцовский,23.0,29.0,6.5,23.6,9764706.0,2.0,Сухарная ,37.68,Площадь Гарина-Михайловского,2026
real_estate_agent,Ленинский,4.0,18.0,10.1,34.1,9700000.0,2.0,Стартовая ,60.7,Спортивная,2020
homeowner,Центральный,1.0,5.0,6.0,30.0,7200000.0,2.0, Гоголя,46.0,Маршала Покрышкина,1962
developer,Октябрьский,2.0,8.0,26.12,104.48,21800000.0,2.0,Зыряновская ,130.6,Речной вокзал,2025
real_estate_agent,Октябрьский,4.0,10.0,12.0,46.1,5500000.0,2.0, Татьяны Снежиной,58.1,Золотая Нива,2020
real_estate_agent,Кировский,5.0,5.0,5.5,28.1,3350000.0,2.0, Петухова,43.7,Площадь Маркса,1967
developer,Железнодорожный,14.0,16.0,17.2,31.2,10600000.0,2.0, Прибрежная,48.4,Площадь Гарина-Михайловского,2025
real_estate_agent,Ленинский,2.0,5.0,6.9,25.6,3770000.0,2.0,Курганская ,44.4,Площадь Маркса,1975
developer,Заельцовский,25.0,29.0,5.6,22.1,9717647.0,2.0,Сухарная ,35.7,Площадь Гарина-Михайловского,2026
real_estate_agent,Центральный,3.0,5.0,6.0,35.0,5900000.0,2.0, Гоголя,41.0,Сибирская,1960
real_estate_agent,Калининский,4.0,4.0,10.0,31.0,5590000.0,2.0, Александра Невского,58.4,Заельцовская,1954
developer,Железнодорожный,6.0,25.0,11.36,45.44,13300000.0,2.0,Железнодорожная ,56.8,Гагаринская,2024
real_estate_agent,Железнодорожный,4.0,9.0,10.0,30.1,6400000.0,2.0, Вокзальная магистраль,40.1,Площадь Гарина-Михайловского,1969
developer,Центральный,29.0,30.0,35.7,25.9,20960000.0,2.0, Николая Островского,132.35,Гагаринская,2026
real_estate_agent,Центральный,5.0,5.0,6.0,37.3,7500000.0,2.0, Мичурина,43.3,Сибирская,1964
real_estate_agent,Кировский,3.0,9.0,6.0,28.0,4070000.0,2.0, Зорге,44.1,Площадь Маркса,1973
developer,Калининский,5.0,11.0,10.9,23.8,6377940.0,2.0, Богдана Хмельницкого,50.8,Заельцовская,2028
developer,Центральный,8.0,8.0,39.4,23.9,22100000.0,2.0, Семьи Шамшиных,202.5,Маршала Покрышкина,2024
developer,Заельцовский,8.0,9.0,29.8,21.9,14210000.0,2.0, Аэропорт,77.26,Заельцовская,2026
real_estate_agent,Калининский,9.0,9.0,13.0,33.0,7500000.0,2.0, Василия Клевцова,53.0,Заельцовская,2024
real_estate_agent,Заельцовский,10.0,24.0,12.8,35.1,9300000.0,2.0, Галущака,64.5,Гагаринская,2022
developer,Железнодорожный,4.0,16.0,5.1,29.1,9100000.0,2.0,Беринг жилой квартал,46.51,Площадь Гарина-Михайловского,2028
real_estate_agent,Железнодорожный,6.0,9.0,17.7,27.2,5550000.0,2.0,Железнодорожная ,44.9,Площадь Гарина-Михайловского,1982
developer,Заельцовский,13.0,23.0,8.440000000000001,33.760000000000005,11900000.0,2.0,Красный проспект,42.2,Заельцовская,2024
real_estate_agent,Заельцовский,6.0,10.0,11.4,30.6,9990000.0,2.0,Холодильная ,54.1,Заельцовская,2007
real_estate_agent,Ленинский,5.0,5.0,6.0,29.0,3250000.0,2.0, Невельского,44.0,Студенческая,2015
developer,Кировский,20.0,26.0,18.0,10.9,6650000.0,2.0, Аникина,46.26,Студенческая,2026
real_estate_agent,Дзержинский,3.0,17.0,4.1,33.7,11000000.0,2.0, Кошурникова,46.0,Золотая Нива,2020
real_estate_agent,Дзержинский,2.0,25.0,10.378,41.512,8720000.0,2.0, Гоголя,51.89,Березовая Роща,2028
developer,Дзержинский,8.0,25.0,11.934000000000001,47.736000000000004,10740600.0,2.0, Королева,59.67,Березовая Роща,2025
real_estate_agent,Кировский,2.0,3.0,5.0,35.7,3750000.0,2.0,Рубежная ,45.3,Студенческая,2017
developer,Кировский,4.0,24.0,6.2,25.7,5700000.0,2.0, Немировича-Данченко,42.0,Студенческая,2028
real_estate_agent,Дзержинский,4.0,5.0,6.0,37.5,6800000.0,2.0, Кошурникова,43.5,Березовая Роща,1969
real_estate_agent,Заельцовский,5.0,5.0,7.0,25.1,3900000.0,2.0,Кубовая ,37.1,Заельцовская,1988
developer,Октябрьский,4.0,20.0,20.3,28.8,8498900.0,2.0, Кирова,68.77,Октябрьская,2026
real_estate_agent,Октябрьский,4.0,24.0,6.0,53.7,9900000.0,2.0,Большевистская ,59.7,Речной вокзал,2024
realtor,Кировский,1.0,3.0,15.0,10.0,2500000.0,2.0,Воскресная ,31.0,Площадь Маркса,2013
developer,Центральный,27.0,30.0,25.922000000000004,103.68800000000002,20540000.0,2.0, Мичурина,129.61,Сибирская,2027
real_estate_agent,Октябрьский,19.0,24.0,19.1,39.9,13600000.0,2.0, Сакко и Ванцетти,59.0,Речной вокзал,2025
real_estate_agent,Ленинский,5.0,5.0,6.0,30.0,4099000.0,2.0, Титова,44.6,Площадь Маркса,1968
developer,Ленинский,1.0,18.0,7.2,25.2,5552100.0,2.0, Титова,43.86,Площадь Маркса,2026
real_estate_agent,Ленинский,7.0,12.0,10.5,28.2,7177000.0,2.0,Вертковская ,50.7,Площадь Маркса,1996
developer,Калининский,2.0,5.0,10.8,25.9,6928128.0,2.0, Богдана Хмельницкого,54.1,Заельцовская,2028
real_estate_agent,Заельцовский,1.0,17.0,18.1,38.0,10000000.0,2.0,Овражная ,70.5,Заельцовская,2013
real_estate_agent,Кировский,2.0,2.0,8.0,26.3,3299000.0,2.0,Бронная ,39.3,Студенческая,2017
developer,Железнодорожный,8.0,24.0,8.1,30.7,10725000.0,2.0,Беринг жилой квартал,50.89,Площадь Гарина-Михайловского,2028
real_estate_agent,Заельцовский,5.0,5.0,5.8,23.6,4050000.0,2.0,Кубовая ,36.5,Заельцовская,1987
developer,Ленинский,7.0,15.0,12.4,27.4,10925450.0,2.0, Серафимовича,62.0,Площадь Маркса,2026
real_estate_agent,Октябрьский,1.0,5.0,8.5,53.4,5700000.0,2.0, Панфиловцев,61.9,Золотая Нива,1964
real_estate_agent,Кировский,1.0,5.0,6.0,30.0,3760000.0,2.0, Петухова,44.0,Площадь Маркса,1966
developer,Заельцовский,9.0,9.0,18.1,24.5,12650000.0,2.0, Аэропорт,63.77,Заельцовская,2026
real_estate_agent,Калининский,17.0,17.0,10.0,33.0,7000000.0,2.0, Курчатова,43.0,Заельцовская,2021
real_estate_agent,Дзержинский,2.0,5.0,4.0,22.0,4100000.0,2.0, Авиастроителей,34.0,Березовая Роща,1960
developer,Железнодорожный,13.0,25.0,9.76,39.04,12000000.0,2.0,Железнодорожная ,48.8,Гагаринская,2024
real_estate_agent,Ленинский,2.0,5.0,6.0,28.7,6200000.0,2.0, Ватутина,45.1,Площадь Маркса,2015
real_estate_agent,Дзержинский,5.0,5.0,5.8,33.0,4190000.0,2.0,Индустриальная ,44.4,Березовая Роща,1964
developer,Кировский,12.0,26.0,18.0,11.0,7220000.0,2.0, Аникина,46.63,Студенческая,2026
real_estate_agent,Октябрьский,10.0,19.0,25.0,40.0,9600000.0,2.0,Выборная ,65.0,Речной вокзал,2013
real_estate_agent,Калининский,5.0,9.0,7.0,30.0,5990000.0,2.0, Олеко Дундича,44.8,Березовая Роща,2017
real_estate_agent,Центральный,1.0,10.0,9.0,43.8,8400000.0,2.0,Депутатская ,52.8,Площадь Ленина,1986
real_estate_agent,Советский,4.0,6.0,10.0,55.3,5950000.0,2.0, Боровая Партия,65.3,Студенческая,1999
real_estate_agent,Ленинский,2.0,10.0,9.2,42.900000000000006,7100000.0,2.0, Титова,52.1,Площадь Маркса,2015
real_estate_agent,Железнодорожный,5.0,5.0,5.6,36.9,6000000.0,2.0, Челюскинцев,42.5,Площадь Гарина-Михайловского,1966
developer,Октябрьский,2.0,8.0,3.5,27.2,7200000.0,2.0, Грибоедова,44.5,Золотая Нива,2026
real_estate_agent,Ленинский,9.0,9.0,5.0,46.6,6700000.0,2.0, Романтиков,51.6,Площадь Маркса,2023
developer,Дзержинский,4.0,25.0,12.608,50.432,11095040.0,2.0, Королева,63.04,Березовая Роща,2025
real_estate_agent,Дзержинский,8.0,10.0,9.0,40.9,6750000.0,2.0, Красина,49.9,Березовая Роща,1993
real_estate_agent,Кировский,3.0,24.0,11.0,29.3,6100000.0,2.0, Бородина,51.0,Площадь Маркса,2022
developer,Дзержинский,4.0,25.0,4.9,30.2,6986300.0,2.0, Есенина,42.8,Золотая Нива,2026
real_estate_agent,Дзержинский,9.0,9.0,6.0,37.0,6290000.0,2.0, Есенина,43.0,Золотая Нива,1980
developer,Калининский,10.0,14.0,8.32,33.28,5750000.0,2.0,Родники мкр,41.6,Заельцовская,2027
real_estate_agent,Дзержинский,8.0,19.0,8.0,25.0,7199000.0,2.0, Кошурникова,44.1,Березовая Роща,2016
real_estate_agent,Октябрьский,25.0,25.0,18.0,27.0,6200000.0,2.0,Выборная ,45.0,Октябрьская,2021
developer,Ленинский,3.0,9.0,11.23,44.92,6100000.0,2.0, Титова,56.15,Площадь Маркса,2026
real_estate_agent,Заельцовский,5.0,19.0,10.0,55.0,10150000.0,2.0, Дуси Ковальчук,65.0,Гагаринская,2023
real_estate_agent,Дзержинский,5.0,14.0,6.0,44.0,6550000.0,2.0, Коминтерна,50.0,Золотая Нива,2021
developer,Дзержинский,4.0,25.0,14.12,56.48,12295785.0,2.0,проспект Дзержинского,70.6,Березовая Роща,2027
real_estate_agent,Центральный,3.0,5.0,8.0,43.5,7700000.0,2.0, Фрунзе,51.5,Красный Проспект,1933
real_estate_agent,Октябрьский,6.0,10.0,12.0,38.0,6680000.0,2.0, Татьяны Снежиной,58.0,Золотая Нива,2011
developer,Калининский,14.0,14.0,27.9,22.2,8622123.0,2.0, Богдана Хмельницкого,67.0,Заельцовская,2028
real_estate_agent,Октябрьский,9.0,29.0,11.8,34.1,27800000.0,2.0,Московская ,65.0,Октябрьская,2023
real_estate_agent,Заельцовский,14.0,19.0,10.0,20.0,6700000.0,2.0, Дуси Ковальчук,41.0,Гагаринская,2023
developer,Заельцовский,15.0,15.0,7.6,29.7,15350000.0,2.0,Красный проспект,60.6,Заельцовская,2024
realtor,Заельцовский,24.0,25.0,13.0,42.0,9500000.0,2.0,Сухарная ,55.0,Площадь Гарина-Михайловского,2024
real_estate_agent,Ленинский,1.0,5.0,8.3,31.6,6700000.0,2.0,Геодезическая ,53.4,Студенческая,2015
developer,Октябрьский,14.0,23.0,30.5,20.2,12750000.0,2.0,Большевистская ,73.58,Спортивная,2028
real_estate_agent,Ленинский,6.0,14.0,12.1,27.8,11190000.0,2.0, Котовского,54.32,Площадь Маркса,2021
real_estate_agent,Ленинский,9.0,9.0,12.0,34.6,6700000.0,2.0, Романтиков,51.6,Площадь Гарина-Михайловского,2023
developer,Кировский,12.0,20.0,16.4,20.9,7500000.0,2.0,18-й Бронный переулок,56.0,Студенческая,2025
realtor,Центральный,3.0,8.0,22.1,42.4,26900000.0,2.0, Чаплыгина,64.5,Площадь Ленина,2023
real_estate_agent,Заельцовский,4.0,9.0,6.9,35.1,6900000.0,2.0,Линейная ,42.0,Гагаринская,1979
real_estate_agent,Калининский,11.0,13.0,13.080000000000002,52.32000000000001,8500000.0,2.0, Имени генерал-майора А.Н. Рожкина,65.4,Заельцовская,2026
real_estate_agent,Центральный,8.0,11.0,9.0,31.0,9190000.0,2.0, Максима Горького,53.0,Площадь Ленина,1987
real_estate_agent,Кировский,5.0,10.0,11.1,31.8,7100000.0,2.0, Петухова,63.0,Студенческая,2015
developer,Октябрьский,3.0,8.0,9.020000000000001,36.080000000000005,7165000.0,2.0,Выборная ,45.1,Речной вокзал,2027
real_estate_agent,Советский,1.0,4.0,5.6,38.4,8500000.0,2.0,Золотодолинская ,44.0,Студенческая,1962
developer,Кировский,23.0,26.0,17.8,32.2,9940000.0,2.0, Аникина,69.13,Студенческая,2026
real_estate_agent,Железнодорожный,17.0,22.0,31.0,12.0,15000000.0,2.0, 1905 года,50.0,Красный Проспект,2002
real_estate_agent,Советский,7.0,9.0,10.0,43.9,7250000.0,2.0, Арбузова,53.9,Студенческая,1981
developer,Ленинский,11.0,18.0,22.1,22.6,7346900.0,2.0, Титова,57.0,Площадь Маркса,2026
real_estate_agent,Октябрьский,3.0,12.0,18.7,30.0,11750000.0,2.0, Шевченко,59.5,Октябрьская,2020
real_estate_agent,Калининский,9.0,14.0,5.0,37.0,7350000.0,2.0,Тайгинская ,42.0,Заельцовская,2025
developer,Калининский,13.0,14.0,12.980000000000002,51.92000000000001,7120000.0,2.0, Богдана Хмельницкого,64.9,Заельцовская,2027
real_estate_agent,Октябрьский,16.0,17.0,10.4,32.6,7800000.0,2.0,Выборная ,61.4,Речной вокзал,2014
real_estate_agent,Дзержинский,3.0,5.0,9.3,28.6,7400000.0,2.0,проспект Дзержинского,57.8,Березовая Роща,2019
developer,Заельцовский,11.0,24.0,8.840000000000002,35.36000000000001,9540000.0,2.0,Сухарная ,44.2,Площадь Гарина-Михайловского,2028
real_estate_agent,Октябрьский,7.0,17.0,25.2,81.3,23990000.0,2.0,Большевистская ,149.5,Спортивная,2022
real_estate_agent,Октябрьский,3.0,14.0,10.0,24.0,7550000.0,2.0,Воинская ,50.1,Золотая Нива,2024
developer,Дзержинский,2.0,17.0,19.5,25.1,7787160.0,2.0,Промышленная ,44.6,Березовая Роща,2026
real_estate_agent,Ленинский,18.0,18.0,19.7,24.7,7300000.0,2.0,Вертковская ,49.4,Площадь Маркса,2020
developer,Ленинский,3.0,18.0,5.0,27.2,8756850.0,2.0, Серафимовича,50.3,Площадь Маркса,2026
real_estate_agent,Советский,5.0,6.0,10.0,50.7,5500000.0,2.0, Ивлева,60.7,Студенческая,2024
real_estate_agent,Заельцовский,10.0,23.0,5.0,36.2,7200000.0,2.0, Галущака,54.4,Гагаринская,2024
developer,Заельцовский,4.0,25.0,4.5,17.0,10435320.0,2.0,Дачная ,49.2,Заельцовская,2025
real_estate_agent,Ленинский,4.0,27.0,9.0,34.0,6000000.0,2.0, Зорге,61.47,Площадь Маркса,2025
developer,Кировский,2.0,24.0,4.8,25.7,5600000.0,2.0, Немировича-Данченко,38.8,Студенческая,2028
real_estate_agent,Ленинский,4.0,12.0,6.0,26.8,4150000.0,2.0, Танкистов,47.9,Студенческая,1988
developer,Ленинский,2.0,14.0,5.0,35.0,9939400.0,2.0, Серафимовича,57.2,Площадь Маркса,2026
real_estate_agent,Ленинский,17.0,17.0,18.2,35.5,5900000.0,2.0, Связистов,53.7,Площадь Маркса,2024
real_estate_agent,Калининский,5.0,9.0,7.8,32.6,5100000.0,2.0, Столетова,53.0,Заельцовская,1976
developer,Ленинский,14.0,14.0,8.340000000000002,33.36000000000001,4700000.0,2.0, Титова,41.7,Площадь Маркса,2026
real_estate_agent,Центральный,2.0,3.0,6.0,26.0,5800000.0,2.0, Мичурина,43.4,Сибирская,1960
real_estate_agent,Ленинский,18.0,27.0,10.8,43.2,5050000.0,2.0, Зорге,54.0,Площадь Маркса,2025
developer,Октябрьский,20.0,24.0,17.299999999999997,26.5,8570000.0,2.0, Гаранина,43.8,Золотая Нива,2026
developer,Центральный,29.0,30.0,21.3,85.2,21360000.0,2.0, Мичурина,106.5,Сибирская,2027
real_estate_agent,Ленинский,10.0,18.0,10.0,22.0,5380000.0,2.0, Титова,50.3,Площадь Маркса,2015
developer,Заельцовский,5.0,17.0,10.68,42.72,6550000.0,2.0,Кедровая ,53.4,Заельцовская,2010
real_estate_agent,Ленинский,8.0,12.0,7.1,28.9,4500000.0,2.0,Новосибирская ,46.7,Площадь Маркса,2015
developer,Кировский,1.0,24.0,10.4,29.1,6700000.0,2.0, Немировича-Данченко,53.3,Студенческая,2028
developer,Кировский,4.0,30.0,20.0,23.2,9640000.0,2.0, Немировича-Данченко,64.8,Студенческая,2028
real_estate_agent,Октябрьский,1.0,25.0,12.442,49.768,8647190.0,2.0,Пролетарская ,62.21,Золотая Нива,2026
real_estate_agent,Октябрьский,9.0,10.0,28.799999999999997,36.0,7250000.0,2.0,Выборная ,64.8,Речной вокзал,2020
developer,Заельцовский,7.0,23.0,5.0,23.9,7900000.0,2.0, Ляпидевского,45.2,Заельцовская,2025
real_estate_agent,Дзержинский,5.0,5.0,6.0,30.0,4450000.0,2.0, Лазарева,45.1,Березовая Роща,1978
developer,Кировский,1.0,24.0,5.7,28.9,5800000.0,2.0, Немировича-Данченко,43.2,Студенческая,2028
real_estate_agent,Кировский,6.0,9.0,7.0,30.0,3800000.0,2.0, Зорге,43.9,Площадь Маркса,1989
real_estate_agent,Советский,6.0,10.0,11.056000000000001,44.224000000000004,11190000.0,2.0, Героев Труда,55.28,Студенческая,2028
real_estate_agent,Калининский,4.0,5.0,8.1,31.5,5500000.0,2.0, Объединения,51.0,Заельцовская,2010
realtor,Ленинский,5.0,5.0,6.0,28.0,3590000.0,2.0, Немировича-Данченко,44.4,Площадь Маркса,1965
developer,Кировский,13.0,26.0,14.3,33.1,9000000.0,2.0, Аникина,75.94,Студенческая,2026
real_estate_agent,Кировский,1.0,2.0,8.0,51.7,5000000.0,2.0, Урманова,59.7,Студенческая,1951
real_estate_agent,Ленинский,1.0,5.0,7.0,24.0,3800000.0,2.0, 9-й Гвардейской Дивизии,44.0,Площадь Маркса,1982
developer,Заельцовский,18.0,25.0,5.2,12.2,9472080.0,2.0,Дачная ,40.2,Заельцовская,2025
real_estate_agent,Заельцовский,5.0,5.0,5.7,30.7,6050000.0,2.0, Михаила Перевозчикова,45.7,Заельцовская,2022
developer,Ленинский,17.0,17.0,29.3,29.2,7500000.0,2.0, Титова,58.5,Площадь Маркса,2026
real_estate_agent,Первомайский,17.0,17.0,19.7,32.1,4000000.0,2.0, Одоевского,67.0,Речной вокзал,2012
developer,Заельцовский,20.0,25.0,6.1,17.9,14300000.0,2.0,Дачная ,67.3,Заельцовская,2025
real_estate_agent,Первомайский,2.0,3.0,7.0,32.0,3540000.0,2.0, Нахимова,47.3,Речной вокзал,1958
real_estate_agent,Ленинский,25.0,27.0,10.700000000000001,42.800000000000004,4950000.0,2.0, Зорге,53.5,Площадь Маркса,2025
real_estate_agent,Калининский,1.0,5.0,6.0,27.0,4690000.0,2.0, Богдана Хмельницкого,43.0,Заельцовская,1960
developer,Ленинский,8.0,25.0,12.086,48.344,7380000.0,2.0,Междуреченская ,60.43,Площадь Гарина-Михайловского,2024
real_estate_agent,Дзержинский,3.0,5.0,5.8,31.4,4000000.0,2.0,Трикотажная ,45.1,Березовая Роща,1962
real_estate_agent,Ленинский,24.0,27.0,10.72,42.88,4950000.0,2.0, Зорге,53.6,Площадь Маркса,2025
real_estate_agent,Калининский,1.0,1.0,6.0,28.0,3400000.0,2.0, Знаменская,44.5,Заельцовская,2017
developer,Железнодорожный,13.0,25.0,12.540000000000001,50.160000000000004,15800000.0,2.0,Железнодорожная ,62.7,Гагаринская,2024
realtor,Ленинский,3.0,5.0,6.0,36.0,4100000.0,2.0, Пархоменко,42.0,Студенческая,1966
developer,Заельцовский,13.0,25.0,5.9,14.2,9820430.0,2.0,Дачная ,45.7,Заельцовская,2025
real_estate_agent,Ленинский,4.0,4.0,4.9,27.6,3850000.0,2.0, Крашенинникова,41.4,Площадь Маркса,1951
developer,Ленинский,6.0,18.0,5.0,30.5,9090250.0,2.0, Серафимовича,51.7,Площадь Маркса,2026
developer,Железнодорожный,11.0,25.0,10.4,21.5,13570000.0,2.0,Железнодорожная ,68.0,Гагаринская,2028
developer,Кировский,4.0,24.0,5.5,28.6,6000000.0,2.0, Немировича-Данченко,44.4,Студенческая,2028
unknown,Октябрьский,5.0,17.0,4.0,27.2,7200888.0,2.0, Гаранина,43.8,Золотая Нива,2020
real_estate_agent,Октябрьский,20.0,25.0,15.590000000000002,62.36000000000001,13921740.0,2.0, Владимира Заровного,77.95,Речной вокзал,2023
real_estate_agent,Калининский,2.0,2.0,8.4,26.9,2900000.0,2.0, Новоуральская,47.3,Заельцовская,1958
developer,Октябрьский,5.0,18.0,19.9,29.6,8821200.0,2.0, Кирова,69.98,Октябрьская,2026
real_estate_agent,Калининский,5.0,5.0,6.0,30.0,3890000.0,2.0, Объединения,43.7,Заельцовская,1968
developer,Октябрьский,19.0,23.0,19.0,27.2,9980000.0,2.0,Большевистская ,66.86,Спортивная,2028
real_estate_agent,Советский,2.0,9.0,7.0,28.0,4150000.0,2.0, Бердышева,43.0,Студенческая,1994
developer,Заельцовский,13.0,23.0,4.6,23.8,7300000.0,2.0, Ляпидевского,37.5,Заельцовская,2025
real_estate_agent,Калининский,2.0,5.0,6.0,27.0,3800000.0,2.0, Новоуральская,44.1,Заельцовская,1971
real_estate_agent,Октябрьский,2.0,25.0,17.272000000000002,69.08800000000001,13466400.0,2.0, Владимира Заровного,86.36,Речной вокзал,2024
homeowner,Советский,9.0,17.0,13.7,41.3,8500000.0,2.0, 2-я Миргородская,55.0,Студенческая,2014
developer,Октябрьский,17.0,17.0,44.0,20.4,13690000.0,2.0,Выборная ,90.1,Речной вокзал,2026
real_estate_agent,Заельцовский,15.0,24.0,8.895999999999999,35.583999999999996,8470000.0,2.0,Красный проспект,44.48,Заельцовская,2027
developer,Заельцовский,5.0,24.0,8.16,32.64,8690000.0,2.0,Сухарная ,40.8,Площадь Гарина-Михайловского,2028
real_estate_agent,Калининский,6.0,17.0,5.0,31.0,5200000.0,2.0, Фадеева,41.0,Заельцовская,2017
real_estate_agent,Ленинский,3.0,9.0,7.0,27.0,3960000.0,2.0, Связистов,42.8,Площадь Маркса,1984
developer,Октябрьский,22.0,25.0,18.7,11.2,6000000.0,2.0, Кирова,38.95,Октябрьская,2026
developer,Заельцовский,8.0,29.0,15.202000000000002,60.80800000000001,10900000.0,2.0,Сухарная ,76.01,Площадь Гарина-Михайловского,2024
developer,Октябрьский,15.0,15.0,36.6,20.9,14670000.0,2.0,Большевистская ,93.07,Речной вокзал,2026
real_estate_agent,Кировский,4.0,5.0,10.0,39.0,5299000.0,2.0, Виктора Уса,63.0,Площадь Маркса,2014
real_estate_agent,Первомайский,1.0,4.0,13.0,20.0,3550000.0,2.0,Первомайская ,41.0,Спортивная,2013
developer,Октябрьский,2.0,18.0,19.9,29.6,8809000.0,2.0, Кирова,70.5,Октябрьская,2026
real_estate_agent,Октябрьский,1.0,5.0,5.7,28.2,4800000.0,2.0, Гаранина,42.8,Золотая Нива,2020
developer,Октябрьский,12.0,12.0,6.3500000000000005,25.400000000000002,6200000.0,2.0, Кошурникова,31.75,Золотая Нива,2026
real_estate_agent,Дзержинский,2.0,5.0,6.0,28.0,4000000.0,2.0,Трикотажная ,41.0,Березовая Роща,1964
developer,Калининский,3.0,21.0,5.0,26.0,5666715.0,2.0, Богдана Хмельницкого,42.7,Заельцовская,2027
real_estate_agent,Центральный,7.0,30.0,13.380000000000003,53.52000000000001,12560000.0,2.0, Николая Островского,66.9,Гагаринская,2026
real_estate_agent,Советский,5.0,10.0,9.522,38.088,10490000.0,2.0, Героев Труда,47.61,Студенческая,2028
real_estate_agent,Октябрьский,1.0,1.0,8.5,32.9,4000000.0,2.0,Узловая ,47.4,Золотая Нива,1950
real_estate_agent,Советский,2.0,10.0,12.518,50.072,11090000.0,2.0, Героев Труда,62.59,Студенческая,2028
real_estate_agent,Ленинский,14.0,18.0,14.2,31.0,10000000.0,2.0, Немировича-Данченко,66.8,Студенческая,2015
developer,Калининский,18.0,18.0,5.0,36.7,11600000.0,2.0, Имени генерал-майора А.Н. Рожкина,76.1,Заельцовская,2025
developer,Ленинский,2.0,14.0,14.62,58.48,6600000.0,2.0, Титова,73.1,Площадь Маркса,2026
real_estate_agent,Калининский,10.0,11.0,10.0,36.0,6500000.0,2.0, Мясниковой,57.9,Заельцовская,2014
developer,Дзержинский,9.0,14.0,4.9,27.5,6300000.0,2.0, Есенина,43.5,Золотая Нива,2027
real_estate_agent,Октябрьский,7.0,18.0,10.6,17.5,8200000.0,2.0,Большевистская ,42.9,Речной вокзал,2020
real_estate_agent,Кировский,5.0,5.0,6.0,27.0,3100000.0,1.0, Ватутина,46.0,Площадь Маркса,2017
real_estate_agent,Советский,4.0,10.0,14.786000000000001,59.144000000000005,12990000.0,2.0, Героев Труда,73.93,Студенческая,2028
real_estate_agent,Железнодорожный,20.0,23.0,6.0,29.8,15500000.0,2.0,Советская ,40.8,Красный Проспект,2019
real_estate_agent,Ленинский,1.0,5.0,6.0,30.0,3500000.0,2.0,Степная ,44.0,Студенческая,1969
developer,Кировский,2.0,19.0,16.1,23.9,9020000.0,2.0, Немировича-Данченко,59.5,Студенческая,2028
real_estate_agent,Октябрьский,6.0,9.0,4.0,41.0,5600000.0,2.0, Бориса Богаткова,45.0,Золотая Нива,1970
developer,Заельцовский,18.0,25.0,5.2,19.7,6900000.0,2.0,Красный проспект,33.0,Заельцовская,2025
developer,Ленинский,11.0,14.0,13.2,25.8,11171100.0,2.0, Серафимовича,59.4,Площадь Маркса,2026
real_estate_agent,Кировский,1.0,5.0,7.4,27.5,3900000.0,2.0, Петухова,42.9,Площадь Маркса,1968
developer,Дзержинский,12.0,22.0,8.594,34.376,7400000.0,2.0, Есенина,42.97,Золотая Нива,2026
real_estate_agent,Ленинский,14.0,17.0,9.7,49.599999999999994,9300000.0,2.0, Ясный Берег,59.3,Площадь Ленина,2020
real_estate_agent,Первомайский,3.0,9.0,9.6,25.2,3400000.0,2.0, Одоевского,43.4,Речной вокзал,1980
real_estate_agent,Калининский,12.0,13.0,13.040000000000001,52.160000000000004,7000000.0,2.0, Декоративный Питомник,65.2,Заельцовская,2028
real_estate_agent,Дзержинский,4.0,5.0,5.5,32.0,5600000.0,2.0, Кошурникова,44.0,Березовая Роща,1968
real_estate_agent,Октябрьский,1.0,2.0,10.0,38.0,4790000.0,2.0,Тополевая ,55.2,Октябрьская,2020
developer,Ленинский,4.0,14.0,13.4,53.6,6350000.0,2.0, Титова,67.0,Площадь Маркса,2026
real_estate_agent,Дзержинский,1.0,5.0,6.0,29.0,5299000.0,2.0, Адриена Лежена,44.0,Золотая Нива,1968
homeowner,Заельцовский,18.0,22.0,12.0,30.0,10490000.0,2.0,Сухарная ,58.0,Площадь Гарина-Михайловского,2023
real_estate_agent,Советский,3.0,10.0,12.344000000000001,49.376000000000005,11590000.0,2.0, Героев Труда,61.72,Студенческая,2028
real_estate_agent,Кировский,5.0,5.0,6.0,28.0,4000000.0,2.0, Петухова,44.0,Площадь Маркса,1968
real_estate_agent,Ленинский,16.0,17.0,12.700000000000001,50.800000000000004,6300000.0,2.0, Титова,63.5,Площадь Маркса,2026
real_estate_agent,Ленинский,4.0,9.0,5.2,29.2,4180000.0,2.0, Немировича-Данченко,43.9,Площадь Маркса,1972
developer,Октябрьский,19.0,20.0,13.5,26.2,8049000.0,2.0, Кирова,61.35,Октябрьская,2026
developer,Дзержинский,13.0,17.0,15.450000000000003,24.0,7872209.0,2.0,Промышленная ,39.45,Березовая Роща,2026
real_estate_agent,Центральный,10.0,20.0,15.2,43.6,12800000.0,2.0, Орджоникидзе,81.6,Площадь Ленина,2011
developer,Ленинский,8.0,14.0,14.240000000000002,56.96000000000001,6500000.0,2.0, Титова,71.2,Площадь Маркса,2026
real_estate_agent,Октябрьский,9.0,10.0,5.0,36.6,3999999.0,2.0, Плющихинская,64.0,Золотая Нива,2023
developer,Заельцовский,4.0,25.0,6.0,16.9,6600000.0,2.0,Красный проспект,32.4,Заельцовская,2025
real_estate_agent,Кировский,4.0,17.0,26.9,26.0,11700000.0,2.0, Немировича-Данченко,52.9,Спортивная,2016
developer,Калининский,1.0,17.0,7.340000000000001,29.360000000000003,4750000.0,2.0,На Игарской кв-л,36.7,Заельцовская,2027
real_estate_agent,Калининский,1.0,2.0,6.0,30.0,3500000.0,2.0, Новоуральская,42.4,Заельцовская,1960
developer,Октябрьский,16.0,20.0,10.2,29.7,8305300.0,2.0, Кирова,63.84,Октябрьская,2026
real_estate_agent,Октябрьский,6.0,10.0,8.0,45.0,5850000.0,2.0, В. Высоцкого,53.0,Золотая Нива,2008
real_estate_agent,Ленинский,4.0,5.0,5.5,30.2,3850000.0,2.0,Ударная ,46.5,Площадь Маркса,1968
real_estate_agent,Ленинский,5.0,5.0,6.0,29.8,4150000.0,2.0,Степная ,44.3,Площадь Маркса,1970
real_estate_agent,Ленинский,5.0,5.0,5.5,29.0,4150000.0,2.0,Планировочная ,42.3,Площадь Маркса,1970
real_estate_agent,Советский,3.0,5.0,5.6,33.1,4150000.0,2.0, Шлюзовая,46.6,Студенческая,1994
real_estate_agent,Калининский,3.0,5.0,6.7,25.1,4200000.0,2.0, Магистральная,43.5,Заельцовская,1988
real_estate_agent,Дзержинский,1.0,5.0,6.0,31.4,4200000.0,2.0, Куприна,45.6,Золотая Нива,1965
real_estate_agent,Первомайский,5.0,5.0,5.8,32.0,4200000.0,2.0,Узорная ,45.9,Речной вокзал,1966
real_estate_agent,Калининский,4.0,5.0,5.5,30.0,4200000.0,2.0, Столетова,43.7,Заельцовская,1972
real_estate_agent,Кировский,10.0,17.0,13.8,26.499999999999996,4200000.0,2.0,Бронная ,40.3,Студенческая,2024
real_estate_agent,Дзержинский,3.0,3.0,6.1,28.1,4200000.0,2.0,Индустриальная ,41.0,Березовая Роща,1960
real_estate_agent,Ленинский,4.0,17.0,10.0,24.0,4200000.0,2.0, Забалуева,40.0,Площадь Маркса,2021
real_estate_agent,Первомайский,16.0,17.0,5.0,27.0,4200000.0,2.0, Твардовского,44.0,Речной вокзал,2015
real_estate_agent,Кировский,7.0,17.0,13.9,13.6,4200000.0,2.0,Бронная ,43.0,Площадь Маркса,2024
real_estate_agent,Кировский,4.0,5.0,9.9,35.0,4200000.0,2.0, Петухова,53.2,Площадь Маркса,2017
real_estate_agent,Заельцовский,2.0,9.0,7.0,30.1,4200000.0,2.0,Кубовая ,44.6,Заельцовская,2022
real_estate_agent,Калининский,4.0,5.0,6.0,28.1,4200000.0,2.0, Столетова,44.0,Заельцовская,2017
real_estate_agent,Октябрьский,5.0,5.0,6.0,30.0,4200000.0,2.0, Ключ-Камышенское плато,46.0,Речной вокзал,1972
real_estate_agent,Советский,4.0,5.0,5.3,29.8,4200000.0,2.0, Шлюзовая,43.9,Студенческая,1969
real_estate_agent,Дзержинский,1.0,3.0,7.0,53.2,4200000.0,2.0,Учительская ,60.2,Березовая Роща,1957
real_estate_agent,Ленинский,1.0,9.0,7.0,31.0,4200000.0,2.0, Связистов,43.0,Площадь Маркса,2015
realtor,Кировский,5.0,5.0,9.0,50.0,4200000.0,2.0, Петухова,59.0,Площадь Маркса,1968
real_estate_agent,Первомайский,3.0,5.0,5.7,31.3,4250000.0,2.0,Мирная ,49.3,Речной вокзал,2013
real_estate_agent,Кировский,5.0,5.0,5.8,30.7,4250000.0,2.0, Немировича-Данченко,45.9,Студенческая,1964
real_estate_agent,Кировский,1.0,3.0,9.0,27.0,4250000.0,2.0,Вертковская ,44.5,Площадь Маркса,2017
real_estate_agent,Калининский,3.0,5.0,5.9,30.4,4250000.0,2.0, Объединения,46.0,Заельцовская,1989
realtor,Кировский,10.0,10.0,22.0,14.0,4299999.0,2.0, Николая Сотникова,48.0,Студенческая,2023
real_estate_agent,Советский,1.0,5.0,7.9,34.0,4300000.0,2.0,Солнечногорская ,53.9,Студенческая,1994
real_estate_agent,Первомайский,5.0,5.0,7.0,30.0,4300000.0,2.0, Твардовского,43.0,Спортивная,1977
real_estate_agent,Кировский,1.0,10.0,8.0,45.0,4320000.0,2.0, Виктора Шевелева,58.0,Студенческая,2019
real_estate_agent,Железнодорожный,5.0,5.0,6.0,32.0,4300000.0,2.0,Фабричная ,42.7,Речной вокзал,1965
real_estate_agent,Советский,2.0,5.0,8.4,34.0,4300000.0,2.0,Солнечногорская ,53.3,Студенческая,1993
real_estate_agent,Ленинский,4.0,5.0,5.8,30.6,4300000.0,2.0, Невельского,43.7,Площадь Маркса,1972
real_estate_agent,Дзержинский,5.0,9.0,6.8,27.1,4300000.0,2.0, Толбухина,42.3,Золотая Нива,1976
real_estate_agent,Ленинский,1.0,5.0,5.9,27.3,4300000.0,2.0, Немировича-Данченко,45.0,Площадь Маркса,1966
real_estate_agent,Ленинский,5.0,5.0,6.0,28.0,4300000.0,2.0,проспект Карла Маркса,42.0,Площадь Маркса,1961
real_estate_agent,Ленинский,13.0,17.0,5.3,29.7,4300000.0,2.0, Связистов,35.0,Площадь Маркса,2024
real_estate_agent,Ленинский,1.0,9.0,9.0,32.0,4300000.0,2.0, Связистов,53.2,Площадь Маркса,1985
real_estate_agent,Ленинский,1.0,17.0,14.0,25.700000000000003,4300000.0,2.0, Забалуева,39.7,Площадь Маркса,2017
real_estate_agent,Кировский,4.0,10.0,14.0,38.0,4300000.0,2.0, Александра Чистякова,63.5,Студенческая,2018
real_estate_agent,Кировский,8.0,9.0,8.7,21.6,4300000.0,2.0, Громова,42.8,Площадь Маркса,2001
real_estate_agent,Заельцовский,1.0,5.0,8.1,30.5,4300000.0,2.0, Солидарности,50.5,Заельцовская,1963
real_estate_agent,Ленинский,5.0,5.0,5.6,29.0,4300000.0,2.0,проспект Карла Маркса,42.3,Студенческая,2015
real_estate_agent,Октябрьский,3.0,5.0,5.8,29.0,4300000.0,2.0,Пешеходная ,44.3,Золотая Нива,1970
real_estate_agent,Дзержинский,1.0,6.0,6.0,35.6,4300000.0,2.0, Шекспира,41.6,Березовая Роща,1959
real_estate_agent,Кировский,2.0,3.0,12.0,30.0,4300000.0,2.0,Воскресная ,58.0,Студенческая,2012
real_estate_agent,Октябрьский,1.0,5.0,7.0,30.0,4300000.0,2.0, Толстого,46.0,Речной вокзал,1971
real_estate_agent,Ленинский,7.0,9.0,7.4,27.7,4300000.0,2.0,Ударная ,44.1,Площадь Маркса,1972
realtor,Ленинский,5.0,5.0,6.2,30.4,4330000.0,2.0,Выставочная ,43.3,Площадь Маркса,1963
realtor,Ленинский,1.0,9.0,5.1,28.0,4300000.0,2.0,Петропавловская ,41.6,Площадь Маркса,1975
real_estate_agent,Ленинский,2.0,5.0,7.9,29.6,4350000.0,2.0,Портовая ,52.4,Площадь Маркса,2015
real_estate_agent,Ленинский,4.0,4.0,6.0,30.0,4380000.0,2.0, Плахотного,44.0,Площадь Маркса,1940
real_estate_agent,Дзержинский,3.0,10.0,5.1,29.8,4399000.0,2.0, Шекспира,43.2,Березовая Роща,1975
real_estate_agent,Ленинский,5.0,5.0,5.8,30.0,4350000.0,2.0, Станиславского,45.1,Площадь Маркса,1972
real_estate_agent,Железнодорожный,1.0,3.0,5.8,28.1,4380000.0,2.0,Железнодорожная ,39.0,Площадь Гарина-Михайловского,1932
real_estate_agent,Первомайский,13.0,17.0,10.0,23.9,4350000.0,2.0, Твардовского,40.0,Спортивная,2015
real_estate_agent,Ленинский,5.0,9.0,7.2,27.0,4399000.0,2.0,Широкая ,45.0,Площадь Маркса,1977
real_estate_agent,Ленинский,2.0,10.0,7.1,27.5,4350000.0,2.0,Широкая ,45.3,Площадь Маркса,2015
real_estate_agent,Заельцовский,3.0,5.0,6.0,31.1,4390000.0,2.0, Жуковского,44.8,Заельцовская,1963
real_estate_agent,Кировский,4.0,5.0,14.0,25.0,4350000.0,2.0, Петухова,47.0,Площадь Маркса,1967
real_estate_agent,Кировский,1.0,9.0,12.2,24.5,4390000.0,2.0, Урманова,52.3,Студенческая,2017
real_estate_agent,Калининский,8.0,9.0,10.0,21.1,4400000.0,2.0, Михаила Востокова,38.0,Заельцовская,2017
real_estate_agent,Октябрьский,6.0,17.0,6.2,23.3,4400000.0,2.0,Выборная ,40.0,Речной вокзал,2020
real_estate_agent,Кировский,6.0,10.0,5.0,27.8,4400000.0,2.0, Николая Сотникова,40.6,Студенческая,2019
real_estate_agent,Ленинский,1.0,5.0,6.0,31.0,4400000.0,2.0,Колхидская ,44.0,Площадь Маркса,1975
real_estate_agent,Калининский,1.0,5.0,6.3,30.2,4400000.0,2.0, Богдана Хмельницкого,42.6,Заельцовская,2017
real_estate_agent,Дзержинский,1.0,5.0,5.8,28.8,4400000.0,2.0, Красина,42.8,Березовая Роща,1971
real_estate_agent,Кировский,1.0,5.0,5.5,36.5,4400000.0,2.0, Сибиряков-Гвардейцев,44.3,Площадь Маркса,1964
real_estate_agent,Ленинский,1.0,5.0,30.0,6.0,4400000.0,2.0,Новогодняя ,46.0,Студенческая,2015
real_estate_agent,Первомайский,5.0,5.0,5.6,28.0,4400000.0,2.0, Маяковского,43.1,Речной вокзал,2013
real_estate_agent,Кировский,3.0,17.0,10.0,23.0,4400000.0,2.0,Бронная ,41.1,Площадь Маркса,2024
real_estate_agent,Октябрьский,4.0,5.0,7.0,28.4,4400000.0,2.0,Ленинградская ,44.6,Речной вокзал,1980
real_estate_agent,Калининский,2.0,5.0,6.0,30.1,4400000.0,2.0, Макаренко,41.9,Заельцовская,1967
real_estate_agent,Советский,6.0,9.0,9.3,26.0,4400000.0,2.0, Шлюзовая,44.2,Студенческая,1976
real_estate_agent,Кировский,12.0,24.0,10.0,18.0,4450000.0,2.0, Бородина,37.0,Площадь Маркса,2017
real_estate_agent,Ленинский,5.0,5.0,6.0,32.3,4499000.0,2.0,Планировочная ,47.1,Площадь Маркса,2015
real_estate_agent,Дзержинский,1.0,5.0,5.8,27.3,4450000.0,2.0, Есенина,42.5,Золотая Нива,1965
real_estate_agent,Кировский,4.0,5.0,5.9,26.8,4450000.0,2.0, Зорге,44.0,Площадь Маркса,1973
real_estate_agent,Ленинский,5.0,5.0,5.9,29.6,4450000.0,2.0, Забалуева,44.7,Площадь Маркса,1971
real_estate_agent,Ленинский,5.0,5.0,6.1,23.8,4450000.0,2.0, Блюхера,43.0,Площадь Маркса,1963
real_estate_agent,Калининский,3.0,5.0,6.6,25.0,4490000.0,2.0, Олеко Дундича,42.6,Березовая Роща,1972
real_estate_agent,Кировский,1.0,3.0,8.9,31.3,4490000.0,2.0, Бебеля,53.3,Площадь Маркса,2002
real_estate_agent,Первомайский,5.0,5.0,6.0,40.1,4450000.0,2.0,Физкультурная ,46.1,Спортивная,1966
realtor,Ленинский,5.0,18.0,5.0,28.0,4450000.0,2.0, Забалуева,44.0,Площадь Маркса,2023
real_estate_agent,Советский,1.0,2.0,5.5,27.7,4500000.0,2.0,бульвар Молодежи,43.5,Речной вокзал,1994
real_estate_agent,Дзержинский,4.0,5.0,6.4,24.4,4500000.0,2.0, Доватора,42.3,Золотая Нива,1975
real_estate_agent,Кировский,1.0,9.0,7.2,27.7,4500000.0,2.0, Петухова,44.0,Площадь Маркса,1978
real_estate_agent,Заельцовский,1.0,4.0,10.0,35.0,4500000.0,2.0,Ельцовская ,52.0,Гагаринская,2022
real_estate_agent,Ленинский,5.0,5.0,6.0,28.0,4500000.0,2.0,Выставочная ,44.2,Площадь Маркса,2015
real_estate_agent,Заельцовский,2.0,3.0,6.0,26.0,4500000.0,2.0,Северная ,42.0,Заельцовская,2022
real_estate_agent,Калининский,3.0,3.0,8.0,37.8,4500000.0,2.0, Богдана Хмельницкого,64.5,Заельцовская,1952
real_estate_agent,Первомайский,5.0,5.0,6.0,30.0,4500000.0,2.0, Эйхе,45.3,Спортивная,1965
real_estate_agent,Ленинский,1.0,5.0,5.4,30.9,4500000.0,2.0,Колхидская ,47.6,Площадь Маркса,1975
real_estate_agent,Октябрьский,2.0,5.0,5.6,30.0,4500000.0,2.0, Белинского,43.3,Речной вокзал,1972
real_estate_agent,Калининский,2.0,3.0,8.0,18.0,4500000.0,2.0, Чекалина,35.4,Заельцовская,2005
real_estate_agent,Железнодорожный,5.0,5.0,5.1,29.1,4500000.0,2.0,Фабричная ,42.6,Речной вокзал,1965
real_estate_agent,Дзержинский,1.0,5.0,6.0,25.0,4500000.0,2.0,Гусинобродское шоссе,42.7,Золотая Нива,1975
real_estate_agent,Дзержинский,4.0,9.0,7.0,28.0,4500000.0,2.0, Дениса Давыдова,44.0,Березовая Роща,1974
real_estate_agent,Советский,4.0,9.0,8.0,27.5,4500000.0,2.0, Молодости,49.6,Студенческая,1994
real_estate_agent,Первомайский,8.0,19.0,8.0,31.0,4500000.0,2.0, Одоевского,39.0,Речной вокзал,2012
real_estate_agent,Кировский,4.0,5.0,5.5,30.0,4500000.0,2.0, Немировича-Данченко,44.0,Студенческая,2017
real_estate_agent,Октябрьский,12.0,18.0,9.3,31.6,4500000.0,2.0,Рябиновая ,55.6,Речной вокзал,2026
real_estate_agent,Кировский,9.0,17.0,10.0,25.0,4500000.0,2.0,Бронная ,40.5,Площадь Маркса,2022
real_estate_agent,Калининский,5.0,5.0,6.0,29.0,4500000.0,2.0, Олеко Дундича,42.7,Березовая Роща,2017
real_estate_agent,Заельцовский,1.0,5.0,5.8,30.8,4550000.0,2.0, Кузьмы Минина,46.0,Заельцовская,1974
real_estate_agent,Калининский,5.0,5.0,6.0,32.0,4550000.0,2.0,Народная ,44.0,Заельцовская,1962
real_estate_agent,Дзержинский,3.0,3.0,6.2,31.0,4550000.0,2.0,Республиканская ,48.9,Березовая Роща,1947
real_estate_agent,Кировский,1.0,9.0,7.0,35.0,4599000.0,2.0, Зорге,47.0,Площадь Маркса,1970
real_estate_agent,Октябрьский,9.0,18.0,6.0,30.0,4550000.0,2.0, В. Высоцкого,42.9,Золотая Нива,2024
real_estate_agent,Октябрьский,2.0,9.0,14.0,30.0,4599000.0,2.0, Плющихинская,48.0,Золотая Нива,2024
real_estate_agent,Первомайский,8.0,17.0,6.0,26.7,4550000.0,2.0, Твардовского,42.5,Речной вокзал,2013
real_estate_agent,Ленинский,4.0,5.0,5.9,30.6,4590000.0,2.0, Станиславского,42.4,Площадь Маркса,2015
real_estate_agent,Калининский,4.0,5.0,5.9,29.8,4580000.0,2.0, Олеко Дундича,43.7,Заельцовская,1969
real_estate_agent,Калининский,2.0,5.0,6.0,31.0,4600000.0,2.0, Объединения,46.0,Заельцовская,2017
real_estate_agent,Дзержинский,3.0,4.0,9.0,19.0,4600000.0,2.0,Республиканская ,33.0,Березовая Роща,2019
real_estate_agent,Первомайский,1.0,9.0,7.0,27.1,4600000.0,2.0,Березовая ,42.4,Речной вокзал,1985
real_estate_agent,Кировский,2.0,10.0,7.9,28.3,4600000.0,2.0,Беловежская ,48.0,Площадь Маркса,1999
real_estate_agent,Ленинский,3.0,5.0,6.0,30.0,4600000.0,2.0,Планировочная ,43.0,Студенческая,1969
real_estate_agent,Ленинский,4.0,17.0,10.7,23.1,4600000.0,2.0, Забалуева,45.7,Площадь Маркса,2021
real_estate_agent,Заельцовский,4.0,5.0,5.8,28.6,4600000.0,2.0,Дачная ,41.4,Заельцовская,1963
real_estate_agent,Ленинский,8.0,10.0,8.7,30.0,4600000.0,2.0,Колхидская ,48.3,Площадь Маркса,1989
real_estate_agent,Ленинский,1.0,5.0,4.0,24.5,4600000.0,2.0,Планировочная ,34.8,Студенческая,1972
real_estate_agent,Ленинский,5.0,9.0,7.0,29.0,4600000.0,2.0,Киевская ,44.8,Площадь Маркса,1978
real_estate_agent,Октябрьский,2.0,3.0,13.0,29.8,4600000.0,2.0,Тополевая ,56.3,Площадь Ленина,1904
real_estate_agent,Ленинский,3.0,5.0,7.2,30.2,4600000.0,2.0, Костычева,44.7,Площадь Маркса,1970
real_estate_agent,Ленинский,5.0,5.0,6.9,32.5,4600000.0,2.0, Блюхера,43.5,Студенческая,1962
real_estate_agent,Заельцовский,4.0,5.0,6.0,37.6,4600000.0,2.0, Кропоткина,43.6,Гагаринская,2022
realtor,Кировский,4.0,5.0,6.0,28.3,4600000.0,2.0, Петухова,44.1,Площадь Маркса,2017
real_estate_agent,Октябрьский,8.0,18.0,25.0,29.9,4690000.0,2.0, Виталия Потылицына,54.9,Золотая Нива,2015
real_estate_agent,Кировский,1.0,10.0,15.0,26.799999999999997,4650000.0,2.0, Петухова,41.8,Площадь Маркса,2014
real_estate_agent,Кировский,1.0,3.0,10.0,38.0,4650000.0,2.0,Рубежная ,59.8,Студенческая,2012
real_estate_agent,Октябрьский,1.0,10.0,8.0,30.0,4650000.0,2.0, В. Высоцкого,50.6,Золотая Нива,1990
real_estate_agent,Ленинский,1.0,10.0,7.0,27.1,4650000.0,2.0,Волховская ,44.0,Площадь Маркса,2006
real_estate_agent,Первомайский,3.0,5.0,7.3,33.0,4650000.0,2.0, Эйхе,60.5,Речной вокзал,1958
real_estate_agent,Ленинский,5.0,17.0,4.0,29.0,4653000.0,2.0, Забалуева,46.48,Площадь Маркса,2015
real_estate_agent,Советский,4.0,9.0,8.9,27.0,4680000.0,2.0, Шлюзовая,46.1,Студенческая,1974
real_estate_agent,Первомайский,1.0,3.0,7.0,33.0,4650000.0,2.0,Первомайская ,55.4,Спортивная,2013
real_estate_agent,Ленинский,2.0,9.0,8.8,39.8,4650000.0,2.0, Невельского,48.6,Студенческая,1988
real_estate_agent,Ленинский,4.0,9.0,9.4,28.0,4700000.0,2.0, Титова,55.1,Площадь Маркса,2014
real_estate_agent,Заельцовский,3.0,5.0,6.0,30.0,4700000.0,2.0,Весенняя ,44.1,Заельцовская,1964
real_estate_agent,Заельцовский,2.0,3.0,9.0,32.0,4700000.0,2.0,Каунасская ,54.0,Заельцовская,2022
real_estate_agent,Кировский,12.0,17.0,8.0,30.2,4700000.0,2.0, Дмитрия Шмонина,43.2,Студенческая,2017
real_estate_agent,Заельцовский,3.0,5.0,5.2,31.1,4700000.0,2.0, Солидарности,44.2,Заельцовская,1963
real_estate_agent,Калининский,2.0,5.0,8.0,31.0,4700000.0,2.0, Богдана Хмельницкого,42.0,Заельцовская,1961
real_estate_agent,Советский,1.0,9.0,10.0,19.0,4700000.0,2.0,Ветлужская ,38.0,Студенческая,1989
real_estate_agent,Советский,4.0,5.0,6.0,25.0,4700000.0,2.0, Мусы Джалиля,39.0,Студенческая,1968
real_estate_agent,Ленинский,7.0,17.0,15.0,12.0,4700000.0,2.0, Забалуева,37.0,Площадь Маркса,2020
real_estate_agent,Ленинский,1.0,9.0,7.0,27.2,4700000.0,2.0, Невельского,43.3,Площадь Маркса,1983
real_estate_agent,Октябрьский,1.0,10.0,8.1,27.0,4740000.0,2.0, В. Высоцкого,49.4,Золотая Нива,2008
real_estate_agent,Дзержинский,3.0,5.0,7.0,28.0,4700000.0,2.0,Гусинобродское шоссе,43.7,Золотая Нива,1975
real_estate_agent,Калининский,4.0,5.0,6.0,29.0,4700000.0,2.0, Богдана Хмельницкого,43.0,Заельцовская,1982
real_estate_agent,Кировский,1.0,3.0,10.7,38.0,4700000.0,2.0, Бурденко,67.2,Площадь Маркса,1949
real_estate_agent,Октябрьский,1.0,4.0,4.0,30.0,4700000.0,2.0, Бориса Богаткова,42.0,Золотая Нива,1961
real_estate_agent,Ленинский,3.0,9.0,6.7,27.6,4700000.0,2.0,Широкая ,43.0,Площадь Маркса,1990
real_estate_agent,Октябрьский,9.0,10.0,12.0,36.0,4700000.0,2.0, Плющихинская,63.5,Золотая Нива,2020
realtor,Железнодорожный,1.0,9.0,31.0,9.0,4700000.0,2.0, Прибрежная,52.2,Площадь Гарина-Михайловского,1990
real_estate_agent,Ленинский,3.0,9.0,6.0,33.9,4750000.0,2.0, Романтиков,39.9,Площадь Маркса,2023
real_estate_agent,Октябрьский,5.0,10.0,12.1,33.7,4750000.0,2.0, Татьяны Снежиной,57.6,Золотая Нива,2020
real_estate_agent,Октябрьский,1.0,10.0,6.7,26.4,4750000.0,2.0, В. Высоцкого,45.3,Золотая Нива,2007
real_estate_agent,Кировский,3.0,5.0,6.8,25.9,4750000.0,2.0, Палласа,44.7,Площадь Маркса,1990
real_estate_agent,Заельцовский,2.0,5.0,7.3,29.8,4750000.0,2.0,Кубовая ,44.8,Заельцовская,1977
real_estate_agent,Калининский,5.0,5.0,6.0,28.0,4750000.0,2.0,Танковая ,45.7,Заельцовская,1963
real_estate_agent,Ленинский,5.0,5.0,6.6,25.2,4750000.0,2.0,Широкая ,44.0,Площадь Маркса,2015
real_estate_agent,Кировский,8.0,9.0,9.1,26.9,4780000.0,2.0, Петухова,55.3,Площадь Маркса,2017
real_estate_agent,Калининский,5.0,5.0,6.0,29.0,4750000.0,2.0,Народная ,43.0,Заельцовская,1973
real_estate_agent,Заельцовский,4.0,5.0,5.4,26.6,4750000.0,2.0, Жуковского,41.9,Заельцовская,1963
real_estate_agent,Советский,4.0,10.0,7.9,33.0,4800000.0,2.0, Лесосечная,52.9,Речной вокзал,1994
real_estate_agent,Кировский,5.0,5.0,6.0,31.0,4800000.0,2.0, Немировича-Данченко,43.2,Площадь Маркса,1971
real_estate_agent,Калининский,5.0,5.0,6.0,27.9,4800000.0,2.0,Народная ,42.4,Заельцовская,2017
real_estate_agent,Ленинский,5.0,5.0,6.0,28.1,4800000.0,2.0, Станиславского,43.4,Площадь Маркса,1972
real_estate_agent,Советский,5.0,5.0,8.0,33.0,4800000.0,2.0,Солнечногорская ,54.0,Студенческая,1993
real_estate_agent,Заельцовский,5.0,5.0,6.0,30.0,4800000.0,2.0, Дмитрия Донского,43.4,Заельцовская,1963
real_estate_agent,Ленинский,4.0,5.0,6.5,25.0,4800000.0,2.0, Пархоменко,44.5,Площадь Маркса,1975
real_estate_agent,Дзержинский,4.0,5.0,6.0,30.8,4800000.0,2.0, Есенина,46.4,Золотая Нива,1965
real_estate_agent,Ленинский,5.0,5.0,6.4,27.6,4800000.0,2.0,проспект Карла Маркса,45.7,Площадь Маркса,1961
real_estate_agent,Заельцовский,5.0,5.0,6.0,27.0,4800000.0,2.0, Дмитрия Донского,42.3,Заельцовская,1964
real_estate_agent,Ленинский,4.0,6.0,9.5,29.4,4800000.0,2.0,Дивногорская ,51.4,Площадь Маркса,2015
real_estate_agent,Ленинский,5.0,5.0,6.0,25.6,4800000.0,2.0,Колхидская ,40.8,Площадь Маркса,1975
real_estate_agent,Советский,4.0,4.0,7.0,26.0,4800000.0,2.0, Героев Труда,42.0,Студенческая,1962
real_estate_agent,Кировский,16.0,17.0,9.0,30.0,4800000.0,2.0, Виктора Уса,50.0,Площадь Маркса,2014
real_estate_agent,Кировский,5.0,5.0,6.0,30.7,4800000.0,2.0,Новогодняя ,42.0,Площадь Маркса,1964
real_estate_agent,Кировский,11.0,24.0,11.0,30.0,4830000.0,2.0, Бородина,56.0,Площадь Маркса,2022
real_estate_agent,Советский,1.0,4.0,7.0,36.1,4800000.0,2.0, Героев Труда,43.1,Речной вокзал,1966
real_estate_agent,Кировский,5.0,5.0,6.0,29.0,4840000.0,2.0, Зорге,44.0,Площадь Маркса,1968
real_estate_agent,Кировский,3.0,10.0,8.1,33.8,4800000.0,2.0, Петухова,54.9,Площадь Маркса,2017
real_estate_agent,Кировский,5.0,9.0,4.7,28.1,4800000.0,2.0,Вертковская ,43.4,Площадь Маркса,1975
real_estate_agent,Кировский,1.0,5.0,6.5,24.8,4800000.0,2.0, Комсомольская,43.9,Студенческая,1979
real_estate_agent,Заельцовский,2.0,5.0,6.0,28.0,4890000.0,2.0, Дуси Ковальчук,43.0,Заельцовская,1966
real_estate_agent,Дзержинский,9.0,9.0,7.0,28.0,4850000.0,2.0,Гусинобродское шоссе,43.0,Золотая Нива,1978
real_estate_agent,Октябрьский,3.0,10.0,7.0,37.6,4850000.0,2.0, Татьяны Снежиной,57.0,Золотая Нива,2020
real_estate_agent,Первомайский,3.0,3.0,10.0,20.0,4850000.0,2.0, Марии Ульяновой,43.3,Спортивная,1961
real_estate_agent,Октябрьский,4.0,4.0,6.0,29.0,4890000.0,2.0, Бориса Богаткова,43.7,Золотая Нива,2020
real_estate_agent,Ленинский,1.0,10.0,10.0,27.0,4850000.0,2.0, Забалуева,50.4,Площадь Маркса,1997
realtor,Ленинский,1.0,6.0,5.0,29.0,4890000.0,2.0,Троллейная ,43.0,Площадь Маркса,2005
real_estate_agent,Кировский,3.0,5.0,10.0,22.0,4850000.0,2.0, Петухова,44.0,Площадь Маркса,1975
real_estate_agent,Советский,1.0,15.0,7.0,28.0,4850000.0,2.0,Приморская ,38.0,Студенческая,2022
real_estate_agent,Ленинский,3.0,10.0,8.5,27.6,4850000.0,2.0, Забалуева,47.9,Площадь Маркса,1997
realtor,Ленинский,9.0,9.0,8.6,34.4,4850000.0,2.0,Киевская ,43.0,Площадь Маркса,2015
real_estate_agent,Дзержинский,3.0,22.0,10.0,20.0,4900000.0,2.0, Коминтерна,41.0,Золотая Нива,2019
real_estate_agent,Заельцовский,1.0,5.0,6.0,30.3,4900000.0,2.0, Жуковского,45.0,Заельцовская,1963
real_estate_agent,Железнодорожный,1.0,9.0,7.0,27.2,4900000.0,2.0,Железнодорожная ,43.2,Площадь Гарина-Михайловского,1983
real_estate_agent,Калининский,7.0,9.0,7.0,33.1,4900000.0,2.0, Олеко Дундича,45.1,Березовая Роща,1971
real_estate_agent,Октябрьский,2.0,4.0,5.9,28.5,4900000.0,2.0, Бориса Богаткова,44.9,Золотая Нива,1962
real_estate_agent,Первомайский,13.0,17.0,10.0,35.0,4900000.0,2.0, Одоевского,55.0,Речной вокзал,2011
real_estate_agent,Калининский,5.0,5.0,6.0,30.0,4900000.0,2.0, Олеко Дундича,43.0,Березовая Роща,1970
real_estate_agent,Дзержинский,9.0,9.0,7.0,27.0,4900000.0,2.0, Адриена Лежена,43.0,Золотая Нива,1973
real_estate_agent,Ленинский,5.0,5.0,6.0,28.0,4900000.0,2.0, Немировича-Данченко,44.0,Площадь Маркса,1965
real_estate_agent,Советский,5.0,9.0,8.0,27.4,4900000.0,2.0, Экваторная,48.1,Речной вокзал,1990
real_estate_agent,Дзержинский,4.0,4.0,7.9,31.6,4900000.0,2.0,проспект Дзержинского,59.2,Березовая Роща,1957
real_estate_agent,Ленинский,13.0,17.0,9.42,37.68,4900000.0,2.0,Вертковская ,47.1,Площадь Маркса,2022
real_estate_agent,Октябрьский,8.0,10.0,6.0,20.0,4900000.0,2.0, Ключ-Камышенское плато,37.2,Речной вокзал,2013
real_estate_agent,Калининский,2.0,5.0,6.0,29.0,4900000.0,2.0,Танковая ,45.1,Березовая Роща,1963
real_estate_agent,Ленинский,1.0,5.0,5.8,27.4,4990000.0,2.0,проспект Карла Маркса,39.8,Студенческая,1961
real_estate_agent,Дзержинский,4.0,5.0,6.0,25.5,4999000.0,2.0, Гоголя,44.2,Березовая Роща,1960
real_estate_agent,Ленинский,3.0,5.0,9.8,29.1,4950000.0,2.0, Станиславского,56.7,Площадь Маркса,1953
real_estate_agent,Советский,1.0,4.0,5.9,37.1,4999000.0,2.0, Героев Труда,43.0,Речной вокзал,1966
real_estate_agent,Дзержинский,1.0,5.0,5.3,30.8,4980000.0,2.0, Бориса Богаткова,43.4,Золотая Нива,1967
real_estate_agent,Железнодорожный,1.0,5.0,6.0,27.0,4990000.0,2.0,Сибирская ,44.0,Площадь Гарина-Михайловского,2002
real_estate_agent,Октябрьский,10.0,10.0,8.0,36.1,4950000.0,2.0, Татьяны Снежиной,61.5,Золотая Нива,2011
real_estate_agent,Октябрьский,2.0,3.0,10.3,30.0,4997000.0,2.0,1-я Родниковая ,55.0,Спортивная,2020
real_estate_agent,Советский,1.0,4.0,6.0,30.0,4999999.0,2.0,бульвар Молодежи,41.9,Студенческая,1961
real_estate_agent,Калининский,3.0,5.0,6.0,28.0,4980000.0,2.0, Богдана Хмельницкого,42.0,Заельцовская,2017
realtor,Советский,2.0,3.0,9.0,30.0,4980000.0,2.0, Молодости,41.1,Студенческая,2001
realtor,Кировский,7.0,9.0,6.7,27.2,4950000.0,2.0, Комсомольская,43.2,Студенческая,1979
real_estate_agent,Октябрьский,6.0,10.0,8.4,37.7,5000000.0,2.0, Плющихинская,58.3,Золотая Нива,2023
real_estate_agent,Советский,1.0,9.0,7.7,25.3,5000000.0,2.0, Иванова,45.2,Студенческая,1979
real_estate_agent,Калининский,6.0,9.0,8.0,34.0,5000000.0,2.0, Курчатова,52.5,Заельцовская,1982
real_estate_agent,Ленинский,9.0,9.0,8.7,30.0,5000000.0,2.0, Пархоменко,52.3,Площадь Маркса,1972
real_estate_agent,Заельцовский,4.0,5.0,6.0,26.0,5000000.0,2.0,Дачная ,44.0,Заельцовская,1968
real_estate_agent,Октябрьский,2.0,5.0,6.0,19.0,5000000.0,2.0, Бориса Богаткова,44.5,Золотая Нива,1971
real_estate_agent,Первомайский,1.0,3.0,8.0,36.7,5000000.0,2.0,Первомайская ,60.4,Спортивная,1954
real_estate_agent,Кировский,2.0,5.0,8.8,32.4,5000000.0,2.0, Бебеля,54.7,Площадь Маркса,2017
real_estate_agent,Кировский,15.0,18.0,9.0,44.0,5000000.0,2.0, Виктора Уса,53.0,Площадь Маркса,2017
real_estate_agent,Советский,4.0,5.0,5.5,30.4,5000000.0,2.0,Барьерная ,47.5,Студенческая,1994
real_estate_agent,Ленинский,2.0,5.0,6.0,27.5,5000000.0,2.0,Новогодняя ,40.0,Площадь Маркса,1961
real_estate_agent,Калининский,3.0,5.0,8.2,28.1,5000000.0,2.0, Магистральная,45.3,Заельцовская,2017
real_estate_agent,Первомайский,5.0,10.0,7.1,28.3,5000000.0,2.0,Березовая ,45.7,Спортивная,1988
real_estate_agent,Кировский,2.0,3.0,25.0,25.0,5000000.0,2.0,Воскресная ,57.7,Студенческая,2012
real_estate_agent,Ленинский,4.0,5.0,5.8,29.9,5000000.0,2.0,проспект Карла Маркса,42.7,Площадь Маркса,1958
real_estate_agent,Кировский,6.0,17.0,10.0,24.4,5000000.0,2.0,Бронная ,39.4,Площадь Маркса,2024
real_estate_agent,Кировский,16.0,17.0,9.0,31.0,5000000.0,2.0, Виктора Уса,53.0,Площадь Маркса,2023
real_estate_agent,Ленинский,3.0,5.0,10.0,35.0,5000000.0,2.0, Станиславского,57.5,Площадь Маркса,1954
real_estate_agent,Октябрьский,10.0,18.0,9.0,32.0,5000000.0,2.0,Выборная ,56.0,Речной вокзал,2026
real_estate_agent,Ленинский,2.0,10.0,9.3,31.0,5050000.0,2.0,Хилокская ,58.0,Площадь Маркса,2012
real_estate_agent,Октябрьский,5.0,17.0,10.6,28.9,5050000.0,2.0,Выборная ,55.1,Речной вокзал,2020
real_estate_agent,Ленинский,2.0,5.0,6.0,31.0,5050000.0,2.0,проспект Карла Маркса,43.5,Студенческая,1961
real_estate_agent,Кировский,10.0,10.0,12.2,36.9,5096000.0,2.0, Петухова,65.1,Студенческая,2013
real_estate_agent,Ленинский,1.0,19.0,11.0,18.0,5050000.0,2.0, Ясный Берег,36.0,Октябрьская,2015
real_estate_agent,Калининский,7.0,9.0,7.0,32.0,5099000.0,2.0, Рассветная,54.9,Заельцовская,1989
real_estate_agent,Ленинский,6.0,13.0,18.0,17.0,5050000.0,2.0, Надежды,46.5,Площадь Маркса,2016
real_estate_agent,Октябрьский,4.0,10.0,7.0,25.0,5099000.0,2.0, Татьяны Снежиной,40.0,Золотая Нива,2024
real_estate_agent,Дзержинский,4.0,5.0,9.4,33.4,5100000.0,2.0,Республиканская ,57.9,Березовая Роща,1958
real_estate_agent,Советский,14.0,17.0,12.2,22.6,5100000.0,2.0,Приморская ,49.1,Студенческая,2022
real_estate_agent,Ленинский,9.0,9.0,8.1,31.6,5100000.0,2.0,Киевская ,53.1,Площадь Маркса,2015
real_estate_agent,Октябрьский,3.0,4.0,13.7,32.0,5100000.0,2.0,1-я Родниковая ,58.4,Речной вокзал,2025
real_estate_agent,Ленинский,2.0,12.0,7.0,28.8,5100000.0,2.0,Новосибирская ,46.5,Площадь Маркса,1979
real_estate_agent,Дзержинский,4.0,5.0,6.0,27.0,5100000.0,2.0, Красина,43.5,Березовая Роща,1962
real_estate_agent,Дзержинский,5.0,5.0,5.4,29.9,5100000.0,2.0, Кошурникова,42.9,Березовая Роща,1968
real_estate_agent,Октябрьский,6.0,10.0,8.2,27.1,5100000.0,2.0, В. Высоцкого,49.9,Золотая Нива,2007
real_estate_agent,Калининский,7.0,9.0,8.0,33.0,5100000.0,2.0, Курчатова,52.9,Заельцовская,1989
real_estate_agent,Кировский,5.0,10.0,9.0,38.0,5100000.0,2.0, Николая Сотникова,58.0,Студенческая,2017
real_estate_agent,Октябрьский,4.0,10.0,8.4,37.7,5100000.0,2.0, Плющихинская,58.1,Золотая Нива,2025
real_estate_agent,Советский,3.0,9.0,8.0,28.0,5100000.0,2.0,Ветлужская ,47.8,Студенческая,1994
real_estate_agent,Ленинский,3.0,12.0,4.0,27.0,5134000.0,2.0,Новосибирская ,43.15,Площадь Маркса,2015
real_estate_agent,Ленинский,4.0,5.0,7.3,30.2,5100000.0,2.0,Степная ,44.0,Площадь Маркса,1978
real_estate_agent,Советский,5.0,5.0,5.5,30.0,5100000.0,2.0, Иванова,45.4,Студенческая,1970
real_estate_agent,Центральный,5.0,5.0,5.6,22.8,5100000.0,2.0, Гоголя,35.2,Сибирская,2007
realtor,Калининский,7.0,9.0,8.0,30.0,5100000.0,2.0, Макаренко,51.2,Заельцовская,1980
real_estate_agent,Калининский,1.0,5.0,6.6,25.5,5150000.0,2.0, Новоуральская,43.6,Заельцовская,1982
real_estate_agent,Октябрьский,1.0,9.0,7.5,28.0,5150000.0,2.0, Лескова,44.0,Октябрьская,1972
real_estate_agent,Советский,3.0,9.0,9.0,28.0,5150000.0,2.0, Русская,47.2,Студенческая,1976
real_estate_agent,Заельцовский,5.0,5.0,5.6,29.9,5190000.0,2.0, Жуковского,45.9,Заельцовская,1963
real_estate_agent,Калининский,11.0,17.0,14.4,17.5,5199000.0,2.0, Фадеева,45.4,Заельцовская,2014
real_estate_agent,Заельцовский,3.0,17.0,5.3,35.300000000000004,5190000.0,2.0, Лобачевского,40.6,Заельцовская,2025
real_estate_agent,Кировский,3.0,3.0,10.6,29.8,5180000.0,2.0,Вознесенская ,61.1,Студенческая,2011
real_estate_agent,Кировский,2.0,22.0,15.0,14.0,5160000.0,2.0,Тульская ,39.0,Студенческая,2025
real_estate_agent,Калининский,3.0,10.0,8.5,32.0,5150000.0,2.0, Родники,52.9,Заельцовская,2011
real_estate_agent,Ленинский,1.0,5.0,6.1,27.9,5150000.0,2.0,Новогодняя ,42.2,Площадь Маркса,1975
real_estate_agent,Октябрьский,1.0,9.0,5.7,23.0,5150000.0,2.0, Бориса Богаткова,34.5,Золотая Нива,1971
real_estate_agent,Кировский,1.0,12.0,9.3,23.0,5150000.0,2.0, Петухова,55.7,Студенческая,2017
realtor,Заельцовский,8.0,9.0,8.0,33.0,5160000.0,2.0, Лебедевского,53.0,Заельцовская,1989
real_estate_agent,Советский,1.0,4.0,6.0,28.0,5200000.0,2.0,проспект Строителей,42.0,Речной вокзал,1994
real_estate_agent,Заельцовский,5.0,5.0,5.8,30.5,5200000.0,2.0,Красный проспект,46.7,Заельцовская,1964
real_estate_agent,Ленинский,3.0,9.0,6.0,29.0,5200000.0,2.0, Титова,44.0,Студенческая,1972
real_estate_agent,Октябрьский,2.0,4.0,13.5,31.0,5200000.0,2.0,1-я Родниковая ,58.1,Речной вокзал,2025
real_estate_agent,Ленинский,5.0,5.0,9.3,31.7,5200000.0,2.0, Титова,55.1,Площадь Маркса,1960
real_estate_agent,Октябрьский,6.0,10.0,12.8,16.6,5200000.0,2.0, Виталия Потылицына,42.2,Золотая Нива,2015
real_estate_agent,Ленинский,4.0,5.0,5.9,27.2,5200000.0,2.0, Блюхера,40.1,Студенческая,1959
real_estate_agent,Затулинский жилмассив,10.0,27.0,9.0,33.0,5200000.0,2.0, Зорге,63.0,Площадь Маркса,2024
real_estate_agent,Советский,1.0,9.0,6.9,29.6,5200000.0,2.0,Ветлужская ,46.4,Студенческая,1964
real_estate_agent,Первомайский,5.0,9.0,8.0,29.0,5200000.0,2.0,Первомайская ,48.0,Октябрьская,1978
real_estate_agent,Октябрьский,5.0,9.0,7.0,27.8,5200000.0,2.0, Бориса Богаткова,43.8,Золотая Нива,1970
real_estate_agent,Кировский,8.0,10.0,10.0,40.0,5200000.0,2.0, Виктора Шевелева,58.1,Студенческая,2022
real_estate_agent,Кировский,5.0,5.0,6.0,25.0,5200000.0,2.0,Новогодняя ,43.2,Студенческая,1964
real_estate_agent,Кировский,2.0,25.0,6.0,27.1,5200000.0,2.0, Сержанта Коротаева,41.2,Площадь Маркса,2021
real_estate_agent,Советский,1.0,4.0,6.0,30.0,5200000.0,2.0,бульвар Молодежи,42.0,Студенческая,1994
real_estate_agent,Кировский,5.0,5.0,6.0,31.0,5200000.0,2.0,Новогодняя ,43.2,Студенческая,1964
real_estate_agent,Дзержинский,4.0,5.0,6.0,40.3,5200000.0,2.0,Трикотажная ,46.3,Березовая Роща,1965
real_estate_agent,Калининский,2.0,5.0,5.6,28.4,5240000.0,2.0, Богдана Хмельницкого,45.0,Заельцовская,1962
real_estate_agent,Октябрьский,9.0,9.0,7.2,26.0,5200000.0,2.0,Ленинградская ,43.1,Речной вокзал,2020
real_estate_agent,Кировский,1.0,5.0,5.9,30.6,5200000.0,2.0,Новогодняя ,46.4,Студенческая,2017
real_estate_agent,Октябрьский,4.0,9.0,7.8,26.9,5200000.0,2.0, Гаранина,47.3,Золотая Нива,1979
real_estate_agent,Советский,2.0,5.0,6.0,30.0,5200000.0,2.0, Шатурская,46.0,Студенческая,1994
real_estate_agent,Советский,2.0,9.0,8.0,27.0,5200000.0,2.0, Экваторная,48.0,Речной вокзал,1994
real_estate_agent,Первомайский,6.0,10.0,7.0,30.0,5200000.0,2.0, Героев Революции,47.1,Спортивная,1996
realtor,Калининский,7.0,9.0,8.0,31.0,5200000.0,2.0, Курчатова,52.1,Заельцовская,1989
real_estate_agent,Октябрьский,8.0,10.0,8.8,30.0,5250000.0,2.0, В. Высоцкого,50.2,Золотая Нива,2020
real_estate_agent,Советский,3.0,5.0,6.0,29.0,5250000.0,2.0, Иванова,43.6,Студенческая,1967
real_estate_agent,Октябрьский,2.0,5.0,13.4,26.2,5290000.0,2.0, Бориса Богаткова,44.6,Золотая Нива,1972
real_estate_agent,Октябрьский,17.0,17.0,8.0,34.0,5270000.0,2.0,Выборная ,47.0,Речной вокзал,2020
real_estate_agent,Центральный,4.0,4.0,5.3,30.6,5250000.0,2.0,Каинская ,41.0,Октябрьская,1960
real_estate_agent,Дзержинский,9.0,9.0,6.8,26.9,5250000.0,2.0, Адриена Лежена,42.5,Золотая Нива,1980
real_estate_agent,Калининский,9.0,9.0,9.0,31.0,5250000.0,2.0, Фадеева,52.6,Заельцовская,1985
real_estate_agent,Калининский,9.0,10.0,9.3,32.0,5299999.0,2.0, Свечникова,56.2,Заельцовская,2008
real_estate_agent,Ленинский,8.0,9.0,5.6,27.0,5250000.0,2.0, Котовского,45.1,Площадь Маркса,1991
realtor,Октябрьский,5.0,12.0,7.9,27.5,5250000.0,2.0, Татьяны Снежиной,57.7,Золотая Нива,2013
real_estate_agent,Октябрьский,7.0,9.0,9.0,28.0,5300000.0,2.0, Татьяны Снежиной,57.9,Золотая Нива,2020
real_estate_agent,Заельцовский,3.0,5.0,5.0,24.0,5300000.0,2.0,Рельсовая ,44.2,Гагаринская,2022
real_estate_agent,Советский,1.0,5.0,5.7,30.5,5300000.0,2.0,бульвар Молодежи,43.0,Студенческая,1967
real_estate_agent,Заельцовский,3.0,9.0,7.0,28.0,5300000.0,2.0,Переездная ,42.4,Заельцовская,1976
real_estate_agent,Октябрьский,10.0,10.0,8.4,37.6,5300000.0,2.0, Плющихинская,58.4,Золотая Нива,2018
real_estate_agent,Заельцовский,9.0,9.0,6.8,27.3,5300000.0,2.0, Дуси Ковальчук,42.8,Заельцовская,1985
real_estate_agent,Кировский,8.0,9.0,7.5,28.0,5300000.0,2.0, Комсомольская,50.0,Студенческая,1994
real_estate_agent,Ленинский,6.0,6.0,12.4,30.0,5300000.0,2.0,Планировочная ,54.2,Студенческая,1994
real_estate_agent,Кировский,11.0,17.0,4.1,41.9,5300000.0,2.0, Виктора Уса,46.0,Площадь Маркса,2016
real_estate_agent,Ленинский,5.0,9.0,7.0,27.4,5300000.0,2.0,Троллейная ,44.2,Площадь Маркса,1980
real_estate_agent,Октябрьский,2.0,10.0,12.0,37.0,5300000.0,2.0, Виталия Потылицына,64.0,Золотая Нива,2020
real_estate_agent,Заельцовский,4.0,5.0,5.6,27.8,5300000.0,2.0, Дуси Ковальчук,42.8,Заельцовская,1961
real_estate_agent,Октябрьский,2.0,3.0,13.8,32.0,5300000.0,2.0,Родниковая ,59.2,Речной вокзал,2023
real_estate_agent,Октябрьский,8.0,10.0,8.7,37.3,5300000.0,2.0, Татьяны Снежиной,58.0,Золотая Нива,2020
real_estate_agent,Ленинский,5.0,5.0,5.5,33.8,5300000.0,2.0, Пархоменко,54.6,Площадь Маркса,1949
real_estate_agent,Ленинский,2.0,9.0,7.0,37.0,5300000.0,2.0,Троллейная ,44.0,Площадь Маркса,1981
real_estate_agent,Советский,4.0,5.0,5.8,27.6,5300000.0,2.0, Иванова,43.1,Студенческая,1966
real_estate_agent,Октябрьский,14.0,17.0,9.8,27.6,5300000.0,2.0,Выборная ,48.6,Речной вокзал,2009
real_estate_agent,Октябрьский,4.0,10.0,10.0,45.1,5300000.0,2.0, Татьяны Снежиной,55.1,Золотая Нива,2011
real_estate_agent,Железнодорожный,4.0,5.0,6.0,31.0,5300000.0,2.0, Ленина,45.0,Площадь Гарина-Михайловского,1966
real_estate_agent,Заельцовский,3.0,5.0,7.0,30.0,5350000.0,2.0, Кропоткина,44.6,Гагаринская,2022
real_estate_agent,Калининский,7.0,9.0,7.0,28.0,5350000.0,2.0, Менделеева,44.4,Березовая Роща,1977
real_estate_agent,Ленинский,5.0,5.0,6.0,30.0,5399000.0,2.0, Титова,45.0,Площадь Маркса,1962
real_estate_agent,Первомайский,16.0,16.0,16.0,12.0,5350000.0,2.0, Заречная,37.0,Речной вокзал,2019
real_estate_agent,Кировский,8.0,10.0,9.4,31.2,5350000.0,2.0, Петухова,56.2,Студенческая,2013
real_estate_agent,Первомайский,2.0,17.0,10.0,20.0,5350000.0,2.0, Заречная,36.8,Спортивная,2019
real_estate_agent,Калининский,5.0,10.0,8.0,31.3,5390000.0,2.0, Тюленина,53.1,Заельцовская,2005
real_estate_agent,Ленинский,3.0,13.0,8.9,43.0,5399000.0,2.0,Волховская ,51.9,Площадь Маркса,2015
real_estate_agent,Октябрьский,7.0,10.0,7.0,29.0,5350000.0,2.0,Большевистская ,45.9,Октябрьская,2020
real_estate_agent,Центральный,1.0,5.0,5.7,30.3,5390000.0,2.0, Гоголя,45.4,Красный Проспект,1963
real_estate_agent,Октябрьский,2.0,18.0,6.8,36.2,5400000.0,2.0, Татьяны Снежиной,56.2,Золотая Нива,2024
real_estate_agent,Октябрьский,4.0,5.0,6.0,32.5,5400000.0,2.0, Белинского,43.5,Октябрьская,1972
real_estate_agent,Калининский,6.0,9.0,8.0,27.9,5400000.0,2.0, Земнухова,47.9,Заельцовская,1991
real_estate_agent,Калининский,4.0,9.0,8.0,33.3,5400000.0,2.0, Карельская,53.1,Заельцовская,1991
real_estate_agent,Октябрьский,4.0,5.0,6.0,30.0,5400000.0,2.0, Белинского,43.5,Октябрьская,1972
real_estate_agent,Октябрьский,2.0,7.0,8.6,30.4,5400000.0,2.0, В. Высоцкого,50.0,Золотая Нива,2008
real_estate_agent,Ленинский,10.0,10.0,9.2,32.0,5400000.0,2.0, Связистов,56.2,Площадь Маркса,2010
real_estate_agent,Октябрьский,5.0,9.0,6.9,28.1,5400000.0,2.0, Бориса Богаткова,46.8,Золотая Нива,2020
real_estate_agent,Ленинский,7.0,25.0,14.8,27.2,5400000.0,2.0, Забалуева,42.0,Площадь Маркса,2022
real_estate_agent,Октябрьский,5.0,10.0,8.5,38.0,5400000.0,2.0, Виталия Потылицына,58.4,Золотая Нива,2015
realtor,Кировский,7.0,10.0,10.0,42.0,5400000.0,2.0, Зорге,52.0,Площадь Маркса,2017
realtor,Советский,1.0,10.0,8.0,35.0,5400000.0,2.0, Сиреневая,46.0,Студенческая,1992
real_estate_agent,Октябрьский,3.0,5.0,6.0,32.5,5450000.0,2.0, Бориса Богаткова,43.5,Золотая Нива,2020
real_estate_agent,Заельцовский,2.0,5.0,6.0,28.0,5450000.0,2.0, Дмитрия Донского,44.0,Заельцовская,2022
real_estate_agent,Калининский,7.0,9.0,9.4,27.8,5450000.0,2.0, Мясниковой,55.0,Заельцовская,2013
real_estate_agent,Центральный,4.0,5.0,6.0,31.0,5490000.0,2.0,Серебренниковская ,43.2,Октябрьская,1965
real_estate_agent,Калининский,1.0,9.0,8.2,25.3,5450000.0,2.0, Мясниковой,45.6,Заельцовская,2017
real_estate_agent,Советский,7.0,9.0,6.0,28.0,5499000.0,2.0, Русская,43.1,Студенческая,1973
real_estate_agent,Советский,4.0,5.0,6.0,30.0,5450000.0,2.0, Иванова,44.0,Студенческая,1994
real_estate_agent,Заельцовский,1.0,5.0,6.0,26.0,5450000.0,2.0, Дуси Ковальчук,42.9,Заельцовская,1962
real_estate_agent,Кировский,17.0,18.0,10.0,33.0,5450000.0,2.0, Николая Сотникова,56.0,Студенческая,2023
real_estate_agent,Дзержинский,2.0,5.0,6.0,30.0,5490000.0,2.0, Гоголя,46.0,Березовая Роща,1960
real_estate_agent,Кировский,17.0,18.0,11.020000000000001,44.080000000000005,5450000.0,2.0, Николая Сотникова,55.1,Студенческая,2023
realtor,Кировский,2.0,9.0,8.7,38.1,5499000.0,2.0, Петухова,58.7,Площадь Маркса,2017
real_estate_agent,Советский,12.0,25.0,5.0,28.0,5500000.0,2.0,Приморская ,42.7,Студенческая,1994
real_estate_agent,Центральный,4.0,5.0,6.0,28.0,5500000.0,2.0, Достоевского,46.0,Красный Проспект,1964
real_estate_agent,Советский,7.0,9.0,7.9,28.0,5500000.0,2.0, Экваторная,48.1,Речной вокзал,1988
real_estate_agent,Калининский,10.0,10.0,8.0,31.1,5500000.0,2.0, Земнухова,53.0,Заельцовская,2017
real_estate_agent,Ленинский,6.0,10.0,9.1,31.1,5500000.0,2.0,Колхидская ,55.8,Площадь Маркса,2009
real_estate_agent,Заельцовский,1.0,5.0,6.0,32.0,5580000.0,2.0, Кропоткина,44.0,Гагаринская,1967
real_estate_agent,Центральный,3.0,5.0,6.0,30.7,5550000.0,2.0, Достоевского,46.6,Сибирская,1964
real_estate_agent,Первомайский,17.0,25.0,10.0,30.0,5550000.0,2.0, Ошанина,49.2,Речной вокзал,2020
real_estate_agent,Ленинский,4.0,18.0,6.0,25.0,5550000.0,2.0, Плахотного,44.9,Площадь Маркса,2021
real_estate_agent,Дзержинский,2.0,6.0,7.4,32.3,5500000.0,2.0,проспект Дзержинского,56.0,Березовая Роща,1958
real_estate_agent,Кировский,14.0,23.0,12.4,43.0,5590000.0,2.0, Петухова,60.5,Площадь Маркса,2020
real_estate_agent,Дзержинский,2.0,9.0,7.0,28.0,5500000.0,2.0, Дениса Давыдова,44.5,Березовая Роща,1984
real_estate_agent,Калининский,5.0,5.0,5.6,29.4,5500000.0,2.0, Богдана Хмельницкого,41.5,Заельцовская,1961
real_estate_agent,Железнодорожный,4.0,5.0,5.4,29.8,5500000.0,2.0,Владимировская ,45.2,Площадь Гарина-Михайловского,1965
real_estate_agent,Ленинский,5.0,12.0,6.8,29.0,5500000.0,2.0, Связистов,46.7,Площадь Маркса,1994
real_estate_agent,Кировский,7.0,25.0,7.8,28.0,5500000.0,2.0,Беловежская ,47.1,Площадь Маркса,2021
real_estate_agent,Дзержинский,9.0,9.0,6.0,26.0,5500000.0,2.0, Кошурникова,41.8,Березовая Роща,1970
real_estate_agent,Кировский,2.0,5.0,7.0,29.7,5500000.0,2.0, Сибиряков-Гвардейцев,45.3,Площадь Маркса,1953
real_estate_agent,Октябрьский,5.0,5.0,5.2,30.9,5500000.0,2.0,Гурьевская ,46.1,Речной вокзал,1967
real_estate_agent,Кировский,10.0,10.0,12.1,36.4,5500000.0,2.0, Николая Сотникова,63.7,Студенческая,2017
real_estate_agent,Калининский,1.0,17.0,7.7,30.0,5500000.0,2.0, Курчатова,43.0,Заельцовская,2021
real_estate_agent,Калининский,9.0,9.0,6.7,27.2,5500000.0,2.0, Кропоткина,42.6,Березовая Роща,2017
real_estate_agent,Ленинский,7.0,10.0,7.0,38.0,5550000.0,2.0,Широкая ,45.0,Площадь Маркса,2009
real_estate_agent,Октябрьский,2.0,10.0,25.2,20.4,5500000.0,2.0, В. Высоцкого,57.6,Золотая Нива,2011
real_estate_agent,Центральный,5.0,5.0,5.8,31.2,5500000.0,2.0,Ипподромская ,44.5,Маршала Покрышкина,2007
real_estate_agent,Заельцовский,1.0,9.0,7.0,28.0,5500000.0,2.0,Переездная ,42.4,Заельцовская,1978
real_estate_agent,Калининский,9.0,9.0,8.6,27.5,5500000.0,2.0, Макаренко,50.7,Заельцовская,1972
real_estate_agent,Кировский,3.0,5.0,7.0,33.0,5550000.0,2.0, Сибиряков-Гвардейцев,45.6,Площадь Маркса,1964
real_estate_agent,Железнодорожный,3.0,5.0,6.0,28.0,5530000.0,2.0,Бурлинская ,44.0,Красный Проспект,2002
real_estate_agent,Заельцовский,7.0,9.0,6.8,27.3,5500000.0,2.0, Дуси Ковальчук,43.1,Заельцовская,2022
real_estate_agent,Центральный,4.0,5.0,6.0,28.0,5500000.0,2.0, Ольги Жилиной,46.8,Маршала Покрышкина,1961
real_estate_agent,Дзержинский,10.0,10.0,5.0,29.0,5500000.0,2.0, Шекспира,43.0,Березовая Роща,2019
real_estate_agent,Кировский,6.0,9.0,12.5,27.0,5500000.0,2.0, Виктора Уса,47.0,Площадь Маркса,2017
real_estate_agent,Кировский,22.0,24.0,10.2,30.1,5500000.0,2.0, Бородина,53.6,Площадь Маркса,2022
real_estate_agent,Кировский,7.0,9.0,9.0,29.0,5500000.0,2.0, Виктора Уса,49.7,Площадь Маркса,2017
real_estate_agent,Первомайский,1.0,9.0,9.7,33.9,5500000.0,2.0, Героев Революции,54.4,Речной вокзал,1991
real_estate_agent,Центральный,1.0,5.0,6.0,29.5,5500000.0,2.0, Крылова,44.1,Маршала Покрышкина,1970
real_estate_agent,Дзержинский,11.0,11.0,9.0,30.0,5500000.0,2.0, Дениса Давыдова,55.0,Березовая Роща,1994
real_estate_agent,Ленинский,1.0,7.0,11.6,41.1,5550000.0,2.0, Станиславского,68.1,Площадь Маркса,1941
real_estate_agent,Железнодорожный,1.0,5.0,6.0,30.0,5590000.0,2.0,Сибирская ,45.0,Площадь Гарина-Михайловского,1965
real_estate_agent,Ленинский,1.0,16.0,5.0,27.4,5550000.0,2.0,Стартовая ,40.0,Спортивная,2015
real_estate_agent,Первомайский,6.0,10.0,10.0,31.0,5500000.0,2.0, Одоевского,50.2,Речной вокзал,2013
real_estate_agent,Дзержинский,6.0,9.0,9.0,27.0,5500000.0,2.0, Есенина,46.0,Золотая Нива,2019
real_estate_agent,Кировский,6.0,17.0,10.0,30.0,5500000.0,2.0,Бронная ,48.8,Площадь Маркса,2024
real_estate_agent,Кировский,2.0,5.0,7.5,28.0,5500000.0,2.0, Сибиряков-Гвардейцев,45.3,Площадь Маркса,1953
real_estate_agent,Советский,7.0,9.0,8.0,33.0,5500000.0,2.0, Экваторная,53.1,Речной вокзал,1983
real_estate_agent,Заельцовский,3.0,9.0,8.0,27.0,5500000.0,2.0, Лебедевского,51.0,Заельцовская,2022
realtor,Заельцовский,1.0,5.0,6.0,35.3,5500000.0,2.0, Дуси Ковальчук,41.3,Заельцовская,1964
realtor,Ленинский,8.0,9.0,8.0,33.1,5500000.0,2.0, Пархоменко,53.0,Площадь Маркса,1980
realtor,Центральный,2.0,5.0,6.0,38.7,5550000.0,2.0, Мичурина,44.7,Сибирская,2007
real_estate_agent,Заельцовский,5.0,5.0,5.5,31.1,5600000.0,2.0,Красный проспект,43.6,Гагаринская,2022
realtor,Октябрьский,8.0,10.0,8.0,49.6,5600000.0,2.0, Татьяны Снежиной,57.6,Золотая Нива,2011
real_estate_agent,Советский,1.0,4.0,6.0,33.0,5620000.0,2.0,бульвар Молодежи,43.8,Речной вокзал,1957
real_estate_agent,Октябрьский,9.0,15.0,15.3,21.7,5600000.0,2.0, Кирова,37.0,Речной вокзал,2023
real_estate_agent,Советский,1.0,5.0,5.7,29.6,5600000.0,2.0, Российская,42.4,Студенческая,1967
real_estate_agent,Ленинский,3.0,5.0,5.6,28.0,5600000.0,2.0, Станиславского,44.5,Площадь Маркса,1966
real_estate_agent,Калининский,4.0,9.0,8.5,26.7,5600000.0,2.0, Макаренко,50.5,Заельцовская,1973
real_estate_agent,Заельцовский,5.0,5.0,6.0,30.1,5600000.0,2.0, Кропоткина,45.0,Гагаринская,1971
real_estate_agent,Центральный,2.0,5.0,6.0,26.0,5630000.0,2.0,Красный проспект,43.4,Красный Проспект,1968
real_estate_agent,Ленинский,4.0,18.0,19.0,16.6,5600000.0,2.0,Спортивная ,51.0,Площадь Маркса,2015
real_estate_agent,Ленинский,15.0,17.0,9.0,30.0,5600000.0,2.0,Междуреченская ,52.1,Площадь Гарина-Михайловского,2021
real_estate_agent,Ленинский,5.0,7.0,6.3,27.1,5600000.0,2.0, Станиславского,41.3,Площадь Маркса,1965
real_estate_agent,Советский,4.0,5.0,5.0,28.0,5600000.0,2.0, Иванова,43.4,Студенческая,1962
real_estate_agent,Кировский,2.0,5.0,6.0,32.0,5600000.0,2.0, Сибиряков-Гвардейцев,45.7,Площадь Маркса,1963
real_estate_agent,Ленинский,5.0,5.0,6.0,27.0,5600000.0,2.0, Блюхера,42.0,Площадь Маркса,1969
real_estate_agent,Заельцовский,7.0,9.0,12.0,33.1,5600000.0,2.0, Залесского,49.2,Заельцовская,2022
real_estate_agent,Центральный,2.0,5.0,5.5,28.0,5600000.0,2.0, Гоголя,43.0,Маршала Покрышкина,1962
real_estate_agent,Железнодорожный,3.0,5.0,6.0,32.2,5600000.0,2.0, Дмитрия Шамшурина,43.6,Площадь Гарина-Михайловского,1969
real_estate_agent,Затулинский жилмассив,24.0,27.0,10.0,33.6,5600000.0,2.0, Зорге,59.1,Площадь Маркса,2023
real_estate_agent,Ленинский,4.0,4.0,5.5,29.0,5600000.0,2.0, Римского-Корсакова,48.5,Площадь Маркса,1958
real_estate_agent,Кировский,13.0,17.0,12.0,38.0,5600000.0,2.0, Петухова,56.7,Студенческая,2021
real_estate_agent,Кировский,14.0,18.0,11.0,31.0,5600000.0,2.0, Виктора Уса,60.0,Площадь Маркса,2023
real_estate_agent,Заельцовский,1.0,5.0,6.9,37.9,5600000.0,2.0,Кубовая ,44.8,Заельцовская,1974
real_estate_agent,Октябрьский,4.0,9.0,7.0,36.0,5600000.0,2.0, Никитина,47.0,Речной вокзал,1987
real_estate_agent,Заельцовский,9.0,9.0,10.7,27.1,5600000.0,2.0, Лебедевского,51.0,Заельцовская,1989
real_estate_agent,Кировский,5.0,17.0,10.8,32.7,5699000.0,2.0, Дмитрия Шмонина,59.5,Студенческая,2017
real_estate_agent,Дзержинский,5.0,5.0,6.0,30.4,5650000.0,2.0, Гоголя,50.0,Березовая Роща,1968
real_estate_agent,Центральный,5.0,5.0,6.0,30.0,5699999.0,2.0, Гоголя,46.0,Красный Проспект,1965
real_estate_agent,Советский,2.0,5.0,5.1,26.9,5700000.0,2.0, Иванова,42.4,Студенческая,1962
real_estate_agent,Первомайский,9.0,25.0,9.0,26.0,5700000.0,2.0, Ошанина,45.9,Речной вокзал,2020
real_estate_agent,Заельцовский,4.0,9.0,7.0,29.0,5700000.0,2.0,Рельсовая ,43.0,Гагаринская,1971
real_estate_agent,Ленинский,15.0,25.0,6.0,15.0,5700000.0,2.0, Костычева,28.7,Площадь Маркса,2025
real_estate_agent,Октябрьский,9.0,9.0,8.6,25.4,5700000.0,2.0,Выборная ,49.6,Речной вокзал,1999
real_estate_agent,Октябрьский,3.0,9.0,8.1,25.8,5700000.0,2.0,Большевистская ,45.1,Спортивная,1984
real_estate_agent,Дзержинский,5.0,5.0,6.0,31.0,5700000.0,2.0,проспект Дзержинского,44.1,Березовая Роща,1963
real_estate_agent,Дзержинский,5.0,5.0,5.2,29.3,5700000.0,2.0, Бориса Богаткова,42.4,Золотая Нива,1967
real_estate_agent,Ленинский,8.0,12.0,10.0,35.0,5700000.0,2.0,Троллейная ,55.0,Площадь Маркса,2007
real_estate_agent,Кировский,10.0,11.0,12.5,42.0,5700000.0,2.0, Николая Сотникова,63.2,Студенческая,2019
real_estate_agent,Железнодорожный,9.0,9.0,7.0,27.0,5700000.0,2.0,Железнодорожная ,43.1,Площадь Гарина-Михайловского,1982
real_estate_agent,Калининский,1.0,4.0,14.9,29.0,5730000.0,2.0,Народная ,55.9,Заельцовская,1952
realtor,Калининский,7.0,9.0,8.0,31.0,5700000.0,2.0, Земнухова,52.8,Заельцовская,1989
real_estate_agent,Центральный,5.0,5.0,6.5,27.0,5799000.0,2.0,Красный проспект,45.0,Красный Проспект,1968
real_estate_agent,Ленинский,7.0,17.0,11.5,32.5,5750000.0,2.0,Междуреченская ,59.6,Площадь Гарина-Михайловского,2023
real_estate_agent,Октябрьский,1.0,5.0,5.8,33.3,5770000.0,2.0, Добролюбова,44.1,Октябрьская,2020
real_estate_agent,Первомайский,2.0,5.0,10.2,23.0,5799000.0,2.0, Одоевского,53.1,Речной вокзал,2011
real_estate_agent,Кировский,16.0,22.0,12.0,18.0,5750000.0,2.0, Оловозаводская,39.5,Студенческая,2024
realtor,Октябрьский,9.0,9.0,6.9,28.1,5750000.0,2.0, Федосеева,44.2,Золотая Нива,1978
realtor,Ленинский,12.0,17.0,12.1,27.3,5750000.0,2.0, Связистов,53.8,Площадь Маркса,2024
real_estate_agent,Кировский,2.0,5.0,6.0,27.0,5800000.0,2.0, Ватутина,42.6,Площадь Маркса,2017
real_estate_agent,Центральный,6.0,9.0,7.0,28.0,5800000.0,2.0,Ипподромская ,44.9,Маршала Покрышкина,1972
real_estate_agent,Дзержинский,2.0,10.0,8.0,27.0,5800000.0,2.0, Чкалова,48.8,Березовая Роща,1997
real_estate_agent,Дзержинский,9.0,14.0,4.3,34.6,5800000.0,2.0, Коминтерна,38.9,Золотая Нива,2020
real_estate_agent,Октябрьский,5.0,7.0,8.8,39.2,5800000.0,2.0, В. Высоцкого,53.0,Золотая Нива,2010
real_estate_agent,Ленинский,15.0,17.0,12.0,30.0,5800000.0,2.0, Связистов,53.8,Площадь Маркса,2024
real_estate_agent,Центральный,2.0,5.0,5.0,37.6,5800000.0,2.0,Ипподромская ,42.6,Маршала Покрышкина,1966
real_estate_agent,Октябрьский,4.0,10.0,16.1,25.3,5840000.0,2.0, Татьяны Снежиной,61.0,Золотая Нива,2020
real_estate_agent,Кировский,4.0,5.0,7.6,21.0,5800000.0,2.0, Сибиряков-Гвардейцев,58.4,Площадь Маркса,1956
real_estate_agent,Кировский,11.0,17.0,10.0,31.0,5800000.0,2.0, Александра Чистякова,52.0,Студенческая,2021
realtor,Кировский,11.0,24.0,12.2,31.1,5800000.0,2.0, Бородина,57.5,Площадь Маркса,2025
real_estate_agent,Калининский,7.0,10.0,6.8,27.2,5800000.0,2.0, Кропоткина,43.0,Маршала Покрышкина,1987
real_estate_agent,Ленинский,1.0,11.0,9.0,43.5,5800000.0,2.0, Титова,52.5,Площадь Маркса,2014
real_estate_agent,Ленинский,2.0,19.0,15.2,15.2,5800000.0,2.0, Пархоменко,39.4,Площадь Маркса,2016
real_estate_agent,Ленинский,15.0,18.0,12.6,30.0,5850000.0,2.0,Междуреченская ,58.2,Красный Проспект,2020
real_estate_agent,Дзержинский,12.0,15.0,4.2,28.7,5890000.0,2.0, Коминтерна,47.0,Золотая Нива,2025
real_estate_agent,Дзержинский,5.0,5.0,9.0,29.0,5850000.0,2.0,проспект Дзержинского,53.6,Березовая Роща,1950
real_estate_agent,Октябрьский,2.0,10.0,10.1,36.4,5850000.0,2.0, Плющихинская,63.3,Золотая Нива,2018
real_estate_agent,Октябрьский,9.0,10.0,14.0,41.0,5870000.0,2.0, В. Высоцкого,75.3,Золотая Нива,2020
real_estate_agent,Октябрьский,2.0,10.0,9.0,39.0,5850000.0,2.0, Плющихинская,59.0,Золотая Нива,2020
real_estate_agent,Первомайский,14.0,19.0,12.5,29.5,5850000.0,2.0,Березовая ,53.8,Речной вокзал,2010
realtor,Ленинский,12.0,17.0,12.1,27.3,5890000.0,2.0, Связистов,53.0,Площадь Маркса,2024
realtor,Кировский,5.0,15.0,9.0,36.0,5850000.0,2.0, Петухова,59.44,Площадь Маркса,2017
real_estate_agent,Советский,8.0,9.0,8.0,24.7,5950000.0,2.0, Полевая,45.2,Студенческая,1994
real_estate_agent,Советский,3.0,5.0,6.0,27.4,5999000.0,2.0,бульвар Молодежи,44.1,Студенческая,1994
real_estate_agent,Октябрьский,8.0,10.0,6.4,30.3,5900000.0,2.0,Воинская ,52.4,Золотая Нива,1993
real_estate_agent,Ленинский,5.0,5.0,5.6,29.0,5950000.0,2.0,проспект Карла Маркса,44.0,Студенческая,1963
realtor,Ленинский,6.0,9.0,8.7,30.5,5900000.0,2.0,Новосибирская ,53.0,Площадь Маркса,1986
real_estate_agent,Заельцовский,1.0,5.0,5.8,30.5,5900000.0,2.0,Красный проспект,44.3,Заельцовская,1964
real_estate_agent,Дзержинский,4.0,5.0,6.0,31.2,5900000.0,2.0,проспект Дзержинского,43.3,Березовая Роща,1961
real_estate_agent,Дзержинский,4.0,9.0,7.1,27.5,5900000.0,2.0, Кошурникова,43.6,Березовая Роща,1970
real_estate_agent,Ленинский,2.0,4.0,7.0,24.8,5999000.0,2.0,Большая ,46.4,Площадь Маркса,2016
real_estate_agent,Ленинский,5.0,17.0,9.0,36.0,5989000.0,2.0,Междуреченская ,45.0,Площадь Маркса,2020
real_estate_agent,Центральный,5.0,5.0,6.0,40.1,5900000.0,2.0, Гоголя,46.1,Красный Проспект,1964
real_estate_agent,Калининский,4.0,4.0,8.3,32.0,5950000.0,2.0, Богдана Хмельницкого,56.5,Заельцовская,1957
real_estate_agent,Заельцовский,1.0,9.0,6.5,27.2,5980000.0,2.0,Линейная ,42.1,Гагаринская,1979
real_estate_agent,Заельцовский,2.0,5.0,6.0,33.0,5900000.0,2.0, Дуси Ковальчук,46.4,Заельцовская,2022
real_estate_agent,Заельцовский,6.0,9.0,7.0,28.0,5999000.0,2.0,Красный проспект,47.5,Гагаринская,1983
real_estate_agent,Ленинский,7.0,9.0,8.7,31.0,5900000.0,2.0, Немировича-Данченко,50.6,Площадь Маркса,1990
real_estate_agent,Калининский,8.0,10.0,8.0,31.0,5900000.0,2.0, Краузе,53.0,Заельцовская,2017
real_estate_agent,Калининский,2.0,5.0,6.0,28.0,5999000.0,2.0,Танковая ,45.0,Заельцовская,1964
real_estate_agent,Калининский,3.0,9.0,7.0,27.0,5900000.0,2.0, Менделеева,45.0,Заельцовская,1977
real_estate_agent,Кировский,1.0,17.0,12.3,45.599999999999994,5900000.0,2.0,Тульская ,57.9,Студенческая,2017
real_estate_agent,Первомайский,3.0,9.0,19.6,25.3,5978400.0,2.0, Радиостанция № 2,57.87,Речной вокзал,2025
real_estate_agent,Заельцовский,9.0,9.0,7.0,27.0,5940000.0,2.0,Переездная ,44.0,Заельцовская,2022
real_estate_agent,Заельцовский,1.0,17.0,9.2,48.2,5900000.0,2.0,Сухарная ,57.4,Площадь Гарина-Михайловского,2022
real_estate_agent,Заельцовский,1.0,5.0,6.7,25.0,5950000.0,2.0,Линейная ,42.8,Гагаринская,2022
real_estate_agent,Ленинский,5.0,10.0,8.8,30.8,5999000.0,2.0,Троллейная ,54.0,Площадь Маркса,1994
real_estate_agent,Советский,4.0,6.0,9.3,37.3,5950000.0,2.0, Боровая Партия,65.3,Студенческая,1994
real_estate_agent,Дзержинский,9.0,9.0,6.9,27.5,5999000.0,2.0, Красина,43.4,Березовая Роща,2019
real_estate_agent,Октябрьский,4.0,5.0,6.0,33.0,5900000.0,2.0,Гурьевская ,46.0,Речной вокзал,2020
real_estate_agent,Кировский,3.0,25.0,6.0,27.9,5950000.0,2.0,Беловежская ,47.5,Площадь Маркса,2021
real_estate_agent,Ленинский,3.0,13.0,9.6,32.0,5950000.0,2.0, Юности,51.83,Площадь Маркса,2021
realtor,Кировский,10.0,10.0,8.9,31.6,5990000.0,2.0, Ватутина,51.0,Площадь Маркса,1995
realtor,Кировский,1.0,10.0,8.5,52.5,5990000.0,2.0, Зорге,61.0,Площадь Маркса,2008
real_estate_agent,Калининский,10.0,17.0,12.9,25.0,5900000.0,2.0,Тайгинская ,50.5,Заельцовская,2023
real_estate_agent,Заельцовский,8.0,9.0,8.0,35.0,6000000.0,2.0,Красный проспект,49.5,Заельцовская,1965
real_estate_agent,Железнодорожный,2.0,5.0,6.0,25.5,6000000.0,2.0, Ленина,41.1,Площадь Гарина-Михайловского,2002
real_estate_agent,Ленинский,5.0,5.0,6.0,28.0,6000000.0,2.0, Ватутина,41.2,Площадь Маркса,1961
real_estate_agent,Первомайский,9.0,17.0,14.2,30.5,6000000.0,2.0, Одоевского,59.1,Речной вокзал,2011
real_estate_agent,Калининский,8.0,9.0,8.0,33.0,6000000.0,2.0, Кочубея,53.9,Заельцовская,1991
real_estate_agent,Железнодорожный,5.0,5.0,5.6,27.6,6000000.0,2.0, Челюскинцев,43.5,Красный Проспект,1968
real_estate_agent,Ленинский,7.0,10.0,22.2,21.0,6000000.0,2.0,Волховская ,50.2,Площадь Маркса,2010
real_estate_agent,Центральный,2.0,5.0,5.8,30.2,6000000.0,2.0, Ольги Жилиной,44.1,Маршала Покрышкина,1965
real_estate_agent,Октябрьский,1.0,9.0,7.0,29.3,6000000.0,2.0, Бориса Богаткова,46.5,Золотая Нива,1980
real_estate_agent,Калининский,9.0,10.0,9.5,38.8,6000000.0,2.0, Лейтенанта Амосова,53.3,Заельцовская,2019
real_estate_agent,Октябрьский,5.0,10.0,9.0,31.0,6000000.0,2.0, В. Высоцкого,54.0,Золотая Нива,2020
real_estate_agent,Железнодорожный,8.0,9.0,7.0,27.0,6000000.0,2.0, Челюскинцев,45.0,Площадь Гарина-Михайловского,1979
real_estate_agent,Кировский,6.0,11.0,11.0,30.0,6000000.0,2.0, Сибиряков-Гвардейцев,56.3,Площадь Маркса,2012
real_estate_agent,Кировский,20.0,21.0,18.8,25.8,6000000.0,2.0,Тульская ,46.9,Студенческая,2025
real_estate_agent,Железнодорожный,6.0,9.0,5.2,27.4,6000000.0,2.0, 1905 года,44.0,Гагаринская,2002
real_estate_agent,Ленинский,15.0,17.0,10.9,32.7,6000000.0,2.0,Междуреченская ,63.4,Площадь Гарина-Михайловского,2024
real_estate_agent,Ленинский,2.0,3.0,10.0,37.0,6000000.0,2.0, Халтурина,55.4,Площадь Маркса,2015
real_estate_agent,Первомайский,1.0,9.0,5.4,40.9,6000000.0,2.0, Героев Революции,46.3,Речной вокзал,2013
real_estate_agent,Калининский,2.0,9.0,6.8,26.7,6000000.0,2.0, Менделеева,42.4,Заельцовская,2017
real_estate_agent,Калининский,1.0,17.0,17.1,35.8,6000000.0,2.0, Тюленина,55.3,Заельцовская,2011
real_estate_agent,Ленинский,4.0,5.0,7.0,28.0,6049000.0,2.0, Блюхера,42.3,Студенческая,1963
real_estate_agent,Октябрьский,8.0,9.0,7.7,29.2,6000000.0,2.0,Выборная ,51.1,Речной вокзал,1987
realtor,Кировский,7.0,10.0,10.5,41.2,6000000.0,2.0, Зорге,63.8,Площадь Маркса,2008
real_estate_agent,Заельцовский,5.0,5.0,5.7,30.7,6090000.0,2.0,Красный проспект,43.0,Гагаринская,1967
real_estate_agent,Первомайский,9.0,9.0,5.3,24.2,6080000.0,2.0, Заречная,44.5,Спортивная,2016
real_estate_agent,Заельцовский,4.0,5.0,6.0,26.0,6050000.0,2.0, Михаила Перевозчикова,44.6,Заельцовская,2022
real_estate_agent,Октябрьский,9.0,10.0,12.2,33.2,6100000.0,2.0, Татьяны Снежиной,58.0,Золотая Нива,2012
real_estate_agent,Заельцовский,3.0,5.0,8.0,29.0,6100000.0,2.0,Ельцовская ,51.2,Площадь Гарина-Михайловского,2022
real_estate_agent,Центральный,5.0,5.0,6.2,30.6,6140000.0,2.0, Крылова,42.9,Красный Проспект,1963
real_estate_agent,Ленинский,3.0,5.0,5.9,38.0,6100000.0,2.0, Пархоменко,60.2,Площадь Маркса,1945
real_estate_agent,Ленинский,5.0,5.0,5.7,28.7,6100000.0,2.0,проспект Карла Маркса,43.0,Площадь Маркса,2015
real_estate_agent,Дзержинский,4.0,10.0,8.0,28.0,6100000.0,2.0, Есенина,50.0,Золотая Нива,1998
real_estate_agent,Заельцовский,4.0,9.0,7.0,26.4,6100000.0,2.0,Линейная ,42.6,Гагаринская,2022
realtor,Советский,1.0,9.0,8.0,27.0,6100000.0,2.0, Полевая,47.0,Студенческая,1984
real_estate_agent,Заельцовский,3.0,5.0,5.9,31.2,6140000.0,2.0,Красный проспект,46.8,Заельцовская,1964
real_estate_agent,Заельцовский,1.0,10.0,9.0,23.9,6100000.0,2.0,Кубовая ,42.7,Заельцовская,2022
realtor,Ленинский,10.0,10.0,9.3,30.0,6100000.0,2.0, Титова,52.5,Площадь Маркса,2012
real_estate_agent,Дзержинский,5.0,5.0,15.0,33.5,6150000.0,2.0,Трикотажная ,61.0,Березовая Роща,2019
real_estate_agent,Кировский,14.0,17.0,13.5,17.0,6180000.0,2.0,Пригородная ,43.0,Площадь Маркса,2020
real_estate_agent,Октябрьский,3.0,5.0,8.7,28.2,6150000.0,2.0,Выборная ,53.1,Речной вокзал,1982
real_estate_agent,Железнодорожный,1.0,9.0,6.9,30.0,6150000.0,2.0,Железнодорожная ,44.1,Площадь Гарина-Михайловского,1980
real_estate_agent,Дзержинский,3.0,5.0,7.0,35.0,6190000.0,2.0,проспект Дзержинского,57.7,Березовая Роща,2019
real_estate_agent,Калининский,3.0,4.0,7.6,31.5,6190000.0,2.0, Богдана Хмельницкого,55.4,Заельцовская,2017
real_estate_agent,Дзержинский,4.0,5.0,6.0,33.0,6200000.0,2.0,проспект Дзержинского,45.3,Березовая Роща,2019
real_estate_agent,Заельцовский,5.0,13.0,20.0,16.0,6200000.0,2.0, Лобачевского,46.9,Заельцовская,2018
real_estate_agent,Дзержинский,2.0,5.0,9.1,28.6,6200000.0,2.0,проспект Дзержинского,54.6,Березовая Роща,2019
real_estate_agent,Заельцовский,2.0,25.0,14.7,16.7,6200000.0,2.0,Сухарная ,40.2,Площадь Гарина-Михайловского,2022
real_estate_agent,Ленинский,4.0,10.0,11.3,30.0,6200000.0,2.0, Романтиков,52.3,Площадь Маркса,2019
real_estate_agent,Заельцовский,8.0,19.0,19.4,50.8,6261950.0,2.0, Дуси Ковальчук,75.75,Заельцовская,2022
real_estate_agent,Кировский,10.0,10.0,10.5,38.0,6200000.0,2.0, Петухова,58.2,Площадь Маркса,2017
real_estate_agent,Ленинский,2.0,6.0,14.3,29.4,6200000.0,2.0, Романтиков,57.8,Площадь Маркса,2015
real_estate_agent,Кировский,4.0,5.0,9.0,35.0,6250000.0,2.0, Ватутина,57.0,Площадь Маркса,2017
real_estate_agent,Калининский,8.0,17.0,14.0,39.9,6260000.0,2.0, Фадеева,53.9,Заельцовская,2016
real_estate_agent,Кировский,18.0,21.0,8.0,38.0,6200000.0,2.0,Тульская ,46.0,Студенческая,2025
real_estate_agent,Железнодорожный,5.0,5.0,6.0,29.4,6250000.0,2.0,проспект Димитрова,40.4,Площадь Ленина,1934
real_estate_agent,Октябрьский,6.0,10.0,13.7,42.0,6200000.0,2.0, В. Высоцкого,75.6,Золотая Нива,2009
real_estate_agent,Дзержинский,2.0,9.0,7.0,38.1,6249000.0,2.0, Фрунзе,45.1,Березовая Роща,1975
real_estate_agent,Кировский,6.0,17.0,17.8,22.3,6200000.0,2.0, Сибиряков-Гвардейцев,57.4,Площадь Маркса,2017
real_estate_agent,Советский,1.0,3.0,25.0,20.0,6299000.0,2.0,Садовый проезд,54.0,Студенческая,2020
real_estate_agent,Ленинский,7.0,13.0,10.7,29.5,6200000.0,2.0, Романтиков,58.2,Площадь Маркса,2017
real_estate_agent,Первомайский,7.0,25.0,14.0,13.0,6250000.0,2.0, Заречная,38.5,Спортивная,2023
real_estate_agent,Кировский,17.0,17.0,20.0,35.0,6200000.0,2.0, Дмитрия Шмонина,59.5,Студенческая,2017
realtor,Кировский,21.0,21.0,22.6,12.1,6290000.0,2.0,Тульская ,47.4,Студенческая,2017
real_estate_agent,Кировский,1.0,5.0,7.0,31.0,6300000.0,2.0, Сибиряков-Гвардейцев,55.7,Площадь Маркса,1956
real_estate_agent,Ленинский,5.0,5.0,6.0,30.0,6300000.0,2.0, Блюхера,44.0,Площадь Маркса,2015
real_estate_agent,Кировский,10.0,19.0,10.9,32.3,6300000.0,2.0, Дмитрия Шмонина,59.0,Студенческая,2017
real_estate_agent,Ленинский,2.0,5.0,6.0,30.0,6300000.0,2.0, Пермитина,45.7,Площадь Маркса,1964
real_estate_agent,Железнодорожный,2.0,10.0,9.0,25.0,6300000.0,2.0,Октябрьская ,47.0,Площадь Ленина,2002
real_estate_agent,Заельцовский,8.0,9.0,6.8,27.5,6300000.0,2.0, Дуси Ковальчук,43.1,Гагаринская,1981
real_estate_agent,Октябрьский,3.0,10.0,8.3,38.0,6300000.0,2.0, Виталия Потылицына,58.0,Золотая Нива,2014
real_estate_agent,Калининский,7.0,10.0,7.4,27.7,6325000.0,2.0, Кропоткина,43.7,Маршала Покрышкина,1988
real_estate_agent,Ленинский,5.0,17.0,14.1,29.2,6300000.0,2.0, Связистов,56.0,Площадь Маркса,2025
real_estate_agent,Октябрьский,5.0,10.0,12.1,33.5,6300000.0,2.0, Татьяны Снежиной,57.6,Золотая Нива,2011
real_estate_agent,Октябрьский,5.0,5.0,8.0,30.0,6300000.0,2.0, Кирова,50.0,Октябрьская,1957
real_estate_agent,Ленинский,9.0,17.0,13.1,17.3,6300000.0,2.0,Рельефная ,42.5,Студенческая,2024
real_estate_agent,Октябрьский,8.0,19.0,7.0,27.0,6300000.0,2.0, Никитина,43.3,Золотая Нива,2023
real_estate_agent,Железнодорожный,1.0,5.0,6.6,33.0,6300000.0,2.0, Урицкого,51.4,Площадь Ленина,1935
realtor,Калининский,4.0,18.0,11.600000000000001,46.400000000000006,6300000.0,2.0,Игарская ,58.0,Заельцовская,2017
real_estate_agent,Советский,1.0,4.0,6.0,39.7,6350000.0,2.0,Золотодолинская ,45.7,Студенческая,1994
real_estate_agent,Кировский,4.0,16.0,21.4,19.9,6450000.0,2.0,Тульская ,41.3,Студенческая,2019
real_estate_agent,Дзержинский,1.0,16.0,15.0,27.0,6490000.0,2.0, Адриена Лежена,42.0,Золотая Нива,2009
real_estate_agent,Калининский,8.0,9.0,9.0,31.0,6450000.0,2.0, Мясниковой,56.1,Заельцовская,2016
real_estate_agent,Калининский,1.0,10.0,13.4,27.0,6400000.0,2.0, Мясниковой,57.4,Заельцовская,2014
real_estate_agent,Заельцовский,4.0,5.0,8.1,30.0,6470000.0,2.0,Ельцовская ,53.0,Площадь Гарина-Михайловского,2000
real_estate_agent,Заельцовский,5.0,5.0,8.0,32.8,6400000.0,2.0,Красный проспект,53.9,Заельцовская,1956
real_estate_agent,Заельцовский,1.0,17.0,7.1,37.1,6449000.0,2.0, Аэропорт,44.2,Заельцовская,2023
realtor,Заельцовский,1.0,12.0,10.200000000000001,40.800000000000004,6450000.0,2.0,Охотская ,51.0,Заельцовская,2023
real_estate_agent,Калининский,8.0,9.0,7.0,27.5,6450000.0,2.0, Менделеева,42.5,Березовая Роща,1980
real_estate_agent,Ленинский,10.0,11.0,9.0,32.0,6470000.0,2.0, Титова,53.0,Площадь Маркса,2012
realtor,Кировский,1.0,9.0,8.0,28.2,6400000.0,2.0, Станиславского,49.0,Площадь Маркса,1992
realtor,Октябрьский,5.0,27.0,10.0,29.8,6400000.0,2.0, В. Высоцкого,56.7,Золотая Нива,2010
real_estate_agent,Ленинский,13.0,20.0,5.1,29.2,6500000.0,2.0, Плахотного,49.9,Площадь Маркса,2021
real_estate_agent,Заельцовский,3.0,9.0,7.0,26.3,6500000.0,2.0,Линейная ,42.6,Гагаринская,1979
real_estate_agent,Ленинский,2.0,26.0,18.0,15.0,6500000.0,2.0, Ясный Берег,40.3,Площадь Ленина,2018
real_estate_agent,Кировский,3.0,18.0,11.08,44.32,6500000.0,2.0, Николая Сотникова,55.4,Студенческая,2017
real_estate_agent,Железнодорожный,3.0,5.0,6.3,28.3,6500000.0,2.0,Советская ,46.3,Площадь Ленина,1952
real_estate_agent,Советский,1.0,9.0,6.6,27.1,6500000.0,2.0, Молодости,52.0,Площадь Маркса,1994
real_estate_agent,Кировский,2.0,26.0,8.0,26.0,6500000.0,2.0, Аникина,47.2,Студенческая,2017
real_estate_agent,Калининский,6.0,10.0,11.8,31.6,6500000.0,2.0, Макаренко,57.2,Заельцовская,2010
real_estate_agent,Октябрьский,8.0,10.0,13.6,42.0,6500000.0,2.0, Татьяны Снежиной,75.5,Золотая Нива,2010
real_estate_agent,Кировский,6.0,26.0,5.0,35.0,6500000.0,2.0, Аникина,46.0,Студенческая,2026
real_estate_agent,Ленинский,9.0,10.0,8.0,36.0,6500000.0,2.0, Танкистов,52.3,Студенческая,1992
real_estate_agent,Калининский,8.0,10.0,7.0,28.0,6500000.0,2.0, Кропоткина,43.3,Маршала Покрышкина,1988
real_estate_agent,Калининский,3.0,3.0,10.0,29.0,6500000.0,2.0,Народная ,57.0,Заельцовская,1950
real_estate_agent,Ленинский,5.0,17.0,13.3,31.0,6500000.0,2.0, Связистов,57.0,Площадь Маркса,2025
real_estate_agent,Ленинский,4.0,10.0,8.8,30.6,6500000.0,2.0, Плахотного,53.2,Площадь Маркса,2004
real_estate_agent,Кировский,1.0,18.0,8.0,60.0,6500000.0,2.0,Пригородная ,85.9,Площадь Маркса,2020
real_estate_agent,Октябрьский,15.0,19.0,5.0,31.5,6500000.0,2.0, Михаила Кулагина,36.5,Золотая Нива,2018
real_estate_agent,Дзержинский,8.0,10.0,5.8,29.0,6500000.0,2.0, Адриена Лежена,43.9,Золотая Нива,1970
real_estate_agent,Ленинский,8.0,12.0,6.2,30.7,6500000.0,2.0, Немировича-Данченко,50.6,Площадь Маркса,1981
real_estate_agent,Ленинский,12.0,17.0,7.0,26.0,6500000.0,2.0, Титова,48.5,Площадь Маркса,2023
real_estate_agent,Октябрьский,3.0,10.0,14.0,42.0,6500000.0,2.0, Татьяны Снежиной,76.0,Золотая Нива,2016
realtor,Кировский,2.0,5.0,10.0,35.0,6509000.0,2.0,Пригородная ,58.0,Площадь Маркса,2014
real_estate_agent,Советский,4.0,5.0,6.0,30.3,6500000.0,2.0, Российская,44.0,Студенческая,1971
real_estate_agent,Калининский,4.0,9.0,10.0,30.0,6500000.0,2.0, Мясниковой,60.0,Заельцовская,2017
real_estate_agent,Ленинский,9.0,18.0,9.3,31.0,6500000.0,2.0, Ивана Севастьянова,55.0,Площадь Маркса,2022
real_estate_agent,Кировский,13.0,15.0,8.0,33.0,6500000.0,2.0, Петухова,58.5,Студенческая,2017
real_estate_agent,Кировский,6.0,24.0,18.8,27.3,6500000.0,2.0, Петухова,59.8,Спортивная,2023
real_estate_agent,Центральный,2.0,5.0,6.0,27.5,6500000.0,2.0, Крылова,43.5,Маршала Покрышкина,2007
real_estate_agent,Железнодорожный,5.0,5.0,8.5,30.0,6500000.0,2.0,Нарымская ,45.0,Площадь Гарина-Михайловского,1983
real_estate_agent,Ленинский,10.0,18.0,9.3,25.3,6500000.0,2.0,Спортивная ,50.4,Площадь Маркса,2015
real_estate_agent,Ленинский,3.0,10.0,13.0,24.0,6500000.0,2.0, Романтиков,48.9,Площадь Маркса,2019
real_estate_agent,Заельцовский,3.0,12.0,7.0,36.5,6500000.0,2.0,Красный проспект,43.5,Заельцовская,2022
realtor,Советский,3.0,3.0,15.0,35.0,6500000.0,2.0, Сиреневая,69.2,Студенческая,2009
realtor,Дзержинский,4.0,12.0,11.5,27.9,6500000.0,2.0,Учительская ,50.2,Березовая Роща,2019
real_estate_agent,Центральный,1.0,5.0,8.0,35.1,6550000.0,2.0, Семьи Шамшиных,55.3,Маршала Покрышкина,1960
real_estate_agent,Октябрьский,12.0,17.0,24.1,31.0,6560000.0,2.0,Вилюйская ,55.1,Речной вокзал,2010
real_estate_agent,Дзержинский,5.0,14.0,6.0,44.0,6550000.0,2.0, Коминтерна,50.0,Золотая Нива,2020
real_estate_agent,Заельцовский,10.0,10.0,10.0,29.0,6590000.0,2.0,Кубовая ,49.0,Заельцовская,2022
real_estate_agent,Калининский,7.0,10.0,9.3,31.5,6586000.0,2.0, Гребенщикова,56.5,Заельцовская,2008
real_estate_agent,Заельцовский,8.0,9.0,12.3,33.0,6580000.0,2.0, Дуси Ковальчук,59.1,Площадь Гарина-Михайловского,1977
real_estate_agent,Заельцовский,2.0,6.0,6.7,32.5,6560000.0,2.0,Красный проспект,56.4,Заельцовская,1959
real_estate_agent,Советский,1.0,3.0,6.0,30.0,6600000.0,2.0, Терешковой,42.9,Студенческая,1959
real_estate_agent,Заельцовский,7.0,9.0,7.0,27.5,6600000.0,2.0, Дуси Ковальчук,43.2,Гагаринская,1981
real_estate_agent,Заельцовский,4.0,10.0,9.0,35.0,6600000.0,2.0,Кубовая ,49.0,Заельцовская,2022
real_estate_agent,Железнодорожный,3.0,3.0,6.0,36.0,6600000.0,2.0,Железнодорожная ,54.0,Площадь Гарина-Михайловского,2002
real_estate_agent,Железнодорожный,9.0,9.0,5.8,22.0,6600000.0,2.0, Челюскинцев,35.2,Площадь Гарина-Михайловского,1971
real_estate_agent,Ленинский,5.0,20.0,18.6,31.799999999999997,6649999.0,2.0, Титова,50.4,Площадь Маркса,2022
real_estate_agent,Кировский,16.0,16.0,21.0,28.0,6600000.0,2.0, Зорге,63.9,Площадь Маркса,2011
real_estate_agent,Кировский,5.0,18.0,18.0,32.2,6600000.0,2.0, Зорге,50.2,Площадь Маркса,2021
realtor,Заельцовский,9.0,13.0,21.9,18.2,6600000.0,2.0, Аэропорт,54.1,Заельцовская,2020
real_estate_agent,Ленинский,4.0,9.0,9.3,31.0,6700000.0,2.0, Титова,54.9,Площадь Маркса,2021
real_estate_agent,Ленинский,5.0,5.0,6.7,34.6,6700000.0,2.0, Пархоменко,55.4,Площадь Маркса,1949
real_estate_agent,Кировский,3.0,11.0,12.0,35.0,6700000.0,2.0, Герцена,60.0,Студенческая,2017
real_estate_agent,Заельцовский,6.0,9.0,6.8,27.1,6700000.0,2.0,Линейная ,42.4,Гагаринская,1979
real_estate_agent,Ленинский,9.0,24.0,15.0,16.0,6700000.0,2.0, Пархоменко,45.2,Площадь Маркса,2025
real_estate_agent,Калининский,3.0,10.0,9.3,31.4,6700000.0,2.0, Гребенщикова,56.3,Заельцовская,2007
real_estate_agent,Калининский,12.0,16.0,11.0,27.700000000000003,6699000.0,2.0,Красный проспект,38.7,Заельцовская,2019
real_estate_agent,Калининский,2.0,4.0,7.0,42.2,6700000.0,2.0, Богдана Хмельницкого,58.6,Заельцовская,1952
real_estate_agent,Калининский,7.0,10.0,9.3,31.2,6700000.0,2.0, Тюленина,56.4,Заельцовская,2017
real_estate_agent,Ленинский,4.0,8.0,5.0,22.1,6690000.0,2.0, Титова,36.6,Площадь Маркса,2025
real_estate_agent,Центральный,5.0,5.0,6.5,30.0,6700000.0,2.0, Мичурина,46.0,Сибирская,2007
real_estate_agent,Центральный,5.0,5.0,7.0,30.0,6700000.0,2.0, Мичурина,49.0,Красный Проспект,1955
real_estate_agent,Железнодорожный,3.0,12.0,8.7,29.5,6700000.0,2.0, 1905 года,52.5,Площадь Гарина-Михайловского,1994
real_estate_agent,Октябрьский,18.0,19.0,7.0,48.1,6700000.0,2.0, Виталия Потылицына,71.5,Золотая Нива,2015
real_estate_agent,Заельцовский,6.0,9.0,6.8,27.1,6700000.0,2.0,Линейная ,42.4,Гагаринская,2022
real_estate_agent,Первомайский,24.0,25.0,9.0,25.4,6700000.0,2.0, Заречная,44.0,Спортивная,2013
real_estate_agent,Калининский,2.0,9.0,7.0,29.0,6700000.0,2.0, Кропоткина,46.0,Маршала Покрышкина,1986
real_estate_agent,Октябрьский,7.0,10.0,14.0,41.0,6700000.0,2.0, В. Высоцкого,76.0,Золотая Нива,2009
real_estate_agent,Октябрьский,13.0,17.0,10.8,44.5,6690000.0,2.0,Вилюйская ,74.65,Речной вокзал,2024
real_estate_agent,Заельцовский,4.0,5.0,5.2,31.2,6700000.0,2.0, Михаила Перевозчикова,44.5,Заельцовская,1968
realtor,Калининский,4.0,17.0,15.0,36.4,6680000.0,2.0,Тайгинская ,51.4,Заельцовская,2023
realtor,Заельцовский,3.0,5.0,6.0,28.0,6700000.0,2.0,Красный проспект,43.0,Гагаринская,1965
realtor,Октябрьский,2.0,8.0,16.1,39.8,6700000.0,2.0,2-я Высокогорная ,55.9,Речной вокзал,2025
real_estate_agent,Центральный,7.0,9.0,6.0,22.0,6750000.0,2.0,Красный проспект,34.3,Красный Проспект,2007
real_estate_agent,Ленинский,24.0,27.0,13.2,37.0,6750000.0,2.0,Волховская ,63.8,Площадь Маркса,2016
real_estate_agent,Советский,11.0,26.0,11.5,31.0,6750000.0,2.0,Приморская ,57.3,Студенческая,2015
real_estate_agent,Ленинский,12.0,16.0,11.8,16.9,6750000.0,2.0, Забалуева,43.2,Студенческая,2015
real_estate_agent,Центральный,4.0,9.0,7.0,25.0,6800000.0,2.0,Трудовая ,41.2,Площадь Ленина,1971
real_estate_agent,Центральный,2.0,5.0,6.0,30.0,6800000.0,2.0, Гоголя,45.1,Маршала Покрышкина,1962
real_estate_agent,Октябрьский,3.0,10.0,9.0,32.0,6800000.0,2.0, Шевченко,55.2,Октябрьская,1991
real_estate_agent,Ленинский,11.0,17.0,15.0,22.0,6890000.0,2.0, Плахотного,45.0,Площадь Маркса,2020
real_estate_agent,Первомайский,11.0,25.0,18.8,32.2,6800000.0,2.0, Ошанина,63.5,Речной вокзал,2022
real_estate_agent,Калининский,1.0,5.0,6.0,26.0,6870000.0,2.0,Народная ,45.0,Заельцовская,1962
real_estate_agent,Кировский,8.0,11.0,9.0,32.0,6850000.0,2.0, Сибиряков-Гвардейцев,53.1,Площадь Маркса,2014
real_estate_agent,Ленинский,2.0,4.0,5.0,30.0,6800000.0,2.0, Плахотного,42.5,Площадь Маркса,2015
real_estate_agent,Октябрьский,10.0,11.0,12.0,28.0,6850000.0,2.0, В. Высоцкого,58.0,Золотая Нива,2012
real_estate_agent,Кировский,8.0,10.0,25.0,24.0,6800000.0,2.0, Александра Чистякова,63.7,Студенческая,2024
real_estate_agent,Железнодорожный,4.0,9.0,7.0,30.0,6800000.0,2.0,Железнодорожная ,45.0,Площадь Гарина-Михайловского,1981
real_estate_agent,Октябрьский,9.0,9.0,7.0,27.0,6800000.0,2.0, Бориса Богаткова,45.3,Золотая Нива,1972
real_estate_agent,Октябрьский,2.0,27.0,12.0,34.2,6800000.0,2.0, В. Высоцкого,62.8,Золотая Нива,2010
real_estate_agent,Дзержинский,5.0,5.0,19.0,30.0,6800000.0,2.0, Авиастроителей,58.4,Березовая Роща,1957
real_estate_agent,Советский,1.0,4.0,6.0,30.0,6850000.0,2.0,Золотодолинская ,44.3,Студенческая,1962
real_estate_agent,Кировский,9.0,10.0,8.4,32.6,6800000.0,2.0, Громова,53.0,Площадь Маркса,2005
real_estate_agent,Заельцовский,7.0,26.0,3.0,38.0,6800000.0,2.0,Красный проспект,46.5,Заельцовская,2025
real_estate_agent,Ленинский,10.0,18.0,12.1,29.6,6800000.0,2.0,Междуреченская ,58.61,Площадь Гарина-Михайловского,2024
real_estate_agent,Калининский,1.0,10.0,11.0,33.0,6800000.0,2.0,Народная ,55.0,Заельцовская,2012
real_estate_agent,Ленинский,6.0,17.0,16.0,30.0,6849000.0,2.0, Забалуева,65.7,Площадь Маркса,2015
real_estate_agent,Октябрьский,5.0,10.0,9.0,35.0,6800000.0,2.0,Лазурная ,52.0,Золотая Нива,2020
real_estate_agent,Октябрьский,2.0,17.0,10.0,27.8,6800000.0,2.0,Вилюйская ,56.7,Речной вокзал,2010
realtor,Кировский,9.0,10.0,10.0,36.7,6800000.0,2.0, Зорге,63.5,Площадь Маркса,2008
real_estate_agent,Центральный,9.0,10.0,6.8,28.0,6900000.0,2.0,Серебренниковская ,44.0,Октябрьская,1988
real_estate_agent,Заельцовский,3.0,6.0,5.9,26.5,6900000.0,2.0,Красный проспект,40.6,Гагаринская,1968
real_estate_agent,Заельцовский,9.0,10.0,8.8,31.7,6900000.0,2.0,Красный проспект,53.2,Заельцовская,1988
real_estate_agent,Кировский,15.0,16.0,10.8,36.9,6900000.0,2.0, Гэсстроевская,62.6,Студенческая,2014
real_estate_agent,Дзержинский,7.0,9.0,7.0,29.0,6900000.0,2.0, Фрунзе,45.0,Березовая Роща,1975
real_estate_agent,Железнодорожный,6.0,9.0,6.7,27.1,6900000.0,2.0,Железнодорожная ,42.7,Площадь Гарина-Михайловского,1981
real_estate_agent,Ленинский,3.0,9.0,8.7,27.6,6900000.0,2.0,Степная ,55.0,Площадь Маркса,1981
real_estate_agent,Советский,6.0,9.0,8.9,27.3,6900000.0,2.0, Полевая,51.7,Студенческая,1991
real_estate_agent,Калининский,2.0,5.0,8.5,55.7,6900000.0,2.0, Богдана Хмельницкого,77.2,Заельцовская,2017
real_estate_agent,Дзержинский,3.0,10.0,5.5,26.0,6990000.0,2.0, Шекспира,44.8,Березовая Роща,2019
real_estate_agent,Дзержинский,8.0,9.0,6.0,30.0,6980000.0,2.0, Кошурникова,43.5,Березовая Роща,1970
real_estate_agent,Заельцовский,4.0,9.0,9.0,33.0,6999000.0,2.0,Линейная ,47.0,Гагаринская,2022
real_estate_agent,Центральный,1.0,10.0,9.0,42.0,6999999.0,2.0,Ипподромская ,51.0,Маршала Покрышкина,2015
real_estate_agent,Октябрьский,1.0,3.0,10.0,46.0,6990000.0,2.0, Кирова,56.0,Речной вокзал,2012
real_estate_agent,Советский,8.0,10.0,9.2,33.0,6950000.0,2.0, Печатников,54.3,Студенческая,2005
real_estate_agent,Железнодорожный,2.0,5.0,6.0,30.0,6999000.0,2.0,Советская ,43.0,Площадь Ленина,1963
realtor,Дзержинский,20.0,22.0,7.0,37.0,6990000.0,2.0, Есенина,57.0,Золотая Нива,2023
real_estate_agent,Октябрьский,4.0,10.0,12.0,36.7,7000000.0,2.0, Плющихинская,63.7,Золотая Нива,2019
real_estate_agent,Октябрьский,24.0,25.0,13.9,17.4,7050000.0,2.0, Никитина,44.3,Октябрьская,2024
real_estate_agent,Октябрьский,10.0,10.0,6.0,35.9,7000000.0,2.0, Татьяны Снежиной,60.7,Золотая Нива,2021
real_estate_agent,Советский,8.0,9.0,8.0,27.0,7000000.0,2.0, Иванова,49.0,Студенческая,1979
real_estate_agent,Ленинский,8.0,14.0,9.0,35.0,7000000.0,2.0, Титова,51.2,Площадь Маркса,2013
real_estate_agent,Октябрьский,10.0,10.0,7.7,25.6,7000000.0,2.0, Гаранина,44.7,Золотая Нива,1991
real_estate_agent,Калининский,4.0,10.0,14.4,19.0,7000000.0,2.0, Дунаевского,46.1,Заельцовская,2019
real_estate_agent,Октябрьский,2.0,25.0,5.1,38.699999999999996,7050000.0,2.0,Рябиновая ,43.8,Речной вокзал,2021
real_estate_agent,Центральный,9.0,9.0,8.0,29.0,7000000.0,2.0, Гоголя,46.0,Маршала Покрышкина,1983
real_estate_agent,Октябрьский,9.0,10.0,8.9,30.9,7000000.0,2.0, Федосеева,51.5,Золотая Нива,1995
real_estate_agent,Калининский,2.0,17.0,18.3,38.4,7000000.0,2.0, Фадеева,73.9,Заельцовская,2015
real_estate_agent,Железнодорожный,2.0,5.0,8.2,38.9,7000000.0,2.0,проспект Димитрова,55.9,Красный Проспект,1959
real_estate_agent,Калининский,8.0,12.0,10.9,32.5,7000000.0,2.0,Красный проспект,57.4,Заельцовская,2020
real_estate_agent,Заельцовский,13.0,21.0,29.3,52.0,7060100.0,2.0, Дуси Ковальчук,87.35,Заельцовская,2022
real_estate_agent,Кировский,2.0,17.0,17.8,35.0,7000000.0,2.0, Сибиряков-Гвардейцев,59.0,Площадь Маркса,2024
real_estate_agent,Центральный,4.0,6.0,6.0,33.0,7000000.0,2.0, Достоевского,58.0,Красный Проспект,1955
real_estate_agent,Железнодорожный,8.0,9.0,7.0,29.3,7000000.0,2.0, Ленина,47.7,Площадь Гарина-Михайловского,1975
real_estate_agent,Ленинский,8.0,17.0,9.8,32.1,7000000.0,2.0,Широкая ,55.6,Площадь Маркса,2009
real_estate_agent,Октябрьский,16.0,27.0,12.600000000000001,50.400000000000006,7000000.0,2.0, В. Высоцкого,63.0,Золотая Нива,2020
real_estate_agent,Кировский,17.0,18.0,18.0,31.5,7000000.0,2.0, Александра Чистякова,68.9,Площадь Маркса,2022
realtor,Калининский,5.0,10.0,8.7,30.0,7000000.0,2.0, Мясниковой,53.2,Заельцовская,2014
real_estate_agent,Калининский,13.0,13.0,6.2,37.0,7100000.0,2.0,Родники мкр,60.4,Заельцовская,2027
real_estate_agent,Заельцовский,2.0,10.0,10.0,27.0,7120000.0,2.0,Кубовая ,43.8,Заельцовская,2015
real_estate_agent,Ленинский,11.0,13.0,14.0,29.0,7100000.0,2.0, Романтиков,51.9,Площадь Маркса,2015
real_estate_agent,Кировский,15.0,17.0,15.0,40.0,7100000.0,2.0, Александра Чистякова,62.9,Площадь Маркса,2023
real_estate_agent,Советский,1.0,4.0,5.8,30.5,7149000.0,2.0, Академическая,45.9,Студенческая,1964
real_estate_agent,Ленинский,4.0,9.0,10.0,35.0,7100000.0,2.0,Троллейная ,59.6,Площадь Маркса,2001
real_estate_agent,Октябрьский,7.0,17.0,9.9,38.7,7200000.0,2.0, В. Высоцкого,65.3,Золотая Нива,2014
real_estate_agent,Ленинский,9.0,16.0,12.2,39.5,7200000.0,2.0,Волховская ,65.1,Площадь Маркса,2023
real_estate_agent,Октябрьский,4.0,17.0,10.4,46.2,7150000.0,2.0,Вилюйская ,70.4,Речной вокзал,2020
real_estate_agent,Ленинский,5.0,5.0,6.0,31.7,7200000.0,2.0, Ватутина,43.6,Площадь Маркса,2015
real_estate_agent,Заельцовский,2.0,6.0,7.3,30.5,7200000.0,2.0, Медкадры,51.5,Заельцовская,2022
real_estate_agent,Ленинский,2.0,5.0,10.0,38.0,7200000.0,2.0, Станиславского,69.2,Студенческая,1943
real_estate_agent,Советский,8.0,9.0,9.0,43.0,7200000.0,2.0, Полевая,52.0,Студенческая,1982
real_estate_agent,Дзержинский,11.0,25.0,17.0,14.0,7150000.0,2.0, Авиастроителей,41.57,Березовая Роща,2026
real_estate_agent,Кировский,14.0,18.0,13.9,29.3,7200000.0,2.0, Александра Чистякова,56.7,Студенческая,2019
real_estate_agent,Октябрьский,1.0,10.0,8.8,30.8,7220000.0,2.0, Шевченко,53.2,Октябрьская,1991
real_estate_agent,Ленинский,3.0,10.0,9.2,43.4,7150000.0,2.0,Колхидская ,66.0,Площадь Маркса,2009
real_estate_agent,Ленинский,4.0,5.0,5.7,28.1,7200000.0,2.0,проспект Карла Маркса,42.3,Студенческая,1960
real_estate_agent,Кировский,9.0,10.0,25.0,24.0,7200000.0,2.0, Александра Чистякова,63.0,Студенческая,2023
real_estate_agent,Октябрьский,7.0,12.0,9.4,32.0,7200000.0,2.0, Ключ-Камышенское плато,56.3,Речной вокзал,2012
real_estate_agent,Кировский,1.0,4.0,10.0,32.0,7200000.0,2.0, Гэсстроевская,58.3,Студенческая,2014
real_estate_agent,Заельцовский,11.0,26.0,19.5,14.0,7200000.0,2.0,Красный проспект,47.08,Заельцовская,2022
real_estate_agent,Первомайский,13.0,17.0,21.0,20.0,7200000.0,2.0, Баумана,54.0,Речной вокзал,2013
real_estate_agent,Кировский,8.0,17.0,16.0,27.0,7200000.0,2.0, Зорге,61.35,Площадь Маркса,2017
real_estate_agent,Первомайский,7.0,8.0,12.7,38.7,7200000.0,2.0,Первомайская ,51.4,Спортивная,2025
realtor,Октябрьский,4.0,9.0,7.0,36.1,7190000.0,2.0,Ленинградская ,43.1,Речной вокзал,1971
real_estate_agent,Советский,7.0,9.0,7.9,33.1,7250000.0,2.0, Арбузова,53.0,Студенческая,1981
real_estate_agent,Первомайский,14.0,25.0,10.0,25.0,7290000.0,2.0, Заречная,44.7,Спортивная,2013
realtor,Ленинский,26.0,27.0,16.0,13.0,7250000.0,2.0, Ясный Берег,40.2,Площадь Гарина-Михайловского,2019
real_estate_agent,Кировский,3.0,4.0,9.3,41.0,7300000.0,2.0, Федора Горячева,68.8,Студенческая,2014
real_estate_agent,Ленинский,5.0,9.0,8.2,29.8,7300000.0,2.0, Титова,58.6,Площадь Маркса,1978
real_estate_agent,Центральный,3.0,5.0,9.3,44.1,7300000.0,2.0,Красный проспект,60.0,Площадь Ленина,1958
real_estate_agent,Октябрьский,15.0,17.0,13.0,31.0,7300000.0,2.0,Вилюйская ,58.0,Речной вокзал,2020
real_estate_agent,Железнодорожный,3.0,17.0,17.1,11.5,7300000.0,2.0,Фабричная ,36.6,Площадь Гарина-Михайловского,2023
real_estate_agent,Центральный,2.0,6.0,5.0,30.0,7300000.0,2.0,Серебренниковская ,48.0,Площадь Ленина,2007
real_estate_agent,Ленинский,4.0,9.0,13.0,31.0,7300000.0,2.0,Пермская ,58.0,Площадь Маркса,2015
real_estate_agent,Октябрьский,1.0,10.0,25.0,37.5,7300000.0,2.0,Выборная ,74.0,Речной вокзал,2010
real_estate_agent,Советский,3.0,9.0,6.3,25.8,7350000.0,2.0, Героев Труда,42.0,Студенческая,1969
real_estate_agent,Ленинский,13.0,22.0,12.0,16.5,7400000.0,2.0, Костычева,38.6,Площадь Маркса,2019
real_estate_agent,Калининский,16.0,17.0,13.8,30.9,7400000.0,2.0, Мясниковой,65.0,Заельцовская,2020
real_estate_agent,Октябрьский,16.0,25.0,11.3,34.1,7350000.0,2.0,Закаменский мкр,60.2,Березовая Роща,2024
real_estate_agent,Октябрьский,19.0,19.0,11.4,32.5,7350000.0,2.0,Выборная ,59.3,Речной вокзал,2020
real_estate_agent,Калининский,4.0,24.0,13.3,33.0,7350000.0,2.0, Тюленина,69.3,Заельцовская,2014
real_estate_agent,Калининский,5.0,15.0,5.1,26.8,7395000.0,2.0, Объединения,54.4,Заельцовская,2025
real_estate_agent,Калининский,4.0,17.0,12.0,33.0,7400000.0,2.0, Гребенщикова,65.0,Заельцовская,2017
real_estate_agent,Октябрьский,7.0,25.0,12.0,34.1,7350000.0,2.0,Закаменский мкр,62.92,Березовая Роща,2024
realtor,Ленинский,3.0,6.0,24.1,30.7,7400000.0,2.0, Надежды,72.0,Площадь Маркса,2016
real_estate_agent,Октябрьский,17.0,17.0,16.7,19.599999999999998,7400000.0,2.0, Добролюбова,36.3,Золотая Нива,2009
real_estate_agent,Ленинский,13.0,14.0,13.6,43.5,7350000.0,2.0, Титова,74.3,Площадь Маркса,2025
real_estate_agent,Октябрьский,16.0,16.0,9.3,33.7,7480000.0,2.0, Панфиловцев,66.8,Золотая Нива,2020
real_estate_agent,Калининский,8.0,10.0,12.0,36.0,7499999.0,2.0, Гребенщикова,67.7,Заельцовская,2009
real_estate_agent,Октябрьский,7.0,18.0,12.2,28.0,7490000.0,2.0,Лазурная ,53.5,Золотая Нива,2014
real_estate_agent,Кировский,5.0,10.0,10.3,31.0,7450000.0,2.0, Петухова,53.3,Площадь Маркса,2010
real_estate_agent,Советский,2.0,4.0,6.0,27.0,7500000.0,2.0, Академическая,44.0,Студенческая,1994
real_estate_agent,Октябрьский,8.0,18.0,9.5,30.0,7500000.0,2.0,Красносельская ,51.7,Золотая Нива,2018
real_estate_agent,Калининский,6.0,17.0,7.8,36.7,7500000.0,2.0, Краузе,66.4,Заельцовская,2017
real_estate_agent,Железнодорожный,2.0,11.0,9.7,50.3,7500000.0,2.0,Владимировская ,60.0,Площадь Гарина-Михайловского,2006
real_estate_agent,Октябрьский,7.0,11.0,7.8,38.0,7590000.0,2.0,Обская ,53.4,Речной вокзал,2002
real_estate_agent,Заельцовский,1.0,13.0,10.5,31.0,7500000.0,2.0, Аэропорт,53.4,Заельцовская,2020
real_estate_agent,Кировский,1.0,16.0,9.0,28.0,7500000.0,2.0, Сержанта Коротаева,48.0,Студенческая,2013
real_estate_agent,Октябрьский,7.0,19.0,16.0,32.4,7500000.0,2.0,Выборная ,65.0,Речной вокзал,2013
real_estate_agent,Октябрьский,17.0,25.0,5.2,23.1,7500000.0,2.0, Кирова,45.7,Октябрьская,2024
real_estate_agent,Железнодорожный,9.0,9.0,6.8,23.7,7550000.0,2.0,Нарымская ,42.2,Красный Проспект,1981
real_estate_agent,Октябрьский,14.0,25.0,10.0,34.8,7500000.0,2.0,Закаменский мкр,61.1,Березовая Роща,2024
real_estate_agent,Дзержинский,7.0,14.0,9.8,34.3,7520000.0,2.0, Есенина,67.3,Золотая Нива,2019
real_estate_agent,Ленинский,7.0,17.0,12.0,23.6,7500000.0,2.0,63/1,47.1,Студенческая,2010
real_estate_agent,Железнодорожный,4.0,9.0,6.0,42.0,7500000.0,2.0, Челюскинцев,48.0,Площадь Гарина-Михайловского,1969
real_estate_agent,Дзержинский,9.0,26.0,20.0,25.0,7550000.0,2.0, Коминтерна,50.5,Золотая Нива,2021
real_estate_agent,Советский,1.0,2.0,16.6,27.9,7500000.0,2.0,бульвар Молодежи,53.5,Студенческая,1994
real_estate_agent,Советский,7.0,10.0,9.0,29.9,7500000.0,2.0, Экваторная,53.0,Речной вокзал,2011
real_estate_agent,Октябрьский,7.0,10.0,8.6,30.0,7500000.0,2.0, Федосеева,50.0,Золотая Нива,1995
real_estate_agent,Советский,4.0,5.0,6.0,27.0,7500000.0,2.0, Иванова,44.0,Студенческая,1967
real_estate_agent,Ленинский,9.0,11.0,9.3,30.0,7500000.0,2.0,Спортивная ,55.8,Студенческая,2012
real_estate_agent,Советский,1.0,10.0,8.0,30.0,7500000.0,2.0, Иванова,51.0,Студенческая,1990
real_estate_agent,Октябрьский,13.0,17.0,8.0,26.0,7500000.0,2.0, Гаранина,46.0,Золотая Нива,2022
real_estate_agent,Кировский,4.0,5.0,6.0,30.0,7500000.0,2.0,Новогодняя ,42.0,Площадь Маркса,1964
real_estate_agent,Октябрьский,6.0,27.0,10.0,34.0,7500000.0,2.0,Закаменский мкр,59.9,Золотая Нива,2024
real_estate_agent,Дзержинский,7.0,9.0,23.7,16.8,7600000.0,2.0, Кошурникова,45.5,Березовая Роща,1970
real_estate_agent,Первомайский,15.0,18.0,14.3,30.3,7624110.0,2.0, Заречная,56.7,Спортивная,2025
real_estate_agent,Заельцовский,6.0,8.0,3.6,21.2,7600000.0,2.0,Красный проспект,35.4,Заельцовская,2026
real_estate_agent,Октябрьский,5.0,9.0,6.8,28.4,7600000.0,2.0, Бориса Богаткова,43.2,Золотая Нива,1972
real_estate_agent,Ленинский,9.0,17.0,16.0,29.9,7635000.0,2.0, Забалуева,65.75,Студенческая,2015
real_estate_agent,Калининский,3.0,17.0,13.8,30.7,7700000.0,2.0,Красный проспект,60.2,Заельцовская,2021
real_estate_agent,Октябрьский,8.0,10.0,16.0,38.0,7700000.0,2.0,Выборная ,70.0,Речной вокзал,2020
real_estate_agent,Первомайский,9.0,10.0,10.4,31.8,7700000.0,2.0,Первомайская ,56.2,Спортивная,2011
real_estate_agent,Железнодорожный,9.0,9.0,8.2,27.0,7700000.0,2.0,Сибирская ,46.7,Площадь Гарина-Михайловского,1987
real_estate_agent,Заельцовский,2.0,24.0,10.0,24.0,7700000.0,2.0,Красный проспект,49.0,Заельцовская,2022
real_estate_agent,Калининский,7.0,13.0,13.8,31.1,7700000.0,2.0, Фадеева,60.8,Заельцовская,2025
real_estate_agent,Советский,6.0,8.0,12.5,38.7,7700000.0,2.0,Приморская ,70.5,Студенческая,2016
real_estate_agent,Железнодорожный,5.0,11.0,9.0,33.0,7700000.0,2.0,Владимировская ,63.0,Площадь Гарина-Михайловского,2010
realtor,Ленинский,4.0,11.0,9.0,38.0,7700000.0,2.0, Танкистов,60.0,Студенческая,1999
real_estate_agent,Ленинский,9.0,25.0,20.3,35.3,7800000.0,2.0, Забалуева,71.08,Площадь Маркса,2022
real_estate_agent,Ленинский,2.0,6.0,10.4,40.0,7800000.0,2.0, Пархоменко,71.7,Площадь Маркса,1945
real_estate_agent,Ленинский,8.0,17.0,10.0,33.0,7800000.0,2.0, Ясный Берег,55.0,Площадь Ленина,2017
real_estate_agent,Октябрьский,5.0,9.0,9.8,32.0,7800000.0,2.0,Выборная ,52.7,Речной вокзал,2015
real_estate_agent,Центральный,5.0,10.0,9.0,30.6,7790000.0,2.0, Писарева,53.1,Маршала Покрышкина,1998
real_estate_agent,Октябрьский,15.0,18.0,25.4,30.0,7750000.0,2.0, Виталия Потылицына,71.7,Золотая Нива,2016
real_estate_agent,Октябрьский,4.0,5.0,18.3,24.1,7800000.0,2.0,Зеленый Бор мкр,55.4,Речной вокзал,2005
real_estate_agent,Дзержинский,12.0,25.0,19.1,14.7,7750000.0,2.0, Королева,47.0,Березовая Роща,2025
real_estate_agent,Ленинский,10.0,29.0,20.0,56.0,7800000.0,2.0,Волховская ,76.0,Площадь Маркса,2016
real_estate_agent,Октябрьский,9.0,20.0,20.0,25.0,7750000.0,2.0,Ленинградская ,49.7,Речной вокзал,2025
real_estate_agent,Октябрьский,8.0,10.0,8.8,30.7,7799999.0,2.0, Толстого,50.3,Октябрьская,1991
real_estate_agent,Железнодорожный,16.0,24.0,5.2,27.1,7800000.0,2.0, Прибрежная,45.5,Площадь Гарина-Михайловского,2002
real_estate_agent,Октябрьский,9.0,10.0,10.0,23.0,7750000.0,2.0,Выборная ,56.4,Речной вокзал,2007
real_estate_agent,Первомайский,1.0,10.0,13.0,40.0,7830000.0,2.0, Марии Ульяновой,70.3,Речной вокзал,2007
real_estate_agent,Калининский,2.0,12.0,13.0,28.0,7800000.0,2.0, Имени генерал-майора А.Н. Рожкина,54.0,Заельцовская,2017
realtor,Первомайский,14.0,18.0,7.0,44.0,7800000.0,2.0, Марата,56.9,Речной вокзал,2015
real_estate_agent,Ленинский,15.0,18.0,15.0,19.0,7850000.0,2.0, Станиславского,36.8,Площадь Маркса,2023
realtor,Центральный,9.0,9.0,5.1,27.0,7850000.0,2.0, Гоголя,43.3,Маршала Покрышкина,1966
realtor,Дзержинский,4.0,18.0,12.5,29.5,7870000.0,2.0, Коминтерна,56.1,Золотая Нива,2022
real_estate_agent,Октябрьский,3.0,23.0,13.0,29.0,7900000.0,2.0,2-я Воинская ,57.3,Золотая Нива,2024
real_estate_agent,Советский,4.0,4.0,6.0,30.0,7900000.0,2.0, Академическая,46.0,Студенческая,1964
real_estate_agent,Октябрьский,1.0,10.0,25.0,35.6,7900000.0,2.0,Выборная ,70.1,Речной вокзал,2010
real_estate_agent,Первомайский,10.0,10.0,10.0,28.3,7900000.0,2.0,Первомайская ,50.0,Речной вокзал,2012
real_estate_agent,Ленинский,6.0,11.0,9.0,35.0,7999000.0,2.0, Танкистов,62.6,Студенческая,1999
real_estate_agent,Ленинский,3.0,10.0,8.0,31.2,7900000.0,2.0, Блюхера,52.9,Студенческая,2001
real_estate_agent,Ленинский,11.0,18.0,5.0,25.0,7900000.0,2.0,Геодезическая ,42.0,Студенческая,2009
real_estate_agent,Октябрьский,14.0,18.0,9.5,30.0,7950000.0,2.0,Красносельская ,51.9,Золотая Нива,2018
real_estate_agent,Кировский,8.0,18.0,14.0,32.0,7900000.0,2.0, Александра Чистякова,57.2,Студенческая,2019
real_estate_agent,Заельцовский,11.0,17.0,6.0,27.0,7950000.0,2.0, Аэропорт,44.1,Заельцовская,2023
real_estate_agent,Первомайский,15.0,18.0,10.4,34.8,7900000.0,2.0, Героев Революции,57.0,Речной вокзал,2016
real_estate_agent,Октябрьский,5.0,27.0,9.0,34.0,7900000.0,2.0,Закаменский мкр,67.5,Золотая Нива,2024
realtor,Октябрьский,2.0,15.0,12.0,48.0,7900000.0,2.0, В. Высоцкого,60.0,Золотая Нива,2015
real_estate_agent,Дзержинский,2.0,10.0,23.8,22.3,8000000.0,2.0, Новая Заря,69.4,Березовая Роща,2005
real_estate_agent,Ленинский,11.0,14.0,11.7,50.0,8000000.0,2.0, Пархоменко,73.3,Площадь Маркса,2015
real_estate_agent,Советский,1.0,4.0,6.0,25.0,8000000.0,2.0,проспект Морской,44.0,Студенческая,1960
real_estate_agent,Октябрьский,7.0,25.0,5.0,38.4,8000000.0,2.0,Рябиновая ,43.4,Речной вокзал,2021
real_estate_agent,Центральный,1.0,10.0,8.6,31.0,8000000.0,2.0, Селезнева,50.2,Березовая Роща,1986
real_estate_agent,Центральный,2.0,10.0,7.3,28.2,8000000.0,2.0,Каменская ,45.6,Площадь Ленина,1983
real_estate_agent,Октябрьский,7.0,9.0,12.5,32.1,8000000.0,2.0,Пролетарская ,62.4,Речной вокзал,2014
real_estate_agent,Октябрьский,4.0,17.0,8.6,31.4,8000000.0,2.0, Кирова,52.5,Речной вокзал,2020
real_estate_agent,Октябрьский,19.0,25.0,16.0,14.0,8000000.0,2.0, Лескова,39.2,Октябрьская,2016
real_estate_agent,Октябрьский,10.0,12.0,7.0,28.2,8000000.0,2.0,Гурьевская ,48.0,Октябрьская,1983
real_estate_agent,Дзержинский,3.0,14.0,9.0,30.0,8000000.0,2.0, Коминтерна,56.0,Золотая Нива,2020
real_estate_agent,Ленинский,9.0,18.0,12.5,35.6,8000000.0,2.0,Широкая ,66.5,Площадь Маркса,2009
realtor,Ленинский,5.0,19.0,9.8,39.2,8000000.0,2.0, Ясный Берег,49.0,Площадь Маркса,2015
real_estate_agent,Заельцовский,2.0,6.0,30.3,26.3,8100000.0,2.0,1-е Мочищенское шоссе,81.1,Заельцовская,2012
real_estate_agent,Октябрьский,16.0,27.0,9.0,34.9,8120000.0,2.0,Закаменский мкр,68.0,Березовая Роща,2020
real_estate_agent,Дзержинский,6.0,25.0,16.8,10.2,8100000.0,2.0, Кошурникова,36.6,Золотая Нива,2019
real_estate_agent,Октябрьский,19.0,25.0,11.0,40.0,8100000.0,2.0,Закаменский мкр,61.5,Березовая Роща,2020
real_estate_agent,Первомайский,2.0,18.0,14.3,30.0,8119700.0,2.0, Заречная,57.0,Спортивная,2013
real_estate_agent,Ленинский,6.0,15.0,12.0,39.9,8100000.0,2.0, Немировича-Данченко,64.7,Площадь Маркса,2013
real_estate_agent,Заельцовский,3.0,10.0,13.5,26.8,8100000.0,2.0,Ельцовская ,57.6,Гагаринская,2009
real_estate_agent,Кировский,3.0,17.0,18.0,30.0,8100000.0,2.0, Сибиряков-Гвардейцев,57.1,Площадь Маркса,2023
real_estate_agent,Заельцовский,14.0,19.0,7.5,22.5,8100000.0,2.0, Аэропорт,50.6,Заельцовская,2023
realtor,Заельцовский,4.0,5.0,8.3,29.0,8088000.0,2.0,Ельцовская ,52.0,Площадь Гарина-Михайловского,2000
real_estate_agent,Октябрьский,13.0,19.0,11.3,32.8,8200000.0,2.0,Красносельская ,56.5,Золотая Нива,2018
real_estate_agent,Дзержинский,2.0,17.0,20.0,20.0,8200000.0,2.0, Адриена Лежена,50.0,Золотая Нива,2010
real_estate_agent,Заельцовский,5.0,28.0,14.0,17.3,8200000.0,2.0,Сухарная ,36.29,Площадь Гарина-Михайловского,2026
real_estate_agent,Заельцовский,8.0,25.0,18.0,16.0,8162000.0,2.0, Дуси Ковальчук,42.29,Заельцовская,2026
real_estate_agent,Ленинский,1.0,17.0,14.0,34.0,8200000.0,2.0,63/1,61.5,Студенческая,2009
real_estate_agent,Калининский,5.0,16.0,10.4,27.8,8200000.0,2.0, Столетова,53.4,Заельцовская,2023
real_estate_agent,Дзержинский,6.0,20.0,22.2,10.5,8180000.0,2.0, Королева,43.7,Золотая Нива,2019
real_estate_agent,Кировский,12.0,25.0,5.0,33.2,8200000.0,2.0, Сержанта Коротаева,56.3,Площадь Маркса,2022
real_estate_agent,Железнодорожный,2.0,9.0,16.3,15.9,8200000.0,2.0, Вокзальная магистраль,39.2,Площадь Гарина-Михайловского,1984
real_estate_agent,Калининский,3.0,12.0,13.4,39.800000000000004,8200000.0,2.0, Имени генерал-майора А.Н. Рожкина,53.2,Заельцовская,2023
real_estate_agent,Кировский,14.0,18.0,22.1,31.6,8200000.0,2.0,Пригородная ,67.7,Студенческая,2024
real_estate_agent,Кировский,2.0,16.0,20.7,23.3,8250000.0,2.0, Петухова,60.0,Студенческая,2017
real_estate_agent,Заельцовский,3.0,13.0,12.0,40.2,8250000.0,2.0, Лобачевского,57.2,Заельцовская,2018
real_estate_agent,Октябрьский,11.0,26.0,15.0,36.0,8297000.0,2.0,Большевистская ,70.8,Речной вокзал,2021
realtor,Заельцовский,23.0,25.0,25.0,18.0,8250000.0,2.0,Красногорская ,43.0,Заельцовская,2025
real_estate_agent,Советский,7.0,8.0,5.0,25.7,8250000.0,2.0,бульвар Молодежи,42.4,Студенческая,2024
real_estate_agent,Советский,2.0,9.0,8.0,32.6,8300000.0,2.0, Демакова,53.3,Студенческая,1994
real_estate_agent,Первомайский,2.0,9.0,11.0,31.0,8300000.0,2.0, Заречная,66.0,Речной вокзал,2013
real_estate_agent,Железнодорожный,7.0,9.0,9.0,32.0,8300000.0,2.0, Вокзальная магистраль,50.4,Площадь Гарина-Михайловского,1984
real_estate_agent,Заельцовский,3.0,24.0,15.0,31.8,8300000.0,2.0, Галущака,63.1,Гагаринская,2015
real_estate_agent,Заельцовский,5.0,5.0,23.3,12.9,8300000.0,2.0,Дачная ,41.8,Заельцовская,1963
real_estate_agent,Дзержинский,5.0,12.0,8.7,29.4,8300000.0,2.0, Есенина,51.5,Золотая Нива,2019
real_estate_agent,Первомайский,2.0,19.0,14.5,34.6,8300000.0,2.0, Заречная,65.3,Спортивная,2014
real_estate_agent,Калининский,13.0,17.0,13.8,30.9,8350000.0,2.0, Мясниковой,60.5,Заельцовская,2020
real_estate_agent,Калининский,12.0,16.0,8.0,40.5,8300000.0,2.0,Красный проспект,56.4,Заельцовская,2017
real_estate_agent,Калининский,6.0,17.0,9.0,38.3,8300000.0,2.0, Олеко Дундича,52.3,Березовая Роща,2017
real_estate_agent,Октябрьский,27.0,28.0,12.9,36.7,8300000.0,2.0,Вилюйская ,69.0,Речной вокзал,2016
real_estate_agent,Октябрьский,8.0,11.0,10.0,35.0,8300000.0,2.0,Выборная ,57.4,Речной вокзал,2004
real_estate_agent,Заельцовский,23.0,25.0,20.0,36.3,8300000.0,2.0,Светлановская ,61.3,Заельцовская,2023
real_estate_agent,Центральный,10.0,14.0,13.0,75.0,8300000.0,1.0, Максима Горького,88.0,Площадь Ленина,2007
real_estate_agent,Кировский,9.0,18.0,11.0,33.0,8300000.0,2.0, Зорге,58.0,Площадь Маркса,2021
real_estate_agent,Калининский,11.0,11.0,25.0,41.599999999999994,8400000.0,2.0,Тайгинская ,66.6,Заельцовская,2023
real_estate_agent,Октябрьский,17.0,25.0,5.2,23.1,8400000.0,2.0, Кирова,46.1,Октябрьская,2024
real_estate_agent,Калининский,11.0,17.0,9.8,36.4,8400000.0,2.0, Краузе,60.0,Заельцовская,2010
real_estate_agent,Центральный,4.0,5.0,7.0,32.3,8450000.0,2.0,Ядринцевская ,52.0,Площадь Ленина,2007
real_estate_agent,Октябрьский,11.0,25.0,15.0,35.0,8499000.0,2.0,Большевистская ,71.0,Речной вокзал,2022
real_estate_agent,Заельцовский,24.0,29.0,13.3,27.2,8498000.0,2.0,Сухарная ,58.5,Площадь Гарина-Михайловского,2024
real_estate_agent,Калининский,5.0,15.0,16.1,29.6,8500000.0,2.0,Тайгинская ,65.0,Заельцовская,2023
realtor,Октябрьский,9.0,15.0,8.5,59.0,8500000.0,2.0,Вилюйская ,67.5,Речной вокзал,2016
real_estate_agent,Калининский,8.0,17.0,18.6,37.3,8500000.0,2.0,Красный проспект,60.9,Заельцовская,2021
real_estate_agent,Советский,2.0,9.0,7.1,30.3,8500000.0,2.0, Терешковой,47.1,Студенческая,1973
real_estate_agent,Заельцовский,4.0,24.0,10.0,35.0,8500000.0,2.0, Дуси Ковальчук,77.4,Заельцовская,2022
real_estate_agent,Дзержинский,14.0,17.0,5.0,34.6,8500000.0,2.0, Николая Островского,39.6,Березовая Роща,2022
real_estate_agent,Первомайский,8.0,14.0,30.0,42.0,8500000.0,2.0, Героев Революции,72.0,Спортивная,2004
real_estate_agent,Октябрьский,10.0,18.0,15.0,28.0,8500000.0,2.0,Красносельская ,56.7,Золотая Нива,2018
real_estate_agent,Октябрьский,1.0,10.0,10.0,30.0,8500000.0,2.0,Большевистская ,54.0,Речной вокзал,2014
real_estate_agent,Ленинский,14.0,14.0,12.0,32.0,8500000.0,2.0,Троллейная ,67.5,Площадь Маркса,2015
real_estate_agent,Советский,3.0,8.0,21.0,39.7,8500000.0,2.0,Приморская ,72.09,Студенческая,2016
real_estate_agent,Октябрьский,5.0,15.0,18.0,34.0,8500000.0,2.0,Вилюйская ,67.6,Речной вокзал,2016
real_estate_agent,Центральный,2.0,5.0,6.0,30.0,8500000.0,2.0, Мичурина,44.7,Площадь Ленина,1964
real_estate_agent,Дзержинский,6.0,30.0,7.0,30.6,8500000.0,2.0, Фрунзе,49.2,Березовая Роща,2019
real_estate_agent,Октябрьский,7.0,15.0,23.0,30.0,8550000.0,2.0,Воинская ,63.0,Золотая Нива,2024
real_estate_agent,Центральный,2.0,10.0,9.0,28.0,8600000.0,2.0,Депутатская ,52.1,Площадь Ленина,1986
realtor,Дзержинский,12.0,21.0,8.0,41.0,8550000.0,2.0, Есенина,59.9,Золотая Нива,2019
real_estate_agent,Октябрьский,13.0,16.0,8.2,39.3,8550000.0,2.0, В. Высоцкого,60.9,Золотая Нива,2020
real_estate_agent,Первомайский,2.0,12.0,16.0,32.0,8600000.0,2.0, Заречная,62.8,Речной вокзал,2016
realtor,Калининский,18.0,24.0,20.0,49.099999999999994,8600000.0,2.0, Тюленина,69.1,Заельцовская,2015
real_estate_agent,Первомайский,12.0,19.0,14.3,34.8,8650000.0,2.0, Заречная,65.1,Спортивная,2014
real_estate_agent,Октябрьский,5.0,14.0,12.0,34.0,8700000.0,2.0,Воинская ,68.2,Золотая Нива,2024
real_estate_agent,Дзержинский,5.0,5.0,9.6,25.8,8700000.0,2.0,проспект Дзержинского,55.0,Березовая Роща,1953
real_estate_agent,Октябрьский,8.0,12.0,9.6,38.9,8700000.0,2.0, В. Высоцкого,65.8,Золотая Нива,2014
real_estate_agent,Калининский,3.0,10.0,10.0,39.4,8699000.0,2.0,Красный проспект,49.4,Заельцовская,2021
real_estate_agent,Центральный,5.0,10.0,8.7,30.6,8700000.0,2.0,Депутатская ,54.0,Площадь Ленина,1986
real_estate_agent,Ленинский,4.0,18.0,12.4,31.0,8700000.0,2.0, Немировича-Данченко,57.8,Студенческая,2015
real_estate_agent,Октябрьский,14.0,17.0,13.9,32.3,8700000.0,2.0,Военная ,62.7,Октябрьская,2011
real_estate_agent,Октябрьский,12.0,17.0,7.0,36.5,8765999.0,2.0,Закаменский мкр,51.0,Березовая Роща,2024
real_estate_agent,Заельцовский,24.0,25.0,16.0,29.0,8799000.0,2.0,Кавалерийская ,45.0,Заельцовская,2021
real_estate_agent,Кировский,11.0,17.0,12.0,40.0,8750000.0,2.0,Тульская ,67.0,Студенческая,2021
real_estate_agent,Калининский,4.0,6.0,12.4,28.3,8750000.0,2.0, Богдана Хмельницкого,56.0,Заельцовская,2011
real_estate_agent,Кировский,5.0,5.0,10.1,30.0,8800000.0,2.0, Сибиряков-Гвардейцев,54.4,Площадь Маркса,2017
real_estate_agent,Заельцовский,10.0,18.0,21.0,27.1,8800000.0,2.0, Аэропорт,67.1,Заельцовская,2024
real_estate_agent,Заельцовский,10.0,21.0,8.0,30.0,8800000.0,2.0, Дуси Ковальчук,51.0,Заельцовская,2022
real_estate_agent,Центральный,9.0,10.0,8.7,31.0,8800000.0,2.0,Депутатская ,53.1,Площадь Ленина,1986
real_estate_agent,Заельцовский,19.0,19.0,8.3,25.0,8800000.0,2.0,Дачная ,43.5,Заельцовская,2013
real_estate_agent,Первомайский,6.0,10.0,10.0,35.0,8800000.0,2.0, Героев Революции,62.0,Речной вокзал,2015
real_estate_agent,Центральный,8.0,10.0,5.0,52.1,8800000.0,2.0, Ломоносова,67.8,Маршала Покрышкина,1998
realtor,Заельцовский,5.0,10.0,15.0,38.9,8800000.0,2.0,Кубовая ,53.9,Заельцовская,2021
real_estate_agent,Октябрьский,8.0,29.0,23.0,35.0,8900000.0,2.0,Вилюйская ,64.5,Речной вокзал,2015
real_estate_agent,Дзержинский,21.0,25.0,14.0,13.0,8999000.0,2.0,Закаменский мкр,40.0,Березовая Роща,2024
real_estate_agent,Октябрьский,14.0,25.0,11.6,32.4,8900000.0,2.0,Закаменский мкр,59.4,Березовая Роща,2011
real_estate_agent,Дзержинский,10.0,17.0,13.0,31.2,8900000.0,2.0, Николая Островского,58.0,Березовая Роща,2021
real_estate_agent,Ленинский,13.0,25.0,11.0,32.5,8900000.0,2.0, Костычева,56.7,Площадь Маркса,2017
real_estate_agent,Центральный,3.0,4.0,7.0,30.0,8980000.0,2.0,Каменская ,52.0,Площадь Ленина,1956
real_estate_agent,Заельцовский,9.0,17.0,5.0,23.1,8990000.0,2.0, Аэропорт,39.1,Заельцовская,2024
real_estate_agent,Заельцовский,2.0,25.0,10.6,29.3,8990000.0,2.0,Красногорская ,53.55,Заельцовская,2026
real_estate_agent,Дзержинский,15.0,22.0,7.0,22.0,8900000.0,2.0, Коминтерна,56.8,Золотая Нива,2024
real_estate_agent,Железнодорожный,5.0,17.0,15.5,33.0,8900000.0,2.0,Железнодорожная ,63.1,Гагаринская,2002
real_estate_agent,Заельцовский,11.0,19.0,6.0,35.0,8999000.0,2.0, Аэропорт,46.0,Заельцовская,2024
realtor,Октябрьский,8.0,20.0,10.0,25.0,8900000.0,2.0,2-я Обская ,48.0,Речной вокзал,2020
real_estate_agent,Железнодорожный,2.0,9.0,10.0,35.0,9000000.0,2.0,Депутатская ,54.3,Площадь Гарина-Михайловского,2002
realtor,Центральный,3.0,5.0,10.0,33.0,9000000.0,2.0,Красный проспект,64.0,Красный Проспект,1939
realtor,Октябрьский,1.0,11.0,16.0,36.5,9000000.0,2.0,Большевистская ,52.5,Речной вокзал,2014
real_estate_agent,Ленинский,6.0,25.0,4.0,24.8,9000000.0,2.0, Костычева,53.0,Площадь Маркса,2025
real_estate_agent,Ленинский,16.0,18.0,19.0,17.0,9000000.0,2.0, Серафимовича,51.7,Площадь Маркса,2026
real_estate_agent,Заельцовский,1.0,10.0,6.0,25.0,9000000.0,2.0, Жуковского,43.8,Заельцовская,1987
real_estate_agent,Кировский,20.0,25.0,17.4,25.5,9000000.0,2.0, Немировича-Данченко,47.9,Площадь Маркса,2025
real_estate_agent,Ленинский,12.0,25.0,13.0,21.8,9000000.0,2.0, Костычева,46.8,Площадь Маркса,2025
real_estate_agent,Октябрьский,5.0,11.0,12.6,43.8,9000000.0,2.0,Обская ,76.6,Речной вокзал,2002
real_estate_agent,Ленинский,8.0,10.0,11.3,50.0,9000000.0,2.0,Фасадная ,79.7,Площадь Маркса,2012
real_estate_agent,Советский,3.0,9.0,8.6,32.6,9000000.0,2.0, Демакова,53.3,Студенческая,2000
real_estate_agent,Первомайский,16.0,18.0,25.0,25.0,9000000.0,2.0, Героев Революции,64.8,Спортивная,2013
real_estate_agent,Заельцовский,15.0,19.0,7.5,30.2,9000000.0,2.0, Аэропорт,62.4,Заельцовская,2023
real_estate_agent,Заельцовский,15.0,24.0,13.0,42.9,9000000.0,2.0,Сухарная ,72.9,Площадь Гарина-Михайловского,2021
real_estate_agent,Октябрьский,25.0,27.0,12.0,37.0,9000000.0,2.0,Вилюйская ,64.0,Речной вокзал,2016
real_estate_agent,Ленинский,2.0,17.0,15.0,31.0,9100000.0,2.0,Стартовая ,51.0,Спортивная,2015
real_estate_agent,Октябрьский,16.0,24.0,17.0,18.0,9100000.0,2.0, Владимира Заровного,55.0,Октябрьская,2022
real_estate_agent,Октябрьский,20.0,23.0,13.0,29.0,9100000.0,2.0,2-я Воинская ,58.0,Золотая Нива,2025
real_estate_agent,Октябрьский,4.0,17.0,10.0,34.0,9100000.0,2.0, Кирова,54.0,Октябрьская,2007
realtor,Октябрьский,18.0,26.0,11.0,40.0,9100000.0,2.0,Большевистская ,51.0,Речной вокзал,2021
real_estate_agent,Железнодорожный,8.0,15.0,4.0,30.0,9200000.0,2.0,Фабричная ,41.1,Площадь Гарина-Михайловского,2022
real_estate_agent,Октябрьский,8.0,9.0,5.0,47.2,9200000.0,2.0,Большевистская ,52.2,Речной вокзал,2014
real_estate_agent,Заельцовский,21.0,26.0,4.4,29.0,9200000.0,2.0,Красный проспект,47.08,Заельцовская,2025
real_estate_agent,Октябрьский,5.0,22.0,11.0,29.0,9200000.0,2.0,2-я Обская ,54.5,Речной вокзал,2020
real_estate_agent,Советский,6.0,19.0,14.0,28.0,9200000.0,2.0, 2-я Миргородская,60.0,Студенческая,2014
real_estate_agent,Заельцовский,4.0,29.0,15.3,30.0,9200000.0,2.0,Сухарная ,59.5,Площадь Гарина-Михайловского,2024
real_estate_agent,Центральный,8.0,11.0,8.0,31.0,9200000.0,2.0, Максима Горького,53.0,Площадь Ленина,1987
real_estate_agent,Октябрьский,7.0,17.0,8.0,25.0,9200000.0,2.0, Владимира Заровного,52.8,Спортивная,2018
real_estate_agent,Дзержинский,1.0,16.0,13.0,35.0,9200000.0,2.0, Адриена Лежена,65.8,Золотая Нива,2019
real_estate_agent,Октябрьский,11.0,17.0,14.6,37.3,9200000.0,2.0, Гаранина,59.0,Золотая Нива,2022
real_estate_agent,Дзержинский,2.0,27.0,5.5,22.0,9200000.0,2.0, Кошурникова,37.0,Золотая Нива,2019
real_estate_agent,Октябрьский,8.0,25.0,10.0,27.0,9200000.0,2.0,Ипподромская ,50.4,Октябрьская,2024
real_estate_agent,Заельцовский,3.0,17.0,10.0,29.0,9290000.0,2.0, Дуси Ковальчук,44.0,Заельцовская,2022
real_estate_agent,Октябрьский,18.0,25.0,13.0,34.0,9315000.0,2.0,Пролетарская ,61.2,Золотая Нива,2026
real_estate_agent,Центральный,3.0,5.0,8.2,33.3,9300000.0,2.0,Советская ,56.0,Площадь Ленина,1953
real_estate_agent,Октябрьский,3.0,10.0,11.0,26.0,9300000.0,2.0, Восход,50.8,Речной вокзал,2009
real_estate_agent,Центральный,7.0,9.0,7.2,33.0,9300000.0,2.0, Некрасова,45.7,Маршала Покрышкина,2007
realtor,Октябрьский,6.0,25.0,9.200000000000001,36.800000000000004,9250000.0,2.0,Ипподромская ,46.0,Октябрьская,2020
real_estate_agent,Октябрьский,3.0,19.0,6.0,37.0,9400000.0,2.0, Михаила Кулагина,55.2,Золотая Нива,2016
real_estate_agent,Дзержинский,13.0,25.0,17.5,34.0,9400000.0,2.0, Николая Островского,65.2,Березовая Роща,2025
real_estate_agent,Дзержинский,11.0,18.0,16.0,23.0,9350000.0,2.0, Авиастроителей,58.0,Березовая Роща,2026
real_estate_agent,Ленинский,17.0,17.0,5.0,33.0,9400000.0,2.0, Серафимовича,47.0,Площадь Маркса,2022
real_estate_agent,Кировский,6.0,26.0,12.4,50.6,9500000.0,2.0, Немировича-Данченко,63.0,Студенческая,2019
real_estate_agent,Кировский,13.0,17.0,10.1,32.0,9500000.0,2.0, Немировича-Данченко,63.0,Площадь Маркса,2017
real_estate_agent,Заельцовский,4.0,5.0,12.0,29.0,9500000.0,2.0,Красный проспект,57.0,Заельцовская,2022
real_estate_agent,Заельцовский,10.0,10.0,10.0,27.6,9450000.0,2.0,Ельцовская ,56.5,Гагаринская,2006
real_estate_agent,Ленинский,8.0,18.0,13.2,31.3,9500000.0,2.0,Геодезическая ,69.2,Студенческая,2008
real_estate_agent,Октябрьский,17.0,27.0,15.0,39.0,9500000.0,2.0,Покатная ,54.0,Октябрьская,2022
real_estate_agent,Октябрьский,10.0,15.0,8.0,35.8,9500000.0,2.0,Обская ,44.6,Речной вокзал,2021
real_estate_agent,Железнодорожный,3.0,9.0,6.9,28.3,9500000.0,2.0, Ленина,48.4,Площадь Гарина-Михайловского,1982
real_estate_agent,Заельцовский,15.0,16.0,20.0,14.0,9500000.0,2.0, Залесского,51.0,Заельцовская,2022
real_estate_agent,Центральный,12.0,25.0,15.0,23.799999999999997,9500000.0,2.0, Семьи Шамшиных,38.8,Маршала Покрышкина,2024
real_estate_agent,Дзержинский,15.0,16.0,14.0,42.0,9500000.0,2.0, Толбухина,67.0,Золотая Нива,2008
real_estate_agent,Заельцовский,19.0,20.0,5.0,28.0,9450000.0,2.0, Дуси Ковальчук,44.0,Заельцовская,2017
real_estate_agent,Дзержинский,13.0,16.0,9.0,33.0,9500000.0,2.0, Авиастроителей,55.5,Березовая Роща,2013
real_estate_agent,Ленинский,10.0,22.0,6.2,44.1,9500000.0,2.0,площадь Райсовета,67.6,Площадь Маркса,2015
real_estate_agent,Заельцовский,17.0,17.0,11.2,31.1,9500000.0,2.0,Сухарная ,55.6,Площадь Гарина-Михайловского,2023
real_estate_agent,Октябрьский,2.0,10.0,10.0,40.0,9500000.0,2.0,Обская ,72.0,Речной вокзал,2002
real_estate_agent,Октябрьский,9.0,17.0,10.1,34.2,9500000.0,2.0, Декабристов,60.1,Речной вокзал,2020
realtor,Железнодорожный,5.0,5.0,10.0,27.0,9500000.0,2.0,Советская ,52.6,Площадь Ленина,1959
real_estate_agent,Заельцовский,12.0,23.0,5.1,30.5,9600000.0,2.0,Красный проспект,45.9,Заельцовская,2022
real_estate_agent,Ленинский,6.0,17.0,13.2,29.0,9550000.0,2.0, Серафимовича,56.0,Площадь Маркса,2015
real_estate_agent,Октябрьский,4.0,25.0,12.0,45.1,9600000.0,2.0, Добролюбова,63.0,Речной вокзал,2020
real_estate_agent,Центральный,10.0,16.0,19.4,11.2,9630000.0,2.0, Семьи Шамшиных,43.6,Маршала Покрышкина,2024
real_estate_agent,Советский,5.0,13.0,9.4,27.0,9600000.0,2.0, Русская,53.0,Студенческая,2015
real_estate_agent,Советский,5.0,15.0,20.3,25.400000000000002,9600000.0,2.0,бульвар Молодежи,45.7,Студенческая,2019
real_estate_agent,Заельцовский,17.0,24.0,20.1,14.9,9700000.0,2.0, Галущака,59.1,Гагаринская,2011
real_estate_agent,Октябрьский,2.0,17.0,8.5,32.0,9700000.0,2.0, Адриена Лежена,53.0,Золотая Нива,2022
real_estate_agent,Октябрьский,12.0,23.0,15.0,36.8,9700000.0,2.0, Кошурникова,56.8,Золотая Нива,2018
real_estate_agent,Октябрьский,21.0,25.0,11.7,35.3,9650000.0,2.0, Добролюбова,62.6,Речной вокзал,2022
real_estate_agent,Октябрьский,9.0,10.0,10.4,41.6,9700000.0,2.0, Кирова,52.0,Речной вокзал,2020
realtor,Центральный,19.0,26.0,11.0,34.0,9700000.0,2.0, Писарева,45.0,Маршала Покрышкина,2021
real_estate_agent,Октябрьский,8.0,10.0,28.0,15.0,9800000.0,2.0,Автогенная ,56.0,Речной вокзал,2014
real_estate_agent,Октябрьский,3.0,24.0,13.0,32.0,9800000.0,2.0, Декабристов,62.3,Речной вокзал,2021
real_estate_agent,Октябрьский,3.0,17.0,9.8,26.1,9800000.0,2.0,Закаменский мкр,53.5,Березовая Роща,2024
real_estate_agent,Ленинский,8.0,30.0,13.0,30.0,9800000.0,2.0,Горская ,55.0,Спортивная,2025
real_estate_agent,Железнодорожный,4.0,17.0,5.0,32.0,9770000.0,2.0,Красноярская ,43.8,Площадь Гарина-Михайловского,2022
real_estate_agent,Советский,13.0,16.0,12.8,36.5,9800000.0,2.0, Балтийская,67.0,Студенческая,2010
real_estate_agent,Заельцовский,15.0,25.0,12.0,40.0,9750000.0,2.0,Светлановская ,61.0,Заельцовская,2021
real_estate_agent,Железнодорожный,3.0,5.0,13.2,31.8,9900000.0,2.0,Советская ,59.6,Площадь Ленина,1955
real_estate_agent,Советский,2.0,8.0,5.0,35.0,9900000.0,2.0,бульвар Молодежи,46.0,Студенческая,1994
real_estate_agent,Первомайский,6.0,9.0,12.5,39.8,9850000.0,2.0, Маяковского,75.0,Спортивная,2008
real_estate_agent,Октябрьский,3.0,16.0,20.0,45.7,9900000.0,2.0,2-я Обская ,70.7,Речной вокзал,2020
real_estate_agent,Дзержинский,12.0,14.0,10.0,34.8,9900000.0,2.0, Есенина,56.2,Золотая Нива,2013
real_estate_agent,Ленинский,11.0,30.0,16.3,22.7,9900000.0,2.0, Забалуева,53.35,Студенческая,2026
real_estate_agent,Ленинский,7.0,10.0,10.0,37.0,9900000.0,2.0,Рельефная ,56.7,Площадь Маркса,2024
real_estate_agent,Дзержинский,3.0,17.0,14.0,38.0,9900000.0,2.0, Адриена Лежена,67.5,Золотая Нива,2019
real_estate_agent,Октябрьский,9.0,19.0,22.0,25.7,9900000.0,2.0, Михаила Кулагина,64.4,Золотая Нива,2019
real_estate_agent,Заельцовский,11.0,16.0,23.0,27.0,10000000.0,2.0, Аэропорт,82.34,Заельцовская,2024
real_estate_agent,Октябрьский,4.0,10.0,16.4,50.8,10000000.0,2.0, Татьяны Снежиной,98.7,Золотая Нива,2011
real_estate_agent,Центральный,9.0,21.0,15.0,31.1,9800000.0,2.0, Орджоникидзе,52.4,Площадь Ленина,2011
real_estate_agent,Центральный,8.0,17.0,13.0,30.0,10480000.0,2.0, Гоголя,64.0,Маршала Покрышкина,2013
realtor,Заельцовский,19.0,27.0,14.0,29.6,8990000.0,2.0, Дмитрия Донского,53.9,Заельцовская,2017
real_estate_agent,Центральный,3.0,11.0,9.5,30.4,8500000.0,2.0,Серебренниковская ,50.6,Октябрьская,2003
real_estate_agent,Центральный,6.0,9.0,9.0,30.0,10600000.0,2.0,Советская ,54.3,Красный Проспект,2007
real_estate_agent,Ленинский,1.0,5.0,5.0,18.0,3750000.0,2.0,Фасадная ,40.8,Площадь Маркса,1964
real_estate_agent,Октябрьский,3.0,4.0,9.0,54.0,3999000.0,2.0, Кирова,63.0,Речной вокзал,1958
homeowner,Центральный,2.0,5.0,6.0,26.0,6300000.0,2.0,Красный проспект,44.0,Красный Проспект,1965
real_estate_agent,Калининский,2.0,2.0,5.0,23.0,2350000.0,2.0, Флотская,42.0,Заельцовская,1950
real_estate_agent,Ленинский,3.0,5.0,8.1,32.0,5790000.0,2.0,Геодезическая ,54.0,Студенческая,2015
real_estate_agent,Октябрьский,1.0,1.0,5.0,25.0,2850000.0,2.0, 9 Ноября,46.1,Речной вокзал,2020
realtor,Кировский,5.0,10.0,10.0,40.0,6660000.0,2.0, Зорге,65.2,Площадь Маркса,2009
real_estate_agent,Октябрьский,12.0,24.0,10.0,50.3,15900000.0,2.0, Кирова,60.3,Октябрьская,2018
developer,Дзержинский,6.0,14.0,25.7,32.5,12720000.0,3.0,проспект Дзержинского,71.42,Березовая Роща,2028
real_estate_agent,Советский,2.0,5.0,5.6,56.4,4300000.0,3.0,Барьерная ,62.0,Студенческая,1968
real_estate_agent,Калининский,7.0,9.0,25.5,37.7,7100000.0,3.0,Народная ,63.2,Заельцовская,1976
developer,Заельцовский,3.0,9.0,16.36,65.44,9870000.0,3.0,Лебедевский кв-л,81.8,Заельцовская,2028
real_estate_agent,Калининский,4.0,5.0,6.7,42.2,5300000.0,3.0, Объединения,58.1,Заельцовская,1967
real_estate_agent,Октябрьский,3.0,9.0,7.1,41.3,5000000.0,3.0,Обская ,62.1,Речной вокзал,1974
developer,Заельцовский,22.0,28.0,15.219999999999999,60.879999999999995,13333026.0,3.0,Сухарная ,76.1,Площадь Гарина-Михайловского,2026
real_estate_agent,Октябрьский,10.0,10.0,9.0,41.0,6800000.0,3.0, В. Высоцкого,68.0,Золотая Нива,1992
real_estate_agent,Октябрьский,4.0,10.0,12.9,56.5,5650000.0,3.0, Плющихинская,87.39,Золотая Нива,2018
developer,Калининский,5.0,23.0,11.700000000000001,46.800000000000004,9821565.0,3.0, Кропоткина,58.5,Маршала Покрышкина,2027
real_estate_agent,Ленинский,18.0,20.0,6.5,31.5,7770000.0,3.0, Ясный Берег,46.5,Октябрьская,2024
real_estate_agent,Дзержинский,1.0,9.0,9.0,51.7,4100000.0,3.0, Толбухина,60.7,Золотая Нива,1982
developer,Дзержинский,4.0,9.0,44.6,39.1,18560000.0,3.0,проспект Дзержинского,112.93,Березовая Роща,2028
real_estate_agent,Заельцовский,15.0,21.0,17.3,56.1,9600000.0,3.0, Дуси Ковальчук,99.41,Заельцовская,2025
real_estate_agent,Железнодорожный,23.0,26.0,12.0,66.9,24990000.0,3.0, 1905 года,107.1,Гагаринская,2015
developer,Заельцовский,8.0,9.0,25.1,39.2,13530000.0,3.0, Аэропорт,100.04,Заельцовская,2026
real_estate_agent,Заельцовский,18.0,24.0,17.0,25.0,12400000.0,3.0, Галущака,55.0,Гагаринская,2023
real_estate_agent,Октябрьский,4.0,5.0,7.0,52.9,5700000.0,3.0, Кирова,59.9,Речной вокзал,1975
developer,Калининский,9.0,23.0,16.66,66.64,13470443.0,3.0, Кропоткина,83.3,Маршала Покрышкина,2027
real_estate_agent,Октябрьский,2.0,21.0,15.0,55.0,13700000.0,3.0, Кошурникова,85.5,Березовая Роща,2020
real_estate_agent,Октябрьский,2.0,10.0,9.0,46.0,2800000.0,3.0, В. Высоцкого,59.0,Золотая Нива,2027
developer,Ленинский,1.0,14.0,55.03,39.5,16460000.0,3.0, Забалуева,94.53,Студенческая,2026
real_estate_agent,Центральный,22.0,27.0,5.2,33.4,13999000.0,3.0,Ядринцевская ,55.1,Площадь Ленина,2021
real_estate_agent,Заельцовский,5.0,18.0,9.2,44.0,10850000.0,3.0,Сухарная ,74.2,Площадь Гарина-Михайловского,2010
developer,Дзержинский,2.0,22.0,13.780000000000001,55.120000000000005,13573300.0,3.0, 5-я Кирпичная Горка,68.9,Березовая Роща,2028
real_estate_agent,Октябрьский,4.0,25.0,12.0,76.3,17450000.0,3.0, Шевченко,107.0,Октябрьская,2017
real_estate_agent,Кировский,3.0,4.0,15.0,94.0,5700000.0,3.0, Немировича-Данченко,109.0,Площадь Маркса,2017
developer,Ленинский,10.0,14.0,21.490000000000002,39.5,13403000.0,3.0, Забалуева,60.99,Студенческая,2026
real_estate_agent,Ленинский,1.0,9.0,8.0,52.8,5200000.0,3.0,Широкая ,60.8,Площадь Маркса,1979
developer,Дзержинский,14.0,22.0,17.48,69.92,16693400.0,3.0, 5-я Кирпичная Горка,87.4,Березовая Роща,2028
real_estate_agent,Дзержинский,7.0,9.0,7.0,42.0,4800000.0,3.0, Доватора,60.0,Золотая Нива,1976
developer,Дзержинский,8.0,14.0,25.7,32.5,13770000.0,3.0,проспект Дзержинского,78.5,Березовая Роща,2028
real_estate_agent,Октябрьский,1.0,1.0,9.2,35.0,3100000.0,3.0,Гурьевская ,67.5,Золотая Нива,1958
developer,Заельцовский,9.0,9.0,20.96,83.84,12400000.0,3.0,Лебедевский кв-л,104.8,Заельцовская,2028
real_estate_agent,Октябрьский,3.0,5.0,21.9,34.0,4990000.0,3.0,Большевистская ,55.9,Спортивная,2020
real_estate_agent,Кировский,2.0,9.0,7.1,41.2,5000000.0,3.0, Зорге,60.0,Площадь Маркса,1974
developer,Ленинский,2.0,14.0,19.699999999999996,34.7,11203000.0,3.0, Забалуева,54.4,Студенческая,2026
real_estate_agent,Центральный,1.0,5.0,15.0,50.0,9780000.0,3.0,Советская ,71.0,Площадь Ленина,1958
real_estate_agent,Ленинский,4.0,5.0,7.0,35.0,5000000.0,3.0, Пархоменко,59.0,Площадь Маркса,1980
developer,Дзержинский,2.0,9.0,22.728,90.912,25440000.0,3.0,проспект Дзержинского,113.64,Березовая Роща,2028
real_estate_agent,Заельцовский,2.0,9.0,7.2,32.9,7000000.0,3.0,Красный проспект,60.1,Гагаринская,1970
real_estate_agent,Центральный,1.0,5.0,6.0,31.0,5000000.0,3.0, Гоголя,54.0,Сибирская,1960
developer,Калининский,21.0,23.0,18.180000000000003,72.72000000000001,14793975.0,3.0, Кропоткина,90.9,Маршала Покрышкина,2027
real_estate_agent,Ленинский,3.0,11.0,15.0,55.0,9900000.0,3.0,Стартовая ,93.5,Студенческая,2015
real_estate_agent,Ленинский,5.0,5.0,6.0,42.1,6000000.0,3.0, Титова,57.8,Площадь Маркса,1968
developer,Заельцовский,7.0,20.0,3.6,43.9,14700000.0,3.0,Красный проспект,68.4,Заельцовская,2026
real_estate_agent,Дзержинский,4.0,9.0,24.0,44.0,17800000.0,3.0,Планетная ,81.0,Березовая Роща,2018
real_estate_agent,Калининский,3.0,5.0,6.0,42.1,4250000.0,3.0, Макаренко,55.0,Заельцовская,2017
developer,Ленинский,1.0,30.0,36.459999999999994,30.2,14603000.0,3.0, Забалуева,66.66,Студенческая,2026
real_estate_agent,Советский,3.0,9.0,8.2,38.4,5999000.0,3.0, Молодости,60.8,Студенческая,1988
real_estate_agent,Кировский,2.0,9.0,7.0,40.0,4990000.0,3.0, Зорге,60.1,Площадь Маркса,1974
developer,Калининский,18.0,23.0,14.700000000000001,58.800000000000004,11888625.0,3.0, Кропоткина,73.5,Маршала Покрышкина,2027
real_estate_agent,Калининский,24.0,25.0,5.0,78.6,18000000.0,3.0,Ипподромская ,83.6,Заельцовская,2014
real_estate_agent,Калининский,1.0,5.0,7.6,38.5,4550000.0,3.0,Учительская ,56.4,Заельцовская,2017
developer,Заельцовский,10.0,20.0,8.2,42.6,16200000.0,3.0,Красный проспект,74.6,Заельцовская,2026
real_estate_agent,Кировский,1.0,5.0,5.0,53.0,5500000.0,3.0, Немировича-Данченко,58.0,Площадь Маркса,1963
real_estate_agent,Калининский,5.0,5.0,6.0,51.5,4600000.0,3.0, Макаренко,57.5,Заельцовская,1967
developer,Заельцовский,4.0,28.0,14.980000000000002,59.92000000000001,13253451.0,3.0,Сухарная ,74.9,Площадь Гарина-Михайловского,2026
real_estate_agent,Железнодорожный,1.0,5.0,6.3,36.7,5650000.0,3.0,Владимировская ,54.5,Площадь Гарина-Михайловского,1964
real_estate_agent,Дзержинский,1.0,5.0,5.6,37.199999999999996,5290000.0,3.0, Куприна,42.8,Золотая Нива,1965
developer,Калининский,10.0,23.0,11.9,47.6,10112025.0,3.0, Кропоткина,59.5,Маршала Покрышкина,2027
real_estate_agent,Кировский,10.0,10.0,8.0,45.5,5800000.0,3.0, Николая Сотникова,59.02,Студенческая,2017
real_estate_agent,Ленинский,6.0,6.0,9.0,41.0,5600000.0,3.0,Дивногорская ,55.0,Площадь Маркса,2015
developer,Октябрьский,3.0,9.0,14.2,42.2,16376471.0,3.0,Тополевая ,74.7,Березовая Роща,2027
real_estate_agent,Ленинский,5.0,5.0,6.0,40.9,6450000.0,3.0, Блюхера,57.0,Площадь Маркса,1962
real_estate_agent,Советский,1.0,9.0,9.4,37.9,5850000.0,3.0,Ветлужская ,62.1,Площадь Маркса,1994
developer,Ленинский,1.0,30.0,20.11,39.8,13303000.0,3.0, Забалуева,59.91,Студенческая,2026
real_estate_agent,Ленинский,5.0,9.0,9.0,43.0,6400000.0,3.0, Забалуева,60.7,Площадь Маркса,1973
real_estate_agent,Октябрьский,5.0,5.0,6.5,45.5,5900000.0,3.0,Коммунстроевская ,60.8,Речной вокзал,2020
developer,Калининский,20.0,23.0,15.9,63.6,14469000.0,3.0, Кропоткина,79.5,Маршала Покрышкина,2027
real_estate_agent,Дзержинский,2.0,5.0,5.8,45.3,6999999.0,3.0, Есенина,58.7,Золотая Нива,2019
real_estate_agent,Кировский,20.0,24.0,4.5,55.0,5999999.0,3.0, Петухова,59.5,Спортивная,2024
developer,Заельцовский,14.0,29.0,6.2,35.2,12529412.0,3.0,Сухарная ,51.47,Площадь Гарина-Михайловского,2026
real_estate_agent,Заельцовский,4.0,5.0,5.0,52.8,7000000.0,3.0, Дуси Ковальчук,57.8,Заельцовская,1971
real_estate_agent,Дзержинский,3.0,5.0,5.6,33.9,6100000.0,3.0,Электрозаводской проезд,55.4,Березовая Роща,1949
developer,Заельцовский,19.0,24.0,5.3,39.8,14800000.0,3.0,Красный проспект,76.4,Заельцовская,2028
real_estate_agent,Октябрьский,4.0,10.0,8.8,41.7,7250000.0,3.0, В. Высоцкого,64.8,Золотая Нива,1985
real_estate_agent,Октябрьский,5.0,10.0,12.0,40.0,6300000.0,3.0,Лазурная ,61.9,Золотая Нива,2020
developer,Заельцовский,3.0,9.0,22.6,37.8,10720000.0,3.0,Лебедевский кв-л,90.2,Заельцовская,2028
real_estate_agent,Советский,2.0,6.0,15.0,68.5,7350000.0,3.0, Ивлева,83.5,Студенческая,2024
real_estate_agent,Октябрьский,13.0,18.0,31.299999999999997,40.0,6300000.0,3.0, Виталия Потылицына,71.3,Золотая Нива,2016
developer,Октябрьский,28.0,30.0,17.9,42.5,17423529.0,3.0, Ядринцевский Подъем,83.93,Березовая Роща,2027
real_estate_agent,Калининский,2.0,5.0,6.0,43.0,7700000.0,3.0,Народная ,55.5,Заельцовская,1960
real_estate_agent,Дзержинский,3.0,5.0,7.0,45.9,6500000.0,3.0, Доватора,57.9,Золотая Нива,2019
developer,Ленинский,22.0,23.0,11.68,46.72,8500000.0,3.0,Пермская ,58.4,Площадь Маркса,2025
real_estate_agent,Кировский,5.0,10.0,10.0,35.0,7650000.0,3.0, Николая Сотникова,58.0,Студенческая,2017
real_estate_agent,Ленинский,7.0,10.0,10.2,40.3,6649000.0,3.0, Забалуева,66.1,Площадь Маркса,2009
developer,Заельцовский,7.0,19.0,5.4,46.9,15900000.0,3.0,Красный проспект,67.9,Заельцовская,2024
real_estate_agent,Кировский,12.0,24.0,10.0,35.0,8200000.0,3.0, Немировича-Данченко,51.0,Студенческая,2017
real_estate_agent,Ленинский,1.0,5.0,8.0,47.1,6800000.0,3.0, Пермитина,75.9,Площадь Маркса,2015
developer,Октябрьский,26.0,30.0,20.2,50.3,18047059.0,3.0, Ядринцевский Подъем,87.45,Березовая Роща,2027
real_estate_agent,Октябрьский,4.0,5.0,6.0,51.0,8500000.0,3.0,Ленинградская ,71.0,Октябрьская,2020
real_estate_agent,Кировский,4.0,9.0,9.0,54.7,7050000.0,3.0, Сибиряков-Гвардейцев,63.7,Площадь Маркса,1989
developer,Заельцовский,18.0,29.0,6.2,35.2,11682353.0,3.0,Сухарная ,49.31,Площадь Гарина-Михайловского,2026
real_estate_agent,Октябрьский,4.0,4.0,8.8,45.1,9000000.0,3.0, Грибоедова,70.5,Золотая Нива,2009
developer,Заельцовский,19.0,24.0,7.1,40.3,13600000.0,3.0,Красный проспект,70.2,Заельцовская,2028
real_estate_agent,Октябрьский,5.0,10.0,12.8,56.3,9300000.0,3.0, Татьяны Снежиной,94.2,Золотая Нива,2020
real_estate_agent,Заельцовский,3.0,3.0,7.7,52.4,7300000.0,3.0, Аэропорт,78.2,Заельцовская,2022
developer,Ленинский,21.0,23.0,10.224,40.896,7700000.0,3.0,Пермская ,51.12,Площадь Маркса,2025
real_estate_agent,Октябрьский,1.0,16.0,19.0,45.0,10200000.0,3.0,2-я Обская ,71.0,Речной вокзал,2020
real_estate_agent,Заельцовский,6.0,10.0,9.0,39.0,7350000.0,3.0,Кубовая ,59.1,Заельцовская,2022
developer,Калининский,3.0,9.0,6.2,30.5,7177089.0,3.0, Богдана Хмельницкого,55.5,Заельцовская,2028
real_estate_agent,Калининский,9.0,16.0,15.4,32.0,11000000.0,3.0,Красный проспект,68.0,Заельцовская,2017
real_estate_agent,Кировский,5.0,5.0,8.3,34.0,7500000.0,3.0, Сибиряков-Гвардейцев,71.7,Площадь Маркса,2017
developer,Заельцовский,8.0,24.0,7.7,42.0,14950000.0,3.0,Красный проспект,80.5,Заельцовская,2028
real_estate_agent,Калининский,6.0,9.0,24.3,58.6,13000000.0,3.0,Танковая ,87.9,Заельцовская,2017
real_estate_agent,Октябрьский,9.0,16.0,16.499999999999993,53.6,7750000.0,3.0,Выборная ,70.1,Речной вокзал,2018
developer,Заельцовский,2.0,9.0,18.7,39.0,14280000.0,3.0,Лебедевский кв-л,95.4,Заельцовская,2028
real_estate_agent,Ленинский,2.0,5.0,6.5,44.0,5690000.0,3.0, Котовского,56.0,Площадь Маркса,2015
developer,Калининский,10.0,23.0,14.180000000000001,56.720000000000006,11684320.0,3.0, Кропоткина,70.9,Маршала Покрышкина,2027
real_estate_agent,Кировский,11.0,22.0,15.0,50.0,13000000.0,3.0,Тульская ,72.5,Студенческая,2023
real_estate_agent,Железнодорожный,6.0,22.0,10.0,75.0,48000000.0,3.0, 1905 года,128.0,Красный Проспект,2002
real_estate_agent,Ленинский,5.0,15.0,2.1,55.5,12590000.0,3.0, Костычева,69.7,Площадь Маркса,2027
real_estate_agent,Заельцовский,15.0,17.0,5.0,53.0,14500000.0,3.0,Красный проспект,77.0,Заельцовская,2022
real_estate_agent,Дзержинский,9.0,9.0,8.0,49.7,4500000.0,3.0, Толбухина,57.7,Золотая Нива,1976
developer,Заельцовский,12.0,29.0,5.4,45.3,15635294.0,3.0,Сухарная ,69.08,Площадь Гарина-Михайловского,2026
real_estate_agent,Ленинский,2.0,2.0,7.4,40.0,3500000.0,3.0,3-й Порядковый переулок,55.2,Площадь Маркса,1956
developer,Октябрьский,10.0,10.0,37.92,151.68,33730000.0,3.0,Зыряновская ,189.6,Речной вокзал,2025
realtor,Кировский,7.0,9.0,7.0,42.0,5650000.0,3.0, Чигорина,60.0,Студенческая,1987
developer,Кировский,3.0,18.0,5.6,32.2,6900000.0,3.0, Немировича-Данченко,55.8,Студенческая,2028
real_estate_agent,Первомайский,2.0,5.0,7.1,40.0,4300000.0,3.0,Первомайская ,59.4,Речной вокзал,2013
homeowner,Октябрьский,3.0,10.0,16.0,65.0,7600000.0,3.0, Татьяны Снежиной,86.0,Золотая Нива,2013
real_estate_agent,Первомайский,4.0,5.0,7.0,52.4,5100000.0,3.0,Звездная ,59.4,Речной вокзал,1972
developer,Заельцовский,28.0,29.0,8.0,47.9,16435294.0,3.0,Сухарная ,77.3,Площадь Гарина-Михайловского,2026
real_estate_agent,Октябрьский,5.0,9.0,6.0,43.0,5980000.0,3.0, Федосеева,60.6,Золотая Нива,1978
developer,Кировский,2.0,24.0,5.5,34.9,6900000.0,3.0, Немировича-Данченко,53.5,Студенческая,2028
real_estate_agent,Калининский,3.0,5.0,6.0,45.7,5999000.0,3.0,Народная ,61.3,Заельцовская,2017
developer,Железнодорожный,3.0,16.0,5.1,43.1,11650000.0,3.0,Беринг жилой квартал,64.29,Площадь Гарина-Михайловского,2028
real_estate_agent,Железнодорожный,5.0,5.0,11.0,34.7,8770000.0,3.0,Нарымская ,63.2,Площадь Гарина-Михайловского,1967
real_estate_agent,Заельцовский,4.0,5.0,7.1,39.0,5300000.0,3.0,Холодильная ,57.9,Заельцовская,1974
real_estate_agent,Ленинский,5.0,17.0,5.6,35.8,5800000.0,3.0,Междуреченская ,59.3,Площадь Гарина-Михайловского,2024
developer,Ленинский,1.0,14.0,16.680000000000003,66.72000000000001,7200000.0,3.0, Титова,83.4,Площадь Маркса,2026
real_estate_agent,Ленинский,10.0,12.0,6.0,37.0,4800000.0,3.0, Немировича-Данченко,56.0,Площадь Маркса,2015
real_estate_agent,Октябрьский,1.0,25.0,17.830000000000002,71.32000000000001,10608850.0,3.0,Пролетарская ,89.15,Золотая Нива,2026
real_estate_agent,Советский,9.0,9.0,6.9,37.8,4500000.0,3.0, Печатников,57.1,Студенческая,1987
developer,Железнодорожный,11.0,16.0,35.25,42.0,14930000.0,3.0, Прибрежная,77.25,Площадь Гарина-Михайловского,2025
real_estate_agent,Калининский,1.0,3.0,8.0,52.5,5900000.0,3.0, Богдана Хмельницкого,75.9,Заельцовская,1951
real_estate_agent,Октябрьский,1.0,8.0,18.78,75.12,8600000.0,3.0,Родниковая ,93.9,Речной вокзал,2025
developer,Дзержинский,3.0,14.0,5.0,36.8,8450000.0,3.0, Есенина,67.3,Золотая Нива,2027
real_estate_agent,Дзержинский,9.0,12.0,7.3,40.0,5350000.0,3.0, Доватора,62.0,Золотая Нива,1978
developer,Калининский,3.0,21.0,6.0,37.9,7055685.0,3.0,Юбилейный мкр,59.4,Заельцовская,2027
developer,Центральный,28.0,30.0,35.9,45.6,24550000.0,3.0, Николая Островского,158.58,Гагаринская,2026
real_estate_agent,Советский,3.0,10.0,10.2,40.0,5700000.0,3.0, Печатников,66.1,Площадь Маркса,2007
developer,Кировский,6.0,20.0,20.0,35.8,8950000.0,3.0,18-й Бронный переулок,82.0,Студенческая,2025
real_estate_agent,Дзержинский,5.0,5.0,7.1,38.1,4999000.0,3.0, Толбухина,57.5,Золотая Нива,1976
real_estate_agent,Октябрьский,1.0,18.0,7.0,48.1,4800000.0,3.0, Виталия Потылицына,73.2,Золотая Нива,2020
developer,Центральный,27.0,30.0,29.3,45.7,28360000.0,3.0, Николая Островского,155.15,Гагаринская,2026
real_estate_agent,Советский,3.0,10.0,8.8,38.7,6000000.0,3.0, Лесосечная,63.3,Октябрьская,1994
real_estate_agent,Кировский,2.0,9.0,6.7,44.3,4950000.0,3.0, Зорге,61.0,Площадь Маркса,2017
developer,Заельцовский,9.0,9.0,25.7,33.4,16640000.0,3.0, Аэропорт,90.15,Заельцовская,2026
unknown,Заельцовский,2.0,10.0,8.8,40.2,6100000.0,3.0,Линейная ,66.6,Гагаринская,1995
real_estate_agent,Калининский,8.0,9.0,8.0,39.0,5650000.0,3.0, Объединения,63.0,Заельцовская,2017
developer,Кировский,5.0,10.0,5.0,43.7,9300000.0,3.0,18-й Бронный переулок,70.4,Студенческая,2025
real_estate_agent,Кировский,6.0,14.0,23.0,41.0,6300000.0,3.0, Петухова,64.0,Площадь Маркса,2013
real_estate_agent,Октябрьский,20.0,25.0,14.112000000000002,56.44800000000001,9807840.0,3.0,Пролетарская ,70.56,Золотая Нива,2026
realtor,Калининский,4.0,17.0,10.0,35.0,10500000.0,3.0,Танковая ,53.0,Заельцовская,2021
realtor,Дзержинский,3.0,9.0,7.0,42.3,6750000.0,3.0, Адриена Лежена,60.5,Золотая Нива,1983
real_estate_agent,Калининский,2.0,10.0,7.0,39.0,7100000.0,3.0, Кропоткина,58.7,Маршала Покрышкина,1988
real_estate_agent,Октябрьский,1.0,10.0,33.199999999999996,44.6,7500000.0,3.0,Выборная ,77.8,Речной вокзал,2013
developer,Кировский,18.0,24.0,5.7,40.3,7850000.0,3.0, Немировича-Данченко,65.4,Студенческая,2028
real_estate_agent,Октябрьский,17.0,17.0,10.0,59.0,18990000.0,3.0, Владимира Заровного,87.0,Спортивная,2018
developer,Дзержинский,5.0,17.0,20.65,42.6,10528595.0,3.0,Промышленная ,63.25,Березовая Роща,2026
unknown,Заельцовский,8.0,9.0,7.2,39.0,7600000.0,3.0,Весенняя ,58.9,Заельцовская,1988
real_estate_agent,Первомайский,13.0,16.0,6.1,38.4,7700000.0,3.0, Заречная,52.3,Спортивная,2018
developer,Кировский,4.0,10.0,5.1,34.8,8900000.0,3.0,18-й Бронный переулок,63.3,Студенческая,2025
unknown,Октябрьский,10.0,17.0,21.0,80.0,25000888.0,3.0, Кирова,138.2,Октябрьская,2007
homeowner,Дзержинский,5.0,12.0,13.5,42.6,8400000.0,3.0,Волочаевская ,73.3,Золотая Нива,2016
developer,Железнодорожный,17.0,24.0,41.2,49.8,17440000.0,3.0, Прибрежная,91.0,Площадь Гарина-Михайловского,2025
real_estate_agent,Ленинский,3.0,5.0,11.3,80.0,12000000.0,3.0,Вертковская ,110.4,Площадь Маркса,2015
realtor,Кировский,16.0,24.0,17.4,19.4,8500000.0,3.0, Немировича-Данченко,52.0,Студенческая,2024
real_estate_agent,Октябрьский,16.0,25.0,6.0,68.5,22500000.0,3.0, Кирова,74.5,Октябрьская,2020
real_estate_agent,Дзержинский,12.0,22.0,16.7,63.78999999999999,8900000.0,3.0, Коминтерна,80.49,Золотая Нива,2025
developer,Заельцовский,11.0,24.0,5.8,38.4,11000000.0,3.0, Дуси Ковальчук,57.22,Заельцовская,2028
real_estate_agent,Заельцовский,2.0,12.0,19.0,46.3,11499999.0,3.0,Охотская ,70.3,Заельцовская,2021
realtor,Калининский,5.0,5.0,32.4,33.7,9149000.0,3.0, Богдана Хмельницкого,76.4,Заельцовская,1958
unknown,Кировский,12.0,25.0,17.0,39.1,16800888.0,3.0, Немировича-Данченко,75.0,Студенческая,2018
real_estate_agent,Калининский,4.0,17.0,11.1,56.2,10100000.0,3.0, Фадеева,96.88,Заельцовская,2017
developer,Ленинский,20.0,30.0,19.1,39.8,14103000.0,3.0, Забалуева,58.9,Студенческая,2026
unknown,Центральный,3.0,14.0,24.0,40.0,32500888.0,3.0, Чаплыгина,70.0,Площадь Ленина,2007
homeowner,Калининский,9.0,9.0,15.0,68.0,12000000.0,3.0,Народная ,109.0,Заельцовская,2007
real_estate_agent,Центральный,2.0,8.0,14.4,43.5,33000000.0,3.0, Чаплыгина,72.4,Площадь Ленина,2023
homeowner,Железнодорожный,3.0,5.0,25.0,40.0,13000000.0,3.0,Советская ,68.0,Площадь Ленина,1969
developer,Дзержинский,1.0,14.0,5.3,32.1,7650000.0,3.0, Есенина,49.4,Золотая Нива,2027
real_estate_agent,Центральный,2.0,13.0,9.7,57.9,16999999.0,3.0, Семьи Шамшиных,72.56,Октябрьская,2007
homeowner,Центральный,9.0,10.0,10.7,56.0,17300000.0,3.0, Гоголя,83.3,Маршала Покрышкина,2008
homeowner,Заельцовский,4.0,5.0,12.0,81.0,23800000.0,3.0,Кедровая ,93.0,Заельцовская,2011
homeowner,Железнодорожный,12.0,23.0,40.0,63.0,34900000.0,3.0,Советская ,103.0,Красный Проспект,2021
developer,Ленинский,13.0,31.0,4.5,39.4,7435100.0,3.0, Титова,52.49,Площадь Маркса,2027
real_estate_agent,Советский,2.0,5.0,5.5,10.9,800000.0,1.0,Барьерная ,61.0,Студенческая,1968
developer,Заельцовский,16.0,21.0,8.2,42.2,19200000.0,3.0,Красный проспект,70.8,Заельцовская,2024
real_estate_agent,Советский,2.0,5.0,5.8,42.0,4500000.0,3.0, Динамовцев,58.2,Площадь Маркса,1975
developer,Калининский,5.0,14.0,18.76,75.04,9484000.0,3.0, Богдана Хмельницкого,93.8,Заельцовская,2027
real_estate_agent,Центральный,17.0,23.0,11.1,45.1,14700000.0,3.0, Демьяна Бедного,89.99,Березовая Роща,2007
homeowner,Железнодорожный,18.0,23.0,12.1,36.5,13490000.0,3.0,Фабричная ,50.9,Площадь Гарина-Михайловского,2023
real_estate_agent,Октябрьский,24.0,25.0,24.116,96.464,19999560.0,3.0, Владимира Заровного,120.58,Речной вокзал,2023
real_estate_agent,Ленинский,15.0,17.0,23.0,51.0,8000000.0,3.0, Забалуева,80.0,Студенческая,2015
real_estate_agent,Кировский,3.0,10.0,7.0,39.0,4500000.0,3.0, Комсомольская,56.0,Студенческая,1988
real_estate_agent,Кировский,3.0,4.0,6.0,55.5,8000000.0,3.0,Воскресная ,61.5,Студенческая,2016
real_estate_agent,Калининский,2.0,10.0,14.66,58.64,5943237.0,3.0, Тюленина,73.3,Заельцовская,2017
real_estate_agent,Октябрьский,23.0,25.0,19.666,78.664,17984750.0,3.0, Владимира Заровного,98.33,Речной вокзал,2024
real_estate_agent,Заельцовский,2.0,3.0,113.3,106.7,32000000.0,3.0,Дачное шоссе,225.0,Заельцовская,2022
developer,Железнодорожный,21.0,25.0,22.840000000000003,91.36000000000001,27500000.0,3.0,Железнодорожная ,114.2,Гагаринская,2024
real_estate_agent,Первомайский,8.0,14.0,11.2,40.2,10230000.0,3.0, Заречная,69.4,Спортивная,2013
real_estate_agent,Октябрьский,1.0,10.0,8.4,36.5,6000000.0,3.0,Большевистская ,58.4,Октябрьская,1996
real_estate_agent,Октябрьский,6.0,9.0,7.0,37.7,5800000.0,3.0,Вилюйская ,57.8,Речной вокзал,2020
real_estate_agent,Заельцовский,15.0,15.0,24.0,54.2,19500000.0,3.0,Красный проспект,87.5,Заельцовская,2019
real_estate_agent,Центральный,4.0,4.0,8.8,35.5,5200000.0,3.0, Ольги Жилиной,55.4,Маршала Покрышкина,1936
real_estate_agent,Ленинский,9.0,13.0,17.0,55.0,13500000.0,3.0,69/1,90.0,Студенческая,2015
real_estate_agent,Дзержинский,2.0,25.0,12.878,51.512,10660000.0,3.0, Гоголя,64.39,Березовая Роща,2028
developer,Калининский,2.0,21.0,5.0,28.5,6215760.0,3.0,Юбилейный мкр,47.6,Заельцовская,2027
real_estate_agent,Центральный,20.0,22.0,12.0,44.0,18500000.0,3.0, Николая Островского,79.5,Маршала Покрышкина,2019
realtor,Ленинский,7.0,12.0,7.1,43.1,5300000.0,3.0,Киевская ,60.9,Площадь Маркса,1979
real_estate_agent,Октябрьский,14.0,24.0,14.036000000000001,56.144000000000005,13960000.0,3.0, Кирова,70.18,Октябрьская,2026
real_estate_agent,Кировский,5.0,5.0,5.8,44.3,6000000.0,3.0,Новогодняя ,58.8,Площадь Маркса,1964
developer,Ленинский,16.0,17.0,43.900000000000006,44.5,8700000.0,3.0,Рельефная ,88.4,Площадь Маркса,2025
real_estate_agent,Октябрьский,12.0,17.0,18.0,54.0,11800000.0,3.0,Большевистская ,81.0,Речной вокзал,2015
developer,Кировский,11.0,11.0,4.4,32.3,7500000.0,3.0,18-й Бронный переулок,56.7,Студенческая,2025
real_estate_agent,Октябрьский,5.0,17.0,8.0,45.0,11200000.0,3.0,2-я Обская ,65.5,Речной вокзал,2020
real_estate_agent,Ленинский,2.0,5.0,5.8,39.0,5500000.0,3.0,Космическая ,57.6,Площадь Маркса,1961
developer,Кировский,26.0,26.0,32.0,32.6,13780000.0,3.0,Северо-Чемской жилмассив,99.39,Студенческая,2028
homeowner,Ленинский,11.0,14.0,14.0,44.5,9900000.0,3.0,Рельефная ,80.6,Площадь Маркса,2025
real_estate_agent,Калининский,9.0,9.0,8.6,38.6,5270000.0,3.0, Рассветная,62.9,Заельцовская,1981
developer,Ленинский,15.0,17.0,15.57,31.5,8896000.0,3.0,Ясный Берег город-парк,47.07,Октябрьская,2027
real_estate_agent,Кировский,2.0,4.0,8.3,44.7,4390000.0,3.0, Бурденко,74.8,Площадь Маркса,2017
developer,Октябрьский,7.0,23.0,26.2,35.5,11120000.0,3.0,Большевистская ,93.23,Спортивная,2028
real_estate_agent,Центральный,9.0,14.0,20.5,32.1,17200000.0,3.0, Некрасова,73.1,Маршала Покрышкина,2023
real_estate_agent,Ленинский,6.0,9.0,7.1,37.8,4900000.0,3.0, Невельского,57.2,Площадь Маркса,2015
real_estate_agent,Октябрьский,4.0,11.0,16.84,67.36,16990000.0,3.0,Зыряновская ,84.2,Речной вокзал,2025
homeowner,Заельцовский,20.0,24.0,9.7,35.8,17450000.0,3.0,Красный проспект,67.1,Заельцовская,2025
developer,Октябрьский,6.0,7.0,22.2,34.6,13310000.0,3.0,Большевистская ,81.44,Речной вокзал,2026
real_estate_agent,Ленинский,4.0,5.0,5.7,48.0,4600000.0,3.0, Котовского,62.8,Площадь Маркса,2015
developer,Октябрьский,4.0,10.0,13.26,53.04,8948000.0,3.0,Выборная ,66.3,Речной вокзал,2026
real_estate_agent,Октябрьский,6.0,9.0,8.0,51.0,8500000.0,3.0, Лескова,59.0,Речной вокзал,1983
real_estate_agent,Первомайский,3.0,5.0,7.0,36.0,5250000.0,3.0, Твардовского,60.0,Спортивная,1972
developer,Калининский,3.0,21.0,5.3,36.0,6589350.0,3.0,Юбилейный мкр,54.6,Заельцовская,2027
realtor,Кировский,1.0,5.0,6.7,38.8,4800000.0,3.0, Зорге,57.2,Площадь Маркса,1973
real_estate_agent,Октябрьский,18.0,18.0,11.108,44.432,4170000.0,3.0, В. Высоцкого,55.54,Золотая Нива,2025
real_estate_agent,Ленинский,2.0,5.0,5.9,35.1,4800000.0,3.0, Котовского,55.0,Площадь Маркса,2015
real_estate_agent,Калининский,1.0,5.0,6.0,42.0,4190000.0,3.0, Новоуральская,59.0,Заельцовская,1980
real_estate_agent,Ленинский,1.0,5.0,5.0,39.0,4850000.0,3.0,Широкая ,58.0,Студенческая,1971
real_estate_agent,Кировский,1.0,5.0,6.7,41.6,4298000.0,3.0, Зорге,58.0,Площадь Маркса,1971
developer,Центральный,3.0,16.0,68.26,273.04,33310000.0,3.0, Семьи Шамшиных,341.3,Маршала Покрышкина,2024
real_estate_agent,Кировский,9.0,9.0,7.0,44.0,4300000.0,3.0, Зорге,60.0,Площадь Маркса,1974
real_estate_agent,Ленинский,1.0,10.0,10.0,40.0,5000000.0,3.0,Колхидская ,61.7,Площадь Маркса,2015
real_estate_agent,Первомайский,1.0,5.0,5.2,41.3,4300000.0,3.0,Звездная ,58.5,Спортивная,2013
developer,Калининский,8.0,9.0,16.0,42.7,13778290.0,3.0, Богдана Хмельницкого,82.2,Заельцовская,2028
real_estate_agent,Кировский,4.0,5.0,5.5,45.0,4300000.0,3.0, Зорге,62.0,Площадь Маркса,1967
developer,Калининский,3.0,15.0,17.72,70.88,9400000.0,3.0,Родники мкр,88.6,Заельцовская,2026
real_estate_agent,Ленинский,1.0,5.0,6.1,43.0,5150000.0,3.0, Блюхера,55.7,Студенческая,2015
real_estate_agent,Первомайский,5.0,9.0,7.0,34.0,4300000.0,3.0,1-я Механическая ,57.0,Речной вокзал,2013
developer,Октябрьский,4.0,9.0,21.7,37.6,14370000.0,3.0,Большевистская ,93.59,Речной вокзал,2026
real_estate_agent,Октябрьский,4.0,5.0,7.0,31.0,5180000.0,3.0,Пешеходная ,55.0,Золотая Нива,1970
real_estate_agent,Кировский,4.0,5.0,6.8,38.6,4350000.0,3.0, Палласа,57.8,Площадь Маркса,1990
developer,Ленинский,2.0,9.0,12.43,49.72,6800000.0,3.0, Титова,62.15,Площадь Маркса,2026
real_estate_agent,Кировский,3.0,9.0,9.0,40.0,5200000.0,3.0, Оловозаводская,62.7,Площадь Маркса,2017
real_estate_agent,Кировский,5.0,9.0,7.0,45.0,4390000.0,3.0, Саввы Кожевникова,63.0,Студенческая,1987
real_estate_agent,Октябрьский,11.0,20.0,14.418000000000001,57.672000000000004,11150000.0,3.0,Ленинградская ,72.09,Речной вокзал,2025
developer,Заельцовский,8.0,25.0,6.9,34.4,15767616.0,3.0,Дачная ,85.5,Заельцовская,2025
real_estate_agent,Советский,5.0,5.0,6.0,45.3,6000000.0,3.0, Иванова,62.0,Студенческая,1994
developer,Кировский,5.0,30.0,24.5,34.4,12360000.0,3.0, Немировича-Данченко,81.1,Студенческая,2028
real_estate_agent,Кировский,5.0,9.0,7.0,43.0,4450000.0,3.0, Петухова,62.0,Площадь Маркса,1976
developer,Дзержинский,2.0,25.0,5.5,44.8,10875200.0,3.0, Есенина,69.7,Золотая Нива,2026
real_estate_agent,Кировский,3.0,10.0,12.8,57.0,5500000.0,3.0, Виктора Шевелева,86.4,Студенческая,2020
developer,Заельцовский,2.0,11.0,19.3,53.60000000000001,15556000.0,3.0,Дачное шоссе,72.9,Красный Проспект,2028
real_estate_agent,Ленинский,9.0,9.0,7.2,47.6,5700000.0,3.0, Связистов,63.5,Площадь Маркса,1975
real_estate_agent,Заельцовский,9.0,24.0,14.058000000000002,56.232000000000006,13490000.0,3.0,Красный проспект,70.29,Заельцовская,2027
real_estate_agent,Заельцовский,2.0,5.0,7.0,30.0,5400000.0,3.0,Холодильная ,43.0,Заельцовская,1976
developer,Кировский,25.0,26.0,20.0,25.4,10460000.0,3.0, Аникина,73.05,Студенческая,2026
real_estate_agent,Калининский,3.0,9.0,8.7,38.1,5850000.0,3.0, Фадеева,62.2,Заельцовская,1985
real_estate_agent,Первомайский,2.0,4.0,6.2,44.4,4350000.0,3.0,Сызранская ,59.4,Спортивная,1965
developer,Калининский,5.0,9.0,15.6,40.9,12803509.0,3.0, Богдана Хмельницкого,71.1,Заельцовская,2028
real_estate_agent,Ленинский,2.0,9.0,9.0,40.0,5890000.0,3.0, 9-й Гвардейской Дивизии,64.0,Площадь Маркса,1984
real_estate_agent,Кировский,3.0,5.0,6.0,44.0,4350000.0,3.0, Петухова,59.0,Площадь Маркса,2017
developer,Ленинский,3.0,18.0,13.9,42.7,8818500.0,3.0, Титова,74.61,Площадь Маркса,2026
real_estate_agent,Кировский,5.0,5.0,6.0,44.0,5600000.0,3.0, Немировича-Данченко,59.5,Площадь Маркса,2017
real_estate_agent,Калининский,4.0,5.0,6.0,40.0,4400000.0,3.0, Столетова,59.0,Заельцовская,1967
developer,Дзержинский,11.0,14.0,5.0,32.1,7900000.0,3.0, Есенина,50.2,Золотая Нива,2027
real_estate_agent,Первомайский,5.0,19.0,10.0,35.0,5500000.0,3.0, Твардовского,50.0,Спортивная,2014
real_estate_agent,Ленинский,5.0,5.0,7.5,37.0,4400000.0,3.0, Забалуева,57.0,Площадь Маркса,1974
developer,Калининский,2.0,21.0,5.1,36.4,6468300.0,3.0,Юбилейный мкр,53.8,Заельцовская,2027
real_estate_agent,Октябрьский,10.0,10.0,12.9,56.5,5450000.0,3.0,Плющихинский жилмассив,87.4,Золотая Нива,2020
real_estate_agent,Калининский,5.0,5.0,6.0,46.0,4600000.0,3.0, Макаренко,62.5,Березовая Роща,1967
developer,Октябрьский,7.0,8.0,10.68,42.72,9005000.0,3.0,Выборная ,53.4,Речной вокзал,2027
real_estate_agent,Октябрьский,3.0,10.0,9.0,45.5,5500000.0,3.0, Виталия Потылицына,59.0,Золотая Нива,2016
real_estate_agent,Заельцовский,19.0,24.0,14.840000000000002,59.36000000000001,14250000.0,3.0,Красный проспект,74.2,Заельцовская,2027
realtor,Кировский,1.0,3.0,8.0,55.0,5500000.0,3.0, Урманова,82.0,Студенческая,2017
real_estate_agent,Ленинский,1.0,5.0,7.0,42.0,4600000.0,3.0, Связистов,57.0,Площадь Маркса,1975
developer,Дзержинский,23.0,25.0,16.404,65.616,13943400.0,3.0, Королева,82.02,Березовая Роща,2025
real_estate_agent,Ленинский,8.0,9.0,5.7,35.6,5500000.0,3.0,Широкая ,54.8,Площадь Маркса,1991
real_estate_agent,Октябрьский,1.0,18.0,5.0,35.0,4600000.0,3.0, Плющихинская,58.0,Золотая Нива,2024
developer,Заельцовский,17.0,25.0,4.1,31.2,16815975.0,3.0,Дачная ,89.1,Заельцовская,2025
real_estate_agent,Первомайский,1.0,19.0,14.0,34.7,4600000.0,3.0, Твардовского,48.7,Спортивная,2015
developer,Заельцовский,14.0,24.0,12.440000000000001,49.760000000000005,12310000.0,3.0,Сухарная ,62.2,Площадь Гарина-Михайловского,2028
real_estate_agent,Октябрьский,1.0,3.0,20.0,35.0,5500000.0,3.0,Военного Городка тер.,59.3,Золотая Нива,2020
real_estate_agent,Кировский,1.0,5.0,6.0,41.9,4600000.0,3.0, Бородина,58.0,Площадь Маркса,1986
developer,Заельцовский,1.0,11.0,19.2,69.1,30019000.0,3.0,Дачное шоссе,88.3,Красный Проспект,2028
real_estate_agent,Ленинский,9.0,9.0,7.6,54.8,5500000.0,3.0, 9-й Гвардейской Дивизии,62.4,Площадь Маркса,2015
real_estate_agent,Заельцовский,5.0,5.0,8.8,36.0,4690000.0,3.0,Кубовая ,60.4,Заельцовская,1989
real_estate_agent,Заельцовский,15.0,24.0,12.538,50.152,12020000.0,3.0,Красный проспект,62.69,Заельцовская,2027
realtor,Ленинский,2.0,10.0,11.4,45.6,5500000.0,3.0, Титова,57.0,Площадь Маркса,2015
real_estate_agent,Октябрьский,1.0,3.0,5.8,40.7,4650000.0,3.0, Ключ-Камышенское плато,56.7,Речной вокзал,1960
developer,Ленинский,1.0,23.0,13.068000000000001,52.272000000000006,8500000.0,3.0,Пермская ,65.34,Площадь Маркса,2025
real_estate_agent,Советский,1.0,5.0,7.0,39.0,4700000.0,3.0,Барьерная ,58.0,Студенческая,1994
developer,Октябрьский,5.0,8.0,12.100000000000001,48.400000000000006,9415000.0,3.0,Выборная ,60.5,Речной вокзал,2027
real_estate_agent,Октябрьский,2.0,10.0,8.5,45.5,4600000.0,3.0, Плющихинская,59.02,Золотая Нива,2025
developer,Центральный,4.0,14.0,14.4,44.9,18721511.0,3.0, Чаплыгина,64.3,Площадь Ленина,2022
real_estate_agent,Октябрьский,3.0,10.0,8.5,45.5,4700000.0,3.0,Плющихинский жилмассив,59.02,Золотая Нива,2020
developer,Кировский,16.0,18.0,5.3,42.0,7700000.0,3.0, Немировича-Данченко,63.7,Студенческая,2028
developer,Заельцовский,1.0,11.0,14.5,88.02,24400000.0,3.0,Дачное шоссе,102.52,Заельцовская,2025
real_estate_agent,Ленинский,3.0,5.0,15.0,43.0,5850000.0,3.0, Невельского,58.0,Студенческая,2015
developer,Заельцовский,17.0,25.0,6.9,34.4,16426956.0,3.0,Дачная ,85.1,Заельцовская,2025
developer,Октябрьский,2.0,23.0,26.0,44.1,10570000.0,3.0,Большевистская ,88.27,Спортивная,2028
real_estate_agent,Заельцовский,3.0,5.0,5.6,38.6,5899999.0,3.0, Аэропорт,57.4,Заельцовская,1974
real_estate_agent,Ленинский,3.0,3.0,8.1,50.2,4650000.0,3.0, Халтурина,72.3,Площадь Маркса,1959
developer,Кировский,10.0,10.0,20.0,35.8,9850000.0,3.0,18-й Бронный переулок,80.9,Студенческая,2025
real_estate_agent,Советский,4.0,9.0,7.0,43.0,5300000.0,3.0,Приморская ,61.0,Студенческая,1978
developer,Ленинский,2.0,14.0,17.540000000000003,70.16000000000001,7300000.0,3.0, Титова,87.7,Площадь Маркса,2026
real_estate_agent,Кировский,5.0,5.0,6.0,40.0,5950000.0,3.0, Немировича-Данченко,61.0,Площадь Маркса,1967
developer,Октябрьский,24.0,25.0,21.9,21.2,8900000.0,3.0, Кирова,57.73,Октябрьская,2026
realtor,Дзержинский,8.0,9.0,7.2,38.4,5609009.0,3.0,Гусинобродское шоссе,59.4,Золотая Нива,1975
real_estate_agent,Первомайский,4.0,5.0,7.0,34.0,4700000.0,3.0, Шукшина,54.0,Спортивная,1976
real_estate_agent,Калининский,8.0,13.0,21.44,85.76,11200000.0,3.0,Родники мкр,107.2,Заельцовская,2027
real_estate_agent,Первомайский,15.0,18.0,10.0,36.8,5950000.0,3.0, Одоевского,61.3,Речной вокзал,2012
real_estate_agent,Кировский,3.0,5.0,6.0,39.0,4700000.0,3.0, Сибиряков-Гвардейцев,52.1,Площадь Маркса,1970
real_estate_agent,Кировский,3.0,24.0,11.16,44.64,6900000.0,3.0, Немировича-Данченко,55.8,Студенческая,2028
real_estate_agent,Кировский,4.0,5.0,18.5,28.1,4700000.0,3.0, Петухова,58.9,Площадь Маркса,1975
developer,Заельцовский,22.0,23.0,6.1,35.2,9900000.0,3.0, Ляпидевского,65.7,Заельцовская,2025
realtor,Ленинский,5.0,5.0,7.1,37.6,5650000.0,3.0,Широкая ,56.6,Студенческая,1976
real_estate_agent,Ленинский,2.0,3.0,7.2,42.6,4700000.0,3.0,Станционная ,66.0,Площадь Маркса,1930
developer,Октябрьский,2.0,20.0,17.1,41.9,9628300.0,3.0, Кирова,85.98,Октябрьская,2026
real_estate_agent,Ленинский,4.0,5.0,7.4,38.4,4700000.0,3.0,Полтавская ,58.3,Площадь Маркса,1975
developer,Октябрьский,8.0,23.0,30.6,38.7,15750000.0,3.0,Большевистская ,120.47,Спортивная,2028
real_estate_agent,Октябрьский,6.0,10.0,13.0,58.0,5900000.0,3.0, Плющихинская,88.0,Золотая Нива,2024
real_estate_agent,Кировский,10.0,10.0,8.5,49.5,4799000.0,3.0, Виктора Шевелева,58.0,Студенческая,2017
developer,Кировский,2.0,8.0,18.2,42.1,15400000.0,3.0, Немировича-Данченко,96.4,Студенческая,2028
real_estate_agent,Ленинский,9.0,9.0,7.1,33.7,4780000.0,3.0,Троллейная ,54.0,Площадь Маркса,1980
developer,Калининский,11.0,17.0,11.82,47.28,6900000.0,3.0,На Игарской кв-л,59.1,Заельцовская,2027
real_estate_agent,Кировский,3.0,9.0,6.7,44.3,4800000.0,3.0, Зорге,61.3,Площадь Маркса,1971
developer,Дзержинский,11.0,14.0,6.8,44.8,8990000.0,3.0, Есенина,72.2,Золотая Нива,2027
real_estate_agent,Заельцовский,3.0,6.0,22.62,90.48,29406000.0,3.0, Победы,113.1,Заельцовская,2020
real_estate_agent,Дзержинский,1.0,5.0,6.0,47.3,4800000.0,3.0, Есенина,59.3,Золотая Нива,1965
developer,Дзержинский,1.0,25.0,5.5,44.7,10768800.0,3.0, Есенина,73.0,Золотая Нива,2026
real_estate_agent,Кировский,3.0,12.0,9.8,44.0,6000000.0,3.0, Зорге,70.8,Площадь Маркса,2017
real_estate_agent,Калининский,6.0,9.0,9.8,37.3,6000000.0,3.0, Мясниковой,63.6,Заельцовская,2013
real_estate_agent,Дзержинский,8.0,9.0,6.2,43.0,6140000.0,3.0, Королева,59.0,Березовая Роща,1973
real_estate_agent,Октябрьский,1.0,10.0,8.8,39.9,6100000.0,3.0, Ключ-Камышенское плато,64.8,Спортивная,1996
real_estate_agent,Кировский,8.0,10.0,8.0,45.5,6100000.0,3.0, Александра Чистякова,59.0,Студенческая,2018
real_estate_agent,Ленинский,6.0,10.0,10.2,40.3,6100000.0,3.0,Троллейная ,66.2,Площадь Маркса,2015
real_estate_agent,Кировский,3.0,17.0,6.4,37.6,6109180.0,3.0,Бронная ,56.5,Площадь Маркса,2024
real_estate_agent,Октябрьский,1.0,9.0,7.3,38.0,6100000.0,3.0, Бориса Богаткова,56.0,Золотая Нива,1972
real_estate_agent,Дзержинский,8.0,9.0,7.5,38.2,6100000.0,3.0, Есенина,60.6,Золотая Нива,2019
real_estate_agent,Октябрьский,4.0,10.0,9.0,40.0,6150000.0,3.0, Виталия Потылицына,60.0,Золотая Нива,2020
real_estate_agent,Калининский,4.0,9.0,8.8,40.9,6190000.0,3.0, Красных Зорь,65.4,Заельцовская,1989
real_estate_agent,Ленинский,3.0,5.0,6.0,40.0,6150000.0,3.0, Блюхера,58.0,Площадь Маркса,2015
real_estate_agent,Ленинский,7.0,9.0,7.4,37.9,6150000.0,3.0, 9-й Гвардейской Дивизии,60.3,Площадь Маркса,1983
real_estate_agent,Октябрьский,10.0,10.0,10.8,39.0,6190000.0,3.0,Выборная ,63.0,Речной вокзал,1993
real_estate_agent,Дзержинский,2.0,6.0,8.1,41.6,6190000.0,3.0, Авиастроителей,65.1,Березовая Роща,1936
real_estate_agent,Железнодорожный,5.0,5.0,6.0,33.5,6150000.0,3.0,Сибирская ,50.0,Площадь Гарина-Михайловского,1971
real_estate_agent,Дзержинский,3.0,9.0,7.1,40.7,6199000.0,3.0,Гусинобродское шоссе,59.2,Золотая Нива,2019
real_estate_agent,Дзержинский,3.0,9.0,12.4,38.0,6150000.0,3.0, Есенина,60.2,Золотая Нива,1967
realtor,Ленинский,7.0,10.0,7.2,44.7,6150000.0,3.0,Киевская ,61.4,Площадь Маркса,1990
realtor,Советский,2.0,5.0,17.0,28.0,6150000.0,3.0, Сердюкова,57.5,Студенческая,1977
real_estate_agent,Железнодорожный,1.0,5.0,5.2,41.9,6250000.0,3.0, Ленина,55.6,Площадь Гарина-Михайловского,1963
real_estate_agent,Заельцовский,9.0,9.0,7.0,40.0,6200000.0,3.0, Кропоткина,60.0,Гагаринская,1981
real_estate_agent,Дзержинский,6.0,9.0,7.0,41.8,6250000.0,3.0, Толбухина,62.1,Золотая Нива,1976
real_estate_agent,Октябрьский,2.0,10.0,8.7,39.9,6200000.0,3.0, В. Высоцкого,64.3,Золотая Нива,1989
real_estate_agent,Ленинский,5.0,9.0,7.0,43.0,6200000.0,3.0, 9-й Гвардейской Дивизии,61.3,Площадь Маркса,1985
real_estate_agent,Советский,8.0,9.0,9.0,39.0,6250000.0,3.0, Русская,63.0,Студенческая,1976
real_estate_agent,Октябрьский,7.0,10.0,11.0,38.7,6250000.0,3.0,Выборная ,62.7,Речной вокзал,1996
real_estate_agent,Кировский,6.0,17.0,15.0,58.0,6200000.0,3.0, Виктора Уса,78.5,Площадь Маркса,2016
real_estate_agent,Калининский,6.0,9.0,10.9,38.5,6200000.0,3.0, Рассветная,62.6,Заельцовская,2017
real_estate_agent,Заельцовский,2.0,5.0,6.2,42.0,6240000.0,3.0,Дачная ,57.0,Заельцовская,2022
real_estate_agent,Ленинский,6.0,10.0,8.0,54.0,6200000.0,3.0,Широкая ,62.0,Площадь Маркса,1990
real_estate_agent,Советский,3.0,9.0,8.5,38.2,6200000.0,3.0,Ветлужская ,61.2,Площадь Маркса,1994
real_estate_agent,Ленинский,3.0,9.0,6.7,41.9,6200000.0,3.0,Новосибирская ,60.2,Площадь Маркса,1981
real_estate_agent,Кировский,10.0,10.0,13.0,57.0,6200000.0,3.0, Виктора Шевелева,86.3,Студенческая,2017
real_estate_agent,Кировский,10.0,10.0,8.8,55.8,6200000.0,3.0,Беловежская ,64.6,Площадь Маркса,2017
real_estate_agent,Дзержинский,9.0,9.0,7.0,42.0,6200000.0,3.0, Доватора,62.0,Золотая Нива,2019
realtor,Советский,9.0,9.0,8.8,38.5,6200000.0,3.0, Русская,63.7,Студенческая,1978
real_estate_agent,Октябрьский,6.0,9.0,8.1,37.7,6300000.0,3.0, Бориса Богаткова,59.4,Золотая Нива,1986
real_estate_agent,Дзержинский,1.0,5.0,6.0,46.3,6300000.0,3.0, Бориса Богаткова,62.0,Золотая Нива,1967
real_estate_agent,Кировский,16.0,17.0,9.0,48.0,6300000.0,3.0, Александра Чистякова,72.2,Студенческая,2021
real_estate_agent,Калининский,2.0,9.0,10.8,38.7,6300000.0,3.0, Объединения,63.0,Заельцовская,2017
real_estate_agent,Ленинский,8.0,9.0,7.0,42.1,6300000.0,3.0,Ударная ,60.8,Площадь Маркса,1976
real_estate_agent,Советский,4.0,10.0,23.4,28.0,6300000.0,3.0, Печатников,60.6,Студенческая,2005
real_estate_agent,Октябрьский,3.0,5.0,5.9,35.6,6300000.0,3.0, Панфиловцев,56.5,Золотая Нива,1961
real_estate_agent,Советский,7.0,9.0,9.0,38.5,6300000.0,3.0, Тружеников,63.4,Студенческая,1975
real_estate_agent,Ленинский,4.0,10.0,8.0,38.0,6300000.0,3.0,Троллейная ,59.3,Площадь Маркса,2006
real_estate_agent,Заельцовский,4.0,9.0,7.1,42.5,6350000.0,3.0, Кропоткина,61.4,Гагаринская,1973
real_estate_agent,Октябрьский,7.0,10.0,9.0,45.0,6360000.0,3.0, В. Высоцкого,65.3,Золотая Нива,1990
real_estate_agent,Ленинский,3.0,13.0,8.8,39.9,6350000.0,3.0,Волховская ,66.5,Площадь Маркса,1999
real_estate_agent,Ленинский,3.0,9.0,8.6,39.5,6390000.0,3.0, Пархоменко,64.1,Площадь Маркса,2015
real_estate_agent,Дзержинский,5.0,9.0,7.1,41.0,6390000.0,3.0, Адриена Лежена,62.3,Золотая Нива,2019
real_estate_agent,Ленинский,6.0,9.0,6.9,33.9,6450000.0,3.0, Ватутина,56.6,Площадь Маркса,1979
real_estate_agent,Кировский,16.0,17.0,5.6,40.9,6400000.0,3.0, Петухова,69.7,Площадь Маркса,2017
real_estate_agent,Ленинский,2.0,9.0,8.6,41.6,6400000.0,3.0, Связистов,64.3,Площадь Маркса,2015
real_estate_agent,Заельцовский,6.0,9.0,7.0,37.5,6420000.0,3.0,Линейная ,58.7,Гагаринская,1979
real_estate_agent,Ленинский,1.0,17.0,20.1,34.6,6400000.0,3.0,Междуреченская ,59.7,Площадь Маркса,2020
real_estate_agent,Заельцовский,1.0,9.0,7.2,43.8,6400000.0,3.0, Кропоткина,61.3,Гагаринская,1971
real_estate_agent,Ленинский,7.0,9.0,6.9,42.7,6450000.0,3.0,Троллейная ,63.1,Площадь Маркса,1984
real_estate_agent,Ленинский,7.0,7.0,9.0,40.0,6490000.0,3.0,Новосибирская ,67.0,Площадь Маркса,2020
real_estate_agent,Заельцовский,2.0,5.0,8.0,48.0,6450000.0,3.0, Дуси Ковальчук,56.0,Заельцовская,1961
real_estate_agent,Дзержинский,2.0,5.0,5.9,40.6,6400000.0,3.0,проспект Дзержинского,65.7,Березовая Роща,1950
real_estate_agent,Ленинский,5.0,5.0,7.0,38.5,6490000.0,3.0, Невельского,56.9,Площадь Маркса,1967
realtor,Ленинский,1.0,17.0,10.0,40.0,6490000.0,3.0,Междуреченская ,77.4,Красный Проспект,2020
real_estate_agent,Заельцовский,4.0,5.0,6.3,43.2,6450000.0,3.0,Рельсовая ,58.2,Гагаринская,1969
real_estate_agent,Заельцовский,2.0,5.0,6.0,44.0,6450000.0,3.0, Дуси Ковальчук,56.0,Заельцовская,1961
real_estate_agent,Калининский,6.0,17.0,35.0,5.0,6450000.0,3.0,Игарская ,59.1,Заельцовская,2017
real_estate_agent,Советский,4.0,9.0,9.0,39.0,6490000.0,3.0, Русская,63.0,Студенческая,1977
real_estate_agent,Октябрьский,17.0,18.0,10.0,45.0,6400000.0,3.0, Виталия Потылицына,80.0,Золотая Нива,2014
real_estate_agent,Ленинский,2.0,9.0,25.0,30.0,6400000.0,3.0, Титова,61.0,Студенческая,2015
real_estate_agent,Кировский,7.0,17.0,12.0,45.0,6400000.0,3.0, Петухова,70.8,Площадь Маркса,2024
real_estate_agent,Ленинский,6.0,6.0,8.7,40.2,6400000.0,3.0,Новосибирская ,64.6,Площадь Маркса,2015
real_estate_agent,Ленинский,5.0,9.0,9.0,42.0,6400000.0,3.0, Связистов,66.2,Площадь Маркса,1986
real_estate_agent,Кировский,2.0,10.0,13.0,57.0,6400000.0,3.0, Виктора Шевелева,87.0,Студенческая,2017
realtor,Ленинский,3.0,10.0,12.4,49.6,6450000.0,3.0,Широкая ,62.0,Площадь Маркса,2015
real_estate_agent,Центральный,2.0,9.0,8.0,36.0,6520000.0,3.0, Гоголя,55.0,Маршала Покрышкина,1965
real_estate_agent,Первомайский,6.0,9.0,8.0,38.0,6500000.0,3.0, Чапаева,59.0,Речной вокзал,1987
real_estate_agent,Советский,3.0,10.0,8.8,38.6,6500000.0,3.0, Вахтангова,62.7,Студенческая,1994
real_estate_agent,Заельцовский,5.0,5.0,9.0,42.7,6500000.0,3.0, Аэропорт,73.4,Заельцовская,2011
real_estate_agent,Калининский,9.0,9.0,7.3,40.1,6500000.0,3.0, Фадеева,65.0,Заельцовская,1993
real_estate_agent,Октябрьский,2.0,10.0,8.5,45.5,6500000.0,3.0, Плющихинская,59.02,Золотая Нива,2021
real_estate_agent,Калининский,3.0,9.0,10.7,38.7,6500000.0,3.0, Тюленина,63.0,Заельцовская,1990
real_estate_agent,Кировский,3.0,9.0,7.0,39.4,6500000.0,3.0, Петухова,60.1,Площадь Маркса,1977
real_estate_agent,Заельцовский,4.0,9.0,7.2,42.4,6500000.0,3.0, Дуси Ковальчук,60.3,Гагаринская,1981
real_estate_agent,Дзержинский,1.0,5.0,5.5,45.2,6500000.0,3.0, Бориса Богаткова,60.8,Золотая Нива,1967
real_estate_agent,Кировский,4.0,10.0,8.5,44.7,6500000.0,3.0, Николая Сотникова,58.2,Студенческая,2019
real_estate_agent,Октябрьский,10.0,10.0,9.1,40.9,6500000.0,3.0, В. Высоцкого,66.2,Золотая Нива,1992
real_estate_agent,Октябрьский,1.0,9.0,8.2,39.9,6500000.0,3.0,Выборная ,63.5,Речной вокзал,1987
real_estate_agent,Дзержинский,5.0,6.0,25.0,45.0,6500000.0,3.0,проспект Дзержинского,78.0,Березовая Роща,2019
real_estate_agent,Калининский,3.0,9.0,9.0,42.0,6500000.0,3.0, Кропоткина,58.9,Березовая Роща,2017
real_estate_agent,Калининский,7.0,10.0,6.8,42.0,6500000.0,3.0, Объединения,58.6,Заельцовская,1974
real_estate_agent,Дзержинский,1.0,5.0,5.8,45.7,6500000.0,3.0, Бориса Богаткова,61.3,Золотая Нива,1967
real_estate_agent,Октябрьский,2.0,10.0,13.7,41.9,6500000.0,3.0, Татьяны Снежиной,75.8,Золотая Нива,2010
real_estate_agent,Октябрьский,6.0,9.0,7.0,42.0,6500000.0,3.0,Вилюйская ,61.0,Речной вокзал,2020
real_estate_agent,Ленинский,6.0,10.0,9.1,40.5,6500000.0,3.0,Киевская ,66.0,Площадь Маркса,1990
real_estate_agent,Кировский,6.0,24.0,18.8,27.3,6500000.0,3.0, Петухова,59.8,Спортивная,2023
real_estate_agent,Дзержинский,5.0,5.0,6.0,47.0,6500000.0,3.0, Полякова,58.4,Березовая Роща,1989
realtor,Ленинский,9.0,10.0,7.2,42.2,6520000.0,3.0,Троллейная ,63.3,Площадь Маркса,2015
real_estate_agent,Октябрьский,9.0,9.0,7.2,41.2,6590000.0,3.0, Бориса Богаткова,62.4,Золотая Нива,1973
real_estate_agent,Ленинский,8.0,9.0,8.2,39.0,6580000.0,3.0, Пархоменко,62.7,Площадь Маркса,2015
real_estate_agent,Дзержинский,5.0,5.0,9.8,49.4,6600000.0,3.0,Трикотажная ,80.7,Березовая Роща,1957
real_estate_agent,Дзержинский,9.0,9.0,7.1,42.3,6600000.0,3.0, Адриена Лежена,60.1,Золотая Нива,1974
real_estate_agent,Кировский,10.0,17.0,18.0,40.0,6600000.0,3.0, Александра Чистякова,58.0,Студенческая,2022
real_estate_agent,Ленинский,9.0,9.0,9.0,40.0,6600000.0,3.0,Троллейная ,60.0,Площадь Маркса,1981
real_estate_agent,Ленинский,5.0,5.0,7.0,38.8,6600000.0,3.0,Геодезическая ,58.3,Студенческая,1976
real_estate_agent,Дзержинский,8.0,9.0,6.8,37.5,6600000.0,3.0, Кошурникова,56.3,Золотая Нива,1972
real_estate_agent,Ленинский,9.0,9.0,7.2,42.0,6600000.0,3.0,Степная ,60.5,Площадь Маркса,1986
real_estate_agent,Железнодорожный,6.0,9.0,5.3,41.0,6700000.0,3.0, Вокзальная магистраль,58.3,Площадь Гарина-Михайловского,1969
real_estate_agent,Калининский,5.0,9.0,13.5,42.8,6700000.0,3.0, Михаила Немыткина,73.5,Заельцовская,2016
real_estate_agent,Октябрьский,2.0,5.0,5.0,45.5,6700000.0,3.0, Бориса Богаткова,61.0,Золотая Нива,1969
real_estate_agent,Кировский,10.0,10.0,13.0,57.0,6700000.0,3.0, Виктора Шевелева,87.0,Студенческая,2019
real_estate_agent,Советский,5.0,9.0,8.9,38.8,6650000.0,3.0, Экваторная,63.6,Речной вокзал,1984
real_estate_agent,Заельцовский,1.0,5.0,7.6,38.9,6650000.0,3.0, Кропоткина,59.0,Гагаринская,2022
real_estate_agent,Дзержинский,2.0,5.0,6.7,49.7,6666666.0,3.0,Промышленная ,70.8,Березовая Роща,2019
real_estate_agent,Калининский,10.0,10.0,10.2,40.0,6650000.0,3.0, Краузе,68.1,Заельцовская,2006
real_estate_agent,Заельцовский,2.0,5.0,6.0,41.0,6700000.0,3.0, Дуси Ковальчук,62.0,Заельцовская,1964
real_estate_agent,Ленинский,3.0,5.0,6.1,44.0,6750000.0,3.0,Геодезическая ,58.0,Студенческая,2015
real_estate_agent,Ленинский,1.0,10.0,13.4,42.8,6800000.0,3.0,Спортивная ,73.0,Площадь Маркса,2015
real_estate_agent,Ленинский,9.0,10.0,8.5,38.1,6800000.0,3.0,Планировочная ,61.1,Студенческая,1993
real_estate_agent,Первомайский,9.0,9.0,8.0,45.0,6800000.0,3.0,Первомайская ,61.3,Речной вокзал,1984
real_estate_agent,Первомайский,1.0,10.0,11.4,41.8,6800000.0,3.0, Заречная,78.5,Спортивная,2013
real_estate_agent,Дзержинский,2.0,4.0,10.0,48.3,6870000.0,3.0, Ярослава Гашека,72.3,Золотая Нива,1985
real_estate_agent,Кировский,4.0,10.0,8.2,38.1,6800000.0,3.0, Сибиряков-Гвардейцев,61.3,Площадь Маркса,1989
real_estate_agent,Кировский,6.0,10.0,12.8,56.4,6850000.0,3.0, Николая Сотникова,86.1,Студенческая,2023
real_estate_agent,Октябрьский,7.0,9.0,7.0,41.3,6850000.0,3.0,Ленинградская ,62.5,Речной вокзал,1976
real_estate_agent,Железнодорожный,8.0,9.0,5.5,39.0,6850000.0,3.0, Вокзальная магистраль,55.9,Площадь Гарина-Михайловского,1969
real_estate_agent,Калининский,4.0,5.0,23.0,33.6,6800000.0,3.0, Богдана Хмельницкого,56.6,Заельцовская,1960
real_estate_agent,Советский,3.0,10.0,13.4,43.0,6800000.0,3.0,Приморская ,73.3,Студенческая,2013
real_estate_agent,Ленинский,2.0,16.0,10.600000000000001,42.400000000000006,6800000.0,3.0, Ясный Берег,53.0,Октябрьская,2023
real_estate_agent,Октябрьский,6.0,9.0,6.0,42.4,6800000.0,3.0, Федосеева,61.4,Золотая Нива,1978
real_estate_agent,Заельцовский,19.0,19.0,5.4,52.0,6800000.0,3.0, Дуси Ковальчук,87.0,Заельцовская,2022
real_estate_agent,Кировский,18.0,18.0,48.0,23.900000000000006,6890000.0,3.0, Николая Сотникова,71.9,Студенческая,2023
real_estate_agent,Советский,3.0,6.0,10.6,51.7,6900000.0,3.0, Ивлева,84.7,Студенческая,2020
real_estate_agent,Ленинский,4.0,5.0,13.3,39.2,6900000.0,3.0, Ватутина,57.5,Площадь Маркса,1962
real_estate_agent,Кировский,7.0,9.0,10.7,39.5,6900000.0,3.0, Чигорина,63.2,Студенческая,1978
real_estate_agent,Октябрьский,1.0,10.0,16.4,48.6,6900000.0,3.0, Татьяны Снежиной,86.0,Золотая Нива,2011
real_estate_agent,Кировский,1.0,9.0,9.0,46.0,6900000.0,3.0, Урманова,66.0,Студенческая,2017
real_estate_agent,Первомайский,8.0,10.0,10.0,47.7,6900000.0,3.0, Маяковского,57.7,Речной вокзал,1994
real_estate_agent,Ленинский,10.0,18.0,24.0,35.0,6900000.0,3.0, Забалуева,70.0,Площадь Маркса,2023
real_estate_agent,Калининский,5.0,10.0,8.9,40.3,6900000.0,3.0, Фадеева,65.4,Заельцовская,1993
real_estate_agent,Ленинский,2.0,9.0,10.0,38.8,6990000.0,3.0,Степная ,65.1,Площадь Маркса,1989
real_estate_agent,Ленинский,11.0,25.0,10.0,34.0,6950000.0,3.0, Забалуева,44.0,Площадь Маркса,2022
real_estate_agent,Октябрьский,4.0,5.0,16.0,34.0,6950000.0,3.0, Бориса Богаткова,60.0,Золотая Нива,1969
real_estate_agent,Ленинский,5.0,5.0,7.0,52.8,6999000.0,3.0, Котовского,75.1,Площадь Маркса,1933
real_estate_agent,Калининский,1.0,4.0,30.0,58.0,6950000.0,3.0,2-й Краснодонский переулок,98.3,Заельцовская,2017
real_estate_agent,Заельцовский,3.0,9.0,7.0,42.0,6990000.0,3.0, Дуси Ковальчук,60.1,Заельцовская,1985
real_estate_agent,Калининский,2.0,2.0,6.0,33.3,6990000.0,3.0, Богдана Хмельницкого,51.1,Заельцовская,1958
real_estate_agent,Советский,3.0,5.0,6.0,45.1,6990000.0,3.0, Шатурская,60.3,Студенческая,1967
real_estate_agent,Кировский,16.0,17.0,19.7,40.0,6990000.0,3.0, Петухова,80.4,Студенческая,2014
real_estate_agent,Первомайский,12.0,16.0,10.0,26.0,6999000.0,3.0, Заречная,49.7,Речной вокзал,2013
real_estate_agent,Октябрьский,4.0,18.0,7.0,48.2,7000000.0,3.0, Татьяны Снежиной,71.5,Золотая Нива,2020
real_estate_agent,Дзержинский,5.0,10.0,7.2,42.0,7099999.0,3.0, Авиастроителей,60.4,Березовая Роща,1992
real_estate_agent,Кировский,11.0,20.0,10.0,42.0,7000000.0,3.0, Виктора Уса,73.3,Площадь Маркса,2023
real_estate_agent,Ленинский,1.0,6.0,18.0,43.0,7000000.0,3.0,Дивногорская ,70.0,Площадь Маркса,2015
real_estate_agent,Центральный,1.0,5.0,6.2,41.5,7000000.0,3.0, Достоевского,57.1,Сибирская,1964
real_estate_agent,Октябрьский,2.0,9.0,7.5,43.0,7070000.0,3.0, Федосеева,60.0,Золотая Нива,2020
real_estate_agent,Советский,7.0,9.0,7.8,64.7,7000000.0,3.0, Энгельса,72.5,Площадь Маркса,1994
real_estate_agent,Кировский,3.0,9.0,7.1,44.8,7000000.0,3.0, Петухова,60.4,Площадь Маркса,1977
real_estate_agent,Калининский,7.0,9.0,6.0,48.0,7000000.0,3.0,Учительская ,54.0,Заельцовская,1989
real_estate_agent,Октябрьский,1.0,6.0,9.3,47.5,7000000.0,3.0, Грибоедова,72.33,Золотая Нива,2012
real_estate_agent,Кировский,4.0,10.0,7.0,60.0,7000000.0,3.0, Виктора Шевелева,85.9,Студенческая,2019
real_estate_agent,Калининский,1.0,9.0,9.0,41.4,7000000.0,3.0, Красных Зорь,66.1,Заельцовская,1988
real_estate_agent,Калининский,9.0,10.0,9.0,39.0,7000000.0,3.0, Свечникова,63.0,Заельцовская,2002
real_estate_agent,Октябрьский,2.0,10.0,13.5,45.0,7099000.0,3.0, В. Высоцкого,73.5,Золотая Нива,2010
real_estate_agent,Кировский,7.0,10.0,13.0,56.6,7000000.0,3.0, Виктора Шевелева,86.7,Студенческая,2023
real_estate_agent,Советский,1.0,2.0,5.4,39.6,7000000.0,3.0, Героев Труда,58.2,Студенческая,1968
real_estate_agent,Кировский,10.0,17.0,21.0,28.0,7040000.0,3.0, Петухова,72.3,Площадь Маркса,2024
realtor,Советский,3.0,10.0,17.0,20.0,7000000.0,3.0, Экваторная,54.0,Речной вокзал,2012
real_estate_agent,Калининский,5.0,9.0,7.0,44.0,7000000.0,3.0, Кропоткина,60.0,Березовая Роща,2017
real_estate_agent,Ленинский,5.0,5.0,6.0,46.0,7100000.0,3.0,Геодезическая ,62.6,Студенческая,1965
real_estate_agent,Советский,7.0,9.0,9.0,39.0,7100000.0,3.0, Русская,64.0,Студенческая,1977
real_estate_agent,Калининский,7.0,9.0,7.0,42.0,7100000.0,3.0, Кропоткина,57.0,Березовая Роща,1987
real_estate_agent,Железнодорожный,9.0,9.0,11.98,47.92,7100000.0,3.0,Нарымская ,59.9,Красный Проспект,1981
real_estate_agent,Советский,1.0,10.0,10.6,38.2,7100000.0,3.0, Сиреневая,61.7,Студенческая,1992
real_estate_agent,Калининский,8.0,9.0,7.0,42.0,7200000.0,3.0, Кропоткина,60.2,Березовая Роща,1987
real_estate_agent,Ленинский,6.0,10.0,13.0,42.5,7200000.0,3.0,Спортивная ,72.1,Площадь Маркса,2015
real_estate_agent,Калининский,5.0,9.0,8.6,38.0,7200000.0,3.0, Тюленина,62.0,Заельцовская,1990
real_estate_agent,Октябрьский,15.0,18.0,8.0,35.0,7190000.0,3.0,Лазурная ,53.0,Золотая Нива,2020
real_estate_agent,Ленинский,2.0,3.0,8.8,39.1,7150000.0,3.0, Костычева,66.0,Площадь Маркса,2015
real_estate_agent,Первомайский,9.0,17.0,12.7,40.0,7200000.0,3.0, Одоевского,68.3,Речной вокзал,2011
real_estate_agent,Кировский,6.0,10.0,12.7,56.3,7150000.0,3.0, Виктора Шевелева,85.9,Студенческая,2019
real_estate_agent,Ленинский,8.0,17.0,19.2,41.6,7250000.0,3.0,Междуреченская ,80.4,Площадь Маркса,2019
real_estate_agent,Первомайский,1.0,16.0,11.0,44.0,7250000.0,3.0, Заречная,74.0,Речной вокзал,2012
real_estate_agent,Октябрьский,1.0,10.0,8.2,47.0,7299000.0,3.0, В. Высоцкого,61.4,Золотая Нива,2006
real_estate_agent,Заельцовский,3.0,9.0,7.0,37.0,7250000.0,3.0,Красный проспект,61.0,Заельцовская,1981
real_estate_agent,Калининский,5.0,5.0,7.1,45.2,7300000.0,3.0, Богдана Хмельницкого,73.4,Заельцовская,1958
real_estate_agent,Калининский,3.0,5.0,6.0,43.0,7300000.0,3.0,Народная ,56.0,Заельцовская,2017
real_estate_agent,Октябрьский,8.0,9.0,7.0,40.0,7300000.0,3.0, Бориса Богаткова,60.0,Золотая Нива,1977
real_estate_agent,Октябрьский,5.0,9.0,8.0,43.0,7300000.0,3.0, Бориса Богаткова,60.3,Золотая Нива,1971
real_estate_agent,Первомайский,4.0,4.0,8.0,42.0,7300000.0,3.0,Радужная ,70.2,Спортивная,2016
real_estate_agent,Дзержинский,1.0,5.0,6.0,46.0,7300000.0,3.0, Бориса Богаткова,61.2,Золотая Нива,1967
real_estate_agent,Октябрьский,2.0,11.0,8.7,36.8,7320000.0,3.0,Большевистская ,59.6,Речной вокзал,1999
realtor,Дзержинский,11.0,12.0,7.0,42.0,7300000.0,3.0, Бориса Богаткова,58.9,Золотая Нива,1979
real_estate_agent,Октябрьский,5.0,9.0,7.0,40.0,7400000.0,3.0, Бориса Богаткова,62.7,Золотая Нива,1978
real_estate_agent,Октябрьский,2.0,10.0,8.0,38.2,7400000.0,3.0,Большевистская ,61.2,Речной вокзал,1999
real_estate_agent,Заельцовский,4.0,9.0,5.0,37.0,7400000.0,3.0,Дачная ,53.0,Заельцовская,1973
real_estate_agent,Кировский,9.0,17.0,17.4,35.0,7400000.0,3.0, Александра Чистякова,57.8,Студенческая,2022
real_estate_agent,Советский,4.0,9.0,11.0,61.0,7350000.0,3.0, Печатников,72.0,Студенческая,2005
real_estate_agent,Советский,5.0,9.0,9.0,39.0,7480000.0,3.0, Добровольческая,63.0,Студенческая,1974
real_estate_agent,Железнодорожный,4.0,5.0,7.0,46.0,7490000.0,3.0,проспект Димитрова,62.4,Площадь Ленина,1934
real_estate_agent,Железнодорожный,7.0,9.0,5.5,38.4,7450000.0,3.0, Челюскинцев,55.6,Площадь Гарина-Михайловского,2002
real_estate_agent,Ленинский,9.0,9.0,12.8,33.0,7461000.0,3.0, Романтиков,71.06,Площадь Маркса,2015
real_estate_agent,Ленинский,1.0,5.0,7.2,37.0,7500000.0,3.0, Пархоменко,52.3,Площадь Маркса,1949
real_estate_agent,Советский,3.0,9.0,8.7,38.6,7500000.0,3.0, Тружеников,63.1,Студенческая,1994
real_estate_agent,Железнодорожный,3.0,4.0,6.0,36.0,7500000.0,3.0, Чаплыгина,51.1,Площадь Ленина,1934
real_estate_agent,Заельцовский,8.0,9.0,7.0,45.0,7500000.0,3.0, Кропоткина,59.0,Гагаринская,1982
real_estate_agent,Заельцовский,3.0,10.0,7.0,38.0,7500000.0,3.0, Жуковского,56.4,Заельцовская,1987
real_estate_agent,Октябрьский,2.0,10.0,25.5,41.9,7500000.0,3.0, Виталия Потылицына,86.7,Золотая Нива,2016
real_estate_agent,Железнодорожный,4.0,9.0,6.0,34.0,7500000.0,3.0, Челюскинцев,50.0,Площадь Гарина-Михайловского,2002
real_estate_agent,Октябрьский,3.0,5.0,8.7,54.7,7500000.0,3.0,Большевистская ,73.8,Октябрьская,2020
real_estate_agent,Октябрьский,8.0,9.0,7.0,40.0,7500000.0,3.0,Вилюйская ,59.8,Речной вокзал,1975
real_estate_agent,Октябрьский,4.0,10.0,8.6,38.7,7500000.0,3.0, Стофато,64.6,Золотая Нива,2000
real_estate_agent,Дзержинский,3.0,10.0,7.9,45.3,7500000.0,3.0, Есенина,67.6,Золотая Нива,2019
real_estate_agent,Дзержинский,4.0,9.0,8.0,60.0,7500000.0,3.0, Доватора,73.0,Золотая Нива,1975
real_estate_agent,Железнодорожный,1.0,9.0,7.6,41.9,7500000.0,3.0,Сибирская ,63.4,Красный Проспект,2002
real_estate_agent,Советский,1.0,9.0,7.0,41.8,7500000.0,3.0, Иванова,60.1,Студенческая,1984
real_estate_agent,Калининский,8.0,10.0,8.5,43.7,7500000.0,3.0, Мясниковой,63.6,Заельцовская,2014
real_estate_agent,Ленинский,3.0,10.0,13.0,43.0,7560000.0,3.0, Титова,72.1,Площадь Маркса,2014
real_estate_agent,Калининский,3.0,9.0,14.0,61.5,7500000.0,3.0, Олеко Дундича,75.5,Березовая Роща,1980
real_estate_agent,Калининский,4.0,10.0,9.0,48.2,7600000.0,3.0, Земнухова,78.5,Заельцовская,2017
real_estate_agent,Калининский,9.0,17.0,10.0,39.1,7600000.0,3.0, Краузе,72.4,Заельцовская,2011
real_estate_agent,Ленинский,5.0,10.0,13.2,42.6,7600000.0,3.0,Спортивная ,72.9,Площадь Маркса,2010
real_estate_agent,Кировский,6.0,11.0,23.5,43.400000000000006,7600000.0,3.0, Герцена,66.9,Студенческая,2017
real_estate_agent,Заельцовский,4.0,5.0,6.0,44.0,7600000.0,3.0, Аэропорт,60.0,Заельцовская,2022
real_estate_agent,Железнодорожный,3.0,5.0,7.0,38.3,7630000.0,3.0,Сибирская ,67.0,Площадь Гарина-Михайловского,2002
real_estate_agent,Советский,7.0,9.0,8.1,36.0,7600000.0,3.0, Героев Труда,54.4,Студенческая,1994
real_estate_agent,Железнодорожный,3.0,9.0,5.5,42.0,7700000.0,3.0, Челюскинцев,56.0,Площадь Гарина-Михайловского,1970
real_estate_agent,Октябрьский,4.0,9.0,7.0,42.4,7700000.0,3.0,Московская ,63.0,Речной вокзал,2020
real_estate_agent,Заельцовский,7.0,9.0,7.0,42.0,7700000.0,3.0,Дачная ,62.2,Заельцовская,1975
real_estate_agent,Кировский,5.0,5.0,8.0,58.0,7700000.0,3.0, Сибиряков-Гвардейцев,77.4,Площадь Маркса,1962
real_estate_agent,Октябрьский,6.0,9.0,7.2,53.699999999999996,7700000.0,3.0, Бориса Богаткова,60.9,Золотая Нива,1973
real_estate_agent,Дзержинский,11.0,13.0,14.0,50.0,7700000.0,3.0, Толбухина,77.0,Золотая Нива,2004
real_estate_agent,Октябрьский,2.0,8.0,5.4,57.1,7700000.0,3.0,Родниковая ,62.5,Речной вокзал,2020
real_estate_agent,Кировский,16.0,17.0,18.0,31.5,7690000.0,3.0, Александра Чистякова,71.7,Площадь Маркса,2022
real_estate_agent,Октябрьский,11.0,14.0,14.1,48.9,7650000.0,3.0,Пролетарская ,82.15,Речной вокзал,2027
real_estate_agent,Калининский,9.0,14.0,10.0,45.0,7700000.0,3.0,Красный проспект,60.9,Заельцовская,2017
real_estate_agent,Калининский,6.0,13.0,19.0,26.1,7700000.0,3.0, Фадеева,60.4,Заельцовская,2025
real_estate_agent,Ленинский,3.0,9.0,8.0,40.0,7800000.0,3.0, Связистов,59.6,Площадь Маркса,2015
real_estate_agent,Центральный,4.0,4.0,6.0,49.7,7800000.0,3.0,Ядринцевская ,67.1,Площадь Ленина,1940
real_estate_agent,Ленинский,4.0,6.0,8.0,44.0,7800000.0,3.0,Дивногорская ,70.2,Площадь Маркса,2014
real_estate_agent,Заельцовский,9.0,9.0,7.1,42.1,7790000.0,3.0,Рельсовая ,60.0,Гагаринская,1972
real_estate_agent,Октябрьский,3.0,10.0,18.0,57.4,7800000.0,3.0, Татьяны Снежиной,85.9,Золотая Нива,2020
real_estate_agent,Центральный,8.0,9.0,6.0,45.0,7800000.0,3.0, Ольги Жилиной,61.0,Маршала Покрышкина,1974
real_estate_agent,Октябрьский,6.0,10.0,11.0,39.8,7800000.0,3.0,Выборная ,63.8,Речной вокзал,2005
real_estate_agent,Калининский,2.0,17.0,20.0,30.0,7840000.0,3.0, Имени генерал-майора А.Н. Рожкина,65.0,Заельцовская,2017
real_estate_agent,Дзержинский,5.0,6.0,11.1,58.9,7800000.0,3.0, Авиастроителей,94.7,Березовая Роща,1942
real_estate_agent,Дзержинский,3.0,9.0,11.0,44.1,7850000.0,3.0, Есенина,60.08,Золотая Нива,1986
real_estate_agent,Дзержинский,8.0,10.0,6.9,37.2,7850000.0,3.0, Новая Заря,55.8,Березовая Роща,2019
real_estate_agent,Ленинский,9.0,17.0,13.6,31.5,7880000.0,3.0, Ясный Берег,45.1,Октябрьская,2023
real_estate_agent,Советский,2.0,25.0,12.0,50.0,7850000.0,3.0,Приморская ,77.4,Студенческая,2017
real_estate_agent,Калининский,2.0,9.0,17.4,39.4,7890000.0,3.0, Дунаевского,61.8,Заельцовская,2017
real_estate_agent,Октябрьский,8.0,9.0,7.0,37.2,7889000.0,3.0, Бориса Богаткова,56.6,Золотая Нива,2020
real_estate_agent,Ленинский,10.0,10.0,12.6,51.5,7890000.0,3.0, Связистов,87.9,Площадь Маркса,2010
real_estate_agent,Заельцовский,6.0,9.0,7.0,46.0,7990000.0,3.0, Дуси Ковальчук,60.7,Заельцовская,1986
real_estate_agent,Дзержинский,1.0,9.0,24.6,32.4,7990000.0,3.0, Новая Заря,71.6,Березовая Роща,1986
real_estate_agent,Первомайский,8.0,17.0,12.8,47.3,7990000.0,3.0,Березовая ,76.1,Речной вокзал,2010
real_estate_agent,Октябрьский,10.0,10.0,13.0,43.0,7990000.0,3.0, Ключ-Камышенское плато,73.0,Речной вокзал,2016
real_estate_agent,Центральный,5.0,5.0,6.5,40.5,7900000.0,3.0, Романова,55.8,Площадь Ленина,1968
real_estate_agent,Калининский,15.0,17.0,5.1,32.2,7990000.0,3.0, Курчатова,55.4,Заельцовская,2021
real_estate_agent,Заельцовский,6.0,10.0,10.7,38.8,7900000.0,3.0, Балакирева,63.4,Гагаринская,1995
real_estate_agent,Заельцовский,2.0,9.0,7.8,35.9,7999000.0,3.0,Линейная ,59.8,Гагаринская,2022
real_estate_agent,Заельцовский,10.0,17.0,5.0,42.2,7990000.0,3.0, Аэропорт,60.5,Заельцовская,2024
real_estate_agent,Ленинский,3.0,10.0,13.3,42.5,7930000.0,3.0, Титова,73.0,Площадь Маркса,2015
real_estate_agent,Советский,5.0,10.0,9.0,41.0,7900000.0,3.0, Иванова,69.0,Студенческая,1996
real_estate_agent,Ленинский,16.0,18.0,13.0,38.0,7900000.0,3.0, Ясный Берег,56.2,Октябрьская,2022
real_estate_agent,Железнодорожный,2.0,4.0,5.2,45.4,7980000.0,3.0,Сибирская ,62.8,Площадь Гарина-Михайловского,1934
real_estate_agent,Калининский,6.0,14.0,19.0,26.0,7990000.0,3.0,Родники мкр,60.4,Заельцовская,2025
real_estate_agent,Калининский,6.0,13.0,18.9,26.1,7990000.0,3.0, Фадеева,60.4,Заельцовская,2025
real_estate_agent,Железнодорожный,5.0,9.0,10.0,30.0,7900000.0,3.0, Дмитрия Шамшурина,59.9,Площадь Гарина-Михайловского,2002
real_estate_agent,Дзержинский,5.0,9.0,7.0,44.0,7900000.0,3.0, Бориса Богаткова,60.0,Золотая Нива,2019
real_estate_agent,Ленинский,13.0,18.0,13.0,50.0,8000000.0,3.0,Спортивная ,79.2,Площадь Маркса,2024
real_estate_agent,Октябрьский,3.0,4.0,6.6,47.9,8000000.0,3.0,Большевистская ,70.0,Речной вокзал,2020
real_estate_agent,Ленинский,15.0,17.0,13.5,51.4,8000000.0,3.0,Спортивная ,79.2,Площадь Маркса,2024
real_estate_agent,Калининский,9.0,10.0,10.6,40.5,8000000.0,3.0, Свечникова,64.4,Заельцовская,2017
real_estate_agent,Кировский,5.0,17.0,15.0,52.0,8000000.0,3.0, Виктора Уса,72.2,Площадь Маркса,2023
real_estate_agent,Кировский,3.0,17.0,12.2,45.0,8000000.0,3.0, Петухова,80.7,Студенческая,2015
real_estate_agent,Калининский,5.0,17.0,18.1,28.3,8000000.0,3.0,Тайгинская ,66.0,Заельцовская,2023
real_estate_agent,Октябрьский,9.0,10.0,13.0,41.0,8000000.0,3.0,Воинская ,80.0,Золотая Нива,1992
real_estate_agent,Октябрьский,6.0,10.0,10.0,45.0,8000000.0,3.0, Татьяны Снежиной,58.5,Золотая Нива,2021
real_estate_agent,Кировский,12.0,18.0,18.0,44.0,8000000.0,3.0, Александра Чистякова,80.6,Площадь Маркса,2022
real_estate_agent,Октябрьский,7.0,10.0,11.5,40.0,8000000.0,3.0,Выборная ,63.7,Речной вокзал,2005
real_estate_agent,Железнодорожный,1.0,5.0,18.6,34.5,8000000.0,3.0, Урицкого,60.8,Площадь Ленина,1955
real_estate_agent,Советский,4.0,5.0,6.0,45.0,8000000.0,3.0, Шлюзовая,63.0,Студенческая,1994
realtor,Дзержинский,4.0,5.0,8.0,52.6,8000000.0,3.0,проспект Дзержинского,82.5,Березовая Роща,1958
real_estate_agent,Заельцовский,4.0,9.0,7.6,38.0,8100000.0,3.0, Жуковского,58.8,Заельцовская,2022
real_estate_agent,Железнодорожный,1.0,9.0,7.8,37.1,8100000.0,3.0, Ленина,62.0,Площадь Гарина-Михайловского,2002
real_estate_agent,Кировский,4.0,9.0,8.3,39.0,8050000.0,3.0,Тульская ,63.1,Студенческая,2003
real_estate_agent,Ленинский,11.0,18.0,14.0,51.0,8100000.0,3.0,Спортивная ,79.5,Площадь Маркса,2024
real_estate_agent,Ленинский,2.0,6.0,15.0,40.0,8100000.0,3.0, Котовского,83.4,Площадь Маркса,1957
real_estate_agent,Железнодорожный,8.0,9.0,8.0,40.0,8110000.0,3.0,Железнодорожная ,60.8,Гагаринская,1986
realtor,Ленинский,3.0,18.0,13.6,50.0,8100000.0,3.0,Спортивная ,79.4,Площадь Маркса,2024
real_estate_agent,Первомайский,3.0,9.0,8.8,39.0,8100000.0,3.0, Марата,62.6,Речной вокзал,2013
real_estate_agent,Ленинский,2.0,4.0,11.7,41.0,8200000.0,3.0, Станиславского,69.3,Площадь Маркса,1941
real_estate_agent,Калининский,15.0,17.0,11.0,48.3,8200000.0,3.0,Тайгинская ,80.6,Заельцовская,2017
real_estate_agent,Калининский,15.0,17.0,18.7,30.6,8150000.0,3.0, Мясниковой,65.0,Заельцовская,2017
real_estate_agent,Калининский,3.0,11.0,13.4,43.0,8200000.0,3.0, Гребенщикова,73.8,Заельцовская,2012
real_estate_agent,Заельцовский,9.0,9.0,7.1,40.6,8150000.0,3.0, Дуси Ковальчук,57.7,Гагаринская,1981
real_estate_agent,Заельцовский,7.0,9.0,8.0,39.2,8200000.0,3.0, Дуси Ковальчук,60.0,Заельцовская,1986
real_estate_agent,Советский,4.0,4.0,5.7,44.0,8200000.0,3.0, Академическая,57.6,Студенческая,1994
real_estate_agent,Заельцовский,9.0,9.0,12.7,37.9,8200000.0,3.0,Дачная ,60.4,Заельцовская,1977
real_estate_agent,Кировский,2.0,4.0,13.0,47.1,8200000.0,3.0,Рубежная ,65.9,Студенческая,2017
realtor,Ленинский,10.0,11.0,13.4,39.7,8200000.0,3.0, Титова,69.4,Площадь Маркса,2012
real_estate_agent,Калининский,4.0,5.0,8.6,52.4,8200000.0,3.0,Народная ,72.6,Заельцовская,2017
real_estate_agent,Железнодорожный,12.0,12.0,12.0,41.0,8200000.0,3.0, 1905 года,70.0,Площадь Гарина-Михайловского,1997
real_estate_agent,Советский,4.0,4.0,5.8,38.1,8250000.0,3.0, Жемчужная,59.1,Студенческая,1962
real_estate_agent,Калининский,2.0,10.0,13.4,43.0,8250000.0,3.0, Гребенщикова,73.7,Заельцовская,2008
real_estate_agent,Заельцовский,2.0,10.0,16.0,48.5,8250000.0,3.0,Кубовая ,69.5,Заельцовская,2016
real_estate_agent,Октябрьский,4.0,4.0,8.5,57.4,8300000.0,3.0,Большевистская ,80.5,Речной вокзал,2020
real_estate_agent,Советский,1.0,9.0,8.6,38.5,8350000.0,3.0, Демакова,64.0,Студенческая,1986
real_estate_agent,Октябрьский,14.0,18.0,23.3,32.4,8390000.0,3.0, Добролюбова,71.3,Золотая Нива,2024
real_estate_agent,Железнодорожный,1.0,9.0,7.0,43.1,8300000.0,3.0,Железнодорожная ,61.6,Площадь Гарина-Михайловского,1981
real_estate_agent,Калининский,3.0,10.0,13.5,33.0,8300000.0,3.0, Михаила Немыткина,73.1,Заельцовская,2014
real_estate_agent,Советский,5.0,10.0,10.0,37.0,8300000.0,3.0, Боровая Партия,62.7,Студенческая,2006
real_estate_agent,Октябрьский,7.0,10.0,8.0,50.8,8300000.0,3.0, Татьяны Снежиной,74.3,Золотая Нива,2021
real_estate_agent,Заельцовский,7.0,9.0,7.0,37.3,8300000.0,3.0,Рельсовая ,56.8,Гагаринская,1973
real_estate_agent,Ленинский,9.0,9.0,10.0,57.5,8300000.0,3.0,Выставочная ,67.5,Студенческая,1976
real_estate_agent,Кировский,15.0,17.0,12.4,39.1,8325500.0,3.0,Бронная ,72.5,Площадь Маркса,2025
real_estate_agent,Советский,9.0,9.0,9.0,39.0,8350000.0,3.0, Героев Труда,64.0,Студенческая,1989
real_estate_agent,Ленинский,7.0,10.0,13.3,42.5,8300000.0,3.0, Забалуева,73.3,Площадь Маркса,2011
real_estate_agent,Октябрьский,2.0,10.0,14.0,42.0,8350000.0,3.0, Ключ-Камышенское плато,73.0,Речной вокзал,2016
real_estate_agent,Первомайский,3.0,10.0,16.0,30.5,8300000.0,3.0, Баумана,62.7,Речной вокзал,2009
real_estate_agent,Заельцовский,4.0,25.0,13.1,52.5,8306911.0,3.0, Дуси Ковальчук,98.9,Заельцовская,2027
real_estate_agent,Калининский,5.0,17.0,18.5,26.1,8480000.0,3.0,Красный проспект,60.2,Заельцовская,2021
real_estate_agent,Заельцовский,10.0,25.0,13.4,52.4,8467473.0,3.0, Дуси Ковальчук,98.7,Заельцовская,2027
real_estate_agent,Железнодорожный,4.0,5.0,7.5,48.0,8499000.0,3.0, Челюскинцев,75.9,Площадь Гарина-Михайловского,2002
real_estate_agent,Ленинский,7.0,18.0,14.0,52.0,8400000.0,3.0,Спортивная ,79.2,Площадь Маркса,2024
real_estate_agent,Октябрьский,4.0,17.0,20.0,51.3,8500000.0,3.0,Выборная ,78.0,Речной вокзал,2009
real_estate_agent,Ленинский,4.0,9.0,8.9,43.9,8500000.0,3.0, Титова,71.2,Студенческая,2015
real_estate_agent,Калининский,23.0,25.0,6.0,56.9,8500000.0,3.0, Тюленина,73.0,Заельцовская,2015
real_estate_agent,Ленинский,12.0,25.0,19.5,23.0,8500000.0,3.0, Немировича-Данченко,53.2,Студенческая,2022
real_estate_agent,Ленинский,11.0,11.0,12.0,45.0,8500000.0,3.0, Танкистов,75.8,Студенческая,1996
real_estate_agent,Ленинский,4.0,4.0,8.0,48.0,8500000.0,3.0, Станиславского,67.1,Площадь Маркса,1955
real_estate_agent,Железнодорожный,8.0,9.0,10.0,37.0,8500000.0,3.0,Железнодорожная ,56.6,Красный Проспект,1981
real_estate_agent,Октябрьский,2.0,16.0,12.2,32.0,8500000.0,3.0, Кирова,60.4,Октябрьская,1997
real_estate_agent,Ленинский,16.0,17.0,15.6,33.0,8500000.0,3.0, Немировича-Данченко,55.7,Площадь Маркса,2015
real_estate_agent,Калининский,16.0,17.0,8.5,43.1,8500000.0,3.0, Краузе,70.2,Заельцовская,2011
real_estate_agent,Кировский,3.0,17.0,10.7,40.6,8500000.0,3.0, Сибиряков-Гвардейцев,65.0,Площадь Маркса,2021
real_estate_agent,Железнодорожный,6.0,9.0,7.2,45.0,8500000.0,3.0, Революции,64.7,Площадь Ленина,1979
real_estate_agent,Первомайский,9.0,10.0,13.5,43.0,8500000.0,3.0, Баумана,74.0,Речной вокзал,2009
real_estate_agent,Октябрьский,1.0,10.0,8.8,40.0,8500000.0,3.0, Толстого,64.3,Октябрьская,1991
real_estate_agent,Калининский,7.0,10.0,13.4,43.0,8600000.0,3.0, Мясниковой,73.3,Заельцовская,2017
real_estate_agent,Ленинский,4.0,27.0,16.0,32.1,8600000.0,3.0, Титова,53.98,Площадь Маркса,2026
real_estate_agent,Заельцовский,4.0,5.0,8.1,41.8,8699000.0,3.0,Ельцовская ,64.2,Площадь Гарина-Михайловского,2022
real_estate_agent,Железнодорожный,7.0,9.0,6.9,38.7,8650000.0,3.0, 1905 года,59.1,Площадь Гарина-Михайловского,1979
real_estate_agent,Железнодорожный,9.0,9.0,7.3,45.0,8700000.0,3.0, Революции,68.5,Площадь Ленина,1977
real_estate_agent,Заельцовский,20.0,25.0,12.6,52.4,8736936.0,3.0, Дуси Ковальчук,98.4,Заельцовская,2027
real_estate_agent,Октябрьский,15.0,17.0,10.0,45.4,8700000.0,3.0, Добролюбова,70.6,Золотая Нива,2020
real_estate_agent,Октябрьский,17.0,17.0,20.1,27.0,8790000.0,3.0,Закаменский мкр,59.5,Березовая Роща,2014
real_estate_agent,Первомайский,13.0,17.0,11.2,41.7,8799999.0,3.0,Березовая ,72.6,Речной вокзал,2013
real_estate_agent,Железнодорожный,4.0,5.0,10.8,28.2,8750000.0,3.0,Сибирская ,57.8,Площадь Гарина-Михайловского,1987
real_estate_agent,Ленинский,10.0,17.0,11.0,48.0,8794000.0,3.0,Междуреченская ,78.7,Площадь Гарина-Михайловского,2024
real_estate_agent,Ленинский,7.0,9.0,12.0,32.0,8790000.0,3.0, Романтиков,61.4,Площадь Гарина-Михайловского,2021
real_estate_agent,Октябрьский,20.0,27.0,7.0,31.5,8750000.0,3.0,Покатная ,45.8,Октябрьская,2022
real_estate_agent,Октябрьский,8.0,16.0,12.9,41.8,8800000.0,3.0, Ключ-Камышенское плато,80.2,Речной вокзал,2020
real_estate_agent,Ленинский,4.0,10.0,9.0,42.3,8800000.0,3.0, Танкистов,68.0,Студенческая,1992
real_estate_agent,Октябрьский,8.0,15.0,5.0,55.3,8800000.0,3.0, В. Высоцкого,60.3,Золотая Нива,2014
real_estate_agent,Ленинский,4.0,10.0,13.4,42.4,8850000.0,3.0,Спортивная ,72.8,Площадь Маркса,2012
real_estate_agent,Первомайский,1.0,18.0,8.0,51.8,8800000.0,3.0, Заречная,59.8,Спортивная,2023
real_estate_agent,Ленинский,2.0,10.0,11.3,42.0,8850000.0,3.0, Блюхера,67.0,Студенческая,2001
real_estate_agent,Советский,6.0,9.0,12.8,51.2,8800000.0,3.0, Русская,64.0,Студенческая,1977
real_estate_agent,Октябрьский,12.0,17.0,12.7,41.8,8900000.0,3.0, Ключ-Камышенское плато,82.9,Речной вокзал,2011
real_estate_agent,Дзержинский,4.0,17.0,11.2,45.0,8900000.0,3.0, Есенина,77.2,Золотая Нива,2008
real_estate_agent,Кировский,2.0,18.0,10.1,57.9,8990000.0,3.0, Немировича-Данченко,91.7,Площадь Маркса,1996
real_estate_agent,Октябрьский,8.0,29.0,23.0,35.0,8900000.0,3.0,Вилюйская ,64.5,Речной вокзал,2015
real_estate_agent,Калининский,7.0,18.0,14.0,42.0,8900000.0,3.0,Игарская ,78.0,Заельцовская,2026
real_estate_agent,Заельцовский,5.0,5.0,8.0,48.0,8999000.0,3.0,Красный проспект,77.0,Заельцовская,1958
real_estate_agent,Первомайский,9.0,14.0,19.0,25.0,8900000.0,3.0, Заречная,53.0,Спортивная,2013
real_estate_agent,Первомайский,21.0,25.0,20.0,40.0,8900000.0,3.0, Заречная,75.6,Спортивная,2023
realtor,Октябрьский,5.0,10.0,8.9,38.6,9000000.0,3.0, Стофато,63.1,Золотая Нива,2000
real_estate_agent,Октябрьский,10.0,10.0,11.0,40.8,9050000.0,3.0, Сакко и Ванцетти,65.0,Октябрьская,2000
real_estate_agent,Дзержинский,6.0,17.0,8.0,49.0,9000000.0,3.0, Красина,78.0,Березовая Роща,2010
real_estate_agent,Дзержинский,6.0,10.0,11.0,57.9,9000000.0,3.0,Учительская ,90.0,Березовая Роща,1993
real_estate_agent,Заельцовский,2.0,10.0,8.2,42.8,9000000.0,3.0,Кубовая ,65.7,Заельцовская,2022
real_estate_agent,Кировский,1.0,17.0,13.5,43.6,9099000.0,3.0, Герцена,75.6,Студенческая,2018
real_estate_agent,Калининский,3.0,17.0,10.0,84.1,9000000.0,3.0, Фадеева,94.1,Заельцовская,2017
real_estate_agent,Советский,1.0,9.0,6.0,31.1,9000000.0,3.0, Ильича,52.9,Студенческая,1968
real_estate_agent,Октябрьский,4.0,4.0,11.0,43.0,9000000.0,3.0, Грибоедова,70.0,Золотая Нива,2009
real_estate_agent,Ленинский,1.0,19.0,18.3,51.2,9000000.0,3.0, Ясный Берег,81.7,Площадь Ленина,2020
real_estate_agent,Кировский,11.0,19.0,17.0,61.0,9000000.0,3.0, Сибиряков-Гвардейцев,100.0,Площадь Маркса,2022
real_estate_agent,Первомайский,7.0,10.0,12.3,41.7,9100000.0,3.0, Заречная,74.1,Спортивная,2008
real_estate_agent,Первомайский,16.0,18.0,5.1,39.7,9147800.0,3.0, Заречная,56.5,Спортивная,2025
real_estate_agent,Калининский,12.0,14.0,6.3,46.4,9100000.0,3.0, Имени генерал-майора А.Н. Рожкина,81.5,Заельцовская,2017
real_estate_agent,Заельцовский,21.0,25.0,13.2,52.4,9185179.0,3.0, Дуси Ковальчук,103.1,Заельцовская,2027
real_estate_agent,Октябрьский,5.0,10.0,14.0,43.0,9185000.0,3.0,Военного Городка тер.,83.0,Золотая Нива,2020
real_estate_agent,Ленинский,14.0,17.0,14.0,30.0,9200000.0,3.0,Междуреченская ,59.6,Площадь Маркса,2015
real_estate_agent,Заельцовский,4.0,9.0,6.7,39.5,9200000.0,3.0, Дуси Ковальчук,59.3,Гагаринская,1981
real_estate_agent,Первомайский,1.0,10.0,26.1,42.99999999999999,9200000.0,3.0, Заречная,69.1,Спортивная,2013
real_estate_agent,Заельцовский,11.0,25.0,13.4,52.3,9240000.0,3.0, Дуси Ковальчук,92.2,Заельцовская,2022
real_estate_agent,Октябрьский,10.0,17.0,30.0,32.6,9200000.0,3.0,Вилюйская ,84.3,Речной вокзал,2010
real_estate_agent,Октябрьский,3.0,29.0,10.0,45.0,9200000.0,3.0,Вилюйская ,75.0,Речной вокзал,2016
real_estate_agent,Кировский,1.0,17.0,13.5,54.1,9200000.0,3.0, Александра Чистякова,93.0,Площадь Маркса,2023
real_estate_agent,Дзержинский,4.0,5.0,20.0,47.0,9259000.0,3.0,проспект Дзержинского,67.0,Березовая Роща,2019
real_estate_agent,Заельцовский,8.0,18.0,19.0,23.5,9300000.0,3.0, Аэропорт,64.1,Заельцовская,2024
real_estate_agent,Кировский,1.0,4.0,9.0,61.1,9300000.0,3.0, Федора Горячева,86.9,Студенческая,2018
real_estate_agent,Центральный,6.0,9.0,6.4,44.0,9300000.0,3.0, Лермонтова,59.3,Сибирская,1973
real_estate_agent,Октябрьский,2.0,10.0,8.0,39.8,9300000.0,3.0, Кирова,61.8,Октябрьская,1997
real_estate_agent,Заельцовский,3.0,18.0,21.0,27.0,9350000.0,3.0, Аэропорт,69.7,Заельцовская,2024
real_estate_agent,Железнодорожный,4.0,9.0,7.0,40.0,9400000.0,3.0, 1905 года,61.8,Красный Проспект,1980
real_estate_agent,Железнодорожный,3.0,4.0,8.0,52.0,9500000.0,3.0,Советская ,66.5,Площадь Ленина,2002
real_estate_agent,Заельцовский,9.0,25.0,20.0,71.2,9500000.0,3.0, Галущака,91.2,Гагаринская,2022
real_estate_agent,Центральный,1.0,10.0,9.1,38.5,9500000.0,3.0,Ипподромская ,60.7,Березовая Роща,1986
real_estate_agent,Ленинский,4.0,11.0,10.0,49.2,9500000.0,3.0, Плахотного,73.3,Площадь Маркса,2017
real_estate_agent,Ленинский,18.0,18.0,25.0,41.7,9500000.0,3.0, Плахотного,66.7,Площадь Маркса,2021
real_estate_agent,Заельцовский,4.0,8.0,7.0,38.0,9500000.0,3.0, Вавилова,54.8,Заельцовская,2015
real_estate_agent,Калининский,10.0,12.0,16.5,42.9,9500000.0,3.0, Имени генерал-майора А.Н. Рожкина,83.4,Заельцовская,2017
real_estate_agent,Заельцовский,2.0,5.0,8.3,51.2,9500000.0,3.0, Дуси Ковальчук,74.5,Заельцовская,1959
real_estate_agent,Заельцовский,2.0,17.0,30.0,49.0,9500000.0,3.0, Аэропорт,84.0,Заельцовская,2025
real_estate_agent,Кировский,8.0,10.0,22.0,27.0,9500000.0,3.0, Зорге,88.6,Площадь Маркса,2017
real_estate_agent,Заельцовский,18.0,19.0,16.0,58.0,9500000.0,3.0, Дуси Ковальчук,102.0,Заельцовская,2025
real_estate_agent,Заельцовский,2.0,9.0,7.0,40.0,9500000.0,3.0, Дуси Ковальчук,62.0,Заельцовская,1983
real_estate_agent,Первомайский,1.0,11.0,12.5,46.8,9500000.0,3.0, Баумана,81.3,Речной вокзал,2010
real_estate_agent,Кировский,10.0,12.0,12.1,46.5,9500000.0,3.0, Сибиряков-Гвардейцев,75.1,Площадь Маркса,2019
real_estate_agent,Ленинский,10.0,14.0,20.0,43.0,9600000.0,3.0,Троллейная ,68.0,Площадь Маркса,2015
real_estate_agent,Дзержинский,8.0,25.0,24.0,22.0,9600000.0,3.0, Королева,62.3,Березовая Роща,2025
real_estate_agent,Центральный,7.0,10.0,8.9,40.4,9600000.0,3.0,Депутатская ,65.2,Площадь Ленина,2007
real_estate_agent,Дзержинский,13.0,22.0,16.7,42.8,9640000.0,3.0, Коминтерна,80.0,Золотая Нива,2019
real_estate_agent,Центральный,5.0,6.0,9.4,65.5,9700000.0,3.0,Серебренниковская ,94.6,Площадь Ленина,1934
real_estate_agent,Ленинский,9.0,11.0,13.2,42.4,9690000.0,3.0, Титова,72.4,Площадь Маркса,2014
real_estate_agent,Октябрьский,4.0,8.0,25.0,30.0,9700000.0,3.0,Большевистская ,64.8,Октябрьская,2025
real_estate_agent,Советский,10.0,25.0,8.0,72.0,9690000.0,3.0,Приморская ,87.0,Студенческая,2017
real_estate_agent,Заельцовский,22.0,25.0,12.0,33.6,9700000.0,3.0, Аэропорт,62.9,Заельцовская,2023
real_estate_agent,Ленинский,2.0,10.0,9.7,41.9,9800000.0,3.0,Петропавловская ,74.5,Площадь Маркса,2008
real_estate_agent,Заельцовский,2.0,9.0,20.0,38.0,9800000.0,3.0,Владимировская ,58.0,Площадь Гарина-Михайловского,2018
real_estate_agent,Ленинский,17.0,17.0,13.6,47.8,9780000.0,3.0, Ясный Берег,84.0,Площадь Ленина,2018
real_estate_agent,Центральный,3.0,5.0,8.0,47.0,9800000.0,3.0, Фрунзе,79.6,Сибирская,1960
real_estate_agent,Калининский,5.0,10.0,11.0,42.4,9750000.0,3.0, Дунаевского,72.4,Заельцовская,2018
real_estate_agent,Октябрьский,9.0,10.0,8.5,39.2,9800000.0,3.0, Белинского,65.2,Октябрьская,1993
real_estate_agent,Октябрьский,1.0,17.0,18.0,23.0,9750000.0,3.0,Большевистская ,63.0,Речной вокзал,2020
real_estate_agent,Ленинский,5.0,5.0,8.2,52.2,9900000.0,3.0,Геодезическая ,75.2,Студенческая,1960
real_estate_agent,Октябрьский,10.0,11.0,10.0,55.0,9900000.0,3.0,Выборная ,71.1,Речной вокзал,2007
real_estate_agent,Заельцовский,10.0,18.0,10.0,40.0,9900000.0,3.0, Аэропорт,85.5,Заельцовская,2024
real_estate_agent,Калининский,3.0,13.0,13.8,47.4,9900000.0,3.0, Фадеева,81.8,Заельцовская,2025
real_estate_agent,Калининский,2.0,13.0,13.8,47.4,9900000.0,3.0, Имени генерал-майора А.Н. Рожкина,86.2,Заельцовская,2025
real_estate_agent,Кировский,14.0,17.0,5.0,59.7,9900000.0,3.0,Беловежская ,97.2,Площадь Маркса,2019
real_estate_agent,Октябрьский,7.0,14.0,5.5,70.0,9850000.0,3.0,Воинская ,86.9,Золотая Нива,2024
real_estate_agent,Дзержинский,4.0,10.0,8.2,48.6,10000000.0,3.0, Гоголя,76.1,Березовая Роща,1990
real_estate_agent,Кировский,1.0,17.0,24.7,51.1,10000000.0,3.0,Беловежская ,105.0,Площадь Маркса,2017
real_estate_agent,Калининский,8.0,9.0,25.0,47.400000000000006,10000000.0,3.0, Дунаевского,72.4,Заельцовская,2018
real_estate_agent,Советский,1.0,9.0,6.9,42.1,9950000.0,3.0, Терешковой,59.4,Студенческая,1972
real_estate_agent,Центральный,4.0,9.0,6.4,42.7,9990000.0,3.0, Лермонтова,58.1,Сибирская,1973
real_estate_agent,Ленинский,5.0,10.0,13.2,42.0,9999000.0,3.0, Титова,82.0,Площадь Маркса,2014
real_estate_agent,Октябрьский,8.0,10.0,9.0,40.0,10000000.0,3.0, Белинского,65.0,Октябрьская,2020
real_estate_agent,Первомайский,2.0,10.0,11.6,45.3,10000000.0,3.0, Заречная,74.9,Спортивная,2013
real_estate_agent,Дзержинский,2.0,17.0,15.0,38.0,9990000.0,3.0,Республиканская ,76.1,Березовая Роща,2019
real_estate_agent,Железнодорожный,6.0,9.0,8.0,43.0,9990000.0,3.0, Революции,60.0,Площадь Ленина,1977
real_estate_agent,Кировский,1.0,9.0,14.1,34.6,10000000.0,3.0, Зорге,63.0,Площадь Маркса,2019
real_estate_agent,Советский,5.0,8.0,16.1,68.4,10000000.0,3.0, Лесосечная,112.8,Октябрьская,2006
real_estate_agent,Ленинский,13.0,26.0,5.0,49.4,10000000.0,3.0,1-я Чулымская ,69.6,Площадь Маркса,2016
real_estate_agent,Железнодорожный,5.0,9.0,7.0,40.0,10000000.0,3.0, Ленина,63.0,Площадь Гарина-Михайловского,1982
real_estate_agent,Ленинский,5.0,10.0,13.6,51.7,10000000.0,3.0, Титова,79.5,Площадь Маркса,2023
real_estate_agent,Ленинский,8.0,11.0,9.0,42.0,9980000.0,3.0, Плахотного,81.0,Площадь Маркса,2006
real_estate_agent,Дзержинский,16.0,25.0,18.7,50.56999999999999,9990000.0,3.0, Гоголя,69.27,Березовая Роща,2025
real_estate_agent,Октябрьский,2.0,17.0,9.9,48.7,10100000.0,3.0,Вилюйская ,81.8,Речной вокзал,2010
real_estate_agent,Первомайский,9.0,9.0,15.1,40.0,10100000.0,3.0, Маяковского,76.3,Спортивная,2009
real_estate_agent,Октябрьский,16.0,16.0,12.0,35.3,10200000.0,3.0, Ключ-Камышенское плато,86.0,Речной вокзал,2020
real_estate_agent,Заельцовский,11.0,17.0,10.0,20.8,10200000.0,3.0, Аэропорт,59.9,Заельцовская,2022
real_estate_agent,Дзержинский,2.0,10.0,11.1,58.0,10150000.0,3.0,Учительская ,95.6,Березовая Роща,2002
realtor,Дзержинский,1.0,25.0,16.0,31.0,10200000.0,3.0, Гоголя,58.5,Березовая Роща,2021
realtor,Дзержинский,7.0,16.0,12.0,40.4,10200000.0,3.0, Красина,65.8,Березовая Роща,2015
real_estate_agent,Заельцовский,2.0,12.0,22.7,44.89999999999999,10300000.0,3.0,Охотская ,67.6,Заельцовская,2020
real_estate_agent,Ленинский,1.0,10.0,10.8,50.4,10320000.0,3.0,Широкая ,76.0,Площадь Маркса,2009
real_estate_agent,Октябрьский,3.0,9.0,11.3,51.6,10300000.0,3.0,Выборная ,85.2,Речной вокзал,2001
real_estate_agent,Железнодорожный,5.0,5.0,8.7,74.0,10300000.0,3.0,проспект Димитрова,88.2,Красный Проспект,1961
real_estate_agent,Дзержинский,9.0,25.0,11.9,32.2,10400000.0,3.0, Королева,66.1,Березовая Роща,2025
real_estate_agent,Калининский,10.0,10.0,13.4,43.0,10400000.0,3.0, Менделеева,73.9,Березовая Роща,2010
real_estate_agent,Октябрьский,4.0,19.0,18.0,45.7,10350000.0,3.0, Михаила Кулагина,63.7,Золотая Нива,2019
real_estate_agent,Кировский,3.0,11.0,16.0,63.6,10500000.0,3.0, Виктора Уса,104.8,Площадь Маркса,2014
real_estate_agent,Калининский,7.0,10.0,11.2,45.6,10500000.0,3.0, Гребенщикова,84.4,Заельцовская,2009
real_estate_agent,Ленинский,18.0,25.0,5.0,50.6,10500000.0,3.0, Костычева,55.6,Площадь Маркса,2025
real_estate_agent,Калининский,3.0,16.0,18.6,34.6,10500000.0,3.0,Красный проспект,72.8,Заельцовская,2019
real_estate_agent,Дзержинский,3.0,14.0,12.8,55.0,10500000.0,3.0, Есенина,99.0,Золотая Нива,2019
real_estate_agent,Октябрьский,10.0,10.0,13.0,56.5,10500000.0,3.0, Татьяны Снежиной,86.3,Золотая Нива,2012
real_estate_agent,Кировский,15.0,26.0,37.5,65.5,10500000.0,3.0, Аникина,103.0,Студенческая,2017
real_estate_agent,Заельцовский,8.0,26.0,27.0,30.0,10500000.0,3.0, Кузьмы Минина,75.0,Заельцовская,2022
real_estate_agent,Первомайский,12.0,18.0,15.7,39.0,10500000.0,3.0, Заречная,72.8,Речной вокзал,2020
realtor,Центральный,4.0,5.0,6.8,54.0,10500000.0,3.0, Крылова,88.7,Красный Проспект,1956
realtor,Октябрьский,8.0,27.0,17.0,50.0,10500000.0,3.0,Закаменский мкр,67.0,Березовая Роща,2024
realtor,Заельцовский,9.0,29.0,21.0,68.0,10490000.0,3.0,Сухарная ,89.0,Площадь Гарина-Михайловского,2024
real_estate_agent,Заельцовский,8.0,16.0,7.9,49.4,10600000.0,3.0, Аэропорт,86.3,Заельцовская,2022
real_estate_agent,Октябрьский,16.0,16.0,16.0,55.4,10550000.0,3.0, Ключ-Камышенское плато,92.3,Речной вокзал,2019
real_estate_agent,Октябрьский,7.0,9.0,7.2,42.5,10600000.0,3.0, Бориса Богаткова,60.6,Золотая Нива,1973
real_estate_agent,Ленинский,14.0,17.0,11.2,42.5,10600000.0,3.0,63/1,70.0,Студенческая,2008
real_estate_agent,Первомайский,2.0,14.0,18.7,45.0,10600000.0,3.0, Заречная,78.0,Речной вокзал,2016
real_estate_agent,Ленинский,3.0,11.0,11.0,54.0,10600000.0,3.0, Танкистов,85.0,Студенческая,1996
real_estate_agent,Заельцовский,8.0,9.0,12.0,44.0,10570000.0,3.0,Кубовая ,76.0,Заельцовская,2021
real_estate_agent,Дзержинский,17.0,18.0,21.7,52.1,10700000.0,3.0,проспект Дзержинского,97.9,Березовая Роща,2007
real_estate_agent,Центральный,1.0,9.0,23.0,51.5,10700000.0,3.0, Сибревкома,80.3,Октябрьская,1979
real_estate_agent,Заельцовский,11.0,13.0,21.0,46.0,10700000.0,3.0, Лобачевского,72.0,Заельцовская,2022
real_estate_agent,Заельцовский,5.0,25.0,28.4,29.4,10700000.0,3.0, Залесского,85.2,Заельцовская,2013
real_estate_agent,Заельцовский,6.0,17.0,5.9,38.3,10700000.0,3.0, Аэропорт,89.63,Заельцовская,2024
real_estate_agent,Октябрьский,10.0,10.0,12.0,35.7,10700000.0,3.0,Автогенная ,80.4,Речной вокзал,2014
real_estate_agent,Заельцовский,4.0,19.0,17.0,65.0,10700000.0,3.0,Сухарная ,105.0,Площадь Гарина-Михайловского,2016
real_estate_agent,Октябрьский,5.0,16.0,8.0,50.0,10770000.0,3.0,Обская ,76.0,Речной вокзал,2020
real_estate_agent,Кировский,10.0,17.0,13.5,44.0,10800000.0,3.0, Александра Чистякова,77.6,Студенческая,2021
real_estate_agent,Октябрьский,12.0,17.0,15.4,61.6,10880000.0,3.0, Кирова,77.0,Речной вокзал,2020
real_estate_agent,Калининский,2.0,17.0,23.0,58.0,10800000.0,3.0, Фадеева,93.8,Заельцовская,2016
real_estate_agent,Дзержинский,3.0,15.0,13.3,48.0,10800000.0,3.0, Коминтерна,84.4,Золотая Нива,2024
real_estate_agent,Заельцовский,9.0,9.0,10.0,38.0,10800000.0,3.0,Кубовая ,70.0,Заельцовская,2022
real_estate_agent,Октябрьский,10.0,10.0,12.0,47.0,10900000.0,3.0,Выборная ,71.0,Речной вокзал,2020
real_estate_agent,Октябрьский,6.0,10.0,11.0,41.0,10900000.0,3.0, Сакко и Ванцетти,72.0,Октябрьская,2020
real_estate_agent,Дзержинский,17.0,25.0,21.6,40.6,10940472.0,3.0, Королева,70.62,Березовая Роща,2019
real_estate_agent,Заельцовский,2.0,5.0,10.8,69.7,10990000.0,3.0,Ельцовская ,95.2,Площадь Гарина-Михайловского,2000
realtor,Октябрьский,1.0,14.0,11.9,43.8,10999000.0,3.0, Шевченко,76.3,Октябрьская,1998
real_estate_agent,Первомайский,4.0,14.0,12.0,57.0,10999000.0,3.0, Заречная,92.0,Спортивная,2013
real_estate_agent,Железнодорожный,2.0,4.0,8.0,40.0,11000000.0,3.0, Чаплыгина,65.2,Площадь Ленина,1941
real_estate_agent,Заельцовский,18.0,24.0,13.4,47.0,11000000.0,3.0, Галущака,82.8,Гагаринская,2015
real_estate_agent,Октябрьский,10.0,20.0,26.0,20.5,11000000.0,3.0, Никитина,57.3,Золотая Нива,2023
real_estate_agent,Дзержинский,16.0,25.0,13.0,32.0,11000000.0,3.0, Гоголя,63.5,Березовая Роща,2019
real_estate_agent,Ленинский,4.0,12.0,13.0,50.0,11000000.0,3.0, Блюхера,90.0,Студенческая,2009
real_estate_agent,Калининский,24.0,27.0,14.0,40.0,11000000.0,3.0,Ипподромская ,68.3,Заельцовская,2015
real_estate_agent,Дзержинский,11.0,18.0,17.0,44.0,11000000.0,3.0, Коминтерна,80.0,Золотая Нива,2024
real_estate_agent,Октябрьский,2.0,16.0,6.1,39.0,11100000.0,3.0,2-я Обская ,62.6,Речной вокзал,2020
real_estate_agent,Советский,7.0,18.0,14.2,45.5,11200000.0,3.0, Русская,81.4,Студенческая,2015
real_estate_agent,Советский,8.0,9.0,7.0,40.0,11200000.0,3.0, Терешковой,62.7,Студенческая,1972
real_estate_agent,Октябрьский,2.0,14.0,23.8,55.5,11200000.0,3.0,Воинская ,89.0,Золотая Нива,2024
real_estate_agent,Дзержинский,9.0,10.0,11.1,40.6,11200000.0,3.0, Кошурникова,67.5,Березовая Роща,2007
real_estate_agent,Заельцовский,18.0,22.0,10.0,71.8,11300000.0,3.0, Дуси Ковальчук,119.9,Заельцовская,2022
real_estate_agent,Заельцовский,3.0,10.0,8.0,45.5,11400000.0,3.0, Балакирева,71.7,Гагаринская,1995
real_estate_agent,Октябрьский,22.0,22.0,6.0,42.0,11300000.0,3.0, Кошурникова,69.1,Золотая Нива,2015
real_estate_agent,Заельцовский,5.0,7.0,12.0,55.0,11300000.0,3.0,Красный проспект,91.0,Заельцовская,1956
real_estate_agent,Советский,11.0,16.0,11.0,40.0,11300000.0,3.0, Сиреневая,75.6,Студенческая,2012
real_estate_agent,Ленинский,24.0,27.0,8.0,35.0,11300000.0,3.0, Немировича-Данченко,52.8,Студенческая,2021
real_estate_agent,Дзержинский,10.0,25.0,5.0,40.0,11350000.0,3.0, Гоголя,56.5,Березовая Роща,2025
real_estate_agent,Дзержинский,3.0,23.0,10.0,36.1,11400000.0,3.0, Кошурникова,60.9,Золотая Нива,2020
real_estate_agent,Железнодорожный,12.0,25.0,12.0,30.0,11400000.0,3.0,Фабричная ,51.0,Площадь Гарина-Михайловского,2023
real_estate_agent,Ленинский,13.0,16.0,10.1,61.6,11500000.0,3.0,63/1,94.8,Студенческая,2006
realtor,Заельцовский,5.0,9.0,10.3,43.0,11500000.0,3.0,Плановая ,70.0,Заельцовская,2025
real_estate_agent,Октябрьский,6.0,10.0,8.8,43.4,11500000.0,3.0, Белинского,65.7,Октябрьская,1991
real_estate_agent,Заельцовский,2.0,25.0,22.0,30.0,11500000.0,3.0,Светлановская ,65.8,Заельцовская,2022
real_estate_agent,Железнодорожный,2.0,5.0,9.0,50.0,11500000.0,3.0, Щетинкина,74.2,Площадь Ленина,1959
real_estate_agent,Заельцовский,17.0,24.0,14.0,43.0,11500000.0,3.0,Сухарная ,70.0,Площадь Гарина-Михайловского,2021
real_estate_agent,Заельцовский,2.0,14.0,13.3,50.3,11500000.0,3.0,Дачная ,81.2,Заельцовская,1993
real_estate_agent,Заельцовский,3.0,5.0,8.1,46.4,11500000.0,3.0,Красный проспект,75.1,Заельцовская,1953
real_estate_agent,Калининский,15.0,17.0,13.8,44.2,11500000.0,3.0,Красный проспект,78.7,Заельцовская,2020
real_estate_agent,Ленинский,17.0,17.0,25.0,56.0,11450000.0,3.0,Междуреченская ,81.0,Красный Проспект,2021
real_estate_agent,Ленинский,15.0,24.0,31.0,40.0,11490000.0,3.0,Стартовая ,83.2,Спортивная,2018
real_estate_agent,Заельцовский,4.0,25.0,21.3,92.7,11500000.0,3.0, Дуси Ковальчук,114.0,Заельцовская,2022
real_estate_agent,Заельцовский,5.0,5.0,23.0,33.0,11500000.0,3.0,Кубовая ,75.5,Заельцовская,2022
real_estate_agent,Заельцовский,4.0,17.0,24.0,24.0,11490000.0,3.0, Аэропорт,60.0,Заельцовская,2022
realtor,Октябрьский,7.0,9.0,20.0,52.599999999999994,11500000.0,3.0, Владимира Заровного,72.6,Речной вокзал,2025
realtor,Заельцовский,10.0,29.0,10.0,49.0,11500000.0,3.0,Сухарная ,76.01,Площадь Гарина-Михайловского,2024
realtor,Ленинский,3.0,25.0,26.0,30.0,11500000.0,3.0, Костычева,69.1,Площадь Маркса,2017
realtor,Ленинский,2.0,16.0,10.0,63.0,11500000.0,3.0, Забалуева,73.0,Студенческая,2011
real_estate_agent,Ленинский,2.0,14.0,15.0,69.0,11600000.0,3.0, Серафимовича,84.0,Площадь Маркса,2020
real_estate_agent,Заельцовский,13.0,17.0,20.0,40.0,11585000.0,3.0,Овражная ,65.0,Заельцовская,2014
real_estate_agent,Центральный,13.0,15.0,9.1,43.7,11640000.0,3.0, Семьи Шамшиных,75.9,Площадь Ленина,2011
real_estate_agent,Калининский,4.0,19.0,30.0,30.1,11700000.0,3.0, Гребенщикова,80.0,Заельцовская,2017
real_estate_agent,Заельцовский,11.0,25.0,11.1,56.3,11650000.0,3.0,Сухарная ,96.6,Площадь Гарина-Михайловского,2023
realtor,Заельцовский,16.0,24.0,18.0,35.0,11750000.0,3.0,Сухарная ,60.0,Площадь Гарина-Михайловского,2023
real_estate_agent,Дзержинский,6.0,10.0,19.0,30.0,11850000.0,3.0, Красина,60.0,Березовая Роща,2018
real_estate_agent,Первомайский,2.0,16.0,13.0,54.6,11800000.0,3.0, Заречная,82.3,Речной вокзал,2012
real_estate_agent,Кировский,7.0,27.0,12.0,50.0,11890000.0,3.0, Оловозаводская,78.9,Студенческая,2016
real_estate_agent,Ленинский,7.0,17.0,11.0,60.0,11800000.0,3.0,63/1,97.7,Студенческая,2010
real_estate_agent,Октябрьский,6.0,17.0,22.8,27.8,11800000.0,3.0, Кирова,77.5,Речной вокзал,2020
real_estate_agent,Железнодорожный,7.0,7.0,8.1,56.5,11999000.0,3.0, Урицкого,83.1,Площадь Ленина,2002
real_estate_agent,Центральный,9.0,9.0,8.0,35.0,11960000.0,3.0,Октябрьская ,65.8,Площадь Ленина,1991
real_estate_agent,Ленинский,21.0,26.0,20.0,22.0,11900000.0,3.0, Ясный Берег,55.1,Площадь Гарина-Михайловского,2021
real_estate_agent,Заельцовский,20.0,24.0,14.1,47.2,11999000.0,3.0, Галущака,82.6,Гагаринская,2015
real_estate_agent,Дзержинский,7.0,14.0,17.0,44.8,11990000.0,3.0, Фрунзе,69.1,Березовая Роща,1994
real_estate_agent,Заельцовский,22.0,23.0,13.0,29.3,11900000.0,3.0, Дуси Ковальчук,65.89,Заельцовская,2022
real_estate_agent,Заельцовский,15.0,25.0,11.9,47.0,11950000.0,3.0,Сухарная ,84.8,Площадь Гарина-Михайловского,2021
real_estate_agent,Октябрьский,4.0,10.0,11.8,58.6,11990000.0,3.0,Обская ,95.1,Речной вокзал,2002
real_estate_agent,Октябрьский,4.0,5.0,13.8,89.10000000000001,11980000.0,3.0,Инская ,102.9,Речной вокзал,2003
real_estate_agent,Дзержинский,3.0,25.0,12.0,40.0,11950000.0,3.0, Гоголя,60.3,Березовая Роща,2019
real_estate_agent,Дзержинский,25.0,25.0,14.0,35.0,12000000.0,3.0, Кошурникова,65.0,Золотая Нива,2019
real_estate_agent,Ленинский,17.0,17.0,7.0,63.900000000000006,12000000.0,3.0, Ясный Берег,70.9,Площадь Ленина,2019
real_estate_agent,Кировский,14.0,25.0,16.6,40.9,12000000.0,3.0, Немировича-Данченко,57.5,Студенческая,2020
real_estate_agent,Первомайский,10.0,16.0,12.2,54.5,12000000.0,3.0, Героев Революции,87.8,Спортивная,2012
real_estate_agent,Октябрьский,2.0,4.0,9.0,57.0,12000000.0,3.0,Большевистская ,80.0,Речной вокзал,2020
real_estate_agent,Советский,4.0,9.0,15.0,46.0,12000000.0,3.0, Русская,82.0,Студенческая,2015
real_estate_agent,Советский,5.0,8.0,17.8,65.8,12000000.0,3.0, Лесосечная,132.3,Октябрьская,1994
realtor,Кировский,6.0,14.0,19.7,26.9,12000000.0,3.0, Немировича-Данченко,66.9,Студенческая,2017
real_estate_agent,Ленинский,6.0,17.0,12.0,40.0,12150000.0,3.0, Костычева,69.0,Площадь Маркса,2017
real_estate_agent,Заельцовский,4.0,9.0,15.0,30.0,12200000.0,3.0,Линейная ,60.0,Гагаринская,2022
realtor,Октябрьский,10.0,10.0,14.0,56.0,12200000.0,3.0, Никитина,70.0,Золотая Нива,2020
real_estate_agent,Дзержинский,24.0,25.0,16.0,49.0,12300000.0,3.0, Гоголя,65.0,Березовая Роща,2021
real_estate_agent,Советский,9.0,9.0,10.8,38.5,12300000.0,3.0, Арбузова,62.5,Студенческая,1981
realtor,Октябрьский,10.0,11.0,22.200000000000003,88.80000000000001,12300000.0,3.0,Ленинградская ,111.0,Золотая Нива,2020
real_estate_agent,Центральный,3.0,5.0,7.5,48.9,12300000.0,3.0,Красный проспект,75.2,Площадь Ленина,2007
real_estate_agent,Заельцовский,5.0,8.0,24.8,35.0,12450000.0,3.0,Дачная ,83.7,Заельцовская,2022
real_estate_agent,Октябрьский,4.0,11.0,11.7,45.7,12400000.0,3.0,Ленинградская ,78.5,Октябрьская,1998
real_estate_agent,Центральный,7.0,9.0,7.0,42.0,12450000.0,3.0, Державина,61.1,Маршала Покрышкина,1973
real_estate_agent,Центральный,2.0,6.0,10.0,42.0,12485000.0,3.0,Октябрьская ,73.2,Октябрьская,1934
real_estate_agent,Ленинский,3.0,6.0,15.0,81.0,12400000.0,3.0,Вертковская ,131.3,Площадь Маркса,1999
real_estate_agent,Заельцовский,7.0,9.0,6.0,34.0,12400000.0,3.0,Красный проспект,62.5,Заельцовская,1952
real_estate_agent,Заельцовский,17.0,17.0,38.5,34.1,12400000.0,3.0,Красный проспект,98.2,Заельцовская,2009
real_estate_agent,Заельцовский,6.0,9.0,24.9,33.5,12500000.0,3.0,Красный проспект,74.9,Заельцовская,1981
real_estate_agent,Октябрьский,10.0,10.0,11.7,47.8,12500000.0,3.0,Большевистская ,79.0,Речной вокзал,2020
real_estate_agent,Центральный,3.0,5.0,8.4,49.5,12555000.0,3.0, Державина,70.7,Красный Проспект,2007
real_estate_agent,Заельцовский,10.0,17.0,13.0,44.0,12500000.0,3.0,Сухарная ,77.0,Площадь Гарина-Михайловского,2014
real_estate_agent,Октябрьский,4.0,13.0,9.0,80.0,12500000.0,3.0, Шевченко,132.0,Октябрьская,1998
real_estate_agent,Железнодорожный,14.0,14.0,8.7,44.4,12500000.0,3.0, Дмитрия Шамшурина,70.9,Площадь Гарина-Михайловского,2002
real_estate_agent,Октябрьский,3.0,11.0,10.0,51.4,12500000.0,3.0, Лескова,75.4,Октябрьская,2006
real_estate_agent,Октябрьский,3.0,7.0,10.0,40.4,12550000.0,3.0, Никитина,74.4,Речной вокзал,2021
real_estate_agent,Советский,3.0,8.0,26.0,56.9,12500000.0,3.0, Лесосечная,138.0,Октябрьская,2006
real_estate_agent,Советский,4.0,9.0,15.0,46.0,12500000.0,3.0, Русская,82.0,Студенческая,1994
real_estate_agent,Заельцовский,12.0,17.0,13.0,66.3,12500000.0,3.0,Красный проспект,96.6,Заельцовская,2022
real_estate_agent,Первомайский,10.0,10.0,18.7,38.0,12500000.0,3.0, Заречная,62.5,Спортивная,2013
real_estate_agent,Первомайский,2.0,8.0,16.8,73.2,12600000.0,3.0,Первомайская ,90.0,Спортивная,2025
real_estate_agent,Заельцовский,3.0,25.0,14.4,54.2,12700000.0,3.0, Галущака,86.0,Гагаринская,2015
real_estate_agent,Заельцовский,14.0,17.0,9.0,41.0,12650000.0,3.0, Дуси Ковальчук,77.0,Заельцовская,2024
real_estate_agent,Железнодорожный,3.0,25.0,18.2,24.3,12800000.0,3.0,Железнодорожная ,62.3,Гагаринская,2024
real_estate_agent,Центральный,4.0,19.0,10.9,50.0,12850000.0,3.0, Николая Островского,78.0,Маршала Покрышкина,2016
real_estate_agent,Ленинский,6.0,9.0,22.2,64.9,12800000.0,3.0, Блюхера,111.0,Студенческая,2003
real_estate_agent,Центральный,5.0,6.0,12.2,36.2,12800000.0,3.0, Державина,64.4,Березовая Роща,2013
real_estate_agent,Заельцовский,4.0,4.0,18.0,63.2,12800000.0,3.0,1-е Мочищенское шоссе,104.5,Заельцовская,2022
real_estate_agent,Калининский,3.0,10.0,14.6,45.0,12800000.0,3.0,Народная ,79.4,Заельцовская,2017
real_estate_agent,Октябрьский,8.0,16.0,14.0,51.5,12800000.0,3.0,2-я Обская ,72.0,Речной вокзал,2020
real_estate_agent,Октябрьский,11.0,14.0,16.2,49.5,12985000.0,3.0,Обская ,90.6,Речной вокзал,2006
real_estate_agent,Заельцовский,4.0,7.0,10.0,79.0,12900000.0,3.0,Красный проспект,105.3,Заельцовская,2022
real_estate_agent,Октябрьский,12.0,20.0,11.3,35.5,12999000.0,3.0,Зыряновская ,71.1,Речной вокзал,2019
real_estate_agent,Ленинский,13.0,16.0,20.0,50.7,12999999.0,3.0, Забалуева,98.1,Студенческая,2011
real_estate_agent,Заельцовский,2.0,6.0,22.0,32.0,12990000.0,3.0, Аэропорт,90.0,Заельцовская,2024
real_estate_agent,Октябрьский,13.0,14.0,10.5,83.8,12900000.0,3.0, Федосеева,94.3,Золотая Нива,2003
real_estate_agent,Калининский,7.0,10.0,12.0,65.1,12950000.0,3.0,Ипподромская ,77.1,Маршала Покрышкина,2007
real_estate_agent,Октябрьский,8.0,9.0,27.2,28.2,12900000.0,3.0,Большевистская ,86.0,Речной вокзал,2024
real_estate_agent,Октябрьский,3.0,10.0,11.2,44.6,12990000.0,3.0,Большевистская ,80.5,Речной вокзал,2015
real_estate_agent,Заельцовский,7.0,16.0,25.0,45.0,12900000.0,3.0, Дуси Ковальчук,85.0,Заельцовская,2004
real_estate_agent,Центральный,8.0,13.0,10.0,42.4,12900000.0,3.0, Семьи Шамшиных,71.6,Площадь Ленина,2007
real_estate_agent,Калининский,10.0,11.0,9.0,64.5,12950000.0,3.0,Танковая ,78.5,Заельцовская,2016
real_estate_agent,Железнодорожный,4.0,24.0,23.0,24.0,12900000.0,3.0, Прибрежная,69.8,Площадь Гарина-Михайловского,2002
real_estate_agent,Заельцовский,12.0,17.0,5.0,68.0,12999999.0,3.0, Лобачевского,94.0,Заельцовская,2024
real_estate_agent,Заельцовский,7.0,10.0,13.0,54.5,13000000.0,3.0, Кропоткина,97.8,Гагаринская,2002
real_estate_agent,Железнодорожный,5.0,5.0,8.6,50.0,13000000.0,3.0, Щетинкина,74.3,Площадь Ленина,1968
real_estate_agent,Октябрьский,14.0,14.0,10.4,63.2,13000000.0,3.0, Федосеева,95.1,Золотая Нива,2007
real_estate_agent,Калининский,8.0,13.0,12.7,50.0,13000000.0,3.0, Мясниковой,85.6,Заельцовская,2017
real_estate_agent,Центральный,3.0,9.0,7.6,46.1,13000000.0,3.0, Орджоникидзе,68.1,Площадь Ленина,1962
real_estate_agent,Октябрьский,7.0,10.0,12.0,45.0,13000000.0,3.0,Большевистская ,75.0,Речной вокзал,2020
real_estate_agent,Калининский,6.0,10.0,20.0,40.0,13200000.0,3.0,Ипподромская ,75.0,Маршала Покрышкина,2017
real_estate_agent,Заельцовский,2.0,23.0,14.0,30.0,13150000.0,3.0, Дуси Ковальчук,58.0,Заельцовская,2022
real_estate_agent,Кировский,4.0,11.0,11.0,53.4,13300000.0,3.0, Сибиряков-Гвардейцев,100.0,Площадь Маркса,1998
real_estate_agent,Центральный,3.0,7.0,29.0,38.1,13300000.0,3.0,Советская ,72.2,Площадь Ленина,1954
real_estate_agent,Заельцовский,12.0,24.0,21.0,25.0,13500000.0,3.0, Дуси Ковальчук,64.7,Заельцовская,2022
real_estate_agent,Октябрьский,18.0,25.0,14.0,56.0,13400000.0,3.0,Покатная ,90.6,Октябрьская,2016
real_estate_agent,Заельцовский,23.0,25.0,15.1,65.2,13450000.0,3.0,Кавалерийская ,105.0,Заельцовская,2021
real_estate_agent,Октябрьский,16.0,25.0,24.5,51.1,13499000.0,3.0,Военная ,98.2,Площадь Ленина,2015
real_estate_agent,Центральный,4.0,10.0,12.9,53.4,13500000.0,3.0, Писарева,85.2,Маршала Покрышкина,1998
real_estate_agent,Заельцовский,17.0,18.0,16.8,50.2,13500000.0,3.0, Аэропорт,81.3,Заельцовская,2024
real_estate_agent,Октябрьский,17.0,23.0,15.7,47.0,13500000.0,3.0, Кошурникова,83.7,Золотая Нива,2018
real_estate_agent,Октябрьский,2.0,9.0,28.0,26.2,13500000.0,3.0,Большевистская ,81.0,Спортивная,2022
real_estate_agent,Дзержинский,4.0,12.0,12.6,50.6,13450000.0,3.0, Кошурникова,88.0,Золотая Нива,2005
real_estate_agent,Ленинский,2.0,10.0,11.9,64.1,13500000.0,3.0,Стартовая ,95.7,Студенческая,2011
real_estate_agent,Центральный,15.0,30.0,5.3,39.0,13500000.0,3.0, Семьи Шамшиных,63.1,Маршала Покрышкина,2024
realtor,Заельцовский,2.0,24.0,16.8,67.2,13500000.0,3.0,Сухарная ,84.0,Заельцовская,2022
real_estate_agent,Заельцовский,7.0,7.0,9.3,56.6,13600000.0,3.0,Красный проспект,90.0,Заельцовская,1980
real_estate_agent,Октябрьский,4.0,8.0,21.0,21.9,13600000.0,3.0, Владимира Заровного,57.9,Речной вокзал,2019
real_estate_agent,Заельцовский,7.0,19.0,12.5,48.3,13700000.0,3.0,Сухарная ,86.2,Площадь Гарина-Михайловского,2016
real_estate_agent,Дзержинский,6.0,10.0,22.0,30.0,13700000.0,3.0,Планетная ,67.8,Березовая Роща,2017
real_estate_agent,Заельцовский,4.0,6.0,16.0,59.6,13700000.0,3.0,Красный проспект,99.2,Заельцовская,2000
real_estate_agent,Октябрьский,17.0,22.0,20.0,32.0,13700000.0,3.0,2-я Обская ,65.0,Речной вокзал,2020
real_estate_agent,Железнодорожный,5.0,9.0,29.9,36.6,13700000.0,3.0,Сибирская ,88.7,Площадь Гарина-Михайловского,2017
real_estate_agent,Дзержинский,4.0,25.0,25.0,29.0,13800000.0,3.0, Адриена Лежена,75.3,Золотая Нива,2020
real_estate_agent,Заельцовский,1.0,10.0,15.0,54.0,13930000.0,3.0,Холодильная ,74.5,Гагаринская,2009
real_estate_agent,Ленинский,9.0,30.0,5.0,40.0,13900000.0,3.0,Горская ,61.7,Спортивная,2026
real_estate_agent,Октябрьский,21.0,25.0,20.3,24.7,13900000.0,3.0, Никитина,61.9,Октябрьская,2023
real_estate_agent,Заельцовский,13.0,25.0,17.0,52.0,13900000.0,3.0, Галущака,106.4,Гагаринская,2022
real_estate_agent,Заельцовский,2.0,20.0,25.0,35.0,13900000.0,3.0, Дуси Ковальчук,71.0,Заельцовская,2017
real_estate_agent,Октябрьский,18.0,19.0,16.5,39.0,14000000.0,3.0, Михаила Кулагина,72.6,Золотая Нива,2021
real_estate_agent,Заельцовский,5.0,22.0,16.0,50.0,14000000.0,3.0, Дуси Ковальчук,93.0,Заельцовская,2013
real_estate_agent,Заельцовский,2.0,9.0,13.5,52.0,14000000.0,3.0,Ельцовская ,88.2,Площадь Гарина-Михайловского,2022
real_estate_agent,Заельцовский,3.0,4.0,17.0,62.1,13999000.0,3.0,1-е Мочищенское шоссе,103.1,Заельцовская,2012
real_estate_agent,Центральный,4.0,5.0,9.1,45.2,14000000.0,3.0,Красный проспект,71.8,Красный Проспект,1940
real_estate_agent,Центральный,2.0,13.0,35.0,37.0,13990000.0,3.0, Крылова,99.8,Маршала Покрышкина,2000
real_estate_agent,Калининский,4.0,19.0,20.0,78.0,14000000.0,3.0, Кропоткина,101.1,Маршала Покрышкина,2023
real_estate_agent,Калининский,7.0,24.0,4.6,43.0,14000000.0,3.0,Народная ,73.47,Заельцовская,2019
real_estate_agent,Октябрьский,8.0,10.0,20.8,24.0,14099000.0,3.0, Владимира Заровного,67.4,Спортивная,2018
real_estate_agent,Кировский,4.0,10.0,14.0,63.0,14199000.0,3.0, Покрышкина,106.1,Площадь Маркса,2015
real_estate_agent,Кировский,11.0,25.0,10.3,55.9,14199000.0,3.0, Немировича-Данченко,87.4,Студенческая,2020
real_estate_agent,Ленинский,11.0,12.0,20.0,72.0,14100000.0,3.0,Вертковская ,124.8,Площадь Маркса,1996
real_estate_agent,Заельцовский,19.0,20.0,23.0,60.0,14100000.0,3.0, Дуси Ковальчук,87.0,Заельцовская,2020
real_estate_agent,Центральный,4.0,5.0,8.7,49.4,14300000.0,3.0, Державина,71.2,Красный Проспект,1958
real_estate_agent,Дзержинский,12.0,19.0,21.0,45.8,14300000.0,3.0, Фрунзе,83.4,Березовая Роща,2017
real_estate_agent,Заельцовский,16.0,20.0,23.0,36.0,14500000.0,3.0, Дуси Ковальчук,74.8,Заельцовская,2011
real_estate_agent,Ленинский,8.0,15.0,12.0,50.0,14500000.0,3.0,проспект Карла Маркса,94.5,Площадь Маркса,2013
real_estate_agent,Октябрьский,20.0,25.0,17.5,24.9,14500000.0,3.0, Владимира Заровного,62.4,Речной вокзал,2019
real_estate_agent,Железнодорожный,8.0,10.0,9.0,46.5,14500000.0,3.0, Вокзальная магистраль,72.0,Площадь Гарина-Михайловского,2003
real_estate_agent,Ленинский,5.0,9.0,24.5,58.4,14500000.0,3.0,Вертковская ,108.1,Площадь Маркса,1996
real_estate_agent,Кировский,9.0,10.0,12.0,65.0,14500000.0,3.0, Сибиряков-Гвардейцев,115.0,Площадь Маркса,1997
real_estate_agent,Ленинский,2.0,7.0,16.0,65.0,14400000.0,3.0, Костычева,110.0,Площадь Маркса,1999
real_estate_agent,Заельцовский,4.0,14.0,26.0,46.9,14500000.0,3.0,Дачная ,99.2,Заельцовская,2005
real_estate_agent,Центральный,15.0,25.0,13.0,52.0,14450000.0,3.0,Ипподромская ,95.0,Октябрьская,2024
real_estate_agent,Железнодорожный,10.0,16.0,16.0,48.5,14499000.0,3.0, Дмитрия Шамшурина,95.7,Площадь Гарина-Михайловского,2013
real_estate_agent,Заельцовский,6.0,6.0,25.5,36.6,14500000.0,3.0,Кедровая ,89.5,Заельцовская,2022
real_estate_agent,Октябрьский,11.0,24.0,12.64,50.56,14400000.0,3.0,Большевистская ,63.2,Речной вокзал,2026
realtor,Центральный,9.0,17.0,20.0,40.0,14500000.0,3.0, Некрасова,93.2,Маршала Покрышкина,2014
real_estate_agent,Заельцовский,6.0,7.0,30.0,65.0,14550000.0,3.0, Аэропорт,121.0,Заельцовская,2023
real_estate_agent,Советский,3.0,9.0,7.1,41.0,14700000.0,3.0, Терешковой,63.0,Студенческая,1994
real_estate_agent,Октябрьский,9.0,25.0,20.2,41.599999999999994,14700000.0,3.0, Сибревкома,61.8,Октябрьская,2019
realtor,Центральный,7.0,21.0,21.5,46.5,14700000.0,3.0, Орджоникидзе,98.0,Площадь Ленина,2011
real_estate_agent,Октябрьский,4.0,17.0,27.1,30.9,14800000.0,3.0, Сакко и Ванцетти,79.3,Речной вокзал,2018
real_estate_agent,Дзержинский,23.0,27.0,8.0,56.0,14880000.0,3.0, Фрунзе,91.1,Березовая Роща,2013
real_estate_agent,Дзержинский,3.0,17.0,15.0,75.0,14800000.0,3.0, Бориса Богаткова,95.6,Золотая Нива,2015
real_estate_agent,Заельцовский,7.0,15.0,21.0,30.0,14900000.0,3.0,Красный проспект,68.0,Заельцовская,2022
real_estate_agent,Ленинский,4.0,9.0,17.8,49.4,14900000.0,3.0, Титова,104.6,Площадь Маркса,2004
real_estate_agent,Заельцовский,11.0,17.0,25.0,63.2,14800000.0,3.0, Дуси Ковальчук,108.5,Заельцовская,2004
real_estate_agent,Заельцовский,6.0,14.0,16.6,56.6,14800000.0,3.0,Дачная ,103.6,Заельцовская,2022
real_estate_agent,Заельцовский,16.0,17.0,14.2,65.5,14800000.0,3.0, Галущака,110.3,Гагаринская,2002
realtor,Октябрьский,9.0,25.0,21.0,53.5,14840000.0,3.0, Владимира Заровного,74.5,Речной вокзал,2020
real_estate_agent,Центральный,2.0,5.0,23.1,46.0,15090000.0,3.0,Советская ,84.7,Площадь Ленина,1937
real_estate_agent,Ленинский,3.0,5.0,16.1,54.6,15000000.0,3.0, Пархоменко,92.9,Площадь Маркса,1945
real_estate_agent,Октябрьский,17.0,21.0,13.0,48.0,14990000.0,3.0, Кошурникова,89.0,Березовая Роща,2019
real_estate_agent,Центральный,10.0,10.0,11.7,50.5,15000000.0,3.0, Гоголя,96.9,Маршала Покрышкина,2004
real_estate_agent,Октябрьский,3.0,6.0,20.0,55.0,15000000.0,3.0,Выборная ,100.0,Речной вокзал,2005
real_estate_agent,Октябрьский,4.0,16.0,12.5,62.1,15000000.0,3.0,2-я Обская ,101.5,Речной вокзал,2008
real_estate_agent,Центральный,2.0,14.0,16.0,65.0,14950000.0,3.0, Крылова,110.0,Маршала Покрышкина,1999
real_estate_agent,Советский,1.0,4.0,8.8,68.0,15000000.0,3.0,проспект Морской,76.8,Студенческая,1994
real_estate_agent,Советский,1.0,4.0,14.0,42.0,15000000.0,3.0, Правды,74.0,Студенческая,1961
real_estate_agent,Железнодорожный,4.0,5.0,17.0,55.0,15000000.0,3.0,Депутатская ,93.0,Площадь Ленина,1970
real_estate_agent,Октябрьский,7.0,24.0,20.0,40.6,15000000.0,3.0,Ленинградская ,85.3,Октябрьская,2020
real_estate_agent,Калининский,9.0,25.0,10.0,65.0,14990000.0,3.0,Танковая ,88.0,Заельцовская,2016
real_estate_agent,Кировский,3.0,10.0,11.0,41.0,15050000.0,3.0,Новогодняя ,79.0,Студенческая,2009
realtor,Заельцовский,6.0,7.0,8.6,57.9,15000000.0,3.0,Кедровая ,91.33,Заельцовская,2025
real_estate_agent,Октябрьский,9.0,29.0,18.3,73.0,15200000.0,3.0,Военная ,127.0,Площадь Ленина,2015
real_estate_agent,Центральный,8.0,10.0,14.4,70.6,15300000.0,3.0, Фрунзе,94.6,Сибирская,2007
real_estate_agent,Ленинский,11.0,14.0,12.9,53.1,15300000.0,3.0, Серафимовича,90.0,Площадь Маркса,2010
real_estate_agent,Октябрьский,3.0,16.0,14.6,44.5,15500000.0,3.0, Кирова,82.3,Октябрьская,2008
real_estate_agent,Дзержинский,18.0,30.0,13.9,49.0,15500000.0,3.0, Фрунзе,85.6,Березовая Роща,2024
real_estate_agent,Центральный,7.0,9.0,8.7,47.1,15500000.0,3.0,Красный проспект,76.2,Площадь Ленина,1957
real_estate_agent,Железнодорожный,12.0,30.0,13.0,36.0,15500000.0,3.0,Фабричная ,75.0,Площадь Гарина-Михайловского,2023
real_estate_agent,Заельцовский,4.0,11.0,27.0,68.0,15700000.0,3.0,Дачная ,134.0,Заельцовская,2004
real_estate_agent,Ленинский,4.0,9.0,28.6,67.2,15600000.0,3.0, Пархоменко,133.1,Площадь Маркса,2009
real_estate_agent,Кировский,17.0,25.0,17.0,38.5,15600000.0,3.0, Немировича-Данченко,75.0,Студенческая,2017
real_estate_agent,Заельцовский,16.0,25.0,18.0,35.0,15600000.0,3.0, Дуси Ковальчук,77.8,Заельцовская,2023
real_estate_agent,Дзержинский,3.0,26.0,12.0,45.0,15800000.0,3.0, Кошурникова,68.0,Березовая Роща,2019
real_estate_agent,Октябрьский,4.0,19.0,24.0,24.6,15800000.0,3.0, Шевченко,78.3,Речной вокзал,2020
real_estate_agent,Октябрьский,3.0,4.0,14.5,56.0,15800000.0,3.0, Кирова,100.1,Речной вокзал,2014
real_estate_agent,Заельцовский,2.0,6.0,19.7,56.5,15850000.0,3.0,Военного санатория Ельцовка тер.,120.2,Площадь Гарина-Михайловского,2006
real_estate_agent,Октябрьский,9.0,17.0,16.0,32.0,16000000.0,3.0, Лескова,70.8,Октябрьская,2015
real_estate_agent,Октябрьский,13.0,17.0,30.0,40.0,16000000.0,3.0, Лескова,101.0,Октябрьская,2015
real_estate_agent,Центральный,4.0,9.0,13.0,57.0,16000000.0,3.0, Писарева,84.3,Маршала Покрышкина,2019
real_estate_agent,Центральный,4.0,11.0,12.7,50.4,15970000.0,3.0, Крылова,93.7,Маршала Покрышкина,2014
real_estate_agent,Центральный,2.0,14.0,32.0,64.0,15999000.0,3.0, Державина,113.0,Сибирская,2007
real_estate_agent,Дзержинский,24.0,24.0,31.2,53.3,15900000.0,3.0, Фрунзе,90.6,Березовая Роща,2012
real_estate_agent,Калининский,14.0,24.0,10.0,49.4,16000000.0,3.0,Ипподромская ,87.7,Березовая Роща,2006
real_estate_agent,Дзержинский,18.0,19.0,15.0,51.1,15900000.0,3.0, Фрунзе,71.1,Березовая Роща,2022
real_estate_agent,Заельцовский,23.0,24.0,5.0,58.5,16000000.0,3.0, Дуси Ковальчук,92.2,Заельцовская,2028
real_estate_agent,Советский,15.0,18.0,10.0,41.0,15999999.0,3.0, Николаева,77.6,Студенческая,2018
real_estate_agent,Центральный,9.0,18.0,16.6,54.5,15990000.0,3.0, Гоголя,103.8,Маршала Покрышкина,2013
real_estate_agent,Дзержинский,15.0,18.0,14.0,38.0,16000000.0,3.0, Фрунзе,71.0,Березовая Роща,2020
real_estate_agent,Октябрьский,3.0,9.0,22.0,42.0,15900000.0,3.0, Никитина,64.0,Речной вокзал,2020
real_estate_agent,Центральный,13.0,21.0,18.0,54.0,16000000.0,3.0, Гоголя,93.0,Маршала Покрышкина,2018
real_estate_agent,Центральный,24.0,25.0,12.7,45.6,16000000.0,3.0, Державина,85.3,Березовая Роща,2013
real_estate_agent,Железнодорожный,8.0,12.0,3.8,42.2,16200000.0,3.0,Коммунистическая ,62.3,Площадь Ленина,2020
real_estate_agent,Октябрьский,9.0,10.0,5.1,57.6,16500000.0,3.0, Никитина,95.5,Речной вокзал,2020
real_estate_agent,Октябрьский,6.0,15.0,12.2,57.0,16500000.0,3.0, Якушева,116.2,Речной вокзал,2016
real_estate_agent,Заельцовский,17.0,20.0,14.0,68.0,16499000.0,3.0, Дуси Ковальчук,99.15,Заельцовская,2018
real_estate_agent,Центральный,5.0,15.0,30.5,49.4,16490000.0,3.0, Семьи Шамшиных,84.9,Площадь Ленина,2007
real_estate_agent,Заельцовский,8.0,10.0,27.0,44.3,16500000.0,3.0,Холодильная ,89.5,Гагаринская,2009
real_estate_agent,Заельцовский,25.0,30.0,31.0,48.6,16400000.0,3.0,Сухарная ,125.0,Площадь Гарина-Михайловского,2024
real_estate_agent,Центральный,1.0,5.0,11.3,48.0,16500000.0,3.0, Крылова,76.3,Красный Проспект,1938
real_estate_agent,Центральный,4.0,14.0,16.3,60.8,16500000.0,3.0, Семьи Шамшиных,120.0,Маршала Покрышкина,2003
real_estate_agent,Железнодорожный,5.0,16.0,16.2,53.2,16500000.0,3.0, 1905 года,110.0,Красный Проспект,2000
real_estate_agent,Центральный,10.0,21.0,18.0,56.0,16500000.0,3.0,Коммунистическая ,107.9,Площадь Ленина,2002
real_estate_agent,Октябрьский,3.0,26.0,23.0,52.0,16500000.0,3.0, Владимира Заровного,75.0,Речной вокзал,2019
real_estate_agent,Октябрьский,8.0,10.0,20.0,34.1,16600000.0,3.0,Тополевая ,80.2,Октябрьская,2021
real_estate_agent,Советский,5.0,5.0,7.3,38.0,16800000.0,3.0,Золотодолинская ,58.7,Студенческая,1981
real_estate_agent,Ленинский,12.0,15.0,16.0,63.0,16890000.0,3.0,Стартовая ,108.5,Спортивная,2014
real_estate_agent,Ленинский,3.0,7.0,17.4,79.8,16800000.0,3.0,проспект Карла Маркса,137.8,Студенческая,2003
real_estate_agent,Центральный,7.0,10.0,10.8,52.4,16800000.0,3.0, Гоголя,97.6,Маршала Покрышкина,2007
real_estate_agent,Центральный,4.0,9.0,10.4,49.2,16750000.0,3.0,Советская ,72.9,Красный Проспект,1994
real_estate_agent,Центральный,21.0,23.0,40.0,71.7,16700000.0,3.0, Державина,111.7,Березовая Роща,2008
real_estate_agent,Заельцовский,6.0,16.0,20.0,60.0,17000000.0,3.0, Кропоткина,102.2,Гагаринская,2008
real_estate_agent,Железнодорожный,3.0,27.0,10.7,51.5,17000000.0,3.0, 1905 года,82.5,Красный Проспект,2016
real_estate_agent,Дзержинский,16.0,18.0,16.0,40.0,16999999.0,3.0, Фрунзе,72.0,Березовая Роща,2020
real_estate_agent,Октябрьский,6.0,9.0,14.9,54.4,16990000.0,3.0,Ленинградская ,102.2,Октябрьская,2005
real_estate_agent,Железнодорожный,5.0,9.0,22.0,68.0,16950000.0,3.0, Максима Горького,109.0,Площадь Ленина,1998
realtor,Центральный,11.0,30.0,26.0,51.8,17000000.0,3.0, Николая Островского,88.12,Гагаринская,2026
real_estate_agent,Заельцовский,17.0,24.0,16.8,65.3,17200000.0,3.0, Галущака,107.0,Гагаринская,2010
real_estate_agent,Центральный,4.0,10.0,14.6,56.3,17300000.0,3.0, Фрунзе,94.2,Сибирская,2007
real_estate_agent,Заельцовский,7.0,7.0,45.0,50.0,17390000.0,3.0,Кедровая ,166.0,Заельцовская,2025
real_estate_agent,Заельцовский,11.0,13.0,25.0,65.0,17500000.0,3.0, Галущака,137.9,Гагаринская,2001
real_estate_agent,Дзержинский,18.0,29.0,16.4,51.3,17500000.0,3.0,Закаменский мкр,93.3,Березовая Роща,2025
real_estate_agent,Центральный,11.0,21.0,21.0,71.0,17500000.0,3.0, Орджоникидзе,116.0,Площадь Ленина,2012
real_estate_agent,Октябрьский,24.0,24.0,26.4,38.50000000000001,17500000.0,3.0, Шевченко,64.9,Октябрьская,2022
real_estate_agent,Заельцовский,8.0,14.0,14.0,60.0,17500000.0,3.0,Красный проспект,91.9,Заельцовская,2013
real_estate_agent,Центральный,14.0,25.0,10.0,45.6,17450000.0,3.0, Державина,60.6,Маршала Покрышкина,2022
real_estate_agent,Октябрьский,3.0,11.0,12.0,46.5,17500000.0,3.0,Ленинградская ,99.2,Октябрьская,2007
real_estate_agent,Железнодорожный,9.0,16.0,16.7,62.1,17470000.0,3.0,Нарымская ,110.0,Красный Проспект,2002
real_estate_agent,Железнодорожный,12.0,16.0,19.0,48.0,17650000.0,3.0, Дмитрия Шамшурина,96.0,Площадь Гарина-Михайловского,2017
real_estate_agent,Центральный,10.0,18.0,11.1,51.6,17590000.0,3.0, Некрасова,89.0,Сибирская,2010
real_estate_agent,Советский,3.0,7.0,28.0,46.1,17850000.0,3.0, Иванова,98.7,Студенческая,2004
real_estate_agent,Советский,4.0,4.0,9.0,53.0,18000000.0,3.0,проспект Морской,75.5,Студенческая,1994
real_estate_agent,Калининский,20.0,22.0,10.0,60.0,18000000.0,3.0,Ипподромская ,90.0,Маршала Покрышкина,2016
real_estate_agent,Советский,7.0,7.0,13.0,56.0,18000000.0,3.0, Иванова,98.6,Студенческая,2004
real_estate_agent,Октябрьский,12.0,22.0,25.5,57.9,17990000.0,3.0, Кошурникова,91.8,Золотая Нива,2015
real_estate_agent,Центральный,7.0,13.0,13.0,46.0,18000000.0,3.0, Семьи Шамшиных,77.84,Октябрьская,2026
real_estate_agent,Заельцовский,14.0,15.0,7.8,40.3,17900000.0,3.0,Красный проспект,82.3,Заельцовская,2022
real_estate_agent,Центральный,9.0,21.0,42.6,45.0,17900000.0,3.0, Орджоникидзе,130.0,Площадь Ленина,2011
real_estate_agent,Октябрьский,2.0,9.0,24.5,30.0,18000000.0,3.0,Большевистская ,112.6,Спортивная,2022
real_estate_agent,Заельцовский,8.0,9.0,16.2,59.0,18000000.0,3.0, Кропоткина,108.2,Гагаринская,2022
realtor,Заельцовский,2.0,10.0,24.0,61.0,18000000.0,3.0,Красный проспект,85.0,Заельцовская,2019
realtor,Октябрьский,1.0,25.0,5.3,53.0,17900000.0,3.0,Военная ,82.7,Октябрьская,2024
real_estate_agent,Железнодорожный,4.0,8.0,13.6,51.6,18350000.0,3.0, Вокзальная магистраль,101.0,Площадь Гарина-Михайловского,2002
real_estate_agent,Дзержинский,3.0,25.0,17.5,47.7,18300000.0,3.0, Николая Островского,88.1,Березовая Роща,2021
real_estate_agent,Октябрьский,8.0,24.0,20.0,50.0,18570000.0,3.0, Шевченко,80.0,Октябрьская,2021
real_estate_agent,Железнодорожный,8.0,9.0,33.0,28.0,18500000.0,3.0,Советская ,78.3,Площадь Ленина,2005
real_estate_agent,Дзержинский,14.0,25.0,10.0,65.9,18500000.0,3.0, Кошурникова,100.1,Золотая Нива,2020
real_estate_agent,Железнодорожный,4.0,17.0,20.0,32.0,18500000.0,3.0,Красноярская ,83.0,Площадь Гарина-Михайловского,2002
real_estate_agent,Октябрьский,12.0,16.0,14.0,40.0,18500000.0,3.0, Шевченко,80.0,Речной вокзал,2020
real_estate_agent,Центральный,8.0,9.0,14.0,65.7,18500000.0,3.0, Семьи Шамшиных,106.0,Площадь Ленина,2005
real_estate_agent,Заельцовский,3.0,14.0,30.5,55.0,18500000.0,3.0,Красный проспект,123.0,Заельцовская,2013
real_estate_agent,Октябрьский,5.0,8.0,30.2,34.2,18500000.0,3.0, Владимира Заровного,79.8,Спортивная,2021
real_estate_agent,Кировский,7.0,24.0,13.5,46.0,18500000.0,3.0, Немировича-Данченко,88.0,Спортивная,2020
real_estate_agent,Советский,2.0,4.0,8.4,51.5,18750000.0,3.0, Правды,74.0,Студенческая,1994
real_estate_agent,Дзержинский,16.0,26.0,9.0,41.2,18750000.0,3.0, Кошурникова,71.9,Березовая Роща,2019
real_estate_agent,Центральный,15.0,25.0,18.0,67.0,18750000.0,3.0, Семьи Шамшиных,114.2,Площадь Ленина,2015
real_estate_agent,Центральный,13.0,21.0,15.0,55.0,19000000.0,3.0, Гоголя,108.9,Березовая Роща,2007
real_estate_agent,Калининский,8.0,20.0,11.0,54.0,19000000.0,3.0, Богдана Хмельницкого,87.3,Заельцовская,2022
real_estate_agent,Заельцовский,3.0,27.0,41.6,70.0,19000000.0,3.0, Залесского,117.6,Заельцовская,2013
real_estate_agent,Железнодорожный,8.0,24.0,12.0,50.0,18900000.0,3.0, Дмитрия Шамшурина,87.0,Площадь Гарина-Михайловского,2021
real_estate_agent,Железнодорожный,20.0,29.0,10.0,39.0,19000000.0,3.0, Максима Горького,67.9,Площадь Ленина,2002
real_estate_agent,Октябрьский,3.0,9.0,15.0,69.1,19000000.0,3.0, Восход,91.9,Речной вокзал,2020
real_estate_agent,Ленинский,3.0,25.0,18.0,45.0,19100000.0,3.0, Немировича-Данченко,85.2,Студенческая,2021
real_estate_agent,Кировский,21.0,25.0,16.0,35.0,19399000.0,3.0, Немировича-Данченко,70.0,Студенческая,2019
real_estate_agent,Центральный,2.0,10.0,20.0,149.0,19500000.0,3.0,Коммунистическая ,174.0,Площадь Ленина,2007
real_estate_agent,Центральный,4.0,17.0,13.0,68.0,19500000.0,3.0, Семьи Шамшиных,100.0,Площадь Ленина,2009
realtor,Советский,2.0,12.0,20.0,40.0,19500000.0,3.0, Шатурская,84.0,Студенческая,2014
real_estate_agent,Заельцовский,15.0,15.0,13.0,42.5,19500000.0,3.0,Красный проспект,80.0,Заельцовская,2022
real_estate_agent,Заельцовский,4.0,6.0,19.080000000000002,76.32000000000001,19600000.0,3.0,Кедровая ,95.4,Заельцовская,2011
real_estate_agent,Октябрьский,2.0,22.0,2.0,93.2,19700000.0,3.0,2-я Обская ,95.2,Речной вокзал,2015
real_estate_agent,Советский,10.0,12.0,20.7,73.5,19990000.0,3.0,бульвар Молодежи,125.2,Студенческая,1994
real_estate_agent,Октябрьский,25.0,25.0,43.0,45.4,19900000.0,3.0,Большевистская ,152.0,Речной вокзал,2025
realtor,Октябрьский,3.0,10.0,35.0,65.0,19980000.0,3.0,Большевистская ,200.7,Речной вокзал,2023
real_estate_agent,Заельцовский,9.0,10.0,54.0,40.0,20000000.0,3.0,Красный проспект,128.0,Гагаринская,2002
real_estate_agent,Центральный,3.0,11.0,39.0,26.0,20000000.0,3.0,Советская ,95.5,Красный Проспект,1998
real_estate_agent,Центральный,13.0,30.0,30.7,44.3,20000000.0,3.0, Семьи Шамшиных,87.5,Маршала Покрышкина,2024
real_estate_agent,Октябрьский,18.0,18.0,40.0,70.0,20000000.0,3.0,Нижегородская ,167.0,Октябрьская,2008
real_estate_agent,Октябрьский,20.0,28.0,10.0,85.0,20000000.0,3.0, Шевченко,114.0,Октябрьская,2015
real_estate_agent,Железнодорожный,5.0,17.0,17.0,81.0,20000000.0,3.0,Красноярская ,122.9,Площадь Гарина-Михайловского,2016
real_estate_agent,Советский,1.0,4.0,9.0,52.0,20000000.0,3.0,проспект Морской,76.0,Студенческая,1956
real_estate_agent,Заельцовский,2.0,15.0,16.8,67.2,20000000.0,3.0,Красный проспект,84.0,Заельцовская,2022
realtor,Октябрьский,2.0,9.0,16.7,61.4,20100000.0,3.0, Кирова,127.4,Октябрьская,2004
realtor,Октябрьский,2.0,10.0,10.8,46.8,20000000.0,3.0, Декабристов,76.9,Речной вокзал,2014
real_estate_agent,Октябрьский,25.0,25.0,12.0,100.0,20400000.0,3.0,Военная ,131.9,Площадь Ленина,2020
real_estate_agent,Заельцовский,14.0,19.0,16.0,56.9,20500000.0,3.0, Галущака,110.4,Гагаринская,2022
real_estate_agent,Центральный,5.0,9.0,37.0,41.0,20500000.0,3.0, Семьи Шамшиных,110.0,Маршала Покрышкина,2024
real_estate_agent,Заельцовский,5.0,7.0,16.0,51.0,20600000.0,3.0,Кедровая ,97.0,Заельцовская,2014
real_estate_agent,Заельцовский,19.0,20.0,45.1,40.0,20600000.0,3.0, Дуси Ковальчук,99.6,Заельцовская,2018
real_estate_agent,Октябрьский,9.0,12.0,25.0,24.2,20900000.0,3.0, Декабристов,73.4,Речной вокзал,2017
real_estate_agent,Советский,1.0,4.0,9.0,52.0,21000000.0,3.0,проспект Морской,74.0,Студенческая,1994
real_estate_agent,Центральный,7.0,18.0,30.0,80.0,21000000.0,3.0,Коммунистическая ,158.0,Площадь Ленина,2002
real_estate_agent,Советский,3.0,4.0,9.0,64.5,21100000.0,3.0,проспект Морской,73.5,Студенческая,1960
real_estate_agent,Октябрьский,12.0,16.0,17.6,66.2,21500000.0,3.0, Кирова,116.6,Октябрьская,2008
real_estate_agent,Октябрьский,11.0,24.0,25.0,78.6,21600000.0,3.0, Шевченко,103.6,Октябрьская,2015
real_estate_agent,Центральный,3.0,6.0,29.0,69.5,21700000.0,3.0, Державина,141.5,Березовая Роща,2007
real_estate_agent,Заельцовский,1.0,8.0,24.6,75.0,21750000.0,3.0,Дачное шоссе,110.1,Заельцовская,2022
real_estate_agent,Октябрьский,6.0,9.0,15.1,66.4,21999000.0,3.0, Толстого,109.8,Октябрьская,2003
real_estate_agent,Советский,2.0,4.0,8.2,53.6,22000000.0,3.0, Правды,77.0,Студенческая,1961
real_estate_agent,Заельцовский,5.0,8.0,20.0,40.0,21900000.0,3.0, Победы,96.0,Заельцовская,2022
realtor,Советский,11.0,17.0,16.0,70.0,22000000.0,3.0, Российская,135.0,Студенческая,2010
real_estate_agent,Октябрьский,4.0,10.0,25.0,53.0,22000000.0,3.0, Декабристов,78.0,Речной вокзал,2017
real_estate_agent,Заельцовский,2.0,11.0,42.0,37.0,22000000.0,3.0,Дачное шоссе,99.68,Красный Проспект,2025
real_estate_agent,Октябрьский,10.0,24.0,9.0,57.0,22100000.0,3.0, Сакко и Ванцетти,90.5,Речной вокзал,2024
real_estate_agent,Железнодорожный,2.0,9.0,15.0,64.1,22400000.0,3.0,Советская ,112.0,Площадь Ленина,2005
real_estate_agent,Октябрьский,2.0,8.0,31.8,39.2,22500000.0,3.0, Владимира Заровного,85.7,Спортивная,2025
real_estate_agent,Октябрьский,11.0,17.0,20.0,60.0,23000000.0,3.0,Большевистская ,93.4,Спортивная,2022
real_estate_agent,Октябрьский,10.0,25.0,15.0,80.0,23000000.0,3.0, Шевченко,103.0,Октябрьская,2017
real_estate_agent,Заельцовский,1.0,6.0,30.0,163.0,23000000.0,3.0, Аэропорт,193.0,Заельцовская,2024
real_estate_agent,Заельцовский,19.0,25.0,12.0,34.0,23000000.0,3.0,Овражная ,84.3,Заельцовская,2020
real_estate_agent,Заельцовский,9.0,23.0,18.0,62.0,23200000.0,3.0, Тимирязева,116.6,Заельцовская,2022
real_estate_agent,Заельцовский,3.0,8.0,24.2,50.1,23500000.0,3.0,Дачное шоссе,110.5,Заельцовская,2022
real_estate_agent,Центральный,5.0,17.0,15.0,58.0,23900000.0,3.0, Романова,105.0,Площадь Ленина,2014
real_estate_agent,Центральный,5.0,17.0,15.0,70.0,23900000.0,3.0, Романова,105.0,Площадь Ленина,2014
real_estate_agent,Октябрьский,3.0,17.0,11.2,57.5,24100000.0,3.0, Декабристов,102.7,Речной вокзал,2020
real_estate_agent,Октябрьский,19.0,29.0,27.0,61.0,23950000.0,3.0,Московская ,88.0,Октябрьская,2023
real_estate_agent,Октябрьский,24.0,30.0,12.0,51.0,24500000.0,3.0,Московская ,86.4,Октябрьская,2024
real_estate_agent,Железнодорожный,3.0,22.0,21.7,99.3,24875000.0,3.0, 1905 года,121.0,Красный Проспект,2016
real_estate_agent,Центральный,4.0,9.0,19.7,69.5,25000000.0,3.0,Коммунистическая ,112.6,Площадь Ленина,2008
real_estate_agent,Дзержинский,12.0,14.0,14.0,68.0,25000000.0,3.0, Николая Островского,82.0,Березовая Роща,2022
real_estate_agent,Заельцовский,10.0,10.0,30.0,80.0,25000000.0,3.0,Красный проспект,124.5,Заельцовская,1995
real_estate_agent,Советский,15.0,17.0,11.4,90.0,25000000.0,3.0, Российская,161.8,Студенческая,2010
real_estate_agent,Центральный,6.0,17.0,38.0,32.0,24900000.0,3.0, Семьи Шамшиных,96.3,Площадь Ленина,2009
real_estate_agent,Октябрьский,4.0,9.0,21.3,57.5,25000000.0,3.0, Кирова,129.5,Октябрьская,2006
realtor,Калининский,13.0,21.0,25.46,101.84,25300000.0,3.0, Богдана Хмельницкого,127.3,Заельцовская,2011
real_estate_agent,Советский,2.0,4.0,17.0,40.0,25500000.0,3.0,проспект Морской,76.2,Студенческая,1964
real_estate_agent,Октябрьский,6.0,22.0,18.0,57.0,25900000.0,3.0,2-я Обская ,98.1,Речной вокзал,2020
real_estate_agent,Центральный,2.0,12.0,16.9,77.0,25990000.0,3.0,Советская ,93.9,Красный Проспект,1997
real_estate_agent,Заельцовский,6.0,16.0,16.0,86.0,26000000.0,3.0,Кавалерийская ,148.0,Заельцовская,2005
real_estate_agent,Октябрьский,11.0,14.0,35.1,50.0,26000000.0,3.0, Восход,126.0,Октябрьская,2009
real_estate_agent,Заельцовский,11.0,17.0,10.0,45.0,26000000.0,3.0,Красный проспект,76.0,Заельцовская,2022
real_estate_agent,Заельцовский,6.0,7.0,16.0,78.0,26500000.0,3.0,Дачное шоссе,113.06,Заельцовская,2023
realtor,Октябрьский,7.0,20.0,17.8,56.8,26500000.0,3.0,2-я Обская ,97.8,Речной вокзал,2018
real_estate_agent,Заельцовский,7.0,8.0,17.0,55.0,27000000.0,3.0,Кедровая ,124.2,Заельцовская,2014
real_estate_agent,Октябрьский,10.0,17.0,39.7,39.3,27500000.0,3.0, Сакко и Ванцетти,79.0,Речной вокзал,2018
real_estate_agent,Центральный,6.0,9.0,18.1,72.7,27600000.0,3.0,Красный проспект,122.0,Гагаринская,2003
real_estate_agent,Центральный,13.0,24.0,15.0,64.0,28000000.0,3.0, Семьи Шамшиных,110.0,Площадь Ленина,2015
real_estate_agent,Железнодорожный,9.0,23.0,25.0,40.0,28500000.0,3.0,Советская ,81.5,Красный Проспект,2019
real_estate_agent,Центральный,2.0,11.0,16.3,75.6,28900000.0,3.0,Советская ,151.1,Красный Проспект,1998
real_estate_agent,Октябрьский,8.0,13.0,16.0,52.1,29700000.0,3.0, Добролюбова,101.42,Речной вокзал,2020
real_estate_agent,Центральный,8.0,19.0,14.4,58.6,30000000.0,3.0, Романова,101.7,Площадь Ленина,2014
real_estate_agent,Заельцовский,6.0,7.0,14.3,62.9,30000000.0,3.0,Кедровая ,115.7,Заельцовская,2022
real_estate_agent,Железнодорожный,7.0,8.0,40.0,93.30000000000001,31000000.0,3.0, Чаплыгина,133.3,Площадь Ленина,2002
real_estate_agent,Центральный,2.0,9.0,23.0,84.3,31700000.0,3.0,Серебренниковская ,157.4,Площадь Ленина,1995
real_estate_agent,Советский,6.0,15.0,33.7,66.2,32000000.0,3.0, Ильича,128.4,Студенческая,1994
real_estate_agent,Заельцовский,7.0,15.0,18.0,53.0,34200000.0,3.0, Тимирязева,104.3,Заельцовская,2020
real_estate_agent,Октябрьский,5.0,29.0,24.0,32.0,34000000.0,3.0,Московская ,81.0,Октябрьская,2023
real_estate_agent,Заельцовский,4.0,9.0,18.9,64.5,34500000.0,3.0,Кедровая ,124.3,Заельцовская,2022
real_estate_agent,Октябрьский,6.0,14.0,18.0,75.0,34850000.0,3.0, Добролюбова,102.2,Речной вокзал,2021
real_estate_agent,Октябрьский,27.0,29.0,38.0,96.0,35000000.0,3.0,Московская ,134.0,Октябрьская,2023
realtor,Октябрьский,11.0,29.0,8.0,72.0,35000000.0,3.0,Московская ,80.0,Октябрьская,2023
real_estate_agent,Советский,3.0,13.0,20.6,98.6,36500000.0,3.0,проспект Академика Коптюга,119.2,Студенческая,2003
real_estate_agent,Центральный,5.0,18.0,13.8,116.50000000000001,37000000.0,3.0, Романова,130.3,Площадь Ленина,2006
real_estate_agent,Октябрьский,20.0,20.0,54.3,86.5,37000000.0,3.0, Сакко и Ванцетти,236.6,Октябрьская,2020
real_estate_agent,Октябрьский,5.0,11.0,7.9,63.5,38000000.0,3.0, Добролюбова,96.3,Речной вокзал,2020
realtor,Октябрьский,8.0,11.0,34.4,65.6,38000000.0,3.0, Добролюбова,100.0,Речной вокзал,2021
real_estate_agent,Заельцовский,5.0,8.0,15.0,60.0,39000000.0,3.0,Дачное шоссе,132.8,Заельцовская,2022
real_estate_agent,Заельцовский,2.0,8.0,18.0,54.0,39900000.0,3.0,Дачное шоссе,110.0,Октябрьская,2022
real_estate_agent,Железнодорожный,9.0,16.0,15.0,46.4,40000000.0,3.0,Коммунистическая ,82.7,Площадь Ленина,2002
real_estate_agent,Заельцовский,1.0,3.0,30.0,170.4,40000000.0,3.0,Кедровая ,200.4,Заельцовская,2022
real_estate_agent,Центральный,5.0,7.0,20.0,75.0,40000000.0,3.0, Свердлова,140.5,Площадь Ленина,2009
real_estate_agent,Октябрьский,11.0,11.0,18.0,91.0,42000000.0,3.0, Добролюбова,109.0,Речной вокзал,2021
real_estate_agent,Заельцовский,5.0,8.0,47.4,83.4,43000000.0,3.0,Дачное шоссе,130.8,Заельцовская,2021
real_estate_agent,Железнодорожный,6.0,7.0,20.0,120.0,43000000.0,3.0,Октябрьская ,140.0,Площадь Ленина,2014
real_estate_agent,Центральный,7.0,9.0,22.0,49.0,45000000.0,3.0, Чаплыгина,100.0,Площадь Ленина,2020
real_estate_agent,Советский,14.0,14.0,15.0,100.0,50000000.0,3.0, Ильича,130.0,Студенческая,1994
realtor,Ленинский,2.0,3.0,47.4,9.0,555000.0,1.0,переулок 1-й Пархоменко,56.4,Площадь Маркса,1932
real_estate_agent,Кировский,1.0,3.0,10.0,70.6,980000.0,1.0,Бетонная ,80.6,Площадь Маркса,2017
homeowner,Ленинский,2.0,3.0,9.0,8.0,950000.0,1.0,переулок 2-й Пархоменко,56.4,Площадь Маркса,1980
real_estate_agent,Калининский,9.0,9.0,8.6,53.6,1200000.0,1.0, Макаренко,62.2,Заельцовская,2017
real_estate_agent,Кировский,8.0,9.0,6.6,37.4,1290000.0,1.0, Зорге,44.0,Площадь Маркса,2017
real_estate_agent,Заельцовский,8.0,9.0,8.2,47.400000000000006,1300000.0,1.0, Кропоткина,55.6,Гагаринская,2022
real_estate_agent,Первомайский,1.0,2.0,5.1,38.4,1610000.0,3.0,Бердское шоссе,51.3,Речной вокзал,2013
real_estate_agent,Ленинский,8.0,9.0,7.0,33.0,1750000.0,1.0, 9-й Гвардейской Дивизии,65.0,Площадь Маркса,2015
realtor,Кировский,4.0,9.0,6.7,40.0,1800000.0,1.0, Петухова,60.4,Площадь Маркса,1969
homeowner,Калининский,1.0,9.0,9.0,38.0,2300000.0,1.0, Земнухова,62.0,Заельцовская,2017
real_estate_agent,Центральный,3.0,9.0,7.0,52.0,2500000.0,1.0,Ипподромская ,59.0,Маршала Покрышкина,1972
real_estate_agent,Ленинский,2.0,2.0,10.0,40.5,2800000.0,3.0,Хилокская ,50.5,Площадь Маркса,2015
real_estate_agent,Октябрьский,14.0,18.0,6.0,35.0,2890000.0,3.0, В. Высоцкого,55.54,Золотая Нива,2025
real_estate_agent,Октябрьский,6.0,10.0,9.0,45.5,2980000.0,3.0, В. Высоцкого,59.02,Золотая Нива,2027
real_estate_agent,Октябрьский,9.0,10.0,8.5,45.5,2990000.0,3.0, В. Высоцкого,59.02,Золотая Нива,2024
real_estate_agent,Октябрьский,7.0,10.0,8.5,45.5,2990000.0,3.0, В. Высоцкого,59.2,Золотая Нива,2025
real_estate_agent,Октябрьский,1.0,10.0,8.5,45.5,2990000.0,3.0,Плющихинский жилмассив,59.02,Золотая Нива,2024
real_estate_agent,Октябрьский,1.0,2.0,5.4,26.5,3000000.0,3.0, Панфиловцев,41.8,Золотая Нива,2020
real_estate_agent,Ленинский,2.0,3.0,8.0,47.0,3050000.0,3.0,пос. Восточный,70.0,Площадь Маркса,2015
real_estate_agent,Калининский,9.0,9.0,9.0,22.0,3100000.0,3.0, Богдана Хмельницкого,40.8,Заельцовская,1982
real_estate_agent,Кировский,2.0,5.0,5.6,31.7,3123000.0,3.0, Зорге,48.5,Площадь Маркса,2017
real_estate_agent,Октябрьский,5.0,18.0,5.0,36.0,3150000.0,3.0, В. Высоцкого,57.85,Золотая Нива,2025
real_estate_agent,Октябрьский,2.0,10.0,8.0,45.0,3200000.0,3.0, В. Высоцкого,59.02,Золотая Нива,2027
real_estate_agent,Калининский,4.0,9.0,4.0,21.0,3200000.0,1.0, Земнухова,25.0,Заельцовская,2017
real_estate_agent,Октябрьский,7.0,18.0,18.909999999999997,38.6,3250000.0,3.0, В. Высоцкого,57.51,Золотая Нива,2025
homeowner,Ленинский,2.0,2.0,7.0,41.0,3400000.0,3.0,Хилокская ,56.0,Площадь Маркса,1958
homeowner,Октябрьский,6.0,10.0,8.1,51.1,3400000.0,3.0, В. Высоцкого,59.2,Золотая Нива,2027
homeowner,Центральный,5.0,10.0,10.0,61.0,3500000.0,1.0, Фрунзе,87.8,Березовая Роща,1984
homeowner,Калининский,3.0,3.0,8.0,43.2,3550000.0,3.0, Флотская,68.3,Заельцовская,1946
homeowner,Октябрьский,7.0,10.0,11.804000000000002,47.21600000000001,3600000.0,3.0, Плющихинская,59.02,Золотая Нива,2023
real_estate_agent,Калининский,2.0,3.0,7.3,50.0,3650000.0,3.0, Флотская,68.9,Заельцовская,1956
real_estate_agent,Октябрьский,8.0,10.0,14.0,56.0,3660000.0,3.0, В. Высоцкого,87.0,Золотая Нива,2027
realtor,Ленинский,6.0,6.0,10.0,81.0,3750000.0,3.0,Троллейная ,91.0,Площадь Маркса,2001
homeowner,Советский,3.0,9.0,8.7,39.0,3800000.0,1.0, Иванова,63.6,Студенческая,1979
real_estate_agent,Калининский,2.0,5.0,8.0,37.0,3850000.0,3.0, Флотская,56.8,Заельцовская,1977
realtor,Заельцовский,2.0,5.0,6.7,37.0,3880000.0,3.0, Солидарности,57.1,Заельцовская,1963
realtor,Ленинский,5.0,5.0,6.0,36.0,3899000.0,3.0,Степная ,42.0,Площадь Маркса,2015
real_estate_agent,Советский,1.0,5.0,6.0,36.2,3900000.0,3.0,Ветлужская ,50.2,Студенческая,1970
real_estate_agent,Октябрьский,1.0,10.0,8.0,37.0,3900000.0,3.0, Татьяны Снежиной,59.0,Золотая Нива,2020
real_estate_agent,Заельцовский,3.0,5.0,5.1,37.8,3950000.0,3.0, Солидарности,47.9,Заельцовская,1963
real_estate_agent,Кировский,1.0,5.0,7.2,46.8,3999999.0,3.0, Водозабор,59.0,Студенческая,1990
real_estate_agent,Ленинский,2.0,3.0,10.0,48.1,3999000.0,3.0,Станционная ,72.4,Площадь Маркса,1930
real_estate_agent,Кировский,1.0,5.0,4.0,40.0,4000000.0,3.0, Зорге,58.4,Площадь Маркса,1966
real_estate_agent,Калининский,2.0,3.0,7.6,49.4,4000000.0,3.0, Флотская,68.7,Заельцовская,1941
real_estate_agent,Ленинский,1.0,2.0,6.3,38.6,4050000.0,3.0,1-й Порядковый переулок,52.7,Площадь Маркса,1956
real_estate_agent,Калининский,6.0,9.0,12.840000000000002,51.36000000000001,4125000.0,1.0, Рассветная,64.2,Заельцовская,2017
real_estate_agent,Советский,1.0,2.0,5.2,33.6,4150000.0,3.0, Боровая Партия,50.0,Студенческая,1967
real_estate_agent,Кировский,1.0,4.0,5.9,37.0,4199000.0,3.0, Римского-Корсакова,53.0,Площадь Маркса,1964
real_estate_agent,Заельцовский,1.0,5.0,5.0,56.3,4150000.0,3.0, Лейтенанта Амосова,61.3,Заельцовская,1963
real_estate_agent,Октябрьский,12.0,18.0,4.0,37.0,4199000.0,3.0, В. Высоцкого,55.8,Золотая Нива,2020
real_estate_agent,Октябрьский,2.0,18.0,10.0,35.0,4189000.0,3.0,Плющихинский жилмассив,55.54,Золотая Нива,2020
real_estate_agent,Октябрьский,2.0,18.0,5.0,50.0,4200000.0,3.0, Плющихинская,55.0,Золотая Нива,2023
real_estate_agent,Ленинский,3.0,3.0,8.0,40.0,4200000.0,3.0,переулок 2-й Пархоменко,58.6,Площадь Маркса,1932
real_estate_agent,Заельцовский,1.0,5.0,7.0,43.0,4200000.0,3.0, Лейтенанта Амосова,57.4,Заельцовская,1963
real_estate_agent,Ленинский,3.0,4.0,6.0,39.0,4200000.0,3.0,Путевая ,56.5,Студенческая,1965
real_estate_agent,Кировский,3.0,5.0,6.8,39.0,4200000.0,3.0, Чемская,58.7,Студенческая,1990
real_estate_agent,Заельцовский,2.0,2.0,4.5,28.0,4200000.0,3.0,Катодная ,40.1,Заельцовская,1968
homeowner,Октябрьский,14.0,18.0,5.0,35.0,4200000.0,3.0, В. Высоцкого,55.0,Золотая Нива,2025
realtor,Октябрьский,6.0,18.0,5.0,35.0,4200000.0,3.0, Плющихинская,55.54,Золотая Нива,2024
homeowner,Кировский,3.0,5.0,6.0,50.0,4250000.0,3.0, Оловозаводская,56.0,Студенческая,1967
real_estate_agent,Кировский,3.0,9.0,6.0,42.5,4300000.0,3.0, Зорге,57.1,Площадь Маркса,1987
real_estate_agent,Ленинский,1.0,5.0,6.1,40.5,4300000.0,3.0,Степная ,58.3,Площадь Маркса,1975
real_estate_agent,Первомайский,5.0,5.0,8.0,30.0,4300000.0,3.0,Грунтовая ,58.4,Октябрьская,1969
real_estate_agent,Кировский,3.0,5.0,6.7,41.7,4300000.0,3.0, Зорге,58.4,Площадь Маркса,1972
real_estate_agent,Первомайский,1.0,5.0,6.6,41.2,4300000.0,3.0,Звездная ,58.9,Речной вокзал,1973
real_estate_agent,Октябрьский,2.0,10.0,12.9,56.5,4300000.0,3.0, В. Высоцкого,87.4,Золотая Нива,2027
realtor,Советский,5.0,5.0,11.0,44.0,4300000.0,3.0, Энгельса,55.0,Студенческая,1994
homeowner,Октябрьский,16.0,18.0,12.0,39.0,4300000.0,3.0, Плющихинская,57.5,Золотая Нива,2025
real_estate_agent,Кировский,1.0,5.0,8.0,37.9,4390000.0,3.0, Зорге,58.9,Площадь Маркса,1971
realtor,Заельцовский,3.0,5.0,10.0,40.0,4390000.0,3.0,Кубовая ,50.0,Заельцовская,2022
homeowner,Октябрьский,1.0,18.0,11.562000000000001,46.248000000000005,4350000.0,3.0,Плющихинский жилмассив,57.81,Золотая Нива,2025
real_estate_agent,Ленинский,5.0,5.0,6.0,42.0,4400000.0,3.0, Котовского,59.2,Площадь Маркса,1971
real_estate_agent,Октябрьский,3.0,18.0,5.0,34.5,4400000.0,3.0, Плющихинская,55.84,Золотая Нива,2024
real_estate_agent,Октябрьский,10.0,10.0,8.5,45.5,4400000.0,3.0, Плющихинская,59.02,Золотая Нива,2024
unknown,Октябрьский,15.0,18.0,11.4,45.6,4400000.0,3.0, Плющихинская,57.0,Золотая Нива,2025
real_estate_agent,Ленинский,9.0,9.0,6.9,42.0,4499000.0,3.0, 9-й Гвардейской Дивизии,59.5,Площадь Маркса,2015
real_estate_agent,Октябрьский,2.0,10.0,8.5,45.5,4480000.0,3.0, Плющихинская,59.02,Золотая Нива,2020
real_estate_agent,Кировский,3.0,9.0,7.1,54.199999999999996,4500000.0,3.0, Оловозаводская,61.3,Студенческая,1982
real_estate_agent,Первомайский,5.0,5.0,6.0,51.2,4500000.0,3.0,Березовая ,57.2,Речной вокзал,1986
real_estate_agent,Ленинский,5.0,5.0,7.0,38.0,4500000.0,3.0,Киевская ,57.8,Площадь Маркса,1977
real_estate_agent,Кировский,4.0,5.0,6.8,38.7,4500000.0,3.0, Чемская,57.9,Студенческая,1978
real_estate_agent,Советский,1.0,2.0,9.0,45.0,4500000.0,3.0, Молодости,62.9,Студенческая,1956
real_estate_agent,Ленинский,5.0,5.0,6.0,55.3,4500000.0,3.0, Филатова,61.3,Площадь Маркса,1971
real_estate_agent,Советский,2.0,5.0,5.8,42.0,4500000.0,3.0, Динамовцев,58.2,Площадь Маркса,1975
real_estate_agent,Кировский,8.0,9.0,7.0,42.0,4500000.0,3.0, Комсомольская,61.1,Площадь Маркса,1979
real_estate_agent,Ленинский,3.0,3.0,8.0,45.6,4500000.0,3.0,переулок 2-й Пархоменко,58.6,Площадь Маркса,1932
homeowner,Ленинский,1.0,3.0,8.0,58.0,4500000.0,3.0, Забалуева,66.0,Площадь Маркса,1960
real_estate_agent,Ленинский,9.0,9.0,7.1,34.7,4550000.0,3.0,Новосибирская ,57.5,Площадь Маркса,1981
real_estate_agent,Кировский,4.0,5.0,6.0,51.9,4550000.0,3.0, Петухова,57.9,Площадь Маркса,1975
real_estate_agent,Ленинский,5.0,5.0,6.7,39.0,4550000.0,3.0, Немировича-Данченко,58.7,Площадь Маркса,1965
real_estate_agent,Кировский,9.0,9.0,7.0,38.2,4590000.0,3.0, Петухова,60.1,Площадь Маркса,1977
real_estate_agent,Кировский,3.0,3.0,5.7,46.0,4550000.0,3.0, Мира,51.7,Площадь Маркса,1959
real_estate_agent,Кировский,5.0,5.0,7.0,37.9,4600000.0,3.0, Зорге,58.4,Площадь Маркса,1970
real_estate_agent,Кировский,2.0,9.0,7.1,40.9,4630000.0,3.0, Петухова,59.7,Площадь Маркса,1978
real_estate_agent,Октябрьский,5.0,5.0,6.0,36.0,4650000.0,3.0, Грибоедова,52.0,Речной вокзал,1976
real_estate_agent,Первомайский,5.0,5.0,12.0,47.0,4650000.0,3.0, Твардовского,76.3,Спортивная,1975
real_estate_agent,Ленинский,4.0,5.0,5.0,52.4,4650000.0,3.0,Курганская ,57.4,Площадь Маркса,1975
real_estate_agent,Ленинский,3.0,3.0,7.4,43.1,4690000.0,3.0,пос. Восточный,65.8,Площадь Маркса,1938
real_estate_agent,Дзержинский,4.0,6.0,8.0,43.0,4690000.0,3.0,проспект Дзержинского,63.0,Березовая Роща,1958
realtor,Калининский,9.0,9.0,6.5,38.0,4700000.0,3.0, Новая Заря,61.0,Заельцовская,1975
real_estate_agent,Октябрьский,6.0,10.0,8.5,45.5,4700000.0,3.0, В. Высоцкого,59.02,Золотая Нива,2024
realtor,Дзержинский,6.0,9.0,7.1,41.2,4700000.0,3.0, Доватора,59.7,Золотая Нива,1976
real_estate_agent,Октябрьский,6.0,10.0,12.9,56.5,4795000.0,3.0, Плющихинская,87.39,Золотая Нива,2020
real_estate_agent,Октябрьский,1.0,2.0,10.2,47.0,4790000.0,3.0, Якушева,69.3,Речной вокзал,1941
real_estate_agent,Кировский,1.0,9.0,7.1,41.1,4770000.0,3.0, Петухова,60.0,Площадь Маркса,2017
realtor,Октябрьский,5.0,5.0,12.200000000000001,48.800000000000004,4750000.0,3.0, Никитина,61.0,Золотая Нива,2020
real_estate_agent,Ленинский,1.0,5.0,7.4,38.2,4800000.0,3.0,Новосибирская ,58.0,Площадь Маркса,1977
real_estate_agent,Ленинский,3.0,5.0,5.6,56.6,4800000.0,3.0,Фасадная ,62.2,Площадь Маркса,1969
real_estate_agent,Дзержинский,2.0,2.0,8.5,46.3,4800000.0,3.0, Авиастроителей,70.1,Березовая Роща,1955
real_estate_agent,Кировский,9.0,9.0,6.9,41.3,4800000.0,3.0, Саввы Кожевникова,59.8,Студенческая,1987
real_estate_agent,Калининский,5.0,5.0,5.8,35.0,4850000.0,3.0, Новоуральская,52.0,Заельцовская,1970
real_estate_agent,Железнодорожный,5.0,5.0,5.1,30.0,4850000.0,3.0,Владимировский спуск,42.2,Площадь Гарина-Михайловского,1965
real_estate_agent,Первомайский,8.0,9.0,8.0,40.0,4850000.0,3.0,1-я Механическая ,58.0,Речной вокзал,1990
real_estate_agent,Дзержинский,2.0,9.0,6.0,37.0,4850000.0,3.0, Лазарева,61.0,Березовая Роща,1977
real_estate_agent,Ленинский,3.0,5.0,7.1,38.2,4850000.0,3.0,Курганская ,57.5,Площадь Маркса,1975
homeowner,Кировский,1.0,9.0,7.2,43.5,4850000.0,3.0, Зорге,60.4,Площадь Маркса,1972
real_estate_agent,Первомайский,4.0,5.0,10.0,50.4,4900000.0,3.0,Звездная ,60.4,Речной вокзал,1974
real_estate_agent,Ленинский,5.0,5.0,7.0,34.0,4900000.0,3.0, Невельского,57.0,Площадь Маркса,1969
real_estate_agent,Железнодорожный,5.0,5.0,7.0,52.0,4900000.0,3.0, Спартака,59.0,Площадь Ленина,1966
real_estate_agent,Ленинский,8.0,9.0,9.0,49.7,4900000.0,3.0, 9-й Гвардейской Дивизии,63.7,Площадь Маркса,1983
real_estate_agent,Октябрьский,1.0,18.0,10.0,45.0,4900000.0,3.0, Татьяны Снежиной,74.0,Золотая Нива,2020
realtor,Кировский,3.0,9.0,11.8,47.2,4900000.0,3.0, Чемская,59.0,Студенческая,2017
real_estate_agent,Октябрьский,5.0,10.0,8.5,45.5,4980000.0,3.0, В. Высоцкого,59.0,Золотая Нива,2025
real_estate_agent,Заельцовский,5.0,5.0,6.7,38.3,4987000.0,3.0, Солидарности,57.4,Заельцовская,1963
real_estate_agent,Кировский,10.0,10.0,9.0,45.0,4990000.0,3.0, Виктора Шевелева,59.0,Студенческая,2017
real_estate_agent,Дзержинский,1.0,5.0,6.0,37.0,4998000.0,3.0, Есенина,57.4,Золотая Нива,1965
real_estate_agent,Дзержинский,2.0,5.0,6.0,37.0,4990000.0,3.0, Есенина,57.4,Золотая Нива,1965
real_estate_agent,Первомайский,3.0,3.0,9.0,50.0,4999999.0,3.0, Радиостанция № 2,70.0,Спортивная,1987
homeowner,Октябрьский,5.0,10.0,11.8,47.2,4980000.0,3.0,Плющихинский жилмассив,59.0,Золотая Нива,2025
real_estate_agent,Кировский,2.0,17.0,4.0,42.0,5045000.0,3.0, Виктора Уса,56.6,Площадь Маркса,2016
real_estate_agent,Кировский,2.0,10.0,13.0,30.0,5000000.0,3.0, Виктора Шевелева,50.0,Студенческая,2023
real_estate_agent,Первомайский,3.0,5.0,6.5,37.6,5000000.0,3.0,Березовая ,56.0,Речной вокзал,1988
real_estate_agent,Советский,2.0,6.0,12.0,66.6,5000000.0,3.0, Ивлева,78.6,Студенческая,2024
real_estate_agent,Октябрьский,6.0,18.0,5.0,36.0,5000000.0,3.0, Плющихинская,57.0,Золотая Нива,2023
real_estate_agent,Ленинский,5.0,9.0,5.0,47.0,5000000.0,3.0,Широкая ,57.0,Площадь Маркса,1976
real_estate_agent,Дзержинский,1.0,5.0,7.2,38.2,5000000.0,3.0, Доватора,57.5,Золотая Нива,1974
realtor,Ленинский,10.0,10.0,7.0,42.0,5000000.0,3.0, Титова,59.9,Площадь Маркса,2015
realtor,Ленинский,5.0,5.0,7.0,45.0,5000000.0,3.0, Пархоменко,59.6,Площадь Маркса,1980
real_estate_agent,Дзержинский,1.0,5.0,9.0,51.0,5050000.0,3.0,Промышленная ,60.0,Березовая Роща,1959
real_estate_agent,Ленинский,4.0,5.0,6.7,37.9,5100000.0,3.0,Троллейная ,57.0,Площадь Маркса,1980
real_estate_agent,Заельцовский,3.0,5.0,7.0,39.0,5100000.0,3.0, Солидарности,58.0,Заельцовская,1963
real_estate_agent,Октябрьский,1.0,5.0,7.0,37.0,5100000.0,3.0,Большевистская ,56.0,Спортивная,1982
real_estate_agent,Октябрьский,5.0,10.0,8.5,45.5,5100000.0,3.0,Плющихинский жилмассив,59.0,Золотая Нива,2025
real_estate_agent,Ленинский,5.0,5.0,6.0,41.8,5100000.0,3.0, Блюхера,56.3,Студенческая,1962
homeowner,Первомайский,3.0,3.0,9.0,50.0,5100000.0,3.0, Радиостанция № 2,70.0,Спортивная,1987
realtor,Кировский,6.0,18.0,15.0,60.0,5100000.0,3.0, Николая Сотникова,75.0,Площадь Маркса,2017
real_estate_agent,Первомайский,8.0,17.0,4.0,36.3,5150000.0,3.0, Твардовского,48.1,Спортивная,2014
real_estate_agent,Октябрьский,5.0,5.0,13.6,47.4,5150000.0,3.0, Никитина,61.0,Золотая Нива,1969
real_estate_agent,Кировский,2.0,5.0,5.8,52.400000000000006,5150000.0,3.0, Петухова,58.2,Площадь Маркса,1965
real_estate_agent,Кировский,2.0,10.0,13.1,49.6,5150000.0,3.0, Сибиряков-Гвардейцев,62.7,Площадь Маркса,2011
real_estate_agent,Ленинский,9.0,12.0,6.0,56.0,5150000.0,3.0,Новосибирская ,62.0,Площадь Маркса,1981
real_estate_agent,Октябрьский,3.0,10.0,13.0,56.5,5150000.0,3.0, В. Высоцкого,87.0,Золотая Нива,2024
unknown,Кировский,1.0,10.0,8.3,36.9,5150000.0,3.0, Александра Чистякова,57.6,Студенческая,2021
real_estate_agent,Октябрьский,1.0,10.0,13.0,56.5,5200000.0,3.0, В. Высоцкого,87.39,Золотая Нива,2024
real_estate_agent,Кировский,10.0,10.0,8.5,44.5,5200000.0,3.0, Николая Сотникова,58.0,Студенческая,2018
realtor,Кировский,4.0,5.0,5.4,44.1,4850000.0,4.0, Зорге,60.2,Площадь Маркса,1968
real_estate_agent,Первомайский,1.0,10.0,8.1,36.6,4800000.0,3.0, Героев Революции,58.7,Спортивная,1995
real_estate_agent,Кировский,4.0,9.0,7.0,52.0,5450000.0,4.0, Петухова,74.4,Площадь Маркса,1977
real_estate_agent,Кировский,2.0,5.0,8.8,32.4,5000000.0,2.0, Бебеля,54.7,Площадь Маркса,2017
real_estate_agent,Кировский,1.0,10.0,8.0,45.0,4320000.0,2.0, Виктора Шевелева,58.0,Студенческая,2019
real_estate_agent,Кировский,6.0,10.0,8.5,40.5,5700000.0,3.0, Николая Сотникова,58.0,Студенческая,2020
real_estate_agent,Кировский,10.0,10.0,9.4,31.3,5000000.0,2.0, Петухова,56.4,Студенческая,2014
real_estate_agent,Кировский,5.0,10.0,9.0,38.0,5100000.0,2.0, Николая Сотникова,58.0,Студенческая,2017
real_estate_agent,Кировский,2.0,18.0,7.0,31.5,5500000.0,2.0, Дмитрия Шмонина,55.1,Студенческая,2017
realtor,Кировский,10.0,10.0,8.5,38.0,5150000.0,3.0, Виктора Шевелева,57.3,Студенческая,2017
realtor,Заельцовский,4.0,10.0,15.6,50.2,25990000.0,3.0, Тимирязева,99.6,Заельцовская,2017
real_estate_agent,Советский,6.0,9.0,9.0,39.0,5950000.0,3.0, Русская,63.0,Студенческая,1976
real_estate_agent,Заельцовский,8.0,9.0,16.0,28.0,19800000.0,3.0,Красный проспект,57.0,Заельцовская,2019
real_estate_agent,Заельцовский,8.0,16.0,10.0,80.0,27000000.0,3.0,Кавалерийская ,127.4,Заельцовская,2022
real_estate_agent,Калининский,3.0,10.0,10.0,40.0,8750000.0,3.0, Свечникова,74.4,Заельцовская,2008
real_estate_agent,Советский,6.0,9.0,9.0,39.0,5950000.0,3.0, Русская,63.0,Студенческая,1994
real_estate_agent,Заельцовский,4.0,8.0,7.3,58.3,15600000.0,3.0,Дачное шоссе,76.62,Заельцовская,2021
developer,Дзержинский,19.0,22.0,22.480000000000004,89.92000000000002,20456800.0,4.0, 5-я Кирпичная Горка,112.4,Березовая Роща,2028
real_estate_agent,Октябрьский,26.0,29.0,36.0,87.0,32000000.0,4.0,Московская ,128.72,Октябрьская,2023
real_estate_agent,Центральный,7.0,9.0,15.0,83.0,19499000.0,4.0, Крылова,138.0,Красный Проспект,2004
developer,Заельцовский,22.0,23.0,21.66,86.64,35850000.0,4.0,Красный проспект,108.3,Заельцовская,2024
real_estate_agent,Дзержинский,4.0,9.0,6.8,50.0,8500000.0,4.0, Адриена Лежена,72.9,Золотая Нива,1980
real_estate_agent,Октябрьский,5.0,9.0,7.0,50.0,7490000.0,4.0, Бориса Богаткова,76.0,Золотая Нива,1972
developer,Дзержинский,3.0,14.0,28.878,115.512,27600000.0,4.0,проспект Дзержинского,144.39,Березовая Роща,2028
real_estate_agent,Октябрьский,18.0,18.0,15.3,74.5,24700000.0,4.0,2-я Обская ,117.1,Спортивная,2020
real_estate_agent,Заельцовский,4.0,9.0,7.0,52.5,6750000.0,4.0, Кропоткина,71.8,Гагаринская,1973
developer,Октябрьский,22.0,23.0,19.94,79.76,18743600.0,4.0,Закаменский мкр,99.7,Золотая Нива,2028
real_estate_agent,Советский,1.0,5.0,7.0,49.2,6000000.0,4.0,Барьерная ,61.2,Студенческая,1968
real_estate_agent,Железнодорожный,3.0,9.0,7.2,54.3,7800000.0,4.0, Челюскинцев,72.9,Площадь Гарина-Михайловского,2000
developer,Дзержинский,2.0,14.0,34.726,138.904,30490000.0,4.0,проспект Дзержинского,173.63,Березовая Роща,2028
real_estate_agent,Заельцовский,4.0,15.0,17.0,99.0,21000000.0,4.0, Галущака,158.3,Гагаринская,2002
real_estate_agent,Ленинский,4.0,10.0,8.7,47.1,8000000.0,4.0, Танкистов,81.8,Студенческая,1992
developer,Заельцовский,15.0,15.0,29.4,46.2,18100000.0,4.0, Аэропорт,120.08,Заельцовская,2026
real_estate_agent,Ленинский,2.0,9.0,7.0,52.0,6990000.0,4.0,Ударная ,70.7,Площадь Маркса,1972
real_estate_agent,Железнодорожный,4.0,9.0,5.4,56.5,8390000.0,4.0, Вокзальная магистраль,78.0,Площадь Гарина-Михайловского,1969
developer,Дзержинский,22.0,22.0,19.900000000000002,79.60000000000001,18706000.0,4.0, 5-я Кирпичная Горка,99.5,Березовая Роща,2028
real_estate_agent,Калининский,10.0,11.0,15.0,45.0,18800000.0,4.0,Красный проспект,120.0,Заельцовская,2020
real_estate_agent,Ленинский,2.0,11.0,12.3,64.0,11970000.0,4.0, Танкистов,104.0,Студенческая,1998
developer,Заельцовский,2.0,23.0,23.96,95.84,27300000.0,4.0,Красный проспект,119.8,Заельцовская,2023
real_estate_agent,Октябрьский,1.0,9.0,9.5,45.0,6900000.0,4.0,Выборная ,77.1,Речной вокзал,2020
real_estate_agent,Заельцовский,2.0,5.0,15.5,70.0,10990000.0,4.0, Дуси Ковальчук,108.0,Заельцовская,1938
developer,Заельцовский,14.0,14.0,37.4,66.4,20210000.0,4.0, Аэропорт,140.79,Заельцовская,2026
real_estate_agent,Ленинский,9.0,9.0,8.7,48.5,6750000.0,4.0,Троллейная ,77.2,Площадь Маркса,1985
real_estate_agent,Дзержинский,2.0,9.0,6.8,49.6,8500000.0,4.0, Фрунзе,72.0,Березовая Роща,1990
developer,Заельцовский,17.0,23.0,18.52,74.08,22275000.0,4.0,Красный проспект,92.6,Заельцовская,2024
real_estate_agent,Заельцовский,2.0,10.0,33.7,93.0,16900000.0,4.0,Красный проспект,130.0,Гагаринская,1995
real_estate_agent,Дзержинский,2.0,5.0,7.4,62.3,6500000.0,4.0, Авиастроителей,96.1,Березовая Роща,1936
developer,Ленинский,14.0,14.0,69.37,54.5,29600000.0,4.0, Забалуева,123.87,Студенческая,2026
real_estate_agent,Октябрьский,17.0,29.0,12.0,90.0,35000000.0,4.0,Московская ,129.3,Октябрьская,2023
real_estate_agent,Центральный,5.0,6.0,22.8,60.0,14000000.0,4.0,Серебренниковская ,89.4,Площадь Ленина,1932
developer,Дзержинский,3.0,14.0,42.3,50.2,24030000.0,4.0,проспект Дзержинского,143.3,Березовая Роща,2028
homeowner,Советский,13.0,14.0,51.0,68.0,34100000.0,4.0,бульвар Молодежи,155.2,Студенческая,2018
homeowner,Заельцовский,2.0,5.0,6.0,60.0,6500000.0,4.0,Сухарная ,83.2,Площадь Гарина-Михайловского,1971
developer,Заельцовский,5.0,29.0,21.3,52.2,27964706.0,4.0,Сухарная ,104.7,Площадь Гарина-Михайловского,2026
real_estate_agent,Центральный,17.0,18.0,15.0,118.3,29990000.0,4.0, Орджоникидзе,174.5,Площадь Ленина,2009
real_estate_agent,Дзержинский,5.0,9.0,7.0,50.0,8200000.0,4.0, Кошурникова,75.8,Березовая Роща,2019
developer,Ленинский,28.0,30.0,26.199999999999996,60.6,22160000.0,4.0, Забалуева,86.8,Студенческая,2026
real_estate_agent,Кировский,1.0,9.0,7.0,50.7,5490000.0,4.0, Петухова,69.9,Площадь Маркса,2017
real_estate_agent,Центральный,10.0,11.0,18.1,96.6,13990000.0,4.0, Державина,168.5,Маршала Покрышкина,1997
developer,Октябрьский,2.0,9.0,39.760000000000005,159.04000000000002,31140000.0,4.0,Зыряновская ,198.8,Речной вокзал,2025
real_estate_agent,Железнодорожный,4.0,5.0,10.6,64.3,16000000.0,4.0, Ленина,95.0,Площадь Ленина,2002
real_estate_agent,Железнодорожный,4.0,5.0,6.0,44.4,8500000.0,4.0, Челюскинцев,60.1,Площадь Гарина-Михайловского,1968
developer,Железнодорожный,16.0,24.0,37.64999999999999,56.2,16200000.0,4.0, Прибрежная,93.85,Площадь Гарина-Михайловского,2025
realtor,Центральный,7.0,10.0,7.7,45.1,9500000.0,4.0,Серебренниковская ,72.5,Октябрьская,1989
real_estate_agent,Советский,8.0,9.0,30.0,53.0,13500000.0,4.0, Арбузова,105.0,Студенческая,1994
developer,Заельцовский,2.0,29.0,21.3,52.2,26141176.0,4.0,Сухарная ,102.62,Площадь Гарина-Михайловского,2026
real_estate_agent,Октябрьский,13.0,17.0,13.2,70.6,18900000.0,4.0, Сакко и Ванцетти,113.0,Октябрьская,2020
real_estate_agent,Кировский,4.0,9.0,7.0,52.0,5450000.0,4.0, Петухова,74.4,Площадь Маркса,1977
developer,Заельцовский,14.0,14.0,34.8,62.4,25300000.0,4.0, Аэропорт,139.51,Заельцовская,2026
real_estate_agent,Центральный,16.0,18.0,17.0,110.0,38000000.0,4.0, Орджоникидзе,132.0,Площадь Ленина,2010
real_estate_agent,Заельцовский,3.0,4.0,14.0,85.0,13500000.0,4.0,Красный проспект,117.0,Заельцовская,2000
developer,Заельцовский,18.0,23.0,18.7,74.8,22625000.0,4.0,Красный проспект,93.5,Заельцовская,2024
unknown,Заельцовский,7.0,8.0,20.0,134.0,39900000.0,4.0, Победы,154.0,Заельцовская,2023
real_estate_agent,Ленинский,9.0,9.0,8.8,49.9,5850000.0,4.0,Троллейная ,80.0,Площадь Маркса,1984
developer,Кировский,1.0,7.0,21.900000000000006,59.3,12990000.0,4.0, Немировича-Данченко,81.2,Студенческая,2025
real_estate_agent,Заельцовский,12.0,12.0,28.5,41.0,19900000.0,4.0,Охотская ,96.7,Заельцовская,2022
real_estate_agent,Центральный,18.0,25.0,18.9,90.2,50000000.0,4.0, Державина,155.17,Маршала Покрышкина,2014
developer,Ленинский,14.0,14.0,61.400000000000006,78.1,28209000.0,4.0, Забалуева,139.5,Студенческая,2026
homeowner,Советский,3.0,24.0,6.8,84.15,16000000.0,4.0, Мусы Джалиля,90.95,Студенческая,2026
homeowner,Кировский,6.0,9.0,7.0,51.3,5050000.0,4.0, Петухова,71.0,Площадь Маркса,1969
developer,Железнодорожный,24.0,24.0,18.049999999999997,77.5,16950000.0,4.0, Прибрежная,95.55,Площадь Гарина-Михайловского,2025
real_estate_agent,Центральный,3.0,10.0,8.7,49.0,9300000.0,4.0, Писарева,77.6,Маршала Покрышкина,1997
real_estate_agent,Кировский,5.0,9.0,7.0,51.3,5950000.0,4.0, Петухова,70.7,Площадь Маркса,1977
developer,Октябрьский,2.0,9.0,45.14,180.56,31690000.0,4.0,Зыряновская ,225.7,Речной вокзал,2025
real_estate_agent,Кировский,1.0,10.0,9.0,49.6,6600000.0,4.0, Немировича-Данченко,77.9,Площадь Маркса,1995
real_estate_agent,Советский,5.0,6.0,12.0,86.3,11490000.0,4.0, Зеленая Горка,126.0,Речной вокзал,2000
developer,Кировский,5.0,7.0,23.900000000000006,55.0,13290000.0,4.0, Немировича-Данченко,78.9,Студенческая,2025
real_estate_agent,Калининский,8.0,10.0,9.1,50.0,8100000.0,4.0, 25 лет Октября,78.8,Березовая Роща,1993
real_estate_agent,Ленинский,3.0,4.0,9.3,63.5,5950000.0,4.0,переулок 3-й Крашенинникова,86.1,Площадь Маркса,1940
developer,Железнодорожный,20.0,24.0,10.8,70.4,23900000.0,4.0,Беринг жилой квартал,109.79,Площадь Гарина-Михайловского,2028
real_estate_agent,Центральный,4.0,7.0,11.0,94.0,11990000.0,4.0,Серебренниковская ,115.0,Площадь Ленина,1934
real_estate_agent,Ленинский,13.0,16.0,10.0,69.7,10700000.0,4.0,63/1,98.8,Студенческая,2007
developer,Ленинский,1.0,9.0,14.630000000000003,58.52000000000001,7210000.0,4.0, Титова,73.15,Площадь Маркса,2026
realtor,Кировский,4.0,5.0,5.4,44.1,4850000.0,4.0, Зорге,60.2,Площадь Маркса,1968
real_estate_agent,Октябрьский,7.0,10.0,16.0,45.0,6950000.0,4.0,Лазурная ,72.3,Золотая Нива,1989
developer,Ленинский,3.0,15.0,5.0,49.4,13069650.0,4.0, Серафимовича,77.6,Площадь Маркса,2026
realtor,Центральный,3.0,6.0,7.4,68.9,10800000.0,4.0, Демьяна Бедного,95.5,Маршала Покрышкина,1997
real_estate_agent,Ленинский,2.0,16.0,15.0,80.0,14500000.0,4.0,63/1,134.3,Студенческая,2004
developer,Калининский,10.0,21.0,5.0,49.4,8888310.0,4.0,Юбилейный мкр,75.2,Заельцовская,2027
real_estate_agent,Железнодорожный,4.0,5.0,20.0,51.3,9900000.0,4.0,проспект Димитрова,95.4,Площадь Ленина,1963
real_estate_agent,Кировский,1.0,2.0,8.4,83.4,5500000.0,4.0,Телевизионная ,102.0,Площадь Маркса,1972
developer,Кировский,2.0,24.0,3.7,50.0,8500000.0,4.0, Немировича-Данченко,73.2,Студенческая,2028
real_estate_agent,Центральный,1.0,3.0,7.0,70.8,8900000.0,4.0, Чаплыгина,77.8,Площадь Ленина,1956
real_estate_agent,Дзержинский,3.0,14.0,13.6,77.0,11250000.0,4.0, Есенина,99.0,Золотая Нива,2024
developer,Заельцовский,9.0,11.0,34.5,73.82,27000000.0,4.0,Дачное шоссе,108.32,Заельцовская,2025
real_estate_agent,Железнодорожный,1.0,5.0,10.2,59.9,11600000.0,4.0,Депутатская ,90.08,Площадь Ленина,1970
real_estate_agent,Калининский,7.0,9.0,7.0,54.7,6600000.0,4.0,Народная ,72.6,Заельцовская,1971
developer,Ленинский,3.0,25.0,24.400000000000006,56.5,11350000.0,4.0, Костычева,80.9,Площадь Маркса,2027
real_estate_agent,Октябрьский,12.0,14.0,28.0,49.0,12490000.0,4.0, Федосеева,82.0,Золотая Нива,2020
real_estate_agent,Дзержинский,2.0,15.0,13.2,72.3,12800000.0,4.0, Фрунзе,121.0,Березовая Роща,1996
developer,Октябрьский,8.0,8.0,58.74,234.96,49540000.0,4.0,Зыряновская ,293.7,Речной вокзал,2025
real_estate_agent,Дзержинский,20.0,27.0,24.0,42.0,13450000.0,4.0, Фрунзе,91.0,Березовая Роща,2016
real_estate_agent,Ленинский,3.0,11.0,8.0,78.0,10500000.0,4.0, Титова,86.0,Площадь Маркса,1978
developer,Железнодорожный,24.0,25.0,26.62,106.48,35000000.0,4.0,Железнодорожная ,133.1,Гагаринская,2024
real_estate_agent,Октябрьский,2.0,10.0,21.5,54.0,19870000.0,4.0, Никитина,89.0,Речной вокзал,2023
real_estate_agent,Дзержинский,1.0,9.0,9.0,49.0,5300000.0,4.0,Гусинобродское шоссе,70.0,Золотая Нива,1977
real_estate_agent,Заельцовский,3.0,6.0,32.410000000000004,129.64000000000001,58388000.0,4.0, Победы,162.05,Заельцовская,2020
real_estate_agent,Октябрьский,9.0,9.0,7.0,52.0,6700000.0,4.0, Бориса Богаткова,70.4,Золотая Нива,1971
real_estate_agent,Железнодорожный,15.0,16.0,30.0,120.0,85000000.0,4.0,Коммунистическая ,150.0,Площадь Ленина,2020
developer,Кировский,6.0,11.0,4.6,57.3,9050000.0,4.0,18-й Бронный переулок,80.4,Студенческая,2025
real_estate_agent,Октябрьский,4.0,4.0,100.2,400.8,59000000.0,4.0, Шевченко,501.0,Октябрьская,2005
real_estate_agent,Советский,5.0,6.0,15.0,113.1,13700000.0,4.0, Зеленая Горка,139.9,Речной вокзал,1994
developer,Калининский,2.0,21.0,5.0,42.4,8097390.0,4.0,Юбилейный мкр,69.0,Заельцовская,2027
real_estate_agent,Октябрьский,1.0,10.0,8.8,49.8,5750000.0,4.0, В. Высоцкого,77.8,Золотая Нива,2020
real_estate_agent,Железнодорожный,5.0,7.0,6.3,63.7,11300000.0,4.0, Урицкого,81.3,Площадь Ленина,1935
developer,Октябрьский,5.0,8.0,14.600000000000001,58.400000000000006,11515000.0,4.0,Выборная ,73.0,Речной вокзал,2027
real_estate_agent,Центральный,10.0,10.0,9.0,64.5,9000000.0,4.0,Ипподромская ,73.5,Маршала Покрышкина,1986
real_estate_agent,Октябрьский,3.0,5.0,6.1,45.2,6300000.0,4.0, Гаранина,62.2,Золотая Нива,1966
developer,Заельцовский,8.0,11.0,4.4,109.55,23500000.0,4.0,Дачное шоссе,113.95,Красный Проспект,2025
developer,Заельцовский,11.0,24.0,13.280000000000001,53.120000000000005,13420000.0,4.0,Сухарная ,66.4,Площадь Гарина-Михайловского,2028
realtor,Советский,2.0,9.0,6.9,51.7,8100000.0,4.0, Русская,72.1,Студенческая,1972
developer,Заельцовский,6.0,8.0,17.4,89.57,23500000.0,4.0,Дачное шоссе,106.97,Октябрьская,2023
real_estate_agent,Дзержинский,1.0,10.0,8.0,52.0,8499000.0,4.0, Чкалова,73.1,Березовая Роща,2019
real_estate_agent,Октябрьский,23.0,25.0,25.14,100.56,20321600.0,4.0, Владимира Заровного,125.7,Речной вокзал,2024
real_estate_agent,Октябрьский,7.0,10.0,8.5,49.0,9500000.0,4.0, Гаранина,79.1,Золотая Нива,1990
developer,Заельцовский,2.0,11.0,12.5,56.7,17600000.0,4.0,Красный проспект,105.5,Заельцовская,2025
real_estate_agent,Первомайский,1.0,1.0,6.0,50.0,2990000.0,4.0,Сокольническая ,65.0,Речной вокзал,1984
developer,Кировский,25.0,26.0,18.2,74.0,17820000.0,4.0, Аникина,145.2,Студенческая,2026
real_estate_agent,Железнодорожный,2.0,9.0,9.0,50.0,10000000.0,4.0,Железнодорожная ,70.0,Площадь Гарина-Михайловского,1983
real_estate_agent,Октябрьский,9.0,9.0,7.0,53.0,8500000.0,4.0, Бориса Богаткова,77.0,Золотая Нива,1983
developer,Заельцовский,6.0,11.0,21.630000000000003,86.52000000000001,25600000.0,4.0,Дачное шоссе,108.15,Красный Проспект,2025
real_estate_agent,Ленинский,1.0,9.0,9.0,70.0,8100000.0,4.0, Дружбы,107.0,Площадь Маркса,2015
developer,Заельцовский,22.0,25.0,12.0,44.4,23278000.0,4.0,Дачная ,104.4,Заельцовская,2025
real_estate_agent,Центральный,10.0,10.0,9.0,50.0,10850000.0,4.0,Депутатская ,81.0,Площадь Ленина,1986
real_estate_agent,Заельцовский,7.0,19.0,27.1,60.0,13690000.0,4.0, Дуси Ковальчук,116.0,Заельцовская,2024
developer,Кировский,26.0,26.0,18.2,74.0,18340000.0,4.0,Северо-Чемской жилмассив,144.56,Студенческая,2028
realtor,Ленинский,5.0,6.0,20.0,112.0,11500000.0,4.0,Вертковская ,132.0,Площадь Маркса,1999
real_estate_agent,Заельцовский,2.0,10.0,9.0,50.0,9500000.0,4.0, Дуси Ковальчук,81.6,Заельцовская,1993
developer,Заельцовский,7.0,8.0,13.4,125.56,49800000.0,4.0,Дачное шоссе,138.96,Октябрьская,2023
real_estate_agent,Ленинский,7.0,10.0,10.7,62.3,11600000.0,4.0, Блюхера,92.9,Студенческая,2001
real_estate_agent,Калининский,4.0,10.0,7.0,45.0,7500000.0,4.0, Кропоткина,70.0,Маршала Покрышкина,1987
developer,Железнодорожный,22.0,25.0,6.6,52.6,20353000.0,4.0,Железнодорожная ,72.7,Гагаринская,2028
real_estate_agent,Ленинский,4.0,10.0,8.8,54.0,7000000.0,4.0,Широкая ,81.9,Площадь Маркса,1992
developer,Кировский,25.0,26.0,16.4,73.7,16480000.0,4.0, Аникина,132.21,Студенческая,2026
real_estate_agent,Центральный,1.0,10.0,10.0,66.7,9500000.0,4.0, Селезнева,76.7,Березовая Роща,1986
real_estate_agent,Калининский,1.0,17.0,5.0,90.0,6800000.0,4.0, Фадеева,113.2,Заельцовская,2014
developer,Заельцовский,3.0,11.0,31.936000000000003,127.74400000000001,36200000.0,4.0,Дачное шоссе,159.68,Заельцовская,2025
real_estate_agent,Октябрьский,12.0,16.0,14.0,40.0,18500000.0,4.0, Шевченко,80.0,Речной вокзал,2018
real_estate_agent,Первомайский,9.0,9.0,8.4,48.7,6800000.0,4.0,Узорная ,77.8,Спортивная,1985
developer,Дзержинский,6.0,17.0,18.190000000000005,40.8,10063694.0,4.0,Промышленная ,58.99,Березовая Роща,2026
real_estate_agent,Заельцовский,2.0,4.0,6.0,45.7,6400000.0,4.0, Дуси Ковальчук,64.3,Заельцовская,1932
real_estate_agent,Кировский,4.0,9.0,8.0,59.7,6900000.0,4.0, Громова,83.2,Площадь Маркса,2017
developer,Дзержинский,2.0,22.0,18.172,72.688,12500000.0,4.0, Есенина,90.86,Золотая Нива,2026
real_estate_agent,Первомайский,7.0,9.0,7.0,61.3,7050000.0,4.0, Героев Революции,68.3,Спортивная,1988
real_estate_agent,Ленинский,8.0,12.0,45.0,10.0,6900000.0,4.0, Немировича-Данченко,76.0,Площадь Маркса,1981
developer,Кировский,25.0,26.0,16.4,73.7,16330000.0,4.0, Аникина,132.21,Студенческая,2026
real_estate_agent,Октябрьский,3.0,23.0,15.780000000000001,63.120000000000005,11700000.0,4.0, Грибоедова,78.9,Золотая Нива,2026
real_estate_agent,Октябрьский,6.0,24.0,10.0,71.0,12000000.0,4.0,Большевистская ,81.0,Речной вокзал,2025
real_estate_agent,Советский,3.0,5.0,7.4,44.2,6970000.0,4.0, Иванова,60.2,Студенческая,1976
developer,Кировский,19.0,24.0,3.7,50.0,8850000.0,4.0, Немировича-Данченко,74.4,Студенческая,2028
real_estate_agent,Советский,7.0,10.0,8.6,57.9,6950000.0,4.0,Гидромонтажная ,77.5,Студенческая,1996
developer,Ленинский,6.0,17.0,30.14,72.1,15351000.0,4.0,Ясный Берег город-парк,102.24,Октябрьская,2027
real_estate_agent,Ленинский,6.0,11.0,36.0,65.1,13000000.0,4.0, Танкистов,101.1,Студенческая,1998
real_estate_agent,Ленинский,9.0,9.0,9.0,49.0,6999000.0,4.0,Троллейная ,76.9,Площадь Маркса,1984
real_estate_agent,Октябрьский,7.0,8.0,16.14,64.56,9500000.0,4.0,Родниковая ,80.7,Речной вокзал,2025
homeowner,Советский,7.0,9.0,11.0,62.5,14950000.0,4.0, Демакова,100.5,Студенческая,1986
developer,Кировский,25.0,26.0,18.2,74.0,18030000.0,4.0, Аникина,145.2,Студенческая,2026
real_estate_agent,Дзержинский,1.0,25.0,7.0,47.5,14200000.0,4.0, Кошурникова,69.03,Золотая Нива,2020
developer,Заельцовский,11.0,11.0,14.2,85.48,28200000.0,4.0,Дачное шоссе,99.68,Заельцовская,2025
real_estate_agent,Первомайский,1.0,2.0,9.0,74.8,6500000.0,4.0, Моисеенко,144.0,Спортивная,2022
real_estate_agent,Заельцовский,5.0,5.0,5.5,94.97,36169200.0,4.0, Победы,100.47,Заельцовская,2020
real_estate_agent,Ленинский,5.0,9.0,7.0,50.0,6300000.0,4.0,Троллейная ,80.0,Площадь Маркса,1984
realtor,Ленинский,3.0,9.0,7.0,51.0,5499000.0,4.0, Связистов,71.0,Площадь Маркса,1975
developer,Ленинский,5.0,9.0,5.0,54.7,8340000.0,4.0, Титова,83.8,Площадь Маркса,2026
real_estate_agent,Октябрьский,5.0,10.0,9.0,51.0,9500000.0,4.0,Выборная ,79.0,Речной вокзал,1999
developer,Заельцовский,11.0,11.0,28.0,85.77,29400000.0,4.0,Дачное шоссе,113.77,Заельцовская,2025
real_estate_agent,Калининский,4.0,4.0,9.8,62.0,8200000.0,4.0,2-й Краснодонский переулок,95.0,Заельцовская,1955
developer,Заельцовский,21.0,25.0,8.8,46.2,27120955.0,4.0,Дачная ,130.1,Заельцовская,2025
unknown,Дзержинский,2.0,5.0,17.8,95.7,15000000.0,4.0,проспект Дзержинского,138.0,Березовая Роща,1957
real_estate_agent,Заельцовский,1.0,5.0,24.400000000000002,97.60000000000001,31720000.0,4.0, Победы,122.0,Заельцовская,2020
real_estate_agent,Советский,7.0,9.0,8.2,51.9,6390000.0,4.0, Молодости,74.8,Студенческая,1988
homeowner,Октябрьский,4.0,10.0,9.0,49.0,10500000.0,4.0, Бориса Богаткова,79.4,Золотая Нива,2001
developer,Кировский,25.0,26.0,16.4,104.4,15660000.0,4.0, Аникина,125.86,Студенческая,2026
real_estate_agent,Октябрьский,2.0,9.0,8.6,50.2,6500000.0,4.0,Большевистская ,72.9,Спортивная,2020
real_estate_agent,Октябрьский,7.0,24.0,17.06,68.24,15000000.0,4.0,Ленинградская ,85.3,Октябрьская,2026
real_estate_agent,Калининский,2.0,21.0,13.8,55.2,8997100.0,4.0, Богдана Хмельницкого,69.0,Заельцовская,2027
real_estate_agent,Калининский,3.0,3.0,13.8,67.3,7390000.0,4.0, Богдана Хмельницкого,99.7,Заельцовская,1952
developer,Кировский,25.0,26.0,16.4,66.7,15660000.0,4.0,Северо-Чемской жилмассив,125.86,Студенческая,2028
real_estate_agent,Дзержинский,9.0,17.0,10.0,84.7,12500000.0,4.0, Николая Островского,94.7,Березовая Роща,2019
real_estate_agent,Заельцовский,19.0,24.0,18.32,73.28,17520000.0,4.0,Красный проспект,91.6,Заельцовская,2027
realtor,Заельцовский,2.0,5.0,8.5,63.0,11000000.0,4.0,Красный проспект,85.6,Заельцовская,1956
developer,Ленинский,3.0,25.0,23.299999999999997,56.5,11750000.0,4.0, Костычева,79.8,Площадь Маркса,2027
real_estate_agent,Кировский,1.0,9.0,15.8,88.2,8490000.0,4.0, Виктора Уса,133.8,Площадь Маркса,2014
real_estate_agent,Дзержинский,1.0,10.0,8.7,51.8,9200000.0,4.0, Красина,78.7,Березовая Роща,1993
developer,Заельцовский,2.0,11.0,17.7,65.39999999999999,19680000.0,4.0,Дачное шоссе,83.1,Красный Проспект,2028
real_estate_agent,Кировский,2.0,9.0,7.0,51.7,4950000.0,4.0, Петухова,75.4,Площадь Маркса,2017
real_estate_agent,Ленинский,1.0,11.0,12.0,60.3,10200000.0,4.0, Танкистов,96.4,Студенческая,1996
real_estate_agent,Заельцовский,24.0,24.0,21.312,85.248,20430000.0,4.0,Красный проспект,106.56,Заельцовская,2027
real_estate_agent,Ленинский,3.0,9.0,30.0,82.0,17000000.0,4.0, Пархоменко,134.0,Площадь Маркса,2009
real_estate_agent,Октябрьский,6.0,9.0,7.8,74.3,9000000.0,4.0, 9 Ноября,103.6,Речной вокзал,1991
real_estate_agent,Дзержинский,24.0,25.0,14.606000000000002,58.42400000000001,12250000.0,4.0, Гоголя,73.03,Березовая Роща,2028
real_estate_agent,Железнодорожный,10.0,10.0,20.0,100.0,14700000.0,4.0, Вокзальная магистраль,147.0,Площадь Гарина-Михайловского,2002
developer,Заельцовский,8.0,11.0,14.6,85.53,24600000.0,4.0,Дачное шоссе,100.13,Красный Проспект,2025
real_estate_agent,Ленинский,4.0,9.0,7.0,51.4,5680000.0,4.0, Забалуева,70.7,Площадь Маркса,1976
real_estate_agent,Заельцовский,25.0,26.0,10.0,60.5,23000000.0,4.0, Дмитрия Донского,90.2,Заельцовская,2017
developer,Заельцовский,25.0,25.0,7.7,27.9,24673572.0,4.0,Дачная ,114.2,Заельцовская,2025
real_estate_agent,Дзержинский,14.0,14.0,10.0,125.0,12250000.0,4.0, Фрунзе,135.0,Березовая Роща,1996
developer,Заельцовский,2.0,11.0,6.4,53.9,14410000.0,4.0,Красный проспект,96.2,Заельцовская,2025
real_estate_agent,Кировский,3.0,10.0,7.0,51.4,7100000.0,4.0, Чемская,74.3,Студенческая,1978
real_estate_agent,Октябрьский,2.0,6.0,5.7,59.7,7900000.0,4.0,Ленинградская ,84.8,Октябрьская,1933
developer,Ленинский,12.0,25.0,30.04,49.9,12587000.0,4.0,Ясный Берег город-парк,79.94,Красный Проспект,2027
real_estate_agent,Октябрьский,17.0,24.0,25.0,48.0,26000000.0,4.0, Кирова,100.0,Октябрьская,2018
real_estate_agent,Советский,2.0,9.0,8.0,50.0,12200000.0,4.0, Демакова,81.0,Студенческая,1991
developer,Заельцовский,23.0,23.0,6.2,57.1,14500000.0,4.0, Ляпидевского,96.6,Заельцовская,2025
real_estate_agent,Центральный,7.0,9.0,20.0,110.0,18000000.0,4.0,Коммунистическая ,130.0,Октябрьская,2007
real_estate_agent,Советский,5.0,6.0,10.8,95.1,14990000.0,4.0, Зеленая Горка,180.5,Речной вокзал,1994
developer,Заельцовский,21.0,25.0,6.1,48.3,23130856.0,4.0,Дачная ,110.2,Заельцовская,2025
real_estate_agent,Дзержинский,8.0,9.0,7.0,62.2,7500000.0,4.0, Адриена Лежена,69.2,Золотая Нива,2019
real_estate_agent,Заельцовский,1.0,9.0,7.2,54.7,6690000.0,4.0, Дуси Ковальчук,76.7,Заельцовская,1986
developer,Заельцовский,4.0,11.0,19.4,68.69999999999999,25934000.0,4.0,Дачное шоссе,88.1,Красный Проспект,2028
real_estate_agent,Ленинский,1.0,5.0,5.9,46.4,5500000.0,4.0,Планировочная ,61.6,Студенческая,2015
real_estate_agent,Ленинский,6.0,15.0,30.0,85.0,16000000.0,4.0,Стартовая ,126.0,Спортивная,2014
developer,Октябрьский,2.0,15.0,35.0,63.8,17810000.0,4.0,Большевистская ,147.75,Речной вокзал,2026
real_estate_agent,Калининский,4.0,13.0,12.1,66.8,11800000.0,4.0, Имени генерал-майора А.Н. Рожкина,107.2,Заельцовская,2024
real_estate_agent,Октябрьский,1.0,5.0,28.9,66.2,12000000.0,4.0,Выборная ,130.5,Речной вокзал,1996
real_estate_agent,Заельцовский,7.0,8.0,38.04,152.16,49452000.0,4.0, Победы,190.2,Заельцовская,2020
real_estate_agent,Ленинский,4.0,9.0,8.7,66.1,8700000.0,4.0, Забалуева,74.8,Площадь Маркса,1986
real_estate_agent,Заельцовский,5.0,9.0,7.0,51.5,7000000.0,4.0,Линейная ,74.8,Гагаринская,1979
developer,Заельцовский,8.0,11.0,29.8,84.0,34387000.0,4.0,Дачное шоссе,113.8,Красный Проспект,2028
real_estate_agent,Дзержинский,1.0,9.0,7.0,52.2,7800000.0,4.0, Кошурникова,72.0,Золотая Нива,1975
real_estate_agent,Октябрьский,6.0,10.0,9.0,50.0,12500000.0,4.0, Белинского,78.0,Октябрьская,1991
real_estate_agent,Заельцовский,2.0,6.0,33.96,135.84,44148000.0,4.0, Победы,169.8,Заельцовская,2020
real_estate_agent,Центральный,9.0,23.0,15.0,89.7,29990000.0,4.0, Семьи Шамшиных,145.7,Площадь Ленина,2015
real_estate_agent,Октябрьский,2.0,10.0,9.0,55.0,7000000.0,4.0, В. Высоцкого,79.2,Золотая Нива,1989
developer,Дзержинский,17.0,17.0,17.589999999999996,40.6,11224851.0,4.0,Промышленная ,58.19,Березовая Роща,2026
realtor,Центральный,17.0,18.0,17.0,105.0,43500000.0,4.0, Орджоникидзе,240.0,Площадь Ленина,2007
developer,Железнодорожный,16.0,25.0,8.7,57.0,21503000.0,4.0,Железнодорожная ,79.6,Гагаринская,2028
real_estate_agent,Кировский,4.0,6.0,20.0,84.0,15000000.0,4.0, Обогатительная,132.0,Студенческая,1996
real_estate_agent,Центральный,4.0,10.0,9.0,48.8,9200000.0,4.0, Писарева,77.5,Маршала Покрышкина,1998
developer,Калининский,16.0,21.0,5.1,52.5,10144500.0,4.0, Богдана Хмельницкого,74.9,Заельцовская,2027
real_estate_agent,Октябрьский,8.0,10.0,9.0,80.0,8990000.0,4.0, В. Высоцкого,95.0,Золотая Нива,1992
real_estate_agent,Октябрьский,10.0,10.0,12.0,50.0,7000000.0,4.0,Лазурная ,76.4,Золотая Нива,1988
developer,Заельцовский,22.0,25.0,6.1,49.6,24262920.0,4.0,Дачная ,114.8,Заельцовская,2025
real_estate_agent,Железнодорожный,1.0,9.0,7.0,56.0,8800000.0,4.0,Железнодорожная ,74.0,Площадь Гарина-Михайловского,1982
developer,Ленинский,2.0,25.0,19.492,77.968,13800000.0,4.0, Титова,97.46,Площадь Маркса,2027
real_estate_agent,Центральный,16.0,17.0,30.0,71.0,18900000.0,4.0, Некрасова,101.0,Маршала Покрышкина,2007
real_estate_agent,Заельцовский,4.0,5.0,12.0,60.0,16700000.0,4.0,Красный проспект,128.0,Заельцовская,2022
developer,Ленинский,1.0,9.0,32.48,51.9,14122000.0,4.0,Ясный Берег город-парк,84.38,Красный Проспект,2027
real_estate_agent,Заельцовский,3.0,14.0,30.0,93.0,17500000.0,4.0,Красный проспект,123.0,Заельцовская,2013
developer,Калининский,13.0,18.0,4.7,54.3,10450000.0,4.0,Игарская ,84.87,Заельцовская,2026
real_estate_agent,Ленинский,8.0,10.0,9.0,40.0,6900000.0,4.0,Киевская ,82.0,Площадь Маркса,1990
real_estate_agent,Октябрьский,8.0,8.0,16.14,64.56,9600000.0,4.0,Родниковая ,80.7,Речной вокзал,2025
real_estate_agent,Центральный,7.0,10.0,11.0,74.0,22000000.0,4.0, Гоголя,122.0,Маршала Покрышкина,2010
real_estate_agent,Железнодорожный,10.0,10.0,21.2,65.0,21000000.0,4.0,Железнодорожная ,118.0,Гагаринская,2002
developer,Заельцовский,22.0,25.0,6.8,48.5,26826450.0,4.0,Дачная ,128.5,Заельцовская,2025
real_estate_agent,Железнодорожный,4.0,9.0,20.0,69.4,28800000.0,4.0, 1905 года,140.4,Красный Проспект,2000
real_estate_agent,Октябрьский,4.0,25.0,20.1,41.7,8500000.0,4.0,Выборная ,80.38,Октябрьская,2025
developer,Заельцовский,1.0,23.0,34.0,136.0,26611200.0,4.0, Дуси Ковальчук,170.0,Заельцовская,2023
realtor,Кировский,2.0,10.0,12.0,60.0,7190000.0,4.0, Виктора Шевелева,86.0,Студенческая,2019
real_estate_agent,Заельцовский,1.0,3.0,20.0,97.0,55000000.0,4.0,Кедровая ,224.3,Заельцовская,2011
real_estate_agent,Калининский,18.0,21.0,14.92,59.68,10105250.0,4.0,Юбилейный мкр,74.6,Заельцовская,2027
real_estate_agent,Ленинский,7.0,10.0,11.6,64.0,13000000.0,4.0, Котовского,106.2,Студенческая,2003
real_estate_agent,Заельцовский,6.0,8.0,12.5,66.0,14699999.0,4.0,Красный проспект,108.1,Заельцовская,2025
real_estate_agent,Октябрьский,16.0,25.0,20.0,43.0,10200000.0,4.0,Выборная ,80.0,Речной вокзал,2025
developer,Октябрьский,6.0,7.0,37.9,47.4,21960000.0,4.0,Большевистская ,124.93,Спортивная,2028
real_estate_agent,Дзержинский,1.0,9.0,7.0,51.5,8500000.0,4.0, Гоголя,70.5,Березовая Роща,1971
real_estate_agent,Кировский,5.0,6.0,11.0,67.0,10400000.0,4.0, Обогатительная,116.6,Студенческая,1998
real_estate_agent,Калининский,16.0,21.0,14.980000000000002,59.92000000000001,10144500.0,4.0, Богдана Хмельницкого,74.9,Заельцовская,2027
real_estate_agent,Калининский,12.0,12.0,35.7,41.7,18750000.0,4.0, Мясниковой,100.6,Заельцовская,2017
real_estate_agent,Ленинский,6.0,17.0,21.2,40.0,10520000.0,4.0,Междуреченская ,83.0,Площадь Гарина-Михайловского,2023
developer,Октябрьский,15.0,15.0,32.506,130.024,28540000.0,4.0,Большевистская ,162.53,Речной вокзал,2026
real_estate_agent,Ленинский,21.0,26.0,5.3,78.10000000000001,13450000.0,4.0, Ясный Берег,83.4,Октябрьская,2023
developer,Октябрьский,16.0,25.0,20.0,41.7,10200000.0,4.0, Кирова,79.95,Октябрьская,2026
real_estate_agent,Заельцовский,5.0,7.0,17.3,69.10000000000001,17000000.0,4.0,Кедровая ,86.4,Заельцовская,2022
developer,Заельцовский,24.0,25.0,17.896,71.584,14495760.0,4.0,Светлановская ,89.48,Заельцовская,2026
developer,Октябрьский,7.0,8.0,6.7,51.0,11900000.0,4.0, Грибоедова,78.9,Золотая Нива,2026
realtor,Ленинский,19.0,26.0,15.0,45.0,11000000.0,4.0, Ясный Берег,69.7,Площадь Маркса,2017
real_estate_agent,Кировский,6.0,24.0,14.82,59.28,8750000.0,4.0,Южно-Чемской жилмассив,74.1,Студенческая,2028
real_estate_agent,Заельцовский,2.0,7.0,60.0,70.0,32955000.0,4.0,Дачное шоссе,156.19,Красный Проспект,2025
real_estate_agent,Кировский,2.0,2.0,10.0,58.0,11990000.0,4.0,Белые росы ДНТ,112.0,Площадь Маркса,2021
developer,Октябрьский,6.0,7.0,28.195999999999998,112.78399999999999,23260000.0,4.0,Большевистская ,140.98,Спортивная,2028
real_estate_agent,Заельцовский,23.0,23.0,19.32,77.28,14500000.0,4.0, Ляпидевского,96.6,Заельцовская,2025
real_estate_agent,Октябрьский,7.0,10.0,9.0,52.0,8300000.0,4.0, В. Высоцкого,80.2,Золотая Нива,1989
real_estate_agent,Кировский,11.0,20.0,15.96,63.84,9500000.0,4.0,18-й Бронный переулок,79.8,Студенческая,2025
real_estate_agent,Октябрьский,3.0,10.0,9.0,50.0,9000000.0,4.0, Карла Либкнехта,79.6,Золотая Нива,1999
real_estate_agent,Центральный,1.0,13.0,16.0,94.0,15000000.0,4.0, Крылова,110.0,Маршала Покрышкина,1999
real_estate_agent,Центральный,10.0,16.0,26.900000000000002,107.60000000000001,30000000.0,4.0, Чаплыгина,134.5,Площадь Ленина,2009
real_estate_agent,Дзержинский,1.0,2.0,38.0,37.900000000000006,5140000.0,4.0,Онежская ,75.9,Березовая Роща,2024
developer,Заельцовский,1.0,23.0,31.580000000000002,126.32000000000001,24266880.0,4.0, Дуси Ковальчук,157.9,Заельцовская,2023
real_estate_agent,Ленинский,1.0,10.0,8.8,49.5,6800000.0,4.0, Плахотного,77.5,Площадь Маркса,2004
real_estate_agent,Ленинский,5.0,17.0,22.5,51.3,12999000.0,4.0, Забалуева,105.5,Студенческая,2015
developer,Ленинский,5.0,17.0,35.339999999999996,50.4,13662000.0,4.0,Ясный Берег город-парк,85.74,Октябрьская,2027
real_estate_agent,Ленинский,6.0,9.0,9.0,48.0,5490000.0,4.0,Троллейная ,76.5,Площадь Маркса,2015
developer,Заельцовский,23.0,25.0,8.2,49.7,27900600.0,4.0,Дачная ,135.0,Заельцовская,2025
real_estate_agent,Железнодорожный,2.0,5.0,5.3,45.3,7700000.0,4.0, Челюскинцев,61.5,Площадь Гарина-Михайловского,1967
real_estate_agent,Первомайский,13.0,16.0,12.120000000000001,48.480000000000004,9630000.0,4.0, Заречная,60.6,Спортивная,2027
real_estate_agent,Калининский,2.0,5.0,5.9,52.3,6700000.0,4.0,Учительская ,73.5,Заельцовская,2017
real_estate_agent,Октябрьский,5.0,10.0,9.0,50.0,7650000.0,4.0, В. Высоцкого,80.1,Золотая Нива,1990
real_estate_agent,Заельцовский,24.0,24.0,21.514,86.056,20620000.0,4.0,Красный проспект,107.57,Заельцовская,2027
real_estate_agent,Ленинский,6.0,9.0,9.0,70.8,7800000.0,4.0,Троллейная ,79.8,Площадь Маркса,1984
real_estate_agent,Заельцовский,23.0,25.0,28.980000000000004,115.92000000000002,16700000.0,4.0,Сухарная ,144.9,Площадь Гарина-Михайловского,2023
developer,Ленинский,13.0,25.0,35.98,55.6,14826000.0,4.0,Ясный Берег город-парк,91.58,Красный Проспект,2027
real_estate_agent,Кировский,1.0,9.0,7.0,60.0,7000000.0,4.0, Петухова,74.0,Площадь Маркса,1977
real_estate_agent,Октябрьский,3.0,9.0,7.1,53.5,9000000.0,4.0, Бориса Богаткова,74.9,Золотая Нива,1983
real_estate_agent,Первомайский,12.0,16.0,15.700000000000001,62.800000000000004,11790000.0,4.0, Заречная,78.5,Спортивная,2027
real_estate_agent,Первомайский,7.0,9.0,8.8,50.0,6150000.0,4.0, Марата,77.7,Речной вокзал,1978
real_estate_agent,Дзержинский,1.0,9.0,14.040000000000001,56.160000000000004,2999999.0,1.0,Гусинобродское шоссе,70.2,Золотая Нива,1975
developer,Ленинский,8.0,9.0,30.299999999999997,52.0,14124000.0,4.0,Ясный Берег город-парк,82.3,Красный Проспект,2027
realtor,Октябрьский,4.0,14.0,23.0,70.0,31990000.0,4.0, Добролюбова,111.3,Речной вокзал,2021
homeowner,Калининский,1.0,9.0,7.0,52.1,6600000.0,4.0, Кропоткина,75.4,Маршала Покрышкина,1987
developer,Заельцовский,1.0,23.0,33.480000000000004,133.92000000000002,26666880.0,4.0, Дуси Ковальчук,167.4,Заельцовская,2023
real_estate_agent,Кировский,1.0,5.0,5.0,56.0,4400000.0,4.0, Петухова,61.0,Площадь Маркса,1968
developer,Октябрьский,22.0,25.0,22.44,89.76,25016000.0,4.0,Военная ,112.2,Октябрьская,2024
real_estate_agent,Ленинский,8.0,10.0,9.0,60.0,6300000.0,4.0,Широкая ,84.4,Площадь Маркса,1992
developer,Октябрьский,23.0,24.0,19.840000000000003,79.36000000000001,25050000.0,4.0, Шевченко,99.2,Октябрьская,2026
real_estate_agent,Ленинский,3.0,9.0,7.0,51.2,6499000.0,4.0,Полтавская ,74.7,Площадь Маркса,2015
real_estate_agent,Дзержинский,2.0,24.0,34.72,138.88,30490000.0,4.0,проспект Дзержинского,173.6,Березовая Роща,2028
real_estate_agent,Ленинский,1.0,9.0,9.0,54.0,7300000.0,4.0, Связистов,78.3,Площадь Маркса,2015
real_estate_agent,Заельцовский,15.0,24.0,32.0,80.0,22800000.0,4.0, Тимирязева,120.6,Заельцовская,2019
developer,Ленинский,13.0,13.0,26.754000000000005,107.01600000000002,29730000.0,4.0,площадь Карла Маркса,133.77,Площадь Маркса,2026
developer,Дзержинский,20.0,22.0,17.968,71.872,12800000.0,4.0, Есенина,89.84,Золотая Нива,2026
homeowner,Железнодорожный,3.0,5.0,6.0,66.0,9630000.0,4.0,Железнодорожная ,90.0,Площадь Гарина-Михайловского,1953
real_estate_agent,Октябрьский,2.0,11.0,39.760000000000005,159.04000000000002,31140000.0,4.0,Зыряновская ,198.8,Речной вокзал,2025
real_estate_agent,Кировский,8.0,10.0,9.0,49.8,10000000.0,4.0,Тульская ,77.1,Площадь Маркса,1993
developer,Советский,15.0,15.0,6.2,52.8,19290000.0,4.0, Рубиновая,82.11,Речной вокзал,2026
real_estate_agent,Калининский,15.0,16.0,10.0,58.8,8390000.0,4.0, Объединения,87.0,Заельцовская,2025
real_estate_agent,Центральный,2.0,13.0,19.894000000000002,79.57600000000001,20810000.0,4.0, Семьи Шамшиных,99.47,Октябрьская,2026
real_estate_agent,Дзержинский,9.0,10.0,9.0,49.3,7900000.0,4.0, Коминтерна,81.9,Золотая Нива,1990
developer,Калининский,1.0,18.0,15.2,52.9,19650000.0,4.0,Игарская ,166.33,Заельцовская,2026
real_estate_agent,Дзержинский,2.0,9.0,7.0,51.2,6500000.0,4.0,Гусинобродское шоссе,74.2,Золотая Нива,1975
real_estate_agent,Центральный,3.0,9.0,16.5,92.0,21000000.0,4.0,Красный проспект,140.0,Гагаринская,1999
developer,Калининский,5.0,9.0,13.600000000000001,54.400000000000006,11269484.0,4.0, Михаила Востокова,68.0,Заельцовская,2025
real_estate_agent,Железнодорожный,2.0,5.0,10.0,47.5,14500000.0,4.0, Урицкого,89.3,Площадь Ленина,1955
developer,Советский,4.0,24.0,18.114,72.456,18652750.0,4.0, Мусы Джалиля,90.57,Студенческая,2027
real_estate_agent,Ленинский,5.0,5.0,5.5,44.9,5800000.0,4.0,Ударная ,61.0,Площадь Маркса,1969
real_estate_agent,Ленинский,1.0,9.0,20.0,29.0,6770000.0,4.0,Выставочная ,66.0,Студенческая,1976
real_estate_agent,Октябрьский,19.0,25.0,22.304000000000002,89.21600000000001,18017600.0,4.0, Владимира Заровного,111.52,Речной вокзал,2024
real_estate_agent,Заельцовский,6.0,8.0,20.9,46.8,14300000.0,4.0, Аэропорт,102.2,Заельцовская,2024
real_estate_agent,Заельцовский,17.0,20.0,30.0,148.0,22500000.0,4.0, Галущака,217.9,Гагаринская,2006
developer,Калининский,12.0,17.0,16.86,67.44,13400000.0,4.0, Богдана Хмельницкого,84.3,Заельцовская,2028
real_estate_agent,Октябрьский,18.0,30.0,28.0,57.3,25250000.0,4.0,Московская ,95.0,Октябрьская,2024
real_estate_agent,Советский,4.0,12.0,24.0,90.0,26300000.0,4.0, Пирогова,168.1,Студенческая,1994
developer,Советский,23.0,24.0,30.890000000000008,60.9,22535900.0,4.0, Мусы Джалиля,91.79,Студенческая,2026
real_estate_agent,Советский,17.0,17.0,25.0,35.0,11300000.0,4.0, 2-я Миргородская,85.0,Студенческая,1994
real_estate_agent,Калининский,8.0,9.0,10.0,97.0,16600000.0,4.0,Красный проспект,107.0,Заельцовская,2021
real_estate_agent,Октябрьский,2.0,15.0,29.560000000000002,118.24000000000001,17810000.0,4.0,Большевистская ,147.8,Речной вокзал,2026
real_estate_agent,Первомайский,2.0,5.0,5.1,44.9,4500000.0,4.0, Твардовского,61.1,Речной вокзал,1969
real_estate_agent,Дзержинский,5.0,16.0,20.0,36.0,16100000.0,4.0,Планетная ,71.0,Березовая Роща,2019
developer,Советский,11.0,16.0,6.5,62.0,18590000.0,4.0, Российская,93.91,Студенческая,2028
real_estate_agent,Заельцовский,3.0,18.0,10.0,53.8,9000000.0,4.0, Аэропорт,68.8,Заельцовская,2024
realtor,Калининский,4.0,9.0,10.0,50.4,6800000.0,4.0, 25 лет Октября,70.8,Березовая Роща,1979
real_estate_agent,Октябрьский,2.0,11.0,45.14,180.56,31690000.0,4.0,Зыряновская ,225.7,Речной вокзал,2025
real_estate_agent,Ленинский,3.0,9.0,7.1,56.0,7900000.0,4.0, Котовского,70.6,Площадь Маркса,2015
homeowner,Советский,4.0,5.0,5.9,44.1,6500000.0,4.0, Иванова,60.7,Студенческая,1966
developer,Советский,12.0,18.0,8.4,58.7,17350000.0,4.0, Российская,89.31,Студенческая,2028
real_estate_agent,Кировский,8.0,10.0,5.0,46.0,5658000.0,4.0, Виктора Шевелева,69.78,Студенческая,2019
real_estate_agent,Октябрьский,5.0,5.0,6.0,43.0,7100000.0,4.0, Гаранина,60.7,Золотая Нива,1967
developer,Центральный,2.0,13.0,19.894000000000002,79.57600000000001,20810000.0,4.0, Семьи Шамшиных,99.47,Октябрьская,2026
real_estate_agent,Заельцовский,7.0,12.0,11.0,43.6,11700000.0,4.0, Дуси Ковальчук,72.4,Заельцовская,1986
homeowner,Заельцовский,3.0,7.0,16.2,41.1,7450000.0,4.0,Каунасская ,73.5,Заельцовская,2022
real_estate_agent,Заельцовский,24.0,24.0,21.312,85.248,20430000.0,4.0,Красный проспект,106.56,Заельцовская,2027
real_estate_agent,Кировский,3.0,11.0,35.0,80.0,30000000.0,4.0, Покрышкина,135.5,Площадь Маркса,2015
real_estate_agent,Заельцовский,19.0,24.0,18.32,73.28,17520000.0,4.0,Красный проспект,91.6,Заельцовская,2027
real_estate_agent,Ленинский,8.0,9.0,9.0,50.0,7000000.0,4.0, Связистов,78.0,Площадь Маркса,1986
real_estate_agent,Советский,12.0,14.0,14.0,65.0,24500000.0,4.0, Российская,135.0,Студенческая,2014
developer,Калининский,1.0,9.0,13.700000000000001,54.800000000000004,9350000.0,4.0,Пашино мкр,68.5,Заельцовская,2026
real_estate_agent,Дзержинский,3.0,16.0,16.0,50.3,15100000.0,4.0,Планетная ,71.0,Березовая Роща,2018
unknown,Первомайский,9.0,9.0,7.1,50.0,6450000.0,4.0, Чапаева,67.2,Спортивная,2013
developer,Октябрьский,22.0,23.0,6.2,60.4,12600000.0,4.0, Грибоедова,87.5,Золотая Нива,2026
real_estate_agent,Ленинский,2.0,9.0,9.0,51.0,6500000.0,4.0, Связистов,77.8,Площадь Маркса,1986
real_estate_agent,Ленинский,10.0,10.0,9.0,53.4,7150000.0,4.0,Широкая ,83.3,Площадь Маркса,1992
real_estate_agent,Дзержинский,5.0,24.0,28.660000000000004,114.64000000000001,28550000.0,4.0,проспект Дзержинского,143.3,Березовая Роща,2028
real_estate_agent,Октябрьский,7.0,10.0,15.0,69.3,13990000.0,4.0,Пролетарская ,106.5,Речной вокзал,2013
real_estate_agent,Ленинский,2.0,9.0,6.5,53.0,6280000.0,4.0, Невельского,70.0,Площадь Маркса,2015
developer,Октябрьский,24.0,25.0,21.94,87.76,18250000.0,4.0,Ипподромская ,109.7,Октябрьская,2024
real_estate_agent,Дзержинский,2.0,9.0,8.0,50.0,6870000.0,4.0,Гусинобродское шоссе,73.0,Золотая Нива,1975
real_estate_agent,Ленинский,2.0,4.0,6.0,51.0,5900000.0,4.0, Плахотного,62.0,Площадь Маркса,1969
developer,Калининский,2.0,9.0,13.66,54.64,9350000.0,4.0,Пашино мкр,68.3,Заельцовская,2026
real_estate_agent,Дзержинский,3.0,4.0,15.0,50.0,9990000.0,4.0,проспект Дзержинского,104.0,Березовая Роща,1957
real_estate_agent,Калининский,3.0,5.0,7.8,67.7,8500000.0,4.0,2-й Краснодонский переулок,89.6,Заельцовская,1958
developer,Октябрьский,23.0,25.0,22.5,90.0,25321000.0,4.0,Военная ,112.5,Октябрьская,2024
real_estate_agent,Октябрьский,20.0,20.0,54.3,86.5,37000000.0,4.0, Сакко и Ванцетти,236.6,Октябрьская,2020
homeowner,Кировский,5.0,6.0,14.0,75.1,12300000.0,4.0, Обогатительная,149.0,Студенческая,1998
real_estate_agent,Заельцовский,4.0,10.0,9.0,50.0,12600000.0,4.0, Дуси Ковальчук,82.6,Заельцовская,1993
developer,Дзержинский,19.0,22.0,17.968,71.872,12700000.0,4.0, Есенина,89.84,Золотая Нива,2026
real_estate_agent,Октябрьский,2.0,5.0,12.4,70.2,12800000.0,4.0,Зеленый Бор мкр,112.7,Речной вокзал,2004
developer,Ленинский,3.0,17.0,35.449999999999996,50.4,12824000.0,4.0,Ясный Берег город-парк,85.85,Октябрьская,2027
homeowner,Первомайский,1.0,4.0,15.0,90.0,12955000.0,4.0,Радужная ,128.0,Речной вокзал,2017
real_estate_agent,Калининский,15.0,15.0,19.96,79.84,13173600.0,4.0, Объединения,99.8,Заельцовская,2025
real_estate_agent,Заельцовский,7.0,11.0,19.3,64.0,13600000.0,4.0,Красный проспект,100.5,Заельцовская,2025
homeowner,Заельцовский,7.0,10.0,9.8,61.2,13700000.0,4.0, Дмитрия Донского,92.8,Заельцовская,1996
developer,Ленинский,3.0,9.0,30.299999999999997,52.0,13922000.0,4.0,Ясный Берег город-парк,82.3,Красный Проспект,2027
real_estate_agent,Первомайский,9.0,10.0,30.0,80.0,13990000.0,4.0, Заречная,116.0,Спортивная,2013
real_estate_agent,Заельцовский,10.0,11.0,17.6,65.5,13990000.0,4.0, Дуси Ковальчук,120.9,Заельцовская,2003
real_estate_agent,Октябрьский,7.0,11.0,12.9,68.1,14300000.0,4.0, Стофато,117.8,Золотая Нива,1996
developer,Ленинский,4.0,25.0,38.86999999999999,52.7,14255000.0,4.0,Ясный Берег город-парк,91.57,Красный Проспект,2027
real_estate_agent,Железнодорожный,7.0,10.0,12.0,60.3,14500000.0,4.0, Вокзальная магистраль,88.6,Площадь Гарина-Михайловского,1996
real_estate_agent,Калининский,4.0,5.0,10.0,60.0,14500000.0,4.0, Богдана Хмельницкого,98.0,Заельцовская,1954
real_estate_agent,Заельцовский,7.0,7.0,23.6,34.9,14500000.0,4.0,Кедровая ,89.3,Заельцовская,2023
real_estate_agent,Советский,4.0,12.0,12.6,64.7,14500000.0,4.0, Лесосечная,121.8,Октябрьская,2008
real_estate_agent,Октябрьский,2.0,24.0,17.288,69.152,14500000.0,4.0,Ленинградская ,86.44,Октябрьская,2026
developer,Заельцовский,25.0,25.0,17.896,71.584,14495760.0,4.0,Светлановская ,89.48,Заельцовская,2026
developer,Ленинский,15.0,25.0,35.43,55.6,14870000.0,4.0,Ясный Берег город-парк,91.03,Красный Проспект,2027
real_estate_agent,Заельцовский,16.0,17.0,30.0,60.0,15000000.0,4.0, Аэропорт,96.0,Заельцовская,2023
homeowner,Октябрьский,1.0,5.0,20.0,75.0,15000000.0,4.0,Зеленый Бор мкр,118.0,Речной вокзал,2007
real_estate_agent,Октябрьский,7.0,10.0,10.0,20.0,15300000.0,4.0,Выборная ,107.3,Речной вокзал,2007
realtor,Советский,2.0,4.0,11.4,53.4,15300000.0,4.0,проспект Морской,83.9,Студенческая,1994
homeowner,Железнодорожный,6.0,9.0,12.0,92.0,15250000.0,4.0, Челюскинцев,104.0,Площадь Гарина-Михайловского,1979
real_estate_agent,Заельцовский,2.0,3.0,29.0,70.0,15500000.0,4.0,Красный проспект,117.0,Заельцовская,2003
real_estate_agent,Ленинский,4.0,16.0,3.0,109.2,15700000.0,4.0, Серафимовича,112.2,Площадь Маркса,2012
real_estate_agent,Заельцовский,9.0,10.0,16.0,72.4,15700000.0,4.0,Красный проспект,131.0,Гагаринская,2002
real_estate_agent,Центральный,2.0,7.0,10.3,73.0,15950000.0,4.0, Некрасова,118.0,Маршала Покрышкина,2003
real_estate_agent,Заельцовский,5.0,6.0,13.6,94.4,16000000.0,4.0,Магаданская ,134.3,Заельцовская,2000
homeowner,Заельцовский,2.0,4.0,29.0,70.0,15990000.0,4.0,Красный проспект,117.0,Заельцовская,2009
homeowner,Кировский,25.0,27.0,30.0,96.0,16000000.0,4.0, Оловозаводская,126.0,Студенческая,2015
homeowner,Советский,10.0,17.0,18.9,52.8,16000000.0,4.0, Рубиновая,82.11,Студенческая,2026
homeowner,Октябрьский,2.0,6.0,30.0,71.0,16000000.0,4.0,Выборная ,111.6,Речной вокзал,2005
real_estate_agent,Октябрьский,4.0,5.0,56.5,98.9,16500000.0,4.0,Зеленый Бор мкр,161.1,Речной вокзал,2006
real_estate_agent,Советский,7.0,7.0,12.1,64.3,16400000.0,4.0, Иванова,106.6,Студенческая,2002
real_estate_agent,Заельцовский,8.0,18.0,15.0,48.0,16550000.0,4.0, Дуси Ковальчук,124.0,Заельцовская,2014
homeowner,Октябрьский,6.0,8.0,20.0,50.0,16700000.0,4.0, Сакко и Ванцетти,79.2,Речной вокзал,2024
homeowner,Кировский,2.0,17.0,38.0,60.0,16900000.0,4.0, Немировича-Данченко,105.0,Студенческая,2016
homeowner,Октябрьский,3.0,3.0,16.0,80.0,17000000.0,4.0, Кирова,165.0,Речной вокзал,2015
unknown,Октябрьский,21.0,25.0,19.5,85.5,17150000.0,4.0,Военная ,131.4,Площадь Ленина,2013
realtor,Октябрьский,3.0,7.0,17.0,68.0,17300000.0,4.0, Владимира Заровного,85.0,Золотая Нива,2020
developer,Советский,3.0,18.0,8.4,58.7,17350000.0,4.0, Российская,89.31,Студенческая,2028
realtor,Заельцовский,7.0,25.0,27.5,43.8,17200000.0,4.0, Дмитрия Донского,91.5,Заельцовская,2017
real_estate_agent,Советский,3.0,26.0,6.8,84.2,17500000.0,4.0, Мусы Джалиля,91.0,Студенческая,2027
real_estate_agent,Заельцовский,6.0,12.0,25.0,82.7,17500000.0,4.0,Красный проспект,107.7,Гагаринская,1996
realtor,Центральный,19.0,30.0,17.400000000000002,69.60000000000001,17500000.0,4.0, Семьи Шамшиных,87.0,Маршала Покрышкина,2007
developer,Советский,4.0,16.0,19.1,36.8,17490000.0,4.0, Российская,90.38,Студенческая,2028
real_estate_agent,Заельцовский,18.0,24.0,18.332,73.328,17530000.0,4.0,Красный проспект,91.66,Заельцовская,2027
realtor,Железнодорожный,7.0,9.0,28.0,76.6,17499999.0,4.0,Сибирская ,104.6,Площадь Гарина-Михайловского,2017
real_estate_agent,Заельцовский,18.0,24.0,18.332,73.328,17530000.0,4.0,Красный проспект,91.66,Заельцовская,2027
homeowner,Октябрьский,4.0,18.0,15.0,82.0,17800000.0,4.0,Военная ,124.0,Октябрьская,2009
real_estate_agent,Октябрьский,7.0,25.0,36.0,48.0,17990000.0,4.0, Шевченко,115.0,Октябрьская,2017
real_estate_agent,Заельцовский,4.0,17.0,15.2,111.2,18000000.0,4.0,Сухарная ,126.4,Площадь Гарина-Михайловского,2012
real_estate_agent,Заельцовский,4.0,10.0,14.4,84.0,17900000.0,4.0,Красный проспект,130.0,Гагаринская,2002
real_estate_agent,Заельцовский,5.0,9.0,18.0,59.5,18000000.0,4.0,Красный проспект,82.5,Заельцовская,2019
developer,Советский,4.0,16.0,6.5,62.3,18220000.0,4.0, Российская,94.16,Студенческая,2028
developer,Октябрьский,25.0,25.0,21.96,87.84,18250000.0,4.0,Ипподромская ,109.8,Октябрьская,2024
developer,Дзержинский,19.0,22.0,19.900000000000002,79.60000000000001,18706000.0,4.0, 5-я Кирпичная Горка,99.5,Березовая Роща,2028
developer,Советский,3.0,24.0,18.114,72.456,18766600.0,4.0, Мусы Джалиля,90.57,Студенческая,2027
real_estate_agent,Советский,3.0,24.0,18.114,72.456,18766600.0,4.0, Мусы Джалиля,90.57,Студенческая,2026
real_estate_agent,Советский,4.0,24.0,18.114,72.456,18652750.0,4.0, Мусы Джалиля,90.57,Студенческая,2026
developer,Октябрьский,23.0,23.0,19.94,79.76,18743600.0,4.0,Закаменский мкр,99.7,Золотая Нива,2028
real_estate_agent,Железнодорожный,3.0,9.0,15.0,124.0,19000000.0,4.0,Депутатская ,139.0,Площадь Гарина-Михайловского,1997
real_estate_agent,Заельцовский,2.0,4.0,28.0,145.7,18888000.0,4.0,Дачное шоссе,173.7,Заельцовская,2013
homeowner,Октябрьский,5.0,18.0,30.0,117.0,19000000.0,4.0,Обская ,147.0,Речной вокзал,2001
real_estate_agent,Железнодорожный,2.0,10.0,30.2,92.0,19500000.0,4.0, Революции,122.2,Площадь Ленина,1996
real_estate_agent,Ленинский,16.0,16.0,66.0,90.0,19500000.0,4.0,Степная ,178.0,Площадь Маркса,2012
real_estate_agent,Октябрьский,8.0,26.0,15.0,67.0,19499999.0,4.0, Лескова,111.3,Октябрьская,2023
homeowner,Заельцовский,15.0,15.0,22.5,54.2,19500000.0,4.0,Красный проспект,87.5,Заельцовская,2019
unknown,Центральный,2.0,10.0,15.8,88.5,19650000.0,4.0,Серебренниковская ,138.7,Октябрьская,2004
real_estate_agent,Центральный,7.0,17.0,16.0,83.0,19999000.0,4.0, Некрасова,104.0,Маршала Покрышкина,2012
real_estate_agent,Центральный,3.0,30.0,5.3,99.0,19990000.0,4.0, Семьи Шамшиных,114.89,Маршала Покрышкина,2024
real_estate_agent,Центральный,7.0,17.0,16.0,83.0,19990000.0,4.0, Некрасова,104.0,Маршала Покрышкина,2012
realtor,Заельцовский,5.0,9.0,39.0,92.0,19800000.0,4.0, Дуси Ковальчук,154.0,Заельцовская,2003
real_estate_agent,Центральный,16.0,17.0,7.7,71.6,19999999.0,4.0, Семьи Шамшиных,152.6,Маршала Покрышкина,2007
real_estate_agent,Заельцовский,4.0,15.0,41.0,99.0,20000000.0,4.0, Галущака,158.0,Гагаринская,2002
real_estate_agent,Центральный,3.0,8.0,30.0,70.0,20000000.0,4.0, Семьи Шамшиных,114.9,Маршала Покрышкина,2007
real_estate_agent,Заельцовский,3.0,11.0,7.0,81.9,20000000.0,4.0,Дачное шоссе,113.9,Заельцовская,2022
real_estate_agent,Заельцовский,1.0,6.0,16.7,105.89999999999999,20000000.0,4.0,Кедровая ,122.6,Заельцовская,2012
realtor,Октябрьский,6.0,21.0,20.3,85.6,20000000.0,4.0,Зыряновская ,132.7,Речной вокзал,2016
real_estate_agent,Заельцовский,7.0,9.0,20.0,80.0,20500000.0,4.0,Дачная ,124.0,Заельцовская,2004
real_estate_agent,Заельцовский,24.0,24.0,21.514,86.056,20620000.0,4.0,Красный проспект,107.57,Заельцовская,2027
real_estate_agent,Октябрьский,10.0,19.0,21.11,84.44,20832420.0,4.0,Садовая ,105.55,Октябрьская,2026
real_estate_agent,Октябрьский,3.0,10.0,15.0,121.0,21000000.0,4.0, Толстого,136.0,Октябрьская,2020
real_estate_agent,Заельцовский,4.0,10.0,7.0,151.3,21000000.0,4.0, Галущака,158.3,Гагаринская,2001
unknown,Октябрьский,23.0,24.0,16.0,64.0,21000000.0,4.0, Шевченко,80.0,Золотая Нива,2020
real_estate_agent,Октябрьский,2.0,9.0,13.0,79.0,21000000.0,4.0, Кирова,127.4,Октябрьская,2006
developer,Заельцовский,1.0,11.0,14.6,85.51,21000000.0,4.0,Дачное шоссе,100.11,Красный Проспект,2025
real_estate_agent,Октябрьский,15.0,15.0,27.380000000000003,109.52000000000001,21260000.0,4.0,Большевистская ,136.9,Речной вокзал,2026
homeowner,Октябрьский,5.0,18.0,15.0,82.0,21500000.0,4.0,Военная ,123.8,Октябрьская,2007
real_estate_agent,Октябрьский,12.0,19.0,21.098,84.392,21899031.0,4.0,Садовая ,105.49,Октябрьская,2026
real_estate_agent,Октябрьский,24.0,24.0,5.3,60.0,22000000.0,4.0, Шевченко,90.1,Октябрьская,2022
real_estate_agent,Октябрьский,25.0,25.0,19.2,57.8,22000000.0,4.0, Лескова,143.0,Золотая Нива,2015
homeowner,Центральный,2.0,9.0,31.260000000000005,125.04000000000002,22000000.0,4.0,Красный проспект,156.3,Сибирская,1999
real_estate_agent,Советский,19.0,24.0,18.074,72.296,21942000.0,4.0, Мусы Джалиля,90.37,Студенческая,2026
developer,Советский,19.0,24.0,18.074,72.296,21942000.0,4.0, Мусы Джалиля,90.37,Студенческая,2027
real_estate_agent,Октябрьский,6.0,23.0,24.980000000000004,99.92000000000002,21960000.0,4.0,Большевистская ,124.9,Спортивная,2028
real_estate_agent,Советский,20.0,24.0,18.074,72.296,22054000.0,4.0, Мусы Джалиля,90.37,Студенческая,2026
homeowner,Заельцовский,13.0,15.0,24.0,63.5,22000000.0,4.0,Красный проспект,87.5,Заельцовская,2019
homeowner,Центральный,10.0,13.0,40.0,136.0,22000000.0,4.0,Советская ,176.0,Красный Проспект,1998
real_estate_agent,Октябрьский,11.0,20.0,20.0,113.0,22500000.0,4.0,Большевистская ,133.0,Речной вокзал,2016
real_estate_agent,Октябрьский,3.0,8.0,10.0,56.9,22500000.0,4.0,Большевистская ,88.5,Спортивная,2022
real_estate_agent,Центральный,18.0,23.0,18.5,64.4,22450000.0,4.0, Некрасова,120.0,Маршала Покрышкина,2020
real_estate_agent,Советский,23.0,24.0,18.358,73.432,22535900.0,4.0, Мусы Джалиля,91.79,Студенческая,2026
real_estate_agent,Советский,12.0,12.0,17.0,105.0,22990000.0,4.0, Лесосечная,180.0,Октябрьская,2010
developer,Заельцовский,22.0,25.0,12.6,46.8,23232800.0,4.0,Дачная ,103.9,Заельцовская,2025
developer,Заельцовский,22.0,25.0,6.1,48.3,23203890.0,4.0,Дачная ,110.2,Заельцовская,2025
realtor,Заельцовский,2.0,25.0,15.5,65.0,23000000.0,4.0, Дмитрия Донского,113.3,Заельцовская,2017
real_estate_agent,Октябрьский,6.0,23.0,28.200000000000003,112.80000000000001,23260000.0,4.0,Большевистская ,141.0,Спортивная,2028
real_estate_agent,Дзержинский,9.0,9.0,20.0,62.1,23517000.0,4.0,Планетная ,87.1,Березовая Роща,2017
homeowner,Октябрьский,17.0,17.0,12.5,95.0,23500000.0,4.0, Кирова,140.0,Речной вокзал,2017
unknown,Центральный,24.0,24.0,40.0,64.0,23850000.0,4.0, Семьи Шамшиных,114.6,Площадь Ленина,2014
real_estate_agent,Дзержинский,3.0,24.0,28.660000000000004,114.64000000000001,24030000.0,4.0,проспект Дзержинского,143.3,Березовая Роща,2028
developer,Заельцовский,21.0,25.0,6.1,49.6,24154020.0,4.0,Дачная ,114.8,Заельцовская,2025
real_estate_agent,Октябрьский,24.0,24.0,20.830000000000002,83.32000000000001,24000000.0,4.0,Ленинградская ,104.15,Октябрьская,2026
real_estate_agent,Октябрьский,18.0,25.0,28.166000000000004,112.66400000000002,24165900.0,4.0, Владимира Заровного,140.83,Речной вокзал,2024
developer,Заельцовский,4.0,11.0,34.8,73.35000000000001,24600000.0,4.0,Дачное шоссе,108.15,Красный Проспект,2025
real_estate_agent,Октябрьский,23.0,25.0,31.142000000000003,124.56800000000001,24584550.0,4.0, Владимира Заровного,155.71,Речной вокзал,2024
real_estate_agent,Железнодорожный,3.0,9.0,15.0,80.0,24700000.0,4.0,Депутатская ,123.0,Площадь Гарина-Михайловского,1997
real_estate_agent,Заельцовский,8.0,10.0,42.0,90.0,25000000.0,4.0,Холодильная ,140.0,Заельцовская,2009
real_estate_agent,Октябрьский,12.0,17.0,39.5,46.0,25000000.0,4.0,Военная ,121.7,Октябрьская,2007
real_estate_agent,Центральный,9.0,14.0,13.6,61.4,24900000.0,4.0,Трудовая ,101.7,Площадь Ленина,2007
official_representative,Октябрьский,22.0,25.0,10.0,60.0,25016000.0,4.0,Военная ,112.0,Октябрьская,2024
realtor,Железнодорожный,8.0,8.0,32.0,128.0,25000000.0,4.0, Вокзальная магистраль,160.0,Площадь Гарина-Михайловского,2002
realtor,Центральный,9.0,15.0,16.1,56.7,25000000.0,4.0, Максима Горького,96.1,Площадь Ленина,2012
real_estate_agent,Октябрьский,24.0,24.0,20.3,40.0,25200000.0,4.0, Шевченко,80.2,Октябрьская,2021
realtor,Центральный,3.0,18.0,16.0,84.0,25380000.0,4.0, Орджоникидзе,132.0,Площадь Ленина,2010
real_estate_agent,Калининский,7.0,20.0,8.1,86.9,25500000.0,4.0, Богдана Хмельницкого,127.7,Заельцовская,2011
realtor,Октябрьский,7.0,8.0,22.0,100.0,25500000.0,4.0,Большевистская ,152.6,Речной вокзал,2020
developer,Заельцовский,2.0,11.0,19.4,68.69999999999999,25431000.0,4.0,Дачное шоссе,88.1,Красный Проспект,2028
real_estate_agent,Октябрьский,15.0,30.0,13.0,89.0,25500000.0,4.0,Московская ,102.0,Октябрьская,2023
real_estate_agent,Железнодорожный,3.0,14.0,5.0,81.5,25900000.0,4.0,Красноярская ,98.3,Площадь Гарина-Михайловского,2022
real_estate_agent,Октябрьский,25.0,29.0,10.8,58.8,26000000.0,4.0,Московская ,102.0,Октябрьская,2023
real_estate_agent,Октябрьский,24.0,24.0,22.678,90.712,26150000.0,4.0,Ленинградская ,113.39,Октябрьская,2026
real_estate_agent,Октябрьский,24.0,24.0,22.874000000000002,91.49600000000001,26000000.0,4.0,Ленинградская ,114.37,Октябрьская,2026
developer,Заельцовский,21.0,25.0,6.8,48.5,26648985.0,4.0,Дачная ,128.5,Заельцовская,2025
real_estate_agent,Железнодорожный,6.0,24.0,20.0,85.0,27000000.0,4.0, Салтыкова-Щедрина,118.2,Площадь Гарина-Михайловского,2014
developer,Заельцовский,2.0,11.0,29.8,84.0,27013000.0,4.0,Дачное шоссе,113.8,Красный Проспект,2028
real_estate_agent,Центральный,2.0,15.0,10.0,87.8,27390000.0,4.0,Ядринцевская ,97.8,Площадь Ленина,2019
homeowner,Железнодорожный,15.0,23.0,25.0,60.0,27500000.0,4.0,Советская ,125.0,Красный Проспект,2019
real_estate_agent,Дзержинский,3.0,24.0,28.880000000000003,115.52000000000001,27600000.0,4.0,проспект Дзержинского,144.4,Березовая Роща,2028
developer,Заельцовский,21.0,25.0,8.2,49.7,27677560.0,4.0,Дачная ,135.0,Заельцовская,2025
realtor,Центральный,8.0,15.0,35.6,49.699999999999996,27900000.0,4.0,Ядринцевская ,85.3,Площадь Ленина,2018
real_estate_agent,Октябрьский,24.0,24.0,24.562,98.248,28250000.0,4.0,Ленинградская ,122.81,Октябрьская,2026
real_estate_agent,Октябрьский,15.0,15.0,32.5,130.0,28540000.0,4.0,Большевистская ,162.5,Речной вокзал,2026
real_estate_agent,Октябрьский,13.0,19.0,28.483999999999998,113.93599999999999,29546055.0,4.0,Садовая ,142.42,Октябрьская,2026
real_estate_agent,Ленинский,13.0,13.0,26.754000000000005,107.01600000000002,29730000.0,4.0,площадь Карла Маркса,133.77,Площадь Маркса,2026
real_estate_agent,Заельцовский,2.0,30.0,10.5,70.0,30000000.0,4.0,Красный проспект,108.0,Заельцовская,2023
real_estate_agent,Ленинский,10.0,10.0,40.0,130.0,30000000.0,4.0,Стартовая ,170.0,Студенческая,2011
real_estate_agent,Октябрьский,9.0,24.0,24.9,80.1,29990000.0,4.0, Кирова,105.0,Октябрьская,2019
real_estate_agent,Центральный,9.0,25.0,40.0,93.7,30000000.0,4.0, Семьи Шамшиных,145.7,Площадь Ленина,2015
homeowner,Заельцовский,4.0,8.0,20.0,104.2,30000000.0,4.0,Кедровая ,124.2,Заельцовская,2013
real_estate_agent,Заельцовский,4.0,6.0,20.0,65.4,31000000.0,4.0,Дачное шоссе,118.7,Заельцовская,2018
real_estate_agent,Заельцовский,6.0,6.0,15.0,68.5,32000000.0,4.0,Кедровая ,122.2,Заельцовская,2011
homeowner,Заельцовский,9.0,22.0,15.0,94.0,32000000.0,4.0,Кавалерийская ,146.0,Заельцовская,2016
homeowner,Центральный,29.0,30.0,24.0,51.2,32000000.0,4.0, Семьи Шамшиных,118.9,Маршала Покрышкина,2024
homeowner,Железнодорожный,10.0,28.0,25.0,78.0,32500000.0,4.0, Максима Горького,122.0,Площадь Ленина,2025
real_estate_agent,Заельцовский,12.0,25.0,18.8,94.2,33000000.0,4.0, Дуси Ковальчук,113.0,Заельцовская,2017
real_estate_agent,Центральный,6.0,17.0,12.0,90.0,33000000.0,4.0, Семьи Шамшиных,139.0,Маршала Покрышкина,2025
real_estate_agent,Железнодорожный,13.0,28.0,30.0,68.0,33000000.0,4.0, 1905 года,106.5,Красный Проспект,2016
real_estate_agent,Октябрьский,1.0,22.0,30.0,103.4,33000000.0,4.0,Большевистская ,133.4,Речной вокзал,2025
real_estate_agent,Октябрьский,22.0,22.0,20.0,174.9,34000000.0,4.0, Кирова,194.9,Октябрьская,2010
real_estate_agent,Советский,13.0,13.0,35.0,68.0,34100000.0,4.0,бульвар Молодежи,155.2,Студенческая,2018
developer,Заельцовский,23.0,23.0,21.52,86.08,34150000.0,4.0,Красный проспект,107.6,Заельцовская,2024
unknown,Железнодорожный,9.0,10.0,30.0,60.0,34490000.0,4.0,Коммунистическая ,90.0,Площадь Ленина,2020
real_estate_agent,Железнодорожный,11.0,16.0,62.6,10.0,35000000.0,4.0, Челюскинцев,129.0,Красный Проспект,2004
real_estate_agent,Железнодорожный,4.0,7.0,10.0,115.0,35000000.0,4.0, Щетинкина,151.0,Площадь Ленина,1997
real_estate_agent,Центральный,5.0,16.0,34.4,71.3,35500000.0,4.0, Чаплыгина,139.0,Площадь Ленина,2009
real_estate_agent,Заельцовский,5.0,8.0,9.0,74.0,36000000.0,4.0,Дачное шоссе,110.0,Заельцовская,2022
real_estate_agent,Центральный,16.0,18.0,5.0,127.0,38000000.0,4.0, Орджоникидзе,132.0,Площадь Ленина,2010
realtor,Советский,5.0,12.0,16.0,68.3,39000000.0,4.0,проспект Академика Коптюга,133.1,Студенческая,1994
real_estate_agent,Заельцовский,7.0,8.0,20.0,129.0,39900000.0,4.0, Победы,154.0,Заельцовская,2023
homeowner,Советский,5.0,14.0,15.0,79.0,40000000.0,4.0, Ильича,129.3,Студенческая,2003
real_estate_agent,Заельцовский,24.0,24.0,10.0,175.0,42000000.0,4.0, Дуси Ковальчук,185.0,Заельцовская,2028
real_estate_agent,Железнодорожный,2.0,4.0,20.0,96.0,44920000.0,4.0, 1905 года,292.7,Площадь Гарина-Михайловского,2003
real_estate_agent,Октябрьский,8.0,11.0,58.74,234.96,49540000.0,4.0,Зыряновская ,293.7,Речной вокзал,2025
real_estate_agent,Заельцовский,6.0,13.0,16.0,108.0,55000000.0,4.0, Тимирязева,124.0,Заельцовская,2020
homeowner,Октябрьский,11.0,11.0,20.0,140.0,59000000.0,4.0, Добролюбова,160.0,Речной вокзал,2022
real_estate_agent,Советский,4.0,10.0,17.1,104.9,80000000.0,4.0,Золотодолинская ,189.0,Студенческая,2003
real_estate_agent,Центральный,13.0,17.0,13.8,74.5,79990000.0,4.0, Романова,116.6,Площадь Ленина,2004
realtor,Кировский,4.0,5.0,5.9,44.6,5600000.0,4.0, Сибиряков-Гвардейцев,61.8,Площадь Маркса,1970
homeowner,Ленинский,3.0,9.0,6.9,51.0,6900000.0,4.0,Тульская ,74.2,Площадь Маркса,1969
homeowner,Октябрьский,3.0,9.0,6.8,51.2,7700000.0,4.0,Выборная ,70.3,Речной вокзал,1980
homeowner,Железнодорожный,2.0,5.0,5.3,45.3,7700000.0,4.0, Челюскинцев,61.5,Площадь Гарина-Михайловского,1967
homeowner,Центральный,6.0,7.0,5.6,53.1,9100000.0,4.0,Красный проспект,71.2,Площадь Ленина,1933
developer,Октябрьский,3.0,8.0,14.600000000000001,58.400000000000006,11365000.0,4.0,Выборная ,73.0,Речной вокзал,2027
homeowner,Заельцовский,5.0,5.0,22.6,54.2,12200000.0,4.0,Красный проспект,84.1,Заельцовская,1955
developer,Заельцовский,3.0,24.0,13.280000000000001,53.120000000000005,13060000.0,4.0,Сухарная ,66.4,Площадь Гарина-Михайловского,2028
realtor,Калининский,8.0,21.0,12.0,52.0,24500000.0,4.0, Богдана Хмельницкого,110.7,Заельцовская,2022
homeowner,Железнодорожный,13.0,28.0,30.0,68.0,33000000.0,4.0, 1905 года,106.5,Красный Проспект,2016
real_estate_agent,Кировский,4.0,9.0,8.5,48.8,6600000.0,4.0, Оловозаводская,76.8,Площадь Маркса,1983
real_estate_agent,Железнодорожный,6.0,7.0,20.0,120.0,43000000.0,3.0,Октябрьская ,140.0,Площадь Ленина,2014
real_estate_agent,Железнодорожный,7.0,7.0,31.3,138.7,69950000.0,5.0, Урицкого,170.0,Площадь Ленина,2017
developer,Октябрьский,23.0,23.0,22.240000000000002,88.96000000000001,20238400.0,5.0,Закаменский мкр,111.2,Золотая Нива,2028
real_estate_agent,Заельцовский,2.0,2.0,20.0,110.0,44000000.0,5.0,Дачное шоссе,176.0,Заельцовская,2022
unknown,Железнодорожный,10.0,10.0,38.0,62.0,14890000.0,5.0, Революции,100.0,Площадь Ленина,1994
developer,Заельцовский,13.0,20.0,4.4,88.1,35500000.0,5.0,Красный проспект,166.7,Заельцовская,2026
real_estate_agent,Ленинский,5.0,6.0,34.8,55.0,17700000.0,5.0,Вертковская ,162.1,Площадь Маркса,2015
real_estate_agent,Октябрьский,26.0,26.0,17.0,134.0,32500000.0,5.0, Шевченко,300.0,Октябрьская,2017
developer,Октябрьский,23.0,24.0,50.0,100.0,155000000.0,5.0, Сакко и Ванцетти,479.0,Речной вокзал,2024
real_estate_agent,Заельцовский,6.0,10.0,12.5,113.2,18000000.0,5.0,Красный проспект,125.7,Гагаринская,2002
real_estate_agent,Центральный,2.0,5.0,29.0,286.0,125000000.0,5.0,Красный проспект,442.0,Красный Проспект,2007
developer,Заельцовский,8.0,8.0,10.1,268.53,100000000.0,5.0,Кедровая ,278.63,Сибирская,2023
real_estate_agent,Октябрьский,1.0,3.0,16.5,150.0,36000000.0,5.0, Шевченко,280.0,Октябрьская,2020
real_estate_agent,Советский,10.0,11.0,17.1,88.6,13350000.0,5.0, Сиреневая,158.6,Студенческая,2006
developer,Кировский,8.0,8.0,56.400000000000006,90.0,24010000.0,5.0, Немировича-Данченко,146.4,Студенческая,2025
realtor,Заельцовский,3.0,7.0,30.0,150.0,32500000.0,5.0,Красный проспект,408.8,Заельцовская,2005
real_estate_agent,Октябрьский,4.0,4.0,10.0,72.0,1100000.0,1.0, Стофато,82.0,Золотая Нива,2020
developer,Заельцовский,25.0,25.0,4.9,71.4,32902660.0,5.0,Дачная ,138.0,Заельцовская,2025
real_estate_agent,Заельцовский,14.0,14.0,20.0,180.0,70000000.0,5.0, Тимирязева,200.0,Заельцовская,2017
real_estate_agent,Заельцовский,5.0,6.0,25.0,169.2,38200000.0,5.0,Красный проспект,288.8,Заельцовская,2009
developer,Заельцовский,4.0,11.0,39.4,114.75999999999999,35200000.0,5.0,Дачное шоссе,154.16,Заельцовская,2025
real_estate_agent,Дзержинский,4.0,9.0,7.0,63.4,8090000.0,5.0, Толбухина,91.5,Золотая Нива,1982
homeowner,Дзержинский,25.0,25.0,12.0,62.0,14999999.0,5.0,Закаменский мкр,101.0,Березовая Роща,2020
developer,Заельцовский,25.0,25.0,2.8,76.9,50499700.0,5.0,Дачная ,227.2,Заельцовская,2025
realtor,Ленинский,7.0,16.0,20.0,90.0,19300000.0,5.0,63/1,145.9,Студенческая,2006
real_estate_agent,Железнодорожный,3.0,5.0,14.7,107.6,20200000.0,5.0, Щетинкина,148.6,Площадь Ленина,1966
developer,Железнодорожный,10.0,25.0,6.5,61.8,22003000.0,5.0,Железнодорожная ,92.1,Гагаринская,2028
real_estate_agent,Октябрьский,4.0,4.0,5.0,75.0,1190000.0,1.0, Стофато,80.0,Золотая Нива,2020
real_estate_agent,Октябрьский,4.0,4.0,30.0,420.0,61000000.0,5.0, Шевченко,519.2,Октябрьская,2020
developer,Заельцовский,8.0,8.0,25.3,233.21999999999997,96600000.0,5.0,Кедровая ,258.52,Сибирская,2023
real_estate_agent,Советский,2.0,3.0,9.0,100.0,27500000.0,5.0, Ивлева,331.5,Студенческая,1994
real_estate_agent,Центральный,7.0,7.0,16.0,107.0,29990000.0,5.0,Ядринцевская ,161.3,Площадь Ленина,2014
real_estate_agent,Октябрьский,23.0,24.0,95.80000000000001,383.20000000000005,155000000.0,5.0, Сакко и Ванцетти,479.0,Речной вокзал,2024
real_estate_agent,Ленинский,14.0,16.0,30.0,198.0,25500000.0,5.0, Дружбы,316.0,Площадь Маркса,2003
real_estate_agent,Советский,4.0,4.0,35.0,176.0,81500000.0,5.0,Золотодолинская ,267.9,Студенческая,2004
developer,Калининский,1.0,18.0,15.5,73.0,20150000.0,5.0,Игарская ,170.94,Заельцовская,2026
real_estate_agent,Центральный,3.0,12.0,17.0,106.0,17000000.0,5.0, Мичурина,157.0,Сибирская,1995
real_estate_agent,Заельцовский,24.0,24.0,25.956000000000003,103.82400000000001,24880000.0,5.0,Красный проспект,129.78,Заельцовская,2027
real_estate_agent,Железнодорожный,7.0,7.0,31.3,138.7,69950000.0,5.0, Урицкого,170.0,Площадь Ленина,2017
real_estate_agent,Ленинский,5.0,6.0,12.9,75.6,14700000.0,5.0, Римского-Корсакова,125.1,Площадь Маркса,2006
developer,Советский,24.0,24.0,44.400000000000006,77.8,30611100.0,5.0, Мусы Джалиля,122.2,Студенческая,2026
real_estate_agent,Железнодорожный,3.0,9.0,13.8,72.3,16000000.0,5.0, Ленина,121.1,Площадь Гарина-Михайловского,2005
real_estate_agent,Железнодорожный,2.0,5.0,23.0,111.0,30500000.0,5.0, Щетинкина,168.0,Площадь Ленина,1997
developer,Заельцовский,8.0,8.0,25.7,230.05,91700000.0,5.0,Кедровая ,255.75,Сибирская,2023
real_estate_agent,Советский,10.0,10.0,9.0,72.0,13850000.0,5.0, Российская,103.4,Студенческая,1993
real_estate_agent,Центральный,7.0,8.0,24.0,200.4,45000000.0,5.0, Максима Горького,299.0,Площадь Ленина,2002
real_estate_agent,Заельцовский,24.0,24.0,26.174000000000003,104.69600000000001,25090000.0,5.0,Красный проспект,130.87,Заельцовская,2027
real_estate_agent,Заельцовский,14.0,14.0,10.0,90.0,33000000.0,5.0, Галущака,153.0,Гагаринская,2022
real_estate_agent,Советский,1.0,9.0,13.0,142.1,45000000.0,5.0,Золотодолинская ,155.1,Студенческая,1994
developer,Ленинский,26.0,31.0,5.4,60.3,11436400.0,5.0, Титова,85.82,Площадь Маркса,2027
real_estate_agent,Железнодорожный,10.0,16.0,25.0,120.0,34999995.0,5.0,Сибирская ,189.0,Красный Проспект,2008
real_estate_agent,Октябрьский,17.0,17.0,53.0,73.0,17990000.0,5.0,Военная ,173.0,Октябрьская,2007
real_estate_agent,Заельцовский,24.0,24.0,26.174000000000003,104.69600000000001,25090000.0,5.0,Красный проспект,130.87,Заельцовская,2027
real_estate_agent,Октябрьский,2.0,3.0,28.0,120.0,16500000.0,5.0,1-я Родниковая ,174.0,Речной вокзал,2011
real_estate_agent,Центральный,6.0,7.0,50.0,180.0,60000000.0,5.0, Максима Горького,292.0,Площадь Ленина,2002
developer,Советский,11.0,16.0,19.1,49.3,20300000.0,5.0, Российская,102.38,Студенческая,2028
real_estate_agent,Октябрьский,3.0,7.0,7.0,58.0,12000000.0,5.0, В. Высоцкого,70.0,Золотая Нива,2008
real_estate_agent,Советский,8.0,10.0,7.0,71.8,7600000.0,5.0, Лесосечная,89.4,Речной вокзал,1994
real_estate_agent,Центральный,2.0,15.0,60.0,90.0,60000000.0,5.0,Октябрьская ,182.7,Октябрьская,2007
real_estate_agent,Заельцовский,24.0,24.0,25.956000000000003,103.82400000000001,24880000.0,5.0,Красный проспект,129.78,Заельцовская,2027
real_estate_agent,Советский,24.0,24.0,24.44,97.76,36721100.0,5.0, Мусы Джалиля,122.2,Студенческая,2026
real_estate_agent,Железнодорожный,8.0,10.0,19.1,81.5,22000000.0,5.0, Вокзальная магистраль,138.0,Площадь Гарина-Михайловского,1993
real_estate_agent,Октябрьский,17.0,19.0,45.53,182.12,52557600.0,5.0,Садовая ,227.65,Октябрьская,2026
real_estate_agent,Центральный,9.0,17.0,53.0,125.19999999999999,65000000.0,5.0, Романова,178.2,Площадь Ленина,2006
real_estate_agent,Заельцовский,15.0,16.0,35.0,155.0,34850000.0,5.0, Дуси Ковальчук,190.0,Заельцовская,2010
real_estate_agent,Заельцовский,9.0,18.0,25.8,103.2,41000000.0,5.0,Плановая ,129.0,Заельцовская,2022
real_estate_agent,Заельцовский,5.0,10.0,16.0,125.0,58000000.0,5.0,Красный проспект,171.0,Гагаринская,2002
realtor,Кировский,1.0,10.0,12.0,52.6,12500000.0,5.0, Сибиряков-Гвардейцев,125.2,Площадь Маркса,2009
real_estate_agent,Ленинский,10.0,11.0,10.0,128.5,15500000.0,5.0, Танкистов,143.5,Студенческая,1998
real_estate_agent,Калининский,13.0,13.0,33.0,98.0,15800000.0,5.0,Красный проспект,136.0,Заельцовская,2021
real_estate_agent,Заельцовский,4.0,18.0,15.0,107.5,16000000.0,5.0, Дуси Ковальчук,122.5,Заельцовская,2011
homeowner,Центральный,1.0,6.0,13.0,85.0,16000000.0,5.0,Серебренниковская ,150.0,Октябрьская,1932
real_estate_agent,Дзержинский,6.0,13.0,15.0,80.0,16400000.0,5.0, Фрунзе,106.0,Березовая Роща,1994
homeowner,Железнодорожный,10.0,14.0,13.2,68.7,16200000.0,5.0, 1905 года,98.8,Красный Проспект,1997
real_estate_agent,Железнодорожный,2.0,5.0,25.0,88.0,17499000.0,5.0, Ленина,120.0,Площадь Ленина,2002
homeowner,Железнодорожный,5.0,7.0,80.7,72.5,35000000.0,5.0,Октябрьская ,182.2,Площадь Ленина,2001
real_estate_agent,Ленинский,1.0,16.0,5.700000000000003,118.0,14500000.0,5.0,63/1,123.7,Студенческая,2006
real_estate_agent,Ленинский,5.0,9.0,7.6,61.4,8930000.0,5.0, Забалуева,99.5,Площадь Маркса,1986
real_estate_agent,Октябрьский,5.0,6.0,48.7,134.0,25000000.0,5.0, Кирова,273.6,Октябрьская,2007
realtor,Заельцовский,1.0,3.0,63.0,113.0,45000000.0,5.0,Кедровая ,227.0,Заельцовская,2022
real_estate_agent,Заельцовский,1.0,2.0,42.0,101.0,17500000.0,5.0, Бестужева,230.0,Заельцовская,2019
real_estate_agent,Дзержинский,5.0,9.0,7.0,70.1,10100000.0,5.0, Есенина,87.1,Золотая Нива,2019
real_estate_agent,Кировский,7.0,11.0,19.0,103.4,19000000.0,5.0, Сибиряков-Гвардейцев,183.6,Площадь Маркса,1998
real_estate_agent,Заельцовский,5.0,6.0,10.4,68.2,15100000.0,5.0,Красный проспект,120.9,Заельцовская,1999
homeowner,Ленинский,10.0,10.0,40.0,120.0,30000000.0,5.0,Стартовая ,170.0,Студенческая,2011
real_estate_agent,Центральный,7.0,9.0,15.0,83.0,19499000.0,4.0, Крылова,138.0,Красный Проспект,2004
realtor,Центральный,4.0,11.0,18.0,70.0,15499000.0,3.0, Державина,103.0,Красный Проспект,1701
real_estate_agent,Центральный,10.0,10.0,22.0,65.4,14500000.0,3.0, Мичурина,122.8,Гагаринская,2005
real_estate_agent,Ленинский,2.0,11.0,12.3,64.0,11970000.0,4.0, Танкистов,104.0,Студенческая,1998
real_estate_agent,Октябрьский,11.0,24.0,25.0,78.6,21600000.0,3.0, Шевченко,103.6,Октябрьская,2015
real_estate_agent,Центральный,4.0,7.0,11.0,94.0,11990000.0,4.0,Серебренниковская ,115.0,Площадь Ленина,1934
real_estate_agent,Октябрьский,26.0,29.0,36.0,87.0,32000000.0,4.0,Московская ,128.72,Октябрьская,2023
real_estate_agent,Ленинский,2.0,16.0,15.0,80.0,14500000.0,4.0,63/1,134.3,Студенческая,2004
real_estate_agent,Дзержинский,4.0,9.0,7.0,84.5,7999999.0,5.0, Толбухина,91.5,Золотая Нива,1982
real_estate_agent,Дзержинский,5.0,9.0,7.1,65.3,9200000.0,5.0, Адриена Лежена,89.2,Золотая Нива,1980
real_estate_agent,Советский,8.0,9.0,7.0,89.0,13200000.0,5.0, Демакова,101.0,Студенческая,1986
real_estate_agent,Октябрьский,6.0,7.0,28.5,87.0,14000000.0,5.0,Выборная ,230.0,Речной вокзал,1996
real_estate_agent,Октябрьский,15.0,24.0,15.0,90.0,31900000.0,5.0, Шевченко,147.0,Октябрьская,2015
real_estate_agent,Октябрьский,15.0,28.0,18.0,80.0,31900000.0,5.0, Шевченко,147.0,Октябрьская,2015
