accommodation_type;author;author_type;deal_type;district;floor;floors_count;house_number;location;price;residential_complex;rooms_count;street;total_meters;underground;url
flat;Талан;developer;sale;Калининский;5;11;148;Новосибирск;3919950;Природные кварталы Сибирия;1; Богдана Хмельницкого;26.8;Заельцовская;https://novosibirsk.cian.ru/sale/flat/326117121/?mlSearchSessionGuid=e0f94a0489a6b836ae41be0818b8e690
flat;ID 95023783;unknown;sale;Кировский;12;24;143/2;Новосибирск;6700000;;1; Немировича-Данченко;25.2;Студенческая;https://novosibirsk.cian.ru/sale/flat/320900037/?mlSearchSessionGuid=e0f94a0489a6b836ae41be0818b8e690
flat;ИП Павлова И. В.;real_estate_agent;sale;Заельцовский;17;24;109;Новосибирск;7500000;Бирюзовая Жемчужина;1;Сухарная ;36.9;Площадь Гарина-Михайловского;https://novosibirsk.cian.ru/sale/flat/322508382/?mlSearchSessionGuid=e0f94a0489a6b836ae41be0818b8e690
flat;БЭЛ Девелопмент;developer;sale;Центральный;7;14;54;Новосибирск;25000000;Комплекс клубных резиденций Маяковский;1; Чаплыгина;45.0;Площадь Ленина;https://novosibirsk.cian.ru/sale/flat/317873576/?mlSearchSessionGuid=e0f94a0489a6b836ae41be0818b8e690
flat;ИП Павлова И. В.;real_estate_agent;sale;Калининский;7;18;1;Новосибирск;10000000;Калининский-3;1;Армавирская ;47.5;Березовая Роща;https://novosibirsk.cian.ru/sale/flat/316473661/?mlSearchSessionGuid=e0f94a0489a6b836ae41be0818b8e690
flat;Этажи;real_estate_agent;sale;Октябрьский;6;10;144/2;Новосибирск;3200000;Плющихинский;1; В. Высоцкого;48.9;Золотая Нива;https://novosibirsk.cian.ru/sale/flat/320450320/?mlSearchSessionGuid=e0f94a0489a6b836ae41be0818b8e690
flat;ВОЛНА development;developer;sale;Заельцовский;8;30;101/1;Новосибирск;6750000;Апарт-отель GAGARIN CITY;1;Красный проспект;23.69;Заельцовская;https://novosibirsk.cian.ru/sale/flat/306495406/?mlSearchSessionGuid=e0f94a0489a6b836ae41be0818b8e690
flat;METRAGE;real_estate_agent;sale;Октябрьский;8;9;116;Новосибирск;4200000;;1;Выборная ;30.0;Речной вокзал;https://novosibirsk.cian.ru/sale/flat/325614055/?mlSearchSessionGuid=e0f94a0489a6b836ae41be0818b8e690
flat;ID 19474838;homeowner;sale;Советский;2;6;160;Новосибирск;3500000;;1; Ивлева;43.2;Студенческая;https://novosibirsk.cian.ru/sale/flat/326988682/?mlSearchSessionGuid=e0f94a0489a6b836ae41be0818b8e690
flat;Брусника;developer;sale;Заельцовский;5;12;1/4;Новосибирск;6930000;Лебедевский;1;Лебедевский кв-л;39.3;Заельцовская;https://novosibirsk.cian.ru/sale/flat/327004854/?mlSearchSessionGuid=e0f94a0489a6b836ae41be0818b8e690
flat;Родники;real_estate_agent;sale;Калининский;4;18;19/1;Новосибирск;4750000;Мкрн. Родники;1; Краузе;35.0;Заельцовская;https://novosibirsk.cian.ru/sale/flat/326910250/?mlSearchSessionGuid=e0f94a0489a6b836ae41be0818b8e690
flat;Этажи;real_estate_agent;sale;Октябрьский;3;9;117;Новосибирск;3700000;;1;Выборная ;27.8;Речной вокзал;https://novosibirsk.cian.ru/sale/flat/326014045/?mlSearchSessionGuid=e0f94a0489a6b836ae41be0818b8e690
flat;Новый Мир;developer;sale;Заельцовский;13;15;220;Новосибирск;10500000;Нобель;1;Красный проспект;40.9;Заельцовская;https://novosibirsk.cian.ru/sale/flat/324818118/?mlSearchSessionGuid=e0f94a0489a6b836ae41be0818b8e690
flat;Эксперт Дом;real_estate_agent;sale;Октябрьский;5;10;9;Новосибирск;4800000;Плющихинский;1; Плющихинская;48.5;Золотая Нива;https://novosibirsk.cian.ru/sale/flat/324796317/?mlSearchSessionGuid=e0f94a0489a6b836ae41be0818b8e690
flat;Юнион Трейд;real_estate_agent;sale;Октябрьский;1;10;41;Новосибирск;3900000;Плющихинский;1; Татьяны Снежиной;42.3;Золотая Нива;https://novosibirsk.cian.ru/sale/flat/326063178/?mlSearchSessionGuid=e0f94a0489a6b836ae41be0818b8e690
flat;Брусника;developer;sale;Дзержинский;8;14;;Новосибирск;8970000;Город-на-озере ЖК;1;;43.23;Березовая Роща;https://novosibirsk.cian.ru/sale/flat/325276335/?mlSearchSessionGuid=e0f94a0489a6b836ae41be0818b8e690
flat;Города Новосибирск;real_estate_agent;sale;Центральный;5;5;47;Новосибирск;4900000;;1; Крылова;29.0;Маршала Покрышкина;https://novosibirsk.cian.ru/sale/flat/325854319/?mlSearchSessionGuid=e0f94a0489a6b836ae41be0818b8e690
flat;Города Новосибирск;real_estate_agent;sale;Октябрьский;9;13;75;Новосибирск;3960000;NOVA-апарт;1;Автогенная ;28.0;Речной вокзал;https://novosibirsk.cian.ru/sale/flat/321540591/?mlSearchSessionGuid=e0f94a0489a6b836ae41be0818b8e690
flat;Астон;developer;sale;Кировский;8;26;6;Новосибирск;7210000;Астон. Шесть звёзд;1; Аникина;48.24;Студенческая;https://novosibirsk.cian.ru/sale/flat/326513937/?mlSearchSessionGuid=e0f94a0489a6b836ae41be0818b8e690
flat;Города Новосибирск;real_estate_agent;sale;Октябрьский;16;24;14;Новосибирск;4990000;Freedom;1;Большевистская ;21.01;Речной вокзал;https://novosibirsk.cian.ru/sale/flat/326344669/?mlSearchSessionGuid=e0f94a0489a6b836ae41be0818b8e690
flat;METRAGE;real_estate_agent;sale;Калининский;9;9;2;Новосибирск;4100000;;1; Столетова;38.4;Заельцовская;https://novosibirsk.cian.ru/sale/flat/326732425/?mlSearchSessionGuid=e0f94a0489a6b836ae41be0818b8e690
flat;VIRA;developer;sale;Кировский;2;24;;Новосибирск;5150000;Сподвижники ЖК;1;;33.9;Студенческая;https://novosibirsk.cian.ru/sale/flat/326182992/?mlSearchSessionGuid=e0f94a0489a6b836ae41be0818b8e690
flat;Этажи;real_estate_agent;sale;Кировский;12;25;9;Новосибирск;4999000;Черемушки на Бугринке;1; Сержанта Коротаева;37.7;Студенческая;https://novosibirsk.cian.ru/sale/flat/326227868/?mlSearchSessionGuid=e0f94a0489a6b836ae41be0818b8e690
flat;Владис Центральное;real_estate_agent;sale;Ленинский;2;10;3/1;Новосибирск;4250000;;1;Троллейная ;37.5;Площадь Маркса;https://novosibirsk.cian.ru/sale/flat/326540043/?mlSearchSessionGuid=e0f94a0489a6b836ae41be0818b8e690
flat;Сибирские Жилые Кварталы;developer;sale;Заельцовский;1;11;;Новосибирск;17444000;Флора и Фауна ЖК;1;;51.2;Красный Проспект;https://novosibirsk.cian.ru/sale/flat/317441098/?mlSearchSessionGuid=e0f94a0489a6b836ae41be0818b8e690
flat;Этажи;real_estate_agent;sale;Ленинский;8;9;18;Новосибирск;5100000;;1; Романтиков;48.8;Площадь Маркса;https://novosibirsk.cian.ru/sale/flat/321215870/?mlSearchSessionGuid=e0f94a0489a6b836ae41be0818b8e690
flat;2ПН;real_estate_agent;sale;Октябрьский;10;10;2;Новосибирск;4400000;Плющихинский;1; Плющихинская;48.2;Золотая Нива;https://novosibirsk.cian.ru/sale/flat/323064318/?mlSearchSessionGuid=e0f94a0489a6b836ae41be0818b8e690
flat;Сибирь Девелопмент;developer;sale;Заельцовский;19;23;248/1;Новосибирск;10680120;Заельцовский NEW;1; Дуси Ковальчук;58.7;Заельцовская;https://novosibirsk.cian.ru/sale/flat/323228300/?mlSearchSessionGuid=e0f94a0489a6b836ae41be0818b8e690
flat;Брусника Обмен;real_estate_agent;sale;Октябрьский;3;10;62;Новосибирск;4700000;Плющихинский;1; В. Высоцкого;53.6;Золотая Нива;https://novosibirsk.cian.ru/sale/flat/324265850/?mlSearchSessionGuid=e0f94a0489a6b836ae41be0818b8e690
flat;Брусника;developer;sale;Заельцовский;1;14;90;Новосибирск;12000000;Авиатор;1; Аэропорт;73.09;Заельцовская;https://novosibirsk.cian.ru/sale/flat/310160752/?mlSearchSessionGuid=e0f94a0489a6b836ae41be0818b8e690
flat;ID 139309256;homeowner;sale;Ленинский;2;5;8;Новосибирск;4400000;;1;проспект Карла Маркса;31.5;Площадь Маркса;https://novosibirsk.cian.ru/sale/flat/327017792/?mlSearchSessionGuid=e0f94a0489a6b836ae41be0818b8e690
flat;SG DEVELOPMENT;developer;sale;Кировский;2;23;145/5;Новосибирск;5020000;Кварталы Немировича;1; Немировича-Данченко;28.4;Студенческая;https://novosibirsk.cian.ru/sale/flat/326423994/?mlSearchSessionGuid=e0f94a0489a6b836ae41be0818b8e690
flat;ID 89490148;homeowner;sale;Октябрьский;7;10;171/7;Новосибирск;2800000;Плющихинский;1; В. Высоцкого;48.0;Золотая Нива;https://novosibirsk.cian.ru/sale/flat/323082793/?mlSearchSessionGuid=e0f94a0489a6b836ae41be0818b8e690
flat;Брусника;developer;sale;Центральный;29;30;;Новосибирск;14590000;Мылзавод ЖК;1;;82.89;Сибирская;https://novosibirsk.cian.ru/sale/flat/326489800/?mlSearchSessionGuid=e0f94a0489a6b836ae41be0818b8e690
flat;Города Новосибирск;real_estate_agent;sale;Заельцовский;15;25;42/1;Новосибирск;9000000;Дом на Дачной;1;Дачная ;46.0;Заельцовская;https://novosibirsk.cian.ru/sale/flat/315037638/?mlSearchSessionGuid=e0f94a0489a6b836ae41be0818b8e690
flat;Созвездие Весов;real_estate_agent;sale;Советский;7;9;5;Новосибирск;1600000;;1; Русская;10.4;;https://novosibirsk.cian.ru/sale/flat/326975951/?mlSearchSessionGuid=e0f94a0489a6b836ae41be0818b8e690
flat;Сибирь Девелопмент;developer;sale;Заельцовский;15;25;2;Новосибирск;9357200;Тайм Сквер;1;Дачная ;40.7;Заельцовская;https://novosibirsk.cian.ru/sale/flat/323226619/?mlSearchSessionGuid=e0f94a0489a6b836ae41be0818b8e690
flat;Новый Мир;developer;sale;Железнодорожный;23;24;6/1;Новосибирск;10590000;Беринг;1; Прибрежная;42.15;Площадь Гарина-Михайловского;https://novosibirsk.cian.ru/sale/flat/324817892/?mlSearchSessionGuid=e0f94a0489a6b836ae41be0818b8e690
flat;Калининское;real_estate_agent;sale;Калининский;7;13;908;Новосибирск;5200000;Династия. Квартал поколений;1; Декоративный Питомник;36.7;Заельцовская;https://novosibirsk.cian.ru/sale/flat/324345691/?mlSearchSessionGuid=e0f94a0489a6b836ae41be0818b8e690
flat;МакроМир;real_estate_agent;sale;Дзержинский;3;9;33;Новосибирск;3165999;;1;Гусинобродское шоссе;36.8;Золотая Нива;https://novosibirsk.cian.ru/sale/flat/326354933/?mlSearchSessionGuid=e0f94a0489a6b836ae41be0818b8e690
flat;Два Ключа Девелопмент;real_estate_agent;sale;Советский;7;10;;Новосибирск;4350600;Роза ветров;1;;24.17;Речной вокзал;https://novosibirsk.cian.ru/sale/flat/324151963/?mlSearchSessionGuid=e0f94a0489a6b836ae41be0818b8e690
flat;ID 95087260;realtor;sale;Дзержинский;13;16;29;Новосибирск;6640000;;1; Адриена Лежена;37.0;Золотая Нива;https://novosibirsk.cian.ru/sale/flat/325650787/?mlSearchSessionGuid=e0f94a0489a6b836ae41be0818b8e690
flat;Города Новосибирск;real_estate_agent;sale;Калининский;2;6;36;Новосибирск;3100000;;1;Народная ;28.4;Заельцовская;https://novosibirsk.cian.ru/sale/flat/326761149/?mlSearchSessionGuid=e0f94a0489a6b836ae41be0818b8e690
flat;VIRA;developer;sale;Заельцовский;17;23;1;Новосибирск;7700000;LUNA;1; Ляпидевского;42.7;Заельцовская;https://novosibirsk.cian.ru/sale/flat/325392922/?mlSearchSessionGuid=e0f94a0489a6b836ae41be0818b8e690
flat;СМСС;developer;sale;Заельцовский;2;25;52/2;Новосибирск;5900000;Чкалов;1;Светлановская ;37.1;Заельцовская;https://novosibirsk.cian.ru/sale/flat/325989132/?mlSearchSessionGuid=e0f94a0489a6b836ae41be0818b8e690
flat;Страна Девелопмент;developer;sale;Октябрьский;2;9;с23;Новосибирск;10647059;Страна.Тополёвая;1;Тополевая ;45.98;Березовая Роща;https://novosibirsk.cian.ru/sale/flat/325663938/?mlSearchSessionGuid=e0f94a0489a6b836ae41be0818b8e690
flat;СТАН;real_estate_agent;sale;Ленинский;2;2;3;Новосибирск;2300000;;1;переулок 3-й Забалуева;30.5;Площадь Маркса;https://novosibirsk.cian.ru/sale/flat/322342371/?mlSearchSessionGuid=e0f94a0489a6b836ae41be0818b8e690
flat;Сибирь Девелопмент;developer;sale;Калининский;1;9;3;Новосибирск;5102550;Цивилизация;1; Василия Клевцова;34.2;Заельцовская;https://novosibirsk.cian.ru/sale/flat/326472650/?mlSearchSessionGuid=e0f94a0489a6b836ae41be0818b8e690
flat;Города Новосибирск;real_estate_agent;sale;Октябрьский;1;25;11;Новосибирск;6990000;Закаменский-11;1;Закаменский мкр;48.7;Золотая Нива;https://novosibirsk.cian.ru/sale/flat/325901110/?mlSearchSessionGuid=e0f94a0489a6b836ae41be0818b8e690
flat;Этажи;real_estate_agent;sale;Калининский;1;2;33А;Новосибирск;2400000;;1; Чекалина;31.2;Заельцовская;https://novosibirsk.cian.ru/sale/flat/322342748/?mlSearchSessionGuid=e0f94a0489a6b836ae41be0818b8e690
flat;Этажи;real_estate_agent;sale;Кировский;2;3;3/1;Новосибирск;2900000;;1;Воскресная ;31.2;Площадь Маркса;https://novosibirsk.cian.ru/sale/flat/324526568/?mlSearchSessionGuid=e0f94a0489a6b836ae41be0818b8e690
flat;METRAGE;real_estate_agent;sale;Ленинский;3;17;9;Новосибирск;2900000;Лето;1; Ивана Севастьянова;25.0;Площадь Маркса;https://novosibirsk.cian.ru/sale/flat/323885202/?mlSearchSessionGuid=e0f94a0489a6b836ae41be0818b8e690
flat;TS Group;real_estate_agent;sale;Заельцовский;19;24;;Новосибирск;7610000;Невский ЖК;1;;39.69;Заельцовская;https://novosibirsk.cian.ru/sale/flat/321544331/?mlSearchSessionGuid=e0f94a0489a6b836ae41be0818b8e690
flat;Этажи;real_estate_agent;sale;;4;5;69;Новосибирск;2980000;;1; Лейтенанта Амосова;30.0;Заельцовская;https://novosibirsk.cian.ru/sale/flat/321965471/?mlSearchSessionGuid=e0f94a0489a6b836ae41be0818b8e690
flat;Этажи;real_estate_agent;sale;Кировский;1;9;267;Новосибирск;3000000;;1; Зорге;33.0;Площадь Маркса;https://novosibirsk.cian.ru/sale/flat/325971491/?mlSearchSessionGuid=e0f94a0489a6b836ae41be0818b8e690
flat;Этажи;real_estate_agent;sale;Заельцовский;1;5;117/1;Новосибирск;3085000;;1; Жуковского;22.1;Заельцовская;https://novosibirsk.cian.ru/sale/flat/321683864/?mlSearchSessionGuid=e0f94a0489a6b836ae41be0818b8e690
flat;Rialtor Group;real_estate_agent;sale;Ленинский;3;5;50/2;Новосибирск;3000000;;1;Станционная ;30.0;Площадь Маркса;https://novosibirsk.cian.ru/sale/flat/292170464/?mlSearchSessionGuid=e0f94a0489a6b836ae41be0818b8e690
flat;Сибирь Девелопмент;developer;sale;Заельцовский;20;23;248/1;Новосибирск;9022464;Заельцовский NEW;1; Дуси Ковальчук;40.7;Заельцовская;https://novosibirsk.cian.ru/sale/flat/323228316/?mlSearchSessionGuid=e0f94a0489a6b836ae41be0818b8e690
flat;Этажи;real_estate_agent;sale;Заельцовский;7;9;106;Новосибирск;3330000;;1;Кубовая ;28.5;Заельцовская;https://novosibirsk.cian.ru/sale/flat/321333757/?mlSearchSessionGuid=e0f94a0489a6b836ae41be0818b8e690
flat;Rialtor Group;real_estate_agent;sale;Ленинский;1;5;54;Новосибирск;3100000;;1;Степная ;28.3;Площадь Маркса;https://novosibirsk.cian.ru/sale/flat/321818354/?mlSearchSessionGuid=e0f94a0489a6b836ae41be0818b8e690
flat;Сибирь Девелопмент;developer;sale;Калининский;5;9;3;Новосибирск;6399231;Цивилизация;1; Василия Клевцова;43.7;Заельцовская;https://novosibirsk.cian.ru/sale/flat/323228359/?mlSearchSessionGuid=e0f94a0489a6b836ae41be0818b8e690
flat;Всем Квартиру;real_estate_agent;sale;Кировский;3;5;5;Новосибирск;3350000;;1; Палласа;29.0;Площадь Маркса;https://novosibirsk.cian.ru/sale/flat/322746463/?mlSearchSessionGuid=e0f94a0489a6b836ae41be0818b8e690
flat;SIBWILL;real_estate_agent;sale;Ленинский;2;9;26;Новосибирск;4280000;Дивногорский;1; Романтиков;36.88;Площадь Маркса;https://novosibirsk.cian.ru/sale/flat/322212992/?mlSearchSessionGuid=e0f94a0489a6b836ae41be0818b8e690
flat;Этажи;real_estate_agent;sale;Кировский;6;17;10;Новосибирск;3480000;Матрешкин двор;1; Дмитрия Шмонина;32.9;Студенческая;https://novosibirsk.cian.ru/sale/flat/324521643/?mlSearchSessionGuid=e0f94a0489a6b836ae41be0818b8e690
flat;Этажи;real_estate_agent;sale;Кировский;3;3;39/1;Новосибирск;3200000;На Рубежной;1;Рубежная ;39.5;Студенческая;https://novosibirsk.cian.ru/sale/flat/327019942/?mlSearchSessionGuid=e0f94a0489a6b836ae41be0818b8e690
flat;Астон;developer;sale;Кировский;21;26;6к11;Новосибирск;7470000;Астон. Шесть звёзд;1; Аникина;48.0;Студенческая;https://novosibirsk.cian.ru/sale/flat/324569450/?mlSearchSessionGuid=e0f94a0489a6b836ae41be0818b8e690
flat;Rialtor Group;real_estate_agent;sale;Кировский;1;10;2;Новосибирск;3470000;Матрешкин двор;1; Дмитрия Шмонина;48.1;Студенческая;https://novosibirsk.cian.ru/sale/flat/325653350/?mlSearchSessionGuid=e0f94a0489a6b836ae41be0818b8e690
flat;Этажи;real_estate_agent;sale;Дзержинский;1;2;38;Новосибирск;3200000;;1;Приисковая ;32.7;Золотая Нива;https://novosibirsk.cian.ru/sale/flat/325451032/?mlSearchSessionGuid=e0f94a0489a6b836ae41be0818b8e690
flat;Астон;developer;sale;Кировский;10;26;6;Новосибирск;7160000;Астон. Шесть звёзд;1; Аникина;46.48;Студенческая;https://novosibirsk.cian.ru/sale/flat/326112937/?mlSearchSessionGuid=e0f94a0489a6b836ae41be0818b8e690
flat;Этажи;real_estate_agent;sale;Ленинский;1;6;3/2;Новосибирск;3500000;;1;Хилокская ;39.4;Площадь Маркса;https://novosibirsk.cian.ru/sale/flat/326576422/?mlSearchSessionGuid=e0f94a0489a6b836ae41be0818b8e690
flat;Этажи;real_estate_agent;sale;Заельцовский;3;5;117/1;Новосибирск;3250000;;1; Жуковского;24.9;Заельцовская;https://novosibirsk.cian.ru/sale/flat/322132288/?mlSearchSessionGuid=e0f94a0489a6b836ae41be0818b8e690
flat;Этажи;real_estate_agent;sale;Октябрьский;11;18;29/2;Новосибирск;3580000;Плющихинский;1; Татьяны Снежиной;40.0;Золотая Нива;https://novosibirsk.cian.ru/sale/flat/323105072/?mlSearchSessionGuid=e0f94a0489a6b836ae41be0818b8e690
flat;Республика;real_estate_agent;sale;Кировский;4;9;124;Новосибирск;3300000;;1; Немировича-Данченко;24.6;Студенческая;https://novosibirsk.cian.ru/sale/flat/320650552/?mlSearchSessionGuid=e0f94a0489a6b836ae41be0818b8e690
flat;Талан;developer;sale;Калининский;10;11;148;Новосибирск;5064594;Природные кварталы Сибирия;1; Богдана Хмельницкого;37.7;Заельцовская;https://novosibirsk.cian.ru/sale/flat/326448463/?mlSearchSessionGuid=e0f94a0489a6b836ae41be0818b8e690
flat;Этажи;real_estate_agent;sale;Заельцовский;1;2;36/1;Новосибирск;3590000;;1; 2-я Шевцовой;31.2;Заельцовская;https://novosibirsk.cian.ru/sale/flat/323828487/?mlSearchSessionGuid=e0f94a0489a6b836ae41be0818b8e690
flat;Этажи;real_estate_agent;sale;Кировский;8;10;99;Новосибирск;3300000;Матрешкин двор;1; Петухова;33.0;Студенческая;https://novosibirsk.cian.ru/sale/flat/326779765/?mlSearchSessionGuid=e0f94a0489a6b836ae41be0818b8e690
flat;ВОЛНА development;developer;sale;Заельцовский;26;30;101/1;Новосибирск;9200000;Апарт-отель GAGARIN CITY;1;Красный проспект;28.98;Заельцовская;https://novosibirsk.cian.ru/sale/flat/325857099/?mlSearchSessionGuid=e0f94a0489a6b836ae41be0818b8e690
flat;Этажи;real_estate_agent;sale;Ленинский;7;9;20/3;Новосибирск;3600000;;1; Немировича-Данченко;34.0;Площадь Маркса;https://novosibirsk.cian.ru/sale/flat/326341921/?mlSearchSessionGuid=e0f94a0489a6b836ae41be0818b8e690
flat;Этажи;real_estate_agent;sale;Октябрьский;6;10;9;Новосибирск;3350000;Плющихинский;1; Плющихинская;42.0;Золотая Нива;https://novosibirsk.cian.ru/sale/flat/326307929/?mlSearchSessionGuid=e0f94a0489a6b836ae41be0818b8e690
flat;Брусника;developer;sale;Заельцовский;2;9;1/4;Новосибирск;5890000;Лебедевский;1;Лебедевский кв-л;36.4;Заельцовская;https://novosibirsk.cian.ru/sale/flat/322957846/?mlSearchSessionGuid=e0f94a0489a6b836ae41be0818b8e690
flat;Этажи;real_estate_agent;sale;Кировский;2;10;18/1;Новосибирск;3650000;Просторный;1; Виктора Шевелева;37.8;Студенческая;https://novosibirsk.cian.ru/sale/flat/321448172/?mlSearchSessionGuid=e0f94a0489a6b836ae41be0818b8e690
flat;Главное звено;real_estate_agent;sale;Дзержинский;5;5;81/1;Новосибирск;3430000;;1;проспект Дзержинского;30.4;Березовая Роща;https://novosibirsk.cian.ru/sale/flat/324012392/?mlSearchSessionGuid=e0f94a0489a6b836ae41be0818b8e690
flat;Сибирские Жилые Кварталы;developer;sale;Заельцовский;11;11;;Новосибирск;63971000;Флора и Фауна ЖК;1;;142.2;Красный Проспект;https://novosibirsk.cian.ru/sale/flat/317441318/?mlSearchSessionGuid=e0f94a0489a6b836ae41be0818b8e690
flat;Этажи;real_estate_agent;sale;Кировский;1;24;56;Новосибирск;3700000;Новые Матрёшки;1; Бородина;35.5;Площадь Маркса;https://novosibirsk.cian.ru/sale/flat/326261764/?mlSearchSessionGuid=e0f94a0489a6b836ae41be0818b8e690
flat;METRAGE;real_estate_agent;sale;Дзержинский;5;5;51/1;Новосибирск;3499000;;1; Есенина;32.4;Золотая Нива;https://novosibirsk.cian.ru/sale/flat/321763491/?mlSearchSessionGuid=e0f94a0489a6b836ae41be0818b8e690
flat;Брусника;developer;sale;Дзержинский;3;9;;Новосибирск;9180000;Город-на-озере ЖК;1;;37.71;Березовая Роща;https://novosibirsk.cian.ru/sale/flat/325308755/?mlSearchSessionGuid=e0f94a0489a6b836ae41be0818b8e690
flat;Этажи;real_estate_agent;sale;Ленинский;10;12;2;Новосибирск;3800000;Дивногорский;1; Надежды;40.0;Площадь Маркса;https://novosibirsk.cian.ru/sale/flat/325235125/?mlSearchSessionGuid=e0f94a0489a6b836ae41be0818b8e690
flat;Этажи;real_estate_agent;sale;Кировский;8;9;74;Новосибирск;3500000;;1; Петухова;33.0;Площадь Маркса;https://novosibirsk.cian.ru/sale/flat/326573646/?mlSearchSessionGuid=e0f94a0489a6b836ae41be0818b8e690
flat;ВОЛНА development;developer;sale;Заельцовский;23;30;101/1;Новосибирск;8650000;Апарт-отель GAGARIN CITY;1;Красный проспект;23.33;Заельцовская;https://novosibirsk.cian.ru/sale/flat/314820380/?mlSearchSessionGuid=e0f94a0489a6b836ae41be0818b8e690
flat;Этажи;real_estate_agent;sale;Советский;5;6;160;Новосибирск;3800000;;1; Ивлева;41.9;Студенческая;https://novosibirsk.cian.ru/sale/flat/322260729/?mlSearchSessionGuid=e0f94a0489a6b836ae41be0818b8e690
flat;Поиск Метров;real_estate_agent;sale;Кировский;5;7;6/4;Новосибирск;3500000;На Петухова (ЖСК);1; Петухова;36.1;Площадь Маркса;https://novosibirsk.cian.ru/sale/flat/324871876/?mlSearchSessionGuid=e0f94a0489a6b836ae41be0818b8e690
flat;Астон;developer;sale;Кировский;6;26;6к11;Новосибирск;5900000;Астон. Шесть звёзд;1; Аникина;39.51;Студенческая;https://novosibirsk.cian.ru/sale/flat/321542205/?mlSearchSessionGuid=e0f94a0489a6b836ae41be0818b8e690
flat;Этажи;real_estate_agent;sale;Первомайский;4;17;22/1;Новосибирск;3800000;Берёзовое;1; Твардовского;39.5;Речной вокзал;https://novosibirsk.cian.ru/sale/flat/321450745/?mlSearchSessionGuid=e0f94a0489a6b836ae41be0818b8e690
flat;Этажи;real_estate_agent;sale;Кировский;3;9;60;Новосибирск;3500000;;1; Сибиряков-Гвардейцев;34.6;Площадь Маркса;https://novosibirsk.cian.ru/sale/flat/323305625/?mlSearchSessionGuid=e0f94a0489a6b836ae41be0818b8e690
flat;Брусника;developer;sale;Дзержинский;3;9;;Новосибирск;13730000;Город-на-озере ЖК;1;;47.29;Березовая Роща;https://novosibirsk.cian.ru/sale/flat/325308738/?mlSearchSessionGuid=e0f94a0489a6b836ae41be0818b8e690
flat;Всем Квартиру;real_estate_agent;sale;Кировский;2;3;33;Новосибирск;3950000;;1; Палласа;45.0;Площадь Маркса;https://novosibirsk.cian.ru/sale/flat/321197195/?mlSearchSessionGuid=e0f94a0489a6b836ae41be0818b8e690
flat;Города Новосибирск;real_estate_agent;sale;Ленинский;7;9;20/3;Новосибирск;3600000;;1; Немировича-Данченко;34.0;Площадь Маркса;https://novosibirsk.cian.ru/sale/flat/326342639/?mlSearchSessionGuid=e0f94a0489a6b836ae41be0818b8e690
flat;Брусника;developer;sale;Заельцовский;4;9;1/4;Новосибирск;6730000;Лебедевский;1;Лебедевский кв-л;42.9;Заельцовская;https://novosibirsk.cian.ru/sale/flat/326594926/?mlSearchSessionGuid=e0f94a0489a6b836ae41be0818b8e690
flat;Этажи;real_estate_agent;sale;Ленинский;9;9;41;Новосибирск;3990000;;1;Троллейная ;42.0;Площадь Маркса;https://novosibirsk.cian.ru/sale/flat/326170279/?mlSearchSessionGuid=e0f94a0489a6b836ae41be0818b8e690
flat;Этажи;real_estate_agent;sale;Кировский;2;10;32;Новосибирск;3600000;Просторный;1; Виктора Шевелева;40.6;Студенческая;https://novosibirsk.cian.ru/sale/flat/326397103/?mlSearchSessionGuid=e0f94a0489a6b836ae41be0818b8e690
flat;Страна Девелопмент;developer;sale;Октябрьский;5;9;с23;Новосибирск;10929412;Страна.Тополёвая;1;Тополевая ;43.37;Березовая Роща;https://novosibirsk.cian.ru/sale/flat/325663945/?mlSearchSessionGuid=e0f94a0489a6b836ae41be0818b8e690
flat;Этажи;real_estate_agent;sale;Кировский;4;17;4;Новосибирск;4000000;Просторный;1; Александра Чистякова;40.1;Студенческая;https://novosibirsk.cian.ru/sale/flat/325364694/?mlSearchSessionGuid=e0f94a0489a6b836ae41be0818b8e690
flat;Этажи;real_estate_agent;sale;Советский;1;9;9;Новосибирск;3600000;;1; Печатников;40.1;Студенческая;https://novosibirsk.cian.ru/sale/flat/327059167/?mlSearchSessionGuid=e0f94a0489a6b836ae41be0818b8e690
flat;Телецентр 19|56;real_estate_agent;sale;Ленинский;14;17;19/1;Новосибирск;7390000;1956. Кварталы Телецентра;1; Костычева;40.48;Площадь Маркса;https://novosibirsk.cian.ru/sale/flat/323741349/?mlSearchSessionGuid=e0f94a0489a6b836ae41be0818b8e690
flat;Этажи;real_estate_agent;sale;Советский;5;6;160;Новосибирск;4000000;;1; Ивлева;42.0;Студенческая;https://novosibirsk.cian.ru/sale/flat/326609192/?mlSearchSessionGuid=e0f94a0489a6b836ae41be0818b8e690
flat;Этажи;real_estate_agent;sale;Кировский;14;17;10;Новосибирск;3600000;Матрешкин двор;1; Дмитрия Шмонина;33.9;Студенческая;https://novosibirsk.cian.ru/sale/flat/321180025/?mlSearchSessionGuid=e0f94a0489a6b836ae41be0818b8e690
flat;Всем Квартиру;real_estate_agent;sale;Ленинский;1;10;9/2;Новосибирск;4090000;Чистая слобода;1;Спортивная ;36.8;Площадь Маркса;https://novosibirsk.cian.ru/sale/flat/324268631/?mlSearchSessionGuid=e0f94a0489a6b836ae41be0818b8e690
flat;Брусника Обмен;real_estate_agent;sale;Заельцовский;4;5;51;Новосибирск;3650000;;1; Аэропорт;30.7;Заельцовская;https://novosibirsk.cian.ru/sale/flat/325183169/?mlSearchSessionGuid=e0f94a0489a6b836ae41be0818b8e690
flat;Этажи;real_estate_agent;sale;Калининский;1;9;16/1;Новосибирск;4050000;;1; 25 лет Октября;34.8;Заельцовская;https://novosibirsk.cian.ru/sale/flat/324309431/?mlSearchSessionGuid=e0f94a0489a6b836ae41be0818b8e690
flat;Этажи;real_estate_agent;sale;Ленинский;2;12;7;Новосибирск;3670000;Дивногорский;1; Юности;36.4;Площадь Маркса;https://novosibirsk.cian.ru/sale/flat/326629210/?mlSearchSessionGuid=e0f94a0489a6b836ae41be0818b8e690
flat;Этажи;real_estate_agent;sale;Заельцовский;3;5;34;Новосибирск;4100000;;1; Дмитрия Донского;33.0;Заельцовская;https://novosibirsk.cian.ru/sale/flat/325093343/?mlSearchSessionGuid=e0f94a0489a6b836ae41be0818b8e690
flat;Этажи;real_estate_agent;sale;Дзержинский;4;9;35;Новосибирск;3700000;;1; Толбухина;31.8;Золотая Нива;https://novosibirsk.cian.ru/sale/flat/324309338/?mlSearchSessionGuid=e0f94a0489a6b836ae41be0818b8e690
flat;Телецентр 19|56;real_estate_agent;sale;Ленинский;8;15;19/1;Новосибирск;6790000;1956. Кварталы Телецентра;1; Костычева;34.0;Площадь Маркса;https://novosibirsk.cian.ru/sale/flat/325614733/?mlSearchSessionGuid=e0f94a0489a6b836ae41be0818b8e690
flat;Этажи;real_estate_agent;sale;Кировский;10;10;62/3;Новосибирск;4100000;Гвардеец;1; Сибиряков-Гвардейцев;34.0;Площадь Маркса;https://novosibirsk.cian.ru/sale/flat/321532698/?mlSearchSessionGuid=e0f94a0489a6b836ae41be0818b8e690
flat;METRAGE;real_estate_agent;sale;Дзержинский;2;9;29;Новосибирск;3700000;;1; Лазарева;33.0;Березовая Роща;https://novosibirsk.cian.ru/sale/flat/323874338/?mlSearchSessionGuid=e0f94a0489a6b836ae41be0818b8e690
flat;Телецентр 19|56;real_estate_agent;sale;Ленинский;6;15;19/1;Новосибирск;6290000;1956. Кварталы Телецентра;1; Костычева;30.7;Площадь Маркса;https://novosibirsk.cian.ru/sale/flat/325835919/?mlSearchSessionGuid=e0f94a0489a6b836ae41be0818b8e690
flat;Этажи;real_estate_agent;sale;Кировский;8;10;97;Новосибирск;4100000;Матрешкин двор;1; Петухова;37.0;Студенческая;https://novosibirsk.cian.ru/sale/flat/320250586/?mlSearchSessionGuid=e0f94a0489a6b836ae41be0818b8e690
flat;Этажи;real_estate_agent;sale;Ленинский;1;4;17;Новосибирск;3700000;;1;Фасадная ;41.5;Площадь Маркса;https://novosibirsk.cian.ru/sale/flat/323458287/?mlSearchSessionGuid=e0f94a0489a6b836ae41be0818b8e690
flat;Этажи;real_estate_agent;sale;Кировский;10;10;14;Новосибирск;4190000;Просторный;1; Николая Сотникова;39.0;Студенческая;https://novosibirsk.cian.ru/sale/flat/322471149/?mlSearchSessionGuid=e0f94a0489a6b836ae41be0818b8e690
flat;METRAGE;real_estate_agent;sale;Дзержинский;1;5;35/1;Новосибирск;3789000;;1; Толбухина;28.7;Золотая Нива;https://novosibirsk.cian.ru/sale/flat/326340905/?mlSearchSessionGuid=e0f94a0489a6b836ae41be0818b8e690
flat;ПОЛЯКОВ;developer;sale;Заельцовский;7;11;236;Новосибирск;14160000;Клубный комплекс ;1;Красный проспект;96.1;Заельцовская;https://novosibirsk.cian.ru/sale/flat/325702613/?mlSearchSessionGuid=e0f94a0489a6b836ae41be0818b8e690
flat;Этажи;real_estate_agent;sale;Октябрьский;3;9;117;Новосибирск;4200000;;1;Выборная ;40.0;Речной вокзал;https://novosibirsk.cian.ru/sale/flat/321852983/?mlSearchSessionGuid=e0f94a0489a6b836ae41be0818b8e690
flat;Всем Квартиру;real_estate_agent;sale;Советский;9;10;7;Новосибирск;3750000;;1; Лесосечная;38.0;Октябрьская;https://novosibirsk.cian.ru/sale/flat/324315088/?mlSearchSessionGuid=e0f94a0489a6b836ae41be0818b8e690
flat;Новый Мир;developer;sale;Заельцовский;13;15;220;Новосибирск;11650000;Нобель;1;Красный проспект;41.5;Заельцовская;https://novosibirsk.cian.ru/sale/flat/324818113/?mlSearchSessionGuid=e0f94a0489a6b836ae41be0818b8e690
flat;Этажи;real_estate_agent;sale;Ленинский;1;17;16/2;Новосибирск;4280000;на ул. Немировича-Данченко;1; Немировича-Данченко;41.0;Площадь Маркса;https://novosibirsk.cian.ru/sale/flat/326518676/?mlSearchSessionGuid=e0f94a0489a6b836ae41be0818b8e690
flat;ПАЛИТРА;real_estate_agent;sale;Дзержинский;4;5;58;Новосибирск;3100000;;1;проспект Дзержинского;28.4;Березовая Роща;https://novosibirsk.cian.ru/sale/flat/322901960/?mlSearchSessionGuid=e0f94a0489a6b836ae41be0818b8e690
flat;КВАРТЭН;real_estate_agent;sale;Кировский;5;10;37/1;Новосибирск;5290000;;1; Аникина;44.0;Площадь Маркса;https://novosibirsk.cian.ru/sale/flat/326508679/?mlSearchSessionGuid=e0f94a0489a6b836ae41be0818b8e690
flat;Илья Вахрин;realtor;sale;Заельцовский;18;25;3/1;Новосибирск;7350000;LEO;1;Кавалерийская ;38.3;Заельцовская;https://novosibirsk.cian.ru/sale/flat/324921269/?mlSearchSessionGuid=e0f94a0489a6b836ae41be0818b8e690
flat;Владис Центральное;real_estate_agent;sale;Кировский;2;9;34;Новосибирск;2620000;;1; Зорге;27.9;Площадь Маркса;https://novosibirsk.cian.ru/sale/flat/326236873/?mlSearchSessionGuid=e0f94a0489a6b836ae41be0818b8e690
flat;Брусника;developer;sale;Центральный;27;30;;Новосибирск;16740000;Мылзавод ЖК;1;;80.83;Сибирская;https://novosibirsk.cian.ru/sale/flat/326489803/?mlSearchSessionGuid=e0f94a0489a6b836ae41be0818b8e690
flat;Этажи;real_estate_agent;sale;Кировский;7;10;95;Новосибирск;4500000;Матрешкин двор;1; Петухова;37.5;Студенческая;https://novosibirsk.cian.ru/sale/flat/322747322/?mlSearchSessionGuid=e0f94a0489a6b836ae41be0818b8e690
flat;Страна Девелопмент;developer;sale;Октябрьский;3;9;с23;Новосибирск;10847059;Страна.Тополёвая;1;Тополевая ;47.66;Березовая Роща;https://novosibirsk.cian.ru/sale/flat/325663873/?mlSearchSessionGuid=e0f94a0489a6b836ae41be0818b8e690
flat;ГК Союз;developer;sale;Ленинский;11;17;3/1;Новосибирск;3700000;На Невельского;1; Невельского;27.2;Площадь Маркса;https://novosibirsk.cian.ru/sale/flat/315032648/?mlSearchSessionGuid=e0f94a0489a6b836ae41be0818b8e690
flat;Новый Мир;developer;sale;Железнодорожный;5;24;;Новосибирск;10050000;Беринг;1;Беринг жилой квартал;45.42;Площадь Гарина-Михайловского;https://novosibirsk.cian.ru/sale/flat/324817909/?mlSearchSessionGuid=e0f94a0489a6b836ae41be0818b8e690
flat;Эксперт Дом;real_estate_agent;sale;Октябрьский;8;10;10;Новосибирск;5500000;;1; Плющихинская;58.6;Золотая Нива;https://novosibirsk.cian.ru/sale/flat/324603231/?mlSearchSessionGuid=e0f94a0489a6b836ae41be0818b8e690
flat;Брусника Обмен;real_estate_agent;sale;Октябрьский;5;17;100;Новосибирск;7800000;мкр. Европейский Берег;1;Большевистская ;45.7;Речной вокзал;https://novosibirsk.cian.ru/sale/flat/325928837/?mlSearchSessionGuid=e0f94a0489a6b836ae41be0818b8e690
flat;VIRA;developer;sale;Кировский;11;11;16;Новосибирск;6750000;Сподвижники;1;18-й Бронный переулок;50.6;Студенческая;https://novosibirsk.cian.ru/sale/flat/318286938/?mlSearchSessionGuid=e0f94a0489a6b836ae41be0818b8e690
flat;Владис Центральное;real_estate_agent;sale;Кировский;3;5;7;Новосибирск;2700000;;1; Комсомольская;30.0;Студенческая;https://novosibirsk.cian.ru/sale/flat/326340353/?mlSearchSessionGuid=e0f94a0489a6b836ae41be0818b8e690
flat;Сибирские Жилые Кварталы;developer;sale;Заельцовский;11;11;;Новосибирск;64401000;Флора и Фауна ЖК;1;;143.3;Красный Проспект;https://novosibirsk.cian.ru/sale/flat/317441210/?mlSearchSessionGuid=e0f94a0489a6b836ae41be0818b8e690
flat;Этажи;real_estate_agent;sale;Калининский;2;2;10;Новосибирск;1970000;;1; Знаменская;20.3;Заельцовская;https://novosibirsk.cian.ru/sale/flat/326651391/?mlSearchSessionGuid=e0f94a0489a6b836ae41be0818b8e690
flat;Поляков;real_estate_agent;sale;Заельцовский;2;24;6/4;Новосибирск;7000000;На Ельцовской;1;Ельцовская ;58.2;Гагаринская;https://novosibirsk.cian.ru/sale/flat/325440678/?mlSearchSessionGuid=e0f94a0489a6b836ae41be0818b8e690
flat;Этажи;real_estate_agent;sale;Ленинский;8;11;47;Новосибирск;5400000;;1;;40.0;Студенческая;https://novosibirsk.cian.ru/sale/flat/326767167/?mlSearchSessionGuid=e0f94a0489a6b836ae41be0818b8e690
flat;НИЦ;real_estate_agent;sale;Кировский;4;5;44;Новосибирск;2350000;;1; Зорге;24.1;Площадь Маркса;https://novosibirsk.cian.ru/sale/flat/323189750/?mlSearchSessionGuid=e0f94a0489a6b836ae41be0818b8e690
flat;Ассоциация застройщиков;real_estate_agent;sale;Заельцовский;4;10;58;Новосибирск;4450000;;1; Тимирязева;31.7;Заельцовская;https://novosibirsk.cian.ru/sale/flat/321648451/?mlSearchSessionGuid=e0f94a0489a6b836ae41be0818b8e690
flat;Этажи;real_estate_agent;sale;Заельцовский;7;10;106;Новосибирск;4000000;;1; Жуковского;30.0;Заельцовская;https://novosibirsk.cian.ru/sale/flat/326925484/?mlSearchSessionGuid=e0f94a0489a6b836ae41be0818b8e690
flat;Сибирские Жилые Кварталы;developer;sale;Заельцовский;11;11;;Новосибирск;21692000;Флора и Фауна ЖК;1;;48.0;Красный Проспект;https://novosibirsk.cian.ru/sale/flat/317441208/?mlSearchSessionGuid=e0f94a0489a6b836ae41be0818b8e690
flat;НИАН;real_estate_agent;sale;Дзержинский;10;10;53;Новосибирск;4050000;;1;Волочаевская ;42.0;Золотая Нива;https://novosibirsk.cian.ru/sale/flat/326016092/?mlSearchSessionGuid=e0f94a0489a6b836ae41be0818b8e690
flat;СМСС;developer;sale;Заельцовский;6;28;107/2;Новосибирск;8300936;Бирюзовая жемчужина-4;1;Сухарная ;45.7;Площадь Гарина-Михайловского;https://novosibirsk.cian.ru/sale/flat/325987494/?mlSearchSessionGuid=e0f94a0489a6b836ae41be0818b8e690
flat;Этажи;real_estate_agent;sale;Ленинский;10;18;31;Новосибирск;4600000;Чистая слобода;1;Спортивная ;40.0;Площадь Маркса;https://novosibirsk.cian.ru/sale/flat/326551930/?mlSearchSessionGuid=e0f94a0489a6b836ae41be0818b8e690
flat;Этажи;real_estate_agent;sale;Ленинский;2;10;53/1;Новосибирск;4100000;Чистая слобода;1; Забалуева;37.4;Площадь Маркса;https://novosibirsk.cian.ru/sale/flat/326266410/?mlSearchSessionGuid=e0f94a0489a6b836ae41be0818b8e690
flat;СМСС;developer;sale;Заельцовский;12;25;52/4;Новосибирск;7551360;Чкалов;1;Светлановская ;44.16;Заельцовская;https://novosibirsk.cian.ru/sale/flat/325989069/?mlSearchSessionGuid=e0f94a0489a6b836ae41be0818b8e690
flat;Этажи;real_estate_agent;sale;Октябрьский;6;10;6;Новосибирск;4700000;Плющихинский;1; Плющихинская;48.5;Золотая Нива;https://novosibirsk.cian.ru/sale/flat/326735388/?mlSearchSessionGuid=e0f94a0489a6b836ae41be0818b8e690
flat;Этажи;real_estate_agent;sale;Кировский;20;24;56;Новосибирск;4100000;Новые Матрёшки;1; Бородина;35.0;Площадь Маркса;https://novosibirsk.cian.ru/sale/flat/325712179/?mlSearchSessionGuid=e0f94a0489a6b836ae41be0818b8e690
flat;ГК Нарратив;developer;sale;Ленинский;3;18;12с;Новосибирск;8751650;Тетрис;1; Серафимовича;45.4;Площадь Маркса;https://novosibirsk.cian.ru/sale/flat/304291001/?mlSearchSessionGuid=e0f94a0489a6b836ae41be0818b8e690
flat;Этажи;real_estate_agent;sale;Калининский;2;13;30;Новосибирск;4750000;Северная Корона;1; Мясниковой;34.2;Заельцовская;https://novosibirsk.cian.ru/sale/flat/325760728/?mlSearchSessionGuid=e0f94a0489a6b836ae41be0818b8e690
flat;Города Новосибирск;real_estate_agent;sale;Кировский;13;17;53/9;Новосибирск;4150000;Квартал Цветной Бульвар;1; Сибиряков-Гвардейцев;31.3;Площадь Маркса;https://novosibirsk.cian.ru/sale/flat/315141919/?mlSearchSessionGuid=e0f94a0489a6b836ae41be0818b8e690
flat;ГК Союз;developer;sale;Ленинский;16;17;3/1;Новосибирск;4350000;На Невельского;1; Невельского;39.1;Площадь Маркса;https://novosibirsk.cian.ru/sale/flat/315032655/?mlSearchSessionGuid=e0f94a0489a6b836ae41be0818b8e690
flat;Этажи;real_estate_agent;sale;Кировский;4;9;21;Новосибирск;4800000;;1; Громова;43.5;Площадь Маркса;https://novosibirsk.cian.ru/sale/flat/325542664/?mlSearchSessionGuid=e0f94a0489a6b836ae41be0818b8e690
flat;Этажи;real_estate_agent;sale;Октябрьский;1;10;3;Новосибирск;4150000;Плющихинский;1; Плющихинская;41.2;Золотая Нива;https://novosibirsk.cian.ru/sale/flat/322394160/?mlSearchSessionGuid=e0f94a0489a6b836ae41be0818b8e690
flat;Поиск Метров;real_estate_agent;sale;Октябрьский;3;6;52;Новосибирск;4950000;;1; Сакко и Ванцетти;30.9;Октябрьская;https://novosibirsk.cian.ru/sale/flat/303801459/?mlSearchSessionGuid=e0f94a0489a6b836ae41be0818b8e690
flat;Брусника Обмен;real_estate_agent;sale;Ленинский;4;10;257/2;Новосибирск;4200000;Чистая слобода;1; Титова;36.6;Площадь Маркса;https://novosibirsk.cian.ru/sale/flat/325048085/?mlSearchSessionGuid=e0f94a0489a6b836ae41be0818b8e690
flat;VIRA;developer;sale;Октябрьский;20;23;с1;Новосибирск;7100000;Citatum;1; Грибоедова;39.1;Золотая Нива;https://novosibirsk.cian.ru/sale/flat/303846887/?mlSearchSessionGuid=e0f94a0489a6b836ae41be0818b8e690
flat;Этажи;real_estate_agent;sale;Ленинский;12;17;106/3;Новосибирск;4990000;Новый горизонт;1;Рельефная ;41.6;Студенческая;https://novosibirsk.cian.ru/sale/flat/324729725/?mlSearchSessionGuid=e0f94a0489a6b836ae41be0818b8e690
flat;Этажи;real_estate_agent;sale;Кировский;7;18;97/2;Новосибирск;4200000;Матрешкин двор;1; Петухова;33.0;Студенческая;https://novosibirsk.cian.ru/sale/flat/325030649/?mlSearchSessionGuid=e0f94a0489a6b836ae41be0818b8e690
flat;СМСС;developer;sale;Калининский;19;23;;Новосибирск;6850800;Калининский квартал ЖК;1;;39.6;Маршала Покрышкина;https://novosibirsk.cian.ru/sale/flat/325988158/?mlSearchSessionGuid=e0f94a0489a6b836ae41be0818b8e690
flat;Этажи;real_estate_agent;sale;Ленинский;13;18;117;Новосибирск;5100000;Софийский Квартал;1;Вертковская ;36.9;Площадь Маркса;https://novosibirsk.cian.ru/sale/flat/325038938/?mlSearchSessionGuid=e0f94a0489a6b836ae41be0818b8e690
flat;НИЦ;real_estate_agent;sale;Кировский;6;17;22/3;Новосибирск;4200000;Акварельный 3.0;1; Александра Чистякова;42.0;Площадь Маркса;https://novosibirsk.cian.ru/sale/flat/326647334/?mlSearchSessionGuid=e0f94a0489a6b836ae41be0818b8e690
flat;СМСС;developer;sale;Заельцовский;1;25;52/4;Новосибирск;4943200;Чкалов;1;Светлановская ;26.72;Заельцовская;https://novosibirsk.cian.ru/sale/flat/325989050/?mlSearchSessionGuid=e0f94a0489a6b836ae41be0818b8e690
flat;Этажи;real_estate_agent;sale;Ленинский;7;10;3;Новосибирск;4200000;;1;Троллейная ;37.6;Площадь Маркса;https://novosibirsk.cian.ru/sale/flat/326719200/?mlSearchSessionGuid=e0f94a0489a6b836ae41be0818b8e690
flat;Первый Строительный;developer;sale;Ленинский;2;18;253/9;Новосибирск;5205600;Первый на Титова;1; Титова;40.94;Площадь Маркса;https://novosibirsk.cian.ru/sale/flat/321682015/?mlSearchSessionGuid=e0f94a0489a6b836ae41be0818b8e690
flat;Этажи;real_estate_agent;sale;Ленинский;10;17;106/3;Новосибирск;5450000;Новый горизонт;1;Рельефная ;41.6;Студенческая;https://novosibirsk.cian.ru/sale/flat/323677699/?mlSearchSessionGuid=e0f94a0489a6b836ae41be0818b8e690
flat;Этажи;real_estate_agent;sale;Октябрьский;2;13;25;Новосибирск;4250000;;1; В. Высоцкого;41.0;Золотая Нива;https://novosibirsk.cian.ru/sale/flat/325324909/?mlSearchSessionGuid=e0f94a0489a6b836ae41be0818b8e690
flat;FREEDOM;developer;sale;Октябрьский;18;18;14;Новосибирск;65550000;Freedom;1;Большевистская ;264.7;Речной вокзал;https://novosibirsk.cian.ru/sale/flat/326433969/?mlSearchSessionGuid=e0f94a0489a6b836ae41be0818b8e690
flat;Поиск Метров;real_estate_agent;sale;Ленинский;3;17;88;Новосибирск;4330000;Радуга Сибири;1; Забалуева;37.0;Площадь Маркса;https://novosibirsk.cian.ru/sale/flat/325055230/?mlSearchSessionGuid=e0f94a0489a6b836ae41be0818b8e690
flat;ГК Союз;developer;sale;Ленинский;3;17;;Новосибирск;4450000;Самоцветы ЖК;1;;41.9;Площадь Маркса;https://novosibirsk.cian.ru/sale/flat/321763834/?mlSearchSessionGuid=e0f94a0489a6b836ae41be0818b8e690
flat;Вся Недвижимость Новосибирска;real_estate_agent;sale;Калининский;15;19;130/6;Новосибирск;5999000;Князь Кропоткинъ;1; Кропоткина;37.8;Маршала Покрышкина;https://novosibirsk.cian.ru/sale/flat/323257578/?mlSearchSessionGuid=e0f94a0489a6b836ae41be0818b8e690
flat;Этажи;real_estate_agent;sale;Октябрьский;1;10;40/2;Новосибирск;4300000;;1; В. Высоцкого;42.2;Золотая Нива;https://novosibirsk.cian.ru/sale/flat/320619686/?mlSearchSessionGuid=e0f94a0489a6b836ae41be0818b8e690
flat;Первый Строительный;developer;sale;Дзержинский;9;25;;Новосибирск;6788800;Первый на Есенина ЖК;1;;39.4;Золотая Нива;https://novosibirsk.cian.ru/sale/flat/314872781/?mlSearchSessionGuid=e0f94a0489a6b836ae41be0818b8e690
flat;Этажи;real_estate_agent;sale;Ленинский;2;17;106;Новосибирск;6200000;Новый горизонт;1;Рельефная ;47.2;Площадь Маркса;https://novosibirsk.cian.ru/sale/flat/326616394/?mlSearchSessionGuid=e0f94a0489a6b836ae41be0818b8e690
flat;Этажи;real_estate_agent;sale;Кировский;8;18;9;Новосибирск;4300000;Просторный;1; Николая Сотникова;40.1;Студенческая;https://novosibirsk.cian.ru/sale/flat/326719228/?mlSearchSessionGuid=e0f94a0489a6b836ae41be0818b8e690
flat;СМСС;developer;sale;Дзержинский;6;25;19;Новосибирск;5709000;Звезда;1; Королева;25.95;Березовая Роща;https://novosibirsk.cian.ru/sale/flat/325987039/?mlSearchSessionGuid=e0f94a0489a6b836ae41be0818b8e690
flat;Этажи;real_estate_agent;sale;Заельцовский;19;26;378Б;Новосибирск;6500000;Деловой Квартал;1; Дуси Ковальчук;47.0;Заельцовская;https://novosibirsk.cian.ru/sale/flat/325356297/?mlSearchSessionGuid=e0f94a0489a6b836ae41be0818b8e690
flat;Этажи;real_estate_agent;sale;Кировский;16;17;22/1;Новосибирск;4300000;Семейный квартал;1;Бронная ;41.2;Площадь Маркса;https://novosibirsk.cian.ru/sale/flat/326719226/?mlSearchSessionGuid=e0f94a0489a6b836ae41be0818b8e690
flat;СМСС;developer;sale;Дзержинский;25;25;19;Новосибирск;7414000;Звезда;1; Королева;37.07;Березовая Роща;https://novosibirsk.cian.ru/sale/flat/325987186/?mlSearchSessionGuid=e0f94a0489a6b836ae41be0818b8e690
flat;Этажи;real_estate_agent;sale;Дзержинский;6;15;124;Новосибирск;6500000;;1; Коминтерна;46.1;Золотая Нива;https://novosibirsk.cian.ru/sale/flat/324252090/?mlSearchSessionGuid=e0f94a0489a6b836ae41be0818b8e690
flat;Этажи;real_estate_agent;sale;Октябрьский;2;10;3;Новосибирск;4300000;Плющихинский;1; Плющихинская;49.0;Золотая Нива;https://novosibirsk.cian.ru/sale/flat/326719218/?mlSearchSessionGuid=e0f94a0489a6b836ae41be0818b8e690
flat;СМСС;developer;sale;Дзержинский;11;22;;Новосибирск;6125000;Паскаль;1; 5-я Кирпичная Горка;24.5;Березовая Роща;https://novosibirsk.cian.ru/sale/flat/325989143/?mlSearchSessionGuid=e0f94a0489a6b836ae41be0818b8e690
flat;Этажи;real_estate_agent;sale;Заельцовский;1;25;52;Новосибирск;6990000;Чкалов;1;Светлановская ;41.7;Заельцовская;https://novosibirsk.cian.ru/sale/flat/321458468/?mlSearchSessionGuid=e0f94a0489a6b836ae41be0818b8e690
flat;СЖК;real_estate_agent;sale;Калининский;4;16;37;Новосибирск;4300000;Тайгинский парк;1;Тайгинская ;27.4;Заельцовская;https://novosibirsk.cian.ru/sale/flat/326920820/?mlSearchSessionGuid=e0f94a0489a6b836ae41be0818b8e690
flat;Грандпарк;real_estate_agent;sale;Советский;8;10;30;Новосибирск;8690000;Квартал ЩА;1; Героев Труда;37.65;Студенческая;https://novosibirsk.cian.ru/sale/flat/323421060/?mlSearchSessionGuid=e0f94a0489a6b836ae41be0818b8e690
flat;METRAGE;real_estate_agent;sale;Ленинский;14;17;3;Новосибирск;7180000;;1; Ясный Берег;32.6;Красный Проспект;https://novosibirsk.cian.ru/sale/flat/322744693/?mlSearchSessionGuid=e0f94a0489a6b836ae41be0818b8e690
flat;Этажи;real_estate_agent;sale;Ленинский;18;20;25/1;Новосибирск;4350000;;1;Ударная ;37.0;Площадь Маркса;https://novosibirsk.cian.ru/sale/flat/321095769/?mlSearchSessionGuid=e0f94a0489a6b836ae41be0818b8e690
flat;Дом-Строй;developer;sale;Железнодорожный;12;25;18;Новосибирск;11600000;Прованс;1;Железнодорожная ;47.6;Гагаринская;https://novosibirsk.cian.ru/sale/flat/289890045/?mlSearchSessionGuid=e0f94a0489a6b836ae41be0818b8e690
flat;Этажи;real_estate_agent;sale;Калининский;7;25;75;Новосибирск;7200000;;1;Ипподромская ;45.9;Заельцовская;https://novosibirsk.cian.ru/sale/flat/324522834/?mlSearchSessionGuid=e0f94a0489a6b836ae41be0818b8e690
flat;METRAGE;real_estate_agent;sale;Кировский;8;10;85;Новосибирск;5300000;;1; Ватутина;34.0;Площадь Маркса;https://novosibirsk.cian.ru/sale/flat/317378102/?mlSearchSessionGuid=e0f94a0489a6b836ae41be0818b8e690
flat;СМСС;developer;sale;Дзержинский;1;29;21;Новосибирск;10714873;Менделеев;1;Закаменский мкр;56.6;Березовая Роща;https://novosibirsk.cian.ru/sale/flat/325987455/?mlSearchSessionGuid=e0f94a0489a6b836ae41be0818b8e690
flat;Rialtor Group;real_estate_agent;sale;Железнодорожный;2;16;1;Новосибирск;7490000;На Ивачёва;1; Дмитрия Шамшурина;41.0;Площадь Гарина-Михайловского;https://novosibirsk.cian.ru/sale/flat/319266319/?mlSearchSessionGuid=e0f94a0489a6b836ae41be0818b8e690
flat;SG DEVELOPMENT;developer;sale;Ленинский;10;13;4/5;Новосибирск;6990000;Апартаменты АЭРОН;1;площадь Карла Маркса;36.98;Площадь Маркса;https://novosibirsk.cian.ru/sale/flat/326423988/?mlSearchSessionGuid=e0f94a0489a6b836ae41be0818b8e690
flat;Концерн Сибирь;real_estate_agent;sale;Калининский;15;17;66/3;Новосибирск;5200000;На Фадеева;1; Фадеева;41.0;Заельцовская;https://novosibirsk.cian.ru/sale/flat/326221116/?mlSearchSessionGuid=e0f94a0489a6b836ae41be0818b8e690
flat;ГК Союз;developer;sale;Ленинский;1;17;13/2;Новосибирск;4300000;Квартет;1; Связистов;37.4;Площадь Маркса;https://novosibirsk.cian.ru/sale/flat/326943643/?mlSearchSessionGuid=e0f94a0489a6b836ae41be0818b8e690
flat;Города Новосибирск;real_estate_agent;sale;Дзержинский;12;26;19;Новосибирск;7750000;Звезда;1; Королева;47.0;Березовая Роща;https://novosibirsk.cian.ru/sale/flat/324213007/?mlSearchSessionGuid=e0f94a0489a6b836ae41be0818b8e690
flat;Универсал;real_estate_agent;sale;Калининский;1;10;8;Новосибирск;5400000;;1; Гребенщикова;38.1;Заельцовская;https://novosibirsk.cian.ru/sale/flat/315796497/?mlSearchSessionGuid=e0f94a0489a6b836ae41be0818b8e690
flat;ГК Союз;developer;sale;Калининский;5;15;;Новосибирск;5600000;Гренландия ЖК;1;;41.5;Заельцовская;https://novosibirsk.cian.ru/sale/flat/326440507/?mlSearchSessionGuid=e0f94a0489a6b836ae41be0818b8e690
flat;Этажи;real_estate_agent;sale;Ленинский;2;10;29/1;Новосибирск;4690500;Чистая слобода;1;Спортивная ;32.2;Студенческая;https://novosibirsk.cian.ru/sale/flat/323726687/?mlSearchSessionGuid=e0f94a0489a6b836ae41be0818b8e690
flat;Грандпарк;real_estate_agent;sale;Советский;6;10;30;Новосибирск;9250000;Квартал ЩА;1; Героев Труда;46.07;Студенческая;https://novosibirsk.cian.ru/sale/flat/323421056/?mlSearchSessionGuid=e0f94a0489a6b836ae41be0818b8e690
flat;Этажи;real_estate_agent;sale;Заельцовский;4;19;238;Новосибирск;6499000;Ельцовский;1; Дуси Ковальчук;40.0;Гагаринская;https://novosibirsk.cian.ru/sale/flat/326025541/?mlSearchSessionGuid=e0f94a0489a6b836ae41be0818b8e690
flat;Дом-Строй;developer;sale;Железнодорожный;18;25;18;Новосибирск;9800000;Прованс;1;Железнодорожная ;35.8;Гагаринская;https://novosibirsk.cian.ru/sale/flat/319263272/?mlSearchSessionGuid=e0f94a0489a6b836ae41be0818b8e690
flat;Право собственности;real_estate_agent;sale;Октябрьский;5;10;9;Новосибирск;5100000;Плющихинский;1; Плющихинская;48.3;Золотая Нива;https://novosibirsk.cian.ru/sale/flat/323653321/?mlSearchSessionGuid=e0f94a0489a6b836ae41be0818b8e690
flat;Коммерческий Брокеридж;real_estate_agent;sale;Кировский;6;16;16/3;Новосибирск;4350000;Основа;1; Петухова;35.2;Площадь Маркса;https://novosibirsk.cian.ru/sale/flat/326115324/?mlSearchSessionGuid=e0f94a0489a6b836ae41be0818b8e690
flat;Дом-Строй;developer;sale;Ленинский;28;30;;Новосибирск;9003000;Горская лагуна ЖК;1;;35.92;Студенческая;https://novosibirsk.cian.ru/sale/flat/293903110/?mlSearchSessionGuid=e0f94a0489a6b836ae41be0818b8e690
flat;Города Новосибирск;real_estate_agent;sale;Калининский;7;12;309;Новосибирск;5750000;Северная Корона;1;Красный проспект;37.3;Заельцовская;https://novosibirsk.cian.ru/sale/flat/323946711/?mlSearchSessionGuid=e0f94a0489a6b836ae41be0818b8e690
flat;METRAGE;real_estate_agent;sale;Кировский;1;10;150;Новосибирск;4400000;;1; Петухова;38.5;Площадь Маркса;https://novosibirsk.cian.ru/sale/flat/317113874/?mlSearchSessionGuid=e0f94a0489a6b836ae41be0818b8e690
flat;Грандпарк;real_estate_agent;sale;Советский;2;10;30;Новосибирск;8450000;Квартал ЩА;1; Героев Труда;40.85;Студенческая;https://novosibirsk.cian.ru/sale/flat/323421041/?mlSearchSessionGuid=e0f94a0489a6b836ae41be0818b8e690
flat;Первый Строительный;developer;sale;Октябрьский;4;10;;Новосибирск;5746100;Зеленый Город;1;;39.4;Речной вокзал;https://novosibirsk.cian.ru/sale/flat/314873496/?mlSearchSessionGuid=e0f94a0489a6b836ae41be0818b8e690
flat;РНГС;developer;sale;Советский;9;15;13;Новосибирск;8500000;Квартал на Российской;1; Рубиновая;40.21;Речной вокзал;https://novosibirsk.cian.ru/sale/flat/326651801/?mlSearchSessionGuid=e0f94a0489a6b836ae41be0818b8e690
flat;Дом-Строй;developer;sale;Железнодорожный;21;25;;Новосибирск;10503000;Лемонт ЖК;1;;38.5;Гагаринская;https://novosibirsk.cian.ru/sale/flat/326838041/?mlSearchSessionGuid=e0f94a0489a6b836ae41be0818b8e690
flat;Этажи;real_estate_agent;sale;Кировский;2;9;23;Новосибирск;4300000;;1; Громова;41.0;Площадь Маркса;https://novosibirsk.cian.ru/sale/flat/326095189/?mlSearchSessionGuid=e0f94a0489a6b836ae41be0818b8e690
flat;ID 56215934;realtor;sale;Кировский;1;9;1/4;Новосибирск;3200000;;1; Оловозаводская;35.0;Студенческая;https://novosibirsk.cian.ru/sale/flat/326575577/?mlSearchSessionGuid=e0f94a0489a6b836ae41be0818b8e690
flat;ГК Союз;developer;sale;Калининский;5;15;;Новосибирск;4650000;Гренландия ЖК;1;Родники мкр;32.7;Заельцовская;https://novosibirsk.cian.ru/sale/flat/326695082/?mlSearchSessionGuid=e0f94a0489a6b836ae41be0818b8e690
flat;Формула недвижимости;real_estate_agent;sale;Ленинский;2;5;18/2;Новосибирск;2700000;;1;Планировочная ;20.1;Студенческая;https://novosibirsk.cian.ru/sale/flat/323050787/?mlSearchSessionGuid=e0f94a0489a6b836ae41be0818b8e690
flat;Мега Апартс;developer;sale;Кировский;4;4;;Новосибирск;4900000;Апарт-отель Мега апартс;1;;29.81;Площадь Маркса;https://novosibirsk.cian.ru/sale/flat/316105870/?mlSearchSessionGuid=e0f94a0489a6b836ae41be0818b8e690
flat;ЖК Академия;developer;sale;Октябрьский;23;24;19/1к3;Новосибирск;9230000;Академия;1; Шевченко;40.6;Октябрьская;https://novosibirsk.cian.ru/sale/flat/326465123/?mlSearchSessionGuid=e0f94a0489a6b836ae41be0818b8e690
flat;Дельта;real_estate_agent;sale;Советский;2;4;34;Новосибирск;6500000;;1; Терешковой;32.0;;https://novosibirsk.cian.ru/sale/flat/326720293/?mlSearchSessionGuid=e0f94a0489a6b836ae41be0818b8e690
flat;Брусника Обмен;real_estate_agent;sale;Калининский;5;9;14/2;Новосибирск;4750000;Дунаевский;1; Дунаевского;37.3;Заельцовская;https://novosibirsk.cian.ru/sale/flat/324800631/?mlSearchSessionGuid=e0f94a0489a6b836ae41be0818b8e690
flat;Первый Строительный;developer;sale;Кировский;12;25;22/2;Новосибирск;5191700;Семейный квартал;1;Бронная ;42.79;Площадь Маркса;https://novosibirsk.cian.ru/sale/flat/314872283/?mlSearchSessionGuid=e0f94a0489a6b836ae41be0818b8e690
flat;Этажи;real_estate_agent;sale;Октябрьский;10;29;51;Новосибирск;8400000;Тихомиров;1;Военная ;37.2;Октябрьская;https://novosibirsk.cian.ru/sale/flat/323674140/?mlSearchSessionGuid=e0f94a0489a6b836ae41be0818b8e690
flat;РайоныКварталы;real_estate_agent;sale;Заельцовский;16;19;238;Новосибирск;6600000;Ельцовский;1; Дуси Ковальчук;37.3;Заельцовская;https://novosibirsk.cian.ru/sale/flat/327020601/?mlSearchSessionGuid=e0f94a0489a6b836ae41be0818b8e690
flat;VIRA;developer;sale;Дзержинский;11;14;;Новосибирск;5990000;Горизонт ЖК;1;;40.0;Золотая Нива;https://novosibirsk.cian.ru/sale/flat/321967065/?mlSearchSessionGuid=e0f94a0489a6b836ae41be0818b8e690
flat;Этажи;real_estate_agent;sale;Ленинский;9;17;96;Новосибирск;4400000;Радуга Сибири;1; Забалуева;42.1;Площадь Маркса;https://novosibirsk.cian.ru/sale/flat/326220982/?mlSearchSessionGuid=e0f94a0489a6b836ae41be0818b8e690
flat;ЖИЛФОНД;real_estate_agent;sale;Октябрьский;1;10;3;Новосибирск;3230000;Плющихинский;1; Плющихинская;32.7;Золотая Нива;https://novosibirsk.cian.ru/sale/flat/324475794/?mlSearchSessionGuid=e0f94a0489a6b836ae41be0818b8e690
flat;Этажи;real_estate_agent;sale;Ленинский;14;17;4;Новосибирск;5500000;Венеция;1; Ясный Берег;36.0;Площадь Ленина;https://novosibirsk.cian.ru/sale/flat/321720434/?mlSearchSessionGuid=e0f94a0489a6b836ae41be0818b8e690
flat;Планета;real_estate_agent;sale;Дзержинский;1;5;1А;Новосибирск;2930000;;1; Полякова;30.0;Березовая Роща;https://novosibirsk.cian.ru/sale/flat/325153935/?mlSearchSessionGuid=e0f94a0489a6b836ae41be0818b8e690
flat;FREEDOM;developer;sale;Октябрьский;18;18;14;Новосибирск;25880000;Freedom;1;Большевистская ;70.8;Речной вокзал;https://novosibirsk.cian.ru/sale/flat/326433959/?mlSearchSessionGuid=e0f94a0489a6b836ae41be0818b8e690
flat;РайоныКварталы;real_estate_agent;sale;Октябрьский;5;25;9/2;Новосибирск;7499000;Европейский;1;Военная ;43.2;Октябрьская;https://novosibirsk.cian.ru/sale/flat/324384321/?mlSearchSessionGuid=e0f94a0489a6b836ae41be0818b8e690
flat;МакроМир;real_estate_agent;sale;Дзержинский;13;21;12/1;Новосибирск;7500000;Изумрудный город;1; Есенина;40.0;Золотая Нива;https://novosibirsk.cian.ru/sale/flat/326984077/?mlSearchSessionGuid=e0f94a0489a6b836ae41be0818b8e690
flat;СМСС;developer;sale;Железнодорожный;4;8;85;Новосибирск;7141500;Апартаменты Пилигрим;1; Ленина;26.7;Площадь Гарина-Михайловского;https://novosibirsk.cian.ru/sale/flat/317488814/?mlSearchSessionGuid=e0f94a0489a6b836ae41be0818b8e690
flat;ID 92121464;homeowner;sale;Заельцовский;5;8;188;Новосибирск;6500000;;1;Красный проспект;44.6;Заельцовская;https://novosibirsk.cian.ru/sale/flat/323678495/?mlSearchSessionGuid=e0f94a0489a6b836ae41be0818b8e690
flat;Первый Строительный;developer;sale;Первомайский;12;14;;Новосибирск;6060300;Скандинавские Кварталы ЖК;1;;42.05;Речной вокзал;https://novosibirsk.cian.ru/sale/flat/314873734/?mlSearchSessionGuid=e0f94a0489a6b836ae41be0818b8e690
flat;ЖИЛФОНД;real_estate_agent;sale;Кировский;5;5;66;Новосибирск;2680000;;1; Зорге;28.4;Площадь Маркса;https://novosibirsk.cian.ru/sale/flat/326555095/?mlSearchSessionGuid=e0f94a0489a6b836ae41be0818b8e690
flat;Мега Апартс;developer;sale;Кировский;1;4;;Новосибирск;5500000;Апарт-отель Мега апартс;1;;26.87;Площадь Маркса;https://novosibirsk.cian.ru/sale/flat/320760073/?mlSearchSessionGuid=e0f94a0489a6b836ae41be0818b8e690
flat;ID 89451841;unknown;sale;Заельцовский;8;18;167/3;Новосибирск;10190000;Расцветай на Красном;1;Красный проспект;39.0;Заельцовская;https://novosibirsk.cian.ru/sale/flat/326539868/?mlSearchSessionGuid=e0f94a0489a6b836ae41be0818b8e690
flat;ЖИЛФОНД;real_estate_agent;sale;Кировский;3;9;74;Новосибирск;3100000;;1; Петухова;30.0;Площадь Маркса;https://novosibirsk.cian.ru/sale/flat/323671354/?mlSearchSessionGuid=e0f94a0489a6b836ae41be0818b8e690
flat;Этажи;real_estate_agent;sale;Октябрьский;15;27;7;Новосибирск;5400000;Ваш выбор;1;Вилюйская ;48.2;Речной вокзал;https://novosibirsk.cian.ru/sale/flat/324309386/?mlSearchSessionGuid=e0f94a0489a6b836ae41be0818b8e690
flat;ЖИЛФОНД;real_estate_agent;sale;Октябрьский;1;10;171/12;Новосибирск;2900000;Плющихинский;1; В. Высоцкого;41.36;Золотая Нива;https://novosibirsk.cian.ru/sale/flat/326833550/?mlSearchSessionGuid=e0f94a0489a6b836ae41be0818b8e690
flat;Галина Дедусенко;realtor;sale;Советский;6;9;33;Новосибирск;3000000;;1;Приморская ;29.9;Студенческая;https://novosibirsk.cian.ru/sale/flat/320057240/?mlSearchSessionGuid=e0f94a0489a6b836ae41be0818b8e690
flat;ЖК Академия;developer;sale;Октябрьский;22;24;19/1к3;Новосибирск;9070000;Академия;1; Шевченко;38.1;Октябрьская;https://novosibirsk.cian.ru/sale/flat/326465118/?mlSearchSessionGuid=e0f94a0489a6b836ae41be0818b8e690
flat;METRAGE;real_estate_agent;sale;Ленинский;8;16;31;Новосибирск;3950000;Радуга;1;Волховская ;39.9;Площадь Маркса;https://novosibirsk.cian.ru/sale/flat/323075228/?mlSearchSessionGuid=e0f94a0489a6b836ae41be0818b8e690
flat;ЖИЛФОНД;real_estate_agent;sale;Кировский;2;18;53/10;Новосибирск;2990000;Квартал Цветной Бульвар;1; Сибиряков-Гвардейцев;22.5;Площадь Маркса;https://novosibirsk.cian.ru/sale/flat/322349161/?mlSearchSessionGuid=e0f94a0489a6b836ae41be0818b8e690
flat;Дом-Строй;developer;sale;Железнодорожный;19;25;;Новосибирск;9503000;Лемонт ЖК;1;;37.9;Гагаринская;https://novosibirsk.cian.ru/sale/flat/323689564/?mlSearchSessionGuid=e0f94a0489a6b836ae41be0818b8e690
flat;ЖИЛФОНД;real_estate_agent;sale;Ленинский;4;5;50/2;Новосибирск;2600000;;1;Станционная ;29.2;Площадь Маркса;https://novosibirsk.cian.ru/sale/flat/305737672/?mlSearchSessionGuid=e0f94a0489a6b836ae41be0818b8e690
flat;ID 91545481;unknown;sale;Калининский;1;5;55;Новосибирск;2950000;;1; Магистральная;36.0;Заельцовская;https://novosibirsk.cian.ru/sale/flat/323331092/?mlSearchSessionGuid=e0f94a0489a6b836ae41be0818b8e690
flat;PRO Недвижимость;real_estate_agent;sale;Дзержинский;16;17;56;Новосибирск;6000000;;1; Красина;39.3;Березовая Роща;https://novosibirsk.cian.ru/sale/flat/323405711/?mlSearchSessionGuid=e0f94a0489a6b836ae41be0818b8e690
flat;PRO Недвижимость;real_estate_agent;sale;Кировский;3;5;40;Новосибирск;3100000;;1; Зорге;29.0;Площадь Маркса;https://novosibirsk.cian.ru/sale/flat/327055412/?mlSearchSessionGuid=e0f94a0489a6b836ae41be0818b8e690
flat;SG DEVELOPMENT;developer;sale;Ленинский;8;22;4/7;Новосибирск;11000000;Апартаменты АЭРОН;1;площадь Карла Маркса;41.65;Площадь Маркса;https://novosibirsk.cian.ru/sale/flat/326423381/?mlSearchSessionGuid=e0f94a0489a6b836ae41be0818b8e690
flat;Ново-Николаевскъ;real_estate_agent;sale;Дзержинский;9;10;10/1;Новосибирск;6500000;;1; Королева;38.0;Березовая Роща;https://novosibirsk.cian.ru/sale/flat/317545770/?mlSearchSessionGuid=e0f94a0489a6b836ae41be0818b8e690
flat;РайоныКварталы;real_estate_agent;sale;Первомайский;2;5;9;Новосибирск;3200000;;1;Звездная ;30.6;Речной вокзал;https://novosibirsk.cian.ru/sale/flat/325062166/?mlSearchSessionGuid=e0f94a0489a6b836ae41be0818b8e690
flat;ГК Союз;developer;sale;Ленинский;17;17;106;Новосибирск;5050000;Новый горизонт;1;Рельефная ;33.7;Площадь Маркса;https://novosibirsk.cian.ru/sale/flat/325362558/?mlSearchSessionGuid=e0f94a0489a6b836ae41be0818b8e690
flat;РайоныКварталы;real_estate_agent;sale;Ленинский;1;10;86/1;Новосибирск;3300000;;1; Пархоменко;34.0;Площадь Маркса;https://novosibirsk.cian.ru/sale/flat/324851468/?mlSearchSessionGuid=e0f94a0489a6b836ae41be0818b8e690
flat;Novostroy-expert;real_estate_agent;sale;Октябрьский;1;25;155;Новосибирск;6051200;Пролетарский;1;Пролетарская ;39.04;Золотая Нива;https://novosibirsk.cian.ru/sale/flat/319843719/?mlSearchSessionGuid=e0f94a0489a6b836ae41be0818b8e690
flat;ID 47500235;unknown;sale;Кировский;5;10;99;Новосибирск;3550000;Матрешкин двор;1; Петухова;25.0;Студенческая;https://novosibirsk.cian.ru/sale/flat/322331491/?mlSearchSessionGuid=e0f94a0489a6b836ae41be0818b8e690
flat;Novostroy-expert;real_estate_agent;sale;Заельцовский;1;6;88;Новосибирск;12000000;Авиатор;1; Аэропорт;73.1;Заельцовская;https://novosibirsk.cian.ru/sale/flat/325785876/?mlSearchSessionGuid=e0f94a0489a6b836ae41be0818b8e690
flat;РайоныКварталы;real_estate_agent;sale;Ленинский;1;9;139;Новосибирск;3699999;;1; Связистов;29.5;Площадь Маркса;https://novosibirsk.cian.ru/sale/flat/322999291/?mlSearchSessionGuid=e0f94a0489a6b836ae41be0818b8e690
flat;SIBWILL;real_estate_agent;sale;Заельцовский;15;16;242;Новосибирск;8000000;Возрождение;1; Дуси Ковальчук;39.5;Заельцовская;https://novosibirsk.cian.ru/sale/flat/322025266/?mlSearchSessionGuid=e0f94a0489a6b836ae41be0818b8e690
flat;РайоныКварталы;real_estate_agent;sale;Заельцовский;5;5;19;Новосибирск;3900000;;1; Дмитрия Донского;31.2;Заельцовская;https://novosibirsk.cian.ru/sale/flat/320586439/?mlSearchSessionGuid=e0f94a0489a6b836ae41be0818b8e690
flat;Владис Центральное;real_estate_agent;sale;Ленинский;4;10;15;Новосибирск;3800000;Чистая слобода;1;Спортивная ;36.8;Площадь Маркса;https://novosibirsk.cian.ru/sale/flat/325704197/?mlSearchSessionGuid=e0f94a0489a6b836ae41be0818b8e690
flat;Лигр;developer;sale;Октябрьский;6;11;75;Новосибирск;8200000;NOVA-апарт;1;Автогенная ;42.4;Речной вокзал;https://novosibirsk.cian.ru/sale/flat/321065870/?mlSearchSessionGuid=e0f94a0489a6b836ae41be0818b8e690
flat;МакроМир;real_estate_agent;sale;Октябрьский;18;25;11;Новосибирск;8300000;Закаменский-11;1;Закаменский мкр;42.1;Золотая Нива;https://novosibirsk.cian.ru/sale/flat/324854960/?mlSearchSessionGuid=e0f94a0489a6b836ae41be0818b8e690
flat;РайоныКварталы;real_estate_agent;sale;Кировский;13;17;13;Новосибирск;3990000;;1; Виктора Уса;42.3;Площадь Маркса;https://novosibirsk.cian.ru/sale/flat/320545765/?mlSearchSessionGuid=e0f94a0489a6b836ae41be0818b8e690
flat;SIBWILL;real_estate_agent;sale;Железнодорожный;11;21;;Новосибирск;7650000;Комсомольский Проспект ЖК;1;;30.2;Площадь Гарина-Михайловского;https://novosibirsk.cian.ru/sale/flat/317503346/?mlSearchSessionGuid=e0f94a0489a6b836ae41be0818b8e690
flat;Кирилл Стариков;realtor;sale;Ленинский;14;23;10;Новосибирск;6100000;Оптимисты;1;Пермская ;35.28;Площадь Маркса;https://novosibirsk.cian.ru/sale/flat/327018437/?mlSearchSessionGuid=e0f94a0489a6b836ae41be0818b8e690
flat;2ПН;real_estate_agent;sale;Октябрьский;6;10;54/1;Новосибирск;4050000;Плющихинский;1; В. Высоцкого;42.4;Золотая Нива;https://novosibirsk.cian.ru/sale/flat/326062735/?mlSearchSessionGuid=e0f94a0489a6b836ae41be0818b8e690
flat;SIBWILL;real_estate_agent;sale;Дзержинский;10;25;3/1;Новосибирск;7250000;Расцветай на Авиастроителей;1; Авиастроителей;45.47;Березовая Роща;https://novosibirsk.cian.ru/sale/flat/325709026/?mlSearchSessionGuid=e0f94a0489a6b836ae41be0818b8e690
flat;Хорошие люди;real_estate_agent;sale;Заельцовский;4;8;188;Новосибирск;4700000;;1;Красный проспект;27.6;Заельцовская;https://novosibirsk.cian.ru/sale/flat/322332006/?mlSearchSessionGuid=e0f94a0489a6b836ae41be0818b8e690
flat;РайоныКварталы;real_estate_agent;sale;Октябрьский;14;16;15;Новосибирск;4190000;Место;1;Ипподромская ;20.2;Октябрьская;https://novosibirsk.cian.ru/sale/flat/320546858/?mlSearchSessionGuid=e0f94a0489a6b836ae41be0818b8e690
flat;Брусника Обмен;real_estate_agent;sale;Ленинский;15;24;12;Новосибирск;6570000;AUROOM;1;;41.7;Спортивная;https://novosibirsk.cian.ru/sale/flat/325662529/?mlSearchSessionGuid=e0f94a0489a6b836ae41be0818b8e690
flat;Скандиа;real_estate_agent;sale;Заельцовский;5;8;79;Новосибирск;7950000;Премиум-квартал Новый Кедровый;1;Кедровая ;41.9;Заельцовская;https://novosibirsk.cian.ru/sale/flat/324318857/?mlSearchSessionGuid=e0f94a0489a6b836ae41be0818b8e690
flat;ПЛАНЕТА на Маркса;real_estate_agent;sale;Кировский;1;9;59/1;Новосибирск;3000000;;1; Мира;32.0;Площадь Маркса;https://novosibirsk.cian.ru/sale/flat/325761828/?mlSearchSessionGuid=e0f94a0489a6b836ae41be0818b8e690
flat;СМС;developer;sale;Дзержинский;13;22;;Новосибирск;6700000;Биография ЖК;1;;35.01;Золотая Нива;https://novosibirsk.cian.ru/sale/flat/311536420/?mlSearchSessionGuid=e0f94a0489a6b836ae41be0818b8e690
flat;ЖИЛФОНД;real_estate_agent;sale;Кировский;4;9;80;Новосибирск;3150000;;1; Сибиряков-Гвардейцев;37.2;Площадь Маркса;https://novosibirsk.cian.ru/sale/flat/319815325/?mlSearchSessionGuid=e0f94a0489a6b836ae41be0818b8e690
flat;ХИММЕТАЛЛ;developer;sale;Октябрьский;24;24;33/6;Новосибирск;8590000;Никольский Парк;1; Гаранина;36.7;Золотая Нива;https://novosibirsk.cian.ru/sale/flat/322351267/?mlSearchSessionGuid=e0f94a0489a6b836ae41be0818b8e690
flat;Novostroy-expert;real_estate_agent;sale;Заельцовский;16;22;100;Новосибирск;8650000;Расцветай на Кропоткина;1; Брестская Горка;41.1;Гагаринская;https://novosibirsk.cian.ru/sale/flat/325716957/?mlSearchSessionGuid=e0f94a0489a6b836ae41be0818b8e690
flat;Республика;real_estate_agent;sale;Ленинский;2;5;34;Новосибирск;3800000;;1;Курганская ;29.7;Площадь Маркса;https://novosibirsk.cian.ru/sale/flat/323707909/?mlSearchSessionGuid=e0f94a0489a6b836ae41be0818b8e690
flat;РайоныКварталы;real_estate_agent;sale;Ленинский;15;27;39;Новосибирск;4900000;Радуга;1;Волховская ;46.0;Площадь Маркса;https://novosibirsk.cian.ru/sale/flat/325365742/?mlSearchSessionGuid=e0f94a0489a6b836ae41be0818b8e690
flat;SIBWILL;real_estate_agent;sale;Октябрьский;14;25;6/1;Новосибирск;8969420;Марсель 2;1; Владимира Заровного;49.48;Речной вокзал;https://novosibirsk.cian.ru/sale/flat/321990999/?mlSearchSessionGuid=e0f94a0489a6b836ae41be0818b8e690
flat;ЖИЛФОНД;real_estate_agent;sale;Калининский;5;5;6А;Новосибирск;1770000;;1; Сухановская;14.0;Заельцовская;https://novosibirsk.cian.ru/sale/flat/326310583/?mlSearchSessionGuid=e0f94a0489a6b836ae41be0818b8e690
flat;SIBWILL;real_estate_agent;sale;Октябрьский;25;25;;Новосибирск;5350000;Астон.Геометрия ЖК;1;;32.41;Октябрьская;https://novosibirsk.cian.ru/sale/flat/326327288/?mlSearchSessionGuid=e0f94a0489a6b836ae41be0818b8e690
flat;ЖИЛФОНД;real_estate_agent;sale;Кировский;5;10;99;Новосибирск;2600000;Матрешкин двор;1; Петухова;20.8;Студенческая;https://novosibirsk.cian.ru/sale/flat/313369412/?mlSearchSessionGuid=e0f94a0489a6b836ae41be0818b8e690
flat;Novostroy-expert;real_estate_agent;sale;Кировский;6;17;53/7;Новосибирск;5200000;Квартал Цветной Бульвар;1; Сибиряков-Гвардейцев;38.6;Площадь Маркса;https://novosibirsk.cian.ru/sale/flat/325714768/?mlSearchSessionGuid=e0f94a0489a6b836ae41be0818b8e690
flat;Поиск Метров;real_estate_agent;sale;Ленинский;2;12;7;Новосибирск;3999999;Дивногорский;1; Юности;36.4;Площадь Маркса;https://novosibirsk.cian.ru/sale/flat/327033035/?mlSearchSessionGuid=e0f94a0489a6b836ae41be0818b8e690
flat;Брусника Обмен;real_estate_agent;sale;Кировский;5;17;170;Новосибирск;4200000;;1; Петухова;37.0;Площадь Маркса;https://novosibirsk.cian.ru/sale/flat/326582829/?mlSearchSessionGuid=e0f94a0489a6b836ae41be0818b8e690
flat;ID 125260978;developer;sale;Октябрьский;22;25;;Новосибирск;5650000;Гринвилл ЖК;1;;27.63;Речной вокзал;https://novosibirsk.cian.ru/sale/flat/325045502/?mlSearchSessionGuid=e0f94a0489a6b836ae41be0818b8e690
flat;КМ;developer;sale;Октябрьский;13;18;;Новосибирск;8290000;Мичурин;1;;41.02;Золотая Нива;https://novosibirsk.cian.ru/sale/flat/303329197/?mlSearchSessionGuid=e0f94a0489a6b836ae41be0818b8e690
flat;ЖИЛФОНД;real_estate_agent;sale;Кировский;3;9;40;Новосибирск;2850000;;1; Чемская;30.5;Студенческая;https://novosibirsk.cian.ru/sale/flat/326690080/?mlSearchSessionGuid=e0f94a0489a6b836ae41be0818b8e690
flat;SIBWILL;real_estate_agent;sale;;11;25;229/4;Новосибирск;5100000;Расцветай на Зорге;1; Зорге;42.56;Площадь Маркса;https://novosibirsk.cian.ru/sale/flat/325710212/?mlSearchSessionGuid=e0f94a0489a6b836ae41be0818b8e690
flat;Брусника Обмен;real_estate_agent;sale;Октябрьский;1;10;122;Новосибирск;6500000;мкр. Европейский Берег;1;Большевистская ;35.0;Речной вокзал;https://novosibirsk.cian.ru/sale/flat/325781641/?mlSearchSessionGuid=e0f94a0489a6b836ae41be0818b8e690
flat;Novostroy-expert;real_estate_agent;sale;Октябрьский;26;29;51;Новосибирск;14171000;Тихомиров;1;Военная ;50.1;Октябрьская;https://novosibirsk.cian.ru/sale/flat/325714056/?mlSearchSessionGuid=e0f94a0489a6b836ae41be0818b8e690
flat;Этажи;real_estate_agent;sale;Дзержинский;17;25;195/6;Новосибирск;6850000;Галактика;1; Николая Островского;49.1;Березовая Роща;https://novosibirsk.cian.ru/sale/flat/324797535/?mlSearchSessionGuid=e0f94a0489a6b836ae41be0818b8e690
flat;РайоныКварталы;real_estate_agent;sale;Заельцовский;5;17;49;Новосибирск;5400000;Нормандия-Неман;1; Аэропорт;32.4;Заельцовская;https://novosibirsk.cian.ru/sale/flat/320578672/?mlSearchSessionGuid=e0f94a0489a6b836ae41be0818b8e690
flat;Энергомонтаж;developer;sale;Калининский;13;13;;Новосибирск;6000000;Династия ЖК;1;Родники мкр;41.4;Заельцовская;https://novosibirsk.cian.ru/sale/flat/324824470/?mlSearchSessionGuid=e0f94a0489a6b836ae41be0818b8e690
flat;Этажи;real_estate_agent;sale;Ленинский;16;17;69;Новосибирск;3950000;Радуга Сибири;1; Забалуева;37.8;Студенческая;https://novosibirsk.cian.ru/sale/flat/326107048/?mlSearchSessionGuid=e0f94a0489a6b836ae41be0818b8e690
flat;СМСС;developer;sale;Заельцовский;19;25;52/4;Новосибирск;3871850;Чкалов;1;Светлановская ;18.35;Заельцовская;https://novosibirsk.cian.ru/sale/flat/325989045/?mlSearchSessionGuid=e0f94a0489a6b836ae41be0818b8e690
flat;ГК ВербаКапитал;developer;sale;Октябрьский;8;13;;Новосибирск;10186000;Инские Холмы ЖК;1;;46.3;Речной вокзал;https://novosibirsk.cian.ru/sale/flat/326097528/?mlSearchSessionGuid=e0f94a0489a6b836ae41be0818b8e690
flat;Rialtor Group;real_estate_agent;sale;Октябрьский;12;18;26/2;Новосибирск;4900000;Эверест;1; Ключ-Камышенское плато;49.0;Речной вокзал;https://novosibirsk.cian.ru/sale/flat/310057438/?mlSearchSessionGuid=e0f94a0489a6b836ae41be0818b8e690
flat;Альфа Дом;real_estate_agent;sale;Ленинский;2;5;22;Новосибирск;3199000;;1; 9-й Гвардейской Дивизии;29.5;Площадь Маркса;https://novosibirsk.cian.ru/sale/flat/322793517/?mlSearchSessionGuid=e0f94a0489a6b836ae41be0818b8e690
flat;SKY GROUP;developer;sale;Ленинский;5;25;48;Новосибирск;6700000;Салют;1; Титова;36.86;Площадь Маркса;https://novosibirsk.cian.ru/sale/flat/320830976/?mlSearchSessionGuid=e0f94a0489a6b836ae41be0818b8e690
flat;ЖИЛФОНД;real_estate_agent;sale;Кировский;3;10;99/1;Новосибирск;2700000;Матрешкин двор;1; Петухова;20.7;Площадь Маркса;https://novosibirsk.cian.ru/sale/flat/326430579/?mlSearchSessionGuid=e0f94a0489a6b836ae41be0818b8e690
flat;Сибирь Девелопмент;developer;sale;Заельцовский;2;23;248/1;Новосибирск;9240700;Заельцовский NEW;1; Дуси Ковальчук;44.9;Заельцовская;https://novosibirsk.cian.ru/sale/flat/323228289/?mlSearchSessionGuid=e0f94a0489a6b836ae41be0818b8e690
flat;Города Новосибирск;real_estate_agent;sale;Кировский;2;5;20/1;Новосибирск;5600000;;1;Новогодняя ;32.0;Площадь Маркса;https://novosibirsk.cian.ru/sale/flat/319834393/?mlSearchSessionGuid=e0f94a0489a6b836ae41be0818b8e690
flat;Владис Центральное;real_estate_agent;sale;Ленинский;3;5;18/2;Новосибирск;2930000;;1; Котовского;23.0;Площадь Маркса;https://novosibirsk.cian.ru/sale/flat/322340872/?mlSearchSessionGuid=e0f94a0489a6b836ae41be0818b8e690
flat;РНГС;developer;sale;Советский;15;15;13;Новосибирск;10750000;Квартал на Российской;1; Рубиновая;42.27;Речной вокзал;https://novosibirsk.cian.ru/sale/flat/326220447/?mlSearchSessionGuid=e0f94a0489a6b836ae41be0818b8e690
flat;Этажи;real_estate_agent;sale;Октябрьский;4;18;7/1;Новосибирск;4400000;Плющихинский;1; Виталия Потылицына;40.1;Золотая Нива;https://novosibirsk.cian.ru/sale/flat/326719236/?mlSearchSessionGuid=e0f94a0489a6b836ae41be0818b8e690
flat;ЖИЛФОНД;real_estate_agent;sale;Первомайский;3;17;22/3;Новосибирск;2999000;Берёзовое;1; Твардовского;27.6;Речной вокзал;https://novosibirsk.cian.ru/sale/flat/325287532/?mlSearchSessionGuid=e0f94a0489a6b836ae41be0818b8e690
flat;Novostroy-expert;real_estate_agent;sale;Дзержинский;2;30;;Новосибирск;7200000;Сити Тауэрс ЖК;1;;29.8;Березовая Роща;https://novosibirsk.cian.ru/sale/flat/326070249/?mlSearchSessionGuid=e0f94a0489a6b836ae41be0818b8e690
flat;Этажи;real_estate_agent;sale;Кировский;2;3;33;Новосибирск;3950000;;1; Палласа;42.0;Площадь Маркса;https://novosibirsk.cian.ru/sale/flat/325324907/?mlSearchSessionGuid=e0f94a0489a6b836ae41be0818b8e690
flat;SIBWILL;real_estate_agent;sale;Кировский;9;9;277;Новосибирск;3186800;Серебряный ключ;1; Зорге;25.7;Площадь Маркса;https://novosibirsk.cian.ru/sale/flat/305187367/?mlSearchSessionGuid=e0f94a0489a6b836ae41be0818b8e690
flat;Этажи;real_estate_agent;sale;Кировский;1;17;80;Новосибирск;5099000;Тульский;1;Тульская ;36.25;Студенческая;https://novosibirsk.cian.ru/sale/flat/320853989/?mlSearchSessionGuid=e0f94a0489a6b836ae41be0818b8e690
flat;Хорошие люди;real_estate_agent;sale;Заельцовский;2;9;47/2;Новосибирск;5499000;;1;Линейная ;38.4;Гагаринская;https://novosibirsk.cian.ru/sale/flat/325398423/?mlSearchSessionGuid=e0f94a0489a6b836ae41be0818b8e690
flat;Брусника Обмен;real_estate_agent;sale;Центральный;6;15;41;Новосибирск;7500000;Огни Сибири;1; Некрасова;28.6;Маршала Покрышкина;https://novosibirsk.cian.ru/sale/flat/326582837/?mlSearchSessionGuid=e0f94a0489a6b836ae41be0818b8e690
flat;РайоныКварталы;real_estate_agent;sale;Железнодорожный;5;15;6;Новосибирск;7600000;Комсомольский проспект;1;Комсомольский проспект;28.4;Площадь Гарина-Михайловского;https://novosibirsk.cian.ru/sale/flat/325225383/?mlSearchSessionGuid=e0f94a0489a6b836ae41be0818b8e690
flat;Novostroy-expert;real_estate_agent;sale;Заельцовский;23;25;385;Новосибирск;8650000;Расцветай на Дуси Ковальчук;1; Дуси Ковальчук;44.84;Заельцовская;https://novosibirsk.cian.ru/sale/flat/325716774/?mlSearchSessionGuid=e0f94a0489a6b836ae41be0818b8e690
flat;РайоныКварталы;real_estate_agent;sale;Октябрьский;5;24;115;Новосибирск;7999999;;1; Кирова;37.45;Октябрьская;https://novosibirsk.cian.ru/sale/flat/326514125/?mlSearchSessionGuid=e0f94a0489a6b836ae41be0818b8e690
flat;РайоныКварталы;real_estate_agent;sale;Железнодорожный;16;23;6;Новосибирск;7999999;Беринг;1; Прибрежная;40.0;Площадь Гарина-Михайловского;https://novosibirsk.cian.ru/sale/flat/321607600/?mlSearchSessionGuid=e0f94a0489a6b836ae41be0818b8e690
flat;ID 108738808;developer;sale;Советский;10;25;;Новосибирск;6040000;Черемушки на Приморской ЖК;1;ОбьГЭС мкр;41.1;Студенческая;https://novosibirsk.cian.ru/sale/flat/324479147/?mlSearchSessionGuid=e0f94a0489a6b836ae41be0818b8e690
flat;Брусника Обмен;real_estate_agent;sale;Дзержинский;15;25;23/2;Новосибирск;8000000;Золотая Нива;1; Кошурникова;43.1;Золотая Нива;https://novosibirsk.cian.ru/sale/flat/325654763/?mlSearchSessionGuid=e0f94a0489a6b836ae41be0818b8e690
flat;ID 131514506;realtor;sale;Октябрьский;10;20;154;Новосибирск;8300000;Марсель;1;2-я Обская ;45.7;Речной вокзал;https://novosibirsk.cian.ru/sale/flat/325241929/?mlSearchSessionGuid=e0f94a0489a6b836ae41be0818b8e690
flat;Кристалл;developer;sale;Кировский;16;17;285;Новосибирск;5800000;Зоркий Парк;1; Зорге;43.67;Площадь Маркса;https://novosibirsk.cian.ru/sale/flat/320952248/?mlSearchSessionGuid=e0f94a0489a6b836ae41be0818b8e690
flat;РайоныКварталы;real_estate_agent;sale;Октябрьский;16;20;340;Новосибирск;8300000;BALANCE;1;Ленинградская ;45.3;Речной вокзал;https://novosibirsk.cian.ru/sale/flat/323037053/?mlSearchSessionGuid=e0f94a0489a6b836ae41be0818b8e690
flat;РайоныКварталы;real_estate_agent;sale;Октябрьский;10;24;6/1;Новосибирск;8700000;Марсель 2;1; Владимира Заровного;52.9;Речной вокзал;https://novosibirsk.cian.ru/sale/flat/323037054/?mlSearchSessionGuid=e0f94a0489a6b836ae41be0818b8e690
flat;ВИВАТ! Девелопмент;developer;sale;Октябрьский;7;17;;Новосибирск;6970000;Виват Знаменский ЖК;1;Знаменский кв-л;40.44;Золотая Нива;https://novosibirsk.cian.ru/sale/flat/318286279/?mlSearchSessionGuid=e0f94a0489a6b836ae41be0818b8e690
flat;РайоныКварталы;real_estate_agent;sale;Октябрьский;10;20;340;Новосибирск;9500000;BALANCE;1;Ленинградская ;51.0;Речной вокзал;https://novosibirsk.cian.ru/sale/flat/320570557/?mlSearchSessionGuid=e0f94a0489a6b836ae41be0818b8e690
flat;ID 117135474;homeowner;sale;Ленинский;18;24;12;Новосибирск;9000000;AUROOM;1;;45.59;Спортивная;https://novosibirsk.cian.ru/sale/flat/326192835/?mlSearchSessionGuid=e0f94a0489a6b836ae41be0818b8e690
flat;Застройщик ТДСК;developer;sale;Ленинский;14;17;9/2;Новосибирск;5460000;Аквамарин;1;Междуреченская ;38.58;Красный Проспект;https://novosibirsk.cian.ru/sale/flat/325039548/?mlSearchSessionGuid=e0f94a0489a6b836ae41be0818b8e690
flat;РайоныКварталы;real_estate_agent;sale;Центральный;5;17;93;Новосибирск;9555000;Мылзавод;1; Семьи Шамшиных;43.2;Маршала Покрышкина;https://novosibirsk.cian.ru/sale/flat/326922621/?mlSearchSessionGuid=e0f94a0489a6b836ae41be0818b8e690
flat;РайоныКварталы;real_estate_agent;sale;Центральный;5;17;93;Новосибирск;9560000;Мылзавод;1; Семьи Шамшиных;43.2;Маршала Покрышкина;https://novosibirsk.cian.ru/sale/flat/326922620/?mlSearchSessionGuid=e0f94a0489a6b836ae41be0818b8e690
flat;SIBWILL;real_estate_agent;sale;Заельцовский;5;26;182/3;Новосибирск;5800000;Тайм Парк Апартаменты;1;Красный проспект;37.1;Заельцовская;https://novosibirsk.cian.ru/sale/flat/325709297/?mlSearchSessionGuid=e0f94a0489a6b836ae41be0818b8e690
flat;РайоныКварталы;real_estate_agent;sale;Центральный;16;18;25;Новосибирск;9900000;На Трудовой;1;Трудовая ;38.0;Площадь Ленина;https://novosibirsk.cian.ru/sale/flat/325225381/?mlSearchSessionGuid=e0f94a0489a6b836ae41be0818b8e690
flat;РайоныКварталы;real_estate_agent;sale;Железнодорожный;13;20;6/1;Новосибирск;10500000;Беринг;1; Прибрежная;46.0;Площадь Гарина-Михайловского;https://novosibirsk.cian.ru/sale/flat/322333719/?mlSearchSessionGuid=e0f94a0489a6b836ae41be0818b8e690
flat;SIBWILL;real_estate_agent;sale;Заельцовский;5;8;79;Новосибирск;7950000;Премиум-квартал Новый Кедровый;1;Кедровая ;41.9;Заельцовская;https://novosibirsk.cian.ru/sale/flat/326327362/?mlSearchSessionGuid=e0f94a0489a6b836ae41be0818b8e690
flat;Брокер Кэпитал;real_estate_agent;sale;Октябрьский;3;9;25/1;Новосибирск;11500000;На Декабристов;1; Сакко и Ванцетти;41.0;Речной вокзал;https://novosibirsk.cian.ru/sale/flat/326558748/?mlSearchSessionGuid=e0f94a0489a6b836ae41be0818b8e690
flat;ID 138953912;homeowner;sale;Октябрьский;22;24;32;Новосибирск;13800000;Римский квартал;1; Кирова;52.4;Октябрьская;https://novosibirsk.cian.ru/sale/flat/326438203/?mlSearchSessionGuid=e0f94a0489a6b836ae41be0818b8e690
flat;ГринАгроСтрой;developer;sale;Калининский;2;9;2/1;Новосибирск;4500000;Поколение;1; Михаила Востокова;23.5;Заельцовская;https://novosibirsk.cian.ru/sale/flat/325782392/?mlSearchSessionGuid=e0f94a0489a6b836ae41be0818b8e690
flat;АЛЬФА-НЕДВИЖИМОСТЬ;real_estate_agent;sale;Первомайский;1;2;5;Новосибирск;2400000;;1; Матросова;31.0;Речной вокзал;https://novosibirsk.cian.ru/sale/flat/326215271/?mlSearchSessionGuid=e0f94a0489a6b836ae41be0818b8e690
flat;НСК-top;real_estate_agent;sale;Ленинский;3;5;22;Новосибирск;3200000;;1; Пархоменко;30.5;Студенческая;https://novosibirsk.cian.ru/sale/flat/326714500/?mlSearchSessionGuid=e0f94a0489a6b836ae41be0818b8e690
flat;Забота;real_estate_agent;sale;Кировский;5;9;31;Новосибирск;3200000;;1; Комсомольская;29.9;Студенческая;https://novosibirsk.cian.ru/sale/flat/326163106/?mlSearchSessionGuid=e0f94a0489a6b836ae41be0818b8e690
flat;Новактив;real_estate_agent;sale;Ленинский;1;2;36/1;Новосибирск;3200000;;1; Расковой;31.0;Площадь Маркса;https://novosibirsk.cian.ru/sale/flat/324414874/?mlSearchSessionGuid=e0f94a0489a6b836ae41be0818b8e690
flat;100 Домов-Новосибирск;real_estate_agent;sale;Калининский;4;5;21;Новосибирск;3200000;;1; Столетова;29.5;Заельцовская;https://novosibirsk.cian.ru/sale/flat/324509552/?mlSearchSessionGuid=e0f94a0489a6b836ae41be0818b8e690
flat;Новосибирский Центр Недвижимости;real_estate_agent;sale;Кировский;4;5;55/1;Новосибирск;3200000;;1; Петухова;29.0;Площадь Маркса;https://novosibirsk.cian.ru/sale/flat/326204416/?mlSearchSessionGuid=e0f94a0489a6b836ae41be0818b8e690
flat;Планета на Станиславского;real_estate_agent;sale;Кировский;5;9;144;Новосибирск;3220000;;1; Петухова;30.1;Площадь Маркса;https://novosibirsk.cian.ru/sale/flat/318369527/?mlSearchSessionGuid=e0f94a0489a6b836ae41be0818b8e690
flat;ЖИЛФОНД;real_estate_agent;sale;Кировский;7;9;59/1;Новосибирск;3250000;;1; Мира;31.0;Площадь Маркса;https://novosibirsk.cian.ru/sale/flat/324194861/?mlSearchSessionGuid=e0f94a0489a6b836ae41be0818b8e690
flat;ЖИЛФОНД;real_estate_agent;sale;Ленинский;4;4;2;Новосибирск;3250000;;1;Путевая ;30.7;Студенческая;https://novosibirsk.cian.ru/sale/flat/319142423/?mlSearchSessionGuid=e0f94a0489a6b836ae41be0818b8e690
flat;ЖИЛФОНД;real_estate_agent;sale;Дзержинский;4;5;33/2;Новосибирск;3270000;;1; Доватора;29.2;Золотая Нива;https://novosibirsk.cian.ru/sale/flat/326989647/?mlSearchSessionGuid=e0f94a0489a6b836ae41be0818b8e690
flat;ЖИЛФОНД;real_estate_agent;sale;Ленинский;6;9;61;Новосибирск;3250000;;1; Невельского;29.6;Площадь Маркса;https://novosibirsk.cian.ru/sale/flat/326931958/?mlSearchSessionGuid=e0f94a0489a6b836ae41be0818b8e690
flat;СИБИРЬ;real_estate_agent;sale;Калининский;7;9;13;Новосибирск;3250000;;1; Макаренко;29.9;Заельцовская;https://novosibirsk.cian.ru/sale/flat/326718607/?mlSearchSessionGuid=e0f94a0489a6b836ae41be0818b8e690
flat;Владис Центральное;real_estate_agent;sale;Первомайский;4;17;1/7;Новосибирск;3250000;Берёзовое;1; Одоевского;29.3;Спортивная;https://novosibirsk.cian.ru/sale/flat/327055802/?mlSearchSessionGuid=e0f94a0489a6b836ae41be0818b8e690
flat;Дельта;real_estate_agent;sale;Советский;2;5;6;Новосибирск;3250000;;1;Софийская ;33.1;Студенческая;https://novosibirsk.cian.ru/sale/flat/320917525/?mlSearchSessionGuid=e0f94a0489a6b836ae41be0818b8e690
flat;Дельта;real_estate_agent;sale;Советский;3;5;13;Новосибирск;3250000;;1;Часовая ;30.2;Студенческая;https://novosibirsk.cian.ru/sale/flat/316872712/?mlSearchSessionGuid=e0f94a0489a6b836ae41be0818b8e690
flat;Дельта;real_estate_agent;sale;Советский;2;5;24;Новосибирск;3250000;;1;Ветлужская ;30.5;Студенческая;https://novosibirsk.cian.ru/sale/flat/320914889/?mlSearchSessionGuid=e0f94a0489a6b836ae41be0818b8e690
flat;Владис Центральное;real_estate_agent;sale;Ленинский;5;9;81;Новосибирск;3250000;;1; Невельского;29.4;Площадь Маркса;https://novosibirsk.cian.ru/sale/flat/324770278/?mlSearchSessionGuid=e0f94a0489a6b836ae41be0818b8e690
flat;Вместе;real_estate_agent;sale;Кировский;7;9;23;Новосибирск;3250000;;1; Громова;33.1;Площадь Маркса;https://novosibirsk.cian.ru/sale/flat/323232070/?mlSearchSessionGuid=e0f94a0489a6b836ae41be0818b8e690
flat;АЛЬФА-НЕДВИЖИМОСТЬ;real_estate_agent;sale;Кировский;2;10;18/1;Новосибирск;3250000;Просторный;1; Виктора Шевелева;41.4;Студенческая;https://novosibirsk.cian.ru/sale/flat/324498549/?mlSearchSessionGuid=e0f94a0489a6b836ae41be0818b8e690
flat;Недвижимость Новосибирска-НН;real_estate_agent;sale;Ленинский;3;5;12;Новосибирск;3260000;;1; Немировича-Данченко;30.0;Площадь Маркса;https://novosibirsk.cian.ru/sale/flat/310184606/?mlSearchSessionGuid=e0f94a0489a6b836ae41be0818b8e690
flat;ЖИЛФОНД;real_estate_agent;sale;Калининский;2;5;31/1;Новосибирск;3300000;;1; Объединения;28.4;Заельцовская;https://novosibirsk.cian.ru/sale/flat/326521895/?mlSearchSessionGuid=e0f94a0489a6b836ae41be0818b8e690
flat;ЖИЛФОНД;real_estate_agent;sale;Октябрьский;1;10;1;Новосибирск;3300000;Плющихинский;1; Плющихинская;32.5;Золотая Нива;https://novosibirsk.cian.ru/sale/flat/325246065/?mlSearchSessionGuid=e0f94a0489a6b836ae41be0818b8e690
flat;ЖИЛФОНД;real_estate_agent;sale;Кировский;3;5;5/1;Новосибирск;3300000;;1; Палласа;29.3;Площадь Маркса;https://novosibirsk.cian.ru/sale/flat/324743381/?mlSearchSessionGuid=e0f94a0489a6b836ae41be0818b8e690
flat;ЖИЛФОНД;real_estate_agent;sale;Октябрьский;9;9;117;Новосибирск;3300000;;1;Выборная ;27.5;Речной вокзал;https://novosibirsk.cian.ru/sale/flat/324351880/?mlSearchSessionGuid=e0f94a0489a6b836ae41be0818b8e690
flat;ЖИЛФОНД;real_estate_agent;sale;Кировский;3;5;16;Новосибирск;3300000;;1; Чемская;39.7;Студенческая;https://novosibirsk.cian.ru/sale/flat/323750939/?mlSearchSessionGuid=e0f94a0489a6b836ae41be0818b8e690
flat;ЖИЛФОНД;real_estate_agent;sale;Кировский;4;5;24;Новосибирск;3300000;;1; Чемская;29.0;Площадь Маркса;https://novosibirsk.cian.ru/sale/flat/326755897/?mlSearchSessionGuid=e0f94a0489a6b836ae41be0818b8e690
flat;ЖИЛФОНД;real_estate_agent;sale;Кировский;6;17;4;Новосибирск;3300000;;1; Виктора Уса;31.3;Площадь Маркса;https://novosibirsk.cian.ru/sale/flat/326650422/?mlSearchSessionGuid=e0f94a0489a6b836ae41be0818b8e690
flat;МакроМир;real_estate_agent;sale;Калининский;3;5;88/1;Новосибирск;3300000;;1; Объединения;31.1;Заельцовская;https://novosibirsk.cian.ru/sale/flat/326769154/?mlSearchSessionGuid=e0f94a0489a6b836ae41be0818b8e690
flat;Светлана Толмачева;realtor;sale;Кировский;4;9;235;Новосибирск;3309009;;1; Зорге;33.8;Площадь Маркса;https://novosibirsk.cian.ru/sale/flat/325325674/?mlSearchSessionGuid=e0f94a0489a6b836ae41be0818b8e690
flat;Владис Центральное;real_estate_agent;sale;Ленинский;2;5;120;Новосибирск;3300000;;1; Пархоменко;28.6;Площадь Маркса;https://novosibirsk.cian.ru/sale/flat/326553782/?mlSearchSessionGuid=e0f94a0489a6b836ae41be0818b8e690
flat;СФЕРА-НСК;real_estate_agent;sale;Ленинский;2;3;93;Новосибирск;3300000;;1; Титова;31.2;Площадь Маркса;https://novosibirsk.cian.ru/sale/flat/324064978/?mlSearchSessionGuid=e0f94a0489a6b836ae41be0818b8e690
flat;МакроМир;real_estate_agent;sale;Ленинский;2;5;15;Новосибирск;3300000;;1;Ударная ;30.2;Площадь Маркса;https://novosibirsk.cian.ru/sale/flat/326458441/?mlSearchSessionGuid=e0f94a0489a6b836ae41be0818b8e690
flat;Агентство Единый Центр Недвижимости;real_estate_agent;sale;Кировский;3;9;21;Новосибирск;3300000;;1; Громова;32.7;Площадь Маркса;https://novosibirsk.cian.ru/sale/flat/326668402/?mlSearchSessionGuid=e0f94a0489a6b836ae41be0818b8e690
flat;ЗОЛОТАЯ МИЛЯ;real_estate_agent;sale;Первомайский;3;9;3;Новосибирск;3300000;;1;Узорная ;32.0;Спортивная;https://novosibirsk.cian.ru/sale/flat/326331375/?mlSearchSessionGuid=e0f94a0489a6b836ae41be0818b8e690
flat;ЖИЛФОНД;real_estate_agent;sale;Советский;24;26;5;Новосибирск;3380000;Приморский;1;Приморская ;26.4;Студенческая;https://novosibirsk.cian.ru/sale/flat/326123419/?mlSearchSessionGuid=e0f94a0489a6b836ae41be0818b8e690
flat;ЖИЛФОНД;real_estate_agent;sale;Кировский;8;10;1;Новосибирск;3350000;Просторный;1; Николая Сотникова;38.1;Студенческая;https://novosibirsk.cian.ru/sale/flat/326542752/?mlSearchSessionGuid=e0f94a0489a6b836ae41be0818b8e690
flat;ЖИЛФОНД;real_estate_agent;sale;Ленинский;5;14;253/1;Новосибирск;3350000;Любимый;1; Титова;22.5;Площадь Маркса;https://novosibirsk.cian.ru/sale/flat/322760849/?mlSearchSessionGuid=e0f94a0489a6b836ae41be0818b8e690
flat;ЖИЛФОНД;real_estate_agent;sale;Кировский;14;16;16/3;Новосибирск;3350000;Основа;1; Петухова;20.1;Площадь Маркса;https://novosibirsk.cian.ru/sale/flat/320019882/?mlSearchSessionGuid=e0f94a0489a6b836ae41be0818b8e690
flat;ПЛАНЕТА на Маркса;real_estate_agent;sale;Ленинский;2;5;2;Новосибирск;3360000;;1;Путевая ;31.9;Студенческая;https://novosibirsk.cian.ru/sale/flat/325745627/?mlSearchSessionGuid=e0f94a0489a6b836ae41be0818b8e690
flat;ЖИЛФОНД;real_estate_agent;sale;Кировский;5;17;4;Новосибирск;3350000;;1; Виктора Уса;28.2;Площадь Маркса;https://novosibirsk.cian.ru/sale/flat/320019888/?mlSearchSessionGuid=e0f94a0489a6b836ae41be0818b8e690
flat;МакроМир;real_estate_agent;sale;Дзержинский;1;5;30/3;Новосибирск;3380000;;1;проспект Дзержинского;32.0;Березовая Роща;https://novosibirsk.cian.ru/sale/flat/321272166/?mlSearchSessionGuid=e0f94a0489a6b836ae41be0818b8e690
flat;Департамент недвижимости и права;real_estate_agent;sale;Первомайский;4;5;188;Новосибирск;3350000;;1;Первомайская ;30.3;Речной вокзал;https://novosibirsk.cian.ru/sale/flat/323534410/?mlSearchSessionGuid=e0f94a0489a6b836ae41be0818b8e690
flat;Владис Центральное;real_estate_agent;sale;Первомайский;11;16;49;Новосибирск;3350000;Весенний;1; Заречная;20.0;Спортивная;https://novosibirsk.cian.ru/sale/flat/326689343/?mlSearchSessionGuid=e0f94a0489a6b836ae41be0818b8e690
flat;Первая риэлторская компания;real_estate_agent;sale;Дзержинский;1;10;10/1;Новосибирск;3350000;;1; Есенина;28.5;Золотая Нива;https://novosibirsk.cian.ru/sale/flat/320472857/?mlSearchSessionGuid=e0f94a0489a6b836ae41be0818b8e690
flat;METRAGE;real_estate_agent;sale;Дзержинский;5;5;81/1;Новосибирск;3390000;;1;проспект Дзержинского;31.9;Березовая Роща;https://novosibirsk.cian.ru/sale/flat/319801860/?mlSearchSessionGuid=e0f94a0489a6b836ae41be0818b8e690
flat;Владис Центральное;real_estate_agent;sale;Ленинский;7;17;162;Новосибирск;3350000;Азимут;1; Связистов;32.0;Площадь Маркса;https://novosibirsk.cian.ru/sale/flat/326181543/?mlSearchSessionGuid=e0f94a0489a6b836ae41be0818b8e690
flat;ИП Тамбовцева Д.Е.;real_estate_agent;sale;Кировский;8;11;101/1;Новосибирск;3350000;Матрешкин двор;1; Петухова;25.8;Студенческая;https://novosibirsk.cian.ru/sale/flat/326564865/?mlSearchSessionGuid=e0f94a0489a6b836ae41be0818b8e690
flat;АкадемРеспект;real_estate_agent;sale;Кировский;11;17;10/2;Новосибирск;3350000;Матрешкин двор;1; Дмитрия Шмонина;34.5;Студенческая;https://novosibirsk.cian.ru/sale/flat/326437215/?mlSearchSessionGuid=e0f94a0489a6b836ae41be0818b8e690
flat;Кабинет Риелторских Услуг;real_estate_agent;sale;Кировский;1;3;16;Новосибирск;3350000;;1;Рубежная ;37.9;Площадь Маркса;https://novosibirsk.cian.ru/sale/flat/324598260/?mlSearchSessionGuid=e0f94a0489a6b836ae41be0818b8e690
flat;Татьяна Колыванова;realtor;sale;Кировский;4;11;82;Новосибирск;3399000;;1; Сибиряков-Гвардейцев;32.4;Площадь Маркса;https://novosibirsk.cian.ru/sale/flat/326988288/?mlSearchSessionGuid=e0f94a0489a6b836ae41be0818b8e690
flat;ЖИЛФОНД;real_estate_agent;sale;Железнодорожный;1;5;14;Новосибирск;3400000;;1;Владимировская ;30.4;Площадь Гарина-Михайловского;https://novosibirsk.cian.ru/sale/flat/326417852/?mlSearchSessionGuid=e0f94a0489a6b836ae41be0818b8e690
flat;ЖИЛФОНД;real_estate_agent;sale;Калининский;12;17;66/5;Новосибирск;3400000;На Фадеева;1; Фадеева;22.9;Заельцовская;https://novosibirsk.cian.ru/sale/flat/326109825/?mlSearchSessionGuid=e0f94a0489a6b836ae41be0818b8e690
flat;ЖИЛФОНД;real_estate_agent;sale;Кировский;9;10;30;Новосибирск;3400000;Просторный;1; Виктора Шевелева;37.6;Студенческая;https://novosibirsk.cian.ru/sale/flat/326926335/?mlSearchSessionGuid=e0f94a0489a6b836ae41be0818b8e690
flat;ЖИЛФОНД;real_estate_agent;sale;Калининский;1;5;53;Новосибирск;3400000;;1; Магистральная;34.4;Заельцовская;https://novosibirsk.cian.ru/sale/flat/326769338/?mlSearchSessionGuid=e0f94a0489a6b836ae41be0818b8e690
flat;ЖИЛФОНД;real_estate_agent;sale;Ленинский;17;17;9;Новосибирск;3400000;Лето;1; Ивана Севастьянова;26.0;Площадь Маркса;https://novosibirsk.cian.ru/sale/flat/325625476/?mlSearchSessionGuid=e0f94a0489a6b836ae41be0818b8e690
flat;ВИЛИЯ;real_estate_agent;sale;Кировский;2;11;99;Новосибирск;3400000;Матрешкин двор;1; Петухова;29.0;Студенческая;https://novosibirsk.cian.ru/sale/flat/326945560/?mlSearchSessionGuid=e0f94a0489a6b836ae41be0818b8e690
flat;МакроМир;real_estate_agent;sale;Дзержинский;5;5;33;Новосибирск;3400000;;1; Есенина;30.5;Золотая Нива;https://novosibirsk.cian.ru/sale/flat/326330901/?mlSearchSessionGuid=e0f94a0489a6b836ae41be0818b8e690
flat;Города Новосибирск;real_estate_agent;sale;Первомайский;8;17;1/11;Новосибирск;3400000;Берёзовое;1; Одоевского;30.0;Речной вокзал;https://novosibirsk.cian.ru/sale/flat/314405747/?mlSearchSessionGuid=e0f94a0489a6b836ae41be0818b8e690
flat;Владис Центральное;real_estate_agent;sale;Калининский;1;9;5;Новосибирск;3400000;;1; Красных Зорь;37.6;Заельцовская;https://novosibirsk.cian.ru/sale/flat/326459085/?mlSearchSessionGuid=e0f94a0489a6b836ae41be0818b8e690
flat;Сибирь Ипотека;real_estate_agent;sale;Кировский;10;10;6;Новосибирск;3400000;Матрешкин двор;1; Дмитрия Шмонина;29.0;Студенческая;https://novosibirsk.cian.ru/sale/flat/324602757/?mlSearchSessionGuid=e0f94a0489a6b836ae41be0818b8e690
flat;Инна Владимировна;realtor;sale;Ленинский;1;5;13;Новосибирск;3400000;;1;Киевская ;28.1;Площадь Маркса;https://novosibirsk.cian.ru/sale/flat/326458881/?mlSearchSessionGuid=e0f94a0489a6b836ae41be0818b8e690
flat;ЖИЛФОНД;real_estate_agent;sale;Заельцовский;5;5;113/3;Новосибирск;3450000;;1;Кубовая ;22.1;Заельцовская;https://novosibirsk.cian.ru/sale/flat/325644352/?mlSearchSessionGuid=e0f94a0489a6b836ae41be0818b8e690
flat;ЖИЛФОНД;real_estate_agent;sale;Кировский;9;10;20;Новосибирск;3450000;Просторный;1; Виктора Шевелева;32.4;Студенческая;https://novosibirsk.cian.ru/sale/flat/324426599/?mlSearchSessionGuid=e0f94a0489a6b836ae41be0818b8e690
flat;ЖИЛФОНД;real_estate_agent;sale;Советский;12;25;24/1;Новосибирск;3450000;Тихий берег;1;Приморская ;25.5;Студенческая;https://novosibirsk.cian.ru/sale/flat/326833543/?mlSearchSessionGuid=e0f94a0489a6b836ae41be0818b8e690
flat;ЖИЛФОНД;real_estate_agent;sale;Октябрьский;10;10;9;Новосибирск;3450000;Плющихинский;1; Плющихинская;34.0;Золотая Нива;https://novosibirsk.cian.ru/sale/flat/319042248/?mlSearchSessionGuid=e0f94a0489a6b836ae41be0818b8e690
flat;ЖИЛФОНД;real_estate_agent;sale;Ленинский;2;4;668;Новосибирск;3470000;;1;Большая ;34.0;Площадь Маркса;https://novosibirsk.cian.ru/sale/flat/311666250/?mlSearchSessionGuid=e0f94a0489a6b836ae41be0818b8e690
flat;Квартирный портал;real_estate_agent;sale;Октябрьский;9;10;13;Новосибирск;3499000;Плющихинский;1; Виталия Потылицына;40.9;Золотая Нива;https://novosibirsk.cian.ru/sale/flat/326602988/?mlSearchSessionGuid=e0f94a0489a6b836ae41be0818b8e690
flat;Квартирный портал;real_estate_agent;sale;Октябрьский;10;10;143/9;Новосибирск;3470000;Плющихинский;1; В. Высоцкого;48.94;Золотая Нива;https://novosibirsk.cian.ru/sale/flat/318533235/?mlSearchSessionGuid=e0f94a0489a6b836ae41be0818b8e690
flat;Екатерина Попушой;realtor;sale;Кировский;5;18;4;Новосибирск;3450000;;1; Виктора Уса;31.3;Площадь Маркса;https://novosibirsk.cian.ru/sale/flat/326893049/?mlSearchSessionGuid=e0f94a0489a6b836ae41be0818b8e690
flat;ЖИЛФОНД;real_estate_agent;sale;Ленинский;5;5;121;Новосибирск;3500000;;1;Широкая ;29.7;Площадь Маркса;https://novosibirsk.cian.ru/sale/flat/326931967/?mlSearchSessionGuid=e0f94a0489a6b836ae41be0818b8e690
flat;ЖИЛФОНД;real_estate_agent;sale;Кировский;10;10;3;Новосибирск;3500000;Просторный;1; Дмитрия Шмонина;40.4;Студенческая;https://novosibirsk.cian.ru/sale/flat/326688763/?mlSearchSessionGuid=e0f94a0489a6b836ae41be0818b8e690
flat;ЖИЛФОНД;real_estate_agent;sale;Калининский;3;17;66/4;Новосибирск;3500000;На Фадеева;1; Фадеева;23.0;Заельцовская;https://novosibirsk.cian.ru/sale/flat/326351243/?mlSearchSessionGuid=e0f94a0489a6b836ae41be0818b8e690
flat;ЖИЛФОНД;real_estate_agent;sale;Ленинский;5;10;19;Новосибирск;3500000;Чистая слобода;1;Спортивная ;37.0;Площадь Маркса;https://novosibirsk.cian.ru/sale/flat/326266939/?mlSearchSessionGuid=e0f94a0489a6b836ae41be0818b8e690
flat;ЖИЛФОНД;real_estate_agent;sale;Калининский;1;9;7/3;Новосибирск;3500000;;1; Курчатова;38.2;Заельцовская;https://novosibirsk.cian.ru/sale/flat/325447616/?mlSearchSessionGuid=e0f94a0489a6b836ae41be0818b8e690
flat;ЖИЛФОНД;real_estate_agent;sale;Кировский;7;9;3;Новосибирск;3500000;;1; Саввы Кожевникова;29.4;Студенческая;https://novosibirsk.cian.ru/sale/flat/325333931/?mlSearchSessionGuid=e0f94a0489a6b836ae41be0818b8e690
flat;ЖИЛФОНД;real_estate_agent;sale;Кировский;3;17;10;Новосибирск;3500000;Матрешкин двор;1; Дмитрия Шмонина;32.8;Студенческая;https://novosibirsk.cian.ru/sale/flat/327020536/?mlSearchSessionGuid=e0f94a0489a6b836ae41be0818b8e690
flat;Калининское;real_estate_agent;sale;Калининский;1;5;90/1;Новосибирск;3500000;;1; Объединения;32.3;Заельцовская;https://novosibirsk.cian.ru/sale/flat/327070718/?mlSearchSessionGuid=e0f94a0489a6b836ae41be0818b8e690
flat;Калининское;real_estate_agent;sale;Калининский;5;5;18/1;Новосибирск;3500000;;1; Столетова;30.1;Заельцовская;https://novosibirsk.cian.ru/sale/flat/326429376/?mlSearchSessionGuid=e0f94a0489a6b836ae41be0818b8e690
flat;ЖИЛФОНД;real_estate_agent;sale;Кировский;3;5;6/5;Новосибирск;3500000;На Петухова (ЖСК);1; Петухова;35.2;Площадь Маркса;https://novosibirsk.cian.ru/sale/flat/315516531/?mlSearchSessionGuid=e0f94a0489a6b836ae41be0818b8e690
flat;ЖИЛФОНД;real_estate_agent;sale;Октябрьский;10;10;6;Новосибирск;3500000;Плющихинский;1; Плющихинская;32.7;Золотая Нива;https://novosibirsk.cian.ru/sale/flat/320578471/?mlSearchSessionGuid=e0f94a0489a6b836ae41be0818b8e690
flat;ЖИЛФОНД;real_estate_agent;sale;Заельцовский;9;23;46/1;Новосибирск;3500000;;1;Светлановская ;25.37;Заельцовская;https://novosibirsk.cian.ru/sale/flat/321740350/?mlSearchSessionGuid=e0f94a0489a6b836ae41be0818b8e690
flat;ДомианНСК;real_estate_agent;sale;Кировский;3;5;4;Новосибирск;3500000;;1; Чемская;28.8;Студенческая;https://novosibirsk.cian.ru/sale/flat/325747513/?mlSearchSessionGuid=e0f94a0489a6b836ae41be0818b8e690
flat;КВАРТЭН;real_estate_agent;sale;Первомайский;2;5;104;Новосибирск;3500000;;1;Первомайская ;28.0;Речной вокзал;https://novosibirsk.cian.ru/sale/flat/326541232/?mlSearchSessionGuid=e0f94a0489a6b836ae41be0818b8e690
flat;Владис Центральное;real_estate_agent;sale;Октябрьский;10;10;1;Новосибирск;3500000;Плющихинский;1; Плющихинская;37.8;Золотая Нива;https://novosibirsk.cian.ru/sale/flat/326141525/?mlSearchSessionGuid=e0f94a0489a6b836ae41be0818b8e690
flat;Созвездие Весов;real_estate_agent;sale;Советский;2;9;9;Новосибирск;3500000;;1; Печатников;38.6;Студенческая;https://novosibirsk.cian.ru/sale/flat/311418488/?mlSearchSessionGuid=e0f94a0489a6b836ae41be0818b8e690
flat;Владис Центральное;real_estate_agent;sale;Кировский;2;3;74/3;Новосибирск;3500000;;1; Сибиряков-Гвардейцев;34.1;Площадь Маркса;https://novosibirsk.cian.ru/sale/flat/326938106/?mlSearchSessionGuid=e0f94a0489a6b836ae41be0818b8e690
flat;Владис Центральное;real_estate_agent;sale;Кировский;4;9;68А;Новосибирск;3500000;;1; Зорге;29.7;Площадь Маркса;https://novosibirsk.cian.ru/sale/flat/326812457/?mlSearchSessionGuid=e0f94a0489a6b836ae41be0818b8e690
flat;Мегаполис;real_estate_agent;sale;Кировский;1;3;27/2;Новосибирск;3500000;;1;Воскресная ;39.2;Студенческая;https://novosibirsk.cian.ru/sale/flat/313387743/?mlSearchSessionGuid=e0f94a0489a6b836ae41be0818b8e690
flat;Владис Центральное;real_estate_agent;sale;Заельцовский;4;4;30/1;Новосибирск;3500000;;1; Дмитрия Донского;25.2;Заельцовская;https://novosibirsk.cian.ru/sale/flat/323413663/?mlSearchSessionGuid=e0f94a0489a6b836ae41be0818b8e690
flat;Владис Центральное;real_estate_agent;sale;Кировский;2;5;6/5;Новосибирск;3500000;На Петухова (ЖСК);1; Петухова;36.5;Площадь Маркса;https://novosibirsk.cian.ru/sale/flat/325668918/?mlSearchSessionGuid=e0f94a0489a6b836ae41be0818b8e690
flat;Агент Pro;real_estate_agent;sale;Дзержинский;1;5;58;Новосибирск;3500000;;1;проспект Дзержинского;30.0;Березовая Роща;https://novosibirsk.cian.ru/sale/flat/326627359/?mlSearchSessionGuid=e0f94a0489a6b836ae41be0818b8e690
flat;ПРОЕКТ;real_estate_agent;sale;Первомайский;9;19;15;Новосибирск;3500000;Берёзовое;1;Березовая ;30.0;Речной вокзал;https://novosibirsk.cian.ru/sale/flat/326427440/?mlSearchSessionGuid=e0f94a0489a6b836ae41be0818b8e690
flat;DOMaSTROY;real_estate_agent;sale;Первомайский;4;4;3;Новосибирск;3500000;;1; Новоселов;31.6;Спортивная;https://novosibirsk.cian.ru/sale/flat/319774557/?mlSearchSessionGuid=e0f94a0489a6b836ae41be0818b8e690
flat;АктивНедвижимость;real_estate_agent;sale;Ленинский;2;9;21;Новосибирск;3500000;;1;Широкая ;29.7;Площадь Маркса;https://novosibirsk.cian.ru/sale/flat/325403440/?mlSearchSessionGuid=e0f94a0489a6b836ae41be0818b8e690
flat;Новый Адрес;real_estate_agent;sale;Калининский;6;10;21/1;Новосибирск;3500000;Мкрн. Родники;1; Тюленина;26.0;Заельцовская;https://novosibirsk.cian.ru/sale/flat/303491637/?mlSearchSessionGuid=e0f94a0489a6b836ae41be0818b8e690
flat;Формула недвижимости;real_estate_agent;sale;Кировский;1;25;56;Новосибирск;3500000;Новые Матрёшки;1; Бородина;35.0;Площадь Маркса;https://novosibirsk.cian.ru/sale/flat/325215324/?mlSearchSessionGuid=e0f94a0489a6b836ae41be0818b8e690
flat;Борис Бадмаев;realtor;sale;Калининский;1;5;27;Новосибирск;3500000;;1;Народная ;31.4;Заельцовская;https://novosibirsk.cian.ru/sale/flat/321578447/?mlSearchSessionGuid=e0f94a0489a6b836ae41be0818b8e690
flat;Яна Галуза;realtor;sale;Кировский;4;17;22;Новосибирск;3500000;Акварельный 3.0;1; Александра Чистякова;30.0;Студенческая;https://novosibirsk.cian.ru/sale/flat/326220295/?mlSearchSessionGuid=e0f94a0489a6b836ae41be0818b8e690
flat;ЖИЛФОНД;real_estate_agent;sale;Октябрьский;7;10;271/5с;Новосибирск;3550000;Эверест;1;Пролетарская ;39.3;Речной вокзал;https://novosibirsk.cian.ru/sale/flat/326302067/?mlSearchSessionGuid=e0f94a0489a6b836ae41be0818b8e690
flat;ЖИЛФОНД;real_estate_agent;sale;Первомайский;13;17;21;Новосибирск;3550000;На Героев Революции;1; Героев Революции;20.5;Речной вокзал;https://novosibirsk.cian.ru/sale/flat/324194055/?mlSearchSessionGuid=e0f94a0489a6b836ae41be0818b8e690
flat;ЖИЛФОНД;real_estate_agent;sale;Кировский;15;16;11;Новосибирск;3550000;;1; Виктора Уса;36.1;Площадь Маркса;https://novosibirsk.cian.ru/sale/flat/325003826/?mlSearchSessionGuid=e0f94a0489a6b836ae41be0818b8e690
flat;ЖИЛФОНД;real_estate_agent;sale;Ленинский;1;5;46;Новосибирск;3550000;;1; Станиславского;29.5;Площадь Маркса;https://novosibirsk.cian.ru/sale/flat/324858933/?mlSearchSessionGuid=e0f94a0489a6b836ae41be0818b8e690
flat;ЖИЛФОНД;real_estate_agent;sale;Октябрьский;4;10;9/4;Новосибирск;3580000;Плющихинский;1; Виталия Потылицына;42.2;Золотая Нива;https://novosibirsk.cian.ru/sale/flat/321054515/?mlSearchSessionGuid=e0f94a0489a6b836ae41be0818b8e690
flat;ЖИЛФОНД;real_estate_agent;sale;Ленинский;5;10;121;Новосибирск;3550000;Софийский Квартал;1;Вертковская ;27.6;Площадь Маркса;https://novosibirsk.cian.ru/sale/flat/317497510/?mlSearchSessionGuid=e0f94a0489a6b836ae41be0818b8e690
flat;Новый Адрес;real_estate_agent;sale;Кировский;4;5;135;Новосибирск;3590000;;1; Немировича-Данченко;28.3;Площадь Маркса;https://novosibirsk.cian.ru/sale/flat/326911484/?mlSearchSessionGuid=e0f94a0489a6b836ae41be0818b8e690
flat;КВАРТЭН;real_estate_agent;sale;Кировский;11;16;10/1;Новосибирск;3550000;Матрешкин двор;1; Дмитрия Шмонина;32.0;Студенческая;https://novosibirsk.cian.ru/sale/flat/323729982/?mlSearchSessionGuid=e0f94a0489a6b836ae41be0818b8e690
flat;Владис Центральное;real_estate_agent;sale;Ленинский;1;5;76;Новосибирск;3590000;;1; Пархоменко;28.9;Площадь Маркса;https://novosibirsk.cian.ru/sale/flat/324378497/?mlSearchSessionGuid=e0f94a0489a6b836ae41be0818b8e690
flat;Оксана Головкина;realtor;sale;Ленинский;1;3;42;Новосибирск;3550000;;1; Костычева;23.0;Площадь Маркса;https://novosibirsk.cian.ru/sale/flat/326687055/?mlSearchSessionGuid=e0f94a0489a6b836ae41be0818b8e690
flat;Жанна Кулешова;realtor;sale;Дзержинский;4;5;1/7;Новосибирск;3550000;;1; Авиастроителей;29.9;Березовая Роща;https://novosibirsk.cian.ru/sale/flat/324519575/?mlSearchSessionGuid=e0f94a0489a6b836ae41be0818b8e690
flat;ЖИЛФОНД;real_estate_agent;sale;Калининский;8;10;10;Новосибирск;3600000;Мкрн. Родники;1; Мясниковой;28.0;Заельцовская;https://novosibirsk.cian.ru/sale/flat/326737957/?mlSearchSessionGuid=e0f94a0489a6b836ae41be0818b8e690
flat;ЖИЛФОНД;real_estate_agent;sale;Кировский;2;5;21;Новосибирск;3600000;;1; Сибиряков-Гвардейцев;32.4;Площадь Маркса;https://novosibirsk.cian.ru/sale/flat/326357816/?mlSearchSessionGuid=e0f94a0489a6b836ae41be0818b8e690
flat;ЖИЛФОНД;real_estate_agent;sale;Калининский;9;9;25;Новосибирск;3600000;;1; Олеко Дундича;33.8;Березовая Роща;https://novosibirsk.cian.ru/sale/flat/323781261/?mlSearchSessionGuid=e0f94a0489a6b836ae41be0818b8e690
flat;ЖИЛФОНД;real_estate_agent;sale;Калининский;14;17;66/8;Новосибирск;3640000;На Фадеева;1; Фадеева;24.0;Заельцовская;https://novosibirsk.cian.ru/sale/flat/322095530/?mlSearchSessionGuid=e0f94a0489a6b836ae41be0818b8e690
flat;ЖИЛФОНД;real_estate_agent;sale;Центральный;3;5;66;Новосибирск;3600000;;1; Крылова;22.5;Маршала Покрышкина;https://novosibirsk.cian.ru/sale/flat/321203003/?mlSearchSessionGuid=e0f94a0489a6b836ae41be0818b8e690
flat;ЖИЛФОНД;real_estate_agent;sale;Дзержинский;3;5;2Б;Новосибирск;3600000;;1; Дениса Давыдова;34.8;Березовая Роща;https://novosibirsk.cian.ru/sale/flat/325655907/?mlSearchSessionGuid=e0f94a0489a6b836ae41be0818b8e690
flat;ЖИЛФОНД;real_estate_agent;sale;Октябрьский;6;10;1;Новосибирск;3600000;Плющихинский;1; Виталия Потылицына;33.0;Золотая Нива;https://novosibirsk.cian.ru/sale/flat/324422501/?mlSearchSessionGuid=e0f94a0489a6b836ae41be0818b8e690
flat;ЖИЛФОНД;real_estate_agent;sale;Дзержинский;5;5;30;Новосибирск;3600000;;1; Куприна;28.7;Золотая Нива;https://novosibirsk.cian.ru/sale/flat/322283566/?mlSearchSessionGuid=e0f94a0489a6b836ae41be0818b8e690
flat;ЖИЛФОНД;real_estate_agent;sale;Кировский;10;10;7;Новосибирск;3600000;Просторный;1; Дмитрия Шмонина;38.4;Студенческая;https://novosibirsk.cian.ru/sale/flat/321541605/?mlSearchSessionGuid=e0f94a0489a6b836ae41be0818b8e690
flat;ЖИЛФОНД;real_estate_agent;sale;Октябрьский;8;10;9;Новосибирск;3600000;Плющихинский;1; Плющихинская;48.3;Золотая Нива;https://novosibirsk.cian.ru/sale/flat/318109288/?mlSearchSessionGuid=e0f94a0489a6b836ae41be0818b8e690
flat;ЖИЛФОНД;real_estate_agent;sale;Ленинский;8;12;33/1;Новосибирск;3600000;;1;Ударная ;36.4;Площадь Маркса;https://novosibirsk.cian.ru/sale/flat/323125309/?mlSearchSessionGuid=e0f94a0489a6b836ae41be0818b8e690
flat;Сфера;real_estate_agent;sale;Первомайский;2;4;190;Новосибирск;3600000;;1;Первомайская ;32.0;Спортивная;https://novosibirsk.cian.ru/sale/flat/325053548/?mlSearchSessionGuid=e0f94a0489a6b836ae41be0818b8e690
flat;МакроМир;real_estate_agent;sale;Ленинский;3;4;666;Новосибирск;3600000;;1;Большая ;38.9;Площадь Маркса;https://novosibirsk.cian.ru/sale/flat/326519359/?mlSearchSessionGuid=e0f94a0489a6b836ae41be0818b8e690
flat;Центр Недвижимости;real_estate_agent;sale;Советский;1;9;15;Новосибирск;3600000;;1; Экваторная;38.3;Речной вокзал;https://novosibirsk.cian.ru/sale/flat/315738229/?mlSearchSessionGuid=e0f94a0489a6b836ae41be0818b8e690
flat;ВАШ ВЫБОР;real_estate_agent;sale;Заельцовский;3;5;51;Новосибирск;3600000;;1; Аэропорт;30.7;Заельцовская;https://novosibirsk.cian.ru/sale/flat/324340919/?mlSearchSessionGuid=e0f94a0489a6b836ae41be0818b8e690
flat;Инна Владимировна;realtor;sale;Кировский;2;3;35/1;Новосибирск;3600000;;1;Рубежная ;41.8;Студенческая;https://novosibirsk.cian.ru/sale/flat/322558340/?mlSearchSessionGuid=e0f94a0489a6b836ae41be0818b8e690
flat;Планета;real_estate_agent;sale;Ленинский;2;3;622;Новосибирск;3600000;;1;Большая ;35.0;Площадь Маркса;https://novosibirsk.cian.ru/sale/flat/322708366/?mlSearchSessionGuid=e0f94a0489a6b836ae41be0818b8e690
flat;НИАН;real_estate_agent;sale;Дзержинский;4;9;33;Новосибирск;3600000;;1; Лазарева;30.8;Березовая Роща;https://novosibirsk.cian.ru/sale/flat/326304120/?mlSearchSessionGuid=e0f94a0489a6b836ae41be0818b8e690
flat;РЕГИОНАЛЬНЫЙ ЦЕНТР НЕДВИЖИМОСТИ;real_estate_agent;sale;Первомайский;8;17;1/2;Новосибирск;3635000;Берёзовое;1; Одоевского;28.9;Спортивная;https://novosibirsk.cian.ru/sale/flat/325093618/?mlSearchSessionGuid=e0f94a0489a6b836ae41be0818b8e690
flat;Статус;real_estate_agent;sale;Заельцовский;3;4;81/1;Новосибирск;3600000;;1;Охотская ;34.2;Заельцовская;https://novosibirsk.cian.ru/sale/flat/312246330/?mlSearchSessionGuid=e0f94a0489a6b836ae41be0818b8e690
flat;ID 13977926;realtor;sale;Кировский;2;9;44/6;Новосибирск;3600000;;1; Сибиряков-Гвардейцев;34.8;Площадь Маркса;https://novosibirsk.cian.ru/sale/flat/325583101/?mlSearchSessionGuid=e0f94a0489a6b836ae41be0818b8e690
flat;ID 24362135;real_estate_agent;sale;Заельцовский;2;2;99/2;Новосибирск;3600000;;1; Жуковского;28.2;Заельцовская;https://novosibirsk.cian.ru/sale/flat/326126646/?mlSearchSessionGuid=e0f94a0489a6b836ae41be0818b8e690
flat;ЖИЛФОНД;real_estate_agent;sale;Ленинский;13;14;250;Новосибирск;3690000;;1; Титова;28.0;Площадь Маркса;https://novosibirsk.cian.ru/sale/flat/327078879/?mlSearchSessionGuid=e0f94a0489a6b836ae41be0818b8e690
flat;ЖИЛФОНД;real_estate_agent;sale;Октябрьский;1;5;24;Новосибирск;3690000;;1; Бориса Богаткова;29.1;Речной вокзал;https://novosibirsk.cian.ru/sale/flat/326584123/?mlSearchSessionGuid=e0f94a0489a6b836ae41be0818b8e690
flat;Самолет Плюс Центр;real_estate_agent;sale;Кировский;8;9;9;Новосибирск;3690000;;1; Саввы Кожевникова;29.9;Студенческая;https://novosibirsk.cian.ru/sale/flat/325087227/?mlSearchSessionGuid=e0f94a0489a6b836ae41be0818b8e690
flat;Планета-А;real_estate_agent;sale;Кировский;5;10;6;Новосибирск;3650000;Просторный;1; Александра Чистякова;48.0;Студенческая;https://novosibirsk.cian.ru/sale/flat/325158903/?mlSearchSessionGuid=e0f94a0489a6b836ae41be0818b8e690
flat;ПРОЕКТ;real_estate_agent;sale;Октябрьский;3;10;6;Новосибирск;3650000;Плющихинский;1; Плющихинская;48.5;Золотая Нива;https://novosibirsk.cian.ru/sale/flat/323219883/?mlSearchSessionGuid=e0f94a0489a6b836ae41be0818b8e690
flat;Владис Центральное;real_estate_agent;sale;Ленинский;8;9;78;Новосибирск;3650000;;1; Забалуева;29.7;Площадь Маркса;https://novosibirsk.cian.ru/sale/flat/326678792/?mlSearchSessionGuid=e0f94a0489a6b836ae41be0818b8e690
flat;Планета Недвижимости -подразделение ООО Лаки;real_estate_agent;sale;Кировский;2;3;18/2;Новосибирск;3650000;;1;Рубежная ;37.8;Студенческая;https://novosibirsk.cian.ru/sale/flat/319385726/?mlSearchSessionGuid=e0f94a0489a6b836ae41be0818b8e690
flat;НОВО-НИКОЛАЕВСКЪ-НСК;real_estate_agent;sale;Кировский;11;25;162;Новосибирск;3650000;Матрешкин двор;1; Петухова;30.2;Студенческая;https://novosibirsk.cian.ru/sale/flat/319494073/?mlSearchSessionGuid=e0f94a0489a6b836ae41be0818b8e690
flat;ПРОЕКТ;real_estate_agent;sale;Первомайский;2;19;1/9;Новосибирск;3650000;Берёзовое;1; Одоевского;34.3;Речной вокзал;https://novosibirsk.cian.ru/sale/flat/325856678/?mlSearchSessionGuid=e0f94a0489a6b836ae41be0818b8e690
flat;ДомианНСК;real_estate_agent;sale;Дзержинский;2;5;8;Новосибирск;3650000;;1;Промышленная ;31.2;Березовая Роща;https://novosibirsk.cian.ru/sale/flat/325366279/?mlSearchSessionGuid=e0f94a0489a6b836ae41be0818b8e690
flat;Люди;real_estate_agent;sale;Кировский;7;25;56;Новосибирск;3690000;Новые Матрёшки;1; Бородина;32.0;Площадь Маркса;https://novosibirsk.cian.ru/sale/flat/326055864/?mlSearchSessionGuid=e0f94a0489a6b836ae41be0818b8e690
flat;Агентство Единый Центр Недвижимости;real_estate_agent;sale;Заельцовский;1;2;4;Новосибирск;3720000;;1; Вавилова;31.5;Заельцовская;https://novosibirsk.cian.ru/sale/flat/323454892/?mlSearchSessionGuid=e0f94a0489a6b836ae41be0818b8e690
flat;ЖИЛФОНД;real_estate_agent;sale;Калининский;3;9;11;Новосибирск;3700000;;1; Объединения;31.6;Заельцовская;https://novosibirsk.cian.ru/sale/flat/324732371/?mlSearchSessionGuid=e0f94a0489a6b836ae41be0818b8e690
flat;ЖИЛФОНД;real_estate_agent;sale;Ленинский;4;5;7;Новосибирск;3710000;;1;Путевая ;32.6;Площадь Маркса;https://novosibirsk.cian.ru/sale/flat/321585835/?mlSearchSessionGuid=e0f94a0489a6b836ae41be0818b8e690
flat;ЖИЛФОНД;real_estate_agent;sale;Кировский;3;3;12/2;Новосибирск;3700000;;1;Рубежная ;46.6;Студенческая;https://novosibirsk.cian.ru/sale/flat/320486092/?mlSearchSessionGuid=e0f94a0489a6b836ae41be0818b8e690
flat;ЖИЛФОНД;real_estate_agent;sale;Ленинский;7;9;22;Новосибирск;3700000;;1;Троллейная ;32.3;Площадь Маркса;https://novosibirsk.cian.ru/sale/flat/314033490/?mlSearchSessionGuid=e0f94a0489a6b836ae41be0818b8e690
flat;ЖИЛФОНД;real_estate_agent;sale;Кировский;2;10;6;Новосибирск;3700000;Просторный;1; Александра Чистякова;40.5;Студенческая;https://novosibirsk.cian.ru/sale/flat/326980464/?mlSearchSessionGuid=e0f94a0489a6b836ae41be0818b8e690
flat;ЖИЛФОНД;real_estate_agent;sale;Первомайский;2;5;12;Новосибирск;3700000;;1; Красный Факел;28.5;Речной вокзал;https://novosibirsk.cian.ru/sale/flat/326819037/?mlSearchSessionGuid=e0f94a0489a6b836ae41be0818b8e690
flat;ЖИЛФОНД;real_estate_agent;sale;Калининский;1;5;57/1;Новосибирск;3700000;;1; Богдана Хмельницкого;30.9;Заельцовская;https://novosibirsk.cian.ru/sale/flat/326650427/?mlSearchSessionGuid=e0f94a0489a6b836ae41be0818b8e690
flat;ЖИЛФОНД;real_estate_agent;sale;Кировский;4;10;97;Новосибирск;3700000;Матрешкин двор;1; Петухова;37.7;Студенческая;https://novosibirsk.cian.ru/sale/flat/325044046/?mlSearchSessionGuid=e0f94a0489a6b836ae41be0818b8e690
flat;ЖИЛФОНД;real_estate_agent;sale;Ленинский;4;9;21;Новосибирск;3700000;;1;Полтавская ;29.8;Площадь Маркса;https://novosibirsk.cian.ru/sale/flat/324194874/?mlSearchSessionGuid=e0f94a0489a6b836ae41be0818b8e690
flat;ЖИЛФОНД;real_estate_agent;sale;Кировский;7;10;82;Новосибирск;3700000;;1; Сибиряков-Гвардейцев;37.5;Площадь Маркса;https://novosibirsk.cian.ru/sale/flat/322585401/?mlSearchSessionGuid=e0f94a0489a6b836ae41be0818b8e690
flat;ЖИЛФОНД;real_estate_agent;sale;Ленинский;8;9;270/1;Новосибирск;3700000;;1;Тульская ;29.4;Площадь Маркса;https://novosibirsk.cian.ru/sale/flat/316364807/?mlSearchSessionGuid=e0f94a0489a6b836ae41be0818b8e690
flat;ЖИЛФОНД;real_estate_agent;sale;Октябрьский;1;17;10/1;Новосибирск;3700000;;1;Рябиновая ;25.4;Речной вокзал;https://novosibirsk.cian.ru/sale/flat/326598446/?mlSearchSessionGuid=e0f94a0489a6b836ae41be0818b8e690
flat;ЖИЛФОНД;real_estate_agent;sale;Калининский;6;9;8/2;Новосибирск;3700000;Мкрн. Родники;1; Мясниковой;29.3;Заельцовская;https://novosibirsk.cian.ru/sale/flat/304422655/?mlSearchSessionGuid=e0f94a0489a6b836ae41be0818b8e690
flat;Rialtor Group;real_estate_agent;sale;Ленинский;9;10;31;Новосибирск;3700000;;1;Колхидская ;32.3;Площадь Маркса;https://novosibirsk.cian.ru/sale/flat/327075681/?mlSearchSessionGuid=e0f94a0489a6b836ae41be0818b8e690
flat;Альфа Дом;real_estate_agent;sale;Дзержинский;1;9;29;Новосибирск;3700000;;1;Гусинобродское шоссе;31.6;Золотая Нива;https://novosibirsk.cian.ru/sale/flat/322944892/?mlSearchSessionGuid=e0f94a0489a6b836ae41be0818b8e690
flat;Rialtor Group;real_estate_agent;sale;Дзержинский;4;5;5;Новосибирск;3700000;;1;Индустриальная ;31.0;Березовая Роща;https://novosibirsk.cian.ru/sale/flat/327027473/?mlSearchSessionGuid=e0f94a0489a6b836ae41be0818b8e690
flat;Люди;real_estate_agent;sale;Калининский;1;5;19/2;Новосибирск;3700000;;1;Учительская ;29.0;Заельцовская;https://novosibirsk.cian.ru/sale/flat/323798072/?mlSearchSessionGuid=e0f94a0489a6b836ae41be0818b8e690
flat;СТАН;real_estate_agent;sale;Октябрьский;7;10;144/2;Новосибирск;3700000;Плющихинский;1; В. Высоцкого;59.0;Золотая Нива;https://novosibirsk.cian.ru/sale/flat/323828168/?mlSearchSessionGuid=e0f94a0489a6b836ae41be0818b8e690
flat;Владис Центральное;real_estate_agent;sale;Ленинский;4;6;3/2;Новосибирск;3700000;;1;Хилокская ;41.1;Площадь Маркса;https://novosibirsk.cian.ru/sale/flat/324719655/?mlSearchSessionGuid=e0f94a0489a6b836ae41be0818b8e690
flat;Анна Данилюк;realtor;sale;Дзержинский;9;9;29;Новосибирск;3700000;;1;Гусинобродское шоссе;29.5;Золотая Нива;https://novosibirsk.cian.ru/sale/flat/309457518/?mlSearchSessionGuid=e0f94a0489a6b836ae41be0818b8e690
flat;Планета-8;real_estate_agent;sale;Кировский;10;11;38/1;Новосибирск;3700000;Просторный;1; Виктора Шевелева;38.3;Студенческая;https://novosibirsk.cian.ru/sale/flat/319780149/?mlSearchSessionGuid=e0f94a0489a6b836ae41be0818b8e690
flat;Владис Центральное;real_estate_agent;sale;Калининский;2;9;24;Новосибирск;3700000;;1;Учительская ;32.1;Заельцовская;https://novosibirsk.cian.ru/sale/flat/325451806/?mlSearchSessionGuid=e0f94a0489a6b836ae41be0818b8e690
flat;ЖИЛФОНД;real_estate_agent;sale;Ленинский;1;10;17;Новосибирск;3750000;Чистая слобода;1;Спортивная ;36.7;Площадь Маркса;https://novosibirsk.cian.ru/sale/flat/326360472/?mlSearchSessionGuid=e0f94a0489a6b836ae41be0818b8e690
flat;ЖИЛФОНД;real_estate_agent;sale;Калининский;1;9;130/3;Новосибирск;3790000;;1; Кропоткина;30.0;Березовая Роща;https://novosibirsk.cian.ru/sale/flat/323112769/?mlSearchSessionGuid=e0f94a0489a6b836ae41be0818b8e690
flat;ЖИЛФОНД;real_estate_agent;sale;Советский;1;9;11;Новосибирск;3750000;;1; Иванова;21.1;;https://novosibirsk.cian.ru/sale/flat/326430574/?mlSearchSessionGuid=e0f94a0489a6b836ae41be0818b8e690
flat;ЖИЛФОНД;real_estate_agent;sale;Первомайский;10;18;25/1;Новосибирск;3750000;Мандарин-2;1; Красный Факел;20.1;Спортивная;https://novosibirsk.cian.ru/sale/flat/321013493/?mlSearchSessionGuid=e0f94a0489a6b836ae41be0818b8e690
flat;Центр недвижимости и права;real_estate_agent;sale;Заельцовский;5;5;113;Новосибирск;3750000;;1; Жуковского;30.8;Заельцовская;https://novosibirsk.cian.ru/sale/flat/317685844/?mlSearchSessionGuid=e0f94a0489a6b836ae41be0818b8e690
flat;Вертикаль;real_estate_agent;sale;Дзержинский;2;5;31;Новосибирск;3790000;;1; Есенина;31.0;Золотая Нива;https://novosibirsk.cian.ru/sale/flat/326560103/?mlSearchSessionGuid=e0f94a0489a6b836ae41be0818b8e690
flat;РиэлтПрофи;real_estate_agent;sale;Советский;1;9;15;Новосибирск;3770000;;1; Экваторная;37.5;Речной вокзал;https://novosibirsk.cian.ru/sale/flat/313415887/?mlSearchSessionGuid=e0f94a0489a6b836ae41be0818b8e690
flat;Владис Центральное;real_estate_agent;sale;Кировский;5;19;15;Новосибирск;3750000;;1; Виктора Уса;42.6;Площадь Маркса;https://novosibirsk.cian.ru/sale/flat/320581122/?mlSearchSessionGuid=e0f94a0489a6b836ae41be0818b8e690
flat;Ключи;real_estate_agent;sale;Ленинский;3;5;21;Новосибирск;3780000;;1; Забалуева;30.5;Площадь Маркса;https://novosibirsk.cian.ru/sale/flat/326728815/?mlSearchSessionGuid=e0f94a0489a6b836ae41be0818b8e690
flat;Золотой ключ Плюс;real_estate_agent;sale;Октябрьский;1;5;33;Новосибирск;3790000;;1;Гурьевская ;31.9;Речной вокзал;https://novosibirsk.cian.ru/sale/flat/326013054/?mlSearchSessionGuid=e0f94a0489a6b836ae41be0818b8e690
flat;Планета;real_estate_agent;sale;Октябрьский;7;10;271/5к1;Новосибирск;3750000;;1;Пролетарская ;39.3;Речной вокзал;https://novosibirsk.cian.ru/sale/flat/325691834/?mlSearchSessionGuid=e0f94a0489a6b836ae41be0818b8e690
flat;ЖИЛФОНД;real_estate_agent;sale;Октябрьский;3;10;29/1;Новосибирск;3800000;Плющихинский;1; Татьяны Снежиной;32.2;Золотая Нива;https://novosibirsk.cian.ru/sale/flat/326356126/?mlSearchSessionGuid=e0f94a0489a6b836ae41be0818b8e690
flat;ЖИЛФОНД;real_estate_agent;sale;Ленинский;6;9;38;Новосибирск;3800000;;1;Курганская ;31.3;Площадь Маркса;https://novosibirsk.cian.ru/sale/flat/326081797/?mlSearchSessionGuid=e0f94a0489a6b836ae41be0818b8e690
flat;ЖИЛФОНД;real_estate_agent;sale;Ленинский;9;17;252/2;Новосибирск;3800000;Чистая слобода;1; Титова;26.6;Площадь Маркса;https://novosibirsk.cian.ru/sale/flat/320547483/?mlSearchSessionGuid=e0f94a0489a6b836ae41be0818b8e690
flat;ЖИЛФОНД;real_estate_agent;sale;Заельцовский;2;10;92;Новосибирск;3800000;;1;Кубовая ;27.0;Заельцовская;https://novosibirsk.cian.ru/sale/flat/326217997/?mlSearchSessionGuid=e0f94a0489a6b836ae41be0818b8e690
flat;ЖИЛФОНД;real_estate_agent;sale;Октябрьский;2;10;21;Новосибирск;3800000;Плющихинский;1; Татьяны Снежиной;40.7;Золотая Нива;https://novosibirsk.cian.ru/sale/flat/326196882/?mlSearchSessionGuid=e0f94a0489a6b836ae41be0818b8e690
flat;ЖИЛФОНД;real_estate_agent;sale;Дзержинский;1;5;7;Новосибирск;3800000;;1; 25 лет Октября;35.6;Березовая Роща;https://novosibirsk.cian.ru/sale/flat/321157110/?mlSearchSessionGuid=e0f94a0489a6b836ae41be0818b8e690
flat;Сфера;real_estate_agent;sale;Дзержинский;5;5;5;Новосибирск;3800000;;1;Индустриальная ;31.3;Березовая Роща;https://novosibirsk.cian.ru/sale/flat/319030890/?mlSearchSessionGuid=e0f94a0489a6b836ae41be0818b8e690
flat;Планета;real_estate_agent;sale;Калининский;1;9;4;Новосибирск;3800000;Поколение;1; Михаила Востокова;31.0;Заельцовская;https://novosibirsk.cian.ru/sale/flat/318104069/?mlSearchSessionGuid=e0f94a0489a6b836ae41be0818b8e690
flat;Владис Центральное;real_estate_agent;sale;Кировский;1;5;15;Новосибирск;3800000;Золотая роща;1;Пригородная ;33.9;Площадь Маркса;https://novosibirsk.cian.ru/sale/flat/327057023/?mlSearchSessionGuid=e0f94a0489a6b836ae41be0818b8e690
flat;КВАРТЭН;real_estate_agent;sale;Ленинский;4;5;51;Новосибирск;3800000;;1; Блюхера;32.0;Студенческая;https://novosibirsk.cian.ru/sale/flat/325643749/?mlSearchSessionGuid=e0f94a0489a6b836ae41be0818b8e690
flat;Люди;real_estate_agent;sale;Ленинский;9;10;31;Новосибирск;3800000;;1;Колхидская ;32.3;Площадь Маркса;https://novosibirsk.cian.ru/sale/flat/325858045/?mlSearchSessionGuid=e0f94a0489a6b836ae41be0818b8e690
flat;СЛОН;real_estate_agent;sale;Дзержинский;5;5;37;Новосибирск;3800000;;1; Есенина;33.0;Золотая Нива;https://novosibirsk.cian.ru/sale/flat/326716801/?mlSearchSessionGuid=e0f94a0489a6b836ae41be0818b8e690
flat;Владис Центральное;real_estate_agent;sale;Ленинский;6;9;17;Новосибирск;3800000;;1;Широкая ;29.4;Площадь Маркса;https://novosibirsk.cian.ru/sale/flat/326981054/?mlSearchSessionGuid=e0f94a0489a6b836ae41be0818b8e690
flat;Новосибирский Центр Недвижимости;real_estate_agent;sale;Кировский;24;25;56;Новосибирск;3800000;Новые Матрёшки;1; Бородина;40.0;Площадь Маркса;https://novosibirsk.cian.ru/sale/flat/326033932/?mlSearchSessionGuid=e0f94a0489a6b836ae41be0818b8e690
flat;Владис Центральное;real_estate_agent;sale;Ленинский;9;10;236/2;Новосибирск;3800000;Чистая слобода;1; Титова;29.5;Площадь Маркса;https://novosibirsk.cian.ru/sale/flat/326637245/?mlSearchSessionGuid=e0f94a0489a6b836ae41be0818b8e690
flat;РиэлтПрофи;real_estate_agent;sale;Октябрьский;2;4;13;Новосибирск;3800000;;1; Гаранина;32.7;Золотая Нива;https://novosibirsk.cian.ru/sale/flat/319610189/?mlSearchSessionGuid=e0f94a0489a6b836ae41be0818b8e690
flat;Агент Pro;real_estate_agent;sale;Дзержинский;2;9;25;Новосибирск;3800000;;1; Доватора;29.0;Золотая Нива;https://novosibirsk.cian.ru/sale/flat/326580166/?mlSearchSessionGuid=e0f94a0489a6b836ae41be0818b8e690
flat;СТАН;real_estate_agent;sale;Кировский;5;10;2/2;Новосибирск;3800000;Просторный;1; Александра Чистякова;48.0;Студенческая;https://novosibirsk.cian.ru/sale/flat/307740645/?mlSearchSessionGuid=e0f94a0489a6b836ae41be0818b8e690
flat;ЖИЛФОНД;real_estate_agent;sale;Калининский;5;5;12/1;Новосибирск;3850000;;1;Народная ;30.2;Заельцовская;https://novosibirsk.cian.ru/sale/flat/325493743/?mlSearchSessionGuid=e0f94a0489a6b836ae41be0818b8e690
flat;ЖИЛФОНД;real_estate_agent;sale;Кировский;7;24;54;Новосибирск;3850000;Новые Матрёшки;1; Бородина;31.0;Площадь Маркса;https://novosibirsk.cian.ru/sale/flat/323636878/?mlSearchSessionGuid=e0f94a0489a6b836ae41be0818b8e690
flat;ЖИЛФОНД;real_estate_agent;sale;Октябрьский;16;18;30;Новосибирск;3850000;;1;Лазурная ;27.0;Золотая Нива;https://novosibirsk.cian.ru/sale/flat/327021194/?mlSearchSessionGuid=e0f94a0489a6b836ae41be0818b8e690
flat;МакроМир;real_estate_agent;sale;Ленинский;3;10;15;Новосибирск;3850000;Чистая слобода;1;Спортивная ;33.0;Площадь Маркса;https://novosibirsk.cian.ru/sale/flat/326680540/?mlSearchSessionGuid=e0f94a0489a6b836ae41be0818b8e690
flat;Центр недвижимости и права;real_estate_agent;sale;Ленинский;1;10;21;Новосибирск;3850000;Чистая слобода;1;Спортивная ;38.0;Площадь Маркса;https://novosibirsk.cian.ru/sale/flat/308270257/?mlSearchSessionGuid=e0f94a0489a6b836ae41be0818b8e690
flat;Домой;real_estate_agent;sale;Первомайский;1;9;27;Новосибирск;3850000;;1;Тенистая ;34.5;Речной вокзал;https://novosibirsk.cian.ru/sale/flat/310055362/?mlSearchSessionGuid=e0f94a0489a6b836ae41be0818b8e690
flat;Своё;real_estate_agent;sale;Кировский;10;19;18;Новосибирск;3860000;Акварельный 2.0;1; Александра Чистякова;34.9;Студенческая;https://novosibirsk.cian.ru/sale/flat/326585257/?mlSearchSessionGuid=e0f94a0489a6b836ae41be0818b8e690
flat;Владис Центральное;real_estate_agent;sale;Ленинский;5;10;3;Новосибирск;3850000;Чистая слобода;1;Спортивная ;32.6;Площадь Маркса;https://novosibirsk.cian.ru/sale/flat/326769933/?mlSearchSessionGuid=e0f94a0489a6b836ae41be0818b8e690
flat;ЕВРОДОМ;real_estate_agent;sale;Калининский;1;9;11;Новосибирск;3850000;;1; Макаренко;29.0;Заельцовская;https://novosibirsk.cian.ru/sale/flat/316485662/?mlSearchSessionGuid=e0f94a0489a6b836ae41be0818b8e690
flat;Красный Проспект Недвижимость;real_estate_agent;sale;Ленинский;10;10;11/1;Новосибирск;3850000;Чистая слобода;1;Спортивная ;36.9;Площадь Маркса;https://novosibirsk.cian.ru/sale/flat/322266568/?mlSearchSessionGuid=e0f94a0489a6b836ae41be0818b8e690
flat;ЖИЛФОНД;real_estate_agent;sale;Заельцовский;2;5;16;Новосибирск;3900000;;1;Холодильная ;31.0;Гагаринская;https://novosibirsk.cian.ru/sale/flat/324696058/?mlSearchSessionGuid=e0f94a0489a6b836ae41be0818b8e690
flat;ЖИЛФОНД;real_estate_agent;sale;Октябрьский;7;10;2;Новосибирск;3920000;Плющихинский;1; Плющихинская;37.8;Золотая Нива;https://novosibirsk.cian.ru/sale/flat/323436112/?mlSearchSessionGuid=e0f94a0489a6b836ae41be0818b8e690
flat;ЖИЛФОНД;real_estate_agent;sale;Ленинский;10;11;27;Новосибирск;3900000;Чистая слобода;1;Спортивная ;32.3;Площадь Маркса;https://novosibirsk.cian.ru/sale/flat/326459700/?mlSearchSessionGuid=e0f94a0489a6b836ae41be0818b8e690
flat;ЖИЛФОНД;real_estate_agent;sale;Калининский;6;9;44;Новосибирск;3900000;;1; Объединения;32.1;Заельцовская;https://novosibirsk.cian.ru/sale/flat/326340830/?mlSearchSessionGuid=e0f94a0489a6b836ae41be0818b8e690
flat;ЖИЛФОНД;real_estate_agent;sale;Ленинский;2;5;13;Новосибирск;3900000;;1;Выставочная ;30.4;Площадь Маркса;https://novosibirsk.cian.ru/sale/flat/325359787/?mlSearchSessionGuid=e0f94a0489a6b836ae41be0818b8e690
flat;ЖИЛФОНД;real_estate_agent;sale;Калининский;6;9;39;Новосибирск;3900000;;1; Тамбовская;36.1;Заельцовская;https://novosibirsk.cian.ru/sale/flat/326761455/?mlSearchSessionGuid=e0f94a0489a6b836ae41be0818b8e690
flat;ЖИЛФОНД;real_estate_agent;sale;Октябрьский;3;10;39;Новосибирск;3900000;Плющихинский;1; Татьяны Снежиной;42.0;Золотая Нива;https://novosibirsk.cian.ru/sale/flat/324194855/?mlSearchSessionGuid=e0f94a0489a6b836ae41be0818b8e690
flat;ЖИЛФОНД;real_estate_agent;sale;Ленинский;7;17;96;Новосибирск;3900000;Радуга Сибири;1; Забалуева;27.0;Площадь Маркса;https://novosibirsk.cian.ru/sale/flat/322720193/?mlSearchSessionGuid=e0f94a0489a6b836ae41be0818b8e690
flat;ЖИЛФОНД;real_estate_agent;sale;Октябрьский;10;10;9;Новосибирск;3910000;Плющихинский;1; Плющихинская;32.5;Золотая Нива;https://novosibirsk.cian.ru/sale/flat/319701984/?mlSearchSessionGuid=e0f94a0489a6b836ae41be0818b8e690
flat;ЖИЛФОНД;real_estate_agent;sale;Кировский;6;19;18;Новосибирск;3900000;Акварельный 2.0;1; Александра Чистякова;36.6;Студенческая;https://novosibirsk.cian.ru/sale/flat/326651764/?mlSearchSessionGuid=e0f94a0489a6b836ae41be0818b8e690
flat;Дельта;real_estate_agent;sale;Дзержинский;1;5;30/4;Новосибирск;3900000;;1;проспект Дзержинского;30.9;Березовая Роща;https://novosibirsk.cian.ru/sale/flat/322871470/?mlSearchSessionGuid=e0f94a0489a6b836ae41be0818b8e690
flat;Вместе;real_estate_agent;sale;Железнодорожный;4;5;8;Новосибирск;3900000;;1;Владимировская ;31.0;Площадь Гарина-Михайловского;https://novosibirsk.cian.ru/sale/flat/325128213/?mlSearchSessionGuid=e0f94a0489a6b836ae41be0818b8e690
flat;Дельта;real_estate_agent;sale;Советский;3;5;26;Новосибирск;3900000;;1; Иванова;28.7;;https://novosibirsk.cian.ru/sale/flat/326263994/?mlSearchSessionGuid=e0f94a0489a6b836ae41be0818b8e690
flat;Владис Центральное;real_estate_agent;sale;Кировский;1;10;82;Новосибирск;3900000;;1; Сибиряков-Гвардейцев;51.7;Площадь Маркса;https://novosibirsk.cian.ru/sale/flat/326516982/?mlSearchSessionGuid=e0f94a0489a6b836ae41be0818b8e690
flat;Владис Центральное;real_estate_agent;sale;Кировский;6;10;3;Новосибирск;3930000;Акатуйский;1; Виктора Уса;38.1;Площадь Маркса;https://novosibirsk.cian.ru/sale/flat/326052105/?mlSearchSessionGuid=e0f94a0489a6b836ae41be0818b8e690
flat;Первая риэлторская компания;real_estate_agent;sale;Ленинский;7;10;9/2;Новосибирск;3900000;Чистая слобода;1;Спортивная ;36.8;Площадь Маркса;https://novosibirsk.cian.ru/sale/flat/315382694/?mlSearchSessionGuid=e0f94a0489a6b836ae41be0818b8e690
flat;PRO Недвижимость;real_estate_agent;sale;Октябрьский;4;5;89;Новосибирск;3910000;;1;Выборная ;29.3;Речной вокзал;https://novosibirsk.cian.ru/sale/flat/325658069/?mlSearchSessionGuid=e0f94a0489a6b836ae41be0818b8e690
flat;Владис Центральное;real_estate_agent;sale;Октябрьский;9;9;116;Новосибирск;3930000;;1;Выборная ;30.2;Речной вокзал;https://novosibirsk.cian.ru/sale/flat/326908906/?mlSearchSessionGuid=e0f94a0489a6b836ae41be0818b8e690
flat;Ключи;real_estate_agent;sale;Октябрьский;5;5;161;Новосибирск;3900000;;1;Большевистская ;32.5;Речной вокзал;https://novosibirsk.cian.ru/sale/flat/318818589/?mlSearchSessionGuid=e0f94a0489a6b836ae41be0818b8e690
flat;METRAGE;real_estate_agent;sale;Ленинский;3;6;28;Новосибирск;3900000;;1;Планировочная ;36.0;Студенческая;https://novosibirsk.cian.ru/sale/flat/326682980/?mlSearchSessionGuid=e0f94a0489a6b836ae41be0818b8e690
flat;АЛЬФА-НЕДВИЖИМОСТЬ;real_estate_agent;sale;Октябрьский;2;5;15;Новосибирск;3900000;;1; Никитина;32.5;Октябрьская;https://novosibirsk.cian.ru/sale/flat/326350380/?mlSearchSessionGuid=e0f94a0489a6b836ae41be0818b8e690
flat;Владис Центральное;real_estate_agent;sale;Кировский;13;15;36;Новосибирск;3900000;Гранатовый;1; Николая Сотникова;41.9;Студенческая;https://novosibirsk.cian.ru/sale/flat/323556632/?mlSearchSessionGuid=e0f94a0489a6b836ae41be0818b8e690
flat;Альфа Дом;real_estate_agent;sale;Калининский;5;9;7/4;Новосибирск;3900000;;1; Курчатова;37.0;Заельцовская;https://novosibirsk.cian.ru/sale/flat/326741202/?mlSearchSessionGuid=e0f94a0489a6b836ae41be0818b8e690
flat;Всем Квартиру;real_estate_agent;sale;Кировский;2;5;15;Новосибирск;3900000;Золотая роща;1;Пригородная ;31.9;Площадь Маркса;https://novosibirsk.cian.ru/sale/flat/324392884/?mlSearchSessionGuid=e0f94a0489a6b836ae41be0818b8e690
flat;Планета;real_estate_agent;sale;Калининский;3;5;15;Новосибирск;3900000;;1; Макаренко;29.0;Заельцовская;https://novosibirsk.cian.ru/sale/flat/309719347/?mlSearchSessionGuid=e0f94a0489a6b836ae41be0818b8e690
flat;Сибирский Партнер;real_estate_agent;sale;Ленинский;10;10;240/1;Новосибирск;3900000;Чистая слобода;1; Титова;32.4;Студенческая;https://novosibirsk.cian.ru/sale/flat/301539852/?mlSearchSessionGuid=e0f94a0489a6b836ae41be0818b8e690
flat;Дельта;real_estate_agent;sale;Советский;6;9;7;Новосибирск;3990000;;1; Лесосечная;38.0;Октябрьская;https://novosibirsk.cian.ru/sale/flat/325930408/?mlSearchSessionGuid=e0f94a0489a6b836ae41be0818b8e690
flat;ЖИЛФОНД;real_estate_agent;sale;Калининский;15;17;66/4;Новосибирск;3999000;На Фадеева;1; Фадеева;28.1;Заельцовская;https://novosibirsk.cian.ru/sale/flat/324354914/?mlSearchSessionGuid=e0f94a0489a6b836ae41be0818b8e690
flat;ЖИЛФОНД;real_estate_agent;sale;Кировский;16;17;14а;Новосибирск;3999000;;1; Петухова;32.7;Площадь Маркса;https://novosibirsk.cian.ru/sale/flat/324861820/?mlSearchSessionGuid=e0f94a0489a6b836ae41be0818b8e690
flat;ЖИЛФОНД;real_estate_agent;sale;Ленинский;5;5;41;Новосибирск;3950000;;1;проспект Карла Маркса;31.0;Студенческая;https://novosibirsk.cian.ru/sale/flat/323792012/?mlSearchSessionGuid=e0f94a0489a6b836ae41be0818b8e690
flat;ЖИЛФОНД;real_estate_agent;sale;Заельцовский;8;10;96/2;Новосибирск;3950000;Светлая роща 2;1;Кубовая ;24.0;Заельцовская;https://novosibirsk.cian.ru/sale/flat/322393739/?mlSearchSessionGuid=e0f94a0489a6b836ae41be0818b8e690
flat;ЖИЛФОНД;real_estate_agent;sale;Заельцовский;8;10;115/1;Новосибирск;3999000;;1;Кубовая ;20.8;Заельцовская;https://novosibirsk.cian.ru/sale/flat/319603831/?mlSearchSessionGuid=e0f94a0489a6b836ae41be0818b8e690
flat;Калининское;real_estate_agent;sale;Калининский;1;9;10;Новосибирск;3980000;;1; Рассветная;36.5;Заельцовская;https://novosibirsk.cian.ru/sale/flat/326574866/?mlSearchSessionGuid=e0f94a0489a6b836ae41be0818b8e690
flat;Сфера;real_estate_agent;sale;Центральный;1;5;64;Новосибирск;3970000;;1; Крылова;22.0;Маршала Покрышкина;https://novosibirsk.cian.ru/sale/flat/323946163/?mlSearchSessionGuid=e0f94a0489a6b836ae41be0818b8e690
flat;УСПЕХ-недвижимость;real_estate_agent;sale;Кировский;6;10;6;Новосибирск;3950000;Просторный;1; Александра Чистякова;40.5;Студенческая;https://novosibirsk.cian.ru/sale/flat/324018909/?mlSearchSessionGuid=e0f94a0489a6b836ae41be0818b8e690
flat;СИБИРЬ-НЕДВИЖИМОСТЬ;real_estate_agent;sale;Заельцовский;1;5;92;Новосибирск;3999999;;1; Кропоткина;28.6;Гагаринская;https://novosibirsk.cian.ru/sale/flat/314342606/?mlSearchSessionGuid=e0f94a0489a6b836ae41be0818b8e690
flat;СФЕРА 54;real_estate_agent;sale;Октябрьский;8;10;43;Новосибирск;3990000;Плющихинский;1; Татьяны Снежиной;42.4;Золотая Нива;https://novosibirsk.cian.ru/sale/flat/314533888/?mlSearchSessionGuid=e0f94a0489a6b836ae41be0818b8e690
flat;Вертикаль;real_estate_agent;sale;Ленинский;3;3;618;Новосибирск;3950000;;1;Большая ;39.0;Площадь Маркса;https://novosibirsk.cian.ru/sale/flat/326385710/?mlSearchSessionGuid=e0f94a0489a6b836ae41be0818b8e690
flat;Хорошие люди;real_estate_agent;sale;Октябрьский;8;10;42;Новосибирск;3999000;Плющихинский;1; В. Высоцкого;28.2;Золотая Нива;https://novosibirsk.cian.ru/sale/flat/326185392/?mlSearchSessionGuid=e0f94a0489a6b836ae41be0818b8e690
flat;Владис Центральное;real_estate_agent;sale;Калининский;3;5;4/1;Новосибирск;3990000;;1; Богдана Хмельницкого;31.0;Заельцовская;https://novosibirsk.cian.ru/sale/flat/320320014/?mlSearchSessionGuid=e0f94a0489a6b836ae41be0818b8e690
flat;МакроМир;real_estate_agent;sale;Заельцовский;4;5;115;Новосибирск;3990000;;1; Жуковского;28.9;Заельцовская;https://novosibirsk.cian.ru/sale/flat/322707258/?mlSearchSessionGuid=e0f94a0489a6b836ae41be0818b8e690
flat;Альфа Дом;real_estate_agent;sale;Кировский;7;10;99/2;Новосибирск;3950000;Матрешкин двор;1; Петухова;33.0;Студенческая;https://novosibirsk.cian.ru/sale/flat/325406758/?mlSearchSessionGuid=e0f94a0489a6b836ae41be0818b8e690
flat;Квартирный портал;real_estate_agent;sale;Кировский;1;24;54;Новосибирск;3997000;Новые Матрёшки;1; Бородина;37.4;Площадь Маркса;https://novosibirsk.cian.ru/sale/flat/326468191/?mlSearchSessionGuid=e0f94a0489a6b836ae41be0818b8e690
flat;Планета;real_estate_agent;sale;Кировский;7;10;34;Новосибирск;3950000;Просторный;1; Виктора Шевелева;38.0;Студенческая;https://novosibirsk.cian.ru/sale/flat/320363133/?mlSearchSessionGuid=e0f94a0489a6b836ae41be0818b8e690
flat;ID 33887926;realtor;sale;Кировский;1;3;12;Новосибирск;3950000;;1;Вознесенская ;42.0;;https://novosibirsk.cian.ru/sale/flat/326180929/?mlSearchSessionGuid=e0f94a0489a6b836ae41be0818b8e690
flat;ЖИЛФОНД;real_estate_agent;sale;Заельцовский;3;13;71;Новосибирск;4010000;Начало мая;1; Лобачевского;29.1;Заельцовская;https://novosibirsk.cian.ru/sale/flat/324189920/?mlSearchSessionGuid=e0f94a0489a6b836ae41be0818b8e690
flat;ЖИЛФОНД;real_estate_agent;sale;Ленинский;1;5;50;Новосибирск;4000000;;1; Блюхера;31.1;Студенческая;https://novosibirsk.cian.ru/sale/flat/326516901/?mlSearchSessionGuid=e0f94a0489a6b836ae41be0818b8e690
flat;ЖИЛФОНД;real_estate_agent;sale;Калининский;3;9;9;Новосибирск;4000000;Мкрн. Родники;1; Кочубея;34.2;Заельцовская;https://novosibirsk.cian.ru/sale/flat/326217996/?mlSearchSessionGuid=e0f94a0489a6b836ae41be0818b8e690
flat;ЖИЛФОНД;real_estate_agent;sale;Кировский;13;17;160;Новосибирск;4000000;Тулинка;1; Петухова;34.7;Студенческая;https://novosibirsk.cian.ru/sale/flat/326907232/?mlSearchSessionGuid=e0f94a0489a6b836ae41be0818b8e690
flat;ЖИЛФОНД;real_estate_agent;sale;Октябрьский;7;10;54/2;Новосибирск;4000000;Плющихинский;1; В. Высоцкого;42.2;Золотая Нива;https://novosibirsk.cian.ru/sale/flat/326546904/?mlSearchSessionGuid=e0f94a0489a6b836ae41be0818b8e690
flat;ЖИЛФОНД;real_estate_agent;sale;Ленинский;2;5;28;Новосибирск;4000000;;1;проспект Карла Маркса;30.7;Студенческая;https://novosibirsk.cian.ru/sale/flat/326436130/?mlSearchSessionGuid=e0f94a0489a6b836ae41be0818b8e690
flat;ЖИЛФОНД;real_estate_agent;sale;Ленинский;3;3;630;Новосибирск;4000000;;1;Большая ;39.0;Площадь Маркса;https://novosibirsk.cian.ru/sale/flat/318670968/?mlSearchSessionGuid=e0f94a0489a6b836ae41be0818b8e690
flat;Город 54;real_estate_agent;sale;Октябрьский;1;5;227;Новосибирск;4000000;;1; Тургенева;29.9;Октябрьская;https://novosibirsk.cian.ru/sale/flat/324268144/?mlSearchSessionGuid=e0f94a0489a6b836ae41be0818b8e690
flat;Rialtor Group;real_estate_agent;sale;Ленинский;14;17;16/2;Новосибирск;4000000;на ул. Немировича-Данченко;1; Немировича-Данченко;38.0;Площадь Маркса;https://novosibirsk.cian.ru/sale/flat/325345726/?mlSearchSessionGuid=e0f94a0489a6b836ae41be0818b8e690
flat;VERAESTATE;real_estate_agent;sale;Ленинский;4;5;32;Новосибирск;4000000;;1;Выставочная ;31.5;Студенческая;https://novosibirsk.cian.ru/sale/flat/326923903/?mlSearchSessionGuid=e0f94a0489a6b836ae41be0818b8e690
flat;Адамант 54;real_estate_agent;sale;Октябрьский;6;9;108;Новосибирск;4000000;;1;Выборная ;35.9;Речной вокзал;https://novosibirsk.cian.ru/sale/flat/326683043/?mlSearchSessionGuid=e0f94a0489a6b836ae41be0818b8e690
flat;Владис Центральное;real_estate_agent;sale;Ленинский;10;10;29;Новосибирск;4000000;;1;Колхидская ;32.6;Площадь Маркса;https://novosibirsk.cian.ru/sale/flat/326908912/?mlSearchSessionGuid=e0f94a0489a6b836ae41be0818b8e690
flat;Мегаполис;real_estate_agent;sale;Ленинский;3;4;666;Новосибирск;4000000;;1;Большая ;38.9;Площадь Маркса;https://novosibirsk.cian.ru/sale/flat/326144506/?mlSearchSessionGuid=e0f94a0489a6b836ae41be0818b8e690
flat;ЕВРОДОМ;real_estate_agent;sale;Ленинский;1;17;102;Новосибирск;4000000;Радуга Сибири;1; Забалуева;33.43;Площадь Маркса;https://novosibirsk.cian.ru/sale/flat/322591839/?mlSearchSessionGuid=e0f94a0489a6b836ae41be0818b8e690
flat;Владис Центральное;real_estate_agent;sale;Кировский;12;17;172;Новосибирск;4000000;;1; Петухова;37.9;Площадь Маркса;https://novosibirsk.cian.ru/sale/flat/324722011/?mlSearchSessionGuid=e0f94a0489a6b836ae41be0818b8e690
flat;Характер;real_estate_agent;sale;Октябрьский;4;5;19;Новосибирск;4000000;;1; Гаранина;32.0;Золотая Нива;https://novosibirsk.cian.ru/sale/flat/326639801/?mlSearchSessionGuid=e0f94a0489a6b836ae41be0818b8e690
flat;ЖИЛФОНД;real_estate_agent;sale;Октябрьский;8;10;43;Новосибирск;4050000;Плющихинский;1; Татьяны Снежиной;42.5;Золотая Нива;https://novosibirsk.cian.ru/sale/flat/326639149/?mlSearchSessionGuid=e0f94a0489a6b836ae41be0818b8e690
flat;ЖИЛФОНД;real_estate_agent;sale;Октябрьский;12;17;12;Новосибирск;4050000;Закаменский-12;1;Закаменский мкр;21.6;Березовая Роща;https://novosibirsk.cian.ru/sale/flat/324351884/?mlSearchSessionGuid=e0f94a0489a6b836ae41be0818b8e690
flat;ЖИЛФОНД;real_estate_agent;sale;Заельцовский;1;5;41;Новосибирск;4050000;;1;Линейная ;30.2;Гагаринская;https://novosibirsk.cian.ru/sale/flat/320986974/?mlSearchSessionGuid=e0f94a0489a6b836ae41be0818b8e690
flat;Владис Центральное;real_estate_agent;sale;Ленинский;3;6;9;Новосибирск;4050000;;1; 2-я Портовая;37.6;Площадь Маркса;https://novosibirsk.cian.ru/sale/flat/325556021/?mlSearchSessionGuid=e0f94a0489a6b836ae41be0818b8e690
flat;АльянсРиэлт;real_estate_agent;sale;Ленинский;1;12;7;Новосибирск;4090000;Дивногорский;1; Юности;36.3;Площадь Маркса;https://novosibirsk.cian.ru/sale/flat/319725620/?mlSearchSessionGuid=e0f94a0489a6b836ae41be0818b8e690
flat;НСК-top;real_estate_agent;sale;Советский;1;10;7;Новосибирск;4050000;;1; Лесосечная;34.1;Октябрьская;https://novosibirsk.cian.ru/sale/flat/326185044/?mlSearchSessionGuid=e0f94a0489a6b836ae41be0818b8e690
flat;Формула недвижимости;real_estate_agent;sale;Кировский;2;9;23;Новосибирск;4050000;;1; Громова;33.4;Площадь Маркса;https://novosibirsk.cian.ru/sale/flat/313941338/?mlSearchSessionGuid=e0f94a0489a6b836ae41be0818b8e690
flat;ЖИЛФОНД;real_estate_agent;sale;Кировский;5;10;95/1;Новосибирск;4100000;Матрешкин двор;1; Петухова;37.3;Студенческая;https://novosibirsk.cian.ru/sale/flat/326196876/?mlSearchSessionGuid=e0f94a0489a6b836ae41be0818b8e690
flat;ЖИЛФОНД;real_estate_agent;sale;Дзержинский;4;20;32А;Новосибирск;4100000;по пр. Дзержинского, 32а;1;проспект Дзержинского;24.5;Березовая Роща;https://novosibirsk.cian.ru/sale/flat/320281857/?mlSearchSessionGuid=e0f94a0489a6b836ae41be0818b8e690
flat;ЖИЛФОНД;real_estate_agent;sale;Калининский;5;5;21/1;Новосибирск;4100000;;1;Народная ;32.6;Заельцовская;https://novosibirsk.cian.ru/sale/flat/326278885/?mlSearchSessionGuid=e0f94a0489a6b836ae41be0818b8e690
flat;ЖИЛФОНД;real_estate_agent;sale;Ленинский;5;17;13/1;Новосибирск;4100000;Квартет;1; Связистов;34.9;Площадь Маркса;https://novosibirsk.cian.ru/sale/flat/326101916/?mlSearchSessionGuid=e0f94a0489a6b836ae41be0818b8e690
flat;ЖИЛФОНД;real_estate_agent;sale;Ленинский;3;3;614;Новосибирск;4140000;;1;Большая ;34.2;Площадь Маркса;https://novosibirsk.cian.ru/sale/flat/318670969/?mlSearchSessionGuid=e0f94a0489a6b836ae41be0818b8e690
flat;ЖИЛФОНД;real_estate_agent;sale;Кировский;8;17;279;Новосибирск;4100000;Рихард;1; Зорге;30.6;Площадь Маркса;https://novosibirsk.cian.ru/sale/flat/317491669/?mlSearchSessionGuid=e0f94a0489a6b836ae41be0818b8e690
flat;ЖИЛФОНД;real_estate_agent;sale;Заельцовский;10;25;96/3;Новосибирск;4100000;Сосны;1;Сухарная ;25.8;Площадь Гарина-Михайловского;https://novosibirsk.cian.ru/sale/flat/326229425/?mlSearchSessionGuid=e0f94a0489a6b836ae41be0818b8e690
flat;ЖИЛФОНД;real_estate_agent;sale;Октябрьский;8;10;52/1;Новосибирск;4100000;Плющихинский;1; В. Высоцкого;36.7;Золотая Нива;https://novosibirsk.cian.ru/sale/flat/326716053/?mlSearchSessionGuid=e0f94a0489a6b836ae41be0818b8e690
flat;Н.сервис;real_estate_agent;sale;Калининский;2;5;15;Новосибирск;4100000;;1;Народная ;31.7;Заельцовская;https://novosibirsk.cian.ru/sale/flat/327060264/?mlSearchSessionGuid=e0f94a0489a6b836ae41be0818b8e690
flat;Центр недвижимости и права;real_estate_agent;sale;Калининский;9;9;17;Новосибирск;4100000;;1; Курчатова;38.0;Заельцовская;https://novosibirsk.cian.ru/sale/flat/322631219/?mlSearchSessionGuid=e0f94a0489a6b836ae41be0818b8e690
flat;ЛЕГКО;real_estate_agent;sale;Калининский;2;5;15;Новосибирск;4100000;;1;Народная ;31.3;Заельцовская;https://novosibirsk.cian.ru/sale/flat/326258857/?mlSearchSessionGuid=e0f94a0489a6b836ae41be0818b8e690
flat;METRAGE;real_estate_agent;sale;Калининский;2;5;3/1;Новосибирск;4100000;;1;Народная ;32.4;Заельцовская;https://novosibirsk.cian.ru/sale/flat/326983449/?mlSearchSessionGuid=e0f94a0489a6b836ae41be0818b8e690
flat;Альфа Дом;real_estate_agent;sale;Кировский;7;12;97/2;Новосибирск;4100000;Матрешкин двор;1; Петухова;33.0;Студенческая;https://novosibirsk.cian.ru/sale/flat/323787776/?mlSearchSessionGuid=e0f94a0489a6b836ae41be0818b8e690
flat;Центр Недвижимости;real_estate_agent;sale;Советский;4;9;11;Новосибирск;4100000;;1; Иванова;21.0;;https://novosibirsk.cian.ru/sale/flat/308579898/?mlSearchSessionGuid=e0f94a0489a6b836ae41be0818b8e690
flat;Центр Недвижимости;real_estate_agent;sale;Советский;2;9;14;Новосибирск;4100000;;1; Экваторная;39.0;Речной вокзал;https://novosibirsk.cian.ru/sale/flat/322569227/?mlSearchSessionGuid=e0f94a0489a6b836ae41be0818b8e690
flat;MetroPolis;real_estate_agent;sale;Заельцовский;5;5;103/1;Новосибирск;4100000;;1;Кубовая ;34.5;Заельцовская;https://novosibirsk.cian.ru/sale/flat/303506288/?mlSearchSessionGuid=e0f94a0489a6b836ae41be0818b8e690
flat;Домофонд;real_estate_agent;sale;Ленинский;3;10;262;Новосибирск;4100000;Чистая слобода;1; Титова;40.0;Площадь Маркса;https://novosibirsk.cian.ru/sale/flat/324705330/?mlSearchSessionGuid=e0f94a0489a6b836ae41be0818b8e690
flat;ЕВРОДОМ;real_estate_agent;sale;Октябрьский;9;10;45;Новосибирск;4100000;Плющихинский;1; Татьяны Снежиной;45.2;Золотая Нива;https://novosibirsk.cian.ru/sale/flat/326922888/?mlSearchSessionGuid=e0f94a0489a6b836ae41be0818b8e690
flat;Корона;real_estate_agent;sale;Заельцовский;2;5;394;Новосибирск;4100000;;1; Дуси Ковальчук;29.7;Заельцовская;https://novosibirsk.cian.ru/sale/flat/324552091/?mlSearchSessionGuid=e0f94a0489a6b836ae41be0818b8e690
flat;АктивНедвижимость;real_estate_agent;sale;Кировский;2;10;12;Новосибирск;4100000;Просторный;1; Николая Сотникова;48.1;Студенческая;https://novosibirsk.cian.ru/sale/flat/308879505/?mlSearchSessionGuid=e0f94a0489a6b836ae41be0818b8e690
flat;Родники;real_estate_agent;sale;Октябрьский;4;10;45/1;Новосибирск;4100000;Плющихинский;1; Татьяны Снежиной;43.0;Золотая Нива;https://novosibirsk.cian.ru/sale/flat/323674016/?mlSearchSessionGuid=e0f94a0489a6b836ae41be0818b8e690
flat;Вместе;real_estate_agent;sale;Калининский;2;5;25;Новосибирск;4100000;;1;Народная ;31.0;Заельцовская;https://novosibirsk.cian.ru/sale/flat/321076911/?mlSearchSessionGuid=e0f94a0489a6b836ae41be0818b8e690
flat;MetroPolis;real_estate_agent;sale;Дзержинский;1;5;31;Новосибирск;4100000;;1; Есенина;30.0;Золотая Нива;https://novosibirsk.cian.ru/sale/flat/323586157/?mlSearchSessionGuid=e0f94a0489a6b836ae41be0818b8e690
flat;Родники;real_estate_agent;sale;Октябрьский;7;10;41/2;Новосибирск;4100000;;1; В. Высоцкого;34.0;Золотая Нива;https://novosibirsk.cian.ru/sale/flat/326624357/?mlSearchSessionGuid=e0f94a0489a6b836ae41be0818b8e690
flat;Красный Проспект Недвижимость;real_estate_agent;sale;Заельцовский;2;5;117/1;Новосибирск;4100000;;1; Жуковского;29.2;Заельцовская;https://novosibirsk.cian.ru/sale/flat/318747510/?mlSearchSessionGuid=e0f94a0489a6b836ae41be0818b8e690
flat;Ольга Стефаненко;realtor;sale;Ленинский;4;9;20/3;Новосибирск;4100000;;1; Немировича-Данченко;34.0;Площадь Маркса;https://novosibirsk.cian.ru/sale/flat/301200122/?mlSearchSessionGuid=e0f94a0489a6b836ae41be0818b8e690
flat;Светлана Османова;realtor;sale;Советский;1;4;11;Новосибирск;4100000;;1; Героев Труда;31.6;Речной вокзал;https://novosibirsk.cian.ru/sale/flat/326680745/?mlSearchSessionGuid=e0f94a0489a6b836ae41be0818b8e690
flat;Мария Платонова;realtor;sale;Кировский;7;10;98;Новосибирск;4100000;;1; Зорге;40.0;Площадь Маркса;https://novosibirsk.cian.ru/sale/flat/322840877/?mlSearchSessionGuid=e0f94a0489a6b836ae41be0818b8e690
flat;Ольга Стефаненко;realtor;sale;Октябрьский;1;5;113/1;Новосибирск;4100000;;1;Выборная ;30.0;Речной вокзал;https://novosibirsk.cian.ru/sale/flat/324573044/?mlSearchSessionGuid=e0f94a0489a6b836ae41be0818b8e690
flat;Жанна Кулешова;realtor;sale;Ленинский;10;12;21;Новосибирск;4100000;Чистая слобода;1;Спортивная ;35.9;Площадь Маркса;https://novosibirsk.cian.ru/sale/flat/326171957/?mlSearchSessionGuid=e0f94a0489a6b836ae41be0818b8e690
flat;ЖИЛФОНД;real_estate_agent;sale;Октябрьский;2;16;15;Новосибирск;4150000;Место;1;Ипподромская ;20.3;Октябрьская;https://novosibirsk.cian.ru/sale/flat/327093056/?mlSearchSessionGuid=e0f94a0489a6b836ae41be0818b8e690
flat;ЖИЛФОНД;real_estate_agent;sale;Дзержинский;1;9;10/1;Новосибирск;4150000;;1;Республиканская ;29.4;Березовая Роща;https://novosibirsk.cian.ru/sale/flat/325101163/?mlSearchSessionGuid=e0f94a0489a6b836ae41be0818b8e690
flat;ЖИЛФОНД;real_estate_agent;sale;Ленинский;2;4;670;Новосибирск;4150000;;1;Большая ;34.5;Площадь Маркса;https://novosibirsk.cian.ru/sale/flat/326724475/?mlSearchSessionGuid=e0f94a0489a6b836ae41be0818b8e690
flat;ЖИЛФОНД;real_estate_agent;sale;Заельцовский;5;5;117;Новосибирск;4150000;;1; Жуковского;30.3;Гагаринская;https://novosibirsk.cian.ru/sale/flat/318843285/?mlSearchSessionGuid=e0f94a0489a6b836ae41be0818b8e690
flat;Владис Центральное;real_estate_agent;sale;Ленинский;2;5;29;Новосибирск;4150000;;1;проспект Карла Маркса;30.9;Студенческая;https://novosibirsk.cian.ru/sale/flat/325463562/?mlSearchSessionGuid=e0f94a0489a6b836ae41be0818b8e690
flat;МакроМир;real_estate_agent;sale;Ленинский;4;5;51;Новосибирск;4199000;;1; Блюхера;30.8;Студенческая;https://novosibirsk.cian.ru/sale/flat/321101051/?mlSearchSessionGuid=e0f94a0489a6b836ae41be0818b8e690
flat;ДОКТОР КЛЮЧ;real_estate_agent;sale;Первомайский;1;17;1/9;Новосибирск;4150000;Берёзовое;1; Одоевского;43.8;Речной вокзал;https://novosibirsk.cian.ru/sale/flat/315846089/?mlSearchSessionGuid=e0f94a0489a6b836ae41be0818b8e690
flat;ПРОЕКТ;real_estate_agent;sale;Октябрьский;7;11;41/5;Новосибирск;4150000;;1; В. Высоцкого;42.6;Золотая Нива;https://novosibirsk.cian.ru/sale/flat/322387296/?mlSearchSessionGuid=e0f94a0489a6b836ae41be0818b8e690
flat;Центр Недвижимости;real_estate_agent;sale;Советский;7;9;3;Новосибирск;4150000;;1; Русская;29.6;;https://novosibirsk.cian.ru/sale/flat/323832264/?mlSearchSessionGuid=e0f94a0489a6b836ae41be0818b8e690
flat;Планета;real_estate_agent;sale;Кировский;5;9;59/2;Новосибирск;4150000;;1; Мира;41.3;Площадь Маркса;https://novosibirsk.cian.ru/sale/flat/323178420/?mlSearchSessionGuid=e0f94a0489a6b836ae41be0818b8e690
flat;VIRA Обмен;real_estate_agent;sale;Кировский;6;10;18;Новосибирск;4150000;Просторный;1; Виктора Шевелева;63.6;Студенческая;https://novosibirsk.cian.ru/sale/flat/323342467/?mlSearchSessionGuid=e0f94a0489a6b836ae41be0818b8e690
flat;Аванта;real_estate_agent;sale;Ленинский;6;17;69;Новосибирск;4192000;Радуга Сибири;1; Забалуева;36.83;Студенческая;https://novosibirsk.cian.ru/sale/flat/325163228/?mlSearchSessionGuid=e0f94a0489a6b836ae41be0818b8e690
flat;ПРОЕКТ;real_estate_agent;sale;Кировский;7;9;118/1;Новосибирск;4150000;;1; Немировича-Данченко;32.3;Площадь Маркса;https://novosibirsk.cian.ru/sale/flat/309310463/?mlSearchSessionGuid=e0f94a0489a6b836ae41be0818b8e690
flat;Наталия Орешкина;realtor;sale;Кировский;9;10;20;Новосибирск;4150000;Просторный;1; Виктора Шевелева;48.1;Студенческая;https://novosibirsk.cian.ru/sale/flat/324223781/?mlSearchSessionGuid=e0f94a0489a6b836ae41be0818b8e690
flat;ЖИЛФОНД;real_estate_agent;sale;Калининский;3;17;66/8;Новосибирск;4200000;На Фадеева;1; Фадеева;46.5;Заельцовская;https://novosibirsk.cian.ru/sale/flat/327093058/?mlSearchSessionGuid=e0f94a0489a6b836ae41be0818b8e690
flat;ЖИЛФОНД;real_estate_agent;sale;Кировский;7;10;152;Новосибирск;4200000;;1;Тульская ;32.0;Площадь Маркса;https://novosibirsk.cian.ru/sale/flat/326946245/?mlSearchSessionGuid=e0f94a0489a6b836ae41be0818b8e690
flat;ЖИЛФОНД;real_estate_agent;sale;Кировский;3;6;40;Новосибирск;4200000;;1; Сибиряков-Гвардейцев;31.0;Площадь Маркса;https://novosibirsk.cian.ru/sale/flat/326880446/?mlSearchSessionGuid=e0f94a0489a6b836ae41be0818b8e690
flat;ЖИЛФОНД;real_estate_agent;sale;Октябрьский;10;10;11;Новосибирск;4200000;Плющихинский;1; Виталия Потылицына;32.5;Золотая Нива;https://novosibirsk.cian.ru/sale/flat/326761456/?mlSearchSessionGuid=e0f94a0489a6b836ae41be0818b8e690
flat;ЖИЛФОНД;real_estate_agent;sale;Советский;6;9;11;Новосибирск;4200000;;1; Иванова;21.8;;https://novosibirsk.cian.ru/sale/flat/326555100/?mlSearchSessionGuid=e0f94a0489a6b836ae41be0818b8e690
flat;ЖИЛФОНД;real_estate_agent;sale;Ленинский;2;10;242/2;Новосибирск;4200000;Чистая слобода;1; Титова;33.0;Площадь Маркса;https://novosibirsk.cian.ru/sale/flat/324804408/?mlSearchSessionGuid=e0f94a0489a6b836ae41be0818b8e690
flat;ЖИЛФОНД;real_estate_agent;sale;Ленинский;17;17;88;Новосибирск;4200000;Радуга Сибири;1; Забалуева;36.9;Площадь Маркса;https://novosibirsk.cian.ru/sale/flat/323708057/?mlSearchSessionGuid=e0f94a0489a6b836ae41be0818b8e690
flat;ЖИЛФОНД;real_estate_agent;sale;Калининский;7;9;35/1;Новосибирск;4200000;;1; Объединения;37.3;Заельцовская;https://novosibirsk.cian.ru/sale/flat/322882620/?mlSearchSessionGuid=e0f94a0489a6b836ae41be0818b8e690
flat;ЖИЛФОНД;real_estate_agent;sale;Ленинский;4;7;11;Новосибирск;4200000;;1; Пархоменко;29.8;Площадь Маркса;https://novosibirsk.cian.ru/sale/flat/321527828/?mlSearchSessionGuid=e0f94a0489a6b836ae41be0818b8e690
flat;ЖИЛФОНД;real_estate_agent;sale;Кировский;13;14;74/1;Новосибирск;4200000;Театральный;1; Костычева;23.9;Площадь Маркса;https://novosibirsk.cian.ru/sale/flat/326638800/?mlSearchSessionGuid=e0f94a0489a6b836ae41be0818b8e690
flat;ЖИЛФОНД;real_estate_agent;sale;Ленинский;12;16;253/6;Новосибирск;4200000;Любимый;1; Титова;37.7;Площадь Маркса;https://novosibirsk.cian.ru/sale/flat/326728850/?mlSearchSessionGuid=e0f94a0489a6b836ae41be0818b8e690
flat;ЖИЛФОНД;real_estate_agent;sale;Калининский;7;9;6/1;Новосибирск;4200000;Мкрн. Родники;1; Родники;37.8;Заельцовская;https://novosibirsk.cian.ru/sale/flat/311866311/?mlSearchSessionGuid=e0f94a0489a6b836ae41be0818b8e690
flat;ЖИЛФОНД;real_estate_agent;sale;Ленинский;1;6;3;Новосибирск;4200000;Дивногорский;1; Романтиков;43.0;Площадь Маркса;https://novosibirsk.cian.ru/sale/flat/305275258/?mlSearchSessionGuid=e0f94a0489a6b836ae41be0818b8e690
flat;ЖИЛФОНД;real_estate_agent;sale;Ленинский;2;5;14;Новосибирск;4200000;;1; Пермитина;30.9;Студенческая;https://novosibirsk.cian.ru/sale/flat/326465666/?mlSearchSessionGuid=e0f94a0489a6b836ae41be0818b8e690
flat;ЖИЛФОНД;real_estate_agent;sale;Ленинский;4;17;106/3;Новосибирск;4200000;Новый горизонт;1;Рельефная ;31.9;Студенческая;https://novosibirsk.cian.ru/sale/flat/314383900/?mlSearchSessionGuid=e0f94a0489a6b836ae41be0818b8e690
flat;МакроМир;real_estate_agent;sale;Ленинский;3;10;264;Новосибирск;4200000;Чистая слобода;1; Титова;40.0;Площадь Маркса;https://novosibirsk.cian.ru/sale/flat/326755495/?mlSearchSessionGuid=e0f94a0489a6b836ae41be0818b8e690
flat;АЛЬГИЗА;real_estate_agent;sale;Ленинский;8;18;31;Новосибирск;4200000;Чистая слобода;1;Спортивная ;29.0;Площадь Маркса;https://novosibirsk.cian.ru/sale/flat/307978607/?mlSearchSessionGuid=e0f94a0489a6b836ae41be0818b8e690
flat;СФЕРА 54;real_estate_agent;sale;Калининский;1;18;6;Новосибирск;4200000;Квартал на Игарской;1;Игарская ;36.1;Заельцовская;https://novosibirsk.cian.ru/sale/flat/326756851/?mlSearchSessionGuid=e0f94a0489a6b836ae41be0818b8e690
flat;Домофонд;real_estate_agent;sale;Октябрьский;2;4;186;Новосибирск;4200000;;1; Бориса Богаткова;32.2;Золотая Нива;https://novosibirsk.cian.ru/sale/flat/326915722/?mlSearchSessionGuid=e0f94a0489a6b836ae41be0818b8e690
flat;Хорошие люди;real_estate_agent;sale;Кировский;8;18;22;Новосибирск;4200000;Семейный квартал;1;Бронная ;44.8;Площадь Маркса;https://novosibirsk.cian.ru/sale/flat/311183293/?mlSearchSessionGuid=e0f94a0489a6b836ae41be0818b8e690
flat;МакроМир;real_estate_agent;sale;Кировский;8;17;22;Новосибирск;4200000;Семейный квартал;1;Бронная ;45.0;Площадь Маркса;https://novosibirsk.cian.ru/sale/flat/323529873/?mlSearchSessionGuid=e0f94a0489a6b836ae41be0818b8e690
flat;Всем Квартиру;real_estate_agent;sale;Ленинский;10;10;240;Новосибирск;4200000;Чистая слобода;1; Титова;32.0;Площадь Маркса;https://novosibirsk.cian.ru/sale/flat/326113371/?mlSearchSessionGuid=e0f94a0489a6b836ae41be0818b8e690
flat;Владис Центральное;real_estate_agent;sale;Советский;8;10;39;Новосибирск;4200000;;1; Вахтангова;36.3;;https://novosibirsk.cian.ru/sale/flat/326944849/?mlSearchSessionGuid=e0f94a0489a6b836ae41be0818b8e690
flat;СФЕРА 54;real_estate_agent;sale;Дзержинский;2;5;31/2;Новосибирск;4200000;;1; Доватора;28.7;Золотая Нива;https://novosibirsk.cian.ru/sale/flat/326529645/?mlSearchSessionGuid=e0f94a0489a6b836ae41be0818b8e690
flat;Владис Центральное;real_estate_agent;sale;Калининский;5;17;39;Новосибирск;4200000;Тайгинский парк;1;Тайгинская ;30.5;Заельцовская;https://novosibirsk.cian.ru/sale/flat/326572592/?mlSearchSessionGuid=e0f94a0489a6b836ae41be0818b8e690
flat;Владис Центральное;real_estate_agent;sale;Кировский;4;17;14а;Новосибирск;4200000;;1; Петухова;35.0;Площадь Маркса;https://novosibirsk.cian.ru/sale/flat/324579611/?mlSearchSessionGuid=e0f94a0489a6b836ae41be0818b8e690
flat;Альфа Дом;real_estate_agent;sale;Октябрьский;9;16;14/1;Новосибирск;4200000;;1; Ключ-Камышенское плато;32.9;Речной вокзал;https://novosibirsk.cian.ru/sale/flat/322302893/?mlSearchSessionGuid=e0f94a0489a6b836ae41be0818b8e690
flat;Ваш Академгородок;real_estate_agent;sale;Советский;2;9;14;Новосибирск;4200000;;1; Экваторная;37.0;Речной вокзал;https://novosibirsk.cian.ru/sale/flat/324939368/?mlSearchSessionGuid=e0f94a0489a6b836ae41be0818b8e690
flat;Статус;real_estate_agent;sale;Октябрьский;1;10;38;Новосибирск;4200000;Плющихинский;1; В. Высоцкого;38.1;Золотая Нива;https://novosibirsk.cian.ru/sale/flat/322154934/?mlSearchSessionGuid=e0f94a0489a6b836ae41be0818b8e690
flat;Метрика Сибири;real_estate_agent;sale;Заельцовский;4;9;1;Новосибирск;4200000;;1; Территория Горбольницы;33.0;Заельцовская;https://novosibirsk.cian.ru/sale/flat/322746290/?mlSearchSessionGuid=e0f94a0489a6b836ae41be0818b8e690
flat;Янина Репинская;realtor;sale;Калининский;4;5;27/1;Новосибирск;4200000;;1;Народная ;29.0;Заельцовская;https://novosibirsk.cian.ru/sale/flat/320559788/?mlSearchSessionGuid=e0f94a0489a6b836ae41be0818b8e690
flat;ЖИЛФОНД;real_estate_agent;sale;Ленинский;14;18;1/1;Новосибирск;4250000;;1; Невельского;26.1;Площадь Маркса;https://novosibirsk.cian.ru/sale/flat/326723364/?mlSearchSessionGuid=e0f94a0489a6b836ae41be0818b8e690
flat;ЖИЛФОНД;real_estate_agent;sale;Кировский;3;5;135;Новосибирск;4250000;;1; Немировича-Данченко;31.2;Площадь Маркса;https://novosibirsk.cian.ru/sale/flat/326091567/?mlSearchSessionGuid=e0f94a0489a6b836ae41be0818b8e690
flat;ЖИЛФОНД;real_estate_agent;sale;Октябрьский;9;10;13;Новосибирск;4250000;Эверест;1; Ключ-Камышенское плато;29.1;Речной вокзал;https://novosibirsk.cian.ru/sale/flat/323890582/?mlSearchSessionGuid=e0f94a0489a6b836ae41be0818b8e690
flat;ЖИЛФОНД;real_estate_agent;sale;Ленинский;8;14;253/6;Новосибирск;4250000;Любимый;1; Титова;36.0;Площадь Маркса;https://novosibirsk.cian.ru/sale/flat/314706506/?mlSearchSessionGuid=e0f94a0489a6b836ae41be0818b8e690
flat;ЖИЛФОНД;real_estate_agent;sale;Октябрьский;7;16;17;Новосибирск;4250000;Эверест;1; Ключ-Камышенское плато;39.8;Спортивная;https://novosibirsk.cian.ru/sale/flat/318000608/?mlSearchSessionGuid=e0f94a0489a6b836ae41be0818b8e690
flat;ЖИЛФОНД;real_estate_agent;sale;Ленинский;3;12;4;Новосибирск;4250000;Дивногорский;1; Романтиков;37.2;Площадь Маркса;https://novosibirsk.cian.ru/sale/flat/327075387/?mlSearchSessionGuid=e0f94a0489a6b836ae41be0818b8e690
flat;МакроМир;real_estate_agent;sale;Ленинский;6;10;27;Новосибирск;4250000;Чистая слобода;1;Спортивная ;36.9;Площадь Маркса;https://novosibirsk.cian.ru/sale/flat/326960294/?mlSearchSessionGuid=e0f94a0489a6b836ae41be0818b8e690
flat;Забота;real_estate_agent;sale;Ленинский;16;18;27;Новосибирск;4290000;;1;Новосибирская ;43.7;Площадь Маркса;https://novosibirsk.cian.ru/sale/flat/325438061/?mlSearchSessionGuid=e0f94a0489a6b836ae41be0818b8e690
flat;НСК-top;real_estate_agent;sale;Октябрьский;9;10;3;Новосибирск;4280000;Плющихинский;1; Плющихинская;49.0;Золотая Нива;https://novosibirsk.cian.ru/sale/flat/323530993/?mlSearchSessionGuid=e0f94a0489a6b836ae41be0818b8e690
flat;АльянсРиэлт;real_estate_agent;sale;Октябрьский;10;11;41/1;Новосибирск;4250000;Плющихинский;1; Татьяны Снежиной;42.4;Золотая Нива;https://novosibirsk.cian.ru/sale/flat/326923874/?mlSearchSessionGuid=e0f94a0489a6b836ae41be0818b8e690
flat;ЕВРОДОМ;real_estate_agent;sale;Кировский;3;6;12/1;Новосибирск;4250000;;1; Оловозаводская;34.4;Студенческая;https://novosibirsk.cian.ru/sale/flat/323205035/?mlSearchSessionGuid=e0f94a0489a6b836ae41be0818b8e690
flat;ПРОЕКТ;real_estate_agent;sale;Октябрьский;1;9;99/3;Новосибирск;4250000;;1;Выборная ;36.7;Речной вокзал;https://novosibirsk.cian.ru/sale/flat/325657184/?mlSearchSessionGuid=e0f94a0489a6b836ae41be0818b8e690
flat;Новактив;real_estate_agent;sale;Кировский;2;28;229;Новосибирск;4250000;;1; Зорге;45.0;Площадь Маркса;https://novosibirsk.cian.ru/sale/flat/323707549/?mlSearchSessionGuid=e0f94a0489a6b836ae41be0818b8e690
flat;ЖИЛФОНД;real_estate_agent;sale;Калининский;5;10;3;Новосибирск;4300000;;1; Василия Клевцова;25.5;Заельцовская;https://novosibirsk.cian.ru/sale/flat/302335497/?mlSearchSessionGuid=e0f94a0489a6b836ae41be0818b8e690
flat;ЖИЛФОНД;real_estate_agent;sale;Центральный;1;5;50А;Новосибирск;4330000;;1;Советская ;31.2;Красный Проспект;https://novosibirsk.cian.ru/sale/flat/322860303/?mlSearchSessionGuid=e0f94a0489a6b836ae41be0818b8e690
flat;ЖИЛФОНД;real_estate_agent;sale;Заельцовский;1;5;85/1;Новосибирск;4300000;;1; Тимирязева;28.0;Заельцовская;https://novosibirsk.cian.ru/sale/flat/326576485/?mlSearchSessionGuid=e0f94a0489a6b836ae41be0818b8e690
flat;ЖИЛФОНД;real_estate_agent;sale;Ленинский;6;10;121;Новосибирск;4300000;Софийский Квартал;1;Вертковская ;32.5;Площадь Маркса;https://novosibirsk.cian.ru/sale/flat/326053357/?mlSearchSessionGuid=e0f94a0489a6b836ae41be0818b8e690
flat;ЖИЛФОНД;real_estate_agent;sale;Кировский;10;18;19;Новосибирск;4300000;Просторный;1; Николая Сотникова;40.0;Студенческая;https://novosibirsk.cian.ru/sale/flat/324123266/?mlSearchSessionGuid=e0f94a0489a6b836ae41be0818b8e690
flat;ЖИЛФОНД;real_estate_agent;sale;Калининский;5;9;4;Новосибирск;4300000;Поколение;1; Михаила Востокова;32.4;Заельцовская;https://novosibirsk.cian.ru/sale/flat/319339523/?mlSearchSessionGuid=e0f94a0489a6b836ae41be0818b8e690
flat;ЖИЛФОНД;real_estate_agent;sale;Калининский;2;17;66/4;Новосибирск;4300000;На Фадеева;1; Фадеева;31.0;Заельцовская;https://novosibirsk.cian.ru/sale/flat/318290741/?mlSearchSessionGuid=e0f94a0489a6b836ae41be0818b8e690
flat;ЖИЛФОНД;real_estate_agent;sale;Ленинский;8;9;19;Новосибирск;4345000;;1;Новосибирская ;40.3;Площадь Маркса;https://novosibirsk.cian.ru/sale/flat/325969011/?mlSearchSessionGuid=e0f94a0489a6b836ae41be0818b8e690
flat;МакроМир;real_estate_agent;sale;Ленинский;8;17;3/1;Новосибирск;4300000;Аквамарин;1;Междуреченская ;34.7;Красный Проспект;https://novosibirsk.cian.ru/sale/flat/326302635/?mlSearchSessionGuid=e0f94a0489a6b836ae41be0818b8e690
flat;ЛЕГКО;real_estate_agent;sale;Ленинский;2;10;15;Новосибирск;4300000;Чистая слобода;1;Спортивная ;37.0;Площадь Маркса;https://novosibirsk.cian.ru/sale/flat/326271282/?mlSearchSessionGuid=e0f94a0489a6b836ae41be0818b8e690
flat;КВАРТЭН;real_estate_agent;sale;Кировский;2;9;23;Новосибирск;4300000;;1; Громова;41.0;Площадь Маркса;https://novosibirsk.cian.ru/sale/flat/322769513/?mlSearchSessionGuid=e0f94a0489a6b836ae41be0818b8e690
flat;Планета Недвижимости -подразделение ООО Лаки;real_estate_agent;sale;Калининский;4;17;5;Новосибирск;4300000;Квартал на Игарской;1;Игарская ;33.0;Заельцовская;https://novosibirsk.cian.ru/sale/flat/324426463/?mlSearchSessionGuid=e0f94a0489a6b836ae41be0818b8e690
flat;Квартирный портал;real_estate_agent;sale;Калининский;3;5;12/1;Новосибирск;4300000;;1; Богдана Хмельницкого;31.5;Заельцовская;https://novosibirsk.cian.ru/sale/flat/326758118/?mlSearchSessionGuid=e0f94a0489a6b836ae41be0818b8e690
flat;Аванта;real_estate_agent;sale;Кировский;13;17;172;Новосибирск;4305000;;1; Петухова;39.7;Студенческая;https://novosibirsk.cian.ru/sale/flat/325162373/?mlSearchSessionGuid=e0f94a0489a6b836ae41be0818b8e690
flat;Ново-Николаевскъ;real_estate_agent;sale;Дзержинский;3;5;32/1;Новосибирск;4300000;;1;проспект Дзержинского;39.7;Березовая Роща;https://novosibirsk.cian.ru/sale/flat/320859140/?mlSearchSessionGuid=e0f94a0489a6b836ae41be0818b8e690
flat;ЖИЛФОНД;real_estate_agent;sale;Ленинский;4;9;15/1;Новосибирск;4350000;;1;Фасадная ;35.9;Площадь Маркса;https://novosibirsk.cian.ru/sale/flat/324300839/?mlSearchSessionGuid=e0f94a0489a6b836ae41be0818b8e690
flat;ЖИЛФОНД;real_estate_agent;sale;Октябрьский;11;16;53;Новосибирск;4350000;;1; В. Высоцкого;32.7;Золотая Нива;https://novosibirsk.cian.ru/sale/flat/326352474/?mlSearchSessionGuid=e0f94a0489a6b836ae41be0818b8e690
flat;Департамент недвижимости и права;real_estate_agent;sale;Кировский;2;17;1;Новосибирск;4350000;;1; Сержанта Коротаева;34.3;Площадь Маркса;https://novosibirsk.cian.ru/sale/flat/326992086/?mlSearchSessionGuid=e0f94a0489a6b836ae41be0818b8e690
flat;METRAGE;real_estate_agent;sale;Октябрьский;2;10;10;Новосибирск;4350000;;1; Плющихинская;48.0;Золотая Нива;https://novosibirsk.cian.ru/sale/flat/320277250/?mlSearchSessionGuid=e0f94a0489a6b836ae41be0818b8e690
flat;Владис Центральное;real_estate_agent;sale;Ленинский;5;11;17;Новосибирск;4350000;Чистая слобода;1;Спортивная ;37.6;Площадь Маркса;https://novosibirsk.cian.ru/sale/flat/325335014/?mlSearchSessionGuid=e0f94a0489a6b836ae41be0818b8e690
flat;Квартирный портал;real_estate_agent;sale;Первомайский;1;9;22/3;Новосибирск;4395000;Одоевский;1; Радиостанция № 2;44.3;Речной вокзал;https://novosibirsk.cian.ru/sale/flat/322828873/?mlSearchSessionGuid=e0f94a0489a6b836ae41be0818b8e690
flat;Агентство недвижимости Буравлёвой Эллы;real_estate_agent;sale;Ленинский;1;5;8;Новосибирск;4350000;;1; Пермитина;30.4;Площадь Маркса;https://novosibirsk.cian.ru/sale/flat/307795574/?mlSearchSessionGuid=e0f94a0489a6b836ae41be0818b8e690
flat;Ключи;real_estate_agent;sale;Калининский;5;18;20;Новосибирск;4350000;Дежнёв;1; Имени генерал-майора А.Н. Рожкина;32.0;Заельцовская;https://novosibirsk.cian.ru/sale/flat/326534932/?mlSearchSessionGuid=e0f94a0489a6b836ae41be0818b8e690
flat;АльянсРиэлт;real_estate_agent;sale;Первомайский;2;10;7;Новосибирск;4350000;Сокольники;1; Ошанина;34.3;Речной вокзал;https://novosibirsk.cian.ru/sale/flat/326344594/?mlSearchSessionGuid=e0f94a0489a6b836ae41be0818b8e690
flat;Мария Платонова;realtor;sale;Кировский;2;18;14;Новосибирск;4350000;Кировский;1; Петухова;36.2;Площадь Маркса;https://novosibirsk.cian.ru/sale/flat/323664014/?mlSearchSessionGuid=e0f94a0489a6b836ae41be0818b8e690
flat;Константин Василевский;realtor;sale;Советский;4;5;9;Новосибирск;4350000;;1; Героев Труда;32.2;Речной вокзал;https://novosibirsk.cian.ru/sale/flat/326388080/?mlSearchSessionGuid=e0f94a0489a6b836ae41be0818b8e690
flat;ЖИЛФОНД;real_estate_agent;sale;Советский;3;5;26;Новосибирск;4400000;;1; Российская;30.0;;https://novosibirsk.cian.ru/sale/flat/326503091/?mlSearchSessionGuid=e0f94a0489a6b836ae41be0818b8e690
flat;ЖИЛФОНД;real_estate_agent;sale;Первомайский;7;14;21;Новосибирск;4400000;Весенний;1; Заречная;27.4;Спортивная;https://novosibirsk.cian.ru/sale/flat/326278882/?mlSearchSessionGuid=e0f94a0489a6b836ae41be0818b8e690
flat;ЖИЛФОНД;real_estate_agent;sale;Ленинский;7;9;18;Новосибирск;4400000;;1;Троллейная ;38.0;Площадь Маркса;https://novosibirsk.cian.ru/sale/flat/326946240/?mlSearchSessionGuid=e0f94a0489a6b836ae41be0818b8e690
flat;ЖИЛФОНД;real_estate_agent;sale;Заельцовский;2;9;2/2;Новосибирск;4400000;;1; Лебедевского;37.7;Заельцовская;https://novosibirsk.cian.ru/sale/flat/326379892/?mlSearchSessionGuid=e0f94a0489a6b836ae41be0818b8e690
flat;ЖИЛФОНД;real_estate_agent;sale;Ленинский;9;9;20;Новосибирск;4400000;;1;Троллейная ;32.4;Площадь Маркса;https://novosibirsk.cian.ru/sale/flat/326346028/?mlSearchSessionGuid=e0f94a0489a6b836ae41be0818b8e690
flat;ЖИЛФОНД;real_estate_agent;sale;Кировский;13;17;14а;Новосибирск;4400000;;1; Петухова;40.3;Площадь Маркса;https://novosibirsk.cian.ru/sale/flat/326275951/?mlSearchSessionGuid=e0f94a0489a6b836ae41be0818b8e690
flat;ЖИЛФОНД;real_estate_agent;sale;Ленинский;8;10;264;Новосибирск;4400000;Чистая слобода;1; Титова;37.0;Площадь Маркса;https://novosibirsk.cian.ru/sale/flat/324374846/?mlSearchSessionGuid=e0f94a0489a6b836ae41be0818b8e690
flat;ЖИЛФОНД;real_estate_agent;sale;Октябрьский;5;11;75;Новосибирск;4430000;NOVA-апарт;1;Автогенная ;30.2;Речной вокзал;https://novosibirsk.cian.ru/sale/flat/324191032/?mlSearchSessionGuid=e0f94a0489a6b836ae41be0818b8e690
flat;ЖИЛФОНД;real_estate_agent;sale;Кировский;17;18;11;Новосибирск;4400000;Золотая роща;1;Пригородная ;32.6;Площадь Маркса;https://novosibirsk.cian.ru/sale/flat/310770298/?mlSearchSessionGuid=e0f94a0489a6b836ae41be0818b8e690
flat;ЖИЛФОНД;real_estate_agent;sale;Дзержинский;5;10;128/1;Новосибирск;4400000;;1; Коминтерна;40.4;Золотая Нива;https://novosibirsk.cian.ru/sale/flat/325860630/?mlSearchSessionGuid=e0f94a0489a6b836ae41be0818b8e690
flat;МакроМир;real_estate_agent;sale;Ленинский;3;10;7;Новосибирск;4440000;Чистая слобода;1;Спортивная ;30.0;Площадь Маркса;https://novosibirsk.cian.ru/sale/flat/326252602/?mlSearchSessionGuid=e0f94a0489a6b836ae41be0818b8e690
flat;METRAGE;real_estate_agent;sale;Заельцовский;1;5;43;Новосибирск;4400000;;1; Дмитрия Донского;30.9;Заельцовская;https://novosibirsk.cian.ru/sale/flat/326930613/?mlSearchSessionGuid=e0f94a0489a6b836ae41be0818b8e690
flat;ЕВРОДОМ;real_estate_agent;sale;Ленинский;18;18;10;Новосибирск;4400000;Чистая слобода;1; Ивана Севастьянова;36.4;Площадь Маркса;https://novosibirsk.cian.ru/sale/flat/325625680/?mlSearchSessionGuid=e0f94a0489a6b836ae41be0818b8e690
flat;100 Домов-Новосибирск;real_estate_agent;sale;Кировский;5;17;22/1;Новосибирск;4400000;Семейный квартал;1;Бронная ;41.0;Площадь Маркса;https://novosibirsk.cian.ru/sale/flat/314062817/?mlSearchSessionGuid=e0f94a0489a6b836ae41be0818b8e690
flat;PRO Недвижимость;real_estate_agent;sale;Ленинский;3;6;154;Новосибирск;4400000;;1; Связистов;33.3;Площадь Маркса;https://novosibirsk.cian.ru/sale/flat/326639098/?mlSearchSessionGuid=e0f94a0489a6b836ae41be0818b8e690
flat;Ключи;real_estate_agent;sale;Кировский;15;16;275;Новосибирск;4400000;;1; Зорге;47.2;Площадь Маркса;https://novosibirsk.cian.ru/sale/flat/320741050/?mlSearchSessionGuid=e0f94a0489a6b836ae41be0818b8e690
flat;Кристина Карабанова;realtor;sale;Ленинский;2;5;24;Новосибирск;4400000;;1;Троллейная ;31.0;Площадь Маркса;https://novosibirsk.cian.ru/sale/flat/326539900/?mlSearchSessionGuid=e0f94a0489a6b836ae41be0818b8e690
flat;ЖИЛФОНД;real_estate_agent;sale;Ленинский;8;17;13/1;Новосибирск;4450000;Квартет;1; Связистов;34.9;Площадь Маркса;https://novosibirsk.cian.ru/sale/flat/325826856/?mlSearchSessionGuid=e0f94a0489a6b836ae41be0818b8e690
flat;ЖИЛФОНД;real_estate_agent;sale;Ленинский;4;10;3/1;Новосибирск;4450000;;1;Киевская ;35.8;Площадь Маркса;https://novosibirsk.cian.ru/sale/flat/326074533/?mlSearchSessionGuid=e0f94a0489a6b836ae41be0818b8e690
flat;ЖИЛФОНД;real_estate_agent;sale;Ленинский;6;17;13/1;Новосибирск;4450000;Квартет;1; Связистов;34.9;Площадь Маркса;https://novosibirsk.cian.ru/sale/flat/326650421/?mlSearchSessionGuid=e0f94a0489a6b836ae41be0818b8e690
flat;ЖИЛФОНД;real_estate_agent;sale;Ленинский;2;5;53;Новосибирск;4450000;;1;проспект Карла Маркса;31.7;Студенческая;https://novosibirsk.cian.ru/sale/flat/322573907/?mlSearchSessionGuid=e0f94a0489a6b836ae41be0818b8e690
flat;Департамент недвижимости и права;real_estate_agent;sale;Ленинский;8;10;59;Новосибирск;4490000;;1;Пермская ;34.1;Площадь Маркса;https://novosibirsk.cian.ru/sale/flat/325325754/?mlSearchSessionGuid=e0f94a0489a6b836ae41be0818b8e690
flat;Владис Центральное;real_estate_agent;sale;Кировский;10;10;98;Новосибирск;4450000;;1; Зорге;41.0;Площадь Маркса;https://novosibirsk.cian.ru/sale/flat/326213695/?mlSearchSessionGuid=e0f94a0489a6b836ae41be0818b8e690
flat;Элита;real_estate_agent;sale;Калининский;5;9;4;Новосибирск;4490000;;1; Менделеева;31.5;Березовая Роща;https://novosibirsk.cian.ru/sale/flat/326909045/?mlSearchSessionGuid=e0f94a0489a6b836ae41be0818b8e690
flat;METRAGE;real_estate_agent;sale;Калининский;1;7;6;Новосибирск;4490000;;1;Танковая ;27.7;Заельцовская;https://novosibirsk.cian.ru/sale/flat/300236133/?mlSearchSessionGuid=e0f94a0489a6b836ae41be0818b8e690
flat;Владис Центральное;real_estate_agent;sale;Октябрьский;5;5;33;Новосибирск;4450000;;1;Гурьевская ;30.2;Речной вокзал;https://novosibirsk.cian.ru/sale/flat/316786631/?mlSearchSessionGuid=e0f94a0489a6b836ae41be0818b8e690
flat;Владис Центральное;real_estate_agent;sale;Калининский;2;21;3;Новосибирск;4463000;Характер;1; Тюленина;34.5;Заельцовская;https://novosibirsk.cian.ru/sale/flat/323607877/?mlSearchSessionGuid=e0f94a0489a6b836ae41be0818b8e690
flat;РЕГИОНАЛЬНЫЙ ЦЕНТР НЕДВИЖИМОСТИ;real_estate_agent;sale;Кировский;22;24;54;Новосибирск;4490000;Новые Матрёшки;1; Бородина;41.5;Площадь Маркса;https://novosibirsk.cian.ru/sale/flat/325094286/?mlSearchSessionGuid=e0f94a0489a6b836ae41be0818b8e690
flat;ЖИЛФОНД;real_estate_agent;sale;Кировский;5;10;99/2;Новосибирск;4500000;Матрешкин двор;1; Петухова;37.5;Студенческая;https://novosibirsk.cian.ru/sale/flat/324108187/?mlSearchSessionGuid=e0f94a0489a6b836ae41be0818b8e690
flat;ЖИЛФОНД;real_estate_agent;sale;Ленинский;12;27;37;Новосибирск;4500000;Радуга;1;Волховская ;35.0;Площадь Маркса;https://novosibirsk.cian.ru/sale/flat/326908096/?mlSearchSessionGuid=e0f94a0489a6b836ae41be0818b8e690
flat;ЖИЛФОНД;real_estate_agent;sale;Дзержинский;2;10;10/2;Новосибирск;4500000;;1; Есенина;34.8;Золотая Нива;https://novosibirsk.cian.ru/sale/flat/326360475/?mlSearchSessionGuid=e0f94a0489a6b836ae41be0818b8e690
flat;ЖИЛФОНД;real_estate_agent;sale;Дзержинский;6;9;25;Новосибирск;4500000;;1; Есенина;33.6;Золотая Нива;https://novosibirsk.cian.ru/sale/flat/326339663/?mlSearchSessionGuid=e0f94a0489a6b836ae41be0818b8e690
flat;ЖИЛФОНД;real_estate_agent;sale;Заельцовский;9;28;107/2;Новосибирск;4500000;Бирюзовая жемчужина-4;1;Сухарная ;25.42;Площадь Гарина-Михайловского;https://novosibirsk.cian.ru/sale/flat/326261857/?mlSearchSessionGuid=e0f94a0489a6b836ae41be0818b8e690
flat;ЖИЛФОНД;real_estate_agent;sale;Железнодорожный;4;17;15;Новосибирск;4500000;Jet Apartments;1;Железнодорожная ;26.0;Гагаринская;https://novosibirsk.cian.ru/sale/flat/324300836/?mlSearchSessionGuid=e0f94a0489a6b836ae41be0818b8e690
flat;ЖИЛФОНД;real_estate_agent;sale;Октябрьский;7;10;20;Новосибирск;4500000;;1; Ключ-Камышенское плато;37.5;Речной вокзал;https://novosibirsk.cian.ru/sale/flat/324115861/?mlSearchSessionGuid=e0f94a0489a6b836ae41be0818b8e690
flat;ЖИЛФОНД;real_estate_agent;sale;Дзержинский;9;10;53;Новосибирск;4500000;;1;Волочаевская ;37.6;Золотая Нива;https://novosibirsk.cian.ru/sale/flat/320696109/?mlSearchSessionGuid=e0f94a0489a6b836ae41be0818b8e690
flat;ЛЕГКО;real_estate_agent;sale;Заельцовский;1;5;125;Новосибирск;4500000;;1; Кропоткина;29.5;Гагаринская;https://novosibirsk.cian.ru/sale/flat/323367092/?mlSearchSessionGuid=e0f94a0489a6b836ae41be0818b8e690
flat;Созвездие Весов;real_estate_agent;sale;Советский;4;4;9;Новосибирск;4500000;;1;проспект Строителей;31.7;Речной вокзал;https://novosibirsk.cian.ru/sale/flat/326561843/?mlSearchSessionGuid=e0f94a0489a6b836ae41be0818b8e690
flat;Люди;real_estate_agent;sale;Кировский;12;24;54;Новосибирск;4500000;Новые Матрёшки;1; Бородина;35.0;Площадь Маркса;https://novosibirsk.cian.ru/sale/flat/326334928/?mlSearchSessionGuid=e0f94a0489a6b836ae41be0818b8e690
flat;Центр Недвижимости;real_estate_agent;sale;Советский;4;4;28;Новосибирск;4500000;;1;бульвар Молодежи;32.0;;https://novosibirsk.cian.ru/sale/flat/325863820/?mlSearchSessionGuid=e0f94a0489a6b836ae41be0818b8e690
flat;Коммерческий Брокеридж;real_estate_agent;sale;Дзержинский;2;12;16;Новосибирск;4500000;;1; Есенина;31.0;Золотая Нива;https://novosibirsk.cian.ru/sale/flat/326932769/?mlSearchSessionGuid=e0f94a0489a6b836ae41be0818b8e690
flat;Rialtor Group;real_estate_agent;sale;Калининский;4;17;5;Новосибирск;4500000;Квартал на Игарской;1;Игарская ;40.0;Заельцовская;https://novosibirsk.cian.ru/sale/flat/322221447/?mlSearchSessionGuid=e0f94a0489a6b836ae41be0818b8e690
flat;КВАРТЭН;real_estate_agent;sale;Кировский;1;10;90;Новосибирск;4500000;;1; Зорге;41.0;Площадь Маркса;https://novosibirsk.cian.ru/sale/flat/324680999/?mlSearchSessionGuid=e0f94a0489a6b836ae41be0818b8e690
flat;Дельта;real_estate_agent;sale;Октябрьский;5;9;163;Новосибирск;4500000;;1;Московская ;29.6;Речной вокзал;https://novosibirsk.cian.ru/sale/flat/326838576/?mlSearchSessionGuid=e0f94a0489a6b836ae41be0818b8e690
flat;Владис Центральное;real_estate_agent;sale;Ленинский;5;17;16/2;Новосибирск;4500000;на ул. Немировича-Данченко;1; Немировича-Данченко;40.1;Площадь Маркса;https://novosibirsk.cian.ru/sale/flat/326480398/?mlSearchSessionGuid=e0f94a0489a6b836ae41be0818b8e690
flat;РЕГИОНАЛЬНЫЙ ЦЕНТР НЕДВИЖИМОСТИ;real_estate_agent;sale;Октябрьский;8;11;41/1;Новосибирск;4530000;Плющихинский;1; Татьяны Снежиной;42.5;Золотая Нива;https://novosibirsk.cian.ru/sale/flat/326883517/?mlSearchSessionGuid=e0f94a0489a6b836ae41be0818b8e690
flat;Формула недвижимости;real_estate_agent;sale;Ленинский;6;9;25;Новосибирск;4500000;;1; 9-й Гвардейской Дивизии;32.4;Площадь Маркса;https://novosibirsk.cian.ru/sale/flat/326969025/?mlSearchSessionGuid=e0f94a0489a6b836ae41be0818b8e690
flat;Владис Центральное;real_estate_agent;sale;Октябрьский;4;11;75;Новосибирск;4500000;NOVA-апарт;1;Автогенная ;34.0;Речной вокзал;https://novosibirsk.cian.ru/sale/flat/326944846/?mlSearchSessionGuid=e0f94a0489a6b836ae41be0818b8e690
flat;ИП Тамбовцева Д.Е.;real_estate_agent;sale;Заельцовский;9;10;106;Новосибирск;4500000;;1; Жуковского;29.8;Заельцовская;https://novosibirsk.cian.ru/sale/flat/325649130/?mlSearchSessionGuid=e0f94a0489a6b836ae41be0818b8e690
flat;Элита;real_estate_agent;sale;Кировский;7;19;16/4;Новосибирск;4500000;Виктория;1; Петухова;37.5;Площадь Маркса;https://novosibirsk.cian.ru/sale/flat/326894248/?mlSearchSessionGuid=e0f94a0489a6b836ae41be0818b8e690
flat;METRAGE;real_estate_agent;sale;Заельцовский;3;5;34/1;Новосибирск;4500000;;1;Дачная ;21.0;Заельцовская;https://novosibirsk.cian.ru/sale/flat/322823466/?mlSearchSessionGuid=e0f94a0489a6b836ae41be0818b8e690
flat;ЕВРОДОМ;real_estate_agent;sale;Кировский;6;10;98;Новосибирск;4500000;;1; Зорге;35.5;Площадь Маркса;https://novosibirsk.cian.ru/sale/flat/318279178/?mlSearchSessionGuid=e0f94a0489a6b836ae41be0818b8e690
flat;Владис Центральное;real_estate_agent;sale;Кировский;6;10;14;Новосибирск;4500000;Просторный;1; Николая Сотникова;40.6;Студенческая;https://novosibirsk.cian.ru/sale/flat/325762170/?mlSearchSessionGuid=e0f94a0489a6b836ae41be0818b8e690
flat;Владис Центральное;real_estate_agent;sale;Ленинский;10;17;13/2;Новосибирск;4500000;Квартет;1; Связистов;35.2;Площадь Маркса;https://novosibirsk.cian.ru/sale/flat/326280156/?mlSearchSessionGuid=e0f94a0489a6b836ae41be0818b8e690
flat;Ключи;real_estate_agent;sale;Ленинский;6;11;240/1;Новосибирск;4500000;Чистая слобода;1; Титова;38.0;Площадь Маркса;https://novosibirsk.cian.ru/sale/flat/326534985/?mlSearchSessionGuid=e0f94a0489a6b836ae41be0818b8e690
flat;Ваш Академгородок;real_estate_agent;sale;Советский;3;9;3А;Новосибирск;4500000;;1; Вахтангова;39.0;;https://novosibirsk.cian.ru/sale/flat/324931217/?mlSearchSessionGuid=e0f94a0489a6b836ae41be0818b8e690
flat;Ваш Академгородок;real_estate_agent;sale;Советский;5;9;27;Новосибирск;4500000;;1; Иванова;34.0;;https://novosibirsk.cian.ru/sale/flat/325469749/?mlSearchSessionGuid=e0f94a0489a6b836ae41be0818b8e690
flat;Новактив;real_estate_agent;sale;Ленинский;10;15;16/1;Новосибирск;4500000;на ул. Немировича-Данченко;1; Немировича-Данченко;40.0;Студенческая;https://novosibirsk.cian.ru/sale/flat/324108471/?mlSearchSessionGuid=e0f94a0489a6b836ae41be0818b8e690
flat;Борис Бадмаев;realtor;sale;Железнодорожный;8;9;30;Новосибирск;4500000;;1; Челюскинцев;31.0;Площадь Гарина-Михайловского;https://novosibirsk.cian.ru/sale/flat/319283262/?mlSearchSessionGuid=e0f94a0489a6b836ae41be0818b8e690
flat;МакроМир;real_estate_agent;sale;Ленинский;4;5;11;Новосибирск;4500000;;1;Выставочная ;30.8;Площадь Маркса;https://novosibirsk.cian.ru/sale/flat/326419951/?mlSearchSessionGuid=e0f94a0489a6b836ae41be0818b8e690
flat;Аванта;real_estate_agent;sale;Ленинский;4;9;26;Новосибирск;4500000;Дивногорский;1; Романтиков;36.89;Площадь Маркса;https://novosibirsk.cian.ru/sale/flat/326343268/?mlSearchSessionGuid=e0f94a0489a6b836ae41be0818b8e690
flat;Ольга Морозова;realtor;sale;Ленинский;13;17;16/2;Новосибирск;4500000;на ул. Немировича-Данченко;1; Немировича-Данченко;39.1;Площадь Маркса;https://novosibirsk.cian.ru/sale/flat/326027074/?mlSearchSessionGuid=e0f94a0489a6b836ae41be0818b8e690
flat;ID 55913365;realtor;sale;Ленинский;9;10;25;Новосибирск;4500000;Чистая слобода;1;Спортивная ;36.0;Площадь Маркса;https://novosibirsk.cian.ru/sale/flat/326935556/?mlSearchSessionGuid=e0f94a0489a6b836ae41be0818b8e690
flat;АкадемИнвест;real_estate_agent;sale;Советский;4;9;11;Новосибирск;4500000;;1; Русская;37.1;;https://novosibirsk.cian.ru/sale/flat/326024939/?mlSearchSessionGuid=e0f94a0489a6b836ae41be0818b8e690
flat;Александр Пуров;realtor;sale;Кировский;16;22;105;Новосибирск;4500000;Матрешкин двор;1; Петухова;47.0;;https://novosibirsk.cian.ru/sale/flat/326544435/?mlSearchSessionGuid=e0f94a0489a6b836ae41be0818b8e690
flat;Своя Высота;real_estate_agent;sale;Ленинский;1;5;7/2;Новосибирск;4500000;;1; Римского-Корсакова;30.5;Площадь Маркса;https://novosibirsk.cian.ru/sale/flat/324731087/?mlSearchSessionGuid=e0f94a0489a6b836ae41be0818b8e690
flat;ЖИЛФОНД;real_estate_agent;sale;Ленинский;15;16;53;Новосибирск;4550000;;1;;23.1;Студенческая;https://novosibirsk.cian.ru/sale/flat/326178275/?mlSearchSessionGuid=e0f94a0489a6b836ae41be0818b8e690
flat;ЖИЛФОНД;real_estate_agent;sale;Калининский;3;6;3;Новосибирск;4590000;;1; Дунаевского;38.8;Заельцовская;https://novosibirsk.cian.ru/sale/flat/323125360/?mlSearchSessionGuid=e0f94a0489a6b836ae41be0818b8e690
flat;Мир квартир;real_estate_agent;sale;Калининский;17;17;;Новосибирск;4570000;;1; Гребенщикова;34.7;Заельцовская;https://novosibirsk.cian.ru/sale/flat/326462077/?mlSearchSessionGuid=e0f94a0489a6b836ae41be0818b8e690
flat;Департамент недвижимости и права;real_estate_agent;sale;Ленинский;7;17;3/1;Новосибирск;4550000;На Невельского;1; Невельского;42.1;Площадь Маркса;https://novosibirsk.cian.ru/sale/flat/315757118/?mlSearchSessionGuid=e0f94a0489a6b836ae41be0818b8e690
flat;Домолегион;real_estate_agent;sale;Ленинский;13;18;88;Новосибирск;4550000;Радуга Сибири;1; Забалуева;36.8;Площадь Маркса;https://novosibirsk.cian.ru/sale/flat/321443071/?mlSearchSessionGuid=e0f94a0489a6b836ae41be0818b8e690
flat;Владис Центральное;real_estate_agent;sale;Калининский;16;16;39;Новосибирск;4580000;Тайгинский парк;1;Тайгинская ;46.4;Заельцовская;https://novosibirsk.cian.ru/sale/flat/324392798/?mlSearchSessionGuid=e0f94a0489a6b836ae41be0818b8e690
flat;Планета на Станиславского;real_estate_agent;sale;Ленинский;6;16;;Новосибирск;4550000;Любимый;1; Титова;43.5;Площадь Маркса;https://novosibirsk.cian.ru/sale/flat/305808804/?mlSearchSessionGuid=e0f94a0489a6b836ae41be0818b8e690
flat;НСК-top;real_estate_agent;sale;Центральный;1;5;3;Новосибирск;4570000;;1;Серебренниковская ;32.0;Речной вокзал;https://novosibirsk.cian.ru/sale/flat/323530441/?mlSearchSessionGuid=e0f94a0489a6b836ae41be0818b8e690
flat;Все Новые Дома;real_estate_agent;sale;Заельцовский;4;6;9;Новосибирск;4550000;;1;;35.4;Заельцовская;https://novosibirsk.cian.ru/sale/flat/326694103/?mlSearchSessionGuid=e0f94a0489a6b836ae41be0818b8e690
flat;ГРАНОВИТ;real_estate_agent;sale;Октябрьский;13;18;11/3;Новосибирск;4590000;Плющихинский;1; Виталия Потылицына;41.85;Золотая Нива;https://novosibirsk.cian.ru/sale/flat/326755540/?mlSearchSessionGuid=e0f94a0489a6b836ae41be0818b8e690
flat;ПАЛИТРА;real_estate_agent;sale;Октябрьский;7;18;7/1;Новосибирск;4550000;Плющихинский;1; Виталия Потылицына;40.0;Золотая Нива;https://novosibirsk.cian.ru/sale/flat/324803162/?mlSearchSessionGuid=e0f94a0489a6b836ae41be0818b8e690
flat;Планета Недвижимости -подразделение ООО Лаки;real_estate_agent;sale;Ленинский;3;17;9;Новосибирск;4550000;Лето;1; Ивана Севастьянова;36.3;Площадь Маркса;https://novosibirsk.cian.ru/sale/flat/326541279/?mlSearchSessionGuid=e0f94a0489a6b836ae41be0818b8e690
flat;Квартирный портал;real_estate_agent;sale;Октябрьский;6;10;6;Новосибирск;4560000;Плющихинский;1; Плющихинская;48.1;Золотая Нива;https://novosibirsk.cian.ru/sale/flat/305857052/?mlSearchSessionGuid=e0f94a0489a6b836ae41be0818b8e690
flat;Альфа Дом;real_estate_agent;sale;Октябрьский;2;10;6;Новосибирск;4599000;Плющихинский;1; Плющихинская;48.94;Золотая Нива;https://novosibirsk.cian.ru/sale/flat/320997125/?mlSearchSessionGuid=e0f94a0489a6b836ae41be0818b8e690
flat;Наталия Орешкина;realtor;sale;Калининский;7;10;10;Новосибирск;4550000;Мкрн. Родники;1; Родники;35.3;Заельцовская;https://novosibirsk.cian.ru/sale/flat/327046667/?mlSearchSessionGuid=e0f94a0489a6b836ae41be0818b8e690
flat;Иван Тугаринов;realtor;sale;Кировский;1;17;22/2;Новосибирск;4555000;Акварельный 3.0;1; Александра Чистякова;44.0;;https://novosibirsk.cian.ru/sale/flat/326659403/?mlSearchSessionGuid=e0f94a0489a6b836ae41be0818b8e690
flat;ЖИЛФОНД;real_estate_agent;sale;Октябрьский;5;10;69;Новосибирск;4600000;;1;2-я Обская ;37.8;Спортивная;https://novosibirsk.cian.ru/sale/flat/326094389/?mlSearchSessionGuid=e0f94a0489a6b836ae41be0818b8e690
flat;ЖИЛФОНД;real_estate_agent;sale;Ленинский;7;17;106/1;Новосибирск;4600000;Новый горизонт;1;Рельефная ;34.8;Площадь Маркса;https://novosibirsk.cian.ru/sale/flat/326091564/?mlSearchSessionGuid=e0f94a0489a6b836ae41be0818b8e690
flat;ЖИЛФОНД;real_estate_agent;sale;Калининский;7;9;2;Новосибирск;4649000;;1; Менделеева;31.2;Березовая Роща;https://novosibirsk.cian.ru/sale/flat/323186586/?mlSearchSessionGuid=e0f94a0489a6b836ae41be0818b8e690
flat;Сфера;real_estate_agent;sale;Первомайский;7;9;200б;Новосибирск;4600000;Первомайская, 200б;1;Первомайская ;37.0;Спортивная;https://novosibirsk.cian.ru/sale/flat/326453828/?mlSearchSessionGuid=e0f94a0489a6b836ae41be0818b8e690
flat;МакроМир;real_estate_agent;sale;Ленинский;13;17;9;Новосибирск;4620000;Лето;1; Ивана Севастьянова;32.4;Площадь Маркса;https://novosibirsk.cian.ru/sale/flat/322783519/?mlSearchSessionGuid=e0f94a0489a6b836ae41be0818b8e690
flat;УСПЕХ-недвижимость;real_estate_agent;sale;Заельцовский;8;9;124;Новосибирск;4600000;;1; Кропоткина;30.2;Гагаринская;https://novosibirsk.cian.ru/sale/flat/324067352/?mlSearchSessionGuid=e0f94a0489a6b836ae41be0818b8e690
flat;Домой;real_estate_agent;sale;Советский;5;6;164;Новосибирск;4600000;;1; Ивлева;41.0;Студенческая;https://novosibirsk.cian.ru/sale/flat/325830127/?mlSearchSessionGuid=e0f94a0489a6b836ae41be0818b8e690
flat;Города Барнаул;real_estate_agent;sale;Кировский;12;18;11/1;Новосибирск;4600000;Просторный;1; Николая Сотникова;42.0;Студенческая;https://novosibirsk.cian.ru/sale/flat/326724848/?mlSearchSessionGuid=e0f94a0489a6b836ae41be0818b8e690
flat;Меркурий;real_estate_agent;sale;Октябрьский;3;10;9;Новосибирск;4600000;Плющихинский;1; Плющихинская;48.2;Золотая Нива;https://novosibirsk.cian.ru/sale/flat/326921723/?mlSearchSessionGuid=e0f94a0489a6b836ae41be0818b8e690
flat;НОВО-НИКОЛАЕВСКЪ-НСК;real_estate_agent;sale;Ленинский;5;5;21;Новосибирск;4600000;;1; Титова;37.4;Площадь Маркса;https://novosibirsk.cian.ru/sale/flat/325656507/?mlSearchSessionGuid=e0f94a0489a6b836ae41be0818b8e690
flat;Владис Центральное;real_estate_agent;sale;Калининский;10;18;19;Новосибирск;4600000;Квартал Основатели;1; Имени генерал-майора А.Н. Рожкина;32.89;Заельцовская;https://novosibirsk.cian.ru/sale/flat/323972124/?mlSearchSessionGuid=e0f94a0489a6b836ae41be0818b8e690
flat;АльянсРиэлт;real_estate_agent;sale;Кировский;14;17;53/10;Новосибирск;4600000;Квартал Цветной Бульвар;1; Сибиряков-Гвардейцев;34.2;Площадь Маркса;https://novosibirsk.cian.ru/sale/flat/326646688/?mlSearchSessionGuid=e0f94a0489a6b836ae41be0818b8e690
flat;Ваш Академгородок;real_estate_agent;sale;Советский;5;5;12;Новосибирск;4600000;;1; Российская;30.0;;https://novosibirsk.cian.ru/sale/flat/326576127/?mlSearchSessionGuid=e0f94a0489a6b836ae41be0818b8e690
flat;НОВО-НСК;real_estate_agent;sale;Ленинский;5;9;8;Новосибирск;4600000;Дивногорский;1; Романтиков;34.0;Площадь Маркса;https://novosibirsk.cian.ru/sale/flat/326623277/?mlSearchSessionGuid=e0f94a0489a6b836ae41be0818b8e690
flat;ЕВРОДОМ;real_estate_agent;sale;Октябрьский;9;10;36/1;Новосибирск;4600000;по ул. В. Высоцкого, 36/1;1; В. Высоцкого;39.5;Золотая Нива;https://novosibirsk.cian.ru/sale/flat/326546599/?mlSearchSessionGuid=e0f94a0489a6b836ae41be0818b8e690
flat;ROME Real Estate Salon;real_estate_agent;sale;Калининский;8;9;2;Новосибирск;4600000;;1; Менделеева;29.3;Березовая Роща;https://novosibirsk.cian.ru/sale/flat/326074364/?mlSearchSessionGuid=e0f94a0489a6b836ae41be0818b8e690
flat;СТАН;real_estate_agent;sale;Советский;5;26;15с1;Новосибирск;4600000;Черемушки на Приморской;1;Приморская ;32.88;Студенческая;https://novosibirsk.cian.ru/sale/flat/315080567/?mlSearchSessionGuid=e0f94a0489a6b836ae41be0818b8e690
flat;Ксения Бородина;realtor;sale;Кировский;2;17;158;Новосибирск;4600000;Тулинка;1; Петухова;42.1;Студенческая;https://novosibirsk.cian.ru/sale/flat/323920464/?mlSearchSessionGuid=e0f94a0489a6b836ae41be0818b8e690
flat;Светлана Османова;realtor;sale;Кировский;12;17;53/9;Новосибирск;4600000;Квартал Цветной Бульвар;1; Сибиряков-Гвардейцев;32.0;Площадь Маркса;https://novosibirsk.cian.ru/sale/flat/326585289/?mlSearchSessionGuid=e0f94a0489a6b836ae41be0818b8e690
flat;ЖИЛФОНД;real_estate_agent;sale;Ленинский;7;11;14;Новосибирск;4650000;;1;Троллейная ;37.2;Площадь Маркса;https://novosibirsk.cian.ru/sale/flat/324737867/?mlSearchSessionGuid=e0f94a0489a6b836ae41be0818b8e690
flat;ЖИЛФОНД;real_estate_agent;sale;Калининский;10;17;4;Новосибирск;4650000;АТОМ;1; Объединения;34.2;Заельцовская;https://novosibirsk.cian.ru/sale/flat/326174403/?mlSearchSessionGuid=e0f94a0489a6b836ae41be0818b8e690
flat;ЖИЛФОНД;real_estate_agent;sale;Калининский;6;15;28;Новосибирск;4650000;Ежевика;1; Объединения;32.6;Заельцовская;https://novosibirsk.cian.ru/sale/flat/326186837/?mlSearchSessionGuid=e0f94a0489a6b836ae41be0818b8e690
flat;ЖИЛФОНД;real_estate_agent;sale;Заельцовский;5;17;49/2;Новосибирск;4650000;Нормандия-Неман;1; Аэропорт;26.2;Заельцовская;https://novosibirsk.cian.ru/sale/flat/318338291/?mlSearchSessionGuid=e0f94a0489a6b836ae41be0818b8e690
flat;МакроМир;real_estate_agent;sale;Октябрьский;25;25;135;Новосибирск;4650000;Астон.Геометрия;1;Выборная ;37.0;Октябрьская;https://novosibirsk.cian.ru/sale/flat/326252598/?mlSearchSessionGuid=e0f94a0489a6b836ae41be0818b8e690
flat;Люди;real_estate_agent;sale;Ленинский;1;5;4/3;Новосибирск;4650000;;1; Станиславского;30.9;Площадь Маркса;https://novosibirsk.cian.ru/sale/flat/327021669/?mlSearchSessionGuid=e0f94a0489a6b836ae41be0818b8e690
flat;Rialtor Group;real_estate_agent;sale;Ленинский;7;17;106/1;Новосибирск;4690000;Новый горизонт;1;Рельефная ;35.2;Площадь Маркса;https://novosibirsk.cian.ru/sale/flat/322824171/?mlSearchSessionGuid=e0f94a0489a6b836ae41be0818b8e690
flat;Бэст-Лэнд;real_estate_agent;sale;Кировский;1;18;14а;Новосибирск;4650000;;1; Петухова;37.2;Площадь Маркса;https://novosibirsk.cian.ru/sale/flat/321446887/?mlSearchSessionGuid=e0f94a0489a6b836ae41be0818b8e690
flat;Недвижимость Новосибирска-НН;real_estate_agent;sale;Дзержинский;9;9;26/1;Новосибирск;4660000;;1; Селезнева;29.8;Березовая Роща;https://novosibirsk.cian.ru/sale/flat/325761347/?mlSearchSessionGuid=e0f94a0489a6b836ae41be0818b8e690
flat;ОЛИМП;real_estate_agent;sale;Советский;8;19;37/1;Новосибирск;4685000;Время;1;Часовая ;40.3;Студенческая;https://novosibirsk.cian.ru/sale/flat/326580917/?mlSearchSessionGuid=e0f94a0489a6b836ae41be0818b8e690
flat;АльянсРиэлт;real_estate_agent;sale;Кировский;2;9;281;Новосибирск;4650000;Рихард;1; Зорге;42.0;Площадь Маркса;https://novosibirsk.cian.ru/sale/flat/326113096/?mlSearchSessionGuid=e0f94a0489a6b836ae41be0818b8e690
flat;СТАН;real_estate_agent;sale;Октябрьский;2;10;46;Новосибирск;4650000;Плющихинский;1; Татьяны Снежиной;54.0;Золотая Нива;https://novosibirsk.cian.ru/sale/flat/326458808/?mlSearchSessionGuid=e0f94a0489a6b836ae41be0818b8e690
flat;АльянсРиэлт;real_estate_agent;sale;Кировский;3;20;9;Новосибирск;4650000;Сергиев Пассаж;1; Обогатительная;43.2;Площадь Маркса;https://novosibirsk.cian.ru/sale/flat/326470779/?mlSearchSessionGuid=e0f94a0489a6b836ae41be0818b8e690
flat;ЗОЛОТАЯ МИЛЯ;real_estate_agent;sale;Октябрьский;1;10;6;Новосибирск;4650000;Плющихинский;1; Плющихинская;58.0;Золотая Нива;https://novosibirsk.cian.ru/sale/flat/326331381/?mlSearchSessionGuid=e0f94a0489a6b836ae41be0818b8e690
flat;ЖИЛФОНД;real_estate_agent;sale;Ленинский;2;18;27/1;Новосибирск;4700000;КрымSKY;1; Пархоменко;26.4;Площадь Маркса;https://novosibirsk.cian.ru/sale/flat/326465665/?mlSearchSessionGuid=e0f94a0489a6b836ae41be0818b8e690
flat;ЖИЛФОНД;real_estate_agent;sale;Ленинский;5;10;242/2;Новосибирск;4700000;Чистая слобода;1; Титова;37.1;Площадь Маркса;https://novosibirsk.cian.ru/sale/flat/326459697/?mlSearchSessionGuid=e0f94a0489a6b836ae41be0818b8e690
flat;ЖИЛФОНД;real_estate_agent;sale;Ленинский;10;18;255/2;Новосибирск;4700000;Чистая слобода;1; Титова;36.5;Площадь Маркса;https://novosibirsk.cian.ru/sale/flat/326931959/?mlSearchSessionGuid=e0f94a0489a6b836ae41be0818b8e690
flat;ЖИЛФОНД;real_estate_agent;sale;Ленинский;3;5;33;Новосибирск;4700000;;1; Блюхера;30.5;Площадь Маркса;https://novosibirsk.cian.ru/sale/flat/326260788/?mlSearchSessionGuid=e0f94a0489a6b836ae41be0818b8e690
flat;ЖИЛФОНД;real_estate_agent;sale;Дзержинский;9;9;12;Новосибирск;4700000;;1; Адриена Лежена;31.8;Золотая Нива;https://novosibirsk.cian.ru/sale/flat/326310638/?mlSearchSessionGuid=e0f94a0489a6b836ae41be0818b8e690
flat;ЖИЛФОНД;real_estate_agent;sale;Первомайский;3;5;1/1;Новосибирск;4700000;;1; Маяковского;32.7;Речной вокзал;https://novosibirsk.cian.ru/sale/flat/324723157/?mlSearchSessionGuid=e0f94a0489a6b836ae41be0818b8e690
flat;ЖИЛФОНД;real_estate_agent;sale;Центральный;2;5;67А;Новосибирск;4700000;;1;Красный проспект;28.6;Красный Проспект;https://novosibirsk.cian.ru/sale/flat/320870661/?mlSearchSessionGuid=e0f94a0489a6b836ae41be0818b8e690
flat;Калининское;real_estate_agent;sale;Калининский;1;17;5;Новосибирск;4700000;Квартал на Игарской;1;Игарская ;28.7;Заельцовская;https://novosibirsk.cian.ru/sale/flat/314915756/?mlSearchSessionGuid=e0f94a0489a6b836ae41be0818b8e690
flat;ВИЛИЯ;real_estate_agent;sale;Калининский;5;10;4;Новосибирск;4700000;Мкрн. Родники;1; Свечникова;39.7;Заельцовская;https://novosibirsk.cian.ru/sale/flat/326913226/?mlSearchSessionGuid=e0f94a0489a6b836ae41be0818b8e690
flat;Сфера;real_estate_agent;sale;Заельцовский;3;5;113/2;Новосибирск;4700000;;1;Кубовая ;34.5;Заельцовская;https://novosibirsk.cian.ru/sale/flat/326413351/?mlSearchSessionGuid=e0f94a0489a6b836ae41be0818b8e690
flat;МакроМир;real_estate_agent;sale;Кировский;3;5;44;Новосибирск;4700000;;1;Новогодняя ;30.7;Студенческая;https://novosibirsk.cian.ru/sale/flat/326275392/?mlSearchSessionGuid=e0f94a0489a6b836ae41be0818b8e690
flat;Владис Центральное;real_estate_agent;sale;Центральный;3;5;68;Новосибирск;4700000;;1; Демьяна Бедного;30.3;Маршала Покрышкина;https://novosibirsk.cian.ru/sale/flat/325724917/?mlSearchSessionGuid=e0f94a0489a6b836ae41be0818b8e690
flat;Дельта;real_estate_agent;sale;Ленинский;7;10;5;Новосибирск;4700000;Лето;1; Ивана Севастьянова;40.7;Площадь Маркса;https://novosibirsk.cian.ru/sale/flat/319015083/?mlSearchSessionGuid=e0f94a0489a6b836ae41be0818b8e690
flat;Родники;real_estate_agent;sale;Калининский;6;10;10;Новосибирск;4700000;Мкрн. Родники;1; Гребенщикова;37.0;Заельцовская;https://novosibirsk.cian.ru/sale/flat/326929561/?mlSearchSessionGuid=e0f94a0489a6b836ae41be0818b8e690
flat;Владис Центральное;real_estate_agent;sale;Кировский;13;17;22;Новосибирск;4700000;Семейный квартал;1;Бронная ;41.0;Площадь Маркса;https://novosibirsk.cian.ru/sale/flat/325387740/?mlSearchSessionGuid=e0f94a0489a6b836ae41be0818b8e690
flat;Сибирь Ипотека;real_estate_agent;sale;Кировский;7;18;53/9;Новосибирск;4700000;Квартал Цветной Бульвар;1; Сибиряков-Гвардейцев;27.8;Площадь Маркса;https://novosibirsk.cian.ru/sale/flat/324461009/?mlSearchSessionGuid=e0f94a0489a6b836ae41be0818b8e690
flat;НСК-top;real_estate_agent;sale;Ленинский;4;9;20;Новосибирск;4735000;Дивногорский;1; Романтиков;36.88;Площадь Гарина-Михайловского;https://novosibirsk.cian.ru/sale/flat/324783016/?mlSearchSessionGuid=e0f94a0489a6b836ae41be0818b8e690
flat;НИАН;real_estate_agent;sale;Заельцовский;4;5;124/1;Новосибирск;4700000;;1; Кропоткина;29.0;Гагаринская;https://novosibirsk.cian.ru/sale/flat/326314019/?mlSearchSessionGuid=e0f94a0489a6b836ae41be0818b8e690
flat;СЛОН;real_estate_agent;sale;Калининский;8;9;130/3;Новосибирск;4700000;;1; Кропоткина;32.0;Березовая Роща;https://novosibirsk.cian.ru/sale/flat/321118806/?mlSearchSessionGuid=e0f94a0489a6b836ae41be0818b8e690
flat;АльянсРиэлт;real_estate_agent;sale;Дзержинский;1;4;13/11;Новосибирск;4700000;Свобода;1; Заслонова;34.0;Золотая Нива;https://novosibirsk.cian.ru/sale/flat/325189027/?mlSearchSessionGuid=e0f94a0489a6b836ae41be0818b8e690
flat;Альфа Дом;real_estate_agent;sale;Калининский;1;4;30;Новосибирск;4700000;;1;Народная ;43.7;Заельцовская;https://novosibirsk.cian.ru/sale/flat/320068569/?mlSearchSessionGuid=e0f94a0489a6b836ae41be0818b8e690
flat;Марина Данилина;realtor;sale;Кировский;21;29;16;Новосибирск;4700000;Астон. Шесть звёзд;1; Аникина;26.0;Студенческая;https://novosibirsk.cian.ru/sale/flat/326895140/?mlSearchSessionGuid=e0f94a0489a6b836ae41be0818b8e690
flat;ЖИЛФОНД;real_estate_agent;sale;Октябрьский;3;17;16;Новосибирск;4750000;Закаменский-16;1;Закаменский мкр;24.58;Березовая Роща;https://novosibirsk.cian.ru/sale/flat/326549626/?mlSearchSessionGuid=e0f94a0489a6b836ae41be0818b8e690
flat;Самолет Плюс Центр;real_estate_agent;sale;Кировский;17;17;14а;Новосибирск;4750000;;1; Петухова;40.0;Площадь Маркса;https://novosibirsk.cian.ru/sale/flat/326417573/?mlSearchSessionGuid=e0f94a0489a6b836ae41be0818b8e690
flat;ЖИЛФОНД;real_estate_agent;sale;Ленинский;14;17;106/3;Новосибирск;4750000;Новый горизонт;1;Рельефная ;39.1;Студенческая;https://novosibirsk.cian.ru/sale/flat/326555091/?mlSearchSessionGuid=e0f94a0489a6b836ae41be0818b8e690
flat;Domstore;real_estate_agent;sale;Ленинский;9;17;13/1;Новосибирск;4780000;Квартет;1; Связистов;36.8;Площадь Маркса;https://novosibirsk.cian.ru/sale/flat/324255100/?mlSearchSessionGuid=e0f94a0489a6b836ae41be0818b8e690
flat;АльянсРиэлт;real_estate_agent;sale;Ленинский;3;13;6/1;Новосибирск;4770000;Дивногорский;1; Романтиков;39.4;Площадь Маркса;https://novosibirsk.cian.ru/sale/flat/326340110/?mlSearchSessionGuid=e0f94a0489a6b836ae41be0818b8e690
flat;Столица Сибири;real_estate_agent;sale;Заельцовский;9;11;1;Новосибирск;4799000;;1;;38.0;Заельцовская;https://novosibirsk.cian.ru/sale/flat/325400894/?mlSearchSessionGuid=e0f94a0489a6b836ae41be0818b8e690
flat;Ваш Академгородок;real_estate_agent;sale;Советский;5;5;28А;Новосибирск;4750000;;1;бульвар Молодежи;30.0;;https://novosibirsk.cian.ru/sale/flat/324932060/?mlSearchSessionGuid=e0f94a0489a6b836ae41be0818b8e690
flat;Оксана Шефер;realtor;sale;Ленинский;10;19;27;Новосибирск;4750000;КрымSKY;1; Пархоменко;33.4;Площадь Маркса;https://novosibirsk.cian.ru/sale/flat/325812704/?mlSearchSessionGuid=e0f94a0489a6b836ae41be0818b8e690
flat;1Е;real_estate_agent;sale;Калининский;3;10;24/1;Новосибирск;4800000;Мкрн. Родники;1; Тюленина;37.73;Заельцовская;https://novosibirsk.cian.ru/sale/flat/326605696/?mlSearchSessionGuid=e0f94a0489a6b836ae41be0818b8e690
flat;ЖИЛФОНД;real_estate_agent;sale;Заельцовский;5;10;1;Новосибирск;4800000;;1;;35.8;Заельцовская;https://novosibirsk.cian.ru/sale/flat/326761459/?mlSearchSessionGuid=e0f94a0489a6b836ae41be0818b8e690
flat;ЖИЛФОНД;real_estate_agent;sale;Железнодорожный;2;12;30/1;Новосибирск;4800000;;1; Челюскинцев;35.4;Красный Проспект;https://novosibirsk.cian.ru/sale/flat/323890574/?mlSearchSessionGuid=e0f94a0489a6b836ae41be0818b8e690
flat;ЖИЛФОНД;real_estate_agent;sale;Калининский;4;19;7;Новосибирск;4800000;;1; Декоративный Питомник;31.5;Заельцовская;https://novosibirsk.cian.ru/sale/flat/323445918/?mlSearchSessionGuid=e0f94a0489a6b836ae41be0818b8e690
flat;ЖИЛФОНД;real_estate_agent;sale;Калининский;9;10;10;Новосибирск;4800000;Мкрн. Родники;1; Мясниковой;37.5;Заельцовская;https://novosibirsk.cian.ru/sale/flat/326234811/?mlSearchSessionGuid=e0f94a0489a6b836ae41be0818b8e690
flat;ЖИЛФОНД;real_estate_agent;sale;Кировский;2;10;2/2;Новосибирск;4800000;Просторный;1; Александра Чистякова;48.3;Студенческая;https://novosibirsk.cian.ru/sale/flat/326680424/?mlSearchSessionGuid=e0f94a0489a6b836ae41be0818b8e690
flat;ЖИЛФОНД;real_estate_agent;sale;Заельцовский;5;5;113/3;Новосибирск;4800000;;1;Кубовая ;33.5;Заельцовская;https://novosibirsk.cian.ru/sale/flat/320115156/?mlSearchSessionGuid=e0f94a0489a6b836ae41be0818b8e690
flat;Калининское;real_estate_agent;sale;Калининский;9;17;21/1;Новосибирск;4800000;Мкрн. Родники;1; Краузе;41.4;Заельцовская;https://novosibirsk.cian.ru/sale/flat/318797435/?mlSearchSessionGuid=e0f94a0489a6b836ae41be0818b8e690
flat;ЖИЛФОНД;real_estate_agent;sale;Заельцовский;10;17;49;Новосибирск;4800000;Нормандия-Неман;1; Аэропорт;22.1;Заельцовская;https://novosibirsk.cian.ru/sale/flat/325739306/?mlSearchSessionGuid=e0f94a0489a6b836ae41be0818b8e690
flat;МакроМир;real_estate_agent;sale;Октябрьский;3;10;29;Новосибирск;4800000;Плющихинский;1; Татьяны Снежиной;58.4;Золотая Нива;https://novosibirsk.cian.ru/sale/flat/324623426/?mlSearchSessionGuid=e0f94a0489a6b836ae41be0818b8e690
flat;Rialtor Group;real_estate_agent;sale;Калининский;6;16;6/3;Новосибирск;4800000;Стрижи на Родниках;1; Мясниковой;34.4;Заельцовская;https://novosibirsk.cian.ru/sale/flat/324061562/?mlSearchSessionGuid=e0f94a0489a6b836ae41be0818b8e690
flat;Аванта;real_estate_agent;sale;Ленинский;1;12;9;Новосибирск;4815000;;1;Новосибирская ;40.81;Площадь Маркса;https://novosibirsk.cian.ru/sale/flat/326343271/?mlSearchSessionGuid=e0f94a0489a6b836ae41be0818b8e690
flat;PRO Недвижимость;real_estate_agent;sale;Октябрьский;19;19;91/4;Новосибирск;4830000;;1;Выборная ;34.0;Речной вокзал;https://novosibirsk.cian.ru/sale/flat/326462975/?mlSearchSessionGuid=e0f94a0489a6b836ae41be0818b8e690
flat;Владис Центральное;real_estate_agent;sale;Кировский;3;9;8;Новосибирск;4800000;;1;Беловежская ;40.8;Площадь Маркса;https://novosibirsk.cian.ru/sale/flat/326355906/?mlSearchSessionGuid=e0f94a0489a6b836ae41be0818b8e690
flat;Титул;real_estate_agent;sale;Октябрьский;4;10;2;Новосибирск;4800000;Плющихинский;1; Плющихинская;49.0;Золотая Нива;https://novosibirsk.cian.ru/sale/flat/324705607/?mlSearchSessionGuid=e0f94a0489a6b836ae41be0818b8e690
flat;ПРОЕКТ;real_estate_agent;sale;Первомайский;6;12;18;Новосибирск;4800000;Благодатный Квартал;1; Марии Ульяновой;32.7;Спортивная;https://novosibirsk.cian.ru/sale/flat/312805588/?mlSearchSessionGuid=e0f94a0489a6b836ae41be0818b8e690
flat;РЕГИОНАЛЬНЫЙ ЦЕНТР НЕДВИЖИМОСТИ;real_estate_agent;sale;Октябрьский;14;18;10;Новосибирск;4800000;Выборная-Рябиновая;1;Рябиновая ;48.9;Речной вокзал;https://novosibirsk.cian.ru/sale/flat/316606309/?mlSearchSessionGuid=e0f94a0489a6b836ae41be0818b8e690
flat;Оксана Головкина;realtor;sale;Ленинский;8;10;240/1;Новосибирск;4800000;Чистая слобода;1; Титова;37.0;;https://novosibirsk.cian.ru/sale/flat/326687162/?mlSearchSessionGuid=e0f94a0489a6b836ae41be0818b8e690
flat;Калининское;real_estate_agent;sale;Калининский;8;10;11/1;Новосибирск;4850000;Мкрн. Родники;1; Гребенщикова;36.9;Заельцовская;https://novosibirsk.cian.ru/sale/flat/324635090/?mlSearchSessionGuid=e0f94a0489a6b836ae41be0818b8e690
flat;ЖИЛФОНД;real_estate_agent;sale;Октябрьский;11;17;16;Новосибирск;4890000;Закаменский-16;1;Закаменский мкр;24.0;Березовая Роща;https://novosibirsk.cian.ru/sale/flat/318326502/?mlSearchSessionGuid=e0f94a0489a6b836ae41be0818b8e690
flat;VIRA Обмен;real_estate_agent;sale;Октябрьский;9;19;6/1;Новосибирск;4850000;Аврора;1;Красносельская ;34.9;Золотая Нива;https://novosibirsk.cian.ru/sale/flat/326517056/?mlSearchSessionGuid=e0f94a0489a6b836ae41be0818b8e690
flat;ЖИЛФОНД;real_estate_agent;sale;Заельцовский;15;26;378В;Новосибирск;4900000;Деловой Квартал;1; Дуси Ковальчук;27.1;Заельцовская;https://novosibirsk.cian.ru/sale/flat/327031355/?mlSearchSessionGuid=e0f94a0489a6b836ae41be0818b8e690
flat;Самолет Плюс Центр;real_estate_agent;sale;Октябрьский;5;5;115/2;Новосибирск;4940000;;1;Выборная ;42.0;Речной вокзал;https://novosibirsk.cian.ru/sale/flat/325085452/?mlSearchSessionGuid=e0f94a0489a6b836ae41be0818b8e690
flat;ЖИЛФОНД;real_estate_agent;sale;Заельцовский;2;9;122/1;Новосибирск;4900000;;1; Кропоткина;32.0;Гагаринская;https://novosibirsk.cian.ru/sale/flat/316354038/?mlSearchSessionGuid=e0f94a0489a6b836ae41be0818b8e690
flat;ЖИЛФОНД;real_estate_agent;sale;Калининский;3;17;19/1;Новосибирск;4900000;Мкрн. Родники;1; Краузе;34.6;Заельцовская;https://novosibirsk.cian.ru/sale/flat/326617271/?mlSearchSessionGuid=e0f94a0489a6b836ae41be0818b8e690
flat;Самолет Плюс Центр;real_estate_agent;sale;Железнодорожный;2;5;99;Новосибирск;4900000;;1;Советская ;30.6;Гагаринская;https://novosibirsk.cian.ru/sale/flat/327059799/?mlSearchSessionGuid=e0f94a0489a6b836ae41be0818b8e690
flat;ЖИЛФОНД;real_estate_agent;sale;Первомайский;4;9;22/3;Новосибирск;4900000;Одоевский;1; Радиостанция № 2;40.5;Речной вокзал;https://novosibirsk.cian.ru/sale/flat/324786020/?mlSearchSessionGuid=e0f94a0489a6b836ae41be0818b8e690
flat;ЖИЛФОНД;real_estate_agent;sale;Ленинский;6;17;27;Новосибирск;4900000;КрымSKY;1; Пархоменко;33.5;Площадь Маркса;https://novosibirsk.cian.ru/sale/flat/323615993/?mlSearchSessionGuid=e0f94a0489a6b836ae41be0818b8e690
flat;ЖИЛФОНД;real_estate_agent;sale;Октябрьский;2;9;37;Новосибирск;4900000;;1; В. Высоцкого;40.0;Золотая Нива;https://novosibirsk.cian.ru/sale/flat/322873478/?mlSearchSessionGuid=e0f94a0489a6b836ae41be0818b8e690
flat;ЖИЛФОНД;real_estate_agent;sale;Заельцовский;8;10;115;Новосибирск;4900000;;1;Кубовая ;20.9;Заельцовская;https://novosibirsk.cian.ru/sale/flat/321509676/?mlSearchSessionGuid=e0f94a0489a6b836ae41be0818b8e690
flat;ЖИЛФОНД;real_estate_agent;sale;Ленинский;12;17;98;Новосибирск;4900000;Радуга Сибири;1; Забалуева;37.2;Площадь Маркса;https://novosibirsk.cian.ru/sale/flat/323150294/?mlSearchSessionGuid=e0f94a0489a6b836ae41be0818b8e690
flat;METRAGE;real_estate_agent;sale;Октябрьский;7;9;177;Новосибирск;4900000;;1; Бориса Богаткова;30.0;Золотая Нива;https://novosibirsk.cian.ru/sale/flat/326361227/?mlSearchSessionGuid=e0f94a0489a6b836ae41be0818b8e690
flat;Метражи;real_estate_agent;sale;Первомайский;13;13;22/5;Новосибирск;4900000;Берёзовое;1; Твардовского;46.0;Речной вокзал;https://novosibirsk.cian.ru/sale/flat/320648777/?mlSearchSessionGuid=e0f94a0489a6b836ae41be0818b8e690
flat;Владис Центральное;real_estate_agent;sale;Железнодорожный;2;9;14;Новосибирск;4900000;;1; Челюскинцев;30.0;Площадь Гарина-Михайловского;https://novosibirsk.cian.ru/sale/flat/308436498/?mlSearchSessionGuid=e0f94a0489a6b836ae41be0818b8e690
flat;Василевский;real_estate_agent;sale;Заельцовский;5;9;64;Новосибирск;4900000;;1;Переездная ;29.1;Заельцовская;https://novosibirsk.cian.ru/sale/flat/323854396/?mlSearchSessionGuid=e0f94a0489a6b836ae41be0818b8e690
flat;АльянсРиэлт;real_estate_agent;sale;Ленинский;6;20;1/1;Новосибирск;4900000;;1; Невельского;37.7;Площадь Маркса;https://novosibirsk.cian.ru/sale/flat/325707417/?mlSearchSessionGuid=e0f94a0489a6b836ae41be0818b8e690
flat;PRO Недвижимость;real_estate_agent;sale;Заельцовский;4;17;31/1;Новосибирск;4900000;Акация на Красногорской;1;Красногорская ;26.3;Заельцовская;https://novosibirsk.cian.ru/sale/flat/326379468/?mlSearchSessionGuid=e0f94a0489a6b836ae41be0818b8e690
flat;ПАРТНЕР;real_estate_agent;sale;Ленинский;8;10;10/1;Новосибирск;4900000;;1; Котовского;34.6;Студенческая;https://novosibirsk.cian.ru/sale/flat/326320792/?mlSearchSessionGuid=e0f94a0489a6b836ae41be0818b8e690
flat;Статус;real_estate_agent;sale;Ленинский;9;9;16;Новосибирск;4900000;Дивногорский;1; Романтиков;39.7;Площадь Гарина-Михайловского;https://novosibirsk.cian.ru/sale/flat/322911697/?mlSearchSessionGuid=e0f94a0489a6b836ae41be0818b8e690
flat;Евтухов  Недвижимость;real_estate_agent;sale;Октябрьский;21;29;9;Новосибирск;4900000;Ваш выбор;1;Вилюйская ;35.0;Речной вокзал;https://novosibirsk.cian.ru/sale/flat/324106090/?mlSearchSessionGuid=e0f94a0489a6b836ae41be0818b8e690
flat;ЖИЛФОНД;real_estate_agent;sale;Калининский;16;21;3;Новосибирск;4950000;Характер;1; Тюленина;33.7;Заельцовская;https://novosibirsk.cian.ru/sale/flat/326540893/?mlSearchSessionGuid=e0f94a0489a6b836ae41be0818b8e690
flat;ЖИЛФОНД;real_estate_agent;sale;Железнодорожный;1;17;21к3;Новосибирск;4990000;;1; 1905 года;41.7;Площадь Гарина-Михайловского;https://novosibirsk.cian.ru/sale/flat/324703379/?mlSearchSessionGuid=e0f94a0489a6b836ae41be0818b8e690
flat;ЖИЛФОНД;real_estate_agent;sale;Ленинский;10;10;3;Новосибирск;4950000;;1;Киевская ;41.1;Площадь Маркса;https://novosibirsk.cian.ru/sale/flat/324743375/?mlSearchSessionGuid=e0f94a0489a6b836ae41be0818b8e690
flat;ЖИЛФОНД;real_estate_agent;sale;Ленинский;1;17;67;Новосибирск;4950000;;1;;36.4;Студенческая;https://novosibirsk.cian.ru/sale/flat/326190127/?mlSearchSessionGuid=e0f94a0489a6b836ae41be0818b8e690
flat;Калининское;real_estate_agent;sale;Калининский;9;16;329;Новосибирск;4950000;Infinity;1;Красный проспект;34.0;Заельцовская;https://novosibirsk.cian.ru/sale/flat/326991682/?mlSearchSessionGuid=e0f94a0489a6b836ae41be0818b8e690
flat;ЖИЛФОНД;real_estate_agent;sale;Дзержинский;15;15;1;Новосибирск;4999000;Gorizont;1; Коминтерна;29.8;Золотая Нива;https://novosibirsk.cian.ru/sale/flat/320017593/?mlSearchSessionGuid=e0f94a0489a6b836ae41be0818b8e690
flat;ЖИЛФОНД;real_estate_agent;sale;Заельцовский;24;25;52;Новосибирск;4970000;Чкалов;1;Светлановская ;27.7;Заельцовская;https://novosibirsk.cian.ru/sale/flat/326054880/?mlSearchSessionGuid=e0f94a0489a6b836ae41be0818b8e690
flat;ВИЛИЯ;real_estate_agent;sale;Калининский;3;13;5/1;Новосибирск;4990000;Династия. Квартал поколений;1; Имени генерал-майора А.Н. Рожкина;42.0;Заельцовская;https://novosibirsk.cian.ru/sale/flat/326560672/?mlSearchSessionGuid=e0f94a0489a6b836ae41be0818b8e690
flat;Сибриэлт;real_estate_agent;sale;Советский;3;4;18;Новосибирск;4950000;;1;бульвар Молодежи;32.0;Речной вокзал;https://novosibirsk.cian.ru/sale/flat/327002809/?mlSearchSessionGuid=e0f94a0489a6b836ae41be0818b8e690
flat;МакроМир;real_estate_agent;sale;Кировский;8;19;11/1;Новосибирск;4950000;На Герцена;1; Герцена;35.6;Площадь Маркса;https://novosibirsk.cian.ru/sale/flat/326929714/?mlSearchSessionGuid=e0f94a0489a6b836ae41be0818b8e690
flat;Юнион Трейд;real_estate_agent;sale;Калининский;6;10;35/1;Новосибирск;4965000;;1; Объединения;33.9;Заельцовская;https://novosibirsk.cian.ru/sale/flat/323631143/?mlSearchSessionGuid=e0f94a0489a6b836ae41be0818b8e690
flat;PRO Недвижимость;real_estate_agent;sale;Калининский;17;17;66/8;Новосибирск;4950000;На Фадеева;1; Фадеева;49.0;Заельцовская;https://novosibirsk.cian.ru/sale/flat/325641287/?mlSearchSessionGuid=e0f94a0489a6b836ae41be0818b8e690
flat;Аванта;real_estate_agent;sale;Ленинский;2;17;7/1;Новосибирск;4960000;;1;Междуреченская ;38.54;Площадь Гарина-Михайловского;https://novosibirsk.cian.ru/sale/flat/326308419/?mlSearchSessionGuid=e0f94a0489a6b836ae41be0818b8e690
flat;Планета Недвижимости -подразделение ООО Лаки;real_estate_agent;sale;Ленинский;11;16;35;Новосибирск;4970000;Чистая слобода;1;Спортивная ;35.7;Площадь Маркса;https://novosibirsk.cian.ru/sale/flat/316650560/?mlSearchSessionGuid=e0f94a0489a6b836ae41be0818b8e690
flat;Роман Гебель;realtor;sale;Калининский;11;18;7;Новосибирск;4950000;Мкрн. Родники;1; Гребенщикова;34.5;Заельцовская;https://novosibirsk.cian.ru/sale/flat/326950508/?mlSearchSessionGuid=e0f94a0489a6b836ae41be0818b8e690
flat;Ольга Морозова;realtor;sale;Октябрьский;2;17;8/1;Новосибирск;4999999;Дакар;1;Узловая ;39.0;Золотая Нива;https://novosibirsk.cian.ru/sale/flat/326304119/?mlSearchSessionGuid=e0f94a0489a6b836ae41be0818b8e690
flat;НСК-top;real_estate_agent;sale;Заельцовский;3;5;10;Новосибирск;5000000;;1; Михаила Перевозчикова;31.8;Заельцовская;https://novosibirsk.cian.ru/sale/flat/319878379/?mlSearchSessionGuid=e0f94a0489a6b836ae41be0818b8e690
flat;ЖИЛФОНД;real_estate_agent;sale;Октябрьский;14;14;24/1;Новосибирск;5000000;;1;Нижегородская ;30.3;Речной вокзал;https://novosibirsk.cian.ru/sale/flat/317842406/?mlSearchSessionGuid=e0f94a0489a6b836ae41be0818b8e690
flat;ЖИЛФОНД;real_estate_agent;sale;Октябрьский;7;9;177;Новосибирск;5000000;;1; Бориса Богаткова;29.7;Золотая Нива;https://novosibirsk.cian.ru/sale/flat/326901702/?mlSearchSessionGuid=e0f94a0489a6b836ae41be0818b8e690
flat;ЖИЛФОНД;real_estate_agent;sale;Дзержинский;9;10;10/3;Новосибирск;5000000;;1; Есенина;40.0;Золотая Нива;https://novosibirsk.cian.ru/sale/flat/326628187/?mlSearchSessionGuid=e0f94a0489a6b836ae41be0818b8e690
flat;ЖИЛФОНД;real_estate_agent;sale;Дзержинский;10;20;1Б;Новосибирск;5000000;На Королева;1; Королева;27.6;Золотая Нива;https://novosibirsk.cian.ru/sale/flat/326304346/?mlSearchSessionGuid=e0f94a0489a6b836ae41be0818b8e690
flat;ЖИЛФОНД;real_estate_agent;sale;Ленинский;17;17;29;Новосибирск;5000000;КрымSKY;1; Пархоменко;33.8;Площадь Маркса;https://novosibirsk.cian.ru/sale/flat/319010649/?mlSearchSessionGuid=e0f94a0489a6b836ae41be0818b8e690
flat;ЖИЛФОНД;real_estate_agent;sale;Ленинский;10;10;12;Новосибирск;5000000;;1;Троллейная ;34.1;Площадь Маркса;https://novosibirsk.cian.ru/sale/flat/326931961/?mlSearchSessionGuid=e0f94a0489a6b836ae41be0818b8e690
flat;Владис Центральное;real_estate_agent;sale;Кировский;7;16;14/1;Новосибирск;5000000;;1; Громова;41.8;Площадь Маркса;https://novosibirsk.cian.ru/sale/flat/327058127/?mlSearchSessionGuid=e0f94a0489a6b836ae41be0818b8e690
flat;МакроМир;real_estate_agent;sale;Калининский;2;17;6/1;Новосибирск;5000000;Стрижи на Родниках;1; Мясниковой;36.1;Заельцовская;https://novosibirsk.cian.ru/sale/flat/326708373/?mlSearchSessionGuid=e0f94a0489a6b836ae41be0818b8e690
flat;МакроМир;real_estate_agent;sale;Советский;9;10;31;Новосибирск;5000000;;1; Сиреневая;36.4;;https://novosibirsk.cian.ru/sale/flat/326640134/?mlSearchSessionGuid=e0f94a0489a6b836ae41be0818b8e690
flat;Ключи;real_estate_agent;sale;Ленинский;11;20;1/1;Новосибирск;5000000;;1; Невельского;38.0;Площадь Маркса;https://novosibirsk.cian.ru/sale/flat/323009151/?mlSearchSessionGuid=e0f94a0489a6b836ae41be0818b8e690
flat;Всем Квартиру;real_estate_agent;sale;Ленинский;9;13;43;Новосибирск;5000000;VESNA;1; Ясный Берег;35.3;Октябрьская;https://novosibirsk.cian.ru/sale/flat/305765694/?mlSearchSessionGuid=e0f94a0489a6b836ae41be0818b8e690
flat;Всем Квартиру;real_estate_agent;sale;Ленинский;12;13;43;Новосибирск;5000000;VESNA;1; Ясный Берег;35.3;Октябрьская;https://novosibirsk.cian.ru/sale/flat/305765696/?mlSearchSessionGuid=e0f94a0489a6b836ae41be0818b8e690
flat;Юнион Трейд;real_estate_agent;sale;Ленинский;3;10;15/1;Новосибирск;5000000;;1;Фасадная ;36.1;Площадь Маркса;https://novosibirsk.cian.ru/sale/flat/326091540/?mlSearchSessionGuid=e0f94a0489a6b836ae41be0818b8e690
flat;Квартирный портал;real_estate_agent;sale;Первомайский;1;17;59;Новосибирск;5000000;Весенний;1; Заречная;36.7;Спортивная;https://novosibirsk.cian.ru/sale/flat/326773681/?mlSearchSessionGuid=e0f94a0489a6b836ae41be0818b8e690
flat;ЕВРОДОМ;real_estate_agent;sale;Ленинский;5;10;102;Новосибирск;5000000;;1; Пархоменко;48.0;Площадь Маркса;https://novosibirsk.cian.ru/sale/flat/323627461/?mlSearchSessionGuid=e0f94a0489a6b836ae41be0818b8e690
flat;МакроМир;real_estate_agent;sale;Октябрьский;9;10;36/1;Новосибирск;5000000;по ул. В. Высоцкого, 36/1;1; В. Высоцкого;44.7;Золотая Нива;https://novosibirsk.cian.ru/sale/flat/326733486/?mlSearchSessionGuid=e0f94a0489a6b836ae41be0818b8e690
flat;СТАН;real_estate_agent;sale;Заельцовский;1;10;35;Новосибирск;5000000;;1;Ельцовская ;38.0;Гагаринская;https://novosibirsk.cian.ru/sale/flat/325938216/?mlSearchSessionGuid=e0f94a0489a6b836ae41be0818b8e690
flat;Формула недвижимости;real_estate_agent;sale;Калининский;4;17;12;Новосибирск;5000000;Мкрн. Родники;1; Гребенщикова;35.0;Заельцовская;https://novosibirsk.cian.ru/sale/flat/320513298/?mlSearchSessionGuid=e0f94a0489a6b836ae41be0818b8e690
flat;ЖИЛФОНД;real_estate_agent;sale;Ленинский;9;10;33/1;Новосибирск;5050000;;1;Волховская ;45.8;Площадь Маркса;https://novosibirsk.cian.ru/sale/flat/326179861/?mlSearchSessionGuid=e0f94a0489a6b836ae41be0818b8e690
flat;ЛЕГКОЕ РЕШЕНИЕ;real_estate_agent;sale;Калининский;6;17;26;Новосибирск;5090000;Мкрн. Родники;1; Тюленина;33.8;Заельцовская;https://novosibirsk.cian.ru/sale/flat/327040473/?mlSearchSessionGuid=e0f94a0489a6b836ae41be0818b8e690
flat;ЖИЛФОНД;real_estate_agent;sale;Заельцовский;12;25;182/3;Новосибирск;5100000;Тайм Парк Апартаменты;1;Красный проспект;28.2;Заельцовская;https://novosibirsk.cian.ru/sale/flat/326819029/?mlSearchSessionGuid=e0f94a0489a6b836ae41be0818b8e690
flat;ЖИЛФОНД;real_estate_agent;sale;Ленинский;7;17;40/1;Новосибирск;5100000;Дом по ул. Котовского;1; Котовского;32.7;Площадь Маркса;https://novosibirsk.cian.ru/sale/flat/326775741/?mlSearchSessionGuid=e0f94a0489a6b836ae41be0818b8e690
flat;ЖИЛФОНД;real_estate_agent;sale;Заельцовский;22;28;378В;Новосибирск;5100000;;1; Дуси Ковальчук;30.31;Заельцовская;https://novosibirsk.cian.ru/sale/flat/326935528/?mlSearchSessionGuid=e0f94a0489a6b836ae41be0818b8e690
flat;ЖИЛФОНД;real_estate_agent;sale;Заельцовский;4;5;39/1;Новосибирск;5100000;;1;Линейная ;27.9;Гагаринская;https://novosibirsk.cian.ru/sale/flat/326163049/?mlSearchSessionGuid=e0f94a0489a6b836ae41be0818b8e690
flat;ЖИЛФОНД;real_estate_agent;sale;Октябрьский;4;27;15;Новосибирск;5100000;;1;Вилюйская ;37.1;Речной вокзал;https://novosibirsk.cian.ru/sale/flat/321531143/?mlSearchSessionGuid=e0f94a0489a6b836ae41be0818b8e690
flat;Калининское;real_estate_agent;sale;Калининский;7;10;24/1;Новосибирск;5100000;Мкрн. Родники;1; Мясниковой;37.2;Заельцовская;https://novosibirsk.cian.ru/sale/flat/323872382/?mlSearchSessionGuid=e0f94a0489a6b836ae41be0818b8e690
flat;ROME Real Estate Salon;real_estate_agent;sale;Калининский;17;17;314;Новосибирск;5100000;Мкрн. Родники;1;Красный проспект;36.6;Заельцовская;https://novosibirsk.cian.ru/sale/flat/327066984/?mlSearchSessionGuid=e0f94a0489a6b836ae41be0818b8e690
flat;МакроМир;real_estate_agent;sale;Октябрьский;9;10;14;Новосибирск;5100000;;1; Ключ-Камышенское плато;35.8;Спортивная;https://novosibirsk.cian.ru/sale/flat/323715502/?mlSearchSessionGuid=e0f94a0489a6b836ae41be0818b8e690
flat;Домой;real_estate_agent;sale;Советский;3;19;31;Новосибирск;5100000;;1; Балтийская;35.0;;https://novosibirsk.cian.ru/sale/flat/322006647/?mlSearchSessionGuid=e0f94a0489a6b836ae41be0818b8e690
flat;Квартирный портал;real_estate_agent;sale;Кировский;15;17;22/1;Новосибирск;5115900;Семейный квартал;1;Бронная ;42.0;Площадь Маркса;https://novosibirsk.cian.ru/sale/flat/324738555/?mlSearchSessionGuid=e0f94a0489a6b836ae41be0818b8e690
flat;Владис Центральное;real_estate_agent;sale;Ленинский;7;9;16;Новосибирск;5100000;Дивногорский;1; Романтиков;40.0;Площадь Гарина-Михайловского;https://novosibirsk.cian.ru/sale/flat/324696915/?mlSearchSessionGuid=e0f94a0489a6b836ae41be0818b8e690
flat;АктивНедвижимость;real_estate_agent;sale;Кировский;7;17;83;Новосибирск;5100000;;1; Ватутина;37.9;Площадь Маркса;https://novosibirsk.cian.ru/sale/flat/326744447/?mlSearchSessionGuid=e0f94a0489a6b836ae41be0818b8e690
flat;НСК-top;real_estate_agent;sale;Калининский;8;10;19/1;Новосибирск;5100000;Мкрн. Родники;1; Тюленина;37.5;Заельцовская;https://novosibirsk.cian.ru/sale/flat/326416598/?mlSearchSessionGuid=e0f94a0489a6b836ae41be0818b8e690
flat;Аванта;real_estate_agent;sale;Кировский;10;17;170;Новосибирск;5100000;;1; Петухова;40.3;Площадь Маркса;https://novosibirsk.cian.ru/sale/flat/325162371/?mlSearchSessionGuid=e0f94a0489a6b836ae41be0818b8e690
flat;Иван Балебко;realtor;sale;Дзержинский;11;18;1/2;Новосибирск;5100000;;1; Дениса Давыдова;45.3;Березовая Роща;https://novosibirsk.cian.ru/sale/flat/325969458/?mlSearchSessionGuid=e0f94a0489a6b836ae41be0818b8e690
flat;Римма Сотникова;realtor;sale;Калининский;10;10;14;Новосибирск;5100000;;1; Тюленина;37.5;Заельцовская;https://novosibirsk.cian.ru/sale/flat/327033918/?mlSearchSessionGuid=e0f94a0489a6b836ae41be0818b8e690
flat;Елена Блинова;realtor;sale;Калининский;4;9;1;Новосибирск;5100000;Цивилизация;1; Василия Клевцова;39.4;Заельцовская;https://novosibirsk.cian.ru/sale/flat/322726628/?mlSearchSessionGuid=e0f94a0489a6b836ae41be0818b8e690
flat;Татьяна Мазалова;realtor;sale;Ленинский;13;17;65;Новосибирск;5100000;;1;;34.3;Студенческая;https://novosibirsk.cian.ru/sale/flat/323085462/?mlSearchSessionGuid=e0f94a0489a6b836ae41be0818b8e690
flat;Никита Васильев;realtor;sale;Калининский;15;17;66/4;Новосибирск;5100000;На Фадеева;1; Фадеева;59.3;Заельцовская;https://novosibirsk.cian.ru/sale/flat/316507666/?mlSearchSessionGuid=e0f94a0489a6b836ae41be0818b8e690
flat;ЖИЛФОНД;real_estate_agent;sale;Октябрьский;10;15;24;Новосибирск;5150000;Апартаменты Apartville на Кошурникова;1; Кошурникова;28.99;Золотая Нива;https://novosibirsk.cian.ru/sale/flat/326181537/?mlSearchSessionGuid=e0f94a0489a6b836ae41be0818b8e690
flat;ЖИЛФОНД;real_estate_agent;sale;Калининский;15;17;21/1;Новосибирск;5150000;Мкрн. Родники;1; Краузе;41.3;Заельцовская;https://novosibirsk.cian.ru/sale/flat/324432349/?mlSearchSessionGuid=e0f94a0489a6b836ae41be0818b8e690
flat;ЖИЛФОНД;real_estate_agent;sale;Калининский;8;10;3;Новосибирск;5150000;;1; Василия Клевцова;36.1;Заельцовская;https://novosibirsk.cian.ru/sale/flat/301203851/?mlSearchSessionGuid=e0f94a0489a6b836ae41be0818b8e690
flat;Инвест-плюс;real_estate_agent;sale;Ленинский;4;11;14;Новосибирск;5150000;;1;Троллейная ;38.0;Площадь Маркса;https://novosibirsk.cian.ru/sale/flat/326935911/?mlSearchSessionGuid=e0f94a0489a6b836ae41be0818b8e690
flat;Инвест-плюс;real_estate_agent;sale;Кировский;2;17;80;Новосибирск;5150000;Тульский;1;Тульская ;49.68;Студенческая;https://novosibirsk.cian.ru/sale/flat/288006848/?mlSearchSessionGuid=e0f94a0489a6b836ae41be0818b8e690
flat;НСК-top;real_estate_agent;sale;Ленинский;4;20;1/1;Новосибирск;5150000;;1; Невельского;36.0;Площадь Маркса;https://novosibirsk.cian.ru/sale/flat/323530884/?mlSearchSessionGuid=e0f94a0489a6b836ae41be0818b8e690
flat;Планета Недвижимости -подразделение ООО Лаки;real_estate_agent;sale;Ленинский;9;13;43;Новосибирск;5150000;VESNA;1; Ясный Берег;34.0;Октябрьская;https://novosibirsk.cian.ru/sale/flat/321488300/?mlSearchSessionGuid=e0f94a0489a6b836ae41be0818b8e690
flat;Репутация Плюс;real_estate_agent;sale;Заельцовский;6;12;88/2;Новосибирск;5150000;Эволюция;1;Охотская ;30.6;Заельцовская;https://novosibirsk.cian.ru/sale/flat/326681936/?mlSearchSessionGuid=e0f94a0489a6b836ae41be0818b8e690
flat;Квартирный портал;real_estate_agent;sale;Первомайский;15;25;5;Новосибирск;5150000;Сокольники;1; Ошанина;39.9;Речной вокзал;https://novosibirsk.cian.ru/sale/flat/321873727/?mlSearchSessionGuid=e0f94a0489a6b836ae41be0818b8e690
flat;Хорошие люди;real_estate_agent;sale;Кировский;7;24;22;Новосибирск;5179500;Семейный квартал;1;Бронная ;42.7;Площадь Маркса;https://novosibirsk.cian.ru/sale/flat/326303610/?mlSearchSessionGuid=e0f94a0489a6b836ae41be0818b8e690
flat;ЖИЛФОНД;real_estate_agent;sale;Октябрьский;6;9;175/6;Новосибирск;5200000;;1;Большевистская ;35.2;Спортивная;https://novosibirsk.cian.ru/sale/flat/326575427/?mlSearchSessionGuid=e0f94a0489a6b836ae41be0818b8e690
flat;ЖИЛФОНД;real_estate_agent;sale;Октябрьский;3;10;26;Новосибирск;5200000;;1; Ключ-Камышенское плато;33.0;Речной вокзал;https://novosibirsk.cian.ru/sale/flat/326053689/?mlSearchSessionGuid=e0f94a0489a6b836ae41be0818b8e690
flat;ЖИЛФОНД;real_estate_agent;sale;Октябрьский;16;19;31;Новосибирск;5200000;Молодёжный;1; Михаила Кулагина;24.0;Золотая Нива;https://novosibirsk.cian.ru/sale/flat/323922967/?mlSearchSessionGuid=e0f94a0489a6b836ae41be0818b8e690
flat;Сфера;real_estate_agent;sale;Октябрьский;6;10;71;Новосибирск;5200000;;1;Воинская ;36.4;Золотая Нива;https://novosibirsk.cian.ru/sale/flat/326742969/?mlSearchSessionGuid=e0f94a0489a6b836ae41be0818b8e690
flat;СФЕРА 54;real_estate_agent;sale;Заельцовский;3;12;268/2;Новосибирск;5200000;;1; Дуси Ковальчук;35.0;Заельцовская;https://novosibirsk.cian.ru/sale/flat/326982354/?mlSearchSessionGuid=e0f94a0489a6b836ae41be0818b8e690
flat;ЛЕГКО;real_estate_agent;sale;Октябрьский;1;17;34;Новосибирск;5200000;Акация на Лежена;1; Адриена Лежена;38.4;Золотая Нива;https://novosibirsk.cian.ru/sale/flat/322359781/?mlSearchSessionGuid=e0f94a0489a6b836ae41be0818b8e690
flat;Альфа Дом;real_estate_agent;sale;Ленинский;1;10;55;Новосибирск;5230000;;1;;31.8;Студенческая;https://novosibirsk.cian.ru/sale/flat/323883372/?mlSearchSessionGuid=e0f94a0489a6b836ae41be0818b8e690
flat;Планета на Станиславского;real_estate_agent;sale;Центральный;4;12;57;Новосибирск;5200000;;1; Фрунзе;37.3;Маршала Покрышкина;https://novosibirsk.cian.ru/sale/flat/304064699/?mlSearchSessionGuid=e0f94a0489a6b836ae41be0818b8e690
flat;ЕВРОДОМ;real_estate_agent;sale;Ленинский;2;10;25;Новосибирск;5200000;КрымSKY;1; Пархоменко;42.8;Площадь Маркса;https://novosibirsk.cian.ru/sale/flat/317744339/?mlSearchSessionGuid=e0f94a0489a6b836ae41be0818b8e690
flat;Владис Центральное;real_estate_agent;sale;Кировский;7;22;74;Новосибирск;5200000;Тихий;1;Тульская ;35.6;Студенческая;https://novosibirsk.cian.ru/sale/flat/326718670/?mlSearchSessionGuid=e0f94a0489a6b836ae41be0818b8e690
flat;Забота;real_estate_agent;sale;Дзержинский;9;11;25/1;Новосибирск;5200000;;1; Толбухина;32.2;Золотая Нива;https://novosibirsk.cian.ru/sale/flat/326653444/?mlSearchSessionGuid=e0f94a0489a6b836ae41be0818b8e690
flat;Квартирный портал;real_estate_agent;sale;Кировский;11;16;22;Новосибирск;5200000;Семейный квартал;1;Бронная ;40.2;Площадь Маркса;https://novosibirsk.cian.ru/sale/flat/325353691/?mlSearchSessionGuid=e0f94a0489a6b836ae41be0818b8e690
flat;Ново-Николаевскъ;real_estate_agent;sale;Заельцовский;2;5;77;Новосибирск;5200000;;1; Тимирязева;31.0;Заельцовская;https://novosibirsk.cian.ru/sale/flat/323553347/?mlSearchSessionGuid=e0f94a0489a6b836ae41be0818b8e690
flat;ЖИЛФОНД;real_estate_agent;sale;Ленинский;4;6;10;Новосибирск;5290000;Дивногорский;1; Надежды;51.2;Площадь Маркса;https://novosibirsk.cian.ru/sale/flat/326584127/?mlSearchSessionGuid=e0f94a0489a6b836ae41be0818b8e690
flat;ЖИЛФОНД;real_estate_agent;sale;Октябрьский;18;27;45;Новосибирск;5250000;;1; В. Высоцкого;40.2;Золотая Нива;https://novosibirsk.cian.ru/sale/flat/326759349/?mlSearchSessionGuid=e0f94a0489a6b836ae41be0818b8e690
flat;Владис Центральное;real_estate_agent;sale;Октябрьский;13;17;91/3;Новосибирск;5270000;;1;Выборная ;46.0;Речной вокзал;https://novosibirsk.cian.ru/sale/flat/324845842/?mlSearchSessionGuid=e0f94a0489a6b836ae41be0818b8e690
flat;МакроМир;real_estate_agent;sale;Дзержинский;2;4;13/5;Новосибирск;5250000;Свобода;1; Заслонова;42.7;Золотая Нива;https://novosibirsk.cian.ru/sale/flat/324404417/?mlSearchSessionGuid=e0f94a0489a6b836ae41be0818b8e690
flat;Статус;real_estate_agent;sale;Октябрьский;4;10;27/2;Новосибирск;5250000;Плющихинский квартал;1; Татьяны Снежиной;40.4;Золотая Нива;https://novosibirsk.cian.ru/sale/flat/319996072/?mlSearchSessionGuid=e0f94a0489a6b836ae41be0818b8e690
flat;ЖИЛФОНД;real_estate_agent;sale;Ленинский;4;9;26/1;Новосибирск;5300000;1956. Кварталы Телецентра;1; Серафимовича;28.4;Площадь Маркса;https://novosibirsk.cian.ru/sale/flat/324804413/?mlSearchSessionGuid=e0f94a0489a6b836ae41be0818b8e690
flat;ЖИЛФОНД;real_estate_agent;sale;Октябрьский;9;10;50;Новосибирск;5300000;Зеленый Город;1;1-я Родниковая ;32.7;Речной вокзал;https://novosibirsk.cian.ru/sale/flat/321277234/?mlSearchSessionGuid=e0f94a0489a6b836ae41be0818b8e690
flat;ЖИЛФОНД;real_estate_agent;sale;Калининский;7;12;14;Новосибирск;5300000;Дежнёв;1; Имени генерал-майора А.Н. Рожкина;37.8;Заельцовская;https://novosibirsk.cian.ru/sale/flat/326655562/?mlSearchSessionGuid=e0f94a0489a6b836ae41be0818b8e690
flat;ЖИЛФОНД;real_estate_agent;sale;Кировский;8;11;148;Новосибирск;5300000;;1; Петухова;36.0;Площадь Маркса;https://novosibirsk.cian.ru/sale/flat/326694745/?mlSearchSessionGuid=e0f94a0489a6b836ae41be0818b8e690
flat;ЖИЛФОНД;real_estate_agent;sale;Октябрьский;8;10;154;Новосибирск;5300000;Выборная-Рябиновая;1;Выборная ;57.0;Речной вокзал;https://novosibirsk.cian.ru/sale/flat/322909343/?mlSearchSessionGuid=e0f94a0489a6b836ae41be0818b8e690
flat;ЖИЛФОНД;real_estate_agent;sale;Дзержинский;4;25;222;Новосибирск;5300000;Рубин;1; Гоголя;32.0;Березовая Роща;https://novosibirsk.cian.ru/sale/flat/321228033/?mlSearchSessionGuid=e0f94a0489a6b836ae41be0818b8e690
flat;ЖИЛФОНД;real_estate_agent;sale;Калининский;9;10;3;Новосибирск;5300000;;1; Василия Клевцова;36.1;Заельцовская;https://novosibirsk.cian.ru/sale/flat/323935349/?mlSearchSessionGuid=e0f94a0489a6b836ae41be0818b8e690
flat;ЖИЛФОНД;real_estate_agent;sale;Заельцовский;17;17;49/1;Новосибирск;5300000;Нормандия-Неман;1; Аэропорт;29.0;Заельцовская;https://novosibirsk.cian.ru/sale/flat/320017591/?mlSearchSessionGuid=e0f94a0489a6b836ae41be0818b8e690
flat;Домолегион;real_estate_agent;sale;Ленинский;6;17;106/1;Новосибирск;5300000;Новый горизонт;1;Рельефная ;43.1;Площадь Маркса;https://novosibirsk.cian.ru/sale/flat/327037304/?mlSearchSessionGuid=e0f94a0489a6b836ae41be0818b8e690
flat;Владис Центральное;real_estate_agent;sale;Ленинский;9;17;162/2;Новосибирск;5300000;;1; Связистов;34.8;Площадь Маркса;https://novosibirsk.cian.ru/sale/flat/325762193/?mlSearchSessionGuid=e0f94a0489a6b836ae41be0818b8e690
flat;Ново-Николаевскъ;real_estate_agent;sale;Октябрьский;19;26;15;Новосибирск;5300000;;1;Вилюйская ;40.3;Речной вокзал;https://novosibirsk.cian.ru/sale/flat/301129152/?mlSearchSessionGuid=e0f94a0489a6b836ae41be0818b8e690
flat;PRO Недвижимость;real_estate_agent;sale;Ленинский;6;7;11;Новосибирск;5300000;;1; Пархоменко;38.3;Площадь Маркса;https://novosibirsk.cian.ru/sale/flat/323632149/?mlSearchSessionGuid=e0f94a0489a6b836ae41be0818b8e690
flat;АльянсРиэлт;real_estate_agent;sale;Октябрьский;7;10;46/1;Новосибирск;5300000;Плющихинский;1; Татьяны Снежиной;61.4;Золотая Нива;https://novosibirsk.cian.ru/sale/flat/323712249/?mlSearchSessionGuid=e0f94a0489a6b836ae41be0818b8e690
flat;Новактив;real_estate_agent;sale;Заельцовский;4;5;35/1;Новосибирск;5300000;;1;Линейная ;29.0;Гагаринская;https://novosibirsk.cian.ru/sale/flat/324377407/?mlSearchSessionGuid=e0f94a0489a6b836ae41be0818b8e690
flat;Планета-А;real_estate_agent;sale;Октябрьский;11;18;13;Новосибирск;5300000;;1;Вилюйская ;40.9;Речной вокзал;https://novosibirsk.cian.ru/sale/flat/326055670/?mlSearchSessionGuid=e0f94a0489a6b836ae41be0818b8e690
flat;Наталья Кожемякина;realtor;sale;Калининский;6;18;329;Новосибирск;5300000;Infinity;1;Красный проспект;41.5;Заельцовская;https://novosibirsk.cian.ru/sale/flat/320941564/?mlSearchSessionGuid=e0f94a0489a6b836ae41be0818b8e690
flat;ЛЕГКОЕ РЕШЕНИЕ;real_estate_agent;sale;Октябрьский;1;10;91/1;Новосибирск;5350000;;1;Выборная ;36.2;Речной вокзал;https://novosibirsk.cian.ru/sale/flat/323816693/?mlSearchSessionGuid=e0f94a0489a6b836ae41be0818b8e690
flat;Новактив;real_estate_agent;sale;Заельцовский;8;10;261/1;Новосибирск;5390000;;1; Кропоткина;32.5;Гагаринская;https://novosibirsk.cian.ru/sale/flat/323874993/?mlSearchSessionGuid=e0f94a0489a6b836ae41be0818b8e690
flat;МакроМир;real_estate_agent;sale;Октябрьский;9;10;10;Новосибирск;5350000;;1; Плющихинская;58.5;Золотая Нива;https://novosibirsk.cian.ru/sale/flat/326178545/?mlSearchSessionGuid=e0f94a0489a6b836ae41be0818b8e690
flat;Марина Данилина;realtor;sale;Кировский;14;17;35;Новосибирск;5350000;;1; Аникина;41.3;Площадь Маркса;https://novosibirsk.cian.ru/sale/flat/326417501/?mlSearchSessionGuid=e0f94a0489a6b836ae41be0818b8e690
flat;ЖИЛФОНД;real_estate_agent;sale;Заельцовский;1;13;73;Новосибирск;5444000;Начало мая;1; Лобачевского;38.5;Заельцовская;https://novosibirsk.cian.ru/sale/flat/325761220/?mlSearchSessionGuid=e0f94a0489a6b836ae41be0818b8e690
flat;ЖИЛФОНД;real_estate_agent;sale;Ленинский;17;17;9;Новосибирск;5400000;Венеция - 2, 3;1; Ясный Берег;32.2;Площадь Ленина;https://novosibirsk.cian.ru/sale/flat/325458529/?mlSearchSessionGuid=e0f94a0489a6b836ae41be0818b8e690
flat;Калининское;real_estate_agent;sale;Центральный;2;5;58;Новосибирск;5440000;;1;Советская ;30.3;Гагаринская;https://novosibirsk.cian.ru/sale/flat/324598493/?mlSearchSessionGuid=e0f94a0489a6b836ae41be0818b8e690
flat;Владис Центральное;real_estate_agent;sale;Ленинский;4;10;25;Новосибирск;5400000;КрымSKY;1; Пархоменко;33.0;Площадь Маркса;https://novosibirsk.cian.ru/sale/flat/327032323/?mlSearchSessionGuid=e0f94a0489a6b836ae41be0818b8e690
flat;PRO Недвижимость;real_estate_agent;sale;Заельцовский;3;9;62;Новосибирск;5400000;;1;Переездная ;31.7;Заельцовская;https://novosibirsk.cian.ru/sale/flat/326379469/?mlSearchSessionGuid=e0f94a0489a6b836ae41be0818b8e690
flat;Родники;real_estate_agent;sale;Калининский;7;13;5/1;Новосибирск;5400000;Династия. Квартал поколений;1; Имени генерал-майора А.Н. Рожкина;38.0;Заельцовская;https://novosibirsk.cian.ru/sale/flat/323148026/?mlSearchSessionGuid=e0f94a0489a6b836ae41be0818b8e690
flat;ЖИЛФОНД;real_estate_agent;sale;Октябрьский;22;27;9;Новосибирск;5499000;Ваш выбор;1;Вилюйская ;32.5;Речной вокзал;https://novosibirsk.cian.ru/sale/flat/326933760/?mlSearchSessionGuid=e0f94a0489a6b836ae41be0818b8e690
flat;ЖИЛФОНД;real_estate_agent;sale;Калининский;2;19;7;Новосибирск;5450000;Ника;1; Михаила Немыткина;34.0;Заельцовская;https://novosibirsk.cian.ru/sale/flat/324300846/?mlSearchSessionGuid=e0f94a0489a6b836ae41be0818b8e690
flat;ЖИЛФОНД;real_estate_agent;sale;Октябрьский;10;17;10;Новосибирск;5480000;Выборная-Рябиновая;1;Рябиновая ;36.89;Речной вокзал;https://novosibirsk.cian.ru/sale/flat/320017581/?mlSearchSessionGuid=e0f94a0489a6b836ae41be0818b8e690
flat;ЕВРОДОМ;real_estate_agent;sale;Заельцовский;1;10;92;Новосибирск;5450000;Светлая роща 2;1;Кубовая ;39.1;Заельцовская;https://novosibirsk.cian.ru/sale/flat/326386903/?mlSearchSessionGuid=e0f94a0489a6b836ae41be0818b8e690
flat;Владис Центральное;real_estate_agent;sale;Кировский;6;10;94;Новосибирск;5490000;;1; Зорге;47.9;Площадь Маркса;https://novosibirsk.cian.ru/sale/flat/326217596/?mlSearchSessionGuid=e0f94a0489a6b836ae41be0818b8e690
flat;Квартирный портал;real_estate_agent;sale;Первомайский;25;25;53;Новосибирск;5499000;Весенний;1; Заречная;40.0;Спортивная;https://novosibirsk.cian.ru/sale/flat/326419742/?mlSearchSessionGuid=e0f94a0489a6b836ae41be0818b8e690
flat;Родники;real_estate_agent;sale;Калининский;16;16;331/2;Новосибирск;5450000;Infinity;1;Красный проспект;38.4;Заельцовская;https://novosibirsk.cian.ru/sale/flat/291629595/?mlSearchSessionGuid=e0f94a0489a6b836ae41be0818b8e690
flat;Дмитрий Архипов;realtor;sale;Ленинский;3;10;55;Новосибирск;5490000;;1;;34.6;Студенческая;https://novosibirsk.cian.ru/sale/flat/326599402/?mlSearchSessionGuid=e0f94a0489a6b836ae41be0818b8e690
flat;Владис Центральное;real_estate_agent;sale;Заельцовский;6;11;92/1;Новосибирск;5550000;;1;Кубовая ;39.3;Заельцовская;https://novosibirsk.cian.ru/sale/flat/327093329/?mlSearchSessionGuid=e0f94a0489a6b836ae41be0818b8e690
flat;ЖИЛФОНД;real_estate_agent;sale;Октябрьский;1;18;6/1;Новосибирск;5500000;Аврора;1;Красносельская ;34.5;Золотая Нива;https://novosibirsk.cian.ru/sale/flat/324388903/?mlSearchSessionGuid=e0f94a0489a6b836ae41be0818b8e690
flat;ЖИЛФОНД;real_estate_agent;sale;Заельцовский;3;9;64;Новосибирск;5500000;;1;Переездная ;31.6;Заельцовская;https://novosibirsk.cian.ru/sale/flat/324602505/?mlSearchSessionGuid=e0f94a0489a6b836ae41be0818b8e690
flat;ЖИЛФОНД;real_estate_agent;sale;Октябрьский;3;10;3/1;Новосибирск;5500000;ВИВАТ! Знаменский;1; Стофато;37.2;Золотая Нива;https://novosibirsk.cian.ru/sale/flat/307478914/?mlSearchSessionGuid=e0f94a0489a6b836ae41be0818b8e690
flat;ЖИЛФОНД;real_estate_agent;sale;Заельцовский;14;19;23/5;Новосибирск;5500000;;1;Дачная ;28.0;Заельцовская;https://novosibirsk.cian.ru/sale/flat/326647058/?mlSearchSessionGuid=e0f94a0489a6b836ae41be0818b8e690
flat;Калининское;real_estate_agent;sale;Калининский;11;14;329/1;Новосибирск;5500000;Infinity;1;Красный проспект;40.0;Заельцовская;https://novosibirsk.cian.ru/sale/flat/326512848/?mlSearchSessionGuid=e0f94a0489a6b836ae41be0818b8e690
flat;Калининское;real_estate_agent;sale;Калининский;11;17;331/1;Новосибирск;5590000;;1;Красный проспект;36.7;Заельцовская;https://novosibirsk.cian.ru/sale/flat/323684274/?mlSearchSessionGuid=e0f94a0489a6b836ae41be0818b8e690
flat;Сфера;real_estate_agent;sale;Дзержинский;3;17;56;Новосибирск;5500000;;1; Красина;42.3;Березовая Роща;https://novosibirsk.cian.ru/sale/flat/315983851/?mlSearchSessionGuid=e0f94a0489a6b836ae41be0818b8e690
flat;АльянсРиэлт;real_estate_agent;sale;Калининский;6;9;1;Новосибирск;5500000;Цивилизация;1; Василия Клевцова;33.2;Заельцовская;https://novosibirsk.cian.ru/sale/flat/322878217/?mlSearchSessionGuid=e0f94a0489a6b836ae41be0818b8e690
flat;Квартирный портал;real_estate_agent;sale;Октябрьский;2;25;14/1;Новосибирск;5500000;1-й на Рябиновой;1;Рябиновая ;38.8;Речной вокзал;https://novosibirsk.cian.ru/sale/flat/326637453/?mlSearchSessionGuid=e0f94a0489a6b836ae41be0818b8e690
flat;Люди;real_estate_agent;sale;Калининский;5;17;21/1;Новосибирск;5500000;Мкрн. Родники;1; Краузе;43.4;Заельцовская;https://novosibirsk.cian.ru/sale/flat/321048314/?mlSearchSessionGuid=e0f94a0489a6b836ae41be0818b8e690
flat;КВАРТЭН;real_estate_agent;sale;Кировский;16;18;11;Новосибирск;5500000;Золотая роща;1;Пригородная ;43.0;Площадь Маркса;https://novosibirsk.cian.ru/sale/flat/325594119/?mlSearchSessionGuid=e0f94a0489a6b836ae41be0818b8e690
flat;Владис Центральное;real_estate_agent;sale;Октябрьский;4;9;137;Новосибирск;5500000;;1;Выборная ;38.0;Октябрьская;https://novosibirsk.cian.ru/sale/flat/325774019/?mlSearchSessionGuid=e0f94a0489a6b836ae41be0818b8e690
flat;Василевский;real_estate_agent;sale;Калининский;10;19;318;Новосибирск;5500000;Мкрн. Родники;1;Красный проспект;39.1;Заельцовская;https://novosibirsk.cian.ru/sale/flat/324690654/?mlSearchSessionGuid=e0f94a0489a6b836ae41be0818b8e690
flat;РиэлтПрофи;real_estate_agent;sale;Советский;6;9;31;Новосибирск;5500000;;1; Героев Труда;35.0;;https://novosibirsk.cian.ru/sale/flat/324798958/?mlSearchSessionGuid=e0f94a0489a6b836ae41be0818b8e690
flat;Юнион Трейд;real_estate_agent;sale;Ленинский;4;17;4;Новосибирск;5500000;Венеция;1; Ясный Берег;36.0;Площадь Ленина;https://novosibirsk.cian.ru/sale/flat/326216686/?mlSearchSessionGuid=e0f94a0489a6b836ae41be0818b8e690
flat;МакроМир;real_estate_agent;sale;Первомайский;2;8;200б;Новосибирск;5500000;;1;Первомайская ;39.4;Речной вокзал;https://novosibirsk.cian.ru/sale/flat/318796087/?mlSearchSessionGuid=e0f94a0489a6b836ae41be0818b8e690
flat;Ново-Николаевскъ;real_estate_agent;sale;Ленинский;2;10;3;Новосибирск;5500000;;1;Киевская ;39.7;Площадь Маркса;https://novosibirsk.cian.ru/sale/flat/326724207/?mlSearchSessionGuid=e0f94a0489a6b836ae41be0818b8e690
flat;Ключи;real_estate_agent;sale;Ленинский;16;17;112/4;Новосибирск;5500000;Венеция;1;1-я Чулымская ;32.5;Площадь Ленина;https://novosibirsk.cian.ru/sale/flat/321874385/?mlSearchSessionGuid=e0f94a0489a6b836ae41be0818b8e690
flat;Красный Проспект Недвижимость;real_estate_agent;sale;Октябрьский;6;9;202;Новосибирск;5500000;;1; Бориса Богаткова;29.5;Золотая Нива;https://novosibirsk.cian.ru/sale/flat/325459290/?mlSearchSessionGuid=e0f94a0489a6b836ae41be0818b8e690
flat;Дельта;real_estate_agent;sale;Октябрьский;6;10;34;Новосибирск;5500000;;1; Шевченко;40.6;Октябрьская;https://novosibirsk.cian.ru/sale/flat/321401961/?mlSearchSessionGuid=e0f94a0489a6b836ae41be0818b8e690
flat;Всем Квартиру;real_estate_agent;sale;Кировский;5;9;281;Новосибирск;5500000;Рихард;1; Зорге;41.5;Площадь Маркса;https://novosibirsk.cian.ru/sale/flat/325441554/?mlSearchSessionGuid=e0f94a0489a6b836ae41be0818b8e690
flat;Всем Квартиру;real_estate_agent;sale;Первомайский;2;11;25/1;Новосибирск;5500000;Мандарин-2;1; Красный Факел;37.0;Спортивная;https://novosibirsk.cian.ru/sale/flat/310720999/?mlSearchSessionGuid=e0f94a0489a6b836ae41be0818b8e690
flat;АльянсРиэлт;real_estate_agent;sale;Кировский;1;10;1;Новосибирск;5500000;Просторный;1; Дмитрия Шмонина;58.7;Студенческая;https://novosibirsk.cian.ru/sale/flat/319095565/?mlSearchSessionGuid=e0f94a0489a6b836ae41be0818b8e690
flat;Ключи;real_estate_agent;sale;Калининский;4;17;21/1;Новосибирск;5500000;Мкрн. Родники;1; Краузе;43.4;Заельцовская;https://novosibirsk.cian.ru/sale/flat/326019332/?mlSearchSessionGuid=e0f94a0489a6b836ae41be0818b8e690
flat;Планета Недвижимости -подразделение ООО Лаки;real_estate_agent;sale;Ленинский;10;18;;Новосибирск;5500000;Самоцветы ЖК;1;;39.8;Площадь Маркса;https://novosibirsk.cian.ru/sale/flat/325368209/?mlSearchSessionGuid=e0f94a0489a6b836ae41be0818b8e690
flat;Калининское;real_estate_agent;sale;Калининский;16;17;305/1;Новосибирск;5600000;Мкрн. Родники;1;Красный проспект;37.0;Заельцовская;https://novosibirsk.cian.ru/sale/flat/324388578/?mlSearchSessionGuid=e0f94a0489a6b836ae41be0818b8e690
flat;ЖИЛФОНД;real_estate_agent;sale;Центральный;19;19;120;Новосибирск;5600000;На Островского;1; Николая Островского;27.7;Маршала Покрышкина;https://novosibirsk.cian.ru/sale/flat/319002826/?mlSearchSessionGuid=e0f94a0489a6b836ae41be0818b8e690
flat;ЖИЛФОНД;real_estate_agent;sale;Советский;1;10;10;Новосибирск;5600000;;1; Российская;38.6;;https://novosibirsk.cian.ru/sale/flat/327076435/?mlSearchSessionGuid=e0f94a0489a6b836ae41be0818b8e690
flat;Адамант 54;real_estate_agent;sale;Дзержинский;2;21;32А;Новосибирск;5600000;по пр. Дзержинского, 32а;1;проспект Дзержинского;35.7;Березовая Роща;https://novosibirsk.cian.ru/sale/flat/326683326/?mlSearchSessionGuid=e0f94a0489a6b836ae41be0818b8e690
flat;РиэлтПрофи;real_estate_agent;sale;Дзержинский;17;17;56;Новосибирск;5600000;;1; Красина;39.3;Березовая Роща;https://novosibirsk.cian.ru/sale/flat/325039783/?mlSearchSessionGuid=e0f94a0489a6b836ae41be0818b8e690
flat;МЕЗОНИН;real_estate_agent;sale;Дзержинский;3;10;9;Новосибирск;5600000;;1; Дениса Давыдова;33.9;Березовая Роща;https://novosibirsk.cian.ru/sale/flat/326610289/?mlSearchSessionGuid=e0f94a0489a6b836ae41be0818b8e690
flat;METRAGE;real_estate_agent;sale;Кировский;23;29;16;Новосибирск;5600000;Астон. Шесть звёзд;1; Аникина;29.3;Студенческая;https://novosibirsk.cian.ru/sale/flat/324566795/?mlSearchSessionGuid=e0f94a0489a6b836ae41be0818b8e690
flat;Планета;real_estate_agent;sale;Железнодорожный;4;9;10;Новосибирск;5600000;;1; Дмитрия Шамшурина;33.0;Площадь Гарина-Михайловского;https://novosibirsk.cian.ru/sale/flat/325901315/?mlSearchSessionGuid=e0f94a0489a6b836ae41be0818b8e690
flat;РЕГИОНАЛЬНЫЙ ЦЕНТР НЕДВИЖИМОСТИ;real_estate_agent;sale;Ленинский;14;17;9;Новосибирск;5600000;Лето;1; Ивана Севастьянова;45.8;Площадь Маркса;https://novosibirsk.cian.ru/sale/flat/320941686/?mlSearchSessionGuid=e0f94a0489a6b836ae41be0818b8e690
flat;ID 94417101;realtor;sale;Советский;11;27;17;Новосибирск;5600000;;1; Молодости;47.3;Студенческая;https://novosibirsk.cian.ru/sale/flat/325566708/?mlSearchSessionGuid=e0f94a0489a6b836ae41be0818b8e690
flat;ЖИЛФОНД;real_estate_agent;sale;Центральный;3;5;80;Новосибирск;5650000;;1;Каменская ;31.0;Сибирская;https://novosibirsk.cian.ru/sale/flat/324350571/?mlSearchSessionGuid=e0f94a0489a6b836ae41be0818b8e690
flat;ЖИЛФОНД;real_estate_agent;sale;Первомайский;6;17;72;Новосибирск;5690000;Черемушки на Первомайке;1; Героев Революции;38.4;Речной вокзал;https://novosibirsk.cian.ru/sale/flat/315283612/?mlSearchSessionGuid=e0f94a0489a6b836ae41be0818b8e690
flat;ЖИЛФОНД;real_estate_agent;sale;Дзержинский;11;14;67;Новосибирск;5699000;Дом по ул. Есенина;1; Есенина;31.1;Золотая Нива;https://novosibirsk.cian.ru/sale/flat/324680040/?mlSearchSessionGuid=e0f94a0489a6b836ae41be0818b8e690
flat;ЖИЛФОНД;real_estate_agent;sale;Дзержинский;15;16;60А;Новосибирск;5690000;;1; Красина;36.3;Березовая Роща;https://novosibirsk.cian.ru/sale/flat/326640517/?mlSearchSessionGuid=e0f94a0489a6b836ae41be0818b8e690
flat;ЖИЛФОНД;real_estate_agent;sale;Заельцовский;3;14;47/1;Новосибирск;5650000;Солнечные часы;1;Кубовая ;35.2;Заельцовская;https://novosibirsk.cian.ru/sale/flat/325397430/?mlSearchSessionGuid=e0f94a0489a6b836ae41be0818b8e690
flat;ЖИЛФОНД;real_estate_agent;sale;Октябрьский;6;10;89/2;Новосибирск;5650000;;1;Выборная ;38.0;Речной вокзал;https://novosibirsk.cian.ru/sale/flat/321616954/?mlSearchSessionGuid=e0f94a0489a6b836ae41be0818b8e690
flat;СИБИРЬ;real_estate_agent;sale;Новосибирск;9;18;80/2;Новосибирск;5650000;Эко-квартал на Кедровой;1;Кедровая ;49.0;;https://novosibirsk.cian.ru/sale/flat/313271593/?mlSearchSessionGuid=e0f94a0489a6b836ae41be0818b8e690
flat;МакроМир;real_estate_agent;sale;Центральный;5;10;52;Новосибирск;5650000;;1; Селезнева;35.0;Березовая Роща;https://novosibirsk.cian.ru/sale/flat/326894625/?mlSearchSessionGuid=e0f94a0489a6b836ae41be0818b8e690
flat;Квартирный портал;real_estate_agent;sale;Октябрьский;6;20;14/1;Новосибирск;5675000;1-й на Рябиновой;1;Рябиновая ;40.67;Речной вокзал;https://novosibirsk.cian.ru/sale/flat/321890747/?mlSearchSessionGuid=e0f94a0489a6b836ae41be0818b8e690
flat;ПРОЕКТ;real_estate_agent;sale;Первомайский;16;17;57;Новосибирск;5650000;Весенний;1; Заречная;37.3;Спортивная;https://novosibirsk.cian.ru/sale/flat/326184582/?mlSearchSessionGuid=e0f94a0489a6b836ae41be0818b8e690
flat;ЖИЛФОНД;real_estate_agent;sale;Заельцовский;4;12;102/2;Новосибирск;5700000;;1;Красный проспект;40.0;Заельцовская;https://novosibirsk.cian.ru/sale/flat/326118333/?mlSearchSessionGuid=e0f94a0489a6b836ae41be0818b8e690
flat;ЖИЛФОНД;real_estate_agent;sale;Калининский;17;19;310;Новосибирск;5700000;Мкрн. Родники;1;Красный проспект;36.7;Заельцовская;https://novosibirsk.cian.ru/sale/flat/326677321/?mlSearchSessionGuid=e0f94a0489a6b836ae41be0818b8e690
flat;ЖИЛФОНД;real_estate_agent;sale;Октябрьский;19;27;5;Новосибирск;5700000;Ваш выбор;1;Вилюйская ;48.1;Речной вокзал;https://novosibirsk.cian.ru/sale/flat/326178270/?mlSearchSessionGuid=e0f94a0489a6b836ae41be0818b8e690
flat;СИБИРЬ;real_estate_agent;sale;Ленинский;4;16;84;Новосибирск;5700000;;1;;35.4;Студенческая;https://novosibirsk.cian.ru/sale/flat/326573916/?mlSearchSessionGuid=e0f94a0489a6b836ae41be0818b8e690
flat;Сфера;real_estate_agent;sale;Октябрьский;1;6;3;Новосибирск;5700000;;1;Зеленый Бор мкр;44.0;Речной вокзал;https://novosibirsk.cian.ru/sale/flat/302797445/?mlSearchSessionGuid=e0f94a0489a6b836ae41be0818b8e690
flat;ПАЛИТРА;real_estate_agent;sale;Дзержинский;3;17;18;Новосибирск;5700000;Авиастроителей;1; Авиастроителей;42.46;Березовая Роща;https://novosibirsk.cian.ru/sale/flat/322709262/?mlSearchSessionGuid=e0f94a0489a6b836ae41be0818b8e690
flat;СФЕРА-НСК;real_estate_agent;sale;Первомайский;8;14;27;Новосибирск;5700000;Манхэттен;1; Героев Революции;35.8;Спортивная;https://novosibirsk.cian.ru/sale/flat/323456460/?mlSearchSessionGuid=e0f94a0489a6b836ae41be0818b8e690
flat;Меркурий;real_estate_agent;sale;Октябрьский;4;25;113/2;Новосибирск;5700000;IQ Aparts;1; Кирова;32.2;Октябрьская;https://novosibirsk.cian.ru/sale/flat/325519567/?mlSearchSessionGuid=e0f94a0489a6b836ae41be0818b8e690
flat;Вертикаль;real_estate_agent;sale;Калининский;12;19;307;Новосибирск;5700000;Мкрн. Родники;1;Красный проспект;36.6;Заельцовская;https://novosibirsk.cian.ru/sale/flat/323070954/?mlSearchSessionGuid=e0f94a0489a6b836ae41be0818b8e690
flat;ID 94417101;realtor;sale;Октябрьский;3;10;34;Новосибирск;5700000;;1; Шевченко;31.2;Октябрьская;https://novosibirsk.cian.ru/sale/flat/325566678/?mlSearchSessionGuid=e0f94a0489a6b836ae41be0818b8e690
flat;Светлана Иванова;realtor;sale;Кировский;3;15;143/2;Новосибирск;5700000;;1; Немировича-Данченко;31.1;Студенческая;https://novosibirsk.cian.ru/sale/flat/322186323/?mlSearchSessionGuid=e0f94a0489a6b836ae41be0818b8e690
flat;ЖИЛФОНД;real_estate_agent;sale;Заельцовский;7;27;236;Новосибирск;5750000;Клубный комплекс ;1;Красный проспект;26.2;Заельцовская;https://novosibirsk.cian.ru/sale/flat/326777243/?mlSearchSessionGuid=e0f94a0489a6b836ae41be0818b8e690
flat;METRAGE;real_estate_agent;sale;Октябрьский;1;4;336;Новосибирск;5750000;Ключевой;1; Кирова;41.8;Октябрьская;https://novosibirsk.cian.ru/sale/flat/317690630/?mlSearchSessionGuid=e0f94a0489a6b836ae41be0818b8e690
flat;Владис Центральное;real_estate_agent;sale;Советский;1;4;30;Новосибирск;5790000;;1; Жемчужная;30.9;;https://novosibirsk.cian.ru/sale/flat/319418975/?mlSearchSessionGuid=e0f94a0489a6b836ae41be0818b8e690
flat;Владис Центральное;real_estate_agent;sale;Центральный;1;5;84В;Новосибирск;5750000;;1;Каменская ;30.0;Сибирская;https://novosibirsk.cian.ru/sale/flat/326073987/?mlSearchSessionGuid=e0f94a0489a6b836ae41be0818b8e690
flat;ЖИЛФОНД;real_estate_agent;sale;Кировский;14;17;80;Новосибирск;5800000;Тульский;1;Тульская ;44.8;Студенческая;https://novosibirsk.cian.ru/sale/flat/323382682/?mlSearchSessionGuid=e0f94a0489a6b836ae41be0818b8e690
flat;ЖИЛФОНД;real_estate_agent;sale;Первомайский;17;17;230;Новосибирск;5800000;Весенний;1;Первомайская ;40.7;Речной вокзал;https://novosibirsk.cian.ru/sale/flat/326518341/?mlSearchSessionGuid=e0f94a0489a6b836ae41be0818b8e690
flat;ЖИЛФОНД;real_estate_agent;sale;Кировский;2;17;93/1;Новосибирск;5800000;Акация на Ватутина;1; Ватутина;37.4;Студенческая;https://novosibirsk.cian.ru/sale/flat/323100969/?mlSearchSessionGuid=e0f94a0489a6b836ae41be0818b8e690
flat;ЖИЛФОНД;real_estate_agent;sale;Октябрьский;3;25;192А;Новосибирск;5800000;Романтика;1; Бориса Богаткова;27.0;Золотая Нива;https://novosibirsk.cian.ru/sale/flat/322837104/?mlSearchSessionGuid=e0f94a0489a6b836ae41be0818b8e690
flat;ЖИЛФОНД;real_estate_agent;sale;Калининский;11;12;12;Новосибирск;5800000;Дежнёв;1; Имени генерал-майора А.Н. Рожкина;27.7;Заельцовская;https://novosibirsk.cian.ru/sale/flat/325981373/?mlSearchSessionGuid=e0f94a0489a6b836ae41be0818b8e690
flat;Калининское;real_estate_agent;sale;Калининский;13;19;310;Новосибирск;5800000;Мкрн. Родники;1;Красный проспект;39.0;Заельцовская;https://novosibirsk.cian.ru/sale/flat/324926864/?mlSearchSessionGuid=e0f94a0489a6b836ae41be0818b8e690
flat;ЖИЛФОНД;real_estate_agent;sale;Заельцовский;6;18;88;Новосибирск;5840000;Авиатор;1; Аэропорт;27.6;Заельцовская;https://novosibirsk.cian.ru/sale/flat/320017603/?mlSearchSessionGuid=e0f94a0489a6b836ae41be0818b8e690
flat;ЖИЛФОНД;real_estate_agent;sale;Заельцовский;3;5;183;Новосибирск;5800000;;1; Дуси Ковальчук;35.8;Заельцовская;https://novosibirsk.cian.ru/sale/flat/326310622/?mlSearchSessionGuid=e0f94a0489a6b836ae41be0818b8e690
flat;Созвездие Весов;real_estate_agent;sale;Советский;7;9;27;Новосибирск;5800000;;1; Иванова;35.2;;https://novosibirsk.cian.ru/sale/flat/326560710/?mlSearchSessionGuid=e0f94a0489a6b836ae41be0818b8e690
flat;МакроМир;real_estate_agent;sale;Железнодорожный;2;5;32;Новосибирск;5800000;;1; Урицкого;32.1;Площадь Ленина;https://novosibirsk.cian.ru/sale/flat/326431985/?mlSearchSessionGuid=e0f94a0489a6b836ae41be0818b8e690
flat;Квартирный портал;real_estate_agent;sale;Октябрьский;9;25;177/1;Новосибирск;5800000;Гурьевский;1;Гурьевская ;29.98;Золотая Нива;https://novosibirsk.cian.ru/sale/flat/319574953/?mlSearchSessionGuid=e0f94a0489a6b836ae41be0818b8e690
flat;Сибирь Ипотека;real_estate_agent;sale;Дзержинский;18;25;26/2;Новосибирск;5800000;Дом на Лежена;1; Адриена Лежена;37.7;Золотая Нива;https://novosibirsk.cian.ru/sale/flat/324642291/?mlSearchSessionGuid=e0f94a0489a6b836ae41be0818b8e690
flat;Квартирный портал;real_estate_agent;sale;Октябрьский;9;9;60/1;Новосибирск;5800000;;1;1-я Родниковая ;40.0;Площадь Маркса;https://novosibirsk.cian.ru/sale/flat/315799523/?mlSearchSessionGuid=e0f94a0489a6b836ae41be0818b8e690
flat;КвартЛаб;real_estate_agent;sale;Ленинский;5;6;10;Новосибирск;5800000;Дивногорский;1; Надежды;60.2;Площадь Маркса;https://novosibirsk.cian.ru/sale/flat/324151986/?mlSearchSessionGuid=e0f94a0489a6b836ae41be0818b8e690
flat;ЖИЛФОНД;real_estate_agent;sale;Дзержинский;9;25;19;Новосибирск;5890000;Звезда;1; Королева;29.11;Березовая Роща;https://novosibirsk.cian.ru/sale/flat/325185172/?mlSearchSessionGuid=e0f94a0489a6b836ae41be0818b8e690
flat;ПЛАНЕТА на Маркса;real_estate_agent;sale;Ленинский;23;25;19;Новосибирск;5850000;КрымSKY;1; Пархоменко;43.0;Площадь Маркса;https://novosibirsk.cian.ru/sale/flat/326290832/?mlSearchSessionGuid=e0f94a0489a6b836ae41be0818b8e690
flat;АктивНедвижимость;real_estate_agent;sale;Кировский;8;22;74;Новосибирск;5850000;Тихий;1;Тульская ;41.6;Студенческая;https://novosibirsk.cian.ru/sale/flat/321117073/?mlSearchSessionGuid=e0f94a0489a6b836ae41be0818b8e690
flat;ЖИЛФОНД;real_estate_agent;sale;Октябрьский;8;22;154;Новосибирск;5900000;Марсель;1;2-я Обская ;24.3;Речной вокзал;https://novosibirsk.cian.ru/sale/flat/326725414/?mlSearchSessionGuid=e0f94a0489a6b836ae41be0818b8e690
flat;ЖИЛФОНД;real_estate_agent;sale;Дзержинский;7;16;29;Новосибирск;5900000;;1; Адриена Лежена;39.3;Золотая Нива;https://novosibirsk.cian.ru/sale/flat/326763840/?mlSearchSessionGuid=e0f94a0489a6b836ae41be0818b8e690
flat;ЖИЛФОНД;real_estate_agent;sale;Октябрьский;8;10;192/4;Новосибирск;5950000;;1; Бориса Богаткова;37.5;Золотая Нива;https://novosibirsk.cian.ru/sale/flat/326545979/?mlSearchSessionGuid=e0f94a0489a6b836ae41be0818b8e690
flat;ЖИЛФОНД;real_estate_agent;sale;Ленинский;2;14;253/5;Новосибирск;5990000;Любимый;1; Титова;36.8;Площадь Маркса;https://novosibirsk.cian.ru/sale/flat/326113547/?mlSearchSessionGuid=e0f94a0489a6b836ae41be0818b8e690
flat;ЖИЛФОНД;real_estate_agent;sale;Центральный;10;10;29;Новосибирск;5900000;;1; Мичурина;33.3;Красный Проспект;https://novosibirsk.cian.ru/sale/flat/302073811/?mlSearchSessionGuid=e0f94a0489a6b836ae41be0818b8e690
flat;ЖИЛФОНД;real_estate_agent;sale;Октябрьский;4;25;22;Новосибирск;5900000;мкр. Европейский Берег;1; Владимира Заровного;27.3;Спортивная;https://novosibirsk.cian.ru/sale/flat/314034836/?mlSearchSessionGuid=e0f94a0489a6b836ae41be0818b8e690
flat;ЖИЛФОНД;real_estate_agent;sale;Центральный;9;25;92;Новосибирск;5999000;;1; Державина;27.7;Березовая Роща;https://novosibirsk.cian.ru/sale/flat/320281855/?mlSearchSessionGuid=e0f94a0489a6b836ae41be0818b8e690
flat;МакроМир;real_estate_agent;sale;Октябрьский;1;10;322;Новосибирск;5900000;Революция;1; Кирова;35.1;Речной вокзал;https://novosibirsk.cian.ru/sale/flat/326782579/?mlSearchSessionGuid=e0f94a0489a6b836ae41be0818b8e690
flat;МакроМир;real_estate_agent;sale;Октябрьский;18;25;133/1;Новосибирск;5900000;Астон.Геометрия;1;Выборная ;34.0;Речной вокзал;https://novosibirsk.cian.ru/sale/flat/326575143/?mlSearchSessionGuid=e0f94a0489a6b836ae41be0818b8e690
flat;Домолегион;real_estate_agent;sale;Октябрьский;17;17;117;Новосибирск;5950000;;1; Декабристов;42.0;Речной вокзал;https://novosibirsk.cian.ru/sale/flat/326668835/?mlSearchSessionGuid=e0f94a0489a6b836ae41be0818b8e690
flat;Домолегион;real_estate_agent;sale;Кировский;12;19;1/2;Новосибирск;5900000;Прибрежный;1; Герцена;45.0;Студенческая;https://novosibirsk.cian.ru/sale/flat/326615166/?mlSearchSessionGuid=e0f94a0489a6b836ae41be0818b8e690
flat;МакроМир;real_estate_agent;sale;Ленинский;6;10;26;Новосибирск;5950000;;1; Серафимовича;35.8;Площадь Маркса;https://novosibirsk.cian.ru/sale/flat/325472234/?mlSearchSessionGuid=e0f94a0489a6b836ae41be0818b8e690
flat;Родники;real_estate_agent;sale;Калининский;4;13;10;Новосибирск;5900000;Династия. Квартал поколений;1; Имени генерал-майора А.Н. Рожкина;36.9;Заельцовская;https://novosibirsk.cian.ru/sale/flat/316256198/?mlSearchSessionGuid=e0f94a0489a6b836ae41be0818b8e690
flat;Родники;real_estate_agent;sale;Калининский;8;13;5;Новосибирск;5900000;Династия. Квартал поколений;1; Имени генерал-майора А.Н. Рожкина;38.6;Заельцовская;https://novosibirsk.cian.ru/sale/flat/324459634/?mlSearchSessionGuid=e0f94a0489a6b836ae41be0818b8e690
flat;Планета;real_estate_agent;sale;Заельцовский;3;28;105/1;Новосибирск;5990000;Бирюзовая жемчужина-2;1;Сухарная ;35.5;Площадь Гарина-Михайловского;https://novosibirsk.cian.ru/sale/flat/309599909/?mlSearchSessionGuid=e0f94a0489a6b836ae41be0818b8e690
flat;Вячеслав Шалдышев;realtor;sale;Октябрьский;2;8;2;Новосибирск;5990000;Promenade;1;Родниковая ;44.4;Речной вокзал;https://novosibirsk.cian.ru/sale/flat/326078484/?mlSearchSessionGuid=e0f94a0489a6b836ae41be0818b8e690
flat;ДОКТОР КЛЮЧ;real_estate_agent;sale;Советский;13;26;15с1;Новосибирск;6000000;Черемушки на Приморской;1;Приморская ;48.3;Студенческая;https://novosibirsk.cian.ru/sale/flat/323011898/?mlSearchSessionGuid=e0f94a0489a6b836ae41be0818b8e690
flat;Дельта;real_estate_agent;sale;Советский;3;4;38;Новосибирск;6000000;;1; Академическая;32.2;;https://novosibirsk.cian.ru/sale/flat/323185174/?mlSearchSessionGuid=e0f94a0489a6b836ae41be0818b8e690
flat;Дельта;real_estate_agent;sale;Советский;1;9;2;Новосибирск;6000000;;1; Вяземская;37.9;;https://novosibirsk.cian.ru/sale/flat/325937544/?mlSearchSessionGuid=e0f94a0489a6b836ae41be0818b8e690
flat;ЖИЛФОНД;real_estate_agent;sale;Заельцовский;10;25;101;Новосибирск;6000000;;1;Сухарная ;39.8;Площадь Гарина-Михайловского;https://novosibirsk.cian.ru/sale/flat/327093340/?mlSearchSessionGuid=e0f94a0489a6b836ae41be0818b8e690
flat;ЖИЛФОНД;real_estate_agent;sale;Октябрьский;2;8;2;Новосибирск;6000000;Promenade;1;Родниковая ;44.4;Речной вокзал;https://novosibirsk.cian.ru/sale/flat/326053352/?mlSearchSessionGuid=e0f94a0489a6b836ae41be0818b8e690
flat;ЖИЛФОНД;real_estate_agent;sale;Ленинский;6;15;1;Новосибирск;6000000;Радужный каскад;1;Стартовая ;44.2;Спортивная;https://novosibirsk.cian.ru/sale/flat/323684975/?mlSearchSessionGuid=e0f94a0489a6b836ae41be0818b8e690
flat;ЖИЛФОНД;real_estate_agent;sale;Ленинский;11;14;253/6;Новосибирск;6000000;Любимый;1; Титова;35.2;Площадь Маркса;https://novosibirsk.cian.ru/sale/flat/322868616/?mlSearchSessionGuid=e0f94a0489a6b836ae41be0818b8e690
flat;ЖИЛФОНД;real_estate_agent;sale;Советский;2;9;37;Новосибирск;6000000;Клубный дом на Российской 37;1; Российская;23.8;;https://novosibirsk.cian.ru/sale/flat/326186832/?mlSearchSessionGuid=e0f94a0489a6b836ae41be0818b8e690
flat;Калининское;real_estate_agent;sale;Октябрьский;24;25;177;Новосибирск;6000000;Гурьевский;1;Гурьевская ;38.0;Золотая Нива;https://novosibirsk.cian.ru/sale/flat/321251874/?mlSearchSessionGuid=e0f94a0489a6b836ae41be0818b8e690
flat;Калининское;real_estate_agent;sale;Калининский;8;12;309;Новосибирск;6000000;Северная Корона;1;Красный проспект;32.9;Заельцовская;https://novosibirsk.cian.ru/sale/flat/314877800/?mlSearchSessionGuid=e0f94a0489a6b836ae41be0818b8e690
flat;ЖИЛФОНД;real_estate_agent;sale;Октябрьский;5;22;115;Новосибирск;6000000;Октябрьский квартал;1; Декабристов;40.0;Речной вокзал;https://novosibirsk.cian.ru/sale/flat/316323419/?mlSearchSessionGuid=e0f94a0489a6b836ae41be0818b8e690
flat;Люди;real_estate_agent;sale;Калининский;2;13;10/1;Новосибирск;6000000;Династия. Квартал поколений;1; Имени генерал-майора А.Н. Рожкина;41.4;Заельцовская;https://novosibirsk.cian.ru/sale/flat/325838904/?mlSearchSessionGuid=e0f94a0489a6b836ae41be0818b8e690
flat;ID 92899830;realtor;sale;Заельцовский;9;15;71/2;Новосибирск;6000000;Начало мая;1; Лобачевского;37.0;Заельцовская;https://novosibirsk.cian.ru/sale/flat/326160360/?mlSearchSessionGuid=e0f94a0489a6b836ae41be0818b8e690
flat;Недвижимость и Право НСК;real_estate_agent;sale;Центральный;1;9;48;Новосибирск;6000000;;1;Ядринцевская ;35.6;Площадь Ленина;https://novosibirsk.cian.ru/sale/flat/319335859/?mlSearchSessionGuid=e0f94a0489a6b836ae41be0818b8e690
flat;ЖИЛФОНД;real_estate_agent;sale;Первомайский;6;12;13;Новосибирск;6099000;Весенний;1; Заречная;38.7;Речной вокзал;https://novosibirsk.cian.ru/sale/flat/323976377/?mlSearchSessionGuid=e0f94a0489a6b836ae41be0818b8e690
flat;Калининское;real_estate_agent;sale;Дзержинский;18;21;4;Новосибирск;6080000;На Королева;1; Королева;33.75;Золотая Нива;https://novosibirsk.cian.ru/sale/flat/321285489/?mlSearchSessionGuid=e0f94a0489a6b836ae41be0818b8e690
flat;ЖИЛФОНД;real_estate_agent;sale;Ленинский;4;15;1;Новосибирск;6100000;Радужный каскад;1;Стартовая ;38.5;Спортивная;https://novosibirsk.cian.ru/sale/flat/323496823/?mlSearchSessionGuid=e0f94a0489a6b836ae41be0818b8e690
flat;ЖИЛФОНД;real_estate_agent;sale;Калининский;6;22;15;Новосибирск;6100000;Дежнёв;1; Имени генерал-майора А.Н. Рожкина;48.8;Заельцовская;https://novosibirsk.cian.ru/sale/flat/315348369/?mlSearchSessionGuid=e0f94a0489a6b836ae41be0818b8e690
flat;ЖИЛФОНД;real_estate_agent;sale;Кировский;15;26;16;Новосибирск;6100000;Астон. Шесть звёзд;1; Аникина;47.7;Студенческая;https://novosibirsk.cian.ru/sale/flat/326185261/?mlSearchSessionGuid=e0f94a0489a6b836ae41be0818b8e690
flat;ЖИЛФОНД;real_estate_agent;sale;Первомайский;14;18;57;Новосибирск;6100000;Весенний;1; Заречная;40.9;Спортивная;https://novosibirsk.cian.ru/sale/flat/327056909/?mlSearchSessionGuid=e0f94a0489a6b836ae41be0818b8e690
flat;Планета-8;real_estate_agent;sale;Дзержинский;13;18;1/2;Новосибирск;6100000;;1; Дениса Давыдова;44.2;Березовая Роща;https://novosibirsk.cian.ru/sale/flat/327070655/?mlSearchSessionGuid=e0f94a0489a6b836ae41be0818b8e690
flat;Русский фонд Недвижимости;real_estate_agent;sale;Ленинский;3;14;21;Новосибирск;6100000;Дом по ул. Троллейная, 21;1;Троллейная ;37.2;Площадь Маркса;https://novosibirsk.cian.ru/sale/flat/326886539/?mlSearchSessionGuid=e0f94a0489a6b836ae41be0818b8e690
flat;1Е;real_estate_agent;sale;Октябрьский;9;17;14;Новосибирск;6100000;Freedom;1;Большевистская ;24.3;Речной вокзал;https://novosibirsk.cian.ru/sale/flat/295788183/?mlSearchSessionGuid=e0f94a0489a6b836ae41be0818b8e690
flat;Жанна Кулешова;realtor;sale;Октябрьский;6;17;91/2;Новосибирск;6100000;;1;Выборная ;45.2;Речной вокзал;https://novosibirsk.cian.ru/sale/flat/321653372/?mlSearchSessionGuid=e0f94a0489a6b836ae41be0818b8e690
flat;ЖИЛФОНД;real_estate_agent;sale;Октябрьский;7;17;8;Новосибирск;6150000;;1;Вилюйская ;44.9;Речной вокзал;https://novosibirsk.cian.ru/sale/flat/324883937/?mlSearchSessionGuid=e0f94a0489a6b836ae41be0818b8e690
flat;ДОКТОР КЛЮЧ;real_estate_agent;sale;Дзержинский;13;20;4;Новосибирск;6150000;На Королева;1; Королева;36.3;Золотая Нива;https://novosibirsk.cian.ru/sale/flat/324458616/?mlSearchSessionGuid=e0f94a0489a6b836ae41be0818b8e690
flat;ЖИЛФОНД;real_estate_agent;sale;Ленинский;4;5;19;Новосибирск;6200000;;1;Геодезическая ;36.1;Студенческая;https://novosibirsk.cian.ru/sale/flat/326074534/?mlSearchSessionGuid=e0f94a0489a6b836ae41be0818b8e690
flat;ЖИЛФОНД;real_estate_agent;sale;Октябрьский;4;10;15;Новосибирск;6298000;;1; Лескова;39.1;Октябрьская;https://novosibirsk.cian.ru/sale/flat/320017579/?mlSearchSessionGuid=e0f94a0489a6b836ae41be0818b8e690
flat;Владис Центральное;real_estate_agent;sale;Калининский;13;26;34;Новосибирск;6200000;;1;Танковая ;42.0;Заельцовская;https://novosibirsk.cian.ru/sale/flat/327065101/?mlSearchSessionGuid=e0f94a0489a6b836ae41be0818b8e690
flat;МакроМир;real_estate_agent;sale;Ленинский;1;22;40/3;Новосибирск;6210000;по ул. Костычева 40/3;1; Костычева;38.6;Площадь Маркса;https://novosibirsk.cian.ru/sale/flat/326247292/?mlSearchSessionGuid=e0f94a0489a6b836ae41be0818b8e690
flat;Владис Центральное;real_estate_agent;sale;Октябрьский;2;10;42;Новосибирск;6200000;;1; Сакко и Ванцетти;33.9;Октябрьская;https://novosibirsk.cian.ru/sale/flat/322474575/?mlSearchSessionGuid=e0f94a0489a6b836ae41be0818b8e690
flat;АНН;real_estate_agent;sale;Заельцовский;2;5;4;Новосибирск;6200000;;1;Ельцовская ;39.1;Площадь Гарина-Михайловского;https://novosibirsk.cian.ru/sale/flat/326576671/?mlSearchSessionGuid=e0f94a0489a6b836ae41be0818b8e690
flat;PRO Люди;real_estate_agent;sale;Заельцовский;13;18;6/2;Новосибирск;6200000;На Ельцовской;1;Ельцовская ;36.3;Площадь Гарина-Михайловского;https://novosibirsk.cian.ru/sale/flat/324635648/?mlSearchSessionGuid=e0f94a0489a6b836ae41be0818b8e690
flat;Квартирный портал;real_estate_agent;sale;Центральный;1;10;58;Новосибирск;6297000;;1;Депутатская ;31.8;Площадь Ленина;https://novosibirsk.cian.ru/sale/flat/326458846/?mlSearchSessionGuid=e0f94a0489a6b836ae41be0818b8e690
flat;РиэлтПрофи;real_estate_agent;sale;Ленинский;6;17;65;Новосибирск;6200000;;1;;40.0;Студенческая;https://novosibirsk.cian.ru/sale/flat/320200078/?mlSearchSessionGuid=e0f94a0489a6b836ae41be0818b8e690
flat;Вертикаль;real_estate_agent;sale;Октябрьский;6;12;9;Новосибирск;6250000;ВИВАТ! Знаменский;1; Стофато;36.6;Золотая Нива;https://novosibirsk.cian.ru/sale/flat/324388271/?mlSearchSessionGuid=e0f94a0489a6b836ae41be0818b8e690
flat;Иван Плахута;realtor;sale;Октябрьский;15;22;35;Новосибирск;6249999;Молодёжный;1; Михаила Кулагина;36.6;Золотая Нива;https://novosibirsk.cian.ru/sale/flat/324056694/?mlSearchSessionGuid=e0f94a0489a6b836ae41be0818b8e690
flat;ЖИЛФОНД;real_estate_agent;sale;Ленинский;13;17;35;Новосибирск;6300000;VESNA;1; Ясный Берег;24.8;Октябрьская;https://novosibirsk.cian.ru/sale/flat/326694743/?mlSearchSessionGuid=e0f94a0489a6b836ae41be0818b8e690
flat;ЖИЛФОНД;real_estate_agent;sale;Октябрьский;6;25;11;Новосибирск;6300000;Закаменский-11;1;Закаменский мкр;43.0;Березовая Роща;https://novosibirsk.cian.ru/sale/flat/326380861/?mlSearchSessionGuid=e0f94a0489a6b836ae41be0818b8e690
flat;Департамент недвижимости и права;real_estate_agent;sale;Ленинский;16;24;14;Новосибирск;6300000;Парково;1;площадь Райсовета;37.6;Площадь Маркса;https://novosibirsk.cian.ru/sale/flat/325816134/?mlSearchSessionGuid=e0f94a0489a6b836ae41be0818b8e690
flat;МакроМир;real_estate_agent;sale;Октябрьский;1;29;15;Новосибирск;6300000;;1;Закаменский мкр;43.2;Золотая Нива;https://novosibirsk.cian.ru/sale/flat/326550179/?mlSearchSessionGuid=e0f94a0489a6b836ae41be0818b8e690
flat;Квартирный портал;real_estate_agent;sale;Первомайский;4;10;17;Новосибирск;6300000;Весенний;1; Заречная;42.0;Речной вокзал;https://novosibirsk.cian.ru/sale/flat/322242038/?mlSearchSessionGuid=e0f94a0489a6b836ae41be0818b8e690
flat;АльянсРиэлт;real_estate_agent;sale;Ленинский;3;9;72/1;Новосибирск;6300000;;1; Плахотного;43.8;Площадь Маркса;https://novosibirsk.cian.ru/sale/flat/326350017/?mlSearchSessionGuid=e0f94a0489a6b836ae41be0818b8e690
flat;Новый Адрес;real_estate_agent;sale;Ленинский;15;17;1;Новосибирск;6300000;Радужный каскад;1;Стартовая ;39.0;Спортивная;https://novosibirsk.cian.ru/sale/flat/325286708/?mlSearchSessionGuid=e0f94a0489a6b836ae41be0818b8e690
flat;Кабинет Риелторских Услуг;real_estate_agent;sale;Центральный;9;14;51;Новосибирск;6380000;;1; Фрунзе;32.0;Маршала Покрышкина;https://novosibirsk.cian.ru/sale/flat/324533562/?mlSearchSessionGuid=e0f94a0489a6b836ae41be0818b8e690
flat;Люди;real_estate_agent;sale;Ленинский;10;26;112/2;Новосибирск;6350000;Город у воды Ясный Берег;1;1-я Чулымская ;39.6;Красный Проспект;https://novosibirsk.cian.ru/sale/flat/326833650/?mlSearchSessionGuid=e0f94a0489a6b836ae41be0818b8e690
flat;Владис Центральное;real_estate_agent;sale;Железнодорожный;4;5;7;Новосибирск;6350000;;1;Советская ;40.0;Площадь Ленина;https://novosibirsk.cian.ru/sale/flat/326344323/?mlSearchSessionGuid=e0f94a0489a6b836ae41be0818b8e690
flat;Созвездие Весов;real_estate_agent;sale;Советский;1;10;10;Новосибирск;6390000;;1; Российская;37.9;;https://novosibirsk.cian.ru/sale/flat/326141142/?mlSearchSessionGuid=e0f94a0489a6b836ae41be0818b8e690
flat;Владис Центральное;real_estate_agent;sale;Заельцовский;6;7;79;Новосибирск;6350000;Премиум-квартал Новый Кедровый;1;Кедровая ;31.77;Заельцовская;https://novosibirsk.cian.ru/sale/flat/322634596/?mlSearchSessionGuid=e0f94a0489a6b836ae41be0818b8e690
flat;ПАЛИТРА;real_estate_agent;sale;Октябрьский;18;25;155;Новосибирск;6370000;Пролетарский;1;Пролетарская ;38.0;Золотая Нива;https://novosibirsk.cian.ru/sale/flat/326054605/?mlSearchSessionGuid=e0f94a0489a6b836ae41be0818b8e690
flat;ЖИЛФОНД;real_estate_agent;sale;Кировский;8;18;9;Новосибирск;6480000;Золотая роща;1;Пригородная ;42.9;Площадь Маркса;https://novosibirsk.cian.ru/sale/flat/326584126/?mlSearchSessionGuid=e0f94a0489a6b836ae41be0818b8e690
flat;ЖИЛФОНД;real_estate_agent;sale;Заельцовский;5;19;238;Новосибирск;6450000;Ельцовский;1; Дуси Ковальчук;43.09;Заельцовская;https://novosibirsk.cian.ru/sale/flat/326880441/?mlSearchSessionGuid=e0f94a0489a6b836ae41be0818b8e690
flat;ЖИЛФОНД;real_estate_agent;sale;Железнодорожный;9;30;65/4;Новосибирск;6400000;Чернышевский;1;Фабричная ;27.7;Площадь Гарина-Михайловского;https://novosibirsk.cian.ru/sale/flat/325675761/?mlSearchSessionGuid=e0f94a0489a6b836ae41be0818b8e690
flat;ЖИЛФОНД;real_estate_agent;sale;Железнодорожный;6;9;51;Новосибирск;6400000;;1;Сибирская ;38.4;Красный Проспект;https://novosibirsk.cian.ru/sale/flat/322856190/?mlSearchSessionGuid=e0f94a0489a6b836ae41be0818b8e690
flat;ЖИЛФОНД;real_estate_agent;sale;Заельцовский;17;19;3;Новосибирск;6480000;Тимирязевский;1; Вавилова;37.0;Заельцовская;https://novosibirsk.cian.ru/sale/flat/317871273/?mlSearchSessionGuid=e0f94a0489a6b836ae41be0818b8e690
flat;ЖИЛФОНД;real_estate_agent;sale;Заельцовский;7;15;1/6;Новосибирск;6450000;Легендарный-Северный;1; Аэропорт;31.3;Заельцовская;https://novosibirsk.cian.ru/sale/flat/315811390/?mlSearchSessionGuid=e0f94a0489a6b836ae41be0818b8e690
flat;Вместе;real_estate_agent;sale;Октябрьский;22;22;77;Новосибирск;6490000;Парк Резиденс;1; Сакко и Ванцетти;37.0;Октябрьская;https://novosibirsk.cian.ru/sale/flat/316482874/?mlSearchSessionGuid=e0f94a0489a6b836ae41be0818b8e690
flat;Квартирный портал;real_estate_agent;sale;Ленинский;26;26;14;Новосибирск;6400000;Город у воды Ясный Берег;1; Ясный Берег;43.1;Площадь Гарина-Михайловского;https://novosibirsk.cian.ru/sale/flat/323782104/?mlSearchSessionGuid=e0f94a0489a6b836ae41be0818b8e690
flat;ГРАНОВИТ;real_estate_agent;sale;Калининский;5;10;10;Новосибирск;6480000;;1; Михаила Немыткина;43.2;Заельцовская;https://novosibirsk.cian.ru/sale/flat/325715827/?mlSearchSessionGuid=e0f94a0489a6b836ae41be0818b8e690
flat;Сибирь Ипотека;real_estate_agent;sale;Заельцовский;2;24;244;Новосибирск;6490000;Покровский;1; Дуси Ковальчук;42.8;Заельцовская;https://novosibirsk.cian.ru/sale/flat/325186363/?mlSearchSessionGuid=e0f94a0489a6b836ae41be0818b8e690
flat;Вместе;real_estate_agent;sale;Октябрьский;2;4;340;Новосибирск;6400000;Ключевой;1; Кирова;46.7;Октябрьская;https://novosibirsk.cian.ru/sale/flat/316835969/?mlSearchSessionGuid=e0f94a0489a6b836ae41be0818b8e690
flat;Альфа Дом;real_estate_agent;sale;Октябрьский;2;8;9;Новосибирск;6400000;;1; Ключ-Камышенское плато;34.1;Речной вокзал;https://novosibirsk.cian.ru/sale/flat/322303963/?mlSearchSessionGuid=e0f94a0489a6b836ae41be0818b8e690
flat;Татьяна Лукина;realtor;sale;Заельцовский;4;12;29/1;Новосибирск;6400000;;1;Линейная ;35.8;Гагаринская;https://novosibirsk.cian.ru/sale/flat/326596821/?mlSearchSessionGuid=e0f94a0489a6b836ae41be0818b8e690
flat;ЖИЛФОНД;real_estate_agent;sale;Центральный;3;12;69А;Новосибирск;6500000;;1; Семьи Шамшиных;34.9;Маршала Покрышкина;https://novosibirsk.cian.ru/sale/flat/325034892/?mlSearchSessionGuid=e0f94a0489a6b836ae41be0818b8e690
flat;ЖИЛФОНД;real_estate_agent;sale;Октябрьский;5;19;35;Новосибирск;6500000;Молодёжный;1; Михаила Кулагина;35.0;Золотая Нива;https://novosibirsk.cian.ru/sale/flat/326344415/?mlSearchSessionGuid=e0f94a0489a6b836ae41be0818b8e690
flat;ЖИЛФОНД;real_estate_agent;sale;Ленинский;7;10;19/1;Новосибирск;6500000;;1;Широкая ;44.8;Площадь Маркса;https://novosibirsk.cian.ru/sale/flat/326175331/?mlSearchSessionGuid=e0f94a0489a6b836ae41be0818b8e690
flat;ЖИЛФОНД;real_estate_agent;sale;Октябрьский;1;4;338;Новосибирск;6500000;Ключевой;1; Кирова;41.7;Речной вокзал;https://novosibirsk.cian.ru/sale/flat/326310591/?mlSearchSessionGuid=e0f94a0489a6b836ae41be0818b8e690
flat;ЖИЛФОНД;real_estate_agent;sale;Советский;1;4;27;Новосибирск;6500000;;1; Академическая;32.4;;https://novosibirsk.cian.ru/sale/flat/326174400/?mlSearchSessionGuid=e0f94a0489a6b836ae41be0818b8e690
flat;ЖИЛФОНД;real_estate_agent;sale;Заельцовский;12;26;182/3;Новосибирск;6500000;Тайм Парк Апартаменты;1;Красный проспект;32.89;Заельцовская;https://novosibirsk.cian.ru/sale/flat/326186811/?mlSearchSessionGuid=e0f94a0489a6b836ae41be0818b8e690
flat;ЖИЛФОНД;real_estate_agent;sale;Заельцовский;18;25;3/1;Новосибирск;6500000;LEO;1;Кавалерийская ;35.0;Заельцовская;https://novosibirsk.cian.ru/sale/flat/325961356/?mlSearchSessionGuid=e0f94a0489a6b836ae41be0818b8e690
flat;ЖИЛФОНД;real_estate_agent;sale;Дзержинский;3;15;89;Новосибирск;6500000;Gorizont;1; Коминтерна;27.1;Золотая Нива;https://novosibirsk.cian.ru/sale/flat/320202929/?mlSearchSessionGuid=e0f94a0489a6b836ae41be0818b8e690
flat;ЖИЛФОНД;real_estate_agent;sale;Центральный;4;6;14;Новосибирск;6500000;;1;Красный проспект;39.6;Октябрьская;https://novosibirsk.cian.ru/sale/flat/326310619/?mlSearchSessionGuid=e0f94a0489a6b836ae41be0818b8e690
flat;ЖИЛФОНД;real_estate_agent;sale;Октябрьский;5;10;6;Новосибирск;6500000;;1; Белинского;31.3;Октябрьская;https://novosibirsk.cian.ru/sale/flat/319581650/?mlSearchSessionGuid=e0f94a0489a6b836ae41be0818b8e690
flat;Домофонд;real_estate_agent;sale;Ленинский;8;10;12;Новосибирск;6500000;;1;Троллейная ;47.4;Площадь Маркса;https://novosibirsk.cian.ru/sale/flat/321782401/?mlSearchSessionGuid=e0f94a0489a6b836ae41be0818b8e690
flat;Созвездие Весов;real_estate_agent;sale;Советский;4;4;17;Новосибирск;6500000;;1;проспект Морской;32.0;;https://novosibirsk.cian.ru/sale/flat/319527808/?mlSearchSessionGuid=e0f94a0489a6b836ae41be0818b8e690
flat;Ксения Голосуцкая;realtor;sale;Октябрьский;11;18;34;Новосибирск;6500000;;1; Адриена Лежена;42.0;Золотая Нива;https://novosibirsk.cian.ru/sale/flat/326678842/?mlSearchSessionGuid=e0f94a0489a6b836ae41be0818b8e690
flat;Владис Центральное;real_estate_agent;sale;Советский;9;16;35;Новосибирск;6500000;;1; Балтийская;54.7;;https://novosibirsk.cian.ru/sale/flat/326930304/?mlSearchSessionGuid=e0f94a0489a6b836ae41be0818b8e690
flat;Юнион Трейд;real_estate_agent;sale;Центральный;8;26;125;Новосибирск;6500000;на Писарева;1; Писарева;38.8;Маршала Покрышкина;https://novosibirsk.cian.ru/sale/flat/326651108/?mlSearchSessionGuid=e0f94a0489a6b836ae41be0818b8e690
flat;Мегаполис;real_estate_agent;sale;Октябрьский;3;10;69/2;Новосибирск;6500000;;1;2-я Обская ;38.0;Спортивная;https://novosibirsk.cian.ru/sale/flat/321988020/?mlSearchSessionGuid=e0f94a0489a6b836ae41be0818b8e690
flat;ЕВРОДОМ;real_estate_agent;sale;Ленинский;8;15;2;Новосибирск;6500000;;1;площадь Карла Маркса;31.44;Площадь Маркса;https://novosibirsk.cian.ru/sale/flat/317607945/?mlSearchSessionGuid=e0f94a0489a6b836ae41be0818b8e690
flat;Красный Проспект Недвижимость;real_estate_agent;sale;Октябрьский;3;18;91/2;Новосибирск;6500000;;1;Выборная ;44.9;Речной вокзал;https://novosibirsk.cian.ru/sale/flat/324796796/?mlSearchSessionGuid=e0f94a0489a6b836ae41be0818b8e690
flat;Владис Центральное;real_estate_agent;sale;Кировский;17;25;143/2;Новосибирск;6500000;;1; Немировича-Данченко;31.1;Студенческая;https://novosibirsk.cian.ru/sale/flat/324305413/?mlSearchSessionGuid=e0f94a0489a6b836ae41be0818b8e690
flat;Сибирь Ипотека;real_estate_agent;sale;Кировский;3;19;1/2;Новосибирск;6500000;Прибрежный;1; Герцена;45.0;Студенческая;https://novosibirsk.cian.ru/sale/flat/324461004/?mlSearchSessionGuid=e0f94a0489a6b836ae41be0818b8e690
flat;PRO Недвижимость;real_estate_agent;sale;Октябрьский;7;25;119;Новосибирск;6500000;Willart;1; Кирова;25.26;Октябрьская;https://novosibirsk.cian.ru/sale/flat/323404266/?mlSearchSessionGuid=e0f94a0489a6b836ae41be0818b8e690
flat;ПАЛИТРА;real_estate_agent;sale;Заельцовский;7;7;79;Новосибирск;6500000;Премиум-квартал Новый Кедровый;1;Кедровая ;36.7;Заельцовская;https://novosibirsk.cian.ru/sale/flat/323531625/?mlSearchSessionGuid=e0f94a0489a6b836ae41be0818b8e690
flat;Дмитрий Иванов;realtor;sale;Заельцовский;21;27;2/3;Новосибирск;6500000;Верхний город;1; Залесского;40.4;Заельцовская;https://novosibirsk.cian.ru/sale/flat/326447962/?mlSearchSessionGuid=e0f94a0489a6b836ae41be0818b8e690
flat;ЖИЛФОНД;real_estate_agent;sale;Кировский;1;10;148/2;Новосибирск;6590000;Панорама;1; Немировича-Данченко;31.8;Спортивная;https://novosibirsk.cian.ru/sale/flat/326216257/?mlSearchSessionGuid=e0f94a0489a6b836ae41be0818b8e690
flat;Планета Недвижимости -подразделение ООО Лаки;real_estate_agent;sale;Заельцовский;2;19;6/3;Новосибирск;6550000;На Ельцовской;1;Ельцовская ;37.9;Гагаринская;https://novosibirsk.cian.ru/sale/flat/326092972/?mlSearchSessionGuid=e0f94a0489a6b836ae41be0818b8e690
flat;ЖИЛФОНД;real_estate_agent;sale;Заельцовский;9;17;14;Новосибирск;6600000;;1;Овражная ;38.4;Заельцовская;https://novosibirsk.cian.ru/sale/flat/318881630/?mlSearchSessionGuid=e0f94a0489a6b836ae41be0818b8e690
flat;ЖИЛФОНД;real_estate_agent;sale;Заельцовский;13;25;173/1;Новосибирск;6600000;;1;Красный проспект;36.0;Заельцовская;https://novosibirsk.cian.ru/sale/flat/313981256/?mlSearchSessionGuid=e0f94a0489a6b836ae41be0818b8e690
flat;РЦН на Башне;real_estate_agent;sale;Центральный;7;26;125;Новосибирск;6600000;по ул. Писарева;1; Писарева;37.2;Маршала Покрышкина;https://novosibirsk.cian.ru/sale/flat/318669710/?mlSearchSessionGuid=e0f94a0489a6b836ae41be0818b8e690
flat;Хорошие люди;real_estate_agent;sale;Заельцовский;6;27;52/2;Новосибирск;6600000;Чкалов;1;Светлановская ;45.9;Заельцовская;https://novosibirsk.cian.ru/sale/flat/327031895/?mlSearchSessionGuid=e0f94a0489a6b836ae41be0818b8e690
flat;Самолет Плюс;real_estate_agent;sale;Центральный;19;25;92;Новосибирск;6600000;;1; Державина;40.2;Березовая Роща;https://novosibirsk.cian.ru/sale/flat/325708835/?mlSearchSessionGuid=e0f94a0489a6b836ae41be0818b8e690
flat;ЖИЛФОНД;real_estate_agent;sale;Октябрьский;6;13;46/2;Новосибирск;6700000;Apart-River;1;Обская ;28.0;Речной вокзал;https://novosibirsk.cian.ru/sale/flat/326307874/?mlSearchSessionGuid=e0f94a0489a6b836ae41be0818b8e690
flat;ЖИЛФОНД;real_estate_agent;sale;Заельцовский;7;16;24/1;Новосибирск;6700000;;1; Дмитрия Донского;40.0;Заельцовская;https://novosibirsk.cian.ru/sale/flat/326213493/?mlSearchSessionGuid=e0f94a0489a6b836ae41be0818b8e690
flat;ЖИЛФОНД;real_estate_agent;sale;Октябрьский;2;19;31;Новосибирск;6700000;Молодёжный;1; Михаила Кулагина;36.6;Золотая Нива;https://novosibirsk.cian.ru/sale/flat/326174401/?mlSearchSessionGuid=e0f94a0489a6b836ae41be0818b8e690
flat;ЖИЛФОНД;real_estate_agent;sale;Дзержинский;9;18;34/2;Новосибирск;6700000;Дом по пр. Дзержинского, 34/2;1;проспект Дзержинского;36.7;Березовая Роща;https://novosibirsk.cian.ru/sale/flat/324340440/?mlSearchSessionGuid=e0f94a0489a6b836ae41be0818b8e690
flat;ЖИЛФОНД;real_estate_agent;sale;Железнодорожный;3;9;51;Новосибирск;6700000;;1;Сибирская ;34.5;Красный Проспект;https://novosibirsk.cian.ru/sale/flat/326657436/?mlSearchSessionGuid=e0f94a0489a6b836ae41be0818b8e690
flat;ЖИЛФОНД;real_estate_agent;sale;Центральный;11;21;44;Новосибирск;6650000;на Писарева;1; Писарева;26.2;Гагаринская;https://novosibirsk.cian.ru/sale/flat/327075411/?mlSearchSessionGuid=e0f94a0489a6b836ae41be0818b8e690
flat;МакроМир;real_estate_agent;sale;Заельцовский;15;25;3/1;Новосибирск;6700000;LEO;1;Кавалерийская ;38.1;Заельцовская;https://novosibirsk.cian.ru/sale/flat/325772816/?mlSearchSessionGuid=e0f94a0489a6b836ae41be0818b8e690
flat;СФЕРА 54;real_estate_agent;sale;Первомайский;7;10;8;Новосибирск;6700000;;1; Марии Ульяновой;44.4;Речной вокзал;https://novosibirsk.cian.ru/sale/flat/326926238/?mlSearchSessionGuid=e0f94a0489a6b836ae41be0818b8e690
flat;Планета Недвижимости -подразделение ООО Лаки;real_estate_agent;sale;Центральный;5;26;125;Новосибирск;6700000;по ул. Писарева;1; Писарева;36.9;Маршала Покрышкина;https://novosibirsk.cian.ru/sale/flat/318902771/?mlSearchSessionGuid=e0f94a0489a6b836ae41be0818b8e690
flat;МакроМир;real_estate_agent;sale;Дзержинский;2;17;9/2;Новосибирск;6650000;;1; Адриена Лежена;45.0;Золотая Нива;https://novosibirsk.cian.ru/sale/flat/326921764/?mlSearchSessionGuid=e0f94a0489a6b836ae41be0818b8e690
flat;Агент Pro;real_estate_agent;sale;Октябрьский;4;10;с48;Новосибирск;6730000;;1;Большевистская ;37.0;Октябрьская;https://novosibirsk.cian.ru/sale/flat/324258862/?mlSearchSessionGuid=e0f94a0489a6b836ae41be0818b8e690
flat;METRAGE;real_estate_agent;sale;Дзержинский;16;17;31/1;Новосибирск;6700000;;1; Есенина;35.0;Золотая Нива;https://novosibirsk.cian.ru/sale/flat/322133976/?mlSearchSessionGuid=e0f94a0489a6b836ae41be0818b8e690
flat;ПАЛИТРА;real_estate_agent;sale;Октябрьский;19;21;53;Новосибирск;6700000;Комета-Октябрьский;1;2-я Воинская ;38.0;Золотая Нива;https://novosibirsk.cian.ru/sale/flat/326539951/?mlSearchSessionGuid=e0f94a0489a6b836ae41be0818b8e690
flat;ESTEQ;real_estate_agent;sale;Дзержинский;11;19;34/2;Новосибирск;6650000;Дом по пр. Дзержинского, 34/2;1;проспект Дзержинского;43.0;Березовая Роща;https://novosibirsk.cian.ru/sale/flat/320756286/?mlSearchSessionGuid=e0f94a0489a6b836ae41be0818b8e690
flat;Владис Центральное;real_estate_agent;sale;Октябрьский;19;19;33;Новосибирск;6680000;Молодёжный;1; Михаила Кулагина;33.0;Березовая Роща;https://novosibirsk.cian.ru/sale/flat/326583147/?mlSearchSessionGuid=e0f94a0489a6b836ae41be0818b8e690
flat;Статус;real_estate_agent;sale;Октябрьский;3;18;9/1;Новосибирск;6700000;;1;Военная ;37.3;Октябрьская;https://novosibirsk.cian.ru/sale/flat/324374823/?mlSearchSessionGuid=e0f94a0489a6b836ae41be0818b8e690
flat;ПРОЕКТ;real_estate_agent;sale;Первомайский;11;17;31;Новосибирск;6700000;Манхэттен;1; Героев Революции;51.4;Спортивная;https://novosibirsk.cian.ru/sale/flat/305479122/?mlSearchSessionGuid=e0f94a0489a6b836ae41be0818b8e690
flat;Александр Чугайнов;realtor;sale;Железнодорожный;12;30;65/4;Новосибирск;6700000;Чернышевский;1;Фабричная ;34.5;Площадь Гарина-Михайловского;https://novosibirsk.cian.ru/sale/flat/307396132/?mlSearchSessionGuid=e0f94a0489a6b836ae41be0818b8e690
flat;ДОКТОР КЛЮЧ;real_estate_agent;sale;Дзержинский;11;20;4;Новосибирск;6790000;На Королева;1; Королева;40.15;Золотая Нива;https://novosibirsk.cian.ru/sale/flat/324813808/?mlSearchSessionGuid=e0f94a0489a6b836ae41be0818b8e690
flat;ЖИЛФОНД;real_estate_agent;sale;Первомайский;2;9;21;Новосибирск;6750000;Весенний;1; Заречная;38.5;Спортивная;https://novosibirsk.cian.ru/sale/flat/326756741/?mlSearchSessionGuid=e0f94a0489a6b836ae41be0818b8e690
flat;Владис Центральное;real_estate_agent;sale;Ленинский;18;26;16;Новосибирск;6750000;Город у воды Ясный Берег;1; Ясный Берег;39.0;Площадь Гарина-Михайловского;https://novosibirsk.cian.ru/sale/flat/326520781/?mlSearchSessionGuid=e0f94a0489a6b836ae41be0818b8e690
flat;Ваш Академгородок;real_estate_agent;sale;Советский;2;4;17;Новосибирск;6750000;;1;проезд Цветной;31.9;;https://novosibirsk.cian.ru/sale/flat/322578446/?mlSearchSessionGuid=e0f94a0489a6b836ae41be0818b8e690
flat;ПРОЕКТ;real_estate_agent;sale;Первомайский;13;16;21;Новосибирск;6750000;Весенний;1; Заречная;45.0;Речной вокзал;https://novosibirsk.cian.ru/sale/flat/326417942/?mlSearchSessionGuid=e0f94a0489a6b836ae41be0818b8e690
flat;Елена Вишнякова;realtor;sale;Калининский;9;13;19/3;Новосибирск;6750000;Сосновый бор;1; Богдана Хмельницкого;36.0;Заельцовская;https://novosibirsk.cian.ru/sale/flat/322740511/?mlSearchSessionGuid=e0f94a0489a6b836ae41be0818b8e690
flat;ЖИЛФОНД;real_estate_agent;sale;Ленинский;5;16;71Б;Новосибирск;6850000;;1; Блюхера;36.9;Студенческая;https://novosibirsk.cian.ru/sale/flat/326179870/?mlSearchSessionGuid=e0f94a0489a6b836ae41be0818b8e690
flat;ЖИЛФОНД;real_estate_agent;sale;Заельцовский;12;18;56;Новосибирск;6800000;;1;Плановая ;22.0;Заельцовская;https://novosibirsk.cian.ru/sale/flat/325389494/?mlSearchSessionGuid=e0f94a0489a6b836ae41be0818b8e690
flat;ЖИЛФОНД;real_estate_agent;sale;Ленинский;3;9;14;Новосибирск;6800000;;1;Тихвинская ;42.4;Площадь Маркса;https://novosibirsk.cian.ru/sale/flat/322573909/?mlSearchSessionGuid=e0f94a0489a6b836ae41be0818b8e690
flat;ЖИЛФОНД;real_estate_agent;sale;Кировский;6;9;41/1;Новосибирск;6890000;;1; Ватутина;40.1;Площадь Маркса;https://novosibirsk.cian.ru/sale/flat/325303486/?mlSearchSessionGuid=e0f94a0489a6b836ae41be0818b8e690
flat;ЖИЛФОНД;real_estate_agent;sale;Октябрьский;16;17;225;Новосибирск;6800000;Столичный;1; Кирова;37.2;Речной вокзал;https://novosibirsk.cian.ru/sale/flat/327078878/?mlSearchSessionGuid=e0f94a0489a6b836ae41be0818b8e690
flat;ПАРТНЕР;real_estate_agent;sale;Ленинский;3;17;106/3;Новосибирск;6860000;Новый горизонт;1;Рельефная ;39.2;Студенческая;https://novosibirsk.cian.ru/sale/flat/326836945/?mlSearchSessionGuid=e0f94a0489a6b836ae41be0818b8e690
flat;Алексей Шерин;realtor;sale;Заельцовский;9;10;232;Новосибирск;6800000;;1;Красный проспект;40.2;Заельцовская;https://novosibirsk.cian.ru/sale/flat/325532797/?mlSearchSessionGuid=e0f94a0489a6b836ae41be0818b8e690
flat;Родники;real_estate_agent;sale;Железнодорожный;2;9;87;Новосибирск;6890000;;1; 1905 года;33.0;Гагаринская;https://novosibirsk.cian.ru/sale/flat/326201421/?mlSearchSessionGuid=e0f94a0489a6b836ae41be0818b8e690
flat;Калининское;real_estate_agent;sale;Октябрьский;2;8;с48;Новосибирск;6800000;мкр. Европейский Берег;1;Большевистская ;43.06;Октябрьская;https://novosibirsk.cian.ru/sale/flat/321154160/?mlSearchSessionGuid=e0f94a0489a6b836ae41be0818b8e690
flat;Первая риэлторская компания;real_estate_agent;sale;Дзержинский;11;26;260/1;Новосибирск;6800000;Дом на Золотой Ниве;1; Бориса Богаткова;33.0;Золотая Нива;https://novosibirsk.cian.ru/sale/flat/325347047/?mlSearchSessionGuid=e0f94a0489a6b836ae41be0818b8e690
flat;METRAGE;real_estate_agent;sale;Кировский;7;25;3;Новосибирск;6800000;На Коротаева;1; Сержанта Коротаева;41.1;Площадь Маркса;https://novosibirsk.cian.ru/sale/flat/318766397/?mlSearchSessionGuid=e0f94a0489a6b836ae41be0818b8e690
flat;Владис Центральное;real_estate_agent;sale;Октябрьский;12;18;10;Новосибирск;6800000;Выборная-Рябиновая;1;Рябиновая ;47.05;Речной вокзал;https://novosibirsk.cian.ru/sale/flat/321761050/?mlSearchSessionGuid=e0f94a0489a6b836ae41be0818b8e690
flat;НОВО-НИКОЛАЕВСКЪ-НСК;real_estate_agent;sale;Дзержинский;4;16;27/1;Новосибирск;6890000;;1; Адриена Лежена;40.6;Золотая Нива;https://novosibirsk.cian.ru/sale/flat/325705441/?mlSearchSessionGuid=e0f94a0489a6b836ae41be0818b8e690
flat;Новактив;real_estate_agent;sale;Октябрьский;20;25;67;Новосибирск;6800000;Квартал Притяжение;1; Никитина;41.5;Октябрьская;https://novosibirsk.cian.ru/sale/flat/323874992/?mlSearchSessionGuid=e0f94a0489a6b836ae41be0818b8e690
flat;Всем Квартиру;real_estate_agent;sale;Ленинский;7;25;40/3;Новосибирск;6800000;по ул. Костычева 40/3;1; Костычева;38.9;Площадь Маркса;https://novosibirsk.cian.ru/sale/flat/326427735/?mlSearchSessionGuid=e0f94a0489a6b836ae41be0818b8e690
flat;НСК-top;real_estate_agent;sale;Заельцовский;7;23;1;Новосибирск;6840000;LUNA;1; Ляпидевского;35.5;Заельцовская;https://novosibirsk.cian.ru/sale/flat/324059521/?mlSearchSessionGuid=e0f94a0489a6b836ae41be0818b8e690
flat;Дмитрий Иванов;realtor;sale;Октябрьский;13;26;11;Новосибирск;6800000;Эльбрус;1; Шевченко;31.0;Октябрьская;https://novosibirsk.cian.ru/sale/flat/326447897/?mlSearchSessionGuid=e0f94a0489a6b836ae41be0818b8e690
flat;ЖИЛФОНД;real_estate_agent;sale;Октябрьский;4;17;225;Новосибирск;6900000;Столичный;1; Кирова;37.8;Речной вокзал;https://novosibirsk.cian.ru/sale/flat/323117574/?mlSearchSessionGuid=e0f94a0489a6b836ae41be0818b8e690
flat;ЖИЛФОНД;real_estate_agent;sale;Центральный;1;10;82;Новосибирск;6900000;;1; Писарева;39.4;Маршала Покрышкина;https://novosibirsk.cian.ru/sale/flat/319171628/?mlSearchSessionGuid=e0f94a0489a6b836ae41be0818b8e690
flat;Вместе;real_estate_agent;sale;Октябрьский;16;26;11;Новосибирск;6900000;Эльбрус;1; Шевченко;31.0;Октябрьская;https://novosibirsk.cian.ru/sale/flat/327067563/?mlSearchSessionGuid=e0f94a0489a6b836ae41be0818b8e690
flat;КВАРТЭН;real_estate_agent;sale;Калининский;14;14;11;Новосибирск;6900000;;1; Менделеева;41.0;Заельцовская;https://novosibirsk.cian.ru/sale/flat/326423467/?mlSearchSessionGuid=e0f94a0489a6b836ae41be0818b8e690
flat;Квартирный портал;real_estate_agent;sale;Заельцовский;2;24;220;Новосибирск;6900000;Нобель;1;Красный проспект;28.7;Заельцовская;https://novosibirsk.cian.ru/sale/flat/321607471/?mlSearchSessionGuid=e0f94a0489a6b836ae41be0818b8e690
flat;Кабинет Риелторских Услуг;real_estate_agent;sale;Заельцовский;9;19;49/1;Новосибирск;6900000;Нормандия-Неман;1; Аэропорт;51.7;Заельцовская;https://novosibirsk.cian.ru/sale/flat/318275866/?mlSearchSessionGuid=e0f94a0489a6b836ae41be0818b8e690
flat;Города Новосибирск;real_estate_agent;sale;Заельцовский;1;25;52;Новосибирск;6950000;Чкалов;1;Светлановская ;43.0;Заельцовская;https://novosibirsk.cian.ru/sale/flat/326655414/?mlSearchSessionGuid=e0f94a0489a6b836ae41be0818b8e690
flat;Самолет Плюс Центр;real_estate_agent;sale;Октябрьский;3;27;13;Новосибирск;6990000;Закаменский-13;1;Закаменский мкр;42.7;Березовая Роща;https://novosibirsk.cian.ru/sale/flat/324471728/?mlSearchSessionGuid=e0f94a0489a6b836ae41be0818b8e690
flat;ЖИЛФОНД;real_estate_agent;sale;Октябрьский;4;10;26/1;Новосибирск;6950000;мкр. Европейский Берег;1; Владимира Заровного;36.2;Речной вокзал;https://novosibirsk.cian.ru/sale/flat/324913286/?mlSearchSessionGuid=e0f94a0489a6b836ae41be0818b8e690
flat;ЖИЛФОНД;real_estate_agent;sale;Заельцовский;12;25;3/1;Новосибирск;6980000;LEO;1;Кавалерийская ;39.4;Заельцовская;https://novosibirsk.cian.ru/sale/flat/326928714/?mlSearchSessionGuid=e0f94a0489a6b836ae41be0818b8e690
flat;ЖИЛФОНД;real_estate_agent;sale;Октябрьский;2;25;113/2;Новосибирск;6990000;IQ Aparts;1; Кирова;50.9;Октябрьская;https://novosibirsk.cian.ru/sale/flat/311959588/?mlSearchSessionGuid=e0f94a0489a6b836ae41be0818b8e690
flat;Марина Кардаш;realtor;sale;Октябрьский;14;17;1;Новосибирск;6950000;Ваш выбор;1;Вилюйская ;42.0;Речной вокзал;https://novosibirsk.cian.ru/sale/flat/327001485/?mlSearchSessionGuid=e0f94a0489a6b836ae41be0818b8e690
flat;Domstore;real_estate_agent;sale;Ленинский;4;17;3;Новосибирск;6999000;;1; Ясный Берег;39.7;Красный Проспект;https://novosibirsk.cian.ru/sale/flat/323550749/?mlSearchSessionGuid=e0f94a0489a6b836ae41be0818b8e690
flat;Новый Адрес;real_estate_agent;sale;Железнодорожный;4;9;5;Новосибирск;6990000;;1; Вокзальная магистраль;29.5;Площадь Гарина-Михайловского;https://novosibirsk.cian.ru/sale/flat/325616320/?mlSearchSessionGuid=e0f94a0489a6b836ae41be0818b8e690
flat;Всем Квартиру;real_estate_agent;sale;Ленинский;4;24;19;Новосибирск;6950000;КрымSKY;1; Пархоменко;36.7;Площадь Маркса;https://novosibirsk.cian.ru/sale/flat/326427733/?mlSearchSessionGuid=e0f94a0489a6b836ae41be0818b8e690
flat;Недвижимость на Красном;real_estate_agent;sale;Заельцовский;2;24;101;Новосибирск;6970000;;1;Сухарная ;45.0;Площадь Гарина-Михайловского;https://novosibirsk.cian.ru/sale/flat/324525796/?mlSearchSessionGuid=e0f94a0489a6b836ae41be0818b8e690
flat;Хорошие люди;real_estate_agent;sale;Железнодорожный;8;25;15/1;Новосибирск;6963000;Джет;1;Железнодорожная ;33.6;Гагаринская;https://novosibirsk.cian.ru/sale/flat/325335550/?mlSearchSessionGuid=e0f94a0489a6b836ae41be0818b8e690
flat;ПРОЕКТ;real_estate_agent;sale;Ленинский;16;25;40/3;Новосибирск;6950000;по ул. Костычева 40/3;1; Костычева;38.6;Площадь Маркса;https://novosibirsk.cian.ru/sale/flat/320936744/?mlSearchSessionGuid=e0f94a0489a6b836ae41be0818b8e690
flat;СМК-недвижимость;real_estate_agent;sale;Кировский;12;25;122/4;Новосибирск;6999000;по ул. Немировича-Данченко, 122;1; Немировича-Данченко;34.9;Площадь Маркса;https://novosibirsk.cian.ru/sale/flat/323697752/?mlSearchSessionGuid=e0f94a0489a6b836ae41be0818b8e690
flat;ЖИЛФОНД;real_estate_agent;sale;Октябрьский;6;14;46;Новосибирск;7000000;;1; Восход;36.2;Октябрьская;https://novosibirsk.cian.ru/sale/flat/326467048/?mlSearchSessionGuid=e0f94a0489a6b836ae41be0818b8e690
flat;ЖИЛФОНД;real_estate_agent;sale;Октябрьский;10;23;10;Новосибирск;7000000;;1; Владимира Заровного;28.2;Октябрьская;https://novosibirsk.cian.ru/sale/flat/326368566/?mlSearchSessionGuid=e0f94a0489a6b836ae41be0818b8e690
flat;Марина Прилуцких;realtor;sale;Ленинский;2;17;78;Новосибирск;7000000;;1;;51.7;Студенческая;https://novosibirsk.cian.ru/sale/flat/327061295/?mlSearchSessionGuid=e0f94a0489a6b836ae41be0818b8e690
flat;Квартирный портал;real_estate_agent;sale;Ленинский;12;12;38;Новосибирск;7000000;;1;Вертковская ;42.7;Площадь Маркса;https://novosibirsk.cian.ru/sale/flat/327058484/?mlSearchSessionGuid=e0f94a0489a6b836ae41be0818b8e690
flat;МакроМир;real_estate_agent;sale;Дзержинский;10;10;10/3;Новосибирск;7000000;;1; Адриена Лежена;41.5;Золотая Нива;https://novosibirsk.cian.ru/sale/flat/325766172/?mlSearchSessionGuid=e0f94a0489a6b836ae41be0818b8e690
flat;ЛЕГКО;real_estate_agent;sale;Октябрьский;5;25;122;Новосибирск;7090000;Оазис;1;Покатная ;38.2;Октябрьская;https://novosibirsk.cian.ru/sale/flat/326679996/?mlSearchSessionGuid=e0f94a0489a6b836ae41be0818b8e690
flat;ДОКТОР КЛЮЧ;real_estate_agent;sale;Октябрьский;6;17;118;Новосибирск;7000000;мкр. Европейский Берег;1;Большевистская ;36.3;Речной вокзал;https://novosibirsk.cian.ru/sale/flat/326069638/?mlSearchSessionGuid=e0f94a0489a6b836ae41be0818b8e690
flat;НИАН;real_estate_agent;sale;Октябрьский;2;17;16;Новосибирск;7000000;Закаменский-16;1;Закаменский мкр;34.8;Березовая Роща;https://novosibirsk.cian.ru/sale/flat/325861353/?mlSearchSessionGuid=e0f94a0489a6b836ae41be0818b8e690
flat;АльянсРиэлт;real_estate_agent;sale;Ленинский;2;16;86;Новосибирск;7000000;;1;;40.3;Студенческая;https://novosibirsk.cian.ru/sale/flat/326626731/?mlSearchSessionGuid=e0f94a0489a6b836ae41be0818b8e690
flat;НОВО-НСК;real_estate_agent;sale;Ленинский;5;11;29;Новосибирск;7000000;Тихвинский Квартал;1; Титова;47.0;Площадь Маркса;https://novosibirsk.cian.ru/sale/flat/326365293/?mlSearchSessionGuid=e0f94a0489a6b836ae41be0818b8e690
flat;КвартЛаб;real_estate_agent;sale;Ленинский;2;26;16;Новосибирск;7000000;Город у воды Ясный Берег;1; Ясный Берег;41.0;Площадь Гарина-Михайловского;https://novosibirsk.cian.ru/sale/flat/320851870/?mlSearchSessionGuid=e0f94a0489a6b836ae41be0818b8e690
flat;СИБИРЬ-НЕДВИЖИМОСТЬ;real_estate_agent;sale;Калининский;16;21;14/3;Новосибирск;7000000;;1; 25 лет Октября;36.6;Березовая Роща;https://novosibirsk.cian.ru/sale/flat/301809783/?mlSearchSessionGuid=e0f94a0489a6b836ae41be0818b8e690
flat;Планета-А;real_estate_agent;sale;Железнодорожный;7;9;18;Новосибирск;7000000;;1; 1905 года;33.0;Площадь Гарина-Михайловского;https://novosibirsk.cian.ru/sale/flat/325006666/?mlSearchSessionGuid=e0f94a0489a6b836ae41be0818b8e690
flat;ID 24362135;real_estate_agent;sale;Железнодорожный;17;26;42;Новосибирск;7000000;Сибирская 42;1;Сибирская ;28.9;Площадь Гарина-Михайловского;https://novosibirsk.cian.ru/sale/flat/327089693/?mlSearchSessionGuid=e0f94a0489a6b836ae41be0818b8e690
flat;Иван Плахута;realtor;sale;Октябрьский;6;20;82;Новосибирск;7049999;Дом по ул. Обская, 82;1;Обская ;45.8;Речной вокзал;https://novosibirsk.cian.ru/sale/flat/309906115/?mlSearchSessionGuid=e0f94a0489a6b836ae41be0818b8e690
flat;ЖИЛФОНД;real_estate_agent;sale;Октябрьский;13;21;61;Новосибирск;7100000;по ул. Зыряновская;1;Зыряновская ;32.7;Речной вокзал;https://novosibirsk.cian.ru/sale/flat/325658713/?mlSearchSessionGuid=e0f94a0489a6b836ae41be0818b8e690
flat;АльянсРиэлт;real_estate_agent;sale;Ленинский;7;10;61/1;Новосибирск;7100000;;1; Блюхера;40.7;Студенческая;https://novosibirsk.cian.ru/sale/flat/326054678/?mlSearchSessionGuid=e0f94a0489a6b836ae41be0818b8e690
flat;НОВО-НИКОЛАЕВСКЪ-НСК;real_estate_agent;sale;Заельцовский;4;9;2/3;Новосибирск;7100000;;1;Ельцовская ;46.0;Площадь Гарина-Михайловского;https://novosibirsk.cian.ru/sale/flat/322864756/?mlSearchSessionGuid=e0f94a0489a6b836ae41be0818b8e690
flat;Квартирный портал;real_estate_agent;sale;Ленинский;19;19;1;Новосибирск;7100000;Радужный каскад;1;Стартовая ;34.0;Спортивная;https://novosibirsk.cian.ru/sale/flat/315077137/?mlSearchSessionGuid=e0f94a0489a6b836ae41be0818b8e690
flat;Своя Высота;real_estate_agent;sale;Центральный;5;5;7;Новосибирск;7100000;;1;Трудовая ;43.8;Площадь Ленина;https://novosibirsk.cian.ru/sale/flat/326502787/?mlSearchSessionGuid=e0f94a0489a6b836ae41be0818b8e690
flat;Владис Центральное;real_estate_agent;sale;Октябрьский;11;25;55А;Новосибирск;7200000;На Покатной;1;Покатная ;35.2;Октябрьская;https://novosibirsk.cian.ru/sale/flat/326991750/?mlSearchSessionGuid=e0f94a0489a6b836ae41be0818b8e690
flat;Дельта;real_estate_agent;sale;Кировский;9;17;148/2;Новосибирск;7200000;Панорама;1; Немировича-Данченко;30.4;Спортивная;https://novosibirsk.cian.ru/sale/flat/325159455/?mlSearchSessionGuid=e0f94a0489a6b836ae41be0818b8e690
flat;METRAGE;real_estate_agent;sale;Заельцовский;1;6;4;Новосибирск;7200000;;1;Овражная ;42.0;Заельцовская;https://novosibirsk.cian.ru/sale/flat/322727392/?mlSearchSessionGuid=e0f94a0489a6b836ae41be0818b8e690
flat;METRAGE;real_estate_agent;sale;Центральный;20;24;102/1;Новосибирск;7200000;Pegas;1; Писарева;40.13;Маршала Покрышкина;https://novosibirsk.cian.ru/sale/flat/326264123/?mlSearchSessionGuid=e0f94a0489a6b836ae41be0818b8e690
flat;Владис Центральное;real_estate_agent;sale;Советский;3;4;13;Новосибирск;7200000;;1; Академическая;32.2;;https://novosibirsk.cian.ru/sale/flat/326769911/?mlSearchSessionGuid=e0f94a0489a6b836ae41be0818b8e690
flat;ЖИЛФОНД;real_estate_agent;sale;Железнодорожный;2;7;10А;Новосибирск;7280000;;1;Октябрьская ;35.6;Площадь Ленина;https://novosibirsk.cian.ru/sale/flat/322025755/?mlSearchSessionGuid=e0f94a0489a6b836ae41be0818b8e690
flat;МакроМир;real_estate_agent;sale;Октябрьский;4;17;88;Новосибирск;7250000;мкр. Европейский Берег;1;Большевистская ;41.5;Речной вокзал;https://novosibirsk.cian.ru/sale/flat/326260607/?mlSearchSessionGuid=e0f94a0489a6b836ae41be0818b8e690
flat;ЖИЛФОНД;real_estate_agent;sale;Октябрьский;16;25;42;Новосибирск;7300000;мкр. Европейский Берег;1; Владимира Заровного;35.1;Речной вокзал;https://novosibirsk.cian.ru/sale/flat/326837703/?mlSearchSessionGuid=e0f94a0489a6b836ae41be0818b8e690
flat;ЖИЛФОНД;real_estate_agent;sale;Ленинский;10;22;8;Новосибирск;7300000;Сад Кирова;1;площадь Райсовета;39.5;Площадь Маркса;https://novosibirsk.cian.ru/sale/flat/326068964/?mlSearchSessionGuid=e0f94a0489a6b836ae41be0818b8e690
flat;ЖИЛФОНД;real_estate_agent;sale;Заельцовский;11;24;25;Новосибирск;7300000;Дианит;1;Кавалерийская ;38.8;Гагаринская;https://novosibirsk.cian.ru/sale/flat/322491557/?mlSearchSessionGuid=e0f94a0489a6b836ae41be0818b8e690
flat;Ново-Николаевскъ;real_estate_agent;sale;Заельцовский;1;10;18/3;Новосибирск;7300000;;1;Холодильная ;51.0;Заельцовская;https://novosibirsk.cian.ru/sale/flat/326654325/?mlSearchSessionGuid=e0f94a0489a6b836ae41be0818b8e690
flat;МакроМир;real_estate_agent;sale;Ленинский;12;16;5;Новосибирск;7300000;;1; Дружбы;52.8;Площадь Маркса;https://novosibirsk.cian.ru/sale/flat/314648480/?mlSearchSessionGuid=e0f94a0489a6b836ae41be0818b8e690
flat;ЖИЛФОНД;real_estate_agent;sale;Октябрьский;7;8;14;Новосибирск;7400000;Дом на Федосеева;1; Федосеева;40.1;Золотая Нива;https://novosibirsk.cian.ru/sale/flat/321054511/?mlSearchSessionGuid=e0f94a0489a6b836ae41be0818b8e690
flat;Новактив;real_estate_agent;sale;Заельцовский;16;25;52/1;Новосибирск;7350000;Чкалов;1;Светлановская ;43.0;Заельцовская;https://novosibirsk.cian.ru/sale/flat/323827580/?mlSearchSessionGuid=e0f94a0489a6b836ae41be0818b8e690
flat;Rialtor Group;real_estate_agent;sale;Первомайский;4;17;3/1;Новосибирск;7350000;;1; Баумана;54.3;Речной вокзал;https://novosibirsk.cian.ru/sale/flat/326945127/?mlSearchSessionGuid=e0f94a0489a6b836ae41be0818b8e690
flat;Созвездие Весов;real_estate_agent;sale;Советский;2;9;6;Новосибирск;7400000;;1; Терешковой;29.3;;https://novosibirsk.cian.ru/sale/flat/324471001/?mlSearchSessionGuid=e0f94a0489a6b836ae41be0818b8e690
flat;НСК-top;real_estate_agent;sale;Октябрьский;2;6;108/1;Новосибирск;7400000;;1; Кирова;46.0;Октябрьская;https://novosibirsk.cian.ru/sale/flat/324947060/?mlSearchSessionGuid=e0f94a0489a6b836ae41be0818b8e690
flat;ГРАНОВИТ;real_estate_agent;sale;Октябрьский;8;12;2;Новосибирск;7400000;;1; Федосеева;49.0;Золотая Нива;https://novosibirsk.cian.ru/sale/flat/316920304/?mlSearchSessionGuid=e0f94a0489a6b836ae41be0818b8e690
flat;Иван Плахута;realtor;sale;Октябрьский;19;25;274;Новосибирск;7390000;Smart Avenue;1; Кирова;39.6;Речной вокзал;https://novosibirsk.cian.ru/sale/flat/323827352/?mlSearchSessionGuid=e0f94a0489a6b836ae41be0818b8e690
flat;Своя Высота;real_estate_agent;sale;Октябрьский;4;10;126;Новосибирск;7350000;мкр. Европейский Берег;1;Большевистская ;35.3;Речной вокзал;https://novosibirsk.cian.ru/sale/flat/324730992/?mlSearchSessionGuid=e0f94a0489a6b836ae41be0818b8e690
flat;ЖИЛФОНД;real_estate_agent;sale;Октябрьский;18;23;53;Новосибирск;7500000;Комета-Октябрьский;1;2-я Воинская ;38.4;Золотая Нива;https://novosibirsk.cian.ru/sale/flat/325644350/?mlSearchSessionGuid=e0f94a0489a6b836ae41be0818b8e690
flat;ЖИЛФОНД;real_estate_agent;sale;Кировский;7;17;148/1;Новосибирск;7500000;Панорама;1; Немировича-Данченко;30.9;Студенческая;https://novosibirsk.cian.ru/sale/flat/324902788/?mlSearchSessionGuid=e0f94a0489a6b836ae41be0818b8e690
flat;ЖИЛФОНД;real_estate_agent;sale;Заельцовский;2;25;52;Новосибирск;7500000;Чкалов;1;Светлановская ;40.6;Заельцовская;https://novosibirsk.cian.ru/sale/flat/323935355/?mlSearchSessionGuid=e0f94a0489a6b836ae41be0818b8e690
flat;ЖИЛФОНД;real_estate_agent;sale;Центральный;8;25;50;Новосибирск;7500000;Державина 50;1; Державина;22.7;Маршала Покрышкина;https://novosibirsk.cian.ru/sale/flat/322533194/?mlSearchSessionGuid=e0f94a0489a6b836ae41be0818b8e690
flat;ЖИЛФОНД;real_estate_agent;sale;Октябрьский;17;25;177;Новосибирск;7500000;Гурьевский;1;Гурьевская ;37.6;Золотая Нива;https://novosibirsk.cian.ru/sale/flat/325245767/?mlSearchSessionGuid=e0f94a0489a6b836ae41be0818b8e690
flat;Домофонд;real_estate_agent;sale;Центральный;12;13;71;Новосибирск;7500000;Апарт-комплекс Bon Apart;1;Ядринцевская ;38.9;Площадь Ленина;https://novosibirsk.cian.ru/sale/flat/289208832/?mlSearchSessionGuid=e0f94a0489a6b836ae41be0818b8e690
flat;ЛЕГКО;real_estate_agent;sale;Заельцовский;7;17;49;Новосибирск;7500000;Нормандия-Неман;1; Аэропорт;39.0;Заельцовская;https://novosibirsk.cian.ru/sale/flat/327027478/?mlSearchSessionGuid=e0f94a0489a6b836ae41be0818b8e690
flat;Борис Бадмаев;realtor;sale;Дзержинский;3;14;195/1;Новосибирск;7590000;Галактика;1; Николая Островского;42.2;Березовая Роща;https://novosibirsk.cian.ru/sale/flat/326687002/?mlSearchSessionGuid=e0f94a0489a6b836ae41be0818b8e690
flat;DOMaSTROY;real_estate_agent;sale;Железнодорожный;9;9;7;Новосибирск;7500000;;1; Революции;33.0;Площадь Ленина;https://novosibirsk.cian.ru/sale/flat/325986580/?mlSearchSessionGuid=e0f94a0489a6b836ae41be0818b8e690
flat;Владис Центральное;real_estate_agent;sale;Ленинский;7;16;3/2;Новосибирск;7500000;;1; Котовского;39.7;Площадь Маркса;https://novosibirsk.cian.ru/sale/flat/326645973/?mlSearchSessionGuid=e0f94a0489a6b836ae41be0818b8e690
flat;НОВО-НИКОЛАЕВСКЪ-НСК;real_estate_agent;sale;Октябрьский;17;25;154;Новосибирск;7500000;Марсель;1;2-я Обская ;28.8;Речной вокзал;https://novosibirsk.cian.ru/sale/flat/312066423/?mlSearchSessionGuid=e0f94a0489a6b836ae41be0818b8e690
flat;НСК-top;real_estate_agent;sale;Заельцовский;7;24;236;Новосибирск;7500000;Клубный комплекс ;1;Красный проспект;37.2;Заельцовская;https://novosibirsk.cian.ru/sale/flat/326171195/?mlSearchSessionGuid=e0f94a0489a6b836ae41be0818b8e690
flat;Кабинет Риелторских Услуг;real_estate_agent;sale;Заельцовский;10;19;49/1;Новосибирск;7500000;Нормандия-Неман;1; Аэропорт;46.1;Заельцовская;https://novosibirsk.cian.ru/sale/flat/318276046/?mlSearchSessionGuid=e0f94a0489a6b836ae41be0818b8e690
flat;ID 92899830;realtor;sale;Железнодорожный;12;25;65/2;Новосибирск;7500000;Чернышевский;1;Фабричная ;32.8;Площадь Гарина-Михайловского;https://novosibirsk.cian.ru/sale/flat/325674147/?mlSearchSessionGuid=e0f94a0489a6b836ae41be0818b8e690
flat;Кристина Карабанова;realtor;sale;Заельцовский;6;30;105/1;Новосибирск;7550000;Бирюзовая жемчужина-2;1;Сухарная ;44.52;Площадь Гарина-Михайловского;https://novosibirsk.cian.ru/sale/flat/324149159/?mlSearchSessionGuid=e0f94a0489a6b836ae41be0818b8e690
flat;ЖИЛФОНД;real_estate_agent;sale;Октябрьский;9;18;18;Новосибирск;7630000;;1;Военная ;44.0;Октябрьская;https://novosibirsk.cian.ru/sale/flat/325668059/?mlSearchSessionGuid=e0f94a0489a6b836ae41be0818b8e690
flat;ЖИЛФОНД;real_estate_agent;sale;Октябрьский;19;25;56;Новосибирск;7600000;;1; Толстого;38.4;Октябрьская;https://novosibirsk.cian.ru/sale/flat/305621741/?mlSearchSessionGuid=e0f94a0489a6b836ae41be0818b8e690
flat;ЖИЛФОНД;real_estate_agent;sale;Заельцовский;10;18;88;Новосибирск;7700000;Авиатор;1; Аэропорт;32.0;Заельцовская;https://novosibirsk.cian.ru/sale/flat/326298817/?mlSearchSessionGuid=e0f94a0489a6b836ae41be0818b8e690
flat;КВАРТЛАЙФ ГРУПП;real_estate_agent;sale;Октябрьский;3;18;88;Новосибирск;7690000;мкр. Европейский Берег;1;Большевистская ;51.5;Речной вокзал;https://novosibirsk.cian.ru/sale/flat/322820019/?mlSearchSessionGuid=e0f94a0489a6b836ae41be0818b8e690
flat;Всем Квартиру;real_estate_agent;sale;Октябрьский;11;25;12;Новосибирск;7690000;Сакура Парк;1;Ипподромская ;42.0;Октябрьская;https://novosibirsk.cian.ru/sale/flat/324213027/?mlSearchSessionGuid=e0f94a0489a6b836ae41be0818b8e690
flat;ЖИЛФОНД;real_estate_agent;sale;Заельцовский;4;14;17;Новосибирск;7800000;;1; Галущака;33.2;Гагаринская;https://novosibirsk.cian.ru/sale/flat/326109840/?mlSearchSessionGuid=e0f94a0489a6b836ae41be0818b8e690
flat;ЖИЛФОНД;real_estate_agent;sale;Октябрьский;2;10;132;Новосибирск;7800000;мкр. Европейский Берег;1;Большевистская ;42.6;Речной вокзал;https://novosibirsk.cian.ru/sale/flat/326303988/?mlSearchSessionGuid=e0f94a0489a6b836ae41be0818b8e690
flat;Ключи;real_estate_agent;sale;Октябрьский;17;25;23;Новосибирск;7800000;Оазис;1; Лескова;39.3;Октябрьская;https://novosibirsk.cian.ru/sale/flat/324178680/?mlSearchSessionGuid=e0f94a0489a6b836ae41be0818b8e690
flat;МакроМир;real_estate_agent;sale;Октябрьский;9;20;340;Новосибирск;7750000;BALANCE;1;Ленинградская ;49.7;Речной вокзал;https://novosibirsk.cian.ru/sale/flat/326260684/?mlSearchSessionGuid=e0f94a0489a6b836ae41be0818b8e690
flat;Мегаполис;real_estate_agent;sale;Октябрьский;13;17;35;Новосибирск;7800000;Никольский Парк;1; Гаранина;34.9;Золотая Нива;https://novosibirsk.cian.ru/sale/flat/324797213/?mlSearchSessionGuid=e0f94a0489a6b836ae41be0818b8e690
flat;PRO Недвижимость;real_estate_agent;sale;Октябрьский;5;21;22/2;Новосибирск;7800000;Пифагор;1; Кошурникова;34.2;Березовая Роща;https://novosibirsk.cian.ru/sale/flat/326379467/?mlSearchSessionGuid=e0f94a0489a6b836ae41be0818b8e690
flat;Планета Недвижимости -подразделение ООО Лаки;real_estate_agent;sale;Заельцовский;6;18;88;Новосибирск;7800000;Авиатор;1; Аэропорт;46.1;Заельцовская;https://novosibirsk.cian.ru/sale/flat/312139533/?mlSearchSessionGuid=e0f94a0489a6b836ae41be0818b8e690
flat;Планета Недвижимости -подразделение ООО Лаки;real_estate_agent;sale;Кировский;5;14;143/2;Новосибирск;7800000;;1; Немировича-Данченко;39.9;Студенческая;https://novosibirsk.cian.ru/sale/flat/321749806/?mlSearchSessionGuid=e0f94a0489a6b836ae41be0818b8e690
flat;METRAGE;real_estate_agent;sale;Ленинский;4;13;;Новосибирск;7850000;Апартаменты АЭРОН;1;площадь Карла Маркса;36.96;Площадь Маркса;https://novosibirsk.cian.ru/sale/flat/323070932/?mlSearchSessionGuid=e0f94a0489a6b836ae41be0818b8e690
flat;METRAGE;real_estate_agent;sale;Центральный;14;25;20;Новосибирск;7880000;по ул. Фрунзе, 20;1; Фрунзе;38.2;Маршала Покрышкина;https://novosibirsk.cian.ru/sale/flat/324470085/?mlSearchSessionGuid=e0f94a0489a6b836ae41be0818b8e690
flat;ЖИЛФОНД;real_estate_agent;sale;Центральный;14;19;120;Новосибирск;7990000;На Островского;1; Николая Островского;46.1;Маршала Покрышкина;https://novosibirsk.cian.ru/sale/flat/326991220/?mlSearchSessionGuid=e0f94a0489a6b836ae41be0818b8e690
flat;ЖИЛФОНД;real_estate_agent;sale;Октябрьский;2;10;27;Новосибирск;7900000;На Тополевой;1;Тополевая ;37.3;Октябрьская;https://novosibirsk.cian.ru/sale/flat/324578177/?mlSearchSessionGuid=e0f94a0489a6b836ae41be0818b8e690
flat;Альфа Дом;real_estate_agent;sale;Дзержинский;3;25;260/1;Новосибирск;7999000;Дом на Золотой Ниве;1; Бориса Богаткова;41.0;Золотая Нива;https://novosibirsk.cian.ru/sale/flat/320941376/?mlSearchSessionGuid=e0f94a0489a6b836ae41be0818b8e690
flat;METRAGE;real_estate_agent;sale;Железнодорожный;3;10;4/1;Новосибирск;7990000;;1; Вокзальная магистраль;39.0;Площадь Гарина-Михайловского;https://novosibirsk.cian.ru/sale/flat/323405789/?mlSearchSessionGuid=e0f94a0489a6b836ae41be0818b8e690
flat;СИБИРЬ-НЕДВИЖИМОСТЬ;real_estate_agent;sale;Центральный;7;16;25/1;Новосибирск;7980000;На Трудовой;1;Трудовая ;30.0;Площадь Ленина;https://novosibirsk.cian.ru/sale/flat/323808337/?mlSearchSessionGuid=e0f94a0489a6b836ae41be0818b8e690
flat;Центр недвижимости и права;real_estate_agent;sale;Дзержинский;23;26;19;Новосибирск;8000000;Звезда;1; Королева;50.0;Березовая Роща;https://novosibirsk.cian.ru/sale/flat/324599459/?mlSearchSessionGuid=e0f94a0489a6b836ae41be0818b8e690
flat;PRO Недвижимость;real_estate_agent;sale;Дзержинский;6;10;20/2;Новосибирск;8000000;;1;Закаменский мкр;41.0;Березовая Роща;https://novosibirsk.cian.ru/sale/flat/323995750/?mlSearchSessionGuid=e0f94a0489a6b836ae41be0818b8e690
flat;Квартирный портал;real_estate_agent;sale;Дзержинский;10;29;21;Новосибирск;8000000;Менделеев;1;Закаменский мкр;41.96;Березовая Роща;https://novosibirsk.cian.ru/sale/flat/319705266/?mlSearchSessionGuid=e0f94a0489a6b836ae41be0818b8e690
flat;МакроМир;real_estate_agent;sale;Октябрьский;7;17;10к5;Новосибирск;8000000;Никитина;1; Никитина;48.0;Речной вокзал;https://novosibirsk.cian.ru/sale/flat/322176361/?mlSearchSessionGuid=e0f94a0489a6b836ae41be0818b8e690
flat;Калининское;real_estate_agent;sale;Заельцовский;6;6;79;Новосибирск;8000000;Премиум-квартал Новый Кедровый;1;Кедровая ;50.19;Заельцовская;https://novosibirsk.cian.ru/sale/flat/321922091/?mlSearchSessionGuid=e0f94a0489a6b836ae41be0818b8e690
flat;1Е;real_estate_agent;sale;Октябрьский;12;20;154;Новосибирск;8100000;Марсель;1;2-я Обская ;43.1;Спортивная;https://novosibirsk.cian.ru/sale/flat/325469251/?mlSearchSessionGuid=e0f94a0489a6b836ae41be0818b8e690
flat;ЖИЛФОНД;real_estate_agent;sale;Центральный;21;24;77/1;Новосибирск;8100000;;1; Державина;47.7;Березовая Роща;https://novosibirsk.cian.ru/sale/flat/320569915/?mlSearchSessionGuid=e0f94a0489a6b836ae41be0818b8e690
flat;METRAGE;real_estate_agent;sale;Октябрьский;14;25;55А;Новосибирск;8100000;На Покатной;1;Покатная ;36.2;Октябрьская;https://novosibirsk.cian.ru/sale/flat/327057336/?mlSearchSessionGuid=e0f94a0489a6b836ae41be0818b8e690
flat;МакроМир;real_estate_agent;sale;Октябрьский;11;25;12;Новосибирск;8100000;Сакура Парк;1;Ипподромская ;35.5;Октябрьская;https://novosibirsk.cian.ru/sale/flat/326503035/?mlSearchSessionGuid=e0f94a0489a6b836ae41be0818b8e690
flat;ПАРТНЕР;real_estate_agent;sale;Заельцовский;16;26;13;Новосибирск;8100000;;1;Северная ;39.0;Заельцовская;https://novosibirsk.cian.ru/sale/flat/326835731/?mlSearchSessionGuid=e0f94a0489a6b836ae41be0818b8e690
flat;Квартирный портал;real_estate_agent;sale;Железнодорожный;8;9;6;Новосибирск;8100000;Беринг;1; Прибрежная;46.2;Площадь Гарина-Михайловского;https://novosibirsk.cian.ru/sale/flat/298962218/?mlSearchSessionGuid=e0f94a0489a6b836ae41be0818b8e690
flat;Кабинет Риелторских Услуг;real_estate_agent;sale;Заельцовский;10;19;49/1;Новосибирск;8100000;Нормандия-Неман;1; Аэропорт;51.7;Заельцовская;https://novosibirsk.cian.ru/sale/flat/318275494/?mlSearchSessionGuid=e0f94a0489a6b836ae41be0818b8e690
flat;Жилсервис-НСК;real_estate_agent;sale;Центральный;4;4;15;Новосибирск;8100000;;1; Мичурина;53.0;Сибирская;https://novosibirsk.cian.ru/sale/flat/326051641/?mlSearchSessionGuid=e0f94a0489a6b836ae41be0818b8e690
flat;ЖИЛФОНД;real_estate_agent;sale;Калининский;9;24;9;Новосибирск;8200000;;1;Народная ;39.3;Заельцовская;https://novosibirsk.cian.ru/sale/flat/327020541/?mlSearchSessionGuid=e0f94a0489a6b836ae41be0818b8e690
flat;ЖИЛФОНД;real_estate_agent;sale;Центральный;14;17;73;Новосибирск;8200000;;1; Державина;46.2;Березовая Роща;https://novosibirsk.cian.ru/sale/flat/320238947/?mlSearchSessionGuid=e0f94a0489a6b836ae41be0818b8e690
flat;ЖИЛФОНД;real_estate_agent;sale;Октябрьский;9;25;6/1;Новосибирск;8200000;Марсель 2;1; Владимира Заровного;50.3;Речной вокзал;https://novosibirsk.cian.ru/sale/flat/319718163/?mlSearchSessionGuid=e0f94a0489a6b836ae41be0818b8e690
flat;ЖИЛФОНД;real_estate_agent;sale;Заельцовский;11;16;21/5;Новосибирск;8200000;;1;Дачная ;40.1;Заельцовская;https://novosibirsk.cian.ru/sale/flat/326933752/?mlSearchSessionGuid=e0f94a0489a6b836ae41be0818b8e690
flat;Альфа Дом;real_estate_agent;sale;Дзержинский;5;27;226;Новосибирск;8200000;;1; Фрунзе;43.0;Березовая Роща;https://novosibirsk.cian.ru/sale/flat/326656004/?mlSearchSessionGuid=e0f94a0489a6b836ae41be0818b8e690
flat;ЖИЛФОНД;real_estate_agent;sale;Заельцовский;9;23;248/1;Новосибирск;8300000;Заельцовский NEW;1; Дуси Ковальчук;37.6;Заельцовская;https://novosibirsk.cian.ru/sale/flat/312075186/?mlSearchSessionGuid=e0f94a0489a6b836ae41be0818b8e690
flat;Борис Бадмаев;realtor;sale;Центральный;11;25;49/1;Новосибирск;8300000;;1; Фрунзе;43.4;Маршала Покрышкина;https://novosibirsk.cian.ru/sale/flat/324257493/?mlSearchSessionGuid=e0f94a0489a6b836ae41be0818b8e690
flat;ЖИЛФОНД;real_estate_agent;sale;Калининский;21;25;9;Новосибирск;8450000;;1;Народная ;40.0;Заельцовская;https://novosibirsk.cian.ru/sale/flat/326330603/?mlSearchSessionGuid=e0f94a0489a6b836ae41be0818b8e690
flat;КВАРТЭН;real_estate_agent;sale;Заельцовский;4;10;10;Новосибирск;8400000;;1;Овражная ;46.0;Заельцовская;https://novosibirsk.cian.ru/sale/flat/327026165/?mlSearchSessionGuid=e0f94a0489a6b836ae41be0818b8e690
flat;ID 92899830;realtor;sale;Калининский;17;25;50;Новосибирск;8400000;Калининский-2;1;Ипподромская ;39.1;Березовая Роща;https://novosibirsk.cian.ru/sale/flat/325303340/?mlSearchSessionGuid=e0f94a0489a6b836ae41be0818b8e690
flat;ЖИЛФОНД;real_estate_agent;sale;Железнодорожный;5;16;1;Новосибирск;8500000;На Ивачёва;1; Дмитрия Шамшурина;41.1;Площадь Гарина-Михайловского;https://novosibirsk.cian.ru/sale/flat/326982088/?mlSearchSessionGuid=e0f94a0489a6b836ae41be0818b8e690
flat;ЖИЛФОНД;real_estate_agent;sale;Заельцовский;3;5;2/1;Новосибирск;8500000;;1;Дачное шоссе;37.7;Заельцовская;https://novosibirsk.cian.ru/sale/flat/323311085/?mlSearchSessionGuid=e0f94a0489a6b836ae41be0818b8e690
flat;ЖИЛФОНД;real_estate_agent;sale;Железнодорожный;3;25;42;Новосибирск;8500000;Сибирская 42;1;Сибирская ;38.8;Площадь Гарина-Михайловского;https://novosibirsk.cian.ru/sale/flat/326819027/?mlSearchSessionGuid=e0f94a0489a6b836ae41be0818b8e690
flat;ЖИЛФОНД;real_estate_agent;sale;Железнодорожный;23;26;85/1;Новосибирск;8500000;Зенит;1; 1905 года;38.9;Красный Проспект;https://novosibirsk.cian.ru/sale/flat/326677323/?mlSearchSessionGuid=e0f94a0489a6b836ae41be0818b8e690
flat;ЖИЛФОНД;real_estate_agent;sale;Центральный;13;25;49;Новосибирск;8500000;Фрунзе 49;1; Фрунзе;42.6;Маршала Покрышкина;https://novosibirsk.cian.ru/sale/flat/309910254/?mlSearchSessionGuid=e0f94a0489a6b836ae41be0818b8e690
flat;МакроМир;real_estate_agent;sale;Центральный;6;25;60/1;Новосибирск;8500000;;1; Романова;35.8;Площадь Ленина;https://novosibirsk.cian.ru/sale/flat/326282213/?mlSearchSessionGuid=e0f94a0489a6b836ae41be0818b8e690
flat;Агент Pro;real_estate_agent;sale;Кировский;23;24;143/2;Новосибирск;8500000;Кварталы Немировича;1; Немировича-Данченко;41.0;Студенческая;https://novosibirsk.cian.ru/sale/flat/326580771/?mlSearchSessionGuid=e0f94a0489a6b836ae41be0818b8e690
flat;Планета;real_estate_agent;sale;Заельцовский;15;27;2/4;Новосибирск;8500000;Верхний город;1; Залесского;45.3;Заельцовская;https://novosibirsk.cian.ru/sale/flat/326163395/?mlSearchSessionGuid=e0f94a0489a6b836ae41be0818b8e690
flat;Ключи;real_estate_agent;sale;Калининский;8;26;50;Новосибирск;8500000;Калининский-2;1;Ипподромская ;39.7;Березовая Роща;https://novosibirsk.cian.ru/sale/flat/326386984/?mlSearchSessionGuid=e0f94a0489a6b836ae41be0818b8e690
flat;Статус;real_estate_agent;sale;Центральный;12;17;93;Новосибирск;8500000;Мылзавод;1; Семьи Шамшиных;41.79;Маршала Покрышкина;https://novosibirsk.cian.ru/sale/flat/321632761/?mlSearchSessionGuid=e0f94a0489a6b836ae41be0818b8e690
flat;ЖИЛФОНД;real_estate_agent;sale;Центральный;4;21;47;Новосибирск;8550000;Родонит;1; Орджоникидзе;53.4;Площадь Ленина;https://novosibirsk.cian.ru/sale/flat/317233628/?mlSearchSessionGuid=e0f94a0489a6b836ae41be0818b8e690
flat;Кабинет Риелторских Услуг;real_estate_agent;sale;Заельцовский;15;19;49/1;Новосибирск;8600000;Нормандия-Неман;1; Аэропорт;51.2;Заельцовская;https://novosibirsk.cian.ru/sale/flat/318276657/?mlSearchSessionGuid=e0f94a0489a6b836ae41be0818b8e690
flat;ЖИЛФОНД;real_estate_agent;sale;Центральный;8;9;4;Новосибирск;8699000;;1; Семьи Шамшиных;63.7;Октябрьская;https://novosibirsk.cian.ru/sale/flat/323130883/?mlSearchSessionGuid=e0f94a0489a6b836ae41be0818b8e690
flat;ЖИЛФОНД;real_estate_agent;sale;Центральный;16;22;60;Новосибирск;8700000;Островский;1; Николая Островского;34.1;Маршала Покрышкина;https://novosibirsk.cian.ru/sale/flat/326638801/?mlSearchSessionGuid=e0f94a0489a6b836ae41be0818b8e690
flat;Планета Недвижимости -подразделение ООО Лаки;real_estate_agent;sale;Октябрьский;7;18;18;Новосибирск;8700000;;1;Нижегородская ;43.9;Октябрьская;https://novosibirsk.cian.ru/sale/flat/327074492/?mlSearchSessionGuid=e0f94a0489a6b836ae41be0818b8e690
flat;Сфера;real_estate_agent;sale;Железнодорожный;3;15;65/3;Новосибирск;8700000;Чернышевский;1;Фабричная ;35.8;Площадь Гарина-Михайловского;https://novosibirsk.cian.ru/sale/flat/306687256/?mlSearchSessionGuid=e0f94a0489a6b836ae41be0818b8e690
flat;Агент Pro;real_estate_agent;sale;Заельцовский;7;16;90;Новосибирск;8800000;Авиатор;1; Аэропорт;54.09;Заельцовская;https://novosibirsk.cian.ru/sale/flat/326908690/?mlSearchSessionGuid=e0f94a0489a6b836ae41be0818b8e690
flat;Сфера;real_estate_agent;sale;Октябрьский;5;21;31/4;Новосибирск;8950000;;1; Сакко и Ванцетти;41.4;Октябрьская;https://novosibirsk.cian.ru/sale/flat/326649718/?mlSearchSessionGuid=e0f94a0489a6b836ae41be0818b8e690
flat;Родники;real_estate_agent;sale;Заельцовский;4;26;73/1;Новосибирск;8900000;Кларус Парк;1; Тимирязева;48.1;Заельцовская;https://novosibirsk.cian.ru/sale/flat/326491646/?mlSearchSessionGuid=e0f94a0489a6b836ae41be0818b8e690
flat;Галеон;real_estate_agent;sale;Октябрьский;16;18;154;Новосибирск;8930000;Марсель;1;2-я Обская ;40.5;Речной вокзал;https://novosibirsk.cian.ru/sale/flat/324523199/?mlSearchSessionGuid=e0f94a0489a6b836ae41be0818b8e690
flat;НОВО-НИКОЛАЕВСКЪ-НСК;real_estate_agent;sale;Заельцовский;11;23;220;Новосибирск;8990000;Нобель;1;Красный проспект;37.6;Заельцовская;https://novosibirsk.cian.ru/sale/flat/294546723/?mlSearchSessionGuid=e0f94a0489a6b836ae41be0818b8e690
flat;Кристина Карабанова;realtor;sale;Заельцовский;9;16;220;Новосибирск;8950000;Нобель;1;Красный проспект;38.1;Заельцовская;https://novosibirsk.cian.ru/sale/flat/302832769/?mlSearchSessionGuid=e0f94a0489a6b836ae41be0818b8e690
flat;ПАЛИТРА;real_estate_agent;sale;Центральный;12;21;47;Новосибирск;9000000;Родонит;1; Орджоникидзе;60.0;Площадь Ленина;https://novosibirsk.cian.ru/sale/flat/326459335/?mlSearchSessionGuid=e0f94a0489a6b836ae41be0818b8e690
flat;МакроМир;real_estate_agent;sale;Заельцовский;5;17;49;Новосибирск;9000000;Нормандия-Неман;1; Аэропорт;38.9;Заельцовская;https://novosibirsk.cian.ru/sale/flat/326905890/?mlSearchSessionGuid=e0f94a0489a6b836ae41be0818b8e690
flat;ЖИЛФОНД;real_estate_agent;sale;Октябрьский;5;21;31/4;Новосибирск;9000000;;1; Сакко и Ванцетти;43.4;Октябрьская;https://novosibirsk.cian.ru/sale/flat/326179871/?mlSearchSessionGuid=e0f94a0489a6b836ae41be0818b8e690
flat;ЖИЛФОНД;real_estate_agent;sale;Железнодорожный;5;25;42;Новосибирск;9000000;Сибирская 42;1;Сибирская ;42.5;Площадь Гарина-Михайловского;https://novosibirsk.cian.ru/sale/flat/323128275/?mlSearchSessionGuid=e0f94a0489a6b836ae41be0818b8e690
flat;ЖИЛФОНД;real_estate_agent;sale;Центральный;13;18;90/5;Новосибирск;9000000;;1; Семьи Шамшиных;39.2;Маршала Покрышкина;https://novosibirsk.cian.ru/sale/flat/321025783/?mlSearchSessionGuid=e0f94a0489a6b836ae41be0818b8e690
flat;Планета;real_estate_agent;sale;Октябрьский;5;10;40;Новосибирск;9000000;;1; Сакко и Ванцетти;42.2;Речной вокзал;https://novosibirsk.cian.ru/sale/flat/321772535/?mlSearchSessionGuid=e0f94a0489a6b836ae41be0818b8e690
flat;Новактив;real_estate_agent;sale;Железнодорожный;7;20;65;Новосибирск;9000000;Чернышевский;1;Фабричная ;39.0;Площадь Гарина-Михайловского;https://novosibirsk.cian.ru/sale/flat/325085664/?mlSearchSessionGuid=e0f94a0489a6b836ae41be0818b8e690
flat;Формула недвижимости;real_estate_agent;sale;Дзержинский;5;17;195/3;Новосибирск;9000000;Галактика;1; Николая Островского;41.0;Березовая Роща;https://novosibirsk.cian.ru/sale/flat/325454777/?mlSearchSessionGuid=e0f94a0489a6b836ae41be0818b8e690
flat;Владис Центральное;real_estate_agent;sale;Октябрьский;10;16;6;Новосибирск;9100000;Инские Холмы;1; Маковского;35.3;Речной вокзал;https://novosibirsk.cian.ru/sale/flat/324577180/?mlSearchSessionGuid=e0f94a0489a6b836ae41be0818b8e690
flat;Rialtor Group;real_estate_agent;sale;Кировский;13;16;146/1;Новосибирск;9200000;Дом на Немировича;1; Немировича-Данченко;38.7;Студенческая;https://novosibirsk.cian.ru/sale/flat/319266322/?mlSearchSessionGuid=e0f94a0489a6b836ae41be0818b8e690
flat;Дельта;real_estate_agent;sale;Советский;2;4;9;Новосибирск;9400000;;1;проспект Морской;30.2;;https://novosibirsk.cian.ru/sale/flat/325466413/?mlSearchSessionGuid=e0f94a0489a6b836ae41be0818b8e690
flat;Вместе;real_estate_agent;sale;Центральный;15;20;40/1;Новосибирск;9400000;Дом у метро Покрышкина;1; Гоголя;55.0;Маршала Покрышкина;https://novosibirsk.cian.ru/sale/flat/325542116/?mlSearchSessionGuid=e0f94a0489a6b836ae41be0818b8e690
flat;Сфера;real_estate_agent;sale;Октябрьский;4;22;154;Новосибирск;9350000;Марсель;1;2-я Обская ;51.0;Спортивная;https://novosibirsk.cian.ru/sale/flat/325244095/?mlSearchSessionGuid=e0f94a0489a6b836ae41be0818b8e690
flat;ЖИЛФОНД;real_estate_agent;sale;Дзержинский;21;26;22;Новосибирск;9450000;Дом на березовой роще;1; Кошурникова;43.2;Березовая Роща;https://novosibirsk.cian.ru/sale/flat/326320453/?mlSearchSessionGuid=e0f94a0489a6b836ae41be0818b8e690
flat;Люди;real_estate_agent;sale;Заельцовский;3;25;248/1;Новосибирск;9500000;Заельцовский NEW;1; Дуси Ковальчук;52.0;Заельцовская;https://novosibirsk.cian.ru/sale/flat/326063528/?mlSearchSessionGuid=e0f94a0489a6b836ae41be0818b8e690
flat;METRAGE;real_estate_agent;sale;Октябрьский;6;14;78;Новосибирск;9460000;;1;Гурьевская ;62.1;Октябрьская;https://novosibirsk.cian.ru/sale/flat/324345698/?mlSearchSessionGuid=e0f94a0489a6b836ae41be0818b8e690
flat;Вертикаль;real_estate_agent;sale;Октябрьский;2;18;18;Новосибирск;9500000;;1;Нижегородская ;49.1;Октябрьская;https://novosibirsk.cian.ru/sale/flat/325615119/?mlSearchSessionGuid=e0f94a0489a6b836ae41be0818b8e690
flat;Александр Чугайнов;realtor;sale;Заельцовский;18;30;105/1;Новосибирск;9500000;Бирюзовая жемчужина-2;1;Сухарная ;55.0;Площадь Гарина-Михайловского;https://novosibirsk.cian.ru/sale/flat/309544234/?mlSearchSessionGuid=e0f94a0489a6b836ae41be0818b8e690
flat;ЖИЛФОНД;real_estate_agent;sale;Октябрьский;4;5;25/1;Новосибирск;9600000;На Декабристов;1; Сакко и Ванцетти;38.2;Речной вокзал;https://novosibirsk.cian.ru/sale/flat/322760784/?mlSearchSessionGuid=e0f94a0489a6b836ae41be0818b8e690
flat;ЖИЛФОНД;real_estate_agent;sale;Советский;6;9;12;Новосибирск;9700000;;1; Терешковой;30.0;;https://novosibirsk.cian.ru/sale/flat/324602509/?mlSearchSessionGuid=e0f94a0489a6b836ae41be0818b8e690
flat;Кабинет Риелторских Услуг;real_estate_agent;sale;Заельцовский;12;19;49/1;Новосибирск;9700000;Нормандия-Неман;1; Аэропорт;68.5;Заельцовская;https://novosibirsk.cian.ru/sale/flat/318276249/?mlSearchSessionGuid=e0f94a0489a6b836ae41be0818b8e690
flat;Кабинет Риелторских Услуг;real_estate_agent;sale;Заельцовский;11;19;49/1;Новосибирск;9700000;Нормандия-Неман;1; Аэропорт;68.5;Заельцовская;https://novosibirsk.cian.ru/sale/flat/318276829/?mlSearchSessionGuid=e0f94a0489a6b836ae41be0818b8e690
flat;Этажи;real_estate_agent;sale;Центральный;10;24;93;Новосибирск;7990000;Мылзавод;1; Семьи Шамшиных;46.74;Маршала Покрышкина;https://novosibirsk.cian.ru/sale/flat/314537080/
flat;Владис Центральное;real_estate_agent;sale;Заельцовский;16;25;21/1;Новосибирск;9500000;Эталон;2; Дмитрия Донского;53.9;Заельцовская;https://novosibirsk.cian.ru/sale/flat/326178301/
flat;Николай Самойлов;realtor;sale;Октябрьский;8;25;50;Новосибирск;23900000;Richmond Residence;2; Кирова;57.0;Октябрьская;https://novosibirsk.cian.ru/sale/flat/325652375/
flat;Владис Центральное;real_estate_agent;sale;Октябрьский;9;25;9/2;Новосибирск;9700000;Европейский;2;Военная ;64.8;Октябрьская;https://novosibirsk.cian.ru/sale/flat/312211994/
flat;РайоныКварталы;real_estate_agent;sale;Заельцовский;10;23;15;Новосибирск;7200000;на Галущака;2; Галущака;54.4;Гагаринская;https://novosibirsk.cian.ru/sale/flat/320548090/
flat;ЖИЛФОНД;real_estate_agent;sale;Центральный;17;21;47;Новосибирск;10190000;Родонит;1; Орджоникидзе;51.7;Площадь Ленина;https://novosibirsk.cian.ru/sale/flat/323264156/
flat;Всем Квартиру;real_estate_agent;sale;Центральный;9;21;47;Новосибирск;9800000;Родонит;2; Орджоникидзе;52.4;Площадь Ленина;https://novosibirsk.cian.ru/sale/flat/314281724/
flat;Наталья Алонцева;realtor;sale;Октябрьский;6;18;162/1;Новосибирск;7256985;ул. Добролюбова, 162/1;2; Добролюбова;42.0;Золотая Нива;https://novosibirsk.cian.ru/sale/flat/326818645/
flat;ID 135947519;homeowner;sale;Октябрьский;9;25;12;Новосибирск;10990000;Сакура Парк;2;Ипподромская ;41.36;Октябрьская;https://novosibirsk.cian.ru/sale/flat/324580242/
flat;Владис Центральное;real_estate_agent;sale;Октябрьский;8;10;171/5;Новосибирск;2100000;Плющихинский;1; В. Высоцкого;39.35;Золотая Нива;https://novosibirsk.cian.ru/sale/flat/322668660/?mlSearchSessionGuid=e0f94a0489a6b836ae41be0818b8e690
flat;АльянсРиэлт;real_estate_agent;sale;Октябрьский;1;2;140;Новосибирск;2750000;;1; Добролюбова;31.7;Золотая Нива;https://novosibirsk.cian.ru/sale/flat/323748494/?mlSearchSessionGuid=e0f94a0489a6b836ae41be0818b8e690
flat;ID 9714304;realtor;sale;Ленинский;2;5;11;Новосибирск;2850000;;1;Путевая ;32.0;Студенческая;https://novosibirsk.cian.ru/sale/flat/326788032/?mlSearchSessionGuid=e0f94a0489a6b836ae41be0818b8e690
flat;Планета;real_estate_agent;sale;Дзержинский;4;5;19/4;Новосибирск;3170000;;1; Доватора;30.0;Золотая Нива;https://novosibirsk.cian.ru/sale/flat/321484844/?mlSearchSessionGuid=e0f94a0489a6b836ae41be0818b8e690
flat;ДОКТОР КЛЮЧ;real_estate_agent;sale;Заельцовский;1;2;3;Новосибирск;2350000;;1; Стасова;31.6;Гагаринская;https://novosibirsk.cian.ru/sale/flat/324029504/?mlSearchSessionGuid=e0f94a0489a6b836ae41be0818b8e690
flat;Города Новосибирск;real_estate_agent;sale;Заельцовский;12;17;49/1;Новосибирск;5585000;Нормандия-Неман;1; Аэропорт;37.7;Заельцовская;https://novosibirsk.cian.ru/sale/flat/326655427/?mlSearchSessionGuid=e0f94a0489a6b836ae41be0818b8e690
flat;Планета;real_estate_agent;sale;Кировский;5;10;56;Новосибирск;3100000;;1; Петухова;33.0;Площадь Маркса;https://novosibirsk.cian.ru/sale/flat/316392446/?mlSearchSessionGuid=e0f94a0489a6b836ae41be0818b8e690
flat;Владис Центральное;real_estate_agent;sale;Кировский;8;9;16;Новосибирск;2628000;;1; Петухова;33.0;Площадь Маркса;https://novosibirsk.cian.ru/sale/flat/317554547/?mlSearchSessionGuid=e0f94a0489a6b836ae41be0818b8e690
flat;ВИЛИЯ;real_estate_agent;sale;Заельцовский;3;7;167/3;Новосибирск;9700000;Расцветай на Красном;1;Красный проспект;39.7;Заельцовская;https://novosibirsk.cian.ru/sale/flat/326879065/?mlSearchSessionGuid=e0f94a0489a6b836ae41be0818b8e690
