accommodation_type;author;author_type;deal_type;district;floor;floors_count;house_number;location;price;residential_complex;rooms_count;street;total_meters;underground;url
flat;Брусника;developer;sale;Заельцовский;3;9;1/4;Новосибирск;9870000;Лебедевский;3;Лебедевский кв-л;81.8;Заельцовская;https://novosibirsk.cian.ru/sale/flat/323145168/?mlSearchSessionGuid=84e93ee834a1f736cbb021a856474794
flat;АльянсРиэлт;real_estate_agent;sale;Калининский;3;9;5;Новосибирск;3300000;;-1; Курчатова;63.1;Заельцовская;https://novosibirsk.cian.ru/sale/flat/325187732/?mlSearchSessionGuid=84e93ee834a1f736cbb021a856474794
flat;Совкомбанк;real_estate_agent;sale;Дзержинский;1;9;25;Новосибирск;4100000;;3; Толбухина;60.7;Золотая Нива;https://novosibirsk.cian.ru/sale/flat/321855503/?mlSearchSessionGuid=84e93ee834a1f736cbb021a856474794
flat;СМСС;developer;sale;Дзержинский;19;22;;Новосибирск;16810300;Паскаль;3; 5-я Кирпичная Горка;87.1;Березовая Роща;https://novosibirsk.cian.ru/sale/flat/325989244/?mlSearchSessionGuid=84e93ee834a1f736cbb021a856474794
flat;METRAGE;real_estate_agent;sale;Центральный;2;9;11;Новосибирск;9700000;;3; Гоголя;53.8;Сибирская;https://novosibirsk.cian.ru/sale/flat/324310670/?mlSearchSessionGuid=84e93ee834a1f736cbb021a856474794
flat;СФЕРА-НСК;real_estate_agent;sale;Октябрьский;4;10;1;Новосибирск;5650000;Плющихинский;3; Плющихинская;87.39;Золотая Нива;https://novosibirsk.cian.ru/sale/flat/324072690/?mlSearchSessionGuid=84e93ee834a1f736cbb021a856474794
flat;СМСС;developer;sale;Заельцовский;5;28;107/2;Новосибирск;13253451;Бирюзовая жемчужина-4;3;Сухарная ;75.2;Площадь Гарина-Михайловского;https://novosibirsk.cian.ru/sale/flat/325987583/?mlSearchSessionGuid=84e93ee834a1f736cbb021a856474794
flat;Дмитрий Архипов;realtor;sale;Заельцовский;4;10;95;Новосибирск;25990000;Бульварный переулок;3; Тимирязева;99.6;Заельцовская;https://novosibirsk.cian.ru/sale/flat/323875357/?mlSearchSessionGuid=84e93ee834a1f736cbb021a856474794
flat;1Е;real_estate_agent;sale;Октябрьский;4;5;321;Новосибирск;5700000;;3; Кирова;59.9;Речной вокзал;https://novosibirsk.cian.ru/sale/flat/319040325/?mlSearchSessionGuid=84e93ee834a1f736cbb021a856474794
flat;СМСС;developer;sale;Дзержинский;1;22;;Новосибирск;13435500;Паскаль;3; 5-я Кирпичная Горка;68.9;Березовая Роща;https://novosibirsk.cian.ru/sale/flat/325989205/?mlSearchSessionGuid=84e93ee834a1f736cbb021a856474794
flat;Этажи;real_estate_agent;sale;Ленинский;1;9;115;Новосибирск;5200000;;3;Широкая ;60.8;Площадь Маркса;https://novosibirsk.cian.ru/sale/flat/319342409/?mlSearchSessionGuid=84e93ee834a1f736cbb021a856474794
flat;СТАН;real_estate_agent;sale;Октябрьский;2;10;171/1;Новосибирск;2800000;Плющихинский;3; В. Высоцкого;59.0;Золотая Нива;https://novosibirsk.cian.ru/sale/flat/322176346/?mlSearchSessionGuid=84e93ee834a1f736cbb021a856474794
flat;Брусника;developer;sale;Заельцовский;4;9;1/4;Новосибирск;10350000;Лебедевский;3;Лебедевский кв-л;90.0;Заельцовская;https://novosibirsk.cian.ru/sale/flat/323145217/?mlSearchSessionGuid=84e93ee834a1f736cbb021a856474794
flat;Этажи;real_estate_agent;sale;Советский;2;6;160;Новосибирск;5000000;;3; Ивлева;78.6;Студенческая;https://novosibirsk.cian.ru/sale/flat/320093470/?mlSearchSessionGuid=84e93ee834a1f736cbb021a856474794
flat;Василевский;real_estate_agent;sale;Заельцовский;5;18;76/1;Новосибирск;10850000;;3;Сухарная ;74.2;Площадь Гарина-Михайловского;https://novosibirsk.cian.ru/sale/flat/319668112/?mlSearchSessionGuid=84e93ee834a1f736cbb021a856474794
flat;СМСС;developer;sale;Калининский;9;23;;Новосибирск;9942075;Калининский квартал ЖК;3;;58.5;Маршала Покрышкина;https://novosibirsk.cian.ru/sale/flat/325988778/?mlSearchSessionGuid=84e93ee834a1f736cbb021a856474794
flat;ИнтерАктив;real_estate_agent;sale;Ленинский;5;5;26;Новосибирск;4550000;;3; Немировича-Данченко;58.7;Площадь Маркса;https://novosibirsk.cian.ru/sale/flat/316367828/?mlSearchSessionGuid=84e93ee834a1f736cbb021a856474794
flat;Владис Центральное;real_estate_agent;sale;Заельцовский;2;9;87;Новосибирск;7000000;;3;Красный проспект;60.1;Гагаринская;https://novosibirsk.cian.ru/sale/flat/326692747/?mlSearchSessionGuid=84e93ee834a1f736cbb021a856474794
flat;Страна Девелопмент;developer;sale;Октябрьский;5;9;с23;Новосибирск;16729412;Страна.Тополёвая;3;Тополевая ;76.97;Березовая Роща;https://novosibirsk.cian.ru/sale/flat/325663876/?mlSearchSessionGuid=84e93ee834a1f736cbb021a856474794
flat;Дом Профи;real_estate_agent;sale;Заельцовский;8;9;222/1;Новосибирск;19800000;Красный проспект;3;Красный проспект;57.0;Заельцовская;https://novosibirsk.cian.ru/sale/flat/318272983/?mlSearchSessionGuid=84e93ee834a1f736cbb021a856474794
flat;Дом Профи;real_estate_agent;sale;Заельцовский;15;21;238;Новосибирск;9600000;Ельцовский;3; Дуси Ковальчук;99.41;Заельцовская;https://novosibirsk.cian.ru/sale/flat/324961149/?mlSearchSessionGuid=84e93ee834a1f736cbb021a856474794
flat;Брусника;developer;sale;Дзержинский;14;14;;Новосибирск;23920000;Город-на-озере ЖК;3;;130.39;Березовая Роща;https://novosibirsk.cian.ru/sale/flat/325308695/?mlSearchSessionGuid=84e93ee834a1f736cbb021a856474794
flat;Этажи;real_estate_agent;sale;Железнодорожный;1;5;14;Новосибирск;5555000;;3;Владимировская ;54.5;Площадь Гарина-Михайловского;https://novosibirsk.cian.ru/sale/flat/320756188/?mlSearchSessionGuid=84e93ee834a1f736cbb021a856474794
flat;ЖИЛФОНД;real_estate_agent;sale;Кировский;5;9;19;Новосибирск;4390000;;3; Саввы Кожевникова;63.0;Студенческая;https://novosibirsk.cian.ru/sale/flat/323145533/?mlSearchSessionGuid=84e93ee834a1f736cbb021a856474794
flat;Брусника;developer;sale;Заельцовский;8;9;90;Новосибирск;13530000;Авиатор;3; Аэропорт;100.04;Заельцовская;https://novosibirsk.cian.ru/sale/flat/312156075/?mlSearchSessionGuid=84e93ee834a1f736cbb021a856474794
flat;Эксперт Дом;real_estate_agent;sale;Калининский;4;5;33;Новосибирск;5300000;;3; Объединения;58.1;Заельцовская;https://novosibirsk.cian.ru/sale/flat/323586394/?mlSearchSessionGuid=84e93ee834a1f736cbb021a856474794
flat;ID 16903434;realtor;sale;Центральный;11;17;;Новосибирск;11990000;Мылзавод ЖК;3;;58.0;Гагаринская;https://novosibirsk.cian.ru/sale/flat/322529521/?mlSearchSessionGuid=84e93ee834a1f736cbb021a856474794
flat;СМСС;developer;sale;Калининский;5;23;;Новосибирск;11538266;Калининский квартал ЖК;3;;70.9;Маршала Покрышкина;https://novosibirsk.cian.ru/sale/flat/325988881/?mlSearchSessionGuid=84e93ee834a1f736cbb021a856474794
flat;Брусника Обмен;real_estate_agent;sale;Октябрьский;9;16;154/2;Новосибирск;7750000;Выборная-Рябиновая;3;Выборная ;70.1;Речной вокзал;https://novosibirsk.cian.ru/sale/flat/323738938/?mlSearchSessionGuid=84e93ee834a1f736cbb021a856474794
flat;Брусника;developer;sale;Заельцовский;5;9;1/4;Новосибирск;10160000;Лебедевский;3;Лебедевский кв-л;81.2;Заельцовская;https://novosibirsk.cian.ru/sale/flat/318333161/?mlSearchSessionGuid=84e93ee834a1f736cbb021a856474794
flat;Флиппинг со вкусом;real_estate_agent;sale;Заельцовский;18;24;15;Новосибирск;12400000;на Галущака;3; Галущака;55.0;Гагаринская;https://novosibirsk.cian.ru/sale/flat/326579911/?mlSearchSessionGuid=84e93ee834a1f736cbb021a856474794
flat;Забота;real_estate_agent;sale;Калининский;3;10;4/1;Новосибирск;8750000;;3; Свечникова;74.4;Заельцовская;https://novosibirsk.cian.ru/sale/flat/324947273/?mlSearchSessionGuid=84e93ee834a1f736cbb021a856474794
flat;СМСС;developer;sale;Октябрьский;10;23;;Новосибирск;13868800;Паскаль;3;Закаменский мкр;70.4;Золотая Нива;https://novosibirsk.cian.ru/sale/flat/325989613/?mlSearchSessionGuid=84e93ee834a1f736cbb021a856474794
flat;Эксперт Дом;real_estate_agent;sale;Центральный;22;27;57;Новосибирск;13999000;Расцветай на Ядринцевской;3;Ядринцевская ;55.1;Площадь Ленина;https://novosibirsk.cian.ru/sale/flat/325594389/?mlSearchSessionGuid=84e93ee834a1f736cbb021a856474794
flat;СЖК;real_estate_agent;sale;Ленинский;3;11;39;Новосибирск;9900000;;3;;93.5;Студенческая;https://novosibirsk.cian.ru/sale/flat/322151459/?mlSearchSessionGuid=84e93ee834a1f736cbb021a856474794
flat;СМСС;developer;sale;Калининский;5;23;;Новосибирск;11937150;Калининский квартал ЖК;3;;73.8;Маршала Покрышкина;https://novosibirsk.cian.ru/sale/flat/325988905/?mlSearchSessionGuid=84e93ee834a1f736cbb021a856474794
flat;Города Новосибирск;real_estate_agent;sale;Октябрьский;4;25;11;Новосибирск;17450000;Эльбрус;3; Шевченко;107.0;Октябрьская;https://novosibirsk.cian.ru/sale/flat/326729360/?mlSearchSessionGuid=84e93ee834a1f736cbb021a856474794
flat;Брусника;developer;sale;Заельцовский;2;12;1/4;Новосибирск;11970000;Лебедевский;3;Лебедевский кв-л;95.8;Заельцовская;https://novosibirsk.cian.ru/sale/flat/313965023/?mlSearchSessionGuid=84e93ee834a1f736cbb021a856474794
flat;Города Новосибирск;real_estate_agent;sale;Заельцовский;4;8;22/3;Новосибирск;15600000;Эко-квартал Flora&Fauna;3;Дачное шоссе;76.62;Заельцовская;https://novosibirsk.cian.ru/sale/flat/325670089/?mlSearchSessionGuid=84e93ee834a1f736cbb021a856474794
flat;Страна Девелопмент;developer;sale;Октябрьский;3;30;;Новосибирск;16800000;Страна.Тополёвая;3; Ядринцевский Подъем;85.44;Березовая Роща;https://novosibirsk.cian.ru/sale/flat/325663961/?mlSearchSessionGuid=84e93ee834a1f736cbb021a856474794
flat;Города Новосибирск;real_estate_agent;sale;Дзержинский;4;9;55/7;Новосибирск;18000000;ГринАрт;3;Планетная ;81.0;Березовая Роща;https://novosibirsk.cian.ru/sale/flat/326655499/?mlSearchSessionGuid=84e93ee834a1f736cbb021a856474794
flat;СМСС;developer;sale;Калининский;8;23;;Новосибирск;15180300;Калининский квартал ЖК;3;;90.9;Маршала Покрышкина;https://novosibirsk.cian.ru/sale/flat/325989010/?mlSearchSessionGuid=84e93ee834a1f736cbb021a856474794
flat;METRAGE;real_estate_agent;sale;Заельцовский;8;16;2;Новосибирск;27000000;;3;Кавалерийская ;127.4;Заельцовская;https://novosibirsk.cian.ru/sale/flat/327061599/?mlSearchSessionGuid=84e93ee834a1f736cbb021a856474794
flat;Этажи;real_estate_agent;sale;Калининский;24;25;75;Новосибирск;18000000;;3;Ипподромская ;83.6;Заельцовская;https://novosibirsk.cian.ru/sale/flat/325852311/?mlSearchSessionGuid=84e93ee834a1f736cbb021a856474794
flat;Дом-Строй;developer;sale;Ленинский;1;14;;Новосибирск;16460000;Горская лагуна ЖК;3;;94.53;Студенческая;https://novosibirsk.cian.ru/sale/flat/321861647/?mlSearchSessionGuid=84e93ee834a1f736cbb021a856474794
flat;Екатерина Колесникова;realtor;sale;Октябрьский;8;8;32;Новосибирск;18700000;мкр. Европейский Берег;3; Владимира Заровного;85.0;Спортивная;https://novosibirsk.cian.ru/sale/flat/322091565/?mlSearchSessionGuid=84e93ee834a1f736cbb021a856474794
flat;METRAGE;real_estate_agent;sale;Заельцовский;15;15;222/4;Новосибирск;20000000;Красный проспект;3;Красный проспект;77.8;Заельцовская;https://novosibirsk.cian.ru/sale/flat/326732430/?mlSearchSessionGuid=84e93ee834a1f736cbb021a856474794
flat;VIRA;developer;sale;Кировский;2;24;;Новосибирск;7450000;Сподвижники ЖК;3;;64.5;Студенческая;https://novosibirsk.cian.ru/sale/flat/326182564/?mlSearchSessionGuid=84e93ee834a1f736cbb021a856474794
flat;Города Новосибирск;real_estate_agent;sale;Железнодорожный;23;26;85/1;Новосибирск;24990000;Зенит;3; 1905 года;107.1;Гагаринская;https://novosibirsk.cian.ru/sale/flat/326720449/?mlSearchSessionGuid=84e93ee834a1f736cbb021a856474794
flat;Этажи;real_estate_agent;sale;Ленинский;2;2;1/1;Новосибирск;2800000;;3;Хилокская ;50.5;Площадь Маркса;https://novosibirsk.cian.ru/sale/flat/325047851/?mlSearchSessionGuid=84e93ee834a1f736cbb021a856474794
flat;Страна Девелопмент;developer;sale;Октябрьский;2;9;с23;Новосибирск;16070588;Страна.Тополёвая;3;Тополевая ;75.54;Березовая Роща;https://novosibirsk.cian.ru/sale/flat/325663866/?mlSearchSessionGuid=84e93ee834a1f736cbb021a856474794
flat;Домолегион;real_estate_agent;sale;Кировский;1;3;52;Новосибирск;3800000;;3; Мира;53.0;Площадь Маркса;https://novosibirsk.cian.ru/sale/flat/326896804/?mlSearchSessionGuid=84e93ee834a1f736cbb021a856474794
flat;Брусника Обмен;real_estate_agent;sale;Октябрьский;13;18;7/5;Новосибирск;6300000;Плющихинский;3; Виталия Потылицына;71.3;Золотая Нива;https://novosibirsk.cian.ru/sale/flat/323738939/?mlSearchSessionGuid=84e93ee834a1f736cbb021a856474794
flat;Телецентр 19|56;developer;sale;Ленинский;9;15;19/1;Новосибирск;12390000;1956. Кварталы Телецентра;3; Костычева;69.7;Площадь Маркса;https://novosibirsk.cian.ru/sale/flat/326257939/?mlSearchSessionGuid=84e93ee834a1f736cbb021a856474794
flat;Забота;real_estate_agent;sale;Советский;3;9;44;Новосибирск;5999000;;3; Молодости;60.8;Студенческая;https://novosibirsk.cian.ru/sale/flat/323715745/?mlSearchSessionGuid=84e93ee834a1f736cbb021a856474794
flat;МакроМир;real_estate_agent;sale;Кировский;3;4;68;Новосибирск;5700000;;3; Немировича-Данченко;109.0;Площадь Маркса;https://novosibirsk.cian.ru/sale/flat/320200487/?mlSearchSessionGuid=84e93ee834a1f736cbb021a856474794
flat;Страна Девелопмент;developer;sale;Заельцовский;18;29;109/2;Новосибирск;11682353;Страна Береговая;3;Сухарная ;49.31;Площадь Гарина-Михайловского;https://novosibirsk.cian.ru/sale/flat/326553001/?mlSearchSessionGuid=84e93ee834a1f736cbb021a856474794
flat;Этажи;real_estate_agent;sale;Заельцовский;1;2;99/1;Новосибирск;4300000;;3;Кубовая ;60.0;Заельцовская;https://novosibirsk.cian.ru/sale/flat/319947748/?mlSearchSessionGuid=84e93ee834a1f736cbb021a856474794
flat;ID 139282683;homeowner;sale;Заельцовский;20;24;220;Новосибирск;17450000;Нобель;3;Красный проспект;67.1;Заельцовская;https://novosibirsk.cian.ru/sale/flat/326926242/?mlSearchSessionGuid=84e93ee834a1f736cbb021a856474794
flat;Новый Мир;developer;sale;Заельцовский;19;24;;Новосибирск;13600000;Оскар ЖК;3;;70.2;Заельцовская;https://novosibirsk.cian.ru/sale/flat/324818478/?mlSearchSessionGuid=84e93ee834a1f736cbb021a856474794
flat;Дельта;real_estate_agent;sale;Советский;6;9;33;Новосибирск;5950000;;3; Русская;63.0;;https://novosibirsk.cian.ru/sale/flat/320695381/?mlSearchSessionGuid=84e93ee834a1f736cbb021a856474794
flat;ID 87577402;unknown;sale;Заельцовский;2;10;225;Новосибирск;6100000;;3;Линейная ;66.6;Гагаринская;https://novosibirsk.cian.ru/sale/flat/325693097/?mlSearchSessionGuid=84e93ee834a1f736cbb021a856474794
flat;СМСС;developer;sale;Калининский;20;23;;Новосибирск;13378050;Калининский квартал ЖК;3;;82.2;Маршала Покрышкина;https://novosibirsk.cian.ru/sale/flat/325988939/?mlSearchSessionGuid=84e93ee834a1f736cbb021a856474794
flat;Брусника Обмен;real_estate_agent;sale;Октябрьский;1;10;158/1;Новосибирск;7500000;;3;Выборная ;77.8;Речной вокзал;https://novosibirsk.cian.ru/sale/flat/324316949/?mlSearchSessionGuid=84e93ee834a1f736cbb021a856474794
flat;РайоныКварталы;real_estate_agent;sale;Октябрьский;13;17;1;Новосибирск;6500000;Ваш выбор;3;Вилюйская ;71.0;Речной вокзал;https://novosibirsk.cian.ru/sale/flat/320585330/?mlSearchSessionGuid=84e93ee834a1f736cbb021a856474794
flat;ГК Союз;developer;sale;Ленинский;5;17;106;Новосибирск;8600000;Новый горизонт;3;Рельефная ;87.6;Площадь Маркса;https://novosibirsk.cian.ru/sale/flat/326927896/?mlSearchSessionGuid=84e93ee834a1f736cbb021a856474794
flat;ЖИЛФОНД;real_estate_agent;sale;Кировский;2;9;56;Новосибирск;4990000;;3; Зорге;60.1;Площадь Маркса;https://novosibirsk.cian.ru/sale/flat/323587409/?mlSearchSessionGuid=84e93ee834a1f736cbb021a856474794
flat;Брусника;developer;sale;Дзержинский;2;9;;Новосибирск;27680000;Город-на-озере ЖК;3;;128.92;Березовая Роща;https://novosibirsk.cian.ru/sale/flat/324996344/?mlSearchSessionGuid=84e93ee834a1f736cbb021a856474794
flat;Первая риэлторская компания;real_estate_agent;sale;Ленинский;2;2;6;Новосибирск;3450000;;3;1-й Порядковый переулок;54.1;Площадь Маркса;https://novosibirsk.cian.ru/sale/flat/319936398/?mlSearchSessionGuid=84e93ee834a1f736cbb021a856474794
flat;Брусника;developer;sale;Октябрьский;2;9;53с;Новосибирск;21210000;На Декабристов;3;Зыряновская ;164.0;Речной вокзал;https://novosibirsk.cian.ru/sale/flat/326560688/?mlSearchSessionGuid=84e93ee834a1f736cbb021a856474794
flat;МакроМир;real_estate_agent;sale;Железнодорожный;8;9;8/4;Новосибирск;8500000;;3;Железнодорожная ;56.6;Красный Проспект;https://novosibirsk.cian.ru/sale/flat/326378141/?mlSearchSessionGuid=84e93ee834a1f736cbb021a856474794
flat;Страна Девелопмент;developer;sale;Заельцовский;2;29;109/2;Новосибирск;12117647;Страна Береговая;3;Сухарная ;55.07;Площадь Гарина-Михайловского;https://novosibirsk.cian.ru/sale/flat/325663709/?mlSearchSessionGuid=84e93ee834a1f736cbb021a856474794
flat;MetroPolis;real_estate_agent;sale;Октябрьский;5;9;106;Новосибирск;5800000;;3;Выборная ;60.0;Речной вокзал;https://novosibirsk.cian.ru/sale/flat/324547837/?mlSearchSessionGuid=84e93ee834a1f736cbb021a856474794
flat;Брусника;developer;sale;Дзержинский;7;14;;Новосибирск;12720000;Город-на-озере ЖК;3;;71.42;Березовая Роща;https://novosibirsk.cian.ru/sale/flat/324800924/?mlSearchSessionGuid=84e93ee834a1f736cbb021a856474794
flat;Этажи;real_estate_agent;sale;Калининский;5;5;15;Новосибирск;4600000;;3; Макаренко;57.5;Заельцовская;https://novosibirsk.cian.ru/sale/flat/316906128/?mlSearchSessionGuid=84e93ee834a1f736cbb021a856474794
flat;Владис Центральное;real_estate_agent;sale;Дзержинский;1;5;4;Новосибирск;5900000;;3;проспект Дзержинского;70.5;Березовая Роща;https://novosibirsk.cian.ru/sale/flat/324355033/?mlSearchSessionGuid=84e93ee834a1f736cbb021a856474794
flat;Брусника;developer;sale;Заельцовский;8;9;1/4;Новосибирск;15100000;Лебедевский;3;Лебедевский кв-л;98.1;Заельцовская;https://novosibirsk.cian.ru/sale/flat/313965045/?mlSearchSessionGuid=84e93ee834a1f736cbb021a856474794
flat;Новый Мир;developer;sale;Заельцовский;6;20;;Новосибирск;16450000;Оскар ЖК;3;;84.7;Заельцовская;https://novosibirsk.cian.ru/sale/flat/324818178/?mlSearchSessionGuid=84e93ee834a1f736cbb021a856474794
flat;Брусника Обмен;real_estate_agent;sale;Октябрьский;3;5;161;Новосибирск;4990000;;3;Большевистская ;55.9;Спортивная;https://novosibirsk.cian.ru/sale/flat/325473494/?mlSearchSessionGuid=84e93ee834a1f736cbb021a856474794
flat;Дом-Строй;developer;sale;Ленинский;15;30;;Новосибирск;14803000;Горская лагуна ЖК;3;;64.72;Студенческая;https://novosibirsk.cian.ru/sale/flat/302398484/?mlSearchSessionGuid=84e93ee834a1f736cbb021a856474794
flat;Этажи;real_estate_agent;sale;Калининский;1;3;103А;Новосибирск;3950000;;3; Солидарности;72.0;Заельцовская;https://novosibirsk.cian.ru/sale/flat/321256396/?mlSearchSessionGuid=84e93ee834a1f736cbb021a856474794
flat;Кольцовская служба недвижимости;real_estate_agent;sale;Первомайский;1;10;32/2;Новосибирск;4800000;;3; Героев Революции;58.7;Спортивная;https://novosibirsk.cian.ru/sale/flat/319169483/?mlSearchSessionGuid=84e93ee834a1f736cbb021a856474794
flat;Страна Девелопмент;developer;sale;Октябрьский;10;30;;Новосибирск;17105882;Страна.Тополёвая;3; Ядринцевский Подъем;86.27;Березовая Роща;https://novosibirsk.cian.ru/sale/flat/325663979/?mlSearchSessionGuid=84e93ee834a1f736cbb021a856474794
flat;РайоныКварталы;real_estate_agent;sale;Советский;5;5;3;Новосибирск;4020000;;3; Молодости;60.0;Студенческая;https://novosibirsk.cian.ru/sale/flat/320624319/?mlSearchSessionGuid=84e93ee834a1f736cbb021a856474794
flat;Новый Мир;developer;sale;Заельцовский;7;19;220;Новосибирск;15900000;Нобель;3;Красный проспект;67.9;Заельцовская;https://novosibirsk.cian.ru/sale/flat/324818049/?mlSearchSessionGuid=84e93ee834a1f736cbb021a856474794
flat;НИЦ;real_estate_agent;sale;Заельцовский;7;9;28;Новосибирск;9790000;Дом на Песочной;3;Владимировская ;65.0;Площадь Гарина-Михайловского;https://novosibirsk.cian.ru/sale/flat/322435825/?mlSearchSessionGuid=84e93ee834a1f736cbb021a856474794
flat;Брусника;developer;sale;Дзержинский;14;14;;Новосибирск;24610000;Город-на-озере ЖК;3;;109.35;Березовая Роща;https://novosibirsk.cian.ru/sale/flat/324996330/?mlSearchSessionGuid=84e93ee834a1f736cbb021a856474794
flat;Макаров & Галстян;real_estate_agent;sale;Кировский;12;24;143/2;Новосибирск;8200000;Кварталы Немировича;3; Немировича-Данченко;51.0;Студенческая;https://novosibirsk.cian.ru/sale/flat/325671442/?mlSearchSessionGuid=84e93ee834a1f736cbb021a856474794
flat;Российский аукционный дом;real_estate_agent;sale;Калининский;2;10;24/1;Новосибирск;5943237;Мкрн. Родники;3; Тюленина;73.3;Заельцовская;https://novosibirsk.cian.ru/sale/flat/326542795/?mlSearchSessionGuid=84e93ee834a1f736cbb021a856474794
flat;Брусника;developer;sale;Заельцовский;15;15;90;Новосибирск;16530000;Авиатор;3; Аэропорт;90.07;Заельцовская;https://novosibirsk.cian.ru/sale/flat/314858633/?mlSearchSessionGuid=84e93ee834a1f736cbb021a856474794
flat;ИнтерАктив;real_estate_agent;sale;Железнодорожный;5;5;7;Новосибирск;4850000;;3;Владимировский спуск;42.2;Площадь Гарина-Михайловского;https://novosibirsk.cian.ru/sale/flat/326659285/?mlSearchSessionGuid=84e93ee834a1f736cbb021a856474794
flat;ЖИЛФОНД;real_estate_agent;sale;Ленинский;2;9;7;Новосибирск;5400000;;3; 9-й Гвардейской Дивизии;66.0;Площадь Маркса;https://novosibirsk.cian.ru/sale/flat/326115196/?mlSearchSessionGuid=84e93ee834a1f736cbb021a856474794
flat;Брусника;developer;sale;Октябрьский;10;10;53с;Новосибирск;39940000;На Декабристов;3;Зыряновская ;190.4;Речной вокзал;https://novosibirsk.cian.ru/sale/flat/326959868/?mlSearchSessionGuid=84e93ee834a1f736cbb021a856474794
flat;Этажи;real_estate_agent;sale;Дзержинский;3;9;66;Новосибирск;15000000;Красен Хаус;3; Красина;56.9;Березовая Роща;https://novosibirsk.cian.ru/sale/flat/325185764/?mlSearchSessionGuid=84e93ee834a1f736cbb021a856474794
flat;НИЦ;real_estate_agent;sale;Ленинский;7;9;154;Новосибирск;5050000;;3;Троллейная ;59.0;Площадь Маркса;https://novosibirsk.cian.ru/sale/flat/319091555/?mlSearchSessionGuid=84e93ee834a1f736cbb021a856474794
flat;Брусника;developer;sale;Заельцовский;9;9;90;Новосибирск;13520000;Авиатор;3; Аэропорт;92.23;Заельцовская;https://novosibirsk.cian.ru/sale/flat/307613081/?mlSearchSessionGuid=84e93ee834a1f736cbb021a856474794
flat;Центр Недвижимости;real_estate_agent;sale;Советский;5;5;15;Новосибирск;6000000;;3; Иванова;62.0;;https://novosibirsk.cian.ru/sale/flat/314924990/?mlSearchSessionGuid=84e93ee834a1f736cbb021a856474794
flat;Брокер Кэпитал;real_estate_agent;sale;Калининский;8;9;23;Новосибирск;5650000;;3; Объединения;63.0;Заельцовская;https://novosibirsk.cian.ru/sale/flat/323726578/?mlSearchSessionGuid=84e93ee834a1f736cbb021a856474794
flat;СМСС;developer;sale;Октябрьский;23;23;;Новосибирск;16406900;Паскаль;3;Закаменский мкр;85.9;Золотая Нива;https://novosibirsk.cian.ru/sale/flat/325989648/?mlSearchSessionGuid=84e93ee834a1f736cbb021a856474794
flat;Николай Самойлов;realtor;sale;Железнодорожный;17;28;10;Новосибирск;33000000;;3; Максима Горького;72.4;Площадь Ленина;https://novosibirsk.cian.ru/sale/flat/325809606/?mlSearchSessionGuid=84e93ee834a1f736cbb021a856474794
flat;Родники;real_estate_agent;sale;Октябрьский;3;10;7/3;Новосибирск;5500000;Плющихинский;3; Виталия Потылицына;59.0;Золотая Нива;https://novosibirsk.cian.ru/sale/flat/323356136/?mlSearchSessionGuid=84e93ee834a1f736cbb021a856474794
flat;Новый Мир;developer;sale;Железнодорожный;3;16;;Новосибирск;11650000;Беринг;3;Беринг жилой квартал;64.29;Площадь Гарина-Михайловского;https://novosibirsk.cian.ru/sale/flat/324817951/?mlSearchSessionGuid=84e93ee834a1f736cbb021a856474794
flat;Все Новые Дома;real_estate_agent;sale;Октябрьский;21;22;77;Новосибирск;15500000;Парк Резиденс;3; Сакко и Ванцетти;80.0;Октябрьская;https://novosibirsk.cian.ru/sale/flat/324144061/?mlSearchSessionGuid=84e93ee834a1f736cbb021a856474794
flat;Талан;developer;sale;Калининский;3;9;148;Новосибирск;7177089;Природные кварталы Сибирия;3; Богдана Хмельницкого;55.5;Заельцовская;https://novosibirsk.cian.ru/sale/flat/325365258/?mlSearchSessionGuid=84e93ee834a1f736cbb021a856474794
flat;Всем Квартиру;real_estate_agent;sale;Ленинский;1;5;10;Новосибирск;4350000;;3; Немировича-Данченко;58.0;Площадь Маркса;https://novosibirsk.cian.ru/sale/flat/317131275/?mlSearchSessionGuid=84e93ee834a1f736cbb021a856474794
flat;Астон;developer;sale;Кировский;10;26;6;Новосибирск;12730000;Астон. Шесть звёзд;3; Аникина;98.42;Студенческая;https://novosibirsk.cian.ru/sale/flat/322947361/?mlSearchSessionGuid=84e93ee834a1f736cbb021a856474794
flat;МакроМир;real_estate_agent;sale;Калининский;1;5;94/1;Новосибирск;5000000;;3; Объединения;61.0;Заельцовская;https://novosibirsk.cian.ru/sale/flat/320006697/?mlSearchSessionGuid=84e93ee834a1f736cbb021a856474794
flat;Страна Девелопмент;developer;sale;Заельцовский;18;29;109/2;Новосибирск;14800000;Страна Береговая;3;Сухарная ;65.08;Площадь Гарина-Михайловского;https://novosibirsk.cian.ru/sale/flat/325663679/?mlSearchSessionGuid=84e93ee834a1f736cbb021a856474794
flat;Города Новосибирск;real_estate_agent;sale;Ленинский;5;5;5;Новосибирск;6450000;;3; Блюхера;57.0;Площадь Маркса;https://novosibirsk.cian.ru/sale/flat/317851976/?mlSearchSessionGuid=84e93ee834a1f736cbb021a856474794
flat;ЖИЛФОНД;real_estate_agent;sale;Кировский;8;9;39/1;Новосибирск;5100000;;3;Вертковская ;58.6;Площадь Маркса;https://novosibirsk.cian.ru/sale/flat/323130786/?mlSearchSessionGuid=84e93ee834a1f736cbb021a856474794
flat;VIRA;developer;sale;Кировский;3;18;;Новосибирск;6850000;Сподвижники ЖК;3;;55.8;Студенческая;https://novosibirsk.cian.ru/sale/flat/326183175/?mlSearchSessionGuid=84e93ee834a1f736cbb021a856474794
flat;Метраж;real_estate_agent;sale;Октябрьский;4;5;111;Новосибирск;8500000;;3;Ленинградская ;71.0;Октябрьская;https://novosibirsk.cian.ru/sale/flat/317228963/?mlSearchSessionGuid=84e93ee834a1f736cbb021a856474794
flat;ID 119280901;realtor;sale;Калининский;4;17;22;Новосибирск;10500000;Ельцовский парк;3;Танковая ;53.0;Заельцовская;https://novosibirsk.cian.ru/sale/flat/326341876/?mlSearchSessionGuid=84e93ee834a1f736cbb021a856474794
flat;Брусника;developer;sale;Дзержинский;9;9;;Новосибирск;19620000;Город-на-озере ЖК;3;;95.4;Березовая Роща;https://novosibirsk.cian.ru/sale/flat/324800956/?mlSearchSessionGuid=84e93ee834a1f736cbb021a856474794
flat;БК НЕДВИЖИМОСТЬ;real_estate_agent;sale;Центральный;2;12;56;Новосибирск;25990000;;3;Советская ;93.9;Красный Проспект;https://novosibirsk.cian.ru/sale/flat/323121149/?mlSearchSessionGuid=84e93ee834a1f736cbb021a856474794
flat;Дельта;real_estate_agent;sale;Кировский;10;10;6;Новосибирск;5300000;;3; Герцена;59.7;Студенческая;https://novosibirsk.cian.ru/sale/flat/314293993/?mlSearchSessionGuid=84e93ee834a1f736cbb021a856474794
flat;Новый Мир;developer;sale;Заельцовский;13;20;;Новосибирск;31500000;Оскар ЖК;3;;133.3;Заельцовская;https://novosibirsk.cian.ru/sale/flat/324818222/?mlSearchSessionGuid=84e93ee834a1f736cbb021a856474794
flat;Эксперт Дом;real_estate_agent;sale;Дзержинский;2;5;47;Новосибирск;6999999;;3; Есенина;58.7;Золотая Нива;https://novosibirsk.cian.ru/sale/flat/322823934/?mlSearchSessionGuid=84e93ee834a1f736cbb021a856474794
flat;ЖИЛФОНД;real_estate_agent;sale;Дзержинский;2;5;79;Новосибирск;5650000;;3;проспект Дзержинского;76.9;Березовая Роща;https://novosibirsk.cian.ru/sale/flat/323186582/?mlSearchSessionGuid=84e93ee834a1f736cbb021a856474794
flat;Астон;developer;sale;Кировский;26;26;6;Новосибирск;10670000;Астон. Шесть звёзд;3; Аникина;73.24;Студенческая;https://novosibirsk.cian.ru/sale/flat/321542264/?mlSearchSessionGuid=84e93ee834a1f736cbb021a856474794
flat;METRAGE;real_estate_agent;sale;Ленинский;5;9;78;Новосибирск;6400000;;3; Забалуева;60.7;Площадь Маркса;https://novosibirsk.cian.ru/sale/flat/327020110/?mlSearchSessionGuid=84e93ee834a1f736cbb021a856474794
flat;ProstOr;real_estate_agent;sale;Ленинский;5;9;27;Новосибирск;6050000;;3;Ударная ;60.1;Площадь Маркса;https://novosibirsk.cian.ru/sale/flat/314281287/?mlSearchSessionGuid=84e93ee834a1f736cbb021a856474794
flat;Новый Мир;developer;sale;Железнодорожный;8;16;6/1;Новосибирск;14830000;Беринг;3; Прибрежная;77.25;Площадь Гарина-Михайловского;https://novosibirsk.cian.ru/sale/flat/324817856/?mlSearchSessionGuid=84e93ee834a1f736cbb021a856474794
flat;Этажи;real_estate_agent;sale;Кировский;1;5;65;Новосибирск;4700000;;3; Ватутина;52.2;Площадь Маркса;https://novosibirsk.cian.ru/sale/flat/325330651/?mlSearchSessionGuid=84e93ee834a1f736cbb021a856474794
flat;Первый Строительный;developer;sale;Ленинский;2;18;253/9;Новосибирск;8787100;Первый на Титова;3; Титова;74.61;Площадь Маркса;https://novosibirsk.cian.ru/sale/flat/321258987/?mlSearchSessionGuid=84e93ee834a1f736cbb021a856474794
flat;Брусника;developer;sale;Октябрьский;21;24;21;Новосибирск;35300000;На Декабристов;3; Сакко и Ванцетти;148.1;Речной вокзал;https://novosibirsk.cian.ru/sale/flat/320364923/?mlSearchSessionGuid=84e93ee834a1f736cbb021a856474794
flat;Всем Квартиру;real_estate_agent;sale;Калининский;9;16;313;Новосибирск;11000000;Северная Корона;3;Красный проспект;68.0;Заельцовская;https://novosibirsk.cian.ru/sale/flat/317794692/?mlSearchSessionGuid=84e93ee834a1f736cbb021a856474794
flat;ID 133063447;homeowner;sale;Железнодорожный;18;23;65/2;Новосибирск;13500000;Чернышевский;3;Фабричная ;50.9;Площадь Гарина-Михайловского;https://novosibirsk.cian.ru/sale/flat/325242444/?mlSearchSessionGuid=84e93ee834a1f736cbb021a856474794
flat;Страна Девелопмент;developer;sale;Заельцовский;19;29;109/2;Новосибирск;15305882;Страна Береговая;3;Сухарная ;78.03;Площадь Гарина-Михайловского;https://novosibirsk.cian.ru/sale/flat/325663762/?mlSearchSessionGuid=84e93ee834a1f736cbb021a856474794
flat;METRAGE;real_estate_agent;sale;Первомайский;2;5;116;Новосибирск;4300000;;3;Первомайская ;59.4;Речной вокзал;https://novosibirsk.cian.ru/sale/flat/324798920/?mlSearchSessionGuid=84e93ee834a1f736cbb021a856474794
flat;Планета-А;real_estate_agent;sale;Кировский;2;9;68;Новосибирск;5000000;;3; Зорге;60.0;Площадь Маркса;https://novosibirsk.cian.ru/sale/flat/313412112/?mlSearchSessionGuid=84e93ee834a1f736cbb021a856474794
flat;Талан;developer;sale;Калининский;2;14;148;Новосибирск;8991984;Природные кварталы Сибирия;3; Богдана Хмельницкого;76.6;Заельцовская;https://novosibirsk.cian.ru/sale/flat/326448441/?mlSearchSessionGuid=84e93ee834a1f736cbb021a856474794
flat;METRAGE;real_estate_agent;sale;Октябрьский;1;16;71/1;Новосибирск;10200000;Маяк;3;2-я Обская ;71.0;Речной вокзал;https://novosibirsk.cian.ru/sale/flat/326679964/?mlSearchSessionGuid=84e93ee834a1f736cbb021a856474794
flat;Статус;real_estate_agent;sale;Калининский;3;5;42;Новосибирск;5999000;;3;Народная ;61.3;Заельцовская;https://novosibirsk.cian.ru/sale/flat/323707334/?mlSearchSessionGuid=84e93ee834a1f736cbb021a856474794
flat;Брусника;developer;sale;Дзержинский;8;9;;Новосибирск;18770000;Город-на-озере ЖК;3;;112.93;Березовая Роща;https://novosibirsk.cian.ru/sale/flat/325308756/?mlSearchSessionGuid=84e93ee834a1f736cbb021a856474794
flat;Люди;real_estate_agent;sale;Дзержинский;3;9;8/1;Новосибирск;7900000;;3; Есенина;60.08;Золотая Нива;https://novosibirsk.cian.ru/sale/flat/325564594/?mlSearchSessionGuid=84e93ee834a1f736cbb021a856474794
flat;СТАН;real_estate_agent;sale;Октябрьский;9;10;141/7;Новосибирск;5400000;Плющихинский;3; В. Высоцкого;87.0;Золотая Нива;https://novosibirsk.cian.ru/sale/flat/321062095/?mlSearchSessionGuid=84e93ee834a1f736cbb021a856474794
flat;Новый Мир;developer;sale;Железнодорожный;5;16;;Новосибирск;13150000;Беринг;3;Беринг жилой квартал;72.49;Площадь Гарина-Михайловского;https://novosibirsk.cian.ru/sale/flat/324817926/?mlSearchSessionGuid=84e93ee834a1f736cbb021a856474794
flat;METRAGE;real_estate_agent;sale;Калининский;6;9;11/1;Новосибирск;13000000;;3;Танковая ;87.9;Заельцовская;https://novosibirsk.cian.ru/sale/flat/321082251/?mlSearchSessionGuid=84e93ee834a1f736cbb021a856474794
flat;СТАН;real_estate_agent;sale;Дзержинский;2;9;25;Новосибирск;5470000;;3; Доватора;62.2;Золотая Нива;https://novosibirsk.cian.ru/sale/flat/323741209/?mlSearchSessionGuid=84e93ee834a1f736cbb021a856474794
flat;SG DEVELOPMENT;developer;sale;Кировский;2;7;143/2;Новосибирск;11790000;Кварталы Немировича;3; Немировича-Данченко;69.0;Студенческая;https://novosibirsk.cian.ru/sale/flat/326424118/?mlSearchSessionGuid=84e93ee834a1f736cbb021a856474794
flat;METRAGE;real_estate_agent;sale;Кировский;5;10;1;Новосибирск;7650000;Просторный;3; Николая Сотникова;58.0;Студенческая;https://novosibirsk.cian.ru/sale/flat/316357353/?mlSearchSessionGuid=84e93ee834a1f736cbb021a856474794
flat;Татьяна Порошина;realtor;sale;Ленинский;2;10;196;Новосибирск;5500000;;3; Титова;57.0;;https://novosibirsk.cian.ru/sale/flat/326757581/?mlSearchSessionGuid=84e93ee834a1f736cbb021a856474794
flat;Novostroy-expert;real_estate_agent;sale;Октябрьский;1;25;155;Новосибирск;10608850;Пролетарский;3;Пролетарская ;89.15;Золотая Нива;https://novosibirsk.cian.ru/sale/flat/324415575/?mlSearchSessionGuid=84e93ee834a1f736cbb021a856474794
flat;МАРКОВЪ ДОМЪ;real_estate_agent;sale;Советский;1;2;4;Новосибирск;4150000;;3; Боровая Партия;50.0;;https://novosibirsk.cian.ru/sale/flat/322072544/?mlSearchSessionGuid=84e93ee834a1f736cbb021a856474794
flat;ЖИЛФОНД;real_estate_agent;sale;Октябрьский;5;9;10;Новосибирск;5980000;;3; Федосеева;60.6;Золотая Нива;https://novosibirsk.cian.ru/sale/flat/326264261/?mlSearchSessionGuid=84e93ee834a1f736cbb021a856474794
flat;Новый Мир;developer;sale;Железнодорожный;6;16;;Новосибирск;12700000;Беринг;3;Беринг жилой квартал;73.06;Площадь Гарина-Михайловского;https://novosibirsk.cian.ru/sale/flat/324817967/?mlSearchSessionGuid=84e93ee834a1f736cbb021a856474794
flat;METRAGE;real_estate_agent;sale;Заельцовский;15;17;220/7;Новосибирск;14500000;Лев Толстой;3;Красный проспект;77.0;Заельцовская;https://novosibirsk.cian.ru/sale/flat/313172036/?mlSearchSessionGuid=84e93ee834a1f736cbb021a856474794
flat;ЖИЛФОНД;real_estate_agent;sale;Кировский;7;9;15;Новосибирск;5500000;;3; Саввы Кожевникова;60.9;Студенческая;https://novosibirsk.cian.ru/sale/flat/326053690/?mlSearchSessionGuid=84e93ee834a1f736cbb021a856474794
flat;VIRA;developer;sale;Кировский;16;18;;Новосибирск;8600000;Сподвижники ЖК;3;;73.1;Студенческая;https://novosibirsk.cian.ru/sale/flat/326183250/?mlSearchSessionGuid=84e93ee834a1f736cbb021a856474794
flat;Этажи;real_estate_agent;sale;Октябрьский;7;10;1;Новосибирск;6500000;Плющихинский;3; Плющихинская;59.8;Золотая Нива;https://novosibirsk.cian.ru/sale/flat/323633243/?mlSearchSessionGuid=84e93ee834a1f736cbb021a856474794
flat;Города Новосибирск;real_estate_agent;sale;Ленинский;2;3;42;Новосибирск;4250000;;3;Станционная ;68.0;Площадь Маркса;https://novosibirsk.cian.ru/sale/flat/320901689/?mlSearchSessionGuid=84e93ee834a1f736cbb021a856474794
flat;Novostroy-expert;real_estate_agent;sale;Октябрьский;7;25;155;Новосибирск;9672200;Пролетарский;3;Пролетарская ;70.6;Золотая Нива;https://novosibirsk.cian.ru/sale/flat/324415695/?mlSearchSessionGuid=84e93ee834a1f736cbb021a856474794
flat;РайоныКварталы;real_estate_agent;sale;Калининский;8;9;5;Новосибирск;5700000;;3; Красных Зорь;62.9;Заельцовская;https://novosibirsk.cian.ru/sale/flat/322338940/?mlSearchSessionGuid=84e93ee834a1f736cbb021a856474794
flat;Новый Мир;developer;sale;Железнодорожный;21;24;;Новосибирск;16100000;Беринг;3;Беринг жилой квартал;78.72;Площадь Гарина-Михайловского;https://novosibirsk.cian.ru/sale/flat/324818033/?mlSearchSessionGuid=84e93ee834a1f736cbb021a856474794
flat;ProDom;real_estate_agent;sale;Заельцовский;4;11;37/1;Новосибирск;15700000;;3;Дачная ;134.0;Заельцовская;https://novosibirsk.cian.ru/sale/flat/325846472/?mlSearchSessionGuid=84e93ee834a1f736cbb021a856474794
flat;Этажи;real_estate_agent;sale;;5;5;74;Новосибирск;6000000;;3; Солидарности;57.4;Заельцовская;https://novosibirsk.cian.ru/sale/flat/326639545/?mlSearchSessionGuid=84e93ee834a1f736cbb021a856474794
flat;Талан;developer;sale;Калининский;2;9;148;Новосибирск;9748167;Природные кварталы Сибирия;3; Богдана Хмельницкого;82.6;Заельцовская;https://novosibirsk.cian.ru/sale/flat/326448467/?mlSearchSessionGuid=84e93ee834a1f736cbb021a856474794
flat;Все Новые Дома;real_estate_agent;sale;Кировский;15;26;16;Новосибирск;10500000;Астон. Шесть звёзд;3; Аникина;103.0;Студенческая;https://novosibirsk.cian.ru/sale/flat/324970905/?mlSearchSessionGuid=84e93ee834a1f736cbb021a856474794
flat;ЖИЛФОНД;real_estate_agent;sale;Ленинский;5;5;39;Новосибирск;6000000;;3; Титова;57.8;Площадь Маркса;https://novosibirsk.cian.ru/sale/flat/300771208/?mlSearchSessionGuid=84e93ee834a1f736cbb021a856474794
flat;Сибирь Девелопмент;developer;sale;Заельцовский;3;25;2;Новосибирск;17398824;Тайм Сквер;3;Дачная ;124.8;Заельцовская;https://novosibirsk.cian.ru/sale/flat/323226851/?mlSearchSessionGuid=84e93ee834a1f736cbb021a856474794
flat;Олеся Гудович;realtor;sale;Октябрьский;10;17;18;Новосибирск;12990000;;3;Военная ;89.5;Октябрьская;https://novosibirsk.cian.ru/sale/flat/322536846/?mlSearchSessionGuid=84e93ee834a1f736cbb021a856474794
flat;ЖИЛФОНД;real_estate_agent;sale;Заельцовский;1;9;127;Новосибирск;6000000;;3; Кропоткина;59.9;Гагаринская;https://novosibirsk.cian.ru/sale/flat/300630303/?mlSearchSessionGuid=84e93ee834a1f736cbb021a856474794
flat;Новый Мир;developer;sale;Железнодорожный;3;24;;Новосибирск;14650000;Беринг;3;Беринг жилой квартал;74.46;Площадь Гарина-Михайловского;https://novosibirsk.cian.ru/sale/flat/324817904/?mlSearchSessionGuid=84e93ee834a1f736cbb021a856474794
flat;Домой;real_estate_agent;sale;Советский;3;10;7;Новосибирск;6000000;;3; Лесосечная;63.3;Октябрьская;https://novosibirsk.cian.ru/sale/flat/323530273/?mlSearchSessionGuid=84e93ee834a1f736cbb021a856474794
flat;Novostroy-expert;real_estate_agent;sale;Октябрьский;23;25;6/1;Новосибирск;17984750;Марсель 2;3; Владимира Заровного;98.33;Речной вокзал;https://novosibirsk.cian.ru/sale/flat/326062134/?mlSearchSessionGuid=84e93ee834a1f736cbb021a856474794
flat;Брусника Обмен;real_estate_agent;sale;Калининский;7;9;32/1;Новосибирск;7100000;;3;Народная ;63.2;Заельцовская;https://novosibirsk.cian.ru/sale/flat/326678806/?mlSearchSessionGuid=84e93ee834a1f736cbb021a856474794
flat;Сибирь Девелопмент;developer;sale;Заельцовский;12;25;2;Новосибирск;12669760;Тайм Сквер;3;Дачная ;59.5;Заельцовская;https://novosibirsk.cian.ru/sale/flat/323226592/?mlSearchSessionGuid=84e93ee834a1f736cbb021a856474794
flat;ID 91854241;realtor;sale;Дзержинский;3;9;7/1;Новосибирск;6750000;;3; Адриена Лежена;60.5;Золотая Нива;https://novosibirsk.cian.ru/sale/flat/323808515/?mlSearchSessionGuid=84e93ee834a1f736cbb021a856474794
flat;Брусника Обмен;real_estate_agent;sale;Кировский;6;14;14/4;Новосибирск;6300000;Акатуйский;3; Петухова;64.0;Площадь Маркса;https://novosibirsk.cian.ru/sale/flat/326582831/?mlSearchSessionGuid=84e93ee834a1f736cbb021a856474794
flat;Талан;developer;sale;Калининский;2;9;148;Новосибирск;9860697;Природные кварталы Сибирия;3; Богдана Хмельницкого;84.0;Заельцовская;https://novosibirsk.cian.ru/sale/flat/325365255/?mlSearchSessionGuid=84e93ee834a1f736cbb021a856474794
flat;ЖИЛФОНД;real_estate_agent;sale;Калининский;5;9;5;Новосибирск;6700000;Мкрн. Родники;3; Михаила Немыткина;73.5;Заельцовская;https://novosibirsk.cian.ru/sale/flat/302275022/?mlSearchSessionGuid=84e93ee834a1f736cbb021a856474794
flat;Первый Строительный;developer;sale;Первомайский;12;18;2;Новосибирск;8915400;Флагман Холл;3; Заречная;58.1;Спортивная;https://novosibirsk.cian.ru/sale/flat/326390945/?mlSearchSessionGuid=84e93ee834a1f736cbb021a856474794
flat;Брокер Кэпитал;real_estate_agent;sale;Калининский;5;9;13;Новосибирск;6990000;;3; Богдана Хмельницкого;54.2;Заельцовская;https://novosibirsk.cian.ru/sale/flat/326504450/?mlSearchSessionGuid=84e93ee834a1f736cbb021a856474794
flat;VIRA;developer;sale;Кировский;6;20;16;Новосибирск;8950000;Сподвижники;3;18-й Бронный переулок;82.0;Студенческая;https://novosibirsk.cian.ru/sale/flat/324427957/?mlSearchSessionGuid=84e93ee834a1f736cbb021a856474794
flat;METRAGE;real_estate_agent;sale;Заельцовский;2;24;101;Новосибирск;13450000;;3;Сухарная ;85.0;Площадь Гарина-Михайловского;https://novosibirsk.cian.ru/sale/flat/315946660/?mlSearchSessionGuid=84e93ee834a1f736cbb021a856474794
flat;ID 94415442;realtor;sale;Кировский;7;9;16;Новосибирск;5650000;;3; Чигорина;60.0;Студенческая;https://novosibirsk.cian.ru/sale/flat/326539340/?mlSearchSessionGuid=84e93ee834a1f736cbb021a856474794
flat;Сибирь Девелопмент;developer;sale;Заельцовский;17;25;2;Новосибирск;12897250;Тайм Сквер;3;Дачная ;59.2;Заельцовская;https://novosibirsk.cian.ru/sale/flat/323226643/?mlSearchSessionGuid=84e93ee834a1f736cbb021a856474794
flat;Дельта;real_estate_agent;sale;Советский;4;4;10;Новосибирск;14700000;;3; Жемчужная;75.0;;https://novosibirsk.cian.ru/sale/flat/302999121/?mlSearchSessionGuid=84e93ee834a1f736cbb021a856474794
flat;Брусника;developer;sale;Центральный;27;30;;Новосибирск;28360000;Мылзавод ЖК;3;;155.15;Гагаринская;https://novosibirsk.cian.ru/sale/flat/316993597/?mlSearchSessionGuid=84e93ee834a1f736cbb021a856474794
flat;METRAGE;real_estate_agent;sale;Октябрьский;5;10;2;Новосибирск;6650000;;3;Лазурная ;61.9;Золотая Нива;https://novosibirsk.cian.ru/sale/flat/326420774/?mlSearchSessionGuid=84e93ee834a1f736cbb021a856474794
flat;Универсал;real_estate_agent;sale;Калининский;1;5;13/4;Новосибирск;4190000;;3; Новоуральская;59.0;Заельцовская;https://novosibirsk.cian.ru/sale/flat/325692855/?mlSearchSessionGuid=84e93ee834a1f736cbb021a856474794
flat;Концерн Сибирь;developer;sale;Ленинский;1;17;69/2;Новосибирск;6522762;Радуга Сибири;3; Забалуева;62.56;Площадь Маркса;https://novosibirsk.cian.ru/sale/flat/327002668/?mlSearchSessionGuid=84e93ee834a1f736cbb021a856474794
flat;Rialtor Group;real_estate_agent;sale;Кировский;5;5;46;Новосибирск;4100000;;3; Петухова;56.5;Площадь Маркса;https://novosibirsk.cian.ru/sale/flat/301193110/?mlSearchSessionGuid=84e93ee834a1f736cbb021a856474794
flat;МакроМир;real_estate_agent;sale;Ленинский;4;5;82;Новосибирск;5000000;;3; Пархоменко;59.0;Площадь Маркса;https://novosibirsk.cian.ru/sale/flat/327029674/?mlSearchSessionGuid=84e93ee834a1f736cbb021a856474794
flat;Новый Мир;developer;sale;Железнодорожный;24;24;6/1;Новосибирск;17900000;Беринг;3; Прибрежная;92.7;Площадь Гарина-Михайловского;https://novosibirsk.cian.ru/sale/flat/324817899/?mlSearchSessionGuid=84e93ee834a1f736cbb021a856474794
flat;Новые метры;real_estate_agent;sale;Ленинский;6;9;45;Новосибирск;5600000;;3;Полтавская ;60.0;Площадь Маркса;https://novosibirsk.cian.ru/sale/flat/325931531/?mlSearchSessionGuid=84e93ee834a1f736cbb021a856474794
flat;ЖИЛФОНД;real_estate_agent;sale;Ленинский;2;5;12/1;Новосибирск;5500000;;3;Космическая ;57.6;Площадь Маркса;https://novosibirsk.cian.ru/sale/flat/321145423/?mlSearchSessionGuid=84e93ee834a1f736cbb021a856474794
flat;Дивногорский;developer;sale;Ленинский;2;9;;Новосибирск;6800000;Дивноград;3;;62.15;Площадь Маркса;https://novosibirsk.cian.ru/sale/flat/322873036/?mlSearchSessionGuid=84e93ee834a1f736cbb021a856474794
flat;Концерн Сибирь;real_estate_agent;sale;Ленинский;6;12;63;Новосибирск;12500000;;3;;85.0;Студенческая;https://novosibirsk.cian.ru/sale/flat/322113937/?mlSearchSessionGuid=84e93ee834a1f736cbb021a856474794
flat;Ново-Николаевскъ;real_estate_agent;sale;Заельцовский;2;5;16;Новосибирск;5400000;;3;Холодильная ;43.0;Заельцовская;https://novosibirsk.cian.ru/sale/flat/317545929/?mlSearchSessionGuid=84e93ee834a1f736cbb021a856474794
flat;VIRA;developer;sale;Кировский;4;18;;Новосибирск;7450000;Сподвижники ЖК;3;;63.6;Студенческая;https://novosibirsk.cian.ru/sale/flat/326183203/?mlSearchSessionGuid=84e93ee834a1f736cbb021a856474794
flat;METRAGE;real_estate_agent;sale;Центральный;17;23;73/1;Новосибирск;14700000;На Демьяна Бедного;3; Демьяна Бедного;89.99;Березовая Роща;https://novosibirsk.cian.ru/sale/flat/326263244/?mlSearchSessionGuid=84e93ee834a1f736cbb021a856474794
flat;ЖИЛФОНД;real_estate_agent;sale;Калининский;5;9;7;Новосибирск;5870000;;3; Курчатова;63.0;Заельцовская;https://novosibirsk.cian.ru/sale/flat/326833549/?mlSearchSessionGuid=84e93ee834a1f736cbb021a856474794
flat;Novostroy-expert;real_estate_agent;sale;Октябрьский;24;25;6;Новосибирск;19999560;Марсель 2;3; Владимира Заровного;120.58;Речной вокзал;https://novosibirsk.cian.ru/sale/flat/326062128/?mlSearchSessionGuid=84e93ee834a1f736cbb021a856474794
flat;METRAGE;real_estate_agent;sale;Заельцовский;3;3;4;Новосибирск;7300000;;3; Аэропорт;78.2;Заельцовская;https://novosibirsk.cian.ru/sale/flat/326574040/?mlSearchSessionGuid=84e93ee834a1f736cbb021a856474794
flat;НИАН;real_estate_agent;sale;Центральный;20;22;60;Новосибирск;18500000;Островский;3; Николая Островского;79.5;Маршала Покрышкина;https://novosibirsk.cian.ru/sale/flat/326213557/?mlSearchSessionGuid=84e93ee834a1f736cbb021a856474794
flat;VIRA;developer;sale;Кировский;6;24;;Новосибирск;7900000;Сподвижники ЖК;3;;65.6;Студенческая;https://novosibirsk.cian.ru/sale/flat/326182671/?mlSearchSessionGuid=84e93ee834a1f736cbb021a856474794
flat;Дельта;real_estate_agent;sale;Ленинский;1;5;1;Новосибирск;6800000;;3; Пермитина;75.9;Площадь Маркса;https://novosibirsk.cian.ru/sale/flat/320576133/?mlSearchSessionGuid=84e93ee834a1f736cbb021a856474794
flat;Вместе;real_estate_agent;sale;Кировский;3;5;50;Новосибирск;4350000;;3; Петухова;59.0;Площадь Маркса;https://novosibirsk.cian.ru/sale/flat/322824931/?mlSearchSessionGuid=84e93ee834a1f736cbb021a856474794
flat;Новый Мир;developer;sale;Железнодорожный;18;24;6/1;Новосибирск;17490000;Беринг;3; Прибрежная;91.0;Площадь Гарина-Михайловского;https://novosibirsk.cian.ru/sale/flat/324817878/?mlSearchSessionGuid=84e93ee834a1f736cbb021a856474794
flat;METRAGE;real_estate_agent;sale;Ленинский;6;6;150/2;Новосибирск;5600000;Дивногорский;3;Дивногорская ;55.0;Площадь Маркса;https://novosibirsk.cian.ru/sale/flat/324060769/?mlSearchSessionGuid=84e93ee834a1f736cbb021a856474794
flat;Планета;real_estate_agent;sale;Ленинский;5;5;15;Новосибирск;5570000;;3; Титова;55.0;Площадь Маркса;https://novosibirsk.cian.ru/sale/flat/292170352/?mlSearchSessionGuid=84e93ee834a1f736cbb021a856474794
flat;Брусника;developer;sale;Октябрьский;2;23;с109;Новосибирск;10570000;мкр. Европейский Берег;3;Большевистская ;88.27;Спортивная;https://novosibirsk.cian.ru/sale/flat/314646606/?mlSearchSessionGuid=84e93ee834a1f736cbb021a856474794
flat;METRAGE;real_estate_agent;sale;Первомайский;8;14;4;Новосибирск;10230000;Весенний;3; Заречная;69.4;Спортивная;https://novosibirsk.cian.ru/sale/flat/326480998/?mlSearchSessionGuid=84e93ee834a1f736cbb021a856474794
flat;Ключевое решение;real_estate_agent;sale;Советский;2;5;16;Новосибирск;4500000;;3; Динамовцев;58.2;Площадь Маркса;https://novosibirsk.cian.ru/sale/flat/326461612/?mlSearchSessionGuid=84e93ee834a1f736cbb021a856474794
flat;Smart People Group;developer;sale;Октябрьский;5;8;;Новосибирск;9415000;Авеню на Выборной;3;;60.5;Речной вокзал;https://novosibirsk.cian.ru/sale/flat/326434018/?mlSearchSessionGuid=84e93ee834a1f736cbb021a856474794
flat;Дельта;real_estate_agent;sale;Советский;1;9;28;Новосибирск;5850000;;3;Ветлужская ;62.1;Площадь Маркса;https://novosibirsk.cian.ru/sale/flat/319659283/?mlSearchSessionGuid=84e93ee834a1f736cbb021a856474794
flat;ЖИЛФОНД;real_estate_agent;sale;Калининский;5;5;15/4;Новосибирск;3550000;;3; Новоуральская;59.4;Заельцовская;https://novosibirsk.cian.ru/sale/flat/326215495/?mlSearchSessionGuid=84e93ee834a1f736cbb021a856474794
flat;VIRA;developer;sale;Кировский;4;10;16;Новосибирск;8900000;Сподвижники;3;18-й Бронный переулок;63.3;Студенческая;https://novosibirsk.cian.ru/sale/flat/326435105/?mlSearchSessionGuid=84e93ee834a1f736cbb021a856474794
flat;Этажи;real_estate_agent;sale;Кировский;3;4;56;Новосибирск;8000000;;3;Воскресная ;61.5;Студенческая;https://novosibirsk.cian.ru/sale/flat/326558138/?mlSearchSessionGuid=84e93ee834a1f736cbb021a856474794
flat;Квартирный портал;real_estate_agent;sale;Октябрьский;1;5;54;Новосибирск;5799000;;3; Лобова;57.7;Речной вокзал;https://novosibirsk.cian.ru/sale/flat/324472428/?mlSearchSessionGuid=84e93ee834a1f736cbb021a856474794
flat;НГС;developer;sale;Ленинский;21;23;10;Новосибирск;8400000;Оптимисты;3;Пермская ;58.4;Площадь Маркса;https://novosibirsk.cian.ru/sale/flat/322825308/?mlSearchSessionGuid=84e93ee834a1f736cbb021a856474794
flat;Концерн Сибирь;real_estate_agent;sale;Ленинский;15;17;69;Новосибирск;8000000;Радуга Сибири;3; Забалуева;80.0;Студенческая;https://novosibirsk.cian.ru/sale/flat/324008582/?mlSearchSessionGuid=84e93ee834a1f736cbb021a856474794
flat;ЖИЛФОНД;real_estate_agent;sale;Советский;1;9;5;Новосибирск;5290000;;3; Русская;60.7;;https://novosibirsk.cian.ru/sale/flat/324205395/?mlSearchSessionGuid=84e93ee834a1f736cbb021a856474794
flat;Астон;developer;sale;Кировский;25;26;6к11;Новосибирск;10460000;Астон. Шесть звёзд;3; Аникина;73.05;Студенческая;https://novosibirsk.cian.ru/sale/flat/321542044/?mlSearchSessionGuid=84e93ee834a1f736cbb021a856474794
flat;Города Новосибирск;real_estate_agent;sale;Октябрьский;12;24;32;Новосибирск;23900000;Римский квартал;3; Кирова;100.0;Октябрьская;https://novosibirsk.cian.ru/sale/flat/326655448/?mlSearchSessionGuid=84e93ee834a1f736cbb021a856474794
flat;ЖИЛФОНД;real_estate_agent;sale;Ленинский;2;2;4;Новосибирск;3500000;;3;3-й Порядковый переулок;55.2;Площадь Маркса;https://novosibirsk.cian.ru/sale/flat/324782373/?mlSearchSessionGuid=84e93ee834a1f736cbb021a856474794
flat;Первый Строительный;developer;sale;Октябрьский;4;10;;Новосибирск;8948000;Зеленый Город;3;;66.3;Речной вокзал;https://novosibirsk.cian.ru/sale/flat/314873266/?mlSearchSessionGuid=84e93ee834a1f736cbb021a856474794
flat;Дельта;real_estate_agent;sale;Советский;4;4;26;Новосибирск;8500000;;3; Жемчужная;58.1;;https://novosibirsk.cian.ru/sale/flat/315055835/?mlSearchSessionGuid=84e93ee834a1f736cbb021a856474794
flat;Грандпарк;real_estate_agent;sale;Советский;2;10;30;Новосибирск;14290000;Квартал ЩА;3; Героев Труда;76.29;Студенческая;https://novosibirsk.cian.ru/sale/flat/322614241/?mlSearchSessionGuid=84e93ee834a1f736cbb021a856474794
flat;Астон;developer;sale;Кировский;6;26;6к11;Новосибирск;13500000;Астон. Шесть звёзд;3; Аникина;104.6;Студенческая;https://novosibirsk.cian.ru/sale/flat/321542229/?mlSearchSessionGuid=84e93ee834a1f736cbb021a856474794
flat;Города Новосибирск;real_estate_agent;sale;Заельцовский;15;15;222/3;Новосибирск;19500000;Красный проспект;3;Красный проспект;87.5;Заельцовская;https://novosibirsk.cian.ru/sale/flat/321877848/?mlSearchSessionGuid=84e93ee834a1f736cbb021a856474794
flat;MetroPolis;real_estate_agent;sale;Ленинский;5;17;7/1;Новосибирск;5800000;Аквамарин;3;Междуреченская ;59.3;Площадь Гарина-Михайловского;https://novosibirsk.cian.ru/sale/flat/324467967/?mlSearchSessionGuid=84e93ee834a1f736cbb021a856474794
flat;Заельцовский парк;developer;sale;Заельцовский;3;24;;Новосибирск;10700000;Тимирязевский Парк ЖК;3;;54.8;Площадь Гарина-Михайловского;https://novosibirsk.cian.ru/sale/flat/326863536/?mlSearchSessionGuid=84e93ee834a1f736cbb021a856474794
flat;Концерн Сибирь;real_estate_agent;sale;Ленинский;9;13;69/1;Новосибирск;13500000;;3;69/1;90.0;Студенческая;https://novosibirsk.cian.ru/sale/flat/320534596/?mlSearchSessionGuid=84e93ee834a1f736cbb021a856474794
flat;Сибирь Ипотека;real_estate_agent;sale;Центральный;5;5;61;Новосибирск;5990000;;3; Некрасова;58.1;Маршала Покрышкина;https://novosibirsk.cian.ru/sale/flat/324479275/?mlSearchSessionGuid=84e93ee834a1f736cbb021a856474794
flat;Мета;developer;sale;Октябрьский;3;29;51;Новосибирск;14651000;Тихомиров;3;Военная ;63.7;Октябрьская;https://novosibirsk.cian.ru/sale/flat/317456077/?mlSearchSessionGuid=84e93ee834a1f736cbb021a856474794
flat;METRAGE;real_estate_agent;sale;Октябрьский;4;10;194/9;Новосибирск;13450000;;3; Бориса Богаткова;88.0;Золотая Нива;https://novosibirsk.cian.ru/sale/flat/323874335/?mlSearchSessionGuid=84e93ee834a1f736cbb021a856474794
flat;Формула недвижимости;real_estate_agent;sale;Ленинский;8;9;15;Новосибирск;5500000;;3;Широкая ;54.8;Площадь Маркса;https://novosibirsk.cian.ru/sale/flat/285626769/?mlSearchSessionGuid=84e93ee834a1f736cbb021a856474794
flat;Камея;developer;sale;Ленинский;3;25;17;Новосибирск;10750000;Счастливый квартал;3; Костычева;70.3;Площадь Маркса;https://novosibirsk.cian.ru/sale/flat/319734737/?mlSearchSessionGuid=84e93ee834a1f736cbb021a856474794
flat;PROБРОКЕР-Н;real_estate_agent;sale;Центральный;9;14;45;Новосибирск;17200000;Современник Дом на Некрасова;3; Некрасова;73.1;Маршала Покрышкина;https://novosibirsk.cian.ru/sale/flat/321652293/?mlSearchSessionGuid=84e93ee834a1f736cbb021a856474794
flat;SG DEVELOPMENT;developer;sale;Кировский;4;8;145/5;Новосибирск;12700000;Кварталы Немировича;3; Немировича-Данченко;83.4;Студенческая;https://novosibirsk.cian.ru/sale/flat/326424105/?mlSearchSessionGuid=84e93ee834a1f736cbb021a856474794
flat;Поляков;real_estate_agent;sale;Заельцовский;8;16;49;Новосибирск;10600000;Нормандия-Неман;3; Аэропорт;86.3;Заельцовская;https://novosibirsk.cian.ru/sale/flat/311795501/?mlSearchSessionGuid=84e93ee834a1f736cbb021a856474794
flat;Столица Сибири;real_estate_agent;sale;Заельцовский;5;5;107/2;Новосибирск;4690000;;3;Кубовая ;60.4;Заельцовская;https://novosibirsk.cian.ru/sale/flat/318151580/?mlSearchSessionGuid=84e93ee834a1f736cbb021a856474794
flat;Астон;developer;sale;Кировский;5;26;6;Новосибирск;13390000;Астон. Шесть звёзд;3; Аникина;104.77;Студенческая;https://novosibirsk.cian.ru/sale/flat/321542281/?mlSearchSessionGuid=84e93ee834a1f736cbb021a856474794
flat;METRAGE;real_estate_agent;sale;Кировский;5;5;11;Новосибирск;7500000;;3; Сибиряков-Гвардейцев;71.7;Площадь Маркса;https://novosibirsk.cian.ru/sale/flat/318779630/?mlSearchSessionGuid=84e93ee834a1f736cbb021a856474794
flat;СТАН;real_estate_agent;sale;Октябрьский;9;10;29/1;Новосибирск;5750000;Плющихинский;3; Татьяны Снежиной;57.5;Золотая Нива;https://novosibirsk.cian.ru/sale/flat/324375886/?mlSearchSessionGuid=84e93ee834a1f736cbb021a856474794
flat;Брусника;developer;sale;Центральный;28;30;;Новосибирск;24550000;Мылзавод ЖК;3;;158.58;Гагаринская;https://novosibirsk.cian.ru/sale/flat/316993603/?mlSearchSessionGuid=84e93ee834a1f736cbb021a856474794
flat;METRAGE;real_estate_agent;sale;Октябрьский;5;17;71/1;Новосибирск;11200000;Маяк;3;2-я Обская ;65.5;Речной вокзал;https://novosibirsk.cian.ru/sale/flat/323645948/?mlSearchSessionGuid=84e93ee834a1f736cbb021a856474794
flat;ПЛАНЕТА на Маркса;real_estate_agent;sale;Ленинский;4;5;12;Новосибирск;5390000;;3; Филатова;60.0;Площадь Маркса;https://novosibirsk.cian.ru/sale/flat/326293278/?mlSearchSessionGuid=84e93ee834a1f736cbb021a856474794
flat;ГК Нарратив;developer;sale;Ленинский;7;14;12с;Новосибирск;11938200;Тетрис;3; Серафимовича;63.9;Площадь Маркса;https://novosibirsk.cian.ru/sale/flat/304291162/?mlSearchSessionGuid=84e93ee834a1f736cbb021a856474794
flat;Поляков;real_estate_agent;sale;Октябрьский;3;17;41;Новосибирск;24100000;На Декабристов;3; Декабристов;102.7;Речной вокзал;https://novosibirsk.cian.ru/sale/flat/320272513/?mlSearchSessionGuid=84e93ee834a1f736cbb021a856474794
flat;Департамент недвижимости и права;real_estate_agent;sale;Кировский;3;5;151;Новосибирск;4800000;;3; Зорге;60.7;Площадь Маркса;https://novosibirsk.cian.ru/sale/flat/304209313/?mlSearchSessionGuid=84e93ee834a1f736cbb021a856474794
flat;Smart People Group;developer;sale;Октябрьский;5;8;;Новосибирск;8515000;Авеню на Выборной;3;;53.4;Речной вокзал;https://novosibirsk.cian.ru/sale/flat/326434015/?mlSearchSessionGuid=84e93ee834a1f736cbb021a856474794
flat;ID 102860285;homeowner;sale;Заельцовский;1;16;222/4;Новосибирск;15250000;Красный проспект;3;Красный проспект;75.0;Заельцовская;https://novosibirsk.cian.ru/sale/flat/327059736/?mlSearchSessionGuid=84e93ee834a1f736cbb021a856474794
flat;Владис Центральное;real_estate_agent;sale;Кировский;1;5;65;Новосибирск;4700000;;3; Ватутина;52.2;Площадь Маркса;https://novosibirsk.cian.ru/sale/flat/317775282/?mlSearchSessionGuid=84e93ee834a1f736cbb021a856474794
flat;СМСС;developer;sale;Дзержинский;23;25;19;Новосибирск;13943400;Звезда;3; Королева;82.02;Березовая Роща;https://novosibirsk.cian.ru/sale/flat/325987394/?mlSearchSessionGuid=84e93ee834a1f736cbb021a856474794
flat;METRAGE;real_estate_agent;sale;Заельцовский;6;10;94;Новосибирск;7350000;;3;Кубовая ;59.1;Заельцовская;https://novosibirsk.cian.ru/sale/flat/312406321/?mlSearchSessionGuid=84e93ee834a1f736cbb021a856474794
flat;ID 87577402;unknown;sale;Заельцовский;8;9;18;Новосибирск;7600000;;3;Весенняя ;58.9;Заельцовская;https://novosibirsk.cian.ru/sale/flat/325715223/?mlSearchSessionGuid=84e93ee834a1f736cbb021a856474794
flat;Талан;developer;sale;Калининский;3;11;148;Новосибирск;9757002;Природные кварталы Сибирия;3; Богдана Хмельницкого;79.3;Заельцовская;https://novosibirsk.cian.ru/sale/flat/324852469/?mlSearchSessionGuid=84e93ee834a1f736cbb021a856474794
flat;Поиск Метров;real_estate_agent;sale;Советский;5;5;28;Новосибирск;7150000;;3; Российская;61.7;;https://novosibirsk.cian.ru/sale/flat/326542468/?mlSearchSessionGuid=84e93ee834a1f736cbb021a856474794
flat;НГС;developer;sale;Ленинский;21;23;10;Новосибирск;8800000;Оптимисты;3;Пермская ;62.48;Площадь Маркса;https://novosibirsk.cian.ru/sale/flat/321403488/?mlSearchSessionGuid=84e93ee834a1f736cbb021a856474794
flat;ЖИЛФОНД;real_estate_agent;sale;Советский;3;10;2;Новосибирск;5700000;;3; Печатников;66.1;Площадь Маркса;https://novosibirsk.cian.ru/sale/flat/325668064/?mlSearchSessionGuid=84e93ee834a1f736cbb021a856474794
flat;ГК Нарратив;developer;sale;Ленинский;5;14;12с;Новосибирск;13199650;Тетрис;3; Серафимовича;76.8;Площадь Маркса;https://novosibirsk.cian.ru/sale/flat/325194932/?mlSearchSessionGuid=84e93ee834a1f736cbb021a856474794
flat;РайоныКварталы;real_estate_agent;sale;Заельцовский;4;5;15/1;Новосибирск;5300000;;3;Холодильная ;57.9;Заельцовская;https://novosibirsk.cian.ru/sale/flat/320582026/?mlSearchSessionGuid=84e93ee834a1f736cbb021a856474794
flat;Владис Центральное;real_estate_agent;sale;Ленинский;9;9;5;Новосибирск;5700000;;3; Связистов;63.5;Площадь Маркса;https://novosibirsk.cian.ru/sale/flat/327035914/?mlSearchSessionGuid=84e93ee834a1f736cbb021a856474794
flat;Smart People Group;developer;sale;Октябрьский;7;8;;Новосибирск;9815000;Авеню на Выборной;3;;60.3;Речной вокзал;https://novosibirsk.cian.ru/sale/flat/326514496/?mlSearchSessionGuid=84e93ee834a1f736cbb021a856474794
flat;METRAGE;real_estate_agent;sale;Кировский;2;4;12;Новосибирск;4390000;;3; Бурденко;74.8;Площадь Маркса;https://novosibirsk.cian.ru/sale/flat/319650719/?mlSearchSessionGuid=84e93ee834a1f736cbb021a856474794
flat;Мета;developer;sale;Октябрьский;2;25;51;Новосибирск;14386000;Тихомиров;3;Военная ;64.7;Октябрьская;https://novosibirsk.cian.ru/sale/flat/318278471/?mlSearchSessionGuid=84e93ee834a1f736cbb021a856474794
flat;Корона;real_estate_agent;sale;Ленинский;1;10;5;Новосибирск;5000000;;3;Колхидская ;61.7;Площадь Маркса;https://novosibirsk.cian.ru/sale/flat/322585618/?mlSearchSessionGuid=84e93ee834a1f736cbb021a856474794
flat;Сибирь Девелопмент;developer;sale;Заельцовский;21;25;2;Новосибирск;21692880;Тайм Сквер;3;Дачная ;96.8;Заельцовская;https://novosibirsk.cian.ru/sale/flat/323226273/?mlSearchSessionGuid=84e93ee834a1f736cbb021a856474794
flat;Брусника;developer;sale;Центральный;3;16;93;Новосибирск;33310000;Мылзавод;3; Семьи Шамшиных;341.3;Маршала Покрышкина;https://novosibirsk.cian.ru/sale/flat/322704339/?mlSearchSessionGuid=84e93ee834a1f736cbb021a856474794
flat;Елена Чапская;realtor;sale;Кировский;16;24;143/2;Новосибирск;8500000;Кварталы Немировича;3; Немировича-Данченко;52.0;Студенческая;https://novosibirsk.cian.ru/sale/flat/325089507/?mlSearchSessionGuid=84e93ee834a1f736cbb021a856474794
flat;ЖК Академия;developer;sale;Октябрьский;19;24;19/1к3;Новосибирск;14655000;Академия;3; Шевченко;74.2;Октябрьская;https://novosibirsk.cian.ru/sale/flat/326465087/?mlSearchSessionGuid=84e93ee834a1f736cbb021a856474794
flat;Брокер Кэпитал;real_estate_agent;sale;Октябрьский;17;17;38;Новосибирск;18990000;мкр. Европейский Берег;3; Владимира Заровного;87.0;Спортивная;https://novosibirsk.cian.ru/sale/flat/322604207/?mlSearchSessionGuid=84e93ee834a1f736cbb021a856474794
flat;Заельцовский парк;developer;sale;Заельцовский;4;24;;Новосибирск;11810000;Тимирязевский Парк ЖК;3;;62.2;Площадь Гарина-Михайловского;https://novosibirsk.cian.ru/sale/flat/326863569/?mlSearchSessionGuid=84e93ee834a1f736cbb021a856474794
flat;Брусника;developer;sale;Октябрьский;9;14;с109;Новосибирск;13210000;мкр. Европейский Берег;3;Большевистская ;106.37;Спортивная;https://novosibirsk.cian.ru/sale/flat/314646831/?mlSearchSessionGuid=84e93ee834a1f736cbb021a856474794
flat;ЖИЛФОНД;real_estate_agent;sale;Первомайский;7;10;4;Новосибирск;9100000;Весенний;3; Заречная;74.1;Спортивная;https://novosibirsk.cian.ru/sale/flat/301083053/?mlSearchSessionGuid=84e93ee834a1f736cbb021a856474794
flat;Квартирный портал;real_estate_agent;sale;Ленинский;9;9;48;Новосибирск;5950000;;3; Котовского;63.2;Площадь Маркса;https://novosibirsk.cian.ru/sale/flat/325716120/?mlSearchSessionGuid=84e93ee834a1f736cbb021a856474794
flat;Novostroy-expert;real_estate_agent;sale;Октябрьский;13;25;155;Новосибирск;11740680;Пролетарский;3;Пролетарская ;93.18;Золотая Нива;https://novosibirsk.cian.ru/sale/flat/324415664/?mlSearchSessionGuid=84e93ee834a1f736cbb021a856474794
flat;PRO Недвижимость;real_estate_agent;sale;Ленинский;2;5;30;Новосибирск;4800000;;3; Котовского;55.0;Площадь Маркса;https://novosibirsk.cian.ru/sale/flat/322698713/?mlSearchSessionGuid=84e93ee834a1f736cbb021a856474794
flat;VIRA;developer;sale;Дзержинский;6;14;;Новосибирск;8550000;Горизонт ЖК;3;;67.1;Золотая Нива;https://novosibirsk.cian.ru/sale/flat/322219926/?mlSearchSessionGuid=84e93ee834a1f736cbb021a856474794
flat;Главное звено;real_estate_agent;sale;Калининский;2;10;136;Новосибирск;7100000;;3; Кропоткина;58.7;Маршала Покрышкина;https://novosibirsk.cian.ru/sale/flat/323017315/?mlSearchSessionGuid=84e93ee834a1f736cbb021a856474794
flat;ЖИЛФОНД;real_estate_agent;sale;Октябрьский;7;10;32/1;Новосибирск;5600000;;3; Грибоедова;56.8;Речной вокзал;https://novosibirsk.cian.ru/sale/flat/323792004/?mlSearchSessionGuid=84e93ee834a1f736cbb021a856474794
flat;VIRA;developer;sale;Кировский;11;11;16;Новосибирск;8450000;Сподвижники;3;18-й Бронный переулок;72.1;Студенческая;https://novosibirsk.cian.ru/sale/flat/318286950/?mlSearchSessionGuid=84e93ee834a1f736cbb021a856474794
flat;ID 87577402;unknown;sale;Октябрьский;10;17;44/2;Новосибирск;25000888;;3; Кирова;138.2;Октябрьская;https://novosibirsk.cian.ru/sale/flat/318525294/?mlSearchSessionGuid=84e93ee834a1f736cbb021a856474794
flat;Дельта;real_estate_agent;sale;Первомайский;3;9;11;Новосибирск;5750000;;3;Звездная ;61.1;Спортивная;https://novosibirsk.cian.ru/sale/flat/314352243/?mlSearchSessionGuid=84e93ee834a1f736cbb021a856474794
flat;НГС;developer;sale;Ленинский;18;23;10;Новосибирск;8900000;Оптимисты;3;Пермская ;65.34;Площадь Маркса;https://novosibirsk.cian.ru/sale/flat/325109040/?mlSearchSessionGuid=84e93ee834a1f736cbb021a856474794
flat;ID 87577402;unknown;sale;Центральный;3;14;54;Новосибирск;32500888;Комплекс клубных резиденций Маяковский;3; Чаплыгина;70.0;Площадь Ленина;https://novosibirsk.cian.ru/sale/flat/309091146/?mlSearchSessionGuid=84e93ee834a1f736cbb021a856474794
flat;СТАН;real_estate_agent;sale;Октябрьский;16;18;1;Новосибирск;3600000;Плющихинский;3; Плющихинская;55.54;Золотая Нива;https://novosibirsk.cian.ru/sale/flat/309578062/?mlSearchSessionGuid=84e93ee834a1f736cbb021a856474794
flat;SD Group ( НСК );developer;sale;Дзержинский;12;17;7;Новосибирск;10943274;Промышленная 7;3;Промышленная ;63.05;Березовая Роща;https://novosibirsk.cian.ru/sale/flat/325288283/?mlSearchSessionGuid=84e93ee834a1f736cbb021a856474794
flat;ВИЛИЯ;real_estate_agent;sale;Ленинский;1;5;3;Новосибирск;4600000;;3; Связистов;57.0;Площадь Маркса;https://novosibirsk.cian.ru/sale/flat/312664792/?mlSearchSessionGuid=84e93ee834a1f736cbb021a856474794
flat;Сибирские Жилые Кварталы;developer;sale;Заельцовский;1;11;;Новосибирск;23203000;Флора и Фауна ЖК;3;;68.3;Красный Проспект;https://novosibirsk.cian.ru/sale/flat/317441225/?mlSearchSessionGuid=84e93ee834a1f736cbb021a856474794
flat;Планета Недвижимости -подразделение ООО Лаки;real_estate_agent;sale;Ленинский;4;9;11/1;Новосибирск;14900000;;3; Титова;104.6;Площадь Маркса;https://novosibirsk.cian.ru/sale/flat/309696895/?mlSearchSessionGuid=84e93ee834a1f736cbb021a856474794
flat;METRAGE;real_estate_agent;sale;Ленинский;2;5;25/1;Новосибирск;5690000;;3; Котовского;56.0;Площадь Маркса;https://novosibirsk.cian.ru/sale/flat/326221219/?mlSearchSessionGuid=84e93ee834a1f736cbb021a856474794
flat;Брусника;developer;sale;Октябрьский;22;23;с109;Новосибирск;19600000;мкр. Европейский Берег;3;Большевистская ;141.74;Спортивная;https://novosibirsk.cian.ru/sale/flat/314945599/?mlSearchSessionGuid=84e93ee834a1f736cbb021a856474794
flat;ProstOr;real_estate_agent;sale;Октябрьский;13;17;161;Новосибирск;10700000;Грибоедов;3;Коммунстроевская ;70.4;Золотая Нива;https://novosibirsk.cian.ru/sale/flat/321707784/?mlSearchSessionGuid=84e93ee834a1f736cbb021a856474794
flat;ЖИЛФОНД;real_estate_agent;sale;Кировский;12;12;99/2;Новосибирск;5780000;Матрешкин двор;3; Петухова;81.0;Студенческая;https://novosibirsk.cian.ru/sale/flat/325030102/?mlSearchSessionGuid=84e93ee834a1f736cbb021a856474794
flat;Первый Строительный;developer;sale;Кировский;15;25;22/2;Новосибирск;8325500;Семейный квартал;3;Бронная ;73.19;Площадь Маркса;https://novosibirsk.cian.ru/sale/flat/325925710/?mlSearchSessionGuid=84e93ee834a1f736cbb021a856474794
flat;Абсолют Банк;real_estate_agent;sale;Ленинский;1;5;12;Новосибирск;4541000;;3; 9-й Гвардейской Дивизии;56.3;Площадь Маркса;https://novosibirsk.cian.ru/sale/flat/326348159/?mlSearchSessionGuid=84e93ee834a1f736cbb021a856474794
flat;Всем Квартиру;real_estate_agent;sale;Октябрьский;2;2;52;Новосибирск;4500000;;3; Лобова;72.5;Речной вокзал;https://novosibirsk.cian.ru/sale/flat/316557066/?mlSearchSessionGuid=84e93ee834a1f736cbb021a856474794
flat;SIBWILL;real_estate_agent;sale;Заельцовский;14;16;242;Новосибирск;12650000;Возрождение;3; Дуси Ковальчук;72.4;Заельцовская;https://novosibirsk.cian.ru/sale/flat/326575965/?mlSearchSessionGuid=84e93ee834a1f736cbb021a856474794
flat;ID 94654682;realtor;sale;Заельцовский;8;17;49;Новосибирск;10200000;Нормандия-Неман;3; Аэропорт;86.3;Заельцовская;https://novosibirsk.cian.ru/sale/flat/323823023/?mlSearchSessionGuid=84e93ee834a1f736cbb021a856474794
flat;ЖИЛФОНД;real_estate_agent;sale;Дзержинский;1;5;190;Новосибирск;6000000;;3; Гоголя;61.6;Березовая Роща;https://novosibirsk.cian.ru/sale/flat/324889682/?mlSearchSessionGuid=84e93ee834a1f736cbb021a856474794
flat;Сибирские Жилые Кварталы;developer;sale;Заельцовский;2;11;;Новосибирск;16385000;Флора и Фауна ЖК;3;;67.1;Красный Проспект;https://novosibirsk.cian.ru/sale/flat/317441227/?mlSearchSessionGuid=84e93ee834a1f736cbb021a856474794
flat;РайоныКварталы;real_estate_agent;sale;Ленинский;3;5;42;Новосибирск;12000000;;3;Вертковская ;110.4;Площадь Маркса;https://novosibirsk.cian.ru/sale/flat/320546861/?mlSearchSessionGuid=84e93ee834a1f736cbb021a856474794
flat;Nplus;real_estate_agent;sale;Дзержинский;3;5;51/1;Новосибирск;5300000;;3; Есенина;59.1;Золотая Нива;https://novosibirsk.cian.ru/sale/flat/324699949/?mlSearchSessionGuid=84e93ee834a1f736cbb021a856474794
flat;ГК Союз;developer;sale;Калининский;2;15;;Новосибирск;9350000;Гренландия ЖК;3;Родники мкр;88.6;Заельцовская;https://novosibirsk.cian.ru/sale/flat/326921349/?mlSearchSessionGuid=84e93ee834a1f736cbb021a856474794
flat;Екатерина Колесникова;realtor;sale;Калининский;5;5;26;Новосибирск;9149000;;3; Богдана Хмельницкого;76.4;Заельцовская;https://novosibirsk.cian.ru/sale/flat/322678093/?mlSearchSessionGuid=84e93ee834a1f736cbb021a856474794
flat;ЖИЛФОНД;real_estate_agent;sale;Дзержинский;9;12;29/1;Новосибирск;5350000;;3; Доватора;62.0;Золотая Нива;https://novosibirsk.cian.ru/sale/flat/324337935/?mlSearchSessionGuid=84e93ee834a1f736cbb021a856474794
flat;ГК Нарратив;developer;sale;Калининский;7;21;;Новосибирск;7638246;ДНК ЖК;3;;57.6;Заельцовская;https://novosibirsk.cian.ru/sale/flat/316657253/?mlSearchSessionGuid=84e93ee834a1f736cbb021a856474794
flat;ID 87577402;unknown;sale;Кировский;12;25;150;Новосибирск;16800888;Панорама;3; Немировича-Данченко;75.0;Студенческая;https://novosibirsk.cian.ru/sale/flat/305463024/?mlSearchSessionGuid=84e93ee834a1f736cbb021a856474794
flat;Мегаполис;real_estate_agent;sale;Дзержинский;8;9;11;Новосибирск;6000000;;3;Гусинобродское шоссе;58.0;Золотая Нива;https://novosibirsk.cian.ru/sale/flat/326177260/?mlSearchSessionGuid=84e93ee834a1f736cbb021a856474794
flat;VIRA;developer;sale;Дзержинский;11;14;;Новосибирск;7900000;Горизонт ЖК;3;;50.2;Золотая Нива;https://novosibirsk.cian.ru/sale/flat/323896328/?mlSearchSessionGuid=84e93ee834a1f736cbb021a856474794
flat;ID 112528514;homeowner;sale;Октябрьский;3;10;21/2;Новосибирск;7600000;Плющихинский;3; Татьяны Снежиной;86.0;Золотая Нива;https://novosibirsk.cian.ru/sale/flat/326460894/?mlSearchSessionGuid=84e93ee834a1f736cbb021a856474794
flat;Планета-8;real_estate_agent;sale;Кировский;3;10;4;Новосибирск;4500000;;3; Комсомольская;56.0;Студенческая;https://novosibirsk.cian.ru/sale/flat/324108987/?mlSearchSessionGuid=84e93ee834a1f736cbb021a856474794
flat;ГК Союз;developer;sale;Калининский;2;14;;Новосибирск;8900000;Гренландия ЖК;3;;59.2;Заельцовская;https://novosibirsk.cian.ru/sale/flat/324746604/?mlSearchSessionGuid=84e93ee834a1f736cbb021a856474794
flat;ID 111541686;homeowner;sale;Центральный;9;10;39А;Новосибирск;17300000;;3; Гоголя;83.3;Маршала Покрышкина;https://novosibirsk.cian.ru/sale/flat/321787503/?mlSearchSessionGuid=84e93ee834a1f736cbb021a856474794
flat;Владис Центральное;real_estate_agent;sale;Кировский;1;5;15;Новосибирск;4600000;;3; Бородина;58.0;Площадь Маркса;https://novosibirsk.cian.ru/sale/flat/326981048/?mlSearchSessionGuid=84e93ee834a1f736cbb021a856474794
flat;Первый Строительный;developer;sale;Первомайский;4;14;;Новосибирск;9838500;Скандинавские Кварталы ЖК;3;;86.85;Речной вокзал;https://novosibirsk.cian.ru/sale/flat/314873635/?mlSearchSessionGuid=84e93ee834a1f736cbb021a856474794
flat;ID 87648120;homeowner;sale;Калининский;9;9;77;Новосибирск;12300000;;3;Народная ;109.0;Заельцовская;https://novosibirsk.cian.ru/sale/flat/270368845/?mlSearchSessionGuid=84e93ee834a1f736cbb021a856474794
flat;Люди;real_estate_agent;sale;Калининский;1;3;53;Новосибирск;5900000;;3; Богдана Хмельницкого;75.9;Заельцовская;https://novosibirsk.cian.ru/sale/flat/326385798/?mlSearchSessionGuid=84e93ee834a1f736cbb021a856474794
flat;Novostroy-expert;real_estate_agent;sale;Калининский;11;13;;Новосибирск;7800000;Династия ЖК;3;Родники мкр;67.4;Заельцовская;https://novosibirsk.cian.ru/sale/flat/319845135/?mlSearchSessionGuid=84e93ee834a1f736cbb021a856474794
flat;ID 90713203;homeowner;sale;Железнодорожный;12;23;75;Новосибирск;34900000;Prime House;3;Советская ;103.0;Красный Проспект;https://novosibirsk.cian.ru/sale/flat/274449265/?mlSearchSessionGuid=84e93ee834a1f736cbb021a856474794
flat;СИБИРЬ-НЕДВИЖИМОСТЬ;real_estate_agent;sale;Первомайский;5;5;20;Новосибирск;3980000;;3;Тенистая ;45.4;Речной вокзал;https://novosibirsk.cian.ru/sale/flat/322355580/?mlSearchSessionGuid=84e93ee834a1f736cbb021a856474794
flat;SG DEVELOPMENT;developer;sale;Кировский;3;30;145/5;Новосибирск;12120000;Кварталы Немировича;3; Немировича-Данченко;81.1;Студенческая;https://novosibirsk.cian.ru/sale/flat/326424032/?mlSearchSessionGuid=84e93ee834a1f736cbb021a856474794
flat;РайоныКварталы;real_estate_agent;sale;Кировский;2;9;121;Новосибирск;5000000;;3; Зорге;61.0;Площадь Маркса;https://novosibirsk.cian.ru/sale/flat/324888995/?mlSearchSessionGuid=84e93ee834a1f736cbb021a856474794
flat;ЖИЛФОНД;real_estate_agent;sale;Первомайский;1;2;12;Новосибирск;4200000;;3; Маяковского;61.0;Спортивная;https://novosibirsk.cian.ru/sale/flat/316656981/?mlSearchSessionGuid=84e93ee834a1f736cbb021a856474794
flat;Концерн Сибирь;developer;sale;Ленинский;16;17;69/1;Новосибирск;6977600;Радуга Сибири;3; Забалуева;57.73;Площадь Маркса;https://novosibirsk.cian.ru/sale/flat/312927233/?mlSearchSessionGuid=84e93ee834a1f736cbb021a856474794
flat;ID 80817000;homeowner;sale;Ленинский;11;14;106;Новосибирск;9800000;Новый горизонт;3;Рельефная ;80.6;Площадь Маркса;https://novosibirsk.cian.ru/sale/flat/325903184/?mlSearchSessionGuid=84e93ee834a1f736cbb021a856474794
flat;СМСС;developer;sale;Заельцовский;13;29;105/1;Новосибирск;16236577;Бирюзовая жемчужина-2;3;Сухарная ;105.7;Площадь Гарина-Михайловского;https://novosibirsk.cian.ru/sale/flat/325987481/?mlSearchSessionGuid=84e93ee834a1f736cbb021a856474794
flat;Novostroy-expert;real_estate_agent;sale;Калининский;1;13;908;Новосибирск;8500000;Династия. Квартал поколений;3; Декоративный Питомник;70.1;Заельцовская;https://novosibirsk.cian.ru/sale/flat/319845425/?mlSearchSessionGuid=84e93ee834a1f736cbb021a856474794
flat;ID 108336303;homeowner;sale;Кировский;2;25;16;Новосибирск;22000000;Астон. Шесть звёзд;3; Аникина;103.0;;https://novosibirsk.cian.ru/sale/flat/325762829/?mlSearchSessionGuid=84e93ee834a1f736cbb021a856474794
flat;ЖИЛФОНД;real_estate_agent;sale;Кировский;7;9;237;Новосибирск;5500000;;3; Зорге;58.0;Площадь Маркса;https://novosibirsk.cian.ru/sale/flat/326986347/?mlSearchSessionGuid=84e93ee834a1f736cbb021a856474794
flat;VIRA;developer;sale;Дзержинский;4;14;;Новосибирск;10300000;Горизонт ЖК;3;;72.0;Золотая Нива;https://novosibirsk.cian.ru/sale/flat/321966855/?mlSearchSessionGuid=84e93ee834a1f736cbb021a856474794
flat;Всем Квартиру;real_estate_agent;sale;Кировский;2;5;16;Новосибирск;4990000;;3; Чемская;64.3;Студенческая;https://novosibirsk.cian.ru/sale/flat/323305309/?mlSearchSessionGuid=84e93ee834a1f736cbb021a856474794
flat;ПОЛЯКОВ;developer;sale;Калининский;13;18;40/2;Новосибирск;10250000;Миниполис ;3;Игарская ;76.95;Заельцовская;https://novosibirsk.cian.ru/sale/flat/300268377/?mlSearchSessionGuid=84e93ee834a1f736cbb021a856474794
flat;Поляков;real_estate_agent;sale;Калининский;4;17;66/9;Новосибирск;10100000;На Фадеева;3; Фадеева;96.88;Заельцовская;https://novosibirsk.cian.ru/sale/flat/319530130/?mlSearchSessionGuid=84e93ee834a1f736cbb021a856474794
flat;УСПЕХ-недвижимость;real_estate_agent;sale;Кировский;4;5;193;Новосибирск;4199000;;3; Зорге;57.9;Площадь Маркса;https://novosibirsk.cian.ru/sale/flat/321173789/?mlSearchSessionGuid=84e93ee834a1f736cbb021a856474794
flat;Концерн Сибирь;developer;sale;Ленинский;14;17;69;Новосибирск;7183000;Радуга Сибири;3; Забалуева;57.84;Студенческая;https://novosibirsk.cian.ru/sale/flat/326574167/?mlSearchSessionGuid=84e93ee834a1f736cbb021a856474794
flat;ID 107064710;homeowner;sale;Заельцовский;2;6;22;Новосибирск;18788000;Эко-квартал Flora&Fauna;3;Дачное шоссе;85.4;Заельцовская;https://novosibirsk.cian.ru/sale/flat/316547185/?mlSearchSessionGuid=84e93ee834a1f736cbb021a856474794
flat;ID 108738808;developer;sale;Советский;11;25;15с1;Новосибирск;8900000;Черемушки на Приморской;3;Приморская ;74.4;Студенческая;https://novosibirsk.cian.ru/sale/flat/322491841/?mlSearchSessionGuid=84e93ee834a1f736cbb021a856474794
flat;VIRA;developer;sale;Октябрьский;3;8;с1;Новосибирск;10990000;Citatum;3; Грибоедова;64.5;Золотая Нива;https://novosibirsk.cian.ru/sale/flat/303846740/?mlSearchSessionGuid=84e93ee834a1f736cbb021a856474794
flat;ID 107064710;homeowner;sale;Центральный;16;16;21;Новосибирск;22450000;На Потанинской;3; Ольги Жилиной;85.4;Маршала Покрышкина;https://novosibirsk.cian.ru/sale/flat/320649597/?mlSearchSessionGuid=84e93ee834a1f736cbb021a856474794
flat;ПРОЕКТ;real_estate_agent;sale;Первомайский;5;9;2/1;Новосибирск;4300000;;3;1-я Механическая ;57.0;Речной вокзал;https://novosibirsk.cian.ru/sale/flat/323673665/?mlSearchSessionGuid=84e93ee834a1f736cbb021a856474794
flat;Мета;developer;sale;Октябрьский;21;25;51;Новосибирск;14256000;Тихомиров;3;Военная ;63.1;Октябрьская;https://novosibirsk.cian.ru/sale/flat/317456040/?mlSearchSessionGuid=84e93ee834a1f736cbb021a856474794
flat;Этажи;real_estate_agent;sale;Дзержинский;12;22;130;Новосибирск;8900000;RedFox;3; Коминтерна;80.49;Золотая Нива;https://novosibirsk.cian.ru/sale/flat/324585278/?mlSearchSessionGuid=84e93ee834a1f736cbb021a856474794
flat;SKY GROUP;developer;sale;Ленинский;20;25;48;Новосибирск;10800000;Салют;3; Титова;68.29;Площадь Маркса;https://novosibirsk.cian.ru/sale/flat/321500202/?mlSearchSessionGuid=84e93ee834a1f736cbb021a856474794
flat;TS Group;real_estate_agent;sale;Заельцовский;15;24;;Новосибирск;12020000;Невский ЖК;3;;62.69;Заельцовская;https://novosibirsk.cian.ru/sale/flat/321544307/?mlSearchSessionGuid=84e93ee834a1f736cbb021a856474794
flat;SKY GROUP;developer;sale;Ленинский;9;25;48;Новосибирск;9980000;Салют;3; Титова;71.64;Площадь Маркса;https://novosibirsk.cian.ru/sale/flat/320134335/?mlSearchSessionGuid=84e93ee834a1f736cbb021a856474794
flat;SIBWILL;real_estate_agent;sale;Заельцовский;10;25;385;Новосибирск;11050000;Расцветай на Дуси Ковальчук;3; Дуси Ковальчук;67.58;Заельцовская;https://novosibirsk.cian.ru/sale/flat/325709871/?mlSearchSessionGuid=84e93ee834a1f736cbb021a856474794
flat;АктивНедвижимость;real_estate_agent;sale;Дзержинский;6;10;15/1;Новосибирск;5900000;;3; Доватора;59.6;Золотая Нива;https://novosibirsk.cian.ru/sale/flat/325544464/?mlSearchSessionGuid=84e93ee834a1f736cbb021a856474794
flat;Дельта;real_estate_agent;sale;Советский;2;5;7;Новосибирск;5800000;;3; Рубиновая;47.9;;https://novosibirsk.cian.ru/sale/flat/326351040/?mlSearchSessionGuid=84e93ee834a1f736cbb021a856474794
flat;Камея;developer;sale;Ленинский;23;25;17;Новосибирск;10090000;Счастливый квартал;3; Костычева;60.7;Площадь Маркса;https://novosibirsk.cian.ru/sale/flat/326277751/?mlSearchSessionGuid=84e93ee834a1f736cbb021a856474794
flat;БК НЕДВИЖИМОСТЬ;real_estate_agent;sale;Первомайский;4;5;14;Новосибирск;4750000;;3;Звездная ;59.4;Спортивная;https://novosibirsk.cian.ru/sale/flat/322232726/?mlSearchSessionGuid=84e93ee834a1f736cbb021a856474794
flat;СТАН;real_estate_agent;sale;Октябрьский;1;10;48/1;Новосибирск;6000000;;3;Большевистская ;58.4;Октябрьская;https://novosibirsk.cian.ru/sale/flat/311337202/?mlSearchSessionGuid=84e93ee834a1f736cbb021a856474794
flat;Novostroy-expert;real_estate_agent;sale;Калининский;6;13;9А;Новосибирск;9500000;Династия. Квартал поколений;3; Имени генерал-майора А.Н. Рожкина;82.4;Заельцовская;https://novosibirsk.cian.ru/sale/flat/319844964/?mlSearchSessionGuid=84e93ee834a1f736cbb021a856474794
flat;Екатерина Афанасьева;realtor;sale;Кировский;9;15;36;Новосибирск;5250000;Гранатовый;3; Николая Сотникова;73.0;;https://novosibirsk.cian.ru/sale/flat/327020224/?mlSearchSessionGuid=84e93ee834a1f736cbb021a856474794
flat;ЗОЛОТАЯ МИЛЯ;real_estate_agent;sale;Дзержинский;2;3;3;Новосибирск;5300000;;3;Учительская ;79.0;Березовая Роща;https://novosibirsk.cian.ru/sale/flat/325812430/?mlSearchSessionGuid=84e93ee834a1f736cbb021a856474794
flat;SIBWILL;real_estate_agent;sale;Кировский;7;9;277;Новосибирск;9416000;Серебряный ключ;3; Зорге;88.0;Площадь Маркса;https://novosibirsk.cian.ru/sale/flat/305187359/?mlSearchSessionGuid=84e93ee834a1f736cbb021a856474794
flat;Планета-А;real_estate_agent;sale;Кировский;5;9;146;Новосибирск;4450000;;3; Петухова;62.0;Площадь Маркса;https://novosibirsk.cian.ru/sale/flat/318192971/?mlSearchSessionGuid=84e93ee834a1f736cbb021a856474794
flat;НОВО-НИКОЛАЕВСКЪ-НСК;real_estate_agent;sale;Дзержинский;2;5;19/1;Новосибирск;4960000;;3; Доватора;57.4;Золотая Нива;https://novosibirsk.cian.ru/sale/flat/314032825/?mlSearchSessionGuid=84e93ee834a1f736cbb021a856474794
flat;Novostroy-expert;real_estate_agent;sale;Калининский;8;13;;Новосибирск;11200000;Династия ЖК;3;Родники мкр;107.2;Заельцовская;https://novosibirsk.cian.ru/sale/flat/319845169/?mlSearchSessionGuid=84e93ee834a1f736cbb021a856474794
flat;PRO Недвижимость;real_estate_agent;sale;Октябрьский;6;9;24;Новосибирск;5800000;;3;Вилюйская ;57.8;Речной вокзал;https://novosibirsk.cian.ru/sale/flat/326428378/?mlSearchSessionGuid=84e93ee834a1f736cbb021a856474794
flat;Геометрия;real_estate_agent;sale;Ленинский;2;5;24;Новосибирск;5200000;;3; 9-й Гвардейской Дивизии;57.5;Площадь Маркса;https://novosibirsk.cian.ru/sale/flat/326664062/?mlSearchSessionGuid=84e93ee834a1f736cbb021a856474794
flat;Сибирские Жилые Кварталы;developer;sale;Заельцовский;2;11;;Новосибирск;15556000;Флора и Фауна ЖК;3;;72.9;Красный Проспект;https://novosibirsk.cian.ru/sale/flat/319139955/?mlSearchSessionGuid=84e93ee834a1f736cbb021a856474794
flat;НСК-top;real_estate_agent;sale;Заельцовский;1;9;118/6;Новосибирск;5999999;;3; Кропоткина;60.0;Гагаринская;https://novosibirsk.cian.ru/sale/flat/326732324/?mlSearchSessionGuid=84e93ee834a1f736cbb021a856474794
flat;ЖИЛФОНД;real_estate_agent;sale;Кировский;3;9;121;Новосибирск;4800000;;3; Зорге;61.3;Площадь Маркса;https://novosibirsk.cian.ru/sale/flat/319862798/?mlSearchSessionGuid=84e93ee834a1f736cbb021a856474794
flat;SD Group ( НСК );developer;sale;Дзержинский;5;17;7;Новосибирск;10326375;Промышленная 7;3;Промышленная ;61.65;Березовая Роща;https://novosibirsk.cian.ru/sale/flat/320615123/?mlSearchSessionGuid=84e93ee834a1f736cbb021a856474794
flat;Люди;real_estate_agent;sale;Кировский;3;9;1/2;Новосибирск;5200000;;3; Оловозаводская;62.7;Площадь Маркса;https://novosibirsk.cian.ru/sale/flat/319186911/?mlSearchSessionGuid=84e93ee834a1f736cbb021a856474794
flat;ЖИЛФОНД;real_estate_agent;sale;Калининский;5;9;2;Новосибирск;5900000;;3; Менделеева;63.1;Березовая Роща;https://novosibirsk.cian.ru/sale/flat/325464522/?mlSearchSessionGuid=84e93ee834a1f736cbb021a856474794
flat;Novostroy-expert;real_estate_agent;sale;;11;25;229/4;Новосибирск;7100000;Расцветай на Зорге;3; Зорге;68.22;Площадь Маркса;https://novosibirsk.cian.ru/sale/flat/325712633/?mlSearchSessionGuid=84e93ee834a1f736cbb021a856474794
flat;АльянсРиэлт;real_estate_agent;sale;Кировский;6;9;74;Новосибирск;5300000;;3; Зорге;59.2;Площадь Маркса;https://novosibirsk.cian.ru/sale/flat/325872874/?mlSearchSessionGuid=84e93ee834a1f736cbb021a856474794
flat;Расцветай;developer;sale;;4;26;229/4;Новосибирск;7550000;Расцветай на Зорге;3; Зорге;75.81;Площадь Маркса;https://novosibirsk.cian.ru/sale/flat/325250079/?mlSearchSessionGuid=84e93ee834a1f736cbb021a856474794
flat;Город 54;real_estate_agent;sale;Ленинский;8;9;5;Новосибирск;5700000;;3; 9-й Гвардейской Дивизии;61.0;Площадь Маркса;https://novosibirsk.cian.ru/sale/flat/326424272/?mlSearchSessionGuid=84e93ee834a1f736cbb021a856474794
flat;Золотой ключ Плюс;real_estate_agent;sale;Первомайский;5;6;1/1;Новосибирск;5400000;;3; Вересаева;59.0;Спортивная;https://novosibirsk.cian.ru/sale/flat/302771043/?mlSearchSessionGuid=84e93ee834a1f736cbb021a856474794
flat;ГК Нарратив;developer;sale;Ленинский;11;18;12с;Новосибирск;14611650;Тетрис;3; Серафимовича;79.7;Площадь Маркса;https://novosibirsk.cian.ru/sale/flat/304290955/?mlSearchSessionGuid=84e93ee834a1f736cbb021a856474794
flat;Домолегион;real_estate_agent;sale;Ленинский;2;9;5;Новосибирск;5890000;;3; 9-й Гвардейской Дивизии;64.0;Площадь Маркса;https://novosibirsk.cian.ru/sale/flat/326679260/?mlSearchSessionGuid=84e93ee834a1f736cbb021a856474794
flat;Владис Центральное;real_estate_agent;sale;Кировский;2;10;82;Новосибирск;5150000;;3; Сибиряков-Гвардейцев;66.0;Площадь Маркса;https://novosibirsk.cian.ru/sale/flat/326516981/?mlSearchSessionGuid=84e93ee834a1f736cbb021a856474794
flat;Первый Строительный;developer;sale;Ленинский;5;31;;Новосибирск;8347000;Урбан Пикс ЖК;3;;63.26;Площадь Маркса;https://novosibirsk.cian.ru/sale/flat/314874205/?mlSearchSessionGuid=84e93ee834a1f736cbb021a856474794
flat;Калининское;real_estate_agent;sale;Калининский;3;5;27/2;Новосибирск;4250000;;3; Макаренко;55.0;Заельцовская;https://novosibirsk.cian.ru/sale/flat/322510633/?mlSearchSessionGuid=84e93ee834a1f736cbb021a856474794
flat;Novostroy-expert;real_estate_agent;sale;Центральный;3;16;93;Новосибирск;33310000;Мылзавод;3; Семьи Шамшиных;341.3;Маршала Покрышкина;https://novosibirsk.cian.ru/sale/flat/325786312/?mlSearchSessionGuid=84e93ee834a1f736cbb021a856474794
flat;ГК Нарратив;developer;sale;Калининский;15;21;;Новосибирск;7477272;ДНК ЖК;3;;54.6;Заельцовская;https://novosibirsk.cian.ru/sale/flat/316657159/?mlSearchSessionGuid=84e93ee834a1f736cbb021a856474794
flat;PRO Недвижимость;real_estate_agent;sale;Ленинский;7;9;7;Новосибирск;6000000;;3; 9-й Гвардейской Дивизии;65.2;Площадь Маркса;https://novosibirsk.cian.ru/sale/flat/320135642/?mlSearchSessionGuid=84e93ee834a1f736cbb021a856474794
flat;МаяК;real_estate_agent;sale;Ленинский;3;3;614;Новосибирск;5650000;;3;Большая ;64.8;Площадь Маркса;https://novosibirsk.cian.ru/sale/flat/303007939/?mlSearchSessionGuid=84e93ee834a1f736cbb021a856474794
flat;VIRA;developer;sale;Заельцовский;22;23;1;Новосибирск;9900000;LUNA;3; Ляпидевского;65.7;Заельцовская;https://novosibirsk.cian.ru/sale/flat/326171531/?mlSearchSessionGuid=84e93ee834a1f736cbb021a856474794
flat;Ключи;real_estate_agent;sale;Ленинский;5;5;63;Новосибирск;4500000;;3;Степная ;58.3;Площадь Маркса;https://novosibirsk.cian.ru/sale/flat/303665279/?mlSearchSessionGuid=84e93ee834a1f736cbb021a856474794
flat;Агентство недвижимости Буравлёвой Эллы;real_estate_agent;sale;Кировский;2;18;1/1;Новосибирск;5700000;Акатуйский;3; Виктора Уса;74.8;Площадь Маркса;https://novosibirsk.cian.ru/sale/flat/326275838/?mlSearchSessionGuid=84e93ee834a1f736cbb021a856474794
flat;VIRA;developer;sale;Октябрьский;17;23;с1;Новосибирск;9950000;Citatum;3; Грибоедова;56.2;Золотая Нива;https://novosibirsk.cian.ru/sale/flat/303846856/?mlSearchSessionGuid=84e93ee834a1f736cbb021a856474794
flat;НСК-top;real_estate_agent;sale;Первомайский;5;19;22/2;Новосибирск;5500000;Берёзовое;3; Твардовского;50.0;Спортивная;https://novosibirsk.cian.ru/sale/flat/326677577/?mlSearchSessionGuid=84e93ee834a1f736cbb021a856474794
flat;СЛОН;real_estate_agent;sale;Ленинский;10;12;2/1;Новосибирск;4800000;;3; Немировича-Данченко;56.0;Площадь Маркса;https://novosibirsk.cian.ru/sale/flat/321119778/?mlSearchSessionGuid=84e93ee834a1f736cbb021a856474794
flat;Расцветай;developer;sale;Дзержинский;25;25;3/1;Новосибирск;11350000;Расцветай на Авиастроителей;3; Авиастроителей;74.28;Березовая Роща;https://novosibirsk.cian.ru/sale/flat/319565337/?mlSearchSessionGuid=84e93ee834a1f736cbb021a856474794
flat;Люди;real_estate_agent;sale;Ленинский;6;9;73;Новосибирск;4780000;;3; Невельского;60.0;Площадь Маркса;https://novosibirsk.cian.ru/sale/flat/320543296/?mlSearchSessionGuid=84e93ee834a1f736cbb021a856474794
flat;Владис Центральное;real_estate_agent;sale;Кировский;4;5;119;Новосибирск;4300000;;3; Зорге;62.0;Площадь Маркса;https://novosibirsk.cian.ru/sale/flat/326543043/?mlSearchSessionGuid=84e93ee834a1f736cbb021a856474794
flat;METRAGE;real_estate_agent;sale;Калининский;3;5;9/1;Новосибирск;6000000;;3;Народная ;56.2;Заельцовская;https://novosibirsk.cian.ru/sale/flat/326817765/?mlSearchSessionGuid=84e93ee834a1f736cbb021a856474794
flat;Титул;real_estate_agent;sale;Дзержинский;7;9;29;Новосибирск;6000000;;3;Гусинобродское шоссе;61.0;Золотая Нива;https://novosibirsk.cian.ru/sale/flat/321896197/?mlSearchSessionGuid=84e93ee834a1f736cbb021a856474794
flat;Владис Центральное;real_estate_agent;sale;Кировский;11;17;172;Новосибирск;6000000;;3; Петухова;69.7;Площадь Маркса;https://novosibirsk.cian.ru/sale/flat/324726733/?mlSearchSessionGuid=84e93ee834a1f736cbb021a856474794
flat;АльянсРиэлт;real_estate_agent;sale;Октябрьский;3;10;9;Новосибирск;6000000;Плющихинский;3; Плющихинская;86.0;Золотая Нива;https://novosibirsk.cian.ru/sale/flat/319735789/?mlSearchSessionGuid=84e93ee834a1f736cbb021a856474794
flat;Квартирный портал;real_estate_agent;sale;Кировский;3;12;;Новосибирск;6000000;;3; Зорге;70.8;Площадь Маркса;https://novosibirsk.cian.ru/sale/flat/326268764/?mlSearchSessionGuid=84e93ee834a1f736cbb021a856474794
flat;Ключи;real_estate_agent;sale;Калининский;6;9;8/2;Новосибирск;6000000;Мкрн. Родники;3; Мясниковой;63.6;Заельцовская;https://novosibirsk.cian.ru/sale/flat/322333436/?mlSearchSessionGuid=84e93ee834a1f736cbb021a856474794
flat;ЖИЛФОНД;real_estate_agent;sale;Дзержинский;8;9;21;Новосибирск;6140000;;3; Королева;59.0;Березовая Роща;https://novosibirsk.cian.ru/sale/flat/326572696/?mlSearchSessionGuid=84e93ee834a1f736cbb021a856474794
flat;ЖИЛФОНД;real_estate_agent;sale;Октябрьский;1;10;10;Новосибирск;6100000;;3; Ключ-Камышенское плато;64.8;Спортивная;https://novosibirsk.cian.ru/sale/flat/324105087/?mlSearchSessionGuid=84e93ee834a1f736cbb021a856474794
flat;ЖИЛФОНД;real_estate_agent;sale;Кировский;8;10;6;Новосибирск;6100000;Просторный;3; Александра Чистякова;59.0;Студенческая;https://novosibirsk.cian.ru/sale/flat/324029846/?mlSearchSessionGuid=84e93ee834a1f736cbb021a856474794
flat;ЕВРОДОМ;real_estate_agent;sale;Ленинский;6;10;3/1;Новосибирск;6100000;;3;Троллейная ;66.2;Площадь Маркса;https://novosibirsk.cian.ru/sale/flat/326225022/?mlSearchSessionGuid=84e93ee834a1f736cbb021a856474794
flat;Квартирный портал;real_estate_agent;sale;Кировский;3;17;22/1;Новосибирск;6109180;Семейный квартал;3;Бронная ;56.5;Площадь Маркса;https://novosibirsk.cian.ru/sale/flat/324736492/?mlSearchSessionGuid=84e93ee834a1f736cbb021a856474794
flat;Rialtor Group;real_estate_agent;sale;Дзержинский;3;5;12А;Новосибирск;6100000;;3;Электрозаводской проезд;55.4;Березовая Роща;https://novosibirsk.cian.ru/sale/flat/322904079/?mlSearchSessionGuid=84e93ee834a1f736cbb021a856474794
flat;НИАН;real_estate_agent;sale;Октябрьский;1;9;163/8;Новосибирск;6100000;;3; Бориса Богаткова;56.0;Золотая Нива;https://novosibirsk.cian.ru/sale/flat/326581763/?mlSearchSessionGuid=84e93ee834a1f736cbb021a856474794
flat;Квартирный портал;real_estate_agent;sale;Дзержинский;8;9;8/1;Новосибирск;6100000;;3; Есенина;60.6;Золотая Нива;https://novosibirsk.cian.ru/sale/flat/315486312/?mlSearchSessionGuid=84e93ee834a1f736cbb021a856474794
flat;Дельта;real_estate_agent;sale;Ленинский;3;5;17/1;Новосибирск;6150000;;3; Блюхера;58.0;Площадь Маркса;https://novosibirsk.cian.ru/sale/flat/319378953/?mlSearchSessionGuid=84e93ee834a1f736cbb021a856474794
flat;ЖИЛФОНД;real_estate_agent;sale;Ленинский;7;9;15;Новосибирск;6150000;;3; 9-й Гвардейской Дивизии;60.3;Площадь Маркса;https://novosibirsk.cian.ru/sale/flat/325807577/?mlSearchSessionGuid=84e93ee834a1f736cbb021a856474794
flat;ЖИЛФОНД;real_estate_agent;sale;Октябрьский;10;10;124;Новосибирск;6190000;;3;Выборная ;63.0;Речной вокзал;https://novosibirsk.cian.ru/sale/flat/326549623/?mlSearchSessionGuid=84e93ee834a1f736cbb021a856474794
flat;ЖИЛФОНД;real_estate_agent;sale;Дзержинский;2;6;2;Новосибирск;6190000;;3; Авиастроителей;65.1;Березовая Роща;https://novosibirsk.cian.ru/sale/flat/324701329/?mlSearchSessionGuid=84e93ee834a1f736cbb021a856474794
flat;METRAGE;real_estate_agent;sale;Октябрьский;4;10;7/3;Новосибирск;6150000;Плющихинский;3; Виталия Потылицына;60.0;Золотая Нива;https://novosibirsk.cian.ru/sale/flat/327057337/?mlSearchSessionGuid=84e93ee834a1f736cbb021a856474794
flat;Владис Центральное;real_estate_agent;sale;Железнодорожный;5;5;44;Новосибирск;6150000;;3;Сибирская ;50.0;Площадь Гарина-Михайловского;https://novosibirsk.cian.ru/sale/flat/323273272/?mlSearchSessionGuid=84e93ee834a1f736cbb021a856474794
flat;Квартирный портал;real_estate_agent;sale;Дзержинский;3;9;13;Новосибирск;6199000;;3;Гусинобродское шоссе;59.2;Золотая Нива;https://novosibirsk.cian.ru/sale/flat/321545406/?mlSearchSessionGuid=84e93ee834a1f736cbb021a856474794
flat;Золотой ключ Плюс;real_estate_agent;sale;Дзержинский;3;9;25;Новосибирск;6150000;;3; Есенина;60.2;Золотая Нива;https://novosibirsk.cian.ru/sale/flat/325976043/?mlSearchSessionGuid=84e93ee834a1f736cbb021a856474794
flat;Алия Ишмухаметова;realtor;sale;Ленинский;7;10;34;Новосибирск;6150000;;3;Киевская ;61.4;Площадь Маркса;https://novosibirsk.cian.ru/sale/flat/319702817/?mlSearchSessionGuid=84e93ee834a1f736cbb021a856474794
flat;Светлана Османова;realtor;sale;Советский;2;5;6;Новосибирск;6150000;;3; Сердюкова;57.5;Студенческая;https://novosibirsk.cian.ru/sale/flat/326702980/?mlSearchSessionGuid=84e93ee834a1f736cbb021a856474794
flat;ЖИЛФОНД;real_estate_agent;sale;Октябрьский;2;10;3;Новосибирск;6200000;;3; В. Высоцкого;64.3;Золотая Нива;https://novosibirsk.cian.ru/sale/flat/324321775/?mlSearchSessionGuid=84e93ee834a1f736cbb021a856474794
flat;ЖИЛФОНД;real_estate_agent;sale;Ленинский;5;9;16;Новосибирск;6200000;;3; 9-й Гвардейской Дивизии;61.3;Площадь Маркса;https://novosibirsk.cian.ru/sale/flat/323309526/?mlSearchSessionGuid=84e93ee834a1f736cbb021a856474794
flat;ЖИЛФОНД;real_estate_agent;sale;Советский;8;9;23;Новосибирск;6250000;;3; Русская;63.0;;https://novosibirsk.cian.ru/sale/flat/326307872/?mlSearchSessionGuid=84e93ee834a1f736cbb021a856474794
flat;ЖИЛФОНД;real_estate_agent;sale;Октябрьский;7;10;124/1;Новосибирск;6250000;;3;Выборная ;62.7;Речной вокзал;https://novosibirsk.cian.ru/sale/flat/320407082/?mlSearchSessionGuid=84e93ee834a1f736cbb021a856474794
flat;ЖИЛФОНД;real_estate_agent;sale;Кировский;6;17;2;Новосибирск;6200000;;3; Виктора Уса;78.5;Площадь Маркса;https://novosibirsk.cian.ru/sale/flat/326837692/?mlSearchSessionGuid=84e93ee834a1f736cbb021a856474794
flat;Ново-Николаевскъ;real_estate_agent;sale;Калининский;6;9;6;Новосибирск;6200000;;3; Рассветная;62.6;Заельцовская;https://novosibirsk.cian.ru/sale/flat/324541209/?mlSearchSessionGuid=84e93ee834a1f736cbb021a856474794
flat;Rialtor Group;real_estate_agent;sale;Заельцовский;2;5;25/1;Новосибирск;6240000;;3;Дачная ;57.0;Заельцовская;https://novosibirsk.cian.ru/sale/flat/326718606/?mlSearchSessionGuid=84e93ee834a1f736cbb021a856474794
flat;MetroPolis;real_estate_agent;sale;Ленинский;6;10;137/1;Новосибирск;6200000;;3;Широкая ;62.0;Площадь Маркса;https://novosibirsk.cian.ru/sale/flat/327019689/?mlSearchSessionGuid=84e93ee834a1f736cbb021a856474794
flat;Дельта;real_estate_agent;sale;Советский;3;9;32;Новосибирск;6200000;;3;Ветлужская ;61.2;Площадь Маркса;https://novosibirsk.cian.ru/sale/flat/318637955/?mlSearchSessionGuid=84e93ee834a1f736cbb021a856474794
flat;НСК-top;real_estate_agent;sale;Ленинский;3;9;18;Новосибирск;6200000;;3;Новосибирская ;60.2;Площадь Маркса;https://novosibirsk.cian.ru/sale/flat/325644062/?mlSearchSessionGuid=84e93ee834a1f736cbb021a856474794
flat;Всем Квартиру;real_estate_agent;sale;Кировский;10;10;32;Новосибирск;6200000;Просторный;3; Виктора Шевелева;86.3;Студенческая;https://novosibirsk.cian.ru/sale/flat/325330714/?mlSearchSessionGuid=84e93ee834a1f736cbb021a856474794
flat;ПАРТНЕР;real_estate_agent;sale;Кировский;10;10;10;Новосибирск;6200000;;3;Беловежская ;64.6;Площадь Маркса;https://novosibirsk.cian.ru/sale/flat/326320432/?mlSearchSessionGuid=84e93ee834a1f736cbb021a856474794
flat;Титул;real_estate_agent;sale;Дзержинский;9;9;25;Новосибирск;6200000;;3; Доватора;62.0;Золотая Нива;https://novosibirsk.cian.ru/sale/flat/305249256/?mlSearchSessionGuid=84e93ee834a1f736cbb021a856474794
flat;Агентство недвижимости Буравлёвой Эллы;real_estate_agent;sale;Центральный;3;5;37;Новосибирск;6200000;;3; Мичурина;55.9;Гагаринская;https://novosibirsk.cian.ru/sale/flat/322133065/?mlSearchSessionGuid=84e93ee834a1f736cbb021a856474794
flat;Виктория Бандурина;realtor;sale;Советский;9;9;27;Новосибирск;6200000;;3; Русская;63.7;;https://novosibirsk.cian.ru/sale/flat/326897025/?mlSearchSessionGuid=84e93ee834a1f736cbb021a856474794
flat;ЖИЛФОНД;real_estate_agent;sale;Октябрьский;6;9;194/7;Новосибирск;6300000;;3; Бориса Богаткова;59.4;Золотая Нива;https://novosibirsk.cian.ru/sale/flat/321873650/?mlSearchSessionGuid=84e93ee834a1f736cbb021a856474794
flat;ЖИЛФОНД;real_estate_agent;sale;Дзержинский;1;5;249;Новосибирск;6300000;;3; Бориса Богаткова;62.0;Золотая Нива;https://novosibirsk.cian.ru/sale/flat/326678134/?mlSearchSessionGuid=84e93ee834a1f736cbb021a856474794
flat;ЖИЛФОНД;real_estate_agent;sale;Кировский;16;17;4;Новосибирск;6300000;Просторный;3; Александра Чистякова;72.2;Студенческая;https://novosibirsk.cian.ru/sale/flat/324634967/?mlSearchSessionGuid=84e93ee834a1f736cbb021a856474794
flat;ЖИЛФОНД;real_estate_agent;sale;Советский;3;10;8;Новосибирск;6300000;;3; Экваторная;62.0;Речной вокзал;https://novosibirsk.cian.ru/sale/flat/326229436/?mlSearchSessionGuid=84e93ee834a1f736cbb021a856474794
flat;Калининское;real_estate_agent;sale;Калининский;2;9;35/1;Новосибирск;6300000;;3; Объединения;63.0;Заельцовская;https://novosibirsk.cian.ru/sale/flat/324153829/?mlSearchSessionGuid=84e93ee834a1f736cbb021a856474794
flat;ЖИЛФОНД;real_estate_agent;sale;Ленинский;8;9;27/2;Новосибирск;6300000;;3;Ударная ;60.8;Площадь Маркса;https://novosibirsk.cian.ru/sale/flat/321371493/?mlSearchSessionGuid=84e93ee834a1f736cbb021a856474794
flat;Метражи;real_estate_agent;sale;Советский;4;10;6;Новосибирск;6300000;;3; Печатников;60.6;Студенческая;https://novosibirsk.cian.ru/sale/flat/316421063/?mlSearchSessionGuid=84e93ee834a1f736cbb021a856474794
flat;Юрстатус;real_estate_agent;sale;Октябрьский;3;5;1;Новосибирск;6300000;;3; Панфиловцев;56.5;Золотая Нива;https://novosibirsk.cian.ru/sale/flat/321701524/?mlSearchSessionGuid=84e93ee834a1f736cbb021a856474794
flat;РиэлтПрофи;real_estate_agent;sale;Советский;7;9;9;Новосибирск;6300000;;3; Тружеников;63.4;;https://novosibirsk.cian.ru/sale/flat/322439453/?mlSearchSessionGuid=84e93ee834a1f736cbb021a856474794
flat;Домофонд;real_estate_agent;sale;Ленинский;4;10;7;Новосибирск;6300000;;3;Троллейная ;59.3;Площадь Маркса;https://novosibirsk.cian.ru/sale/flat/323316254/?mlSearchSessionGuid=84e93ee834a1f736cbb021a856474794
flat;ЖИЛФОНД;real_estate_agent;sale;Ленинский;3;13;33;Новосибирск;6350000;;3;Волховская ;66.5;Площадь Маркса;https://novosibirsk.cian.ru/sale/flat/327091517/?mlSearchSessionGuid=84e93ee834a1f736cbb021a856474794
flat;Люди;real_estate_agent;sale;Ленинский;3;9;112;Новосибирск;6390000;;3; Пархоменко;64.1;Площадь Маркса;https://novosibirsk.cian.ru/sale/flat/326416703/?mlSearchSessionGuid=84e93ee834a1f736cbb021a856474794
flat;100 Домов-Новосибирск;real_estate_agent;sale;Дзержинский;5;9;7;Новосибирск;6390000;;3; Адриена Лежена;62.3;Золотая Нива;https://novosibirsk.cian.ru/sale/flat/322534242/?mlSearchSessionGuid=84e93ee834a1f736cbb021a856474794
flat;ЖИЛФОНД;real_estate_agent;sale;Ленинский;1;17;1/2;Новосибирск;6400000;Аквамарин;3;Междуреченская ;59.7;Площадь Маркса;https://novosibirsk.cian.ru/sale/flat/325280716/?mlSearchSessionGuid=84e93ee834a1f736cbb021a856474794
flat;ЖИЛФОНД;real_estate_agent;sale;Заельцовский;1;9;119/1;Новосибирск;6400000;;3; Кропоткина;61.3;Гагаринская;https://novosibirsk.cian.ru/sale/flat/325860629/?mlSearchSessionGuid=84e93ee834a1f736cbb021a856474794
flat;ЖИЛФОНД;real_estate_agent;sale;Ленинский;7;9;160;Новосибирск;6450000;;3;Троллейная ;63.1;Площадь Маркса;https://novosibirsk.cian.ru/sale/flat/320216100/?mlSearchSessionGuid=84e93ee834a1f736cbb021a856474794
flat;Вертикаль;real_estate_agent;sale;Ленинский;7;7;12;Новосибирск;6490000;;3;Новосибирская ;67.0;Площадь Маркса;https://novosibirsk.cian.ru/sale/flat/319262686/?mlSearchSessionGuid=84e93ee834a1f736cbb021a856474794
flat;Калина;real_estate_agent;sale;Заельцовский;2;5;83;Новосибирск;6450000;;3; Дуси Ковальчук;56.0;Заельцовская;https://novosibirsk.cian.ru/sale/flat/313652662/?mlSearchSessionGuid=84e93ee834a1f736cbb021a856474794
flat;Люди;real_estate_agent;sale;Дзержинский;2;5;3;Новосибирск;6400000;;3;проспект Дзержинского;65.7;Березовая Роща;https://novosibirsk.cian.ru/sale/flat/326380029/?mlSearchSessionGuid=84e93ee834a1f736cbb021a856474794
flat;Забота;real_estate_agent;sale;Ленинский;5;5;27;Новосибирск;6490000;;3; Невельского;56.9;Площадь Маркса;https://novosibirsk.cian.ru/sale/flat/327010118/?mlSearchSessionGuid=84e93ee834a1f736cbb021a856474794
flat;Светлана Толмачева;realtor;sale;Ленинский;1;17;3/1;Новосибирск;6490000;Аквамарин;3;Междуреченская ;77.4;Красный Проспект;https://novosibirsk.cian.ru/sale/flat/306250751/?mlSearchSessionGuid=84e93ee834a1f736cbb021a856474794
flat;Ново-Николаевскъ;real_estate_agent;sale;Заельцовский;4;5;2/1;Новосибирск;6450000;;3;Рельсовая ;58.2;Гагаринская;https://novosibirsk.cian.ru/sale/flat/326449901/?mlSearchSessionGuid=84e93ee834a1f736cbb021a856474794
flat;ДЕРЖАВА НЕДВИЖИМОСТЬ;real_estate_agent;sale;Заельцовский;2;5;83;Новосибирск;6450000;;3; Дуси Ковальчук;56.0;Заельцовская;https://novosibirsk.cian.ru/sale/flat/325972099/?mlSearchSessionGuid=84e93ee834a1f736cbb021a856474794
flat;Ключи;real_estate_agent;sale;Калининский;6;17;5;Новосибирск;6450000;Квартал на Игарской;3;Игарская ;59.1;Заельцовская;https://novosibirsk.cian.ru/sale/flat/326957876/?mlSearchSessionGuid=84e93ee834a1f736cbb021a856474794
flat;Новосибирский Центр Недвижимости;real_estate_agent;sale;Заельцовский;6;9;31/3;Новосибирск;6420000;;3;Линейная ;58.7;Гагаринская;https://novosibirsk.cian.ru/sale/flat/325266897/?mlSearchSessionGuid=84e93ee834a1f736cbb021a856474794
flat;METRAGE;real_estate_agent;sale;Кировский;16;17;172;Новосибирск;6400000;;3; Петухова;69.7;Площадь Маркса;https://novosibirsk.cian.ru/sale/flat/324082375/?mlSearchSessionGuid=84e93ee834a1f736cbb021a856474794
flat;MetroPolis;real_estate_agent;sale;Ленинский;2;9;113;Новосибирск;6400000;;3; Связистов;64.3;Площадь Маркса;https://novosibirsk.cian.ru/sale/flat/315533654/?mlSearchSessionGuid=84e93ee834a1f736cbb021a856474794
flat;Владис Центральное;real_estate_agent;sale;Советский;4;9;31;Новосибирск;6490000;;3; Русская;63.0;;https://novosibirsk.cian.ru/sale/flat/326769906/?mlSearchSessionGuid=84e93ee834a1f736cbb021a856474794
flat;Альфа Дом;real_estate_agent;sale;Октябрьский;17;18;7/4;Новосибирск;6400000;Плющихинский;3; Виталия Потылицына;80.0;Золотая Нива;https://novosibirsk.cian.ru/sale/flat/323431848/?mlSearchSessionGuid=84e93ee834a1f736cbb021a856474794
flat;Планета-8;real_estate_agent;sale;Ленинский;2;9;41/1;Новосибирск;6400000;;3; Титова;61.0;Студенческая;https://novosibirsk.cian.ru/sale/flat/311985697/?mlSearchSessionGuid=84e93ee834a1f736cbb021a856474794
flat;АльянсРиэлт;real_estate_agent;sale;Кировский;7;17;172;Новосибирск;6400000;На Петухова;3; Петухова;70.8;Площадь Маркса;https://novosibirsk.cian.ru/sale/flat/326553369/?mlSearchSessionGuid=84e93ee834a1f736cbb021a856474794
flat;Квартирный портал;real_estate_agent;sale;Ленинский;6;6;16;Новосибирск;6400000;;3;Новосибирская ;64.6;Площадь Маркса;https://novosibirsk.cian.ru/sale/flat/312064055/?mlSearchSessionGuid=84e93ee834a1f736cbb021a856474794
flat;Формула недвижимости;real_estate_agent;sale;Ленинский;5;9;113;Новосибирск;6400000;;3; Связистов;66.2;Площадь Маркса;https://novosibirsk.cian.ru/sale/flat/325947930/?mlSearchSessionGuid=84e93ee834a1f736cbb021a856474794
flat;ПРОЕКТ;real_estate_agent;sale;Кировский;2;10;26;Новосибирск;6400000;Просторный;3; Виктора Шевелева;87.0;Студенческая;https://novosibirsk.cian.ru/sale/flat/322266345/?mlSearchSessionGuid=84e93ee834a1f736cbb021a856474794
flat;Инна Иванова;realtor;sale;Ленинский;3;10;137/1;Новосибирск;6450000;;3;Широкая ;62.0;;https://novosibirsk.cian.ru/sale/flat/327057610/?mlSearchSessionGuid=84e93ee834a1f736cbb021a856474794
flat;ЖИЛФОНД;real_estate_agent;sale;Заельцовский;4;9;18;Новосибирск;6500000;;3; Дуси Ковальчук;60.3;Гагаринская;https://novosibirsk.cian.ru/sale/flat/326926338/?mlSearchSessionGuid=84e93ee834a1f736cbb021a856474794
flat;ЖИЛФОНД;real_estate_agent;sale;Заельцовский;5;5;1;Новосибирск;6500000;;3; Аэропорт;73.4;Заельцовская;https://novosibirsk.cian.ru/sale/flat/324204853/?mlSearchSessionGuid=84e93ee834a1f736cbb021a856474794
flat;ЖИЛФОНД;real_estate_agent;sale;Дзержинский;1;5;260;Новосибирск;6500000;;3; Бориса Богаткова;60.8;Золотая Нива;https://novosibirsk.cian.ru/sale/flat/326968034/?mlSearchSessionGuid=84e93ee834a1f736cbb021a856474794
flat;ЖИЛФОНД;real_estate_agent;sale;Калининский;9;9;22;Новосибирск;6500000;;3; Фадеева;65.0;Заельцовская;https://novosibirsk.cian.ru/sale/flat/326968035/?mlSearchSessionGuid=84e93ee834a1f736cbb021a856474794
flat;ЖИЛФОНД;real_estate_agent;sale;Кировский;4;10;14;Новосибирск;6500000;Просторный;3; Николая Сотникова;58.2;Студенческая;https://novosibirsk.cian.ru/sale/flat/326201706/?mlSearchSessionGuid=84e93ee834a1f736cbb021a856474794
flat;ЖИЛФОНД;real_estate_agent;sale;Октябрьский;10;10;31;Новосибирск;6500000;;3; В. Высоцкого;66.2;Золотая Нива;https://novosibirsk.cian.ru/sale/flat/326055820/?mlSearchSessionGuid=84e93ee834a1f736cbb021a856474794
flat;ЖИЛФОНД;real_estate_agent;sale;Октябрьский;1;9;108;Новосибирск;6500000;;3;Выборная ;63.5;Речной вокзал;https://novosibirsk.cian.ru/sale/flat/319375393/?mlSearchSessionGuid=84e93ee834a1f736cbb021a856474794
flat;Калининское;real_estate_agent;sale;Дзержинский;5;6;30/3;Новосибирск;6500000;;3;проспект Дзержинского;78.0;Березовая Роща;https://novosibirsk.cian.ru/sale/flat/322596213/?mlSearchSessionGuid=84e93ee834a1f736cbb021a856474794
flat;ВИЛИЯ;real_estate_agent;sale;Октябрьский;2;10;1;Новосибирск;6500000;Плющихинский;3; Плющихинская;59.02;Золотая Нива;https://novosibirsk.cian.ru/sale/flat/297263788/?mlSearchSessionGuid=84e93ee834a1f736cbb021a856474794
flat;Astron Estate;real_estate_agent;sale;Калининский;3;9;138;Новосибирск;6500000;;3; Кропоткина;58.9;Березовая Роща;https://novosibirsk.cian.ru/sale/flat/323965969/?mlSearchSessionGuid=84e93ee834a1f736cbb021a856474794
flat;Департамент недвижимости и права;real_estate_agent;sale;Калининский;7;10;42;Новосибирск;6500000;;3; Объединения;58.6;Заельцовская;https://novosibirsk.cian.ru/sale/flat/324974803/?mlSearchSessionGuid=84e93ee834a1f736cbb021a856474794
flat;ЛЕГКО;real_estate_agent;sale;Дзержинский;1;5;254;Новосибирск;6500000;;3; Бориса Богаткова;61.3;Золотая Нива;https://novosibirsk.cian.ru/sale/flat/327027479/?mlSearchSessionGuid=84e93ee834a1f736cbb021a856474794
flat;НИЦ;real_estate_agent;sale;Октябрьский;2;10;49;Новосибирск;6500000;Плющихинский;3; Татьяны Снежиной;75.8;Золотая Нива;https://novosibirsk.cian.ru/sale/flat/324466495/?mlSearchSessionGuid=84e93ee834a1f736cbb021a856474794
flat;Люди;real_estate_agent;sale;Октябрьский;6;9;24;Новосибирск;6500000;;3;Вилюйская ;61.0;Речной вокзал;https://novosibirsk.cian.ru/sale/flat/323346173/?mlSearchSessionGuid=84e93ee834a1f736cbb021a856474794
flat;Владис Центральное;real_estate_agent;sale;Центральный;2;9;39;Новосибирск;6520000;;3; Гоголя;55.0;Маршала Покрышкина;https://novosibirsk.cian.ru/sale/flat/326112949/?mlSearchSessionGuid=84e93ee834a1f736cbb021a856474794
flat;Дельта;real_estate_agent;sale;Советский;3;10;3А;Новосибирск;6500000;;3; Вахтангова;62.7;;https://novosibirsk.cian.ru/sale/flat/322235366/?mlSearchSessionGuid=84e93ee834a1f736cbb021a856474794
flat;Город 54;real_estate_agent;sale;Ленинский;6;10;18/1;Новосибирск;6500000;;3;Киевская ;66.0;Площадь Маркса;https://novosibirsk.cian.ru/sale/flat/326939021/?mlSearchSessionGuid=84e93ee834a1f736cbb021a856474794
flat;ГРАНОВИТ;real_estate_agent;sale;Кировский;6;24;162;Новосибирск;6500000;Матрешкин двор;3; Петухова;59.8;Спортивная;https://novosibirsk.cian.ru/sale/flat/326257837/?mlSearchSessionGuid=84e93ee834a1f736cbb021a856474794
flat;СИБИРЬ-НЕДВИЖИМОСТЬ;real_estate_agent;sale;Дзержинский;5;5;1;Новосибирск;6500000;;3; Полякова;58.4;Березовая Роща;https://novosibirsk.cian.ru/sale/flat/309461523/?mlSearchSessionGuid=84e93ee834a1f736cbb021a856474794
flat;Ольга Морозова;realtor;sale;Центральный;5;9;39;Новосибирск;6500000;;3; Гоголя;54.8;Маршала Покрышкина;https://novosibirsk.cian.ru/sale/flat/326018884/?mlSearchSessionGuid=84e93ee834a1f736cbb021a856474794
flat;ID 13351425;realtor;sale;Ленинский;9;10;71;Новосибирск;6520000;;3;Троллейная ;63.3;Площадь Маркса;https://novosibirsk.cian.ru/sale/flat/305631429/?mlSearchSessionGuid=84e93ee834a1f736cbb021a856474794
flat;ЖИЛФОНД;real_estate_agent;sale;Октябрьский;9;9;212/1;Новосибирск;6590000;;3; Бориса Богаткова;62.4;Золотая Нива;https://novosibirsk.cian.ru/sale/flat/326239534/?mlSearchSessionGuid=84e93ee834a1f736cbb021a856474794
flat;ВАШ ВЫБОР;real_estate_agent;sale;Дзержинский;4;9;264/1;Новосибирск;6590000;;3; Бориса Богаткова;59.7;Золотая Нива;https://novosibirsk.cian.ru/sale/flat/326113486/?mlSearchSessionGuid=84e93ee834a1f736cbb021a856474794
flat;Планета Недвижимости -подразделение ООО Лаки;real_estate_agent;sale;Ленинский;8;9;90;Новосибирск;6580000;;3; Пархоменко;62.7;Площадь Маркса;https://novosibirsk.cian.ru/sale/flat/323052952/?mlSearchSessionGuid=84e93ee834a1f736cbb021a856474794
flat;ЖИЛФОНД;real_estate_agent;sale;Дзержинский;9;9;5;Новосибирск;6600000;;3; Адриена Лежена;60.1;Золотая Нива;https://novosibirsk.cian.ru/sale/flat/320044111/?mlSearchSessionGuid=84e93ee834a1f736cbb021a856474794
flat;ЖИЛФОНД;real_estate_agent;sale;Кировский;10;17;22/3;Новосибирск;6600000;Акварельный 3.0;3; Александра Чистякова;58.0;Студенческая;https://novosibirsk.cian.ru/sale/flat/326342476/?mlSearchSessionGuid=84e93ee834a1f736cbb021a856474794
flat;ЖИЛФОНД;real_estate_agent;sale;Ленинский;9;9;20;Новосибирск;6600000;;3;Троллейная ;60.0;Площадь Маркса;https://novosibirsk.cian.ru/sale/flat/325703421/?mlSearchSessionGuid=84e93ee834a1f736cbb021a856474794
flat;ЖИЛФОНД;real_estate_agent;sale;Ленинский;5;5;15/1;Новосибирск;6600000;;3;Геодезическая ;58.3;Студенческая;https://novosibirsk.cian.ru/sale/flat/323930587/?mlSearchSessionGuid=84e93ee834a1f736cbb021a856474794
flat;ЖИЛФОНД;real_estate_agent;sale;Дзержинский;5;5;52;Новосибирск;6600000;;3;Трикотажная ;80.7;Березовая Роща;https://novosibirsk.cian.ru/sale/flat/315806494/?mlSearchSessionGuid=84e93ee834a1f736cbb021a856474794
flat;Владис Центральное;real_estate_agent;sale;Дзержинский;8;9;37/1;Новосибирск;6600000;;3; Кошурникова;56.3;Золотая Нива;https://novosibirsk.cian.ru/sale/flat/326393777/?mlSearchSessionGuid=84e93ee834a1f736cbb021a856474794
flat;Владис Центральное;real_estate_agent;sale;Кировский;3;10;34;Новосибирск;6600000;Просторный;3; Виктора Шевелева;86.0;Студенческая;https://novosibirsk.cian.ru/sale/flat/321967775/?mlSearchSessionGuid=84e93ee834a1f736cbb021a856474794
flat;Ключи;real_estate_agent;sale;Ленинский;9;9;69;Новосибирск;6600000;;3;Степная ;60.5;Площадь Маркса;https://novosibirsk.cian.ru/sale/flat/326653009/?mlSearchSessionGuid=84e93ee834a1f736cbb021a856474794
flat;Забота;real_estate_agent;sale;Ленинский;2;9;71;Новосибирск;6690000;;3;Степная ;65.1;Площадь Маркса;https://novosibirsk.cian.ru/sale/flat/327006587/?mlSearchSessionGuid=84e93ee834a1f736cbb021a856474794
flat;ЖИЛФОНД;real_estate_agent;sale;Октябрьский;2;5;167;Новосибирск;6700000;;3; Бориса Богаткова;61.0;Золотая Нива;https://novosibirsk.cian.ru/sale/flat/311463098/?mlSearchSessionGuid=84e93ee834a1f736cbb021a856474794
flat;Департамент недвижимости и права;real_estate_agent;sale;Заельцовский;1;5;266/4;Новосибирск;6696000;;3; Дуси Ковальчук;55.8;Заельцовская;https://novosibirsk.cian.ru/sale/flat/300546207/?mlSearchSessionGuid=84e93ee834a1f736cbb021a856474794
flat;СТАН;real_estate_agent;sale;Кировский;10;10;18;Новосибирск;6700000;Просторный;3; Виктора Шевелева;87.0;Студенческая;https://novosibirsk.cian.ru/sale/flat/313327889/?mlSearchSessionGuid=84e93ee834a1f736cbb021a856474794
flat;Владис Центральное;real_estate_agent;sale;Заельцовский;4;9;127;Новосибирск;6650000;;3; Кропоткина;61.4;Гагаринская;https://novosibirsk.cian.ru/sale/flat/325654691/?mlSearchSessionGuid=84e93ee834a1f736cbb021a856474794
flat;Русский фонд Недвижимости;real_estate_agent;sale;Железнодорожный;6;9;5;Новосибирск;6700000;;3; Вокзальная магистраль;58.3;Площадь Гарина-Михайловского;https://novosibirsk.cian.ru/sale/flat/326091138/?mlSearchSessionGuid=84e93ee834a1f736cbb021a856474794
flat;Владис Центральное;real_estate_agent;sale;Советский;5;9;3;Новосибирск;6650000;;3; Экваторная;63.6;Речной вокзал;https://novosibirsk.cian.ru/sale/flat/326514666/?mlSearchSessionGuid=84e93ee834a1f736cbb021a856474794
flat;ЕВРОДОМ;real_estate_agent;sale;Заельцовский;1;5;120/1;Новосибирск;6650000;;3; Кропоткина;59.0;Гагаринская;https://novosibirsk.cian.ru/sale/flat/324303858/?mlSearchSessionGuid=84e93ee834a1f736cbb021a856474794
flat;КЛЕВЕР;real_estate_agent;sale;Дзержинский;2;5;1А;Новосибирск;6666666;;3;Промышленная ;70.8;Березовая Роща;https://novosibirsk.cian.ru/sale/flat/317750755/?mlSearchSessionGuid=84e93ee834a1f736cbb021a856474794
flat;Планета;real_estate_agent;sale;Заельцовский;2;5;408А;Новосибирск;6700000;;3; Дуси Ковальчук;62.0;Заельцовская;https://novosibirsk.cian.ru/sale/flat/326672431/?mlSearchSessionGuid=84e93ee834a1f736cbb021a856474794
flat;ВАШ ВЫБОР;real_estate_agent;sale;Ленинский;3;5;23;Новосибирск;6750000;;3;Геодезическая ;58.0;Студенческая;https://novosibirsk.cian.ru/sale/flat/319609529/?mlSearchSessionGuid=84e93ee834a1f736cbb021a856474794
flat;ЖИЛФОНД;real_estate_agent;sale;Дзержинский;2;4;1/2;Новосибирск;6870000;;3; Ярослава Гашека;72.3;Золотая Нива;https://novosibirsk.cian.ru/sale/flat/320978025/?mlSearchSessionGuid=84e93ee834a1f736cbb021a856474794
flat;ЖИЛФОНД;real_estate_agent;sale;Кировский;4;10;44/6;Новосибирск;6800000;;3; Сибиряков-Гвардейцев;61.3;Площадь Маркса;https://novosibirsk.cian.ru/sale/flat/326902679/?mlSearchSessionGuid=84e93ee834a1f736cbb021a856474794
flat;ЖИЛФОНД;real_estate_agent;sale;Кировский;6;10;3;Новосибирск;6850000;Просторный;3; Николая Сотникова;86.1;Студенческая;https://novosibirsk.cian.ru/sale/flat/320725613/?mlSearchSessionGuid=84e93ee834a1f736cbb021a856474794
flat;ЖИЛФОНД;real_estate_agent;sale;Октябрьский;7;9;182;Новосибирск;6850000;;3;Ленинградская ;62.5;Речной вокзал;https://novosibirsk.cian.ru/sale/flat/315312559/?mlSearchSessionGuid=84e93ee834a1f736cbb021a856474794
flat;ЖИЛФОНД;real_estate_agent;sale;Железнодорожный;8;9;5;Новосибирск;6850000;;3; Вокзальная магистраль;55.9;Площадь Гарина-Михайловского;https://novosibirsk.cian.ru/sale/flat/325362761/?mlSearchSessionGuid=84e93ee834a1f736cbb021a856474794
flat;ЖИЛФОНД;real_estate_agent;sale;Октябрьский;8;9;108;Новосибирск;6840000;;3;Выборная ;60.1;Речной вокзал;https://novosibirsk.cian.ru/sale/flat/324072555/?mlSearchSessionGuid=84e93ee834a1f736cbb021a856474794
flat;ЖИЛФОНД;real_estate_agent;sale;Калининский;4;5;18/1;Новосибирск;6800000;;3; Богдана Хмельницкого;56.6;Заельцовская;https://novosibirsk.cian.ru/sale/flat/325158780/?mlSearchSessionGuid=84e93ee834a1f736cbb021a856474794
flat;Сфера;real_estate_agent;sale;Первомайский;9;9;176;Новосибирск;6800000;;3;Первомайская ;61.3;Речной вокзал;https://novosibirsk.cian.ru/sale/flat/326201526/?mlSearchSessionGuid=84e93ee834a1f736cbb021a856474794
flat;Люди;real_estate_agent;sale;Советский;3;10;10/1;Новосибирск;6800000;На Приморской;3;Приморская ;73.3;Студенческая;https://novosibirsk.cian.ru/sale/flat/324922846/?mlSearchSessionGuid=84e93ee834a1f736cbb021a856474794
flat;PRO Недвижимость;real_estate_agent;sale;Ленинский;2;16;33;Новосибирск;6800000;VESNA;3; Ясный Берег;53.0;Октябрьская;https://novosibirsk.cian.ru/sale/flat/326651632/?mlSearchSessionGuid=84e93ee834a1f736cbb021a856474794
flat;Хорошие люди;real_estate_agent;sale;Октябрьский;6;9;10;Новосибирск;6800000;;3; Федосеева;61.4;Золотая Нива;https://novosibirsk.cian.ru/sale/flat/326947237/?mlSearchSessionGuid=84e93ee834a1f736cbb021a856474794
flat;METRAGE;real_estate_agent;sale;Ленинский;9;10;58;Новосибирск;6800000;;3;Планировочная ;61.1;Студенческая;https://novosibirsk.cian.ru/sale/flat/316257132/?mlSearchSessionGuid=84e93ee834a1f736cbb021a856474794
flat;ЕВРОДОМ;real_estate_agent;sale;Заельцовский;19;19;238;Новосибирск;6800000;Ельцовский;3; Дуси Ковальчук;87.0;Заельцовская;https://novosibirsk.cian.ru/sale/flat/324721974/?mlSearchSessionGuid=84e93ee834a1f736cbb021a856474794
flat;МаяК;real_estate_agent;sale;Кировский;18;18;19;Новосибирск;6890000;Просторный;3; Николая Сотникова;71.9;Студенческая;https://novosibirsk.cian.ru/sale/flat/312927515/?mlSearchSessionGuid=84e93ee834a1f736cbb021a856474794
flat;ДомианНСК;real_estate_agent;sale;Первомайский;1;10;4;Новосибирск;6800000;Весенний;3; Заречная;78.5;Спортивная;https://novosibirsk.cian.ru/sale/flat/284734356/?mlSearchSessionGuid=84e93ee834a1f736cbb021a856474794
flat;ЖИЛФОНД;real_estate_agent;sale;Ленинский;4;5;22;Новосибирск;6900000;;3; Ватутина;57.5;Площадь Маркса;https://novosibirsk.cian.ru/sale/flat/326483026/?mlSearchSessionGuid=84e93ee834a1f736cbb021a856474794
flat;ЖИЛФОНД;real_estate_agent;sale;Кировский;7;9;12/1;Новосибирск;6900000;;3; Чигорина;63.2;Студенческая;https://novosibirsk.cian.ru/sale/flat/327075414/?mlSearchSessionGuid=84e93ee834a1f736cbb021a856474794
flat;НСК-top;real_estate_agent;sale;Октябрьский;1;10;46/1;Новосибирск;6900000;Плющихинский;3; Татьяны Снежиной;86.0;Золотая Нива;https://novosibirsk.cian.ru/sale/flat/326335573/?mlSearchSessionGuid=84e93ee834a1f736cbb021a856474794
flat;Кольцовская служба недвижимости;real_estate_agent;sale;Кировский;1;9;1;Новосибирск;6900000;;3; Урманова;66.0;Студенческая;https://novosibirsk.cian.ru/sale/flat/324735440/?mlSearchSessionGuid=84e93ee834a1f736cbb021a856474794
flat;ПРОЕКТ;real_estate_agent;sale;Первомайский;8;10;24/1;Новосибирск;6900000;;3; Маяковского;57.7;Речной вокзал;https://novosibirsk.cian.ru/sale/flat/314475291/?mlSearchSessionGuid=84e93ee834a1f736cbb021a856474794
flat;Планета;real_estate_agent;sale;Ленинский;10;18;102;Новосибирск;6900000;Радуга Сибири;3; Забалуева;70.0;Площадь Маркса;https://novosibirsk.cian.ru/sale/flat/326054991/?mlSearchSessionGuid=84e93ee834a1f736cbb021a856474794
flat;ПЛАНЕТА на Маркса;real_estate_agent;sale;Калининский;5;10;91;Новосибирск;6900000;;3; Фадеева;65.4;Заельцовская;https://novosibirsk.cian.ru/sale/flat/323824003/?mlSearchSessionGuid=84e93ee834a1f736cbb021a856474794
flat;ЖИЛФОНД;real_estate_agent;sale;Октябрьский;4;5;48;Новосибирск;6990000;;3;Большевистская ;71.2;Октябрьская;https://novosibirsk.cian.ru/sale/flat/325191692/?mlSearchSessionGuid=84e93ee834a1f736cbb021a856474794
flat;ЖИЛФОНД;real_estate_agent;sale;Ленинский;11;25;3/1;Новосибирск;6950000;1-ый на Киевской;3; Забалуева;44.0;Площадь Маркса;https://novosibirsk.cian.ru/sale/flat/326422010/?mlSearchSessionGuid=84e93ee834a1f736cbb021a856474794
flat;МакроМир;real_estate_agent;sale;Октябрьский;4;5;171;Новосибирск;6950000;;3; Бориса Богаткова;60.0;Золотая Нива;https://novosibirsk.cian.ru/sale/flat/326306654/?mlSearchSessionGuid=84e93ee834a1f736cbb021a856474794
flat;Люди;real_estate_agent;sale;Ленинский;5;5;5/2;Новосибирск;6999000;;3; Котовского;75.1;Площадь Маркса;https://novosibirsk.cian.ru/sale/flat/326281963/?mlSearchSessionGuid=84e93ee834a1f736cbb021a856474794
flat;DOMaSTROY;real_estate_agent;sale;Калининский;1;4;10;Новосибирск;6950000;;3;2-й Краснодонский переулок;98.3;Заельцовская;https://novosibirsk.cian.ru/sale/flat/326069779/?mlSearchSessionGuid=84e93ee834a1f736cbb021a856474794
flat;Домофонд;real_estate_agent;sale;Заельцовский;3;9;28/1;Новосибирск;6990000;;3; Дуси Ковальчук;60.1;Заельцовская;https://novosibirsk.cian.ru/sale/flat/317592122/?mlSearchSessionGuid=84e93ee834a1f736cbb021a856474794
flat;Мегаполис;real_estate_agent;sale;Калининский;2;2;62;Новосибирск;6990000;;3; Богдана Хмельницкого;51.1;Заельцовская;https://novosibirsk.cian.ru/sale/flat/323744110/?mlSearchSessionGuid=84e93ee834a1f736cbb021a856474794
flat;Владис Центральное;real_estate_agent;sale;Советский;3;5;7;Новосибирск;6990000;;3; Шатурская;60.3;;https://novosibirsk.cian.ru/sale/flat/323230228/?mlSearchSessionGuid=84e93ee834a1f736cbb021a856474794
flat;Столица Сибири;real_estate_agent;sale;Кировский;16;17;156;Новосибирск;6990000;Тулинка;3; Петухова;80.4;Студенческая;https://novosibirsk.cian.ru/sale/flat/326641749/?mlSearchSessionGuid=84e93ee834a1f736cbb021a856474794
flat;Квартирный портал;real_estate_agent;sale;Первомайский;12;16;37;Новосибирск;6999000;Весенний;3; Заречная;49.7;Речной вокзал;https://novosibirsk.cian.ru/sale/flat/324412344/?mlSearchSessionGuid=84e93ee834a1f736cbb021a856474794
flat;Корона;real_estate_agent;sale;Дзержинский;5;10;2/2;Новосибирск;7099999;;3; Авиастроителей;60.4;Березовая Роща;https://novosibirsk.cian.ru/sale/flat/327094111/?mlSearchSessionGuid=84e93ee834a1f736cbb021a856474794
flat;Всем Квартиру;real_estate_agent;sale;Ленинский;1;6;150/4;Новосибирск;7000000;Дивногорский;3;Дивногорская ;70.0;Площадь Маркса;https://novosibirsk.cian.ru/sale/flat/315016618/?mlSearchSessionGuid=84e93ee834a1f736cbb021a856474794
flat;ЖИЛФОНД;real_estate_agent;sale;Центральный;1;5;22;Новосибирск;7000000;;3; Достоевского;57.1;Сибирская;https://novosibirsk.cian.ru/sale/flat/325555484/?mlSearchSessionGuid=84e93ee834a1f736cbb021a856474794
flat;Люди;real_estate_agent;sale;Октябрьский;2;9;10;Новосибирск;7070000;;3; Федосеева;60.0;Золотая Нива;https://novosibirsk.cian.ru/sale/flat/316655587/?mlSearchSessionGuid=84e93ee834a1f736cbb021a856474794
flat;Дельта;real_estate_agent;sale;Советский;7;9;23;Новосибирск;7000000;;3; Энгельса;72.5;Площадь Маркса;https://novosibirsk.cian.ru/sale/flat/303652854/?mlSearchSessionGuid=84e93ee834a1f736cbb021a856474794
flat;Домофонд;real_estate_agent;sale;Октябрьский;4;18;45/2;Новосибирск;7000000;Плющихинский;3; Татьяны Снежиной;71.5;Золотая Нива;https://novosibirsk.cian.ru/sale/flat/325250755/?mlSearchSessionGuid=84e93ee834a1f736cbb021a856474794
flat;НСК-top;real_estate_agent;sale;Кировский;3;9;122;Новосибирск;7000000;;3; Петухова;60.4;Площадь Маркса;https://novosibirsk.cian.ru/sale/flat/326894402/?mlSearchSessionGuid=84e93ee834a1f736cbb021a856474794
flat;МакроМир;real_estate_agent;sale;Калининский;7;9;24;Новосибирск;7000000;;3;Учительская ;54.0;Заельцовская;https://novosibirsk.cian.ru/sale/flat/322878710/?mlSearchSessionGuid=84e93ee834a1f736cbb021a856474794
flat;Мегаполис;real_estate_agent;sale;Октябрьский;1;6;119;Новосибирск;7000000;;3; Грибоедова;72.33;Золотая Нива;https://novosibirsk.cian.ru/sale/flat/294906457/?mlSearchSessionGuid=84e93ee834a1f736cbb021a856474794
flat;Недвижимость Новосибирска-НН;real_estate_agent;sale;Кировский;4;10;34;Новосибирск;7000000;Просторный;3; Виктора Шевелева;85.9;Студенческая;https://novosibirsk.cian.ru/sale/flat/326340047/?mlSearchSessionGuid=84e93ee834a1f736cbb021a856474794
flat;Владис Центральное;real_estate_agent;sale;Кировский;7;10;3;Новосибирск;7000000;Просторный;3; Дмитрия Шмонина;86.0;Студенческая;https://novosibirsk.cian.ru/sale/flat/321855699/?mlSearchSessionGuid=84e93ee834a1f736cbb021a856474794
flat;Планета на Станиславского;real_estate_agent;sale;Калининский;1;9;3/1;Новосибирск;7000000;;3; Красных Зорь;66.1;Заельцовская;https://novosibirsk.cian.ru/sale/flat/326593185/?mlSearchSessionGuid=84e93ee834a1f736cbb021a856474794
flat;Владис Центральное;real_estate_agent;sale;Калининский;9;10;9;Новосибирск;7000000;Мкрн. Родники;3; Свечникова;63.0;Заельцовская;https://novosibirsk.cian.ru/sale/flat/323739150/?mlSearchSessionGuid=84e93ee834a1f736cbb021a856474794
flat;Альфа Дом;real_estate_agent;sale;Октябрьский;2;10;36/1;Новосибирск;7099000;по ул. В. Высоцкого, 36/1;3; В. Высоцкого;73.5;Золотая Нива;https://novosibirsk.cian.ru/sale/flat/324963168/?mlSearchSessionGuid=84e93ee834a1f736cbb021a856474794
flat;ТеремГрадъ;real_estate_agent;sale;Кировский;7;10;38/1;Новосибирск;7000000;Просторный;3; Виктора Шевелева;86.7;Студенческая;https://novosibirsk.cian.ru/sale/flat/325263804/?mlSearchSessionGuid=84e93ee834a1f736cbb021a856474794
flat;РиэлтПрофи;real_estate_agent;sale;Советский;1;2;24;Новосибирск;7000000;;3; Героев Труда;58.2;;https://novosibirsk.cian.ru/sale/flat/322715830/?mlSearchSessionGuid=84e93ee834a1f736cbb021a856474794
flat;Аванта;real_estate_agent;sale;Кировский;10;17;170;Новосибирск;7040000;;3; Петухова;72.3;Площадь Маркса;https://novosibirsk.cian.ru/sale/flat/325162372/?mlSearchSessionGuid=84e93ee834a1f736cbb021a856474794
flat;Людмила Умарова;realtor;sale;Советский;3;10;1/1;Новосибирск;7000000;;3; Экваторная;54.0;Речной вокзал;https://novosibirsk.cian.ru/sale/flat/315318401/?mlSearchSessionGuid=84e93ee834a1f736cbb021a856474794
flat;Кольцовская служба недвижимости;real_estate_agent;sale;Кировский;11;20;1/1;Новосибирск;7000000;Акатуйский;3; Виктора Уса;73.3;Площадь Маркса;https://novosibirsk.cian.ru/sale/flat/326013562/?mlSearchSessionGuid=84e93ee834a1f736cbb021a856474794
flat;Вертикаль;real_estate_agent;sale;Калининский;5;9;138;Новосибирск;7000000;;3; Кропоткина;60.0;Березовая Роща;https://novosibirsk.cian.ru/sale/flat/319278279/?mlSearchSessionGuid=84e93ee834a1f736cbb021a856474794
flat;Rialtor Group;real_estate_agent;sale;Калининский;7;9;130/2;Новосибирск;7100000;;3; Кропоткина;57.0;Березовая Роща;https://novosibirsk.cian.ru/sale/flat/324172257/?mlSearchSessionGuid=84e93ee834a1f736cbb021a856474794
flat;Центр Недвижимости;real_estate_agent;sale;Советский;7;9;;Новосибирск;7100000;;3; Русская;64.0;;https://novosibirsk.cian.ru/sale/flat/325815085/?mlSearchSessionGuid=84e93ee834a1f736cbb021a856474794
flat;PRO Недвижимость;real_estate_agent;sale;Железнодорожный;9;9;19;Новосибирск;7100000;;3;Нарымская ;59.9;Красный Проспект;https://novosibirsk.cian.ru/sale/flat/324741850/?mlSearchSessionGuid=84e93ee834a1f736cbb021a856474794
flat;Новая Эра;real_estate_agent;sale;Советский;1;10;41;Новосибирск;7100000;;3; Сиреневая;61.7;;https://novosibirsk.cian.ru/sale/flat/320170152/?mlSearchSessionGuid=84e93ee834a1f736cbb021a856474794
flat;ЖИЛФОНД;real_estate_agent;sale;Калининский;5;9;1;Новосибирск;7200000;Мкрн. Родники;3; Тюленина;62.0;Заельцовская;https://novosibirsk.cian.ru/sale/flat/309972266/?mlSearchSessionGuid=84e93ee834a1f736cbb021a856474794
flat;Кабинет Риелторских Услуг;real_estate_agent;sale;Октябрьский;15;18;30;Новосибирск;7190000;;3;Лазурная ;53.0;Золотая Нива;https://novosibirsk.cian.ru/sale/flat/323319646/?mlSearchSessionGuid=84e93ee834a1f736cbb021a856474794
flat;Департамент недвижимости и права;real_estate_agent;sale;Калининский;8;9;130/2;Новосибирск;7200000;;3; Кропоткина;60.2;Березовая Роща;https://novosibirsk.cian.ru/sale/flat/286922218/?mlSearchSessionGuid=84e93ee834a1f736cbb021a856474794
flat;Люди;real_estate_agent;sale;Ленинский;2;3;42;Новосибирск;7150000;;3; Костычева;66.0;Площадь Маркса;https://novosibirsk.cian.ru/sale/flat/325914761/?mlSearchSessionGuid=84e93ee834a1f736cbb021a856474794
flat;Новый Адрес;real_estate_agent;sale;Первомайский;9;17;1/11;Новосибирск;7200000;Берёзовое;3; Одоевского;68.3;Речной вокзал;https://novosibirsk.cian.ru/sale/flat/321071156/?mlSearchSessionGuid=84e93ee834a1f736cbb021a856474794
flat;Формула недвижимости;real_estate_agent;sale;Кировский;6;10;24;Новосибирск;7150000;Просторный;3; Виктора Шевелева;85.9;Студенческая;https://novosibirsk.cian.ru/sale/flat/302170473/?mlSearchSessionGuid=84e93ee834a1f736cbb021a856474794
flat;Ксения Бородина;realtor;sale;Заельцовский;1;5;179;Новосибирск;7200000;;3;Красный проспект;75.8;Заельцовская;https://novosibirsk.cian.ru/sale/flat/325346219/?mlSearchSessionGuid=84e93ee834a1f736cbb021a856474794
flat;ЖИЛФОНД;real_estate_agent;sale;Ленинский;8;17;1;Новосибирск;7250000;Аквамарин;3;Междуреченская ;80.4;Площадь Маркса;https://novosibirsk.cian.ru/sale/flat/320015919/?mlSearchSessionGuid=84e93ee834a1f736cbb021a856474794
flat;ЖИЛФОНД;real_estate_agent;sale;Первомайский;1;16;6;Новосибирск;7250000;Весенний;3; Заречная;74.0;Речной вокзал;https://novosibirsk.cian.ru/sale/flat/324195927/?mlSearchSessionGuid=84e93ee834a1f736cbb021a856474794
flat;Хорошие люди;real_estate_agent;sale;Октябрьский;1;10;46;Новосибирск;7299000;Плющихинский;3; В. Высоцкого;61.4;Золотая Нива;https://novosibirsk.cian.ru/sale/flat/326359632/?mlSearchSessionGuid=84e93ee834a1f736cbb021a856474794
flat;Новактив;real_estate_agent;sale;Заельцовский;3;9;169;Новосибирск;7250000;;3;Красный проспект;61.0;Заельцовская;https://novosibirsk.cian.ru/sale/flat/325608053/?mlSearchSessionGuid=84e93ee834a1f736cbb021a856474794
flat;ЖИЛФОНД;real_estate_agent;sale;Октябрьский;8;9;228;Новосибирск;7300000;;3; Бориса Богаткова;60.0;Золотая Нива;https://novosibirsk.cian.ru/sale/flat/326983673/?mlSearchSessionGuid=84e93ee834a1f736cbb021a856474794
flat;ЖИЛФОНД;real_estate_agent;sale;Октябрьский;6;9;203;Новосибирск;7300000;;3; Бориса Богаткова;60.0;Золотая Нива;https://novosibirsk.cian.ru/sale/flat/326060506/?mlSearchSessionGuid=84e93ee834a1f736cbb021a856474794
flat;ЖИЛФОНД;real_estate_agent;sale;Октябрьский;5;9;179;Новосибирск;7300000;;3; Бориса Богаткова;60.3;Золотая Нива;https://novosibirsk.cian.ru/sale/flat/324526863/?mlSearchSessionGuid=84e93ee834a1f736cbb021a856474794
flat;ЖИЛФОНД;real_estate_agent;sale;Первомайский;4;4;11;Новосибирск;7300000;;3;Радужная ;70.2;Спортивная;https://novosibirsk.cian.ru/sale/flat/320310812/?mlSearchSessionGuid=84e93ee834a1f736cbb021a856474794
flat;МакроМир;real_estate_agent;sale;Калининский;5;5;33;Новосибирск;7300000;;3; Богдана Хмельницкого;73.4;Заельцовская;https://novosibirsk.cian.ru/sale/flat/323749772/?mlSearchSessionGuid=84e93ee834a1f736cbb021a856474794
flat;НСК-top;real_estate_agent;sale;Калининский;3;5;15;Новосибирск;7300000;;3;Народная ;56.0;Заельцовская;https://novosibirsk.cian.ru/sale/flat/325221815/?mlSearchSessionGuid=84e93ee834a1f736cbb021a856474794
flat;Владис Центральное;real_estate_agent;sale;Ленинский;2;4;13;Новосибирск;7300000;;3; Станиславского;54.3;Площадь Маркса;https://novosibirsk.cian.ru/sale/flat/326115965/?mlSearchSessionGuid=84e93ee834a1f736cbb021a856474794
flat;МакроМир;real_estate_agent;sale;Дзержинский;1;5;245;Новосибирск;7300000;;3; Бориса Богаткова;61.2;Золотая Нива;https://novosibirsk.cian.ru/sale/flat/326654409/?mlSearchSessionGuid=84e93ee834a1f736cbb021a856474794
flat;Агент Pro;real_estate_agent;sale;Октябрьский;2;11;48/2;Новосибирск;7320000;;3;Большевистская ;59.6;Речной вокзал;https://novosibirsk.cian.ru/sale/flat/324258059/?mlSearchSessionGuid=84e93ee834a1f736cbb021a856474794
flat;Жанна Кулешова;realtor;sale;Дзержинский;11;12;270;Новосибирск;7300000;;3; Бориса Богаткова;58.9;Золотая Нива;https://novosibirsk.cian.ru/sale/flat/326597537/?mlSearchSessionGuid=84e93ee834a1f736cbb021a856474794
flat;ЖИЛФОНД;real_estate_agent;sale;Октябрьский;2;10;48/2;Новосибирск;7400000;;3;Большевистская ;61.2;Речной вокзал;https://novosibirsk.cian.ru/sale/flat/321532545/?mlSearchSessionGuid=84e93ee834a1f736cbb021a856474794
flat;ЖИЛФОНД;real_estate_agent;sale;Кировский;10;17;22/1;Новосибирск;7370000;Семейный квартал;3;Бронная ;72.6;Студенческая;https://novosibirsk.cian.ru/sale/flat/311243643/?mlSearchSessionGuid=84e93ee834a1f736cbb021a856474794
flat;МакроМир;real_estate_agent;sale;Октябрьский;5;9;206;Новосибирск;7400000;;3; Бориса Богаткова;62.7;Золотая Нива;https://novosibirsk.cian.ru/sale/flat/321272147/?mlSearchSessionGuid=84e93ee834a1f736cbb021a856474794
flat;Люди;real_estate_agent;sale;Заельцовский;4;9;19;Новосибирск;7400000;;3;Дачная ;53.0;Заельцовская;https://novosibirsk.cian.ru/sale/flat/317112971/?mlSearchSessionGuid=84e93ee834a1f736cbb021a856474794
flat;Квартирный портал;real_estate_agent;sale;Кировский;9;17;22;Новосибирск;7400000;Акварельный 3.0;3; Александра Чистякова;57.8;Студенческая;https://novosibirsk.cian.ru/sale/flat/324724397/?mlSearchSessionGuid=84e93ee834a1f736cbb021a856474794
flat;Юрстатус;real_estate_agent;sale;Советский;4;9;6;Новосибирск;7350000;;3; Печатников;72.0;Студенческая;https://novosibirsk.cian.ru/sale/flat/326200339/?mlSearchSessionGuid=84e93ee834a1f736cbb021a856474794
flat;ЖИЛФОНД;real_estate_agent;sale;Железнодорожный;4;5;6;Новосибирск;7490000;;3;проспект Димитрова;62.4;Площадь Ленина;https://novosibirsk.cian.ru/sale/flat/320449123/?mlSearchSessionGuid=84e93ee834a1f736cbb021a856474794
flat;Ключи;real_estate_agent;sale;Железнодорожный;7;9;30;Новосибирск;7450000;;3; Челюскинцев;55.6;Площадь Гарина-Михайловского;https://novosibirsk.cian.ru/sale/flat/318748102/?mlSearchSessionGuid=84e93ee834a1f736cbb021a856474794
flat;Домой;real_estate_agent;sale;Советский;5;9;2;Новосибирск;7480000;;3; Добровольческая;63.0;;https://novosibirsk.cian.ru/sale/flat/326516404/?mlSearchSessionGuid=84e93ee834a1f736cbb021a856474794
flat;Аванта;real_estate_agent;sale;Ленинский;9;9;26;Новосибирск;7461000;Дивногорский;3; Романтиков;71.06;Площадь Маркса;https://novosibirsk.cian.ru/sale/flat/326343269/?mlSearchSessionGuid=84e93ee834a1f736cbb021a856474794
flat;ЖИЛФОНД;real_estate_agent;sale;Заельцовский;8;9;118/5;Новосибирск;7500000;;3; Кропоткина;59.0;Гагаринская;https://novosibirsk.cian.ru/sale/flat/326302863/?mlSearchSessionGuid=84e93ee834a1f736cbb021a856474794
flat;ЖИЛФОНД;real_estate_agent;sale;Заельцовский;3;10;106/2;Новосибирск;7500000;;3; Жуковского;56.4;Заельцовская;https://novosibirsk.cian.ru/sale/flat/324194847/?mlSearchSessionGuid=84e93ee834a1f736cbb021a856474794
flat;ЖИЛФОНД;real_estate_agent;sale;Октябрьский;2;10;13;Новосибирск;7500000;Плющихинский;3; Виталия Потылицына;86.7;Золотая Нива;https://novosibirsk.cian.ru/sale/flat/326448067/?mlSearchSessionGuid=84e93ee834a1f736cbb021a856474794
flat;МакроМир;real_estate_agent;sale;Советский;3;9;9;Новосибирск;7500000;;3; Тружеников;63.1;;https://novosibirsk.cian.ru/sale/flat/326275401/?mlSearchSessionGuid=84e93ee834a1f736cbb021a856474794
flat;Альфа Дом;real_estate_agent;sale;Железнодорожный;4;9;14;Новосибирск;7500000;;3; Челюскинцев;50.0;Площадь Гарина-Михайловского;https://novosibirsk.cian.ru/sale/flat/323828245/?mlSearchSessionGuid=84e93ee834a1f736cbb021a856474794
flat;Русский фонд Недвижимости;real_estate_agent;sale;Ленинский;5;5;23;Новосибирск;7500000;;3;Геодезическая ;62.6;Студенческая;https://novosibirsk.cian.ru/sale/flat/326743913/?mlSearchSessionGuid=84e93ee834a1f736cbb021a856474794
flat;ЕВРОДОМ;real_estate_agent;sale;Октябрьский;3;5;48;Новосибирск;7500000;;3;Большевистская ;73.8;Октябрьская;https://novosibirsk.cian.ru/sale/flat/325516474/?mlSearchSessionGuid=84e93ee834a1f736cbb021a856474794
flat;МакроМир;real_estate_agent;sale;Октябрьский;8;9;24;Новосибирск;7500000;;3;Вилюйская ;59.8;Речной вокзал;https://novosibirsk.cian.ru/sale/flat/305073714/?mlSearchSessionGuid=84e93ee834a1f736cbb021a856474794
flat;АльянсРиэлт;real_estate_agent;sale;Октябрьский;4;10;13;Новосибирск;7500000;;3; Стофато;64.6;Золотая Нива;https://novosibirsk.cian.ru/sale/flat/322634351/?mlSearchSessionGuid=84e93ee834a1f736cbb021a856474794
flat;АльянсРиэлт;real_estate_agent;sale;Дзержинский;3;10;8/5;Новосибирск;7500000;;3; Есенина;67.6;Золотая Нива;https://novosibirsk.cian.ru/sale/flat/297757057/?mlSearchSessionGuid=84e93ee834a1f736cbb021a856474794
flat;Альфа Дом;real_estate_agent;sale;Дзержинский;4;9;25;Новосибирск;7500000;;3; Доватора;73.0;Золотая Нива;https://novosibirsk.cian.ru/sale/flat/321892318/?mlSearchSessionGuid=84e93ee834a1f736cbb021a856474794
flat;Квартирный портал;real_estate_agent;sale;Железнодорожный;1;9;51;Новосибирск;7500000;;3;Сибирская ;63.4;Красный Проспект;https://novosibirsk.cian.ru/sale/flat/324589721/?mlSearchSessionGuid=84e93ee834a1f736cbb021a856474794
flat;РиэлтПрофи;real_estate_agent;sale;Советский;1;9;33;Новосибирск;7500000;;3; Иванова;60.1;;https://novosibirsk.cian.ru/sale/flat/326324339/?mlSearchSessionGuid=84e93ee834a1f736cbb021a856474794
flat;Формула недвижимости;real_estate_agent;sale;Калининский;8;10;8/2;Новосибирск;7500000;Мкрн. Родники;3; Мясниковой;63.6;Заельцовская;https://novosibirsk.cian.ru/sale/flat/324377313/?mlSearchSessionGuid=84e93ee834a1f736cbb021a856474794
flat;Недвижимость Новосибирска-НН;real_estate_agent;sale;Ленинский;3;10;236/1;Новосибирск;7560000;Чистая слобода;3; Титова;72.1;Площадь Маркса;https://novosibirsk.cian.ru/sale/flat/322220555/?mlSearchSessionGuid=84e93ee834a1f736cbb021a856474794
flat;ЖИЛФОНД;real_estate_agent;sale;Калининский;9;17;21/1;Новосибирск;7600000;Мкрн. Родники;3; Краузе;72.4;Заельцовская;https://novosibirsk.cian.ru/sale/flat/326178277/?mlSearchSessionGuid=84e93ee834a1f736cbb021a856474794
flat;ЖИЛФОНД;real_estate_agent;sale;Ленинский;5;10;10/1;Новосибирск;7600000;Чистая слобода;3;Спортивная ;72.9;Площадь Маркса;https://novosibirsk.cian.ru/sale/flat/326322950/?mlSearchSessionGuid=84e93ee834a1f736cbb021a856474794
flat;ЖИЛФОНД;real_estate_agent;sale;Кировский;6;11;1/1;Новосибирск;7600000;;3; Герцена;66.9;Студенческая;https://novosibirsk.cian.ru/sale/flat/323594453/?mlSearchSessionGuid=84e93ee834a1f736cbb021a856474794
flat;Люди;real_estate_agent;sale;Заельцовский;4;5;56;Новосибирск;7600000;;3; Аэропорт;60.0;Заельцовская;https://novosibirsk.cian.ru/sale/flat/321413001/?mlSearchSessionGuid=84e93ee834a1f736cbb021a856474794
flat;Планета Недвижимости -подразделение ООО Лаки;real_estate_agent;sale;Калининский;4;10;4;Новосибирск;7600000;Мкрн. Родники;3; Земнухова;78.5;Заельцовская;https://novosibirsk.cian.ru/sale/flat/326677022/?mlSearchSessionGuid=84e93ee834a1f736cbb021a856474794
flat;Вместе;real_estate_agent;sale;Железнодорожный;3;5;32;Новосибирск;7630000;;3;Сибирская ;67.0;Площадь Гарина-Михайловского;https://novosibirsk.cian.ru/sale/flat/322425076/?mlSearchSessionGuid=84e93ee834a1f736cbb021a856474794
flat;PRO Недвижимость;real_estate_agent;sale;Советский;7;9;29;Новосибирск;7600000;;3; Героев Труда;54.4;;https://novosibirsk.cian.ru/sale/flat/299273971/?mlSearchSessionGuid=84e93ee834a1f736cbb021a856474794
flat;ЖИЛФОНД;real_estate_agent;sale;Кировский;5;5;1;Новосибирск;7700000;;3; Сибиряков-Гвардейцев;77.4;Площадь Маркса;https://novosibirsk.cian.ru/sale/flat/326247324/?mlSearchSessionGuid=84e93ee834a1f736cbb021a856474794
flat;ЖИЛФОНД;real_estate_agent;sale;Заельцовский;7;9;21/4;Новосибирск;7700000;;3;Дачная ;62.2;Заельцовская;https://novosibirsk.cian.ru/sale/flat/318922895/?mlSearchSessionGuid=84e93ee834a1f736cbb021a856474794
flat;ЛЕГКО;real_estate_agent;sale;Октябрьский;6;9;219;Новосибирск;7700000;;3; Бориса Богаткова;60.9;Золотая Нива;https://novosibirsk.cian.ru/sale/flat/326744575/?mlSearchSessionGuid=84e93ee834a1f736cbb021a856474794
flat;ЛЕГКО;real_estate_agent;sale;Дзержинский;11;13;23;Новосибирск;7700000;;3; Толбухина;77.0;Золотая Нива;https://novosibirsk.cian.ru/sale/flat/320720390/?mlSearchSessionGuid=84e93ee834a1f736cbb021a856474794
flat;Дельта;real_estate_agent;sale;Октябрьский;2;8;2;Новосибирск;7700000;Promenade;3;Родниковая ;62.5;Речной вокзал;https://novosibirsk.cian.ru/sale/flat/326180974/?mlSearchSessionGuid=84e93ee834a1f736cbb021a856474794
flat;METRAGE;real_estate_agent;sale;Октябрьский;4;9;163;Новосибирск;7700000;;3;Московская ;63.0;Речной вокзал;https://novosibirsk.cian.ru/sale/flat/315021912/?mlSearchSessionGuid=84e93ee834a1f736cbb021a856474794
flat;НИЦ;real_estate_agent;sale;Кировский;16;17;22/2;Новосибирск;7690000;Акварельный 3.0;3; Александра Чистякова;71.7;Площадь Маркса;https://novosibirsk.cian.ru/sale/flat/318755767/?mlSearchSessionGuid=84e93ee834a1f736cbb021a856474794
flat;ЕВРОДОМ;real_estate_agent;sale;Октябрьский;11;14;271/5с;Новосибирск;7650000;Эверест;3;Пролетарская ;82.15;Речной вокзал;https://novosibirsk.cian.ru/sale/flat/320734174/?mlSearchSessionGuid=84e93ee834a1f736cbb021a856474794
flat;ЕВРОДОМ;real_estate_agent;sale;Калининский;9;14;327/3;Новосибирск;7700000;Infinity;3;Красный проспект;60.9;Заельцовская;https://novosibirsk.cian.ru/sale/flat/326543529/?mlSearchSessionGuid=84e93ee834a1f736cbb021a856474794
flat;Родники;real_estate_agent;sale;Калининский;6;13;902;Новосибирск;7700000;Династия ЖК;3;;60.4;Заельцовская;https://novosibirsk.cian.ru/sale/flat/314127475/?mlSearchSessionGuid=84e93ee834a1f736cbb021a856474794
flat;Константин Василевский;realtor;sale;Октябрьский;8;9;204;Новосибирск;7700000;;3; Бориса Богаткова;60.4;Золотая Нива;https://novosibirsk.cian.ru/sale/flat/326140887/?mlSearchSessionGuid=84e93ee834a1f736cbb021a856474794
flat;ЖИЛФОНД;real_estate_agent;sale;Ленинский;4;6;150/4;Новосибирск;7800000;;3;Дивногорская ;70.2;Площадь Маркса;https://novosibirsk.cian.ru/sale/flat/322583321/?mlSearchSessionGuid=84e93ee834a1f736cbb021a856474794
flat;ЖИЛФОНД;real_estate_agent;sale;Заельцовский;9;9;3;Новосибирск;7790000;;3;Рельсовая ;60.0;Гагаринская;https://novosibirsk.cian.ru/sale/flat/326991216/?mlSearchSessionGuid=84e93ee834a1f736cbb021a856474794
flat;СИБИРЬ;real_estate_agent;sale;Октябрьский;3;10;21;Новосибирск;7800000;Плющихинский;3; Татьяны Снежиной;85.9;Золотая Нива;https://novosibirsk.cian.ru/sale/flat/325028165/?mlSearchSessionGuid=84e93ee834a1f736cbb021a856474794
flat;МакроМир;real_estate_agent;sale;Ленинский;3;9;11;Новосибирск;7800000;;3; Связистов;59.6;Площадь Маркса;https://novosibirsk.cian.ru/sale/flat/326727611/?mlSearchSessionGuid=84e93ee834a1f736cbb021a856474794
flat;Владис Центральное;real_estate_agent;sale;Центральный;8;9;31;Новосибирск;7800000;;3; Ольги Жилиной;61.0;Маршала Покрышкина;https://novosibirsk.cian.ru/sale/flat/325556018/?mlSearchSessionGuid=84e93ee834a1f736cbb021a856474794
flat;Русский фонд Недвижимости;real_estate_agent;sale;Центральный;4;4;35;Новосибирск;7800000;;3;Ядринцевская ;67.1;Площадь Ленина;https://novosibirsk.cian.ru/sale/flat/326610252/?mlSearchSessionGuid=84e93ee834a1f736cbb021a856474794
flat;Калининское;real_estate_agent;sale;Калининский;2;17;5/1;Новосибирск;7840000;Династия. Квартал поколений;3; Имени генерал-майора А.Н. Рожкина;65.0;Заельцовская;https://novosibirsk.cian.ru/sale/flat/326057423/?mlSearchSessionGuid=84e93ee834a1f736cbb021a856474794
flat;Юрстатус;real_estate_agent;sale;Октябрьский;6;10;122/2;Новосибирск;7800000;;3;Выборная ;63.8;Речной вокзал;https://novosibirsk.cian.ru/sale/flat/320576581/?mlSearchSessionGuid=84e93ee834a1f736cbb021a856474794
flat;Планета;real_estate_agent;sale;Дзержинский;5;6;14;Новосибирск;7800000;;3; Авиастроителей;94.7;Березовая Роща;https://novosibirsk.cian.ru/sale/flat/292170314/?mlSearchSessionGuid=84e93ee834a1f736cbb021a856474794
flat;ЖИЛФОНД;real_estate_agent;sale;Советский;2;25;24/1;Новосибирск;7850000;Тихий берег;3;Приморская ;77.4;Студенческая;https://novosibirsk.cian.ru/sale/flat/314588656/?mlSearchSessionGuid=84e93ee834a1f736cbb021a856474794
flat;METRAGE;real_estate_agent;sale;Дзержинский;8;10;9;Новосибирск;7850000;;3; Новая Заря;55.8;Березовая Роща;https://novosibirsk.cian.ru/sale/flat/321775909/?mlSearchSessionGuid=84e93ee834a1f736cbb021a856474794
flat;Владис Центральное;real_estate_agent;sale;Калининский;2;9;14/2;Новосибирск;7890000;Дунаевский;3; Дунаевского;61.8;Заельцовская;https://novosibirsk.cian.ru/sale/flat/326553748/?mlSearchSessionGuid=84e93ee834a1f736cbb021a856474794
flat;Квартирный портал;real_estate_agent;sale;Октябрьский;8;9;217;Новосибирск;7889000;;3; Бориса Богаткова;56.6;Золотая Нива;https://novosibirsk.cian.ru/sale/flat/305161913/?mlSearchSessionGuid=84e93ee834a1f736cbb021a856474794
flat;НСК-top;real_estate_agent;sale;Ленинский;10;10;15;Новосибирск;7890000;по ул. Связистов, 15;3; Связистов;87.9;Площадь Маркса;https://novosibirsk.cian.ru/sale/flat/312338859/?mlSearchSessionGuid=84e93ee834a1f736cbb021a856474794
flat;ЖИЛФОНД;real_estate_agent;sale;Первомайский;8;17;15;Новосибирск;7990000;Берёзовое;3;Березовая ;76.1;Речной вокзал;https://novosibirsk.cian.ru/sale/flat/326968042/?mlSearchSessionGuid=84e93ee834a1f736cbb021a856474794
flat;ЖИЛФОНД;real_estate_agent;sale;Октябрьский;10;10;13;Новосибирск;7990000;Эверест;3; Ключ-Камышенское плато;73.0;Речной вокзал;https://novosibirsk.cian.ru/sale/flat/326545975/?mlSearchSessionGuid=84e93ee834a1f736cbb021a856474794
flat;Самолет Плюс Центр;real_estate_agent;sale;Центральный;5;5;23;Новосибирск;7900000;;3; Романова;55.8;Площадь Ленина;https://novosibirsk.cian.ru/sale/flat/327055645/?mlSearchSessionGuid=84e93ee834a1f736cbb021a856474794
flat;ЖИЛФОНД;real_estate_agent;sale;Калининский;15;17;18;Новосибирск;7990000;Новые Снегири;3; Курчатова;55.4;Заельцовская;https://novosibirsk.cian.ru/sale/flat/317544305/?mlSearchSessionGuid=84e93ee834a1f736cbb021a856474794
flat;Планета-А;real_estate_agent;sale;Заельцовский;6;10;1;Новосибирск;7900000;;3; Балакирева;63.4;Гагаринская;https://novosibirsk.cian.ru/sale/flat/312847354/?mlSearchSessionGuid=84e93ee834a1f736cbb021a856474794
flat;МакроМир;real_estate_agent;sale;Заельцовский;6;9;73;Новосибирск;7990000;;3; Дуси Ковальчук;60.7;Заельцовская;https://novosibirsk.cian.ru/sale/flat/326896230/?mlSearchSessionGuid=84e93ee834a1f736cbb021a856474794
flat;Департамент недвижимости и права;real_estate_agent;sale;Заельцовский;2;9;29;Новосибирск;7999000;;3;Линейная ;59.8;Гагаринская;https://novosibirsk.cian.ru/sale/flat/320487977/?mlSearchSessionGuid=84e93ee834a1f736cbb021a856474794
flat;ЛЕГКО;real_estate_agent;sale;Заельцовский;10;17;49;Новосибирск;7990000;Нормандия-Неман;3; Аэропорт;60.5;Заельцовская;https://novosibirsk.cian.ru/sale/flat/316401003/?mlSearchSessionGuid=84e93ee834a1f736cbb021a856474794
flat;Люди;real_estate_agent;sale;Ленинский;3;10;276;Новосибирск;7930000;Чистая слобода;3; Титова;73.0;Площадь Маркса;https://novosibirsk.cian.ru/sale/flat/322534674/?mlSearchSessionGuid=84e93ee834a1f736cbb021a856474794
flat;НОВО-НИКОЛАЕВСКЪ-НСК;real_estate_agent;sale;Дзержинский;1;9;14;Новосибирск;7990000;;3; Новая Заря;71.6;Березовая Роща;https://novosibirsk.cian.ru/sale/flat/323567619/?mlSearchSessionGuid=84e93ee834a1f736cbb021a856474794
flat;Владис Центральное;real_estate_agent;sale;Советский;5;10;35А;Новосибирск;7900000;;3; Иванова;69.0;;https://novosibirsk.cian.ru/sale/flat/322984050/?mlSearchSessionGuid=84e93ee834a1f736cbb021a856474794
flat;Ключи;real_estate_agent;sale;Ленинский;16;18;35;Новосибирск;7900000;VESNA;3; Ясный Берег;56.2;Октябрьская;https://novosibirsk.cian.ru/sale/flat/322634787/?mlSearchSessionGuid=84e93ee834a1f736cbb021a856474794
flat;1Е;real_estate_agent;sale;Железнодорожный;2;4;33;Новосибирск;7980000;;3;Сибирская ;62.8;Площадь Гарина-Михайловского;https://novosibirsk.cian.ru/sale/flat/324999184/?mlSearchSessionGuid=84e93ee834a1f736cbb021a856474794
flat;Родники;real_estate_agent;sale;Калининский;6;14;;Новосибирск;7990000;Династия ЖК;3;Родники мкр;60.4;Заельцовская;https://novosibirsk.cian.ru/sale/flat/322982719/?mlSearchSessionGuid=84e93ee834a1f736cbb021a856474794
flat;Родники;real_estate_agent;sale;Калининский;6;13;;Новосибирск;7990000;Династия ЖК;3;;60.4;Заельцовская;https://novosibirsk.cian.ru/sale/flat/314126666/?mlSearchSessionGuid=84e93ee834a1f736cbb021a856474794
flat;Ключи;real_estate_agent;sale;Железнодорожный;5;9;12;Новосибирск;7900000;;3; Дмитрия Шамшурина;59.9;Площадь Гарина-Михайловского;https://novosibirsk.cian.ru/sale/flat/317890833/?mlSearchSessionGuid=84e93ee834a1f736cbb021a856474794
flat;Вертикаль;real_estate_agent;sale;Дзержинский;5;9;243/1;Новосибирск;7900000;;3; Бориса Богаткова;60.0;Золотая Нива;https://novosibirsk.cian.ru/sale/flat/324574292/?mlSearchSessionGuid=84e93ee834a1f736cbb021a856474794
flat;ЖИЛФОНД;real_estate_agent;sale;Ленинский;15;17;43;Новосибирск;8000000;Чистая слобода;3;Спортивная ;79.2;Площадь Маркса;https://novosibirsk.cian.ru/sale/flat/326360473/?mlSearchSessionGuid=84e93ee834a1f736cbb021a856474794
flat;Калининское;real_estate_agent;sale;Калининский;9;10;2;Новосибирск;8000000;Мкрн. Родники;3; Свечникова;64.4;Заельцовская;https://novosibirsk.cian.ru/sale/flat/326720290/?mlSearchSessionGuid=84e93ee834a1f736cbb021a856474794
flat;ЖИЛФОНД;real_estate_agent;sale;Кировский;5;17;1/1;Новосибирск;8000000;Акатуйский;3; Виктора Уса;72.2;Площадь Маркса;https://novosibirsk.cian.ru/sale/flat/326931957/?mlSearchSessionGuid=84e93ee834a1f736cbb021a856474794
flat;Сфера;real_estate_agent;sale;Ленинский;13;18;43;Новосибирск;8000000;Чистая слобода;3;Спортивная ;79.2;Площадь Маркса;https://novosibirsk.cian.ru/sale/flat/324158358/?mlSearchSessionGuid=84e93ee834a1f736cbb021a856474794
flat;Сфера;real_estate_agent;sale;Октябрьский;3;4;26;Новосибирск;8000000;;3;Большевистская ;70.0;Речной вокзал;https://novosibirsk.cian.ru/sale/flat/321650057/?mlSearchSessionGuid=84e93ee834a1f736cbb021a856474794
flat;Формула недвижимости;real_estate_agent;sale;Кировский;3;17;160;Новосибирск;8000000;Тулинка;3; Петухова;80.7;Студенческая;https://novosibirsk.cian.ru/sale/flat/326523419/?mlSearchSessionGuid=84e93ee834a1f736cbb021a856474794
flat;Домолегион;real_estate_agent;sale;Калининский;5;17;39;Новосибирск;8000000;Тайгинский парк;3;Тайгинская ;66.0;Заельцовская;https://novosibirsk.cian.ru/sale/flat/326742340/?mlSearchSessionGuid=84e93ee834a1f736cbb021a856474794
flat;Агент Pro;real_estate_agent;sale;Железнодорожный;3;4;35;Новосибирск;8000000;;3; Чаплыгина;51.1;Площадь Ленина;https://novosibirsk.cian.ru/sale/flat/322731529/?mlSearchSessionGuid=84e93ee834a1f736cbb021a856474794
flat;Агент Pro;real_estate_agent;sale;Железнодорожный;5;9;13;Новосибирск;8000000;;3;Сибирская ;60.3;Площадь Гарина-Михайловского;https://novosibirsk.cian.ru/sale/flat/326197114/?mlSearchSessionGuid=84e93ee834a1f736cbb021a856474794
flat;Альфа Дом;real_estate_agent;sale;Октябрьский;9;10;110;Новосибирск;8000000;;3;Воинская ;80.0;Золотая Нива;https://novosibirsk.cian.ru/sale/flat/322823547/?mlSearchSessionGuid=84e93ee834a1f736cbb021a856474794
flat;Домолегион;real_estate_agent;sale;Октябрьский;6;10;42;Новосибирск;8000000;На Снежиной;3; Татьяны Снежиной;58.5;Золотая Нива;https://novosibirsk.cian.ru/sale/flat/326487319/?mlSearchSessionGuid=84e93ee834a1f736cbb021a856474794
flat;Ключи;real_estate_agent;sale;Кировский;12;18;22/2;Новосибирск;8000000;Акварельный 3.0;3; Александра Чистякова;80.6;Площадь Маркса;https://novosibirsk.cian.ru/sale/flat/300652126/?mlSearchSessionGuid=84e93ee834a1f736cbb021a856474794
flat;Новый Адрес;real_estate_agent;sale;Октябрьский;7;10;122/2;Новосибирск;8000000;;3;Выборная ;63.7;Речной вокзал;https://novosibirsk.cian.ru/sale/flat/321920937/?mlSearchSessionGuid=84e93ee834a1f736cbb021a856474794
flat;Планета на Станиславского;real_estate_agent;sale;Железнодорожный;1;5;12;Новосибирск;8000000;;3; Урицкого;60.8;Площадь Ленина;https://novosibirsk.cian.ru/sale/flat/324003783/?mlSearchSessionGuid=84e93ee834a1f736cbb021a856474794
flat;Ваш Академгородок;real_estate_agent;sale;Советский;4;5;16;Новосибирск;8000000;;3; Шлюзовая;63.0;;https://novosibirsk.cian.ru/sale/flat/324952379/?mlSearchSessionGuid=84e93ee834a1f736cbb021a856474794
flat;Любовь Никитина;realtor;sale;Дзержинский;4;5;69;Новосибирск;8000000;;3;проспект Дзержинского;82.5;Березовая Роща;https://novosibirsk.cian.ru/sale/flat/326396112/?mlSearchSessionGuid=84e93ee834a1f736cbb021a856474794
flat;ПРОЕКТ;real_estate_agent;sale;Ленинский;11;18;43;Новосибирск;8100000;Чистая слобода;3;Спортивная ;79.5;Площадь Маркса;https://novosibirsk.cian.ru/sale/flat/322591949/?mlSearchSessionGuid=84e93ee834a1f736cbb021a856474794
flat;Альфа Дом;real_estate_agent;sale;Ленинский;2;6;11;Новосибирск;8100000;;3; Котовского;83.4;Площадь Маркса;https://novosibirsk.cian.ru/sale/flat/326709665/?mlSearchSessionGuid=84e93ee834a1f736cbb021a856474794
flat;Альфа Дом;real_estate_agent;sale;Кировский;4;9;84;Новосибирск;8050000;;3;Тульская ;63.1;Студенческая;https://novosibirsk.cian.ru/sale/flat/325556903/?mlSearchSessionGuid=84e93ee834a1f736cbb021a856474794
flat;METRAGE;real_estate_agent;sale;Заельцовский;4;9;123;Новосибирск;8100000;;3; Жуковского;58.8;Заельцовская;https://novosibirsk.cian.ru/sale/flat/326285339/?mlSearchSessionGuid=84e93ee834a1f736cbb021a856474794
flat;ГРАНОВИТ;real_estate_agent;sale;Железнодорожный;8;9;22;Новосибирск;8110000;;3;Железнодорожная ;60.8;Гагаринская;https://novosibirsk.cian.ru/sale/flat/326768847/?mlSearchSessionGuid=84e93ee834a1f736cbb021a856474794
flat;Алексей Владимирович  Шодик;realtor;sale;Ленинский;3;18;43;Новосибирск;8100000;Чистая слобода;3;Спортивная ;79.4;Площадь Маркса;https://novosibirsk.cian.ru/sale/flat/323416609/?mlSearchSessionGuid=84e93ee834a1f736cbb021a856474794
flat;Бэст-Лэнд;real_estate_agent;sale;Первомайский;3;9;6;Новосибирск;8100000;;3; Марата;62.6;Речной вокзал;https://novosibirsk.cian.ru/sale/flat/308781865/?mlSearchSessionGuid=84e93ee834a1f736cbb021a856474794
flat;Родники;real_estate_agent;sale;Калининский;3;11;7/1;Новосибирск;8200000;Мкрн. Родники;3; Гребенщикова;73.8;Заельцовская;https://novosibirsk.cian.ru/sale/flat/326012761/?mlSearchSessionGuid=84e93ee834a1f736cbb021a856474794
flat;ЖИЛФОНД;real_estate_agent;sale;Заельцовский;9;9;18;Новосибирск;8150000;;3; Дуси Ковальчук;57.7;Гагаринская;https://novosibirsk.cian.ru/sale/flat/325119968/?mlSearchSessionGuid=84e93ee834a1f736cbb021a856474794
flat;МакроМир;real_estate_agent;sale;Ленинский;2;4;3;Новосибирск;8200000;;3; Станиславского;69.3;Площадь Маркса;https://novosibirsk.cian.ru/sale/flat/324859543/?mlSearchSessionGuid=84e93ee834a1f736cbb021a856474794
flat;НИЦ;real_estate_agent;sale;Заельцовский;7;9;73;Новосибирск;8200000;;3; Дуси Ковальчук;60.0;Заельцовская;https://novosibirsk.cian.ru/sale/flat/325970977/?mlSearchSessionGuid=84e93ee834a1f736cbb021a856474794
flat;Дельта;real_estate_agent;sale;Советский;4;4;38;Новосибирск;8200000;;3; Академическая;57.6;;https://novosibirsk.cian.ru/sale/flat/325772118/?mlSearchSessionGuid=84e93ee834a1f736cbb021a856474794
flat;МакроМир;real_estate_agent;sale;Заельцовский;9;9;38;Новосибирск;8200000;;3;Дачная ;60.4;Заельцовская;https://novosibirsk.cian.ru/sale/flat/318405514/?mlSearchSessionGuid=84e93ee834a1f736cbb021a856474794
flat;Новактив;real_estate_agent;sale;Кировский;2;4;4;Новосибирск;8200000;;3;Рубежная ;65.9;Студенческая;https://novosibirsk.cian.ru/sale/flat/323827047/?mlSearchSessionGuid=84e93ee834a1f736cbb021a856474794
flat;Екатерина Акименко;realtor;sale;Ленинский;10;11;242/2;Новосибирск;8200000;Чистая слобода;3; Титова;69.4;Площадь Маркса;https://novosibirsk.cian.ru/sale/flat/326894741/?mlSearchSessionGuid=84e93ee834a1f736cbb021a856474794
flat;METRAGE;real_estate_agent;sale;Калининский;15;17;39;Новосибирск;8200000;Тайгинский парк;3;Тайгинская ;80.6;Заельцовская;https://novosibirsk.cian.ru/sale/flat/313411995/?mlSearchSessionGuid=84e93ee834a1f736cbb021a856474794
flat;Квартирный портал;real_estate_agent;sale;Калининский;4;5;35/1;Новосибирск;8200000;;3;Народная ;72.6;Заельцовская;https://novosibirsk.cian.ru/sale/flat/323215295/?mlSearchSessionGuid=84e93ee834a1f736cbb021a856474794
flat;Планета;real_estate_agent;sale;Железнодорожный;12;12;17/2;Новосибирск;8200000;;3; 1905 года;70.0;Площадь Гарина-Михайловского;https://novosibirsk.cian.ru/sale/flat/320431030/?mlSearchSessionGuid=84e93ee834a1f736cbb021a856474794
flat;ЖИЛФОНД;real_estate_agent;sale;Кировский;3;15;5;Новосибирск;8290000;Акатуйский;3; Виктора Уса;76.0;Площадь Маркса;https://novosibirsk.cian.ru/sale/flat/326091566/?mlSearchSessionGuid=84e93ee834a1f736cbb021a856474794
flat;ЖИЛФОНД;real_estate_agent;sale;Калининский;2;10;13;Новосибирск;8250000;;3; Гребенщикова;73.7;Заельцовская;https://novosibirsk.cian.ru/sale/flat/325359789/?mlSearchSessionGuid=84e93ee834a1f736cbb021a856474794
flat;ЖИЛФОНД;real_estate_agent;sale;Заельцовский;2;10;11;Новосибирск;8250000;;3;;69.5;Заельцовская;https://novosibirsk.cian.ru/sale/flat/325783251/?mlSearchSessionGuid=84e93ee834a1f736cbb021a856474794
flat;ЖИЛФОНД;real_estate_agent;sale;Калининский;15;17;4;Новосибирск;8250000;Мкрн. Родники;3; Мясниковой;65.0;Заельцовская;https://novosibirsk.cian.ru/sale/flat/325456284/?mlSearchSessionGuid=84e93ee834a1f736cbb021a856474794
flat;Созвездие Весов;real_estate_agent;sale;Советский;4;4;28;Новосибирск;8250000;;3; Жемчужная;59.1;;https://novosibirsk.cian.ru/sale/flat/325614840/?mlSearchSessionGuid=84e93ee834a1f736cbb021a856474794
flat;ЖИЛФОНД;real_estate_agent;sale;Калининский;3;10;8/1;Новосибирск;8300000;;3; Михаила Немыткина;73.1;Заельцовская;https://novosibirsk.cian.ru/sale/flat/321243096/?mlSearchSessionGuid=84e93ee834a1f736cbb021a856474794
flat;ЖИЛФОНД;real_estate_agent;sale;Советский;5;10;8;Новосибирск;8300000;;3; Боровая Партия;62.7;;https://novosibirsk.cian.ru/sale/flat/326756742/?mlSearchSessionGuid=84e93ee834a1f736cbb021a856474794
flat;ЖИЛФОНД;real_estate_agent;sale;Октябрьский;7;10;42;Новосибирск;8300000;На Снежиной;3; Татьяны Снежиной;74.3;Золотая Нива;https://novosibirsk.cian.ru/sale/flat/322911757/?mlSearchSessionGuid=84e93ee834a1f736cbb021a856474794
flat;Сфера;real_estate_agent;sale;Советский;1;9;18;Новосибирск;8350000;;3; Демакова;64.0;;https://novosibirsk.cian.ru/sale/flat/315206346/?mlSearchSessionGuid=84e93ee834a1f736cbb021a856474794
flat;НСК-top;real_estate_agent;sale;Заельцовский;7;9;7;Новосибирск;8300000;;3;Рельсовая ;56.8;Гагаринская;https://novosibirsk.cian.ru/sale/flat/325917483/?mlSearchSessionGuid=84e93ee834a1f736cbb021a856474794
flat;Департамент недвижимости и права;real_estate_agent;sale;Ленинский;9;9;32/1;Новосибирск;8300000;;3;Выставочная ;67.5;Студенческая;https://novosibirsk.cian.ru/sale/flat/302434220/?mlSearchSessionGuid=84e93ee834a1f736cbb021a856474794
flat;Квартирный портал;real_estate_agent;sale;Кировский;15;17;22/1;Новосибирск;8325500;Семейный квартал;3;Бронная ;72.5;Площадь Маркса;https://novosibirsk.cian.ru/sale/flat/324737137/?mlSearchSessionGuid=84e93ee834a1f736cbb021a856474794
flat;Метражи;real_estate_agent;sale;Советский;9;9;33А;Новосибирск;8350000;;3; Героев Труда;64.0;;https://novosibirsk.cian.ru/sale/flat/325064424/?mlSearchSessionGuid=84e93ee834a1f736cbb021a856474794
flat;METRAGE;real_estate_agent;sale;Железнодорожный;1;9;29;Новосибирск;8300000;;3; Ленина;62.0;Площадь Гарина-Михайловского;https://novosibirsk.cian.ru/sale/flat/324206753/?mlSearchSessionGuid=84e93ee834a1f736cbb021a856474794
flat;РЦН на Башне;real_estate_agent;sale;Октябрьский;4;4;16;Новосибирск;8300000;;3;Большевистская ;80.5;Речной вокзал;https://novosibirsk.cian.ru/sale/flat/320876501/?mlSearchSessionGuid=84e93ee834a1f736cbb021a856474794
flat;Владис Центральное;real_estate_agent;sale;Ленинский;7;10;55;Новосибирск;8300000;Чистая слобода;3; Забалуева;73.3;Площадь Маркса;https://novosibirsk.cian.ru/sale/flat/326543052/?mlSearchSessionGuid=84e93ee834a1f736cbb021a856474794
flat;МакроМир;real_estate_agent;sale;Октябрьский;2;10;13;Новосибирск;8350000;Эверест;3; Ключ-Камышенское плато;73.0;Речной вокзал;https://novosibirsk.cian.ru/sale/flat/323856555/?mlSearchSessionGuid=84e93ee834a1f736cbb021a856474794
flat;AviRielt;real_estate_agent;sale;Первомайский;3;10;3/3;Новосибирск;8300000;;3; Баумана;62.7;Речной вокзал;https://novosibirsk.cian.ru/sale/flat/321469092/?mlSearchSessionGuid=84e93ee834a1f736cbb021a856474794
flat;Квартирный портал;real_estate_agent;sale;Заельцовский;4;25;244;Новосибирск;8306911;Покровский;3; Дуси Ковальчук;98.9;Заельцовская;https://novosibirsk.cian.ru/sale/flat/324467851/?mlSearchSessionGuid=84e93ee834a1f736cbb021a856474794
flat;Сибирский Партнер;real_estate_agent;sale;Ленинский;1;11;236/2;Новосибирск;8350000;Чистая слобода;3; Титова;72.9;Площадь Маркса;https://novosibirsk.cian.ru/sale/flat/303891664/?mlSearchSessionGuid=84e93ee834a1f736cbb021a856474794
flat;Квартирный портал;real_estate_agent;sale;Заельцовский;10;25;244;Новосибирск;8467473;Покровский;3; Дуси Ковальчук;98.7;Заельцовская;https://novosibirsk.cian.ru/sale/flat/324464235/?mlSearchSessionGuid=84e93ee834a1f736cbb021a856474794
flat;РЕГИОНАЛЬНЫЙ ЦЕНТР НЕДВИЖИМОСТИ;real_estate_agent;sale;Железнодорожный;4;5;2;Новосибирск;8499000;;3; Челюскинцев;75.9;Площадь Гарина-Михайловского;https://novosibirsk.cian.ru/sale/flat/325093283/?mlSearchSessionGuid=84e93ee834a1f736cbb021a856474794
flat;Бэст-Лэнд;real_estate_agent;sale;Ленинский;7;18;43;Новосибирск;8400000;Чистая слобода;3;Спортивная ;79.2;Площадь Маркса;https://novosibirsk.cian.ru/sale/flat/322677450/?mlSearchSessionGuid=84e93ee834a1f736cbb021a856474794
flat;ЖИЛФОНД;real_estate_agent;sale;Ленинский;4;4;13;Новосибирск;8500000;;3; Станиславского;67.1;Площадь Маркса;https://novosibirsk.cian.ru/sale/flat/326513367/?mlSearchSessionGuid=84e93ee834a1f736cbb021a856474794
flat;Созвездие Весов;real_estate_agent;sale;Ленинский;4;9;2;Новосибирск;8500000;;3;;71.2;Студенческая;https://novosibirsk.cian.ru/sale/flat/324123644/?mlSearchSessionGuid=84e93ee834a1f736cbb021a856474794
flat;Первая риэлторская компания;real_estate_agent;sale;Октябрьский;2;16;108;Новосибирск;8500000;;3; Кирова;60.4;Октябрьская;https://novosibirsk.cian.ru/sale/flat/326774856/?mlSearchSessionGuid=84e93ee834a1f736cbb021a856474794
flat;МакроМир;real_estate_agent;sale;Ленинский;16;17;16/2;Новосибирск;8500000;на ул. Немировича-Данченко;3; Немировича-Данченко;55.7;Площадь Маркса;https://novosibirsk.cian.ru/sale/flat/324009165/?mlSearchSessionGuid=84e93ee834a1f736cbb021a856474794
flat;Владис Центральное;real_estate_agent;sale;Калининский;16;17;21/1;Новосибирск;8500000;Мкрн. Родники;3; Краузе;70.2;Заельцовская;https://novosibirsk.cian.ru/sale/flat/326551928/?mlSearchSessionGuid=84e93ee834a1f736cbb021a856474794
flat;Планета Недвижимости -подразделение ООО Лаки;real_estate_agent;sale;Кировский;3;17;44/7;Новосибирск;8500000;по ул. Сибиряков-Гвардейцев, 44/7;3; Сибиряков-Гвардейцев;65.0;Площадь Маркса;https://novosibirsk.cian.ru/sale/flat/317509512/?mlSearchSessionGuid=84e93ee834a1f736cbb021a856474794
flat;НСК-top;real_estate_agent;sale;Железнодорожный;6;9;7;Новосибирск;8500000;;3; Революции;64.7;Площадь Ленина;https://novosibirsk.cian.ru/sale/flat/322561337/?mlSearchSessionGuid=84e93ee834a1f736cbb021a856474794
flat;ПРОЕКТ;real_estate_agent;sale;Первомайский;9;10;3/3;Новосибирск;8500000;;3; Баумана;74.0;Речной вокзал;https://novosibirsk.cian.ru/sale/flat/323290069/?mlSearchSessionGuid=84e93ee834a1f736cbb021a856474794
flat;МакроМир;real_estate_agent;sale;Калининский;1;5;24;Новосибирск;8500000;;3; Богдана Хмельницкого;74.7;Заельцовская;https://novosibirsk.cian.ru/sale/flat/324332791/?mlSearchSessionGuid=84e93ee834a1f736cbb021a856474794
flat;Ключи;real_estate_agent;sale;Октябрьский;1;10;3;Новосибирск;8500000;;3; Толстого;64.3;Октябрьская;https://novosibirsk.cian.ru/sale/flat/324156357/?mlSearchSessionGuid=84e93ee834a1f736cbb021a856474794
flat;Калининское;real_estate_agent;sale;Калининский;7;10;24/1;Новосибирск;8600000;Мкрн. Родники;3; Мясниковой;73.3;Заельцовская;https://novosibirsk.cian.ru/sale/flat/323872912/?mlSearchSessionGuid=84e93ee834a1f736cbb021a856474794
flat;РЕГИОНАЛЬНЫЙ ЦЕНТР НЕДВИЖИМОСТИ;real_estate_agent;sale;Ленинский;4;27;48;Новосибирск;8600000;Салют;3; Титова;53.98;Площадь Маркса;https://novosibirsk.cian.ru/sale/flat/325023322/?mlSearchSessionGuid=84e93ee834a1f736cbb021a856474794
flat;ЖИЛФОНД;real_estate_agent;sale;Железнодорожный;7;9;28;Новосибирск;8650000;;3; 1905 года;59.1;Площадь Гарина-Михайловского;https://novosibirsk.cian.ru/sale/flat/326690078/?mlSearchSessionGuid=84e93ee834a1f736cbb021a856474794
flat;ЖИЛФОНД;real_estate_agent;sale;Железнодорожный;9;9;7;Новосибирск;8700000;;3; Революции;68.5;Площадь Ленина;https://novosibirsk.cian.ru/sale/flat/320578474/?mlSearchSessionGuid=84e93ee834a1f736cbb021a856474794
flat;METRAGE;real_estate_agent;sale;Заельцовский;4;5;6;Новосибирск;8699000;;3;Ельцовская ;64.2;Площадь Гарина-Михайловского;https://novosibirsk.cian.ru/sale/flat/319080718/?mlSearchSessionGuid=84e93ee834a1f736cbb021a856474794
flat;Владис Центральное;real_estate_agent;sale;Октябрьский;8;9;214;Новосибирск;8700000;;3; Бориса Богаткова;59.0;Золотая Нива;https://novosibirsk.cian.ru/sale/flat/326107682/?mlSearchSessionGuid=84e93ee834a1f736cbb021a856474794
flat;Квартирный портал;real_estate_agent;sale;Заельцовский;20;25;244;Новосибирск;8736936;Покровский;3; Дуси Ковальчук;98.4;Заельцовская;https://novosibirsk.cian.ru/sale/flat/324726496/?mlSearchSessionGuid=84e93ee834a1f736cbb021a856474794
flat;Квартирный портал;real_estate_agent;sale;Октябрьский;15;17;162/1;Новосибирск;8700000;ул. Добролюбова, 162/1;3; Добролюбова;70.6;Золотая Нива;https://novosibirsk.cian.ru/sale/flat/320424401/?mlSearchSessionGuid=84e93ee834a1f736cbb021a856474794
flat;Поиск Метров;real_estate_agent;sale;Октябрьский;17;17;14;Новосибирск;8790000;;3;Закаменский мкр;59.5;Березовая Роща;https://novosibirsk.cian.ru/sale/flat/326126990/?mlSearchSessionGuid=84e93ee834a1f736cbb021a856474794
flat;ЖИЛФОНД;real_estate_agent;sale;Железнодорожный;4;5;32;Новосибирск;8750000;;3;Сибирская ;57.8;Площадь Гарина-Михайловского;https://novosibirsk.cian.ru/sale/flat/325241901/?mlSearchSessionGuid=84e93ee834a1f736cbb021a856474794
flat;METRAGE;real_estate_agent;sale;Первомайский;13;17;13;Новосибирск;8799999;Берёзовое;3;Березовая ;72.6;Речной вокзал;https://novosibirsk.cian.ru/sale/flat/316870175/?mlSearchSessionGuid=84e93ee834a1f736cbb021a856474794
flat;Аванта;real_estate_agent;sale;Ленинский;10;17;7/1;Новосибирск;8794000;;3;Междуреченская ;78.7;Площадь Гарина-Михайловского;https://novosibirsk.cian.ru/sale/flat/326186897/?mlSearchSessionGuid=84e93ee834a1f736cbb021a856474794
flat;НИЦ;real_estate_agent;sale;Ленинский;7;9;16;Новосибирск;8790000;Дивногорский;3; Романтиков;61.4;Площадь Гарина-Михайловского;https://novosibirsk.cian.ru/sale/flat/319239868/?mlSearchSessionGuid=84e93ee834a1f736cbb021a856474794
flat;АльянсРиэлт;real_estate_agent;sale;Октябрьский;20;27;55А;Новосибирск;8750000;На Покатной;3;Покатная ;45.8;Октябрьская;https://novosibirsk.cian.ru/sale/flat/325875965/?mlSearchSessionGuid=84e93ee834a1f736cbb021a856474794
flat;ДОКТОР КЛЮЧ;real_estate_agent;sale;Октябрьский;8;16;14/1;Новосибирск;8800000;;3; Ключ-Камышенское плато;80.2;Речной вокзал;https://novosibirsk.cian.ru/sale/flat/324309664/?mlSearchSessionGuid=84e93ee834a1f736cbb021a856474794
flat;ЖИЛФОНД;real_estate_agent;sale;Ленинский;4;10;4;Новосибирск;8800000;;3;;68.0;Студенческая;https://novosibirsk.cian.ru/sale/flat/325617915/?mlSearchSessionGuid=84e93ee834a1f736cbb021a856474794
flat;ЖИЛФОНД;real_estate_agent;sale;Октябрьский;8;15;49;Новосибирск;8800000;;3; В. Высоцкого;60.3;Золотая Нива;https://novosibirsk.cian.ru/sale/flat/326310614/?mlSearchSessionGuid=84e93ee834a1f736cbb021a856474794
flat;ЖИЛФОНД;real_estate_agent;sale;Ленинский;4;10;7/2;Новосибирск;8850000;Чистая слобода;3;Спортивная ;72.8;Площадь Маркса;https://novosibirsk.cian.ru/sale/flat/326186841/?mlSearchSessionGuid=84e93ee834a1f736cbb021a856474794
flat;ЖИЛФОНД;real_estate_agent;sale;Первомайский;1;18;59;Новосибирск;8800000;Весенний;3; Заречная;59.8;Спортивная;https://novosibirsk.cian.ru/sale/flat/325934657/?mlSearchSessionGuid=84e93ee834a1f736cbb021a856474794
flat;ЖИЛФОНД;real_estate_agent;sale;Ленинский;2;10;54;Новосибирск;8850000;;3;;67.0;Студенческая;https://novosibirsk.cian.ru/sale/flat/323632300/?mlSearchSessionGuid=84e93ee834a1f736cbb021a856474794
flat;Метражи;real_estate_agent;sale;Советский;6;9;31;Новосибирск;8800000;;3; Русская;64.0;;https://novosibirsk.cian.ru/sale/flat/284545822/?mlSearchSessionGuid=84e93ee834a1f736cbb021a856474794
flat;ЖИЛФОНД;real_estate_agent;sale;Заельцовский;5;5;163;Новосибирск;8999000;;3;Красный проспект;77.0;Заельцовская;https://novosibirsk.cian.ru/sale/flat/326158832/?mlSearchSessionGuid=84e93ee834a1f736cbb021a856474794
flat;ЖИЛФОНД;real_estate_agent;sale;Заельцовский;15;18;88;Новосибирск;8900000;Авиатор;3; Аэропорт;67.8;Заельцовская;https://novosibirsk.cian.ru/sale/flat/310014808/?mlSearchSessionGuid=84e93ee834a1f736cbb021a856474794
flat;КВАРТЛАЙФ ГРУПП;real_estate_agent;sale;Дзержинский;4;17;31/1;Новосибирск;8900000;;3; Есенина;77.2;Золотая Нива;https://novosibirsk.cian.ru/sale/flat/312511521/?mlSearchSessionGuid=84e93ee834a1f736cbb021a856474794
flat;Квартирный портал;real_estate_agent;sale;Первомайский;9;14;19/1;Новосибирск;8900000;Весенний;3; Заречная;53.0;Спортивная;https://novosibirsk.cian.ru/sale/flat/323592488/?mlSearchSessionGuid=84e93ee834a1f736cbb021a856474794
flat;Владис Центральное;real_estate_agent;sale;Октябрьский;3;5;18;Новосибирск;8900000;;3; Восход;79.6;Речной вокзал;https://novosibirsk.cian.ru/sale/flat/314055887/?mlSearchSessionGuid=84e93ee834a1f736cbb021a856474794
flat;Сибирь Ипотека;real_estate_agent;sale;Первомайский;21;25;53;Новосибирск;8900000;Весенний;3; Заречная;75.6;Спортивная;https://novosibirsk.cian.ru/sale/flat/326627900/?mlSearchSessionGuid=84e93ee834a1f736cbb021a856474794
flat;НСК-top;real_estate_agent;sale;Октябрьский;12;17;14/1;Новосибирск;8900000;;3; Ключ-Камышенское плато;82.9;Речной вокзал;https://novosibirsk.cian.ru/sale/flat/326669693/?mlSearchSessionGuid=84e93ee834a1f736cbb021a856474794
flat;ЖИЛФОНД;real_estate_agent;sale;Дзержинский;6;10;8;Новосибирск;9000000;;3;Учительская ;90.0;Березовая Роща;https://novosibirsk.cian.ru/sale/flat/321203010/?mlSearchSessionGuid=84e93ee834a1f736cbb021a856474794
flat;Калининское;real_estate_agent;sale;Заельцовский;2;10;11;Новосибирск;9000000;;3;;65.7;Заельцовская;https://novosibirsk.cian.ru/sale/flat/324424621/?mlSearchSessionGuid=84e93ee834a1f736cbb021a856474794
flat;ЖИЛФОНД;real_estate_agent;sale;Заельцовский;3;18;88;Новосибирск;9050000;Авиатор;3; Аэропорт;69.7;Заельцовская;https://novosibirsk.cian.ru/sale/flat/312673847/?mlSearchSessionGuid=84e93ee834a1f736cbb021a856474794
flat;ЖИЛФОНД;real_estate_agent;sale;Кировский;1;17;11/2;Новосибирск;9099000;На Герцена;3; Герцена;75.6;Студенческая;https://novosibirsk.cian.ru/sale/flat/325286798/?mlSearchSessionGuid=84e93ee834a1f736cbb021a856474794
flat;Дельта;real_estate_agent;sale;Калининский;3;17;66/9;Новосибирск;9000000;На Фадеева;3; Фадеева;94.1;Заельцовская;https://novosibirsk.cian.ru/sale/flat/321130561/?mlSearchSessionGuid=84e93ee834a1f736cbb021a856474794
flat;Люди;real_estate_agent;sale;Советский;1;9;17;Новосибирск;9000000;;3; Ильича;52.9;;https://novosibirsk.cian.ru/sale/flat/318808191/?mlSearchSessionGuid=84e93ee834a1f736cbb021a856474794
flat;НСК-top;real_estate_agent;sale;Первомайский;4;10;232;Новосибирск;9000000;Весенний;3;Первомайская ;75.2;Речной вокзал;https://novosibirsk.cian.ru/sale/flat/319997116/?mlSearchSessionGuid=84e93ee834a1f736cbb021a856474794
flat;Недвижимость Сибири;real_estate_agent;sale;Октябрьский;4;4;117;Новосибирск;9000000;;3; Грибоедова;70.0;Золотая Нива;https://novosibirsk.cian.ru/sale/flat/327009672/?mlSearchSessionGuid=84e93ee834a1f736cbb021a856474794
flat;Своё;real_estate_agent;sale;Ленинский;1;19;17;Новосибирск;9000000;Венеция - 2, 3;3; Ясный Берег;81.7;Площадь Ленина;https://novosibirsk.cian.ru/sale/flat/326943740/?mlSearchSessionGuid=84e93ee834a1f736cbb021a856474794
flat;Юрстатус;real_estate_agent;sale;Кировский;11;19;44/7;Новосибирск;9000000;по ул. Сибиряков-Гвардейцев, 44/7;3; Сибиряков-Гвардейцев;100.0;Площадь Маркса;https://novosibirsk.cian.ru/sale/flat/326895687/?mlSearchSessionGuid=84e93ee834a1f736cbb021a856474794
flat;Владис Центральное;real_estate_agent;sale;Ленинский;6;25;21;Новосибирск;9000000;;3; Костычева;53.0;Площадь Маркса;https://novosibirsk.cian.ru/sale/flat/326302553/?mlSearchSessionGuid=84e93ee834a1f736cbb021a856474794
flat;ПАЛИТРА;real_estate_agent;sale;Октябрьский;10;10;42;Новосибирск;9050000;;3; Сакко и Ванцетти;65.0;Октябрьская;https://novosibirsk.cian.ru/sale/flat/315680856/?mlSearchSessionGuid=84e93ee834a1f736cbb021a856474794
flat;Квартирный портал;real_estate_agent;sale;Первомайский;16;18;2;Новосибирск;9147800;Флагман Холл;3; Заречная;56.5;Спортивная;https://novosibirsk.cian.ru/sale/flat/322334873/?mlSearchSessionGuid=84e93ee834a1f736cbb021a856474794
flat;Калининское;real_estate_agent;sale;Калининский;12;14;10/1;Новосибирск;9100000;Династия. Квартал поколений;3; Имени генерал-майора А.Н. Рожкина;81.5;Заельцовская;https://novosibirsk.cian.ru/sale/flat/326982624/?mlSearchSessionGuid=84e93ee834a1f736cbb021a856474794
flat;Квартирный портал;real_estate_agent;sale;Заельцовский;21;25;244;Новосибирск;9185179;Покровский;3; Дуси Ковальчук;103.1;Заельцовская;https://novosibirsk.cian.ru/sale/flat/324467854/?mlSearchSessionGuid=84e93ee834a1f736cbb021a856474794
flat;Квартирный портал;real_estate_agent;sale;Октябрьский;5;10;774;Новосибирск;9185000;;3;Военного Городка тер.;83.0;Золотая Нива;https://novosibirsk.cian.ru/sale/flat/325706989/?mlSearchSessionGuid=84e93ee834a1f736cbb021a856474794
flat;Ольга Морозова;realtor;sale;Ленинский;3;4;13а;Новосибирск;9100000;;3; Станиславского;68.9;Площадь Маркса;https://novosibirsk.cian.ru/sale/flat/322388854/?mlSearchSessionGuid=84e93ee834a1f736cbb021a856474794
flat;ЖИЛФОНД;real_estate_agent;sale;Первомайский;1;10;8;Новосибирск;9200000;Весенний;3; Заречная;69.1;Спортивная;https://novosibirsk.cian.ru/sale/flat/326262647/?mlSearchSessionGuid=84e93ee834a1f736cbb021a856474794
flat;МакроМир;real_estate_agent;sale;Ленинский;14;17;5/1;Новосибирск;9200000;Аквамарин;3;Междуреченская ;59.6;Площадь Маркса;https://novosibirsk.cian.ru/sale/flat/326252604/?mlSearchSessionGuid=84e93ee834a1f736cbb021a856474794
flat;Люди;real_estate_agent;sale;Заельцовский;11;25;244;Новосибирск;9240000;Покровский;3; Дуси Ковальчук;92.2;Заельцовская;https://novosibirsk.cian.ru/sale/flat/324355301/?mlSearchSessionGuid=84e93ee834a1f736cbb021a856474794
flat;НСК-top;real_estate_agent;sale;Октябрьский;10;17;8;Новосибирск;9200000;;3;Вилюйская ;84.3;Речной вокзал;https://novosibirsk.cian.ru/sale/flat/325145706/?mlSearchSessionGuid=84e93ee834a1f736cbb021a856474794
flat;Домолегион;real_estate_agent;sale;Октябрьский;3;29;3;Новосибирск;9200000;Ваш выбор;3;Вилюйская ;75.0;Речной вокзал;https://novosibirsk.cian.ru/sale/flat/324098302/?mlSearchSessionGuid=84e93ee834a1f736cbb021a856474794
flat;Аванта;real_estate_agent;sale;Кировский;1;17;22/3;Новосибирск;9200000;Акварельный 3.0;3; Александра Чистякова;93.0;Площадь Маркса;https://novosibirsk.cian.ru/sale/flat/325361170/?mlSearchSessionGuid=84e93ee834a1f736cbb021a856474794
flat;ЖИЛФОНД;real_estate_agent;sale;Кировский;1;4;63;Новосибирск;9300000;;3; Федора Горячева;86.9;Студенческая;https://novosibirsk.cian.ru/sale/flat/324638627/?mlSearchSessionGuid=84e93ee834a1f736cbb021a856474794
flat;УСПЕХ-недвижимость;real_estate_agent;sale;Дзержинский;4;5;3;Новосибирск;9259000;;3;проспект Дзержинского;67.0;Березовая Роща;https://novosibirsk.cian.ru/sale/flat/323156827/?mlSearchSessionGuid=84e93ee834a1f736cbb021a856474794
flat;СИБИРЬ-НЕДВИЖИМОСТЬ;real_estate_agent;sale;Центральный;6;9;36;Новосибирск;9300000;;3; Лермонтова;59.3;Сибирская;https://novosibirsk.cian.ru/sale/flat/322209184/?mlSearchSessionGuid=84e93ee834a1f736cbb021a856474794
flat;Бэст-Лэнд;real_estate_agent;sale;Октябрьский;2;10;108;Новосибирск;9300000;;3; Кирова;61.8;Октябрьская;https://novosibirsk.cian.ru/sale/flat/306813681/?mlSearchSessionGuid=84e93ee834a1f736cbb021a856474794
flat;ЖИЛФОНД;real_estate_agent;sale;Железнодорожный;4;9;19;Новосибирск;9400000;;3;Нарымская ;60.3;Красный Проспект;https://novosibirsk.cian.ru/sale/flat/325739307/?mlSearchSessionGuid=84e93ee834a1f736cbb021a856474794
flat;ЖИЛФОНД;real_estate_agent;sale;Калининский;8;9;14/1;Новосибирск;9500000;Дунаевский;3; Дунаевского;72.4;Заельцовская;https://novosibirsk.cian.ru/sale/flat/322947759/?mlSearchSessionGuid=84e93ee834a1f736cbb021a856474794
flat;ЖИЛФОНД;real_estate_agent;sale;Ленинский;18;18;82;Новосибирск;9500000;КрымSKY;3; Плахотного;66.7;Площадь Маркса;https://novosibirsk.cian.ru/sale/flat/319960928/?mlSearchSessionGuid=84e93ee834a1f736cbb021a856474794
flat;ЖИЛФОНД;real_estate_agent;sale;Заельцовский;4;8;1;Новосибирск;9500000;Тимирязевский;3; Вавилова;54.8;Заельцовская;https://novosibirsk.cian.ru/sale/flat/322824324/?mlSearchSessionGuid=84e93ee834a1f736cbb021a856474794
flat;Калининское;real_estate_agent;sale;Калининский;10;12;12;Новосибирск;9500000;Дежнёв;3; Имени генерал-майора А.Н. Рожкина;83.4;Заельцовская;https://novosibirsk.cian.ru/sale/flat/322626755/?mlSearchSessionGuid=84e93ee834a1f736cbb021a856474794
flat;ЖИЛФОНД;real_estate_agent;sale;Заельцовский;2;5;183А;Новосибирск;9500000;;3; Дуси Ковальчук;74.5;Заельцовская;https://novosibirsk.cian.ru/sale/flat/324205455/?mlSearchSessionGuid=84e93ee834a1f736cbb021a856474794
flat;МакроМир;real_estate_agent;sale;Железнодорожный;3;4;55;Новосибирск;9500000;;3;Советская ;66.5;Площадь Ленина;https://novosibirsk.cian.ru/sale/flat/325676576/?mlSearchSessionGuid=84e93ee834a1f736cbb021a856474794
flat;ROME Real Estate Salon;real_estate_agent;sale;Заельцовский;2;17;88;Новосибирск;9500000;Авиатор;3; Аэропорт;84.0;Заельцовская;https://novosibirsk.cian.ru/sale/flat/326546235/?mlSearchSessionGuid=84e93ee834a1f736cbb021a856474794
flat;СФЕРА 54;real_estate_agent;sale;Кировский;8;10;96;Новосибирск;9500000;;3; Зорге;88.6;Площадь Маркса;https://novosibirsk.cian.ru/sale/flat/323770418/?mlSearchSessionGuid=84e93ee834a1f736cbb021a856474794
flat;ЕВРОДОМ;real_estate_agent;sale;Заельцовский;18;19;238;Новосибирск;9500000;Ельцовский;3; Дуси Ковальчук;102.0;Заельцовская;https://novosibirsk.cian.ru/sale/flat/315873240/?mlSearchSessionGuid=84e93ee834a1f736cbb021a856474794
flat;НСК-top;real_estate_agent;sale;Заельцовский;2;9;258;Новосибирск;9500000;;3; Дуси Ковальчук;62.0;Заельцовская;https://novosibirsk.cian.ru/sale/flat/326156989/?mlSearchSessionGuid=84e93ee834a1f736cbb021a856474794
flat;ПРОЕКТ;real_estate_agent;sale;Первомайский;1;11;3/2;Новосибирск;9500000;;3; Баумана;81.3;Речной вокзал;https://novosibirsk.cian.ru/sale/flat/317437282/?mlSearchSessionGuid=84e93ee834a1f736cbb021a856474794
flat;Планета;real_estate_agent;sale;Кировский;10;12;62/3;Новосибирск;9500000;Гвардеец;3; Сибиряков-Гвардейцев;75.1;Площадь Маркса;https://novosibirsk.cian.ru/sale/flat/326052080/?mlSearchSessionGuid=84e93ee834a1f736cbb021a856474794
flat;ЖИЛФОНД;real_estate_agent;sale;Дзержинский;8;25;19;Новосибирск;9600000;Звезда;3; Королева;62.3;Березовая Роща;https://novosibirsk.cian.ru/sale/flat/324004445/?mlSearchSessionGuid=84e93ee834a1f736cbb021a856474794
flat;ЖИЛФОНД;real_estate_agent;sale;Ленинский;9;11;50;Новосибирск;9600000;;3;;81.4;Студенческая;https://novosibirsk.cian.ru/sale/flat/326138802/?mlSearchSessionGuid=84e93ee834a1f736cbb021a856474794
flat;Первая риэлторская компания;real_estate_agent;sale;Центральный;7;10;60;Новосибирск;9600000;;3;Депутатская ;65.2;Площадь Ленина;https://novosibirsk.cian.ru/sale/flat/325765436/?mlSearchSessionGuid=84e93ee834a1f736cbb021a856474794
flat;Аванта;real_estate_agent;sale;Дзержинский;13;22;128/1;Новосибирск;9640000;;3; Коминтерна;80.0;Золотая Нива;https://novosibirsk.cian.ru/sale/flat/326343693/?mlSearchSessionGuid=84e93ee834a1f736cbb021a856474794
flat;ЖИЛФОНД;real_estate_agent;sale;Центральный;5;6;23;Новосибирск;9700000;;3;Серебренниковская ;94.6;Площадь Ленина;https://novosibirsk.cian.ru/sale/flat/315193205/?mlSearchSessionGuid=84e93ee834a1f736cbb021a856474794
flat;Вертикаль;real_estate_agent;sale;Ленинский;9;11;236/1;Новосибирск;9690000;Чистая слобода;3; Титова;72.4;Площадь Маркса;https://novosibirsk.cian.ru/sale/flat/326418550/?mlSearchSessionGuid=84e93ee834a1f736cbb021a856474794
flat;Ключи;real_estate_agent;sale;Октябрьский;4;8;с48;Новосибирск;9700000;;3;Большевистская ;64.8;Октябрьская;https://novosibirsk.cian.ru/sale/flat/325064058/?mlSearchSessionGuid=84e93ee834a1f736cbb021a856474794
flat;Владис Центральное;real_estate_agent;sale;Советский;10;25;24/1;Новосибирск;9690000;Тихий берег;3;Приморская ;87.0;Студенческая;https://novosibirsk.cian.ru/sale/flat/326717290/?mlSearchSessionGuid=84e93ee834a1f736cbb021a856474794
flat;Альфа Дом;real_estate_agent;sale;Заельцовский;16;19;3;Новосибирск;9699999;Тимирязевский;3; Вавилова;62.0;Заельцовская;https://novosibirsk.cian.ru/sale/flat/324797667/?mlSearchSessionGuid=84e93ee834a1f736cbb021a856474794
flat;Опора-Групп;real_estate_agent;sale;Заельцовский;22;25;55/1;Новосибирск;9700000;Высота;3; Аэропорт;62.9;Заельцовская;https://novosibirsk.cian.ru/sale/flat/324897469/?mlSearchSessionGuid=84e93ee834a1f736cbb021a856474794
flat;ЖИЛФОНД;real_estate_agent;sale;Ленинский;2;10;5/1;Новосибирск;9800000;;3;Петропавловская ;74.5;Площадь Маркса;https://novosibirsk.cian.ru/sale/flat/326761457/?mlSearchSessionGuid=84e93ee834a1f736cbb021a856474794
flat;ЖИЛФОНД;real_estate_agent;sale;Заельцовский;2;9;28;Новосибирск;9800000;Дом на Песочной;3;Владимировская ;58.0;Площадь Гарина-Михайловского;https://novosibirsk.cian.ru/sale/flat/325101165/?mlSearchSessionGuid=84e93ee834a1f736cbb021a856474794
flat;ЖИЛФОНД;real_estate_agent;sale;Ленинский;17;17;4;Новосибирск;9780000;Венеция;3; Ясный Берег;84.0;Площадь Ленина;https://novosibirsk.cian.ru/sale/flat/326549625/?mlSearchSessionGuid=84e93ee834a1f736cbb021a856474794
flat;ЖИЛФОНД;real_estate_agent;sale;Центральный;3;5;14;Новосибирск;9800000;;3; Фрунзе;79.6;Сибирская;https://novosibirsk.cian.ru/sale/flat/326638802/?mlSearchSessionGuid=84e93ee834a1f736cbb021a856474794
flat;ЖИЛФОНД;real_estate_agent;sale;Калининский;5;10;14/1;Новосибирск;9750000;Дунаевский;3; Дунаевского;72.4;Заельцовская;https://novosibirsk.cian.ru/sale/flat/315927819/?mlSearchSessionGuid=84e93ee834a1f736cbb021a856474794
flat;ЖИЛФОНД;real_estate_agent;sale;Октябрьский;9;10;3;Новосибирск;9800000;;3; Белинского;65.2;Октябрьская;https://novosibirsk.cian.ru/sale/flat/324082928/?mlSearchSessionGuid=84e93ee834a1f736cbb021a856474794
flat;PRO Недвижимость;real_estate_agent;sale;Октябрьский;1;17;100;Новосибирск;9750000;мкр. Европейский Берег;3;Большевистская ;63.0;Речной вокзал;https://novosibirsk.cian.ru/sale/flat/316701620/?mlSearchSessionGuid=84e93ee834a1f736cbb021a856474794
flat;Самолет Плюс Центр;real_estate_agent;sale;Октябрьский;10;11;125/1;Новосибирск;9900000;;3;Выборная ;71.1;Речной вокзал;https://novosibirsk.cian.ru/sale/flat/325972984/?mlSearchSessionGuid=84e93ee834a1f736cbb021a856474794
flat;АльянсРиэлт;real_estate_agent;sale;Заельцовский;10;18;88;Новосибирск;9900000;Авиатор;3; Аэропорт;85.5;Заельцовская;https://novosibirsk.cian.ru/sale/flat/326517793/?mlSearchSessionGuid=84e93ee834a1f736cbb021a856474794
flat;Родники;real_estate_agent;sale;Калининский;3;13;904;Новосибирск;9900000;Династия ЖК;3;;81.8;Заельцовская;https://novosibirsk.cian.ru/sale/flat/318884349/?mlSearchSessionGuid=84e93ee834a1f736cbb021a856474794
flat;Родники;real_estate_agent;sale;Калининский;2;13;7;Новосибирск;9900000;Династия. Квартал поколений;3; Имени генерал-майора А.Н. Рожкина;86.2;Заельцовская;https://novosibirsk.cian.ru/sale/flat/318833988/?mlSearchSessionGuid=84e93ee834a1f736cbb021a856474794
flat;НСК-top;real_estate_agent;sale;Кировский;14;17;6/1;Новосибирск;9900000;Дом по ул. Беловежская, 6/1;3;Беловежская ;97.2;Площадь Маркса;https://novosibirsk.cian.ru/sale/flat/326483076/?mlSearchSessionGuid=84e93ee834a1f736cbb021a856474794
flat;1Е;real_estate_agent;sale;Октябрьский;7;14;69;Новосибирск;9850000;Smart Park;3;Воинская ;86.9;Золотая Нива;https://novosibirsk.cian.ru/sale/flat/295926174/?mlSearchSessionGuid=84e93ee834a1f736cbb021a856474794
flat;ЖИЛФОНД;real_estate_agent;sale;Центральный;4;9;36;Новосибирск;9990000;;3; Лермонтова;58.1;Сибирская;https://novosibirsk.cian.ru/sale/flat/314494931/?mlSearchSessionGuid=84e93ee834a1f736cbb021a856474794
flat;ЖИЛФОНД;real_estate_agent;sale;Ленинский;5;10;236/1;Новосибирск;9999000;Чистая слобода;3; Титова;82.0;Площадь Маркса;https://novosibirsk.cian.ru/sale/flat/327009971/?mlSearchSessionGuid=84e93ee834a1f736cbb021a856474794
flat;Калининское;real_estate_agent;sale;Октябрьский;8;10;3;Новосибирск;10000000;;3; Белинского;65.0;Октябрьская;https://novosibirsk.cian.ru/sale/flat/324377433/?mlSearchSessionGuid=84e93ee834a1f736cbb021a856474794
flat;ЖИЛФОНД;real_estate_agent;sale;Первомайский;2;10;8;Новосибирск;10000000;Весенний;3; Заречная;74.9;Спортивная;https://novosibirsk.cian.ru/sale/flat/324191386/?mlSearchSessionGuid=84e93ee834a1f736cbb021a856474794
flat;МакроМир;real_estate_agent;sale;Дзержинский;4;10;206;Новосибирск;10000000;;3; Гоголя;76.1;Березовая Роща;https://novosibirsk.cian.ru/sale/flat/327008673/?mlSearchSessionGuid=84e93ee834a1f736cbb021a856474794
flat;Люди;real_estate_agent;sale;Железнодорожный;2;5;3;Новосибирск;9980000;;3; Свердлова;65.6;Площадь Ленина;https://novosibirsk.cian.ru/sale/flat/324355298/?mlSearchSessionGuid=84e93ee834a1f736cbb021a856474794
flat;СФЕРА 54;real_estate_agent;sale;Дзержинский;2;17;17;Новосибирск;9990000;Дом на Республиканской;3;Республиканская ;76.1;Березовая Роща;https://novosibirsk.cian.ru/sale/flat/319684248/?mlSearchSessionGuid=84e93ee834a1f736cbb021a856474794
flat;МЕЗОНИН;real_estate_agent;sale;Железнодорожный;6;9;6;Новосибирск;9990000;;3; Революции;60.0;Площадь Ленина;https://novosibirsk.cian.ru/sale/flat/326217013/?mlSearchSessionGuid=84e93ee834a1f736cbb021a856474794
flat;Владис Центральное;real_estate_agent;sale;Кировский;1;9;283;Новосибирск;10000000;Рихард;3; Зорге;63.0;Площадь Маркса;https://novosibirsk.cian.ru/sale/flat/326682875/?mlSearchSessionGuid=84e93ee834a1f736cbb021a856474794
flat;РиэлтПрофи;real_estate_agent;sale;Советский;5;8;14;Новосибирск;10000000;;3; Лесосечная;112.8;Октябрьская;https://novosibirsk.cian.ru/sale/flat/299607085/?mlSearchSessionGuid=84e93ee834a1f736cbb021a856474794
flat;Владис Центральное;real_estate_agent;sale;Ленинский;13;26;112/3;Новосибирск;10000000;Город у воды Ясный Берег;3;1-я Чулымская ;69.6;Площадь Маркса;https://novosibirsk.cian.ru/sale/flat/324940314/?mlSearchSessionGuid=84e93ee834a1f736cbb021a856474794
flat;Владис Центральное;real_estate_agent;sale;Железнодорожный;5;9;25;Новосибирск;10000000;;3; Ленина;63.0;Площадь Гарина-Михайловского;https://novosibirsk.cian.ru/sale/flat/322471854/?mlSearchSessionGuid=84e93ee834a1f736cbb021a856474794
flat;Коммерческий Брокеридж;real_estate_agent;sale;Ленинский;5;10;254/1;Новосибирск;10000000;Чистая слобода;3; Титова;79.5;Площадь Маркса;https://novosibirsk.cian.ru/sale/flat/326112890/?mlSearchSessionGuid=84e93ee834a1f736cbb021a856474794
flat;СФЕРА 54;real_estate_agent;sale;Ленинский;8;11;74/2;Новосибирск;9980000;;3; Плахотного;81.0;Площадь Маркса;https://novosibirsk.cian.ru/sale/flat/320762358/?mlSearchSessionGuid=84e93ee834a1f736cbb021a856474794
flat;СФЕРА 54;real_estate_agent;sale;Дзержинский;16;25;222;Новосибирск;9990000;Рубин;3; Гоголя;69.27;Березовая Роща;https://novosibirsk.cian.ru/sale/flat/320068371/?mlSearchSessionGuid=84e93ee834a1f736cbb021a856474794
flat;ЖИЛФОНД;real_estate_agent;sale;Октябрьский;2;17;8;Новосибирск;10100000;;3;Вилюйская ;81.8;Речной вокзал;https://novosibirsk.cian.ru/sale/flat/324546549/?mlSearchSessionGuid=84e93ee834a1f736cbb021a856474794
flat;Департамент недвижимости и права;real_estate_agent;sale;Первомайский;9;9;4/2;Новосибирск;10100000;;3; Маяковского;76.3;Спортивная;https://novosibirsk.cian.ru/sale/flat/302581241/?mlSearchSessionGuid=84e93ee834a1f736cbb021a856474794
flat;Всем Квартиру;real_estate_agent;sale;Октябрьский;16;16;14/1;Новосибирск;10200000;;3; Ключ-Камышенское плато;86.0;Речной вокзал;https://novosibirsk.cian.ru/sale/flat/303800072/?mlSearchSessionGuid=84e93ee834a1f736cbb021a856474794
flat;Калининское;real_estate_agent;sale;Заельцовский;11;17;49;Новосибирск;10200000;Нормандия-Неман;3; Аэропорт;59.9;Заельцовская;https://novosibirsk.cian.ru/sale/flat/321446656/?mlSearchSessionGuid=84e93ee834a1f736cbb021a856474794
flat;Характер;real_estate_agent;sale;Заельцовский;10;25;55/1;Новосибирск;10200000;Высота;3; Аэропорт;63.7;Заельцовская;https://novosibirsk.cian.ru/sale/flat/322084467/?mlSearchSessionGuid=84e93ee834a1f736cbb021a856474794
flat;НОВО-НИКОЛАЕВСКЪ-НСК;real_estate_agent;sale;Дзержинский;2;10;8;Новосибирск;10150000;;3;Учительская ;95.6;Березовая Роща;https://novosibirsk.cian.ru/sale/flat/325656981/?mlSearchSessionGuid=84e93ee834a1f736cbb021a856474794
flat;Евгений Князев;realtor;sale;Дзержинский;1;25;211;Новосибирск;10200000;Расцветай на Гоголя;3; Гоголя;58.5;Березовая Роща;https://novosibirsk.cian.ru/sale/flat/325918029/?mlSearchSessionGuid=84e93ee834a1f736cbb021a856474794
flat;Руслан Акаев;realtor;sale;Дзержинский;7;16;60А;Новосибирск;10200000;;3; Красина;65.8;Березовая Роща;https://novosibirsk.cian.ru/sale/flat/322306180/?mlSearchSessionGuid=84e93ee834a1f736cbb021a856474794
flat;ЖИЛФОНД;real_estate_agent;sale;Ленинский;1;10;19/1;Новосибирск;10320000;;3;Широкая ;76.0;Площадь Маркса;https://novosibirsk.cian.ru/sale/flat/323304130/?mlSearchSessionGuid=84e93ee834a1f736cbb021a856474794
flat;Сфера;real_estate_agent;sale;Октябрьский;5;10;3;Новосибирск;10300000;;3; Толстого;65.1;Октябрьская;https://novosibirsk.cian.ru/sale/flat/321107319/?mlSearchSessionGuid=84e93ee834a1f736cbb021a856474794
flat;Новактив;real_estate_agent;sale;Октябрьский;3;9;117/2;Новосибирск;10300000;;3;Выборная ;85.2;Речной вокзал;https://novosibirsk.cian.ru/sale/flat/324385566/?mlSearchSessionGuid=84e93ee834a1f736cbb021a856474794
flat;Домофонд;real_estate_agent;sale;Железнодорожный;5;5;18;Новосибирск;10300000;;3;проспект Димитрова;88.2;Красный Проспект;https://novosibirsk.cian.ru/sale/flat/300043543/?mlSearchSessionGuid=84e93ee834a1f736cbb021a856474794
flat;ЖИЛФОНД;real_estate_agent;sale;Калининский;10;10;18;Новосибирск;10400000;;3; Менделеева;73.9;Березовая Роща;https://novosibirsk.cian.ru/sale/flat/326828406/?mlSearchSessionGuid=84e93ee834a1f736cbb021a856474794
flat;ЖИЛФОНД;real_estate_agent;sale;Октябрьский;4;19;33;Новосибирск;10350000;Молодёжный;3; Михаила Кулагина;63.7;Золотая Нива;https://novosibirsk.cian.ru/sale/flat/323376367/?mlSearchSessionGuid=84e93ee834a1f736cbb021a856474794
flat;ПАЛИТРА;real_estate_agent;sale;Дзержинский;9;25;19;Новосибирск;10400000;Звезда;3; Королева;66.1;Березовая Роща;https://novosibirsk.cian.ru/sale/flat/324525593/?mlSearchSessionGuid=84e93ee834a1f736cbb021a856474794
flat;ЖИЛФОНД;real_estate_agent;sale;Калининский;3;16;309;Новосибирск;10500000;Северная Корона;3;Красный проспект;72.8;Заельцовская;https://novosibirsk.cian.ru/sale/flat/325818295/?mlSearchSessionGuid=84e93ee834a1f736cbb021a856474794
flat;ЖИЛФОНД;real_estate_agent;sale;Дзержинский;3;14;67;Новосибирск;10500000;Дом по ул. Есенина;3; Есенина;99.0;Золотая Нива;https://novosibirsk.cian.ru/sale/flat/323125365/?mlSearchSessionGuid=84e93ee834a1f736cbb021a856474794
flat;ЖИЛФОНД;real_estate_agent;sale;Октябрьский;10;10;31/3;Новосибирск;10500000;Плющихинский;3; Татьяны Снежиной;86.3;Золотая Нива;https://novosibirsk.cian.ru/sale/flat/321505181/?mlSearchSessionGuid=84e93ee834a1f736cbb021a856474794
flat;ЖИЛФОНД;real_estate_agent;sale;Калининский;7;10;8;Новосибирск;10500000;;3; Гребенщикова;84.4;Заельцовская;https://novosibirsk.cian.ru/sale/flat/324125832/?mlSearchSessionGuid=84e93ee834a1f736cbb021a856474794
flat;Департамент недвижимости и права;real_estate_agent;sale;Кировский;3;11;7/1;Новосибирск;10500000;Тулинское;3; Виктора Уса;104.8;Площадь Маркса;https://novosibirsk.cian.ru/sale/flat/297397666/?mlSearchSessionGuid=84e93ee834a1f736cbb021a856474794
flat;АльянсРиэлт;real_estate_agent;sale;Заельцовский;8;26;9/3;Новосибирск;10500000;;3; Кузьмы Минина;75.0;Заельцовская;https://novosibirsk.cian.ru/sale/flat/321610969/?mlSearchSessionGuid=84e93ee834a1f736cbb021a856474794
flat;Кольцовская служба недвижимости;real_estate_agent;sale;Первомайский;12;18;47;Новосибирск;10500000;Весенний;3; Заречная;72.8;Речной вокзал;https://novosibirsk.cian.ru/sale/flat/324796702/?mlSearchSessionGuid=84e93ee834a1f736cbb021a856474794
flat;Александр Штрахштейн;realtor;sale;Заельцовский;9;29;105/1;Новосибирск;10490000;Бирюзовая жемчужина-2;3;Сухарная ;89.0;Площадь Гарина-Михайловского;https://novosibirsk.cian.ru/sale/flat/325440489/?mlSearchSessionGuid=84e93ee834a1f736cbb021a856474794
flat;Александр Чугайнов;realtor;sale;Центральный;4;5;7;Новосибирск;10500000;;3; Крылова;88.7;Красный Проспект;https://novosibirsk.cian.ru/sale/flat/318001402/?mlSearchSessionGuid=84e93ee834a1f736cbb021a856474794
flat;Кристина Карабанова;realtor;sale;Железнодорожный;3;22;65/3;Новосибирск;10500000;Чернышевский;3;Фабричная ;60.4;Площадь Гарина-Михайловского;https://novosibirsk.cian.ru/sale/flat/320767467/?mlSearchSessionGuid=84e93ee834a1f736cbb021a856474794
flat;ЖИЛФОНД;real_estate_agent;sale;Октябрьский;7;9;212/1;Новосибирск;10600000;;3; Бориса Богаткова;60.6;Золотая Нива;https://novosibirsk.cian.ru/sale/flat/326896298/?mlSearchSessionGuid=84e93ee834a1f736cbb021a856474794
flat;ЖИЛФОНД;real_estate_agent;sale;Ленинский;14;17;69;Новосибирск;10600000;;3;;70.0;Студенческая;https://novosibirsk.cian.ru/sale/flat/325161455/?mlSearchSessionGuid=84e93ee834a1f736cbb021a856474794
flat;ЖИЛФОНД;real_estate_agent;sale;Первомайский;2;14;15;Новосибирск;10600000;Весенний;3; Заречная;78.0;Речной вокзал;https://novosibirsk.cian.ru/sale/flat/325082854/?mlSearchSessionGuid=84e93ee834a1f736cbb021a856474794
flat;Люди;real_estate_agent;sale;Ленинский;3;11;39;Новосибирск;10600000;;3;;85.0;Студенческая;https://novosibirsk.cian.ru/sale/flat/326272083/?mlSearchSessionGuid=84e93ee834a1f736cbb021a856474794
flat;Люди;real_estate_agent;sale;Заельцовский;8;9;47;Новосибирск;10570000;Солнечные часы;3;Кубовая ;76.0;Заельцовская;https://novosibirsk.cian.ru/sale/flat/320764326/?mlSearchSessionGuid=84e93ee834a1f736cbb021a856474794
flat;Владис Центральное;real_estate_agent;sale;Октябрьский;16;16;17;Новосибирск;10550000;Эверест;3; Ключ-Камышенское плато;92.3;Речной вокзал;https://novosibirsk.cian.ru/sale/flat/323607821/?mlSearchSessionGuid=84e93ee834a1f736cbb021a856474794
flat;ЖИЛФОНД;real_estate_agent;sale;Дзержинский;17;18;34/2;Новосибирск;10700000;Дом по пр. Дзержинского, 34/2;3;проспект Дзержинского;97.9;Березовая Роща;https://novosibirsk.cian.ru/sale/flat/326928719/?mlSearchSessionGuid=84e93ee834a1f736cbb021a856474794
flat;ЖИЛФОНД;real_estate_agent;sale;Центральный;1;9;4;Новосибирск;10700000;;3; Сибревкома;80.3;Октябрьская;https://novosibirsk.cian.ru/sale/flat/326550703/?mlSearchSessionGuid=84e93ee834a1f736cbb021a856474794
flat;Люди;real_estate_agent;sale;Заельцовский;11;13;71;Новосибирск;10700000;Начало мая;3; Лобачевского;72.0;Заельцовская;https://novosibirsk.cian.ru/sale/flat/318703327/?mlSearchSessionGuid=84e93ee834a1f736cbb021a856474794
flat;Домофонд;real_estate_agent;sale;Заельцовский;5;25;2/3;Новосибирск;10700000;Верхний город;3; Залесского;85.2;Заельцовская;https://novosibirsk.cian.ru/sale/flat/313860825/?mlSearchSessionGuid=84e93ee834a1f736cbb021a856474794
flat;Мегаполис;real_estate_agent;sale;Заельцовский;6;17;88;Новосибирск;10700000;Авиатор;3; Аэропорт;89.63;Заельцовская;https://novosibirsk.cian.ru/sale/flat/313807933/?mlSearchSessionGuid=84e93ee834a1f736cbb021a856474794
flat;МакроМир;real_estate_agent;sale;Октябрьский;10;10;69;Новосибирск;10700000;;3;Автогенная ;80.4;Речной вокзал;https://novosibirsk.cian.ru/sale/flat/287810302/?mlSearchSessionGuid=84e93ee834a1f736cbb021a856474794
flat;Наследие;real_estate_agent;sale;Заельцовский;4;19;96/2;Новосибирск;10700000;Сосны;3;Сухарная ;105.0;Площадь Гарина-Михайловского;https://novosibirsk.cian.ru/sale/flat/275110046/?mlSearchSessionGuid=84e93ee834a1f736cbb021a856474794
flat;Формула недвижимости;real_estate_agent;sale;Кировский;10;17;22/1;Новосибирск;10800000;Акварельный 3.0;3; Александра Чистякова;77.6;Студенческая;https://novosibirsk.cian.ru/sale/flat/326828371/?mlSearchSessionGuid=84e93ee834a1f736cbb021a856474794
flat;Агент Pro;real_estate_agent;sale;Октябрьский;12;17;322;Новосибирск;10880000;Революция;3; Кирова;77.0;Речной вокзал;https://novosibirsk.cian.ru/sale/flat/300003242/?mlSearchSessionGuid=84e93ee834a1f736cbb021a856474794
flat;Всем Квартиру;real_estate_agent;sale;Калининский;2;17;66/9;Новосибирск;10800000;На Фадеева;3; Фадеева;93.8;Заельцовская;https://novosibirsk.cian.ru/sale/flat/320679534/?mlSearchSessionGuid=84e93ee834a1f736cbb021a856474794
flat;Аванта;real_estate_agent;sale;Дзержинский;3;15;89;Новосибирск;10800000;Gorizont;3; Коминтерна;84.4;Золотая Нива;https://novosibirsk.cian.ru/sale/flat/321724297/?mlSearchSessionGuid=84e93ee834a1f736cbb021a856474794
flat;Квартирный портал;real_estate_agent;sale;Октябрьский;5;16;50;Новосибирск;10770000;;3;Обская ;76.0;Речной вокзал;https://novosibirsk.cian.ru/sale/flat/325033697/?mlSearchSessionGuid=84e93ee834a1f736cbb021a856474794
flat;Кабинет Риелторских Услуг;real_estate_agent;sale;Заельцовский;9;9;113/5;Новосибирск;10800000;Эскимо;3;Кубовая ;70.0;Заельцовская;https://novosibirsk.cian.ru/sale/flat/323319496/?mlSearchSessionGuid=84e93ee834a1f736cbb021a856474794
flat;ЖИЛФОНД;real_estate_agent;sale;Заельцовский;2;5;4;Новосибирск;10990000;;3;Ельцовская ;95.2;Площадь Гарина-Михайловского;https://novosibirsk.cian.ru/sale/flat/324630966/?mlSearchSessionGuid=84e93ee834a1f736cbb021a856474794
flat;METRAGE;real_estate_agent;sale;Октябрьский;10;10;125/1;Новосибирск;10900000;;3;Выборная ;71.0;Речной вокзал;https://novosibirsk.cian.ru/sale/flat/315429616/?mlSearchSessionGuid=84e93ee834a1f736cbb021a856474794
flat;Инна Владимировна;realtor;sale;Октябрьский;1;14;33;Новосибирск;10999000;;3; Шевченко;76.3;Октябрьская;https://novosibirsk.cian.ru/sale/flat/318634550/?mlSearchSessionGuid=84e93ee834a1f736cbb021a856474794
flat;Русский фонд Недвижимости;real_estate_agent;sale;Октябрьский;6;10;42;Новосибирск;10900000;;3; Сакко и Ванцетти;72.0;Октябрьская;https://novosibirsk.cian.ru/sale/flat/325339742/?mlSearchSessionGuid=84e93ee834a1f736cbb021a856474794
flat;Квартирный портал;real_estate_agent;sale;Первомайский;4;14;4;Новосибирск;10999000;Весенний;3; Заречная;92.0;Спортивная;https://novosibirsk.cian.ru/sale/flat/304428093/?mlSearchSessionGuid=84e93ee834a1f736cbb021a856474794
flat;ЖИЛФОНД;real_estate_agent;sale;Калининский;3;19;130/6;Новосибирск;11000000;Князь Кропоткинъ;3; Кропоткина;101.1;Маршала Покрышкина;https://novosibirsk.cian.ru/sale/flat/321974139/?mlSearchSessionGuid=84e93ee834a1f736cbb021a856474794
flat;Домофонд;real_estate_agent;sale;Октябрьский;10;20;128;Новосибирск;11000000;по ул. Никитина, 128;3; Никитина;57.3;Золотая Нива;https://novosibirsk.cian.ru/sale/flat/326176994/?mlSearchSessionGuid=84e93ee834a1f736cbb021a856474794
flat;СИБИРЬ;real_estate_agent;sale;Дзержинский;16;25;205/1;Новосибирск;11000000;;3; Гоголя;63.5;Березовая Роща;https://novosibirsk.cian.ru/sale/flat/321004119/?mlSearchSessionGuid=84e93ee834a1f736cbb021a856474794
flat;НСК-top;real_estate_agent;sale;Ленинский;4;12;67;Новосибирск;11000000;;3;;90.0;Студенческая;https://novosibirsk.cian.ru/sale/flat/326991774/?mlSearchSessionGuid=84e93ee834a1f736cbb021a856474794
flat;Родники;real_estate_agent;sale;Калининский;24;27;75;Новосибирск;11000000;;3;Ипподромская ;68.3;Заельцовская;https://novosibirsk.cian.ru/sale/flat/326565251/?mlSearchSessionGuid=84e93ee834a1f736cbb021a856474794
flat;КвартЛаб;real_estate_agent;sale;Дзержинский;11;18;128;Новосибирск;11000000;RedFox;3; Коминтерна;80.0;Золотая Нива;https://novosibirsk.cian.ru/sale/flat/321465284/?mlSearchSessionGuid=84e93ee834a1f736cbb021a856474794
flat;НСК-top;real_estate_agent;sale;Октябрьский;2;16;71/1;Новосибирск;11100000;Маяк;3;2-я Обская ;62.6;Речной вокзал;https://novosibirsk.cian.ru/sale/flat/324447885/?mlSearchSessionGuid=84e93ee834a1f736cbb021a856474794
flat;Домой;real_estate_agent;sale;Советский;7;18;38;Новосибирск;11200000;;3; Русская;81.4;;https://novosibirsk.cian.ru/sale/flat/326379804/?mlSearchSessionGuid=84e93ee834a1f736cbb021a856474794
flat;ЛЕГКО;real_estate_agent;sale;Октябрьский;2;14;69;Новосибирск;11200000;Smart Park;3;Воинская ;89.0;Золотая Нива;https://novosibirsk.cian.ru/sale/flat/322850077/?mlSearchSessionGuid=84e93ee834a1f736cbb021a856474794
flat;Недвижимость Новосибирска-НН;real_estate_agent;sale;Дзержинский;9;10;8;Новосибирск;11200000;;3; Кошурникова;67.5;Березовая Роща;https://novosibirsk.cian.ru/sale/flat/321388809/?mlSearchSessionGuid=84e93ee834a1f736cbb021a856474794
flat;ЖИЛФОНД;real_estate_agent;sale;Заельцовский;3;10;1;Новосибирск;11400000;;3; Балакирева;71.7;Гагаринская;https://novosibirsk.cian.ru/sale/flat/323128271/?mlSearchSessionGuid=84e93ee834a1f736cbb021a856474794
flat;ЖИЛФОНД;real_estate_agent;sale;Октябрьский;22;22;22/6;Новосибирск;11300000;;3; Кошурникова;69.1;Золотая Нива;https://novosibirsk.cian.ru/sale/flat/321240148/?mlSearchSessionGuid=84e93ee834a1f736cbb021a856474794
flat;ЖИЛФОНД;real_estate_agent;sale;Заельцовский;5;7;159;Новосибирск;11300000;;3;Красный проспект;91.0;Заельцовская;https://novosibirsk.cian.ru/sale/flat/323130804/?mlSearchSessionGuid=84e93ee834a1f736cbb021a856474794
flat;ЖИЛФОНД;real_estate_agent;sale;Советский;11;16;31;Новосибирск;11300000;;3; Сиреневая;75.6;;https://novosibirsk.cian.ru/sale/flat/326690077/?mlSearchSessionGuid=84e93ee834a1f736cbb021a856474794
flat;МакроМир;real_estate_agent;sale;Заельцовский;18;22;238;Новосибирск;11300000;Ельцовский;3; Дуси Ковальчук;119.9;Заельцовская;https://novosibirsk.cian.ru/sale/flat/326411874/?mlSearchSessionGuid=84e93ee834a1f736cbb021a856474794
flat;Репутация Плюс;real_estate_agent;sale;Ленинский;24;27;167/1;Новосибирск;11300000;Расцветай на Маркса;3; Немировича-Данченко;52.8;Студенческая;https://novosibirsk.cian.ru/sale/flat/325767212/?mlSearchSessionGuid=84e93ee834a1f736cbb021a856474794
flat;Владис Центральное;real_estate_agent;sale;Дзержинский;10;25;204;Новосибирск;11350000;Авторский квартал;3; Гоголя;56.5;Березовая Роща;https://novosibirsk.cian.ru/sale/flat/326501427/?mlSearchSessionGuid=84e93ee834a1f736cbb021a856474794
flat;Н.сервис;real_estate_agent;sale;Дзержинский;3;23;23;Новосибирск;11400000;Золотая Нива;3; Кошурникова;60.9;Золотая Нива;https://novosibirsk.cian.ru/sale/flat/324640398/?mlSearchSessionGuid=84e93ee834a1f736cbb021a856474794
flat;RИЕЛТ МАРКЕТ;real_estate_agent;sale;Железнодорожный;12;25;65/2;Новосибирск;11400000;Чернышевский;3;Фабричная ;51.0;Площадь Гарина-Михайловского;https://novosibirsk.cian.ru/sale/flat/326276245/?mlSearchSessionGuid=84e93ee834a1f736cbb021a856474794
flat;ЖИЛФОНД;real_estate_agent;sale;Заельцовский;2;25;52/1;Новосибирск;11500000;Чкалов;3;Светлановская ;65.8;Заельцовская;https://novosibirsk.cian.ru/sale/flat/326220853/?mlSearchSessionGuid=84e93ee834a1f736cbb021a856474794
flat;ЖИЛФОНД;real_estate_agent;sale;Железнодорожный;2;5;48;Новосибирск;11500000;;3; Щетинкина;74.2;Площадь Ленина;https://novosibirsk.cian.ru/sale/flat/324796399/?mlSearchSessionGuid=84e93ee834a1f736cbb021a856474794
flat;ЖИЛФОНД;real_estate_agent;sale;Заельцовский;17;24;109;Новосибирск;11500000;Бирюзовая Жемчужина;3;Сухарная ;70.0;Площадь Гарина-Михайловского;https://novosibirsk.cian.ru/sale/flat/307037811/?mlSearchSessionGuid=84e93ee834a1f736cbb021a856474794
flat;ЖИЛФОНД;real_estate_agent;sale;Кировский;17;17;35/1;Новосибирск;11500000;;3; Аникина;96.0;Студенческая;https://novosibirsk.cian.ru/sale/flat/326068952/?mlSearchSessionGuid=84e93ee834a1f736cbb021a856474794
flat;МакроМир;real_estate_agent;sale;Ленинский;13;16;76;Новосибирск;11500000;;3;;94.8;Студенческая;https://novosibirsk.cian.ru/sale/flat/321271823/?mlSearchSessionGuid=84e93ee834a1f736cbb021a856474794
flat;Владис Центральное;real_estate_agent;sale;Заельцовский;2;14;21/1;Новосибирск;11500000;;3;Дачная ;81.2;Заельцовская;https://novosibirsk.cian.ru/sale/flat/326991717/?mlSearchSessionGuid=84e93ee834a1f736cbb021a856474794
flat;Анна Козлова;realtor;sale;Заельцовский;5;9;60А;Новосибирск;11500000;Русское солнце;3;Плановая ;70.0;Заельцовская;https://novosibirsk.cian.ru/sale/flat/322574946/?mlSearchSessionGuid=84e93ee834a1f736cbb021a856474794
flat;Владис Центральное;real_estate_agent;sale;Заельцовский;3;5;163;Новосибирск;11500000;;3;Красный проспект;75.1;Заельцовская;https://novosibirsk.cian.ru/sale/flat/326983197/?mlSearchSessionGuid=84e93ee834a1f736cbb021a856474794
flat;100 Домов-Новосибирск;real_estate_agent;sale;Калининский;15;17;305/1;Новосибирск;11500000;Мкрн. Родники;3;Красный проспект;78.7;Заельцовская;https://novosibirsk.cian.ru/sale/flat/326756981/?mlSearchSessionGuid=84e93ee834a1f736cbb021a856474794
flat;Агент Pro;real_estate_agent;sale;Ленинский;17;17;5/1;Новосибирск;11450000;Аквамарин;3;Междуреченская ;81.0;Красный Проспект;https://novosibirsk.cian.ru/sale/flat/321628261/?mlSearchSessionGuid=84e93ee834a1f736cbb021a856474794
flat;Город 54;real_estate_agent;sale;Ленинский;15;24;12;Новосибирск;11490000;AUROOM;3;;83.2;Спортивная;https://novosibirsk.cian.ru/sale/flat/326386951/?mlSearchSessionGuid=84e93ee834a1f736cbb021a856474794
flat;ЛЕТО;real_estate_agent;sale;Заельцовский;4;25;244;Новосибирск;11500000;Покровский;3; Дуси Ковальчук;114.0;Заельцовская;https://novosibirsk.cian.ru/sale/flat/326345390/?mlSearchSessionGuid=84e93ee834a1f736cbb021a856474794
flat;Меркурий;real_estate_agent;sale;Октябрьский;6;10;6;Новосибирск;11500000;;3; Белинского;65.7;Октябрьская;https://novosibirsk.cian.ru/sale/flat/325593714/?mlSearchSessionGuid=84e93ee834a1f736cbb021a856474794
flat;АльянсРиэлт;real_estate_agent;sale;Заельцовский;5;5;51/1;Новосибирск;11500000;Солнечные часы;3;Кубовая ;75.5;Заельцовская;https://novosibirsk.cian.ru/sale/flat/323369854/?mlSearchSessionGuid=84e93ee834a1f736cbb021a856474794
flat;Родники;real_estate_agent;sale;Заельцовский;4;17;49;Новосибирск;11490000;;3; Аэропорт;60.0;Заельцовская;https://novosibirsk.cian.ru/sale/flat/319831594/?mlSearchSessionGuid=84e93ee834a1f736cbb021a856474794
flat;Наталья Голубинская;realtor;sale;Ленинский;15;18;1;Новосибирск;11499000;Радужный каскад;3;Стартовая ;91.8;Спортивная;https://novosibirsk.cian.ru/sale/flat/323392725/?mlSearchSessionGuid=84e93ee834a1f736cbb021a856474794
flat;Александр Чугайнов;realtor;sale;Октябрьский;7;9;6/1;Новосибирск;11500000;Марсель 2;3; Владимира Заровного;72.6;Речной вокзал;https://novosibirsk.cian.ru/sale/flat/320139047/?mlSearchSessionGuid=84e93ee834a1f736cbb021a856474794
flat;Александр Чугайнов;realtor;sale;Ленинский;3;25;36;Новосибирск;11500000;Аксиома;3; Костычева;69.1;Площадь Маркса;https://novosibirsk.cian.ru/sale/flat/324684021/?mlSearchSessionGuid=84e93ee834a1f736cbb021a856474794
flat;Александр Чугайнов;realtor;sale;Заельцовский;10;29;105/1;Новосибирск;11500000;Бирюзовая жемчужина-2;3;Сухарная ;76.01;Площадь Гарина-Михайловского;https://novosibirsk.cian.ru/sale/flat/303779846/?mlSearchSessionGuid=84e93ee834a1f736cbb021a856474794
flat;Жанна Кулешова;realtor;sale;Ленинский;2;16;10;Новосибирск;11500000;;3;;73.0;Студенческая;https://novosibirsk.cian.ru/sale/flat/325705732/?mlSearchSessionGuid=84e93ee834a1f736cbb021a856474794
flat;Владис Центральное;real_estate_agent;sale;Центральный;13;15;12;Новосибирск;11640000;;3; Семьи Шамшиных;75.9;Площадь Ленина;https://novosibirsk.cian.ru/sale/flat/324678027/?mlSearchSessionGuid=84e93ee834a1f736cbb021a856474794
flat;Статус;real_estate_agent;sale;Заельцовский;13;17;11;Новосибирск;11600000;;3;Овражная ;65.0;Заельцовская;https://novosibirsk.cian.ru/sale/flat/323919387/?mlSearchSessionGuid=84e93ee834a1f736cbb021a856474794
flat;Ключи;real_estate_agent;sale;Ленинский;2;14;18А;Новосибирск;11600000;Традиции;3; Серафимовича;84.0;Площадь Маркса;https://novosibirsk.cian.ru/sale/flat/320646986/?mlSearchSessionGuid=84e93ee834a1f736cbb021a856474794
flat;1Е;real_estate_agent;sale;Заельцовский;11;25;96/3;Новосибирск;11650000;Сосны;3;Сухарная ;96.6;Площадь Гарина-Михайловского;https://novosibirsk.cian.ru/sale/flat/305956603/?mlSearchSessionGuid=84e93ee834a1f736cbb021a856474794
flat;ЖИЛФОНД;real_estate_agent;sale;Центральный;5;6;13;Новосибирск;11700000;;3;Красный проспект;81.6;Площадь Ленина;https://novosibirsk.cian.ru/sale/flat/323950960/?mlSearchSessionGuid=84e93ee834a1f736cbb021a856474794
flat;МакроМир;real_estate_agent;sale;Калининский;4;19;1;Новосибирск;11700000;Мкрн. Родники;3; Гребенщикова;80.0;Заельцовская;https://novosibirsk.cian.ru/sale/flat/326182148/?mlSearchSessionGuid=84e93ee834a1f736cbb021a856474794
flat;Дмитрий Чубыкин;realtor;sale;Заельцовский;16;24;96/3;Новосибирск;11750000;Сосны;3;Сухарная ;60.0;Площадь Гарина-Михайловского;https://novosibirsk.cian.ru/sale/flat/326622520/?mlSearchSessionGuid=84e93ee834a1f736cbb021a856474794
flat;ЖИЛФОНД;real_estate_agent;sale;Первомайский;2;16;6;Новосибирск;11800000;Весенний;3; Заречная;82.3;Речной вокзал;https://novosibirsk.cian.ru/sale/flat/326770338/?mlSearchSessionGuid=84e93ee834a1f736cbb021a856474794
flat;Альфа Дом;real_estate_agent;sale;Кировский;7;27;15;Новосибирск;11890000;;3; Оловозаводская;78.9;Студенческая;https://novosibirsk.cian.ru/sale/flat/326649452/?mlSearchSessionGuid=84e93ee834a1f736cbb021a856474794
flat;ПЛАНЕТА на Маркса;real_estate_agent;sale;Дзержинский;6;10;66;Новосибирск;11850000;Красен Хаус;3; Красина;60.0;Березовая Роща;https://novosibirsk.cian.ru/sale/flat/299704188/?mlSearchSessionGuid=84e93ee834a1f736cbb021a856474794
flat;Владис Центральное;real_estate_agent;sale;Ленинский;7;17;86;Новосибирск;11800000;;3;;97.7;Студенческая;https://novosibirsk.cian.ru/sale/flat/325668928/?mlSearchSessionGuid=84e93ee834a1f736cbb021a856474794
flat;НИЦ;real_estate_agent;sale;Октябрьский;6;17;322;Новосибирск;11800000;Революция;3; Кирова;77.5;Речной вокзал;https://novosibirsk.cian.ru/sale/flat/314131072/?mlSearchSessionGuid=84e93ee834a1f736cbb021a856474794
flat;ЖИЛФОНД;real_estate_agent;sale;Заельцовский;20;24;15;Новосибирск;11999000;на Галущака;3; Галущака;82.6;Гагаринская;https://novosibirsk.cian.ru/sale/flat/322829385/?mlSearchSessionGuid=84e93ee834a1f736cbb021a856474794
flat;ЖИЛФОНД;real_estate_agent;sale;Дзержинский;7;14;61;Новосибирск;11990000;;3; Фрунзе;69.1;Березовая Роща;https://novosibirsk.cian.ru/sale/flat/325977868/?mlSearchSessionGuid=84e93ee834a1f736cbb021a856474794
flat;Самолет Плюс Центр;real_estate_agent;sale;Заельцовский;22;23;248/1;Новосибирск;11900000;Заельцовский NEW;3; Дуси Ковальчук;65.89;Заельцовская;https://novosibirsk.cian.ru/sale/flat/326727894/?mlSearchSessionGuid=84e93ee834a1f736cbb021a856474794
flat;ЖИЛФОНД;real_estate_agent;sale;Заельцовский;15;25;101;Новосибирск;11950000;Бирюзовая жемчужина-Апартаменты;3;Сухарная ;84.8;Площадь Гарина-Михайловского;https://novosibirsk.cian.ru/sale/flat/325133085/?mlSearchSessionGuid=84e93ee834a1f736cbb021a856474794
flat;ЖИЛФОНД;real_estate_agent;sale;Октябрьский;4;10;50/1;Новосибирск;11990000;;3;Обская ;95.1;Речной вокзал;https://novosibirsk.cian.ru/sale/flat/319374887/?mlSearchSessionGuid=84e93ee834a1f736cbb021a856474794
flat;ЖИЛФОНД;real_estate_agent;sale;Октябрьский;4;5;56;Новосибирск;11980000;;3;Инская ;102.9;Речной вокзал;https://novosibirsk.cian.ru/sale/flat/323628243/?mlSearchSessionGuid=84e93ee834a1f736cbb021a856474794
flat;СИБИРЬ;real_estate_agent;sale;Дзержинский;3;25;209;Новосибирск;11950000;Расцветай на Гоголя;3; Гоголя;60.3;Березовая Роща;https://novosibirsk.cian.ru/sale/flat/321045476/?mlSearchSessionGuid=84e93ee834a1f736cbb021a856474794
flat;METRAGE;real_estate_agent;sale;Железнодорожный;7;7;36;Новосибирск;11999000;;3; Урицкого;83.1;Площадь Ленина;https://novosibirsk.cian.ru/sale/flat/320902464/?mlSearchSessionGuid=84e93ee834a1f736cbb021a856474794
flat;ЖИЛФОНД;real_estate_agent;sale;Кировский;14;25;122/3;Новосибирск;12000000;по ул. Немировича-Данченко, 122;3; Немировича-Данченко;57.5;Студенческая;https://novosibirsk.cian.ru/sale/flat/324524788/?mlSearchSessionGuid=84e93ee834a1f736cbb021a856474794
flat;ЖИЛФОНД;real_estate_agent;sale;Первомайский;10;16;35;Новосибирск;12000000;Манхэттен;3; Героев Революции;87.8;Спортивная;https://novosibirsk.cian.ru/sale/flat/313624992/?mlSearchSessionGuid=84e93ee834a1f736cbb021a856474794
flat;Калининское;real_estate_agent;sale;Октябрьский;2;4;16;Новосибирск;12000000;;3;Большевистская ;80.0;Речной вокзал;https://novosibirsk.cian.ru/sale/flat/325970750/?mlSearchSessionGuid=84e93ee834a1f736cbb021a856474794
flat;ЖИЛФОНД;real_estate_agent;sale;Советский;4;9;38;Новосибирск;12000000;;3; Русская;82.0;;https://novosibirsk.cian.ru/sale/flat/326462083/?mlSearchSessionGuid=84e93ee834a1f736cbb021a856474794
flat;METRAGE;real_estate_agent;sale;Дзержинский;25;25;23;Новосибирск;12000000;Золотая Нива;3; Кошурникова;65.0;Золотая Нива;https://novosibirsk.cian.ru/sale/flat/324889716/?mlSearchSessionGuid=84e93ee834a1f736cbb021a856474794
flat;Юнион Трейд;real_estate_agent;sale;Советский;5;8;14;Новосибирск;12000000;;3; Лесосечная;132.3;Октябрьская;https://novosibirsk.cian.ru/sale/flat/323596562/?mlSearchSessionGuid=84e93ee834a1f736cbb021a856474794
flat;ESTEQ;real_estate_agent;sale;Дзержинский;13;19;34/2;Новосибирск;12100000;Дом по пр. Дзержинского, 34/2;3;проспект Дзержинского;98.0;Березовая Роща;https://novosibirsk.cian.ru/sale/flat/319948438/?mlSearchSessionGuid=84e93ee834a1f736cbb021a856474794
flat;ID 94417101;realtor;sale;Кировский;6;14;143/2;Новосибирск;12000000;;3; Немировича-Данченко;66.9;Студенческая;https://novosibirsk.cian.ru/sale/flat/323104654/?mlSearchSessionGuid=84e93ee834a1f736cbb021a856474794
flat;Новосибирский Центр Недвижимости;real_estate_agent;sale;Ленинский;6;17;36;Новосибирск;12150000;Аксиома;3; Костычева;69.0;Площадь Маркса;https://novosibirsk.cian.ru/sale/flat/325261454/?mlSearchSessionGuid=84e93ee834a1f736cbb021a856474794
flat;Квартирный портал;real_estate_agent;sale;Заельцовский;4;9;29;Новосибирск;12200000;;3;Линейная ;60.0;Гагаринская;https://novosibirsk.cian.ru/sale/flat/312499647/?mlSearchSessionGuid=84e93ee834a1f736cbb021a856474794
flat;Инна Иванова;realtor;sale;Октябрьский;10;10;2/1;Новосибирск;12200000;;3; Никитина;70.0;;https://novosibirsk.cian.ru/sale/flat/327057604/?mlSearchSessionGuid=84e93ee834a1f736cbb021a856474794
flat;ЖИЛФОНД;real_estate_agent;sale;Дзержинский;24;25;211;Новосибирск;12300000;Расцветай на Гоголя;3; Гоголя;65.0;Березовая Роща;https://novosibirsk.cian.ru/sale/flat/312578834/?mlSearchSessionGuid=84e93ee834a1f736cbb021a856474794
flat;Статус;real_estate_agent;sale;Заельцовский;4;17;5;Новосибирск;12300000;;3;Овражная ;73.0;Заельцовская;https://novosibirsk.cian.ru/sale/flat/323723981/?mlSearchSessionGuid=84e93ee834a1f736cbb021a856474794
flat;РиэлтПрофи;real_estate_agent;sale;Советский;9;9;16;Новосибирск;12300000;;3; Арбузова;62.5;;https://novosibirsk.cian.ru/sale/flat/326329208/?mlSearchSessionGuid=84e93ee834a1f736cbb021a856474794
flat;ID 21450998;realtor;sale;Октябрьский;10;11;101;Новосибирск;12300000;;3;Ленинградская ;111.0;;https://novosibirsk.cian.ru/sale/flat/326932489/?mlSearchSessionGuid=84e93ee834a1f736cbb021a856474794
flat;Своя Высота;real_estate_agent;sale;Центральный;3;5;33;Новосибирск;12300000;;3;Красный проспект;75.2;Площадь Ленина;https://novosibirsk.cian.ru/sale/flat/324731405/?mlSearchSessionGuid=84e93ee834a1f736cbb021a856474794
flat;ЖИЛФОНД;real_estate_agent;sale;Центральный;7;9;42;Новосибирск;12450000;;3; Державина;61.1;Маршала Покрышкина;https://novosibirsk.cian.ru/sale/flat/326774183/?mlSearchSessionGuid=84e93ee834a1f736cbb021a856474794
flat;ЖИЛФОНД;real_estate_agent;sale;Центральный;2;6;79;Новосибирск;12485000;;3;Октябрьская ;73.2;Октябрьская;https://novosibirsk.cian.ru/sale/flat/318447414/?mlSearchSessionGuid=84e93ee834a1f736cbb021a856474794
flat;ЖИЛФОНД;real_estate_agent;sale;Ленинский;3;6;40;Новосибирск;12400000;;3;Вертковская ;131.3;Площадь Маркса;https://novosibirsk.cian.ru/sale/flat/316774408/?mlSearchSessionGuid=84e93ee834a1f736cbb021a856474794
flat;ЛЕГКО;real_estate_agent;sale;Заельцовский;7;9;6;Новосибирск;12400000;Русское солнце ЖК;3;;62.5;Заельцовская;https://novosibirsk.cian.ru/sale/flat/323455973/?mlSearchSessionGuid=84e93ee834a1f736cbb021a856474794
flat;АльянсРиэлт;real_estate_agent;sale;Заельцовский;17;17;181;Новосибирск;12400000;;3;Красный проспект;98.2;Заельцовская;https://novosibirsk.cian.ru/sale/flat/326720810/?mlSearchSessionGuid=84e93ee834a1f736cbb021a856474794
flat;Красный Проспект Недвижимость;real_estate_agent;sale;Октябрьский;4;11;101;Новосибирск;12400000;;3;Ленинградская ;78.5;Октябрьская;https://novosibirsk.cian.ru/sale/flat/321645956/?mlSearchSessionGuid=84e93ee834a1f736cbb021a856474794
flat;ЖИЛФОНД;real_estate_agent;sale;Октябрьский;3;10;26;Новосибирск;12500000;мкр. Европейский Берег;3; Владимира Заровного;75.7;Речной вокзал;https://novosibirsk.cian.ru/sale/flat/316568256/?mlSearchSessionGuid=84e93ee834a1f736cbb021a856474794
flat;ЖИЛФОНД;real_estate_agent;sale;Ленинский;6;9;30;Новосибирск;12500000;;3; Блюхера;111.0;Студенческая;https://novosibirsk.cian.ru/sale/flat/314974709/?mlSearchSessionGuid=84e93ee834a1f736cbb021a856474794
flat;ЖИЛФОНД;real_estate_agent;sale;Заельцовский;10;17;96;Новосибирск;12500000;Сосны;3;Сухарная ;77.0;Площадь Гарина-Михайловского;https://novosibirsk.cian.ru/sale/flat/326415547/?mlSearchSessionGuid=84e93ee834a1f736cbb021a856474794
flat;ЖИЛФОНД;real_estate_agent;sale;Октябрьский;4;13;29;Новосибирск;12500000;;3; Шевченко;132.0;Октябрьская;https://novosibirsk.cian.ru/sale/flat/323133875/?mlSearchSessionGuid=84e93ee834a1f736cbb021a856474794
flat;СИБИРЬ;real_estate_agent;sale;Железнодорожный;14;14;1;Новосибирск;12500000;На Ивачёва;3; Дмитрия Шамшурина;70.9;Площадь Гарина-Михайловского;https://novosibirsk.cian.ru/sale/flat/309696952/?mlSearchSessionGuid=84e93ee834a1f736cbb021a856474794
flat;МакроМир;real_estate_agent;sale;Октябрьский;10;10;128;Новосибирск;12500000;мкр. Европейский Берег;3;Большевистская ;79.0;Речной вокзал;https://novosibirsk.cian.ru/sale/flat/326252596/?mlSearchSessionGuid=84e93ee834a1f736cbb021a856474794
flat;АНН;real_estate_agent;sale;Октябрьский;3;11;15;Новосибирск;12500000;;3; Лескова;75.4;Октябрьская;https://novosibirsk.cian.ru/sale/flat/326464041/?mlSearchSessionGuid=84e93ee834a1f736cbb021a856474794
flat;Планета Недвижимости -подразделение ООО Лаки;real_estate_agent;sale;Заельцовский;6;9;169;Новосибирск;12500000;;3;Красный проспект;74.9;Заельцовская;https://novosibirsk.cian.ru/sale/flat/326636915/?mlSearchSessionGuid=84e93ee834a1f736cbb021a856474794
flat;METRAGE;real_estate_agent;sale;Центральный;3;5;5;Новосибирск;12555000;;3; Державина;70.7;Красный Проспект;https://novosibirsk.cian.ru/sale/flat/322137685/?mlSearchSessionGuid=84e93ee834a1f736cbb021a856474794
flat;METRAGE;real_estate_agent;sale;Заельцовский;5;8;21/2;Новосибирск;12500000;;3;Дачная ;83.7;Заельцовская;https://novosibirsk.cian.ru/sale/flat/321199482/?mlSearchSessionGuid=84e93ee834a1f736cbb021a856474794
flat;Владис Центральное;real_estate_agent;sale;Октябрьский;3;7;10к2;Новосибирск;12550000;Никитина;3; Никитина;74.4;Речной вокзал;https://novosibirsk.cian.ru/sale/flat/320552238/?mlSearchSessionGuid=84e93ee834a1f736cbb021a856474794
flat;Владис Центральное;real_estate_agent;sale;Советский;3;8;14;Новосибирск;12500000;;3; Лесосечная;138.0;Октябрьская;https://novosibirsk.cian.ru/sale/flat/324456566/?mlSearchSessionGuid=84e93ee834a1f736cbb021a856474794
flat;Ваш Академгородок;real_estate_agent;sale;Советский;4;9;38;Новосибирск;12500000;;3; Русская;82.0;;https://novosibirsk.cian.ru/sale/flat/324533089/?mlSearchSessionGuid=84e93ee834a1f736cbb021a856474794
flat;НОВО-НСК;real_estate_agent;sale;Заельцовский;12;17;181;Новосибирск;12500000;;3;Красный проспект;96.6;Заельцовская;https://novosibirsk.cian.ru/sale/flat/323277027/?mlSearchSessionGuid=84e93ee834a1f736cbb021a856474794
flat;Квартирный портал;real_estate_agent;sale;Первомайский;10;10;2;Новосибирск;12500000;Флагман Холл;3; Заречная;62.5;Спортивная;https://novosibirsk.cian.ru/sale/flat/325286839/?mlSearchSessionGuid=84e93ee834a1f736cbb021a856474794
flat;МакроМир;real_estate_agent;sale;Первомайский;2;8;200б;Новосибирск;12600000;Первомайская, 200б;3;Первомайская ;90.0;Спортивная;https://novosibirsk.cian.ru/sale/flat/318796713/?mlSearchSessionGuid=84e93ee834a1f736cbb021a856474794
flat;Роман Гебель;realtor;sale;Октябрьский;10;11;101/2;Новосибирск;12500000;;3;Ленинградская ;96.0;Октябрьская;https://novosibirsk.cian.ru/sale/flat/325324917/?mlSearchSessionGuid=84e93ee834a1f736cbb021a856474794
flat;Ново-Николаевскъ;real_estate_agent;sale;Заельцовский;14;17;242;Новосибирск;12650000;Возрождение;3; Дуси Ковальчук;77.0;Заельцовская;https://novosibirsk.cian.ru/sale/flat/313968085/?mlSearchSessionGuid=84e93ee834a1f736cbb021a856474794
flat;НСК-top;real_estate_agent;sale;Заельцовский;3;25;15;Новосибирск;12700000;на Галущака;3; Галущака;86.0;Гагаринская;https://novosibirsk.cian.ru/sale/flat/322626386/?mlSearchSessionGuid=84e93ee834a1f736cbb021a856474794
flat;МЕЗОНИН;real_estate_agent;sale;Центральный;5;6;92/2;Новосибирск;12800000;;3; Державина;64.4;Березовая Роща;https://novosibirsk.cian.ru/sale/flat/326539349/?mlSearchSessionGuid=84e93ee834a1f736cbb021a856474794
flat;МакроМир;real_estate_agent;sale;Железнодорожный;3;25;18;Новосибирск;12800000;Прованс;3;Железнодорожная ;62.3;Гагаринская;https://novosibirsk.cian.ru/sale/flat/326315640/?mlSearchSessionGuid=84e93ee834a1f736cbb021a856474794
flat;Rialtor Group;real_estate_agent;sale;Заельцовский;4;4;150;Новосибирск;12800000;;3;1-е Мочищенское шоссе;104.5;Заельцовская;https://novosibirsk.cian.ru/sale/flat/325930223/?mlSearchSessionGuid=84e93ee834a1f736cbb021a856474794
flat;Планета;real_estate_agent;sale;Заельцовский;10;10;17;Новосибирск;12800000;;3;Холодильная ;73.7;Заельцовская;https://novosibirsk.cian.ru/sale/flat/326063350/?mlSearchSessionGuid=84e93ee834a1f736cbb021a856474794
flat;ЕВРОДОМ;real_estate_agent;sale;Калининский;3;10;50/1;Новосибирск;12800000;;3;Народная ;79.4;Заельцовская;https://novosibirsk.cian.ru/sale/flat/326083178/?mlSearchSessionGuid=84e93ee834a1f736cbb021a856474794
flat;Формула недвижимости;real_estate_agent;sale;Октябрьский;8;16;71/1;Новосибирск;12800000;Маяк;3;2-я Обская ;72.0;Речной вокзал;https://novosibirsk.cian.ru/sale/flat/308878372/?mlSearchSessionGuid=84e93ee834a1f736cbb021a856474794
flat;Родники;real_estate_agent;sale;Заельцовский;2;6;88;Новосибирск;12990000;Авиатор;3; Аэропорт;90.0;Заельцовская;https://novosibirsk.cian.ru/sale/flat/324629480/?mlSearchSessionGuid=84e93ee834a1f736cbb021a856474794
flat;ЖИЛФОНД;real_estate_agent;sale;Октябрьский;11;14;50/2;Новосибирск;12985000;;3;Обская ;90.6;Речной вокзал;https://novosibirsk.cian.ru/sale/flat/319725934/?mlSearchSessionGuid=84e93ee834a1f736cbb021a856474794
flat;Департамент недвижимости и права;real_estate_agent;sale;Октябрьский;13;14;2;Новосибирск;12900000;;3; Федосеева;94.3;Золотая Нива;https://novosibirsk.cian.ru/sale/flat/322595292/?mlSearchSessionGuid=84e93ee834a1f736cbb021a856474794
flat;Метражи;real_estate_agent;sale;Калининский;7;10;44;Новосибирск;12950000;;3;Ипподромская ;77.1;Маршала Покрышкина;https://novosibirsk.cian.ru/sale/flat/322468470/?mlSearchSessionGuid=84e93ee834a1f736cbb021a856474794
flat;ДОКТОР КЛЮЧ;real_estate_agent;sale;Октябрьский;8;9;88;Новосибирск;12900000;мкр. Европейский Берег;3;Большевистская ;86.0;Речной вокзал;https://novosibirsk.cian.ru/sale/flat/308887200/?mlSearchSessionGuid=84e93ee834a1f736cbb021a856474794
flat;Созвездие Весов;real_estate_agent;sale;Заельцовский;4;7;159;Новосибирск;12900000;;3;Красный проспект;105.3;Заельцовская;https://novosibirsk.cian.ru/sale/flat/323965719/?mlSearchSessionGuid=84e93ee834a1f736cbb021a856474794
flat;Ассоциация застройщиков;real_estate_agent;sale;Октябрьский;3;10;114;Новосибирск;12990000;мкр. Европейский Берег;3;Большевистская ;80.5;Речной вокзал;https://novosibirsk.cian.ru/sale/flat/304455594/?mlSearchSessionGuid=84e93ee834a1f736cbb021a856474794
flat;Новактив;real_estate_agent;sale;Заельцовский;7;16;252;Новосибирск;12900000;;3; Дуси Ковальчук;85.0;Заельцовская;https://novosibirsk.cian.ru/sale/flat/323827577/?mlSearchSessionGuid=84e93ee834a1f736cbb021a856474794
flat;PRO Недвижимость;real_estate_agent;sale;Центральный;8;13;12;Новосибирск;12900000;;3; Семьи Шамшиных;71.6;Площадь Ленина;https://novosibirsk.cian.ru/sale/flat/324199008/?mlSearchSessionGuid=84e93ee834a1f736cbb021a856474794
flat;Всем Квартиру;real_estate_agent;sale;Калининский;10;11;32;Новосибирск;12950000;;3;Танковая ;78.5;Заельцовская;https://novosibirsk.cian.ru/sale/flat/323879455/?mlSearchSessionGuid=84e93ee834a1f736cbb021a856474794
flat;Аванта;real_estate_agent;sale;Железнодорожный;4;24;4;Новосибирск;12900000;;3; Прибрежная;69.8;Площадь Гарина-Михайловского;https://novosibirsk.cian.ru/sale/flat/326315389/?mlSearchSessionGuid=84e93ee834a1f736cbb021a856474794
flat;Столица Сибири;real_estate_agent;sale;Заельцовский;12;17;51/1;Новосибирск;12999999;Рафинад;3; Лобачевского;94.0;Заельцовская;https://novosibirsk.cian.ru/sale/flat/323347391/?mlSearchSessionGuid=84e93ee834a1f736cbb021a856474794
flat;Владис Центральное;real_estate_agent;sale;Железнодорожный;5;5;25;Новосибирск;13000000;;3; Щетинкина;74.3;Площадь Ленина;https://novosibirsk.cian.ru/sale/flat/327093328/?mlSearchSessionGuid=84e93ee834a1f736cbb021a856474794
flat;ЖИЛФОНД;real_estate_agent;sale;Октябрьский;14;14;2;Новосибирск;13000000;;3; Федосеева;95.1;Золотая Нива;https://novosibirsk.cian.ru/sale/flat/326981173/?mlSearchSessionGuid=84e93ee834a1f736cbb021a856474794
flat;ЖИЛФОНД;real_estate_agent;sale;Калининский;8;13;30;Новосибирск;13000000;Северная Корона;3; Мясниковой;85.6;Заельцовская;https://novosibirsk.cian.ru/sale/flat/323038554/?mlSearchSessionGuid=84e93ee834a1f736cbb021a856474794
flat;ЖИЛФОНД;real_estate_agent;sale;Центральный;3;9;27;Новосибирск;13000000;;3; Орджоникидзе;68.1;Площадь Ленина;https://novosibirsk.cian.ru/sale/flat/326550701/?mlSearchSessionGuid=84e93ee834a1f736cbb021a856474794
flat;Ключи;real_estate_agent;sale;Заельцовский;7;10;261/2;Новосибирск;13000000;;3; Кропоткина;97.8;Гагаринская;https://novosibirsk.cian.ru/sale/flat/315814431/?mlSearchSessionGuid=84e93ee834a1f736cbb021a856474794
flat;Жилсервис-НСК;real_estate_agent;sale;Октябрьский;7;10;108;Новосибирск;13000000;мкр. Европейский Берег;3;Большевистская ;75.0;Речной вокзал;https://novosibirsk.cian.ru/sale/flat/326642896/?mlSearchSessionGuid=84e93ee834a1f736cbb021a856474794
flat;ПРОЕКТ;real_estate_agent;sale;Калининский;6;10;44;Новосибирск;13200000;;3;Ипподромская ;75.0;Маршала Покрышкина;https://novosibirsk.cian.ru/sale/flat/322983611/?mlSearchSessionGuid=84e93ee834a1f736cbb021a856474794
flat;ЕВРОДОМ;real_estate_agent;sale;Заельцовский;2;23;248;Новосибирск;13150000;Заельцовский;3; Дуси Ковальчук;58.0;Заельцовская;https://novosibirsk.cian.ru/sale/flat/303310933/?mlSearchSessionGuid=84e93ee834a1f736cbb021a856474794
flat;ЖИЛФОНД;real_estate_agent;sale;Центральный;3;7;20;Новосибирск;13300000;;3;Советская ;72.2;Площадь Ленина;https://novosibirsk.cian.ru/sale/flat/325131573/?mlSearchSessionGuid=84e93ee834a1f736cbb021a856474794
flat;ЖИЛФОНД;real_estate_agent;sale;Заельцовский;23;25;3/1;Новосибирск;13450000;LEO;3;Кавалерийская ;105.0;Заельцовская;https://novosibirsk.cian.ru/sale/flat/326463279/?mlSearchSessionGuid=84e93ee834a1f736cbb021a856474794
flat;ЖИЛФОНД;real_estate_agent;sale;Дзержинский;19;25;222;Новосибирск;13450000;Рубин;3; Гоголя;74.4;Березовая Роща;https://novosibirsk.cian.ru/sale/flat/326113546/?mlSearchSessionGuid=84e93ee834a1f736cbb021a856474794
flat;ЖИЛФОНД;real_estate_agent;sale;Октябрьский;16;25;16;Новосибирск;13499000;;3;Военная ;98.2;Площадь Ленина;https://novosibirsk.cian.ru/sale/flat/326513363/?mlSearchSessionGuid=84e93ee834a1f736cbb021a856474794
flat;ЖИЛФОНД;real_estate_agent;sale;Центральный;4;10;82;Новосибирск;13500000;;3; Писарева;85.2;Маршала Покрышкина;https://novosibirsk.cian.ru/sale/flat/315475830/?mlSearchSessionGuid=84e93ee834a1f736cbb021a856474794
flat;СИБИРЬ;real_estate_agent;sale;Заельцовский;17;18;49/1;Новосибирск;13500000;Нормандия-Неман;3; Аэропорт;81.3;Заельцовская;https://novosibirsk.cian.ru/sale/flat/316485321/?mlSearchSessionGuid=84e93ee834a1f736cbb021a856474794
flat;Люди;real_estate_agent;sale;Октябрьский;17;23;22/3;Новосибирск;13500000;Пифагор;3; Кошурникова;83.7;Золотая Нива;https://novosibirsk.cian.ru/sale/flat/326509331/?mlSearchSessionGuid=84e93ee834a1f736cbb021a856474794
flat;НСК-top;real_estate_agent;sale;Октябрьский;2;9;94;Новосибирск;13500000;мкр. Европейский Берег;3;Большевистская ;81.0;Спортивная;https://novosibirsk.cian.ru/sale/flat/325521389/?mlSearchSessionGuid=84e93ee834a1f736cbb021a856474794
flat;PRO Недвижимость;real_estate_agent;sale;Дзержинский;4;12;53/1;Новосибирск;13450000;;3; Кошурникова;88.0;Золотая Нива;https://novosibirsk.cian.ru/sale/flat/317456881/?mlSearchSessionGuid=84e93ee834a1f736cbb021a856474794
flat;НСК-top;real_estate_agent;sale;Ленинский;2;10;4;Новосибирск;13500000;Радужный каскад;3;Стартовая ;95.7;Студенческая;https://novosibirsk.cian.ru/sale/flat/317114536/?mlSearchSessionGuid=84e93ee834a1f736cbb021a856474794
flat;Ключи;real_estate_agent;sale;Заельцовский;12;24;244;Новосибирск;13500000;Покровский;3; Дуси Ковальчук;64.7;Заельцовская;https://novosibirsk.cian.ru/sale/flat/326424760/?mlSearchSessionGuid=84e93ee834a1f736cbb021a856474794
flat;НОВО-НИКОЛАЕВСКЪ-НСК;real_estate_agent;sale;Центральный;15;30;93;Новосибирск;13500000;Мылзавод;3; Семьи Шамшиных;63.1;Маршала Покрышкина;https://novosibirsk.cian.ru/sale/flat/319587618/?mlSearchSessionGuid=84e93ee834a1f736cbb021a856474794
flat;Лидия Баранчукова;realtor;sale;Железнодорожный;3;8;49;Новосибирск;13500000;;3;Советская ;75.0;Площадь Ленина;https://novosibirsk.cian.ru/sale/flat/323170742/?mlSearchSessionGuid=84e93ee834a1f736cbb021a856474794
flat;Оксана Головкина;realtor;sale;Заельцовский;2;24;109;Новосибирск;13500000;Бирюзовая Жемчужина;3;Сухарная ;84.0;;https://novosibirsk.cian.ru/sale/flat/326687695/?mlSearchSessionGuid=84e93ee834a1f736cbb021a856474794
flat;ЖИЛФОНД;real_estate_agent;sale;Центральный;7;23;4/1;Новосибирск;13600000;;3;Серебренниковская ;99.6;Октябрьская;https://novosibirsk.cian.ru/sale/flat/319040691/?mlSearchSessionGuid=84e93ee834a1f736cbb021a856474794
flat;ЖИЛФОНД;real_estate_agent;sale;Заельцовский;7;7;157;Новосибирск;13600000;;3;Красный проспект;90.0;Заельцовская;https://novosibirsk.cian.ru/sale/flat/316312016/?mlSearchSessionGuid=84e93ee834a1f736cbb021a856474794
flat;НСК-top;real_estate_agent;sale;Октябрьский;4;8;40;Новосибирск;13600000;мкр. Европейский Берег;3; Владимира Заровного;57.9;Речной вокзал;https://novosibirsk.cian.ru/sale/flat/326704907/?mlSearchSessionGuid=84e93ee834a1f736cbb021a856474794
flat;ЖИЛФОНД;real_estate_agent;sale;Дзержинский;6;10;55/2;Новосибирск;13700000;ГринАрт;3;Планетная ;67.8;Березовая Роща;https://novosibirsk.cian.ru/sale/flat/327018633/?mlSearchSessionGuid=84e93ee834a1f736cbb021a856474794
flat;ЖИЛФОНД;real_estate_agent;sale;Заельцовский;4;6;153Б;Новосибирск;13700000;;3;Красный проспект;99.2;Заельцовская;https://novosibirsk.cian.ru/sale/flat/323130855/?mlSearchSessionGuid=84e93ee834a1f736cbb021a856474794
flat;ДомианНСК;real_estate_agent;sale;Октябрьский;2;21;22/2;Новосибирск;13700000;Пифагор;3; Кошурникова;85.5;Березовая Роща;https://novosibirsk.cian.ru/sale/flat/322993285/?mlSearchSessionGuid=84e93ee834a1f736cbb021a856474794
flat;ЛЕГКО;real_estate_agent;sale;Октябрьский;17;22;154;Новосибирск;13700000;Марсель;3;2-я Обская ;65.0;Речной вокзал;https://novosibirsk.cian.ru/sale/flat/326506402/?mlSearchSessionGuid=84e93ee834a1f736cbb021a856474794
flat;МакроМир;real_estate_agent;sale;Заельцовский;7;19;96/2;Новосибирск;13700000;Сосны;3;Сухарная ;86.2;Площадь Гарина-Михайловского;https://novosibirsk.cian.ru/sale/flat/326068865/?mlSearchSessionGuid=84e93ee834a1f736cbb021a856474794
flat;АльянсРиэлт;real_estate_agent;sale;Железнодорожный;5;9;35/1;Новосибирск;13700000;Сибирская, 35/1;3;Сибирская ;88.7;Площадь Гарина-Михайловского;https://novosibirsk.cian.ru/sale/flat/326430721/?mlSearchSessionGuid=84e93ee834a1f736cbb021a856474794
flat;ЖИЛФОНД;real_estate_agent;sale;Дзержинский;4;25;26/2;Новосибирск;13800000;Дом на Лежена;3; Адриена Лежена;75.3;Золотая Нива;https://novosibirsk.cian.ru/sale/flat/324378952/?mlSearchSessionGuid=84e93ee834a1f736cbb021a856474794
flat;ЖИЛФОНД;real_estate_agent;sale;Заельцовский;1;10;17;Новосибирск;13930000;;3;Холодильная ;74.5;Гагаринская;https://novosibirsk.cian.ru/sale/flat/322618693/?mlSearchSessionGuid=84e93ee834a1f736cbb021a856474794
flat;ЖИЛФОНД;real_estate_agent;sale;Ленинский;9;30;2/1;Новосибирск;13900000;;3;Горская ;61.7;Спортивная;https://novosibirsk.cian.ru/sale/flat/325739323/?mlSearchSessionGuid=84e93ee834a1f736cbb021a856474794
flat;ГРАНОВИТ;real_estate_agent;sale;Октябрьский;21;25;67;Новосибирск;13900000;Квартал Притяжение;3; Никитина;61.9;Октябрьская;https://novosibirsk.cian.ru/sale/flat/314464349/?mlSearchSessionGuid=84e93ee834a1f736cbb021a856474794
flat;ЕВРОДОМ;real_estate_agent;sale;Заельцовский;13;25;11;Новосибирск;13900000;;3; Галущака;106.4;Гагаринская;https://novosibirsk.cian.ru/sale/flat/324079042/?mlSearchSessionGuid=84e93ee834a1f736cbb021a856474794
flat;Домофонд;real_estate_agent;sale;Заельцовский;2;20;248;Новосибирск;13900000;Заельцовский;3; Дуси Ковальчук;71.0;Заельцовская;https://novosibirsk.cian.ru/sale/flat/320531370/?mlSearchSessionGuid=84e93ee834a1f736cbb021a856474794
flat;ЖИЛФОНД;real_estate_agent;sale;Центральный;4;5;62;Новосибирск;14000000;;3;Красный проспект;71.8;Красный Проспект;https://novosibirsk.cian.ru/sale/flat/324374661/?mlSearchSessionGuid=84e93ee834a1f736cbb021a856474794
flat;ЖИЛФОНД;real_estate_agent;sale;Центральный;2;13;48;Новосибирск;13990000;;3; Крылова;99.8;Маршала Покрышкина;https://novosibirsk.cian.ru/sale/flat/317104181/?mlSearchSessionGuid=84e93ee834a1f736cbb021a856474794
flat;ЖИЛФОНД;real_estate_agent;sale;Заельцовский;3;4;150;Новосибирск;13999000;;3;1-е Мочищенское шоссе;103.1;Заельцовская;https://novosibirsk.cian.ru/sale/flat/309242767/?mlSearchSessionGuid=84e93ee834a1f736cbb021a856474794
flat;Сфера;real_estate_agent;sale;Заельцовский;2;9;2/1;Новосибирск;14000000;;3;Ельцовская ;88.2;Площадь Гарина-Михайловского;https://novosibirsk.cian.ru/sale/flat/316026186/?mlSearchSessionGuid=84e93ee834a1f736cbb021a856474794
flat;МакроМир;real_estate_agent;sale;Октябрьский;18;19;29/1;Новосибирск;14000000;Молодёжный;3; Михаила Кулагина;72.6;Золотая Нива;https://novosibirsk.cian.ru/sale/flat/321281689/?mlSearchSessionGuid=84e93ee834a1f736cbb021a856474794
flat;Департамент недвижимости и права;real_estate_agent;sale;Калининский;4;19;130/6;Новосибирск;14000000;Князь Кропоткинъ;3; Кропоткина;101.1;Маршала Покрышкина;https://novosibirsk.cian.ru/sale/flat/322598923/?mlSearchSessionGuid=84e93ee834a1f736cbb021a856474794
flat;Планета;real_estate_agent;sale;Калининский;7;24;9;Новосибирск;14000000;Просвещение;3;Народная ;73.47;Заельцовская;https://novosibirsk.cian.ru/sale/flat/311755713/?mlSearchSessionGuid=84e93ee834a1f736cbb021a856474794
flat;METRAGE;real_estate_agent;sale;Заельцовский;5;22;238;Новосибирск;14000000;Ельцовский;3; Дуси Ковальчук;93.0;Заельцовская;https://novosibirsk.cian.ru/sale/flat/323551388/?mlSearchSessionGuid=84e93ee834a1f736cbb021a856474794
flat;АльянсРиэлт;real_estate_agent;sale;Октябрьский;8;10;38;Новосибирск;14099000;мкр. Европейский Берег;3; Владимира Заровного;67.4;Спортивная;https://novosibirsk.cian.ru/sale/flat/323390511/?mlSearchSessionGuid=84e93ee834a1f736cbb021a856474794
flat;ЖИЛФОНД;real_estate_agent;sale;Кировский;11;25;122/3;Новосибирск;14199000;по ул. Немировича-Данченко, 122;3; Немировича-Данченко;87.4;Студенческая;https://novosibirsk.cian.ru/sale/flat/327091513/?mlSearchSessionGuid=84e93ee834a1f736cbb021a856474794
flat;ЖИЛФОНД;real_estate_agent;sale;Кировский;4;10;1;Новосибирск;14199000;;3; Покрышкина;106.1;Площадь Маркса;https://novosibirsk.cian.ru/sale/flat/319902577/?mlSearchSessionGuid=84e93ee834a1f736cbb021a856474794
flat;Департамент недвижимости и права;real_estate_agent;sale;Ленинский;11;12;38;Новосибирск;14100000;;3;Вертковская ;124.8;Площадь Маркса;https://novosibirsk.cian.ru/sale/flat/323632797/?mlSearchSessionGuid=84e93ee834a1f736cbb021a856474794
flat;Планета;real_estate_agent;sale;Заельцовский;19;20;238;Новосибирск;14100000;Ельцовский;3; Дуси Ковальчук;87.0;Заельцовская;https://novosibirsk.cian.ru/sale/flat/300765763/?mlSearchSessionGuid=84e93ee834a1f736cbb021a856474794
flat;Rialtor Group;real_estate_agent;sale;Дзержинский;12;19;71/1;Новосибирск;14300000;;3; Фрунзе;83.4;Березовая Роща;https://novosibirsk.cian.ru/sale/flat/320941621/?mlSearchSessionGuid=84e93ee834a1f736cbb021a856474794
flat;ЖИЛФОНД;real_estate_agent;sale;Октябрьский;20;25;42;Новосибирск;14500000;мкр. Европейский Берег;3; Владимира Заровного;62.4;Речной вокзал;https://novosibirsk.cian.ru/sale/flat/326360480/?mlSearchSessionGuid=84e93ee834a1f736cbb021a856474794
flat;ЖИЛФОНД;real_estate_agent;sale;Железнодорожный;8;10;8/1;Новосибирск;14500000;;3; Вокзальная магистраль;72.0;Площадь Гарина-Михайловского;https://novosibirsk.cian.ru/sale/flat/326725413/?mlSearchSessionGuid=84e93ee834a1f736cbb021a856474794
flat;ЖИЛФОНД;real_estate_agent;sale;Заельцовский;16;20;238;Новосибирск;14500000;Ельцовский;3; Дуси Ковальчук;74.8;Заельцовская;https://novosibirsk.cian.ru/sale/flat/319120528/?mlSearchSessionGuid=84e93ee834a1f736cbb021a856474794
flat;ЖИЛФОНД;real_estate_agent;sale;Ленинский;5;9;38;Новосибирск;14500000;;3;Вертковская ;108.1;Площадь Маркса;https://novosibirsk.cian.ru/sale/flat/321011200/?mlSearchSessionGuid=84e93ee834a1f736cbb021a856474794
flat;КВАРТЭН;real_estate_agent;sale;Кировский;9;10;23/1;Новосибирск;14500000;;3; Сибиряков-Гвардейцев;115.0;Площадь Маркса;https://novosibirsk.cian.ru/sale/flat/321713384/?mlSearchSessionGuid=84e93ee834a1f736cbb021a856474794
flat;Владис Центральное;real_estate_agent;sale;Ленинский;2;7;5;Новосибирск;14400000;;3; Костычева;110.0;Площадь Маркса;https://novosibirsk.cian.ru/sale/flat/313466110/?mlSearchSessionGuid=84e93ee834a1f736cbb021a856474794
flat;АЛЬФА-НЕДВИЖИМОСТЬ;real_estate_agent;sale;Заельцовский;14;17;3;Новосибирск;14500000;;3; Галущака;114.3;Гагаринская;https://novosibirsk.cian.ru/sale/flat/326110921/?mlSearchSessionGuid=84e93ee834a1f736cbb021a856474794
flat;Вместе;real_estate_agent;sale;Заельцовский;4;14;21/1;Новосибирск;14500000;;3;Дачная ;99.2;Заельцовская;https://novosibirsk.cian.ru/sale/flat/326555317/?mlSearchSessionGuid=84e93ee834a1f736cbb021a856474794
flat;Ново-Николаевскъ;real_estate_agent;sale;Центральный;15;25;;Новосибирск;14450000;Сакура Парк;3;Ипподромская ;95.0;Октябрьская;https://novosibirsk.cian.ru/sale/flat/294651708/?mlSearchSessionGuid=84e93ee834a1f736cbb021a856474794
flat;ПАЛИТРА;real_estate_agent;sale;Ленинский;8;15;11;Новосибирск;14500000;;3;проспект Карла Маркса;94.5;Площадь Маркса;https://novosibirsk.cian.ru/sale/flat/326645638/?mlSearchSessionGuid=84e93ee834a1f736cbb021a856474794
flat;Хорошие люди;real_estate_agent;sale;Железнодорожный;10;16;1;Новосибирск;14499000;На Ивачёва;3; Дмитрия Шамшурина;95.7;Площадь Гарина-Михайловского;https://novosibirsk.cian.ru/sale/flat/321702181/?mlSearchSessionGuid=84e93ee834a1f736cbb021a856474794
flat;СМК-недвижимость;real_estate_agent;sale;Заельцовский;6;6;79;Новосибирск;14500000;Премиум-квартал Новый Кедровый;3;Кедровая ;89.5;Заельцовская;https://novosibirsk.cian.ru/sale/flat/316307378/?mlSearchSessionGuid=84e93ee834a1f736cbb021a856474794
flat;АктивНедвижимость;real_estate_agent;sale;Ленинский;2;7;5;Новосибирск;14500000;;3; Костычева;109.7;Площадь Маркса;https://novosibirsk.cian.ru/sale/flat/319308043/?mlSearchSessionGuid=84e93ee834a1f736cbb021a856474794
flat;Ключи;real_estate_agent;sale;Заельцовский;1;6;88;Новосибирск;14500000;Авиатор;3; Аэропорт;125.5;Заельцовская;https://novosibirsk.cian.ru/sale/flat/319230853/?mlSearchSessionGuid=84e93ee834a1f736cbb021a856474794
flat;СТАН;real_estate_agent;sale;Октябрьский;11;24;14;Новосибирск;14400000;Freedom;3;Большевистская ;63.2;Речной вокзал;https://novosibirsk.cian.ru/sale/flat/315478024/?mlSearchSessionGuid=84e93ee834a1f736cbb021a856474794
flat;Юлия Толстова;realtor;sale;Центральный;9;17;63/1;Новосибирск;14500000;;3; Некрасова;93.2;Маршала Покрышкина;https://novosibirsk.cian.ru/sale/flat/322583608/?mlSearchSessionGuid=84e93ee834a1f736cbb021a856474794
flat;Сфера;real_estate_agent;sale;Заельцовский;6;7;88;Новосибирск;14550000;Авиатор;3; Аэропорт;121.0;Заельцовская;https://novosibirsk.cian.ru/sale/flat/326784326/?mlSearchSessionGuid=84e93ee834a1f736cbb021a856474794
flat;Дельта;real_estate_agent;sale;Советский;3;9;6;Новосибирск;14700000;;3; Терешковой;63.0;;https://novosibirsk.cian.ru/sale/flat/326926589/?mlSearchSessionGuid=84e93ee834a1f736cbb021a856474794
flat;БК НЕДВИЖИМОСТЬ;real_estate_agent;sale;Октябрьский;9;25;9;Новосибирск;14700000;Флотилия;3; Сибревкома;61.8;Октябрьская;https://novosibirsk.cian.ru/sale/flat/316919624/?mlSearchSessionGuid=84e93ee834a1f736cbb021a856474794
flat;Наталья Сухаревская;realtor;sale;Центральный;7;21;47;Новосибирск;14700000;Родонит;3; Орджоникидзе;98.0;Площадь Ленина;https://novosibirsk.cian.ru/sale/flat/325003727/?mlSearchSessionGuid=84e93ee834a1f736cbb021a856474794
flat;ЖИЛФОНД;real_estate_agent;sale;Октябрьский;4;17;25;Новосибирск;14800000;На Декабристов;3; Сакко и Ванцетти;79.3;Речной вокзал;https://novosibirsk.cian.ru/sale/flat/320978030/?mlSearchSessionGuid=84e93ee834a1f736cbb021a856474794
flat;ЖИЛФОНД;real_estate_agent;sale;Дзержинский;23;27;230;Новосибирск;14880000;;3; Фрунзе;91.1;Березовая Роща;https://novosibirsk.cian.ru/sale/flat/322694663/?mlSearchSessionGuid=84e93ee834a1f736cbb021a856474794
flat;Ключи;real_estate_agent;sale;Дзержинский;3;17;253/4;Новосибирск;14800000;Изумрудный город;3; Бориса Богаткова;95.6;Золотая Нива;https://novosibirsk.cian.ru/sale/flat/327063219/?mlSearchSessionGuid=84e93ee834a1f736cbb021a856474794
flat;АльянсРиэлт;real_estate_agent;sale;Заельцовский;7;15;222/3;Новосибирск;14900000;Красный проспект;3;Красный проспект;68.0;Заельцовская;https://novosibirsk.cian.ru/sale/flat/323416404/?mlSearchSessionGuid=84e93ee834a1f736cbb021a856474794
flat;КвартЛаб;real_estate_agent;sale;Заельцовский;11;17;252;Новосибирск;14800000;;3; Дуси Ковальчук;108.5;Заельцовская;https://novosibirsk.cian.ru/sale/flat/325655119/?mlSearchSessionGuid=84e93ee834a1f736cbb021a856474794
flat;НОВО-НИКОЛАЕВСКЪ-НСК;real_estate_agent;sale;Заельцовский;6;14;21/1;Новосибирск;14800000;;3;Дачная ;103.6;Заельцовская;https://novosibirsk.cian.ru/sale/flat/320275898/?mlSearchSessionGuid=84e93ee834a1f736cbb021a856474794
flat;Всем Квартиру;real_estate_agent;sale;Заельцовский;16;17;3;Новосибирск;14800000;;3; Галущака;110.3;Гагаринская;https://novosibirsk.cian.ru/sale/flat/304053363/?mlSearchSessionGuid=84e93ee834a1f736cbb021a856474794
flat;Екатерина Попушой;realtor;sale;Октябрьский;9;25;42;Новосибирск;14840000;мкр. Европейский Берег;3; Владимира Заровного;74.5;Речной вокзал;https://novosibirsk.cian.ru/sale/flat/320307859/?mlSearchSessionGuid=84e93ee834a1f736cbb021a856474794
flat;ЖИЛФОНД;real_estate_agent;sale;Ленинский;3;5;8;Новосибирск;15000000;;3; Пархоменко;92.9;Площадь Маркса;https://novosibirsk.cian.ru/sale/flat/324810042/?mlSearchSessionGuid=84e93ee834a1f736cbb021a856474794
flat;ЖИЛФОНД;real_estate_agent;sale;Заельцовский;5;10;79;Новосибирск;15000000;Премиум-квартал Новый Кедровый;3;Кедровая ;110.8;Заельцовская;https://novosibirsk.cian.ru/sale/flat/322091593/?mlSearchSessionGuid=84e93ee834a1f736cbb021a856474794
flat;ЖИЛФОНД;real_estate_agent;sale;Октябрьский;17;21;22/2;Новосибирск;14990000;Пифагор;3; Кошурникова;89.0;Березовая Роща;https://novosibirsk.cian.ru/sale/flat/321145427/?mlSearchSessionGuid=84e93ee834a1f736cbb021a856474794
flat;ЖИЛФОНД;real_estate_agent;sale;Центральный;10;10;42;Новосибирск;15000000;;3; Гоголя;96.9;Маршала Покрышкина;https://novosibirsk.cian.ru/sale/flat/326186823/?mlSearchSessionGuid=84e93ee834a1f736cbb021a856474794
flat;ЖИЛФОНД;real_estate_agent;sale;Октябрьский;3;6;102;Новосибирск;15000000;;3;Выборная ;100.0;Речной вокзал;https://novosibirsk.cian.ru/sale/flat/326516897/?mlSearchSessionGuid=84e93ee834a1f736cbb021a856474794
flat;ЖИЛФОНД;real_estate_agent;sale;Ленинский;9;9;11/1;Новосибирск;15000000;;3; Титова;102.6;Площадь Маркса;https://novosibirsk.cian.ru/sale/flat/320134439/?mlSearchSessionGuid=84e93ee834a1f736cbb021a856474794
flat;ЖИЛФОНД;real_estate_agent;sale;Октябрьский;4;16;73;Новосибирск;15000000;;3;2-я Обская ;101.5;Речной вокзал;https://novosibirsk.cian.ru/sale/flat/323441261/?mlSearchSessionGuid=84e93ee834a1f736cbb021a856474794
flat;МакроМир;real_estate_agent;sale;Центральный;2;5;10;Новосибирск;15090000;;3;Советская ;84.7;Площадь Ленина;https://novosibirsk.cian.ru/sale/flat/325242154/?mlSearchSessionGuid=84e93ee834a1f736cbb021a856474794
flat;Альфа Дом;real_estate_agent;sale;Центральный;2;14;48;Новосибирск;14950000;;3; Крылова;110.0;Маршала Покрышкина;https://novosibirsk.cian.ru/sale/flat/327055406/?mlSearchSessionGuid=84e93ee834a1f736cbb021a856474794
flat;Дельта;real_estate_agent;sale;Советский;1;4;32;Новосибирск;15000000;;3;проспект Морской;76.8;;https://novosibirsk.cian.ru/sale/flat/319128590/?mlSearchSessionGuid=84e93ee834a1f736cbb021a856474794
flat;Сибриэлт;real_estate_agent;sale;Советский;1;4;6;Новосибирск;15000000;;3; Правды;74.0;;https://novosibirsk.cian.ru/sale/flat/302649376/?mlSearchSessionGuid=84e93ee834a1f736cbb021a856474794
flat;Ключи;real_estate_agent;sale;Железнодорожный;4;5;26;Новосибирск;15000000;;3;Депутатская ;93.0;Площадь Ленина;https://novosibirsk.cian.ru/sale/flat/325882262/?mlSearchSessionGuid=84e93ee834a1f736cbb021a856474794
flat;Аванта;real_estate_agent;sale;Октябрьский;7;24;104;Новосибирск;15000000;For Stars;3;Ленинградская ;85.3;Октябрьская;https://novosibirsk.cian.ru/sale/flat/326228646/?mlSearchSessionGuid=84e93ee834a1f736cbb021a856474794
flat;МакроМир;real_estate_agent;sale;Калининский;9;25;34;Новосибирск;14990000;;3;Танковая ;88.0;Заельцовская;https://novosibirsk.cian.ru/sale/flat/325007358/?mlSearchSessionGuid=84e93ee834a1f736cbb021a856474794
flat;Ваш Академгородок;real_estate_agent;sale;Кировский;3;10;24/2;Новосибирск;15050000;;3;Новогодняя ;79.0;Студенческая;https://novosibirsk.cian.ru/sale/flat/324951310/?mlSearchSessionGuid=84e93ee834a1f736cbb021a856474794
flat;ID 94613083;realtor;sale;Заельцовский;6;7;79;Новосибирск;15000000;Премиум-квартал Новый Кедровый;3;Кедровая ;91.33;Заельцовская;https://novosibirsk.cian.ru/sale/flat/323572327/?mlSearchSessionGuid=84e93ee834a1f736cbb021a856474794
flat;НИАН;real_estate_agent;sale;Октябрьский;9;29;16;Новосибирск;15200000;;3;Военная ;127.0;Площадь Ленина;https://novosibirsk.cian.ru/sale/flat/300383045/?mlSearchSessionGuid=84e93ee834a1f736cbb021a856474794
flat;Самолет Плюс Центр;real_estate_agent;sale;Центральный;8;10;12;Новосибирск;15300000;;3; Фрунзе;94.6;Сибирская;https://novosibirsk.cian.ru/sale/flat/327058187/?mlSearchSessionGuid=84e93ee834a1f736cbb021a856474794
flat;Владис Центральное;real_estate_agent;sale;Ленинский;11;14;26/1;Новосибирск;15300000;;3; Серафимовича;90.0;Площадь Маркса;https://novosibirsk.cian.ru/sale/flat/326540072/?mlSearchSessionGuid=84e93ee834a1f736cbb021a856474794
flat;ЖИЛФОНД;real_estate_agent;sale;Октябрьский;10;22;22/6;Новосибирск;15500000;;3; Кошурникова;91.8;Золотая Нива;https://novosibirsk.cian.ru/sale/flat/320977504/?mlSearchSessionGuid=84e93ee834a1f736cbb021a856474794
flat;Владис Центральное;real_estate_agent;sale;Кировский;25;25;6/1;Новосибирск;15500000;Сергиев Пассаж;3; Оловозаводская;111.8;Студенческая;https://novosibirsk.cian.ru/sale/flat/321847385/?mlSearchSessionGuid=84e93ee834a1f736cbb021a856474794
flat;НСК-top;real_estate_agent;sale;Центральный;7;9;30;Новосибирск;15500000;;3;Красный проспект;76.2;Площадь Ленина;https://novosibirsk.cian.ru/sale/flat/322707172/?mlSearchSessionGuid=84e93ee834a1f736cbb021a856474794
flat;Ново-Николаевскъ;real_estate_agent;sale;Железнодорожный;12;30;65;Новосибирск;15500000;Чернышевский;3;Фабричная ;75.0;Площадь Гарина-Михайловского;https://novosibirsk.cian.ru/sale/flat/317546445/?mlSearchSessionGuid=84e93ee834a1f736cbb021a856474794
flat;ЖИЛФОНД;real_estate_agent;sale;Октябрьский;9;22;20/1;Новосибирск;15600000;Восход;3; Восход;69.7;Речной вокзал;https://novosibirsk.cian.ru/sale/flat/326217990/?mlSearchSessionGuid=84e93ee834a1f736cbb021a856474794
flat;Изумрудный Город;real_estate_agent;sale;Ленинский;4;9;18/1;Новосибирск;15600000;;3; Пархоменко;133.1;Площадь Маркса;https://novosibirsk.cian.ru/sale/flat/322843756/?mlSearchSessionGuid=84e93ee834a1f736cbb021a856474794
flat;Люди;real_estate_agent;sale;Кировский;17;25;156;Новосибирск;15600000;Панорама;3; Немировича-Данченко;75.0;Студенческая;https://novosibirsk.cian.ru/sale/flat/323304224/?mlSearchSessionGuid=84e93ee834a1f736cbb021a856474794
flat;Меркурий;real_estate_agent;sale;Заельцовский;16;25;248/1;Новосибирск;15600000;Заельцовский NEW;3; Дуси Ковальчук;77.8;Заельцовская;https://novosibirsk.cian.ru/sale/flat/325519538/?mlSearchSessionGuid=84e93ee834a1f736cbb021a856474794
flat;METRAGE;real_estate_agent;sale;Дзержинский;3;26;22;Новосибирск;15800000;Дом на березовой роще;3; Кошурникова;68.0;Березовая Роща;https://novosibirsk.cian.ru/sale/flat/327057335/?mlSearchSessionGuid=84e93ee834a1f736cbb021a856474794
flat;METRAGE;real_estate_agent;sale;Октябрьский;4;19;2/1;Новосибирск;15800000;Маковского;3; Шевченко;78.3;Речной вокзал;https://novosibirsk.cian.ru/sale/flat/324012881/?mlSearchSessionGuid=84e93ee834a1f736cbb021a856474794
flat;Метражи;real_estate_agent;sale;Октябрьский;3;4;344;Новосибирск;15800000;Ключевой;3; Кирова;100.1;Речной вокзал;https://novosibirsk.cian.ru/sale/flat/324512886/?mlSearchSessionGuid=84e93ee834a1f736cbb021a856474794
flat;Владис Центральное;real_estate_agent;sale;Заельцовский;2;6;9;Новосибирск;15850000;;3;Военного санатория Ельцовка тер.;120.2;Площадь Гарина-Михайловского;https://novosibirsk.cian.ru/sale/flat/326480408/?mlSearchSessionGuid=84e93ee834a1f736cbb021a856474794
flat;ЖИЛФОНД;real_estate_agent;sale;Октябрьский;9;17;31;Новосибирск;16000000;Оазис;3; Лескова;70.8;Октябрьская;https://novosibirsk.cian.ru/sale/flat/326615941/?mlSearchSessionGuid=84e93ee834a1f736cbb021a856474794
flat;ЖИЛФОНД;real_estate_agent;sale;Калининский;14;24;50;Новосибирск;16000000;Калининский-2;3;Ипподромская ;87.7;Березовая Роща;https://novosibirsk.cian.ru/sale/flat/326550705/?mlSearchSessionGuid=84e93ee834a1f736cbb021a856474794
flat;ЖИЛФОНД;real_estate_agent;sale;Октябрьский;13;17;31;Новосибирск;16000000;Оазис;3; Лескова;101.0;Октябрьская;https://novosibirsk.cian.ru/sale/flat/326262651/?mlSearchSessionGuid=84e93ee834a1f736cbb021a856474794
flat;ЖИЛФОНД;real_estate_agent;sale;Октябрьский;3;16;46;Новосибирск;15900000;;3; Кирова;82.3;Октябрьская;https://novosibirsk.cian.ru/sale/flat/319279092/?mlSearchSessionGuid=84e93ee834a1f736cbb021a856474794
flat;ЖИЛФОНД;real_estate_agent;sale;Дзержинский;18;19;252/1;Новосибирск;15900000;История;3; Фрунзе;71.1;Березовая Роща;https://novosibirsk.cian.ru/sale/flat/318154263/?mlSearchSessionGuid=84e93ee834a1f736cbb021a856474794
flat;МЕЗОНИН;real_estate_agent;sale;Заельцовский;23;24;246;Новосибирск;16000000;Акцентный дом ;3; Дуси Ковальчук;92.2;Заельцовская;https://novosibirsk.cian.ru/sale/flat/322245700/?mlSearchSessionGuid=84e93ee834a1f736cbb021a856474794
flat;Ваш Академгородок;real_estate_agent;sale;Советский;15;18;18;Новосибирск;15999999;Николаевский Парк;3; Николаева;77.6;;https://novosibirsk.cian.ru/sale/flat/316141006/?mlSearchSessionGuid=84e93ee834a1f736cbb021a856474794
flat;МакроМир;real_estate_agent;sale;Центральный;9;18;51;Новосибирск;15990000;;3; Гоголя;103.8;Маршала Покрышкина;https://novosibirsk.cian.ru/sale/flat/326576354/?mlSearchSessionGuid=84e93ee834a1f736cbb021a856474794
flat;Город 54;real_estate_agent;sale;Дзержинский;15;18;252/1;Новосибирск;16000000;История;3; Фрунзе;71.0;Березовая Роща;https://novosibirsk.cian.ru/sale/flat/326560902/?mlSearchSessionGuid=84e93ee834a1f736cbb021a856474794
flat;Квартирный портал;real_estate_agent;sale;Октябрьский;3;9;10к1;Новосибирск;15900000;Никитина;3; Никитина;64.0;Речной вокзал;https://novosibirsk.cian.ru/sale/flat/304726210/?mlSearchSessionGuid=84e93ee834a1f736cbb021a856474794
flat;Наследие;real_estate_agent;sale;Центральный;13;21;40/1;Новосибирск;16000000;Дом у метро Покрышкина;3; Гоголя;93.0;Маршала Покрышкина;https://novosibirsk.cian.ru/sale/flat/305748893/?mlSearchSessionGuid=84e93ee834a1f736cbb021a856474794
flat;НИАН;real_estate_agent;sale;Центральный;24;25;92/3;Новосибирск;16000000;;3; Державина;85.3;Березовая Роща;https://novosibirsk.cian.ru/sale/flat/319645723/?mlSearchSessionGuid=84e93ee834a1f736cbb021a856474794
flat;АльянсРиэлт;real_estate_agent;sale;Железнодорожный;8;12;10;Новосибирск;16200000;Гудимов;3;Коммунистическая ;62.3;Площадь Ленина;https://novosibirsk.cian.ru/sale/flat/323878507/?mlSearchSessionGuid=84e93ee834a1f736cbb021a856474794
flat;ЖИЛФОНД;real_estate_agent;sale;Заельцовский;17;20;248;Новосибирск;16499000;Заельцовский;3; Дуси Ковальчук;99.15;Заельцовская;https://novosibirsk.cian.ru/sale/flat/324462933/?mlSearchSessionGuid=84e93ee834a1f736cbb021a856474794
flat;ЖИЛФОНД;real_estate_agent;sale;Центральный;5;15;18;Новосибирск;16490000;;3; Семьи Шамшиных;84.9;Площадь Ленина;https://novosibirsk.cian.ru/sale/flat/325597500/?mlSearchSessionGuid=84e93ee834a1f736cbb021a856474794
flat;ЖИЛФОНД;real_estate_agent;sale;Заельцовский;8;10;17;Новосибирск;16500000;;3;Холодильная ;89.5;Гагаринская;https://novosibirsk.cian.ru/sale/flat/318276284/?mlSearchSessionGuid=84e93ee834a1f736cbb021a856474794
flat;ЖИЛФОНД;real_estate_agent;sale;Октябрьский;3;28;25;Новосибирск;16500000;Статус;3; Шевченко;78.6;Октябрьская;https://novosibirsk.cian.ru/sale/flat/316623217/?mlSearchSessionGuid=84e93ee834a1f736cbb021a856474794
flat;ЖИЛФОНД;real_estate_agent;sale;Заельцовский;25;30;105/1;Новосибирск;16400000;Бирюзовая жемчужина-2;3;Сухарная ;125.0;Площадь Гарина-Михайловского;https://novosibirsk.cian.ru/sale/flat/315312561/?mlSearchSessionGuid=84e93ee834a1f736cbb021a856474794
flat;Департамент недвижимости и права;real_estate_agent;sale;Центральный;1;5;3;Новосибирск;16500000;;3; Крылова;76.3;Красный Проспект;https://novosibirsk.cian.ru/sale/flat/316060366/?mlSearchSessionGuid=84e93ee834a1f736cbb021a856474794
flat;Планета-А;real_estate_agent;sale;Центральный;4;14;58;Новосибирск;16500000;;3; Семьи Шамшиных;120.0;Маршала Покрышкина;https://novosibirsk.cian.ru/sale/flat/309263810/?mlSearchSessionGuid=84e93ee834a1f736cbb021a856474794
flat;METRAGE;real_estate_agent;sale;Октябрьский;9;10;10;Новосибирск;16500000;;3; Никитина;95.5;Речной вокзал;https://novosibirsk.cian.ru/sale/flat/326682978/?mlSearchSessionGuid=84e93ee834a1f736cbb021a856474794
flat;Всем Квартиру;real_estate_agent;sale;Железнодорожный;5;16;;Новосибирск;16500000;;3;;110.0;Красный Проспект;https://novosibirsk.cian.ru/sale/flat/323921579/?mlSearchSessionGuid=84e93ee834a1f736cbb021a856474794
flat;Своё;real_estate_agent;sale;Центральный;10;21;50;Новосибирск;16500000;;3;Коммунистическая ;107.9;Площадь Ленина;https://novosibirsk.cian.ru/sale/flat/316621833/?mlSearchSessionGuid=84e93ee834a1f736cbb021a856474794
flat;ПАЛИТРА;real_estate_agent;sale;Октябрьский;6;15;33;Новосибирск;16500000;Фианит;3; Якушева;116.2;Речной вокзал;https://novosibirsk.cian.ru/sale/flat/313892567/?mlSearchSessionGuid=84e93ee834a1f736cbb021a856474794
flat;ВИЛИЯ;real_estate_agent;sale;Октябрьский;3;26;42;Новосибирск;16500000;мкр. Европейский Берег;3; Владимира Заровного;75.0;Речной вокзал;https://novosibirsk.cian.ru/sale/flat/313086445/?mlSearchSessionGuid=84e93ee834a1f736cbb021a856474794
flat;МакроМир;real_estate_agent;sale;Октябрьский;8;10;27;Новосибирск;16600000;На Тополевой;3;Тополевая ;80.2;Октябрьская;https://novosibirsk.cian.ru/sale/flat/323195050/?mlSearchSessionGuid=84e93ee834a1f736cbb021a856474794
flat;ЖИЛФОНД;real_estate_agent;sale;Советский;5;5;31;Новосибирск;16800000;;3;Золотодолинская ;58.7;;https://novosibirsk.cian.ru/sale/flat/327094579/?mlSearchSessionGuid=84e93ee834a1f736cbb021a856474794
flat;ЖИЛФОНД;real_estate_agent;sale;Ленинский;12;15;1;Новосибирск;16890000;Радужный каскад;3;Стартовая ;108.5;Спортивная;https://novosibirsk.cian.ru/sale/flat/326731403/?mlSearchSessionGuid=84e93ee834a1f736cbb021a856474794
flat;ЖИЛФОНД;real_estate_agent;sale;Центральный;3;15;18;Новосибирск;16800000;;3; Семьи Шамшиных;105.0;Площадь Ленина;https://novosibirsk.cian.ru/sale/flat/317844847/?mlSearchSessionGuid=84e93ee834a1f736cbb021a856474794
flat;ЖИЛФОНД;real_estate_agent;sale;Ленинский;3;7;47/1;Новосибирск;16800000;;3;проспект Карла Маркса;137.8;Студенческая;https://novosibirsk.cian.ru/sale/flat/325658720/?mlSearchSessionGuid=84e93ee834a1f736cbb021a856474794
flat;ЖИЛФОНД;real_estate_agent;sale;Центральный;7;10;38;Новосибирск;16800000;;3; Гоголя;97.6;Маршала Покрышкина;https://novosibirsk.cian.ru/sale/flat/291394356/?mlSearchSessionGuid=84e93ee834a1f736cbb021a856474794
flat;ЖИЛФОНД;real_estate_agent;sale;Центральный;4;9;36/1;Новосибирск;16750000;;3;Советская ;72.9;Красный Проспект;https://novosibirsk.cian.ru/sale/flat/325897066/?mlSearchSessionGuid=84e93ee834a1f736cbb021a856474794
flat;Ключи;real_estate_agent;sale;Центральный;21;23;77/1;Новосибирск;16700000;;3; Державина;111.7;Березовая Роща;https://novosibirsk.cian.ru/sale/flat/326314927/?mlSearchSessionGuid=84e93ee834a1f736cbb021a856474794
flat;ЖИЛФОНД;real_estate_agent;sale;Заельцовский;6;16;96/1;Новосибирск;17000000;;3; Кропоткина;102.2;Гагаринская;https://novosibirsk.cian.ru/sale/flat/319534196/?mlSearchSessionGuid=84e93ee834a1f736cbb021a856474794
flat;ЖИЛФОНД;real_estate_agent;sale;Железнодорожный;3;27;73;Новосибирск;17000000;Lа GRANDE;3; 1905 года;82.5;Красный Проспект;https://novosibirsk.cian.ru/sale/flat/323239740/?mlSearchSessionGuid=84e93ee834a1f736cbb021a856474794
flat;ЛЕГКО;real_estate_agent;sale;Дзержинский;16;18;252/1;Новосибирск;16999999;История;3; Фрунзе;72.0;Березовая Роща;https://novosibirsk.cian.ru/sale/flat/327018064/?mlSearchSessionGuid=84e93ee834a1f736cbb021a856474794
flat;Планета Недвижимости -подразделение ООО Лаки;real_estate_agent;sale;Октябрьский;6;9;101/1;Новосибирск;16990000;;3;Ленинградская ;102.2;Октябрьская;https://novosibirsk.cian.ru/sale/flat/324437758/?mlSearchSessionGuid=84e93ee834a1f736cbb021a856474794
flat;МакроМир;real_estate_agent;sale;Железнодорожный;5;9;51;Новосибирск;16950000;;3; Максима Горького;109.0;Площадь Ленина;https://novosibirsk.cian.ru/sale/flat/301179837/?mlSearchSessionGuid=84e93ee834a1f736cbb021a856474794
flat;Татьяна Лукина;realtor;sale;Центральный;11;30;;Новосибирск;17000000;Мылзавод ЖК;3;;88.12;Гагаринская;https://novosibirsk.cian.ru/sale/flat/326299944/?mlSearchSessionGuid=84e93ee834a1f736cbb021a856474794
flat;Люди;real_estate_agent;sale;Центральный;4;10;12;Новосибирск;17300000;;3; Фрунзе;94.2;Сибирская;https://novosibirsk.cian.ru/sale/flat/318772784/?mlSearchSessionGuid=84e93ee834a1f736cbb021a856474794
flat;МакроМир;real_estate_agent;sale;Заельцовский;17;24;11;Новосибирск;17200000;;3; Галущака;107.0;Гагаринская;https://novosibirsk.cian.ru/sale/flat/326617760/?mlSearchSessionGuid=84e93ee834a1f736cbb021a856474794
flat;Столица Сибири;real_estate_agent;sale;Заельцовский;7;7;79;Новосибирск;17390000;Премиум-квартал Новый Кедровый;3;Кедровая ;166.0;Заельцовская;https://novosibirsk.cian.ru/sale/flat/321124575/?mlSearchSessionGuid=84e93ee834a1f736cbb021a856474794
flat;ЖИЛФОНД;real_estate_agent;sale;Дзержинский;18;29;21;Новосибирск;17500000;Менделеев;3;Закаменский мкр;93.3;Березовая Роща;https://novosibirsk.cian.ru/sale/flat/326572697/?mlSearchSessionGuid=84e93ee834a1f736cbb021a856474794
flat;ЖИЛФОНД;real_estate_agent;sale;Центральный;11;21;47;Новосибирск;17500000;Родонит;3; Орджоникидзе;116.0;Площадь Ленина;https://novosibirsk.cian.ru/sale/flat/324586089/?mlSearchSessionGuid=84e93ee834a1f736cbb021a856474794
flat;ЖИЛФОНД;real_estate_agent;sale;Октябрьский;24;24;19/1;Новосибирск;17500000;;3; Шевченко;64.9;Октябрьская;https://novosibirsk.cian.ru/sale/flat/323308041/?mlSearchSessionGuid=84e93ee834a1f736cbb021a856474794
flat;Владис Центральное;real_estate_agent;sale;Заельцовский;8;14;169/2;Новосибирск;17500000;;3;Красный проспект;91.9;Заельцовская;https://novosibirsk.cian.ru/sale/flat/324526022/?mlSearchSessionGuid=84e93ee834a1f736cbb021a856474794
flat;ДОКТОР КЛЮЧ;real_estate_agent;sale;Центральный;14;25;50;Новосибирск;17450000;Державина 50;3; Державина;60.6;Маршала Покрышкина;https://novosibirsk.cian.ru/sale/flat/318767138/?mlSearchSessionGuid=84e93ee834a1f736cbb021a856474794
flat;Планета Недвижимости -подразделение ООО Лаки;real_estate_agent;sale;Октябрьский;3;11;101/2;Новосибирск;17500000;;3;Ленинградская ;99.2;Октябрьская;https://novosibirsk.cian.ru/sale/flat/324438458/?mlSearchSessionGuid=84e93ee834a1f736cbb021a856474794
flat;Планета Недвижимости -подразделение ООО Лаки;real_estate_agent;sale;Железнодорожный;9;16;17/2;Новосибирск;17470000;;3;Нарымская ;110.0;Красный Проспект;https://novosibirsk.cian.ru/sale/flat/316674918/?mlSearchSessionGuid=84e93ee834a1f736cbb021a856474794
flat;ЖИЛФОНД;real_estate_agent;sale;Железнодорожный;12;16;1;Новосибирск;17650000;На Ивачёва;3; Дмитрия Шамшурина;96.0;Площадь Гарина-Михайловского;https://novosibirsk.cian.ru/sale/flat/319342958/?mlSearchSessionGuid=84e93ee834a1f736cbb021a856474794
flat;Ассоциация застройщиков;real_estate_agent;sale;Центральный;10;18;35;Новосибирск;17590000;;3; Некрасова;89.0;Сибирская;https://novosibirsk.cian.ru/sale/flat/310867498/?mlSearchSessionGuid=84e93ee834a1f736cbb021a856474794
flat;ЖИЛФОНД;real_estate_agent;sale;Центральный;7;13;2;Новосибирск;18000000;Unity Center;3; Семьи Шамшиных;77.84;Октябрьская;https://novosibirsk.cian.ru/sale/flat/325773543/?mlSearchSessionGuid=84e93ee834a1f736cbb021a856474794
flat;Калининское;real_estate_agent;sale;Заельцовский;14;15;220;Новосибирск;17900000;Нобель;3;Красный проспект;82.3;Заельцовская;https://novosibirsk.cian.ru/sale/flat/314877808/?mlSearchSessionGuid=84e93ee834a1f736cbb021a856474794
flat;Домолегион;real_estate_agent;sale;Центральный;9;21;47;Новосибирск;17900000;Родонит;3; Орджоникидзе;130.0;Площадь Ленина;https://novosibirsk.cian.ru/sale/flat/304109820/?mlSearchSessionGuid=84e93ee834a1f736cbb021a856474794
flat;Мегаполис;real_estate_agent;sale;Октябрьский;2;9;94;Новосибирск;18000000;мкр. Европейский Берег;3;Большевистская ;112.6;Спортивная;https://novosibirsk.cian.ru/sale/flat/326998261/?mlSearchSessionGuid=84e93ee834a1f736cbb021a856474794
flat;Центр Недвижимости;real_estate_agent;sale;Советский;7;7;17;Новосибирск;18000000;;3; Иванова;98.6;;https://novosibirsk.cian.ru/sale/flat/321046616/?mlSearchSessionGuid=84e93ee834a1f736cbb021a856474794
flat;Красный Проспект Недвижимость;real_estate_agent;sale;Калининский;20;22;48;Новосибирск;18000000;;3;Ипподромская ;90.0;Маршала Покрышкина;https://novosibirsk.cian.ru/sale/flat/320541157/?mlSearchSessionGuid=84e93ee834a1f736cbb021a856474794
flat;СЛОН;real_estate_agent;sale;Ленинский;3;9;19;Новосибирск;17990000;;3; Серафимовича;100.2;Площадь Маркса;https://novosibirsk.cian.ru/sale/flat/321925809/?mlSearchSessionGuid=84e93ee834a1f736cbb021a856474794
flat;Квартирный портал;real_estate_agent;sale;Заельцовский;8;9;102;Новосибирск;18000000;;3; Кропоткина;108.2;Гагаринская;https://novosibirsk.cian.ru/sale/flat/308482450/?mlSearchSessionGuid=84e93ee834a1f736cbb021a856474794
flat;ID 37063707;realtor;sale;Заельцовский;2;10;222/1;Новосибирск;18000000;Красный проспект;3;Красный проспект;85.0;Заельцовская;https://novosibirsk.cian.ru/sale/flat/326756996/?mlSearchSessionGuid=84e93ee834a1f736cbb021a856474794
flat;Вячеслав Шалдышев;realtor;sale;Октябрьский;1;25;51;Новосибирск;17900000;Тихомиров;3;Военная ;82.7;Октябрьская;https://novosibirsk.cian.ru/sale/flat/326334353/?mlSearchSessionGuid=84e93ee834a1f736cbb021a856474794
flat;Меркурий;real_estate_agent;sale;Железнодорожный;4;8;10;Новосибирск;18350000;;3; Вокзальная магистраль;101.0;Площадь Гарина-Михайловского;https://novosibirsk.cian.ru/sale/flat/325231966/?mlSearchSessionGuid=84e93ee834a1f736cbb021a856474794
flat;ЖИЛФОНД;real_estate_agent;sale;Дзержинский;3;25;195/4;Новосибирск;18300000;Галактика;3; Николая Островского;88.1;Березовая Роща;https://novosibirsk.cian.ru/sale/flat/324840622/?mlSearchSessionGuid=84e93ee834a1f736cbb021a856474794
flat;ЖИЛФОНД;real_estate_agent;sale;Железнодорожный;8;9;19;Новосибирск;18500000;;3;Советская ;78.3;Площадь Ленина;https://novosibirsk.cian.ru/sale/flat/323585942/?mlSearchSessionGuid=84e93ee834a1f736cbb021a856474794
flat;Сфера;real_estate_agent;sale;Октябрьский;8;24;19/1;Новосибирск;18570000;;3; Шевченко;80.0;Октябрьская;https://novosibirsk.cian.ru/sale/flat/314531943/?mlSearchSessionGuid=84e93ee834a1f736cbb021a856474794
flat;Все Новые Дома;real_estate_agent;sale;Дзержинский;14;25;23;Новосибирск;18500000;Золотая Нива;3; Кошурникова;100.1;Золотая Нива;https://novosibirsk.cian.ru/sale/flat/322381620/?mlSearchSessionGuid=84e93ee834a1f736cbb021a856474794
flat;Rialtor Group;real_estate_agent;sale;Железнодорожный;4;17;107;Новосибирск;18500000;Дождь;3;Красноярская ;83.0;Площадь Гарина-Михайловского;https://novosibirsk.cian.ru/sale/flat/326503609/?mlSearchSessionGuid=84e93ee834a1f736cbb021a856474794
flat;АльянсРиэлт;real_estate_agent;sale;Октябрьский;12;16;2/1;Новосибирск;18500000;Маковского;3; Шевченко;80.0;Речной вокзал;https://novosibirsk.cian.ru/sale/flat/322671447/?mlSearchSessionGuid=84e93ee834a1f736cbb021a856474794
flat;Планета Недвижимости -подразделение ООО Лаки;real_estate_agent;sale;Центральный;8;9;30;Новосибирск;18500000;;3; Семьи Шамшиных;106.0;Площадь Ленина;https://novosibirsk.cian.ru/sale/flat/325357468/?mlSearchSessionGuid=84e93ee834a1f736cbb021a856474794
flat;Формула недвижимости;real_estate_agent;sale;Заельцовский;3;14;169/2;Новосибирск;18500000;;3;Красный проспект;123.0;Заельцовская;https://novosibirsk.cian.ru/sale/flat/320607075/?mlSearchSessionGuid=84e93ee834a1f736cbb021a856474794
flat;НСК-top;real_estate_agent;sale;Октябрьский;5;8;32;Новосибирск;18500000;мкр. Европейский Берег;3; Владимира Заровного;79.8;Спортивная;https://novosibirsk.cian.ru/sale/flat/324732973/?mlSearchSessionGuid=84e93ee834a1f736cbb021a856474794
flat;Планета;real_estate_agent;sale;Кировский;7;24;146/1;Новосибирск;18500000;Дом на Немировича;3; Немировича-Данченко;88.0;Спортивная;https://novosibirsk.cian.ru/sale/flat/323101640/?mlSearchSessionGuid=84e93ee834a1f736cbb021a856474794
flat;Дельта;real_estate_agent;sale;Советский;2;4;9;Новосибирск;18750000;;3; Правды;74.0;;https://novosibirsk.cian.ru/sale/flat/318289303/?mlSearchSessionGuid=84e93ee834a1f736cbb021a856474794
flat;Город 54;real_estate_agent;sale;Дзержинский;16;26;22;Новосибирск;18750000;Дом на березовой роще;3; Кошурникова;71.9;Березовая Роща;https://novosibirsk.cian.ru/sale/flat/320456068/?mlSearchSessionGuid=84e93ee834a1f736cbb021a856474794
flat;ВВЛюкс;real_estate_agent;sale;Центральный;15;25;20;Новосибирск;18750000;По ул. Семьи Шамшиных;3; Семьи Шамшиных;114.2;Площадь Ленина;https://novosibirsk.cian.ru/sale/flat/326457441/?mlSearchSessionGuid=84e93ee834a1f736cbb021a856474794
flat;ЖИЛФОНД;real_estate_agent;sale;Калининский;8;20;19/3;Новосибирск;19000000;Сосновый бор;3; Богдана Хмельницкого;87.3;Заельцовская;https://novosibirsk.cian.ru/sale/flat/325934653/?mlSearchSessionGuid=84e93ee834a1f736cbb021a856474794
flat;ЖИЛФОНД;real_estate_agent;sale;Заельцовский;3;27;2/3;Новосибирск;19000000;Верхний город;3; Залесского;117.6;Заельцовская;https://novosibirsk.cian.ru/sale/flat/326434324/?mlSearchSessionGuid=84e93ee834a1f736cbb021a856474794
flat;Люди;real_estate_agent;sale;Железнодорожный;8;24;29;Новосибирск;18900000;Оникс;3; Дмитрия Шамшурина;87.0;Площадь Гарина-Михайловского;https://novosibirsk.cian.ru/sale/flat/326204449/?mlSearchSessionGuid=84e93ee834a1f736cbb021a856474794
flat;ДОКТОР КЛЮЧ;real_estate_agent;sale;Железнодорожный;20;29;10;Новосибирск;19000000;;3; Максима Горького;67.9;Площадь Ленина;https://novosibirsk.cian.ru/sale/flat/321602984/?mlSearchSessionGuid=84e93ee834a1f736cbb021a856474794
flat;ЕВРОДОМ;real_estate_agent;sale;Октябрьский;3;9;26/1;Новосибирск;19000000;;3; Восход;91.9;Речной вокзал;https://novosibirsk.cian.ru/sale/flat/324207951/?mlSearchSessionGuid=84e93ee834a1f736cbb021a856474794
flat;Всем Квартиру;real_estate_agent;sale;Центральный;13;21;44;Новосибирск;19000000;;3; Гоголя;108.9;Березовая Роща;https://novosibirsk.cian.ru/sale/flat/326113373/?mlSearchSessionGuid=84e93ee834a1f736cbb021a856474794
flat;Новый Адрес;real_estate_agent;sale;Кировский;25;29;16;Новосибирск;19000000;Астон. Шесть звёзд;3; Аникина;133.8;Студенческая;https://novosibirsk.cian.ru/sale/flat/281460286/?mlSearchSessionGuid=84e93ee834a1f736cbb021a856474794
flat;Квартирный портал;real_estate_agent;sale;Ленинский;3;25;167/1;Новосибирск;19100000;Расцветай на Маркса;3; Немировича-Данченко;85.2;Студенческая;https://novosibirsk.cian.ru/sale/flat/320899637/?mlSearchSessionGuid=84e93ee834a1f736cbb021a856474794
flat;Владис Центральное;real_estate_agent;sale;Кировский;21;25;146/1;Новосибирск;19399000;Дом на Немировича;3; Немировича-Данченко;70.0;Студенческая;https://novosibirsk.cian.ru/sale/flat/326541700/?mlSearchSessionGuid=84e93ee834a1f736cbb021a856474794
flat;METRAGE;real_estate_agent;sale;Центральный;2;10;50;Новосибирск;19500000;;3;Коммунистическая ;174.0;Площадь Ленина;https://novosibirsk.cian.ru/sale/flat/326193292/?mlSearchSessionGuid=84e93ee834a1f736cbb021a856474794
flat;ДОКТОР КЛЮЧ;real_estate_agent;sale;Октябрьский;2;20;154;Новосибирск;19400000;Марсель;3;2-я Обская ;97.6;Речной вокзал;https://novosibirsk.cian.ru/sale/flat/322643494/?mlSearchSessionGuid=84e93ee834a1f736cbb021a856474794
flat;Людмила Умарова;realtor;sale;Советский;2;12;2/2;Новосибирск;19500000;;3; Шатурская;84.0;;https://novosibirsk.cian.ru/sale/flat/318368220/?mlSearchSessionGuid=84e93ee834a1f736cbb021a856474794
flat;НОВО-НСК;real_estate_agent;sale;Заельцовский;15;15;222/3;Новосибирск;19500000;Красный проспект;3;Красный проспект;80.0;Заельцовская;https://novosibirsk.cian.ru/sale/flat/323277028/?mlSearchSessionGuid=84e93ee834a1f736cbb021a856474794
flat;Департамент недвижимости и права;real_estate_agent;sale;Заельцовский;4;6;47;Новосибирск;19600000;;3;Кедровая ;95.4;Заельцовская;https://novosibirsk.cian.ru/sale/flat/300545434/?mlSearchSessionGuid=84e93ee834a1f736cbb021a856474794
flat;Планета;real_estate_agent;sale;Октябрьский;2;22;154;Новосибирск;19700000;Марсель;3;2-я Обская ;95.2;Речной вокзал;https://novosibirsk.cian.ru/sale/flat/323654859/?mlSearchSessionGuid=84e93ee834a1f736cbb021a856474794
flat;Дельта;real_estate_agent;sale;Советский;10;12;38;Новосибирск;19990000;Молодежный;3;бульвар Молодежи;125.2;;https://novosibirsk.cian.ru/sale/flat/319659290/?mlSearchSessionGuid=84e93ee834a1f736cbb021a856474794
flat;Репутация Плюс;real_estate_agent;sale;Октябрьский;25;25;88;Новосибирск;19900000;мкр. Европейский Берег;3;Большевистская ;152.0;Речной вокзал;https://novosibirsk.cian.ru/sale/flat/326646021/?mlSearchSessionGuid=84e93ee834a1f736cbb021a856474794
flat;Константин Василевский;realtor;sale;Октябрьский;3;10;132;Новосибирск;19980000;мкр. Европейский Берег;3;Большевистская ;200.7;Речной вокзал;https://novosibirsk.cian.ru/sale/flat/326550356/?mlSearchSessionGuid=84e93ee834a1f736cbb021a856474794
flat;ЖИЛФОНД;real_estate_agent;sale;Центральный;3;11;56;Новосибирск;20000000;;3;Советская ;95.5;Красный Проспект;https://novosibirsk.cian.ru/sale/flat/322954717/?mlSearchSessionGuid=84e93ee834a1f736cbb021a856474794
flat;ЖИЛФОНД;real_estate_agent;sale;Центральный;13;30;93;Новосибирск;20000000;Мылзавод;3; Семьи Шамшиных;87.5;Маршала Покрышкина;https://novosibirsk.cian.ru/sale/flat/326118327/?mlSearchSessionGuid=84e93ee834a1f736cbb021a856474794
flat;Поиск Метров;real_estate_agent;sale;Октябрьский;18;18;18;Новосибирск;20000000;;3;Нижегородская ;167.0;Октябрьская;https://novosibirsk.cian.ru/sale/flat/325140062/?mlSearchSessionGuid=84e93ee834a1f736cbb021a856474794
flat;Все Новые Дома;real_estate_agent;sale;Октябрьский;20;28;25;Новосибирск;20000000;Статус;3; Шевченко;114.0;Октябрьская;https://novosibirsk.cian.ru/sale/flat/326296292/?mlSearchSessionGuid=84e93ee834a1f736cbb021a856474794
flat;Риэлторский кабинет Вячеслава Гладких;real_estate_agent;sale;Железнодорожный;5;17;107;Новосибирск;20000000;Дождь;3;Красноярская ;122.9;Площадь Гарина-Михайловского;https://novosibirsk.cian.ru/sale/flat/321898730/?mlSearchSessionGuid=84e93ee834a1f736cbb021a856474794
flat;Вместе;real_estate_agent;sale;Советский;1;4;44;Новосибирск;20000000;;3;проспект Морской;76.0;;https://novosibirsk.cian.ru/sale/flat/324375909/?mlSearchSessionGuid=84e93ee834a1f736cbb021a856474794
flat;НСК-top;real_estate_agent;sale;Заельцовский;2;15;222/3;Новосибирск;20000000;Красный проспект;3;Красный проспект;84.0;Заельцовская;https://novosibirsk.cian.ru/sale/flat/323588673/?mlSearchSessionGuid=84e93ee834a1f736cbb021a856474794
flat;Александр Терехов;realtor;sale;Октябрьский;2;9;27;Новосибирск;20100000;;3; Кирова;127.4;Октябрьская;https://novosibirsk.cian.ru/sale/flat/326781112/?mlSearchSessionGuid=84e93ee834a1f736cbb021a856474794
flat;Евгения Соломонова;realtor;sale;Октябрьский;2;10;41;Новосибирск;20000000;На Декабристов;3; Декабристов;76.9;Речной вокзал;https://novosibirsk.cian.ru/sale/flat/321687622/?mlSearchSessionGuid=84e93ee834a1f736cbb021a856474794
flat;METRAGE;real_estate_agent;sale;Октябрьский;25;25;16;Новосибирск;20400000;;3;Военная ;131.9;Площадь Ленина;https://novosibirsk.cian.ru/sale/flat/322350125/?mlSearchSessionGuid=84e93ee834a1f736cbb021a856474794
flat;Метражи;real_estate_agent;sale;Заельцовский;14;19;2;Новосибирск;20500000;;3; Галущака;110.4;Гагаринская;https://novosibirsk.cian.ru/sale/flat/322748125/?mlSearchSessionGuid=84e93ee834a1f736cbb021a856474794
flat;АльянсРиэлт;real_estate_agent;sale;Центральный;5;9;93;Новосибирск;20500000;Мылзавод;3; Семьи Шамшиных;110.0;Маршала Покрышкина;https://novosibirsk.cian.ru/sale/flat/315019177/?mlSearchSessionGuid=84e93ee834a1f736cbb021a856474794
flat;ЖИЛФОНД;real_estate_agent;sale;Заельцовский;19;20;248;Новосибирск;20600000;Заельцовский;3; Дуси Ковальчук;99.6;Заельцовская;https://novosibirsk.cian.ru/sale/flat/322603627/?mlSearchSessionGuid=84e93ee834a1f736cbb021a856474794
flat;Агент Pro;real_estate_agent;sale;Заельцовский;5;7;67;Новосибирск;20600000;;3;Кедровая ;97.0;Заельцовская;https://novosibirsk.cian.ru/sale/flat/326146922/?mlSearchSessionGuid=84e93ee834a1f736cbb021a856474794
flat;Домофонд;real_estate_agent;sale;Октябрьский;9;12;41;Новосибирск;20900000;На Декабристов;3; Декабристов;73.4;Речной вокзал;https://novosibirsk.cian.ru/sale/flat/323218376/?mlSearchSessionGuid=84e93ee834a1f736cbb021a856474794
flat;ЖИЛФОНД;real_estate_agent;sale;Центральный;7;18;50;Новосибирск;21000000;;3;Коммунистическая ;158.0;Площадь Ленина;https://novosibirsk.cian.ru/sale/flat/325934651/?mlSearchSessionGuid=84e93ee834a1f736cbb021a856474794
flat;БК НЕДВИЖИМОСТЬ;real_estate_agent;sale;Советский;3;4;3;Новосибирск;21100000;;3;проспект Морской;73.5;;https://novosibirsk.cian.ru/sale/flat/318292590/?mlSearchSessionGuid=84e93ee834a1f736cbb021a856474794
flat;БК НЕДВИЖИМОСТЬ;real_estate_agent;sale;Октябрьский;11;24;25;Новосибирск;21600000;Статус;3; Шевченко;103.6;Октябрьская;https://novosibirsk.cian.ru/sale/flat/321655678/?mlSearchSessionGuid=84e93ee834a1f736cbb021a856474794
flat;Метражи;real_estate_agent;sale;Центральный;3;6;77/4;Новосибирск;21700000;;3; Державина;141.5;Березовая Роща;https://novosibirsk.cian.ru/sale/flat/316554812/?mlSearchSessionGuid=84e93ee834a1f736cbb021a856474794
flat;Владис Центральное;real_estate_agent;sale;Заельцовский;1;8;22/3;Новосибирск;21750000;Эко-квартал Flora&Fauna;3;Дачное шоссе;110.1;Заельцовская;https://novosibirsk.cian.ru/sale/flat/303372460/?mlSearchSessionGuid=84e93ee834a1f736cbb021a856474794
flat;Калининское;real_estate_agent;sale;Заельцовский;5;8;55/1;Новосибирск;21900000;Жуковка;3; Победы;96.0;Заельцовская;https://novosibirsk.cian.ru/sale/flat/324601190/?mlSearchSessionGuid=84e93ee834a1f736cbb021a856474794
flat;ЖИЛФОНД;real_estate_agent;sale;Октябрьский;6;9;5;Новосибирск;21999000;;3; Толстого;109.8;Октябрьская;https://novosibirsk.cian.ru/sale/flat/324198836/?mlSearchSessionGuid=84e93ee834a1f736cbb021a856474794
flat;Людмила Умарова;realtor;sale;Советский;11;17;8;Новосибирск;22000000;;3; Российская;135.0;;https://novosibirsk.cian.ru/sale/flat/327018107/?mlSearchSessionGuid=84e93ee834a1f736cbb021a856474794
flat;Альфа Дом;real_estate_agent;sale;Октябрьский;4;10;41;Новосибирск;22000000;На Декабристов;3; Декабристов;78.0;Речной вокзал;https://novosibirsk.cian.ru/sale/flat/320996798/?mlSearchSessionGuid=84e93ee834a1f736cbb021a856474794
flat;СФЕРА 54;real_estate_agent;sale;Заельцовский;2;11;20А;Новосибирск;22000000;Эко-квартал Flora&Fauna;3;Дачное шоссе;99.68;Красный Проспект;https://novosibirsk.cian.ru/sale/flat/323971120/?mlSearchSessionGuid=84e93ee834a1f736cbb021a856474794
flat;НИЦ;real_estate_agent;sale;Октябрьский;10;24;21;Новосибирск;22100000;На Декабристов;3; Сакко и Ванцетти;90.5;Речной вокзал;https://novosibirsk.cian.ru/sale/flat/320781744/?mlSearchSessionGuid=84e93ee834a1f736cbb021a856474794
flat;УСПЕХ-недвижимость;real_estate_agent;sale;Железнодорожный;2;9;19;Новосибирск;22400000;;3;Советская ;112.0;Площадь Ленина;https://novosibirsk.cian.ru/sale/flat/326319098/?mlSearchSessionGuid=84e93ee834a1f736cbb021a856474794
flat;НСК-top;real_estate_agent;sale;Октябрьский;2;8;28/1;Новосибирск;22500000;мкр. Европейский Берег;3; Владимира Заровного;85.7;Спортивная;https://novosibirsk.cian.ru/sale/flat/321227377/?mlSearchSessionGuid=84e93ee834a1f736cbb021a856474794
flat;ЖИЛФОНД;real_estate_agent;sale;Октябрьский;11;17;94;Новосибирск;23000000;мкр. Европейский Берег;3;Большевистская ;93.4;Спортивная;https://novosibirsk.cian.ru/sale/flat/319272086/?mlSearchSessionGuid=84e93ee834a1f736cbb021a856474794
flat;ЖИЛФОНД;real_estate_agent;sale;Октябрьский;10;25;11;Новосибирск;23000000;Эльбрус;3; Шевченко;103.0;Октябрьская;https://novosibirsk.cian.ru/sale/flat/326640516/?mlSearchSessionGuid=84e93ee834a1f736cbb021a856474794
flat;VERAESTATE;real_estate_agent;sale;Заельцовский;1;6;88;Новосибирск;23000000;Авиатор;3; Аэропорт;193.0;Заельцовская;https://novosibirsk.cian.ru/sale/flat/319052835/?mlSearchSessionGuid=84e93ee834a1f736cbb021a856474794
flat;ДОКТОР КЛЮЧ;real_estate_agent;sale;Заельцовский;19;25;3;Новосибирск;23000000;Эрмитаж;3;Овражная ;84.3;Заельцовская;https://novosibirsk.cian.ru/sale/flat/326216183/?mlSearchSessionGuid=84e93ee834a1f736cbb021a856474794
flat;ЕВРОДОМ;real_estate_agent;sale;Заельцовский;9;23;73/1;Новосибирск;23200000;Кларус Парк;3; Тимирязева;116.6;Заельцовская;https://novosibirsk.cian.ru/sale/flat/324082622/?mlSearchSessionGuid=84e93ee834a1f736cbb021a856474794
flat;ДОКТОР КЛЮЧ;real_estate_agent;sale;Заельцовский;3;8;22/3;Новосибирск;23500000;Эко-квартал Flora&Fauna;3;Дачное шоссе;110.5;Заельцовская;https://novosibirsk.cian.ru/sale/flat/308730856/?mlSearchSessionGuid=84e93ee834a1f736cbb021a856474794
flat;МакроМир;real_estate_agent;sale;Центральный;5;17;25;Новосибирск;23900000;;3; Романова;105.0;Площадь Ленина;https://novosibirsk.cian.ru/sale/flat/322453996/?mlSearchSessionGuid=84e93ee834a1f736cbb021a856474794
flat;БК НЕДВИЖИМОСТЬ;real_estate_agent;sale;Октябрьский;19;29;77;Новосибирск;23950000;Чикаго;3;Московская ;88.0;Октябрьская;https://novosibirsk.cian.ru/sale/flat/323375756/?mlSearchSessionGuid=84e93ee834a1f736cbb021a856474794
flat;АктивНедвижимость;real_estate_agent;sale;Октябрьский;24;30;77;Новосибирск;24500000;Чикаго;3;Московская ;86.4;Октябрьская;https://novosibirsk.cian.ru/sale/flat/319767171/?mlSearchSessionGuid=84e93ee834a1f736cbb021a856474794
flat;БК НЕДВИЖИМОСТЬ;real_estate_agent;sale;Железнодорожный;3;22;69;Новосибирск;24875000;Клевер;3; 1905 года;121.0;Красный Проспект;https://novosibirsk.cian.ru/sale/flat/311405405/?mlSearchSessionGuid=84e93ee834a1f736cbb021a856474794
flat;КвартЛаб;real_estate_agent;sale;Кировский;5;5;138/1;Новосибирск;24800000;;3; Немировича-Данченко;129.5;Студенческая;https://novosibirsk.cian.ru/sale/flat/301169500/?mlSearchSessionGuid=84e93ee834a1f736cbb021a856474794
flat;ЖИЛФОНД;real_estate_agent;sale;Центральный;6;17;16;Новосибирск;24900000;;3; Семьи Шамшиных;96.3;Площадь Ленина;https://novosibirsk.cian.ru/sale/flat/327093940/?mlSearchSessionGuid=84e93ee834a1f736cbb021a856474794
flat;ЖИЛФОНД;real_estate_agent;sale;Октябрьский;4;9;27;Новосибирск;25000000;;3; Кирова;129.5;Октябрьская;https://novosibirsk.cian.ru/sale/flat/320012614/?mlSearchSessionGuid=84e93ee834a1f736cbb021a856474794
flat;ДОКТОР КЛЮЧ;real_estate_agent;sale;Заельцовский;8;8;61;Новосибирск;25000000;Кедровый;3;Кедровая ;115.6;Заельцовская;https://novosibirsk.cian.ru/sale/flat/306300851/?mlSearchSessionGuid=84e93ee834a1f736cbb021a856474794
flat;Красный Проспект Недвижимость;real_estate_agent;sale;Заельцовский;10;10;99;Новосибирск;25000000;;3;Красный проспект;124.5;Заельцовская;https://novosibirsk.cian.ru/sale/flat/323402916/?mlSearchSessionGuid=84e93ee834a1f736cbb021a856474794
flat;АктивНедвижимость;real_estate_agent;sale;Центральный;4;9;42;Новосибирск;25000000;;3;Коммунистическая ;112.6;Площадь Ленина;https://novosibirsk.cian.ru/sale/flat/316473087/?mlSearchSessionGuid=84e93ee834a1f736cbb021a856474794
flat;ESTEQ;real_estate_agent;sale;Дзержинский;12;14;195/1;Новосибирск;25000000;Галактика;3; Николая Островского;82.0;Березовая Роща;https://novosibirsk.cian.ru/sale/flat/326014622/?mlSearchSessionGuid=84e93ee834a1f736cbb021a856474794
flat;РиэлтПрофи;real_estate_agent;sale;Советский;2;4;64;Новосибирск;25500000;;3;проспект Морской;76.2;;https://novosibirsk.cian.ru/sale/flat/325358676/?mlSearchSessionGuid=84e93ee834a1f736cbb021a856474794
flat;ЖИЛФОНД;real_estate_agent;sale;Октябрьский;6;22;154;Новосибирск;25900000;Марсель;3;2-я Обская ;98.1;Речной вокзал;https://novosibirsk.cian.ru/sale/flat/326863001/?mlSearchSessionGuid=84e93ee834a1f736cbb021a856474794
flat;ЖИЛФОНД;real_estate_agent;sale;Заельцовский;6;16;2;Новосибирск;26000000;;3;Кавалерийская ;148.0;Заельцовская;https://novosibirsk.cian.ru/sale/flat/326542777/?mlSearchSessionGuid=84e93ee834a1f736cbb021a856474794
flat;ЖИЛФОНД;real_estate_agent;sale;Октябрьский;11;14;46;Новосибирск;26000000;;3; Восход;126.0;Октябрьская;https://novosibirsk.cian.ru/sale/flat/324683660/?mlSearchSessionGuid=84e93ee834a1f736cbb021a856474794
flat;Калининское;real_estate_agent;sale;Заельцовский;11;17;220/7;Новосибирск;26000000;Лев Толстой;3;Красный проспект;76.0;Заельцовская;https://novosibirsk.cian.ru/sale/flat/323752610/?mlSearchSessionGuid=84e93ee834a1f736cbb021a856474794
flat;ДОКТОР КЛЮЧ;real_estate_agent;sale;Заельцовский;6;7;22/3;Новосибирск;26500000;Эко-квартал Flora&Fauna;3;Дачное шоссе;113.06;Заельцовская;https://novosibirsk.cian.ru/sale/flat/301119642/?mlSearchSessionGuid=84e93ee834a1f736cbb021a856474794
flat;Алия Ишмухаметова;realtor;sale;Октябрьский;7;20;154;Новосибирск;26500000;Марсель;3;2-я Обская ;97.8;Речной вокзал;https://novosibirsk.cian.ru/sale/flat/317670621/?mlSearchSessionGuid=84e93ee834a1f736cbb021a856474794
flat;МакроМир;real_estate_agent;sale;Заельцовский;7;8;61;Новосибирск;27000000;Кедровый;3;Кедровая ;124.2;Заельцовская;https://novosibirsk.cian.ru/sale/flat/324556091/?mlSearchSessionGuid=84e93ee834a1f736cbb021a856474794
flat;БК НЕДВИЖИМОСТЬ;real_estate_agent;sale;Октябрьский;10;17;25;Новосибирск;27500000;На Декабристов;3; Сакко и Ванцетти;79.0;Речной вокзал;https://novosibirsk.cian.ru/sale/flat/318638962/?mlSearchSessionGuid=84e93ee834a1f736cbb021a856474794
flat;Сфера;real_estate_agent;sale;Центральный;6;9;82/1;Новосибирск;27600000;;3;Красный проспект;122.0;Гагаринская;https://novosibirsk.cian.ru/sale/flat/325723503/?mlSearchSessionGuid=84e93ee834a1f736cbb021a856474794
flat;Русский фонд Недвижимости;real_estate_agent;sale;Центральный;13;24;20;Новосибирск;28000000;По ул. Семьи Шамшиных;3; Семьи Шамшиных;110.0;Площадь Ленина;https://novosibirsk.cian.ru/sale/flat/325423490/?mlSearchSessionGuid=84e93ee834a1f736cbb021a856474794
flat;ЖИЛФОНД;real_estate_agent;sale;Железнодорожный;9;23;75;Новосибирск;28500000;Prime House;3;Советская ;81.5;Красный Проспект;https://novosibirsk.cian.ru/sale/flat/325669725/?mlSearchSessionGuid=84e93ee834a1f736cbb021a856474794
flat;ДОКТОР КЛЮЧ;real_estate_agent;sale;Октябрьский;8;13;4;Новосибирск;29700000;Михайловский;3; Добролюбова;101.42;Речной вокзал;https://novosibirsk.cian.ru/sale/flat/323065062/?mlSearchSessionGuid=84e93ee834a1f736cbb021a856474794
flat;Домолегион;real_estate_agent;sale;Центральный;8;19;25;Новосибирск;30000000;;3; Романова;101.7;Площадь Ленина;https://novosibirsk.cian.ru/sale/flat/323825307/?mlSearchSessionGuid=84e93ee834a1f736cbb021a856474794
flat;ДОКТОР КЛЮЧ;real_estate_agent;sale;Заельцовский;6;7;55;Новосибирск;30000000;Кедровый;3;Кедровая ;115.7;Заельцовская;https://novosibirsk.cian.ru/sale/flat/311326908/?mlSearchSessionGuid=84e93ee834a1f736cbb021a856474794
flat;Квартирный портал;real_estate_agent;sale;Железнодорожный;7;8;47;Новосибирск;31000000;;3; Чаплыгина;133.3;Площадь Ленина;https://novosibirsk.cian.ru/sale/flat/323298324/?mlSearchSessionGuid=84e93ee834a1f736cbb021a856474794
flat;ЖИЛФОНД;real_estate_agent;sale;Центральный;2;9;37;Новосибирск;31700000;;3;Серебренниковская ;157.4;Площадь Ленина;https://novosibirsk.cian.ru/sale/flat/326927492/?mlSearchSessionGuid=84e93ee834a1f736cbb021a856474794
flat;Дельта;real_estate_agent;sale;Советский;6;15;23;Новосибирск;32000000;;3; Ильича;128.4;;https://novosibirsk.cian.ru/sale/flat/322177375/?mlSearchSessionGuid=84e93ee834a1f736cbb021a856474794
flat;АльянсРиэлт;real_estate_agent;sale;Заельцовский;7;15;95/1;Новосибирск;34200000;Бульварный переулок;3; Тимирязева;104.3;Заельцовская;https://novosibirsk.cian.ru/sale/flat/320047385/?mlSearchSessionGuid=84e93ee834a1f736cbb021a856474794
flat;ЛЕГКО;real_estate_agent;sale;Октябрьский;5;29;77;Новосибирск;34000000;Чикаго;3;Московская ;81.0;Октябрьская;https://novosibirsk.cian.ru/sale/flat/326216373/?mlSearchSessionGuid=84e93ee834a1f736cbb021a856474794
flat;ДОКТОР КЛЮЧ;real_estate_agent;sale;Заельцовский;4;9;61;Новосибирск;34500000;Кедровый;3;Кедровая ;124.3;Заельцовская;https://novosibirsk.cian.ru/sale/flat/325304155/?mlSearchSessionGuid=84e93ee834a1f736cbb021a856474794
flat;Город Н;real_estate_agent;sale;Октябрьский;6;14;4;Новосибирск;34850000;Михайловский;3; Добролюбова;102.2;Речной вокзал;https://novosibirsk.cian.ru/sale/flat/325463304/?mlSearchSessionGuid=84e93ee834a1f736cbb021a856474794
flat;БК НЕДВИЖИМОСТЬ;real_estate_agent;sale;Октябрьский;27;29;77;Новосибирск;35000000;Чикаго;3;Московская ;134.0;Октябрьская;https://novosibirsk.cian.ru/sale/flat/321168895/?mlSearchSessionGuid=84e93ee834a1f736cbb021a856474794
flat;Николай Самойлов;realtor;sale;Октябрьский;11;29;77;Новосибирск;35000000;Чикаго;3;Московская ;80.0;Октябрьская;https://novosibirsk.cian.ru/sale/flat/325517479/?mlSearchSessionGuid=84e93ee834a1f736cbb021a856474794
flat;Ваш Академгородок;real_estate_agent;sale;Советский;3;13;5;Новосибирск;36500000;;3;проспект Академика Коптюга;119.2;;https://novosibirsk.cian.ru/sale/flat/319419165/?mlSearchSessionGuid=84e93ee834a1f736cbb021a856474794
flat;БК НЕДВИЖИМОСТЬ;real_estate_agent;sale;Центральный;5;18;39;Новосибирск;37000000;;3; Романова;130.3;Площадь Ленина;https://novosibirsk.cian.ru/sale/flat/324376082/?mlSearchSessionGuid=84e93ee834a1f736cbb021a856474794
flat;1Е;real_estate_agent;sale;Октябрьский;20;20;74;Новосибирск;37000000;;3; Сакко и Ванцетти;236.6;Октябрьская;https://novosibirsk.cian.ru/sale/flat/325364953/?mlSearchSessionGuid=84e93ee834a1f736cbb021a856474794
flat;METRAGE;real_estate_agent;sale;Октябрьский;5;11;4;Новосибирск;38000000;Михайловский;3; Добролюбова;96.3;Речной вокзал;https://novosibirsk.cian.ru/sale/flat/314411739/?mlSearchSessionGuid=84e93ee834a1f736cbb021a856474794
flat;Александр Штрахштейн;realtor;sale;Октябрьский;8;11;4;Новосибирск;38000000;Михайловский;3; Добролюбова;100.0;Речной вокзал;https://novosibirsk.cian.ru/sale/flat/315250899/?mlSearchSessionGuid=84e93ee834a1f736cbb021a856474794
flat;METRAGE;real_estate_agent;sale;Заельцовский;5;8;22/3;Новосибирск;39000000;Эко-квартал Flora&Fauna;3;Дачное шоссе;132.8;Заельцовская;https://novosibirsk.cian.ru/sale/flat/326417959/?mlSearchSessionGuid=84e93ee834a1f736cbb021a856474794
flat;ДОКТОР КЛЮЧ;real_estate_agent;sale;Железнодорожный;9;16;10;Новосибирск;40000000;Гудимов;3;Коммунистическая ;82.7;Площадь Ленина;https://novosibirsk.cian.ru/sale/flat/322925325/?mlSearchSessionGuid=84e93ee834a1f736cbb021a856474794
flat;ДОКТОР КЛЮЧ;real_estate_agent;sale;Заельцовский;1;3;39/2;Новосибирск;40000000;;3;Кедровая ;200.4;Заельцовская;https://novosibirsk.cian.ru/sale/flat/323649239/?mlSearchSessionGuid=84e93ee834a1f736cbb021a856474794
flat;Агент Pro;real_estate_agent;sale;Заельцовский;2;8;22/3;Новосибирск;39900000;Эко-квартал Flora&Fauna;3;Дачное шоссе;110.0;Октябрьская;https://novosibirsk.cian.ru/sale/flat/316357635/?mlSearchSessionGuid=84e93ee834a1f736cbb021a856474794
flat;Коммерческий Брокеридж;real_estate_agent;sale;Центральный;5;7;10А;Новосибирск;40000000;;3; Свердлова;140.5;Площадь Ленина;https://novosibirsk.cian.ru/sale/flat/326930001/?mlSearchSessionGuid=84e93ee834a1f736cbb021a856474794
flat;БК НЕДВИЖИМОСТЬ;real_estate_agent;sale;Октябрьский;11;11;4;Новосибирск;42000000;Михайловский;3; Добролюбова;109.0;Речной вокзал;https://novosibirsk.cian.ru/sale/flat/321376842/?mlSearchSessionGuid=84e93ee834a1f736cbb021a856474794
flat;ЖИЛФОНД;real_estate_agent;sale;Заельцовский;5;8;22/3;Новосибирск;43000000;Эко-квартал Flora&Fauna;3;Дачное шоссе;130.8;Заельцовская;https://novosibirsk.cian.ru/sale/flat/326909019/?mlSearchSessionGuid=84e93ee834a1f736cbb021a856474794
flat;БК НЕДВИЖИМОСТЬ;real_estate_agent;sale;Железнодорожный;6;7;7/1;Новосибирск;43000000;;3;Октябрьская ;140.0;Площадь Ленина;https://novosibirsk.cian.ru/sale/flat/303865432/?mlSearchSessionGuid=84e93ee834a1f736cbb021a856474794
flat;НИЦ;real_estate_agent;sale;Центральный;7;9;115;Новосибирск;45000000;Дом на Чаплыгина;3; Чаплыгина;100.0;Площадь Ленина;https://novosibirsk.cian.ru/sale/flat/314465343/?mlSearchSessionGuid=84e93ee834a1f736cbb021a856474794
flat;Сибриэлт;real_estate_agent;sale;Советский;14;14;23;Новосибирск;50000000;;3; Ильича;130.0;;https://novosibirsk.cian.ru/sale/flat/311016618/?mlSearchSessionGuid=84e93ee834a1f736cbb021a856474794
flat;Ульяна Шаянова;realtor;sale;Ленинский;2;3;26;Новосибирск;555000;;-1;переулок 1-й Пархоменко;56.4;Площадь Маркса;https://novosibirsk.cian.ru/sale/flat/325352821/?mlSearchSessionGuid=84e93ee834a1f736cbb021a856474794
flat;Владис Центральное;real_estate_agent;sale;Кировский;1;3;11;Новосибирск;980000;;-1;Бетонная ;80.6;Площадь Маркса;https://novosibirsk.cian.ru/sale/flat/324072346/?mlSearchSessionGuid=84e93ee834a1f736cbb021a856474794
flat;ID 47225206;homeowner;sale;Ленинский;2;3;21;Новосибирск;950000;;-1;переулок 2-й Пархоменко;56.4;Площадь Маркса;https://novosibirsk.cian.ru/sale/flat/325592169/?mlSearchSessionGuid=84e93ee834a1f736cbb021a856474794
flat;Владис Центральное;real_estate_agent;sale;Калининский;9;9;7/1;Новосибирск;1200000;;-1; Макаренко;62.2;Заельцовская;https://novosibirsk.cian.ru/sale/flat/324207585/?mlSearchSessionGuid=84e93ee834a1f736cbb021a856474794
flat;Города Новосибирск;real_estate_agent;sale;Кировский;8;9;235;Новосибирск;1290000;;-1; Зорге;44.0;Площадь Маркса;https://novosibirsk.cian.ru/sale/flat/325439235/?mlSearchSessionGuid=84e93ee834a1f736cbb021a856474794
flat;Города Новосибирск;real_estate_agent;sale;Заельцовский;8;9;120;Новосибирск;1300000;;-1; Кропоткина;55.6;Гагаринская;https://novosibirsk.cian.ru/sale/flat/320095490/?mlSearchSessionGuid=84e93ee834a1f736cbb021a856474794
flat;КомиссиON;real_estate_agent;sale;Первомайский;1;2;4;Новосибирск;1610000;;3;Бердское шоссе;51.3;Речной вокзал;https://novosibirsk.cian.ru/sale/flat/326726645/?mlSearchSessionGuid=84e93ee834a1f736cbb021a856474794
flat;Жилсервис;real_estate_agent;sale;Ленинский;8;9;15;Новосибирск;1750000;;-1; 9-й Гвардейской Дивизии;65.0;Площадь Маркса;https://novosibirsk.cian.ru/sale/flat/312047117/?mlSearchSessionGuid=84e93ee834a1f736cbb021a856474794
flat;ID 112409287;realtor;sale;Кировский;4;9;132;Новосибирск;1800000;;-1; Петухова;60.4;Площадь Маркса;https://novosibirsk.cian.ru/sale/flat/327044130/?mlSearchSessionGuid=84e93ee834a1f736cbb021a856474794
flat;Владис Центральное;real_estate_agent;sale;Кировский;1;5;25;Новосибирск;2100000;;-1; Комсомольская;50.0;Площадь Маркса;https://novosibirsk.cian.ru/sale/flat/326074001/?mlSearchSessionGuid=84e93ee834a1f736cbb021a856474794
flat;ID 102848953;homeowner;sale;Калининский;1;9;7/1;Новосибирск;2300000;Мкрн. Родники;-1; Земнухова;62.0;Заельцовская;https://novosibirsk.cian.ru/sale/flat/310903609/?mlSearchSessionGuid=84e93ee834a1f736cbb021a856474794
flat;ДомаНск;real_estate_agent;sale;Центральный;3;9;31;Новосибирск;2500000;;-1;Ипподромская ;59.0;Маршала Покрышкина;https://novosibirsk.cian.ru/sale/flat/326705901/?mlSearchSessionGuid=84e93ee834a1f736cbb021a856474794
flat;2ПН;real_estate_agent;sale;Октябрьский;14;18;139/10;Новосибирск;2890000;Плющихинский;3; В. Высоцкого;55.54;Золотая Нива;https://novosibirsk.cian.ru/sale/flat/309573986/?mlSearchSessionGuid=84e93ee834a1f736cbb021a856474794
flat;2ПН;real_estate_agent;sale;Октябрьский;6;10;171/1;Новосибирск;2980000;Плющихинский;3; В. Высоцкого;59.02;Золотая Нива;https://novosibirsk.cian.ru/sale/flat/325768247/?mlSearchSessionGuid=84e93ee834a1f736cbb021a856474794
flat;2ПН;real_estate_agent;sale;Октябрьский;9;10;144/2;Новосибирск;2990000;Плющихинский;3; В. Высоцкого;59.02;Золотая Нива;https://novosibirsk.cian.ru/sale/flat/315799161/?mlSearchSessionGuid=84e93ee834a1f736cbb021a856474794
flat;2ПН;real_estate_agent;sale;Октябрьский;7;10;139/10;Новосибирск;2990000;Плющихинский;3; В. Высоцкого;59.2;Золотая Нива;https://novosibirsk.cian.ru/sale/flat/309565055/?mlSearchSessionGuid=84e93ee834a1f736cbb021a856474794
flat;2ПН;real_estate_agent;sale;Октябрьский;1;10;;Новосибирск;2990000;Плющихинский;3;Плющихинский жилмассив;59.02;Золотая Нива;https://novosibirsk.cian.ru/sale/flat/315796872/?mlSearchSessionGuid=84e93ee834a1f736cbb021a856474794
flat;ГРАНОВИТ;real_estate_agent;sale;Октябрьский;1;2;6;Новосибирск;3000000;;3; Панфиловцев;41.8;Золотая Нива;https://novosibirsk.cian.ru/sale/flat/325339992/?mlSearchSessionGuid=84e93ee834a1f736cbb021a856474794
flat;Жилсервис;real_estate_agent;sale;Ленинский;2;3;18А;Новосибирск;3050000;;3;пос. Восточный;70.0;Площадь Маркса;https://novosibirsk.cian.ru/sale/flat/312046611/?mlSearchSessionGuid=84e93ee834a1f736cbb021a856474794
flat;ID 15524753;real_estate_agent;sale;Калининский;9;9;107;Новосибирск;3100000;;3; Богдана Хмельницкого;40.8;Заельцовская;https://novosibirsk.cian.ru/sale/flat/317547182/?mlSearchSessionGuid=84e93ee834a1f736cbb021a856474794
flat;КомиссиON;real_estate_agent;sale;Кировский;2;5;179/1;Новосибирск;3123000;;3; Зорге;48.5;Площадь Маркса;https://novosibirsk.cian.ru/sale/flat/325940033/?mlSearchSessionGuid=84e93ee834a1f736cbb021a856474794
flat;Города Новосибирск;real_estate_agent;sale;Октябрьский;5;18;139/10;Новосибирск;3150000;Плющихинский;3; В. Высоцкого;57.85;Золотая Нива;https://novosibirsk.cian.ru/sale/flat/320730676/?mlSearchSessionGuid=84e93ee834a1f736cbb021a856474794
flat;Города Новосибирск;real_estate_agent;sale;Октябрьский;2;10;171/1;Новосибирск;3200000;Плющихинский;3; В. Высоцкого;59.02;Золотая Нива;https://novosibirsk.cian.ru/sale/flat/322952482/?mlSearchSessionGuid=84e93ee834a1f736cbb021a856474794
flat;Города Новосибирск;real_estate_agent;sale;Калининский;4;9;7/1;Новосибирск;3200000;Мкрн. Родники;-1; Земнухова;25.0;Заельцовская;https://novosibirsk.cian.ru/sale/flat/326655400/?mlSearchSessionGuid=84e93ee834a1f736cbb021a856474794
flat;2ПН;real_estate_agent;sale;Октябрьский;7;18;139/10;Новосибирск;3250000;Плющихинский;3; В. Высоцкого;57.51;Золотая Нива;https://novosibirsk.cian.ru/sale/flat/321415259/?mlSearchSessionGuid=84e93ee834a1f736cbb021a856474794
flat;ID 118180490;homeowner;sale;Ленинский;2;2;16;Новосибирск;3400000;;3;Хилокская ;56.0;Площадь Маркса;https://novosibirsk.cian.ru/sale/flat/308554917/?mlSearchSessionGuid=84e93ee834a1f736cbb021a856474794
flat;ID 135222151;homeowner;sale;Октябрьский;6;10;171/11;Новосибирск;3400000;Плющихинский;3; В. Высоцкого;59.2;Золотая Нива;https://novosibirsk.cian.ru/sale/flat/321993444/?mlSearchSessionGuid=84e93ee834a1f736cbb021a856474794
flat;ID 80762158;homeowner;sale;Центральный;5;10;57А;Новосибирск;3500000;;-1; Фрунзе;87.8;Березовая Роща;https://novosibirsk.cian.ru/sale/flat/326681304/?mlSearchSessionGuid=84e93ee834a1f736cbb021a856474794
flat;ID 110227110;homeowner;sale;Калининский;3;3;1;Новосибирск;3550000;;3; Флотская;68.3;Заельцовская;https://novosibirsk.cian.ru/sale/flat/318377140/?mlSearchSessionGuid=84e93ee834a1f736cbb021a856474794
flat;ID 36127240;homeowner;sale;Октябрьский;7;10;10;Новосибирск;3600000;Плющихинский;3; Плющихинская;59.02;Золотая Нива;https://novosibirsk.cian.ru/sale/flat/320914482/?mlSearchSessionGuid=84e93ee834a1f736cbb021a856474794
flat;Отдел Продаж Недвижимости;real_estate_agent;sale;Октябрьский;8;10;171/1;Новосибирск;3660000;Плющихинский;3; В. Высоцкого;87.0;Золотая Нива;https://novosibirsk.cian.ru/sale/flat/318102451/?mlSearchSessionGuid=84e93ee834a1f736cbb021a856474794
flat;Этажи;real_estate_agent;sale;Калининский;1;5;25;Новосибирск;3800000;;3; Новоуральская;52.0;Заельцовская;https://novosibirsk.cian.ru/sale/flat/326641053/?mlSearchSessionGuid=84e93ee834a1f736cbb021a856474794
flat;ID 133944455;homeowner;sale;Советский;3;9;38;Новосибирск;3800000;;-1; Иванова;63.6;;https://novosibirsk.cian.ru/sale/flat/323964454/?mlSearchSessionGuid=84e93ee834a1f736cbb021a856474794
flat;Города Новосибирск;real_estate_agent;sale;Калининский;2;5;24;Новосибирск;3850000;;3; Флотская;56.8;Заельцовская;https://novosibirsk.cian.ru/sale/flat/326156457/?mlSearchSessionGuid=84e93ee834a1f736cbb021a856474794
flat;Олег Флях;realtor;sale;Ленинский;6;6;9;Новосибирск;3850000;;3;Троллейная ;91.0;Площадь Маркса;https://novosibirsk.cian.ru/sale/flat/326275211/?mlSearchSessionGuid=84e93ee834a1f736cbb021a856474794
flat;Максим Дедерер;realtor;sale;Ленинский;5;5;59;Новосибирск;3899000;;3;Степная ;42.0;Площадь Маркса;https://novosibirsk.cian.ru/sale/flat/325155737/?mlSearchSessionGuid=84e93ee834a1f736cbb021a856474794
flat;Отдел Продаж Недвижимости;real_estate_agent;sale;Октябрьский;1;10;45/3;Новосибирск;3900000;Плющихинский;3; Татьяны Снежиной;59.0;Золотая Нива;https://novosibirsk.cian.ru/sale/flat/320942274/?mlSearchSessionGuid=84e93ee834a1f736cbb021a856474794
flat;Города Новосибирск;real_estate_agent;sale;;3;5;80;Новосибирск;3950000;;3; Солидарности;47.9;Заельцовская;https://novosibirsk.cian.ru/sale/flat/325655757/?mlSearchSessionGuid=84e93ee834a1f736cbb021a856474794
flat;Города Новосибирск;real_estate_agent;sale;Кировский;1;5;8;Новосибирск;3999999;;3; Водозабор;59.0;Студенческая;https://novosibirsk.cian.ru/sale/flat/322396111/?mlSearchSessionGuid=84e93ee834a1f736cbb021a856474794
flat;Дом Профи;real_estate_agent;sale;Ленинский;2;3;42;Новосибирск;3999000;;3;Станционная ;72.4;Площадь Маркса;https://novosibirsk.cian.ru/sale/flat/316536551/?mlSearchSessionGuid=84e93ee834a1f736cbb021a856474794
flat;Города Новосибирск;real_estate_agent;sale;Кировский;1;5;125;Новосибирск;4000000;;3; Зорге;58.4;Площадь Маркса;https://novosibirsk.cian.ru/sale/flat/326925802/?mlSearchSessionGuid=84e93ee834a1f736cbb021a856474794
flat;ГРАНОВИТ;real_estate_agent;sale;Калининский;2;3;4;Новосибирск;4000000;;3; Флотская;68.7;Заельцовская;https://novosibirsk.cian.ru/sale/flat/298125891/?mlSearchSessionGuid=84e93ee834a1f736cbb021a856474794
flat;Лабецкий Недвижимость;real_estate_agent;sale;Ленинский;1;2;6;Новосибирск;4050000;;3;1-й Порядковый переулок;52.7;Площадь Маркса;https://novosibirsk.cian.ru/sale/flat/324706946/?mlSearchSessionGuid=84e93ee834a1f736cbb021a856474794
flat;Этажи;real_estate_agent;sale;Калининский;6;9;3;Новосибирск;4125000;;-1; Рассветная;64.2;Заельцовская;https://novosibirsk.cian.ru/sale/flat/324960762/?mlSearchSessionGuid=84e93ee834a1f736cbb021a856474794
flat;ОЛИМП;real_estate_agent;sale;Советский;1;5;16;Новосибирск;4100000;;3;Ветлужская ;50.2;Студенческая;https://novosibirsk.cian.ru/sale/flat/326202085/?mlSearchSessionGuid=84e93ee834a1f736cbb021a856474794
flat;Этажи;real_estate_agent;sale;Кировский;1;4;26;Новосибирск;4199000;;3; Римского-Корсакова;53.0;Площадь Маркса;https://novosibirsk.cian.ru/sale/flat/326717579/?mlSearchSessionGuid=84e93ee834a1f736cbb021a856474794
flat;Этажи;real_estate_agent;sale;;1;5;62;Новосибирск;4150000;;3; Лейтенанта Амосова;61.3;Заельцовская;https://novosibirsk.cian.ru/sale/flat/326717576/?mlSearchSessionGuid=84e93ee834a1f736cbb021a856474794
flat;2ПН;real_estate_agent;sale;Октябрьский;12;18;141/11;Новосибирск;4199000;;3; В. Высоцкого;55.8;Золотая Нива;https://novosibirsk.cian.ru/sale/flat/297357541/?mlSearchSessionGuid=84e93ee834a1f736cbb021a856474794
flat;2ПН;real_estate_agent;sale;Октябрьский;2;18;;Новосибирск;4189000;;3;Плющихинский жилмассив;55.54;Золотая Нива;https://novosibirsk.cian.ru/sale/flat/318171918/?mlSearchSessionGuid=84e93ee834a1f736cbb021a856474794
flat;Этажи;real_estate_agent;sale;Октябрьский;2;18;2;Новосибирск;4200000;Плющихинский;3; Плющихинская;55.0;Золотая Нива;https://novosibirsk.cian.ru/sale/flat/326717581/?mlSearchSessionGuid=84e93ee834a1f736cbb021a856474794
flat;Города Новосибирск;real_estate_agent;sale;Ленинский;3;3;19;Новосибирск;4200000;;3;переулок 2-й Пархоменко;58.6;Площадь Маркса;https://novosibirsk.cian.ru/sale/flat/326588232/?mlSearchSessionGuid=84e93ee834a1f736cbb021a856474794
flat;Владис Центральное;real_estate_agent;sale;;1;5;77/1;Новосибирск;4200000;;3; Лейтенанта Амосова;57.4;Заельцовская;https://novosibirsk.cian.ru/sale/flat/326769913/?mlSearchSessionGuid=84e93ee834a1f736cbb021a856474794
flat;Владис Центральное;real_estate_agent;sale;Ленинский;3;4;5;Новосибирск;4200000;;3;Путевая ;56.5;Студенческая;https://novosibirsk.cian.ru/sale/flat/326463905/?mlSearchSessionGuid=84e93ee834a1f736cbb021a856474794
flat;Владис Центральное;real_estate_agent;sale;Кировский;3;5;20;Новосибирск;4200000;;3; Чемская;58.7;Студенческая;https://novosibirsk.cian.ru/sale/flat/326178311/?mlSearchSessionGuid=84e93ee834a1f736cbb021a856474794
flat;Отдел Продаж Недвижимости;real_estate_agent;sale;Заельцовский;2;2;8/1;Новосибирск;4200000;;3;Катодная ;40.1;Заельцовская;https://novosibirsk.cian.ru/sale/flat/304460154/?mlSearchSessionGuid=84e93ee834a1f736cbb021a856474794
flat;ID 124741067;homeowner;sale;Октябрьский;14;18;141/13;Новосибирск;4200000;Плющихинский;3; В. Высоцкого;55.0;Золотая Нива;https://novosibirsk.cian.ru/sale/flat/310250782/?mlSearchSessionGuid=84e93ee834a1f736cbb021a856474794
flat;Наталья Леонидовна  Чистякова;realtor;sale;Октябрьский;6;18;2;Новосибирск;4200000;Плющихинский;3; Плющихинская;55.54;Золотая Нива;https://novosibirsk.cian.ru/sale/flat/326572351/?mlSearchSessionGuid=84e93ee834a1f736cbb021a856474794
flat;Агентство Единый Центр Недвижимости;real_estate_agent;sale;Ленинский;4;5;20;Новосибирск;4260000;;3; Котовского;51.0;Площадь Маркса;https://novosibirsk.cian.ru/sale/flat/311570635/?mlSearchSessionGuid=84e93ee834a1f736cbb021a856474794
flat;ID 107080492;homeowner;sale;Кировский;3;5;5;Новосибирск;4250000;;3; Оловозаводская;56.0;Студенческая;https://novosibirsk.cian.ru/sale/flat/311814389/?mlSearchSessionGuid=84e93ee834a1f736cbb021a856474794
flat;ЖИЛФОНД;real_estate_agent;sale;Ленинский;1;5;34;Новосибирск;4300000;;3;Степная ;58.3;Площадь Маркса;https://novosibirsk.cian.ru/sale/flat/317179780/?mlSearchSessionGuid=84e93ee834a1f736cbb021a856474794
flat;Владис Центральное;real_estate_agent;sale;Первомайский;5;5;12;Новосибирск;4300000;;3;Грунтовая ;58.4;Октябрьская;https://novosibirsk.cian.ru/sale/flat/326543040/?mlSearchSessionGuid=84e93ee834a1f736cbb021a856474794
flat;Владис Центральное;real_estate_agent;sale;Кировский;3;5;249;Новосибирск;4300000;;3; Зорге;58.4;Площадь Маркса;https://novosibirsk.cian.ru/sale/flat/326898836/?mlSearchSessionGuid=84e93ee834a1f736cbb021a856474794
flat;Владис Центральное;real_estate_agent;sale;Первомайский;1;5;4а;Новосибирск;4300000;;3;Звездная ;58.9;Речной вокзал;https://novosibirsk.cian.ru/sale/flat/326835680/?mlSearchSessionGuid=84e93ee834a1f736cbb021a856474794
flat;Города Новосибирск;real_estate_agent;sale;Октябрьский;2;10;171/12;Новосибирск;4300000;Плющихинский;3; В. Высоцкого;87.4;Золотая Нива;https://novosibirsk.cian.ru/sale/flat/321315346/?mlSearchSessionGuid=84e93ee834a1f736cbb021a856474794
flat;Марина Стрельникова;realtor;sale;Советский;5;5;8;Новосибирск;4300000;;3; Энгельса;55.0;Студенческая;https://novosibirsk.cian.ru/sale/flat/325119703/?mlSearchSessionGuid=84e93ee834a1f736cbb021a856474794
flat;ID 137523229;homeowner;sale;Октябрьский;16;18;2;Новосибирск;4300000;Плющихинский;3; Плющихинская;57.5;Золотая Нива;https://novosibirsk.cian.ru/sale/flat/324680193/?mlSearchSessionGuid=84e93ee834a1f736cbb021a856474794
flat;Владис Центральное;real_estate_agent;sale;Кировский;1;5;251;Новосибирск;4390000;;3; Зорге;58.9;Площадь Маркса;https://novosibirsk.cian.ru/sale/flat/322426483/?mlSearchSessionGuid=84e93ee834a1f736cbb021a856474794
flat;ID 108885001;realtor;sale;Заельцовский;3;5;112;Новосибирск;4390000;;3;Кубовая ;50.0;;https://novosibirsk.cian.ru/sale/flat/327019574/?mlSearchSessionGuid=84e93ee834a1f736cbb021a856474794
flat;ID 25467486;homeowner;sale;Октябрьский;1;18;;Новосибирск;4350000;Плющихинский;3;Плющихинский жилмассив;57.81;Золотая Нива;https://novosibirsk.cian.ru/sale/flat/317438548/?mlSearchSessionGuid=84e93ee834a1f736cbb021a856474794
flat;ЖИЛФОНД;real_estate_agent;sale;Ленинский;5;5;22;Новосибирск;4400000;;3; Котовского;59.2;Площадь Маркса;https://novosibirsk.cian.ru/sale/flat/326606128/?mlSearchSessionGuid=84e93ee834a1f736cbb021a856474794
flat;Владис Центральное;real_estate_agent;sale;Октябрьский;3;18;2;Новосибирск;4400000;Плющихинский;3; Плющихинская;55.84;Золотая Нива;https://novosibirsk.cian.ru/sale/flat/323805150/?mlSearchSessionGuid=84e93ee834a1f736cbb021a856474794
flat;А1 недвижимость;real_estate_agent;sale;Октябрьский;10;10;2;Новосибирск;4400000;Плющихинский;3; Плющихинская;59.02;Золотая Нива;https://novosibirsk.cian.ru/sale/flat/326330891/?mlSearchSessionGuid=84e93ee834a1f736cbb021a856474794
flat;ID 97998272;unknown;sale;Октябрьский;15;18;2;Новосибирск;4400000;Плющихинский;3; Плющихинская;57.0;;https://novosibirsk.cian.ru/sale/flat/326640076/?mlSearchSessionGuid=84e93ee834a1f736cbb021a856474794
flat;Самолет Плюс;real_estate_agent;sale;Ленинский;9;9;16;Новосибирск;4499000;;3; 9-й Гвардейской Дивизии;59.5;Площадь Маркса;https://novosibirsk.cian.ru/sale/flat/326516318/?mlSearchSessionGuid=84e93ee834a1f736cbb021a856474794
flat;ГРАНОВИТ;real_estate_agent;sale;Октябрьский;2;10;1;Новосибирск;4480000;Плющихинский;3; Плющихинская;59.02;Золотая Нива;https://novosibirsk.cian.ru/sale/flat/324996950/?mlSearchSessionGuid=84e93ee834a1f736cbb021a856474794
flat;Этажи;real_estate_agent;sale;Первомайский;5;5;5;Новосибирск;4500000;;3;Березовая ;57.2;Речной вокзал;https://novosibirsk.cian.ru/sale/flat/327057248/?mlSearchSessionGuid=84e93ee834a1f736cbb021a856474794
flat;Этажи;real_estate_agent;sale;Дзержинский;9;9;41/2;Новосибирск;4500000;;3; Толбухина;57.7;Золотая Нива;https://novosibirsk.cian.ru/sale/flat/326384666/?mlSearchSessionGuid=84e93ee834a1f736cbb021a856474794
flat;Города Новосибирск;real_estate_agent;sale;Ленинский;5;5;24;Новосибирск;4500000;;3;Киевская ;57.8;Площадь Маркса;https://novosibirsk.cian.ru/sale/flat/326784775/?mlSearchSessionGuid=84e93ee834a1f736cbb021a856474794
flat;Города Новосибирск;real_estate_agent;sale;Кировский;4;5;6;Новосибирск;4500000;;3; Чемская;57.9;Студенческая;https://novosibirsk.cian.ru/sale/flat/321966934/?mlSearchSessionGuid=84e93ee834a1f736cbb021a856474794
flat;Города Новосибирск;real_estate_agent;sale;Советский;1;2;11;Новосибирск;4500000;;3; Молодости;62.9;Студенческая;https://novosibirsk.cian.ru/sale/flat/320623984/?mlSearchSessionGuid=84e93ee834a1f736cbb021a856474794
flat;Города Новосибирск;real_estate_agent;sale;Ленинский;5;5;9;Новосибирск;4500000;;3; Филатова;61.3;Площадь Маркса;https://novosibirsk.cian.ru/sale/flat/325439253/?mlSearchSessionGuid=84e93ee834a1f736cbb021a856474794
flat;Ключевое решение;real_estate_agent;sale;Советский;2;5;16;Новосибирск;4500000;;3; Динамовцев;58.2;Площадь Маркса;https://novosibirsk.cian.ru/sale/flat/323991765/?mlSearchSessionGuid=84e93ee834a1f736cbb021a856474794
flat;Владис Центральное;real_estate_agent;sale;Кировский;8;9;3;Новосибирск;4500000;;3; Комсомольская;61.1;Площадь Маркса;https://novosibirsk.cian.ru/sale/flat/320284610/?mlSearchSessionGuid=84e93ee834a1f736cbb021a856474794
flat;Владис Центральное;real_estate_agent;sale;Ленинский;3;3;19;Новосибирск;4500000;;3;переулок 2-й Пархоменко;58.6;Площадь Маркса;https://novosibirsk.cian.ru/sale/flat/326214933/?mlSearchSessionGuid=84e93ee834a1f736cbb021a856474794
flat;ID 100478357;homeowner;sale;Ленинский;1;3;45;Новосибирск;4500000;;3; Забалуева;66.0;Площадь Маркса;https://novosibirsk.cian.ru/sale/flat/319969624/?mlSearchSessionGuid=84e93ee834a1f736cbb021a856474794
flat;Этажи;real_estate_agent;sale;Ленинский;9;9;20;Новосибирск;4550000;;3;Новосибирская ;57.5;Площадь Маркса;https://novosibirsk.cian.ru/sale/flat/326719248/?mlSearchSessionGuid=84e93ee834a1f736cbb021a856474794
flat;Этажи;real_estate_agent;sale;Кировский;4;5;134;Новосибирск;4550000;;3; Петухова;57.9;Площадь Маркса;https://novosibirsk.cian.ru/sale/flat/326171497/?mlSearchSessionGuid=84e93ee834a1f736cbb021a856474794
flat;Города Новосибирск;real_estate_agent;sale;Кировский;9;9;122/1;Новосибирск;4590000;;3; Петухова;60.1;Площадь Маркса;https://novosibirsk.cian.ru/sale/flat/313277712/?mlSearchSessionGuid=84e93ee834a1f736cbb021a856474794
flat;Метражи;real_estate_agent;sale;Кировский;3;3;52;Новосибирск;4550000;;3; Мира;51.7;Площадь Маркса;https://novosibirsk.cian.ru/sale/flat/319144120/?mlSearchSessionGuid=84e93ee834a1f736cbb021a856474794
flat;Города Новосибирск;real_estate_agent;sale;Кировский;5;5;193;Новосибирск;4600000;;3; Зорге;58.4;Площадь Маркса;https://novosibirsk.cian.ru/sale/flat/313469122/?mlSearchSessionGuid=84e93ee834a1f736cbb021a856474794
flat;Владис Центральное;real_estate_agent;sale;Кировский;2;9;74;Новосибирск;4630000;;3; Петухова;59.7;Площадь Маркса;https://novosibirsk.cian.ru/sale/flat/326215911/?mlSearchSessionGuid=84e93ee834a1f736cbb021a856474794
flat;Владис Центральное;real_estate_agent;sale;Октябрьский;5;5;33;Новосибирск;4680000;;3; Грибоедова;52.0;Речной вокзал;https://novosibirsk.cian.ru/sale/flat/327024648/?mlSearchSessionGuid=84e93ee834a1f736cbb021a856474794
flat;Город N;real_estate_agent;sale;Ленинский;4;5;24;Новосибирск;4650000;;3;Курганская ;57.4;Площадь Маркса;https://novosibirsk.cian.ru/sale/flat/326983360/?mlSearchSessionGuid=84e93ee834a1f736cbb021a856474794
flat;Владис Центральное;real_estate_agent;sale;Кировский;2;5;25;Новосибирск;4650000;;3; Зорге;50.8;Площадь Маркса;https://novosibirsk.cian.ru/sale/flat/326053251/?mlSearchSessionGuid=84e93ee834a1f736cbb021a856474794
flat;Владис Центральное;real_estate_agent;sale;Ленинский;3;3;11А;Новосибирск;4690000;;3;пос. Восточный;65.8;Площадь Маркса;https://novosibirsk.cian.ru/sale/flat/323452128/?mlSearchSessionGuid=84e93ee834a1f736cbb021a856474794
flat;Владис Центральное;real_estate_agent;sale;Дзержинский;4;6;81;Новосибирск;4690000;;3;проспект Дзержинского;63.0;Березовая Роща;https://novosibirsk.cian.ru/sale/flat/324728590/?mlSearchSessionGuid=84e93ee834a1f736cbb021a856474794
flat;Алексей Банет;realtor;sale;Калининский;9;9;25/1;Новосибирск;4700000;;3; Новая Заря;61.0;Заельцовская;https://novosibirsk.cian.ru/sale/flat/321857632/?mlSearchSessionGuid=84e93ee834a1f736cbb021a856474794
flat;2ПН;real_estate_agent;sale;Октябрьский;6;10;141/7;Новосибирск;4700000;Плющихинский;3; В. Высоцкого;59.02;Золотая Нива;https://novosibirsk.cian.ru/sale/flat/324492144/?mlSearchSessionGuid=84e93ee834a1f736cbb021a856474794
flat;Вера Пацко;realtor;sale;Дзержинский;6;9;37;Новосибирск;4700000;;3; Доватора;59.7;Золотая Нива;https://novosibirsk.cian.ru/sale/flat/324045127/?mlSearchSessionGuid=84e93ee834a1f736cbb021a856474794
flat;Самолет Плюс;real_estate_agent;sale;Кировский;1;9;74;Новосибирск;4770000;;3; Петухова;60.0;Площадь Маркса;https://novosibirsk.cian.ru/sale/flat/324648233/?mlSearchSessionGuid=84e93ee834a1f736cbb021a856474794
flat;2ПН;real_estate_agent;sale;Октябрьский;6;10;9;Новосибирск;4795000;Плющихинский;3; Плющихинская;87.39;Золотая Нива;https://novosibirsk.cian.ru/sale/flat/316164001/?mlSearchSessionGuid=84e93ee834a1f736cbb021a856474794
flat;ID 93833061;realtor;sale;Октябрьский;5;5;138Б;Новосибирск;4750000;;3; Никитина;61.0;;https://novosibirsk.cian.ru/sale/flat/326218741/?mlSearchSessionGuid=84e93ee834a1f736cbb021a856474794
flat;ЖИЛФОНД;real_estate_agent;sale;Ленинский;1;5;26;Новосибирск;4800000;;3;Новосибирская ;58.0;Площадь Маркса;https://novosibirsk.cian.ru/sale/flat/318833236/?mlSearchSessionGuid=84e93ee834a1f736cbb021a856474794
flat;Этажи;real_estate_agent;sale;Ленинский;3;5;29;Новосибирск;4800000;;3;Фасадная ;62.2;Площадь Маркса;https://novosibirsk.cian.ru/sale/flat/325930315/?mlSearchSessionGuid=84e93ee834a1f736cbb021a856474794
flat;Этажи;real_estate_agent;sale;Ленинский;2;9;61;Новосибирск;4800000;;3; Невельского;59.1;Площадь Маркса;https://novosibirsk.cian.ru/sale/flat/325627277/?mlSearchSessionGuid=84e93ee834a1f736cbb021a856474794
flat;Города Новосибирск;real_estate_agent;sale;Дзержинский;2;2;31;Новосибирск;4800000;;3; Авиастроителей;70.1;Березовая Роща;https://novosibirsk.cian.ru/sale/flat/325046128/?mlSearchSessionGuid=84e93ee834a1f736cbb021a856474794
flat;Владис Центральное;real_estate_agent;sale;Кировский;9;9;19;Новосибирск;4800000;;3; Саввы Кожевникова;59.8;Студенческая;https://novosibirsk.cian.ru/sale/flat/326656219/?mlSearchSessionGuid=84e93ee834a1f736cbb021a856474794
flat;2ПН;real_estate_agent;sale;Октябрьский;1;18;7/5;Новосибирск;4800000;Плющихинский;3; Виталия Потылицына;73.2;Золотая Нива;https://novosibirsk.cian.ru/sale/flat/324154213/?mlSearchSessionGuid=84e93ee834a1f736cbb021a856474794
flat;Города Новосибирск;real_estate_agent;sale;Первомайский;8;9;2/1;Новосибирск;4850000;;3;1-я Механическая ;58.0;Речной вокзал;https://novosibirsk.cian.ru/sale/flat/322633207/?mlSearchSessionGuid=84e93ee834a1f736cbb021a856474794
flat;Метражи;real_estate_agent;sale;Дзержинский;2;9;29;Новосибирск;4850000;;3; Лазарева;61.0;Березовая Роща;https://novosibirsk.cian.ru/sale/flat/317577210/?mlSearchSessionGuid=84e93ee834a1f736cbb021a856474794
flat;АСТАРТА;real_estate_agent;sale;Ленинский;3;5;24;Новосибирск;4850000;;3;Курганская ;57.5;Площадь Маркса;https://novosibirsk.cian.ru/sale/flat/318148290/?mlSearchSessionGuid=84e93ee834a1f736cbb021a856474794
flat;ID 96196268;homeowner;sale;Кировский;1;9;257/1;Новосибирск;4850000;;3; Зорге;60.4;Площадь Маркса;https://novosibirsk.cian.ru/sale/flat/318798633/?mlSearchSessionGuid=84e93ee834a1f736cbb021a856474794
flat;Этажи;real_estate_agent;sale;Первомайский;4;5;9;Новосибирск;4900000;;3;Звездная ;60.4;Речной вокзал;https://novosibirsk.cian.ru/sale/flat/326764453/?mlSearchSessionGuid=84e93ee834a1f736cbb021a856474794
flat;Этажи;real_estate_agent;sale;Ленинский;5;5;79;Новосибирск;4900000;;3; Невельского;57.0;Площадь Маркса;https://novosibirsk.cian.ru/sale/flat/326574742/?mlSearchSessionGuid=84e93ee834a1f736cbb021a856474794
flat;Поиск Метров;real_estate_agent;sale;Железнодорожный;5;5;4;Новосибирск;4900000;;3; Спартака;59.0;Площадь Ленина;https://novosibirsk.cian.ru/sale/flat/316052221/?mlSearchSessionGuid=84e93ee834a1f736cbb021a856474794
flat;Города Новосибирск;real_estate_agent;sale;Ленинский;8;9;15;Новосибирск;4900000;;3; 9-й Гвардейской Дивизии;63.7;Площадь Маркса;https://novosibirsk.cian.ru/sale/flat/326342637/?mlSearchSessionGuid=84e93ee834a1f736cbb021a856474794
flat;Отдел Продаж Недвижимости;real_estate_agent;sale;Октябрьский;1;18;31/5;Новосибирск;4900000;Плющихинский;3; Татьяны Снежиной;74.0;Золотая Нива;https://novosibirsk.cian.ru/sale/flat/325125502/?mlSearchSessionGuid=84e93ee834a1f736cbb021a856474794
flat;ID 101751763;realtor;sale;Кировский;3;9;40;Новосибирск;4900000;;3; Чемская;59.0;Студенческая;https://novosibirsk.cian.ru/sale/flat/315035781/?mlSearchSessionGuid=84e93ee834a1f736cbb021a856474794
flat;Wall Street;real_estate_agent;sale;Кировский;10;10;20;Новосибирск;4990000;Просторный;3; Виктора Шевелева;59.0;Студенческая;https://novosibirsk.cian.ru/sale/flat/326174993/?mlSearchSessionGuid=84e93ee834a1f736cbb021a856474794
flat;Владис Центральное;real_estate_agent;sale;Дзержинский;1;5;53;Новосибирск;4998000;;3; Есенина;57.4;Золотая Нива;https://novosibirsk.cian.ru/sale/flat/323106217/?mlSearchSessionGuid=84e93ee834a1f736cbb021a856474794
flat;Алые паруса;real_estate_agent;sale;;5;5;74;Новосибирск;4987000;;3; Солидарности;57.4;Заельцовская;https://novosibirsk.cian.ru/sale/flat/324525083/?mlSearchSessionGuid=84e93ee834a1f736cbb021a856474794
flat;Владис Центральное;real_estate_agent;sale;Дзержинский;2;5;53;Новосибирск;4990000;;3; Есенина;57.4;Золотая Нива;https://novosibirsk.cian.ru/sale/flat/326435440/?mlSearchSessionGuid=84e93ee834a1f736cbb021a856474794
flat;Владис Центральное;real_estate_agent;sale;Первомайский;3;3;1;Новосибирск;4999999;;3; Радиостанция № 2;70.0;Спортивная;https://novosibirsk.cian.ru/sale/flat/326553776/?mlSearchSessionGuid=84e93ee834a1f736cbb021a856474794
flat;Отдел Продаж Недвижимости;real_estate_agent;sale;Ленинский;1;5;17;Новосибирск;4960000;;3;Киевская ;59.0;Площадь Маркса;https://novosibirsk.cian.ru/sale/flat/326050559/?mlSearchSessionGuid=84e93ee834a1f736cbb021a856474794
flat;ID 131871158;homeowner;sale;Октябрьский;5;10;;Новосибирск;4980000;Плющихинский;3;Плющихинский жилмассив;59.0;Золотая Нива;https://novosibirsk.cian.ru/sale/flat/318450530/?mlSearchSessionGuid=84e93ee834a1f736cbb021a856474794
flat;Этажи;real_estate_agent;sale;Советский;6;6;160;Новосибирск;5000000;;3; Ивлева;82.0;Студенческая;https://novosibirsk.cian.ru/sale/flat/320093471/?mlSearchSessionGuid=84e93ee834a1f736cbb021a856474794
flat;Города Новосибирск;real_estate_agent;sale;Ленинский;5;9;21;Новосибирск;5000000;;3;Широкая ;57.0;Площадь Маркса;https://novosibirsk.cian.ru/sale/flat/326655353/?mlSearchSessionGuid=84e93ee834a1f736cbb021a856474794
flat;Города Новосибирск;real_estate_agent;sale;Дзержинский;1;5;33;Новосибирск;5000000;;3; Доватора;57.5;Золотая Нива;https://novosibirsk.cian.ru/sale/flat/317794627/?mlSearchSessionGuid=84e93ee834a1f736cbb021a856474794
flat;Владис Центральное;real_estate_agent;sale;Октябрьский;6;18;2;Новосибирск;5000000;Плющихинский;3; Плющихинская;57.0;Золотая Нива;https://novosibirsk.cian.ru/sale/flat/325721055/?mlSearchSessionGuid=84e93ee834a1f736cbb021a856474794
flat;Право собственности;real_estate_agent;sale;Октябрьский;5;5;113;Новосибирск;5000000;;3;Выборная ;60.0;Речной вокзал;https://novosibirsk.cian.ru/sale/flat/322285055/?mlSearchSessionGuid=84e93ee834a1f736cbb021a856474794
flat;ИП Шоколова Е. Н.;real_estate_agent;sale;Первомайский;5;5;9;Новосибирск;5000000;;3; Шукшина;58.0;Спортивная;https://novosibirsk.cian.ru/sale/flat/323290698/?mlSearchSessionGuid=84e93ee834a1f736cbb021a856474794
flat;ID 78919559;homeowner;sale;Дзержинский;5;5;41/1;Новосибирск;5000000;;3; Толбухина;57.5;Золотая Нива;https://novosibirsk.cian.ru/sale/flat/326485833/?mlSearchSessionGuid=84e93ee834a1f736cbb021a856474794
flat;ID 81618784;homeowner;sale;Ленинский;5;9;21;Новосибирск;5000000;;3;Широкая ;57.0;Площадь Маркса;https://novosibirsk.cian.ru/sale/flat/301386160/?mlSearchSessionGuid=84e93ee834a1f736cbb021a856474794
flat;МакроМир;real_estate_agent;sale;Дзержинский;1;5;1Б;Новосибирск;5050000;;3;Промышленная ;60.0;Березовая Роща;https://novosibirsk.cian.ru/sale/flat/326935261/?mlSearchSessionGuid=84e93ee834a1f736cbb021a856474794
flat;Наталья Леонидовна  Чистякова;realtor;sale;Кировский;6;10;3;Новосибирск;5050000;Просторный;3; Дмитрия Шмонина;87.0;Студенческая;https://novosibirsk.cian.ru/sale/flat/326015259/?mlSearchSessionGuid=84e93ee834a1f736cbb021a856474794
flat;ЖИЛФОНД;real_estate_agent;sale;Октябрьский;1;5;155;Новосибирск;5100000;;3;Большевистская ;56.0;Спортивная;https://novosibirsk.cian.ru/sale/flat/318762409/?mlSearchSessionGuid=84e93ee834a1f736cbb021a856474794
flat;Города Новосибирск;real_estate_agent;sale;Октябрьский;5;10;;Новосибирск;5100000;;3;Плющихинский жилмассив;59.0;Золотая Нива;https://novosibirsk.cian.ru/sale/flat/326655511/?mlSearchSessionGuid=84e93ee834a1f736cbb021a856474794
flat;Владис Центральное;real_estate_agent;sale;Ленинский;4;5;26;Новосибирск;5100000;;3;Троллейная ;57.0;Площадь Маркса;https://novosibirsk.cian.ru/sale/flat/326847444/?mlSearchSessionGuid=84e93ee834a1f736cbb021a856474794
flat;Алые паруса;real_estate_agent;sale;;3;5;61А;Новосибирск;5100000;;3; Солидарности;58.0;Заельцовская;https://novosibirsk.cian.ru/sale/flat/326052490/?mlSearchSessionGuid=84e93ee834a1f736cbb021a856474794
flat;Владис Центральное;real_estate_agent;sale;Ленинский;5;5;46;Новосибирск;5100000;;3; Блюхера;56.3;Студенческая;https://novosibirsk.cian.ru/sale/flat/321765440/?mlSearchSessionGuid=84e93ee834a1f736cbb021a856474794
flat;Владис Центральное;real_estate_agent;sale;Октябрьский;1;5;75;Новосибирск;5100000;;3; Грибоедова;60.0;Октябрьская;https://novosibirsk.cian.ru/sale/flat/324236391/?mlSearchSessionGuid=84e93ee834a1f736cbb021a856474794
flat;ID 124588181;homeowner;sale;Первомайский;3;3;1;Новосибирск;5100000;;3; Радиостанция № 2;70.0;Спортивная;https://novosibirsk.cian.ru/sale/flat/314967976/?mlSearchSessionGuid=84e93ee834a1f736cbb021a856474794
flat;Евгений Асанов;realtor;sale;Кировский;6;18;11/1;Новосибирск;5100000;Просторный;3; Николая Сотникова;75.0;;https://novosibirsk.cian.ru/sale/flat/326718502/?mlSearchSessionGuid=84e93ee834a1f736cbb021a856474794
flat;Этажи;real_estate_agent;sale;Октябрьский;5;5;138Б;Новосибирск;5150000;;3; Никитина;61.0;Золотая Нива;https://novosibirsk.cian.ru/sale/flat/326764537/?mlSearchSessionGuid=84e93ee834a1f736cbb021a856474794
flat;Этажи;real_estate_agent;sale;Кировский;2;5;42;Новосибирск;5150000;;3; Петухова;58.2;Площадь Маркса;https://novosibirsk.cian.ru/sale/flat/326764505/?mlSearchSessionGuid=84e93ee834a1f736cbb021a856474794
flat;Этажи;real_estate_agent;sale;Кировский;2;10;82;Новосибирск;5150000;;3; Сибиряков-Гвардейцев;62.7;Площадь Маркса;https://novosibirsk.cian.ru/sale/flat/326460304/?mlSearchSessionGuid=84e93ee834a1f736cbb021a856474794
flat;Владис Центральное;real_estate_agent;sale;Ленинский;9;12;24;Новосибирск;5150000;;3;Новосибирская ;62.0;Площадь Маркса;https://novosibirsk.cian.ru/sale/flat/326221442/?mlSearchSessionGuid=84e93ee834a1f736cbb021a856474794
flat;2ПН;real_estate_agent;sale;Октябрьский;3;10;143/6;Новосибирск;5150000;Плющихинский;3; В. Высоцкого;87.0;Золотая Нива;https://novosibirsk.cian.ru/sale/flat/321011074/?mlSearchSessionGuid=84e93ee834a1f736cbb021a856474794
flat;ID 89674024;unknown;sale;Кировский;1;10;2/1;Новосибирск;5150000;Просторный;3; Александра Чистякова;57.6;Студенческая;https://novosibirsk.cian.ru/sale/flat/327020579/?mlSearchSessionGuid=84e93ee834a1f736cbb021a856474794
flat;Этажи;real_estate_agent;sale;Октябрьский;6;18;2;Новосибирск;5200000;Плющихинский;3; Плющихинская;57.51;Золотая Нива;https://novosibirsk.cian.ru/sale/flat/326173734/?mlSearchSessionGuid=84e93ee834a1f736cbb021a856474794
flat;Города Новосибирск;real_estate_agent;sale;Заельцовский;1;3;8;Новосибирск;5200000;;3;Мочищенское шоссе;43.0;Заельцовская;https://novosibirsk.cian.ru/sale/flat/324068840/?mlSearchSessionGuid=84e93ee834a1f736cbb021a856474794
flat;ПЛАНЕТА на Маркса;real_estate_agent;sale;Калининский;8;10;42;Новосибирск;5200000;;3; Объединения;55.8;Заельцовская;https://novosibirsk.cian.ru/sale/flat/322907924/?mlSearchSessionGuid=84e93ee834a1f736cbb021a856474794
flat;ИП Ещина Ю.П.;real_estate_agent;sale;Кировский;5;10;34;Новосибирск;5200000;Просторный;3; Виктора Шевелева;58.0;Студенческая;https://novosibirsk.cian.ru/sale/flat/326130606/?mlSearchSessionGuid=84e93ee834a1f736cbb021a856474794
flat;2ПН;real_estate_agent;sale;Октябрьский;1;10;141/5;Новосибирск;5200000;Плющихинский;3; В. Высоцкого;87.39;Золотая Нива;https://novosibirsk.cian.ru/sale/flat/322088215/?mlSearchSessionGuid=84e93ee834a1f736cbb021a856474794
flat;ID 98063475;unknown;sale;Первомайский;1;5;11;Новосибирск;5200000;;3; Красный Факел;60.6;Спортивная;https://novosibirsk.cian.ru/sale/flat/325811791/?mlSearchSessionGuid=84e93ee834a1f736cbb021a856474794
flat;Анна Фоменко;realtor;sale;Первомайский;7;9;32/1;Новосибирск;5200000;;3; Героев Революции;52.5;Спортивная;https://novosibirsk.cian.ru/sale/flat/321606793/?mlSearchSessionGuid=84e93ee834a1f736cbb021a856474794
flat;ID 109718117;realtor;sale;Ленинский;10;10;196;Новосибирск;5200000;;3; Титова;59.9;Площадь Маркса;https://novosibirsk.cian.ru/sale/flat/324238423/?mlSearchSessionGuid=84e93ee834a1f736cbb021a856474794
flat;ЖИЛФОНД;real_estate_agent;sale;Кировский;10;10;16;Новосибирск;5250000;Просторный;3; Николая Сотникова;58.0;Студенческая;https://novosibirsk.cian.ru/sale/flat/326229429/?mlSearchSessionGuid=84e93ee834a1f736cbb021a856474794
flat;Этажи;real_estate_agent;sale;Кировский;1;9;1/2;Новосибирск;5250000;;3; Оловозаводская;64.3;Площадь Маркса;https://novosibirsk.cian.ru/sale/flat/326766841/?mlSearchSessionGuid=84e93ee834a1f736cbb021a856474794
flat;Эксперт;real_estate_agent;sale;Советский;4;4;15;Новосибирск;5298000;;3; Боровая Партия;63.0;;https://novosibirsk.cian.ru/sale/flat/326724608/?mlSearchSessionGuid=84e93ee834a1f736cbb021a856474794
flat;Этажи;real_estate_agent;sale;Ленинский;1;5;12/2;Новосибирск;5300000;;3; Немировича-Данченко;57.7;Площадь Маркса;https://novosibirsk.cian.ru/sale/flat/326766855/?mlSearchSessionGuid=84e93ee834a1f736cbb021a856474794
flat;Этажи;real_estate_agent;sale;Ленинский;1;5;13;Новосибирск;5300000;;3;Киевская ;56.8;Площадь Маркса;https://novosibirsk.cian.ru/sale/flat/324472516/?mlSearchSessionGuid=84e93ee834a1f736cbb021a856474794
flat;Этажи;real_estate_agent;sale;Дзержинский;3;5;10;Новосибирск;5300000;;3;Республиканская ;73.0;Березовая Роща;https://novosibirsk.cian.ru/sale/flat/325814135/?mlSearchSessionGuid=84e93ee834a1f736cbb021a856474794
flat;Этажи;real_estate_agent;sale;Кировский;8;18;17;Новосибирск;5300000;Просторный;3; Николая Сотникова;72.0;Студенческая;https://novosibirsk.cian.ru/sale/flat/326107054/?mlSearchSessionGuid=84e93ee834a1f736cbb021a856474794
flat;ID 15524753;real_estate_agent;sale;Советский;1;4;14;Новосибирск;5300000;;3; Боровая Партия;63.3;;https://novosibirsk.cian.ru/sale/flat/326725023/?mlSearchSessionGuid=84e93ee834a1f736cbb021a856474794
flat;Города Новосибирск;real_estate_agent;sale;Ленинский;1;3;11;Новосибирск;5300000;;3;переулок 2-й Пархоменко;57.0;Площадь Маркса;https://novosibirsk.cian.ru/sale/flat/323179167/?mlSearchSessionGuid=84e93ee834a1f736cbb021a856474794
flat;Города Новосибирск;real_estate_agent;sale;Кировский;8;10;20;Новосибирск;5300000;Просторный;3; Виктора Шевелева;59.02;Студенческая;https://novosibirsk.cian.ru/sale/flat/315539286/?mlSearchSessionGuid=84e93ee834a1f736cbb021a856474794
flat;Владис Центральное;real_estate_agent;sale;Дзержинский;2;9;11;Новосибирск;5300000;;3;Гусинобродское шоссе;59.3;Золотая Нива;https://novosibirsk.cian.ru/sale/flat/323684634/?mlSearchSessionGuid=84e93ee834a1f736cbb021a856474794
flat;ОЛИМП;real_estate_agent;sale;Советский;5;5;16;Новосибирск;5300000;;3;Барьерная ;56.0;Студенческая;https://novosibirsk.cian.ru/sale/flat/326610562/?mlSearchSessionGuid=84e93ee834a1f736cbb021a856474794
flat;1001 Метр;real_estate_agent;sale;Калининский;1;5;63;Новосибирск;5300000;;3; Богдана Хмельницкого;66.0;Заельцовская;https://novosibirsk.cian.ru/sale/flat/326541277/?mlSearchSessionGuid=84e93ee834a1f736cbb021a856474794
flat;Отдел Продаж Недвижимости;real_estate_agent;sale;Ленинский;2;5;14;Новосибирск;5300000;;3; Блюхера;42.0;Площадь Маркса;https://novosibirsk.cian.ru/sale/flat/308783059/?mlSearchSessionGuid=84e93ee834a1f736cbb021a856474794
flat;VIRA Обмен;real_estate_agent;sale;Кировский;8;9;144;Новосибирск;3900000;;2; Петухова;45.9;Площадь Маркса;https://novosibirsk.cian.ru/sale/flat/326515054/
flat;Планета на Станиславского;real_estate_agent;sale;Кировский;2;25;3;Новосибирск;5200000;На Коротаева;2; Сержанта Коротаева;41.2;Площадь Маркса;https://novosibirsk.cian.ru/sale/flat/321045471/
flat;ЖИЛФОНД;real_estate_agent;sale;Дзержинский;4;5;33/3;Новосибирск;5800000;;3; Доватора;58.5;Золотая Нива;https://novosibirsk.cian.ru/sale/flat/323474225/
flat;РайоныКварталы;real_estate_agent;sale;Ленинский;2;9;28/1;Новосибирск;4250000;;2; Немировича-Данченко;43.6;Площадь Маркса;https://novosibirsk.cian.ru/sale/flat/324787827/
flat;Этажи;real_estate_agent;sale;Советский;2;5;3;Новосибирск;4300000;;3;Барьерная ;62.0;Студенческая;https://novosibirsk.cian.ru/sale/flat/321774438/?mlSearchSessionGuid=84e93ee834a1f736cbb021a856474794
flat;Дом Профи;real_estate_agent;sale;Ленинский;18;20;43;Новосибирск;7770000;VESNA;3; Ясный Берег;46.5;Октябрьская;https://novosibirsk.cian.ru/sale/flat/322465676/?mlSearchSessionGuid=84e93ee834a1f736cbb021a856474794
flat;Города Новосибирск;real_estate_agent;sale;Советский;6;9;33;Новосибирск;5950000;;3; Русская;63.0;;https://novosibirsk.cian.ru/sale/flat/325703985/?mlSearchSessionGuid=84e93ee834a1f736cbb021a856474794
flat;Дом Профи;real_estate_agent;sale;Октябрьский;10;10;31;Новосибирск;6800000;;3; В. Высоцкого;68.0;Золотая Нива;https://novosibirsk.cian.ru/sale/flat/297813408/?mlSearchSessionGuid=84e93ee834a1f736cbb021a856474794
flat;Этажи;real_estate_agent;sale;Октябрьский;1;10;25/2;Новосибирск;7390000;Плющихинский;3; Татьяны Снежиной;86.2;Золотая Нива;https://novosibirsk.cian.ru/sale/flat/314145138/?mlSearchSessionGuid=84e93ee834a1f736cbb021a856474794
