accommodation_type;author;author_type;deal_type;district;floor;floors_count;house_number;location;price;residential_complex;rooms_count;street;total_meters;underground;url
flat;Брусника;developer;sale;Заельцовский;5;9;1/4;Новосибирск;8490000;Лебедевский;2;Лебедевский кв-л;62.8;Заельцовская;https://novosibirsk.cian.ru/sale/flat/326985356/?mlSearchSessionGuid=5ccd199be5d7419b8fafb8ea055be6bb
flat;Право собственности;real_estate_agent;sale;Кировский;10;10;95;Новосибирск;5000000;Матрешкин двор;2; Петухова;56.4;Студенческая;https://novosibirsk.cian.ru/sale/flat/326567021/?mlSearchSessionGuid=5ccd199be5d7419b8fafb8ea055be6bb
flat;Наталья Алонцева;realtor;sale;Октябрьский;6;18;162/1;Новосибирск;7256985;ул. Добролюбова, 162/1;2; Добролюбова;42.0;Золотая Нива;https://novosibirsk.cian.ru/sale/flat/326818645/?mlSearchSessionGuid=5ccd199be5d7419b8fafb8ea055be6bb
flat;Брусника;developer;sale;Дзержинский;3;9;;Новосибирск;11460000;Город-на-озере ЖК;2;;48.66;Березовая Роща;https://novosibirsk.cian.ru/sale/flat/326882503/?mlSearchSessionGuid=5ccd199be5d7419b8fafb8ea055be6bb
flat;VIRA Обмен;real_estate_agent;sale;Кировский;8;9;144;Новосибирск;3900000;;2; Петухова;45.9;Площадь Маркса;https://novosibirsk.cian.ru/sale/flat/326515054/?mlSearchSessionGuid=5ccd199be5d7419b8fafb8ea055be6bb
flat;СЛОН;real_estate_agent;sale;Советский;1;9;2;Новосибирск;6500000;;2; Добровольческая;51.9;;https://novosibirsk.cian.ru/sale/flat/324814079/?mlSearchSessionGuid=5ccd199be5d7419b8fafb8ea055be6bb
flat;СМСС;developer;sale;Дзержинский;6;22;;Новосибирск;13868800;Паскаль;2; 5-я Кирпичная Горка;70.4;Березовая Роща;https://novosibirsk.cian.ru/sale/flat/325989219/?mlSearchSessionGuid=5ccd199be5d7419b8fafb8ea055be6bb
flat;ИП Павлова И. В.;real_estate_agent;sale;Заельцовский;9;29;105/1;Новосибирск;12000000;Бирюзовая жемчужина-2;2;Сухарная ;59.78;Площадь Гарина-Михайловского;https://novosibirsk.cian.ru/sale/flat/319372678/?mlSearchSessionGuid=5ccd199be5d7419b8fafb8ea055be6bb
flat;ИП Павлова И. В.;real_estate_agent;sale;Заельцовский;9;29;105/1;Новосибирск;12000000;Бирюзовая жемчужина-2;2;Сухарная ;59.78;Площадь Гарина-Михайловского;https://novosibirsk.cian.ru/sale/flat/319358092/?mlSearchSessionGuid=5ccd199be5d7419b8fafb8ea055be6bb
flat;Брусника;developer;sale;Заельцовский;11;12;1/4;Новосибирск;8230000;Лебедевский;2;Лебедевский кв-л;59.7;Заельцовская;https://novosibirsk.cian.ru/sale/flat/326741513/?mlSearchSessionGuid=5ccd199be5d7419b8fafb8ea055be6bb
flat;Города Новосибирск;real_estate_agent;sale;Октябрьский;2;4;2;Новосибирск;3990000;;2; Ключ-Камышенское плато;46.0;Речной вокзал;https://novosibirsk.cian.ru/sale/flat/319004680/?mlSearchSessionGuid=5ccd199be5d7419b8fafb8ea055be6bb
flat;Этажи;real_estate_agent;sale;Кировский;14;17;15;Новосибирск;3750000;;2; Виктора Уса;42.0;Площадь Маркса;https://novosibirsk.cian.ru/sale/flat/319842651/?mlSearchSessionGuid=5ccd199be5d7419b8fafb8ea055be6bb
flat;СМСС;developer;sale;Дзержинский;2;22;;Новосибирск;11398000;Паскаль;2; 5-я Кирпичная Горка;55.6;Березовая Роща;https://novosibirsk.cian.ru/sale/flat/325989161/?mlSearchSessionGuid=5ccd199be5d7419b8fafb8ea055be6bb
flat;Дом Профи;real_estate_agent;sale;Советский;3;5;8;Новосибирск;4290000;;2; Динамовцев;44.9;Студенческая;https://novosibirsk.cian.ru/sale/flat/325928490/?mlSearchSessionGuid=5ccd199be5d7419b8fafb8ea055be6bb
flat;PRO Недвижимость;real_estate_agent;sale;Дзержинский;5;5;41/1;Новосибирск;4000000;;2; Толбухина;43.5;Золотая Нива;https://novosibirsk.cian.ru/sale/flat/320172241/?mlSearchSessionGuid=5ccd199be5d7419b8fafb8ea055be6bb
flat;СМСС;developer;sale;Заельцовский;2;28;107/2;Новосибирск;10881698;Бирюзовая жемчужина-4;2;Сухарная ;61.8;Площадь Гарина-Михайловского;https://novosibirsk.cian.ru/sale/flat/325987534/?mlSearchSessionGuid=5ccd199be5d7419b8fafb8ea055be6bb
flat;Флиппинг со вкусом;real_estate_agent;sale;Ленинский;12;17;3/1;Новосибирск;6500000;;2; Невельского;42.4;Площадь Маркса;https://novosibirsk.cian.ru/sale/flat/324481868/?mlSearchSessionGuid=5ccd199be5d7419b8fafb8ea055be6bb
flat;Города Новосибирск;real_estate_agent;sale;Калининский;5;5;41;Новосибирск;4990000;;2;Танковая ;42.6;Заельцовская;https://novosibirsk.cian.ru/sale/flat/321680952/?mlSearchSessionGuid=5ccd199be5d7419b8fafb8ea055be6bb
flat;Новый Мир;developer;sale;Заельцовский;4;20;;Новосибирск;12100000;Оскар ЖК;2;;54.7;Заельцовская;https://novosibirsk.cian.ru/sale/flat/324818172/?mlSearchSessionGuid=5ccd199be5d7419b8fafb8ea055be6bb
flat;Города Новосибирск;real_estate_agent;sale;Ленинский;23;25;167/3;Новосибирск;9290000;Расцветай на Маркса;2; Немировича-Данченко;40.0;Студенческая;https://novosibirsk.cian.ru/sale/flat/320532337/?mlSearchSessionGuid=5ccd199be5d7419b8fafb8ea055be6bb
flat;Этажи;real_estate_agent;sale;Кировский;1;2;16;Новосибирск;5000000;;2; Урманова;59.7;Студенческая;https://novosibirsk.cian.ru/sale/flat/326181258/?mlSearchSessionGuid=5ccd199be5d7419b8fafb8ea055be6bb
flat;СМСС;developer;sale;Заельцовский;18;28;107/2;Новосибирск;10859027;Бирюзовая жемчужина-4;2;Сухарная ;61.2;Площадь Гарина-Михайловского;https://novosibirsk.cian.ru/sale/flat/325987524/?mlSearchSessionGuid=5ccd199be5d7419b8fafb8ea055be6bb
flat;Этажи;real_estate_agent;sale;Железнодорожный;4;6;6;Новосибирск;5370000;;2;Фабричная ;49.3;Речной вокзал;https://novosibirsk.cian.ru/sale/flat/320447962/?mlSearchSessionGuid=5ccd199be5d7419b8fafb8ea055be6bb
flat;СФЕРА 54;real_estate_agent;sale;Октябрьский;10;10;3;Новосибирск;5500000;;2; В. Высоцкого;52.0;Золотая Нива;https://novosibirsk.cian.ru/sale/flat/323312418/?mlSearchSessionGuid=5ccd199be5d7419b8fafb8ea055be6bb
flat;СМСС;developer;sale;Калининский;7;23;;Новосибирск;7439000;Калининский квартал ЖК;2;;43.0;Маршала Покрышкина;https://novosibirsk.cian.ru/sale/flat/325988438/?mlSearchSessionGuid=5ccd199be5d7419b8fafb8ea055be6bb
flat;Этажи;real_estate_agent;sale;Октябрьский;12;24;32;Новосибирск;15900000;Римский квартал;2; Кирова;60.3;Октябрьская;https://novosibirsk.cian.ru/sale/flat/324989222/?mlSearchSessionGuid=5ccd199be5d7419b8fafb8ea055be6bb
flat;Этажи;real_estate_agent;sale;Калининский;4;4;12;Новосибирск;5590000;;2; Александра Невского;58.4;Заельцовская;https://novosibirsk.cian.ru/sale/flat/321339510/?mlSearchSessionGuid=5ccd199be5d7419b8fafb8ea055be6bb
flat;Брусника;developer;sale;Заельцовский;9;9;90;Новосибирск;9850000;Авиатор;2; Аэропорт;58.36;Заельцовская;https://novosibirsk.cian.ru/sale/flat/325958743/?mlSearchSessionGuid=5ccd199be5d7419b8fafb8ea055be6bb
flat;СМСС;developer;sale;Заельцовский;3;28;107/2;Новосибирск;10658483;Бирюзовая жемчужина-4;2;Сухарная ;59.9;Площадь Гарина-Михайловского;https://novosibirsk.cian.ru/sale/flat/325987575/?mlSearchSessionGuid=5ccd199be5d7419b8fafb8ea055be6bb
flat;ЖИЛФОНД;real_estate_agent;sale;Октябрьский;3;4;319;Новосибирск;3999000;;2; Кирова;63.0;Речной вокзал;https://novosibirsk.cian.ru/sale/flat/324065909/?mlSearchSessionGuid=5ccd199be5d7419b8fafb8ea055be6bb
flat;СМСС;developer;sale;Калининский;4;23;;Новосибирск;10553000;Калининский квартал ЖК;2;;61.0;Маршала Покрышкина;https://novosibirsk.cian.ru/sale/flat/325988847/?mlSearchSessionGuid=5ccd199be5d7419b8fafb8ea055be6bb
flat;Этажи;real_estate_agent;sale;Ленинский;2;5;22;Новосибирск;4290000;;2; 9-й Гвардейской Дивизии;44.0;Площадь Маркса;https://novosibirsk.cian.ru/sale/flat/320045974/?mlSearchSessionGuid=5ccd199be5d7419b8fafb8ea055be6bb
flat;СМСС;developer;sale;Калининский;21;23;;Новосибирск;7845480;Калининский квартал ЖК;2;;45.6;Маршала Покрышкина;https://novosibirsk.cian.ru/sale/flat/325988545/?mlSearchSessionGuid=5ccd199be5d7419b8fafb8ea055be6bb
flat;ID 99066872;homeowner;sale;Октябрьский;6;25;13;Новосибирск;8000000;Закаменский-13;2;Закаменский мкр;48.3;Березовая Роща;https://novosibirsk.cian.ru/sale/flat/326392155/?mlSearchSessionGuid=5ccd199be5d7419b8fafb8ea055be6bb
flat;Страна Девелопмент;developer;sale;Заельцовский;23;29;109/2;Новосибирск;9764706;Страна Береговая;2;Сухарная ;37.68;Площадь Гарина-Михайловского;https://novosibirsk.cian.ru/sale/flat/326663784/?mlSearchSessionGuid=5ccd199be5d7419b8fafb8ea055be6bb
flat;Оксана Головкина;realtor;sale;Калининский;2;2;5;Новосибирск;1500000;;2; Флотская;38.0;;https://novosibirsk.cian.ru/sale/flat/326687004/?mlSearchSessionGuid=5ccd199be5d7419b8fafb8ea055be6bb
flat;Брусника;developer;sale;Октябрьский;2;7;53с;Новосибирск;15750000;На Декабристов;2;Зыряновская ;90.0;Речной вокзал;https://novosibirsk.cian.ru/sale/flat/326560665/?mlSearchSessionGuid=5ccd199be5d7419b8fafb8ea055be6bb
flat;Все Новые Дома;real_estate_agent;sale;Дзержинский;21;25;22;Новосибирск;8999000;;2;Закаменский мкр;40.0;Березовая Роща;https://novosibirsk.cian.ru/sale/flat/323541622/?mlSearchSessionGuid=5ccd199be5d7419b8fafb8ea055be6bb
flat;Брокер Кэпитал;real_estate_agent;sale;Ленинский;1;10;41;Новосибирск;4000000;;2;Троллейная ;32.1;Площадь Маркса;https://novosibirsk.cian.ru/sale/flat/326913845/?mlSearchSessionGuid=5ccd199be5d7419b8fafb8ea055be6bb
flat;Брусника;developer;sale;Заельцовский;4;12;1/4;Новосибирск;9840000;Лебедевский;2;Лебедевский кв-л;82.9;Заельцовская;https://novosibirsk.cian.ru/sale/flat/314017621/?mlSearchSessionGuid=5ccd199be5d7419b8fafb8ea055be6bb
flat;Вся Недвижимость Новосибирска;real_estate_agent;sale;Кировский;8;17;160;Новосибирск;6400000;Тулинка;2; Петухова;52.5;Студенческая;https://novosibirsk.cian.ru/sale/flat/326774934/?mlSearchSessionGuid=5ccd199be5d7419b8fafb8ea055be6bb
flat;ЖИЛФОНД;real_estate_agent;sale;Кировский;2;3;118;Новосибирск;3000000;;2; Немировича-Данченко;40.5;Площадь Маркса;https://novosibirsk.cian.ru/sale/flat/325483492/?mlSearchSessionGuid=5ccd199be5d7419b8fafb8ea055be6bb
flat;Брусника;developer;sale;Дзержинский;6;14;;Новосибирск;12460000;Город-на-озере ЖК;2;;67.47;Березовая Роща;https://novosibirsk.cian.ru/sale/flat/324846299/?mlSearchSessionGuid=5ccd199be5d7419b8fafb8ea055be6bb
flat;Этажи;real_estate_agent;sale;Октябрьский;1;5;3;Новосибирск;5700000;;2; Панфиловцев;61.9;Золотая Нива;https://novosibirsk.cian.ru/sale/flat/319833721/?mlSearchSessionGuid=5ccd199be5d7419b8fafb8ea055be6bb
flat;ЖИЛФОНД;real_estate_agent;sale;Калининский;3;5;20;Новосибирск;2970000;;2; Флотская;46.4;Заельцовская;https://novosibirsk.cian.ru/sale/flat/317282495/?mlSearchSessionGuid=5ccd199be5d7419b8fafb8ea055be6bb
flat;Дом-Строй;developer;sale;Ленинский;10;30;;Новосибирск;10603000;Горская лагуна ЖК;2;;49.79;Студенческая;https://novosibirsk.cian.ru/sale/flat/321861671/?mlSearchSessionGuid=5ccd199be5d7419b8fafb8ea055be6bb
flat;Дом Профи;real_estate_agent;sale;Железнодорожный;3;25;18;Новосибирск;14100000;Прованс;2;Железнодорожная ;48.2;Гагаринская;https://novosibirsk.cian.ru/sale/flat/315688087/?mlSearchSessionGuid=5ccd199be5d7419b8fafb8ea055be6bb
flat;Всем Квартиру;real_estate_agent;sale;Советский;1;2;19;Новосибирск;2999999;;2; Молодости;48.0;Студенческая;https://novosibirsk.cian.ru/sale/flat/305245966/?mlSearchSessionGuid=5ccd199be5d7419b8fafb8ea055be6bb
flat;Брусника;developer;sale;Дзержинский;9;14;;Новосибирск;16590000;Город-на-озере ЖК;2;;74.75;Березовая Роща;https://novosibirsk.cian.ru/sale/flat/324800949/?mlSearchSessionGuid=5ccd199be5d7419b8fafb8ea055be6bb
flat;Этажи;real_estate_agent;sale;Ленинский;17;17;162/3;Новосибирск;5900000;;2; Связистов;53.7;Площадь Маркса;https://novosibirsk.cian.ru/sale/flat/320176600/?mlSearchSessionGuid=5ccd199be5d7419b8fafb8ea055be6bb
flat;Ассоциация застройщиков;real_estate_agent;sale;Октябрьский;3;10;34;Новосибирск;6800000;;2; Шевченко;55.2;Октябрьская;https://novosibirsk.cian.ru/sale/flat/326573180/?mlSearchSessionGuid=5ccd199be5d7419b8fafb8ea055be6bb
flat;СМСС;developer;sale;Калининский;5;23;;Новосибирск;9687830;Калининский квартал ЖК;2;;57.7;Маршала Покрышкина;https://novosibirsk.cian.ru/sale/flat/325988697/?mlSearchSessionGuid=5ccd199be5d7419b8fafb8ea055be6bb
flat;Флиппинг со вкусом;real_estate_agent;sale;Заельцовский;18;25;15;Новосибирск;12400000;на Галущака;2; Галущака;55.0;Гагаринская;https://novosibirsk.cian.ru/sale/flat/326958652/?mlSearchSessionGuid=5ccd199be5d7419b8fafb8ea055be6bb
flat;Калининское;real_estate_agent;sale;Дзержинский;1;5;54;Новосибирск;3700000;;2;Трикотажная ;45.1;Березовая Роща;https://novosibirsk.cian.ru/sale/flat/326637240/?mlSearchSessionGuid=5ccd199be5d7419b8fafb8ea055be6bb
flat;Астон;developer;sale;Кировский;7;26;6;Новосибирск;9530000;Астон. Шесть звёзд;2; Аникина;75.94;Студенческая;https://novosibirsk.cian.ru/sale/flat/326704473/?mlSearchSessionGuid=5ccd199be5d7419b8fafb8ea055be6bb
flat;Этажи;real_estate_agent;sale;Ленинский;9;9;20;Новосибирск;6700000;Дивногорский;2; Романтиков;51.6;Площадь Маркса;https://novosibirsk.cian.ru/sale/flat/319721278/?mlSearchSessionGuid=5ccd199be5d7419b8fafb8ea055be6bb
flat;Владис Центральное;real_estate_agent;sale;Заельцовский;16;25;21/1;Новосибирск;9500000;Эталон;2; Дмитрия Донского;53.9;Заельцовская;https://novosibirsk.cian.ru/sale/flat/326178301/?mlSearchSessionGuid=5ccd199be5d7419b8fafb8ea055be6bb
flat;Дом-Строй;developer;sale;Ленинский;12;14;;Новосибирск;10303000;Горская лагуна ЖК;2;;42.38;Студенческая;https://novosibirsk.cian.ru/sale/flat/321861657/?mlSearchSessionGuid=5ccd199be5d7419b8fafb8ea055be6bb
flat;Забота;real_estate_agent;sale;Дзержинский;8;14;118;Новосибирск;7200000;RedFox;2; Коминтерна;50.0;Золотая Нива;https://novosibirsk.cian.ru/sale/flat/326660708/?mlSearchSessionGuid=5ccd199be5d7419b8fafb8ea055be6bb
flat;Илья Вахрин;realtor;sale;Калининский;1;8;59/1;Новосибирск;7200000;На Народной;2;Народная ;51.9;Заельцовская;https://novosibirsk.cian.ru/sale/flat/326716043/?mlSearchSessionGuid=5ccd199be5d7419b8fafb8ea055be6bb
flat;Страна Девелопмент;developer;sale;Октябрьский;19;30;;Новосибирск;12917647;Страна.Тополёвая;2; Ядринцевский Подъем;62.02;Березовая Роща;https://novosibirsk.cian.ru/sale/flat/325664002/?mlSearchSessionGuid=5ccd199be5d7419b8fafb8ea055be6bb
flat;ID 99066872;homeowner;sale;Октябрьский;14;25;11;Новосибирск;8000000;Закаменский-11;2;Закаменский мкр;50.55;Золотая Нива;https://novosibirsk.cian.ru/sale/flat/326214880/?mlSearchSessionGuid=5ccd199be5d7419b8fafb8ea055be6bb
flat;СМСС;developer;sale;Калининский;2;23;;Новосибирск;10596537;Калининский квартал ЖК;2;;63.9;Маршала Покрышкина;https://novosibirsk.cian.ru/sale/flat/325988868/?mlSearchSessionGuid=5ccd199be5d7419b8fafb8ea055be6bb
flat;Брусника Обмен;real_estate_agent;sale;Ленинский;5;5;28/5;Новосибирск;3300000;;2; Немировича-Данченко;44.2;Площадь Маркса;https://novosibirsk.cian.ru/sale/flat/325806204/?mlSearchSessionGuid=5ccd199be5d7419b8fafb8ea055be6bb
flat;СМСС;developer;sale;Калининский;4;23;;Новосибирск;10231200;Калининский квартал ЖК;2;;58.8;Маршала Покрышкина;https://novosibirsk.cian.ru/sale/flat/325988775/?mlSearchSessionGuid=5ccd199be5d7419b8fafb8ea055be6bb
flat;Брусника Обмен;real_estate_agent;sale;Кировский;16;16;1;Новосибирск;6900000;;2; Сержанта Коротаева;65.0;Площадь Маркса;https://novosibirsk.cian.ru/sale/flat/323484311/?mlSearchSessionGuid=5ccd199be5d7419b8fafb8ea055be6bb
flat;2ПН;real_estate_agent;sale;Октябрьский;10;11;9;Новосибирск;3985000;Плющихинский;2; Плющихинская;58.75;Золотая Нива;https://novosibirsk.cian.ru/sale/flat/320613916/?mlSearchSessionGuid=5ccd199be5d7419b8fafb8ea055be6bb
flat;Страна Девелопмент;developer;sale;Октябрьский;7;9;с23;Новосибирск;13658824;Страна.Тополёвая;2;Тополевая ;62.85;Березовая Роща;https://novosibirsk.cian.ru/sale/flat/325663930/?mlSearchSessionGuid=5ccd199be5d7419b8fafb8ea055be6bb
flat;Брусника Обмен;real_estate_agent;sale;Кировский;15;26;16;Новосибирск;9350000;Астон. Шесть звёзд;2; Аникина;69.3;Студенческая;https://novosibirsk.cian.ru/sale/flat/324456743/?mlSearchSessionGuid=5ccd199be5d7419b8fafb8ea055be6bb
flat;Этажи;real_estate_agent;sale;Заельцовский;5;19;238;Новосибирск;10150000;Ельцовский;2; Дуси Ковальчук;65.0;Гагаринская;https://novosibirsk.cian.ru/sale/flat/323876815/?mlSearchSessionGuid=5ccd199be5d7419b8fafb8ea055be6bb
flat;Дом-Строй;developer;sale;Ленинский;12;14;;Новосибирск;11803000;Горская лагуна ЖК;2;;55.02;Студенческая;https://novosibirsk.cian.ru/sale/flat/321861662/?mlSearchSessionGuid=5ccd199be5d7419b8fafb8ea055be6bb
flat;СЖК;real_estate_agent;sale;Заельцовский;1;6;22;Новосибирск;25000000;Эко-квартал Flora&Fauna;2;Дачное шоссе;76.4;Заельцовская;https://novosibirsk.cian.ru/sale/flat/302763229/?mlSearchSessionGuid=5ccd199be5d7419b8fafb8ea055be6bb
flat;Владис Центральное;real_estate_agent;sale;Калининский;4;5;16;Новосибирск;3000000;;2; Флотская;43.4;Заельцовская;https://novosibirsk.cian.ru/sale/flat/324767361/?mlSearchSessionGuid=5ccd199be5d7419b8fafb8ea055be6bb
flat;СМСС;developer;sale;Калининский;6;23;;Новосибирск;10928197;Калининский квартал ЖК;2;;65.9;Маршала Покрышкина;https://novosibirsk.cian.ru/sale/flat/325989040/?mlSearchSessionGuid=5ccd199be5d7419b8fafb8ea055be6bb
flat;Универсал;real_estate_agent;sale;Калининский;4;5;19;Новосибирск;2860000;;2; Флотская;44.0;Заельцовская;https://novosibirsk.cian.ru/sale/flat/321055018/?mlSearchSessionGuid=5ccd199be5d7419b8fafb8ea055be6bb
flat;Брусника;developer;sale;Октябрьский;2;9;53с;Новосибирск;22820000;На Декабристов;2;Зыряновская ;159.7;Речной вокзал;https://novosibirsk.cian.ru/sale/flat/326560685/?mlSearchSessionGuid=5ccd199be5d7419b8fafb8ea055be6bb
flat;Этажи;real_estate_agent;sale;Кировский;7;18;1/2;Новосибирск;5050000;Прибрежный;2; Герцена;47.0;Студенческая;https://novosibirsk.cian.ru/sale/flat/316866066/?mlSearchSessionGuid=5ccd199be5d7419b8fafb8ea055be6bb
flat;Брусника;developer;sale;Заельцовский;9;9;90;Новосибирск;12650000;Авиатор;2; Аэропорт;63.77;Заельцовская;https://novosibirsk.cian.ru/sale/flat/313627025/?mlSearchSessionGuid=5ccd199be5d7419b8fafb8ea055be6bb
flat;ЖИЛФОНД;real_estate_agent;sale;Кировский;5;9;13;Новосибирск;3700000;;2; Зорге;43.1;Площадь Маркса;https://novosibirsk.cian.ru/sale/flat/326770339/?mlSearchSessionGuid=5ccd199be5d7419b8fafb8ea055be6bb
flat;VIRA;developer;sale;Кировский;7;20;16;Новосибирск;6200000;Сподвижники;2;18-й Бронный переулок;43.2;Студенческая;https://novosibirsk.cian.ru/sale/flat/300550992/?mlSearchSessionGuid=5ccd199be5d7419b8fafb8ea055be6bb
flat;Екатерина Колесникова;realtor;sale;Железнодорожный;1;6;26;Новосибирск;10500000;;2;Коммунистическая ;81.8;Площадь Ленина;https://novosibirsk.cian.ru/sale/flat/326187666/?mlSearchSessionGuid=5ccd199be5d7419b8fafb8ea055be6bb
flat;Сибирь Ипотека;real_estate_agent;sale;Дзержинский;2;10;8/5;Новосибирск;6000000;;2; Есенина;49.9;Золотая Нива;https://novosibirsk.cian.ru/sale/flat/324844143/?mlSearchSessionGuid=5ccd199be5d7419b8fafb8ea055be6bb
flat;Новый Мир;developer;sale;Заельцовский;6;24;;Новосибирск;11300000;Оскар ЖК;2;;56.5;Заельцовская;https://novosibirsk.cian.ru/sale/flat/324818284/?mlSearchSessionGuid=5ccd199be5d7419b8fafb8ea055be6bb
flat;ID 64331368;realtor;sale;Кировский;1;5;16;Новосибирск;3200000;;2; Громова;44.9;Площадь Маркса;https://novosibirsk.cian.ru/sale/flat/326530931/?mlSearchSessionGuid=5ccd199be5d7419b8fafb8ea055be6bb
flat;Астон;developer;sale;Кировский;20;26;6;Новосибирск;6650000;Астон. Шесть звёзд;2; Аникина;46.26;Студенческая;https://novosibirsk.cian.ru/sale/flat/321542353/?mlSearchSessionGuid=5ccd199be5d7419b8fafb8ea055be6bb
flat;ID 96071924;homeowner;sale;Октябрьский;4;28;9;Новосибирск;21000000;Флотилия;2; Сибревкома;85.8;Октябрьская;https://novosibirsk.cian.ru/sale/flat/324785230/?mlSearchSessionGuid=5ccd199be5d7419b8fafb8ea055be6bb
flat;Этажи;real_estate_agent;sale;Ленинский;9;9;11;Новосибирск;5700000;;2; Связистов;43.3;Площадь Маркса;https://novosibirsk.cian.ru/sale/flat/323958005/?mlSearchSessionGuid=5ccd199be5d7419b8fafb8ea055be6bb
flat;Новый Мир;developer;sale;Заельцовский;15;20;;Новосибирск;10400000;Оскар ЖК;2;;46.2;Заельцовская;https://novosibirsk.cian.ru/sale/flat/324818237/?mlSearchSessionGuid=5ccd199be5d7419b8fafb8ea055be6bb
flat;Вся Недвижимость Новосибирска;real_estate_agent;sale;Ленинский;1;3;65/1;Новосибирск;2560000;;2;Амурская ;41.8;Площадь Маркса;https://novosibirsk.cian.ru/sale/flat/325526317/?mlSearchSessionGuid=5ccd199be5d7419b8fafb8ea055be6bb
flat;РайоныКварталы;real_estate_agent;sale;Ленинский;8;12;7;Новосибирск;4500000;;2;Новосибирская ;46.7;Площадь Маркса;https://novosibirsk.cian.ru/sale/flat/326735975/?mlSearchSessionGuid=5ccd199be5d7419b8fafb8ea055be6bb
flat;ГК Союз;developer;sale;Ленинский;17;17;13/1;Новосибирск;6700000;Квартет;2; Связистов;59.0;Площадь Маркса;https://novosibirsk.cian.ru/sale/flat/322875408/?mlSearchSessionGuid=5ccd199be5d7419b8fafb8ea055be6bb
flat;Этажи;real_estate_agent;sale;Октябрьский;14;18;2;Новосибирск;3200000;Плющихинский;2; Плющихинская;39.3;Золотая Нива;https://novosibirsk.cian.ru/sale/flat/324057639/?mlSearchSessionGuid=5ccd199be5d7419b8fafb8ea055be6bb
flat;Агент Pro;real_estate_agent;sale;Кировский;5;5;231;Новосибирск;3900000;;2; Зорге;44.0;Площадь Маркса;https://novosibirsk.cian.ru/sale/flat/325418356/?mlSearchSessionGuid=5ccd199be5d7419b8fafb8ea055be6bb
flat;СМСС;developer;sale;Калининский;15;23;;Новосибирск;8042020;Калининский квартал ЖК;2;;47.6;Маршала Покрышкина;https://novosibirsk.cian.ru/sale/flat/325988570/?mlSearchSessionGuid=5ccd199be5d7419b8fafb8ea055be6bb
flat;Поиск Метров;real_estate_agent;sale;Калининский;4;5;18;Новосибирск;3399900;;2; Флотская;44.2;Заельцовская;https://novosibirsk.cian.ru/sale/flat/324157623/?mlSearchSessionGuid=5ccd199be5d7419b8fafb8ea055be6bb
flat;Владис Центральное;real_estate_agent;sale;Дзержинский;5;5;35;Новосибирск;4450000;;2; Лазарева;45.1;Березовая Роща;https://novosibirsk.cian.ru/sale/flat/321049586/?mlSearchSessionGuid=5ccd199be5d7419b8fafb8ea055be6bb
flat;ГК Союз;developer;sale;Ленинский;17;17;13/1;Новосибирск;6700000;Квартет;2; Связистов;58.0;Площадь Маркса;https://novosibirsk.cian.ru/sale/flat/315032981/?mlSearchSessionGuid=5ccd199be5d7419b8fafb8ea055be6bb
flat;Всем Квартиру;real_estate_agent;sale;Ленинский;1;9;141;Новосибирск;3900000;;2; Связистов;42.9;Площадь Маркса;https://novosibirsk.cian.ru/sale/flat/325246018/?mlSearchSessionGuid=5ccd199be5d7419b8fafb8ea055be6bb
flat;Брусника Обмен;real_estate_agent;sale;Октябрьский;3;10;2/1;Новосибирск;7050000;;2; Никитина;55.1;Речной вокзал;https://novosibirsk.cian.ru/sale/flat/323186886/?mlSearchSessionGuid=5ccd199be5d7419b8fafb8ea055be6bb
flat;Брусника;developer;sale;Октябрьский;2;9;53с;Новосибирск;22990000;На Декабристов;2;Зыряновская ;165.4;Речной вокзал;https://novosibirsk.cian.ru/sale/flat/326560687/?mlSearchSessionGuid=5ccd199be5d7419b8fafb8ea055be6bb
flat;Этажи;real_estate_agent;sale;Ленинский;3;5;7;Новосибирск;4800000;;2;Широкая ;44.0;Площадь Маркса;https://novosibirsk.cian.ru/sale/flat/325016842/?mlSearchSessionGuid=5ccd199be5d7419b8fafb8ea055be6bb
flat;Этажи;real_estate_agent;sale;Октябрьский;2;2;123;Новосибирск;4250000;;2; Грибоедова;43.0;Золотая Нива;https://novosibirsk.cian.ru/sale/flat/323002484/?mlSearchSessionGuid=5ccd199be5d7419b8fafb8ea055be6bb
flat;Новый Мир;developer;sale;Железнодорожный;8;16;;Новосибирск;10300000;Беринг;2;Беринг жилой квартал;57.43;Площадь Гарина-Михайловского;https://novosibirsk.cian.ru/sale/flat/325640864/?mlSearchSessionGuid=5ccd199be5d7419b8fafb8ea055be6bb
flat;Центр Недвижимости;real_estate_agent;sale;Советский;2;5;41;Новосибирск;5700000;;2; Иванова;42.4;;https://novosibirsk.cian.ru/sale/flat/225523756/?mlSearchSessionGuid=5ccd199be5d7419b8fafb8ea055be6bb
flat;Владис Центральное;real_estate_agent;sale;Октябрьский;1;5;147;Новосибирск;4250000;;2;Ленинградская ;44.0;Речной вокзал;https://novosibirsk.cian.ru/sale/flat/326692743/?mlSearchSessionGuid=5ccd199be5d7419b8fafb8ea055be6bb
flat;СМСС;developer;sale;Калининский;16;23;;Новосибирск;8312340;Калининский квартал ЖК;2;;49.2;Маршала Покрышкина;https://novosibirsk.cian.ru/sale/flat/325988641/?mlSearchSessionGuid=5ccd199be5d7419b8fafb8ea055be6bb
flat;METRAGE;real_estate_agent;sale;Октябрьский;9;12;149;Новосибирск;10500000;;2; Толстого;67.6;Октябрьская;https://novosibirsk.cian.ru/sale/flat/323538124/?mlSearchSessionGuid=5ccd199be5d7419b8fafb8ea055be6bb
flat;Концерн Сибирь;real_estate_agent;sale;Ленинский;4;17;с11;Новосибирск;4250000;Радуга Сибири;2; Забалуева;44.7;Площадь Маркса;https://novosibirsk.cian.ru/sale/flat/310873182/?mlSearchSessionGuid=5ccd199be5d7419b8fafb8ea055be6bb
flat;Новый Мир;developer;sale;Заельцовский;16;20;;Новосибирск;11400000;Оскар ЖК;2;;48.0;Заельцовская;https://novosibirsk.cian.ru/sale/flat/324818238/?mlSearchSessionGuid=5ccd199be5d7419b8fafb8ea055be6bb
flat;МакроМир;real_estate_agent;sale;Заельцовский;10;10;39;Новосибирск;9450000;;2;Ельцовская ;56.5;Гагаринская;https://novosibirsk.cian.ru/sale/flat/327060610/?mlSearchSessionGuid=5ccd199be5d7419b8fafb8ea055be6bb
flat;Астон;developer;sale;Кировский;2;26;6;Новосибирск;7060000;Астон. Шесть звёзд;2; Аникина;46.57;Студенческая;https://novosibirsk.cian.ru/sale/flat/321542417/?mlSearchSessionGuid=5ccd199be5d7419b8fafb8ea055be6bb
flat;Этажи;real_estate_agent;sale;Заельцовский;17;23;1;Новосибирск;7000000;;2; Ляпидевского;51.5;Заельцовская;https://novosibirsk.cian.ru/sale/flat/324886143/?mlSearchSessionGuid=5ccd199be5d7419b8fafb8ea055be6bb
flat;Домофонд;real_estate_agent;sale;Железнодорожный;5;5;2;Новосибирск;4300000;;2;Фабричная ;42.7;Речной вокзал;https://novosibirsk.cian.ru/sale/flat/323028986/?mlSearchSessionGuid=5ccd199be5d7419b8fafb8ea055be6bb
flat;Страна Девелопмент;developer;sale;Октябрьский;26;30;;Новосибирск;13588235;Страна.Тополёвая;2; Ядринцевский Подъем;68.71;Березовая Роща;https://novosibirsk.cian.ru/sale/flat/325664031/?mlSearchSessionGuid=5ccd199be5d7419b8fafb8ea055be6bb
flat;Центр Недвижимости;real_estate_agent;sale;Советский;1;5;30;Новосибирск;5300000;;2;бульвар Молодежи;43.0;;https://novosibirsk.cian.ru/sale/flat/304850275/?mlSearchSessionGuid=5ccd199be5d7419b8fafb8ea055be6bb
flat;Всем Квартиру;real_estate_agent;sale;Ленинский;4;5;35;Новосибирск;4300000;;2;Степная ;45.0;Площадь Маркса;https://novosibirsk.cian.ru/sale/flat/307848439/?mlSearchSessionGuid=5ccd199be5d7419b8fafb8ea055be6bb
flat;Брусника;developer;sale;Центральный;3;30;;Новосибирск;18290000;Мылзавод ЖК;2;;108.63;Сибирская;https://novosibirsk.cian.ru/sale/flat/312547135/?mlSearchSessionGuid=5ccd199be5d7419b8fafb8ea055be6bb
flat;Этажи;real_estate_agent;sale;Ленинский;1;6;150/5;Новосибирск;5700000;Дивногорский;2;Дивногорская ;51.5;Студенческая;https://novosibirsk.cian.ru/sale/flat/322456157/?mlSearchSessionGuid=5ccd199be5d7419b8fafb8ea055be6bb
flat;Этажи;real_estate_agent;sale;Ленинский;1;5;15;Новосибирск;4300000;;2;Ударная ;44.6;Площадь Маркса;https://novosibirsk.cian.ru/sale/flat/326719215/?mlSearchSessionGuid=5ccd199be5d7419b8fafb8ea055be6bb
flat;СМСС;developer;sale;Калининский;15;23;;Новосибирск;10414600;Калининский квартал ЖК;2;;60.2;Маршала Покрышкина;https://novosibirsk.cian.ru/sale/flat/325988808/?mlSearchSessionGuid=5ccd199be5d7419b8fafb8ea055be6bb
flat;Этажи;real_estate_agent;sale;Октябрьский;8;10;4;Новосибирск;5390000;;2;Лазурная ;50.8;Золотая Нива;https://novosibirsk.cian.ru/sale/flat/324510323/?mlSearchSessionGuid=5ccd199be5d7419b8fafb8ea055be6bb
flat;ID 138956185;homeowner;sale;Первомайский;6;9;30/1;Новосибирск;4300000;;2; Героев Революции;43.1;Спортивная;https://novosibirsk.cian.ru/sale/flat/326441864/?mlSearchSessionGuid=5ccd199be5d7419b8fafb8ea055be6bb
flat;Талан;developer;sale;Калининский;2;11;148;Новосибирск;5212092;Природные кварталы Сибирия;2; Богдана Хмельницкого;40.7;Заельцовская;https://novosibirsk.cian.ru/sale/flat/325356906/?mlSearchSessionGuid=5ccd199be5d7419b8fafb8ea055be6bb
flat;Этажи;real_estate_agent;sale;Калининский;9;10;132;Новосибирск;6770000;;2; Кропоткина;45.0;Маршала Покрышкина;https://novosibirsk.cian.ru/sale/flat/317179496/?mlSearchSessionGuid=5ccd199be5d7419b8fafb8ea055be6bb
flat;Этажи;real_estate_agent;sale;Октябрьский;3;4;60;Новосибирск;4350000;;2;1-я Родниковая ;38.0;Речной вокзал;https://novosibirsk.cian.ru/sale/flat/326719231/?mlSearchSessionGuid=5ccd199be5d7419b8fafb8ea055be6bb
flat;Брусника;developer;sale;Дзержинский;9;9;;Новосибирск;23550000;Город-на-озере ЖК;2;;118.46;Березовая Роща;https://novosibirsk.cian.ru/sale/flat/324996358/?mlSearchSessionGuid=5ccd199be5d7419b8fafb8ea055be6bb
flat;Этажи;real_estate_agent;sale;Октябрьский;4;4;186;Новосибирск;4550000;;2; Бориса Богаткова;45.0;Золотая Нива;https://novosibirsk.cian.ru/sale/flat/324541941/?mlSearchSessionGuid=5ccd199be5d7419b8fafb8ea055be6bb
flat;НОВОСИБИРСКИЙ ПРОСПЕКТ;real_estate_agent;sale;Ленинский;2;5;62;Новосибирск;3980000;;2;Степная ;44.2;Площадь Маркса;https://novosibirsk.cian.ru/sale/flat/324267340/?mlSearchSessionGuid=5ccd199be5d7419b8fafb8ea055be6bb
flat;Первый Строительный;developer;sale;Ленинский;16;18;253/9;Новосибирск;5978800;Первый на Титова;2; Титова;43.86;Площадь Маркса;https://novosibirsk.cian.ru/sale/flat/321259182/?mlSearchSessionGuid=5ccd199be5d7419b8fafb8ea055be6bb
flat;Ассоциация застройщиков;real_estate_agent;sale;Заельцовский;6;10;18/3;Новосибирск;9990000;;2;Холодильная ;54.1;Заельцовская;https://novosibirsk.cian.ru/sale/flat/305814872/?mlSearchSessionGuid=5ccd199be5d7419b8fafb8ea055be6bb
flat;Этажи;real_estate_agent;sale;Заельцовский;5;7;73;Новосибирск;8000000;Премиум-квартал Новый Кедровый;2;Кедровая ;51.5;Заельцовская;https://novosibirsk.cian.ru/sale/flat/321119613/?mlSearchSessionGuid=5ccd199be5d7419b8fafb8ea055be6bb
flat;ГК Союз;developer;sale;Ленинский;3;17;3/1;Новосибирск;6240000;На Невельского;2; Невельского;58.2;Площадь Маркса;https://novosibirsk.cian.ru/sale/flat/315127870/?mlSearchSessionGuid=5ccd199be5d7419b8fafb8ea055be6bb
flat;Этажи;real_estate_agent;sale;Калининский;9;9;3;Новосибирск;7500000;;2; Василия Клевцова;53.0;Заельцовская;https://novosibirsk.cian.ru/sale/flat/317994839/?mlSearchSessionGuid=5ccd199be5d7419b8fafb8ea055be6bb
flat;Вертикаль;real_estate_agent;sale;Дзержинский;5;5;39;Новосибирск;5200000;;2; Есенина;42.3;Золотая Нива;https://novosibirsk.cian.ru/sale/flat/326021950/?mlSearchSessionGuid=5ccd199be5d7419b8fafb8ea055be6bb
flat;Страна Девелопмент;developer;sale;Заельцовский;23;29;109/2;Новосибирск;11517647;Страна Береговая;2;Сухарная ;47.73;Площадь Гарина-Михайловского;https://novosibirsk.cian.ru/sale/flat/325663797/?mlSearchSessionGuid=5ccd199be5d7419b8fafb8ea055be6bb
flat;Этажи;real_estate_agent;sale;Кировский;3;5;8;Новосибирск;4100000;;2;1-й Чукотский переулок;45.4;Площадь Маркса;https://novosibirsk.cian.ru/sale/flat/325357919/?mlSearchSessionGuid=5ccd199be5d7419b8fafb8ea055be6bb
flat;Вместе;real_estate_agent;sale;Кировский;1;5;127;Новосибирск;3690000;;2; Немировича-Данченко;44.0;Площадь Маркса;https://novosibirsk.cian.ru/sale/flat/309793506/?mlSearchSessionGuid=5ccd199be5d7419b8fafb8ea055be6bb
flat;ГК Нарратив;developer;sale;Ленинский;4;18;12с;Новосибирск;8807150;Тетрис;2; Серафимовича;51.7;Площадь Маркса;https://novosibirsk.cian.ru/sale/flat/304290919/?mlSearchSessionGuid=5ccd199be5d7419b8fafb8ea055be6bb
flat;Центр Недвижимости;real_estate_agent;sale;Советский;3;5;15;Новосибирск;5250000;;2; Иванова;43.6;;https://novosibirsk.cian.ru/sale/flat/325856836/?mlSearchSessionGuid=5ccd199be5d7419b8fafb8ea055be6bb
flat;РайоныКварталы;real_estate_agent;sale;Заельцовский;10;23;15;Новосибирск;7200000;на Галущака;2; Галущака;54.4;Гагаринская;https://novosibirsk.cian.ru/sale/flat/320548090/?mlSearchSessionGuid=5ccd199be5d7419b8fafb8ea055be6bb
flat;Страна Девелопмент;developer;sale;Заельцовский;25;29;109/2;Новосибирск;9717647;Страна Береговая;2;Сухарная ;35.7;Площадь Гарина-Михайловского;https://novosibirsk.cian.ru/sale/flat/326173581/?mlSearchSessionGuid=5ccd199be5d7419b8fafb8ea055be6bb
flat;Этажи;real_estate_agent;sale;Ленинский;1;10;72;Новосибирск;5350000;;2; Плахотного;50.3;Площадь Маркса;https://novosibirsk.cian.ru/sale/flat/321026597/?mlSearchSessionGuid=5ccd199be5d7419b8fafb8ea055be6bb
flat;Хорошие люди;real_estate_agent;sale;Ленинский;2;9;141;Новосибирск;4000000;;2; Связистов;41.6;Площадь Маркса;https://novosibirsk.cian.ru/sale/flat/324579021/?mlSearchSessionGuid=5ccd199be5d7419b8fafb8ea055be6bb
flat;Телецентр 19|56;real_estate_agent;sale;Ленинский;7;15;19/1;Новосибирск;10090000;1956. Кварталы Телецентра;2; Костычева;60.3;Площадь Маркса;https://novosibirsk.cian.ru/sale/flat/324638000/?mlSearchSessionGuid=5ccd199be5d7419b8fafb8ea055be6bb
flat;Владис Центральное;real_estate_agent;sale;Кировский;1;5;9;Новосибирск;3890000;;2; Зорге;42.8;Площадь Маркса;https://novosibirsk.cian.ru/sale/flat/326502864/?mlSearchSessionGuid=5ccd199be5d7419b8fafb8ea055be6bb
flat;Novostroy-expert;real_estate_agent;sale;Октябрьский;12;19;6/1;Новосибирск;12821030;Марсель 2;2; Владимира Заровного;73.47;Октябрьская;https://novosibirsk.cian.ru/sale/flat/326062120/?mlSearchSessionGuid=5ccd199be5d7419b8fafb8ea055be6bb
flat;Камея;developer;sale;Ленинский;2;25;17;Новосибирск;6990000;Счастливый квартал;2; Костычева;40.8;Площадь Маркса;https://novosibirsk.cian.ru/sale/flat/319735094/?mlSearchSessionGuid=5ccd199be5d7419b8fafb8ea055be6bb
flat;Новый Мир;developer;sale;Заельцовский;13;23;220;Новосибирск;11900000;Нобель;2;Красный проспект;42.2;Заельцовская;https://novosibirsk.cian.ru/sale/flat/324818087/?mlSearchSessionGuid=5ccd199be5d7419b8fafb8ea055be6bb
flat;METRAGE;real_estate_agent;sale;Заельцовский;10;24;15;Новосибирск;9300000;на Галущака;2; Галущака;64.5;Гагаринская;https://novosibirsk.cian.ru/sale/flat/323589948/?mlSearchSessionGuid=5ccd199be5d7419b8fafb8ea055be6bb
flat;Брусника;developer;sale;Заельцовский;8;9;90;Новосибирск;14210000;Авиатор;2; Аэропорт;77.26;Заельцовская;https://novosibirsk.cian.ru/sale/flat/312156074/?mlSearchSessionGuid=5ccd199be5d7419b8fafb8ea055be6bb
flat;Этажи;real_estate_agent;sale;Октябрьский;4;9;95;Новосибирск;5990000;;2; 9 Ноября;50.0;Речной вокзал;https://novosibirsk.cian.ru/sale/flat/324510960/?mlSearchSessionGuid=5ccd199be5d7419b8fafb8ea055be6bb
flat;Страна Девелопмент;developer;sale;Заельцовский;14;29;109/2;Новосибирск;11847059;Страна Береговая;2;Сухарная ;53.87;Площадь Гарина-Михайловского;https://novosibirsk.cian.ru/sale/flat/325663749/?mlSearchSessionGuid=5ccd199be5d7419b8fafb8ea055be6bb
flat;Владис Центральное;real_estate_agent;sale;Кировский;3;5;73;Новосибирск;3350000;;2; Зорге;44.0;Площадь Маркса;https://novosibirsk.cian.ru/sale/flat/325395155/?mlSearchSessionGuid=5ccd199be5d7419b8fafb8ea055be6bb
flat;Брусника;developer;sale;Центральный;29;30;;Новосибирск;20960000;Мылзавод ЖК;2;;132.35;Гагаринская;https://novosibirsk.cian.ru/sale/flat/310780985/?mlSearchSessionGuid=5ccd199be5d7419b8fafb8ea055be6bb
flat;МакроМир;real_estate_agent;sale;Ленинский;5;5;24;Новосибирск;3850000;;2; Немировича-Данченко;44.7;Площадь Маркса;https://novosibirsk.cian.ru/sale/flat/323828854/?mlSearchSessionGuid=5ccd199be5d7419b8fafb8ea055be6bb
flat;Талан;developer;sale;Калининский;9;14;148;Новосибирск;7849851;Природные кварталы Сибирия;2; Богдана Хмельницкого;61.6;Заельцовская;https://novosibirsk.cian.ru/sale/flat/326448450/?mlSearchSessionGuid=5ccd199be5d7419b8fafb8ea055be6bb
flat;Сергей  Николаев;realtor;sale;Заельцовский;2;2;42;Новосибирск;3950000;;2; Гастелло;61.7;Заельцовская;https://novosibirsk.cian.ru/sale/flat/326019217/?mlSearchSessionGuid=5ccd199be5d7419b8fafb8ea055be6bb
flat;ГК Союз;developer;sale;Калининский;3;15;;Новосибирск;6950000;Гренландия ЖК;2;;58.8;Заельцовская;https://novosibirsk.cian.ru/sale/flat/323781928/?mlSearchSessionGuid=5ccd199be5d7419b8fafb8ea055be6bb
flat;ЖИЛФОНД;real_estate_agent;sale;Ленинский;2;5;30;Новосибирск;3770000;;2;Курганская ;44.4;Площадь Маркса;https://novosibirsk.cian.ru/sale/flat/326657445/?mlSearchSessionGuid=5ccd199be5d7419b8fafb8ea055be6bb
flat;СМСС;developer;sale;Дзержинский;11;25;19;Новосибирск;7904000;Звезда;2; Королева;39.52;Березовая Роща;https://novosibirsk.cian.ru/sale/flat/325987239/?mlSearchSessionGuid=5ccd199be5d7419b8fafb8ea055be6bb
flat;Ксения Голосуцкая;realtor;sale;Ленинский;2;9;11/1;Новосибирск;8700000;;2; Титова;53.9;Площадь Маркса;https://novosibirsk.cian.ru/sale/flat/325947042/?mlSearchSessionGuid=5ccd199be5d7419b8fafb8ea055be6bb
flat;Астон;developer;sale;Кировский;5;26;6;Новосибирск;9430000;Астон. Шесть звёзд;2; Аникина;69.56;Студенческая;https://novosibirsk.cian.ru/sale/flat/321542297/?mlSearchSessionGuid=5ccd199be5d7419b8fafb8ea055be6bb
flat;ЖИЛФОНД;real_estate_agent;sale;Ленинский;3;4;20;Новосибирск;3400000;;2;Фасадная ;44.8;Площадь Маркса;https://novosibirsk.cian.ru/sale/flat/326185262/?mlSearchSessionGuid=5ccd199be5d7419b8fafb8ea055be6bb
flat;Новый Мир;developer;sale;Заельцовский;21;23;220;Новосибирск;16650000;Нобель;2;Красный проспект;61.1;Заельцовская;https://novosibirsk.cian.ru/sale/flat/324818104/?mlSearchSessionGuid=5ccd199be5d7419b8fafb8ea055be6bb
flat;МакроМир;real_estate_agent;sale;Ленинский;5;5;1;Новосибирск;3250000;;2; Невельского;44.0;Студенческая;https://novosibirsk.cian.ru/sale/flat/325393558/?mlSearchSessionGuid=5ccd199be5d7419b8fafb8ea055be6bb
flat;ГК Союз;developer;sale;Ленинский;1;17;;Новосибирск;6150000;Самоцветы ЖК;2;;63.7;Площадь Маркса;https://novosibirsk.cian.ru/sale/flat/325999067/?mlSearchSessionGuid=5ccd199be5d7419b8fafb8ea055be6bb
flat;Этажи;real_estate_agent;sale;Дзержинский;6;11;13;Новосибирск;5100000;;2; Дениса Давыдова;46.1;Березовая Роща;https://novosibirsk.cian.ru/sale/flat/320681844/?mlSearchSessionGuid=5ccd199be5d7419b8fafb8ea055be6bb
flat;ЖИЛФОНД;real_estate_agent;sale;Кировский;1;4;4/1;Новосибирск;2880000;;2;Рубежная ;43.4;Студенческая;https://novosibirsk.cian.ru/sale/flat/326068959/?mlSearchSessionGuid=5ccd199be5d7419b8fafb8ea055be6bb
flat;Новый Мир;developer;sale;Заельцовский;20;23;220;Новосибирск;14850000;Нобель;2;Красный проспект;54.4;Заельцовская;https://novosibirsk.cian.ru/sale/flat/324818100/?mlSearchSessionGuid=5ccd199be5d7419b8fafb8ea055be6bb
flat;Этажи;real_estate_agent;sale;Заельцовский;1;9;66;Новосибирск;6750000;;2;Переездная ;52.6;Гагаринская;https://novosibirsk.cian.ru/sale/flat/322284921/?mlSearchSessionGuid=5ccd199be5d7419b8fafb8ea055be6bb
flat;РайоныКварталы;real_estate_agent;sale;Ленинский;1;5;79;Новосибирск;3980000;;2; Невельского;43.0;Площадь Маркса;https://novosibirsk.cian.ru/sale/flat/324310249/?mlSearchSessionGuid=5ccd199be5d7419b8fafb8ea055be6bb
flat;ГК Союз;developer;sale;Дзержинский;1;25;195/6;Новосибирск;9350000;Галактика;2; Николая Островского;64.5;Березовая Роща;https://novosibirsk.cian.ru/sale/flat/324706164/?mlSearchSessionGuid=5ccd199be5d7419b8fafb8ea055be6bb
flat;MetroPolis;real_estate_agent;sale;Заельцовский;5;5;167/3;Новосибирск;9850000;Расцветай на Красном;2;Красный проспект;43.3;Заельцовская;https://novosibirsk.cian.ru/sale/flat/324483190/?mlSearchSessionGuid=5ccd199be5d7419b8fafb8ea055be6bb
flat;РайоныКварталы;real_estate_agent;sale;Калининский;3;5;30;Новосибирск;4999999;;2;Народная ;41.2;Заельцовская;https://novosibirsk.cian.ru/sale/flat/320727827/?mlSearchSessionGuid=5ccd199be5d7419b8fafb8ea055be6bb
flat;ГК Союз;developer;sale;Ленинский;5;14;;Новосибирск;6500000;Самоцветы ЖК;2;;70.2;Площадь Маркса;https://novosibirsk.cian.ru/sale/flat/325218185/?mlSearchSessionGuid=5ccd199be5d7419b8fafb8ea055be6bb
flat;МАРКОВЪ ДОМЪ;real_estate_agent;sale;Советский;1;3;48/1;Новосибирск;7600000;Благовещенка;2;Благовещенская ;56.0;;https://novosibirsk.cian.ru/sale/flat/326176919/?mlSearchSessionGuid=5ccd199be5d7419b8fafb8ea055be6bb
flat;Брусника Обмен;real_estate_agent;sale;Центральный;7;12;51;Новосибирск;8600000;;2; Фрунзе;53.9;Маршала Покрышкина;https://novosibirsk.cian.ru/sale/flat/325293799/?mlSearchSessionGuid=5ccd199be5d7419b8fafb8ea055be6bb
flat;ГК Союз;developer;sale;Дзержинский;13;25;195/6;Новосибирск;8900000;Галактика;2; Николая Островского;63.2;Березовая Роща;https://novosibirsk.cian.ru/sale/flat/326609782/?mlSearchSessionGuid=5ccd199be5d7419b8fafb8ea055be6bb
flat;Всем Квартиру;real_estate_agent;sale;Кировский;10;17;16/3;Новосибирск;4150000;Основа;2; Петухова;37.3;Площадь Маркса;https://novosibirsk.cian.ru/sale/flat/321080070/?mlSearchSessionGuid=5ccd199be5d7419b8fafb8ea055be6bb
flat;РайоныКварталы;real_estate_agent;sale;Ленинский;10;18;255/2;Новосибирск;5380000;Чистая слобода;2; Титова;50.3;Площадь Маркса;https://novosibirsk.cian.ru/sale/flat/323125275/?mlSearchSessionGuid=5ccd199be5d7419b8fafb8ea055be6bb
flat;Первый Строительный;developer;sale;Дзержинский;7;25;;Новосибирск;7035600;Первый на Есенина ЖК;2;;42.8;Золотая Нива;https://novosibirsk.cian.ru/sale/flat/326691417/?mlSearchSessionGuid=5ccd199be5d7419b8fafb8ea055be6bb
flat;Этажи;real_estate_agent;sale;Октябрьский;1;4;336;Новосибирск;5680000;Ключевой;2; Кирова;43.8;Октябрьская;https://novosibirsk.cian.ru/sale/flat/326717586/?mlSearchSessionGuid=5ccd199be5d7419b8fafb8ea055be6bb
flat;ID 139205923;homeowner;sale;Ленинский;8;10;4;Новосибирск;6200000;Чистая слобода;2;Спортивная ;58.0;Площадь Маркса;https://novosibirsk.cian.ru/sale/flat/326783126/?mlSearchSessionGuid=5ccd199be5d7419b8fafb8ea055be6bb
flat;Новый Мир;developer;sale;Заельцовский;16;21;220;Новосибирск;13250000;Нобель;2;Красный проспект;48.7;Заельцовская;https://novosibirsk.cian.ru/sale/flat/324818129/?mlSearchSessionGuid=5ccd199be5d7419b8fafb8ea055be6bb
flat;Всем Квартиру;real_estate_agent;sale;Первомайский;6;16;49;Новосибирск;5148000;Весенний;2; Заречная;37.0;Спортивная;https://novosibirsk.cian.ru/sale/flat/310721005/?mlSearchSessionGuid=5ccd199be5d7419b8fafb8ea055be6bb
flat;Инна Владимировна;realtor;sale;Кировский;1;3;3/1;Новосибирск;2500000;;2;Воскресная ;31.0;Площадь Маркса;https://novosibirsk.cian.ru/sale/flat/326370332/?mlSearchSessionGuid=5ccd199be5d7419b8fafb8ea055be6bb
flat;Новый Мир;developer;sale;Заельцовский;8;19;220;Новосибирск;14850000;Нобель;2;Красный проспект;62.2;Заельцовская;https://novosibirsk.cian.ru/sale/flat/324818050/?mlSearchSessionGuid=5ccd199be5d7419b8fafb8ea055be6bb
flat;Ассоциация застройщиков;real_estate_agent;sale;Октябрьский;12;25;133/1;Новосибирск;6250000;Астон.Геометрия;2;Выборная ;45.0;Речной вокзал;https://novosibirsk.cian.ru/sale/flat/326572299/?mlSearchSessionGuid=5ccd199be5d7419b8fafb8ea055be6bb
flat;ЖИЛФОНД;real_estate_agent;sale;Ленинский;3;9;141;Новосибирск;3960000;;2; Связистов;42.8;Площадь Маркса;https://novosibirsk.cian.ru/sale/flat/315739686/?mlSearchSessionGuid=5ccd199be5d7419b8fafb8ea055be6bb
flat;ВОЛНА development;developer;sale;Заельцовский;9;30;101/1;Новосибирск;17000000;Апарт-отель GAGARIN CITY;2;Красный проспект;56.6;Заельцовская;https://novosibirsk.cian.ru/sale/flat/322361898/?mlSearchSessionGuid=5ccd199be5d7419b8fafb8ea055be6bb
flat;METRAGE;real_estate_agent;sale;Ленинский;5;5;12;Новосибирск;5300000;;2; Станиславского;52.3;Площадь Маркса;https://novosibirsk.cian.ru/sale/flat/322520577/?mlSearchSessionGuid=5ccd199be5d7419b8fafb8ea055be6bb
flat;Галактика;real_estate_agent;sale;Калининский;12;16;;Новосибирск;6648000;Столетоff;2;;55.4;Заельцовская;https://novosibirsk.cian.ru/sale/flat/323497233/?mlSearchSessionGuid=5ccd199be5d7419b8fafb8ea055be6bb
flat;Новый Мир;developer;sale;Железнодорожный;16;16;6/1;Новосибирск;11450000;Беринг;2; Прибрежная;48.4;Площадь Гарина-Михайловского;https://novosibirsk.cian.ru/sale/flat/324817867/?mlSearchSessionGuid=5ccd199be5d7419b8fafb8ea055be6bb
flat;Всем Квартиру;real_estate_agent;sale;Заельцовский;1;17;11;Новосибирск;10000000;;2;Овражная ;70.5;Заельцовская;https://novosibirsk.cian.ru/sale/flat/326544294/?mlSearchSessionGuid=5ccd199be5d7419b8fafb8ea055be6bb
flat;Концерн Сибирь;developer;sale;Ленинский;1;17;69/1;Новосибирск;4233620;Радуга Сибири;2; Забалуева;42.69;Площадь Маркса;https://novosibirsk.cian.ru/sale/flat/323828386/?mlSearchSessionGuid=5ccd199be5d7419b8fafb8ea055be6bb
flat;Новый Мир;developer;sale;Заельцовский;14;15;220;Новосибирск;17200000;Нобель;2;Красный проспект;67.0;Заельцовская;https://novosibirsk.cian.ru/sale/flat/324818158/?mlSearchSessionGuid=5ccd199be5d7419b8fafb8ea055be6bb
flat;Этажи;real_estate_agent;sale;Заельцовский;2;5;113/3;Новосибирск;6500000;;2; Жуковского;45.4;Заельцовская;https://novosibirsk.cian.ru/sale/flat/321117078/?mlSearchSessionGuid=5ccd199be5d7419b8fafb8ea055be6bb
flat;Этажи;real_estate_agent;sale;Первомайский;4;5;110;Новосибирск;4150000;;2;Первомайская ;42.0;Речной вокзал;https://novosibirsk.cian.ru/sale/flat/324801337/?mlSearchSessionGuid=5ccd199be5d7419b8fafb8ea055be6bb
flat;Астон;developer;sale;Кировский;22;26;6к11;Новосибирск;7420000;Астон. Шесть звёзд;2; Аникина;46.41;Студенческая;https://novosibirsk.cian.ru/sale/flat/325413253/?mlSearchSessionGuid=5ccd199be5d7419b8fafb8ea055be6bb
flat;Этажи;real_estate_agent;sale;Калининский;17;17;18;Новосибирск;7000000;Новые Снегири;2; Курчатова;43.0;Заельцовская;https://novosibirsk.cian.ru/sale/flat/320942935/?mlSearchSessionGuid=5ccd199be5d7419b8fafb8ea055be6bb
flat;Novostroy-expert;real_estate_agent;sale;Октябрьский;9;25;155;Новосибирск;9114980;Пролетарский;2;Пролетарская ;64.19;Золотая Нива;https://novosibirsk.cian.ru/sale/flat/324415595/?mlSearchSessionGuid=5ccd199be5d7419b8fafb8ea055be6bb
flat;Этажи;real_estate_agent;sale;Железнодорожный;5;5;9;Новосибирск;5850000;;2;проспект Димитрова;45.0;Площадь Гарина-Михайловского;https://novosibirsk.cian.ru/sale/flat/323215772/?mlSearchSessionGuid=5ccd199be5d7419b8fafb8ea055be6bb
flat;ЖИЛФОНД;real_estate_agent;sale;Дзержинский;3;5;56/1;Новосибирск;4000000;;2;Трикотажная ;45.1;Березовая Роща;https://novosibirsk.cian.ru/sale/flat/326059031/?mlSearchSessionGuid=5ccd199be5d7419b8fafb8ea055be6bb
flat;Этажи;real_estate_agent;sale;Ленинский;12;17;7/1;Новосибирск;5900000;;2;Междуреченская ;58.3;Площадь Маркса;https://novosibirsk.cian.ru/sale/flat/325703280/?mlSearchSessionGuid=5ccd199be5d7419b8fafb8ea055be6bb
flat;Концерн Сибирь;real_estate_agent;sale;Октябрьский;3;5;33;Новосибирск;4800000;;2;Гурьевская ;43.0;Речной вокзал;https://novosibirsk.cian.ru/sale/flat/319052591/?mlSearchSessionGuid=5ccd199be5d7419b8fafb8ea055be6bb
flat;Дом-Строй;developer;sale;Железнодорожный;14;25;18;Новосибирск;14100000;Прованс;2;Железнодорожная ;56.7;Гагаринская;https://novosibirsk.cian.ru/sale/flat/300612376/?mlSearchSessionGuid=5ccd199be5d7419b8fafb8ea055be6bb
flat;ЖИЛФОНД;real_estate_agent;sale;Ленинский;5;5;4;Новосибирск;3750000;;2;Тихвинская ;44.4;Площадь Маркса;https://novosibirsk.cian.ru/sale/flat/322643941/?mlSearchSessionGuid=5ccd199be5d7419b8fafb8ea055be6bb
flat;СМСС;developer;sale;Дзержинский;2;25;;Новосибирск;11652013;Звезда ЖК;2;;70.6;Березовая Роща;https://novosibirsk.cian.ru/sale/flat/325986989/?mlSearchSessionGuid=5ccd199be5d7419b8fafb8ea055be6bb
flat;METRAGE;real_estate_agent;sale;Ленинский;2;5;13;Новосибирск;6200000;;2; Ватутина;45.1;Площадь Маркса;https://novosibirsk.cian.ru/sale/flat/325945875/?mlSearchSessionGuid=5ccd199be5d7419b8fafb8ea055be6bb
flat;Сибирь Девелопмент;developer;sale;Заельцовский;19;25;2;Новосибирск;14050000;Тайм Сквер;2;Дачная ;67.3;Заельцовская;https://novosibirsk.cian.ru/sale/flat/323226365/?mlSearchSessionGuid=5ccd199be5d7419b8fafb8ea055be6bb
flat;ЖИЛФОНД;real_estate_agent;sale;Калининский;5;5;31/1;Новосибирск;3890000;;2; Объединения;43.7;Заельцовская;https://novosibirsk.cian.ru/sale/flat/318043171/?mlSearchSessionGuid=5ccd199be5d7419b8fafb8ea055be6bb
flat;VIRA;developer;sale;Кировский;17;20;16;Новосибирск;7500000;Сподвижники;2;18-й Бронный переулок;56.0;Студенческая;https://novosibirsk.cian.ru/sale/flat/303847701/?mlSearchSessionGuid=5ccd199be5d7419b8fafb8ea055be6bb
flat;Этажи;real_estate_agent;sale;Заельцовский;4;5;4;Новосибирск;6500000;;2;Ельцовская ;53.0;Площадь Гарина-Михайловского;https://novosibirsk.cian.ru/sale/flat/325120004/?mlSearchSessionGuid=5ccd199be5d7419b8fafb8ea055be6bb
flat;СМС;developer;sale;Дзержинский;12;22;;Новосибирск;7600000;Биография ЖК;2;;43.15;Золотая Нива;https://novosibirsk.cian.ru/sale/flat/325143680/?mlSearchSessionGuid=5ccd199be5d7419b8fafb8ea055be6bb
flat;Астон;developer;sale;Кировский;15;26;6;Новосибирск;9640000;Астон. Шесть звёзд;2; Аникина;75.41;Студенческая;https://novosibirsk.cian.ru/sale/flat/321542378/?mlSearchSessionGuid=5ccd199be5d7419b8fafb8ea055be6bb
flat;Поляков;real_estate_agent;sale;Заельцовский;5;5;5/1;Новосибирск;6050000;;2; Михаила Перевозчикова;45.7;Заельцовская;https://novosibirsk.cian.ru/sale/flat/322381265/?mlSearchSessionGuid=5ccd199be5d7419b8fafb8ea055be6bb
flat;Новый Мир;developer;sale;Заельцовский;15;15;220;Новосибирск;15950000;Нобель;2;Красный проспект;59.4;Заельцовская;https://novosibirsk.cian.ru/sale/flat/324818161/?mlSearchSessionGuid=5ccd199be5d7419b8fafb8ea055be6bb
flat;Илья Вахрин;realtor;sale;Советский;4;6;160;Новосибирск;5700000;;2; Ивлева;61.2;Студенческая;https://novosibirsk.cian.ru/sale/flat/305203205/?mlSearchSessionGuid=5ccd199be5d7419b8fafb8ea055be6bb
flat;SIBWILL;real_estate_agent;sale;Ленинский;3;17;3/1;Новосибирск;6240000;На Невельского;2; Невельского;58.2;Площадь Маркса;https://novosibirsk.cian.ru/sale/flat/326327382/?mlSearchSessionGuid=5ccd199be5d7419b8fafb8ea055be6bb
flat;Этажи;real_estate_agent;sale;Центральный;1;5;62;Новосибирск;4880000;;2; Демьяна Бедного;44.5;Маршала Покрышкина;https://novosibirsk.cian.ru/sale/flat/325443106/?mlSearchSessionGuid=5ccd199be5d7419b8fafb8ea055be6bb
flat;Расцветай;developer;sale;Заельцовский;5;30;;Новосибирск;9800000;Расцветай на Красном ЖК;2;;51.6;Заельцовская;https://novosibirsk.cian.ru/sale/flat/305045920/?mlSearchSessionGuid=5ccd199be5d7419b8fafb8ea055be6bb
flat;Дом-Строй;developer;sale;Железнодорожный;15;25;18;Новосибирск;14100000;Прованс;2;Железнодорожная ;56.2;Гагаринская;https://novosibirsk.cian.ru/sale/flat/326365223/?mlSearchSessionGuid=5ccd199be5d7419b8fafb8ea055be6bb
flat;Этажи;real_estate_agent;sale;Заельцовский;5;5;2;Новосибирск;4900000;;2;Рельсовая ;44.4;Гагаринская;https://novosibirsk.cian.ru/sale/flat/325674978/?mlSearchSessionGuid=5ccd199be5d7419b8fafb8ea055be6bb
flat;СЛОН;real_estate_agent;sale;Кировский;3;3;31;Новосибирск;3500000;;2;Воскресная ;40.5;Студенческая;https://novosibirsk.cian.ru/sale/flat/319796163/?mlSearchSessionGuid=5ccd199be5d7419b8fafb8ea055be6bb
flat;СМСС;developer;sale;Дзержинский;15;25;19;Новосибирск;10859940;Звезда;2; Королева;59.67;Березовая Роща;https://novosibirsk.cian.ru/sale/flat/325987262/?mlSearchSessionGuid=5ccd199be5d7419b8fafb8ea055be6bb
flat;Агент 54;real_estate_agent;sale;Ленинский;7;12;38;Новосибирск;7177000;;2;Вертковская ;50.7;Площадь Маркса;https://novosibirsk.cian.ru/sale/flat/326927042/?mlSearchSessionGuid=5ccd199be5d7419b8fafb8ea055be6bb
flat;Сибирь Девелопмент;developer;sale;Заельцовский;8;25;2;Новосибирск;13383880;Тайм Сквер;2;Дачная ;68.5;Заельцовская;https://novosibirsk.cian.ru/sale/flat/323226422/?mlSearchSessionGuid=5ccd199be5d7419b8fafb8ea055be6bb
flat;Этажи;real_estate_agent;sale;Ленинский;1;9;117;Новосибирск;4700000;;2;Широкая ;44.5;Площадь Маркса;https://novosibirsk.cian.ru/sale/flat/326689873/?mlSearchSessionGuid=5ccd199be5d7419b8fafb8ea055be6bb
flat;Вместе;real_estate_agent;sale;Кировский;3;4;25;Новосибирск;3670000;;2; Бурденко;58.4;Площадь Маркса;https://novosibirsk.cian.ru/sale/flat/324859657/?mlSearchSessionGuid=5ccd199be5d7419b8fafb8ea055be6bb
flat;Первый Строительный;developer;sale;Октябрьский;2;18;;Новосибирск;8809000;1-й на Рябиновой ЖК;2;;70.5;Октябрьская;https://novosibirsk.cian.ru/sale/flat/314873182/?mlSearchSessionGuid=5ccd199be5d7419b8fafb8ea055be6bb
flat;Этажи;real_estate_agent;sale;Кировский;8;9;76;Новосибирск;4600000;;2; Петухова;43.0;Площадь Маркса;https://novosibirsk.cian.ru/sale/flat/324339247/?mlSearchSessionGuid=5ccd199be5d7419b8fafb8ea055be6bb
flat;Владис Центральное;real_estate_agent;sale;Калининский;2;5;25а;Новосибирск;3800000;;2; Новоуральская;44.1;Заельцовская;https://novosibirsk.cian.ru/sale/flat/325860292/?mlSearchSessionGuid=5ccd199be5d7419b8fafb8ea055be6bb
flat;Novostroy-expert;real_estate_agent;sale;Октябрьский;1;25;155;Новосибирск;8647190;Пролетарский;2;Пролетарская ;62.21;Золотая Нива;https://novosibirsk.cian.ru/sale/flat/324415593/?mlSearchSessionGuid=5ccd199be5d7419b8fafb8ea055be6bb
flat;СМСС;developer;sale;Заельцовский;10;29;105/1;Новосибирск;11500000;Бирюзовая жемчужина-2;2;Сухарная ;76.01;Площадь Гарина-Михайловского;https://novosibirsk.cian.ru/sale/flat/325987465/?mlSearchSessionGuid=5ccd199be5d7419b8fafb8ea055be6bb
flat;Сибирь Девелопмент;developer;sale;Заельцовский;20;25;2;Новосибирск;10266750;Тайм Сквер;2;Дачная ;43.8;Заельцовская;https://novosibirsk.cian.ru/sale/flat/323226535/?mlSearchSessionGuid=5ccd199be5d7419b8fafb8ea055be6bb
flat;Этажи;real_estate_agent;sale;Октябрьский;16;17;10/1;Новосибирск;4950000;;2;Рябиновая ;40.0;Речной вокзал;https://novosibirsk.cian.ru/sale/flat/324377920/?mlSearchSessionGuid=5ccd199be5d7419b8fafb8ea055be6bb
flat;Галактика;real_estate_agent;sale;Кировский;16;17;172;Новосибирск;6650000;На Петухова;2; Петухова;58.3;Площадь Маркса;https://novosibirsk.cian.ru/sale/flat/326473559/?mlSearchSessionGuid=5ccd199be5d7419b8fafb8ea055be6bb
flat;ГК Союз;developer;sale;Ленинский;1;17;;Новосибирск;6050000;Самоцветы ЖК;2;;58.9;Площадь Маркса;https://novosibirsk.cian.ru/sale/flat/324706161/?mlSearchSessionGuid=5ccd199be5d7419b8fafb8ea055be6bb
flat;Этажи;real_estate_agent;sale;Кировский;4;17;13;Новосибирск;3980000;;2; Виктора Уса;42.0;Площадь Маркса;https://novosibirsk.cian.ru/sale/flat/324458373/?mlSearchSessionGuid=5ccd199be5d7419b8fafb8ea055be6bb
flat;Талан;developer;sale;Калининский;10;14;148;Новосибирск;6517812;Природные кварталы Сибирия;2; Богдана Хмельницкого;51.4;Заельцовская;https://novosibirsk.cian.ru/sale/flat/325344882/?mlSearchSessionGuid=5ccd199be5d7419b8fafb8ea055be6bb
flat;МакроМир;real_estate_agent;sale;Октябрьский;4;10;1;Новосибирск;7000000;Плющихинский;2; Плющихинская;63.7;Золотая Нива;https://novosibirsk.cian.ru/sale/flat/326756596/?mlSearchSessionGuid=5ccd199be5d7419b8fafb8ea055be6bb
flat;ЖИЛФОНД;real_estate_agent;sale;Кировский;1;5;42;Новосибирск;3950000;;2; Петухова;46.1;Площадь Маркса;https://novosibirsk.cian.ru/sale/flat/325191696/?mlSearchSessionGuid=5ccd199be5d7419b8fafb8ea055be6bb
flat;Сибирь Девелопмент;developer;sale;Заельцовский;3;25;2;Новосибирск;10562580;Тайм Сквер;2;Дачная ;49.8;Заельцовская;https://novosibirsk.cian.ru/sale/flat/323226554/?mlSearchSessionGuid=5ccd199be5d7419b8fafb8ea055be6bb
flat;Этажи;real_estate_agent;sale;Ленинский;3;5;28/3;Новосибирск;4500000;;2; Немировича-Данченко;44.7;Площадь Маркса;https://novosibirsk.cian.ru/sale/flat/324886157/?mlSearchSessionGuid=5ccd199be5d7419b8fafb8ea055be6bb
flat;ЖИЛФОНД;real_estate_agent;sale;Кировский;6;17;13;Новосибирск;3800000;;2; Виктора Уса;42.6;Площадь Маркса;https://novosibirsk.cian.ru/sale/flat/326318480/?mlSearchSessionGuid=5ccd199be5d7419b8fafb8ea055be6bb
flat;Дом-Строй;developer;sale;Железнодорожный;9;25;18;Новосибирск;15400000;Прованс;2;Железнодорожная ;63.1;Гагаринская;https://novosibirsk.cian.ru/sale/flat/316061925/?mlSearchSessionGuid=5ccd199be5d7419b8fafb8ea055be6bb
flat;Этажи;real_estate_agent;sale;Октябрьский;8;18;7/1;Новосибирск;5600000;Плющихинский;2; Виталия Потылицына;54.0;Золотая Нива;https://novosibirsk.cian.ru/sale/flat/325158663/?mlSearchSessionGuid=5ccd199be5d7419b8fafb8ea055be6bb
flat;Светлана Толмачева;realtor;sale;Ленинский;5;5;6;Новосибирск;3590000;;2; Немировича-Данченко;44.4;Площадь Маркса;https://novosibirsk.cian.ru/sale/flat/305305551/?mlSearchSessionGuid=5ccd199be5d7419b8fafb8ea055be6bb
flat;VIRA;developer;sale;Кировский;2;24;;Новосибирск;5600000;Сподвижники ЖК;2;;38.8;Студенческая;https://novosibirsk.cian.ru/sale/flat/326182575/?mlSearchSessionGuid=5ccd199be5d7419b8fafb8ea055be6bb
flat;Этажи;real_estate_agent;sale;Дзержинский;3;3;41;Новосибирск;4550000;;2;Республиканская ;48.9;Березовая Роща;https://novosibirsk.cian.ru/sale/flat/322944831/?mlSearchSessionGuid=5ccd199be5d7419b8fafb8ea055be6bb
flat;Брусника Обмен;real_estate_agent;sale;Заельцовский;12;24;73/1;Новосибирск;12600000;Кларус Парк;2; Тимирязева;82.5;Заельцовская;https://novosibirsk.cian.ru/sale/flat/324265849/?mlSearchSessionGuid=5ccd199be5d7419b8fafb8ea055be6bb
flat;ПОЛЯКОВ;developer;sale;Заельцовский;18;25;236;Новосибирск;6900000;Клубный комплекс ;2;Красный проспект;33.0;Заельцовская;https://novosibirsk.cian.ru/sale/flat/326353228/?mlSearchSessionGuid=5ccd199be5d7419b8fafb8ea055be6bb
flat;Этажи;real_estate_agent;sale;Ленинский;1;5;35;Новосибирск;4600000;;2; Титова;43.5;Площадь Маркса;https://novosibirsk.cian.ru/sale/flat/324780493/?mlSearchSessionGuid=5ccd199be5d7419b8fafb8ea055be6bb
flat;СИБИРЬ;real_estate_agent;sale;Первомайский;1;4;200;Новосибирск;3550000;;2;Первомайская ;41.0;Спортивная;https://novosibirsk.cian.ru/sale/flat/320205138/?mlSearchSessionGuid=5ccd199be5d7419b8fafb8ea055be6bb
flat;Сибирь Девелопмент;developer;sale;Заельцовский;18;25;2;Новосибирск;9472080;Тайм Сквер;2;Дачная ;40.2;Заельцовская;https://novosibirsk.cian.ru/sale/flat/323226664/?mlSearchSessionGuid=5ccd199be5d7419b8fafb8ea055be6bb
flat;Этажи;real_estate_agent;sale;Октябрьский;10;10;9;Новосибирск;5575000;Плющихинский;2; Плющихинская;58.75;Золотая Нива;https://novosibirsk.cian.ru/sale/flat/323327826/?mlSearchSessionGuid=5ccd199be5d7419b8fafb8ea055be6bb
flat;ProDom;real_estate_agent;sale;Ленинский;4;5;1/1;Новосибирск;3950000;;2;Ударная ;46.5;Площадь Маркса;https://novosibirsk.cian.ru/sale/flat/326309854/?mlSearchSessionGuid=5ccd199be5d7419b8fafb8ea055be6bb
flat;SIBWILL;real_estate_agent;sale;Кировский;3;9;277;Новосибирск;8154000;Серебряный ключ;2; Зорге;75.5;Площадь Маркса;https://novosibirsk.cian.ru/sale/flat/305187395/?mlSearchSessionGuid=5ccd199be5d7419b8fafb8ea055be6bb
flat;Этажи;real_estate_agent;sale;Ленинский;5;5;13;Новосибирск;4500000;;2; Филатова;46.8;Площадь Маркса;https://novosibirsk.cian.ru/sale/flat/325780826/?mlSearchSessionGuid=5ccd199be5d7419b8fafb8ea055be6bb
flat;Недвижимость Новосибирска-НН;real_estate_agent;sale;Первомайский;17;17;1/8;Новосибирск;4000000;Берёзовое;2; Одоевского;67.0;Речной вокзал;https://novosibirsk.cian.ru/sale/flat/314707485/?mlSearchSessionGuid=5ccd199be5d7419b8fafb8ea055be6bb
flat;Астон;developer;sale;Кировский;24;26;6к11;Новосибирск;9840000;Астон. Шесть звёзд;2; Аникина;69.13;Студенческая;https://novosibirsk.cian.ru/sale/flat/321542100/?mlSearchSessionGuid=5ccd199be5d7419b8fafb8ea055be6bb
flat;Республика;real_estate_agent;sale;Ленинский;1;5;31;Новосибирск;3500000;;2;Степная ;44.0;Студенческая;https://novosibirsk.cian.ru/sale/flat/325668031/?mlSearchSessionGuid=5ccd199be5d7419b8fafb8ea055be6bb
flat;ID 137423383;homeowner;sale;Советский;9;17;3;Новосибирск;8500000;;2; 2-я Миргородская;55.0;;https://novosibirsk.cian.ru/sale/flat/324516826/?mlSearchSessionGuid=5ccd199be5d7419b8fafb8ea055be6bb
flat;VIRA;developer;sale;Дзержинский;14;14;;Новосибирск;6600000;Горизонт ЖК;2;;45.6;Золотая Нива;https://novosibirsk.cian.ru/sale/flat/326092965/?mlSearchSessionGuid=5ccd199be5d7419b8fafb8ea055be6bb
flat;Этажи;real_estate_agent;sale;Ленинский;4;5;7/1;Новосибирск;5299000;;2; Римского-Корсакова;43.7;Площадь Маркса;https://novosibirsk.cian.ru/sale/flat/326269209/?mlSearchSessionGuid=5ccd199be5d7419b8fafb8ea055be6bb
flat;Владис Центральное;real_estate_agent;sale;Кировский;9;9;56;Новосибирск;4000000;;2; Зорге;42.6;Площадь Маркса;https://novosibirsk.cian.ru/sale/flat/326173826/?mlSearchSessionGuid=5ccd199be5d7419b8fafb8ea055be6bb
flat;Талан;developer;sale;Калининский;7;14;148;Новосибирск;8411850;Природные кварталы Сибирия;2; Богдана Хмельницкого;67.0;Заельцовская;https://novosibirsk.cian.ru/sale/flat/324852457/?mlSearchSessionGuid=5ccd199be5d7419b8fafb8ea055be6bb
flat;METRAGE;real_estate_agent;sale;Кировский;2;2;17;Новосибирск;3299000;;2;Бронная ;39.3;Студенческая;https://novosibirsk.cian.ru/sale/flat/327018814/?mlSearchSessionGuid=5ccd199be5d7419b8fafb8ea055be6bb
flat;ЖИЛФОНД;real_estate_agent;sale;Дзержинский;2;5;60/3;Новосибирск;4000000;;2;Трикотажная ;41.0;Березовая Роща;https://novosibirsk.cian.ru/sale/flat/325355132/?mlSearchSessionGuid=5ccd199be5d7419b8fafb8ea055be6bb
flat;Первый Строительный;developer;sale;Ленинский;14;18;253/9;Новосибирск;7420400;Первый на Титова;2; Титова;57.0;Площадь Маркса;https://novosibirsk.cian.ru/sale/flat/321259147/?mlSearchSessionGuid=5ccd199be5d7419b8fafb8ea055be6bb
flat;Республика;real_estate_agent;sale;Кировский;1;5;28;Новосибирск;6300000;;2; Сибиряков-Гвардейцев;55.7;Площадь Маркса;https://novosibirsk.cian.ru/sale/flat/311601162/?mlSearchSessionGuid=5ccd199be5d7419b8fafb8ea055be6bb
flat;Ново-Николаевскъ;real_estate_agent;sale;Центральный;3;5;22;Новосибирск;5600000;;2; Достоевского;46.6;Сибирская;https://novosibirsk.cian.ru/sale/flat/324729411/?mlSearchSessionGuid=5ccd199be5d7419b8fafb8ea055be6bb
flat;Первый Строительный;developer;sale;Октябрьский;5;20;;Новосибирск;8047200;1-й на Рябиновой ЖК;2;;63.84;Октябрьская;https://novosibirsk.cian.ru/sale/flat/314873027/?mlSearchSessionGuid=5ccd199be5d7419b8fafb8ea055be6bb
flat;Брусника Обмен;real_estate_agent;sale;Заельцовский;2;10;113/5;Новосибирск;5600000;Эскимо;2;Кубовая ;38.0;Заельцовская;https://novosibirsk.cian.ru/sale/flat/324457846/?mlSearchSessionGuid=5ccd199be5d7419b8fafb8ea055be6bb
flat;Этажи;real_estate_agent;sale;Центральный;12;30;93;Новосибирск;12200000;Мылзавод;2; Семьи Шамшиных;60.68;Маршала Покрышкина;https://novosibirsk.cian.ru/sale/flat/323063218/?mlSearchSessionGuid=5ccd199be5d7419b8fafb8ea055be6bb
flat;Novostroy-expert;real_estate_agent;sale;Калининский;6;13;908;Новосибирск;7000000;Династия. Квартал поколений;2; Декоративный Питомник;64.5;Заельцовская;https://novosibirsk.cian.ru/sale/flat/326748737/?mlSearchSessionGuid=5ccd199be5d7419b8fafb8ea055be6bb
flat;Этажи;real_estate_agent;sale;Ленинский;2;2;35;Новосибирск;3300000;;2;Планировочная ;39.0;Студенческая;https://novosibirsk.cian.ru/sale/flat/326178064/?mlSearchSessionGuid=5ccd199be5d7419b8fafb8ea055be6bb
flat;Планета Недвижимости -подразделение ООО Лаки;real_estate_agent;sale;Ленинский;4;4;11;Новосибирск;3950000;;2; Крашенинникова;41.4;Площадь Маркса;https://novosibirsk.cian.ru/sale/flat/324256121/?mlSearchSessionGuid=5ccd199be5d7419b8fafb8ea055be6bb
flat;ГК Нарратив;developer;sale;Ленинский;11;15;12;Новосибирск;8511250;Тетрис;2; Серафимовича;38.8;Площадь Маркса;https://novosibirsk.cian.ru/sale/flat/304291274/?mlSearchSessionGuid=5ccd199be5d7419b8fafb8ea055be6bb
flat;Этажи;real_estate_agent;sale;Дзержинский;9;9;35;Новосибирск;4600000;;2; Доватора;43.0;Золотая Нива;https://novosibirsk.cian.ru/sale/flat/326758276/?mlSearchSessionGuid=5ccd199be5d7419b8fafb8ea055be6bb
flat;ЕВРОДОМ;real_estate_agent;sale;Заельцовский;2;4;101;Новосибирск;4000000;;2;Кубовая ;44.7;Заельцовская;https://novosibirsk.cian.ru/sale/flat/325866975/?mlSearchSessionGuid=5ccd199be5d7419b8fafb8ea055be6bb
flat;Smart People Group;developer;sale;Октябрьский;5;8;;Новосибирск;7515000;Авеню на Выборной;2;;45.1;Речной вокзал;https://novosibirsk.cian.ru/sale/flat/326433977/?mlSearchSessionGuid=5ccd199be5d7419b8fafb8ea055be6bb
flat;METRAGE;real_estate_agent;sale;Заельцовский;9;9;31/2;Новосибирск;6300000;;2;Линейная ;45.6;Гагаринская;https://novosibirsk.cian.ru/sale/flat/322628098/?mlSearchSessionGuid=5ccd199be5d7419b8fafb8ea055be6bb
flat;ID 114372228;realtor;sale;Первомайский;15;17;61;Новосибирск;8500000;Весенний;2; Заречная;63.3;Спортивная;https://novosibirsk.cian.ru/sale/flat/327005599/?mlSearchSessionGuid=5ccd199be5d7419b8fafb8ea055be6bb
flat;SD Group ( НСК );developer;sale;Дзержинский;2;17;7;Новосибирск;7787160;Промышленная 7;2;Промышленная ;44.6;Березовая Роща;https://novosibirsk.cian.ru/sale/flat/320615112/?mlSearchSessionGuid=5ccd199be5d7419b8fafb8ea055be6bb
flat;Республика;real_estate_agent;sale;Ленинский;5;5;26;Новосибирск;4800000;;2; Станиславского;43.4;Площадь Маркса;https://novosibirsk.cian.ru/sale/flat/299498576/?mlSearchSessionGuid=5ccd199be5d7419b8fafb8ea055be6bb
flat;СТАН;real_estate_agent;sale;Октябрьский;7;10;;Новосибирск;3270000;Плющихинский;2;Плющихинский жилмассив;60.0;Золотая Нива;https://novosibirsk.cian.ru/sale/flat/311513912/?mlSearchSessionGuid=5ccd199be5d7419b8fafb8ea055be6bb
flat;Сибирь Девелопмент;developer;sale;Заельцовский;16;25;2;Новосибирск;9956664;Тайм Сквер;2;Дачная ;45.7;Заельцовская;https://novosibirsk.cian.ru/sale/flat/323226631/?mlSearchSessionGuid=5ccd199be5d7419b8fafb8ea055be6bb
flat;Города Новосибирск;real_estate_agent;sale;Октябрьский;9;29;77;Новосибирск;27800000;Чикаго;2;Московская ;65.0;Октябрьская;https://novosibirsk.cian.ru/sale/flat/326543368/?mlSearchSessionGuid=5ccd199be5d7419b8fafb8ea055be6bb
flat;ЖИЛФОНД;real_estate_agent;sale;Кировский;5;5;94;Новосибирск;3350000;;2; Петухова;43.7;Площадь Маркса;https://novosibirsk.cian.ru/sale/flat/326611478/?mlSearchSessionGuid=5ccd199be5d7419b8fafb8ea055be6bb
flat;ГК Союз;developer;sale;Калининский;4;15;;Новосибирск;7150000;Гренландия ЖК;2;Родники мкр;65.4;Заельцовская;https://novosibirsk.cian.ru/sale/flat/326695081/?mlSearchSessionGuid=5ccd199be5d7419b8fafb8ea055be6bb
flat;METRAGE;real_estate_agent;sale;Дзержинский;3;5;2;Новосибирск;7400000;;2;проспект Дзержинского;57.8;Березовая Роща;https://novosibirsk.cian.ru/sale/flat/325764069/?mlSearchSessionGuid=5ccd199be5d7419b8fafb8ea055be6bb
flat;ЖИЛФОНД;real_estate_agent;sale;Заельцовский;5;5;110;Новосибирск;4050000;;2;Кубовая ;36.5;Заельцовская;https://novosibirsk.cian.ru/sale/flat/326417853/?mlSearchSessionGuid=5ccd199be5d7419b8fafb8ea055be6bb
flat;Novostroy-expert;real_estate_agent;sale;Дзержинский;3;25;204Б/6;Новосибирск;7050000;Авторский квартал;2; Гоголя;41.49;Березовая Роща;https://novosibirsk.cian.ru/sale/flat/326644892/?mlSearchSessionGuid=5ccd199be5d7419b8fafb8ea055be6bb
flat;Коммерческий Брокеридж;real_estate_agent;sale;Октябрьский;8;10;71;Новосибирск;5900000;;2;Воинская ;52.4;Золотая Нива;https://novosibirsk.cian.ru/sale/flat/321648123/?mlSearchSessionGuid=5ccd199be5d7419b8fafb8ea055be6bb
flat;ЖИЛФОНД;real_estate_agent;sale;Октябрьский;2;2;225;Новосибирск;3000000;;2;Нижегородская ;46.5;Речной вокзал;https://novosibirsk.cian.ru/sale/flat/320959791/?mlSearchSessionGuid=5ccd199be5d7419b8fafb8ea055be6bb
flat;Первый Строительный;developer;sale;Дзержинский;5;25;;Новосибирск;7746900;Первый на Есенина ЖК;2;;49.5;Золотая Нива;https://novosibirsk.cian.ru/sale/flat/314872880/?mlSearchSessionGuid=5ccd199be5d7419b8fafb8ea055be6bb
flat;Этажи;real_estate_agent;sale;Октябрьский;16;17;91/2;Новосибирск;7800000;;2;Выборная ;61.4;Речной вокзал;https://novosibirsk.cian.ru/sale/flat/314160920/?mlSearchSessionGuid=5ccd199be5d7419b8fafb8ea055be6bb
flat;Владис Центральное;real_estate_agent;sale;Кировский;1;5;80;Новосибирск;3760000;;2; Петухова;44.0;Площадь Маркса;https://novosibirsk.cian.ru/sale/flat/320581146/?mlSearchSessionGuid=5ccd199be5d7419b8fafb8ea055be6bb
flat;ГК Нарратив;developer;sale;Ленинский;9;15;12;Новосибирск;10257600;Тетрис;2; Серафимовича;54.8;Площадь Маркса;https://novosibirsk.cian.ru/sale/flat/304291259/?mlSearchSessionGuid=5ccd199be5d7419b8fafb8ea055be6bb
flat;ЖИЛФОНД;real_estate_agent;sale;Ленинский;4;5;69;Новосибирск;4000000;;2; Невельского;43.7;Площадь Маркса;https://novosibirsk.cian.ru/sale/flat/326994243/?mlSearchSessionGuid=5ccd199be5d7419b8fafb8ea055be6bb
flat;Первый Строительный;developer;sale;Ленинский;11;18;253/9;Новосибирск;8107000;Первый на Титова;2; Титова;65.44;Площадь Маркса;https://novosibirsk.cian.ru/sale/flat/321259094/?mlSearchSessionGuid=5ccd199be5d7419b8fafb8ea055be6bb
flat;METRAGE;real_estate_agent;sale;Калининский;4;5;14;Новосибирск;5500000;;2; Объединения;51.0;Заельцовская;https://novosibirsk.cian.ru/sale/flat/326645148/?mlSearchSessionGuid=5ccd199be5d7419b8fafb8ea055be6bb
flat;ID 120003161;homeowner;sale;Заельцовский;18;22;96/3;Новосибирск;10490000;Сосны;2;Сухарная ;58.0;Площадь Гарина-Михайловского;https://novosibirsk.cian.ru/sale/flat/320890958/?mlSearchSessionGuid=5ccd199be5d7419b8fafb8ea055be6bb
flat;Первый Строительный;developer;sale;Октябрьский;1;10;;Новосибирск;8402400;Зеленый Город;2;;63.4;Речной вокзал;https://novosibirsk.cian.ru/sale/flat/314873470/?mlSearchSessionGuid=5ccd199be5d7419b8fafb8ea055be6bb
flat;АльянсРиэлт;real_estate_agent;sale;Октябрьский;4;10;2;Новосибирск;12990000;Маковского;2; Шевченко;58.0;Октябрьская;https://novosibirsk.cian.ru/sale/flat/319280108/?mlSearchSessionGuid=5ccd199be5d7419b8fafb8ea055be6bb
flat;Дельта;real_estate_agent;sale;Советский;4;5;11;Новосибирск;3300000;;2;Часовая ;45.4;Студенческая;https://novosibirsk.cian.ru/sale/flat/325082398/?mlSearchSessionGuid=5ccd199be5d7419b8fafb8ea055be6bb
flat;Сибирь Девелопмент;developer;sale;Заельцовский;19;25;2;Новосибирск;11181800;Тайм Сквер;2;Дачная ;49.0;Заельцовская;https://novosibirsk.cian.ru/sale/flat/323226706/?mlSearchSessionGuid=5ccd199be5d7419b8fafb8ea055be6bb
flat;Этажи;real_estate_agent;sale;Октябрьский;4;5;143;Новосибирск;4970000;;2;Ленинградская ;43.0;Речной вокзал;https://novosibirsk.cian.ru/sale/flat/326654656/?mlSearchSessionGuid=5ccd199be5d7419b8fafb8ea055be6bb
flat;Поляков;real_estate_agent;sale;Октябрьский;5;17;99/4;Новосибирск;5050000;;2;Выборная ;55.1;Речной вокзал;https://novosibirsk.cian.ru/sale/flat/318406973/?mlSearchSessionGuid=5ccd199be5d7419b8fafb8ea055be6bb
flat;ГК Нарратив;developer;sale;Ленинский;8;18;12с;Новосибирск;12378600;Тетрис;2; Серафимовича;66.1;Площадь Маркса;https://novosibirsk.cian.ru/sale/flat/304291038/?mlSearchSessionGuid=5ccd199be5d7419b8fafb8ea055be6bb
flat;Этажи;real_estate_agent;sale;Ленинский;4;9;32;Новосибирск;4900000;;2;Киевская ;45.0;Студенческая;https://novosibirsk.cian.ru/sale/flat/327071298/?mlSearchSessionGuid=5ccd199be5d7419b8fafb8ea055be6bb
flat;Novostroy-expert;real_estate_agent;sale;Октябрьский;4;24;19/1к3;Новосибирск;8290000;Академия;2; Шевченко;42.4;Октябрьская;https://novosibirsk.cian.ru/sale/flat/326061637/?mlSearchSessionGuid=5ccd199be5d7419b8fafb8ea055be6bb
flat;ЖК Академия;developer;sale;Октябрьский;4;24;19/1к3;Новосибирск;9160000;Академия;2; Шевченко;42.44;Октябрьская;https://novosibirsk.cian.ru/sale/flat/326464931/?mlSearchSessionGuid=5ccd199be5d7419b8fafb8ea055be6bb
flat;Дельта;real_estate_agent;sale;Октябрьский;3;12;15;Новосибирск;11750000;;2; Шевченко;59.5;Октябрьская;https://novosibirsk.cian.ru/sale/flat/323678221/?mlSearchSessionGuid=5ccd199be5d7419b8fafb8ea055be6bb
flat;Мета;developer;sale;Советский;4;24;17;Новосибирск;11253000;Пульсар;2; Мусы Джалиля;49.36;Студенческая;https://novosibirsk.cian.ru/sale/flat/319362370/?mlSearchSessionGuid=5ccd199be5d7419b8fafb8ea055be6bb
flat;ГК Нарратив;developer;sale;Ленинский;3;14;12с;Новосибирск;9889950;Тетрис;2; Серафимовича;57.2;Площадь Маркса;https://novosibirsk.cian.ru/sale/flat/304291129/?mlSearchSessionGuid=5ccd199be5d7419b8fafb8ea055be6bb
flat;Поиск Метров;real_estate_agent;sale;Дзержинский;5;5;225/1;Новосибирск;3400000;;2; Гоголя;42.0;Березовая Роща;https://novosibirsk.cian.ru/sale/flat/327087204/?mlSearchSessionGuid=5ccd199be5d7419b8fafb8ea055be6bb
flat;РайоныКварталы;real_estate_agent;sale;Октябрьский;1;2;1;Новосибирск;4790000;;2;Тополевая ;55.2;Октябрьская;https://novosibirsk.cian.ru/sale/flat/322628862/?mlSearchSessionGuid=5ccd199be5d7419b8fafb8ea055be6bb
flat;Заельцовский парк;developer;sale;Заельцовский;3;24;;Новосибирск;8220000;Тимирязевский Парк ЖК;2;;41.1;Площадь Гарина-Михайловского;https://novosibirsk.cian.ru/sale/flat/326863558/?mlSearchSessionGuid=5ccd199be5d7419b8fafb8ea055be6bb
flat;ID 132179890;realtor;sale;Центральный;3;8;92;Новосибирск;26900000;Almond;2; Чаплыгина;64.5;Площадь Ленина;https://novosibirsk.cian.ru/sale/flat/320143440/?mlSearchSessionGuid=5ccd199be5d7419b8fafb8ea055be6bb
flat;Сибирь Ипотека;real_estate_agent;sale;Октябрьский;2;2;278;Новосибирск;3350000;;2; 3-го Интернационала;39.0;Речной вокзал;https://novosibirsk.cian.ru/sale/flat/326930629/?mlSearchSessionGuid=5ccd199be5d7419b8fafb8ea055be6bb
flat;СМСС;developer;sale;Дзержинский;18;25;19;Новосибирск;11095040;Звезда;2; Королева;63.04;Березовая Роща;https://novosibirsk.cian.ru/sale/flat/325987327/?mlSearchSessionGuid=5ccd199be5d7419b8fafb8ea055be6bb
flat;Этажи;real_estate_agent;sale;Советский;8;9;4;Новосибирск;4950000;;2; Лесосечная;43.4;Спортивная;https://novosibirsk.cian.ru/sale/flat/325501416/?mlSearchSessionGuid=5ccd199be5d7419b8fafb8ea055be6bb
flat;РЕГИОНАЛЬНЫЙ ЦЕНТР НЕДВИЖИМОСТИ;real_estate_agent;sale;Заельцовский;2;12;268/3;Новосибирск;7500000;;2; Дуси Ковальчук;41.6;Заельцовская;https://novosibirsk.cian.ru/sale/flat/324071981/?mlSearchSessionGuid=5ccd199be5d7419b8fafb8ea055be6bb
flat;Брусника;developer;sale;Центральный;29;30;;Новосибирск;21360000;Мылзавод ЖК;2;;106.5;Гагаринская;https://novosibirsk.cian.ru/sale/flat/310780915/?mlSearchSessionGuid=5ccd199be5d7419b8fafb8ea055be6bb
flat;METRAGE;real_estate_agent;sale;Первомайский;2;2;5;Новосибирск;3500000;;2; Лаврова;47.4;Речной вокзал;https://novosibirsk.cian.ru/sale/flat/325655115/?mlSearchSessionGuid=5ccd199be5d7419b8fafb8ea055be6bb
flat;ЕВРОДОМ;real_estate_agent;sale;Заельцовский;1;3;8;Новосибирск;3700000;;2; Залесского;39.7;Заельцовская;https://novosibirsk.cian.ru/sale/flat/300044019/?mlSearchSessionGuid=5ccd199be5d7419b8fafb8ea055be6bb
flat;VIRA;developer;sale;Дзержинский;3;14;;Новосибирск;6300000;Горизонт ЖК;2;;42.2;Золотая Нива;https://novosibirsk.cian.ru/sale/flat/321967026/?mlSearchSessionGuid=5ccd199be5d7419b8fafb8ea055be6bb
flat;Республика;real_estate_agent;sale;Ленинский;4;10;10;Новосибирск;6300000;Дивногорский;2; Романтиков;52.3;Площадь Маркса;https://novosibirsk.cian.ru/sale/flat/325997352/?mlSearchSessionGuid=5ccd199be5d7419b8fafb8ea055be6bb
flat;ПОЛЯКОВ;developer;sale;Заельцовский;13;24;246;Новосибирск;9791000;Акцентный дом ;2; Дуси Ковальчук;41.49;Заельцовская;https://novosibirsk.cian.ru/sale/flat/313955999/?mlSearchSessionGuid=5ccd199be5d7419b8fafb8ea055be6bb
flat;SG DEVELOPMENT;developer;sale;Кировский;2;19;145/5;Новосибирск;9020000;Кварталы Немировича;2; Немировича-Данченко;59.5;Студенческая;https://novosibirsk.cian.ru/sale/flat/326424058/?mlSearchSessionGuid=5ccd199be5d7419b8fafb8ea055be6bb
flat;Этажи;real_estate_agent;sale;Дзержинский;9;10;60;Новосибирск;7000000;;2; Красина;52.3;Березовая Роща;https://novosibirsk.cian.ru/sale/flat/325662401/?mlSearchSessionGuid=5ccd199be5d7419b8fafb8ea055be6bb
flat;Владис Центральное;real_estate_agent;sale;Кировский;6;9;84;Новосибирск;3800000;;2; Зорге;43.9;Площадь Маркса;https://novosibirsk.cian.ru/sale/flat/326835685/?mlSearchSessionGuid=5ccd199be5d7419b8fafb8ea055be6bb
flat;Талан;developer;sale;Калининский;1;11;148;Новосибирск;8079189;Природные кварталы Сибирия;2; Богдана Хмельницкого;65.0;Заельцовская;https://novosibirsk.cian.ru/sale/flat/326448439/?mlSearchSessionGuid=5ccd199be5d7419b8fafb8ea055be6bb
flat;Этажи;real_estate_agent;sale;Заельцовский;17;24;15;Новосибирск;8000000;на Галущака;2; Галущака;62.2;Гагаринская;https://novosibirsk.cian.ru/sale/flat/327067660/?mlSearchSessionGuid=5ccd199be5d7419b8fafb8ea055be6bb
flat;ЖИЛФОНД;real_estate_agent;sale;Кировский;1;5;124;Новосибирск;3900000;;2; Петухова;42.9;Площадь Маркса;https://novosibirsk.cian.ru/sale/flat/320436453/?mlSearchSessionGuid=5ccd199be5d7419b8fafb8ea055be6bb
flat;Заельцовский парк;developer;sale;Заельцовский;3;24;;Новосибирск;7520000;Тимирязевский Парк ЖК;2;;34.3;Площадь Гарина-Михайловского;https://novosibirsk.cian.ru/sale/flat/326863547/?mlSearchSessionGuid=5ccd199be5d7419b8fafb8ea055be6bb
flat;Универсал;real_estate_agent;sale;Калининский;1;9;2;Новосибирск;4500000;Поколение;2; Михаила Востокова;38.0;Заельцовская;https://novosibirsk.cian.ru/sale/flat/317858103/?mlSearchSessionGuid=5ccd199be5d7419b8fafb8ea055be6bb
flat;Брусника Обмен;real_estate_agent;sale;Кировский;4;17;148/2;Новосибирск;11700000;Панорама;2; Немировича-Данченко;52.9;Спортивная;https://novosibirsk.cian.ru/sale/flat/324794209/?mlSearchSessionGuid=5ccd199be5d7419b8fafb8ea055be6bb
flat;Дом-Строй;developer;sale;Центральный;19;25;50;Новосибирск;11300000;Державина 50;2; Державина;46.0;Маршала Покрышкина;https://novosibirsk.cian.ru/sale/flat/323005626/?mlSearchSessionGuid=5ccd199be5d7419b8fafb8ea055be6bb
flat;Города Новосибирск;real_estate_agent;sale;Железнодорожный;20;23;75;Новосибирск;15500000;Prime House;2;Советская ;40.8;Красный Проспект;https://novosibirsk.cian.ru/sale/flat/326894807/?mlSearchSessionGuid=5ccd199be5d7419b8fafb8ea055be6bb
flat;SIBWILL;real_estate_agent;sale;Ленинский;2;9;26;Новосибирск;4700000;Дивногорский;2; Романтиков;39.88;Площадь Маркса;https://novosibirsk.cian.ru/sale/flat/322212998/?mlSearchSessionGuid=5ccd199be5d7419b8fafb8ea055be6bb
flat;VIRA;developer;sale;Дзержинский;9;14;;Новосибирск;6300000;Горизонт ЖК;2;;43.5;Золотая Нива;https://novosibirsk.cian.ru/sale/flat/326092953/?mlSearchSessionGuid=5ccd199be5d7419b8fafb8ea055be6bb
flat;METRAGE;real_estate_agent;sale;Калининский;6;17;66/5;Новосибирск;5200000;На Фадеева;2; Фадеева;41.0;Заельцовская;https://novosibirsk.cian.ru/sale/flat/325829390/?mlSearchSessionGuid=5ccd199be5d7419b8fafb8ea055be6bb
flat;Сфера;real_estate_agent;sale;Первомайский;3;4;46;Новосибирск;3450000;;2; Аксенова;30.4;Спортивная;https://novosibirsk.cian.ru/sale/flat/327031081/?mlSearchSessionGuid=5ccd199be5d7419b8fafb8ea055be6bb
flat;Кристалл;developer;sale;Кировский;12;17;285;Новосибирск;7050000;Зоркий Парк;2; Зорге;61.25;Площадь Маркса;https://novosibirsk.cian.ru/sale/flat/312413146/?mlSearchSessionGuid=5ccd199be5d7419b8fafb8ea055be6bb
flat;METRAGE;real_estate_agent;sale;Ленинский;1;5;13;Новосибирск;6700000;;2;Геодезическая ;53.4;Студенческая;https://novosibirsk.cian.ru/sale/flat/310203992/?mlSearchSessionGuid=5ccd199be5d7419b8fafb8ea055be6bb
flat;ID 47882047;homeowner;sale;Железнодорожный;3;3;16;Новосибирск;6800000;;2; Федора Ивачева;37.0;Площадь Гарина-Михайловского;https://novosibirsk.cian.ru/sale/flat/327093535/?mlSearchSessionGuid=5ccd199be5d7419b8fafb8ea055be6bb
flat;Брусника;developer;sale;Октябрьский;19;23;с109;Новосибирск;9980000;мкр. Европейский Берег;2;Большевистская ;66.86;Спортивная;https://novosibirsk.cian.ru/sale/flat/314945359/?mlSearchSessionGuid=5ccd199be5d7419b8fafb8ea055be6bb
flat;Василевский;real_estate_agent;sale;Кировский;1;5;12;Новосибирск;4550000;;2;Новогодняя ;42.6;Площадь Маркса;https://novosibirsk.cian.ru/sale/flat/309844987/?mlSearchSessionGuid=5ccd199be5d7419b8fafb8ea055be6bb
flat;ID 47500235;unknown;sale;Октябрьский;8;10;18;Новосибирск;5200000;;2;Лазурная ;51.9;Золотая Нива;https://novosibirsk.cian.ru/sale/flat/326539348/?mlSearchSessionGuid=5ccd199be5d7419b8fafb8ea055be6bb
flat;Дом-Строй;developer;sale;Железнодорожный;9;25;18;Новосибирск;19100000;Прованс;2;Железнодорожная ;82.1;Гагаринская;https://novosibirsk.cian.ru/sale/flat/312137720/?mlSearchSessionGuid=5ccd199be5d7419b8fafb8ea055be6bb
flat;Этажи;real_estate_agent;sale;Дзержинский;5;14;118;Новосибирск;6550000;RedFox;2; Коминтерна;50.0;Золотая Нива;https://novosibirsk.cian.ru/sale/flat/321679858/?mlSearchSessionGuid=5ccd199be5d7419b8fafb8ea055be6bb
flat;ProstOr;real_estate_agent;sale;Октябрьский;2;10;9;Новосибирск;5300000;Плющихинский;2; Плющихинская;58.6;Золотая Нива;https://novosibirsk.cian.ru/sale/flat/314815455/?mlSearchSessionGuid=5ccd199be5d7419b8fafb8ea055be6bb
flat;Этажи;real_estate_agent;sale;Заельцовский;2;10;92;Новосибирск;6950000;;2;Кубовая ;43.8;Заельцовская;https://novosibirsk.cian.ru/sale/flat/323750966/?mlSearchSessionGuid=5ccd199be5d7419b8fafb8ea055be6bb
flat;Формула недвижимости;real_estate_agent;sale;Кировский;3;9;267;Новосибирск;4070000;;2; Зорге;44.1;Площадь Маркса;https://novosibirsk.cian.ru/sale/flat/324999663/?mlSearchSessionGuid=5ccd199be5d7419b8fafb8ea055be6bb
flat;Расцветай;developer;sale;;4;26;229/4;Новосибирск;6250000;Расцветай на Зорге;2; Зорге;58.31;Площадь Маркса;https://novosibirsk.cian.ru/sale/flat/326456358/?mlSearchSessionGuid=5ccd199be5d7419b8fafb8ea055be6bb
flat;Концерн Сибирь;real_estate_agent;sale;Железнодорожный;17;22;69;Новосибирск;15000000;Клевер;2; 1905 года;50.0;Красный Проспект;https://novosibirsk.cian.ru/sale/flat/326547560/?mlSearchSessionGuid=5ccd199be5d7419b8fafb8ea055be6bb
flat;Ново-Николаевскъ;real_estate_agent;sale;Заельцовский;7;26;182/3;Новосибирск;6800000;Тайм Парк Апартаменты;2;Красный проспект;46.5;Заельцовская;https://novosibirsk.cian.ru/sale/flat/326934841/?mlSearchSessionGuid=5ccd199be5d7419b8fafb8ea055be6bb
flat;VIRA;developer;sale;Дзержинский;3;14;;Новосибирск;6400000;Горизонт ЖК;2;;44.8;Золотая Нива;https://novosibirsk.cian.ru/sale/flat/321967029/?mlSearchSessionGuid=5ccd199be5d7419b8fafb8ea055be6bb
flat;ProstOr;real_estate_agent;sale;Заельцовский;3;3;33;Новосибирск;6200000;;2; 2-я Союза Молодежи;42.6;Заельцовская;https://novosibirsk.cian.ru/sale/flat/323585593/?mlSearchSessionGuid=5ccd199be5d7419b8fafb8ea055be6bb
flat;Novostroy-expert;real_estate_agent;sale;Октябрьский;9;11;53с;Новосибирск;12670000;На Декабристов;2;Зыряновская ;69.1;Речной вокзал;https://novosibirsk.cian.ru/sale/flat/326531237/?mlSearchSessionGuid=5ccd199be5d7419b8fafb8ea055be6bb
flat;SG DEVELOPMENT;developer;sale;Кировский;2;19;145/5;Новосибирск;9780000;Кварталы Немировича;2; Немировича-Данченко;65.2;Студенческая;https://novosibirsk.cian.ru/sale/flat/326424057/?mlSearchSessionGuid=5ccd199be5d7419b8fafb8ea055be6bb
flat;Этажи;real_estate_agent;sale;Центральный;8;9;37;Новосибирск;6150000;;2; Селезнева;44.1;Березовая Роща;https://novosibirsk.cian.ru/sale/flat/325571878/?mlSearchSessionGuid=5ccd199be5d7419b8fafb8ea055be6bb
flat;Михаил Папарецкий;realtor;sale;Железнодорожный;5;5;35А;Новосибирск;9500000;;2;Советская ;52.6;Площадь Ленина;https://novosibirsk.cian.ru/sale/flat/326760713/?mlSearchSessionGuid=5ccd199be5d7419b8fafb8ea055be6bb
flat;VIRA;developer;sale;Октябрьский;6;8;с1;Новосибирск;7600000;Citatum;2; Грибоедова;44.5;Золотая Нива;https://novosibirsk.cian.ru/sale/flat/303846762/?mlSearchSessionGuid=5ccd199be5d7419b8fafb8ea055be6bb
flat;METRAGE;real_estate_agent;sale;Кировский;9;9;12;Новосибирск;5100000;;2;Беловежская ;47.7;Площадь Маркса;https://novosibirsk.cian.ru/sale/flat/326509094/?mlSearchSessionGuid=5ccd199be5d7419b8fafb8ea055be6bb
flat;ГК Нарратив;developer;sale;Калининский;18;21;;Новосибирск;5056000;ДНК ЖК;2;;36.1;Заельцовская;https://novosibirsk.cian.ru/sale/flat/316657181/?mlSearchSessionGuid=5ccd199be5d7419b8fafb8ea055be6bb
flat;Камея;developer;sale;Ленинский;3;25;17;Новосибирск;7150000;Счастливый квартал;2; Костычева;40.4;Площадь Маркса;https://novosibirsk.cian.ru/sale/flat/320855389/?mlSearchSessionGuid=5ccd199be5d7419b8fafb8ea055be6bb
flat;Поиск Метров;real_estate_agent;sale;Дзержинский;5;5;23;Новосибирск;4400000;;2;Гусинобродское шоссе;43.1;Золотая Нива;https://novosibirsk.cian.ru/sale/flat/319320343/?mlSearchSessionGuid=5ccd199be5d7419b8fafb8ea055be6bb
flat;Планета-А;real_estate_agent;sale;Первомайский;1;5;11;Новосибирск;3600000;;2; Красный Факел;36.2;Спортивная;https://novosibirsk.cian.ru/sale/flat/326866615/?mlSearchSessionGuid=5ccd199be5d7419b8fafb8ea055be6bb
flat;Novostroy-expert;real_estate_agent;sale;Калининский;1;13;10/1;Новосибирск;7900000;Династия. Квартал поколений;2; Имени генерал-майора А.Н. Рожкина;64.5;Заельцовская;https://novosibirsk.cian.ru/sale/flat/323201152/?mlSearchSessionGuid=5ccd199be5d7419b8fafb8ea055be6bb
flat;Этажи;real_estate_agent;sale;Кировский;5;5;141;Новосибирск;5000000;;2; Немировича-Данченко;44.3;Площадь Маркса;https://novosibirsk.cian.ru/sale/flat/326764476/?mlSearchSessionGuid=5ccd199be5d7419b8fafb8ea055be6bb
flat;ЖИЛФОНД;real_estate_agent;sale;Первомайский;2;2;1А;Новосибирск;3300000;;2;Мирная ;50.4;Спортивная;https://novosibirsk.cian.ru/sale/flat/326303990/?mlSearchSessionGuid=5ccd199be5d7419b8fafb8ea055be6bb
flat;Дивногорский;developer;sale;Ленинский;7;9;;Новосибирск;6470000;Дивноград;2;;56.15;Площадь Маркса;https://novosibirsk.cian.ru/sale/flat/322873097/?mlSearchSessionGuid=5ccd199be5d7419b8fafb8ea055be6bb
flat;Владис Центральное;real_estate_agent;sale;Ленинский;6;9;5;Новосибирск;4000000;;2; Связистов;43.6;Площадь Маркса;https://novosibirsk.cian.ru/sale/flat/326176706/?mlSearchSessionGuid=5ccd199be5d7419b8fafb8ea055be6bb
flat;ЖК Академия;developer;sale;Октябрьский;17;24;19/1к3;Новосибирск;10620000;Академия;2; Шевченко;45.4;Октябрьская;https://novosibirsk.cian.ru/sale/flat/326465067/?mlSearchSessionGuid=5ccd199be5d7419b8fafb8ea055be6bb
flat;Коммерческий Брокеридж;real_estate_agent;sale;Кировский;4;5;15/1;Новосибирск;5299000;;2; Виктора Уса;63.0;Площадь Маркса;https://novosibirsk.cian.ru/sale/flat/326027499/?mlSearchSessionGuid=5ccd199be5d7419b8fafb8ea055be6bb
flat;Ключи;real_estate_agent;sale;Октябрьский;6;25;26/2;Новосибирск;11600000;мкр. Европейский Берег;2; Владимира Заровного;64.5;Речной вокзал;https://novosibirsk.cian.ru/sale/flat/326232684/?mlSearchSessionGuid=5ccd199be5d7419b8fafb8ea055be6bb
flat;Дом-Строй;developer;sale;Железнодорожный;15;25;18;Новосибирск;15400000;Прованс;2;Железнодорожная ;60.8;Гагаринская;https://novosibirsk.cian.ru/sale/flat/319263285/?mlSearchSessionGuid=5ccd199be5d7419b8fafb8ea055be6bb
flat;ЖИЛФОНД;real_estate_agent;sale;Заельцовский;1;3;3;Новосибирск;4050000;;2;Новая ;60.5;Заельцовская;https://novosibirsk.cian.ru/sale/flat/326983667/?mlSearchSessionGuid=5ccd199be5d7419b8fafb8ea055be6bb
flat;МакроМир;real_estate_agent;sale;Ленинский;5;9;33;Новосибирск;4080000;;2;Ударная ;44.1;Площадь Маркса;https://novosibirsk.cian.ru/sale/flat/326546511/?mlSearchSessionGuid=5ccd199be5d7419b8fafb8ea055be6bb
flat;METRAGE;real_estate_agent;sale;Кировский;3;3;31/1;Новосибирск;4050000;;2;Рубежная ;44.8;Студенческая;https://novosibirsk.cian.ru/sale/flat/323110245/?mlSearchSessionGuid=5ccd199be5d7419b8fafb8ea055be6bb
flat;МакроМир;real_estate_agent;sale;Первомайский;5;5;164;Новосибирск;4050000;;2;Первомайская ;45.0;Спортивная;https://novosibirsk.cian.ru/sale/flat/320485618/?mlSearchSessionGuid=5ccd199be5d7419b8fafb8ea055be6bb
flat;ЖИЛФОНД;real_estate_agent;sale;Первомайский;5;5;8;Новосибирск;4100000;;2; Новоселов;37.3;Спортивная;https://novosibirsk.cian.ru/sale/flat/324031533/?mlSearchSessionGuid=5ccd199be5d7419b8fafb8ea055be6bb
flat;ЖИЛФОНД;real_estate_agent;sale;Ленинский;3;3;614;Новосибирск;4140000;;2;Большая ;34.2;Площадь Маркса;https://novosibirsk.cian.ru/sale/flat/323292717/?mlSearchSessionGuid=5ccd199be5d7419b8fafb8ea055be6bb
flat;ЖИЛФОНД;real_estate_agent;sale;Кировский;1;5;181;Новосибирск;4130000;;2; Зорге;43.8;Площадь Маркса;https://novosibirsk.cian.ru/sale/flat/321145420/?mlSearchSessionGuid=5ccd199be5d7419b8fafb8ea055be6bb
flat;ЖИЛФОНД;real_estate_agent;sale;Дзержинский;5;5;7А;Новосибирск;4130000;;2;Республиканская ;43.2;Березовая Роща;https://novosibirsk.cian.ru/sale/flat/321145424/?mlSearchSessionGuid=5ccd199be5d7419b8fafb8ea055be6bb
flat;DOMaSTROY;real_estate_agent;sale;Ленинский;5;5;6;Новосибирск;4100000;;2; Немировича-Данченко;45.3;Площадь Маркса;https://novosibirsk.cian.ru/sale/flat/326185874/?mlSearchSessionGuid=5ccd199be5d7419b8fafb8ea055be6bb
flat;СМК-недвижимость;real_estate_agent;sale;Ленинский;5;5;4/1;Новосибирск;4100000;;2; Немировича-Данченко;42.9;Площадь Маркса;https://novosibirsk.cian.ru/sale/flat/320906381/?mlSearchSessionGuid=5ccd199be5d7419b8fafb8ea055be6bb
flat;Планета на Станиславского;real_estate_agent;sale;Ленинский;2;5;10;Новосибирск;4100000;;2;переулок 2-й Пархоменко;46.5;Площадь Маркса;https://novosibirsk.cian.ru/sale/flat/303314414/?mlSearchSessionGuid=5ccd199be5d7419b8fafb8ea055be6bb
flat;Планета-8;real_estate_agent;sale;Дзержинский;2;5;12;Новосибирск;4100000;;2; Авиастроителей;34.0;Березовая Роща;https://novosibirsk.cian.ru/sale/flat/325641073/?mlSearchSessionGuid=5ccd199be5d7419b8fafb8ea055be6bb
flat;METRAGE;real_estate_agent;sale;Ленинский;2;5;23;Новосибирск;4100000;;2; Невельского;43.0;Студенческая;https://novosibirsk.cian.ru/sale/flat/322390871/?mlSearchSessionGuid=5ccd199be5d7419b8fafb8ea055be6bb
flat;Владис Центральное;real_estate_agent;sale;Калининский;4;9;2;Новосибирск;4100000;;2; Столетова;53.0;Заельцовская;https://novosibirsk.cian.ru/sale/flat/326650651/?mlSearchSessionGuid=5ccd199be5d7419b8fafb8ea055be6bb
flat;Вместе;real_estate_agent;sale;Кировский;5;5;3;Новосибирск;4100000;;2; Оловозаводская;45.2;Студенческая;https://novosibirsk.cian.ru/sale/flat/323740689/?mlSearchSessionGuid=5ccd199be5d7419b8fafb8ea055be6bb
flat;MetroPolis;real_estate_agent;sale;Кировский;3;18;19;Новосибирск;4100000;Просторный;2; Николая Сотникова;55.0;Студенческая;https://novosibirsk.cian.ru/sale/flat/322386992/?mlSearchSessionGuid=5ccd199be5d7419b8fafb8ea055be6bb
flat;Меркурий;real_estate_agent;sale;Кировский;11;17;4;Новосибирск;4100000;;2; Виктора Уса;38.0;Площадь Маркса;https://novosibirsk.cian.ru/sale/flat/325518714/?mlSearchSessionGuid=5ccd199be5d7419b8fafb8ea055be6bb
flat;Александр Садовский;realtor;sale;Ленинский;3;5;22;Новосибирск;4100000;;2; Пархоменко;42.0;Студенческая;https://novosibirsk.cian.ru/sale/flat/324634385/?mlSearchSessionGuid=5ccd199be5d7419b8fafb8ea055be6bb
flat;МакроМир;real_estate_agent;sale;Дзержинский;5;5;8;Новосибирск;4190000;;2;Индустриальная ;44.4;Березовая Роща;https://novosibirsk.cian.ru/sale/flat/326002653/?mlSearchSessionGuid=5ccd199be5d7419b8fafb8ea055be6bb
flat;ЖИЛФОНД;real_estate_agent;sale;Дзержинский;2;4;75;Новосибирск;4190000;;2;проспект Дзержинского;56.7;Золотая Нива;https://novosibirsk.cian.ru/sale/flat/324843553/?mlSearchSessionGuid=5ccd199be5d7419b8fafb8ea055be6bb
flat;ЖИЛФОНД;real_estate_agent;sale;Ленинский;5;5;37;Новосибирск;4150000;;2;Степная ;44.3;Площадь Маркса;https://novosibirsk.cian.ru/sale/flat/326579379/?mlSearchSessionGuid=5ccd199be5d7419b8fafb8ea055be6bb
flat;ЖИЛФОНД;real_estate_agent;sale;Ленинский;4;9;12/1;Новосибирск;4180000;;2; Немировича-Данченко;43.9;Площадь Маркса;https://novosibirsk.cian.ru/sale/flat/317289523/?mlSearchSessionGuid=5ccd199be5d7419b8fafb8ea055be6bb
flat;Владис Центральное;real_estate_agent;sale;Ленинский;5;5;10;Новосибирск;4150000;;2;Планировочная ;42.3;Площадь Маркса;https://novosibirsk.cian.ru/sale/flat/320912394/?mlSearchSessionGuid=5ccd199be5d7419b8fafb8ea055be6bb
flat;Статус;real_estate_agent;sale;Ленинский;4;12;21/1;Новосибирск;4150000;;2; Танкистов;47.9;Студенческая;https://novosibirsk.cian.ru/sale/flat/297928477/?mlSearchSessionGuid=5ccd199be5d7419b8fafb8ea055be6bb
flat;Дельта;real_estate_agent;sale;Советский;3;5;18;Новосибирск;4150000;;2; Шлюзовая;46.6;;https://novosibirsk.cian.ru/sale/flat/326547902/?mlSearchSessionGuid=5ccd199be5d7419b8fafb8ea055be6bb
flat;Ваш Академгородок;real_estate_agent;sale;Советский;2;9;5;Новосибирск;4150000;;2; Бердышева;43.0;Студенческая;https://novosibirsk.cian.ru/sale/flat/324938249/?mlSearchSessionGuid=5ccd199be5d7419b8fafb8ea055be6bb
flat;ЖИЛФОНД;real_estate_agent;sale;Первомайский;5;5;19;Новосибирск;4200000;;2;Узорная ;45.9;Речной вокзал;https://novosibirsk.cian.ru/sale/flat/326747806/?mlSearchSessionGuid=5ccd199be5d7419b8fafb8ea055be6bb
flat;ЖИЛФОНД;real_estate_agent;sale;Калининский;4;5;20/2;Новосибирск;4200000;;2; Столетова;43.7;Заельцовская;https://novosibirsk.cian.ru/sale/flat/326617778/?mlSearchSessionGuid=5ccd199be5d7419b8fafb8ea055be6bb
flat;ЖИЛФОНД;real_estate_agent;sale;Кировский;10;17;22/1;Новосибирск;4200000;Семейный квартал;2;Бронная ;40.3;Студенческая;https://novosibirsk.cian.ru/sale/flat/322477739/?mlSearchSessionGuid=5ccd199be5d7419b8fafb8ea055be6bb
flat;ЖИЛФОНД;real_estate_agent;sale;Дзержинский;3;3;13;Новосибирск;4200000;;2;Индустриальная ;41.0;Березовая Роща;https://novosibirsk.cian.ru/sale/flat/321720424/?mlSearchSessionGuid=5ccd199be5d7419b8fafb8ea055be6bb
flat;ЖИЛФОНД;real_estate_agent;sale;Ленинский;4;17;98;Новосибирск;4200000;Радуга Сибири;2; Забалуева;40.0;Площадь Маркса;https://novosibirsk.cian.ru/sale/flat/321202988/?mlSearchSessionGuid=5ccd199be5d7419b8fafb8ea055be6bb
flat;ПРОЕКТ;real_estate_agent;sale;Первомайский;16;17;22/3;Новосибирск;4200000;Берёзовое;2; Твардовского;44.0;Речной вокзал;https://novosibirsk.cian.ru/sale/flat/325659339/?mlSearchSessionGuid=5ccd199be5d7419b8fafb8ea055be6bb
flat;Квартирный портал;real_estate_agent;sale;Кировский;7;17;22/1;Новосибирск;4200000;Семейный квартал;2;Бронная ;43.0;Площадь Маркса;https://novosibirsk.cian.ru/sale/flat/320214696/?mlSearchSessionGuid=5ccd199be5d7419b8fafb8ea055be6bb
flat;Владис Центральное;real_estate_agent;sale;Октябрьский;3;5;173;Новосибирск;4200000;;2;Большевистская ;42.7;Спортивная;https://novosibirsk.cian.ru/sale/flat/326439545/?mlSearchSessionGuid=5ccd199be5d7419b8fafb8ea055be6bb
flat;ЕВРОДОМ;real_estate_agent;sale;Кировский;4;5;55;Новосибирск;4200000;;2; Петухова;53.2;Площадь Маркса;https://novosibirsk.cian.ru/sale/flat/323573237/?mlSearchSessionGuid=5ccd199be5d7419b8fafb8ea055be6bb
flat;ЕВРОДОМ;real_estate_agent;sale;Заельцовский;2;9;106;Новосибирск;4200000;;2;Кубовая ;44.6;Заельцовская;https://novosibirsk.cian.ru/sale/flat/323800895/?mlSearchSessionGuid=5ccd199be5d7419b8fafb8ea055be6bb
flat;ЕВРОДОМ;real_estate_agent;sale;Калининский;4;5;18;Новосибирск;4200000;;2; Столетова;44.0;Заельцовская;https://novosibirsk.cian.ru/sale/flat/314724860/?mlSearchSessionGuid=5ccd199be5d7419b8fafb8ea055be6bb
flat;Владис Центральное;real_estate_agent;sale;Октябрьский;5;5;6;Новосибирск;4200000;;2; Ключ-Камышенское плато;46.0;Речной вокзал;https://novosibirsk.cian.ru/sale/flat/326320662/?mlSearchSessionGuid=5ccd199be5d7419b8fafb8ea055be6bb
flat;Ваш Академгородок;real_estate_agent;sale;Советский;4;5;20;Новосибирск;4200000;;2; Шлюзовая;43.9;;https://novosibirsk.cian.ru/sale/flat/325457710/?mlSearchSessionGuid=5ccd199be5d7419b8fafb8ea055be6bb
flat;Альфа Дом;real_estate_agent;sale;Калининский;5;5;7;Новосибирск;4200000;;2; Новоуральская;43.7;Заельцовская;https://novosibirsk.cian.ru/sale/flat/316268138/?mlSearchSessionGuid=5ccd199be5d7419b8fafb8ea055be6bb
flat;МаяК;real_estate_agent;sale;Дзержинский;1;3;3;Новосибирск;4200000;;2;Учительская ;60.2;Березовая Роща;https://novosibirsk.cian.ru/sale/flat/322864679/?mlSearchSessionGuid=5ccd199be5d7419b8fafb8ea055be6bb
flat;Корона;real_estate_agent;sale;Ленинский;1;9;123;Новосибирск;4200000;;2; Связистов;43.0;Площадь Маркса;https://novosibirsk.cian.ru/sale/flat/323654605/?mlSearchSessionGuid=5ccd199be5d7419b8fafb8ea055be6bb
flat;Олег Беликов;realtor;sale;Кировский;5;5;53/2;Новосибирск;4200000;;2; Петухова;59.0;Площадь Маркса;https://novosibirsk.cian.ru/sale/flat/319566112/?mlSearchSessionGuid=5ccd199be5d7419b8fafb8ea055be6bb
flat;ЖИЛФОНД;real_estate_agent;sale;Кировский;5;5;155/1;Новосибирск;4250000;;2; Немировича-Данченко;45.9;Студенческая;https://novosibirsk.cian.ru/sale/flat/317792335/?mlSearchSessionGuid=5ccd199be5d7419b8fafb8ea055be6bb
flat;Rialtor Group;real_estate_agent;sale;Кировский;1;3;27/1;Новосибирск;4250000;;2;Вертковская ;44.5;Площадь Маркса;https://novosibirsk.cian.ru/sale/flat/324511540/?mlSearchSessionGuid=5ccd199be5d7419b8fafb8ea055be6bb
flat;METRAGE;real_estate_agent;sale;Первомайский;3;5;10;Новосибирск;4250000;;2;Мирная ;49.3;Речной вокзал;https://novosibirsk.cian.ru/sale/flat/323206461/?mlSearchSessionGuid=5ccd199be5d7419b8fafb8ea055be6bb
flat;Владис Центральное;real_estate_agent;sale;Калининский;3;5;33;Новосибирск;4250000;;2; Объединения;46.0;Заельцовская;https://novosibirsk.cian.ru/sale/flat/326677600/?mlSearchSessionGuid=5ccd199be5d7419b8fafb8ea055be6bb
flat;Станислав Грязнов;realtor;sale;Кировский;10;10;5;Новосибирск;4299999;Просторный;2; Николая Сотникова;48.0;Студенческая;https://novosibirsk.cian.ru/sale/flat/325620069/?mlSearchSessionGuid=5ccd199be5d7419b8fafb8ea055be6bb
flat;Дельта;real_estate_agent;sale;Советский;1;5;15;Новосибирск;4300000;;2;Солнечногорская ;53.9;;https://novosibirsk.cian.ru/sale/flat/308696089/?mlSearchSessionGuid=5ccd199be5d7419b8fafb8ea055be6bb
flat;1Е;real_estate_agent;sale;Кировский;1;10;24;Новосибирск;4320000;Просторный;2; Виктора Шевелева;58.0;Студенческая;https://novosibirsk.cian.ru/sale/flat/325875986/?mlSearchSessionGuid=5ccd199be5d7419b8fafb8ea055be6bb
flat;ЖИЛФОНД;real_estate_agent;sale;Ленинский;1;5;28/3;Новосибирск;4300000;;2; Немировича-Данченко;45.0;Площадь Маркса;https://novosibirsk.cian.ru/sale/flat/326553861/?mlSearchSessionGuid=5ccd199be5d7419b8fafb8ea055be6bb
flat;ЖИЛФОНД;real_estate_agent;sale;Ленинский;5;5;10;Новосибирск;4300000;;2;проспект Карла Маркса;42.0;Площадь Маркса;https://novosibirsk.cian.ru/sale/flat/325389495/?mlSearchSessionGuid=5ccd199be5d7419b8fafb8ea055be6bb
flat;ЖИЛФОНД;real_estate_agent;sale;Ленинский;13;17;162/1;Новосибирск;4300000;Азимут;2; Связистов;35.0;Площадь Маркса;https://novosibirsk.cian.ru/sale/flat/326716055/?mlSearchSessionGuid=5ccd199be5d7419b8fafb8ea055be6bb
flat;ЖИЛФОНД;real_estate_agent;sale;Ленинский;1;9;147;Новосибирск;4300000;;2; Связистов;53.2;Площадь Маркса;https://novosibirsk.cian.ru/sale/flat/324194821/?mlSearchSessionGuid=5ccd199be5d7419b8fafb8ea055be6bb
flat;ЖИЛФОНД;real_estate_agent;sale;Ленинский;1;17;90;Новосибирск;4300000;Радуга Сибири;2; Забалуева;39.7;Площадь Маркса;https://novosibirsk.cian.ru/sale/flat/324195921/?mlSearchSessionGuid=5ccd199be5d7419b8fafb8ea055be6bb
flat;АльянсРиэлт;real_estate_agent;sale;Кировский;4;10;8;Новосибирск;4300000;Просторный;2; Александра Чистякова;63.5;Студенческая;https://novosibirsk.cian.ru/sale/flat/327039063/?mlSearchSessionGuid=5ccd199be5d7419b8fafb8ea055be6bb
flat;Планета-8;real_estate_agent;sale;Кировский;8;9;21;Новосибирск;4300000;;2; Громова;42.8;Площадь Маркса;https://novosibirsk.cian.ru/sale/flat/323359458/?mlSearchSessionGuid=5ccd199be5d7419b8fafb8ea055be6bb
flat;Созвездие Весов;real_estate_agent;sale;Советский;2;5;11;Новосибирск;4300000;;2;Солнечногорская ;53.3;;https://novosibirsk.cian.ru/sale/flat/318107916/?mlSearchSessionGuid=5ccd199be5d7419b8fafb8ea055be6bb
flat;Планета Недвижимости -подразделение ООО Лаки;real_estate_agent;sale;;1;5;95А;Новосибирск;4300000;;2; Солидарности;50.5;Заельцовская;https://novosibirsk.cian.ru/sale/flat/318561375/?mlSearchSessionGuid=5ccd199be5d7419b8fafb8ea055be6bb
flat;АльянсРиэлт;real_estate_agent;sale;Ленинский;5;5;28;Новосибирск;4300000;;2;проспект Карла Маркса;42.3;Студенческая;https://novosibirsk.cian.ru/sale/flat/320756065/?mlSearchSessionGuid=5ccd199be5d7419b8fafb8ea055be6bb
flat;Наследие;real_estate_agent;sale;Октябрьский;3;5;5;Новосибирск;4300000;;2;Пешеходная ;44.3;Золотая Нива;https://novosibirsk.cian.ru/sale/flat/319659611/?mlSearchSessionGuid=5ccd199be5d7419b8fafb8ea055be6bb
flat;МакроМир;real_estate_agent;sale;Дзержинский;1;6;12;Новосибирск;4300000;;2; Шекспира;41.6;Березовая Роща;https://novosibirsk.cian.ru/sale/flat/326460479/?mlSearchSessionGuid=5ccd199be5d7419b8fafb8ea055be6bb
flat;Формула недвижимости;real_estate_agent;sale;Кировский;2;3;4/1;Новосибирск;4300000;;2;Воскресная ;58.0;Студенческая;https://novosibirsk.cian.ru/sale/flat/305758180/?mlSearchSessionGuid=5ccd199be5d7419b8fafb8ea055be6bb
flat;Планета-А;real_estate_agent;sale;Октябрьский;1;5;185;Новосибирск;4300000;;2; Толстого;46.0;Речной вокзал;https://novosibirsk.cian.ru/sale/flat/324597002/?mlSearchSessionGuid=5ccd199be5d7419b8fafb8ea055be6bb
flat;МакроМир;real_estate_agent;sale;Ленинский;7;9;33;Новосибирск;4300000;;2;Ударная ;44.1;Площадь Маркса;https://novosibirsk.cian.ru/sale/flat/322357884/?mlSearchSessionGuid=5ccd199be5d7419b8fafb8ea055be6bb
flat;Иван Плахута;realtor;sale;Ленинский;5;5;30;Новосибирск;4330000;;2;Выставочная ;43.3;Площадь Маркса;https://novosibirsk.cian.ru/sale/flat/326932902/?mlSearchSessionGuid=5ccd199be5d7419b8fafb8ea055be6bb
flat;Станислав Апёнкин;realtor;sale;Ленинский;1;9;10А;Новосибирск;4300000;;2;Петропавловская ;41.6;Площадь Маркса;https://novosibirsk.cian.ru/sale/flat/321855050/?mlSearchSessionGuid=5ccd199be5d7419b8fafb8ea055be6bb
flat;ЖИЛФОНД;real_estate_agent;sale;Ленинский;5;5;19/2;Новосибирск;4350000;;2; Станиславского;45.1;Площадь Маркса;https://novosibirsk.cian.ru/sale/flat/322760657/?mlSearchSessionGuid=5ccd199be5d7419b8fafb8ea055be6bb
flat;ЖИЛФОНД;real_estate_agent;sale;Железнодорожный;1;3;9;Новосибирск;4380000;;2;Железнодорожная ;39.0;Площадь Гарина-Михайловского;https://novosibirsk.cian.ru/sale/flat/326436123/?mlSearchSessionGuid=5ccd199be5d7419b8fafb8ea055be6bb
flat;ЖИЛФОНД;real_estate_agent;sale;Первомайский;13;17;22/2;Новосибирск;4350000;Берёзовое;2; Твардовского;40.0;Спортивная;https://novosibirsk.cian.ru/sale/flat/327057319/?mlSearchSessionGuid=5ccd199be5d7419b8fafb8ea055be6bb
flat;ОЛИМП;real_estate_agent;sale;Ленинский;5;9;137;Новосибирск;4399000;;2;Широкая ;45.0;Площадь Маркса;https://novosibirsk.cian.ru/sale/flat/326514430/?mlSearchSessionGuid=5ccd199be5d7419b8fafb8ea055be6bb
flat;СФЕРА 54;real_estate_agent;sale;Ленинский;2;10;137/1;Новосибирск;4350000;;2;Широкая ;45.3;Площадь Маркса;https://novosibirsk.cian.ru/sale/flat/326344077/?mlSearchSessionGuid=5ccd199be5d7419b8fafb8ea055be6bb
flat;Владис Центральное;real_estate_agent;sale;Заельцовский;3;5;113;Новосибирск;4390000;;2; Жуковского;44.8;Заельцовская;https://novosibirsk.cian.ru/sale/flat/325862468/?mlSearchSessionGuid=5ccd199be5d7419b8fafb8ea055be6bb
flat;НСК-top;real_estate_agent;sale;Дзержинский;3;10;10;Новосибирск;4399000;;2; Шекспира;43.2;Березовая Роща;https://novosibirsk.cian.ru/sale/flat/326986151/?mlSearchSessionGuid=5ccd199be5d7419b8fafb8ea055be6bb
flat;Планета-8;real_estate_agent;sale;Кировский;4;5;98;Новосибирск;4350000;;2; Петухова;47.0;Площадь Маркса;https://novosibirsk.cian.ru/sale/flat/325641206/?mlSearchSessionGuid=5ccd199be5d7419b8fafb8ea055be6bb
flat;Ключи;real_estate_agent;sale;Кировский;1;9;1/1;Новосибирск;4390000;;2; Урманова;52.3;Студенческая;https://novosibirsk.cian.ru/sale/flat/315386738/?mlSearchSessionGuid=5ccd199be5d7419b8fafb8ea055be6bb
flat;METRAGE;real_estate_agent;sale;Калининский;8;9;4;Новосибирск;4400000;Поколение;2; Михаила Востокова;38.0;Заельцовская;https://novosibirsk.cian.ru/sale/flat/324152826/?mlSearchSessionGuid=5ccd199be5d7419b8fafb8ea055be6bb
flat;ЖИЛФОНД;real_estate_agent;sale;Кировский;6;10;14;Новосибирск;4400000;Просторный;2; Николая Сотникова;40.6;Студенческая;https://novosibirsk.cian.ru/sale/flat/326305916/?mlSearchSessionGuid=5ccd199be5d7419b8fafb8ea055be6bb
flat;ЖИЛФОНД;real_estate_agent;sale;Ленинский;1;5;9;Новосибирск;4400000;;2;Колхидская ;44.0;Площадь Маркса;https://novosibirsk.cian.ru/sale/flat/326573789/?mlSearchSessionGuid=5ccd199be5d7419b8fafb8ea055be6bb
flat;Калининское;real_estate_agent;sale;Калининский;1;5;8/3;Новосибирск;4400000;;2; Богдана Хмельницкого;42.6;Заельцовская;https://novosibirsk.cian.ru/sale/flat/323746361/?mlSearchSessionGuid=5ccd199be5d7419b8fafb8ea055be6bb
flat;ЖИЛФОНД;real_estate_agent;sale;Дзержинский;1;5;47/2;Новосибирск;4400000;;2; Красина;42.8;Березовая Роща;https://novosibirsk.cian.ru/sale/flat/325161466/?mlSearchSessionGuid=5ccd199be5d7419b8fafb8ea055be6bb
flat;Все Новые Дома;real_estate_agent;sale;Кировский;1;5;18;Новосибирск;4400000;;2; Сибиряков-Гвардейцев;44.3;Площадь Маркса;https://novosibirsk.cian.ru/sale/flat/326642240/?mlSearchSessionGuid=5ccd199be5d7419b8fafb8ea055be6bb
flat;Люди;real_estate_agent;sale;Ленинский;1;5;21;Новосибирск;4400000;;2;Новогодняя ;46.0;Студенческая;https://novosibirsk.cian.ru/sale/flat/320099261/?mlSearchSessionGuid=5ccd199be5d7419b8fafb8ea055be6bb
flat;Rialtor Group;real_estate_agent;sale;Первомайский;5;5;24;Новосибирск;4400000;;2; Маяковского;43.1;Речной вокзал;https://novosibirsk.cian.ru/sale/flat/324968239/?mlSearchSessionGuid=5ccd199be5d7419b8fafb8ea055be6bb
flat;Квартирный портал;real_estate_agent;sale;Кировский;3;17;22/1;Новосибирск;4400000;Семейный квартал;2;Бронная ;41.1;Площадь Маркса;https://novosibirsk.cian.ru/sale/flat/326416581/?mlSearchSessionGuid=5ccd199be5d7419b8fafb8ea055be6bb
flat;Владис Центральное;real_estate_agent;sale;Октябрьский;4;5;147;Новосибирск;4400000;;2;Ленинградская ;44.6;Речной вокзал;https://novosibirsk.cian.ru/sale/flat/326755553/?mlSearchSessionGuid=5ccd199be5d7419b8fafb8ea055be6bb
flat;Владис Центральное;real_estate_agent;sale;Ленинский;12;17;162;Новосибирск;4400000;Азимут;2; Связистов;37.1;Площадь Маркса;https://novosibirsk.cian.ru/sale/flat/322153829/?mlSearchSessionGuid=5ccd199be5d7419b8fafb8ea055be6bb
flat;МакроМир;real_estate_agent;sale;Дзержинский;5;5;51/1;Новосибирск;4400000;;2; Есенина;43.3;Золотая Нива;https://novosibirsk.cian.ru/sale/flat/326136195/?mlSearchSessionGuid=5ccd199be5d7419b8fafb8ea055be6bb
flat;РиэлтПрофи;real_estate_agent;sale;Советский;6;9;14;Новосибирск;4400000;;2; Шлюзовая;44.2;;https://novosibirsk.cian.ru/sale/flat/321642310/?mlSearchSessionGuid=5ccd199be5d7419b8fafb8ea055be6bb
flat;ПРОЕКТ;real_estate_agent;sale;Калининский;2;5;27/1;Новосибирск;4400000;;2; Макаренко;41.9;Заельцовская;https://novosibirsk.cian.ru/sale/flat/322587512/?mlSearchSessionGuid=5ccd199be5d7419b8fafb8ea055be6bb
flat;ЖИЛФОНД;real_estate_agent;sale;Кировский;4;5;179;Новосибирск;4450000;;2; Зорге;44.0;Площадь Маркса;https://novosibirsk.cian.ru/sale/flat/326458893/?mlSearchSessionGuid=5ccd199be5d7419b8fafb8ea055be6bb
flat;ЖИЛФОНД;real_estate_agent;sale;Ленинский;5;5;68;Новосибирск;4450000;;2; Забалуева;44.7;Площадь Маркса;https://novosibirsk.cian.ru/sale/flat/322268456/?mlSearchSessionGuid=5ccd199be5d7419b8fafb8ea055be6bb
flat;ЖИЛФОНД;real_estate_agent;sale;Ленинский;5;5;33;Новосибирск;4450000;;2; Блюхера;43.0;Площадь Маркса;https://novosibirsk.cian.ru/sale/flat/320452637/?mlSearchSessionGuid=5ccd199be5d7419b8fafb8ea055be6bb
flat;ЖИЛФОНД;real_estate_agent;sale;Калининский;3;5;21/3;Новосибирск;4490000;;2; Олеко Дундича;42.6;Березовая Роща;https://novosibirsk.cian.ru/sale/flat/324202697/?mlSearchSessionGuid=5ccd199be5d7419b8fafb8ea055be6bb
flat;МакроМир;real_estate_agent;sale;Ленинский;5;5;1/2;Новосибирск;4499000;;2;Планировочная ;47.1;Площадь Маркса;https://novosibirsk.cian.ru/sale/flat/326329194/?mlSearchSessionGuid=5ccd199be5d7419b8fafb8ea055be6bb
flat;Владис Центральное;real_estate_agent;sale;Кировский;1;3;36;Новосибирск;4490000;;2; Бебеля;53.3;Площадь Маркса;https://novosibirsk.cian.ru/sale/flat/326679935/?mlSearchSessionGuid=5ccd199be5d7419b8fafb8ea055be6bb
flat;ПРОЕКТ;real_estate_agent;sale;Первомайский;5;5;3;Новосибирск;4450000;;2;Физкультурная ;46.1;Спортивная;https://novosibirsk.cian.ru/sale/flat/325818058/?mlSearchSessionGuid=5ccd199be5d7419b8fafb8ea055be6bb
flat;Ирина Торжкова;realtor;sale;Ленинский;5;18;102;Новосибирск;4450000;Радуга Сибири;2; Забалуева;44.0;Площадь Маркса;https://novosibirsk.cian.ru/sale/flat/326924274/?mlSearchSessionGuid=5ccd199be5d7419b8fafb8ea055be6bb
flat;ЖИЛФОНД;real_estate_agent;sale;Ленинский;1;5;9;Новосибирск;4500000;;2;Колхидская ;47.6;Площадь Маркса;https://novosibirsk.cian.ru/sale/flat/326113552/?mlSearchSessionGuid=5ccd199be5d7419b8fafb8ea055be6bb
flat;ПЛАНЕТА на Маркса;real_estate_agent;sale;Октябрьский;2;5;202;Новосибирск;4500000;;2; Белинского;43.3;Речной вокзал;https://novosibirsk.cian.ru/sale/flat/326901672/?mlSearchSessionGuid=5ccd199be5d7419b8fafb8ea055be6bb
flat;ЖИЛФОНД;real_estate_agent;sale;Дзержинский;4;5;33/2;Новосибирск;4500000;;2; Доватора;42.3;Золотая Нива;https://novosibirsk.cian.ru/sale/flat/325446850/?mlSearchSessionGuid=5ccd199be5d7419b8fafb8ea055be6bb
flat;ЖИЛФОНД;real_estate_agent;sale;Калининский;2;3;21;Новосибирск;4500000;;2; Чекалина;35.4;Заельцовская;https://novosibirsk.cian.ru/sale/flat/305684267/?mlSearchSessionGuid=5ccd199be5d7419b8fafb8ea055be6bb
flat;ЖИЛФОНД;real_estate_agent;sale;Железнодорожный;5;5;2;Новосибирск;4500000;;2;Фабричная ;42.6;Речной вокзал;https://novosibirsk.cian.ru/sale/flat/304761591/?mlSearchSessionGuid=5ccd199be5d7419b8fafb8ea055be6bb
flat;ЖИЛФОНД;real_estate_agent;sale;Дзержинский;1;5;15/1;Новосибирск;4500000;;2;Гусинобродское шоссе;42.7;Золотая Нива;https://novosibirsk.cian.ru/sale/flat/327076427/?mlSearchSessionGuid=5ccd199be5d7419b8fafb8ea055be6bb
flat;ДомианНСК;real_estate_agent;sale;Ленинский;5;5;6;Новосибирск;4500000;;2;Выставочная ;44.2;Площадь Маркса;https://novosibirsk.cian.ru/sale/flat/327067638/?mlSearchSessionGuid=5ccd199be5d7419b8fafb8ea055be6bb
flat;МакроМир;real_estate_agent;sale;Калининский;1;2;75;Новосибирск;4500000;;2; Богдана Хмельницкого;57.9;Заельцовская;https://novosibirsk.cian.ru/sale/flat/326053420/?mlSearchSessionGuid=5ccd199be5d7419b8fafb8ea055be6bb
flat;Планета;real_estate_agent;sale;Дзержинский;4;9;11;Новосибирск;4500000;;2; Дениса Давыдова;44.0;Березовая Роща;https://novosibirsk.cian.ru/sale/flat/326057083/?mlSearchSessionGuid=5ccd199be5d7419b8fafb8ea055be6bb
flat;Дельта;real_estate_agent;sale;Советский;1;2;10;Новосибирск;4500000;;2;бульвар Молодежи;43.5;Речной вокзал;https://novosibirsk.cian.ru/sale/flat/324883933/?mlSearchSessionGuid=5ccd199be5d7419b8fafb8ea055be6bb
flat;Rialtor Group;real_estate_agent;sale;Заельцовский;1;4;7;Новосибирск;4500000;;2;Ельцовская ;52.0;Гагаринская;https://novosibirsk.cian.ru/sale/flat/322904080/?mlSearchSessionGuid=5ccd199be5d7419b8fafb8ea055be6bb
flat;Дельта;real_estate_agent;sale;Советский;4;9;21;Новосибирск;4500000;;2; Молодости;49.6;Студенческая;https://novosibirsk.cian.ru/sale/flat/312069178/?mlSearchSessionGuid=5ccd199be5d7419b8fafb8ea055be6bb
flat;ВАШ ВЫБОР;real_estate_agent;sale;Заельцовский;2;3;25;Новосибирск;4500000;;2;Северная ;42.0;Заельцовская;https://novosibirsk.cian.ru/sale/flat/325278709/?mlSearchSessionGuid=5ccd199be5d7419b8fafb8ea055be6bb
flat;ПРОЕКТ;real_estate_agent;sale;Первомайский;8;19;1/8;Новосибирск;4500000;Берёзовое;2; Одоевского;39.0;Речной вокзал;https://novosibirsk.cian.ru/sale/flat/326650599/?mlSearchSessionGuid=5ccd199be5d7419b8fafb8ea055be6bb
flat;ЕВРОДОМ;real_estate_agent;sale;Кировский;4;5;147;Новосибирск;4500000;;2; Немировича-Данченко;44.0;Студенческая;https://novosibirsk.cian.ru/sale/flat/325026894/?mlSearchSessionGuid=5ccd199be5d7419b8fafb8ea055be6bb
flat;Владис Центральное;real_estate_agent;sale;Кировский;1;9;74;Новосибирск;4500000;;2; Петухова;44.0;Площадь Маркса;https://novosibirsk.cian.ru/sale/flat/326425382/?mlSearchSessionGuid=5ccd199be5d7419b8fafb8ea055be6bb
flat;Владис Центральное;real_estate_agent;sale;Калининский;5;6;36;Новосибирск;4500000;;2;Народная ;42.7;Заельцовская;https://novosibirsk.cian.ru/sale/flat/326142671/?mlSearchSessionGuid=5ccd199be5d7419b8fafb8ea055be6bb
flat;Владис Центральное;real_estate_agent;sale;Железнодорожный;1;5;14;Новосибирск;4500000;;2;Владимировская ;44.6;Площадь Гарина-Михайловского;https://novosibirsk.cian.ru/sale/flat/326052802/?mlSearchSessionGuid=5ccd199be5d7419b8fafb8ea055be6bb
flat;Владис Центральное;real_estate_agent;sale;Октябрьский;12;18;10;Новосибирск;4500000;Выборная-Рябиновая;2;Рябиновая ;55.6;Речной вокзал;https://novosibirsk.cian.ru/sale/flat/326689345/?mlSearchSessionGuid=5ccd199be5d7419b8fafb8ea055be6bb
flat;Квартирный портал;real_estate_agent;sale;Кировский;9;17;22/1;Новосибирск;4500000;Семейный квартал;2;Бронная ;40.5;Площадь Маркса;https://novosibirsk.cian.ru/sale/flat/326416583/?mlSearchSessionGuid=5ccd199be5d7419b8fafb8ea055be6bb
flat;Ново-Николаевскъ;real_estate_agent;sale;Калининский;5;5;21/2;Новосибирск;4500000;;2; Олеко Дундича;42.7;Березовая Роща;https://novosibirsk.cian.ru/sale/flat/312581936/?mlSearchSessionGuid=5ccd199be5d7419b8fafb8ea055be6bb
flat;ЖИЛФОНД;real_estate_agent;sale;Калининский;5;5;9/1;Новосибирск;4550000;;2;Народная ;44.0;Заельцовская;https://novosibirsk.cian.ru/sale/flat/326378406/?mlSearchSessionGuid=5ccd199be5d7419b8fafb8ea055be6bb
flat;ЖИЛФОНД;real_estate_agent;sale;Дзержинский;3;3;41;Новосибирск;4550000;;2;Республиканская ;48.9;Березовая Роща;https://novosibirsk.cian.ru/sale/flat/324383716/?mlSearchSessionGuid=5ccd199be5d7419b8fafb8ea055be6bb
flat;ЖИЛФОНД;real_estate_agent;sale;Кировский;1;9;13;Новосибирск;4599000;;2; Зорге;47.0;Площадь Маркса;https://novosibirsk.cian.ru/sale/flat/327028538/?mlSearchSessionGuid=5ccd199be5d7419b8fafb8ea055be6bb
flat;Планета Недвижимости -подразделение ООО Лаки;real_estate_agent;sale;Октябрьский;9;18;141/11;Новосибирск;4550000;;2; В. Высоцкого;42.9;Золотая Нива;https://novosibirsk.cian.ru/sale/flat/297655212/?mlSearchSessionGuid=5ccd199be5d7419b8fafb8ea055be6bb
flat;Альфа Дом;real_estate_agent;sale;Октябрьский;2;9;6;Новосибирск;4599000;Плющихинский;2; Плющихинская;48.0;Золотая Нива;https://novosibirsk.cian.ru/sale/flat/326588855/?mlSearchSessionGuid=5ccd199be5d7419b8fafb8ea055be6bb
flat;Квартирный портал;real_estate_agent;sale;Первомайский;8;17;22/5;Новосибирск;4550000;Берёзовое;2; Твардовского;42.5;Речной вокзал;https://novosibirsk.cian.ru/sale/flat/326176225/?mlSearchSessionGuid=5ccd199be5d7419b8fafb8ea055be6bb
flat;СМК-недвижимость;real_estate_agent;sale;Ленинский;4;5;32;Новосибирск;4590000;;2; Станиславского;42.4;Площадь Маркса;https://novosibirsk.cian.ru/sale/flat/306971849/?mlSearchSessionGuid=5ccd199be5d7419b8fafb8ea055be6bb
flat;Планета на Станиславского;real_estate_agent;sale;Калининский;4;5;23/3;Новосибирск;4580000;;2; Олеко Дундича;43.7;Заельцовская;https://novosibirsk.cian.ru/sale/flat/323612221/?mlSearchSessionGuid=5ccd199be5d7419b8fafb8ea055be6bb
flat;ЖИЛФОНД;real_estate_agent;sale;Ленинский;4;17;98;Новосибирск;4600000;Радуга Сибири;2; Забалуева;45.7;Площадь Маркса;https://novosibirsk.cian.ru/sale/flat/323575093/?mlSearchSessionGuid=5ccd199be5d7419b8fafb8ea055be6bb
flat;ЖИЛФОНД;real_estate_agent;sale;Заельцовский;4;5;25/3;Новосибирск;4600000;;2;Дачная ;41.4;Заельцовская;https://novosibirsk.cian.ru/sale/flat/326994242/?mlSearchSessionGuid=5ccd199be5d7419b8fafb8ea055be6bb
flat;ЖИЛФОНД;real_estate_agent;sale;Ленинский;8;10;5;Новосибирск;4600000;;2;Колхидская ;48.3;Площадь Маркса;https://novosibirsk.cian.ru/sale/flat/303577657/?mlSearchSessionGuid=5ccd199be5d7419b8fafb8ea055be6bb
flat;ЖИЛФОНД;real_estate_agent;sale;Ленинский;1;5;18/2;Новосибирск;4600000;;2;Планировочная ;34.8;Студенческая;https://novosibirsk.cian.ru/sale/flat/318651956/?mlSearchSessionGuid=5ccd199be5d7419b8fafb8ea055be6bb
flat;МакроМир;real_estate_agent;sale;Калининский;2;5;13;Новосибирск;4600000;;2; Объединения;46.0;Заельцовская;https://novosibirsk.cian.ru/sale/flat/326307753/?mlSearchSessionGuid=5ccd199be5d7419b8fafb8ea055be6bb
flat;Планета на Станиславского;real_estate_agent;sale;Ленинский;3;5;3;Новосибирск;4600000;;2;Планировочная ;43.0;Студенческая;https://novosibirsk.cian.ru/sale/flat/326460478/?mlSearchSessionGuid=5ccd199be5d7419b8fafb8ea055be6bb
flat;Владис Центральное;real_estate_agent;sale;Калининский;3;3;66/1;Новосибирск;4600000;;2; Богдана Хмельницкого;64.5;Заельцовская;https://novosibirsk.cian.ru/sale/flat/324004050/?mlSearchSessionGuid=5ccd199be5d7419b8fafb8ea055be6bb
flat;Владис Центральное;real_estate_agent;sale;Ленинский;5;9;23;Новосибирск;4600000;;2;Киевская ;44.8;Площадь Маркса;https://novosibirsk.cian.ru/sale/flat/308002741/?mlSearchSessionGuid=5ccd199be5d7419b8fafb8ea055be6bb
flat;METRAGE;real_estate_agent;sale;Дзержинский;3;4;5;Новосибирск;4600000;;2;Республиканская ;33.0;Березовая Роща;https://novosibirsk.cian.ru/sale/flat/326227922/?mlSearchSessionGuid=5ccd199be5d7419b8fafb8ea055be6bb
flat;Владис Центральное;real_estate_agent;sale;Октябрьский;2;3;22;Новосибирск;4600000;;2;Тополевая ;56.3;Площадь Ленина;https://novosibirsk.cian.ru/sale/flat/322464684/?mlSearchSessionGuid=5ccd199be5d7419b8fafb8ea055be6bb
flat;Ключи;real_estate_agent;sale;Ленинский;3;5;16;Новосибирск;4600000;;2; Костычева;44.7;Площадь Маркса;https://novosibirsk.cian.ru/sale/flat/326642191/?mlSearchSessionGuid=5ccd199be5d7419b8fafb8ea055be6bb
flat;Хорошие люди;real_estate_agent;sale;Ленинский;5;5;43;Новосибирск;4600000;;2; Блюхера;43.5;Студенческая;https://novosibirsk.cian.ru/sale/flat/324466355/?mlSearchSessionGuid=5ccd199be5d7419b8fafb8ea055be6bb
flat;КЛЕВЕР;real_estate_agent;sale;Заельцовский;4;5;92;Новосибирск;4600000;;2; Кропоткина;43.6;Гагаринская;https://novosibirsk.cian.ru/sale/flat/320093070/?mlSearchSessionGuid=5ccd199be5d7419b8fafb8ea055be6bb
flat;Жанна Кулешова;realtor;sale;Кировский;4;5;20;Новосибирск;4600000;;2; Петухова;44.1;Площадь Маркса;https://novosibirsk.cian.ru/sale/flat/322310968/?mlSearchSessionGuid=5ccd199be5d7419b8fafb8ea055be6bb
flat;ЖИЛФОНД;real_estate_agent;sale;Кировский;1;10;99/1;Новосибирск;4650000;Матрешкин двор;2; Петухова;41.8;Площадь Маркса;https://novosibirsk.cian.ru/sale/flat/325119967/?mlSearchSessionGuid=5ccd199be5d7419b8fafb8ea055be6bb
flat;ЖИЛФОНД;real_estate_agent;sale;Кировский;1;3;44;Новосибирск;4650000;;2;Рубежная ;59.8;Студенческая;https://novosibirsk.cian.ru/sale/flat/326557014/?mlSearchSessionGuid=5ccd199be5d7419b8fafb8ea055be6bb
flat;Планета Недвижимости -подразделение ООО Лаки;real_estate_agent;sale;Октябрьский;1;10;39/3;Новосибирск;4650000;;2; В. Высоцкого;50.6;Золотая Нива;https://novosibirsk.cian.ru/sale/flat/318818380/?mlSearchSessionGuid=5ccd199be5d7419b8fafb8ea055be6bb
flat;ДОКТОР КЛЮЧ;real_estate_agent;sale;Ленинский;1;10;35;Новосибирск;4650000;;2;Волховская ;44.0;Площадь Маркса;https://novosibirsk.cian.ru/sale/flat/322862391/?mlSearchSessionGuid=5ccd199be5d7419b8fafb8ea055be6bb
flat;Золотой ключ Плюс;real_estate_agent;sale;Первомайский;3;5;2;Новосибирск;4650000;;2; Эйхе;60.5;Речной вокзал;https://novosibirsk.cian.ru/sale/flat/324882047/?mlSearchSessionGuid=5ccd199be5d7419b8fafb8ea055be6bb
flat;Аванта;real_estate_agent;sale;Ленинский;5;17;69/2;Новосибирск;4653000;Радуга Сибири;2; Забалуева;46.48;Площадь Маркса;https://novosibirsk.cian.ru/sale/flat/326225290/?mlSearchSessionGuid=5ccd199be5d7419b8fafb8ea055be6bb
flat;РиэлтПрофи;real_estate_agent;sale;Советский;4;9;24;Новосибирск;4680000;;2; Шлюзовая;46.1;;https://novosibirsk.cian.ru/sale/flat/326258744/?mlSearchSessionGuid=5ccd199be5d7419b8fafb8ea055be6bb
flat;Золотой ключ Плюс;real_estate_agent;sale;Первомайский;1;3;162;Новосибирск;4650000;;2;Первомайская ;55.4;Спортивная;https://novosibirsk.cian.ru/sale/flat/306826842/?mlSearchSessionGuid=5ccd199be5d7419b8fafb8ea055be6bb
flat;ПЛАНЕТА на Маркса;real_estate_agent;sale;Ленинский;2;9;29;Новосибирск;4650000;;2; Невельского;48.6;Студенческая;https://novosibirsk.cian.ru/sale/flat/323961701/?mlSearchSessionGuid=5ccd199be5d7419b8fafb8ea055be6bb
flat;МакроМир;real_estate_agent;sale;Заельцовский;3;5;16;Новосибирск;4700000;;2;Весенняя ;44.1;Заельцовская;https://novosibirsk.cian.ru/sale/flat/326640136/?mlSearchSessionGuid=5ccd199be5d7419b8fafb8ea055be6bb
flat;ЖИЛФОНД;real_estate_agent;sale;Советский;4;5;12;Новосибирск;4700000;;2; Мусы Джалиля;39.0;;https://novosibirsk.cian.ru/sale/flat/326430576/?mlSearchSessionGuid=5ccd199be5d7419b8fafb8ea055be6bb
flat;ЖИЛФОНД;real_estate_agent;sale;Ленинский;7;17;92;Новосибирск;4700000;Радуга Сибири;2; Забалуева;37.0;Площадь Маркса;https://novosibirsk.cian.ru/sale/flat/319797537/?mlSearchSessionGuid=5ccd199be5d7419b8fafb8ea055be6bb
flat;ЖИЛФОНД;real_estate_agent;sale;Ленинский;1;9;51;Новосибирск;4700000;;2; Невельского;43.3;Площадь Маркса;https://novosibirsk.cian.ru/sale/flat/326223311/?mlSearchSessionGuid=5ccd199be5d7419b8fafb8ea055be6bb
flat;ЖИЛФОНД;real_estate_agent;sale;Октябрьский;1;10;44;Новосибирск;4740000;Плющихинский;2; В. Высоцкого;49.4;Золотая Нива;https://novosibirsk.cian.ru/sale/flat/326758567/?mlSearchSessionGuid=5ccd199be5d7419b8fafb8ea055be6bb
flat;ЖИЛФОНД;real_estate_agent;sale;Дзержинский;3;5;23;Новосибирск;4700000;;2;Гусинобродское шоссе;43.7;Золотая Нива;https://novosibirsk.cian.ru/sale/flat/327031358/?mlSearchSessionGuid=5ccd199be5d7419b8fafb8ea055be6bb
flat;МакроМир;real_estate_agent;sale;Заельцовский;2;3;4;Новосибирск;4700000;;2;Каунасская ;54.0;Заельцовская;https://novosibirsk.cian.ru/sale/flat/324656500/?mlSearchSessionGuid=5ccd199be5d7419b8fafb8ea055be6bb
flat;Владис Центральное;real_estate_agent;sale;Калининский;4;5;65;Новосибирск;4700000;;2; Богдана Хмельницкого;43.0;Заельцовская;https://novosibirsk.cian.ru/sale/flat/326320672/?mlSearchSessionGuid=5ccd199be5d7419b8fafb8ea055be6bb
flat;СТАН;real_estate_agent;sale;Кировский;1;3;14а;Новосибирск;4700000;;2; Бурденко;67.2;Площадь Маркса;https://novosibirsk.cian.ru/sale/flat/323297210/?mlSearchSessionGuid=5ccd199be5d7419b8fafb8ea055be6bb
flat;METRAGE;real_estate_agent;sale;Кировский;12;17;10;Новосибирск;4700000;Матрешкин двор;2; Дмитрия Шмонина;43.2;Студенческая;https://novosibirsk.cian.ru/sale/flat/326678465/?mlSearchSessionGuid=5ccd199be5d7419b8fafb8ea055be6bb
flat;Центр Недвижимости;real_estate_agent;sale;Советский;1;9;30;Новосибирск;4700000;;2;Ветлужская ;38.0;Студенческая;https://novosibirsk.cian.ru/sale/flat/326943928/?mlSearchSessionGuid=5ccd199be5d7419b8fafb8ea055be6bb
flat;Всем Квартиру;real_estate_agent;sale;Октябрьский;1;4;186/3;Новосибирск;4700000;;2; Бориса Богаткова;42.0;Золотая Нива;https://novosibirsk.cian.ru/sale/flat/326895898/?mlSearchSessionGuid=5ccd199be5d7419b8fafb8ea055be6bb
flat;Владис Центральное;real_estate_agent;sale;Ленинский;3;9;137/1;Новосибирск;4700000;;2;Широкая ;43.0;Площадь Маркса;https://novosibirsk.cian.ru/sale/flat/314710188/?mlSearchSessionGuid=5ccd199be5d7419b8fafb8ea055be6bb
flat;PRO Недвижимость;real_estate_agent;sale;Октябрьский;9;10;3;Новосибирск;4700000;Плющихинский;2; Плющихинская;63.5;Золотая Нива;https://novosibirsk.cian.ru/sale/flat/326483486/?mlSearchSessionGuid=5ccd199be5d7419b8fafb8ea055be6bb
flat;НИАН;real_estate_agent;sale;Дзержинский;3;5;10;Новосибирск;4700000;;2;Промышленная ;43.0;Березовая Роща;https://novosibirsk.cian.ru/sale/flat/326561861/?mlSearchSessionGuid=5ccd199be5d7419b8fafb8ea055be6bb
flat;Универсал;real_estate_agent;sale;Калининский;2;5;14;Новосибирск;4700000;;2; Богдана Хмельницкого;42.0;Заельцовская;https://novosibirsk.cian.ru/sale/flat/325303872/?mlSearchSessionGuid=5ccd199be5d7419b8fafb8ea055be6bb
flat;Жанна Кулешова;realtor;sale;Железнодорожный;1;9;3;Новосибирск;4700000;;2; Прибрежная;52.2;Площадь Гарина-Михайловского;https://novosibirsk.cian.ru/sale/flat/316301035/?mlSearchSessionGuid=5ccd199be5d7419b8fafb8ea055be6bb
flat;ЖИЛФОНД;real_estate_agent;sale;Ленинский;3;9;26;Новосибирск;4790000;Дивногорский;2; Романтиков;39.9;Площадь Маркса;https://novosibirsk.cian.ru/sale/flat/325906868/?mlSearchSessionGuid=5ccd199be5d7419b8fafb8ea055be6bb
flat;ЖИЛФОНД;real_estate_agent;sale;Кировский;3;5;2/2;Новосибирск;4750000;;2; Палласа;44.7;Площадь Маркса;https://novosibirsk.cian.ru/sale/flat/326223312/?mlSearchSessionGuid=5ccd199be5d7419b8fafb8ea055be6bb
flat;ЖИЛФОНД;real_estate_agent;sale;Заельцовский;2;5;105;Новосибирск;4750000;;2;Кубовая ;44.8;Заельцовская;https://novosibirsk.cian.ru/sale/flat/318204161/?mlSearchSessionGuid=5ccd199be5d7419b8fafb8ea055be6bb
flat;ЖИЛФОНД;real_estate_agent;sale;Октябрьский;1;10;50;Новосибирск;4750000;Плющихинский;2; В. Высоцкого;45.3;Золотая Нива;https://novosibirsk.cian.ru/sale/flat/324258703/?mlSearchSessionGuid=5ccd199be5d7419b8fafb8ea055be6bb
flat;ЖИЛФОНД;real_estate_agent;sale;Ленинский;2;5;12/1;Новосибирск;4780000;;2;проспект Карла Маркса;43.5;Студенческая;https://novosibirsk.cian.ru/sale/flat/322760840/?mlSearchSessionGuid=5ccd199be5d7419b8fafb8ea055be6bb
flat;ЖИЛФОНД;real_estate_agent;sale;Калининский;5;5;35/1;Новосибирск;4750000;;2;Танковая ;45.7;Заельцовская;https://novosibirsk.cian.ru/sale/flat/326983671/?mlSearchSessionGuid=5ccd199be5d7419b8fafb8ea055be6bb
flat;ЖИЛФОНД;real_estate_agent;sale;Октябрьский;8;18;11/3;Новосибирск;4790000;Плющихинский;2; Виталия Потылицына;54.9;Золотая Нива;https://novosibirsk.cian.ru/sale/flat/319809329/?mlSearchSessionGuid=5ccd199be5d7419b8fafb8ea055be6bb
flat;METRAGE;real_estate_agent;sale;Октябрьский;5;10;41/1;Новосибирск;4750000;Плющихинский;2; Татьяны Снежиной;57.6;Золотая Нива;https://novosibirsk.cian.ru/sale/flat/323874339/?mlSearchSessionGuid=5ccd199be5d7419b8fafb8ea055be6bb
flat;ЕВРОДОМ;real_estate_agent;sale;Ленинский;5;5;21/1;Новосибирск;4750000;;2;Широкая ;44.0;Площадь Маркса;https://novosibirsk.cian.ru/sale/flat/322512361/?mlSearchSessionGuid=5ccd199be5d7419b8fafb8ea055be6bb
flat;СМК-недвижимость;real_estate_agent;sale;Кировский;8;9;14/1;Новосибирск;4780000;;2; Петухова;55.3;Площадь Маркса;https://novosibirsk.cian.ru/sale/flat/323065416/?mlSearchSessionGuid=5ccd199be5d7419b8fafb8ea055be6bb
flat;Планета Недвижимости -подразделение ООО Лаки;real_estate_agent;sale;Калининский;5;5;14/1;Новосибирск;4750000;;2;Народная ;43.0;Заельцовская;https://novosibirsk.cian.ru/sale/flat/317383000/?mlSearchSessionGuid=5ccd199be5d7419b8fafb8ea055be6bb
flat;ЛЕГКОЕ РЕШЕНИЕ;real_estate_agent;sale;Заельцовский;4;5;109;Новосибирск;4750000;;2; Жуковского;41.9;Заельцовская;https://novosibirsk.cian.ru/sale/flat/299399076/?mlSearchSessionGuid=5ccd199be5d7419b8fafb8ea055be6bb
flat;ЖИЛФОНД;real_estate_agent;sale;Ленинский;4;5;78;Новосибирск;4800000;;2; Пархоменко;44.5;Площадь Маркса;https://novosibirsk.cian.ru/sale/flat/326576488/?mlSearchSessionGuid=5ccd199be5d7419b8fafb8ea055be6bb
flat;ЖИЛФОНД;real_estate_agent;sale;Дзержинский;4;5;53/1;Новосибирск;4800000;;2; Есенина;46.4;Золотая Нива;https://novosibirsk.cian.ru/sale/flat/324971303/?mlSearchSessionGuid=5ccd199be5d7419b8fafb8ea055be6bb
flat;ЖИЛФОНД;real_estate_agent;sale;Ленинский;5;5;6/1;Новосибирск;4800000;;2;проспект Карла Маркса;45.7;Площадь Маркса;https://novosibirsk.cian.ru/sale/flat/321740352/?mlSearchSessionGuid=5ccd199be5d7419b8fafb8ea055be6bb
flat;ЖИЛФОНД;real_estate_agent;sale;Заельцовский;5;5;49;Новосибирск;4800000;;2; Дмитрия Донского;42.3;Заельцовская;https://novosibirsk.cian.ru/sale/flat/326232615/?mlSearchSessionGuid=5ccd199be5d7419b8fafb8ea055be6bb
flat;ЖИЛФОНД;real_estate_agent;sale;Ленинский;4;6;150/2;Новосибирск;4800000;Дивногорский;2;Дивногорская ;51.4;Площадь Маркса;https://novosibirsk.cian.ru/sale/flat/324043081/?mlSearchSessionGuid=5ccd199be5d7419b8fafb8ea055be6bb
flat;ЖИЛФОНД;real_estate_agent;sale;Ленинский;5;5;9;Новосибирск;4800000;;2;Колхидская ;40.8;Площадь Маркса;https://novosibirsk.cian.ru/sale/flat/327075412/?mlSearchSessionGuid=5ccd199be5d7419b8fafb8ea055be6bb
flat;ЖИЛФОНД;real_estate_agent;sale;Советский;4;4;35;Новосибирск;4800000;;2; Героев Труда;42.0;;https://novosibirsk.cian.ru/sale/flat/327075384/?mlSearchSessionGuid=5ccd199be5d7419b8fafb8ea055be6bb
flat;ВИЛИЯ;real_estate_agent;sale;Кировский;16;17;2;Новосибирск;4800000;;2; Виктора Уса;50.0;Площадь Маркса;https://novosibirsk.cian.ru/sale/flat/321810172/?mlSearchSessionGuid=5ccd199be5d7419b8fafb8ea055be6bb
flat;Владис Центральное;real_estate_agent;sale;Кировский;5;5;18;Новосибирск;4800000;;2;Новогодняя ;42.0;Площадь Маркса;https://novosibirsk.cian.ru/sale/flat/327028129/?mlSearchSessionGuid=5ccd199be5d7419b8fafb8ea055be6bb
flat;Планета Недвижимости -подразделение ООО Лаки;real_estate_agent;sale;Кировский;5;5;135а;Новосибирск;4800000;;2; Немировича-Данченко;43.2;Площадь Маркса;https://novosibirsk.cian.ru/sale/flat/326116011/?mlSearchSessionGuid=5ccd199be5d7419b8fafb8ea055be6bb
flat;Дельта;real_estate_agent;sale;Советский;4;10;3;Новосибирск;4800000;;2; Лесосечная;52.9;Речной вокзал;https://novosibirsk.cian.ru/sale/flat/317846927/?mlSearchSessionGuid=5ccd199be5d7419b8fafb8ea055be6bb
flat;Созвездие Весов;real_estate_agent;sale;Советский;5;5;11;Новосибирск;4800000;;2;Солнечногорская ;54.0;;https://novosibirsk.cian.ru/sale/flat/320643927/?mlSearchSessionGuid=5ccd199be5d7419b8fafb8ea055be6bb
flat;Ключи;real_estate_agent;sale;Кировский;11;24;54;Новосибирск;4830000;Новые Матрёшки;2; Бородина;56.0;Площадь Маркса;https://novosibirsk.cian.ru/sale/flat/326459687/?mlSearchSessionGuid=5ccd199be5d7419b8fafb8ea055be6bb
flat;METRAGE;real_estate_agent;sale;Калининский;5;5;3/1;Новосибирск;4800000;;2;Народная ;42.4;Заельцовская;https://novosibirsk.cian.ru/sale/flat/326715448/?mlSearchSessionGuid=5ccd199be5d7419b8fafb8ea055be6bb
flat;МакроМир;real_estate_agent;sale;Советский;1;4;1;Новосибирск;4800000;;2; Героев Труда;43.1;Речной вокзал;https://novosibirsk.cian.ru/sale/flat/323355194/?mlSearchSessionGuid=5ccd199be5d7419b8fafb8ea055be6bb
flat;СЛОН;real_estate_agent;sale;Калининский;1;9;17/1;Новосибирск;4800000;;2; Столетова;52.0;Заельцовская;https://novosibirsk.cian.ru/sale/flat/320901351/?mlSearchSessionGuid=5ccd199be5d7419b8fafb8ea055be6bb
flat;Владис Центральное;real_estate_agent;sale;Кировский;5;5;107;Новосибирск;4840000;;2; Зорге;44.0;Площадь Маркса;https://novosibirsk.cian.ru/sale/flat/326457489/?mlSearchSessionGuid=5ccd199be5d7419b8fafb8ea055be6bb
flat;АльянсРиэлт;real_estate_agent;sale;Кировский;3;10;128/1;Новосибирск;4800000;;2; Петухова;54.9;Площадь Маркса;https://novosibirsk.cian.ru/sale/flat/324399653/?mlSearchSessionGuid=5ccd199be5d7419b8fafb8ea055be6bb
flat;КЛЕВЕР;real_estate_agent;sale;Кировский;5;9;39/1;Новосибирск;4800000;;2;Вертковская ;43.4;Площадь Маркса;https://novosibirsk.cian.ru/sale/flat/311377507/?mlSearchSessionGuid=5ccd199be5d7419b8fafb8ea055be6bb
flat;Формула недвижимости;real_estate_agent;sale;Кировский;1;5;5;Новосибирск;4800000;;2; Комсомольская;43.9;Студенческая;https://novosibirsk.cian.ru/sale/flat/322050560/?mlSearchSessionGuid=5ccd199be5d7419b8fafb8ea055be6bb
flat;ЖИЛФОНД;real_estate_agent;sale;Первомайский;3;3;20а;Новосибирск;4850000;;2; Марии Ульяновой;43.3;Спортивная;https://novosibirsk.cian.ru/sale/flat/325353549/?mlSearchSessionGuid=5ccd199be5d7419b8fafb8ea055be6bb
flat;МакроМир;real_estate_agent;sale;Заельцовский;2;5;394/1;Новосибирск;4890000;;2; Дуси Ковальчук;43.0;Заельцовская;https://novosibirsk.cian.ru/sale/flat/325918770/?mlSearchSessionGuid=5ccd199be5d7419b8fafb8ea055be6bb
flat;Люди;real_estate_agent;sale;Октябрьский;4;4;192;Новосибирск;4890000;;2; Бориса Богаткова;43.7;Золотая Нива;https://novosibirsk.cian.ru/sale/flat/324355306/?mlSearchSessionGuid=5ccd199be5d7419b8fafb8ea055be6bb
flat;Rialtor Group;real_estate_agent;sale;Октябрьский;3;10;43/1;Новосибирск;4850000;;2; Татьяны Снежиной;57.0;Золотая Нива;https://novosibirsk.cian.ru/sale/flat/323207152/?mlSearchSessionGuid=5ccd199be5d7419b8fafb8ea055be6bb
flat;Корона;real_estate_agent;sale;Ленинский;1;10;62;Новосибирск;4850000;;2; Забалуева;50.4;Площадь Маркса;https://novosibirsk.cian.ru/sale/flat/324105811/?mlSearchSessionGuid=5ccd199be5d7419b8fafb8ea055be6bb
flat;Светлана Толмачева;realtor;sale;Ленинский;1;6;9/1;Новосибирск;4890000;;2;Троллейная ;43.0;Площадь Маркса;https://novosibirsk.cian.ru/sale/flat/324343751/?mlSearchSessionGuid=5ccd199be5d7419b8fafb8ea055be6bb
flat;Владис Центральное;real_estate_agent;sale;Кировский;3;5;138;Новосибирск;4850000;;2; Петухова;44.0;Площадь Маркса;https://novosibirsk.cian.ru/sale/flat/325020262/?mlSearchSessionGuid=5ccd199be5d7419b8fafb8ea055be6bb
flat;Планета;real_estate_agent;sale;Советский;1;15;24/2;Новосибирск;4850000;Тихий берег;2;Приморская ;38.0;Студенческая;https://novosibirsk.cian.ru/sale/flat/302870496/?mlSearchSessionGuid=5ccd199be5d7419b8fafb8ea055be6bb
flat;НОВО-НСК;real_estate_agent;sale;Ленинский;3;10;62;Новосибирск;4850000;;2; Забалуева;47.9;Площадь Маркса;https://novosibirsk.cian.ru/sale/flat/321265190/?mlSearchSessionGuid=5ccd199be5d7419b8fafb8ea055be6bb
flat;Кристина Карабанова;realtor;sale;Ленинский;9;9;113;Новосибирск;4850000;;2; Связистов;50.6;Площадь Маркса;https://novosibirsk.cian.ru/sale/flat/306458205/?mlSearchSessionGuid=5ccd199be5d7419b8fafb8ea055be6bb
flat;ID 21450998;realtor;sale;Ленинский;9;9;23;Новосибирск;4850000;;2;Киевская ;43.0;;https://novosibirsk.cian.ru/sale/flat/326932539/?mlSearchSessionGuid=5ccd199be5d7419b8fafb8ea055be6bb
flat;1Е;real_estate_agent;sale;Заельцовский;1;5;113/1;Новосибирск;4900000;;2; Жуковского;45.0;Заельцовская;https://novosibirsk.cian.ru/sale/flat/321466491/?mlSearchSessionGuid=5ccd199be5d7419b8fafb8ea055be6bb
flat;ЖИЛФОНД;real_estate_agent;sale;Железнодорожный;1;9;6/1;Новосибирск;4900000;;2;Железнодорожная ;43.2;Площадь Гарина-Михайловского;https://novosibirsk.cian.ru/sale/flat/326553859/?mlSearchSessionGuid=5ccd199be5d7419b8fafb8ea055be6bb
flat;ЖИЛФОНД;real_estate_agent;sale;Калининский;7;9;23;Новосибирск;4900000;;2; Олеко Дундича;45.1;Березовая Роща;https://novosibirsk.cian.ru/sale/flat/326518342/?mlSearchSessionGuid=5ccd199be5d7419b8fafb8ea055be6bb
flat;ЖИЛФОНД;real_estate_agent;sale;Октябрьский;2;4;194;Новосибирск;4900000;;2; Бориса Богаткова;44.9;Золотая Нива;https://novosibirsk.cian.ru/sale/flat/326310600/?mlSearchSessionGuid=5ccd199be5d7419b8fafb8ea055be6bb
flat;ЖИЛФОНД;real_estate_agent;sale;Первомайский;13;17;1/10;Новосибирск;4900000;Берёзовое;2; Одоевского;55.0;Речной вокзал;https://novosibirsk.cian.ru/sale/flat/325763020/?mlSearchSessionGuid=5ccd199be5d7419b8fafb8ea055be6bb
flat;МакроМир;real_estate_agent;sale;Дзержинский;3;22;120;Новосибирск;4900000;RedFox;2; Коминтерна;41.0;Золотая Нива;https://novosibirsk.cian.ru/sale/flat/326185374/?mlSearchSessionGuid=5ccd199be5d7419b8fafb8ea055be6bb
flat;Владис Центральное;real_estate_agent;sale;Дзержинский;9;9;29;Новосибирск;4900000;;2;Гусинобродское шоссе;43.0;Золотая Нива;https://novosibirsk.cian.ru/sale/flat/326540063/?mlSearchSessionGuid=5ccd199be5d7419b8fafb8ea055be6bb
flat;ЛЕГКО;real_estate_agent;sale;Калининский;5;5;27/2;Новосибирск;4900000;;2; Олеко Дундича;43.0;Березовая Роща;https://novosibirsk.cian.ru/sale/flat/326616366/?mlSearchSessionGuid=5ccd199be5d7419b8fafb8ea055be6bb
flat;Rialtor Group;real_estate_agent;sale;Дзержинский;9;9;7;Новосибирск;4900000;;2; Адриена Лежена;43.0;Золотая Нива;https://novosibirsk.cian.ru/sale/flat/326702462/?mlSearchSessionGuid=5ccd199be5d7419b8fafb8ea055be6bb
flat;Владис Центральное;real_estate_agent;sale;Ленинский;5;5;18;Новосибирск;4900000;;2; Немировича-Данченко;44.0;Площадь Маркса;https://novosibirsk.cian.ru/sale/flat/326541699/?mlSearchSessionGuid=5ccd199be5d7419b8fafb8ea055be6bb
flat;Владис Центральное;real_estate_agent;sale;Советский;5;9;15;Новосибирск;4900000;;2; Экваторная;48.1;Речной вокзал;https://novosibirsk.cian.ru/sale/flat/323759916/?mlSearchSessionGuid=5ccd199be5d7419b8fafb8ea055be6bb
flat;Владис Центральное;real_estate_agent;sale;Дзержинский;4;4;77;Новосибирск;4900000;;2;проспект Дзержинского;59.2;Березовая Роща;https://novosibirsk.cian.ru/sale/flat/326460275/?mlSearchSessionGuid=5ccd199be5d7419b8fafb8ea055be6bb
flat;PRO Недвижимость;real_estate_agent;sale;Ленинский;13;17;125;Новосибирск;4900000;Софийский Квартал;2;Вертковская ;47.1;Площадь Маркса;https://novosibirsk.cian.ru/sale/flat/316699015/?mlSearchSessionGuid=5ccd199be5d7419b8fafb8ea055be6bb
flat;Юрстатус;real_estate_agent;sale;Октябрьский;8;10;26/1;Новосибирск;4900000;;2; Ключ-Камышенское плато;37.2;Речной вокзал;https://novosibirsk.cian.ru/sale/flat/321609695/?mlSearchSessionGuid=5ccd199be5d7419b8fafb8ea055be6bb
flat;Недвижимость Новосибирска-НН;real_estate_agent;sale;Калининский;2;5;41;Новосибирск;4900000;;2;Танковая ;45.1;Березовая Роща;https://novosibirsk.cian.ru/sale/flat/313835780/?mlSearchSessionGuid=5ccd199be5d7419b8fafb8ea055be6bb
flat;ЖИЛФОНД;real_estate_agent;sale;Советский;3;9;9;Новосибирск;4999000;;2; Печатников;53.0;Студенческая;https://novosibirsk.cian.ru/sale/flat/325329304/?mlSearchSessionGuid=5ccd199be5d7419b8fafb8ea055be6bb
flat;ЖИЛФОНД;real_estate_agent;sale;Ленинский;3;5;2;Новосибирск;4950000;;2; Станиславского;56.7;Площадь Маркса;https://novosibirsk.cian.ru/sale/flat/324647586/?mlSearchSessionGuid=5ccd199be5d7419b8fafb8ea055be6bb
flat;ЖИЛФОНД;real_estate_agent;sale;Ленинский;1;5;12/1;Новосибирск;4990000;;2;проспект Карла Маркса;39.8;Студенческая;https://novosibirsk.cian.ru/sale/flat/326304345/?mlSearchSessionGuid=5ccd199be5d7419b8fafb8ea055be6bb
flat;ЖИЛФОНД;real_estate_agent;sale;Советский;1;4;1;Новосибирск;4999000;;2; Героев Труда;43.0;Речной вокзал;https://novosibirsk.cian.ru/sale/flat/320363341/?mlSearchSessionGuid=5ccd199be5d7419b8fafb8ea055be6bb
flat;Владис Центральное;real_estate_agent;sale;Дзержинский;1;5;247;Новосибирск;4980000;;2; Бориса Богаткова;43.4;Золотая Нива;https://novosibirsk.cian.ru/sale/flat/324460475/?mlSearchSessionGuid=5ccd199be5d7419b8fafb8ea055be6bb
flat;КВАРТЭН;real_estate_agent;sale;Железнодорожный;1;5;28;Новосибирск;4990000;;2;Сибирская ;44.0;Площадь Гарина-Михайловского;https://novosibirsk.cian.ru/sale/flat/325119426/?mlSearchSessionGuid=5ccd199be5d7419b8fafb8ea055be6bb
flat;1Е;real_estate_agent;sale;Кировский;4;5;27;Новосибирск;4990000;;2; Сибиряков-Гвардейцев;42.5;Площадь Маркса;https://novosibirsk.cian.ru/sale/flat/326956067/?mlSearchSessionGuid=5ccd199be5d7419b8fafb8ea055be6bb
flat;Сибирь Ипотека;real_estate_agent;sale;Октябрьский;10;10;46/1;Новосибирск;4950000;Плющихинский;2; Татьяны Снежиной;61.5;Золотая Нива;https://novosibirsk.cian.ru/sale/flat/325723722/?mlSearchSessionGuid=5ccd199be5d7419b8fafb8ea055be6bb
flat;Квартирный портал;real_estate_agent;sale;Октябрьский;2;3;24/2;Новосибирск;4997000;;2;1-я Родниковая ;55.0;Спортивная;https://novosibirsk.cian.ru/sale/flat/315431727/?mlSearchSessionGuid=5ccd199be5d7419b8fafb8ea055be6bb
flat;АкадемРеспект;real_estate_agent;sale;Советский;1;4;26;Новосибирск;4999999;;2;бульвар Молодежи;41.9;;https://novosibirsk.cian.ru/sale/flat/323402945/?mlSearchSessionGuid=5ccd199be5d7419b8fafb8ea055be6bb
flat;СТАН;real_estate_agent;sale;Калининский;3;5;6/1;Новосибирск;4980000;;2; Богдана Хмельницкого;42.0;Заельцовская;https://novosibirsk.cian.ru/sale/flat/323712561/?mlSearchSessionGuid=5ccd199be5d7419b8fafb8ea055be6bb
flat;Светлана Османова;realtor;sale;Советский;2;3;21;Новосибирск;4980000;;2; Молодости;41.1;Студенческая;https://novosibirsk.cian.ru/sale/flat/326707451/?mlSearchSessionGuid=5ccd199be5d7419b8fafb8ea055be6bb
flat;Марина Данилина;realtor;sale;Кировский;7;9;31;Новосибирск;4950000;;2; Комсомольская;43.2;Студенческая;https://novosibirsk.cian.ru/sale/flat/326417615/?mlSearchSessionGuid=5ccd199be5d7419b8fafb8ea055be6bb
flat;Люди;real_estate_agent;sale;Ленинский;9;9;72;Новосибирск;5000000;;2; Пархоменко;52.3;Площадь Маркса;https://novosibirsk.cian.ru/sale/flat/313935165/?mlSearchSessionGuid=5ccd199be5d7419b8fafb8ea055be6bb
flat;ЖИЛФОНД;real_estate_agent;sale;Заельцовский;4;5;25/5;Новосибирск;5000000;;2;Дачная ;44.0;Заельцовская;https://novosibirsk.cian.ru/sale/flat/326383540/?mlSearchSessionGuid=5ccd199be5d7419b8fafb8ea055be6bb
flat;ЖИЛФОНД;real_estate_agent;sale;Калининский;1;3;4;Новосибирск;5000000;;2;1-й Краснодонский переулок;59.9;Заельцовская;https://novosibirsk.cian.ru/sale/flat/322197517/?mlSearchSessionGuid=5ccd199be5d7419b8fafb8ea055be6bb
flat;ЖИЛФОНД;real_estate_agent;sale;Октябрьский;2;5;163/5;Новосибирск;5000000;;2; Бориса Богаткова;44.5;Золотая Нива;https://novosibirsk.cian.ru/sale/flat/324300851/?mlSearchSessionGuid=5ccd199be5d7419b8fafb8ea055be6bb
flat;ЖИЛФОНД;real_estate_agent;sale;Первомайский;1;3;166;Новосибирск;5000000;;2;Первомайская ;60.4;Спортивная;https://novosibirsk.cian.ru/sale/flat/307390699/?mlSearchSessionGuid=5ccd199be5d7419b8fafb8ea055be6bb
flat;PRO Недвижимость;real_estate_agent;sale;Кировский;2;5;34;Новосибирск;5000000;;2; Бебеля;54.7;Площадь Маркса;https://novosibirsk.cian.ru/sale/flat/312548720/?mlSearchSessionGuid=5ccd199be5d7419b8fafb8ea055be6bb
flat;МакроМир;real_estate_agent;sale;Октябрьский;6;10;10;Новосибирск;5000000;;2; Плющихинская;58.3;Золотая Нива;https://novosibirsk.cian.ru/sale/flat/326254153/?mlSearchSessionGuid=5ccd199be5d7419b8fafb8ea055be6bb
flat;Домой;real_estate_agent;sale;Советский;1;9;27;Новосибирск;5000000;;2; Иванова;45.2;;https://novosibirsk.cian.ru/sale/flat/320167230/?mlSearchSessionGuid=5ccd199be5d7419b8fafb8ea055be6bb
flat;Метражи;real_estate_agent;sale;Кировский;15;18;1/1;Новосибирск;5000000;Акатуйский;2; Виктора Уса;53.0;Площадь Маркса;https://novosibirsk.cian.ru/sale/flat/321214872/?mlSearchSessionGuid=5ccd199be5d7419b8fafb8ea055be6bb
flat;Дельта;real_estate_agent;sale;Советский;4;5;15;Новосибирск;5000000;;2;Барьерная ;47.5;Студенческая;https://novosibirsk.cian.ru/sale/flat/323458410/?mlSearchSessionGuid=5ccd199be5d7419b8fafb8ea055be6bb
flat;Юрстатус;real_estate_agent;sale;Ленинский;2;5;11;Новосибирск;5000000;;2;Новогодняя ;40.0;Площадь Маркса;https://novosibirsk.cian.ru/sale/flat/326980153/?mlSearchSessionGuid=5ccd199be5d7419b8fafb8ea055be6bb
flat;Планета-А;real_estate_agent;sale;Калининский;6;9;11/4;Новосибирск;5000000;;2; Курчатова;52.5;Заельцовская;https://novosibirsk.cian.ru/sale/flat/303270548/?mlSearchSessionGuid=5ccd199be5d7419b8fafb8ea055be6bb
flat;ЕВРОДОМ;real_estate_agent;sale;Калининский;3;5;59;Новосибирск;5000000;;2; Магистральная;45.3;Заельцовская;https://novosibirsk.cian.ru/sale/flat/301245967/?mlSearchSessionGuid=5ccd199be5d7419b8fafb8ea055be6bb
flat;ПРОЕКТ;real_estate_agent;sale;Первомайский;5;10;2;Новосибирск;5000000;;2;Березовая ;45.7;Спортивная;https://novosibirsk.cian.ru/sale/flat/326894881/?mlSearchSessionGuid=5ccd199be5d7419b8fafb8ea055be6bb
flat;Атлас Недвижимости;real_estate_agent;sale;Кировский;2;3;4/1;Новосибирск;5000000;;2;Воскресная ;57.7;Студенческая;https://novosibirsk.cian.ru/sale/flat/318273041/?mlSearchSessionGuid=5ccd199be5d7419b8fafb8ea055be6bb
flat;Формула недвижимости;real_estate_agent;sale;Ленинский;4;5;13;Новосибирск;5000000;;2;проспект Карла Маркса;42.7;Площадь Маркса;https://novosibirsk.cian.ru/sale/flat/326617035/?mlSearchSessionGuid=5ccd199be5d7419b8fafb8ea055be6bb
flat;Квартирный портал;real_estate_agent;sale;Кировский;6;17;22/1;Новосибирск;5000000;Семейный квартал;2;Бронная ;39.4;Площадь Маркса;https://novosibirsk.cian.ru/sale/flat/324840423/?mlSearchSessionGuid=5ccd199be5d7419b8fafb8ea055be6bb
flat;Кольцовская служба недвижимости;real_estate_agent;sale;Кировский;16;17;1/1;Новосибирск;5000000;Акатуйский;2; Виктора Уса;53.0;Площадь Маркса;https://novosibirsk.cian.ru/sale/flat/321206248/?mlSearchSessionGuid=5ccd199be5d7419b8fafb8ea055be6bb
flat;МакроМир;real_estate_agent;sale;Ленинский;3;5;6;Новосибирск;5000000;;2; Станиславского;57.5;Площадь Маркса;https://novosibirsk.cian.ru/sale/flat/316308906/?mlSearchSessionGuid=5ccd199be5d7419b8fafb8ea055be6bb
flat;Опора-Групп;real_estate_agent;sale;Октябрьский;10;18;;Новосибирск;5000000;Выборная-Рябиновая ЖК;2;;56.0;Речной вокзал;https://novosibirsk.cian.ru/sale/flat/323012797/?mlSearchSessionGuid=5ccd199be5d7419b8fafb8ea055be6bb
flat;ЖИЛФОНД;real_estate_agent;sale;Калининский;7;9;3;Новосибирск;5050000;;2; Курчатова;52.6;Заельцовская;https://novosibirsk.cian.ru/sale/flat/324106700/?mlSearchSessionGuid=5ccd199be5d7419b8fafb8ea055be6bb
flat;МакроМир;real_estate_agent;sale;Ленинский;2;10;1б;Новосибирск;5050000;Хороший;2;Хилокская ;58.0;Площадь Маркса;https://novosibirsk.cian.ru/sale/flat/326275420/?mlSearchSessionGuid=5ccd199be5d7419b8fafb8ea055be6bb
flat;Владис Центральное;real_estate_agent;sale;Кировский;10;10;95/1;Новосибирск;5096000;Матрешкин двор;2; Петухова;65.1;Студенческая;https://novosibirsk.cian.ru/sale/flat/326507590/?mlSearchSessionGuid=5ccd199be5d7419b8fafb8ea055be6bb
flat;Владис Центральное;real_estate_agent;sale;Дзержинский;5;10;53;Новосибирск;5050000;;2;Волочаевская ;57.0;Золотая Нива;https://novosibirsk.cian.ru/sale/flat/320010790/?mlSearchSessionGuid=5ccd199be5d7419b8fafb8ea055be6bb
flat;Всем Квартиру;real_estate_agent;sale;Ленинский;1;19;43;Новосибирск;5050000;;2; Ясный Берег;36.0;Октябрьская;https://novosibirsk.cian.ru/sale/flat/321080073/?mlSearchSessionGuid=5ccd199be5d7419b8fafb8ea055be6bb
flat;РЕГИОНАЛЬНЫЙ ЦЕНТР НЕДВИЖИМОСТИ;real_estate_agent;sale;Калининский;7;9;10/1;Новосибирск;5099000;;2; Рассветная;54.9;Заельцовская;https://novosibirsk.cian.ru/sale/flat/326175191/?mlSearchSessionGuid=5ccd199be5d7419b8fafb8ea055be6bb
flat;Ключи;real_estate_agent;sale;Ленинский;6;13;2;Новосибирск;5050000;Дивногорский;2; Надежды;46.5;Площадь Маркса;https://novosibirsk.cian.ru/sale/flat/323444668/?mlSearchSessionGuid=5ccd199be5d7419b8fafb8ea055be6bb
flat;Вертикаль;real_estate_agent;sale;Октябрьский;4;10;42/2;Новосибирск;5099000;На Снежиной;2; Татьяны Снежиной;40.0;Золотая Нива;https://novosibirsk.cian.ru/sale/flat/319337814/?mlSearchSessionGuid=5ccd199be5d7419b8fafb8ea055be6bb
flat;ЖИЛФОНД;real_estate_agent;sale;Ленинский;2;12;7;Новосибирск;5100000;;2;Новосибирская ;46.5;Площадь Маркса;https://novosibirsk.cian.ru/sale/flat/325860637/?mlSearchSessionGuid=5ccd199be5d7419b8fafb8ea055be6bb
flat;ЖИЛФОНД;real_estate_agent;sale;Дзержинский;4;5;51;Новосибирск;5100000;;2; Красина;43.5;Березовая Роща;https://novosibirsk.cian.ru/sale/flat/321528005/?mlSearchSessionGuid=5ccd199be5d7419b8fafb8ea055be6bb
flat;ЖИЛФОНД;real_estate_agent;sale;Дзержинский;5;5;5/1;Новосибирск;5100000;;2; Кошурникова;42.9;Березовая Роща;https://novosibirsk.cian.ru/sale/flat/324969102/?mlSearchSessionGuid=5ccd199be5d7419b8fafb8ea055be6bb
flat;ЖИЛФОНД;real_estate_agent;sale;Октябрьский;6;10;50;Новосибирск;5100000;Плющихинский;2; В. Высоцкого;49.9;Золотая Нива;https://novosibirsk.cian.ru/sale/flat/307420712/?mlSearchSessionGuid=5ccd199be5d7419b8fafb8ea055be6bb
flat;МакроМир;real_estate_agent;sale;Октябрьский;10;10;50/3;Новосибирск;5100000;Плющихинский;2; В. Высоцкого;52.9;Золотая Нива;https://novosibirsk.cian.ru/sale/flat/326638927/?mlSearchSessionGuid=5ccd199be5d7419b8fafb8ea055be6bb
flat;АЛЬГИЗА;real_estate_agent;sale;Ленинский;9;9;2;Новосибирск;5100000;;2;Киевская ;53.1;Площадь Маркса;https://novosibirsk.cian.ru/sale/flat/286386812/?mlSearchSessionGuid=5ccd199be5d7419b8fafb8ea055be6bb
flat;Агентство недвижимости Буравлёвой Эллы;real_estate_agent;sale;Кировский;5;10;5;Новосибирск;5100000;Просторный;2; Николая Сотникова;58.0;Студенческая;https://novosibirsk.cian.ru/sale/flat/326548941/?mlSearchSessionGuid=5ccd199be5d7419b8fafb8ea055be6bb
flat;Владис Центральное;real_estate_agent;sale;Октябрьский;4;10;9;Новосибирск;5100000;Плющихинский;2; Плющихинская;58.1;Золотая Нива;https://novosibirsk.cian.ru/sale/flat/326611649/?mlSearchSessionGuid=5ccd199be5d7419b8fafb8ea055be6bb
flat;Метражи;real_estate_agent;sale;Советский;14;17;24/2;Новосибирск;5100000;Тихий берег;2;Приморская ;49.1;Студенческая;https://novosibirsk.cian.ru/sale/flat/326237021/?mlSearchSessionGuid=5ccd199be5d7419b8fafb8ea055be6bb
flat;Дельта;real_estate_agent;sale;Советский;3;9;26;Новосибирск;5100000;;2;Ветлужская ;47.8;Студенческая;https://novosibirsk.cian.ru/sale/flat/319376995/?mlSearchSessionGuid=5ccd199be5d7419b8fafb8ea055be6bb
flat;Аванта;real_estate_agent;sale;Ленинский;3;12;9;Новосибирск;5134000;;2;Новосибирская ;43.15;Площадь Маркса;https://novosibirsk.cian.ru/sale/flat/326343692/?mlSearchSessionGuid=5ccd199be5d7419b8fafb8ea055be6bb
flat;Владис Центральное;real_estate_agent;sale;Ленинский;4;5;64;Новосибирск;5100000;;2;Степная ;44.0;Площадь Маркса;https://novosibirsk.cian.ru/sale/flat/326543048/?mlSearchSessionGuid=5ccd199be5d7419b8fafb8ea055be6bb
flat;МакроМир;real_estate_agent;sale;Советский;5;5;3;Новосибирск;5100000;;2; Иванова;45.4;;https://novosibirsk.cian.ru/sale/flat/314108328/?mlSearchSessionGuid=5ccd199be5d7419b8fafb8ea055be6bb
flat;Квартирный портал;real_estate_agent;sale;Центральный;5;5;17А;Новосибирск;5100000;;2; Гоголя;35.2;Сибирская;https://novosibirsk.cian.ru/sale/flat/323675084/?mlSearchSessionGuid=5ccd199be5d7419b8fafb8ea055be6bb
flat;Красный Проспект Недвижимость;real_estate_agent;sale;Калининский;5;9;17/1;Новосибирск;5100000;;2; Столетова;53.0;Заельцовская;https://novosibirsk.cian.ru/sale/flat/326325024/?mlSearchSessionGuid=5ccd199be5d7419b8fafb8ea055be6bb
flat;ID 12207373;realtor;sale;Калининский;7;9;19/1;Новосибирск;5100000;;2; Макаренко;51.2;Заельцовская;https://novosibirsk.cian.ru/sale/flat/324251606/?mlSearchSessionGuid=5ccd199be5d7419b8fafb8ea055be6bb
flat;ЖИЛФОНД;real_estate_agent;sale;Калининский;1;5;7;Новосибирск;5150000;;2; Новоуральская;43.6;Заельцовская;https://novosibirsk.cian.ru/sale/flat/327075418/?mlSearchSessionGuid=5ccd199be5d7419b8fafb8ea055be6bb
flat;ЖИЛФОНД;real_estate_agent;sale;Заельцовский;5;5;121;Новосибирск;5190000;;2; Жуковского;45.9;Заельцовская;https://novosibirsk.cian.ru/sale/flat/324630819/?mlSearchSessionGuid=5ccd199be5d7419b8fafb8ea055be6bb
flat;ЖИЛФОНД;real_estate_agent;sale;Калининский;11;17;66/4;Новосибирск;5199000;На Фадеева;2; Фадеева;45.4;Заельцовская;https://novosibirsk.cian.ru/sale/flat/322487912/?mlSearchSessionGuid=5ccd199be5d7419b8fafb8ea055be6bb
flat;ЖИЛФОНД;real_estate_agent;sale;Заельцовский;3;17;51/2;Новосибирск;5190000;Рафинад;2; Лобачевского;40.6;Заельцовская;https://novosibirsk.cian.ru/sale/flat/317989117/?mlSearchSessionGuid=5ccd199be5d7419b8fafb8ea055be6bb
flat;ЖИЛФОНД;real_estate_agent;sale;Кировский;3;3;4;Новосибирск;5180000;;2;Вознесенская ;61.1;Студенческая;https://novosibirsk.cian.ru/sale/flat/321841814/?mlSearchSessionGuid=5ccd199be5d7419b8fafb8ea055be6bb
flat;Владис Центральное;real_estate_agent;sale;Кировский;2;22;74;Новосибирск;5160000;Тихий;2;Тульская ;39.0;Студенческая;https://novosibirsk.cian.ru/sale/flat/323941547/?mlSearchSessionGuid=5ccd199be5d7419b8fafb8ea055be6bb
flat;Вся Недвижимость Новосибирска;real_estate_agent;sale;Калининский;3;10;;Новосибирск;5150000;;2; Родники;52.9;Заельцовская;https://novosibirsk.cian.ru/sale/flat/326415880/?mlSearchSessionGuid=5ccd199be5d7419b8fafb8ea055be6bb
flat;НСК-top;real_estate_agent;sale;Октябрьский;1;9;260;Новосибирск;5150000;;2; Лескова;44.0;Октябрьская;https://novosibirsk.cian.ru/sale/flat/323530242/?mlSearchSessionGuid=5ccd199be5d7419b8fafb8ea055be6bb
flat;Владис Центральное;real_estate_agent;sale;Ленинский;1;5;13;Новосибирск;5150000;;2;Новогодняя ;42.2;Площадь Маркса;https://novosibirsk.cian.ru/sale/flat/326399761/?mlSearchSessionGuid=5ccd199be5d7419b8fafb8ea055be6bb
flat;Мегаполис;real_estate_agent;sale;Октябрьский;1;9;185;Новосибирск;5150000;;2; Бориса Богаткова;34.5;Золотая Нива;https://novosibirsk.cian.ru/sale/flat/325291448/?mlSearchSessionGuid=5ccd199be5d7419b8fafb8ea055be6bb
flat;Квартирный портал;real_estate_agent;sale;Кировский;1;12;99/2;Новосибирск;5150000;Матрешкин двор;2; Петухова;55.7;Студенческая;https://novosibirsk.cian.ru/sale/flat/322276119/?mlSearchSessionGuid=5ccd199be5d7419b8fafb8ea055be6bb
flat;Елена Блинова;realtor;sale;Заельцовский;8;9;4;Новосибирск;5160000;;2; Лебедевского;53.0;Заельцовская;https://novosibirsk.cian.ru/sale/flat/326451657/?mlSearchSessionGuid=5ccd199be5d7419b8fafb8ea055be6bb
flat;Дельта;real_estate_agent;sale;Советский;1;4;7;Новосибирск;5200000;;2;проспект Строителей;42.0;Речной вокзал;https://novosibirsk.cian.ru/sale/flat/311553844/?mlSearchSessionGuid=5ccd199be5d7419b8fafb8ea055be6bb
flat;ЖИЛФОНД;real_estate_agent;sale;Ленинский;5;5;22;Новосибирск;5200000;;2; Титова;55.1;Площадь Маркса;https://novosibirsk.cian.ru/sale/flat/326553860/?mlSearchSessionGuid=5ccd199be5d7419b8fafb8ea055be6bb
flat;ЖИЛФОНД;real_estate_agent;sale;Октябрьский;6;10;9/4;Новосибирск;5200000;Плющихинский;2; Виталия Потылицына;42.2;Золотая Нива;https://novosibirsk.cian.ru/sale/flat/326733371/?mlSearchSessionGuid=5ccd199be5d7419b8fafb8ea055be6bb
flat;ЖИЛФОНД;real_estate_agent;sale;Ленинский;4;5;28;Новосибирск;5200000;;2; Блюхера;40.1;Студенческая;https://novosibirsk.cian.ru/sale/flat/322338094/?mlSearchSessionGuid=5ccd199be5d7419b8fafb8ea055be6bb
flat;ЖИЛФОНД;real_estate_agent;sale;Затулинский жилмассив;10;27;229/2;Новосибирск;5200000;Расцветай на Зорге;2; Зорге;63.0;;https://novosibirsk.cian.ru/sale/flat/325327258/?mlSearchSessionGuid=5ccd199be5d7419b8fafb8ea055be6bb
flat;ЖИЛФОНД;real_estate_agent;sale;Советский;1;9;22А;Новосибирск;5200000;;2;Ветлужская ;46.4;Студенческая;https://novosibirsk.cian.ru/sale/flat/319608509/?mlSearchSessionGuid=5ccd199be5d7419b8fafb8ea055be6bb
flat;ЖИЛФОНД;real_estate_agent;sale;Первомайский;5;9;150;Новосибирск;5200000;;2;Первомайская ;48.0;Октябрьская;https://novosibirsk.cian.ru/sale/flat/314882570/?mlSearchSessionGuid=5ccd199be5d7419b8fafb8ea055be6bb
flat;ЖИЛФОНД;real_estate_agent;sale;Октябрьский;5;9;165;Новосибирск;5200000;;2; Бориса Богаткова;43.8;Золотая Нива;https://novosibirsk.cian.ru/sale/flat/321032392/?mlSearchSessionGuid=5ccd199be5d7419b8fafb8ea055be6bb
flat;ЖИЛФОНД;real_estate_agent;sale;Заельцовский;5;5;171/1;Новосибирск;5200000;;2;Красный проспект;46.7;Заельцовская;https://novosibirsk.cian.ru/sale/flat/327041404/?mlSearchSessionGuid=5ccd199be5d7419b8fafb8ea055be6bb
flat;Домолегион;real_estate_agent;sale;Кировский;8;10;36;Новосибирск;5200000;Просторный;2; Виктора Шевелева;58.1;Студенческая;https://novosibirsk.cian.ru/sale/flat/326640893/?mlSearchSessionGuid=5ccd199be5d7419b8fafb8ea055be6bb
flat;Владис Центральное;real_estate_agent;sale;Кировский;5;5;44;Новосибирск;5200000;;2;Новогодняя ;43.2;Студенческая;https://novosibirsk.cian.ru/sale/flat/326422153/?mlSearchSessionGuid=5ccd199be5d7419b8fafb8ea055be6bb
flat;Планета на Станиславского;real_estate_agent;sale;Кировский;2;25;3;Новосибирск;5200000;На Коротаева;2; Сержанта Коротаева;41.2;Площадь Маркса;https://novosibirsk.cian.ru/sale/flat/321045471/?mlSearchSessionGuid=5ccd199be5d7419b8fafb8ea055be6bb
flat;РиэлтПрофи;real_estate_agent;sale;Советский;1;4;16;Новосибирск;5200000;;2;бульвар Молодежи;42.0;;https://novosibirsk.cian.ru/sale/flat/320978119/?mlSearchSessionGuid=5ccd199be5d7419b8fafb8ea055be6bb
flat;Недвижимость Новосибирска-НН;real_estate_agent;sale;Кировский;5;5;44;Новосибирск;5200000;;2;Новогодняя ;43.2;Студенческая;https://novosibirsk.cian.ru/sale/flat/326107511/?mlSearchSessionGuid=5ccd199be5d7419b8fafb8ea055be6bb
flat;Отдел продаж застройщика ГК Монолит;real_estate_agent;sale;Дзержинский;4;5;33;Новосибирск;5200000;;2;Трикотажная ;46.3;Березовая Роща;https://novosibirsk.cian.ru/sale/flat/325616544/?mlSearchSessionGuid=5ccd199be5d7419b8fafb8ea055be6bb
flat;Родники;real_estate_agent;sale;Калининский;2;5;8/2;Новосибирск;5240000;;2; Богдана Хмельницкого;45.0;Заельцовская;https://novosibirsk.cian.ru/sale/flat/326030487/?mlSearchSessionGuid=5ccd199be5d7419b8fafb8ea055be6bb
flat;Недвижимость Новосибирска-НН;real_estate_agent;sale;Центральный;5;5;31А;Новосибирск;5210000;;2; Гоголя;47.4;Маршала Покрышкина;https://novosibirsk.cian.ru/sale/flat/323485127/?mlSearchSessionGuid=5ccd199be5d7419b8fafb8ea055be6bb
flat;ROME Real Estate Salon;real_estate_agent;sale;Октябрьский;9;9;273;Новосибирск;5200000;;2;Ленинградская ;43.1;Речной вокзал;https://novosibirsk.cian.ru/sale/flat/326546234/?mlSearchSessionGuid=5ccd199be5d7419b8fafb8ea055be6bb
flat;Планета на Станиславского;real_estate_agent;sale;Кировский;1;5;28;Новосибирск;5200000;;2;Новогодняя ;46.4;Студенческая;https://novosibirsk.cian.ru/sale/flat/321825765/?mlSearchSessionGuid=5ccd199be5d7419b8fafb8ea055be6bb
flat;Домофонд;real_estate_agent;sale;Октябрьский;4;9;21;Новосибирск;5200000;;2; Гаранина;47.3;Золотая Нива;https://novosibirsk.cian.ru/sale/flat/301503876/?mlSearchSessionGuid=5ccd199be5d7419b8fafb8ea055be6bb
flat;Ваш Академгородок;real_estate_agent;sale;Советский;2;5;7;Новосибирск;5200000;;2; Шатурская;46.0;;https://novosibirsk.cian.ru/sale/flat/317843139/?mlSearchSessionGuid=5ccd199be5d7419b8fafb8ea055be6bb
flat;Ваш Академгородок;real_estate_agent;sale;Советский;2;9;10;Новосибирск;5200000;;2; Экваторная;48.0;Речной вокзал;https://novosibirsk.cian.ru/sale/flat/324940348/?mlSearchSessionGuid=5ccd199be5d7419b8fafb8ea055be6bb
flat;ПРОЕКТ;real_estate_agent;sale;Первомайский;6;10;12/1;Новосибирск;5200000;;2; Героев Революции;47.1;Спортивная;https://novosibirsk.cian.ru/sale/flat/316557101/?mlSearchSessionGuid=5ccd199be5d7419b8fafb8ea055be6bb
flat;Елена Блинова;realtor;sale;Калининский;7;9;37/2;Новосибирск;5200000;;2; Курчатова;52.1;Заельцовская;https://novosibirsk.cian.ru/sale/flat/327088696/?mlSearchSessionGuid=5ccd199be5d7419b8fafb8ea055be6bb
flat;ID 56540128;realtor;sale;Дзержинский;11;22;120;Новосибирск;5200000;RedFox;2; Коминтерна;41.0;;https://novosibirsk.cian.ru/sale/flat/326094396/?mlSearchSessionGuid=5ccd199be5d7419b8fafb8ea055be6bb
flat;ЖИЛФОНД;real_estate_agent;sale;Октябрьский;2;5;163/2;Новосибирск;5290000;;2; Бориса Богаткова;44.6;Золотая Нива;https://novosibirsk.cian.ru/sale/flat/325161472/?mlSearchSessionGuid=5ccd199be5d7419b8fafb8ea055be6bb
flat;ЖИЛФОНД;real_estate_agent;sale;Октябрьский;6;10;49/1;Новосибирск;5250000;Плющихинский;2; Татьяны Снежиной;53.7;Золотая Нива;https://novosibirsk.cian.ru/sale/flat/326109826/?mlSearchSessionGuid=5ccd199be5d7419b8fafb8ea055be6bb
flat;Владис Центральное;real_estate_agent;sale;Октябрьский;17;17;91/3;Новосибирск;5270000;;2;Выборная ;47.0;Речной вокзал;https://novosibirsk.cian.ru/sale/flat/325969144/?mlSearchSessionGuid=5ccd199be5d7419b8fafb8ea055be6bb
flat;Планета;real_estate_agent;sale;Центральный;4;4;11;Новосибирск;5250000;;2;Каинская ;41.0;Октябрьская;https://novosibirsk.cian.ru/sale/flat/322202269/?mlSearchSessionGuid=5ccd199be5d7419b8fafb8ea055be6bb
flat;Rialtor Group;real_estate_agent;sale;Дзержинский;9;9;11;Новосибирск;5250000;;2; Адриена Лежена;42.5;Золотая Нива;https://novosibirsk.cian.ru/sale/flat/326928576/?mlSearchSessionGuid=5ccd199be5d7419b8fafb8ea055be6bb
flat;METRAGE;real_estate_agent;sale;Октябрьский;8;10;36;Новосибирск;5250000;Плющихинский;2; В. Высоцкого;50.2;Золотая Нива;https://novosibirsk.cian.ru/sale/flat/326258844/?mlSearchSessionGuid=5ccd199be5d7419b8fafb8ea055be6bb
flat;Корона;real_estate_agent;sale;Калининский;9;9;85;Новосибирск;5250000;;2; Фадеева;52.6;Заельцовская;https://novosibirsk.cian.ru/sale/flat/326865249/?mlSearchSessionGuid=5ccd199be5d7419b8fafb8ea055be6bb
flat;Столица Сибири;real_estate_agent;sale;Калининский;9;10;4/1;Новосибирск;5299999;;2; Свечникова;56.2;Заельцовская;https://novosibirsk.cian.ru/sale/flat/325459284/?mlSearchSessionGuid=5ccd199be5d7419b8fafb8ea055be6bb
flat;НСК-top;real_estate_agent;sale;Заельцовский;3;5;113;Новосибирск;5290000;;2; Кропоткина;44.6;Гагаринская;https://novosibirsk.cian.ru/sale/flat/311264741/?mlSearchSessionGuid=5ccd199be5d7419b8fafb8ea055be6bb
flat;МакроМир;real_estate_agent;sale;Ленинский;8;9;48;Новосибирск;5250000;;2; Котовского;45.1;Площадь Маркса;https://novosibirsk.cian.ru/sale/flat/323395992/?mlSearchSessionGuid=5ccd199be5d7419b8fafb8ea055be6bb
flat;Елена Космачева;realtor;sale;Октябрьский;5;12;19/1;Новосибирск;5250000;Плющихинский;2; Татьяны Снежиной;57.7;Золотая Нива;https://novosibirsk.cian.ru/sale/flat/325699753/?mlSearchSessionGuid=5ccd199be5d7419b8fafb8ea055be6bb
flat;ЖИЛФОНД;real_estate_agent;sale;Ленинский;6;6;28;Новосибирск;5300000;;2;Планировочная ;54.2;Студенческая;https://novosibirsk.cian.ru/sale/flat/325766454/?mlSearchSessionGuid=5ccd199be5d7419b8fafb8ea055be6bb
flat;ЖИЛФОНД;real_estate_agent;sale;Заельцовский;3;9;64;Новосибирск;5300000;;2;Переездная ;42.4;Заельцовская;https://novosibirsk.cian.ru/sale/flat/321137094/?mlSearchSessionGuid=5ccd199be5d7419b8fafb8ea055be6bb
flat;ЖИЛФОНД;real_estate_agent;sale;Кировский;11;17;4;Новосибирск;5300000;;2; Виктора Уса;46.0;Площадь Маркса;https://novosibirsk.cian.ru/sale/flat/325089441/?mlSearchSessionGuid=5ccd199be5d7419b8fafb8ea055be6bb
flat;МакроМир;real_estate_agent;sale;Октябрьский;7;9;43;Новосибирск;5300000;Плющихинский;2; Татьяны Снежиной;57.9;Золотая Нива;https://novosibirsk.cian.ru/sale/flat/326275444/?mlSearchSessionGuid=5ccd199be5d7419b8fafb8ea055be6bb
flat;Astron Estate;real_estate_agent;sale;Ленинский;5;9;22;Новосибирск;5300000;;2;Троллейная ;44.2;Площадь Маркса;https://novosibirsk.cian.ru/sale/flat/315194081/?mlSearchSessionGuid=5ccd199be5d7419b8fafb8ea055be6bb
flat;СТАН;real_estate_agent;sale;Октябрьский;2;10;9/4;Новосибирск;5300000;Плющихинский;2; Виталия Потылицына;64.0;Золотая Нива;https://novosibirsk.cian.ru/sale/flat/306535361/?mlSearchSessionGuid=5ccd199be5d7419b8fafb8ea055be6bb
flat;НСК-top;real_estate_agent;sale;Заельцовский;4;5;183Б;Новосибирск;5300000;;2; Дуси Ковальчук;42.8;Заельцовская;https://novosibirsk.cian.ru/sale/flat/326527545/?mlSearchSessionGuid=5ccd199be5d7419b8fafb8ea055be6bb
flat;METRAGE;real_estate_agent;sale;Заельцовский;3;5;2;Новосибирск;5300000;;2;Рельсовая ;44.2;Гагаринская;https://novosibirsk.cian.ru/sale/flat/323368268/?mlSearchSessionGuid=5ccd199be5d7419b8fafb8ea055be6bb
flat;Владис Центральное;real_estate_agent;sale;Октябрьский;2;3;27/7;Новосибирск;5300000;;2;Родниковая ;59.2;Речной вокзал;https://novosibirsk.cian.ru/sale/flat/319238659/?mlSearchSessionGuid=5ccd199be5d7419b8fafb8ea055be6bb
flat;Вместе;real_estate_agent;sale;Октябрьский;8;10;41;Новосибирск;5300000;Плющихинский;2; Татьяны Снежиной;58.0;Золотая Нива;https://novosibirsk.cian.ru/sale/flat/319238952/?mlSearchSessionGuid=5ccd199be5d7419b8fafb8ea055be6bb
flat;СФЕРА-НСК;real_estate_agent;sale;Ленинский;5;5;6;Новосибирск;5300000;;2; Пархоменко;54.6;Площадь Маркса;https://novosibirsk.cian.ru/sale/flat/324931927/?mlSearchSessionGuid=5ccd199be5d7419b8fafb8ea055be6bb
flat;PRO Недвижимость;real_estate_agent;sale;Ленинский;2;9;20;Новосибирск;5300000;;2;Троллейная ;44.0;Площадь Маркса;https://novosibirsk.cian.ru/sale/flat/325875640/?mlSearchSessionGuid=5ccd199be5d7419b8fafb8ea055be6bb
flat;РиэлтПрофи;real_estate_agent;sale;Советский;4;5;45;Новосибирск;5300000;;2; Иванова;43.1;;https://novosibirsk.cian.ru/sale/flat/321641292/?mlSearchSessionGuid=5ccd199be5d7419b8fafb8ea055be6bb
flat;Наш регион;real_estate_agent;sale;Октябрьский;14;17;99/4;Новосибирск;5300000;;2;Выборная ;48.6;Речной вокзал;https://novosibirsk.cian.ru/sale/flat/317547974/?mlSearchSessionGuid=5ccd199be5d7419b8fafb8ea055be6bb
flat;АктивНедвижимость;real_estate_agent;sale;Ленинский;9;17;25/1;Новосибирск;5300000;КрымSKY;2; Пархоменко;39.3;Площадь Маркса;https://novosibirsk.cian.ru/sale/flat/313773436/?mlSearchSessionGuid=5ccd199be5d7419b8fafb8ea055be6bb
flat;Агент Pro;real_estate_agent;sale;Октябрьский;4;10;45/2;Новосибирск;5300000;Плющихинский;2; Татьяны Снежиной;55.1;Золотая Нива;https://novosibirsk.cian.ru/sale/flat/325209475/?mlSearchSessionGuid=5ccd199be5d7419b8fafb8ea055be6bb
flat;Планета;real_estate_agent;sale;Железнодорожный;4;5;32;Новосибирск;5300000;;2; Ленина;45.0;Площадь Гарина-Михайловского;https://novosibirsk.cian.ru/sale/flat/325433274/?mlSearchSessionGuid=5ccd199be5d7419b8fafb8ea055be6bb
flat;Лучший ДОМ;real_estate_agent;sale;Центральный;4;5;45;Новосибирск;5300000;;2; Гоголя;46.3;Маршала Покрышкина;https://novosibirsk.cian.ru/sale/flat/326631960/?mlSearchSessionGuid=5ccd199be5d7419b8fafb8ea055be6bb
flat;ЖИЛФОНД;real_estate_agent;sale;Калининский;7;9;6;Новосибирск;5350000;;2; Менделеева;44.4;Березовая Роща;https://novosibirsk.cian.ru/sale/flat/325328291/?mlSearchSessionGuid=5ccd199be5d7419b8fafb8ea055be6bb
flat;Планета-А;real_estate_agent;sale;Ленинский;5;5;3;Новосибирск;5399000;;2; Титова;45.0;Площадь Маркса;https://novosibirsk.cian.ru/sale/flat/321176837/?mlSearchSessionGuid=5ccd199be5d7419b8fafb8ea055be6bb
flat;Ключи;real_estate_agent;sale;Первомайский;16;16;37;Новосибирск;5350000;Весенний;2; Заречная;37.0;Речной вокзал;https://novosibirsk.cian.ru/sale/flat/323301972/?mlSearchSessionGuid=5ccd199be5d7419b8fafb8ea055be6bb
flat;ЛЕГКО;real_estate_agent;sale;Кировский;8;10;95;Новосибирск;5350000;Матрешкин двор;2; Петухова;56.2;Студенческая;https://novosibirsk.cian.ru/sale/flat/326342394/?mlSearchSessionGuid=5ccd199be5d7419b8fafb8ea055be6bb
flat;Квартирный портал;real_estate_agent;sale;Первомайский;2;17;39;Новосибирск;5350000;Весенний;2; Заречная;36.8;Спортивная;https://novosibirsk.cian.ru/sale/flat/325653190/?mlSearchSessionGuid=5ccd199be5d7419b8fafb8ea055be6bb
flat;Владис Центральное;real_estate_agent;sale;Калининский;5;10;15;Новосибирск;5390000;Мкрн. Родники;2; Тюленина;53.1;Заельцовская;https://novosibirsk.cian.ru/sale/flat/326572328/?mlSearchSessionGuid=5ccd199be5d7419b8fafb8ea055be6bb
flat;КЛЕВЕР;real_estate_agent;sale;Ленинский;3;13;33;Новосибирск;5399000;;2;Волховская ;51.9;Площадь Маркса;https://novosibirsk.cian.ru/sale/flat/311209637/?mlSearchSessionGuid=5ccd199be5d7419b8fafb8ea055be6bb
flat;АльянсРиэлт;real_estate_agent;sale;Октябрьский;7;10;48/1;Новосибирск;5350000;;2;Большевистская ;45.9;Октябрьская;https://novosibirsk.cian.ru/sale/flat/324844158/?mlSearchSessionGuid=5ccd199be5d7419b8fafb8ea055be6bb
flat;Новый Адрес;real_estate_agent;sale;Центральный;1;5;12;Новосибирск;5390000;;2; Гоголя;45.4;Красный Проспект;https://novosibirsk.cian.ru/sale/flat/326274138/?mlSearchSessionGuid=5ccd199be5d7419b8fafb8ea055be6bb
flat;ЖИЛФОНД;real_estate_agent;sale;Октябрьский;4;5;202;Новосибирск;5400000;;2; Белинского;43.5;Октябрьская;https://novosibirsk.cian.ru/sale/flat/325906871/?mlSearchSessionGuid=5ccd199be5d7419b8fafb8ea055be6bb
flat;ЖИЛФОНД;real_estate_agent;sale;Октябрьский;2;7;42/1;Новосибирск;5400000;Плющихинский;2; В. Высоцкого;50.0;Золотая Нива;https://novosibirsk.cian.ru/sale/flat/325480110/?mlSearchSessionGuid=5ccd199be5d7419b8fafb8ea055be6bb
flat;ЖИЛФОНД;real_estate_agent;sale;Ленинский;10;10;15;Новосибирск;5400000;по ул. Связистов, 15;2; Связистов;56.2;Площадь Маркса;https://novosibirsk.cian.ru/sale/flat/326175330/?mlSearchSessionGuid=5ccd199be5d7419b8fafb8ea055be6bb
flat;ЖИЛФОНД;real_estate_agent;sale;Октябрьский;2;18;42/2;Новосибирск;5400000;На Снежиной;2; Татьяны Снежиной;56.2;Золотая Нива;https://novosibirsk.cian.ru/sale/flat/319169796/?mlSearchSessionGuid=5ccd199be5d7419b8fafb8ea055be6bb
flat;Люди;real_estate_agent;sale;Октябрьский;5;9;202;Новосибирск;5400000;;2; Бориса Богаткова;46.8;Золотая Нива;https://novosibirsk.cian.ru/sale/flat/326639981/?mlSearchSessionGuid=5ccd199be5d7419b8fafb8ea055be6bb
flat;Ключи;real_estate_agent;sale;Ленинский;7;25;3/1;Новосибирск;5400000;1-ый на Киевской;2; Забалуева;42.0;Площадь Маркса;https://novosibirsk.cian.ru/sale/flat/325902230/?mlSearchSessionGuid=5ccd199be5d7419b8fafb8ea055be6bb
flat;Квартирный портал;real_estate_agent;sale;Октябрьский;5;10;11/1;Новосибирск;5400000;Плющихинский;2; Виталия Потылицына;58.4;Золотая Нива;https://novosibirsk.cian.ru/sale/flat/305857051/?mlSearchSessionGuid=5ccd199be5d7419b8fafb8ea055be6bb
flat;Ольга Касич;realtor;sale;Советский;1;10;41;Новосибирск;5400000;;2; Сиреневая;46.0;;https://novosibirsk.cian.ru/sale/flat/326393927/?mlSearchSessionGuid=5ccd199be5d7419b8fafb8ea055be6bb
flat;Жанна Кулешова;realtor;sale;Кировский;7;10;98;Новосибирск;5400000;;2; Зорге;52.0;Площадь Маркса;https://novosibirsk.cian.ru/sale/flat/322977049/?mlSearchSessionGuid=5ccd199be5d7419b8fafb8ea055be6bb
flat;ЖИЛФОНД;real_estate_agent;sale;Центральный;4;5;1;Новосибирск;5490000;;2;Серебренниковская ;43.2;Октябрьская;https://novosibirsk.cian.ru/sale/flat/326819018/?mlSearchSessionGuid=5ccd199be5d7419b8fafb8ea055be6bb
flat;Калининское;real_estate_agent;sale;Калининский;1;9;8/1;Новосибирск;5450000;Мкрн. Родники;2; Мясниковой;45.6;Заельцовская;https://novosibirsk.cian.ru/sale/flat/323786976/?mlSearchSessionGuid=5ccd199be5d7419b8fafb8ea055be6bb
flat;ЖИЛФОНД;real_estate_agent;sale;Заельцовский;1;9;47;Новосибирск;5450000;;2;Линейная ;46.5;Гагаринская;https://novosibirsk.cian.ru/sale/flat/326927488/?mlSearchSessionGuid=5ccd199be5d7419b8fafb8ea055be6bb
flat;Владис Центральное;real_estate_agent;sale;Советский;7;9;3;Новосибирск;5499000;;2; Русская;43.1;;https://novosibirsk.cian.ru/sale/flat/324145539/?mlSearchSessionGuid=5ccd199be5d7419b8fafb8ea055be6bb
flat;Дельта;real_estate_agent;sale;Советский;4;5;5;Новосибирск;5450000;;2; Иванова;44.0;;https://novosibirsk.cian.ru/sale/flat/319042779/?mlSearchSessionGuid=5ccd199be5d7419b8fafb8ea055be6bb
flat;Столица Сибири;real_estate_agent;sale;Заельцовский;1;5;185А;Новосибирск;5450000;;2; Дуси Ковальчук;42.9;Заельцовская;https://novosibirsk.cian.ru/sale/flat/326467500/?mlSearchSessionGuid=5ccd199be5d7419b8fafb8ea055be6bb
flat;Владис Центральное;real_estate_agent;sale;Кировский;17;18;9;Новосибирск;5450000;Просторный;2; Николая Сотникова;56.0;Студенческая;https://novosibirsk.cian.ru/sale/flat/326572591/?mlSearchSessionGuid=5ccd199be5d7419b8fafb8ea055be6bb
flat;Вертикаль;real_estate_agent;sale;Дзержинский;2;5;231;Новосибирск;5490000;;2; Гоголя;46.0;Березовая Роща;https://novosibirsk.cian.ru/sale/flat/326645266/?mlSearchSessionGuid=5ccd199be5d7419b8fafb8ea055be6bb
flat;Планета-А;real_estate_agent;sale;Кировский;17;18;9;Новосибирск;5450000;Просторный;2; Николая Сотникова;55.1;Студенческая;https://novosibirsk.cian.ru/sale/flat/326171567/?mlSearchSessionGuid=5ccd199be5d7419b8fafb8ea055be6bb
flat;ДомианНСК;real_estate_agent;sale;Заельцовский;2;5;47;Новосибирск;5450000;;2; Дмитрия Донского;44.0;Заельцовская;https://novosibirsk.cian.ru/sale/flat/320345650/?mlSearchSessionGuid=5ccd199be5d7419b8fafb8ea055be6bb
flat;ID 94415442;realtor;sale;Кировский;2;9;14/1;Новосибирск;5499000;;2; Петухова;58.7;Площадь Маркса;https://novosibirsk.cian.ru/sale/flat/325158447/?mlSearchSessionGuid=5ccd199be5d7419b8fafb8ea055be6bb
flat;Дельта;real_estate_agent;sale;Советский;12;25;24/1;Новосибирск;5500000;Тихий берег;2;Приморская ;42.7;Студенческая;https://novosibirsk.cian.ru/sale/flat/316034750/?mlSearchSessionGuid=5ccd199be5d7419b8fafb8ea055be6bb
flat;ЖИЛФОНД;real_estate_agent;sale;Кировский;14;23;105/1;Новосибирск;5590000;Матрешкин двор;2; Петухова;60.5;Площадь Маркса;https://novosibirsk.cian.ru/sale/flat/326927494/?mlSearchSessionGuid=5ccd199be5d7419b8fafb8ea055be6bb
flat;ЖИЛФОНД;real_estate_agent;sale;Ленинский;13;17;9;Новосибирск;5500000;Лето;2; Ивана Севастьянова;46.3;Площадь Маркса;https://novosibirsk.cian.ru/sale/flat/324796402/?mlSearchSessionGuid=5ccd199be5d7419b8fafb8ea055be6bb
flat;ЖИЛФОНД;real_estate_agent;sale;Дзержинский;2;9;1;Новосибирск;5500000;;2; Дениса Давыдова;44.5;Березовая Роща;https://novosibirsk.cian.ru/sale/flat/324680041/?mlSearchSessionGuid=5ccd199be5d7419b8fafb8ea055be6bb
flat;ЖИЛФОНД;real_estate_agent;sale;Калининский;5;5;5;Новосибирск;5500000;;2; Богдана Хмельницкого;41.5;Заельцовская;https://novosibirsk.cian.ru/sale/flat/323125318/?mlSearchSessionGuid=5ccd199be5d7419b8fafb8ea055be6bb
flat;ЖИЛФОНД;real_estate_agent;sale;Железнодорожный;4;5;13;Новосибирск;5500000;;2;Владимировская ;45.2;Площадь Гарина-Михайловского;https://novosibirsk.cian.ru/sale/flat/315312558/?mlSearchSessionGuid=5ccd199be5d7419b8fafb8ea055be6bb
flat;ЖИЛФОНД;real_estate_agent;sale;Ленинский;5;12;1;Новосибирск;5500000;;2; Связистов;46.7;Площадь Маркса;https://novosibirsk.cian.ru/sale/flat/326320447/?mlSearchSessionGuid=5ccd199be5d7419b8fafb8ea055be6bb
flat;ЖИЛФОНД;real_estate_agent;sale;Калининский;4;9;3;Новосибирск;5500000;Мкрн. Родники;2; Земнухова;53.0;Заельцовская;https://novosibirsk.cian.ru/sale/flat/325034893/?mlSearchSessionGuid=5ccd199be5d7419b8fafb8ea055be6bb
flat;ЖИЛФОНД;real_estate_agent;sale;Кировский;7;25;50;Новосибирск;5500000;Гвардейский;2;Беловежская ;47.1;Площадь Маркса;https://novosibirsk.cian.ru/sale/flat/326360468/?mlSearchSessionGuid=5ccd199be5d7419b8fafb8ea055be6bb
flat;ЖИЛФОНД;real_estate_agent;sale;Калининский;7;9;8/2;Новосибирск;5500000;Мкрн. Родники;2; Мясниковой;55.0;Заельцовская;https://novosibirsk.cian.ru/sale/flat/324534927/?mlSearchSessionGuid=5ccd199be5d7419b8fafb8ea055be6bb
flat;ЖИЛФОНД;real_estate_agent;sale;Дзержинский;9;9;15;Новосибирск;5500000;;2; Кошурникова;41.8;Березовая Роща;https://novosibirsk.cian.ru/sale/flat/322873476/?mlSearchSessionGuid=5ccd199be5d7419b8fafb8ea055be6bb
flat;ЖИЛФОНД;real_estate_agent;sale;Кировский;2;5;13;Новосибирск;5500000;;2; Сибиряков-Гвардейцев;45.3;Площадь Маркса;https://novosibirsk.cian.ru/sale/flat/320510627/?mlSearchSessionGuid=5ccd199be5d7419b8fafb8ea055be6bb
flat;ЖИЛФОНД;real_estate_agent;sale;Октябрьский;5;5;47;Новосибирск;5500000;;2;Гурьевская ;46.1;Речной вокзал;https://novosibirsk.cian.ru/sale/flat/325812103/?mlSearchSessionGuid=5ccd199be5d7419b8fafb8ea055be6bb
flat;ЖИЛФОНД;real_estate_agent;sale;Кировский;10;10;12;Новосибирск;5500000;Просторный;2; Николая Сотникова;63.7;Студенческая;https://novosibirsk.cian.ru/sale/flat/326172368/?mlSearchSessionGuid=5ccd199be5d7419b8fafb8ea055be6bb
flat;ЖИЛФОНД;real_estate_agent;sale;Калининский;1;17;18;Новосибирск;5500000;Новые Снегири;2; Курчатова;43.0;Заельцовская;https://novosibirsk.cian.ru/sale/flat/323373274/?mlSearchSessionGuid=5ccd199be5d7419b8fafb8ea055be6bb
flat;Калининское;real_estate_agent;sale;Калининский;10;10;4;Новосибирск;5500000;Мкрн. Родники;2; Земнухова;53.0;Заельцовская;https://novosibirsk.cian.ru/sale/flat/324383784/?mlSearchSessionGuid=5ccd199be5d7419b8fafb8ea055be6bb
flat;Калининское;real_estate_agent;sale;Калининский;9;9;130/3;Новосибирск;5500000;;2; Кропоткина;42.6;Березовая Роща;https://novosibirsk.cian.ru/sale/flat/323584107/?mlSearchSessionGuid=5ccd199be5d7419b8fafb8ea055be6bb
flat;ЖИЛФОНД;real_estate_agent;sale;Ленинский;7;10;19/1;Новосибирск;5550000;;2;Широкая ;45.0;Площадь Маркса;https://novosibirsk.cian.ru/sale/flat/322632072/?mlSearchSessionGuid=5ccd199be5d7419b8fafb8ea055be6bb
flat;ЖИЛФОНД;real_estate_agent;sale;Октябрьский;2;10;54/1;Новосибирск;5500000;Плющихинский;2; В. Высоцкого;57.6;Золотая Нива;https://novosibirsk.cian.ru/sale/flat/327021191/?mlSearchSessionGuid=5ccd199be5d7419b8fafb8ea055be6bb
flat;Сфера;real_estate_agent;sale;Заельцовский;1;5;92;Новосибирск;5580000;;2; Кропоткина;44.0;Гагаринская;https://novosibirsk.cian.ru/sale/flat/323135122/?mlSearchSessionGuid=5ccd199be5d7419b8fafb8ea055be6bb
flat;МакроМир;real_estate_agent;sale;Центральный;4;5;18;Новосибирск;5500000;;2; Достоевского;46.0;Красный Проспект;https://novosibirsk.cian.ru/sale/flat/326516106/?mlSearchSessionGuid=5ccd199be5d7419b8fafb8ea055be6bb
flat;АльянсРиэлт;real_estate_agent;sale;Центральный;5;5;29;Новосибирск;5500000;;2;Ипподромская ;44.5;Маршала Покрышкина;https://novosibirsk.cian.ru/sale/flat/323712250/?mlSearchSessionGuid=5ccd199be5d7419b8fafb8ea055be6bb
flat;Поиск Метров;real_estate_agent;sale;Ленинский;8;17;43;Новосибирск;5550000;VESNA;2; Ясный Берег;37.7;Октябрьская;https://novosibirsk.cian.ru/sale/flat/317791063/?mlSearchSessionGuid=5ccd199be5d7419b8fafb8ea055be6bb
flat;Владис Центральное;real_estate_agent;sale;Калининский;9;9;19/1;Новосибирск;5500000;;2; Макаренко;50.7;Заельцовская;https://novosibirsk.cian.ru/sale/flat/327058121/?mlSearchSessionGuid=5ccd199be5d7419b8fafb8ea055be6bb
flat;Город Н;real_estate_agent;sale;Кировский;3;5;20;Новосибирск;5550000;;2; Сибиряков-Гвардейцев;45.6;Площадь Маркса;https://novosibirsk.cian.ru/sale/flat/326809130/?mlSearchSessionGuid=5ccd199be5d7419b8fafb8ea055be6bb
flat;Департамент недвижимости и права;real_estate_agent;sale;Ленинский;5;5;11;Новосибирск;5500000;;2; Станиславского;58.7;Площадь Маркса;https://novosibirsk.cian.ru/sale/flat/302269585/?mlSearchSessionGuid=5ccd199be5d7419b8fafb8ea055be6bb
flat;Люди;real_estate_agent;sale;Советский;4;4;1;Новосибирск;5500000;;2; Героев Труда;42.2;Речной вокзал;https://novosibirsk.cian.ru/sale/flat/326092773/?mlSearchSessionGuid=5ccd199be5d7419b8fafb8ea055be6bb
flat;Люди;real_estate_agent;sale;Железнодорожный;3;5;2;Новосибирск;5530000;;2;Бурлинская ;44.0;Красный Проспект;https://novosibirsk.cian.ru/sale/flat/317255721/?mlSearchSessionGuid=5ccd199be5d7419b8fafb8ea055be6bb
flat;ЛЕГКО;real_estate_agent;sale;Ленинский;4;18;78/1;Новосибирск;5550000;КрымSKY;2; Плахотного;44.9;Площадь Маркса;https://novosibirsk.cian.ru/sale/flat/327005178/?mlSearchSessionGuid=5ccd199be5d7419b8fafb8ea055be6bb
flat;ДОКТОР КЛЮЧ;real_estate_agent;sale;Заельцовский;7;9;22;Новосибирск;5500000;;2; Дуси Ковальчук;43.1;Заельцовская;https://novosibirsk.cian.ru/sale/flat/324813815/?mlSearchSessionGuid=5ccd199be5d7419b8fafb8ea055be6bb
flat;PRO Недвижимость;real_estate_agent;sale;Центральный;4;5;71;Новосибирск;5500000;;2; Ольги Жилиной;46.8;Маршала Покрышкина;https://novosibirsk.cian.ru/sale/flat/326639099/?mlSearchSessionGuid=5ccd199be5d7419b8fafb8ea055be6bb
flat;Первая риэлторская компания;real_estate_agent;sale;Дзержинский;10;10;10;Новосибирск;5500000;;2; Шекспира;43.0;Березовая Роща;https://novosibirsk.cian.ru/sale/flat/323210309/?mlSearchSessionGuid=5ccd199be5d7419b8fafb8ea055be6bb
flat;Вместе;real_estate_agent;sale;Кировский;6;9;11/1;Новосибирск;5500000;;2; Виктора Уса;47.0;Площадь Маркса;https://novosibirsk.cian.ru/sale/flat/326693794/?mlSearchSessionGuid=5ccd199be5d7419b8fafb8ea055be6bb
flat;РЕГИОНАЛЬНЫЙ ЦЕНТР НЕДВИЖИМОСТИ;real_estate_agent;sale;Кировский;22;24;56;Новосибирск;5500000;Новые Матрёшки;2; Бородина;53.6;Площадь Маркса;https://novosibirsk.cian.ru/sale/flat/325028455/?mlSearchSessionGuid=5ccd199be5d7419b8fafb8ea055be6bb
flat;Поиск Метров;real_estate_agent;sale;Кировский;7;9;1/2;Новосибирск;5500000;Акатуйский;2; Виктора Уса;49.7;Площадь Маркса;https://novosibirsk.cian.ru/sale/flat/323673887/?mlSearchSessionGuid=5ccd199be5d7419b8fafb8ea055be6bb
flat;Владис Центральное;real_estate_agent;sale;Первомайский;1;9;107;Новосибирск;5500000;;2; Героев Революции;54.4;Речной вокзал;https://novosibirsk.cian.ru/sale/flat/326606734/?mlSearchSessionGuid=5ccd199be5d7419b8fafb8ea055be6bb
flat;Владис Центральное;real_estate_agent;sale;Калининский;4;9;19;Новосибирск;5500000;;2; Карельская;53.1;Заельцовская;https://novosibirsk.cian.ru/sale/flat/326422141/?mlSearchSessionGuid=5ccd199be5d7419b8fafb8ea055be6bb
flat;Владис Центральное;real_estate_agent;sale;Центральный;1;5;69;Новосибирск;5500000;;2; Крылова;44.1;Маршала Покрышкина;https://novosibirsk.cian.ru/sale/flat/326393776/?mlSearchSessionGuid=5ccd199be5d7419b8fafb8ea055be6bb
flat;Владис Центральное;real_estate_agent;sale;Дзержинский;11;11;13;Новосибирск;5500000;;2; Дениса Давыдова;55.0;Березовая Роща;https://novosibirsk.cian.ru/sale/flat/322467064/?mlSearchSessionGuid=5ccd199be5d7419b8fafb8ea055be6bb
flat;Домолегион;real_estate_agent;sale;Ленинский;1;7;7;Новосибирск;5550000;;2; Станиславского;68.1;Площадь Маркса;https://novosibirsk.cian.ru/sale/flat/326535501/?mlSearchSessionGuid=5ccd199be5d7419b8fafb8ea055be6bb
flat;Novodom;real_estate_agent;sale;Железнодорожный;1;5;28;Новосибирск;5590000;;2;Сибирская ;45.0;Площадь Гарина-Михайловского;https://novosibirsk.cian.ru/sale/flat/305403962/?mlSearchSessionGuid=5ccd199be5d7419b8fafb8ea055be6bb
flat;РиэлтПрофи;real_estate_agent;sale;Советский;7;9;11;Новосибирск;5550000;;2; Экваторная;48.1;Речной вокзал;https://novosibirsk.cian.ru/sale/flat/325252210/?mlSearchSessionGuid=5ccd199be5d7419b8fafb8ea055be6bb
flat;PRO Недвижимость;real_estate_agent;sale;Ленинский;1;16;1;Новосибирск;5550000;Радужный каскад;2;Стартовая ;40.0;Спортивная;https://novosibirsk.cian.ru/sale/flat/325641288/?mlSearchSessionGuid=5ccd199be5d7419b8fafb8ea055be6bb
flat;АЛЬФА-НЕДВИЖИМОСТЬ;real_estate_agent;sale;Кировский;8;9;21;Новосибирск;5500000;;2; Комсомольская;50.0;Студенческая;https://novosibirsk.cian.ru/sale/flat/326368944/?mlSearchSessionGuid=5ccd199be5d7419b8fafb8ea055be6bb
flat;Всем Квартиру;real_estate_agent;sale;Первомайский;6;10;19;Новосибирск;5500000;;2; Одоевского;50.2;Речной вокзал;https://novosibirsk.cian.ru/sale/flat/320243142/?mlSearchSessionGuid=5ccd199be5d7419b8fafb8ea055be6bb
flat;DOMaSTROY;real_estate_agent;sale;Дзержинский;6;9;8/6;Новосибирск;5500000;;2; Есенина;46.0;Золотая Нива;https://novosibirsk.cian.ru/sale/flat/319918014/?mlSearchSessionGuid=5ccd199be5d7419b8fafb8ea055be6bb
flat;Квартирный портал;real_estate_agent;sale;Кировский;6;17;22/1;Новосибирск;5500000;Семейный квартал;2;Бронная ;48.8;Площадь Маркса;https://novosibirsk.cian.ru/sale/flat/326051484/?mlSearchSessionGuid=5ccd199be5d7419b8fafb8ea055be6bb
flat;Формула недвижимости;real_estate_agent;sale;Кировский;2;5;13;Новосибирск;5500000;;2; Сибиряков-Гвардейцев;45.3;Площадь Маркса;https://novosibirsk.cian.ru/sale/flat/322955418/?mlSearchSessionGuid=5ccd199be5d7419b8fafb8ea055be6bb
flat;РиэлтПрофи;real_estate_agent;sale;Советский;7;9;16;Новосибирск;5500000;;2; Экваторная;53.1;Речной вокзал;https://novosibirsk.cian.ru/sale/flat/320105749/?mlSearchSessionGuid=5ccd199be5d7419b8fafb8ea055be6bb
flat;ПЛАНЕТА на Маркса;real_estate_agent;sale;Заельцовский;1;9;62;Новосибирск;5500000;;2;Переездная ;42.4;Заельцовская;https://novosibirsk.cian.ru/sale/flat/324195316/?mlSearchSessionGuid=5ccd199be5d7419b8fafb8ea055be6bb
flat;МакроМир;real_estate_agent;sale;Октябрьский;10;18;42/2;Новосибирск;5500000;На Снежиной;2; Татьяны Снежиной;56.1;Золотая Нива;https://novosibirsk.cian.ru/sale/flat/323196927/?mlSearchSessionGuid=5ccd199be5d7419b8fafb8ea055be6bb
flat;Планета Недвижимости -подразделение ООО Лаки;real_estate_agent;sale;Дзержинский;2;6;81;Новосибирск;5500000;;2;проспект Дзержинского;56.0;Березовая Роща;https://novosibirsk.cian.ru/sale/flat/313499479/?mlSearchSessionGuid=5ccd199be5d7419b8fafb8ea055be6bb
flat;Агент Pro;real_estate_agent;sale;Заельцовский;3;9;2;Новосибирск;5500000;;2; Лебедевского;51.0;Заельцовская;https://novosibirsk.cian.ru/sale/flat/320719875/?mlSearchSessionGuid=5ccd199be5d7419b8fafb8ea055be6bb
flat;Светлана Прудникова;realtor;sale;Заельцовский;1;5;408А;Новосибирск;5500000;;2; Дуси Ковальчук;41.3;Заельцовская;https://novosibirsk.cian.ru/sale/flat/327043900/?mlSearchSessionGuid=5ccd199be5d7419b8fafb8ea055be6bb
flat;Наталья Сухаревская;realtor;sale;Ленинский;8;9;90;Новосибирск;5500000;;2; Пархоменко;53.0;Площадь Маркса;https://novosibirsk.cian.ru/sale/flat/324492093/?mlSearchSessionGuid=5ccd199be5d7419b8fafb8ea055be6bb
flat;Алексей Ражев;realtor;sale;Центральный;2;5;31;Новосибирск;5550000;;2; Мичурина;44.7;Сибирская;https://novosibirsk.cian.ru/sale/flat/320406198/?mlSearchSessionGuid=5ccd199be5d7419b8fafb8ea055be6bb
flat;ЖИЛФОНД;real_estate_agent;sale;Октябрьский;9;15;276;Новосибирск;5600000;Smart Avenue;2; Кирова;37.0;Речной вокзал;https://novosibirsk.cian.ru/sale/flat/326229435/?mlSearchSessionGuid=5ccd199be5d7419b8fafb8ea055be6bb
flat;ЖИЛФОНД;real_estate_agent;sale;Советский;1;5;26;Новосибирск;5600000;;2; Российская;42.4;;https://novosibirsk.cian.ru/sale/flat/323063742/?mlSearchSessionGuid=5ccd199be5d7419b8fafb8ea055be6bb
flat;ЖИЛФОНД;real_estate_agent;sale;Ленинский;3;5;46;Новосибирск;5600000;;2; Станиславского;44.5;Площадь Маркса;https://novosibirsk.cian.ru/sale/flat/326584125/?mlSearchSessionGuid=5ccd199be5d7419b8fafb8ea055be6bb
flat;ЖИЛФОНД;real_estate_agent;sale;Калининский;4;9;9;Новосибирск;5600000;;2; Макаренко;50.5;Заельцовская;https://novosibirsk.cian.ru/sale/flat/326728843/?mlSearchSessionGuid=5ccd199be5d7419b8fafb8ea055be6bb
flat;ЖИЛФОНД;real_estate_agent;sale;Калининский;4;9;14/3;Новосибирск;5600000;Дунаевский;2; Дунаевского;37.2;Заельцовская;https://novosibirsk.cian.ru/sale/flat/325308090/?mlSearchSessionGuid=5ccd199be5d7419b8fafb8ea055be6bb
flat;Самолет Плюс Центр;real_estate_agent;sale;Заельцовский;5;5;106/2;Новосибирск;5600000;;2; Кропоткина;45.0;Гагаринская;https://novosibirsk.cian.ru/sale/flat/327055646/?mlSearchSessionGuid=5ccd199be5d7419b8fafb8ea055be6bb
flat;ЖИЛФОНД;real_estate_agent;sale;Центральный;2;5;59;Новосибирск;5630000;;2;Красный проспект;43.4;Красный Проспект;https://novosibirsk.cian.ru/sale/flat/318433921/?mlSearchSessionGuid=5ccd199be5d7419b8fafb8ea055be6bb
flat;Калининское;real_estate_agent;sale;Ленинский;4;18;35;Новосибирск;5600000;Чистая слобода;2;Спортивная ;51.0;Площадь Маркса;https://novosibirsk.cian.ru/sale/flat/325983323/?mlSearchSessionGuid=5ccd199be5d7419b8fafb8ea055be6bb
flat;ЖИЛФОНД;real_estate_agent;sale;Ленинский;15;17;5/3;Новосибирск;5600000;Аквамарин;2;Междуреченская ;52.1;Площадь Гарина-Михайловского;https://novosibirsk.cian.ru/sale/flat/326179853/?mlSearchSessionGuid=5ccd199be5d7419b8fafb8ea055be6bb
flat;ЖИЛФОНД;real_estate_agent;sale;Ленинский;5;7;17;Новосибирск;5600000;;2; Станиславского;41.3;Площадь Маркса;https://novosibirsk.cian.ru/sale/flat/324730770/?mlSearchSessionGuid=5ccd199be5d7419b8fafb8ea055be6bb
flat;Владис Центральное;real_estate_agent;sale;Калининский;2;9;3/1;Новосибирск;5600000;Мкрн. Родники;2; Родники;54.0;Заельцовская;https://novosibirsk.cian.ru/sale/flat/322550984/?mlSearchSessionGuid=5ccd199be5d7419b8fafb8ea055be6bb
flat;Марина Прилуцких;realtor;sale;Октябрьский;8;10;43/1;Новосибирск;5600000;;2; Татьяны Снежиной;57.6;Золотая Нива;https://novosibirsk.cian.ru/sale/flat/322380425/?mlSearchSessionGuid=5ccd199be5d7419b8fafb8ea055be6bb
flat;Ваш Академгородок;real_estate_agent;sale;Советский;4;5;43;Новосибирск;5600000;;2; Иванова;43.4;;https://novosibirsk.cian.ru/sale/flat/320579788/?mlSearchSessionGuid=5ccd199be5d7419b8fafb8ea055be6bb
flat;ЛЕГКО;real_estate_agent;sale;Кировский;2;5;3;Новосибирск;5600000;;2; Сибиряков-Гвардейцев;45.7;Площадь Маркса;https://novosibirsk.cian.ru/sale/flat/326637258/?mlSearchSessionGuid=5ccd199be5d7419b8fafb8ea055be6bb
flat;КВАРТЭН;real_estate_agent;sale;Ленинский;5;5;10;Новосибирск;5600000;;2; Блюхера;42.0;Площадь Маркса;https://novosibirsk.cian.ru/sale/flat/324575816/?mlSearchSessionGuid=5ccd199be5d7419b8fafb8ea055be6bb
flat;Созвездие Весов;real_estate_agent;sale;Советский;1;4;2;Новосибирск;5620000;;2;бульвар Молодежи;43.8;Речной вокзал;https://novosibirsk.cian.ru/sale/flat/326671931/?mlSearchSessionGuid=5ccd199be5d7419b8fafb8ea055be6bb
flat;Планета на Станиславского;real_estate_agent;sale;Кировский;7;10;128/1;Новосибирск;5600000;;2; Петухова;54.0;Площадь Маркса;https://novosibirsk.cian.ru/sale/flat/314005273/?mlSearchSessionGuid=5ccd199be5d7419b8fafb8ea055be6bb
flat;Домофонд;real_estate_agent;sale;Заельцовский;7;9;7;Новосибирск;5600000;;2; Залесского;49.2;Заельцовская;https://novosibirsk.cian.ru/sale/flat/322825370/?mlSearchSessionGuid=5ccd199be5d7419b8fafb8ea055be6bb
flat;Вместе;real_estate_agent;sale;Центральный;2;5;47А;Новосибирск;5600000;;2; Гоголя;43.0;Маршала Покрышкина;https://novosibirsk.cian.ru/sale/flat/324428497/?mlSearchSessionGuid=5ccd199be5d7419b8fafb8ea055be6bb
flat;METRAGE;real_estate_agent;sale;Заельцовский;5;5;81/3;Новосибирск;5600000;;2;Красный проспект;43.6;Гагаринская;https://novosibirsk.cian.ru/sale/flat/326409622/?mlSearchSessionGuid=5ccd199be5d7419b8fafb8ea055be6bb
flat;ЕВРОДОМ;real_estate_agent;sale;Железнодорожный;3;5;22;Новосибирск;5600000;;2; Дмитрия Шамшурина;43.6;Площадь Гарина-Михайловского;https://novosibirsk.cian.ru/sale/flat/324238652/?mlSearchSessionGuid=5ccd199be5d7419b8fafb8ea055be6bb
flat;Планета-8;real_estate_agent;sale;Затулинский жилмассив;24;27;229/3;Новосибирск;5600000;Расцветай на Зорге;2; Зорге;59.1;;https://novosibirsk.cian.ru/sale/flat/319243537/?mlSearchSessionGuid=5ccd199be5d7419b8fafb8ea055be6bb
flat;Планета;real_estate_agent;sale;Ленинский;4;4;2;Новосибирск;5600000;;2; Римского-Корсакова;48.5;Площадь Маркса;https://novosibirsk.cian.ru/sale/flat/326574022/?mlSearchSessionGuid=5ccd199be5d7419b8fafb8ea055be6bb
flat;Планета на Станиславского;real_estate_agent;sale;Кировский;13;17;105;Новосибирск;5600000;Матрешкин двор;2; Петухова;56.7;Студенческая;https://novosibirsk.cian.ru/sale/flat/325035442/?mlSearchSessionGuid=5ccd199be5d7419b8fafb8ea055be6bb
flat;РЕГИОНАЛЬНЫЙ ЦЕНТР НЕДВИЖИМОСТИ;real_estate_agent;sale;Кировский;14;18;1/1;Новосибирск;5600000;Акатуйский;2; Виктора Уса;60.0;Площадь Маркса;https://novosibirsk.cian.ru/sale/flat/325291139/?mlSearchSessionGuid=5ccd199be5d7419b8fafb8ea055be6bb
flat;ПРОЕКТ;real_estate_agent;sale;Заельцовский;1;5;104;Новосибирск;5600000;;2;Кубовая ;44.8;Заельцовская;https://novosibirsk.cian.ru/sale/flat/321247230/?mlSearchSessionGuid=5ccd199be5d7419b8fafb8ea055be6bb
flat;Планета;real_estate_agent;sale;Октябрьский;4;9;70;Новосибирск;5600000;;2; Никитина;47.0;Речной вокзал;https://novosibirsk.cian.ru/sale/flat/320427117/?mlSearchSessionGuid=5ccd199be5d7419b8fafb8ea055be6bb
flat;Недвижимость и Право НСК;real_estate_agent;sale;Заельцовский;9;9;4;Новосибирск;5600000;;2; Лебедевского;51.0;Заельцовская;https://novosibirsk.cian.ru/sale/flat/326172886/?mlSearchSessionGuid=5ccd199be5d7419b8fafb8ea055be6bb
flat;ЖИЛФОНД;real_estate_agent;sale;Дзержинский;5;5;184/1;Новосибирск;5650000;;2; Гоголя;50.0;Березовая Роща;https://novosibirsk.cian.ru/sale/flat/326518336/?mlSearchSessionGuid=5ccd199be5d7419b8fafb8ea055be6bb
flat;Планета-А;real_estate_agent;sale;Центральный;5;5;3А;Новосибирск;5699999;;2; Гоголя;46.0;Красный Проспект;https://novosibirsk.cian.ru/sale/flat/326178453/?mlSearchSessionGuid=5ccd199be5d7419b8fafb8ea055be6bb
flat;УСПЕХ-недвижимость;real_estate_agent;sale;Кировский;5;17;10/2;Новосибирск;5699000;Матрешкин двор;2; Дмитрия Шмонина;59.5;Студенческая;https://novosibirsk.cian.ru/sale/flat/322635935/?mlSearchSessionGuid=5ccd199be5d7419b8fafb8ea055be6bb
flat;ЖИЛФОНД;real_estate_agent;sale;Октябрьский;9;9;101/5;Новосибирск;5700000;;2;Выборная ;49.6;Речной вокзал;https://novosibirsk.cian.ru/sale/flat/323741224/?mlSearchSessionGuid=5ccd199be5d7419b8fafb8ea055be6bb
flat;ЖИЛФОНД;real_estate_agent;sale;Октябрьский;3;9;175/6;Новосибирск;5700000;;2;Большевистская ;45.1;Спортивная;https://novosibirsk.cian.ru/sale/flat/326923926/?mlSearchSessionGuid=5ccd199be5d7419b8fafb8ea055be6bb
flat;ЖИЛФОНД;real_estate_agent;sale;Дзержинский;5;5;55;Новосибирск;5700000;;2;проспект Дзержинского;44.1;Березовая Роща;https://novosibirsk.cian.ru/sale/flat/326660857/?mlSearchSessionGuid=5ccd199be5d7419b8fafb8ea055be6bb
flat;ЖИЛФОНД;real_estate_agent;sale;Дзержинский;5;5;260;Новосибирск;5700000;;2; Бориса Богаткова;42.4;Золотая Нива;https://novosibirsk.cian.ru/sale/flat/326418224/?mlSearchSessionGuid=5ccd199be5d7419b8fafb8ea055be6bb
flat;ЖИЛФОНД;real_estate_agent;sale;Первомайский;9;25;1;Новосибирск;5700000;Сокольники;2; Ошанина;45.9;Речной вокзал;https://novosibirsk.cian.ru/sale/flat/323038845/?mlSearchSessionGuid=5ccd199be5d7419b8fafb8ea055be6bb
flat;ЖИЛФОНД;real_estate_agent;sale;Ленинский;8;12;1;Новосибирск;5700000;;2;Троллейная ;55.0;Площадь Маркса;https://novosibirsk.cian.ru/sale/flat/320722516/?mlSearchSessionGuid=5ccd199be5d7419b8fafb8ea055be6bb
flat;КвартЛаб;real_estate_agent;sale;Заельцовский;3;9;1;Новосибирск;5700000;;2;Рельсовая ;43.0;Гагаринская;https://novosibirsk.cian.ru/sale/flat/327060761/?mlSearchSessionGuid=5ccd199be5d7419b8fafb8ea055be6bb
flat;Люди;real_estate_agent;sale;Кировский;10;11;16;Новосибирск;5700000;Просторный;2; Николая Сотникова;63.2;Студенческая;https://novosibirsk.cian.ru/sale/flat/319625360/?mlSearchSessionGuid=5ccd199be5d7419b8fafb8ea055be6bb
flat;МакроМир;real_estate_agent;sale;Железнодорожный;9;9;8/1;Новосибирск;5700000;;2;Железнодорожная ;43.1;Площадь Гарина-Михайловского;https://novosibirsk.cian.ru/sale/flat/324687987/?mlSearchSessionGuid=5ccd199be5d7419b8fafb8ea055be6bb
flat;Агент Pro;real_estate_agent;sale;Калининский;1;4;53;Новосибирск;5730000;;2;Народная ;55.9;Заельцовская;https://novosibirsk.cian.ru/sale/flat/324376863/?mlSearchSessionGuid=5ccd199be5d7419b8fafb8ea055be6bb
flat;ПрофКом;real_estate_agent;sale;Октябрьский;1;1;121;Новосибирск;5700000;;2;Зыряновская ;41.0;Речной вокзал;https://novosibirsk.cian.ru/sale/flat/324923975/?mlSearchSessionGuid=5ccd199be5d7419b8fafb8ea055be6bb
flat;Юрий Колегов;realtor;sale;Ленинский;6;10;4;Новосибирск;5700000;Чистая слобода;2;Спортивная ;55.9;Площадь Маркса;https://novosibirsk.cian.ru/sale/flat/323017872/?mlSearchSessionGuid=5ccd199be5d7419b8fafb8ea055be6bb
flat;Наталия Орешкина;realtor;sale;Калининский;7;9;7/1;Новосибирск;5700000;Мкрн. Родники;2; Земнухова;52.8;Заельцовская;https://novosibirsk.cian.ru/sale/flat/322626791/?mlSearchSessionGuid=5ccd199be5d7419b8fafb8ea055be6bb
flat;ЖИЛФОНД;real_estate_agent;sale;Центральный;5;5;59;Новосибирск;5799000;;2;Красный проспект;45.0;Красный Проспект;https://novosibirsk.cian.ru/sale/flat/324471279/?mlSearchSessionGuid=5ccd199be5d7419b8fafb8ea055be6bb
flat;Владис Центральное;real_estate_agent;sale;Ленинский;7;17;7/1;Новосибирск;5750000;;2;Междуреченская ;59.6;Площадь Гарина-Михайловского;https://novosibirsk.cian.ru/sale/flat/326652158/?mlSearchSessionGuid=5ccd199be5d7419b8fafb8ea055be6bb
flat;ЕВРОДОМ;real_estate_agent;sale;Октябрьский;1;5;20;Новосибирск;5770000;;2; Добролюбова;44.1;Октябрьская;https://novosibirsk.cian.ru/sale/flat/284539658/?mlSearchSessionGuid=5ccd199be5d7419b8fafb8ea055be6bb
flat;Domstore;real_estate_agent;sale;Первомайский;2;5;1/4;Новосибирск;5799000;Берёзовое;2; Одоевского;53.1;Речной вокзал;https://novosibirsk.cian.ru/sale/flat/320969359/?mlSearchSessionGuid=5ccd199be5d7419b8fafb8ea055be6bb
flat;МакроМир;real_estate_agent;sale;Кировский;16;22;;Новосибирск;5750000;;2; Оловозаводская;39.5;Студенческая;https://novosibirsk.cian.ru/sale/flat/323064293/?mlSearchSessionGuid=5ccd199be5d7419b8fafb8ea055be6bb
flat;Вертикаль;real_estate_agent;sale;Ленинский;3;5;19;Новосибирск;5790000;;2;Геодезическая ;54.0;Студенческая;https://novosibirsk.cian.ru/sale/flat/322583738/?mlSearchSessionGuid=5ccd199be5d7419b8fafb8ea055be6bb
flat;Анатолий Артемьев;realtor;sale;Ленинский;12;17;162/3;Новосибирск;5750000;;2; Связистов;53.8;Площадь Маркса;https://novosibirsk.cian.ru/sale/flat/326776509/?mlSearchSessionGuid=5ccd199be5d7419b8fafb8ea055be6bb
flat;ЖИЛФОНД;real_estate_agent;sale;Центральный;6;9;31;Новосибирск;5800000;;2;Ипподромская ;44.9;Маршала Покрышкина;https://novosibirsk.cian.ru/sale/flat/326340831/?mlSearchSessionGuid=5ccd199be5d7419b8fafb8ea055be6bb
flat;ЖИЛФОНД;real_estate_agent;sale;Дзержинский;2;10;74;Новосибирск;5800000;;2; Чкалова;48.8;Березовая Роща;https://novosibirsk.cian.ru/sale/flat/326828405/?mlSearchSessionGuid=5ccd199be5d7419b8fafb8ea055be6bb
flat;ЖИЛФОНД;real_estate_agent;sale;Дзержинский;9;14;118;Новосибирск;5800000;RedFox;2; Коминтерна;38.9;Золотая Нива;https://novosibirsk.cian.ru/sale/flat/324555818/?mlSearchSessionGuid=5ccd199be5d7419b8fafb8ea055be6bb
flat;ЖИЛФОНД;real_estate_agent;sale;Октябрьский;5;7;50/1;Новосибирск;5800000;Плющихинский;2; В. Высоцкого;53.0;Золотая Нива;https://novosibirsk.cian.ru/sale/flat/323539491/?mlSearchSessionGuid=5ccd199be5d7419b8fafb8ea055be6bb
flat;ЖИЛФОНД;real_estate_agent;sale;Ленинский;15;17;162/1;Новосибирск;5800000;Азимут;2; Связистов;53.8;Площадь Маркса;https://novosibirsk.cian.ru/sale/flat/326553853/?mlSearchSessionGuid=5ccd199be5d7419b8fafb8ea055be6bb
flat;МакроМир;real_estate_agent;sale;Кировский;2;5;47;Новосибирск;5800000;;2; Ватутина;42.6;Площадь Маркса;https://novosibirsk.cian.ru/sale/flat/325784329/?mlSearchSessionGuid=5ccd199be5d7419b8fafb8ea055be6bb
flat;ЛЕГКО;real_estate_agent;sale;Центральный;2;5;49;Новосибирск;5800000;;2;Ипподромская ;42.6;Маршала Покрышкина;https://novosibirsk.cian.ru/sale/flat/326034519/?mlSearchSessionGuid=5ccd199be5d7419b8fafb8ea055be6bb
flat;ЛЕГКО;real_estate_agent;sale;Октябрьский;4;10;46/1;Новосибирск;5840000;Плющихинский;2; Татьяны Снежиной;61.0;Золотая Нива;https://novosibirsk.cian.ru/sale/flat/316561878/?mlSearchSessionGuid=5ccd199be5d7419b8fafb8ea055be6bb
flat;Альфа Дом;real_estate_agent;sale;Октябрьский;3;10;29/4;Новосибирск;5800000;Плющихинский;2; Татьяны Снежиной;63.5;Золотая Нива;https://novosibirsk.cian.ru/sale/flat/324208052/?mlSearchSessionGuid=5ccd199be5d7419b8fafb8ea055be6bb
flat;ФОРУМ;real_estate_agent;sale;Кировский;11;17;22/1;Новосибирск;5800000;Акварельный 3.0;2; Александра Чистякова;52.0;Студенческая;https://novosibirsk.cian.ru/sale/flat/326234792/?mlSearchSessionGuid=5ccd199be5d7419b8fafb8ea055be6bb
flat;Титул;real_estate_agent;sale;Железнодорожный;2;5;77;Новосибирск;5800000;;2; Ленина;41.1;Площадь Гарина-Михайловского;https://novosibirsk.cian.ru/sale/flat/320762334/?mlSearchSessionGuid=5ccd199be5d7419b8fafb8ea055be6bb
flat;ГРАНОВИТ;real_estate_agent;sale;Октябрьский;24;27;5;Новосибирск;5800000;Ваш выбор;2;Вилюйская ;47.9;Речной вокзал;https://novosibirsk.cian.ru/sale/flat/319040459/?mlSearchSessionGuid=5ccd199be5d7419b8fafb8ea055be6bb
flat;Инна Владимировна;realtor;sale;Кировский;11;24;54;Новосибирск;5800000;Новые Матрёшки;2; Бородина;57.5;Площадь Маркса;https://novosibirsk.cian.ru/sale/flat/322559023/?mlSearchSessionGuid=5ccd199be5d7419b8fafb8ea055be6bb
flat;Статус;real_estate_agent;sale;Калининский;7;10;132;Новосибирск;5800000;;2; Кропоткина;43.0;Маршала Покрышкина;https://novosibirsk.cian.ru/sale/flat/319240482/?mlSearchSessionGuid=5ccd199be5d7419b8fafb8ea055be6bb
flat;Формула недвижимости;real_estate_agent;sale;Кировский;4;5;34;Новосибирск;5800000;;2; Сибиряков-Гвардейцев;58.4;Площадь Маркса;https://novosibirsk.cian.ru/sale/flat/312588119/?mlSearchSessionGuid=5ccd199be5d7419b8fafb8ea055be6bb
flat;ПЛАНЕТА на Маркса;real_estate_agent;sale;Ленинский;1;11;236/2;Новосибирск;5800000;Чистая слобода;2; Титова;52.5;Площадь Маркса;https://novosibirsk.cian.ru/sale/flat/324971189/?mlSearchSessionGuid=5ccd199be5d7419b8fafb8ea055be6bb
flat;СТАН;real_estate_agent;sale;Ленинский;2;19;25/1;Новосибирск;5800000;КрымSKY;2; Пархоменко;39.4;Площадь Маркса;https://novosibirsk.cian.ru/sale/flat/316868945/?mlSearchSessionGuid=5ccd199be5d7419b8fafb8ea055be6bb
flat;ЖИЛФОНД;real_estate_agent;sale;Октябрьский;2;10;2;Новосибирск;5850000;Плющихинский;2; Плющихинская;63.3;Золотая Нива;https://novosibirsk.cian.ru/sale/flat/325716481/?mlSearchSessionGuid=5ccd199be5d7419b8fafb8ea055be6bb
flat;Департамент недвижимости и права;real_estate_agent;sale;Октябрьский;9;10;62;Новосибирск;5870000;Плющихинский;2; В. Высоцкого;75.3;Золотая Нива;https://novosibirsk.cian.ru/sale/flat/320451151/?mlSearchSessionGuid=5ccd199be5d7419b8fafb8ea055be6bb
flat;СТАН;real_estate_agent;sale;Октябрьский;2;10;1;Новосибирск;5850000;Плющихинский;2; Плющихинская;59.0;Золотая Нива;https://novosibirsk.cian.ru/sale/flat/325290509/?mlSearchSessionGuid=5ccd199be5d7419b8fafb8ea055be6bb
flat;РиэлтПрофи;real_estate_agent;sale;Первомайский;14;19;15;Новосибирск;5850000;Берёзовое;2;Березовая ;53.8;Речной вокзал;https://novosibirsk.cian.ru/sale/flat/293248016/?mlSearchSessionGuid=5ccd199be5d7419b8fafb8ea055be6bb
flat;Ольга Морозова;realtor;sale;Ленинский;12;17;162/3;Новосибирск;5890000;;2; Связистов;53.0;Площадь Маркса;https://novosibirsk.cian.ru/sale/flat/326304110/?mlSearchSessionGuid=5ccd199be5d7419b8fafb8ea055be6bb
flat;ID 63026953;realtor;sale;Октябрьский;9;9;10;Новосибирск;5850000;;2; Федосеева;44.2;Золотая Нива;https://novosibirsk.cian.ru/sale/flat/325586242/?mlSearchSessionGuid=5ccd199be5d7419b8fafb8ea055be6bb
flat;Жанна Кулешова;realtor;sale;Кировский;5;15;14/5;Новосибирск;5850000;Акатуйский;2; Петухова;59.44;Площадь Маркса;https://novosibirsk.cian.ru/sale/flat/322976701/?mlSearchSessionGuid=5ccd199be5d7419b8fafb8ea055be6bb
flat;ЖИЛФОНД;real_estate_agent;sale;Заельцовский;6;9;87/2;Новосибирск;5999000;;2;Красный проспект;47.5;Гагаринская;https://novosibirsk.cian.ru/sale/flat/324696057/?mlSearchSessionGuid=5ccd199be5d7419b8fafb8ea055be6bb
flat;ЖИЛФОНД;real_estate_agent;sale;Ленинский;2;4;646;Новосибирск;5999000;;2;Большая ;46.4;Площадь Маркса;https://novosibirsk.cian.ru/sale/flat/326723363/?mlSearchSessionGuid=5ccd199be5d7419b8fafb8ea055be6bb
flat;Дельта;real_estate_agent;sale;Советский;8;9;6;Новосибирск;5950000;;2; Полевая;45.2;;https://novosibirsk.cian.ru/sale/flat/322788262/?mlSearchSessionGuid=5ccd199be5d7419b8fafb8ea055be6bb
flat;Дельта;real_estate_agent;sale;Советский;3;5;30;Новосибирск;5999000;;2;бульвар Молодежи;44.1;;https://novosibirsk.cian.ru/sale/flat/324936924/?mlSearchSessionGuid=5ccd199be5d7419b8fafb8ea055be6bb
flat;ProDom;real_estate_agent;sale;Центральный;5;5;11А;Новосибирск;5950000;;2; Гоголя;46.1;Красный Проспект;https://novosibirsk.cian.ru/sale/flat/326701906/?mlSearchSessionGuid=5ccd199be5d7419b8fafb8ea055be6bb
flat;ЖИЛФОНД;real_estate_agent;sale;Ленинский;7;9;14/4;Новосибирск;5900000;;2; Немировича-Данченко;50.6;Площадь Маркса;https://novosibirsk.cian.ru/sale/flat/326640522/?mlSearchSessionGuid=5ccd199be5d7419b8fafb8ea055be6bb
flat;Калининское;real_estate_agent;sale;Калининский;8;10;13;Новосибирск;5900000;Мкрн. Родники;2; Краузе;53.0;Заельцовская;https://novosibirsk.cian.ru/sale/flat/326501388/?mlSearchSessionGuid=5ccd199be5d7419b8fafb8ea055be6bb
flat;ЖИЛФОНД;real_estate_agent;sale;Калининский;2;5;19;Новосибирск;5999000;;2;Танковая ;45.0;Заельцовская;https://novosibirsk.cian.ru/sale/flat/323014926/?mlSearchSessionGuid=5ccd199be5d7419b8fafb8ea055be6bb
flat;Сфера;real_estate_agent;sale;Заельцовский;1;5;171/3;Новосибирск;5900000;;2;Красный проспект;44.3;Заельцовская;https://novosibirsk.cian.ru/sale/flat/316905270/?mlSearchSessionGuid=5ccd199be5d7419b8fafb8ea055be6bb
flat;ПАЛИТРА;real_estate_agent;sale;Калининский;3;9;6;Новосибирск;5900000;;2; Менделеева;45.0;Заельцовская;https://novosibirsk.cian.ru/sale/flat/326053133/?mlSearchSessionGuid=5ccd199be5d7419b8fafb8ea055be6bb
flat;ПАРТНЕР;real_estate_agent;sale;Кировский;1;17;80;Новосибирск;5900000;Тульский;2;Тульская ;57.9;Студенческая;https://novosibirsk.cian.ru/sale/flat/326320993/?mlSearchSessionGuid=5ccd199be5d7419b8fafb8ea055be6bb
flat;Квартирный портал;real_estate_agent;sale;Первомайский;3;9;22/3;Новосибирск;5978400;Одоевский;2; Радиостанция № 2;57.87;Речной вокзал;https://novosibirsk.cian.ru/sale/flat/322424734/?mlSearchSessionGuid=5ccd199be5d7419b8fafb8ea055be6bb
flat;Люди;real_estate_agent;sale;Заельцовский;9;9;62;Новосибирск;5940000;;2;Переездная ;44.0;Заельцовская;https://novosibirsk.cian.ru/sale/flat/315741057/?mlSearchSessionGuid=5ccd199be5d7419b8fafb8ea055be6bb
flat;Люди;real_estate_agent;sale;Ленинский;7;10;276;Новосибирск;5950000;Чистая слобода;2; Титова;52.4;Площадь Маркса;https://novosibirsk.cian.ru/sale/flat/326630107/?mlSearchSessionGuid=5ccd199be5d7419b8fafb8ea055be6bb
flat;Анна Козлова;realtor;sale;Ленинский;6;9;19;Новосибирск;5900000;;2;Новосибирская ;53.0;Площадь Маркса;https://novosibirsk.cian.ru/sale/flat/320939277/?mlSearchSessionGuid=5ccd199be5d7419b8fafb8ea055be6bb
flat;Планета на Станиславского;real_estate_agent;sale;Заельцовский;2;5;394/2;Новосибирск;5900000;;2; Дуси Ковальчук;46.4;Заельцовская;https://novosibirsk.cian.ru/sale/flat/310187642/?mlSearchSessionGuid=5ccd199be5d7419b8fafb8ea055be6bb
flat;Планета;real_estate_agent;sale;Заельцовский;1;17;76/3;Новосибирск;5900000;;2;Сухарная ;57.4;Площадь Гарина-Михайловского;https://novosibirsk.cian.ru/sale/flat/306772988/?mlSearchSessionGuid=5ccd199be5d7419b8fafb8ea055be6bb
flat;ВАШ ВЫБОР;real_estate_agent;sale;Октябрьский;9;9;68;Новосибирск;5990000;;2; Никитина;44.0;Речной вокзал;https://novosibirsk.cian.ru/sale/flat/326119636/?mlSearchSessionGuid=5ccd199be5d7419b8fafb8ea055be6bb
flat;Мегаполис;real_estate_agent;sale;Заельцовский;1;5;37/1;Новосибирск;5950000;;2;Линейная ;42.8;Гагаринская;https://novosibirsk.cian.ru/sale/flat/320808397/?mlSearchSessionGuid=5ccd199be5d7419b8fafb8ea055be6bb
flat;Сибирь Ипотека;real_estate_agent;sale;Ленинский;5;10;41;Новосибирск;5999000;;2;Троллейная ;54.0;Площадь Маркса;https://novosibirsk.cian.ru/sale/flat/324460998/?mlSearchSessionGuid=5ccd199be5d7419b8fafb8ea055be6bb
flat;Всем Квартиру;real_estate_agent;sale;Советский;4;6;17;Новосибирск;5950000;;2; Боровая Партия;65.3;;https://novosibirsk.cian.ru/sale/flat/322630121/?mlSearchSessionGuid=5ccd199be5d7419b8fafb8ea055be6bb
flat;АльянсРиэлт;real_estate_agent;sale;Дзержинский;9;9;47;Новосибирск;5999000;;2; Красина;43.4;Березовая Роща;https://novosibirsk.cian.ru/sale/flat/309162115/?mlSearchSessionGuid=5ccd199be5d7419b8fafb8ea055be6bb
flat;Недвижимость на Красном;real_estate_agent;sale;Октябрьский;4;5;39;Новосибирск;5900000;;2;Гурьевская ;46.0;Речной вокзал;https://novosibirsk.cian.ru/sale/flat/324242513/?mlSearchSessionGuid=5ccd199be5d7419b8fafb8ea055be6bb
flat;МакроМир;real_estate_agent;sale;Кировский;3;25;50;Новосибирск;5950000;Гвардейский;2;Беловежская ;47.5;Площадь Маркса;https://novosibirsk.cian.ru/sale/flat/324244714/?mlSearchSessionGuid=5ccd199be5d7419b8fafb8ea055be6bb
flat;ПЛАНЕТА на Маркса;real_estate_agent;sale;Ленинский;3;13;5;Новосибирск;5950000;Дивногорский;2; Юности;51.83;Площадь Маркса;https://novosibirsk.cian.ru/sale/flat/323052102/?mlSearchSessionGuid=5ccd199be5d7419b8fafb8ea055be6bb
flat;Ольга Стефаненко;realtor;sale;Кировский;1;10;90;Новосибирск;5990000;;2; Зорге;61.0;Площадь Маркса;https://novosibirsk.cian.ru/sale/flat/312210044/?mlSearchSessionGuid=5ccd199be5d7419b8fafb8ea055be6bb
flat;ФОРСАЙТ НЕДВИЖИМОСТЬ;real_estate_agent;sale;Калининский;10;17;39;Новосибирск;5900000;Тайгинский парк;2;Тайгинская ;50.5;Заельцовская;https://novosibirsk.cian.ru/sale/flat/324468002/?mlSearchSessionGuid=5ccd199be5d7419b8fafb8ea055be6bb
flat;Никита Васильев;realtor;sale;Кировский;10;10;85;Новосибирск;5990000;;2; Ватутина;51.0;Площадь Маркса;https://novosibirsk.cian.ru/sale/flat/325153864/?mlSearchSessionGuid=5ccd199be5d7419b8fafb8ea055be6bb
flat;ЖИЛФОНД;real_estate_agent;sale;Первомайский;9;17;1/11;Новосибирск;6000000;Берёзовое;2; Одоевского;59.1;Речной вокзал;https://novosibirsk.cian.ru/sale/flat/327093949/?mlSearchSessionGuid=5ccd199be5d7419b8fafb8ea055be6bb
flat;ЖИЛФОНД;real_estate_agent;sale;Калининский;8;9;11;Новосибирск;6000000;Мкрн. Родники;2; Кочубея;53.9;Заельцовская;https://novosibirsk.cian.ru/sale/flat/322821116/?mlSearchSessionGuid=5ccd199be5d7419b8fafb8ea055be6bb
flat;ЖИЛФОНД;real_estate_agent;sale;Ленинский;5;17;1/2;Новосибирск;6000000;Аквамарин;2;Междуреченская ;45.0;Площадь Маркса;https://novosibirsk.cian.ru/sale/flat/326991224/?mlSearchSessionGuid=5ccd199be5d7419b8fafb8ea055be6bb
flat;ЖИЛФОНД;real_estate_agent;sale;Железнодорожный;5;5;38;Новосибирск;6000000;;2; Челюскинцев;43.5;Красный Проспект;https://novosibirsk.cian.ru/sale/flat/326985274/?mlSearchSessionGuid=5ccd199be5d7419b8fafb8ea055be6bb
flat;ЖИЛФОНД;real_estate_agent;sale;Ленинский;7;10;33А;Новосибирск;6000000;;2;Волховская ;50.2;Площадь Маркса;https://novosibirsk.cian.ru/sale/flat/326701812/?mlSearchSessionGuid=5ccd199be5d7419b8fafb8ea055be6bb
flat;ЖИЛФОНД;real_estate_agent;sale;Центральный;2;5;92А;Новосибирск;6000000;;2; Ольги Жилиной;44.1;Маршала Покрышкина;https://novosibirsk.cian.ru/sale/flat/324360034/?mlSearchSessionGuid=5ccd199be5d7419b8fafb8ea055be6bb
flat;ЖИЛФОНД;real_estate_agent;sale;Октябрьский;1;9;181/1;Новосибирск;6000000;;2; Бориса Богаткова;46.5;Золотая Нива;https://novosibirsk.cian.ru/sale/flat/317395878/?mlSearchSessionGuid=5ccd199be5d7419b8fafb8ea055be6bb
flat;Департамент недвижимости и права;real_estate_agent;sale;;4;27;229/1;Новосибирск;6000000;Расцветай на Зорге;2; Зорге;61.47;Площадь Маркса;https://novosibirsk.cian.ru/sale/flat/299102558/?mlSearchSessionGuid=5ccd199be5d7419b8fafb8ea055be6bb
flat;Самолет Плюс;real_estate_agent;sale;Калининский;9;10;74;Новосибирск;6000000;Крылья;2; Лейтенанта Амосова;53.3;Заельцовская;https://novosibirsk.cian.ru/sale/flat/327026702/?mlSearchSessionGuid=5ccd199be5d7419b8fafb8ea055be6bb
flat;Недвижимость Сибири;real_estate_agent;sale;Железнодорожный;8;9;15/1;Новосибирск;6000000;;2; Челюскинцев;45.0;Площадь Гарина-Михайловского;https://novosibirsk.cian.ru/sale/flat/326351333/?mlSearchSessionGuid=5ccd199be5d7419b8fafb8ea055be6bb
flat;Планета-8;real_estate_agent;sale;Кировский;6;11;82;Новосибирск;6000000;;2; Сибиряков-Гвардейцев;56.3;Площадь Маркса;https://novosibirsk.cian.ru/sale/flat/324038966/?mlSearchSessionGuid=5ccd199be5d7419b8fafb8ea055be6bb
flat;Столица Сибири;real_estate_agent;sale;Кировский;20;21;74;Новосибирск;6000000;Тихий;2;Тульская ;46.9;Студенческая;https://novosibirsk.cian.ru/sale/flat/326140730/?mlSearchSessionGuid=5ccd199be5d7419b8fafb8ea055be6bb
flat;Владис Центральное;real_estate_agent;sale;Заельцовский;8;9;188;Новосибирск;6000000;;2;Красный проспект;49.5;Заельцовская;https://novosibirsk.cian.ru/sale/flat/323195571/?mlSearchSessionGuid=5ccd199be5d7419b8fafb8ea055be6bb
flat;ГРАНОВИТ;real_estate_agent;sale;Железнодорожный;6;9;87;Новосибирск;6000000;;2; 1905 года;44.0;Гагаринская;https://novosibirsk.cian.ru/sale/flat/319041695/?mlSearchSessionGuid=5ccd199be5d7419b8fafb8ea055be6bb
flat;СМК-недвижимость;real_estate_agent;sale;Ленинский;15;17;7/1;Новосибирск;6000000;Аквамарин;2;Междуреченская ;63.4;Площадь Гарина-Михайловского;https://novosibirsk.cian.ru/sale/flat/318098488/?mlSearchSessionGuid=5ccd199be5d7419b8fafb8ea055be6bb
flat;Новактив;real_estate_agent;sale;Ленинский;2;3;39;Новосибирск;6000000;;2; Халтурина;55.4;Площадь Маркса;https://novosibirsk.cian.ru/sale/flat/324414863/?mlSearchSessionGuid=5ccd199be5d7419b8fafb8ea055be6bb
flat;ПРОЕКТ;real_estate_agent;sale;Первомайский;1;9;12/1;Новосибирск;6000000;;2; Героев Революции;46.3;Речной вокзал;https://novosibirsk.cian.ru/sale/flat/321531336/?mlSearchSessionGuid=5ccd199be5d7419b8fafb8ea055be6bb
flat;Квартирный портал;real_estate_agent;sale;Калининский;2;9;6;Новосибирск;6000000;;2; Менделеева;42.4;Заельцовская;https://novosibirsk.cian.ru/sale/flat/325388005/?mlSearchSessionGuid=5ccd199be5d7419b8fafb8ea055be6bb
flat;Альфа Дом;real_estate_agent;sale;Калининский;1;17;12;Новосибирск;6000000;;2; Тюленина;55.3;Заельцовская;https://novosibirsk.cian.ru/sale/flat/324498112/?mlSearchSessionGuid=5ccd199be5d7419b8fafb8ea055be6bb
flat;НИЦ;real_estate_agent;sale;Калининский;1;11;6;Новосибирск;6000000;Мкрн. Родники;2; Гребенщикова;52.6;Заельцовская;https://novosibirsk.cian.ru/sale/flat/326309730/?mlSearchSessionGuid=5ccd199be5d7419b8fafb8ea055be6bb
flat;Столица Сибири;real_estate_agent;sale;Ленинский;4;5;65;Новосибирск;6049000;;2; Блюхера;42.3;Студенческая;https://novosibirsk.cian.ru/sale/flat/325933736/?mlSearchSessionGuid=5ccd199be5d7419b8fafb8ea055be6bb
flat;Титул;real_estate_agent;sale;Октябрьский;5;10;31;Новосибирск;6000000;;2; В. Высоцкого;54.0;Золотая Нива;https://novosibirsk.cian.ru/sale/flat/324150968/?mlSearchSessionGuid=5ccd199be5d7419b8fafb8ea055be6bb
flat;Планета-А;real_estate_agent;sale;Октябрьский;8;9;108;Новосибирск;6000000;;2;Выборная ;51.1;Речной вокзал;https://novosibirsk.cian.ru/sale/flat/324590414/?mlSearchSessionGuid=5ccd199be5d7419b8fafb8ea055be6bb
flat;Жанна Кулешова;realtor;sale;Кировский;7;10;90;Новосибирск;6000000;;2; Зорге;63.8;Площадь Маркса;https://novosibirsk.cian.ru/sale/flat/326923973/?mlSearchSessionGuid=5ccd199be5d7419b8fafb8ea055be6bb
flat;ЖИЛФОНД;real_estate_agent;sale;Первомайский;9;9;21;Новосибирск;6080000;Весенний;2; Заречная;44.5;Спортивная;https://novosibirsk.cian.ru/sale/flat/322821114/?mlSearchSessionGuid=5ccd199be5d7419b8fafb8ea055be6bb
flat;ЖИЛФОНД;real_estate_agent;sale;Калининский;4;4;42;Новосибирск;6050000;;2; Богдана Хмельницкого;56.5;Заельцовская;https://novosibirsk.cian.ru/sale/flat/327075423/?mlSearchSessionGuid=5ccd199be5d7419b8fafb8ea055be6bb
flat;Альфа Дом;real_estate_agent;sale;Ленинский;5;5;28;Новосибирск;6050000;;2;проспект Карла Маркса;44.0;Студенческая;https://novosibirsk.cian.ru/sale/flat/325641698/?mlSearchSessionGuid=5ccd199be5d7419b8fafb8ea055be6bb
flat;Департамент недвижимости и права;real_estate_agent;sale;Октябрьский;4;5;7;Новосибирск;6050000;;2; Восход;42.0;Октябрьская;https://novosibirsk.cian.ru/sale/flat/284381877/?mlSearchSessionGuid=5ccd199be5d7419b8fafb8ea055be6bb
flat;Rialtor Group;real_estate_agent;sale;Заельцовский;4;5;5;Новосибирск;6050000;;2; Михаила Перевозчикова;44.6;Заельцовская;https://novosibirsk.cian.ru/sale/flat/326690968/?mlSearchSessionGuid=5ccd199be5d7419b8fafb8ea055be6bb
flat;ЖИЛФОНД;real_estate_agent;sale;Ленинский;3;5;8;Новосибирск;6100000;;2; Пархоменко;60.2;Площадь Маркса;https://novosibirsk.cian.ru/sale/flat/326348193/?mlSearchSessionGuid=5ccd199be5d7419b8fafb8ea055be6bb
flat;ЖИЛФОНД;real_estate_agent;sale;Заельцовский;5;5;81/1;Новосибирск;6100000;;2;Красный проспект;43.0;Гагаринская;https://novosibirsk.cian.ru/sale/flat/323277416/?mlSearchSessionGuid=5ccd199be5d7419b8fafb8ea055be6bb
flat;МакроМир;real_estate_agent;sale;Октябрьский;9;10;25;Новосибирск;6100000;Плющихинский;2; Татьяны Снежиной;58.0;Золотая Нива;https://novosibirsk.cian.ru/sale/flat/321272211/?mlSearchSessionGuid=5ccd199be5d7419b8fafb8ea055be6bb
flat;УСПЕХ-недвижимость;real_estate_agent;sale;Заельцовский;3;5;6;Новосибирск;6100000;;2;Ельцовская ;51.2;Площадь Гарина-Михайловского;https://novosibirsk.cian.ru/sale/flat/323753566/?mlSearchSessionGuid=5ccd199be5d7419b8fafb8ea055be6bb
flat;Вместе;real_estate_agent;sale;Ленинский;5;5;3;Новосибирск;6100000;;2;проспект Карла Маркса;43.0;Площадь Маркса;https://novosibirsk.cian.ru/sale/flat/326323636/?mlSearchSessionGuid=5ccd199be5d7419b8fafb8ea055be6bb
flat;Rialtor Group;real_estate_agent;sale;Кировский;3;24;56;Новосибирск;6100000;Новые Матрёшки;2; Бородина;51.0;Площадь Маркса;https://novosibirsk.cian.ru/sale/flat/325345724/?mlSearchSessionGuid=5ccd199be5d7419b8fafb8ea055be6bb
flat;НИАН;real_estate_agent;sale;Дзержинский;4;10;10/2;Новосибирск;6100000;;2; Есенина;50.0;Золотая Нива;https://novosibirsk.cian.ru/sale/flat/325865394/?mlSearchSessionGuid=5ccd199be5d7419b8fafb8ea055be6bb
flat;Самолет Плюс;real_estate_agent;sale;Заельцовский;4;9;31/2;Новосибирск;6100000;;2;Линейная ;42.6;Гагаринская;https://novosibirsk.cian.ru/sale/flat/324527741/?mlSearchSessionGuid=5ccd199be5d7419b8fafb8ea055be6bb
flat;Людмила Умарова;realtor;sale;Советский;1;9;18;Новосибирск;6100000;;2; Полевая;47.0;;https://novosibirsk.cian.ru/sale/flat/326180995/?mlSearchSessionGuid=5ccd199be5d7419b8fafb8ea055be6bb
flat;ЕВРАЗИЯ;real_estate_agent;sale;Заельцовский;3;5;171/2;Новосибирск;6140000;;2;Красный проспект;46.8;Заельцовская;https://novosibirsk.cian.ru/sale/flat/326545236/?mlSearchSessionGuid=5ccd199be5d7419b8fafb8ea055be6bb
flat;Альфа Дом;real_estate_agent;sale;Заельцовский;1;10;94;Новосибирск;6100000;;2;Кубовая ;42.7;Заельцовская;https://novosibirsk.cian.ru/sale/flat/307305166/?mlSearchSessionGuid=5ccd199be5d7419b8fafb8ea055be6bb
flat;Наталия Орешкина;realtor;sale;Ленинский;10;10;242/2;Новосибирск;6100000;Чистая слобода;2; Титова;52.5;Площадь Маркса;https://novosibirsk.cian.ru/sale/flat/319228653/?mlSearchSessionGuid=5ccd199be5d7419b8fafb8ea055be6bb
flat;Кристина Карабанова;realtor;sale;Октябрьский;3;5;773;Новосибирск;6100000;;2;Военного Городка тер.;52.9;Золотая Нива;https://novosibirsk.cian.ru/sale/flat/309491824/?mlSearchSessionGuid=5ccd199be5d7419b8fafb8ea055be6bb
flat;ЖИЛФОНД;real_estate_agent;sale;Кировский;1;17;6/1;Новосибирск;6150000;Дом по ул. Беловежская, 6/1;2;Беловежская ;76.8;Площадь Маркса;https://novosibirsk.cian.ru/sale/flat/318555477/?mlSearchSessionGuid=5ccd199be5d7419b8fafb8ea055be6bb
flat;ЖИЛФОНД;real_estate_agent;sale;Железнодорожный;1;9;2;Новосибирск;6150000;;2;Железнодорожная ;44.1;Площадь Гарина-Михайловского;https://novosibirsk.cian.ru/sale/flat/321064904/?mlSearchSessionGuid=5ccd199be5d7419b8fafb8ea055be6bb
flat;Центр недвижимости и права;real_estate_agent;sale;Дзержинский;3;5;6;Новосибирск;6190000;;2;проспект Дзержинского;57.7;Березовая Роща;https://novosibirsk.cian.ru/sale/flat/324629654/?mlSearchSessionGuid=5ccd199be5d7419b8fafb8ea055be6bb
flat;METRAGE;real_estate_agent;sale;Дзержинский;5;5;39А;Новосибирск;6150000;;2;Трикотажная ;61.0;Березовая Роща;https://novosibirsk.cian.ru/sale/flat/325304271/?mlSearchSessionGuid=5ccd199be5d7419b8fafb8ea055be6bb
flat;АльянсРиэлт;real_estate_agent;sale;Калининский;3;4;38;Новосибирск;6190000;;2; Богдана Хмельницкого;55.4;Заельцовская;https://novosibirsk.cian.ru/sale/flat/325976864/?mlSearchSessionGuid=5ccd199be5d7419b8fafb8ea055be6bb
flat;Всем Квартиру;real_estate_agent;sale;Кировский;10;10;103/2;Новосибирск;6200000;Матрешкин двор;2; Петухова;58.2;Площадь Маркса;https://novosibirsk.cian.ru/sale/flat/320846740/?mlSearchSessionGuid=5ccd199be5d7419b8fafb8ea055be6bb
flat;1Е;real_estate_agent;sale;Заельцовский;5;13;71;Новосибирск;6200000;Начало мая;2; Лобачевского;46.9;Заельцовская;https://novosibirsk.cian.ru/sale/flat/326430568/?mlSearchSessionGuid=5ccd199be5d7419b8fafb8ea055be6bb
flat;ЖИЛФОНД;real_estate_agent;sale;Ленинский;2;6;3;Новосибирск;6200000;Дивногорский;2; Романтиков;57.8;Площадь Маркса;https://novosibirsk.cian.ru/sale/flat/323827157/?mlSearchSessionGuid=5ccd199be5d7419b8fafb8ea055be6bb
flat;Калининское;real_estate_agent;sale;Кировский;4;5;39;Новосибирск;6250000;;2; Ватутина;57.0;Площадь Маркса;https://novosibirsk.cian.ru/sale/flat/321618102/?mlSearchSessionGuid=5ccd199be5d7419b8fafb8ea055be6bb
flat;Дельта;real_estate_agent;sale;Калининский;8;17;66/9;Новосибирск;6260000;На Фадеева;2; Фадеева;53.9;Заельцовская;https://novosibirsk.cian.ru/sale/flat/326758329/?mlSearchSessionGuid=5ccd199be5d7419b8fafb8ea055be6bb
flat;Тендерград;real_estate_agent;sale;Кировский;18;21;74;Новосибирск;6200000;Тихий;2;Тульская ;46.0;Студенческая;https://novosibirsk.cian.ru/sale/flat/326261382/?mlSearchSessionGuid=5ccd199be5d7419b8fafb8ea055be6bb
flat;ЛЕГКО;real_estate_agent;sale;Железнодорожный;5;5;6;Новосибирск;6250000;;2;проспект Димитрова;40.4;Площадь Ленина;https://novosibirsk.cian.ru/sale/flat/326927353/?mlSearchSessionGuid=5ccd199be5d7419b8fafb8ea055be6bb
flat;ЛЕГКО;real_estate_agent;sale;Октябрьский;6;10;64;Новосибирск;6200000;Плющихинский;2; В. Высоцкого;75.6;Золотая Нива;https://novosibirsk.cian.ru/sale/flat/325491163/?mlSearchSessionGuid=5ccd199be5d7419b8fafb8ea055be6bb
flat;МакроМир;real_estate_agent;sale;Дзержинский;2;9;59/2;Новосибирск;6249000;;2; Фрунзе;45.1;Березовая Роща;https://novosibirsk.cian.ru/sale/flat/323681523/?mlSearchSessionGuid=5ccd199be5d7419b8fafb8ea055be6bb
flat;Инвест-плюс;real_estate_agent;sale;Заельцовский;8;19;238;Новосибирск;6261950;Ельцовский;2; Дуси Ковальчук;75.75;Заельцовская;https://novosibirsk.cian.ru/sale/flat/321291055/?mlSearchSessionGuid=5ccd199be5d7419b8fafb8ea055be6bb
flat;METRAGE;real_estate_agent;sale;Дзержинский;2;5;5;Новосибирск;6200000;;2;проспект Дзержинского;54.6;Березовая Роща;https://novosibirsk.cian.ru/sale/flat/320093457/?mlSearchSessionGuid=5ccd199be5d7419b8fafb8ea055be6bb
flat;METRAGE;real_estate_agent;sale;Заельцовский;2;25;101/1;Новосибирск;6200000;;2;Сухарная ;40.2;Площадь Гарина-Михайловского;https://novosibirsk.cian.ru/sale/flat/320255578/?mlSearchSessionGuid=5ccd199be5d7419b8fafb8ea055be6bb
flat;ЕВРОДОМ;real_estate_agent;sale;Кировский;6;17;53/9;Новосибирск;6200000;Квартал Цветной Бульвар;2; Сибиряков-Гвардейцев;57.4;Площадь Маркса;https://novosibirsk.cian.ru/sale/flat/320736952/?mlSearchSessionGuid=5ccd199be5d7419b8fafb8ea055be6bb
flat;Владис Центральное;real_estate_agent;sale;Заельцовский;4;5;85;Новосибирск;6200000;;2;Красный проспект;43.9;Гагаринская;https://novosibirsk.cian.ru/sale/flat/317397058/?mlSearchSessionGuid=5ccd199be5d7419b8fafb8ea055be6bb
flat;Владис Центральное;real_estate_agent;sale;Советский;1;3;5;Новосибирск;6299000;Благовещенка;2;Садовый проезд;54.0;;https://novosibirsk.cian.ru/sale/flat/322144501/?mlSearchSessionGuid=5ccd199be5d7419b8fafb8ea055be6bb
flat;Планета Недвижимости -подразделение ООО Лаки;real_estate_agent;sale;Ленинский;7;13;4;Новосибирск;6200000;Дивногорский;2; Романтиков;58.2;Площадь Маркса;https://novosibirsk.cian.ru/sale/flat/326516662/?mlSearchSessionGuid=5ccd199be5d7419b8fafb8ea055be6bb
flat;Квартирный портал;real_estate_agent;sale;Первомайский;7;25;53;Новосибирск;6250000;Весенний;2; Заречная;38.5;Спортивная;https://novosibirsk.cian.ru/sale/flat/325655897/?mlSearchSessionGuid=5ccd199be5d7419b8fafb8ea055be6bb
flat;НСК-top;real_estate_agent;sale;Кировский;14;17;9;Новосибирск;6200000;Золотая роща;2;Пригородная ;43.0;Площадь Маркса;https://novosibirsk.cian.ru/sale/flat/311264497/?mlSearchSessionGuid=5ccd199be5d7419b8fafb8ea055be6bb
flat;Планета на Станиславского;real_estate_agent;sale;Кировский;17;17;10/2;Новосибирск;6200000;Матрешкин двор;2; Дмитрия Шмонина;59.5;Студенческая;https://novosibirsk.cian.ru/sale/flat/324747426/?mlSearchSessionGuid=5ccd199be5d7419b8fafb8ea055be6bb
flat;Галина Дедусенко;realtor;sale;Кировский;21;21;74;Новосибирск;6290000;Тихий;2;Тульская ;47.4;Студенческая;https://novosibirsk.cian.ru/sale/flat/325263210/?mlSearchSessionGuid=5ccd199be5d7419b8fafb8ea055be6bb
flat;ДОКТОР КЛЮЧ;real_estate_agent;sale;Железнодорожный;2;10;18;Новосибирск;6300000;;2;Октябрьская ;47.0;Площадь Ленина;https://novosibirsk.cian.ru/sale/flat/323218782/?mlSearchSessionGuid=5ccd199be5d7419b8fafb8ea055be6bb
flat;ЖИЛФОНД;real_estate_agent;sale;Заельцовский;8;9;18;Новосибирск;6300000;;2; Дуси Ковальчук;43.1;Гагаринская;https://novosibirsk.cian.ru/sale/flat/326238089/?mlSearchSessionGuid=5ccd199be5d7419b8fafb8ea055be6bb
flat;ЖИЛФОНД;real_estate_agent;sale;Октябрьский;3;10;11;Новосибирск;6300000;Плющихинский;2; Виталия Потылицына;58.0;Золотая Нива;https://novosibirsk.cian.ru/sale/flat/319735456/?mlSearchSessionGuid=5ccd199be5d7419b8fafb8ea055be6bb
flat;ЖИЛФОНД;real_estate_agent;sale;Калининский;7;10;134;Новосибирск;6325000;;2; Кропоткина;43.7;Маршала Покрышкина;https://novosibirsk.cian.ru/sale/flat/325587192/?mlSearchSessionGuid=5ccd199be5d7419b8fafb8ea055be6bb
flat;ЖИЛФОНД;real_estate_agent;sale;Ленинский;5;17;13/1;Новосибирск;6300000;Квартет;2; Связистов;56.0;Площадь Маркса;https://novosibirsk.cian.ru/sale/flat/325458535/?mlSearchSessionGuid=5ccd199be5d7419b8fafb8ea055be6bb
flat;ЖИЛФОНД;real_estate_agent;sale;Октябрьский;5;10;45;Новосибирск;6300000;Плющихинский;2; Татьяны Снежиной;57.6;Золотая Нива;https://novosibirsk.cian.ru/sale/flat/324743383/?mlSearchSessionGuid=5ccd199be5d7419b8fafb8ea055be6bb
flat;ЖИЛФОНД;real_estate_agent;sale;Октябрьский;5;5;76;Новосибирск;6300000;;2; Кирова;50.0;Октябрьская;https://novosibirsk.cian.ru/sale/flat/324419334/?mlSearchSessionGuid=5ccd199be5d7419b8fafb8ea055be6bb
flat;Калининское;real_estate_agent;sale;Калининский;4;10;22/3;Новосибирск;6300000;Мкрн. Родники;2; Мясниковой;57.8;Заельцовская;https://novosibirsk.cian.ru/sale/flat/323885593/?mlSearchSessionGuid=5ccd199be5d7419b8fafb8ea055be6bb
flat;Сфера;real_estate_agent;sale;Калининский;1;4;53;Новосибирск;6300000;;2;Народная ;56.0;Заельцовская;https://novosibirsk.cian.ru/sale/flat/326294261/?mlSearchSessionGuid=5ccd199be5d7419b8fafb8ea055be6bb
flat;МакроМир;real_estate_agent;sale;Дзержинский;4;5;20/1;Новосибирск;6300000;;2;проспект Дзержинского;45.3;Березовая Роща;https://novosibirsk.cian.ru/sale/flat/326724895/?mlSearchSessionGuid=5ccd199be5d7419b8fafb8ea055be6bb
flat;ДомианНСК;real_estate_agent;sale;Ленинский;5;5;19;Новосибирск;6300000;;2; Блюхера;44.0;Площадь Маркса;https://novosibirsk.cian.ru/sale/flat/326929164/?mlSearchSessionGuid=5ccd199be5d7419b8fafb8ea055be6bb
flat;Всем Квартиру;real_estate_agent;sale;Ленинский;9;17;106/3;Новосибирск;6300000;Новый горизонт;2;Рельефная ;42.5;Студенческая;https://novosibirsk.cian.ru/sale/flat/325298474/?mlSearchSessionGuid=5ccd199be5d7419b8fafb8ea055be6bb
flat;АктивНедвижимость;real_estate_agent;sale;Ленинский;2;5;6;Новосибирск;6300000;;2; Пермитина;45.7;Площадь Маркса;https://novosibirsk.cian.ru/sale/flat/326810166/?mlSearchSessionGuid=5ccd199be5d7419b8fafb8ea055be6bb
flat;Владис Центральное;real_estate_agent;sale;Октябрьский;8;19;128;Новосибирск;6300000;по ул. Никитина, 128;2; Никитина;43.3;Золотая Нива;https://novosibirsk.cian.ru/sale/flat/325704179/?mlSearchSessionGuid=5ccd199be5d7419b8fafb8ea055be6bb
flat;Ново-Николаевскъ;real_estate_agent;sale;Железнодорожный;1;5;3;Новосибирск;6300000;;2; Урицкого;51.4;Площадь Ленина;https://novosibirsk.cian.ru/sale/flat/298193232/?mlSearchSessionGuid=5ccd199be5d7419b8fafb8ea055be6bb
flat;ID 30627955;realtor;sale;Калининский;4;18;5;Новосибирск;6300000;Квартал на Игарской;2;Игарская ;58.0;;https://novosibirsk.cian.ru/sale/flat/326932169/?mlSearchSessionGuid=5ccd199be5d7419b8fafb8ea055be6bb
flat;Дельта;real_estate_agent;sale;Советский;1;4;13;Новосибирск;6350000;;2;Золотодолинская ;45.7;;https://novosibirsk.cian.ru/sale/flat/323410588/?mlSearchSessionGuid=5ccd199be5d7419b8fafb8ea055be6bb
flat;ЖИЛФОНД;real_estate_agent;sale;Калининский;8;9;26;Новосибирск;6450000;Мкрн. Родники;2; Мясниковой;56.1;Заельцовская;https://novosibirsk.cian.ru/sale/flat/320310035/?mlSearchSessionGuid=5ccd199be5d7419b8fafb8ea055be6bb
flat;ЖИЛФОНД;real_estate_agent;sale;Калининский;1;10;24/2;Новосибирск;6400000;Мкрн. Родники;2; Мясниковой;57.4;Заельцовская;https://novosibirsk.cian.ru/sale/flat/327012175/?mlSearchSessionGuid=5ccd199be5d7419b8fafb8ea055be6bb
flat;ЖИЛФОНД;real_estate_agent;sale;Заельцовский;4;5;4;Новосибирск;6470000;;2;Ельцовская ;53.0;Площадь Гарина-Михайловского;https://novosibirsk.cian.ru/sale/flat/326156022/?mlSearchSessionGuid=5ccd199be5d7419b8fafb8ea055be6bb
flat;ЖИЛФОНД;real_estate_agent;sale;Заельцовский;5;5;161/1;Новосибирск;6400000;;2;Красный проспект;53.9;Заельцовская;https://novosibirsk.cian.ru/sale/flat/326175326/?mlSearchSessionGuid=5ccd199be5d7419b8fafb8ea055be6bb
flat;ЖИЛФОНД;real_estate_agent;sale;Заельцовский;1;17;49/1;Новосибирск;6449000;Нормандия-Неман;2; Аэропорт;44.2;Заельцовская;https://novosibirsk.cian.ru/sale/flat/304988315/?mlSearchSessionGuid=5ccd199be5d7419b8fafb8ea055be6bb
flat;ЖИЛФОНД;real_estate_agent;sale;Кировский;4;16;80;Новосибирск;6450000;Тульский;2;Тульская ;41.3;Студенческая;https://novosibirsk.cian.ru/sale/flat/321291663/?mlSearchSessionGuid=5ccd199be5d7419b8fafb8ea055be6bb
flat;Ирина Еремкина;realtor;sale;Заельцовский;1;12;88/4;Новосибирск;6450000;Эволюция;2;Охотская ;51.0;Заельцовская;https://novosibirsk.cian.ru/sale/flat/308780950/?mlSearchSessionGuid=5ccd199be5d7419b8fafb8ea055be6bb
flat;Владис Центральное;real_estate_agent;sale;Калининский;8;9;2;Новосибирск;6450000;;2; Менделеева;42.5;Березовая Роща;https://novosibirsk.cian.ru/sale/flat/322130786/?mlSearchSessionGuid=5ccd199be5d7419b8fafb8ea055be6bb
flat;НСК-top;real_estate_agent;sale;Ленинский;10;11;246/1;Новосибирск;6470000;Чистая слобода;2; Титова;53.0;Площадь Маркса;https://novosibirsk.cian.ru/sale/flat/324331883/?mlSearchSessionGuid=5ccd199be5d7419b8fafb8ea055be6bb
flat;ID 94415442;realtor;sale;Кировский;1;9;29;Новосибирск;6400000;;2; Станиславского;49.0;Площадь Маркса;https://novosibirsk.cian.ru/sale/flat/326379893/?mlSearchSessionGuid=5ccd199be5d7419b8fafb8ea055be6bb
flat;Александр Штрахштейн;realtor;sale;Октябрьский;3;5;200;Новосибирск;6490000;;2; Тургенева;44.1;Речной вокзал;https://novosibirsk.cian.ru/sale/flat/326070262/?mlSearchSessionGuid=5ccd199be5d7419b8fafb8ea055be6bb
flat;Станислав Апёнкин;realtor;sale;Октябрьский;5;27;43;Новосибирск;6400000;;2; В. Высоцкого;56.7;Золотая Нива;https://novosibirsk.cian.ru/sale/flat/299317976/?mlSearchSessionGuid=5ccd199be5d7419b8fafb8ea055be6bb
flat;ЖИЛФОНД;real_estate_agent;sale;Ленинский;9;10;4;Новосибирск;6500000;;2;;52.3;Студенческая;https://novosibirsk.cian.ru/sale/flat/326576487/?mlSearchSessionGuid=5ccd199be5d7419b8fafb8ea055be6bb
flat;ЖИЛФОНД;real_estate_agent;sale;Калининский;8;10;134;Новосибирск;6500000;;2; Кропоткина;43.3;Маршала Покрышкина;https://novosibirsk.cian.ru/sale/flat/324730778/?mlSearchSessionGuid=5ccd199be5d7419b8fafb8ea055be6bb
flat;ЖИЛФОНД;real_estate_agent;sale;Калининский;3;3;55;Новосибирск;6500000;;2;Народная ;57.0;Заельцовская;https://novosibirsk.cian.ru/sale/flat/323594460/?mlSearchSessionGuid=5ccd199be5d7419b8fafb8ea055be6bb
flat;ЖИЛФОНД;real_estate_agent;sale;Железнодорожный;3;5;65;Новосибирск;6500000;;2;Советская ;46.3;Площадь Ленина;https://novosibirsk.cian.ru/sale/flat/321051761/?mlSearchSessionGuid=5ccd199be5d7419b8fafb8ea055be6bb
flat;ЖИЛФОНД;real_estate_agent;sale;Ленинский;5;17;13/1;Новосибирск;6500000;Квартет;2; Связистов;57.0;Площадь Маркса;https://novosibirsk.cian.ru/sale/flat/325458530/?mlSearchSessionGuid=5ccd199be5d7419b8fafb8ea055be6bb
flat;ЖИЛФОНД;real_estate_agent;sale;Калининский;10;11;22/3;Новосибирск;6500000;;2; Мясниковой;57.9;Заельцовская;https://novosibirsk.cian.ru/sale/flat/324967324/?mlSearchSessionGuid=5ccd199be5d7419b8fafb8ea055be6bb
flat;ЖИЛФОНД;real_estate_agent;sale;Ленинский;4;10;74;Новосибирск;6500000;;2; Плахотного;53.2;Площадь Маркса;https://novosibirsk.cian.ru/sale/flat/324300849/?mlSearchSessionGuid=5ccd199be5d7419b8fafb8ea055be6bb
flat;ЖИЛФОНД;real_estate_agent;sale;Октябрьский;8;10;49;Новосибирск;6500000;Плющихинский;2; Татьяны Снежиной;75.9;Золотая Нива;https://novosibirsk.cian.ru/sale/flat/322650883/?mlSearchSessionGuid=5ccd199be5d7419b8fafb8ea055be6bb
flat;ЖИЛФОНД;real_estate_agent;sale;Кировский;1;18;11;Новосибирск;6500000;Золотая роща;2;Пригородная ;85.9;Площадь Маркса;https://novosibirsk.cian.ru/sale/flat/326186831/?mlSearchSessionGuid=5ccd199be5d7419b8fafb8ea055be6bb
flat;ЖИЛФОНД;real_estate_agent;sale;Центральный;4;5;82;Новосибирск;6500000;;2;Каменская ;42.7;Сибирская;https://novosibirsk.cian.ru/sale/flat/326053355/?mlSearchSessionGuid=5ccd199be5d7419b8fafb8ea055be6bb
flat;ЖИЛФОНД;real_estate_agent;sale;Октябрьский;15;19;31;Новосибирск;6500000;Молодёжный;2; Михаила Кулагина;36.5;Золотая Нива;https://novosibirsk.cian.ru/sale/flat/318745078/?mlSearchSessionGuid=5ccd199be5d7419b8fafb8ea055be6bb
flat;ЖИЛФОНД;real_estate_agent;sale;Дзержинский;8;10;8;Новосибирск;6500000;;2; Адриена Лежена;43.9;Золотая Нива;https://novosibirsk.cian.ru/sale/flat/326310578/?mlSearchSessionGuid=5ccd199be5d7419b8fafb8ea055be6bb
flat;МакроМир;real_estate_agent;sale;Ленинский;8;12;2/1;Новосибирск;6500000;;2; Немировича-Данченко;50.6;Площадь Маркса;https://novosibirsk.cian.ru/sale/flat/326315059/?mlSearchSessionGuid=5ccd199be5d7419b8fafb8ea055be6bb
flat;Люди;real_estate_agent;sale;Ленинский;12;17;252;Новосибирск;6500000;Чистая слобода;2; Титова;48.5;Площадь Маркса;https://novosibirsk.cian.ru/sale/flat/326186903/?mlSearchSessionGuid=5ccd199be5d7419b8fafb8ea055be6bb
flat;Домофонд;real_estate_agent;sale;Кировский;2;26;16;Новосибирск;6500000;Астон. Шесть звёзд;2; Аникина;47.2;Студенческая;https://novosibirsk.cian.ru/sale/flat/325249968/?mlSearchSessionGuid=5ccd199be5d7419b8fafb8ea055be6bb
flat;УСПЕХ-недвижимость;real_estate_agent;sale;Советский;1;9;46;Новосибирск;6500000;;2; Молодости;52.0;Площадь Маркса;https://novosibirsk.cian.ru/sale/flat/323376354/?mlSearchSessionGuid=5ccd199be5d7419b8fafb8ea055be6bb
flat;СТАН;real_estate_agent;sale;Октябрьский;3;10;48;Новосибирск;6500000;Плющихинский;2; Татьяны Снежиной;76.0;Золотая Нива;https://novosibirsk.cian.ru/sale/flat/321777367/?mlSearchSessionGuid=5ccd199be5d7419b8fafb8ea055be6bb
flat;Планета Недвижимости -подразделение ООО Лаки;real_estate_agent;sale;Ленинский;13;20;82;Новосибирск;6500000;КрымSKY;2; Плахотного;49.9;Площадь Маркса;https://novosibirsk.cian.ru/sale/flat/282757731/?mlSearchSessionGuid=5ccd199be5d7419b8fafb8ea055be6bb
flat;МакроМир;real_estate_agent;sale;Ленинский;2;26;8;Новосибирск;6500000;Город у воды Ясный Берег;2; Ясный Берег;40.3;Площадь Ленина;https://novosibirsk.cian.ru/sale/flat/324331850/?mlSearchSessionGuid=5ccd199be5d7419b8fafb8ea055be6bb
flat;Светлана Толмачева;realtor;sale;Кировский;2;5;21;Новосибирск;6509000;Золотая роща;2;Пригородная ;58.0;Площадь Маркса;https://novosibirsk.cian.ru/sale/flat/322377928/?mlSearchSessionGuid=5ccd199be5d7419b8fafb8ea055be6bb
flat;Метражи;real_estate_agent;sale;Советский;4;5;12;Новосибирск;6500000;;2; Российская;44.0;;https://novosibirsk.cian.ru/sale/flat/325157278/?mlSearchSessionGuid=5ccd199be5d7419b8fafb8ea055be6bb
flat;СФЕРА 54;real_estate_agent;sale;Калининский;4;9;10;Новосибирск;6500000;Мкрн. Родники;2; Мясниковой;60.0;Заельцовская;https://novosibirsk.cian.ru/sale/flat/320308140/?mlSearchSessionGuid=5ccd199be5d7419b8fafb8ea055be6bb
flat;Владис Центральное;real_estate_agent;sale;Ленинский;9;18;10;Новосибирск;6500000;Чистая слобода;2; Ивана Севастьянова;55.0;Площадь Маркса;https://novosibirsk.cian.ru/sale/flat/326344329/?mlSearchSessionGuid=5ccd199be5d7419b8fafb8ea055be6bb
flat;Сибирь Ипотека;real_estate_agent;sale;Кировский;13;15;160;Новосибирск;6500000;Тулинка;2; Петухова;58.5;Студенческая;https://novosibirsk.cian.ru/sale/flat/324796558/?mlSearchSessionGuid=5ccd199be5d7419b8fafb8ea055be6bb
flat;ГРАНОВИТ;real_estate_agent;sale;Кировский;6;24;162;Новосибирск;6500000;Матрешкин двор;2; Петухова;59.8;Спортивная;https://novosibirsk.cian.ru/sale/flat/326257836/?mlSearchSessionGuid=5ccd199be5d7419b8fafb8ea055be6bb
flat;ТеремГрадъ;real_estate_agent;sale;Центральный;2;5;57;Новосибирск;6500000;;2; Крылова;43.5;Маршала Покрышкина;https://novosibirsk.cian.ru/sale/flat/326549886/?mlSearchSessionGuid=5ccd199be5d7419b8fafb8ea055be6bb
flat;Планета;real_estate_agent;sale;Железнодорожный;5;5;9;Новосибирск;6500000;;2;Нарымская ;45.0;Площадь Гарина-Михайловского;https://novosibirsk.cian.ru/sale/flat/324756702/?mlSearchSessionGuid=5ccd199be5d7419b8fafb8ea055be6bb
flat;Жилищный вопрос;real_estate_agent;sale;Ленинский;10;18;43;Новосибирск;6500000;Чистая слобода;2;Спортивная ;50.4;Площадь Маркса;https://novosibirsk.cian.ru/sale/flat/324668166/?mlSearchSessionGuid=5ccd199be5d7419b8fafb8ea055be6bb
flat;Гермес-Центр;real_estate_agent;sale;Заельцовский;3;12;102/3;Новосибирск;6500000;;2;Красный проспект;43.5;Заельцовская;https://novosibirsk.cian.ru/sale/flat/307401177/?mlSearchSessionGuid=5ccd199be5d7419b8fafb8ea055be6bb
flat;Формула недвижимости;real_estate_agent;sale;Ленинский;3;10;10;Новосибирск;6500000;Дивногорский;2; Романтиков;48.9;Площадь Маркса;https://novosibirsk.cian.ru/sale/flat/308302664/?mlSearchSessionGuid=5ccd199be5d7419b8fafb8ea055be6bb
flat;Ольга Морозова;realtor;sale;Ленинский;6;17;16/2;Новосибирск;6500000;на ул. Немировича-Данченко;2; Немировича-Данченко;64.6;Площадь Маркса;https://novosibirsk.cian.ru/sale/flat/326017885/?mlSearchSessionGuid=5ccd199be5d7419b8fafb8ea055be6bb
flat;Жанна Кулешова;realtor;sale;Дзержинский;4;12;9;Новосибирск;6500000;Дом на Учительской;2;Учительская ;50.2;Березовая Роща;https://novosibirsk.cian.ru/sale/flat/326787540/?mlSearchSessionGuid=5ccd199be5d7419b8fafb8ea055be6bb
flat;Александр Чугайнов;realtor;sale;Советский;3;3;29;Новосибирск;6500000;;2; Сиреневая;69.2;;https://novosibirsk.cian.ru/sale/flat/323116577/?mlSearchSessionGuid=5ccd199be5d7419b8fafb8ea055be6bb
flat;ЖИЛФОНД;real_estate_agent;sale;Октябрьский;12;17;8;Новосибирск;6560000;;2;Вилюйская ;55.1;Речной вокзал;https://novosibirsk.cian.ru/sale/flat/326310624/?mlSearchSessionGuid=5ccd199be5d7419b8fafb8ea055be6bb
flat;Статус;real_estate_agent;sale;Дзержинский;5;14;118;Новосибирск;6550000;RedFox;2; Коминтерна;50.0;Золотая Нива;https://novosibirsk.cian.ru/sale/flat/319158247/?mlSearchSessionGuid=5ccd199be5d7419b8fafb8ea055be6bb
flat;Люди;real_estate_agent;sale;Заельцовский;10;10;92;Новосибирск;6590000;;2;Кубовая ;49.0;Заельцовская;https://novosibirsk.cian.ru/sale/flat/325664300/?mlSearchSessionGuid=5ccd199be5d7419b8fafb8ea055be6bb
flat;Владис Центральное;real_estate_agent;sale;Ленинский;4;5;4;Новосибирск;6566000;;2; Станиславского;55.1;Площадь Маркса;https://novosibirsk.cian.ru/sale/flat/326107651/?mlSearchSessionGuid=5ccd199be5d7419b8fafb8ea055be6bb
flat;КЛЕВЕР;real_estate_agent;sale;Калининский;7;10;15;Новосибирск;6586000;Мкрн. Родники;2; Гребенщикова;56.5;Заельцовская;https://novosibirsk.cian.ru/sale/flat/301106043/?mlSearchSessionGuid=5ccd199be5d7419b8fafb8ea055be6bb
flat;Новый Адрес;real_estate_agent;sale;Заельцовский;8;9;2/1;Новосибирск;6580000;;2; Дуси Ковальчук;59.1;Площадь Гарина-Михайловского;https://novosibirsk.cian.ru/sale/flat/325865628/?mlSearchSessionGuid=5ccd199be5d7419b8fafb8ea055be6bb
flat;Недвижимость Новосибирска-НН;real_estate_agent;sale;Заельцовский;2;6;179;Новосибирск;6560000;;2;Красный проспект;56.4;Заельцовская;https://novosibirsk.cian.ru/sale/flat/323486783/?mlSearchSessionGuid=5ccd199be5d7419b8fafb8ea055be6bb
flat;ЖИЛФОНД;real_estate_agent;sale;Советский;1;3;24;Новосибирск;6600000;;2; Терешковой;42.9;;https://novosibirsk.cian.ru/sale/flat/327093937/?mlSearchSessionGuid=5ccd199be5d7419b8fafb8ea055be6bb
flat;СИБИРЬ;real_estate_agent;sale;Заельцовский;4;10;115;Новосибирск;6600000;;2;Кубовая ;49.0;Заельцовская;https://novosibirsk.cian.ru/sale/flat/326573917/?mlSearchSessionGuid=5ccd199be5d7419b8fafb8ea055be6bb
flat;Планета Недвижимости -подразделение ООО Лаки;real_estate_agent;sale;Заельцовский;7;9;16;Новосибирск;6600000;;2; Дуси Ковальчук;43.2;Гагаринская;https://novosibirsk.cian.ru/sale/flat/327055823/?mlSearchSessionGuid=5ccd199be5d7419b8fafb8ea055be6bb
flat;Rialtor Group;real_estate_agent;sale;Железнодорожный;3;3;9;Новосибирск;6600000;;2;Железнодорожная ;54.0;Площадь Гарина-Михайловского;https://novosibirsk.cian.ru/sale/flat/326945134/?mlSearchSessionGuid=5ccd199be5d7419b8fafb8ea055be6bb
flat;Планета;real_estate_agent;sale;Железнодорожный;9;9;30;Новосибирск;6600000;;2; Челюскинцев;35.2;Площадь Гарина-Михайловского;https://novosibirsk.cian.ru/sale/flat/325769088/?mlSearchSessionGuid=5ccd199be5d7419b8fafb8ea055be6bb
flat;Новый Адрес;real_estate_agent;sale;Ленинский;5;20;255/1;Новосибирск;6649999;Чистая слобода;2; Титова;50.4;Площадь Маркса;https://novosibirsk.cian.ru/sale/flat/325513937/?mlSearchSessionGuid=5ccd199be5d7419b8fafb8ea055be6bb
flat;Наш регион;real_estate_agent;sale;Кировский;16;16;275;Новосибирск;6600000;;2; Зорге;63.9;Площадь Маркса;https://novosibirsk.cian.ru/sale/flat/324411762/?mlSearchSessionGuid=5ccd199be5d7419b8fafb8ea055be6bb
flat;Новый Адрес;real_estate_agent;sale;Кировский;5;18;273;Новосибирск;6600000;Зоркий;2; Зорге;50.2;Площадь Маркса;https://novosibirsk.cian.ru/sale/flat/323038039/?mlSearchSessionGuid=5ccd199be5d7419b8fafb8ea055be6bb
flat;Татьяна Каратаева;realtor;sale;Заельцовский;9;13;1/1;Новосибирск;6600000;Аэропорт;2; Аэропорт;54.1;Заельцовская;https://novosibirsk.cian.ru/sale/flat/323630654/?mlSearchSessionGuid=5ccd199be5d7419b8fafb8ea055be6bb
flat;ЖИЛФОНД;real_estate_agent;sale;Кировский;3;11;1/1;Новосибирск;6700000;;2; Герцена;60.0;Студенческая;https://novosibirsk.cian.ru/sale/flat/326857318/?mlSearchSessionGuid=5ccd199be5d7419b8fafb8ea055be6bb
flat;ЖИЛФОНД;real_estate_agent;sale;Заельцовский;6;9;31/4;Новосибирск;6700000;;2;Линейная ;42.4;Гагаринская;https://novosibirsk.cian.ru/sale/flat/326186842/?mlSearchSessionGuid=5ccd199be5d7419b8fafb8ea055be6bb
flat;ЖИЛФОНД;real_estate_agent;sale;Ленинский;9;24;19;Новосибирск;6700000;КрымSKY;2; Пархоменко;45.2;Площадь Маркса;https://novosibirsk.cian.ru/sale/flat/326770341/?mlSearchSessionGuid=5ccd199be5d7419b8fafb8ea055be6bb
flat;ЖИЛФОНД;real_estate_agent;sale;Калининский;3;10;14;Новосибирск;6700000;Мкрн. Родники;2; Гребенщикова;56.3;Заельцовская;https://novosibirsk.cian.ru/sale/flat/326516904/?mlSearchSessionGuid=5ccd199be5d7419b8fafb8ea055be6bb
flat;ЖИЛФОНД;real_estate_agent;sale;Калининский;12;16;309;Новосибирск;6699000;Северная Корона;2;Красный проспект;38.7;Заельцовская;https://novosibirsk.cian.ru/sale/flat/326574915/?mlSearchSessionGuid=5ccd199be5d7419b8fafb8ea055be6bb
flat;ЖИЛФОНД;real_estate_agent;sale;Калининский;2;4;45/1;Новосибирск;6700000;;2; Богдана Хмельницкого;58.6;Заельцовская;https://novosibirsk.cian.ru/sale/flat/323699779/?mlSearchSessionGuid=5ccd199be5d7419b8fafb8ea055be6bb
flat;Калининское;real_estate_agent;sale;Калининский;7;10;24/1;Новосибирск;6700000;Мкрн. Родники;2; Тюленина;56.4;Заельцовская;https://novosibirsk.cian.ru/sale/flat/317488171/?mlSearchSessionGuid=5ccd199be5d7419b8fafb8ea055be6bb
flat;Владис Центральное;real_estate_agent;sale;Ленинский;4;8;234;Новосибирск;6690000;;2; Титова;36.6;Площадь Маркса;https://novosibirsk.cian.ru/sale/flat/323457576/?mlSearchSessionGuid=5ccd199be5d7419b8fafb8ea055be6bb
flat;УСПЕХ-недвижимость;real_estate_agent;sale;Ленинский;5;5;6;Новосибирск;6700000;;2; Пархоменко;55.4;Площадь Маркса;https://novosibirsk.cian.ru/sale/flat/326174113/?mlSearchSessionGuid=5ccd199be5d7419b8fafb8ea055be6bb
flat;Вместе;real_estate_agent;sale;Центральный;5;5;23;Новосибирск;6700000;;2; Мичурина;46.0;Сибирская;https://novosibirsk.cian.ru/sale/flat/326320811/?mlSearchSessionGuid=5ccd199be5d7419b8fafb8ea055be6bb
flat;КВАРТЭН;real_estate_agent;sale;Центральный;5;5;27;Новосибирск;6700000;;2; Мичурина;49.0;Красный Проспект;https://novosibirsk.cian.ru/sale/flat/317766773/?mlSearchSessionGuid=5ccd199be5d7419b8fafb8ea055be6bb
flat;Мегаполис;real_estate_agent;sale;Железнодорожный;3;12;17/2;Новосибирск;6700000;;2; 1905 года;52.5;Площадь Гарина-Михайловского;https://novosibirsk.cian.ru/sale/flat/326957707/?mlSearchSessionGuid=5ccd199be5d7419b8fafb8ea055be6bb
flat;НСК-top;real_estate_agent;sale;Октябрьский;18;19;13/3;Новосибирск;6700000;Плющихинский;2; Виталия Потылицына;71.5;Золотая Нива;https://novosibirsk.cian.ru/sale/flat/324783165/?mlSearchSessionGuid=5ccd199be5d7419b8fafb8ea055be6bb
flat;СФЕРА 54;real_estate_agent;sale;Первомайский;24;25;53;Новосибирск;6700000;Весенний;2; Заречная;44.0;Спортивная;https://novosibirsk.cian.ru/sale/flat/321723345/?mlSearchSessionGuid=5ccd199be5d7419b8fafb8ea055be6bb
flat;НСК-top;real_estate_agent;sale;Калининский;2;9;130/1;Новосибирск;6700000;;2; Кропоткина;46.0;Маршала Покрышкина;https://novosibirsk.cian.ru/sale/flat/326434186/?mlSearchSessionGuid=5ccd199be5d7419b8fafb8ea055be6bb
flat;Титул;real_estate_agent;sale;Октябрьский;7;10;52;Новосибирск;6700000;Плющихинский;2; В. Высоцкого;76.0;Золотая Нива;https://novosibirsk.cian.ru/sale/flat/292056793/?mlSearchSessionGuid=5ccd199be5d7419b8fafb8ea055be6bb
flat;Domstore;real_estate_agent;sale;Октябрьский;13;17;1;Новосибирск;6690000;Ваш выбор;2;Вилюйская ;74.65;Речной вокзал;https://novosibirsk.cian.ru/sale/flat/314930942/?mlSearchSessionGuid=5ccd199be5d7419b8fafb8ea055be6bb
flat;Ключи;real_estate_agent;sale;Заельцовский;4;5;7;Новосибирск;6700000;;2; Михаила Перевозчикова;44.5;Заельцовская;https://novosibirsk.cian.ru/sale/flat/317028194/?mlSearchSessionGuid=5ccd199be5d7419b8fafb8ea055be6bb
flat;Римма Сотникова;realtor;sale;Калининский;4;17;39;Новосибирск;6680000;Тайгинский парк;2;Тайгинская ;51.4;Заельцовская;https://novosibirsk.cian.ru/sale/flat/327035179/?mlSearchSessionGuid=5ccd199be5d7419b8fafb8ea055be6bb
flat;Ольга Масина;realtor;sale;Заельцовский;3;5;94/2;Новосибирск;6700000;;2;Красный проспект;43.0;Гагаринская;https://novosibirsk.cian.ru/sale/flat/325574084/?mlSearchSessionGuid=5ccd199be5d7419b8fafb8ea055be6bb
flat;Вячеслав Шалдышев;realtor;sale;Октябрьский;2;8;;Новосибирск;6700000;Promenade;2;2-я Высокогорная ;55.9;Речной вокзал;https://novosibirsk.cian.ru/sale/flat/320133075/?mlSearchSessionGuid=5ccd199be5d7419b8fafb8ea055be6bb
flat;ЖИЛФОНД;real_estate_agent;sale;Советский;11;26;5;Новосибирск;6750000;Приморский;2;Приморская ;57.3;Студенческая;https://novosibirsk.cian.ru/sale/flat/317460995/?mlSearchSessionGuid=5ccd199be5d7419b8fafb8ea055be6bb
flat;Rialtor Group;real_estate_agent;sale;Центральный;7;9;70;Новосибирск;6750000;;2;Красный проспект;34.3;Красный Проспект;https://novosibirsk.cian.ru/sale/flat/319280105/?mlSearchSessionGuid=5ccd199be5d7419b8fafb8ea055be6bb
flat;Планета;real_estate_agent;sale;Ленинский;12;16;10;Новосибирск;6750000;;2;;43.2;Студенческая;https://novosibirsk.cian.ru/sale/flat/323779243/?mlSearchSessionGuid=5ccd199be5d7419b8fafb8ea055be6bb
flat;ЖИЛФОНД;real_estate_agent;sale;Ленинский;11;17;78/1;Новосибирск;6890000;КрымSKY;2; Плахотного;45.0;Площадь Маркса;https://novosibirsk.cian.ru/sale/flat/326650418/?mlSearchSessionGuid=5ccd199be5d7419b8fafb8ea055be6bb
flat;ЖИЛФОНД;real_estate_agent;sale;Первомайский;11;25;5;Новосибирск;6800000;Сокольники;2; Ошанина;63.5;Речной вокзал;https://novosibirsk.cian.ru/sale/flat/322760696/?mlSearchSessionGuid=5ccd199be5d7419b8fafb8ea055be6bb
flat;ЖИЛФОНД;real_estate_agent;sale;Калининский;1;5;13/1;Новосибирск;6870000;;2;Народная ;45.0;Заельцовская;https://novosibirsk.cian.ru/sale/flat/321607318/?mlSearchSessionGuid=5ccd199be5d7419b8fafb8ea055be6bb
flat;ЖИЛФОНД;real_estate_agent;sale;Кировский;8;11;64/2;Новосибирск;6850000;;2; Сибиряков-Гвардейцев;53.1;Площадь Маркса;https://novosibirsk.cian.ru/sale/flat/327036410/?mlSearchSessionGuid=5ccd199be5d7419b8fafb8ea055be6bb
flat;Всем Квартиру;real_estate_agent;sale;Ленинский;2;4;45;Новосибирск;6800000;;2; Плахотного;42.5;Площадь Маркса;https://novosibirsk.cian.ru/sale/flat/326577212/?mlSearchSessionGuid=5ccd199be5d7419b8fafb8ea055be6bb
flat;АЛЬГИЗА;real_estate_agent;sale;Центральный;2;5;29;Новосибирск;6800000;;2; Гоголя;45.1;Маршала Покрышкина;https://novosibirsk.cian.ru/sale/flat/323749058/?mlSearchSessionGuid=5ccd199be5d7419b8fafb8ea055be6bb
flat;Альфа Дом;real_estate_agent;sale;Октябрьский;10;11;54/1;Новосибирск;6850000;Плющихинский;2; В. Высоцкого;58.0;Золотая Нива;https://novosibirsk.cian.ru/sale/flat/326983554/?mlSearchSessionGuid=5ccd199be5d7419b8fafb8ea055be6bb
flat;Города Новосибирск;real_estate_agent;sale;Кировский;8;10;8;Новосибирск;6800000;Просторный;2; Александра Чистякова;63.7;Студенческая;https://novosibirsk.cian.ru/sale/flat/325029627/?mlSearchSessionGuid=5ccd199be5d7419b8fafb8ea055be6bb
flat;ЛЕГКО;real_estate_agent;sale;Железнодорожный;4;9;8;Новосибирск;6800000;;2;Железнодорожная ;45.0;Площадь Гарина-Михайловского;https://novosibirsk.cian.ru/sale/flat/326928625/?mlSearchSessionGuid=5ccd199be5d7419b8fafb8ea055be6bb
flat;Столица Сибири;real_estate_agent;sale;Октябрьский;9;9;208;Новосибирск;6800000;;2; Бориса Богаткова;45.3;Золотая Нива;https://novosibirsk.cian.ru/sale/flat/320715747/?mlSearchSessionGuid=5ccd199be5d7419b8fafb8ea055be6bb
flat;Люди;real_estate_agent;sale;Октябрьский;2;27;43;Новосибирск;6800000;;2; В. Высоцкого;62.8;Золотая Нива;https://novosibirsk.cian.ru/sale/flat/319118773/?mlSearchSessionGuid=5ccd199be5d7419b8fafb8ea055be6bb
flat;ПЛАНЕТА на Маркса;real_estate_agent;sale;Дзержинский;5;5;9;Новосибирск;6800000;;2; Авиастроителей;58.4;Березовая Роща;https://novosibirsk.cian.ru/sale/flat/326983898/?mlSearchSessionGuid=5ccd199be5d7419b8fafb8ea055be6bb
flat;Центр Недвижимости;real_estate_agent;sale;Советский;1;4;3;Новосибирск;6850000;;2;Золотодолинская ;44.3;;https://novosibirsk.cian.ru/sale/flat/322424444/?mlSearchSessionGuid=5ccd199be5d7419b8fafb8ea055be6bb
flat;Вместе;real_estate_agent;sale;Кировский;9;10;17/2;Новосибирск;6800000;;2; Громова;53.0;Площадь Маркса;https://novosibirsk.cian.ru/sale/flat/325895388/?mlSearchSessionGuid=5ccd199be5d7419b8fafb8ea055be6bb
flat;МакроМир;real_estate_agent;sale;Ленинский;10;18;7/1;Новосибирск;6800000;;2;Междуреченская ;58.61;Площадь Гарина-Михайловского;https://novosibirsk.cian.ru/sale/flat/322824118/?mlSearchSessionGuid=5ccd199be5d7419b8fafb8ea055be6bb
flat;Планета;real_estate_agent;sale;Калининский;1;10;77;Новосибирск;6800000;;2;Народная ;55.0;Заельцовская;https://novosibirsk.cian.ru/sale/flat/324755246/?mlSearchSessionGuid=5ccd199be5d7419b8fafb8ea055be6bb
flat;Аванта;real_estate_agent;sale;Ленинский;6;17;69/2;Новосибирск;6849000;Радуга Сибири;2; Забалуева;65.7;Площадь Маркса;https://novosibirsk.cian.ru/sale/flat/326225287/?mlSearchSessionGuid=5ccd199be5d7419b8fafb8ea055be6bb
flat;DOMaSTROY;real_estate_agent;sale;Октябрьский;5;10;16;Новосибирск;6800000;;2;Лазурная ;52.0;Золотая Нива;https://novosibirsk.cian.ru/sale/flat/323792106/?mlSearchSessionGuid=5ccd199be5d7419b8fafb8ea055be6bb
flat;ВКЛЮЧИ;real_estate_agent;sale;Первомайский;3;16;25;Новосибирск;6850000;Манхэттен;2; Героев Революции;46.1;Спортивная;https://novosibirsk.cian.ru/sale/flat/325304869/?mlSearchSessionGuid=5ccd199be5d7419b8fafb8ea055be6bb
flat;Своя Высота;real_estate_agent;sale;Октябрьский;2;17;8;Новосибирск;6800000;;2;Вилюйская ;56.7;Речной вокзал;https://novosibirsk.cian.ru/sale/flat/326502828/?mlSearchSessionGuid=5ccd199be5d7419b8fafb8ea055be6bb
flat;Жанна Кулешова;realtor;sale;Кировский;9;10;92;Новосибирск;6800000;;2; Зорге;63.5;Площадь Маркса;https://novosibirsk.cian.ru/sale/flat/323971836/?mlSearchSessionGuid=5ccd199be5d7419b8fafb8ea055be6bb
flat;ЖИЛФОНД;real_estate_agent;sale;Дзержинский;7;9;59;Новосибирск;6900000;;2; Фрунзе;45.0;Березовая Роща;https://novosibirsk.cian.ru/sale/flat/324065906/?mlSearchSessionGuid=5ccd199be5d7419b8fafb8ea055be6bb
flat;ЖИЛФОНД;real_estate_agent;sale;Железнодорожный;6;9;8/1;Новосибирск;6900000;;2;Железнодорожная ;42.7;Площадь Гарина-Михайловского;https://novosibirsk.cian.ru/sale/flat/326657437/?mlSearchSessionGuid=5ccd199be5d7419b8fafb8ea055be6bb
flat;МакроМир;real_estate_agent;sale;Ленинский;3;9;54/1;Новосибирск;6900000;;2;Степная ;55.0;Площадь Маркса;https://novosibirsk.cian.ru/sale/flat/326921856/?mlSearchSessionGuid=5ccd199be5d7419b8fafb8ea055be6bb
flat;НСК-top;real_estate_agent;sale;Центральный;9;10;2/1;Новосибирск;6900000;;2;Серебренниковская ;44.0;Октябрьская;https://novosibirsk.cian.ru/sale/flat/324352801/?mlSearchSessionGuid=5ccd199be5d7419b8fafb8ea055be6bb
flat;METRAGE;real_estate_agent;sale;Ленинский;4;9;252/2;Новосибирск;6900000;Чистая слобода;2; Титова;54.9;Площадь Маркса;https://novosibirsk.cian.ru/sale/flat/326074045/?mlSearchSessionGuid=5ccd199be5d7419b8fafb8ea055be6bb
flat;РиэлтПрофи;real_estate_agent;sale;Советский;6;9;3;Новосибирск;6900000;;2; Полевая;51.7;;https://novosibirsk.cian.ru/sale/flat/319503397/?mlSearchSessionGuid=5ccd199be5d7419b8fafb8ea055be6bb
flat;АльянсРиэлт;real_estate_agent;sale;Калининский;2;5;63;Новосибирск;6900000;;2; Богдана Хмельницкого;77.2;Заельцовская;https://novosibirsk.cian.ru/sale/flat/316886770/?mlSearchSessionGuid=5ccd199be5d7419b8fafb8ea055be6bb
flat;Калининское;real_estate_agent;sale;Дзержинский;3;10;10;Новосибирск;6990000;;2; Шекспира;44.8;Березовая Роща;https://novosibirsk.cian.ru/sale/flat/327056743/?mlSearchSessionGuid=5ccd199be5d7419b8fafb8ea055be6bb
flat;Novodom;real_estate_agent;sale;Заельцовский;9;10;102/4;Новосибирск;6950000;;2;Красный проспект;53.2;Заельцовская;https://novosibirsk.cian.ru/sale/flat/322977950/?mlSearchSessionGuid=5ccd199be5d7419b8fafb8ea055be6bb
flat;ПЛАНЕТА на Маркса;real_estate_agent;sale;Дзержинский;8;9;15;Новосибирск;6980000;;2; Кошурникова;43.5;Березовая Роща;https://novosibirsk.cian.ru/sale/flat/326567439/?mlSearchSessionGuid=5ccd199be5d7419b8fafb8ea055be6bb
flat;Люди;real_estate_agent;sale;Заельцовский;4;9;35;Новосибирск;6999000;;2;Линейная ;47.0;Гагаринская;https://novosibirsk.cian.ru/sale/flat/315853121/?mlSearchSessionGuid=5ccd199be5d7419b8fafb8ea055be6bb
flat;Альфа Дом;real_estate_agent;sale;Центральный;1;10;34;Новосибирск;6999999;;2;Ипподромская ;51.0;Маршала Покрышкина;https://novosibirsk.cian.ru/sale/flat/321777097/?mlSearchSessionGuid=5ccd199be5d7419b8fafb8ea055be6bb
flat;Метражи;real_estate_agent;sale;Октябрьский;1;3;356;Новосибирск;6990000;;2; Кирова;56.0;Речной вокзал;https://novosibirsk.cian.ru/sale/flat/326323859/?mlSearchSessionGuid=5ccd199be5d7419b8fafb8ea055be6bb
flat;ИП Слепнёва Г. Ю.;real_estate_agent;sale;Советский;8;10;6;Новосибирск;6950000;;2; Печатников;54.3;Студенческая;https://novosibirsk.cian.ru/sale/flat/326408847/?mlSearchSessionGuid=5ccd199be5d7419b8fafb8ea055be6bb
flat;Корона;real_estate_agent;sale;Железнодорожный;2;5;51;Новосибирск;6999000;;2;Советская ;43.0;Площадь Ленина;https://novosibirsk.cian.ru/sale/flat/326185433/?mlSearchSessionGuid=5ccd199be5d7419b8fafb8ea055be6bb
flat;ID 12207373;realtor;sale;Дзержинский;20;22;12/1;Новосибирск;6990000;Изумрудный город;2; Есенина;57.0;Золотая Нива;https://novosibirsk.cian.ru/sale/flat/322191539/?mlSearchSessionGuid=5ccd199be5d7419b8fafb8ea055be6bb
flat;Домофонд;real_estate_agent;sale;Калининский;4;10;14/3;Новосибирск;7000000;Дунаевский;2; Дунаевского;46.1;Заельцовская;https://novosibirsk.cian.ru/sale/flat/326452763/?mlSearchSessionGuid=5ccd199be5d7419b8fafb8ea055be6bb
flat;ЖИЛФОНД;real_estate_agent;sale;Октябрьский;2;25;14/1;Новосибирск;7050000;1-й на Рябиновой;2;Рябиновая ;43.8;Речной вокзал;https://novosibirsk.cian.ru/sale/flat/323225162/?mlSearchSessionGuid=5ccd199be5d7419b8fafb8ea055be6bb
flat;ЖИЛФОНД;real_estate_agent;sale;Заельцовский;1;6;234;Новосибирск;7000000;;2;Красный проспект;61.2;Заельцовская;https://novosibirsk.cian.ru/sale/flat/320572260/?mlSearchSessionGuid=5ccd199be5d7419b8fafb8ea055be6bb
flat;ЖИЛФОНД;real_estate_agent;sale;Октябрьский;10;10;7;Новосибирск;7000000;;2; Гаранина;44.7;Золотая Нива;https://novosibirsk.cian.ru/sale/flat/326928718/?mlSearchSessionGuid=5ccd199be5d7419b8fafb8ea055be6bb
flat;ЖИЛФОНД;real_estate_agent;sale;Центральный;9;9;34;Новосибирск;7000000;;2; Гоголя;46.0;Маршала Покрышкина;https://novosibirsk.cian.ru/sale/flat/326260782/?mlSearchSessionGuid=5ccd199be5d7419b8fafb8ea055be6bb
flat;ЖИЛФОНД;real_estate_agent;sale;Октябрьский;9;10;3;Новосибирск;7000000;;2; Федосеева;51.5;Золотая Нива;https://novosibirsk.cian.ru/sale/flat/323405085/?mlSearchSessionGuid=5ccd199be5d7419b8fafb8ea055be6bb
flat;ЖИЛФОНД;real_estate_agent;sale;Калининский;2;17;66/5;Новосибирск;7000000;На Фадеева;2; Фадеева;73.9;Заельцовская;https://novosibirsk.cian.ru/sale/flat/318204150/?mlSearchSessionGuid=5ccd199be5d7419b8fafb8ea055be6bb
flat;ЖИЛФОНД;real_estate_agent;sale;Октябрьский;10;10;42;Новосибирск;7000000;На Снежиной;2; Татьяны Снежиной;60.7;Золотая Нива;https://novosibirsk.cian.ru/sale/flat/324057623/?mlSearchSessionGuid=5ccd199be5d7419b8fafb8ea055be6bb
flat;ЖИЛФОНД;real_estate_agent;sale;Железнодорожный;2;5;18;Новосибирск;7000000;;2;проспект Димитрова;55.9;Красный Проспект;https://novosibirsk.cian.ru/sale/flat/327075388/?mlSearchSessionGuid=5ccd199be5d7419b8fafb8ea055be6bb
flat;ВИЛИЯ;real_estate_agent;sale;Центральный;4;9;15;Новосибирск;7000000;;2;Трудовая ;41.2;Площадь Ленина;https://novosibirsk.cian.ru/sale/flat/323847489/?mlSearchSessionGuid=5ccd199be5d7419b8fafb8ea055be6bb
flat;ГОРОДА;real_estate_agent;sale;Калининский;8;12;309;Новосибирск;7000000;Северная Корона;2;Красный проспект;57.4;Заельцовская;https://novosibirsk.cian.ru/sale/flat/323600675/?mlSearchSessionGuid=5ccd199be5d7419b8fafb8ea055be6bb
flat;Инвест-плюс;real_estate_agent;sale;Заельцовский;13;21;238;Новосибирск;7060100;Ельцовский;2; Дуси Ковальчук;87.35;Заельцовская;https://novosibirsk.cian.ru/sale/flat/321536451/?mlSearchSessionGuid=5ccd199be5d7419b8fafb8ea055be6bb
flat;Люди;real_estate_agent;sale;Кировский;2;17;53;Новосибирск;7000000;;2; Сибиряков-Гвардейцев;59.0;Площадь Маркса;https://novosibirsk.cian.ru/sale/flat/316722294/?mlSearchSessionGuid=5ccd199be5d7419b8fafb8ea055be6bb
flat;СТАН;real_estate_agent;sale;Центральный;4;6;14;Новосибирск;7000000;;2; Достоевского;58.0;Красный Проспект;https://novosibirsk.cian.ru/sale/flat/325929425/?mlSearchSessionGuid=5ccd199be5d7419b8fafb8ea055be6bb
flat;Rialtor Group;real_estate_agent;sale;Железнодорожный;8;9;59;Новосибирск;7000000;;2; Ленина;47.7;Площадь Гарина-Михайловского;https://novosibirsk.cian.ru/sale/flat/325356656/?mlSearchSessionGuid=5ccd199be5d7419b8fafb8ea055be6bb
flat;Созвездие Весов;real_estate_agent;sale;Советский;8;9;32;Новосибирск;7000000;;2; Иванова;49.0;;https://novosibirsk.cian.ru/sale/flat/321352441/?mlSearchSessionGuid=5ccd199be5d7419b8fafb8ea055be6bb
flat;PRO Недвижимость;real_estate_agent;sale;Ленинский;8;17;125;Новосибирск;7000000;;2;Широкая ;55.6;Площадь Маркса;https://novosibirsk.cian.ru/sale/flat/325126052/?mlSearchSessionGuid=5ccd199be5d7419b8fafb8ea055be6bb
flat;Наш регион;real_estate_agent;sale;Октябрьский;16;27;45;Новосибирск;7000000;;2; В. Высоцкого;63.0;Золотая Нива;https://novosibirsk.cian.ru/sale/flat/323402928/?mlSearchSessionGuid=5ccd199be5d7419b8fafb8ea055be6bb
flat;Ключи;real_estate_agent;sale;Кировский;17;18;22/2;Новосибирск;7000000;Акварельный 3.0;2; Александра Чистякова;68.9;Площадь Маркса;https://novosibirsk.cian.ru/sale/flat/300652449/?mlSearchSessionGuid=5ccd199be5d7419b8fafb8ea055be6bb
flat;Станислав Апёнкин;realtor;sale;Калининский;5;10;24/2;Новосибирск;7000000;Мкрн. Родники;2; Мясниковой;53.2;Заельцовская;https://novosibirsk.cian.ru/sale/flat/316377192/?mlSearchSessionGuid=5ccd199be5d7419b8fafb8ea055be6bb
flat;Astron Estate;real_estate_agent;sale;Калининский;13;13;;Новосибирск;7100000;Династия ЖК;2;Родники мкр;60.4;Заельцовская;https://novosibirsk.cian.ru/sale/flat/325131025/?mlSearchSessionGuid=5ccd199be5d7419b8fafb8ea055be6bb
flat;Города Новосибирск;real_estate_agent;sale;Заельцовский;2;10;92;Новосибирск;7120000;;2;Кубовая ;43.8;Заельцовская;https://novosibirsk.cian.ru/sale/flat/323839829/?mlSearchSessionGuid=5ccd199be5d7419b8fafb8ea055be6bb
flat;Вместе;real_estate_agent;sale;Ленинский;11;13;4;Новосибирск;7100000;Дивногорский;2; Романтиков;51.9;Площадь Маркса;https://novosibirsk.cian.ru/sale/flat/326921803/?mlSearchSessionGuid=5ccd199be5d7419b8fafb8ea055be6bb
flat;Всем Квартиру;real_estate_agent;sale;Кировский;15;17;22/3;Новосибирск;7100000;Акварельный 3.0;2; Александра Чистякова;62.9;Площадь Маркса;https://novosibirsk.cian.ru/sale/flat/324855930/?mlSearchSessionGuid=5ccd199be5d7419b8fafb8ea055be6bb
flat;Владис Центральное;real_estate_agent;sale;Советский;1;4;21;Новосибирск;7149000;;2; Академическая;45.9;;https://novosibirsk.cian.ru/sale/flat/326907362/?mlSearchSessionGuid=5ccd199be5d7419b8fafb8ea055be6bb
flat;КЛЕВЕР;real_estate_agent;sale;Кировский;5;10;160/1;Новосибирск;7100000;Тулинка;2; Петухова;63.0;Студенческая;https://novosibirsk.cian.ru/sale/flat/326563060/?mlSearchSessionGuid=5ccd199be5d7419b8fafb8ea055be6bb
flat;Квартирный портал;real_estate_agent;sale;Ленинский;4;9;35;Новосибирск;7100000;;2;Троллейная ;59.6;Площадь Маркса;https://novosibirsk.cian.ru/sale/flat/325859826/?mlSearchSessionGuid=5ccd199be5d7419b8fafb8ea055be6bb
flat;ЖИЛФОНД;real_estate_agent;sale;Дзержинский;11;25;1к2;Новосибирск;7150000;Расцветай на Авиастроителей;2; Авиастроителей;41.57;Березовая Роща;https://novosibirsk.cian.ru/sale/flat/325826859/?mlSearchSessionGuid=5ccd199be5d7419b8fafb8ea055be6bb
flat;ЖИЛФОНД;real_estate_agent;sale;Кировский;14;18;20;Новосибирск;7200000;Акварельный 2.0;2; Александра Чистякова;56.7;Студенческая;https://novosibirsk.cian.ru/sale/flat/326378987/?mlSearchSessionGuid=5ccd199be5d7419b8fafb8ea055be6bb
flat;ЖИЛФОНД;real_estate_agent;sale;Октябрьский;1;10;34;Новосибирск;7220000;;2; Шевченко;53.2;Октябрьская;https://novosibirsk.cian.ru/sale/flat/325596323/?mlSearchSessionGuid=5ccd199be5d7419b8fafb8ea055be6bb
flat;Самолет Плюс Центр;real_estate_agent;sale;Октябрьский;24;25;67;Новосибирск;7190000;Квартал Притяжение;2; Никитина;44.3;Октябрьская;https://novosibirsk.cian.ru/sale/flat/327058185/?mlSearchSessionGuid=5ccd199be5d7419b8fafb8ea055be6bb
flat;ЖИЛФОНД;real_estate_agent;sale;Ленинский;3;10;29;Новосибирск;7150000;;2;Колхидская ;66.0;Площадь Маркса;https://novosibirsk.cian.ru/sale/flat/324235071/?mlSearchSessionGuid=5ccd199be5d7419b8fafb8ea055be6bb
flat;ЖИЛФОНД;real_estate_agent;sale;Ленинский;4;5;10/2;Новосибирск;7200000;;2;проспект Карла Маркса;42.3;Студенческая;https://novosibirsk.cian.ru/sale/flat/318347366/?mlSearchSessionGuid=5ccd199be5d7419b8fafb8ea055be6bb
flat;METRAGE;real_estate_agent;sale;Заельцовский;2;6;1;Новосибирск;7200000;;2; Медкадры;51.5;Заельцовская;https://novosibirsk.cian.ru/sale/flat/327068049/?mlSearchSessionGuid=5ccd199be5d7419b8fafb8ea055be6bb
flat;МакроМир;real_estate_agent;sale;Ленинский;9;16;31;Новосибирск;7200000;Радуга;2;Волховская ;65.1;Площадь Маркса;https://novosibirsk.cian.ru/sale/flat/324642219/?mlSearchSessionGuid=5ccd199be5d7419b8fafb8ea055be6bb
flat;МакроМир;real_estate_agent;sale;Октябрьский;4;17;1;Новосибирск;7150000;Ваш выбор;2;Вилюйская ;70.4;Речной вокзал;https://novosibirsk.cian.ru/sale/flat/324441596/?mlSearchSessionGuid=5ccd199be5d7419b8fafb8ea055be6bb
flat;Домофонд;real_estate_agent;sale;Кировский;9;10;8;Новосибирск;7200000;Просторный;2; Александра Чистякова;63.0;Студенческая;https://novosibirsk.cian.ru/sale/flat/325662509/?mlSearchSessionGuid=5ccd199be5d7419b8fafb8ea055be6bb
flat;Вертикаль;real_estate_agent;sale;Дзержинский;8;19;2/1;Новосибирск;7199000;;2; Кошурникова;44.1;Березовая Роща;https://novosibirsk.cian.ru/sale/flat/326014388/?mlSearchSessionGuid=5ccd199be5d7419b8fafb8ea055be6bb
flat;Люди;real_estate_agent;sale;Октябрьский;7;12;20;Новосибирск;7200000;;2; Ключ-Камышенское плато;56.3;Речной вокзал;https://novosibirsk.cian.ru/sale/flat/322081898/?mlSearchSessionGuid=5ccd199be5d7419b8fafb8ea055be6bb
flat;Rialtor Group;real_estate_agent;sale;Кировский;1;4;2/3;Новосибирск;7200000;;2; Гэсстроевская;58.3;Студенческая;https://novosibirsk.cian.ru/sale/flat/325942540/?mlSearchSessionGuid=5ccd199be5d7419b8fafb8ea055be6bb
flat;Планета;real_estate_agent;sale;Ленинский;2;5;1;Новосибирск;7200000;;2; Станиславского;69.2;Студенческая;https://novosibirsk.cian.ru/sale/flat/322121594/?mlSearchSessionGuid=5ccd199be5d7419b8fafb8ea055be6bb
flat;METRAGE;real_estate_agent;sale;Ленинский;5;5;9;Новосибирск;7200000;;2; Ватутина;43.6;Площадь Маркса;https://novosibirsk.cian.ru/sale/flat/325945872/?mlSearchSessionGuid=5ccd199be5d7419b8fafb8ea055be6bb
flat;Новый Адрес;real_estate_agent;sale;Заельцовский;11;26;180;Новосибирск;7200000;Тайм Парк Апартаменты;2;Красный проспект;47.08;Заельцовская;https://novosibirsk.cian.ru/sale/flat/322680550/?mlSearchSessionGuid=5ccd199be5d7419b8fafb8ea055be6bb
flat;ПРОЕКТ;real_estate_agent;sale;Первомайский;13;17;3/1;Новосибирск;7200000;;2; Баумана;54.0;Речной вокзал;https://novosibirsk.cian.ru/sale/flat/318744329/?mlSearchSessionGuid=5ccd199be5d7419b8fafb8ea055be6bb
flat;Аванта;real_estate_agent;sale;Кировский;8;17;279;Новосибирск;7200000;Рихард;2; Зорге;61.35;Площадь Маркса;https://novosibirsk.cian.ru/sale/flat/325163225/?mlSearchSessionGuid=5ccd199be5d7419b8fafb8ea055be6bb
flat;МакроМир;real_estate_agent;sale;Первомайский;7;8;200б;Новосибирск;7200000;Первомайская, 200б;2;Первомайская ;51.4;Спортивная;https://novosibirsk.cian.ru/sale/flat/318796215/?mlSearchSessionGuid=5ccd199be5d7419b8fafb8ea055be6bb
flat;Александр Штрахштейн;realtor;sale;Октябрьский;4;9;184;Новосибирск;7190000;;2;Ленинградская ;43.1;Речной вокзал;https://novosibirsk.cian.ru/sale/flat/326996270/?mlSearchSessionGuid=5ccd199be5d7419b8fafb8ea055be6bb
flat;Ваш Академгородок;real_estate_agent;sale;Советский;7;9;16;Новосибирск;7250000;;2; Арбузова;53.0;;https://novosibirsk.cian.ru/sale/flat/322578725/?mlSearchSessionGuid=5ccd199be5d7419b8fafb8ea055be6bb
flat;Квартирный портал;real_estate_agent;sale;Первомайский;14;25;53;Новосибирск;7290000;Весенний;2; Заречная;44.7;Спортивная;https://novosibirsk.cian.ru/sale/flat/321528502/?mlSearchSessionGuid=5ccd199be5d7419b8fafb8ea055be6bb
flat;ЖИЛФОНД;real_estate_agent;sale;Калининский;5;9;22;Новосибирск;7300000;;2; Фадеева;54.7;Заельцовская;https://novosibirsk.cian.ru/sale/flat/326933758/?mlSearchSessionGuid=5ccd199be5d7419b8fafb8ea055be6bb
flat;ЖИЛФОНД;real_estate_agent;sale;Кировский;3;4;53;Новосибирск;7300000;;2; Федора Горячева;68.8;Студенческая;https://novosibirsk.cian.ru/sale/flat/326621371/?mlSearchSessionGuid=5ccd199be5d7419b8fafb8ea055be6bb
flat;ЖИЛФОНД;real_estate_agent;sale;Калининский;16;17;4/1;Новосибирск;7300000;Мкрн. Родники;2; Мясниковой;65.0;Заельцовская;https://novosibirsk.cian.ru/sale/flat/323951806/?mlSearchSessionGuid=5ccd199be5d7419b8fafb8ea055be6bb
flat;ЖИЛФОНД;real_estate_agent;sale;Ленинский;5;9;1;Новосибирск;7300000;;2; Титова;58.6;Площадь Маркса;https://novosibirsk.cian.ru/sale/flat/323551559/?mlSearchSessionGuid=5ccd199be5d7419b8fafb8ea055be6bb
flat;Планета;real_estate_agent;sale;Центральный;3;5;33;Новосибирск;7300000;;2;Красный проспект;60.0;Площадь Ленина;https://novosibirsk.cian.ru/sale/flat/308534059/?mlSearchSessionGuid=5ccd199be5d7419b8fafb8ea055be6bb
flat;PRO Недвижимость;real_estate_agent;sale;Октябрьский;15;17;11;Новосибирск;7300000;;2;Вилюйская ;58.0;Речной вокзал;https://novosibirsk.cian.ru/sale/flat/326896140/?mlSearchSessionGuid=5ccd199be5d7419b8fafb8ea055be6bb
flat;Планета;real_estate_agent;sale;Железнодорожный;3;17;65/5;Новосибирск;7300000;;2;Фабричная ;36.6;Площадь Гарина-Михайловского;https://novosibirsk.cian.ru/sale/flat/325908255/?mlSearchSessionGuid=5ccd199be5d7419b8fafb8ea055be6bb
flat;ГРАНОВИТ;real_estate_agent;sale;Центральный;2;6;16;Новосибирск;7300000;;2;Серебренниковская ;48.0;Площадь Ленина;https://novosibirsk.cian.ru/sale/flat/323177815/?mlSearchSessionGuid=5ccd199be5d7419b8fafb8ea055be6bb
flat;СМК-недвижимость;real_estate_agent;sale;Ленинский;4;9;57/1;Новосибирск;7300000;;2;Пермская ;58.0;Площадь Маркса;https://novosibirsk.cian.ru/sale/flat/299125711/?mlSearchSessionGuid=5ccd199be5d7419b8fafb8ea055be6bb
flat;Ключи;real_estate_agent;sale;Октябрьский;1;10;154;Новосибирск;7300000;Выборная-Рябиновая;2;Выборная ;74.0;Речной вокзал;https://novosibirsk.cian.ru/sale/flat/316590793/?mlSearchSessionGuid=5ccd199be5d7419b8fafb8ea055be6bb
flat;ЖИЛФОНД;real_estate_agent;sale;Калининский;4;24;28;Новосибирск;7350000;Мкрн. Родники;2; Тюленина;69.3;Заельцовская;https://novosibirsk.cian.ru/sale/flat/326173114/?mlSearchSessionGuid=5ccd199be5d7419b8fafb8ea055be6bb
flat;ЖИЛФОНД;real_estate_agent;sale;Октябрьский;16;25;11;Новосибирск;7350000;Закаменский-11;2;Закаменский мкр;60.2;Березовая Роща;https://novosibirsk.cian.ru/sale/flat/326173115/?mlSearchSessionGuid=5ccd199be5d7419b8fafb8ea055be6bb
flat;ЖИЛФОНД;real_estate_agent;sale;Калининский;5;15;28;Новосибирск;7395000;Ежевика;2; Объединения;54.4;Заельцовская;https://novosibirsk.cian.ru/sale/flat/326229428/?mlSearchSessionGuid=5ccd199be5d7419b8fafb8ea055be6bb
flat;Калининское;real_estate_agent;sale;Калининский;4;17;12;Новосибирск;7400000;Мкрн. Родники;2; Гребенщикова;65.0;Заельцовская;https://novosibirsk.cian.ru/sale/flat/326350013/?mlSearchSessionGuid=5ccd199be5d7419b8fafb8ea055be6bb
flat;ЖИЛФОНД;real_estate_agent;sale;Октябрьский;7;25;11;Новосибирск;7350000;Закаменский-11;2;Закаменский мкр;62.92;Березовая Роща;https://novosibirsk.cian.ru/sale/flat/326639146/?mlSearchSessionGuid=5ccd199be5d7419b8fafb8ea055be6bb
flat;Екатерина Акименко;realtor;sale;Ленинский;3;6;6;Новосибирск;7400000;Дивногорский;2; Надежды;72.0;Площадь Маркса;https://novosibirsk.cian.ru/sale/flat/326892209/?mlSearchSessionGuid=5ccd199be5d7419b8fafb8ea055be6bb
flat;Альфа Дом;real_estate_agent;sale;Октябрьский;17;17;162/1;Новосибирск;7400000;ул. Добролюбова, 162/1;2; Добролюбова;36.3;Золотая Нива;https://novosibirsk.cian.ru/sale/flat/326261562/?mlSearchSessionGuid=5ccd199be5d7419b8fafb8ea055be6bb
flat;Альфа Дом;real_estate_agent;sale;Ленинский;13;22;40/3;Новосибирск;7400000;по ул. Костычева 40/3;2; Костычева;38.6;Площадь Маркса;https://novosibirsk.cian.ru/sale/flat/321546856/?mlSearchSessionGuid=5ccd199be5d7419b8fafb8ea055be6bb
flat;Планета-А;real_estate_agent;sale;Ленинский;13;14;253/6;Новосибирск;7350000;Любимый;2; Титова;74.3;Площадь Маркса;https://novosibirsk.cian.ru/sale/flat/325659274/?mlSearchSessionGuid=5ccd199be5d7419b8fafb8ea055be6bb
flat;Столица Сибири;real_estate_agent;sale;Калининский;8;10;9;Новосибирск;7499999;Мкрн. Родники;2; Гребенщикова;67.7;Заельцовская;https://novosibirsk.cian.ru/sale/flat/326666913/?mlSearchSessionGuid=5ccd199be5d7419b8fafb8ea055be6bb
flat;Планета-8;real_estate_agent;sale;Октябрьский;7;18;32;Новосибирск;7490000;;2;Лазурная ;53.5;Золотая Нива;https://novosibirsk.cian.ru/sale/flat/325771339/?mlSearchSessionGuid=5ccd199be5d7419b8fafb8ea055be6bb
flat;Право собственности;real_estate_agent;sale;Кировский;5;10;104А;Новосибирск;7450000;;2; Петухова;53.3;Площадь Маркса;https://novosibirsk.cian.ru/sale/flat/323742944/?mlSearchSessionGuid=5ccd199be5d7419b8fafb8ea055be6bb
flat;Дельта;real_estate_agent;sale;Советский;2;4;38;Новосибирск;7500000;;2; Академическая;44.0;;https://novosibirsk.cian.ru/sale/flat/323157871/?mlSearchSessionGuid=5ccd199be5d7419b8fafb8ea055be6bb
flat;ЖИЛФОНД;real_estate_agent;sale;Октябрьский;7;11;80/1;Новосибирск;7590000;;2;Обская ;53.4;Речной вокзал;https://novosibirsk.cian.ru/sale/flat/325765614/?mlSearchSessionGuid=5ccd199be5d7419b8fafb8ea055be6bb
flat;ЖИЛФОНД;real_estate_agent;sale;Заельцовский;1;13;1/1;Новосибирск;7500000;Аэропорт;2; Аэропорт;53.4;Заельцовская;https://novosibirsk.cian.ru/sale/flat/326542766/?mlSearchSessionGuid=5ccd199be5d7419b8fafb8ea055be6bb
flat;ЖИЛФОНД;real_estate_agent;sale;Кировский;1;16;1;Новосибирск;7500000;;2; Сержанта Коротаева;48.0;Студенческая;https://novosibirsk.cian.ru/sale/flat/326572354/?mlSearchSessionGuid=5ccd199be5d7419b8fafb8ea055be6bb
flat;ЖИЛФОНД;real_estate_agent;sale;Октябрьский;7;19;91/4;Новосибирск;7500000;;2;Выборная ;65.0;Речной вокзал;https://novosibirsk.cian.ru/sale/flat/326213758/?mlSearchSessionGuid=5ccd199be5d7419b8fafb8ea055be6bb
flat;ЖИЛФОНД;real_estate_agent;sale;Октябрьский;17;25;113/2;Новосибирск;7500000;IQ Aparts;2; Кирова;45.7;Октябрьская;https://novosibirsk.cian.ru/sale/flat/324666504/?mlSearchSessionGuid=5ccd199be5d7419b8fafb8ea055be6bb
flat;ЖИЛФОНД;real_estate_agent;sale;Железнодорожный;9;9;19;Новосибирск;7550000;;2;Нарымская ;42.2;Красный Проспект;https://novosibirsk.cian.ru/sale/flat/324473843/?mlSearchSessionGuid=5ccd199be5d7419b8fafb8ea055be6bb
flat;ЖИЛФОНД;real_estate_agent;sale;Октябрьский;14;25;11;Новосибирск;7500000;Закаменский-11;2;Закаменский мкр;61.1;Березовая Роща;https://novosibirsk.cian.ru/sale/flat/320502383/?mlSearchSessionGuid=5ccd199be5d7419b8fafb8ea055be6bb
flat;ЖИЛФОНД;real_estate_agent;sale;Дзержинский;7;14;67;Новосибирск;7520000;Дом по ул. Есенина;2; Есенина;67.3;Золотая Нива;https://novosibirsk.cian.ru/sale/flat/323367258/?mlSearchSessionGuid=5ccd199be5d7419b8fafb8ea055be6bb
flat;VERAESTATE;real_estate_agent;sale;Ленинский;7;17;63/1;Новосибирск;7500000;;2;63/1;47.1;Студенческая;https://novosibirsk.cian.ru/sale/flat/326681971/?mlSearchSessionGuid=5ccd199be5d7419b8fafb8ea055be6bb
flat;МакроМир;real_estate_agent;sale;Октябрьский;8;18;6/1;Новосибирск;7500000;Аврора;2;Красносельская ;51.7;Золотая Нива;https://novosibirsk.cian.ru/sale/flat/322193307/?mlSearchSessionGuid=5ccd199be5d7419b8fafb8ea055be6bb
flat;Альфа Дом;real_estate_agent;sale;Железнодорожный;4;9;14;Новосибирск;7500000;;2; Челюскинцев;48.0;Площадь Гарина-Михайловского;https://novosibirsk.cian.ru/sale/flat/326506555/?mlSearchSessionGuid=5ccd199be5d7419b8fafb8ea055be6bb
flat;Владис Центральное;real_estate_agent;sale;Дзержинский;9;26;122;Новосибирск;7550000;RedFox;2; Коминтерна;50.5;Золотая Нива;https://novosibirsk.cian.ru/sale/flat/326991747/?mlSearchSessionGuid=5ccd199be5d7419b8fafb8ea055be6bb
flat;PRO Недвижимость;real_estate_agent;sale;Железнодорожный;2;11;21;Новосибирск;7500000;;2;Владимировская ;60.0;Площадь Гарина-Михайловского;https://novosibirsk.cian.ru/sale/flat/326572615/?mlSearchSessionGuid=5ccd199be5d7419b8fafb8ea055be6bb
flat;Центр Недвижимости;real_estate_agent;sale;Советский;1;2;9;Новосибирск;7500000;;2;бульвар Молодежи;53.5;;https://novosibirsk.cian.ru/sale/flat/321403040/?mlSearchSessionGuid=5ccd199be5d7419b8fafb8ea055be6bb
flat;Владис Центральное;real_estate_agent;sale;Советский;7;10;1/1;Новосибирск;7500000;;2; Экваторная;53.0;Речной вокзал;https://novosibirsk.cian.ru/sale/flat/326516983/?mlSearchSessionGuid=5ccd199be5d7419b8fafb8ea055be6bb
flat;Владис Центральное;real_estate_agent;sale;Октябрьский;7;10;3;Новосибирск;7500000;;2; Федосеева;50.0;Золотая Нива;https://novosibirsk.cian.ru/sale/flat/326302554/?mlSearchSessionGuid=5ccd199be5d7419b8fafb8ea055be6bb
flat;Сибриэлт;real_estate_agent;sale;Советский;4;5;15;Новосибирск;7500000;;2; Иванова;44.0;;https://novosibirsk.cian.ru/sale/flat/313184751/?mlSearchSessionGuid=5ccd199be5d7419b8fafb8ea055be6bb
flat;Русский фонд Недвижимости;real_estate_agent;sale;Калининский;6;17;21/1;Новосибирск;7500000;Мкрн. Родники;2; Краузе;66.4;Заельцовская;https://novosibirsk.cian.ru/sale/flat/319323202/?mlSearchSessionGuid=5ccd199be5d7419b8fafb8ea055be6bb
flat;ФОРУМ;real_estate_agent;sale;Ленинский;9;11;3/1;Новосибирск;7500000;Чистая слобода;2;Спортивная ;55.8;Студенческая;https://novosibirsk.cian.ru/sale/flat/310655834/?mlSearchSessionGuid=5ccd199be5d7419b8fafb8ea055be6bb
flat;РиэлтПрофи;real_estate_agent;sale;Советский;1;10;33А;Новосибирск;7500000;;2; Иванова;51.0;;https://novosibirsk.cian.ru/sale/flat/319699166/?mlSearchSessionGuid=5ccd199be5d7419b8fafb8ea055be6bb
flat;АльянсРиэлт;real_estate_agent;sale;Октябрьский;13;17;31;Новосибирск;7500000;Никольский Парк;2; Гаранина;46.0;Золотая Нива;https://novosibirsk.cian.ru/sale/flat/325866995/?mlSearchSessionGuid=5ccd199be5d7419b8fafb8ea055be6bb
flat;Планета-А;real_estate_agent;sale;Кировский;4;5;12;Новосибирск;7500000;;2;Новогодняя ;42.0;Площадь Маркса;https://novosibirsk.cian.ru/sale/flat/325007919/?mlSearchSessionGuid=5ccd199be5d7419b8fafb8ea055be6bb
flat;Формула недвижимости;real_estate_agent;sale;Октябрьский;6;27;11;Новосибирск;7500000;Закаменский-11;2;Закаменский мкр;59.9;Золотая Нива;https://novosibirsk.cian.ru/sale/flat/316268147/?mlSearchSessionGuid=5ccd199be5d7419b8fafb8ea055be6bb
flat;ЖИЛФОНД;real_estate_agent;sale;Дзержинский;7;9;11;Новосибирск;7600000;;2; Кошурникова;45.5;Березовая Роща;https://novosibirsk.cian.ru/sale/flat/325583733/?mlSearchSessionGuid=5ccd199be5d7419b8fafb8ea055be6bb
flat;Сфера;real_estate_agent;sale;Октябрьский;16;16;5;Новосибирск;7600000;;2; Панфиловцев;66.8;Золотая Нива;https://novosibirsk.cian.ru/sale/flat/320217344/?mlSearchSessionGuid=5ccd199be5d7419b8fafb8ea055be6bb
flat;Квартирный портал;real_estate_agent;sale;Первомайский;15;18;2;Новосибирск;7624110;Флагман Холл;2; Заречная;56.7;Спортивная;https://novosibirsk.cian.ru/sale/flat/322332242/?mlSearchSessionGuid=5ccd199be5d7419b8fafb8ea055be6bb
flat;ЛЕГКО;real_estate_agent;sale;Заельцовский;6;8;6;Новосибирск;7600000;Русское солнце ЖК;2;;35.4;Заельцовская;https://novosibirsk.cian.ru/sale/flat/315190698/?mlSearchSessionGuid=5ccd199be5d7419b8fafb8ea055be6bb
flat;НСК-top;real_estate_agent;sale;Октябрьский;5;9;209;Новосибирск;7600000;;2; Бориса Богаткова;43.2;Золотая Нива;https://novosibirsk.cian.ru/sale/flat/326987139/?mlSearchSessionGuid=5ccd199be5d7419b8fafb8ea055be6bb
flat;Аванта;real_estate_agent;sale;Ленинский;9;17;69;Новосибирск;7635000;Радуга Сибири;2; Забалуева;65.75;Студенческая;https://novosibirsk.cian.ru/sale/flat/326308418/?mlSearchSessionGuid=5ccd199be5d7419b8fafb8ea055be6bb
flat;ЖИЛФОНД;real_estate_agent;sale;Железнодорожный;9;9;39;Новосибирск;7700000;;2;Сибирская ;46.7;Площадь Гарина-Михайловского;https://novosibirsk.cian.ru/sale/flat/321900812/?mlSearchSessionGuid=5ccd199be5d7419b8fafb8ea055be6bb
flat;Кабинет Риелторских Услуг;real_estate_agent;sale;Заельцовский;2;24;236;Новосибирск;7700000;Клубный комплекс ;2;Красный проспект;49.0;Заельцовская;https://novosibirsk.cian.ru/sale/flat/325453583/?mlSearchSessionGuid=5ccd199be5d7419b8fafb8ea055be6bb
flat;АЛЬФА-НЕДВИЖИМОСТЬ;real_estate_agent;sale;Ленинский;6;10;4;Новосибирск;7700000;;2;;57.2;Студенческая;https://novosibirsk.cian.ru/sale/flat/326107746/?mlSearchSessionGuid=5ccd199be5d7419b8fafb8ea055be6bb
flat;Родники;real_estate_agent;sale;Калининский;7;13;904;Новосибирск;7700000;Династия ЖК;2;;60.8;Заельцовская;https://novosibirsk.cian.ru/sale/flat/318884517/?mlSearchSessionGuid=5ccd199be5d7419b8fafb8ea055be6bb
flat;АкадемРеспект;real_estate_agent;sale;Советский;6;8;10/5;Новосибирск;7700000;На Приморской;2;Приморская ;70.5;Студенческая;https://novosibirsk.cian.ru/sale/flat/323374385/?mlSearchSessionGuid=5ccd199be5d7419b8fafb8ea055be6bb
flat;Ново-Николаевскъ;real_estate_agent;sale;Железнодорожный;5;11;21;Новосибирск;7700000;;2;Владимировская ;63.0;Площадь Гарина-Михайловского;https://novosibirsk.cian.ru/sale/flat/317546780/?mlSearchSessionGuid=5ccd199be5d7419b8fafb8ea055be6bb
flat;Ольга Касич;realtor;sale;Ленинский;4;11;47;Новосибирск;7700000;;2;;60.0;Студенческая;https://novosibirsk.cian.ru/sale/flat/325575635/?mlSearchSessionGuid=5ccd199be5d7419b8fafb8ea055be6bb
flat;ЖИЛФОНД;real_estate_agent;sale;Октябрьский;5;9;158/1;Новосибирск;7800000;;2;Выборная ;52.7;Речной вокзал;https://novosibirsk.cian.ru/sale/flat/327075416/?mlSearchSessionGuid=5ccd199be5d7419b8fafb8ea055be6bb
flat;ЖИЛФОНД;real_estate_agent;sale;Октябрьский;15;18;11/2;Новосибирск;7750000;Плющихинский;2; Виталия Потылицына;71.7;Золотая Нива;https://novosibirsk.cian.ru/sale/flat/322867439/?mlSearchSessionGuid=5ccd199be5d7419b8fafb8ea055be6bb
flat;ЖИЛФОНД;real_estate_agent;sale;Октябрьский;4;5;9;Новосибирск;7800000;;2;Зеленый Бор мкр;55.4;Речной вокзал;https://novosibirsk.cian.ru/sale/flat/326872193/?mlSearchSessionGuid=5ccd199be5d7419b8fafb8ea055be6bb
flat;ЖИЛФОНД;real_estate_agent;sale;Дзержинский;12;25;19;Новосибирск;7750000;Звезда;2; Королева;47.0;Березовая Роща;https://novosibirsk.cian.ru/sale/flat/326179875/?mlSearchSessionGuid=5ccd199be5d7419b8fafb8ea055be6bb
flat;ЖИЛФОНД;real_estate_agent;sale;Дзержинский;9;25;19;Новосибирск;7800000;Звезда;2; Королева;47.3;Березовая Роща;https://novosibirsk.cian.ru/sale/flat/326101908/?mlSearchSessionGuid=5ccd199be5d7419b8fafb8ea055be6bb
flat;ЖИЛФОНД;real_estate_agent;sale;Ленинский;2;6;8;Новосибирск;7800000;;2; Пархоменко;71.7;Площадь Маркса;https://novosibirsk.cian.ru/sale/flat/310346071/?mlSearchSessionGuid=5ccd199be5d7419b8fafb8ea055be6bb
flat;Сфера;real_estate_agent;sale;Ленинский;8;17;4;Новосибирск;7800000;Венеция;2; Ясный Берег;55.0;Площадь Ленина;https://novosibirsk.cian.ru/sale/flat/322586129/?mlSearchSessionGuid=5ccd199be5d7419b8fafb8ea055be6bb
flat;МакроМир;real_estate_agent;sale;Ленинский;9;25;3/1;Новосибирск;7800000;1-ый на Киевской;2; Забалуева;71.08;Площадь Маркса;https://novosibirsk.cian.ru/sale/flat/326264024/?mlSearchSessionGuid=5ccd199be5d7419b8fafb8ea055be6bb
flat;МосИпотека;real_estate_agent;sale;Ленинский;10;29;39;Новосибирск;7800000;Радуга;2;Волховская ;76.0;Площадь Маркса;https://novosibirsk.cian.ru/sale/flat/325869610/?mlSearchSessionGuid=5ccd199be5d7419b8fafb8ea055be6bb
flat;Квартирный портал;real_estate_agent;sale;Октябрьский;8;10;154;Новосибирск;7750000;Выборная-Рябиновая;2;Выборная ;70.0;Речной вокзал;https://novosibirsk.cian.ru/sale/flat/323101841/?mlSearchSessionGuid=5ccd199be5d7419b8fafb8ea055be6bb
flat;МакроМир;real_estate_agent;sale;Октябрьский;9;20;340;Новосибирск;7750000;BALANCE;2;Ленинградская ;49.7;Речной вокзал;https://novosibirsk.cian.ru/sale/flat/326983874/?mlSearchSessionGuid=5ccd199be5d7419b8fafb8ea055be6bb
flat;RИЕЛТ МАРКЕТ;real_estate_agent;sale;Октябрьский;8;10;3;Новосибирск;7799999;;2; Толстого;50.3;Октябрьская;https://novosibirsk.cian.ru/sale/flat/320497008/?mlSearchSessionGuid=5ccd199be5d7419b8fafb8ea055be6bb
flat;Квартирный портал;real_estate_agent;sale;Железнодорожный;16;24;6;Новосибирск;7800000;Беринг;2; Прибрежная;45.5;Площадь Гарина-Михайловского;https://novosibirsk.cian.ru/sale/flat/313387035/?mlSearchSessionGuid=5ccd199be5d7419b8fafb8ea055be6bb
flat;МакроМир;real_estate_agent;sale;Октябрьский;9;10;91/1;Новосибирск;7750000;;2;Выборная ;56.4;Речной вокзал;https://novosibirsk.cian.ru/sale/flat/325714990/?mlSearchSessionGuid=5ccd199be5d7419b8fafb8ea055be6bb
flat;ПРОЕКТ;real_estate_agent;sale;Первомайский;1;10;8;Новосибирск;7830000;;2; Марии Ульяновой;70.3;Речной вокзал;https://novosibirsk.cian.ru/sale/flat/326272257/?mlSearchSessionGuid=5ccd199be5d7419b8fafb8ea055be6bb
flat;Кабинет Риелторских Услуг;real_estate_agent;sale;Калининский;2;12;14;Новосибирск;7800000;Дежнёв;2; Имени генерал-майора А.Н. Рожкина;54.0;Заельцовская;https://novosibirsk.cian.ru/sale/flat/323318612/?mlSearchSessionGuid=5ccd199be5d7419b8fafb8ea055be6bb
flat;Нина Карпухина;realtor;sale;Первомайский;14;18;;Новосибирск;7800000;Парус;2; Марата;56.9;Речной вокзал;https://novosibirsk.cian.ru/sale/flat/324638286/?mlSearchSessionGuid=5ccd199be5d7419b8fafb8ea055be6bb
flat;Альфа Дом;real_estate_agent;sale;Ленинский;15;18;16/1;Новосибирск;7850000;Тихвинский Квартал;2; Станиславского;36.8;Площадь Маркса;https://novosibirsk.cian.ru/sale/flat/321744963/?mlSearchSessionGuid=5ccd199be5d7419b8fafb8ea055be6bb
flat;Роман Гебель;realtor;sale;Центральный;9;9;39;Новосибирск;7850000;;2; Гоголя;43.3;Маршала Покрышкина;https://novosibirsk.cian.ru/sale/flat/326754540/?mlSearchSessionGuid=5ccd199be5d7419b8fafb8ea055be6bb
flat;Елена Блинова;realtor;sale;Дзержинский;4;18;126;Новосибирск;7870000;RedFox;2; Коминтерна;56.1;Золотая Нива;https://novosibirsk.cian.ru/sale/flat/322894865/?mlSearchSessionGuid=5ccd199be5d7419b8fafb8ea055be6bb
flat;ЖИЛФОНД;real_estate_agent;sale;Октябрьский;1;10;154;Новосибирск;7900000;Выборная-Рябиновая;2;Выборная ;70.1;Речной вокзал;https://novosibirsk.cian.ru/sale/flat/324205167/?mlSearchSessionGuid=5ccd199be5d7419b8fafb8ea055be6bb
flat;ЖИЛФОНД;real_estate_agent;sale;Первомайский;10;10;232;Новосибирск;7900000;Весенний;2;Первомайская ;50.0;Речной вокзал;https://novosibirsk.cian.ru/sale/flat/323036899/?mlSearchSessionGuid=5ccd199be5d7419b8fafb8ea055be6bb
flat;ЖИЛФОНД;real_estate_agent;sale;Центральный;4;5;35;Новосибирск;7990000;;2; Романова;50.6;Площадь Ленина;https://novosibirsk.cian.ru/sale/flat/311121368/?mlSearchSessionGuid=5ccd199be5d7419b8fafb8ea055be6bb
flat;ЖИЛФОНД;real_estate_agent;sale;Дзержинский;6;25;23;Новосибирск;7990000;Золотая Нива;2; Кошурникова;36.6;Золотая Нива;https://novosibirsk.cian.ru/sale/flat/326539692/?mlSearchSessionGuid=5ccd199be5d7419b8fafb8ea055be6bb
flat;ЖИЛФОНД;real_estate_agent;sale;Ленинский;6;11;47;Новосибирск;7999000;;2;;62.6;Студенческая;https://novosibirsk.cian.ru/sale/flat/317247097/?mlSearchSessionGuid=5ccd199be5d7419b8fafb8ea055be6bb
flat;ЖИЛФОНД;real_estate_agent;sale;Ленинский;3;10;54;Новосибирск;7900000;;2;;52.9;Студенческая;https://novosibirsk.cian.ru/sale/flat/325168478/?mlSearchSessionGuid=5ccd199be5d7419b8fafb8ea055be6bb
flat;МакроМир;real_estate_agent;sale;Калининский;3;17;307;Новосибирск;7900000;Мкрн. Родники;2;Красный проспект;60.2;Заельцовская;https://novosibirsk.cian.ru/sale/flat/326740668/?mlSearchSessionGuid=5ccd199be5d7419b8fafb8ea055be6bb
flat;ПРОЕКТ;real_estate_agent;sale;Ленинский;11;18;5/1;Новосибирск;7900000;;2;Геодезическая ;42.0;Студенческая;https://novosibirsk.cian.ru/sale/flat/315650865/?mlSearchSessionGuid=5ccd199be5d7419b8fafb8ea055be6bb
flat;ПАЛИТРА;real_estate_agent;sale;Октябрьский;3;23;53;Новосибирск;7900000;Комета-Октябрьский;2;2-я Воинская ;57.3;Золотая Нива;https://novosibirsk.cian.ru/sale/flat/323141459/?mlSearchSessionGuid=5ccd199be5d7419b8fafb8ea055be6bb
flat;Домой;real_estate_agent;sale;Советский;4;4;15;Новосибирск;7900000;;2; Академическая;46.0;;https://novosibirsk.cian.ru/sale/flat/319129548/?mlSearchSessionGuid=5ccd199be5d7419b8fafb8ea055be6bb
flat;ЕВРОДОМ;real_estate_agent;sale;Октябрьский;14;18;6/1;Новосибирск;7950000;Аврора;2;Красносельская ;51.9;Золотая Нива;https://novosibirsk.cian.ru/sale/flat/325076658/?mlSearchSessionGuid=5ccd199be5d7419b8fafb8ea055be6bb
flat;АльянсРиэлт;real_estate_agent;sale;Кировский;8;18;18;Новосибирск;7900000;Акварельный 2.0;2; Александра Чистякова;57.2;Студенческая;https://novosibirsk.cian.ru/sale/flat/326736901/?mlSearchSessionGuid=5ccd199be5d7419b8fafb8ea055be6bb
flat;Квартирный портал;real_estate_agent;sale;Заельцовский;11;17;49/1;Новосибирск;7950000;Нормандия-Неман;2; Аэропорт;44.1;Заельцовская;https://novosibirsk.cian.ru/sale/flat/325115234/?mlSearchSessionGuid=5ccd199be5d7419b8fafb8ea055be6bb
flat;Золотой ключ Плюс;real_estate_agent;sale;Первомайский;15;18;21;Новосибирск;7900000;На Героев Революции;2; Героев Революции;57.0;Речной вокзал;https://novosibirsk.cian.ru/sale/flat/325976693/?mlSearchSessionGuid=5ccd199be5d7419b8fafb8ea055be6bb
flat;Формула недвижимости;real_estate_agent;sale;Октябрьский;5;27;11;Новосибирск;7900000;Закаменский-11;2;Закаменский мкр;67.5;Золотая Нива;https://novosibirsk.cian.ru/sale/flat/316262444/?mlSearchSessionGuid=5ccd199be5d7419b8fafb8ea055be6bb
flat;ID 33887926;realtor;sale;Октябрьский;2;15;51;Новосибирск;7900000;;2; В. Высоцкого;60.0;;https://novosibirsk.cian.ru/sale/flat/326179993/?mlSearchSessionGuid=5ccd199be5d7419b8fafb8ea055be6bb
flat;ЖИЛФОНД;real_estate_agent;sale;Центральный;1;10;50;Новосибирск;8000000;;2; Селезнева;50.2;Березовая Роща;https://novosibirsk.cian.ru/sale/flat/323699786/?mlSearchSessionGuid=5ccd199be5d7419b8fafb8ea055be6bb
flat;ЖИЛФОНД;real_estate_agent;sale;Центральный;2;10;44;Новосибирск;8000000;;2;Каменская ;45.6;Площадь Ленина;https://novosibirsk.cian.ru/sale/flat/323885033/?mlSearchSessionGuid=5ccd199be5d7419b8fafb8ea055be6bb
flat;ЖИЛФОНД;real_estate_agent;sale;Октябрьский;7;9;271/2;Новосибирск;8000000;;2;Пролетарская ;62.4;Речной вокзал;https://novosibirsk.cian.ru/sale/flat/324743382/?mlSearchSessionGuid=5ccd199be5d7419b8fafb8ea055be6bb
flat;Владис Центральное;real_estate_agent;sale;Октябрьский;4;17;322;Новосибирск;8000000;Революция;2; Кирова;52.5;Речной вокзал;https://novosibirsk.cian.ru/sale/flat/327071876/?mlSearchSessionGuid=5ccd199be5d7419b8fafb8ea055be6bb
flat;МакроМир;real_estate_agent;sale;Октябрьский;19;25;27;Новосибирск;8000000;Оазис;2; Лескова;39.2;Октябрьская;https://novosibirsk.cian.ru/sale/flat/327067620/?mlSearchSessionGuid=5ccd199be5d7419b8fafb8ea055be6bb
flat;Н.сервис;real_estate_agent;sale;Октябрьский;10;12;42;Новосибирск;8000000;;2;Гурьевская ;48.0;Октябрьская;https://novosibirsk.cian.ru/sale/flat/326717352/?mlSearchSessionGuid=5ccd199be5d7419b8fafb8ea055be6bb
flat;METRAGE;real_estate_agent;sale;Ленинский;11;14;104;Новосибирск;8000000;;2; Пархоменко;73.3;Площадь Маркса;https://novosibirsk.cian.ru/sale/flat/325247723/?mlSearchSessionGuid=5ccd199be5d7419b8fafb8ea055be6bb
flat;Кабинет Риелторских Услуг;real_estate_agent;sale;Дзержинский;3;14;118;Новосибирск;8000000;RedFox;2; Коминтерна;56.0;Золотая Нива;https://novosibirsk.cian.ru/sale/flat/326691579/?mlSearchSessionGuid=5ccd199be5d7419b8fafb8ea055be6bb
flat;НОВО-НИКОЛАЕВСКЪ-НСК;real_estate_agent;sale;Ленинский;9;18;125;Новосибирск;8000000;;2;Широкая ;66.5;Площадь Маркса;https://novosibirsk.cian.ru/sale/flat/325431714/?mlSearchSessionGuid=5ccd199be5d7419b8fafb8ea055be6bb
flat;Александр Пуров;realtor;sale;Ленинский;5;19;12;Новосибирск;8000000;Город у воды Ясный Берег;2; Ясный Берег;49.0;;https://novosibirsk.cian.ru/sale/flat/326544475/?mlSearchSessionGuid=5ccd199be5d7419b8fafb8ea055be6bb
flat;ЖИЛФОНД;real_estate_agent;sale;Ленинский;6;15;16/1;Новосибирск;8100000;на ул. Немировича-Данченко;2; Немировича-Данченко;64.7;Площадь Маркса;https://novosibirsk.cian.ru/sale/flat/320043392/?mlSearchSessionGuid=5ccd199be5d7419b8fafb8ea055be6bb
flat;Сфера;real_estate_agent;sale;Октябрьский;16;27;13;Новосибирск;8120000;Закаменский-13;2;Закаменский мкр;68.0;Березовая Роща;https://novosibirsk.cian.ru/sale/flat/326040894/?mlSearchSessionGuid=5ccd199be5d7419b8fafb8ea055be6bb
flat;МакроМир;real_estate_agent;sale;Заельцовский;2;6;150;Новосибирск;8100000;;2;1-е Мочищенское шоссе;81.1;Заельцовская;https://novosibirsk.cian.ru/sale/flat/326429009/?mlSearchSessionGuid=5ccd199be5d7419b8fafb8ea055be6bb
flat;Мой метр;real_estate_agent;sale;Заельцовский;3;10;39;Новосибирск;8100000;;2;Ельцовская ;57.6;Гагаринская;https://novosibirsk.cian.ru/sale/flat/322661340/?mlSearchSessionGuid=5ccd199be5d7419b8fafb8ea055be6bb
flat;МакроМир;real_estate_agent;sale;Кировский;3;17;53/10;Новосибирск;8100000;Квартал Цветной Бульвар;2; Сибиряков-Гвардейцев;57.1;Площадь Маркса;https://novosibirsk.cian.ru/sale/flat/323560440/?mlSearchSessionGuid=5ccd199be5d7419b8fafb8ea055be6bb
flat;Квартирный портал;real_estate_agent;sale;Первомайский;2;18;2;Новосибирск;8119700;Флагман Холл;2; Заречная;57.0;Спортивная;https://novosibirsk.cian.ru/sale/flat/312568493/?mlSearchSessionGuid=5ccd199be5d7419b8fafb8ea055be6bb
flat;Кабинет Риелторских Услуг;real_estate_agent;sale;Заельцовский;14;19;49/1;Новосибирск;8100000;Нормандия-Неман;2; Аэропорт;50.6;Заельцовская;https://novosibirsk.cian.ru/sale/flat/318276472/?mlSearchSessionGuid=5ccd199be5d7419b8fafb8ea055be6bb
flat;ID 13351425;realtor;sale;Заельцовский;4;5;4;Новосибирск;8088000;;2;Ельцовская ;52.0;Площадь Гарина-Михайловского;https://novosibirsk.cian.ru/sale/flat/325018521/?mlSearchSessionGuid=5ccd199be5d7419b8fafb8ea055be6bb
flat;ЖИЛФОНД;real_estate_agent;sale;Заельцовский;5;28;109/2;Новосибирск;8200000;Страна Береговая;2;Сухарная ;36.29;Площадь Гарина-Михайловского;https://novosibirsk.cian.ru/sale/flat/326582768/?mlSearchSessionGuid=5ccd199be5d7419b8fafb8ea055be6bb
flat;ЖИЛФОНД;real_estate_agent;sale;Заельцовский;8;25;385;Новосибирск;8162000;Расцветай на Дуси Ковальчук;2; Дуси Ковальчук;42.29;Заельцовская;https://novosibirsk.cian.ru/sale/flat/324390508/?mlSearchSessionGuid=5ccd199be5d7419b8fafb8ea055be6bb
flat;ЖИЛФОНД;real_estate_agent;sale;Ленинский;1;17;75;Новосибирск;8200000;;2;;61.5;Студенческая;https://novosibirsk.cian.ru/sale/flat/326647066/?mlSearchSessionGuid=5ccd199be5d7419b8fafb8ea055be6bb
flat;ЖИЛФОНД;real_estate_agent;sale;Калининский;5;16;17;Новосибирск;8200000;Столетоff;2; Столетова;53.4;Заельцовская;https://novosibirsk.cian.ru/sale/flat/326715614/?mlSearchSessionGuid=5ccd199be5d7419b8fafb8ea055be6bb
flat;РЕГИОНАЛЬНЫЙ ЦЕНТР НЕДВИЖИМОСТИ;real_estate_agent;sale;Дзержинский;6;20;3;Новосибирск;8180000;На Королева;2; Королева;43.7;Золотая Нива;https://novosibirsk.cian.ru/sale/flat/325991170/?mlSearchSessionGuid=5ccd199be5d7419b8fafb8ea055be6bb
flat;ГОРОДА;real_estate_agent;sale;Кировский;12;25;3;Новосибирск;8200000;На Коротаева;2; Сержанта Коротаева;56.3;Площадь Маркса;https://novosibirsk.cian.ru/sale/flat/326435841/?mlSearchSessionGuid=5ccd199be5d7419b8fafb8ea055be6bb
flat;НОВО-НИКОЛАЕВСКЪ-НСК;real_estate_agent;sale;Дзержинский;2;17;9/2;Новосибирск;8200000;;2; Адриена Лежена;50.0;Золотая Нива;https://novosibirsk.cian.ru/sale/flat/321025935/?mlSearchSessionGuid=5ccd199be5d7419b8fafb8ea055be6bb
flat;Меркурий;real_estate_agent;sale;Железнодорожный;2;9;3;Новосибирск;8200000;;2; Вокзальная магистраль;39.2;Площадь Гарина-Михайловского;https://novosibirsk.cian.ru/sale/flat/326720846/?mlSearchSessionGuid=5ccd199be5d7419b8fafb8ea055be6bb
flat;Альфа Дом;real_estate_agent;sale;Калининский;3;12;14;Новосибирск;8200000;Дежнёв;2; Имени генерал-майора А.Н. Рожкина;53.2;Заельцовская;https://novosibirsk.cian.ru/sale/flat/326720943/?mlSearchSessionGuid=5ccd199be5d7419b8fafb8ea055be6bb
flat;САМОЛЕТ ПЛЮС;real_estate_agent;sale;Октябрьский;13;19;6/1;Новосибирск;8200000;Аврора;2;Красносельская ;56.5;Золотая Нива;https://novosibirsk.cian.ru/sale/flat/326094936/?mlSearchSessionGuid=5ccd199be5d7419b8fafb8ea055be6bb
flat;Строительное управление Западное;real_estate_agent;sale;Кировский;14;18;30;Новосибирск;8200000;Золотая роща;2;Пригородная ;67.7;Студенческая;https://novosibirsk.cian.ru/sale/flat/303709973/?mlSearchSessionGuid=5ccd199be5d7419b8fafb8ea055be6bb
flat;ЖИЛФОНД;real_estate_agent;sale;Заельцовский;3;13;71/2;Новосибирск;8250000;Начало мая;2; Лобачевского;57.2;Заельцовская;https://novosibirsk.cian.ru/sale/flat/326724478/?mlSearchSessionGuid=5ccd199be5d7419b8fafb8ea055be6bb
flat;МакроМир;real_estate_agent;sale;Кировский;2;16;160;Новосибирск;8250000;Тулинка;2; Петухова;60.0;Студенческая;https://novosibirsk.cian.ru/sale/flat/326252606/?mlSearchSessionGuid=5ccd199be5d7419b8fafb8ea055be6bb
flat;Коммерческий Брокеридж;real_estate_agent;sale;Октябрьский;11;26;32/1;Новосибирск;8297000;Расцветай на Обской;2;Большевистская ;70.8;Речной вокзал;https://novosibirsk.cian.ru/sale/flat/326025703/?mlSearchSessionGuid=5ccd199be5d7419b8fafb8ea055be6bb
flat;Всем Квартиру;real_estate_agent;sale;Октябрьский;19;25;13;Новосибирск;8250000;Закаменский-13;2;Закаменский мкр;61.5;Березовая Роща;https://novosibirsk.cian.ru/sale/flat/326993525/?mlSearchSessionGuid=5ccd199be5d7419b8fafb8ea055be6bb
flat;Оксана Шефер;realtor;sale;Заельцовский;23;25;25/1;Новосибирск;8250000;;2;Красногорская ;43.0;;https://novosibirsk.cian.ru/sale/flat/326575247/?mlSearchSessionGuid=5ccd199be5d7419b8fafb8ea055be6bb
flat;D54 ESTATE;real_estate_agent;sale;Советский;7;8;21;Новосибирск;8250000;ЭРНЕСТ;2;бульвар Молодежи;42.4;;https://novosibirsk.cian.ru/sale/flat/322436802/?mlSearchSessionGuid=5ccd199be5d7419b8fafb8ea055be6bb
flat;Дельта;real_estate_agent;sale;Советский;2;9;12/1;Новосибирск;8300000;;2; Демакова;53.3;;https://novosibirsk.cian.ru/sale/flat/326054423/?mlSearchSessionGuid=5ccd199be5d7419b8fafb8ea055be6bb
flat;ЖИЛФОНД;real_estate_agent;sale;Заельцовский;3;24;15;Новосибирск;8300000;на Галущака;2; Галущака;63.1;Гагаринская;https://novosibirsk.cian.ru/sale/flat/310398024/?mlSearchSessionGuid=5ccd199be5d7419b8fafb8ea055be6bb
flat;ЖИЛФОНД;real_estate_agent;sale;Первомайский;2;19;7;Новосибирск;8300000;Весенний;2; Заречная;65.3;Спортивная;https://novosibirsk.cian.ru/sale/flat/323036900/?mlSearchSessionGuid=5ccd199be5d7419b8fafb8ea055be6bb
flat;ЖИЛФОНД;real_estate_agent;sale;Калининский;13;17;4/1;Новосибирск;8350000;Мкрн. Родники;2; Мясниковой;60.5;Заельцовская;https://novosibirsk.cian.ru/sale/flat/326172374/?mlSearchSessionGuid=5ccd199be5d7419b8fafb8ea055be6bb
flat;Калининское;real_estate_agent;sale;Калининский;12;16;311;Новосибирск;8300000;Северная Корона;2;Красный проспект;56.4;Заельцовская;https://novosibirsk.cian.ru/sale/flat/327055563/?mlSearchSessionGuid=5ccd199be5d7419b8fafb8ea055be6bb
flat;ЖИЛФОНД;real_estate_agent;sale;Калининский;6;17;15;Новосибирск;8300000;;2; Олеко Дундича;52.3;Березовая Роща;https://novosibirsk.cian.ru/sale/flat/319902581/?mlSearchSessionGuid=5ccd199be5d7419b8fafb8ea055be6bb
flat;ЕВРОДОМ;real_estate_agent;sale;Дзержинский;5;12;8/2;Новосибирск;8300000;;2; Есенина;51.5;Золотая Нива;https://novosibirsk.cian.ru/sale/flat/327038354/?mlSearchSessionGuid=5ccd199be5d7419b8fafb8ea055be6bb
flat;Люди;real_estate_agent;sale;Октябрьский;27;28;3;Новосибирск;8300000;Ваш выбор;2;Вилюйская ;69.0;Речной вокзал;https://novosibirsk.cian.ru/sale/flat/318970552/?mlSearchSessionGuid=5ccd199be5d7419b8fafb8ea055be6bb
flat;Ключи;real_estate_agent;sale;Октябрьский;8;11;125/1;Новосибирск;8300000;;2;Выборная ;57.4;Речной вокзал;https://novosibirsk.cian.ru/sale/flat/325144089/?mlSearchSessionGuid=5ccd199be5d7419b8fafb8ea055be6bb
flat;Квартирный портал;real_estate_agent;sale;Заельцовский;23;25;52/2;Новосибирск;8300000;Чкалов;2;Светлановская ;61.3;Заельцовская;https://novosibirsk.cian.ru/sale/flat/326416587/?mlSearchSessionGuid=5ccd199be5d7419b8fafb8ea055be6bb
flat;Владис Центральное;real_estate_agent;sale;Центральный;10;14;85;Новосибирск;8300000;;-1; Максима Горького;88.0;Площадь Ленина;https://novosibirsk.cian.ru/sale/flat/319769661/?mlSearchSessionGuid=5ccd199be5d7419b8fafb8ea055be6bb
flat;СТАН;real_estate_agent;sale;Кировский;9;18;273;Новосибирск;8300000;Зоркий;2; Зорге;58.0;Площадь Маркса;https://novosibirsk.cian.ru/sale/flat/308537421/?mlSearchSessionGuid=5ccd199be5d7419b8fafb8ea055be6bb
flat;Поиск Метров;real_estate_agent;sale;Калининский;11;11;37;Новосибирск;8400000;Тайгинский парк;2;Тайгинская ;66.6;Заельцовская;https://novosibirsk.cian.ru/sale/flat/292765572/?mlSearchSessionGuid=5ccd199be5d7419b8fafb8ea055be6bb
flat;ЖИЛФОНД;real_estate_agent;sale;Октябрьский;17;25;113/2;Новосибирск;8400000;IQ Aparts;2; Кирова;46.1;Октябрьская;https://novosibirsk.cian.ru/sale/flat/324647589/?mlSearchSessionGuid=5ccd199be5d7419b8fafb8ea055be6bb
flat;ЖИЛФОНД;real_estate_agent;sale;Ленинский;2;6;40;Новосибирск;8450000;;2;Вертковская ;71.1;Площадь Маркса;https://novosibirsk.cian.ru/sale/flat/326065541/?mlSearchSessionGuid=5ccd199be5d7419b8fafb8ea055be6bb
flat;Сибирь Ипотека;real_estate_agent;sale;Калининский;11;17;17;Новосибирск;8400000;Мкрн. Родники;2; Краузе;60.0;Заельцовская;https://novosibirsk.cian.ru/sale/flat/324479283/?mlSearchSessionGuid=5ccd199be5d7419b8fafb8ea055be6bb
flat;Новая Эра;real_estate_agent;sale;Центральный;4;5;16;Новосибирск;8450000;;2;Ядринцевская ;52.0;Площадь Ленина;https://novosibirsk.cian.ru/sale/flat/320784763/?mlSearchSessionGuid=5ccd199be5d7419b8fafb8ea055be6bb
flat;Столица Сибири;real_estate_agent;sale;Октябрьский;11;25;32/1;Новосибирск;8499000;Расцветай на Обской;2;Большевистская ;71.0;Речной вокзал;https://novosibirsk.cian.ru/sale/flat/321344286/?mlSearchSessionGuid=5ccd199be5d7419b8fafb8ea055be6bb
flat;ФОРУМ;real_estate_agent;sale;Заельцовский;24;29;105/1;Новосибирск;8498000;Бирюзовая жемчужина-2;2;Сухарная ;58.5;Площадь Гарина-Михайловского;https://novosibirsk.cian.ru/sale/flat/316461603/?mlSearchSessionGuid=5ccd199be5d7419b8fafb8ea055be6bb
flat;ЖИЛФОНД;real_estate_agent;sale;Дзержинский;14;17;195/2;Новосибирск;8500000;Галактика;2; Николая Островского;39.6;Березовая Роща;https://novosibirsk.cian.ru/sale/flat/321203001/?mlSearchSessionGuid=5ccd199be5d7419b8fafb8ea055be6bb
flat;ЖИЛФОНД;real_estate_agent;sale;Первомайский;8;14;66;Новосибирск;8500000;;2; Героев Революции;72.0;Спортивная;https://novosibirsk.cian.ru/sale/flat/324937572/?mlSearchSessionGuid=5ccd199be5d7419b8fafb8ea055be6bb
flat;ЖИЛФОНД;real_estate_agent;sale;Железнодорожный;7;20;65;Новосибирск;8500000;Чернышевский;2;Фабричная ;34.6;Площадь Гарина-Михайловского;https://novosibirsk.cian.ru/sale/flat/325337287/?mlSearchSessionGuid=5ccd199be5d7419b8fafb8ea055be6bb
flat;МакроМир;real_estate_agent;sale;Калининский;5;15;37;Новосибирск;8500000;Тайгинский парк;2;Тайгинская ;65.0;Заельцовская;https://novosibirsk.cian.ru/sale/flat/322341330/?mlSearchSessionGuid=5ccd199be5d7419b8fafb8ea055be6bb
flat;Марина Прилуцких;realtor;sale;Октябрьский;9;15;17;Новосибирск;8500000;Гринвилл;2;Вилюйская ;67.5;Речной вокзал;https://novosibirsk.cian.ru/sale/flat/322581010/?mlSearchSessionGuid=5ccd199be5d7419b8fafb8ea055be6bb
flat;Rialtor Group;real_estate_agent;sale;Октябрьский;10;18;6/1;Новосибирск;8500000;Аврора;2;Красносельская ;56.7;Золотая Нива;https://novosibirsk.cian.ru/sale/flat/325855284/?mlSearchSessionGuid=5ccd199be5d7419b8fafb8ea055be6bb
flat;Екатерина Акименко;realtor;sale;Центральный;3;5;56;Новосибирск;8500000;;2;Красный проспект;64.0;Красный Проспект;https://novosibirsk.cian.ru/sale/flat/326894620/?mlSearchSessionGuid=5ccd199be5d7419b8fafb8ea055be6bb
flat;Владис Центральное;real_estate_agent;sale;Октябрьский;1;10;126;Новосибирск;8500000;мкр. Европейский Берег;2;Большевистская ;54.0;Речной вокзал;https://novosibirsk.cian.ru/sale/flat/326812463/?mlSearchSessionGuid=5ccd199be5d7419b8fafb8ea055be6bb
flat;Ново-Николаевскъ;real_estate_agent;sale;Ленинский;14;14;21;Новосибирск;8500000;Дом по ул. Троллейная, 21;2;Троллейная ;67.5;Площадь Маркса;https://novosibirsk.cian.ru/sale/flat/326724957/?mlSearchSessionGuid=5ccd199be5d7419b8fafb8ea055be6bb
flat;PRO Недвижимость;real_estate_agent;sale;Заельцовский;4;24;244;Новосибирск;8500000;Покровский;2; Дуси Ковальчук;77.4;Заельцовская;https://novosibirsk.cian.ru/sale/flat/320618457/?mlSearchSessionGuid=5ccd199be5d7419b8fafb8ea055be6bb
flat;Агент Pro;real_estate_agent;sale;Кировский;6;16;2/2;Новосибирск;8500000;;2; Гэсстроевская;63.4;Площадь Маркса;https://novosibirsk.cian.ru/sale/flat/323001805/?mlSearchSessionGuid=5ccd199be5d7419b8fafb8ea055be6bb
flat;Ключи;real_estate_agent;sale;Советский;3;8;10/5;Новосибирск;8500000;На Приморской;2;Приморская ;72.09;Студенческая;https://novosibirsk.cian.ru/sale/flat/322693677/?mlSearchSessionGuid=5ccd199be5d7419b8fafb8ea055be6bb
flat;МакроМир;real_estate_agent;sale;Октябрьский;5;15;17;Новосибирск;8500000;Гринвилл;2;Вилюйская ;67.6;Речной вокзал;https://novosibirsk.cian.ru/sale/flat/326529524/?mlSearchSessionGuid=5ccd199be5d7419b8fafb8ea055be6bb
flat;Юрстатус;real_estate_agent;sale;Центральный;2;5;3;Новосибирск;8500000;;2; Мичурина;44.7;Площадь Ленина;https://novosibirsk.cian.ru/sale/flat/323180528/?mlSearchSessionGuid=5ccd199be5d7419b8fafb8ea055be6bb
flat;Статус;real_estate_agent;sale;Дзержинский;6;30;220;Новосибирск;8500000;GRANDO;2; Фрунзе;49.2;Березовая Роща;https://novosibirsk.cian.ru/sale/flat/316995926/?mlSearchSessionGuid=5ccd199be5d7419b8fafb8ea055be6bb
flat;ЖИЛФОНД;real_estate_agent;sale;Центральный;2;10;58;Новосибирск;8600000;;2;Депутатская ;52.1;Площадь Ленина;https://novosibirsk.cian.ru/sale/flat/307191002/?mlSearchSessionGuid=5ccd199be5d7419b8fafb8ea055be6bb
flat;Сфера;real_estate_agent;sale;Октябрьский;7;15;69;Новосибирск;8550000;Smart Park;2;Воинская ;63.0;Золотая Нива;https://novosibirsk.cian.ru/sale/flat/322805042/?mlSearchSessionGuid=5ccd199be5d7419b8fafb8ea055be6bb
flat;Инна Владимировна;realtor;sale;Дзержинский;12;21;12/1;Новосибирск;8550000;Изумрудный город;2; Есенина;59.9;Золотая Нива;https://novosibirsk.cian.ru/sale/flat/324513355/?mlSearchSessionGuid=5ccd199be5d7419b8fafb8ea055be6bb
flat;DOMaSTROY;real_estate_agent;sale;Октябрьский;13;16;53;Новосибирск;8550000;;2; В. Высоцкого;60.9;Золотая Нива;https://novosibirsk.cian.ru/sale/flat/322070512/?mlSearchSessionGuid=5ccd199be5d7419b8fafb8ea055be6bb
flat;ПРОЕКТ;real_estate_agent;sale;Первомайский;2;12;17;Новосибирск;8600000;Весенний;2; Заречная;62.8;Речной вокзал;https://novosibirsk.cian.ru/sale/flat/312558529/?mlSearchSessionGuid=5ccd199be5d7419b8fafb8ea055be6bb
flat;Мария Платонова;realtor;sale;Калининский;18;24;28;Новосибирск;8600000;Мкрн. Родники;2; Тюленина;69.1;Заельцовская;https://novosibirsk.cian.ru/sale/flat/325672717/?mlSearchSessionGuid=5ccd199be5d7419b8fafb8ea055be6bb
flat;ЖИЛФОНД;real_estate_agent;sale;Дзержинский;5;5;1А;Новосибирск;8700000;;2;проспект Дзержинского;55.0;Березовая Роща;https://novosibirsk.cian.ru/sale/flat/326616296/?mlSearchSessionGuid=5ccd199be5d7419b8fafb8ea055be6bb
flat;ЖИЛФОНД;real_estate_agent;sale;Октябрьский;8;12;51;Новосибирск;8700000;;2; В. Высоцкого;65.8;Золотая Нива;https://novosibirsk.cian.ru/sale/flat/326420283/?mlSearchSessionGuid=5ccd199be5d7419b8fafb8ea055be6bb
flat;ЖИЛФОНД;real_estate_agent;sale;Калининский;3;10;323/6;Новосибирск;8699000;Онега;2;Красный проспект;49.4;Заельцовская;https://novosibirsk.cian.ru/sale/flat/324847989/?mlSearchSessionGuid=5ccd199be5d7419b8fafb8ea055be6bb
flat;ЖИЛФОНД;real_estate_agent;sale;Заельцовский;12;21;238;Новосибирск;8700000;Ельцовский;2; Дуси Ковальчук;67.7;Заельцовская;https://novosibirsk.cian.ru/sale/flat/320887922/?mlSearchSessionGuid=5ccd199be5d7419b8fafb8ea055be6bb
flat;ЖИЛФОНД;real_estate_agent;sale;Центральный;5;10;58;Новосибирск;8700000;;2;Депутатская ;54.0;Площадь Ленина;https://novosibirsk.cian.ru/sale/flat/320019835/?mlSearchSessionGuid=5ccd199be5d7419b8fafb8ea055be6bb
flat;Люди;real_estate_agent;sale;Ленинский;4;18;8;Новосибирск;8700000;;2;;57.8;Студенческая;https://novosibirsk.cian.ru/sale/flat/302194563/?mlSearchSessionGuid=5ccd199be5d7419b8fafb8ea055be6bb
flat;Ключи;real_estate_agent;sale;Октябрьский;14;17;18;Новосибирск;8700000;;2;Военная ;62.7;Октябрьская;https://novosibirsk.cian.ru/sale/flat/315390186/?mlSearchSessionGuid=5ccd199be5d7419b8fafb8ea055be6bb
flat;ЖИЛФОНД;real_estate_agent;sale;Заельцовский;24;25;3/1;Новосибирск;8799000;LEO;2;Кавалерийская ;45.0;Заельцовская;https://novosibirsk.cian.ru/sale/flat/326761460/?mlSearchSessionGuid=5ccd199be5d7419b8fafb8ea055be6bb
flat;Новактив;real_estate_agent;sale;Кировский;11;17;80;Новосибирск;8750000;Тульский;2;Тульская ;67.0;Студенческая;https://novosibirsk.cian.ru/sale/flat/323827581/?mlSearchSessionGuid=5ccd199be5d7419b8fafb8ea055be6bb
flat;ДОКТОР КЛЮЧ;real_estate_agent;sale;Калининский;4;6;33/1;Новосибирск;8750000;;2; Богдана Хмельницкого;56.0;Заельцовская;https://novosibirsk.cian.ru/sale/flat/315696462/?mlSearchSessionGuid=5ccd199be5d7419b8fafb8ea055be6bb
flat;Самолет Плюс Центр;real_estate_agent;sale;Центральный;9;10;58;Новосибирск;8800000;;2;Депутатская ;53.1;Площадь Ленина;https://novosibirsk.cian.ru/sale/flat/326171387/?mlSearchSessionGuid=5ccd199be5d7419b8fafb8ea055be6bb
flat;ЖИЛФОНД;real_estate_agent;sale;Заельцовский;10;18;88;Новосибирск;8800000;Авиатор;2; Аэропорт;67.1;Заельцовская;https://novosibirsk.cian.ru/sale/flat/326055818/?mlSearchSessionGuid=5ccd199be5d7419b8fafb8ea055be6bb
flat;ЖИЛФОНД;real_estate_agent;sale;Заельцовский;19;19;23/5;Новосибирск;8800000;;2;Дачная ;43.5;Заельцовская;https://novosibirsk.cian.ru/sale/flat/315312549/?mlSearchSessionGuid=5ccd199be5d7419b8fafb8ea055be6bb
flat;Домолегион;real_estate_agent;sale;Первомайский;6;10;70;Новосибирск;8800000;;2; Героев Революции;62.0;Речной вокзал;https://novosibirsk.cian.ru/sale/flat/325563356/?mlSearchSessionGuid=5ccd199be5d7419b8fafb8ea055be6bb
flat;ЛЕГКО;real_estate_agent;sale;Октябрьский;2;29;51;Новосибирск;8890000;Тихомиров;2;Военная ;64.0;Октябрьская;https://novosibirsk.cian.ru/sale/flat/318165731/?mlSearchSessionGuid=5ccd199be5d7419b8fafb8ea055be6bb
flat;Домофонд;real_estate_agent;sale;Кировский;5;5;9;Новосибирск;8800000;;2; Сибиряков-Гвардейцев;54.4;Площадь Маркса;https://novosibirsk.cian.ru/sale/flat/325252747/?mlSearchSessionGuid=5ccd199be5d7419b8fafb8ea055be6bb
flat;Владис Центральное;real_estate_agent;sale;Центральный;8;10;61;Новосибирск;8800000;;2; Ломоносова;67.8;Маршала Покрышкина;https://novosibirsk.cian.ru/sale/flat/313451824/?mlSearchSessionGuid=5ccd199be5d7419b8fafb8ea055be6bb
flat;Роман Карнюшин;realtor;sale;Заельцовский;5;10;113/5;Новосибирск;8800000;Эскимо;2;Кубовая ;53.9;Заельцовская;https://novosibirsk.cian.ru/sale/flat/326146073/?mlSearchSessionGuid=5ccd199be5d7419b8fafb8ea055be6bb
flat;ЖИЛФОНД;real_estate_agent;sale;Октябрьский;15;15;276;Новосибирск;8900000;Smart Avenue;2; Кирова;57.1;Речной вокзал;https://novosibirsk.cian.ru/sale/flat/325152120/?mlSearchSessionGuid=5ccd199be5d7419b8fafb8ea055be6bb
flat;ЖИЛФОНД;real_estate_agent;sale;Октябрьский;14;25;15;Новосибирск;8900000;;2;Закаменский мкр;59.4;Березовая Роща;https://novosibirsk.cian.ru/sale/flat/327093342/?mlSearchSessionGuid=5ccd199be5d7419b8fafb8ea055be6bb
flat;ЖИЛФОНД;real_estate_agent;sale;Дзержинский;10;17;195;Новосибирск;8900000;Галактика;2; Николая Островского;58.0;Березовая Роща;https://novosibirsk.cian.ru/sale/flat/323802748/?mlSearchSessionGuid=5ccd199be5d7419b8fafb8ea055be6bb
flat;ЖИЛФОНД;real_estate_agent;sale;Железнодорожный;8;15;65;Новосибирск;8990000;Чернышевский;2;Фабричная ;41.1;Площадь Гарина-Михайловского;https://novosibirsk.cian.ru/sale/flat/324257172/?mlSearchSessionGuid=5ccd199be5d7419b8fafb8ea055be6bb
flat;ЖИЛФОНД;real_estate_agent;sale;Ленинский;13;25;36;Новосибирск;8900000;Аксиома;2; Костычева;56.7;Площадь Маркса;https://novosibirsk.cian.ru/sale/flat/314935937/?mlSearchSessionGuid=5ccd199be5d7419b8fafb8ea055be6bb
flat;ЖИЛФОНД;real_estate_agent;sale;Центральный;3;4;3;Новосибирск;8980000;;2;Каменская ;52.0;Площадь Ленина;https://novosibirsk.cian.ru/sale/flat/313132737/?mlSearchSessionGuid=5ccd199be5d7419b8fafb8ea055be6bb
flat;ЛЕГКО;real_estate_agent;sale;Заельцовский;9;17;49;Новосибирск;8990000;Нормандия-Неман;2; Аэропорт;39.1;Заельцовская;https://novosibirsk.cian.ru/sale/flat/321770758/?mlSearchSessionGuid=5ccd199be5d7419b8fafb8ea055be6bb
flat;НСК-top;real_estate_agent;sale;Заельцовский;2;25;25/1;Новосибирск;8990000;Ньютон;2;Красногорская ;53.55;Заельцовская;https://novosibirsk.cian.ru/sale/flat/326987608/?mlSearchSessionGuid=5ccd199be5d7419b8fafb8ea055be6bb
flat;Сибирь Ипотека;real_estate_agent;sale;Дзержинский;15;22;128;Новосибирск;8900000;RedFox;2; Коминтерна;56.8;Золотая Нива;https://novosibirsk.cian.ru/sale/flat/324461001/?mlSearchSessionGuid=5ccd199be5d7419b8fafb8ea055be6bb
flat;METRAGE;real_estate_agent;sale;Калининский;6;17;305/1;Новосибирск;8990000;Мкрн. Родники;2;Красный проспект;61.0;Заельцовская;https://novosibirsk.cian.ru/sale/flat/325293371/?mlSearchSessionGuid=5ccd199be5d7419b8fafb8ea055be6bb
flat;ЕВРОДОМ;real_estate_agent;sale;Железнодорожный;5;17;15;Новосибирск;8900000;Jet Apartments;2;Железнодорожная ;63.1;Гагаринская;https://novosibirsk.cian.ru/sale/flat/312712559/?mlSearchSessionGuid=5ccd199be5d7419b8fafb8ea055be6bb
flat;Столица Сибири;real_estate_agent;sale;Заельцовский;11;19;49/1;Новосибирск;8999000;Нормандия-Неман;2; Аэропорт;46.0;Заельцовская;https://novosibirsk.cian.ru/sale/flat/318362054/?mlSearchSessionGuid=5ccd199be5d7419b8fafb8ea055be6bb
flat;Иван Тугаринов;realtor;sale;Октябрьский;18;26;32/1;Новосибирск;8900000;Расцветай на Обской;2;Большевистская ;51.0;Речной вокзал;https://novosibirsk.cian.ru/sale/flat/325920937/?mlSearchSessionGuid=5ccd199be5d7419b8fafb8ea055be6bb
flat;Роман Гебель;realtor;sale;Октябрьский;8;20;154;Новосибирск;8900000;Марсель;2;2-я Обская ;48.0;Речной вокзал;https://novosibirsk.cian.ru/sale/flat/326923200/?mlSearchSessionGuid=5ccd199be5d7419b8fafb8ea055be6bb
flat;МЕЗОНИН;real_estate_agent;sale;Ленинский;16;18;12с;Новосибирск;9000000;Тетрис;2; Серафимовича;51.7;Площадь Маркса;https://novosibirsk.cian.ru/sale/flat/327018616/?mlSearchSessionGuid=5ccd199be5d7419b8fafb8ea055be6bb
flat;ЖИЛФОНД;real_estate_agent;sale;Заельцовский;1;10;106;Новосибирск;9000000;;2; Жуковского;43.8;Заельцовская;https://novosibirsk.cian.ru/sale/flat/326555097/?mlSearchSessionGuid=5ccd199be5d7419b8fafb8ea055be6bb
flat;ЖИЛФОНД;real_estate_agent;sale;Кировский;20;25;143/2;Новосибирск;9000000;;2; Немировича-Данченко;47.9;Площадь Маркса;https://novosibirsk.cian.ru/sale/flat/323888388/?mlSearchSessionGuid=5ccd199be5d7419b8fafb8ea055be6bb
flat;ЖИЛФОНД;real_estate_agent;sale;Заельцовский;3;18;88;Новосибирск;9000000;Авиатор;2; Аэропорт;67.1;Заельцовская;https://novosibirsk.cian.ru/sale/flat/316061163/?mlSearchSessionGuid=5ccd199be5d7419b8fafb8ea055be6bb
flat;НСК-top;real_estate_agent;sale;Ленинский;12;25;21;Новосибирск;9000000;1956. Кварталы Телецентра;2; Костычева;46.8;Площадь Маркса;https://novosibirsk.cian.ru/sale/flat/325916223/?mlSearchSessionGuid=5ccd199be5d7419b8fafb8ea055be6bb
flat;Алексей Шерин;realtor;sale;Октябрьский;1;11;124;Новосибирск;9000000;мкр. Европейский Берег;2;Большевистская ;52.5;Речной вокзал;https://novosibirsk.cian.ru/sale/flat/325532927/?mlSearchSessionGuid=5ccd199be5d7419b8fafb8ea055be6bb
flat;Новактив;real_estate_agent;sale;Октябрьский;5;11;80/1;Новосибирск;9000000;;2;Обская ;76.6;Речной вокзал;https://novosibirsk.cian.ru/sale/flat/323757945/?mlSearchSessionGuid=5ccd199be5d7419b8fafb8ea055be6bb
flat;METRAGE;real_estate_agent;sale;Железнодорожный;2;9;2;Новосибирск;9000000;;2;Депутатская ;54.3;Площадь Гарина-Михайловского;https://novosibirsk.cian.ru/sale/flat/325463570/?mlSearchSessionGuid=5ccd199be5d7419b8fafb8ea055be6bb
flat;Владис Центральное;real_estate_agent;sale;Ленинский;8;10;15/1;Новосибирск;9000000;;2;Фасадная ;79.7;Площадь Маркса;https://novosibirsk.cian.ru/sale/flat/321702899/?mlSearchSessionGuid=5ccd199be5d7419b8fafb8ea055be6bb
flat;Дельта;real_estate_agent;sale;Советский;3;9;6;Новосибирск;9000000;;2; Демакова;53.3;;https://novosibirsk.cian.ru/sale/flat/319347749/?mlSearchSessionGuid=5ccd199be5d7419b8fafb8ea055be6bb
flat;Ключи;real_estate_agent;sale;Первомайский;16;18;33;Новосибирск;9000000;Манхэттен;2; Героев Революции;64.8;Спортивная;https://novosibirsk.cian.ru/sale/flat/326451602/?mlSearchSessionGuid=5ccd199be5d7419b8fafb8ea055be6bb
flat;Кабинет Риелторских Услуг;real_estate_agent;sale;Заельцовский;15;19;49;Новосибирск;9000000;Нормандия-Неман;2; Аэропорт;62.4;Заельцовская;https://novosibirsk.cian.ru/sale/flat/318277086/?mlSearchSessionGuid=5ccd199be5d7419b8fafb8ea055be6bb
flat;Ново-Николаевскъ;real_estate_agent;sale;Заельцовский;15;24;96/3;Новосибирск;9000000;Сосны;2;Сухарная ;72.9;Площадь Гарина-Михайловского;https://novosibirsk.cian.ru/sale/flat/299876776/?mlSearchSessionGuid=5ccd199be5d7419b8fafb8ea055be6bb
flat;Бэст-Лэнд;real_estate_agent;sale;Октябрьский;25;27;3;Новосибирск;9000000;Ваш выбор;2;Вилюйская ;64.0;Речной вокзал;https://novosibirsk.cian.ru/sale/flat/322904262/?mlSearchSessionGuid=5ccd199be5d7419b8fafb8ea055be6bb
flat;ЖИЛФОНД;real_estate_agent;sale;Октябрьский;4;17;108;Новосибирск;9100000;;2; Кирова;54.0;Октябрьская;https://novosibirsk.cian.ru/sale/flat/316370693/?mlSearchSessionGuid=5ccd199be5d7419b8fafb8ea055be6bb
flat;ПАЛИТРА;real_estate_agent;sale;Октябрьский;20;23;53;Новосибирск;9100000;Комета-Октябрьский;2;2-я Воинская ;58.0;Золотая Нива;https://novosibirsk.cian.ru/sale/flat/326172659/?mlSearchSessionGuid=5ccd199be5d7419b8fafb8ea055be6bb
flat;Планета;real_estate_agent;sale;Октябрьский;16;24;10;Новосибирск;9100000;мкр. Европейский Берег;2; Владимира Заровного;55.0;Октябрьская;https://novosibirsk.cian.ru/sale/flat/323599369/?mlSearchSessionGuid=5ccd199be5d7419b8fafb8ea055be6bb
flat;METRAGE;real_estate_agent;sale;Ленинский;2;17;1;Новосибирск;9100000;Радужный каскад;2;Стартовая ;51.0;Спортивная;https://novosibirsk.cian.ru/sale/flat/325975140/?mlSearchSessionGuid=5ccd199be5d7419b8fafb8ea055be6bb
flat;ЖИЛФОНД;real_estate_agent;sale;Октябрьский;8;9;124;Новосибирск;9200000;мкр. Европейский Берег;2;Большевистская ;52.2;Речной вокзал;https://novosibirsk.cian.ru/sale/flat/325246066/?mlSearchSessionGuid=5ccd199be5d7419b8fafb8ea055be6bb
flat;ЖИЛФОНД;real_estate_agent;sale;Заельцовский;21;26;182/3;Новосибирск;9200000;Тайм Парк Апартаменты;2;Красный проспект;47.08;Заельцовская;https://novosibirsk.cian.ru/sale/flat/326894608/?mlSearchSessionGuid=5ccd199be5d7419b8fafb8ea055be6bb
flat;ЖИЛФОНД;real_estate_agent;sale;Октябрьский;5;22;154;Новосибирск;9200000;Марсель;2;2-я Обская ;54.5;Речной вокзал;https://novosibirsk.cian.ru/sale/flat/322379375/?mlSearchSessionGuid=5ccd199be5d7419b8fafb8ea055be6bb
flat;Метражи;real_estate_agent;sale;Советский;6;19;3;Новосибирск;9200000;;2; 2-я Миргородская;60.0;;https://novosibirsk.cian.ru/sale/flat/319814568/?mlSearchSessionGuid=5ccd199be5d7419b8fafb8ea055be6bb
flat;Rialtor Group;real_estate_agent;sale;Заельцовский;4;29;105/1;Новосибирск;9200000;Бирюзовая жемчужина-2;2;Сухарная ;59.5;Площадь Гарина-Михайловского;https://novosibirsk.cian.ru/sale/flat/324539784/?mlSearchSessionGuid=5ccd199be5d7419b8fafb8ea055be6bb
flat;ДОКТОР КЛЮЧ;real_estate_agent;sale;Центральный;8;11;95;Новосибирск;9200000;;2; Максима Горького;53.0;Площадь Ленина;https://novosibirsk.cian.ru/sale/flat/322905070/?mlSearchSessionGuid=5ccd199be5d7419b8fafb8ea055be6bb
flat;Метражи;real_estate_agent;sale;Октябрьский;7;17;38;Новосибирск;9200000;мкр. Европейский Берег;2; Владимира Заровного;52.8;Спортивная;https://novosibirsk.cian.ru/sale/flat/319431498/?mlSearchSessionGuid=5ccd199be5d7419b8fafb8ea055be6bb
flat;ЕВРОДОМ;real_estate_agent;sale;Дзержинский;1;16;29;Новосибирск;9200000;;2; Адриена Лежена;65.8;Золотая Нива;https://novosibirsk.cian.ru/sale/flat/326715599/?mlSearchSessionGuid=5ccd199be5d7419b8fafb8ea055be6bb
flat;СФЕРА 54;real_estate_agent;sale;Октябрьский;11;17;31;Новосибирск;9200000;Никольский Парк;2; Гаранина;59.0;Золотая Нива;https://novosibirsk.cian.ru/sale/flat/326344076/?mlSearchSessionGuid=5ccd199be5d7419b8fafb8ea055be6bb
flat;НСК-top;real_estate_agent;sale;Дзержинский;2;27;23;Новосибирск;9200000;Золотая Нива;2; Кошурникова;37.0;Золотая Нива;https://novosibirsk.cian.ru/sale/flat/324972403/?mlSearchSessionGuid=5ccd199be5d7419b8fafb8ea055be6bb
flat;Ново-Николаевскъ;real_estate_agent;sale;Октябрьский;8;25;12;Новосибирск;9200000;Сакура Парк;2;Ипподромская ;50.4;Октябрьская;https://novosibirsk.cian.ru/sale/flat/321888221/?mlSearchSessionGuid=5ccd199be5d7419b8fafb8ea055be6bb
flat;Планета на Станиславского;real_estate_agent;sale;Железнодорожный;7;10;4/2;Новосибирск;9200000;Беринг;2; Прибрежная;56.4;Площадь Гарина-Михайловского;https://novosibirsk.cian.ru/sale/flat/309317227/?mlSearchSessionGuid=5ccd199be5d7419b8fafb8ea055be6bb
flat;ЖИЛФОНД;real_estate_agent;sale;Октябрьский;3;10;26/1;Новосибирск;9300000;;2; Восход;50.8;Речной вокзал;https://novosibirsk.cian.ru/sale/flat/325251399/?mlSearchSessionGuid=5ccd199be5d7419b8fafb8ea055be6bb
flat;METRAGE;real_estate_agent;sale;Заельцовский;3;17;260/2;Новосибирск;9290000;;2; Дуси Ковальчук;44.0;Заельцовская;https://novosibirsk.cian.ru/sale/flat/326261798/?mlSearchSessionGuid=5ccd199be5d7419b8fafb8ea055be6bb
flat;ПАЛИТРА;real_estate_agent;sale;Октябрьский;18;25;155;Новосибирск;9315000;Пролетарский;2;Пролетарская ;61.2;Золотая Нива;https://novosibirsk.cian.ru/sale/flat/326723980/?mlSearchSessionGuid=5ccd199be5d7419b8fafb8ea055be6bb
flat;Ключи;real_estate_agent;sale;Заельцовский;7;16;60А;Новосибирск;9300000;Русское солнце;2;Плановая ;46.0;Заельцовская;https://novosibirsk.cian.ru/sale/flat/324207924/?mlSearchSessionGuid=5ccd199be5d7419b8fafb8ea055be6bb
flat;Планета Недвижимости -подразделение ООО Лаки;real_estate_agent;sale;Центральный;7;9;82;Новосибирск;9300000;;2; Некрасова;45.7;Маршала Покрышкина;https://novosibirsk.cian.ru/sale/flat/322831059/?mlSearchSessionGuid=5ccd199be5d7419b8fafb8ea055be6bb
flat;Оксана Головкина;realtor;sale;Октябрьский;6;25;8;Новосибирск;9250000;;2;Ипподромская ;46.0;Октябрьская;https://novosibirsk.cian.ru/sale/flat/326687755/?mlSearchSessionGuid=5ccd199be5d7419b8fafb8ea055be6bb
flat;ЖИЛФОНД;real_estate_agent;sale;Октябрьский;3;19;35;Новосибирск;9400000;Молодёжный;2; Михаила Кулагина;55.2;Золотая Нива;https://novosibirsk.cian.ru/sale/flat/323112764/?mlSearchSessionGuid=5ccd199be5d7419b8fafb8ea055be6bb
flat;ЖИЛФОНД;real_estate_agent;sale;Дзержинский;13;25;195/6;Новосибирск;9400000;Галактика;2; Николая Островского;65.2;Березовая Роща;https://novosibirsk.cian.ru/sale/flat/324983377/?mlSearchSessionGuid=5ccd199be5d7419b8fafb8ea055be6bb
flat;Недвижимость Сибири;real_estate_agent;sale;Дзержинский;11;18;3/1;Новосибирск;9350000;Расцветай на Авиастроителей;2; Авиастроителей;58.0;Березовая Роща;https://novosibirsk.cian.ru/sale/flat/327009841/?mlSearchSessionGuid=5ccd199be5d7419b8fafb8ea055be6bb
flat;Владис Центральное;real_estate_agent;sale;Ленинский;17;17;20;Новосибирск;9400000;Традиции;2; Серафимовича;47.0;Площадь Маркса;https://novosibirsk.cian.ru/sale/flat/326540037/?mlSearchSessionGuid=5ccd199be5d7419b8fafb8ea055be6bb
flat;Домофонд;real_estate_agent;sale;Октябрьский;10;15;46/2;Новосибирск;9500000;Apart-River;2;Обская ;44.6;Речной вокзал;https://novosibirsk.cian.ru/sale/flat/327090136/?mlSearchSessionGuid=5ccd199be5d7419b8fafb8ea055be6bb
flat;ЖИЛФОНД;real_estate_agent;sale;Железнодорожный;3;9;25;Новосибирск;9500000;;2; Ленина;48.4;Площадь Гарина-Михайловского;https://novosibirsk.cian.ru/sale/flat/326186826/?mlSearchSessionGuid=5ccd199be5d7419b8fafb8ea055be6bb
flat;Калининское;real_estate_agent;sale;Заельцовский;15;16;8/1;Новосибирск;9500000;Залесский;2; Залесского;51.0;Заельцовская;https://novosibirsk.cian.ru/sale/flat/326988917/?mlSearchSessionGuid=5ccd199be5d7419b8fafb8ea055be6bb
flat;ЖИЛФОНД;real_estate_agent;sale;Центральный;12;25;91;Новосибирск;9500000;Воздух;2; Семьи Шамшиных;38.8;Маршала Покрышкина;https://novosibirsk.cian.ru/sale/flat/321293706/?mlSearchSessionGuid=5ccd199be5d7419b8fafb8ea055be6bb
flat;МакроМир;real_estate_agent;sale;Дзержинский;15;16;2;Новосибирск;9500000;;2; Толбухина;67.0;Золотая Нива;https://novosibirsk.cian.ru/sale/flat/325815742/?mlSearchSessionGuid=5ccd199be5d7419b8fafb8ea055be6bb
flat;МакроМир;real_estate_agent;sale;Кировский;13;17;122/4;Новосибирск;9500000;по ул. Немировича-Данченко, 122;2; Немировича-Данченко;63.0;Площадь Маркса;https://novosibirsk.cian.ru/sale/flat/326252583/?mlSearchSessionGuid=5ccd199be5d7419b8fafb8ea055be6bb
flat;Планета;real_estate_agent;sale;Заельцовский;19;20;248;Новосибирск;9450000;Заельцовский;2; Дуси Ковальчук;44.0;Заельцовская;https://novosibirsk.cian.ru/sale/flat/316510157/?mlSearchSessionGuid=5ccd199be5d7419b8fafb8ea055be6bb
flat;Планета;real_estate_agent;sale;Заельцовский;4;5;175;Новосибирск;9500000;;2;Красный проспект;57.0;Заельцовская;https://novosibirsk.cian.ru/sale/flat/321412789/?mlSearchSessionGuid=5ccd199be5d7419b8fafb8ea055be6bb
flat;Владис Центральное;real_estate_agent;sale;Дзержинский;13;16;17;Новосибирск;9500000;;2; Авиастроителей;55.5;Березовая Роща;https://novosibirsk.cian.ru/sale/flat/326847425/?mlSearchSessionGuid=5ccd199be5d7419b8fafb8ea055be6bb
flat;ЕВРОДОМ;real_estate_agent;sale;Ленинский;10;22;14;Новосибирск;9500000;Парково;2;площадь Райсовета;67.6;Площадь Маркса;https://novosibirsk.cian.ru/sale/flat/301493032/?mlSearchSessionGuid=5ccd199be5d7419b8fafb8ea055be6bb
flat;МакроМир;real_estate_agent;sale;Заельцовский;17;17;96/3;Новосибирск;9500000;Сосны;2;Сухарная ;55.6;Площадь Гарина-Михайловского;https://novosibirsk.cian.ru/sale/flat/322825515/?mlSearchSessionGuid=5ccd199be5d7419b8fafb8ea055be6bb
flat;Ново-Николаевскъ;real_estate_agent;sale;Заельцовский;9;21;238;Новосибирск;9500000;Ельцовский;2; Дуси Ковальчук;59.1;Заельцовская;https://novosibirsk.cian.ru/sale/flat/326726446/?mlSearchSessionGuid=5ccd199be5d7419b8fafb8ea055be6bb
flat;Новый Адрес;real_estate_agent;sale;Кировский;6;26;144/1;Новосибирск;9500000;Комета;2; Немировича-Данченко;63.0;Студенческая;https://novosibirsk.cian.ru/sale/flat/325266591/?mlSearchSessionGuid=5ccd199be5d7419b8fafb8ea055be6bb
flat;Квартирный портал;real_estate_agent;sale;Октябрьский;2;10;50/1;Новосибирск;9500000;;2;Обская ;72.0;Речной вокзал;https://novosibirsk.cian.ru/sale/flat/324840417/?mlSearchSessionGuid=5ccd199be5d7419b8fafb8ea055be6bb
flat;АльянсРиэлт;real_estate_agent;sale;Октябрьский;9;17;117;Новосибирск;9500000;;2; Декабристов;60.1;Речной вокзал;https://novosibirsk.cian.ru/sale/flat/320332789/?mlSearchSessionGuid=5ccd199be5d7419b8fafb8ea055be6bb
flat;ЖИЛФОНД;real_estate_agent;sale;Советский;5;13;38;Новосибирск;9600000;;2; Русская;53.0;;https://novosibirsk.cian.ru/sale/flat/326534327/?mlSearchSessionGuid=5ccd199be5d7419b8fafb8ea055be6bb
flat;ЖИЛФОНД;real_estate_agent;sale;Советский;5;15;40;Новосибирск;9600000;Молодежный;2;бульвар Молодежи;45.7;;https://novosibirsk.cian.ru/sale/flat/326202621/?mlSearchSessionGuid=5ccd199be5d7419b8fafb8ea055be6bb
flat;МакроМир;real_estate_agent;sale;Заельцовский;12;23;220;Новосибирск;9600000;Нобель;2;Красный проспект;45.9;Заельцовская;https://novosibirsk.cian.ru/sale/flat/325919858/?mlSearchSessionGuid=5ccd199be5d7419b8fafb8ea055be6bb
flat;ПАЛИТРА;real_estate_agent;sale;Октябрьский;4;25;16/1;Новосибирск;9600000;Добролюбова;2; Добролюбова;63.0;Речной вокзал;https://novosibirsk.cian.ru/sale/flat/321844957/?mlSearchSessionGuid=5ccd199be5d7419b8fafb8ea055be6bb
flat;НСК-top;real_estate_agent;sale;Ленинский;6;17;22;Новосибирск;9550000;Традиции;2; Серафимовича;56.0;Площадь Маркса;https://novosibirsk.cian.ru/sale/flat/325257786/?mlSearchSessionGuid=5ccd199be5d7419b8fafb8ea055be6bb
flat;ЖИЛФОНД;real_estate_agent;sale;Октябрьский;2;17;36;Новосибирск;9700000;Акация на Лежена;2; Адриена Лежена;53.0;Золотая Нива;https://novosibirsk.cian.ru/sale/flat/326220847/?mlSearchSessionGuid=5ccd199be5d7419b8fafb8ea055be6bb
flat;Люди;real_estate_agent;sale;Октябрьский;12;23;22/3;Новосибирск;9700000;Пифагор;2; Кошурникова;56.8;Золотая Нива;https://novosibirsk.cian.ru/sale/flat/326509330/?mlSearchSessionGuid=5ccd199be5d7419b8fafb8ea055be6bb
flat;METRAGE;real_estate_agent;sale;Дзержинский;8;19;34/2;Новосибирск;9700000;Дом по пр. Дзержинского, 34/2;2;проспект Дзержинского;70.5;Березовая Роща;https://novosibirsk.cian.ru/sale/flat/326063900/?mlSearchSessionGuid=5ccd199be5d7419b8fafb8ea055be6bb
flat;Хорошие люди;real_estate_agent;sale;Октябрьский;21;25;16/1;Новосибирск;9650000;;2; Добролюбова;62.6;Речной вокзал;https://novosibirsk.cian.ru/sale/flat/315059960/?mlSearchSessionGuid=5ccd199be5d7419b8fafb8ea055be6bb
flat;ПАЛИТРА;real_estate_agent;sale;Заельцовский;17;24;11;Новосибирск;9700000;;2; Галущака;59.1;Гагаринская;https://novosibirsk.cian.ru/sale/flat/321485133/?mlSearchSessionGuid=5ccd199be5d7419b8fafb8ea055be6bb
flat;СИБИРЬ-НЕДВИЖИМОСТЬ;real_estate_agent;sale;Заельцовский;11;24;246;Новосибирск;9700000;Акцентный дом ;2; Дуси Ковальчук;50.98;Заельцовская;https://novosibirsk.cian.ru/sale/flat/325286972/?mlSearchSessionGuid=5ccd199be5d7419b8fafb8ea055be6bb
flat;Наш регион;real_estate_agent;sale;Октябрьский;9;10;322;Новосибирск;9700000;Революция;2; Кирова;52.0;Речной вокзал;https://novosibirsk.cian.ru/sale/flat/323402856/?mlSearchSessionGuid=5ccd199be5d7419b8fafb8ea055be6bb
flat;Данил Тимошков;realtor;sale;Центральный;19;26;125;Новосибирск;9700000;по ул. Писарева;2; Писарева;45.0;Маршала Покрышкина;https://novosibirsk.cian.ru/sale/flat/325278472/?mlSearchSessionGuid=5ccd199be5d7419b8fafb8ea055be6bb
flat;Ключи;real_estate_agent;sale;Октябрьский;3;24;115;Новосибирск;9800000;Октябрьский квартал;2; Декабристов;62.3;Речной вокзал;https://novosibirsk.cian.ru/sale/flat/326756818/?mlSearchSessionGuid=5ccd199be5d7419b8fafb8ea055be6bb
flat;Сфера;real_estate_agent;sale;Октябрьский;8;10;69;Новосибирск;9800000;;2;Автогенная ;56.0;Речной вокзал;https://novosibirsk.cian.ru/sale/flat/324351862/?mlSearchSessionGuid=5ccd199be5d7419b8fafb8ea055be6bb
flat;Всем Квартиру;real_estate_agent;sale;Октябрьский;3;17;16;Новосибирск;9800000;Закаменский-16;2;Закаменский мкр;53.5;Березовая Роща;https://novosibirsk.cian.ru/sale/flat/326521689/?mlSearchSessionGuid=5ccd199be5d7419b8fafb8ea055be6bb
flat;Владис Центральное;real_estate_agent;sale;Ленинский;8;30;2/1;Новосибирск;9800000;;2;Горская ;55.0;Спортивная;https://novosibirsk.cian.ru/sale/flat/326738076/?mlSearchSessionGuid=5ccd199be5d7419b8fafb8ea055be6bb
flat;Статус;real_estate_agent;sale;Железнодорожный;4;17;132;Новосибирск;9770000;Енисей;2;Красноярская ;43.8;Площадь Гарина-Михайловского;https://novosibirsk.cian.ru/sale/flat/326345438/?mlSearchSessionGuid=5ccd199be5d7419b8fafb8ea055be6bb
flat;Владис Центральное;real_estate_agent;sale;Советский;13;16;25;Новосибирск;9800000;;2; Балтийская;67.0;;https://novosibirsk.cian.ru/sale/flat/326637246/?mlSearchSessionGuid=5ccd199be5d7419b8fafb8ea055be6bb
flat;Новактив;real_estate_agent;sale;Заельцовский;15;25;52;Новосибирск;9750000;Чкалов;2;Светлановская ;61.0;Заельцовская;https://novosibirsk.cian.ru/sale/flat/323827579/?mlSearchSessionGuid=5ccd199be5d7419b8fafb8ea055be6bb
flat;Поиск Метров;real_estate_agent;sale;Октябрьский;10;24;6/1;Новосибирск;9799000;Марсель 2;2; Владимира Заровного;47.15;Речной вокзал;https://novosibirsk.cian.ru/sale/flat/324059670/?mlSearchSessionGuid=5ccd199be5d7419b8fafb8ea055be6bb
flat;Марина Прилуцких;realtor;sale;Ленинский;6;30;;Новосибирск;9900000;Горская лагуна ЖК;2;;52.45;Студенческая;https://novosibirsk.cian.ru/sale/flat/326689452/?mlSearchSessionGuid=5ccd199be5d7419b8fafb8ea055be6bb
flat;МакроМир;real_estate_agent;sale;Железнодорожный;3;5;17А;Новосибирск;9900000;;2;Советская ;59.6;Площадь Ленина;https://novosibirsk.cian.ru/sale/flat/325818210/?mlSearchSessionGuid=5ccd199be5d7419b8fafb8ea055be6bb
flat;Метражи;real_estate_agent;sale;Первомайский;6;9;4/1;Новосибирск;9850000;;2; Маяковского;75.0;Спортивная;https://novosibirsk.cian.ru/sale/flat/323555373/?mlSearchSessionGuid=5ccd199be5d7419b8fafb8ea055be6bb
flat;METRAGE;real_estate_agent;sale;Советский;2;8;21;Новосибирск;9900000;ЭРНЕСТ;2;бульвар Молодежи;46.0;;https://novosibirsk.cian.ru/sale/flat/318832804/?mlSearchSessionGuid=5ccd199be5d7419b8fafb8ea055be6bb
flat;Владис Центральное;real_estate_agent;sale;Октябрьский;3;16;71/1;Новосибирск;9900000;Маяк;2;2-я Обская ;70.7;Речной вокзал;https://novosibirsk.cian.ru/sale/flat/326755549/?mlSearchSessionGuid=5ccd199be5d7419b8fafb8ea055be6bb
flat;Планета Недвижимости -подразделение ООО Лаки;real_estate_agent;sale;Дзержинский;12;14;67;Новосибирск;9900000;Дом по ул. Есенина;2; Есенина;56.2;Золотая Нива;https://novosibirsk.cian.ru/sale/flat/321808415/?mlSearchSessionGuid=5ccd199be5d7419b8fafb8ea055be6bb
flat;ID 137845407;homeowner;sale;Октябрьский;8;10;71;Новосибирск;8600000;;3;2-я Обская ;68.0;Речной вокзал;https://novosibirsk.cian.ru/sale/flat/325082709/
flat;ЖИЛФОНД;real_estate_agent;sale;Дзержинский;4;16;22/1;Новосибирск;10500000;;2; Кошурникова;73.1;Березовая Роща;https://novosibirsk.cian.ru/sale/flat/315077510/
flat;METRAGE;real_estate_agent;sale;Центральный;2;9;11;Новосибирск;9700000;;3; Гоголя;53.8;Сибирская;https://novosibirsk.cian.ru/sale/flat/324310670/
flat;Вся Недвижимость Новосибирска;real_estate_agent;sale;Ленинский;4;18;1;Новосибирск;9700000;Радужный каскад;2;Стартовая ;60.7;Спортивная;https://novosibirsk.cian.ru/sale/flat/325643891/
flat;Наталья Алонцева;realtor;sale;Октябрьский;25;26;13;Новосибирск;7986987;Закаменский-13;2;Закаменский мкр;45.0;Березовая Роща;https://novosibirsk.cian.ru/sale/flat/326574587/
flat;Владис Центральное;real_estate_agent;sale;Октябрьский;9;25;9/2;Новосибирск;9700000;Европейский;2;Военная ;64.8;Октябрьская;https://novosibirsk.cian.ru/sale/flat/312211994/
flat;Статус;real_estate_agent;sale;Ленинский;1;5;17;Новосибирск;3750000;;2;Фасадная ;40.8;Площадь Маркса;https://novosibirsk.cian.ru/sale/flat/313709565/?mlSearchSessionGuid=5ccd199be5d7419b8fafb8ea055be6bb
flat;РайоныКварталы;real_estate_agent;sale;Ленинский;2;9;28/1;Новосибирск;4250000;;2; Немировича-Данченко;43.6;Площадь Маркса;https://novosibirsk.cian.ru/sale/flat/324787827/?mlSearchSessionGuid=5ccd199be5d7419b8fafb8ea055be6bb
flat;ПОЛЯКОВ;developer;sale;Заельцовский;4;25;236;Новосибирск;6600000;Клубный комплекс ;2;Красный проспект;32.4;Заельцовская;https://novosibirsk.cian.ru/sale/flat/326353225/?mlSearchSessionGuid=5ccd199be5d7419b8fafb8ea055be6bb
flat;Владис Центральное;real_estate_agent;sale;Калининский;2;2;5;Новосибирск;2350000;;2; Флотская;42.0;Заельцовская;https://novosibirsk.cian.ru/sale/flat/323412137/?mlSearchSessionGuid=5ccd199be5d7419b8fafb8ea055be6bb
flat;ID 134500897;homeowner;sale;Центральный;2;5;67А;Новосибирск;6300000;;2;Красный проспект;44.0;Красный Проспект;https://novosibirsk.cian.ru/sale/flat/326921958/?mlSearchSessionGuid=5ccd199be5d7419b8fafb8ea055be6bb
flat;Владис Центральное;real_estate_agent;sale;Кировский;1;3;31/1;Новосибирск;2950000;;2;Воскресная ;40.0;Студенческая;https://novosibirsk.cian.ru/sale/flat/324331760/?mlSearchSessionGuid=5ccd199be5d7419b8fafb8ea055be6bb
flat;АльянсРиэлт;real_estate_agent;sale;Октябрьский;1;1;218;Новосибирск;2850000;;2; 9 Ноября;46.1;Речной вокзал;https://novosibirsk.cian.ru/sale/flat/319964118/?mlSearchSessionGuid=5ccd199be5d7419b8fafb8ea055be6bb
flat;РайоныКварталы;real_estate_agent;sale;Ленинский;4;5;4/1;Новосибирск;4100000;;2; Немировича-Данченко;44.1;Площадь Маркса;https://novosibirsk.cian.ru/sale/flat/320545738/?mlSearchSessionGuid=5ccd199be5d7419b8fafb8ea055be6bb
flat;Владис Центральное;real_estate_agent;sale;Калининский;5;9;6;Новосибирск;6000000;Мкрн. Родники;2; Свечникова;53.2;Заельцовская;https://novosibirsk.cian.ru/sale/flat/326583145/?mlSearchSessionGuid=5ccd199be5d7419b8fafb8ea055be6bb
