accommodation_type;author;author_type;deal_type;description;district;finish_type;floor;floors_count;heating_type;house_material_type;house_number;kitchen_meters;living_meters;location;object_type;phone;price;residential_complex;rooms_count;street;total_meters;underground;url;year_of_construction
flat;Брусника;developer;sale;"Трехкомнатная квартира от застройщика с предчистовой отделкой в ЖК ""Город-на-озере"" на 6 этаже. Общая площадь: 71.42 кв.м., жилая: 32.5 кв.м., площадь просторной кухни-гостиной: 25.7 кв.м. Квартира угловая, окна oбecпeчивaют paвнoмepнoe ocвeщeниe в тeчeниe дня. В квартире один совмещенный и один раздельный санузел. Высота потолков 3.0 м.
  
Дом монолитный, многоподъездный, переменной этажности, от 9 до 24 этажей. Квартира находится в 1-й секции высотой 14 этажей в корпусе 1. На этаже 8 квартир. В подъезде 1 пассажирский и 1 грузовой лифт. Окончание строительства - 4 квартал 2028 года. Оформление сделки по договору долевого участия.
  
Квартира с кухней-гостиной и тремя спальнями в проекте Город-на-озере. Особенности планировки: второй санузел, потолки 3 м и выше, предчистовая отделка, разнесённые спальни.
 квартиры в нашей базе: ГРД01-Ж1.6.7.
  
Город-на-озере находится в Центральном районе Новосибирска, на пересечении Ипподромской магистрали и улицы Фрунзе. По этим крупным транспортным артериям легко добраться в любое место города и на автомобиле, и на общественном транспорте. До ближайших автобусных остановок — 5 минут пешком, а до станции метро ""Березовая Роща"" — 10 минут.
В радиусе 1,5 км вокруг квартала уже сформирована необходимая инфраструктура. Здесь есть детские сады, школы, больницы, аптеки, спортивные клубы, торговые центры с супермаркетами, ресторанами и кинотеатрами.
Для большего комфорта жителей Город-на-озере обеспечат собственной инфраструктурой. В квартале будет свой торговый центр с магазинами и полезными сервисами. Город взял на себя обязательство создать рядом образовательный кластер — два детских сада и две школы.
Особенность квартала — озеро Верховое. Жители района смогут прогуляться по набережной, вокруг водоёма, где будет круговой пешеходный маршрут, с разными зонами отдыха. Кроме того, в пешей доступности от Города-на-озере находятся еще два городских парка: ""Центральный"" и ""Березовая роща"".
  
Город-на-озере — проект комплексного развития территории (КРТ) по принципу многофункциональной застройки, или mixed-use. Это когда на одной территории сочетаются жилая, коммерческая, социальная и рекреационная инфраструктура. К 2032 году здесь появятся разноэтажные жилые дома с приватными дворами, образовательный кластер, деловой центр, торговая улица и общественные пространства, открытые для всех горожан. Люди смогут жить и работать в Городе-на-озере, а в обеденный перерыв совершать променад вокруг озера.
  
Локация квартала уникальна: с одной стороны он соседствует с активным уличным фронтом, а с другой — с тихим и спокойным озером с обильным озеленением. При этом участок неровный, перепад высот достигает 30 метров — это высота восьмиэтажного дома.
Для разработки проекта мы пригласили лучшие архитектурные бюро из Китая: AEDAS и Turenscape. AEDAS специализируются на создании качественных общественных пространств, а Turenscape — на работах с экосистемой водных объектов. Архитекторы учли особенности местности и объединили урбанистич";Дзержинский;Предчистовая;6;14;-1;-1;;25,7 м²;32,5 м²;Новосибирск;-1;+79587381413;12720000;Город-на-озере ЖК;3;;71.42;Березовая Роща;https://novosibirsk.cian.ru/sale/flat/324800929/?mlSearchSessionGuid=114ec3afc1c3ffd43f15b609efea890e;2028
flat;Этажи;real_estate_agent;sale;"Продается светлая трёхкомнатная квартира в жилом массиве ОбьГЭС. Объект расположен на этаже многоэтажного кирпичного дома, характеризуется продуманной планировкой с изолированными комнатами и раздельным санузлом. Балкон остеклен, что увеличивает полезную площадь и позволяет использовать его круглогодично.
Ключевым преимуществом является развитая инфраструктура в непосредственной шаговой доступности. В радиусе двух-трех минут ходьбы расположены два детских сада и две общеобразовательные школы, спортивный зал, поликлиника, бассейн и дом культуры. Повседневная жизнь обеспечена множеством торговых точек, включая продуктовый рынок, универсам ""Мария-Ра"", ""Ярче"" в соседних домах. Транспортная доступность обеспечивает удобные выезды в другие районы города. Придомовая территория благоустроена, предусмотрены достаточные парковочные места для резидентов. Объект представляет собой оптимальное сочетание комфортного жилья, готового к проживанию, и выгодного расположения с полным набором необходимой инфраструктуры.

 

Дополнительно оплачивается комиссия с покупателя.









Код пользователя: 193676
Номер в базе: 9818269";Советский;-1;2;5;-1;-1;3;5,6 м²;-1;Новосибирск;-1;+79830062471;4300000;;3;Барьерная ;62.0;Студенческая;https://novosibirsk.cian.ru/sale/flat/321774438/?mlSearchSessionGuid=114ec3afc1c3ffd43f15b609efea890e;1968
flat;Брусника Обмен;real_estate_agent;sale;"Трехкомнатная квартира площадью 63,2 кв.м.
Просторная планировка. сан узел раздельный. уютные комнаты.
Ремонт выполнен в светлых тонах. В стоимость квартиры входит кухня: кухонный гарнитур, встроенная  варочная поверхность, вытяжка, встроенный шкаф (система хранения), тумба под обувь, навесной шкаф, встроенные шкафы (2 шт.), стол письменный.
Панельный дом 1976г.
Прекрасная транспортная развязка, за 8 минут можно доехать до станции метро ""Заельцовская"", множество маршрутов общественного транспорта во всех направлениях. Недалеко от дома располагаются школа, детский сад, мед.учреждение,  сквер, несколько магазинов и торговый центр.
Чистая продажа.
Быстрый выход на сделку.";Калининский;-1;7;9;-1;-1;32/1;-1;37,7 м²;Новосибирск;-1;+79139532104;7100000;;3;Народная ;63.2;Заельцовская;https://novosibirsk.cian.ru/sale/flat/326678806/?mlSearchSessionGuid=114ec3afc1c3ffd43f15b609efea890e;1976
flat;Брусника;developer;sale;"Продается 3-комн. квартира с предчистовой отделкой в ЖК ""Лебедевский"" на 3 этаже. Общая площадь: 81.8 кв.м. Высота потолков 2.82 м.
  
Дом монолитный, многоподъездный, переменной этажности, от 9 до 12 этажей. Квартира находится в 3-й секции высотой 9 этажей в корпусе 1. На этаже 4 квартиры. В подъезде 1 пассажирский и 1 грузовой лифт. Окончание строительства - 2 квартал 2028 года. Оформление сделки по договору долевого участия.
  
Квартира с кухней-гостиной и тремя спальнями в квартале ""Лебедевский"". Особенности планировки: балкон, мастер-спальня, окна на две стороны, постирочная, предчистовая отделка, разнесённые спальни.
 квартиры в нашей базе: ЛБД01.1-Ж3.3.4.
  
""Лебедевский"" находится в Заельцовском районе, между улицами Лебедевского и Георгия Колонды. Рядом расположены остановки наземного транспорта. До станций метро ""Заельцовская"" и ""Площадь Калинина"" — 10-15 минут на автомобиле. По улице Георгия Колонды можно доехать на Мочищенское шоссе, улицы Жуковского и Красного проспекта, а оттуда — в любую точку города.
""Лебедевский"" состоит из башен и закрытых домов-кварталов высотой от 8 до 17 этажей. Благодаря переменной высотности зданий, архитектура квартала получилась разнообразной, а дворы домов — светлыми. В основе проекта — органичное соседство жилья с природой. ""Лебедевский"" граничит с лесопарковой зоной. Также мы предусмотрели здесь игровые зоны, площадки для тренировок, прогулочные дорожки, отдельно стоящий паркинг со спортивным комплексом и подземные парковки. Камерные дворы предназначены для отдыха жителей и закрыты для других горожан. Они приподняты над уровнем земли, а доступ автомобилей на их территорию ограничен.
  
Во дворах появится до 40 видов растений. Мы подберём их так, чтобы в каждое время года двор имел свой цвет. Деревья высадим сразу взрослыми, со сформированной кроной. Зелень будет даже зимой — благодаря хвойным растениям. Детские площадки мы сделаем максимально абстрактными — чтобы вдохновлять детей на творчество, а не диктовать им сценарии игры. Разместим игровое оборудование только из натуральных материалов.
  
Архитектурная выразительность фасадов достигается за счёт практичных и в то же время эстетичных решений. Большие окна помогают наполнить комнаты естественным светом. Летние помещения в каждой квартире служат дополнительным пространством для уединения. Также здесь можно установить кондиционер. На верхних этажах спроектированы террасы, которые формируют архитектурный облик зданий. На первых этажах домов будут работать магазины и полезные сервисы.
  
Если Вы - риелтор, пожалуйста, за более подробной информацией обратитесь на горячую линию на нашем официальном сайте. #ZMVtUI";Заельцовский;Предчистовая;3;9;-1;-1;1/4;-1;-1;Новосибирск;-1;+79586110308;9870000;Лебедевский;3;Лебедевский кв-л;81.8;Заельцовская;https://novosibirsk.cian.ru/sale/flat/323145168/?mlSearchSessionGuid=114ec3afc1c3ffd43f15b609efea890e;2028
flat;Эксперт Дом;real_estate_agent;sale;"Уважаемые покупатели,задержитесь!
К Вашему вниманию!
 Продается трехкомнатная  квартира с балконом площадью 58,1 кв,на 4 самом комфортном этаже.
Квартира теплая,чистая ,уютная.Замечательные тихие ,интеллигентные соседи .В подъезде чисто сухо,светло.Интересная  планировка позволит новым собственникам сделать свой ремонт и создать свою атмосферу в доме.Как в песне ) важней всего погода в доме .Идеально подходит для семьи с детьми( каждому найдется свой уголок) можно  и под аренду ,для получения стабильного дохода.
Бонусом для новых собственников остается кухонный гарнитур,шкаф в детской,прихожей .Вся остальная мебель по договоренности.
Дом отлично расположен.Территория  под шлагбаумом-это всегда свободное место для парковки и ваше спокойствие и безопасность вашим детям.
Дом расположен удачно .Все в шаговой доступности:школы,детские сады,магазины,аптека в доме .Остановка в 3 минутах ,вы сможете добраться в любую часть города без задержек .
Квартиру можно  купить как за наличные,так и с ипотекой.
Помогу с решением по ипотеки.
Документы в порядке:
В собственности больше 5 лет.
Долгов ,ограничений,обременений нет.
Мат.капитал не использовался.
Продажа альтернативная .Себе будем подбирать вариант.
Приглашаю на просмотр!.Прошу заранее звонить по просмотрам!
Успевайте купить ,звоните прямо сейчас!";Калининский;-1;4;5;-1;-1;33;6,7 м²;42,2 м²;Новосибирск;-1;+79137311980;5300000;;3; Объединения;58.1;Заельцовская;https://novosibirsk.cian.ru/sale/flat/323586394/?mlSearchSessionGuid=114ec3afc1c3ffd43f15b609efea890e;1967
flat;ЖИЛФОНД;real_estate_agent;sale;"По объекту принят задаток.Для ВАС просторная трехкомнатная квартира на удобном третьем этаже. Окна на две стороны, две застекленные лоджии будут радовать вас круглый год. Рассмотрим аргументированный торг.
Недалеко от дома находятся детские сады, школы, магазины, аптеки, банки и другие объекты инфраструктуры. Также в пешей доступности расположены парки и скверы, Михайловская набережная, где можно проводить время на свежем воздухе. 
Удобная транспортная развязка позволяет быстро добраться до любой точки города. В шаговой доступности метро Речной вокзал. Это идеальный вариант для тех, кто ценит комфорт и удобство в сочетании с современным образом жизни.
Не упустите возможность приобрести квартиру своей мечты в прекрасном месте с развитой инфраструктурой. Звоните прямо сейчас и мы с удовольствием организуем для вас просмотр этой уютной и комфортной квартиры! Быстрый выход на сделку, документы готовы, чистая продажа.
	
	

Рядом с объектом находятся:

2 школы,
1 детский сад,
7 продуктовых магазинов,
3 спортивных учреждения,
1 лицей.


	
	Комплексная услуга для покупателя с полной финансовой ответственностью агентства
	При звонке, пожалуйста, сообщите номер варианта - 
       JV003054133428

	Дополнительно оплачивается комиссия с покупателя.

	Пожалуйста, дождитесь ответа специалиста при звонке. 
	Время дозвона до владельца объявления увеличено из-за использования подменных номеров на сайте Циан.";Октябрьский;-1;3;9;-1;-1;139;7,1 м²;41,3 м²;Новосибирск;-1;+79390418956;5000000;;3;Обская ;62.1;Речной вокзал;https://novosibirsk.cian.ru/sale/flat/323969796/?mlSearchSessionGuid=114ec3afc1c3ffd43f15b609efea890e;1974
flat;СМСС;developer;sale;"Продаётся 3-комнатная квартира в строящемся доме (Дом 1), срок сдачи: II-кв. 2026, общей площадью 77.53 кв.м., на 22 этаже. Новый жилой дом от Группы компаний ""Сибмонтажспецстрой"" расположен в Заельцовском районе Новосибирска на ул. Сухарная.";Заельцовский;Предчистовая;22;28;-1;-1;107/2;-1;-1;Новосибирск;-1;+79635617377;13333026;Бирюзовая жемчужина-4;3;Сухарная ;76.1;Площадь Гарина-Михайловского;https://novosibirsk.cian.ru/sale/flat/325987604/?mlSearchSessionGuid=114ec3afc1c3ffd43f15b609efea890e;2026
flat;Дом Профи;real_estate_agent;sale;"Предлагается к продаже уютная светлая трехкомнатная квартира в отличном состоянии! Ремонт произведен качественными, импортными материалами, заменена вся электропроводка, батареи, разводка труб, пол идеально выравнен, уложен ламинат высокого класса, качественные межкомнатные двери! Просторная кухня, большая гостинная, уютная спальня располагающая к комфортному отдыху, светлая детская. Квартира полностью готова для проживания. Тихий зеленый двор. Придомовая территория максимально благоустроена:, устроена прогулочная зона для жителей, детские площадки для ребят разного возраста, спортивные тренажеры для занятий на свежем воздухе, освещённые улицы и дворы. Во дворе имеется большое количество парковочных мест для автолюбителей. Современный, быстро развивающийся район в нашем городе. В непосредственной близости расположены все социально - значимые объекты: школа, детский сад, магазины, гипермаркет Лента и ТРЦ Континент. Остановка общественного транспорта, расположенная в шаговой доступности, позволит добраться в любой район нашего города (в том числе и к станции метро ""Золотая Нива""), не тратя на поездку много времени. 
ОБРЕМЕНЕНИЙ НЕТ, ОДИН ВЗРОСЛЫЙ СОБСТВЕННИК, В КВАРТИРЕ НИКТО НЕ ПРОПИСАН!!!!
Мебель и техника останется по договоренности!
Звоните! Ждем ваших предложений! Организуем показ в удобное для Вас время, окажем помощь в оформлении ипотеки от банков партнёров.";Октябрьский;-1;10;10;-1;-1;31;9 м²;41 м²;Новосибирск;-1;+79137339672;6800000;;3; В. Высоцкого;68.0;Золотая Нива;https://novosibirsk.cian.ru/sale/flat/297813408/?mlSearchSessionGuid=114ec3afc1c3ffd43f15b609efea890e;1992
flat;СФЕРА-НСК;real_estate_agent;sale;"Просторная 3-комнатная квартира под самоотделку на МЖК!


Обратите внимание - квартир такой планировки очень мало! Все три комнаты изолированные, планировка на две стороны - распашонка. 

Площадь квартиры  87,39 м²

Просторная прихожая, раздельный санузел, удобная кухня - планировка максимально комфортная для жизни.  

Квартира расположена на среднем 4 этаже.


Район с развитой инфраструктурой:

В шаговой доступности школы, детские сады, магазины, аптеки, остановки общественного транспорта.

До станции метро Золотая Нива — 15 минут на машине


Кому подойдет эта квартира?Семья с детьми. Трёхкомнатная квартира площадью 87,4 м² с тремя изолированными комнатами идеально подходит для семьи с несколькими детьми (каждому — своя комната). Большой санузел и просторная кухня-гостиная позволяют удобно разместиться всей семье. Улицы МЖК ""Восточный"" и ""Плющихинский жилмассив"" обладают развитой инфраструктурой: в микрорайоне ""Восточный"" есть 4 детских сада и 3 школы,  рядом — магазины и парк (озеро Собачье). Покупая эту квартиру, семья с детьми  получит большую квартиру для постоянного проживания, могут использовать материнский капитал (если есть ребёнок).  Отличный вариант для семьи — просторная квартира, в которой можно реализовать собственный дизайн и стиль, так как квартира под самоотделку. Не нужно переплачивать за чужие идеи ремонта.Молодая семья. Пары без детей или с одним ребёнком могут рассматривать 3комнатную квартиру как перспективу на будущее (выделить комнату под детскую, кабинет или гостиную). при покупке данной квартиры молодая семья получит современный дом (2018 г. постройки) и свободную планировку ""под чистовую отделку"", дающая свободу интерьера. Поскольку квартира  без готового ремонта, она заинтересует тех, кто готов вложиться в ремонт по своему вкусу. Приобретайте большую по площади квартиру по приемлемой цене!Инвесторы и покупатели под сдачу в аренду. Вложение в 3комнатную может быть интересным для тех, кто ориентирован на долгосрочную аренду. Спрос на аренду жилья в Новосибирске значительно вырос в 2024 году: интерес к долгосрочной аренде квартир прибавил 38%, в том числе на 3комнатные  плюс 17%.  Средняя месячная арендная ставка для 3-комнатной квартиры в этой локации   35-45 тыс. руб.


Звоните! Успевайте купить эту прекрасную квартиру!


Арт. 104155129

Номер объекта: #1/541772/24710";Октябрьский;-1;4;10;-1;-1;1;12,9 м²;56,5 м²;Новосибирск;-1;+79134735442;5650000;Плющихинский;3; Плющихинская;87.39;Золотая Нива;https://novosibirsk.cian.ru/sale/flat/324072690/?mlSearchSessionGuid=114ec3afc1c3ffd43f15b609efea890e;2018
flat;СМСС;developer;sale;"Продаётся 3-комнатная квартира в строящемся доме (БС А1-А4), срок сдачи: III-кв. 2027, общей площадью 58.5 кв.м., на 5 этаже. Новый жилой комплекс ""Калининский квартал"" от Группы компаний ""Сибмонтажспецстрой"" расположен в Калининском районе Новосибирска на ул. Славянская.";Калининский;Черновая;5;23;-1;-1;;-1;-1;Новосибирск;-1;+79586117355;9821565;Калининский квартал ЖК;3;;58.5;Маршала Покрышкина;https://novosibirsk.cian.ru/sale/flat/325988731/?mlSearchSessionGuid=114ec3afc1c3ffd43f15b609efea890e;2027
flat;Дом Профи;real_estate_agent;sale;"Предлагаем вашему вниманию видовую евротрешку в современном жилом комплексе ""VESNA"" (Весна). Удобная планировка с комнатами правильной формы позволит организовать пространство, полностью отвечающее вашим потребностям. Хороший метраж санузлов. В квартире выполнена качественная предчистовая отделка, позволяющая воплотить любой дизайн - проект. Большие окна, много света.Из окон квартиры открывается чудесный вид на город и прибрежную линию Оби!

 В доме продуманы колясочные и кладовые, подземный паркинг. В подъезде качественная отделка, бесшумные скоростные лифты.! Во дворе жилого комплекса имеются детские площадки для прогулок с детьми разного возраста, места отдыха для взрослых. Территория придомового пространства красиво оформлена декоративными растениями и газонами. Круглосуточное видео наблюдение на всей территории комплекса!

В пешей доступности находится набережная, где жители комплекса могут погулять у реки, заниматься спортом на свежем воздухе или просто наслаждаться тихой гладью реки!!!

Максимально развитая инфраструктура в шаговой доступности множество различных магазинов в т.ч. ЛЕНТА, медицинские учреждения, салоны красоты, фитнес и спа, кафе, так же на территории комплекса есть пункты выдачи OZON и WILDBERRIES и др. Удачная транспортная развязка и расположение комплекса в районе Димитровского моста позволяет добраться до площади Ленина за 10 минут! Звоните! 

Ждем ваших предложений! Окажем помощь в получении ипотечного решения.";Ленинский;-1;18;20;-1;-1;43;6,5 м²;31,5 м²;Новосибирск;-1;+79130601345;7770000;VESNA;3; Ясный Берег;46.5;Октябрьская;https://novosibirsk.cian.ru/sale/flat/322465676/?mlSearchSessionGuid=114ec3afc1c3ffd43f15b609efea890e;2024
flat;Совкомбанк;real_estate_agent;sale;"ПАО Совкомбанк предлагает к продаже 3-х комнатную квартиру (кадастровый номер: 54:35:014920:1809) площадью 60,7 м², расположенную на 1-м этаже 9-ти этажного панельного дома 1982 года постройки. 
Квартира находится в районе с развитой инфраструктурой: в шаговой доступности расположены магазины, аптеки, детские сады, школы и поликлиника 22. Остановки общественного транспорта находятся в непосредственной близости.
Есть зарегистрированные лица. Текущее состояние объекта неизвестно, возможность осмотра временно недоступна.
Продажа осуществляется напрямую от банка-собственника с возможностью проведения электронной регистрации сделки. Покупателям гарантируется:
- Юридическая чистота сделки
- Полное юридическое сопровождение
Консультации по вопросам приобретения доступны по будним дням с 7:00 до 18:00 по московскому времени.";Дзержинский;-1;1;9;-1;-1;25;9 м²;-1;Новосибирск;-1;+79873505488;4100000;;3; Толбухина;60.7;Золотая Нива;https://novosibirsk.cian.ru/sale/flat/321855503/?mlSearchSessionGuid=114ec3afc1c3ffd43f15b609efea890e;1982
flat;Брусника;developer;sale;"3-комн. квартира от застройщика с предчистовой отделкой в ЖК ""Город-на-озере"" на 4 этаже. Общая площадь: 112.93 кв.м., жилая: 39.1 кв.м., площадь просторной кухни-гостиной: 44.6 кв.м. Квартира угловая, очень светлая, естественная вентиляция при открытии окон. В квартире одна лоджия, два совмещенных санузла. Высота потолков 3.0 м.
  
Дом монолитный, многоподъездный, переменной этажности, от 9 до 24 этажей. Квартира находится в 5-й секции высотой 9 этажей в корпусе 1. На этаже 6 квартир. В подъезде 1 пассажирский и 1 грузовой лифт. Окончание строительства - 4 квартал 2028 года. Оформление сделки по договору долевого участия.
  
Квартира с кухней-гостиной и тремя спальнями в проекте Город-на-озере. Особенности планировки: второй санузел, гардеробная, лоджия, мастер-спальня, потолки 3 м и выше, предчистовая отделка, разнесённые спальни.
 квартиры в нашей базе: ГРД01-Ж5.4.6.
  
Город-на-озере находится в Центральном районе Новосибирска, на пересечении Ипподромской магистрали и улицы Фрунзе. По этим крупным транспортным артериям легко добраться в любое место города и на автомобиле, и на общественном транспорте. До ближайших автобусных остановок — 5 минут пешком, а до станции метро ""Березовая Роща"" — 10 минут.
В радиусе 1,5 км вокруг квартала уже сформирована необходимая инфраструктура. Здесь есть детские сады, школы, больницы, аптеки, спортивные клубы, торговые центры с супермаркетами, ресторанами и кинотеатрами.
Для большего комфорта жителей Город-на-озере обеспечат собственной инфраструктурой. В квартале будет свой торговый центр с магазинами и полезными сервисами. Город взял на себя обязательство создать рядом образовательный кластер — два детских сада и две школы.
Особенность квартала — озеро Верховое. Жители района смогут прогуляться по набережной, вокруг водоёма, где будет круговой пешеходный маршрут, с разными зонами отдыха. Кроме того, в пешей доступности от Города-на-озере находятся еще два городских парка: ""Центральный"" и ""Березовая роща"".
  
Город-на-озере — проект комплексного развития территории (КРТ) по принципу многофункциональной застройки, или mixed-use. Это когда на одной территории сочетаются жилая, коммерческая, социальная и рекреационная инфраструктура. К 2032 году здесь появятся разноэтажные жилые дома с приватными дворами, образовательный кластер, деловой центр, торговая улица и общественные пространства, открытые для всех горожан. Люди смогут жить и работать в Городе-на-озере, а в обеденный перерыв совершать променад вокруг озера.
  
Локация квартала уникальна: с одной стороны он соседствует с активным уличным фронтом, а с другой — с тихим и спокойным озером с обильным озеленением. При этом участок неровный, перепад высот достигает 30 метров — это высота восьмиэтажного дома.
Для разработки проекта мы пригласили лучшие архитектурные бюро из Китая: AEDAS и Turenscape. AEDAS специализируются на создании качественных общественных пространств, а Turenscape — на работах с экосистемой водных объектов. Архитекторы учли особенности местн";Дзержинский;Предчистовая;4;9;-1;-1;;44,6 м²;39,1 м²;Новосибирск;-1;+79587381413;18560000;Город-на-озере ЖК;3;;112.93;Березовая Роща;https://novosibirsk.cian.ru/sale/flat/324800979/?mlSearchSessionGuid=114ec3afc1c3ffd43f15b609efea890e;2028
flat;Дом Профи;real_estate_agent;sale;"Просторная трехкомнатная квартира хорошей планировки, с лоджией, предлагается на продажу! Квартира в 15 секции, сдача в январе 2026 года!! Кирпичный дом, хорошая звукоизоляция, небольшое количество квартир на площадке, два лифта в секции, для держателей автомобилей предусмотрен подземный паркинг. Большая часть дома уже заселена, сдается секциями.

Дом строится в одном из лучших мест Заельцовского района: в шаговой доступности располагаются любимые места жителей Новосибирска- городской Зоопарк и Ботанический сад, станция метро ""Заельцовская"" в 10 минутах ходьбы, два детских сада, школа, на площади Калинина несколько ТРЦ, банки, аптеки, кафе.

Хорошая транспортная развязка позволяет без пробок добраться в любой уголок города.

Поможем с получением ипотечного решения от банков партнеров. 14/15 секция, подходит под ипотеку.";Заельцовский;Чистовая;15;21;-1;-1;238;17,3 м²;56,1 м²;Новосибирск;-1;+79130601345;9600000;Ельцовский;3; Дуси Ковальчук;99.41;Заельцовская;https://novosibirsk.cian.ru/sale/flat/324961149/?mlSearchSessionGuid=114ec3afc1c3ffd43f15b609efea890e;2025
flat;Города Новосибирск;real_estate_agent;sale;"Код объекта: 2006294.
3-комнатная квартира площадью 107,1 м² для тех, кто ценит комфорт, статус и качество жизни.
Роскошные виды 23 этажа
Премиальный ремонт.

Чистая продажа. Покупка защищена гарантийным сертификатом.

 Планировка и пространство
изолированные комнаты — идеальны для семьи
два балкона
два санузла (раздельный и совмещённый)
высота потолков 2,7 м — ощущение простора и воздуха
из окон открываются роскошные панорамные виды на город

 Дизайнерский ремонт выполнен с использованием качественных материалов — квартира полностью готова к проживанию, без дополнительных вложений.

 Интерьер и оснащение
системы хранения Mr. Doors
кухня Mr. Doors — функциональная и стильная
высококачественный итальянский паркет — тёплый, долговечный, премиальный
остаётся почти вся мебель и техника — заезжай и живи
Каждая деталь продумана для комфорта и эстетики.

 Дом и территория
кирпично-монолитный дом — надёжность и хорошая шумоизоляция
подземная парковка
огороженная территория
ухоженные входные группы
современные лифты

 Локация — одно из главных преимуществ
метро Гагаринская и Красный проспект — в шаговой доступности
прямо рядом с домом — Нарымский сквер и Цирк
центр города, при этом зелёно и спокойно

В шаговой доступности:
3 детских сада
4 школы
лицей
ВУЗы

Развитая инфраструктура:
супермаркеты и торговые центры
аптеки и медицинские клиники
кафе, рестораны и кофейни
фитнес-клубы и студии спорта
пункты выдачи маркетплейсов
банки, салоны красоты, сервисы
удобные транспортные развязки

 Почему стоит выбрать именно эту квартиру
 престижный район
 большой метраж и удобная планировка
 дизайнерский ремонт и мебель включены в стоимость
 высокий этаж и красивые виды
 метро и зелёные зоны рядом

 Звоните прямо сейчас, чтобы узнать подробности и записаться на просмотр.

Мы гарантируем безопасную сделку, полное юридическое сопровождение и поможем оформить ипотеку по сниженной ставке.
Исключительное предложение в одном из самых престижных и удобных районов Новосибирска.
Такие квартиры появляются редко — не упустите свой шанс.

Покупателю данной квартиры - подарочный сертификат на сумму 250000 руб. в гипермаркет Hoff.";Железнодорожный;-1;23;26;-1;-1;85/1;12 м²;66,9 м²;Новосибирск;-1;+79831236186;24990000;Зенит;3; 1905 года;107.1;Гагаринская;https://novosibirsk.cian.ru/sale/flat/326720449/?mlSearchSessionGuid=114ec3afc1c3ffd43f15b609efea890e;2015
flat;Брусника;developer;sale;"3-комн. квартира с предчистовой отделкой в Квартал ""Авиатор"" на 8 этаже. Общая площадь: 100.04 кв.м., жилая: 39.2 кв.м., площадь просторной кухни-гостиной: 25.1 кв.м. Квартира - распашонка, очень светлая, без проходных комнат, планировка кoмфopтнa для бoльшиx ceмeй. В квартире один балкон и одна лоджия, один совмещенный санузел. Высота потолков 2.82 м.
  
Дом монолитный, черырехподъездный, переменной этажности, от 9 до 15 этажей. Квартира находится в 4-й секции высотой 9 этажей в корпусе Дом 3. На этаже 7 квартир. В подъезде 1 пассажирский и 1 грузовой лифт. Окончание строительства - 1 квартал 2026 года. Оформление сделки по договору долевого участия.
  
Квартира с кухней-гостиной и тремя спальнями в квартале Авиатор. Особенности планировки: вид во двор, второй санузел, гардеробная, мастер-спальня, предчистовая отделка, разнесённые спальни, терраса на крыше.
 квартиры в нашей базе: АВТ03-Ж4.8.1.
  
Квартал ""Авиатор"" расположен на пересечении улицы Аэропорт и Мочищенского шоссе, рядом с остановками ""Байкальская"", ""Жуковского"" и ""Городской аэропорт"", в 7 минутах ходьбы от сквера им. Чаплыгина и 10 минутах от крупной транспортной магистрали — Красного проспекта.
  
До станции метро ""Заельцовская"" и площади ""Калинина"" — около 10 минут на автомобиле. Квартал связан выездами с Мочищенским шоссе, улицами Жуковского, Аэропорт и Георгия Колонды. Сформированная инфраструктура локации — школы, детские сады, магазины, спортивный стадион — делают жизнь в квартале комфортной.
  
Квартал состоит из восьми домов. Вдоль улицы Аэропорт расположено 6-18-этажное здание с видовыми квартирами. Оно защищает внутреннее пространство от шума и пыли. В центре — четыре 7-9-этажные урбан-виллы. Для них характерны увеличенная площадь квартир, повышенная приватность и малое соседство (30 — 40 квартир). Завершают комплекс два полузакрытых блока высотой 8-16 этажей с фасадами фисташкового цвета и подземной парковкой. Благодаря переменной высотности застройка приобретает человеческий масштаб, во дворы проникает больше света, а число квартир, из которых открывается красивый вид, значительно увеличивается.
  
Первые этажи вдоль Мочищенского шоссе и улицы Аэропорт мы отдали под полезные сервисы и магазины. Активный фронт позволил интегрировать квартал в городской контекст. На территории ""Авиатора"" расположен многофункциональный спортивный комплекс с открытым амфитеатром, который станет центром притяжения всего района.
  
Если Вы - риелтор, пожалуйста, за более подробной информацией обратитесь на горячую линию на нашем официальном сайте. #ZSMTWC";Заельцовский;Предчистовая;8;9;-1;Монолитный;90;25,1 м²;39,2 м²;Новосибирск;-1;+79586117515;13530000;Авиатор;3; Аэропорт;100.04;Заельцовская;https://novosibirsk.cian.ru/sale/flat/312156075/?mlSearchSessionGuid=114ec3afc1c3ffd43f15b609efea890e;2026
flat;Флиппинг со вкусом;real_estate_agent;sale;"Продаётся 3комнатная студия от собственника ул. Галущака, 15 (Новосибирск)

Основные параметры
- Площадь: 55 м2 + 7 м2 балкон
- До метро ""Заельцовская"": 57 минут пешком.  
- Собственник, чистая продажа, без обременений.  
- Возможна ипотека.  

Что внутри 
Просторная и функциональная планировка:  
- светлая кухнягостиная;  
- две уютные спальни; (кабинет)
- удобная гардеробная;  
- застеклённая лоджия.  

Новый ремонт, мебель и техника 
Квартира полностью готова к заселению — всё новое, сделано ""под ключ"":  
- свежий дизайнерский ремонт в светлых тонах (выполнен по проекту);  
- новая мебель во всех зонах;  
- кухня со всей необходимой встроенной техникой (варочная панель, духовой шкаф, посудомоечная машина, микроволновка, вытяжка);  
- санузел с новой качественной сантехникой и встроенной мебелью;  
- тёплый пол в ванной;  
- натяжные потолки и современное LEDосвещение;  
- кондиционер;  
- система ""умный дом"" Управление освещением.  

Локация и инфраструктура
Район с развитой инфраструктурой:  
- площадь Калинина — в шаговой доступности;  
- детские сады и школы рядом;  
- магазины, кафе и аптеки под рукой;  
- ТРЦ ""Ройял Парк"" — несколько минут пешком.  

Для кого эта квартира  
Идеальный вариант для:  
- семей с детьми (две спальни + просторная общая зона);  
- тех, кто хочет переехать без дополнительных вложений — всё уже готово для жизни;  
- ценителей удобного расположения и городской инфраструктуры.  
- Возможна аренда парковочного места в доме 

Приглашаем на просмотр — убедитесь сами, насколько здесь комфортно!

Номер объекта: #1/536979/23632";Заельцовский;-1;18;24;-1;-1;15;17 м²;25 м²;Новосибирск;-1;+79137252530;12400000;на Галущака;3; Галущака;55.0;Гагаринская;https://novosibirsk.cian.ru/sale/flat/326579911/?mlSearchSessionGuid=114ec3afc1c3ffd43f15b609efea890e;2023
flat;1Е;real_estate_agent;sale;"Отличное ценовое предложение!

B прoдажe просторная трёхкомнатная квартира, oтличный вариaнт как для проживания, так и пoд cдачу в apенду!

Kвapтирa oчeнь cвeтлая и тeплaя, расположена на комфортном четвёртом этаже.

Частично укомплектована мебелью и техникой.

Вo двoре уютная детская площадка, достаточное количество парковочных мест.

Удачное расположение, рядом есть вся необходимая инфраструктура:

- в шаговой доступности остановка общественного транспорта.

- в 10 минутах ходьбы несколько детских садов, СОШ 97, пара остановок до Новосибирского государственного архитектурно-строительного университета (Сибстрин)

- в шаговой доступности сетевые магазины, аптеки, салоны красоты.

Квартира будет продана по полной стоимости в договоре, в квартире нет детских долей и обременений банка.
Дополнительно оплачивается комиссия с покупателя.";Октябрьский;-1;4;5;-1;-1;321;7 м²;-1;Новосибирск;-1;+79831237454;5700000;;3; Кирова;59.9;Речной вокзал;https://novosibirsk.cian.ru/sale/flat/319040325/?mlSearchSessionGuid=114ec3afc1c3ffd43f15b609efea890e;1975
flat;СМСС;developer;sale;"Продаётся 3-комнатная квартира в строящемся доме (БС А1-А4), срок сдачи: III-кв. 2027, общей площадью 83.3 кв.м., на 9 этаже. Новый жилой комплекс ""Калининский квартал"" от Группы компаний ""Сибмонтажспецстрой"" расположен в Калининском районе Новосибирска на ул. Славянская.";Калининский;Черновая;9;23;-1;-1;;-1;-1;Новосибирск;-1;+79586117355;13470443;Калининский квартал ЖК;3;;83.3;Маршала Покрышкина;https://novosibirsk.cian.ru/sale/flat/325988942/?mlSearchSessionGuid=114ec3afc1c3ffd43f15b609efea890e;2027
flat;ДомианНСК;real_estate_agent;sale;"ЖК ""ПИФАГОР"" — качественный кирпичный дом от надежного застройщика 

БЫСТРЫЙ ВЫХОД НА СДЕЛКУ 

ЧИСТАЯ ПРОДАЖА. ОБРЕМЕНЕНИЙ НЕТ. МАТКАП не использовался . ОДИН взрослый  собственник . НИКТО НЕ ПРОПИСАН 

КЛЮЧИ в день полного расчета СРАЗУ !!!

  
 Просторная квартира с частичным ремонтом — воплотите свой дизайн-мечты!  
  
 •Удобная планировка  
• Два раздельных санузла  

Электрика в квартире полностью в рабочем состоянии — заезжай и живи!

В ванной, душевой и на балконе установлен тёплый пол для максимального уюта в любое время года. Балкон утеплён — идеальное место для отдыха или работы. 

ИНФРАСТРУКТУРА : рядом  ТЦ "" Сибирский молл"", ""Федосеевский"",кинотеатр, банки, аптеки, дом расположен  между двух станций метро ""Золотая Нива"", и ""Березовая Роща"",  по прописке дом относится к школе  186, так же рядом детские садики, поликлиники. 

В самом жилом комплексе школа робототехники, образовательный центр ,языковые школы и т.п.. Рядом спортклуб. 

Агентство является действующим членом СРО Ассоциации ""НОАН"". Деятельность Агентства застрахована на 100 000 000 в САО ""РЕСО"" ГАРАНТИЯ.

Дополнительно оплачивается комиссия с покупателя. Комиссии с АН нет.";Октябрьский;-1;2;21;-1;-1;22/2;15 м²;55 м²;Новосибирск;-1;+79133720123;13700000;Пифагор;3; Кошурникова;85.5;Березовая Роща;https://novosibirsk.cian.ru/sale/flat/322993285/?mlSearchSessionGuid=114ec3afc1c3ffd43f15b609efea890e;-1
flat;СТАН;real_estate_agent;sale;Срочная продажа! Супер цена! Дом 171/1, блок секция-1, на ул. Высоцкого — это реальный строящийся объект в активно развивающемся районе. Он близок к сдаче (по плану на конец 2026 года). Для получения детальной информации и принятия решения о покупке ваш следующий шаг — прямое обращение к риэлтеру. Дополнительно оплачивается комиссия с покупателя.  Наличный расчёт, переуступка в офисе застройщика. Дополнительно оплачиваются услуги с покупателя.;Октябрьский;Без отделки;2;10;-1;-1;171/1;9 м²;46 м²;Новосибирск;-1;+79134736040;2800000;Плющихинский;3; В. Высоцкого;59.0;Золотая Нива;https://novosibirsk.cian.ru/sale/flat/322176346/?mlSearchSessionGuid=114ec3afc1c3ffd43f15b609efea890e;2027
flat;Дом-Строй;developer;sale;"""Горская Лагуна"" — новый проект от девелопера знаковых объектов Новосибирска — группы компаний ""Дом-Строй"".
Жилой квартал, расположенный в пяти минутах от новой станции метро ""Спортивная"" и в 15-и минутах от метро ""Студенческая"" и гармонично вписанный в естественный ландшафт прибрежной зоны, устроен так, чтобы замечать тонкие моменты жизни. Благодаря обособленному расположению на возвышенности вам откроются потрясающие виды на водную гладь и городской пейзаж.
Строительство ведется в два этапа. Первым будет построен 30-этажный дом с высотой потолков в квартирах до 3,6 метра. В доме доступны квартиры площадью от 23,2 до 89,2 квадратного метра. 
Преимущества квартала новой жизни Горская Лагуна :
• 5 минут до станции метро ""Спортивная"";
• 378 квартир с 13-ю разными планировочными решениями;
• Квартиры с панорамным остеклением и собственными террасами;
• Отделка квартир white box;
• Детские площадки из натуральных экологичных материалов с пространством для естественного обучения;
• Детский сад с собственной игровой площадкой на первом этаже в одном из домов;
• Двор без машин;
• Лифт в паркинг, зарядки для автомобилей, автомойка.

На расстоянии прогулки есть всё для продуктивного времяпровождения — ледовый дворец и парк ""Арена"", горнолыжный спуск, премиальный фитнес-клуб Edge, пляж ""Наутилус"" и тихое озеро, университеты, школы, секции спорта и развития.";Ленинский;Предчистовая;1;14;-1;-1;;-1;39,5 м²;Новосибирск;-1;+79586118781;16460000;Горская лагуна ЖК;3;;94.53;Студенческая;https://novosibirsk.cian.ru/sale/flat/321861647/?mlSearchSessionGuid=114ec3afc1c3ffd43f15b609efea890e;2026
flat;Эксперт Дом;real_estate_agent;sale;"Продаётся уютная трехкомнатная студия площадью 55.1 квадратных метров на 22 этаже 25-этажного кирпичного дома новой постройки (2021 год) в самом сердце Новосибирска, по адресу Ядринцевская улица, 57 / Семьи Шамшиных, 45а.

Вас порадует качественная отделка выполненная по европейским стандартам, вам осталось только обустроить квартиру на ваш вкус! Просторная кухня-гостинная позволяет проводить уютные семейные вечера и встречать друзей )

Из окон квартиры открывается вид на город. Рядом расположена детская площадка, где ваши дети смогут весело проводить время на свежем воздухе. Безопасность жителей обеспечивает консьерж, закрытая территория. В доме есть подземный паркинг, ге вы сможете приобрести жилье или снять в аренду для своего автомобиля.

Благодаря удачному расположению в центральной части города, вы сможете быстро добраться до ключевых точек Новосибирска: всего лишь 11 минут пешком до площади Ленина, 14 минут до улицы Маршала Покрышкина, 16 минут до Красного проспекта и станции метро Сибирская, а также 23 минуты неспешной прогулки до станции Берёзовая Роща.

Выбирая эту квартиру, вы выбираете комфорт, безопасность и качество жизни в одном из лучших районов города. Приглашаем вас оценить все преимущества данного предложения лично!";Центральный;-1;22;27;-1;-1;57;5,2 м²;33,4 м²;Новосибирск;-1;+79833018659;13999000;Расцветай на Ядринцевской;3;Ядринцевская ;55.1;Площадь Ленина;https://novosibirsk.cian.ru/sale/flat/325594389/?mlSearchSessionGuid=114ec3afc1c3ffd43f15b609efea890e;2021
flat;Василевский;real_estate_agent;sale;"Арт. 110316299 Продаётся трёхкомнатная квартира
Квартира расположена в Заельцовском районе города Новосибирска. Общая площадь — 74,2 м². Изолированная планировка на две стороны создаёт уютное и светлое пространство. Ремонт выполнен в спокойных светлых тонах, что придаёт квартире особую атмосферу. 
После капитального ремонта лоджия с прекрасным видом на Заельцовский парк.
Преимущества квартиры:
уютная атмосфера;
изолированная планировка;
светлые спокойные тона в ремонте;
два взрослых собственника;
в стоимость квартиры включены кухонный гарнитур и встроенный шкаф в коридоре;
капитальный ремонт балкона с великолепным видом на Заельцовский парк.
Инфраструктура:
детский сад во дворе дома;
Заельцовский парк;
магазины;
остановка общественного транспорта.
Отличный вариант для комфортной жизни в одном из самых зелёных районов города! 
Показ возможен по предварительной договорённости. 

Дополнительно оплачивается комиссия за юридическое сопровождение сделки.";Заельцовский;-1;5;18;-1;-1;76/1;9,2 м²;44 м²;Новосибирск;-1;+79137809588;10850000;;3;Сухарная ;74.2;Площадь Гарина-Михайловского;https://novosibirsk.cian.ru/sale/flat/319668112/?mlSearchSessionGuid=114ec3afc1c3ffd43f15b609efea890e;2010
flat;СМСС;developer;sale;"Продаётся 3-комнатная квартира в строящемся доме (Секция 1.1), срок сдачи: II-кв. 2028, общей площадью 68.9 кв.м., на 2 этаже. Новый жилой комплекс ""Паскаль"" от Группы компаний ""Сибмонтажспецстрой"" расположен в Октябрьском районе Новосибирска на ул. 4-я Кирпичная Горка.";Дзержинский;Черновая;2;22;-1;-1;;-1;-1;Новосибирск;-1;+79942525223;13573300;Паскаль;3; 5-я Кирпичная Горка;68.9;Березовая Роща;https://novosibirsk.cian.ru/sale/flat/325989206/?mlSearchSessionGuid=114ec3afc1c3ffd43f15b609efea890e;2028
flat;Города Новосибирск;real_estate_agent;sale;"Код объекта: 1862310.
Парковка в подарок!

Продаётся 3х комнатная квартира, перепланированная в 4х комнатную (перепланировка узаконена) площадью 107 квадратных метров.

Монолитный дом, расположенном в центре Новосибирска - до Красного проспекта неспешным шагом порядка 5-7 минут!

В квартире выполнен дизайнерский ремонт, что придаёт ей особый шарм и уют. Вся мебель и бытовая техника остается. Вариант ""Заезжай и живи!"".

Три отдельные спальные комнаты позволяют комфортно разместиться всей семье.
Большая кухня-гостиная, окна на две стороны, два санузла. Из окон открывается прекрасный вид на город.

Для удобства во дворе обустроено несколько детских площадок, площадка с тренажерами.

С покупкой данного варианта, вы получаете парковочное место, куда можно попасть не выходя из подъезда.

Закрытая охраняемая территория, круглосуточное видеонаблюдение в подъездах и во дворе.

Квартира находится в одном из самых динамично развивающихся районов города. Удобная транспортная схема, в шаговой доступности метро Октябрьская (7 мин), автобусные и трамвайные остановки.

Престижность жилого комплекса, расположение, ценовая доступность, большая площадь - наиболее важные качества данной квартиры!

Не упустите возможность стать счастливым обладателем этой замечательной квартиры!

ВСЕ ПОДРОБНОСТИ ПО ТЕЛЕФОНУ.

Дополнительно взымается комиссия с покупателя.";Октябрьский;-1;4;25;-1;-1;11;12 м²;76,3 м²;Новосибирск;-1;+79831236186;17450000;Эльбрус;3; Шевченко;107.0;Октябрьская;https://novosibirsk.cian.ru/sale/flat/326729360/?mlSearchSessionGuid=114ec3afc1c3ffd43f15b609efea890e;2017
flat;МакроМир;real_estate_agent;sale;"В продаже трёхкомнатная квартира с отличным ремонтом. Мебель и техника остаётся остаётся. 
Только наличные.
По остальным вопросам звоните.";Кировский;-1;3;4;-1;-1;68;15 м²;-1;Новосибирск;-1;+79137729559;5700000;;3; Немировича-Данченко;109.0;Площадь Маркса;https://novosibirsk.cian.ru/sale/flat/320200487/?mlSearchSessionGuid=114ec3afc1c3ffd43f15b609efea890e;-1
flat;Дом-Строй;developer;sale;"""Горская Лагуна"" — новый проект от девелопера знаковых объектов Новосибирска — группы компаний ""Дом-Строй"".
Жилой квартал, расположенный в пяти минутах от новой станции метро ""Спортивная"" и в 15-и минутах от метро ""Студенческая"" и гармонично вписанный в естественный ландшафт прибрежной зоны, устроен так, чтобы замечать тонкие моменты жизни. Благодаря обособленному расположению на возвышенности вам откроются потрясающие виды на водную гладь и городской пейзаж.
Строительство ведется в два этапа. Первым будет построен 30-этажный дом с высотой потолков в квартирах до 3,6 метра. В доме доступны квартиры площадью от 23,2 до 89,2 квадратного метра. 
Преимущества квартала новой жизни Горская Лагуна :
• 5 минут до станции метро ""Спортивная"";
• 378 квартир с 13-ю разными планировочными решениями;
• Квартиры с панорамным остеклением и собственными террасами;
• Отделка квартир white box;
• Детские площадки из натуральных экологичных материалов с пространством для естественного обучения;
• Детский сад с собственной игровой площадкой на первом этаже в одном из домов;
• Двор без машин;
• Лифт в паркинг, зарядки для автомобилей, автомойка.

На расстоянии прогулки есть всё для продуктивного времяпровождения — ледовый дворец и парк ""Арена"", горнолыжный спуск, премиальный фитнес-клуб Edge, пляж ""Наутилус"" и тихое озеро, университеты, школы, секции спорта и развития.";Ленинский;Предчистовая;10;14;-1;-1;;-1;39,5 м²;Новосибирск;-1;+79586118781;13403000;Горская лагуна ЖК;3;;60.99;Студенческая;https://novosibirsk.cian.ru/sale/flat/324797269/?mlSearchSessionGuid=114ec3afc1c3ffd43f15b609efea890e;2026
flat;Этажи;real_estate_agent;sale;"Просторная трехкомнатная квартира в Ленинском районе Новосибирска предлагает комфорт и удобство для жизни.

Рассмотрим обмен на индивидуальный жилой дом! 

Объект расположен на высоком первом этаже. 

Планировка предусматривает выход окон на две стороны дома.

Три просторные комнаты, кухня, санузел раздельный. 

Особенность объекта  застекленная лоджия с дополнительным полезным пространством: здесь оборудован погреб для хранения запасов.  

Ленинский район отличается развитой инфраструктурой. 

В шаговой доступности  детские сады, школы 92 и 45, 2-я гимназия, Новосибирский юридический институт, что делает локацию привлекательной для семей с детьми. 

Медицинские учреждения включают детскую и взрослую поликлинику 18, а также центр планирования семьи. 

Для активного отдыха и спорта в районе работают ледовый дворец ""Звездный"", оздоровительный комплекс ""Акватонус"" с бассейном и многочисленные секции для детей.  

Транспортная доступность  одно из ключевых преимуществ. 

Дорога до  метро ""Маркса""  20 минут, а в пешей доступности находится ж/д вокзал ""Новосибирск-Западный"", откуда на электричке можно добраться до центра города всего за 15 минут. 

Придомовая территория благоустроена: огороженный двор оборудован детскими площадками, доступ на территорию контролируется шлагбаумом и системой видеонаблюдения. 

В шаговой доступности  магазины, супермаркеты, парикмахерские и другие объекты повседневного спроса.  

Квартира готова к сделке: все документы в порядке, собственник  один взрослый, обременения отсутствуют. 

Возможен просмотр в удобное для покупателя время. 





 

Дополнительно оплачивается комиссия с покупателя.









Код пользователя: 69121
Номер в базе: 8530998";Ленинский;-1;1;9;-1;-1;115;8 м²;-1;Новосибирск;-1;+79137830130;5200000;;3;Широкая ;60.8;Площадь Маркса;https://novosibirsk.cian.ru/sale/flat/319342409/?mlSearchSessionGuid=114ec3afc1c3ffd43f15b609efea890e;1979
flat;СМСС;developer;sale;"Продаётся 3-комнатная квартира в строящемся доме (Секция 1.1), срок сдачи: II-кв. 2028, общей площадью 87.4 кв.м., на 14 этаже. Новый жилой комплекс ""Паскаль"" от Группы компаний ""Сибмонтажспецстрой"" расположен в Октябрьском районе Новосибирска на ул. 4-я Кирпичная Горка.";Дзержинский;Черновая;14;22;-1;-1;;-1;-1;Новосибирск;-1;+79942525223;16693400;Паскаль;3; 5-я Кирпичная Горка;87.4;Березовая Роща;https://novosibirsk.cian.ru/sale/flat/326460537/?mlSearchSessionGuid=114ec3afc1c3ffd43f15b609efea890e;2028
flat;ЖИЛФОНД;real_estate_agent;sale;"За объект уже внесли аванс
По объекту принят задаток.Продается полноценная 3-х комнатная квартира. Окна выходят на обе стороны (кухня и две комнаты во двор, одна комната на другую сторону).

Квартира требует ремонта.

Два взрослых собственника, без обременений. Чистая продажа.

Р.S. Квартира примечательна тем, что в ней жил лидер и основатель группы ""Коридор"".

Звоните, записывайтесь на просмотр.

* Дополнительно оплачивается комиссия с покупателя
	
	

Рядом с объектом находятся:

2 школы,
4 детских сада,
11 продуктовых магазинов,
1 спортивное учреждение.


	
	Комплексная услуга для покупателя с полной финансовой ответственностью агентства
	При звонке, пожалуйста, сообщите номер варианта - 
       JV003054145303


	Пожалуйста, дождитесь ответа специалиста при звонке. 
	Время дозвона до владельца объявления увеличено из-за использования подменных номеров на сайте Циан.";Дзержинский;-1;7;9;-1;-1;37;7 м²;42 м²;Новосибирск;-1;+79365422350;4800000;;3; Доватора;60.0;Золотая Нива;https://novosibirsk.cian.ru/sale/flat/326264262/?mlSearchSessionGuid=114ec3afc1c3ffd43f15b609efea890e;1976
flat;Брусника;developer;sale;"Просторная 3-комн. квартира с предчистовой отделкой в ЖК ""Город-на-озере"" на 8 этаже. Общая площадь: 78.5 кв.м., жилая: 32.5 кв.м., площадь просторной кухни-гостиной: 25.7 кв.м. Угловая квартира, очень светлая, естественная вентиляция при открытии окон. В квартире два балкона, один совмещенный и один раздельный санузел. Высота потолков 3.0 м.
  
Дом монолитный, многоподъездный, переменной этажности, от 9 до 24 этажей. Квартира находится в 1-й секции высотой 14 этажей в корпусе 1. На этаже 8 квартир. В подъезде 1 пассажирский и 1 грузовой лифт. Окончание строительства - 4 квартал 2028 года. Оформление сделки по договору долевого участия.
  
Квартира с кухней-гостиной и тремя спальнями в проекте Город-на-озере. Особенности планировки: балкон, вид во двор, второй санузел, потолки 3 м и выше, предчистовая отделка, разнесённые спальни.
 квартиры в нашей базе: ГРД01-Ж1.8.7.
  
Город-на-озере находится в Центральном районе Новосибирска, на пересечении Ипподромской магистрали и улицы Фрунзе. По этим крупным транспортным артериям легко добраться в любое место города и на автомобиле, и на общественном транспорте. До ближайших автобусных остановок — 5 минут пешком, а до станции метро ""Березовая Роща"" — 10 минут.
В радиусе 1,5 км вокруг квартала уже сформирована необходимая инфраструктура. Здесь есть детские сады, школы, больницы, аптеки, спортивные клубы, торговые центры с супермаркетами, ресторанами и кинотеатрами.
Для большего комфорта жителей Город-на-озере обеспечат собственной инфраструктурой. В квартале будет свой торговый центр с магазинами и полезными сервисами. Город взял на себя обязательство создать рядом образовательный кластер — два детских сада и две школы.
Особенность квартала — озеро Верховое. Жители района смогут прогуляться по набережной, вокруг водоёма, где будет круговой пешеходный маршрут, с разными зонами отдыха. Кроме того, в пешей доступности от Города-на-озере находятся еще два городских парка: ""Центральный"" и ""Березовая роща"".
  
Город-на-озере — проект комплексного развития территории (КРТ) по принципу многофункциональной застройки, или mixed-use. Это когда на одной территории сочетаются жилая, коммерческая, социальная и рекреационная инфраструктура. К 2032 году здесь появятся разноэтажные жилые дома с приватными дворами, образовательный кластер, деловой центр, торговая улица и общественные пространства, открытые для всех горожан. Люди смогут жить и работать в Городе-на-озере, а в обеденный перерыв совершать променад вокруг озера.
  
Локация квартала уникальна: с одной стороны он соседствует с активным уличным фронтом, а с другой — с тихим и спокойным озером с обильным озеленением. При этом участок неровный, перепад высот достигает 30 метров — это высота восьмиэтажного дома.
Для разработки проекта мы пригласили лучшие архитектурные бюро из Китая: AEDAS и Turenscape. AEDAS специализируются на создании качественных общественных пространств, а Turenscape — на работах с экосистемой водных объектов. Архитекторы учли особенности местнос";Дзержинский;Предчистовая;8;14;-1;-1;;25,7 м²;32,5 м²;Новосибирск;-1;+79587381413;13770000;Город-на-озере ЖК;3;;78.5;Березовая Роща;https://novosibirsk.cian.ru/sale/flat/324800959/?mlSearchSessionGuid=114ec3afc1c3ffd43f15b609efea890e;2028
flat;Владис Центральное;real_estate_agent;sale;"Код объекта: 1980803.
Дом на три хозяина рядом с ЖК Гурьевский, расположен на пересечении 2-х улиц,
хороший вариант как для жизни, так и для коммерческого использования.
Материал строения-бревно и есть каркасно-засыпной пристрой.
Свой отдельный вход, небольшой крытый двор, можно использовать как гараж, есть смотровая яма для ремонта машины. Также имеется небольшой участок под огород.
Коммуникации: вода в доме, есть душ и туалет, установлен водонагреватель,
отопление от электрокотла.
Планировка: две спальни, зал, кухня, раздельный санузел, есть дополнительный выход во внутренний двор.
Хорошая транспортная развязка и инфраструктура. В пешей доступности остановка транспорта, множество магазинов и аптек, Октябрьский рынок, Сквер Героев Донбасса, несколько школ и детский сад.
Долевая собственность. Земельный участок в аренде. Ипотека НЕ подходит.
Только наличный расчет. Чистая продажа.
Предусмотрена комиссия с Покупателя.";Октябрьский;-1;1;1;-1;-1;174;9,2 м²;35 м²;Новосибирск;-1;+79130134356;3100000;;3;Гурьевская ;67.5;Золотая Нива;https://novosibirsk.cian.ru/sale/flat/327132081/?mlSearchSessionGuid=114ec3afc1c3ffd43f15b609efea890e;1958
flat;Брусника;developer;sale;"Продается 3-комн. квартира с предчистовой отделкой в ЖК ""Лебедевский"" на 9 этаже. Общая площадь: 104.8 кв.м. Высота потолков 2.82 м.
  
Дом монолитный, многоподъездный, переменной этажности, от 9 до 12 этажей. Квартира находится в 4-й секции высотой 9 этажей в корпусе 1. На этаже 5 квартир. В подъезде 1 пассажирский и 1 грузовой лифт. Окончание строительства - 2 квартал 2028 года. Оформление сделки по договору долевого участия.
  
Квартира с кухней-гостиной и тремя спальнями в квартале ""Лебедевский"". Особенности планировки: балкон, второй санузел, гардеробная, окна на две стороны, постирочная, предчистовая отделка, разнесённые спальни.
 квартиры в нашей базе: ЛБД01.1-Ж4.9.3.
  
""Лебедевский"" находится в Заельцовском районе, между улицами Лебедевского и Георгия Колонды. Рядом расположены остановки наземного транспорта. До станций метро ""Заельцовская"" и ""Площадь Калинина"" — 10-15 минут на автомобиле. По улице Георгия Колонды можно доехать на Мочищенское шоссе, улицы Жуковского и Красного проспекта, а оттуда — в любую точку города.
""Лебедевский"" состоит из башен и закрытых домов-кварталов высотой от 8 до 17 этажей. Благодаря переменной высотности зданий, архитектура квартала получилась разнообразной, а дворы домов — светлыми. В основе проекта — органичное соседство жилья с природой. ""Лебедевский"" граничит с лесопарковой зоной. Также мы предусмотрели здесь игровые зоны, площадки для тренировок, прогулочные дорожки, отдельно стоящий паркинг со спортивным комплексом и подземные парковки. Камерные дворы предназначены для отдыха жителей и закрыты для других горожан. Они приподняты над уровнем земли, а доступ автомобилей на их территорию ограничен.
  
Во дворах появится до 40 видов растений. Мы подберём их так, чтобы в каждое время года двор имел свой цвет. Деревья высадим сразу взрослыми, со сформированной кроной. Зелень будет даже зимой — благодаря хвойным растениям. Детские площадки мы сделаем максимально абстрактными — чтобы вдохновлять детей на творчество, а не диктовать им сценарии игры. Разместим игровое оборудование только из натуральных материалов.
  
Архитектурная выразительность фасадов достигается за счёт практичных и в то же время эстетичных решений. Большие окна помогают наполнить комнаты естественным светом. Летние помещения в каждой квартире служат дополнительным пространством для уединения. Также здесь можно установить кондиционер. На верхних этажах спроектированы террасы, которые формируют архитектурный облик зданий. На первых этажах домов будут работать магазины и полезные сервисы.
  
Если Вы - риелтор, пожалуйста, за более подробной информацией обратитесь на горячую линию на нашем официальном сайте. #Zsf9TS";Заельцовский;Предчистовая;9;9;-1;-1;1/4;-1;-1;Новосибирск;-1;+79586110308;12400000;Лебедевский;3;Лебедевский кв-л;104.8;Заельцовская;https://novosibirsk.cian.ru/sale/flat/318333175/?mlSearchSessionGuid=114ec3afc1c3ffd43f15b609efea890e;2028
flat;Брусника Обмен;real_estate_agent;sale;"Трехкомнатная квартира площадью 55,9 кв.м.
Сан. узел совмещен. классическая планировка.
Ремонт выполнен в светлых тонах.
В стоимость квартиры входит тумба с раковиной на кухне.
Кирпичный дом  1963г.
Во двoрe дeтский сад. B шагoвoй доcтупнoсти вся неoбхoдимaя инфрacтруктура. Kooпеpативный дом,  своё ТСЖ.Четвёртая линия от Большевистской,  нет шума и пыли. Капитальный ремонт крыши был 5 лет назад. 
Дом находится на третьей линии от дороги, что защитит вас от шума и пыли. Окна выходят на озелененную территорию, чистый воздух и пение птиц создают свою атмосферу уюта и релакса.
Вся необходимая инфраструктура в пешей доступности: детский сад, школы, несколько сетевых супермаркетов, отделение Сбербанка, через дорогу гипермаркет Лента, а также уютная современная набережная.
Рядом остановка общественного транспорта. До станции метро ""Речной вокзал"" две остановки.
Быстрый выход  на сделку.
Чистая продажа.";Октябрьский;-1;3;5;-1;-1;161;-1;34 м²;Новосибирск;-1;+79139532104;4990000;;3;Большевистская ;55.9;Спортивная;https://novosibirsk.cian.ru/sale/flat/325473494/?mlSearchSessionGuid=114ec3afc1c3ffd43f15b609efea890e;-1
flat;Планета-А;real_estate_agent;sale;"Продам квартиру на комфортном  этаже, комнаты изолированные ( перепланировка узаконена),  Имеется лоджия и балкон.  В санузле и ванной сделан  свежий ремонт.
Хорошее расположение дома - вблизи всей инфраструктуры. В шаговой доступности: школы, детские сады,  колледж, супермаркеты, взрослая и детская поликлиники, кинотеатр Рассвет, Ледовая арена, Затулинский парк с аттракционами. 
Дом по прописке относится к гимназии   7 !!!! ЦЕНА СНИЖЕНА ПОКА ЕСТЬ АЛЬТЕРНАТИВНЫЙ ВАРИАНТ!!!!!!
 Взрослые собственники, мат.кап. не использован. Дополнительно оплачивается комиссия с покупателя";Кировский;-1;2;9;-1;-1;68;7,1 м²;41,2 м²;Новосибирск;-1;+79139324750;5000000;;3; Зорге;60.0;Площадь Маркса;https://novosibirsk.cian.ru/sale/flat/313412112/?mlSearchSessionGuid=114ec3afc1c3ffd43f15b609efea890e;1974
flat;Дом-Строй;developer;sale;"""Горская Лагуна"" — новый проект от девелопера знаковых объектов Новосибирска — группы компаний ""Дом-Строй"".
Жилой квартал, расположенный в пяти минутах от новой станции метро ""Спортивная"" и в 15-и минутах от метро ""Студенческая"" и гармонично вписанный в естественный ландшафт прибрежной зоны, устроен так, чтобы замечать тонкие моменты жизни. Благодаря обособленному расположению на возвышенности вам откроются потрясающие виды на водную гладь и городской пейзаж.
Строительство ведется в два этапа. Первым будет построен 30-этажный дом с высотой потолков в квартирах до 3,6 метра. В доме доступны квартиры площадью от 23,2 до 89,2 квадратного метра. 
Преимущества квартала новой жизни Горская Лагуна :
• 5 минут до станции метро ""Спортивная"";
• 378 квартир с 13-ю разными планировочными решениями;
• Квартиры с панорамным остеклением и собственными террасами;
• Отделка квартир white box;
• Детские площадки из натуральных экологичных материалов с пространством для естественного обучения;
• Детский сад с собственной игровой площадкой на первом этаже в одном из домов;
• Двор без машин;
• Лифт в паркинг, зарядки для автомобилей, автомойка.

На расстоянии прогулки есть всё для продуктивного времяпровождения — ледовый дворец и парк ""Арена"", горнолыжный спуск, премиальный фитнес-клуб Edge, пляж ""Наутилус"" и тихое озеро, университеты, школы, секции спорта и развития.";Ленинский;Предчистовая;2;14;-1;-1;;-1;34,7 м²;Новосибирск;-1;+79586118781;11203000;Горская лагуна ЖК;3;;54.4;Студенческая;https://novosibirsk.cian.ru/sale/flat/298254229/?mlSearchSessionGuid=114ec3afc1c3ffd43f15b609efea890e;2026
flat;Города Новосибирск;real_estate_agent;sale;"Код объекта: 1634237.
Предлагается  просторная трехкомнатная квартира в самом центре Новосибирска (Тихий Центр)! 
ДО МЕТРО ПЛОЩАДЬ ЛЕНИНА 7 МИНУТ ПЕШКОМ!!!  
Перекрытия ж\б, остаётся вся мебель, производство Икея.
За квартирой закреплены 2 парковочных места, закрытый двор.

Площадь квартиры 70,7  кв.м. на полу двухслойная, деревянная сэндвич-панель .
Выполнена и узаконена дизайнерская Планировка- очень удобная и практичная. 
Квартира тёплая и светлая, с благоприятной аурой.
Все комнаты изолированные и правильной формы. Особое преимущество данной квартиры - хорошая звукоизоляция. 

Чистый подъезд. Доброжелательные, порядочные соседи. Достойное место для комфортного проживания, либо ведения Вашего бизнеса,

В микрорайоне хорошо развита инфраструктура. В шаговой доступности лицей  22, гимназия  1, детский сад  24, поликлиника  1, Оперный театр, Первомайский сквер, Центральный парк, кинотеатр Победа, также множество кафе, ресторанов, продуктовых магазинов.

Отличная транспортная развязка! Остановка общественного транспорта и метро располагаются в четырех минутах от дома.

Быстрый выход на сделку!";Центральный;-1;1;5;-1;-1;4;15 м²;50 м²;Новосибирск;-1;+79831236186;9780000;;3;Советская ;71.0;Площадь Ленина;https://novosibirsk.cian.ru/sale/flat/318836496/?mlSearchSessionGuid=114ec3afc1c3ffd43f15b609efea890e;1958
flat;МакроМир;real_estate_agent;sale;"Порадуйте себя и своих близких удачной покупкой!
В продаже полноценная трёхкомнатная квартира с изолированными комнатами.
Окна выходят на две стороны , квартира не торцевая
Имеется гардеробная. В квартире сделали новую проводку, залили пол в комнатах и на кухне , заменены радиаторы, стены в комнатах выровнены , в спальне и гостиной покрашены , в одной комнате подготовлены 
При необходимости можем оставить мебель (без дополнительной оплаты ) 
В шаговой доступности: Вторая Новосибирская гимназия ,детские сады, школы, поликлиника, остановка общественного транспорта, магазины с различным ассортиментом товаров. Развитая инфраструктура.
Рассмотрим покупателей с любым видом расчета.
2 взрослых собственника, без обременений и опек, вся стоимость в договоре.
Звоните";Ленинский;-1;4;5;-1;-1;82;7 м²;35 м²;Новосибирск;-1;+79137809287;5000000;;3; Пархоменко;59.0;Площадь Маркса;https://novosibirsk.cian.ru/sale/flat/327029674/?mlSearchSessionGuid=114ec3afc1c3ffd43f15b609efea890e;1980
flat;Брусника;developer;sale;"3-комн. квартира от застройщика с предчистовой отделкой в ЖК ""Город-на-озере"" на 2 этаже. Общая площадь: 113.64 кв.м. Высота потолков 3.0 м.
  
Дом монолитный, многоподъездный, переменной этажности, от 9 до 24 этажей. Квартира находится во 2-й секции высотой 9 этажей в корпусе 1. На этаже 5 квартир. В подъезде 1 пассажирский и 1 грузовой лифт. Окончание строительства - 4 квартал 2028 года. Оформление сделки по договору долевого участия.
  
Квартира с кухней-гостиной и тремя спальнями в проекте Город-на-озере. Особенности планировки: разнесённые спальни, свободная планировка, терраса на крыше.
 квартиры в нашей базе: ГРД01-Ж2.2.1.
  
Город-на-озере находится в Центральном районе Новосибирска, на пересечении Ипподромской магистрали и улицы Фрунзе. По этим крупным транспортным артериям легко добраться в любое место города и на автомобиле, и на общественном транспорте. До ближайших автобусных остановок — 5 минут пешком, а до станции метро ""Березовая Роща"" — 10 минут.
В радиусе 1,5 км вокруг квартала уже сформирована необходимая инфраструктура. Здесь есть детские сады, школы, больницы, аптеки, спортивные клубы, торговые центры с супермаркетами, ресторанами и кинотеатрами.
Для большего комфорта жителей Город-на-озере обеспечат собственной инфраструктурой. В квартале будет свой торговый центр с магазинами и полезными сервисами. Город взял на себя обязательство создать рядом образовательный кластер — два детских сада и две школы.
Особенность квартала — озеро Верховое. Жители района смогут прогуляться по набережной, вокруг водоёма, где будет круговой пешеходный маршрут, с разными зонами отдыха. Кроме того, в пешей доступности от Города-на-озере находятся еще два городских парка: ""Центральный"" и ""Березовая роща"".
  
Город-на-озере — проект комплексного развития территории (КРТ) по принципу многофункциональной застройки, или mixed-use. Это когда на одной территории сочетаются жилая, коммерческая, социальная и рекреационная инфраструктура. К 2032 году здесь появятся разноэтажные жилые дома с приватными дворами, образовательный кластер, деловой центр, торговая улица и общественные пространства, открытые для всех горожан. Люди смогут жить и работать в Городе-на-озере, а в обеденный перерыв совершать променад вокруг озера.
  
Локация квартала уникальна: с одной стороны он соседствует с активным уличным фронтом, а с другой — с тихим и спокойным озером с обильным озеленением. При этом участок неровный, перепад высот достигает 30 метров — это высота восьмиэтажного дома.
Для разработки проекта мы пригласили лучшие архитектурные бюро из Китая: AEDAS и Turenscape. AEDAS специализируются на создании качественных общественных пространств, а Turenscape — на работах с экосистемой водных объектов. Архитекторы учли особенности местности и объединили урбанистический и природный ландшафты. #ZMAugW";Дзержинский;Предчистовая;2;9;-1;-1;;-1;-1;Новосибирск;-1;+79587381413;25440000;Город-на-озере ЖК;3;;113.64;Березовая Роща;https://novosibirsk.cian.ru/sale/flat/324996333/?mlSearchSessionGuid=114ec3afc1c3ffd43f15b609efea890e;2028
flat;Владис Центральное;real_estate_agent;sale;"Код объекта: 2038126.
Идеальное предложение для тех, кто ценит комфорт и выгодное расположение 
Трёхкомнатная квартира общей площадью 60,1 кв. м, жилой площадью 32,9 кв. м и кухней 7,2 кв. м. Квартира находится на втором этаже девятиэтажного дома, построенного в 1970 году из кирпича с железобетонными плитами перекрытия. 
Преимущества:
 Выгодная цена: наша квартира предлагает отличное соотношение цены и качества, что делает её привлекательной для широкого круга покупателей. Удобное расположение: дом находится на Красном проспекте — одной из главных артерий Новосибирска. Близость к общественному транспорту позволяет быстро добраться до любой точки города. Просторная планировка: три изолированные комнаты предоставляют достаточно места для комфортного проживания семьи. Косметический ремонт: квартира готова к проживанию, не требуя дополнительных вложений. Развитая инфраструктура: в шаговой доступности находятся магазины, школы, детские сады и поликлиники, что особенно важно для семей с детьми. Дополнительные детали: окна выходят на улицу и во двор, наличие наземной парковки, раздельный санузел (что удобно для семейного проживания).
 Эта квартира идеально подходит для молодых специалистов, студентов, семей с детьми и пар без детей. Она также может быть интересна инвесторам, благодаря своему выгодному расположению и потенциалу для сдачи в аренду. 

Позвоните нам прямо сейчас, чтобы узнать больше и записаться на просмотр! Мы гарантируем безопасную сделку и юридическую поддержку нашим клиентам.";Заельцовский;-1;2;9;-1;-1;87;7,2 м²;32,9 м²;Новосибирск;-1;+79130134356;7000000;;3;Красный проспект;60.1;Гагаринская;https://novosibirsk.cian.ru/sale/flat/326692747/?mlSearchSessionGuid=114ec3afc1c3ffd43f15b609efea890e;1970
flat;ЖИЛФОНД;real_estate_agent;sale;"Внимание! Чистая продажа. Документы к сделке готовы.
Отличное предложение. Теплая, светлая 3-х комнатная квартира в центре. До метро 250 метров.
Планировка на две стороны, зал и две изолированные спальни.
Квартира требует внимания , ремонта и дизайнерских решений. Дом расположен внутри квартала .
Чистый подъезд, доброжелательные соседи. Кирпичный дом, благоустроенный зеленый двор, достаточно парковочных мест - въезд на придомовую территорию через автоматические ворота. 
Развитая инфраструктура: рядом две станция метро - Маршала Покрышкина и Сибирская. лучшие школы Новосибирска, детский сад - во дворе, ТРЦ Галерея, медицинские и спортивные учреждения, сетевые магазины, аптеки, Центральный рынок и многое другое...
Отличный вариант как для проживания и сдачи в аренду ,после ремонта по своему желанию ! 
Документы в порядке, подходят все формы расчётов! Быстрый выход на сделку!
 Помогу получить ипотеку. Ключи в Агентстве. 
Звоните!!!
	
	 

	Возможен обмен на вашу недвижимость. Возможна продажа в рассрочку.
	
	Комплексная услуга для покупателя с полной финансовой ответственностью агентства
	При звонке, пожалуйста, сообщите номер варианта - 
       JV003054136417

	Дополнительно оплачивается комиссия с покупателя.

	Пожалуйста, дождитесь ответа специалиста при звонке. 
	Время дозвона до владельца объявления увеличено из-за использования подменных номеров на сайте Циан.";Центральный;-1;1;5;-1;-1;19А;6 м²;31 м²;Новосибирск;-1;+79942583395;5000000;;3; Гоголя;54.0;Сибирская;https://novosibirsk.cian.ru/sale/flat/327075415/?mlSearchSessionGuid=114ec3afc1c3ffd43f15b609efea890e;1960
flat;СМСС;developer;sale;"Продаётся 3-комнатная квартира в строящемся доме (БС А1-А4), срок сдачи: III-кв. 2027, общей площадью 90.9 кв.м., на 21 этаже. Новый жилой комплекс ""Калининский квартал"" от Группы компаний ""Сибмонтажспецстрой"" расположен в Калининском районе Новосибирска на ул. Славянская.";Калининский;Черновая;21;23;-1;-1;;-1;-1;Новосибирск;-1;+79586117355;14793975;Калининский квартал ЖК;3;;90.9;Маршала Покрышкина;https://novosibirsk.cian.ru/sale/flat/325989028/?mlSearchSessionGuid=114ec3afc1c3ffd43f15b609efea890e;2027
flat;СЖК;real_estate_agent;sale;"Уютная трехкомнатная квартира в тихом спальном районе, но при этом рядом есть всё необходимое для комфортной жизни: магазины, школы, детские сады и другие объекты инфраструктуры. Вид из окон на деревья. Территория закрыта двумя шлагбаумами.
Подходит под все виды расчета. Помощь в оформлении. Приходите на просмотр.";Ленинский;-1;3;11;-1;-1;39;15 м²;55 м²;Новосибирск;-1;+79134733504;9900000;;3;;93.5;Студенческая;https://novosibirsk.cian.ru/sale/flat/322151459/?mlSearchSessionGuid=114ec3afc1c3ffd43f15b609efea890e;-1
flat;ЖИЛФОНД;real_estate_agent;sale;"Продадим уютную и просторную квартиру, общая площадь составляет 57,8 м2, жилая 42,1 м2, что позволит Вам и Вашей семье чувствовать себя комфортно и свободно. В квартире имеется 3 комнаты, что дает возможность разместиться всей семье, а также организовать рабочее пространство или гостевую комнату. Был сделан капитальный ремонт, заменены все трубы, сантехника, установлены пластиковые окна, натяжные потолки, линолеум, поклеены обои. в ванной и туалете выложена плитка, установлены счетчики на воду. Поменяны радиаторы отопления. Балкон остеклён. Это отличная возможность приобрести жилье в центре Ленинского р-на по доступной цене. Окна выходят на тихий и уютный двор, что позволяет избежать шума и суеты городской жизни. Рядом с домом находятся детские сады, школы, магазины, аптеки, кафе и рестораны. В пешей доступности расположены парки и скверы, где можно прогуляться и насладиться свежим воздухом. Удобная транспортная развязка позволит легко и быстро добраться до любой точки города. Рядом с домом находятся остановки общественного транспорта, а также, в двух остановках, станция метро К. Маркса, что обеспечивает удобный доступ к любой части города. Двор чистый, подъезды в отличном состоянии. Не упустите возможность приобрести уютную квартиру , по доступной цене. Звоните прямо сейчас и мы с радостью организуем для Вас просмотр объекта!
Мы подберем индивидуальную программу кредитования, с возможностью получить положительное решение . Это возможно, благодаря стабильному сотрудничеству АН Жилфонд с ведущими банками, которые дают преференции (скидки) тем клиентом, что получили ипотеку с помощью АН Жилфонд.

Если заинтересовал данный вариант -ЗВОНИТЕ !!! И Вам обязательно ответят !!!
	
	

Рядом с объектом находятся:

2 школы,
4 детских сада,
10 продуктовых магазинов,
2 спортивных учреждения,
1 лицей.

 

	Возможен обмен на вашу недвижимость. Возможна продажа в рассрочку.
	
	Комплексная услуга для покупателя с полной финансовой ответственностью агентства
	При звонке, пожалуйста, сообщите номер варианта - 
       JV003054110975

	Дополнительно оплачивается комиссия с покупателя.

	Пожалуйста, дождитесь ответа специалиста при звонке. 
	Время дозвона до владельца объявления увеличено из-за использования подменных номеров на сайте Циан.";Ленинский;-1;5;5;-1;-1;39;6 м²;42,1 м²;Новосибирск;-1;+79861242785;6000000;;3; Титова;57.8;Площадь Маркса;https://novosibirsk.cian.ru/sale/flat/300771208/?mlSearchSessionGuid=114ec3afc1c3ffd43f15b609efea890e;1968
flat;Новый Мир;developer;sale;"ОСКАР  уютные резиденции для новых историй.
Большая премьера от компании ""Новый мир"" - создателя дома ""Нобель"" (победителя Urban Awards 2025 и 2024, финалиста Proestate@Toby Awards 2023). 


Беспроцентная рассрочка на квартиры в ""Оскаре"" на 2 года.
Ежемесячный платеж от 70 000 рублей.

Успейте зафиксировать условия!


Жилой комплекс ОСКАР создает компания ""Новый мир"" — один из крупнейших девелоперов Сибири с 20-летней успешной историей работы в строительной отрасли и опытом реализации масштабных проектов — ЖК ""Лев Толстой"", ""Дом на Немировича"", ЖК ""История"", квартал ""Беринг"", дом ""Нобель"". Все проекты компании становятся победителями и финалистами отраслевых профессиональных премий. Компания является продуктовым лидером и входит в ТОП-3 в регионе по потребительским свойствам проектов, по версии ЕРЗ.

Концепция 
Представьте, что вы живете в мире, где не нужно выбирать между красивым, удобным и оптимальным. Станьте главным режиссером своей жизни, и прочувствуйте СВОЙ НОВЫЙ СЦЕНАРИЙ. В Сибири много талантливых людей с уникальной историей успеха, и их ждет ОСКАР.
Жилой комплекс из трех роскошных башен от 20 до 24 этажей объединен единым концептом с декоративной колоннадой. ОСКАР выполнен в стилистике ар-деко  роскошном архитектурном стиле, призванном создать новые истории о жизни в столице Сибири. Что это будет  блокбастер о герое-одиночке или теплая семейная сага  решать только вам. 

Локация
Центр  все рядом! Заельцовский район  самый зеленый район Новосибирска. Район парков, аллей, свежего воздуха. ЖК ""ОСКАР"" продолжает нобелевскую плеяду жилых комплексов на главной улице Новосибирска - Красном проспекте. Именно здесь на улице успешных и амбициозных развиваются новые сюжеты. ""Новый мир"" создает в этой локации целый квартал, в котором близость станции метро сочетается с уютной тишиной еловой аллеи. В основу проекта заложены вечные ценности: интеллигентность, уважение к культуре. В пешей доступности от ОСКАРА вузы, театры, банки, детские сады, рестораны и большие магазины. 

Главные преимущества
Высотные башни дома ОСКАР дарят окрыляющее чувство успеха и вдохновения. ОСКАР  дом, в котором все преимущества собраны в одном доме: центр Новосибирска, роскошная архитектура, новые технологии, ассистент-сервис, элегантные лобби. 

Дом новых возможностей!
 • Кинематографичная архитектура - элегантный и уютный одновременно
 • Собственное мобильное приложение с заказом услуг — еды, такси, клининга, бронирования билетов, мероприятий с кейтерингом и т. д.
 • Два скоростных лифта в каждой башне
 • Консьерж-сервис
 • Функциональные планировки
 • Кофейня, кондитерская и spa-салон на первом этаже формируют уютный микромир с размеренным ритмом жизни и внимательным сервисом.

Планировочные решения
 • Функциональные площади, где продуман каждый квадратный метр. 
 • Планировочные варианты с мастер-спальней, кухней-гостиной, двумя ванными, гардеробными.
 • Обилие естественного света благодаря увеличенной площади остекления. 
 • Надежные авторские двери, не требующие зам";Заельцовский;Предчистовая;7;20;-1;-1;;3,6 м²;43,9 м²;Новосибирск;-1;+79587500021;14700000;Оскар ЖК;3;;68.4;Заельцовская;https://novosibirsk.cian.ru/sale/flat/324818185/?mlSearchSessionGuid=114ec3afc1c3ffd43f15b609efea890e;2026
flat;Города Новосибирск;real_estate_agent;sale;"Код объекта: 1905643.
Эксклюзивная 3-комнатная квартира с дизайнерским ремонтом в кирпичном доме 2018 года постройки!

Предлагаем Вашему вниманию уникальную квартиру по адресу Планетная улица, 55/7 - воплощение комфорта и стиля, идеально подходящую для современной семьи, ценящей качество жизни.

Ключевые характеристики:

  •  Простор и функциональность:
  •  Общая площадь: 81 кв. м.
  •  Жилая площадь: 44 кв. м.
  •  Просторная кухня: 24 кв. м  идеальное пространство для кулинарных шедевров и семейных обедов.
  •  Рациональная планировка: Квартира отличается удобной и продуманной планировкой, обеспечивающей комфортное проживание.
  •  Кирпичный дом 2018 года постройки: Гарантия тепла, хорошей звукоизоляции и долговечности.
  •  4-й этаж 9-этажного дома: Оптимальный вариант, сочетающий комфорт и отсутствие зависимости от лифта.
  •  Прекрасный вид: Большие окна с видом на улицу обеспечивают отличное естественное освещение и приятную панораму.

Изысканный дизайнерский ремонт:

  •  Уникальный проект: Дизайн квартиры разработан известным специалистом, создавшим неповторимую атмосферу уюта и элегантности.
  •  Премиальные материалы: Использованы только самые качественные и экологичные материалы:
  •  Американская краска на стенах: Подчеркивает стиль и обеспечивает долговечность.
  •  Подоконники из массива дуба: Добавляют тепла и благородства интерьеру.
  •  Ламинат производства Германии: Отличается высокой прочностью, износостойкостью и эстетичным внешним видом.
  •  Гипоаллергенная мебель: Забота о Вашем здоровье и комфорте.
  •  Итальянская плитка: Подчеркивает изысканный вкус и создает атмосферу роскоши в ванной комнате и санузле.
  •  Усиленная в 4 раза электрика: Гарантирует безопасность и надежность электроснабжения.

Дополнительные преимущества:

•  Наземная парковка: Всегда есть место для Вашего автомобиля.
•  Развитая инфраструктура района: В шаговой доступности есть все необходимое для комфортной жизни.

Безопасность и удобство:

•  Мы гарантируем безопасную сделку и полную юридическую поддержку на всех этапах.
•  Поможем одобрить ипотеку на выгодных условиях и со сниженной процентной ставкой.

Не упустите уникальную возможность стать обладателем этой исключительной квартиры! Запишитесь на просмотр прямо сейчас!";Дзержинский;-1;4;9;-1;-1;55/7;24 м²;44 м²;Новосибирск;-1;+79831236186;17800000;ГринАрт;3;Планетная ;81.0;Березовая Роща;https://novosibirsk.cian.ru/sale/flat/326655499/?mlSearchSessionGuid=114ec3afc1c3ffd43f15b609efea890e;2018
flat;Калининское;real_estate_agent;sale;"АН КАЛИНИНСКОЕ

В продаже 3-комнатная смежно-изолированная 
квартира в кирпичном доме
Состояние ""под ремонт"".  Два окна 
пластиковых, два деревянных. В кухне под окном имеется ""зимний холодильник.  
Плюсы с точки зрения оформления сделки: 
- квартира не в обременении
- для расчета за квартиру не использовался 
материнский капитал
- в числе собственников нет детей
- полная стоимость в договоре
Показ в любое время по договоренности

Наше агентство предлагает:
- услуги по продаже 80т.р. Все включено, процентов 
нет.
- услуги по покупке 80 т.р. Все включено, процентов 
нет.
- БЕСПЛАТНО: кредитное решение, заполнение 
3-НДФЛ, услуги страхования квартиры, ведение сделки по новостройке до получения ключей.
При покупке данного объекта предусмотрена 
комиссия агентства.";Калининский;-1;3;5;-1;-1;27/2;6 м²;42,1 м²;Новосибирск;-1;+79137126044;4250000;;3; Макаренко;55.0;Заельцовская;https://novosibirsk.cian.ru/sale/flat/322510633/?mlSearchSessionGuid=114ec3afc1c3ffd43f15b609efea890e;-1
flat;Дом-Строй;developer;sale;"""Горская Лагуна"" — новый проект от девелопера знаковых объектов Новосибирска — группы компаний ""Дом-Строй"".
Жилой квартал, расположенный в пяти минутах от новой станции метро ""Спортивная"" и в 15-и минутах от метро ""Студенческая"" и гармонично вписанный в естественный ландшафт прибрежной зоны, устроен так, чтобы замечать тонкие моменты жизни. Благодаря обособленному расположению на возвышенности вам откроются потрясающие виды на водную гладь и городской пейзаж.
Строительство ведется в два этапа. Первым будет построен 30-этажный дом с высотой потолков в квартирах до 3,6 метра. В доме доступны квартиры площадью от 23,2 до 89,2 квадратного метра. 
Преимущества квартала новой жизни Горская Лагуна :
• 5 минут до станции метро ""Спортивная"";
• 378 квартир с 13-ю разными планировочными решениями;
• Квартиры с панорамным остеклением и собственными террасами;
• Отделка квартир white box;
• Детские площадки из натуральных экологичных материалов с пространством для естественного обучения;
• Детский сад с собственной игровой площадкой на первом этаже в одном из домов;
• Двор без машин;
• Лифт в паркинг, зарядки для автомобилей, автомойка.

На расстоянии прогулки есть всё для продуктивного времяпровождения — ледовый дворец и парк ""Арена"", горнолыжный спуск, премиальный фитнес-клуб Edge, пляж ""Наутилус"" и тихое озеро, университеты, школы, секции спорта и развития.";Ленинский;Предчистовая;1;30;-1;-1;;-1;30,2 м²;Новосибирск;-1;+79586118781;14603000;Горская лагуна ЖК;3;;66.66;Студенческая;https://novosibirsk.cian.ru/sale/flat/321861666/?mlSearchSessionGuid=114ec3afc1c3ffd43f15b609efea890e;2026
flat;Забота;real_estate_agent;sale;"ПРОСТОРНАЯ И СВЕТЛАЯ-УЮТНАЯ И УХОЖЕННАЯ.

В продаже трехкомнатная квартира общей площадью 60.8 кв. м. без учета большой лоджии.
В кирпичном доме 1988 года постройки, что говорит о его надежности,  тепло и энерго эффективности.

Расположение Вашей новой квартиры на третьем этаже, что дает большое преимущество и удобство для любого возраста.
Из окон открывается вид на улицу и во двор, так как квартира имеет двухстороннюю планировку (распашонка), а на большой лоджии можно насладиться свежим воздухом.

В квартире выполнен современный ремонт в светлых и теплых оттенках, качественный ремонт не даст вам беспокоиться о дополнительных вложениях. 
В комнатах установлена вся необходимая мебель и техника, что обеспечит комфортное проживание с первых дней. Планировка квартиры продумана до мелочей, а отдельный санузел добавляет удобства для все семьи.

Дом в хорошем состоянии, что делает жизнь в нем более комфортной. Наземная парковка позволяет оставлять автомобиль рядом с домом, поэтому вы всегда найдете место для машины.

Район предлагает развитую инфраструктуру: рядом находятся школы, детские сады, клиники и разнообразные магазины. Ближайшая станция метро — ""Студенческая"", добраться до которой на автомобиле можно за 27 минут. Это позволит легко и быстро добираться до любой точки города.

ВСТРЕЧНЫЙ ОБЪЕКТ ПОДОБРАН, ДОКУМЕНТЫ ГОТОВЫ, ГОТОВЫ К БЫСТРОМУ ВЫХОДУ НА СДЕЛКУ.
Квартира продается по договору купли-продажи и с полной стоимостью, возможна ипотека. 
Мы уверены, что этот уютный уголок станет вашим новым домом!
Показ возможен, в самое ближайшее время!
Дополнительно взимается комиссия агентства недвижимости.
Агентство предоставляет полное юридическое сопровождение сделки, поэтому можно быть уверенными в надежности и безопасности покупки.
Конечно же подходит под ипотеку, которую с удовольствием поможем получить.

Предлагаем посетить Вашу новую квартиру в ближайшее время и убедиться самим, что все перечисленное действительность, увидев своими глазами вы влюбитесь. 
Звоните и приобретайте ее первыми, не упустите шанс стать владельцем уютной квартиры в развитом районе Новосибирска у непосредственной близости от Воды и природы!.

Все подробности и детали можете узнать у меня, с удовольствием отвечу на Ваши вопросы!
От мечты до сделки- один звонок!";Советский;-1;3;9;-1;-1;44;8,2 м²;38,4 м²;Новосибирск;-1;+79137212038;5999000;;3; Молодости;60.8;Студенческая;https://novosibirsk.cian.ru/sale/flat/323715745/?mlSearchSessionGuid=114ec3afc1c3ffd43f15b609efea890e;1988
flat;ЖИЛФОНД;real_estate_agent;sale;"Обратите внимание! Продается изолированная трехкомнатная квартира на улице Зорге, дом 56. 
Светлая, уютная, общая площадь составляет 60.1м2( площадь указана без площади балкона и лоджии).
Гостиная 13м2, две спальни(13.7;13.6 м2), кухня-7.1м2
Квартира расположена на втором этаже девятиэтажного дома.

Квартира с хорошим ремонтом, на стенах обои, на полу линолеум, пластиковые окна, установлены качественные межкомнатные двери. Раздельный санузел, есть гардеробная где можно хранить все необходимые вещи.
Мебель оставят по договоренности.
Отсечка на две квартиры. Чистый подъезд, хорошие соседи.
Во дворе дома установлена детская площадка, достаточное количество парковочных мест.
Развитая инфраструктура: в пешей доступности находятся магазины, супермаркеты, аптеки, банки, детские сады и школы. Также в непосредственной близости расположены остановки общественного транспорта, что позволит быстро добраться до любой точки города.
Эта квартира - отличный выбор для тех, кто ищет комфортное жилье в хорошем районе города Новосибирска. Просторные комнаты, современный ремонт, удобная инфраструктура - все это делает эту квартиру идеальным вариантом для жизни. Не упустите возможность приобрести это жилье по привлекательной цене - всего 4 990 000 рублей. Звоните и приходите на просмотр уже сегодня!
	
	

Рядом с объектом находятся:

2 школы,
2 детских сада,
4 продуктовых магазина,
4 спортивных учреждения,
1 гимназия,
1 колледж.

 

	Возможен обмен на вашу недвижимость. Возможна продажа в рассрочку.
	
	Комплексная услуга для покупателя с полной финансовой ответственностью агентства
	При звонке, пожалуйста, сообщите номер варианта - 
       JV003054137421

	Дополнительно оплачивается комиссия с покупателя.

	Пожалуйста, дождитесь ответа специалиста при звонке. 
	Время дозвона до владельца объявления увеличено из-за использования подменных номеров на сайте Циан.";Кировский;-1;2;9;-1;-1;56;7 м²;40 м²;Новосибирск;-1;+79390411907;4990000;;3; Зорге;60.1;Площадь Маркса;https://novosibirsk.cian.ru/sale/flat/323587409/?mlSearchSessionGuid=114ec3afc1c3ffd43f15b609efea890e;1974
flat;СМСС;developer;sale;"Продаётся 3-комнатная квартира в строящемся доме (БС А1-А4), срок сдачи: III-кв. 2027, общей площадью 73.5 кв.м., на 18 этаже. Новый жилой комплекс ""Калининский квартал"" от Группы компаний ""Сибмонтажспецстрой"" расположен в Калининском районе Новосибирска на ул. Славянская.";Калининский;Черновая;18;23;-1;-1;;-1;-1;Новосибирск;-1;+79586117355;11888625;Калининский квартал ЖК;3;;73.5;Маршала Покрышкина;https://novosibirsk.cian.ru/sale/flat/325988898/?mlSearchSessionGuid=114ec3afc1c3ffd43f15b609efea890e;2027
flat;Этажи;real_estate_agent;sale;"Срочная продажа! Цена снижена на 2 000 000 рублей только на ближайшее время. Это единственное предложение такого уровня в этом комплексе.

Почему это ваша идеальная квартира?
1. Вид и масштаб: 24 этаж — весь город как на ладони. 83.6 м² чистого пространства с потолками 2.7 м.
2. Дизайнерский ремонт ""для себя"": Использованы только премиальные материалы. Ванна из камня Sentec Kartell by Laufen, винный холодильник для ваших вечеров и продуманная эргономика.
3. Формат ""Всё включено"": Вам остается ВСЁ — мебель, техника, декор. Вам нужны только ключи и чемоданы.
4. Комфорт экстра-класса:
   - Огромная гардеробная (мечта хозяйки).
   - Две лоджии с теплым полом (кабинет или зона отдыха).
   - Раздельный санузел и современная кухня-гостиная.

Бонусы: Дизайн-проект в подарок.
 Возможность покупки семейного парковочного места (забудьте о поиске места для авто).

Локация: ЖК ""Астра"" — это статус и удобство. В радиусе 5 минут: метро (в 15 мин. пешком), лучшие школы (158), садики, бассейн, фитнес и супермаркеты.

Не ждите, пока цену заберут другие. Звоните сейчас, чтобы записаться на просмотр!

 

Дополнительно оплачивается комиссия с покупателя.









Код пользователя: 186211
Номер в базе: 10175865";Калининский;-1;24;25;-1;-1;75;5 м²;-1;Новосибирск;-1;+79137220168;18000000;;3;Ипподромская ;83.6;Заельцовская;https://novosibirsk.cian.ru/sale/flat/325852311/?mlSearchSessionGuid=114ec3afc1c3ffd43f15b609efea890e;2014
flat;Метраж;real_estate_agent;sale;"ВНЕСЕН ЗАДАТОК!  Предлагается к продаже трехкомнатная квартира в спальном районе. Рядом школа и детский сад, много магазинов и других инфраструктурных объектов. Первый этаж высокий, квартира очень теплая, окна на две стороны, сан. узел раздельный, чистый подъезд, спокойные соседи. Окна пластиковые, счетчики на воду установлены, в остальном квартира требует ремонта.  
   Юридический аспект: один взрослый собственник, перепланировок нет,чистая продажа, подходит под любые виды расчетов. При продаже предусматривается комиссия АН.";Калининский;-1;1;5;-1;-1;19/2;7,6 м²;38,5 м²;Новосибирск;-1;+79137219050;4550000;;3;Учительская ;56.4;Заельцовская;https://novosibirsk.cian.ru/sale/flat/315789316/?mlSearchSessionGuid=114ec3afc1c3ffd43f15b609efea890e;-1
flat;Новый Мир;developer;sale;"ОСКАР  уютные резиденции для новых историй.
Большая премьера от компании ""Новый мир"" - создателя дома ""Нобель"" (победителя Urban Awards 2025 и 2024, финалиста Proestate@Toby Awards 2023). 


Беспроцентная рассрочка на квартиры в ""Оскаре"" на 2 года.
Ежемесячный платеж от 70 000 рублей.

Успейте зафиксировать условия!


Жилой комплекс ОСКАР создает компания ""Новый мир"" — один из крупнейших девелоперов Сибири с 20-летней успешной историей работы в строительной отрасли и опытом реализации масштабных проектов — ЖК ""Лев Толстой"", ""Дом на Немировича"", ЖК ""История"", квартал ""Беринг"", дом ""Нобель"". Все проекты компании становятся победителями и финалистами отраслевых профессиональных премий. Компания является продуктовым лидером и входит в ТОП-3 в регионе по потребительским свойствам проектов, по версии ЕРЗ.

Концепция 
Представьте, что вы живете в мире, где не нужно выбирать между красивым, удобным и оптимальным. Станьте главным режиссером своей жизни, и прочувствуйте СВОЙ НОВЫЙ СЦЕНАРИЙ. В Сибири много талантливых людей с уникальной историей успеха, и их ждет ОСКАР.
Жилой комплекс из трех роскошных башен от 20 до 24 этажей объединен единым концептом с декоративной колоннадой. ОСКАР выполнен в стилистике ар-деко  роскошном архитектурном стиле, призванном создать новые истории о жизни в столице Сибири. Что это будет  блокбастер о герое-одиночке или теплая семейная сага  решать только вам. 

Локация
Центр  все рядом! Заельцовский район  самый зеленый район Новосибирска. Район парков, аллей, свежего воздуха. ЖК ""ОСКАР"" продолжает нобелевскую плеяду жилых комплексов на главной улице Новосибирска - Красном проспекте. Именно здесь на улице успешных и амбициозных развиваются новые сюжеты. ""Новый мир"" создает в этой локации целый квартал, в котором близость станции метро сочетается с уютной тишиной еловой аллеи. В основу проекта заложены вечные ценности: интеллигентность, уважение к культуре. В пешей доступности от ОСКАРА вузы, театры, банки, детские сады, рестораны и большие магазины. 

Главные преимущества
Высотные башни дома ОСКАР дарят окрыляющее чувство успеха и вдохновения. ОСКАР  дом, в котором все преимущества собраны в одном доме: центр Новосибирска, роскошная архитектура, новые технологии, ассистент-сервис, элегантные лобби. 

Дом новых возможностей!
 • Кинематографичная архитектура - элегантный и уютный одновременно
 • Собственное мобильное приложение с заказом услуг — еды, такси, клининга, бронирования билетов, мероприятий с кейтерингом и т. д.
 • Два скоростных лифта в каждой башне
 • Консьерж-сервис
 • Функциональные планировки
 • Кофейня, кондитерская и spa-салон на первом этаже формируют уютный микромир с размеренным ритмом жизни и внимательным сервисом.

Планировочные решения
 • Функциональные площади, где продуман каждый квадратный метр. 
 • Планировочные варианты с мастер-спальней, кухней-гостиной, двумя ванными, гардеробными.
 • Обилие естественного света благодаря увеличенной площади остекления. 
 • Надежные авторские двери, не требующие зам";Заельцовский;Предчистовая;10;20;-1;-1;;8,2 м²;42,6 м²;Новосибирск;-1;+79587500021;16200000;Оскар ЖК;3;;74.6;Заельцовская;https://novosibirsk.cian.ru/sale/flat/324818194/?mlSearchSessionGuid=114ec3afc1c3ffd43f15b609efea890e;2026
flat;Этажи;real_estate_agent;sale;"Продается просторная трехкомнатная квартира с отличной планировкой и удобной транспортной доступностью, вся мебель остается в подарок покупателям. В квартире недавно выполнен ремонт, также заменена проводка.  Метро находится в 12 минутах пешком, что позволяет быстро добраться до любой точки города. Район отличается развитой инфраструктурой: в шаговой доступности расположены школа, лицей, колледж, несколько детских садов, Областная больница, аптеки, магазины, а также торгово-развлекательный центр ""Сан-Сити"" и ГУМ.  Просмотр по предварительной договоренности. Для покупателей предусмотрено полное юридическое сопровождение сделки, комиссия оплачивается отдельно. 

Дополнительно оплачивается комиссия с покупателя.









Код пользователя: 175958
Номер в базе: 9710581";Кировский;-1;1;5;-1;-1;143;5 м²;-1;Новосибирск;-1;+79133721890;5500000;;3; Немировича-Данченко;58.0;Площадь Маркса;https://novosibirsk.cian.ru/sale/flat/321487551/?mlSearchSessionGuid=114ec3afc1c3ffd43f15b609efea890e;1963
flat;Этажи;real_estate_agent;sale;"Продается очень теплая, просторная, светлая 3-комнатная квартира в спокойном микрорайоне.

Юридическая составляющая сделки: документы полностью готовы,  2 взрослых собственника, без обременений.

Преимущества:
- Чистая продажа: все документы готовы, 2 взрослых собственника, никаких обременений.
- Удобное расположение: в шаговой доступности находятся детский сад, школа, магазины и остановки общественного транспорта. Ваша семья будет в центре всех необходимых удобств!

Комнаты изолированные, окна выходят на две стороны!

Состояние квартиры:
- Окна, двери и полы оригинал - 1967 год.
- В санузле, ванной, коридорах проведен косметический ремонт.
- На кухне установлена новая батарея отопления.
- Установлены счетчики.
- Лоджия застеклена.

Не упустите шанс стать владельцем этой замечательной квартиры! Звоните прямо сейчас, чтобы записаться на просмотр и узнать все детали! Ваш новый дом ждет вас!
 

Дополнительно оплачивается комиссия с покупателя.









Код пользователя: 174389
Номер в базе: 6784714";Калининский;-1;5;5;-1;-1;15;6 м²;-1;Новосибирск;-1;+79137214635;4600000;;3; Макаренко;57.5;Заельцовская;https://novosibirsk.cian.ru/sale/flat/316906128/?mlSearchSessionGuid=114ec3afc1c3ffd43f15b609efea890e;1967
flat;СМСС;developer;sale;"Продаётся 3-комнатная квартира в строящемся доме (Дом 1), срок сдачи: II-кв. 2026, общей площадью 75.74 кв.м., на 4 этаже. Новый жилой дом от Группы компаний ""Сибмонтажспецстрой"" расположен в Заельцовском районе Новосибирска на ул. Сухарная.";Заельцовский;Предчистовая;4;28;-1;-1;107/2;-1;-1;Новосибирск;-1;+79635617377;13253451;Бирюзовая жемчужина-4;3;Сухарная ;74.9;Площадь Гарина-Михайловского;https://novosibirsk.cian.ru/sale/flat/325987581/?mlSearchSessionGuid=114ec3afc1c3ffd43f15b609efea890e;2026
flat;Этажи;real_estate_agent;sale;"В срочной продаже просторная квартира недалеко от метро! 
цена снижена на неделю!!! 
Хорошая локация! До станции метро ""Гарина-Михайловского""  и РЖД Вокзал-главный 7-9 минут пешком. Остановка общественного транспорта в трех минутах. Уехать можно в любой конец города.  
Школа рядом с домом, д/с тоже. В ближайшей пешей доступности Железнодорожная больница и поликлиника, много разных магазинов, в т.ч. и сетевых( 2 ""Магнита"", ""Ярче"", ""Мария ра"", ""пятёрочка""), минирынок (мясной, молочка, сладости), аптеки (муниципальные, коммерческие) и все что нужно для комфортной городской жизни.
Высокий первый этаж. Дом утопает в зелени. Облагороженная придомовая территория с детскими и спортивными площадками, элементами ландшафтного дизайна и клумбами, беседкой. Двор чистый и ухоженный. Жители сами при желании могут сажать цветы. Хорошая УК.  Дом отлично выглядит. В прошлом году был его капитальный ремонт.
В квартире несколько лет назад выполнялся ремонт. Окна все пластиковые. Все батареи поменяны на новые биметаллические с регуляторами. Частично заменена проводка а также сантехника и смесители. В комнатах  на стенах современные обои. В кухне-гостинной стены отделаны гипсовой имитацией под кирпичную кладку в стиле ""лофт"".
Квартира отлично подойдет как для проживания, так и для сдачи в аренду.
Один взрослый собственник. Без обременений. Без долгов. Быстрый выход на сделку.
Рассматриваем вариант обмена на квартиру в Московской области.
Бесплатно поможем получить ипотечное решение при необходимости.
Звоните! С удовольствием отвечу на ваши вопросы и организую просмотр! 

Дополнительно оплачивается комиссия с покупателя.









Код пользователя: 186247
Номер в базе: 9267259";Железнодорожный;-1;1;5;-1;-1;14;6,3 м²;36,7 м²;Новосибирск;-1;+79137268659;5650000;;3;Владимировская ;54.5;Площадь Гарина-Михайловского;https://novosibirsk.cian.ru/sale/flat/320756188/?mlSearchSessionGuid=114ec3afc1c3ffd43f15b609efea890e;1964
flat;Этажи;real_estate_agent;sale;"К ПРОДАЖЕ !!!

Просторная и уютная двухкомнатная квартира, расположенная в живописном и удобном районе. Она идеально подходит для семей с детьми и активных людей, ценящих комфорт и удобство. Рядом с квартирой расположены множество школ, что делает её привлекательным выбором для семей с детьми, которым важно качественное образование и удобство транспортного сообщения. Близость больниц обеспечивает быстрый доступ к медицинской помощи в случае необходимости, что является неоценимым преимуществом для всех жильцов.

Неподалёку также находятся детские сады, что делает эту квартиру идеальным вариантом для молодых семей с маленькими детьми. Удобное расположение обеспечивает прекрасную транспортную доступность ко всему городу, что особенно удобно для тех, кто ценит своё время и предпочитает экономить его на перемещениях.

Окружённая зелеными насаждениями и парками, квартира предлагает прекрасную возможность наслаждаться свежим воздухом и активным образом жизни. Благодаря близости к паркам, жильцы могут наслаждаться прогулками на свежем воздухе, занятиями спортом или просто отдыхом на природе в любое время года.

Эта квартира - идеальное сочетание комфорта, удобства и природной красоты, делая её прекрасным выбором для тех, кто ищет идеальный дом в живописном и удобном районе.

Показы по договорённости.

Ждём ВАШЕГО звонка !!! 

Дополнительно оплачивается комиссия с покупателя.









Код пользователя: 145593
Номер в базе: 10957505";Дзержинский;-1;1;5;-1;-1;14;5,6 м²;-1;Новосибирск;-1;+79833210721;5290000;;3; Куприна;42.8;Золотая Нива;https://novosibirsk.cian.ru/sale/flat/327109620/?mlSearchSessionGuid=114ec3afc1c3ffd43f15b609efea890e;1965
flat;СМСС;developer;sale;"Продаётся 3-комнатная квартира в строящемся доме (БС А1-А4), срок сдачи: III-кв. 2027, общей площадью 59.5 кв.м., на 10 этаже. Новый жилой комплекс ""Калининский квартал"" от Группы компаний ""Сибмонтажспецстрой"" расположен в Калининском районе Новосибирска на ул. Славянская.";Калининский;Черновая;10;23;-1;-1;;-1;-1;Новосибирск;-1;+79586117355;10112025;Калининский квартал ЖК;3;;59.5;Маршала Покрышкина;https://novosibirsk.cian.ru/sale/flat/325988817/?mlSearchSessionGuid=114ec3afc1c3ffd43f15b609efea890e;2027
flat;METRAGE;real_estate_agent;sale;"Арт. 27234  Уютная трехкомнатная квартира расположена в районе с хорошо развитой инфраструктурой.

Квартира находится на 10 этаже, над которым расположен технический этаж, обеспечивающий отсутствие проблем благодаря качественному ремонту кровли и стен. Квартира светлая, теплая, окна на две стороны, видовые характеристики очень хорошие.

 В квартире выполнен качественный ремонт, все продумано до мелочей.  Встроенная мебель остается новым владельцам.

 Все необходимые объекты социальной инфраструктуры находятся рядом: детсад прямо во дворе жилого комплекса, школа в пяти минутах пешком, оборудованная детская площадка во дворе, остановка транспорта в трех минутах ходьбы от дома. От ближайшей станции метро ""Площадь Маркса"" легко добраться автобусом примерно за 40 - 50 минут.

 Близко расположены многочисленные заведения фастфуда, продуктовые супермаркеты, аптеки и парикмахерские салоны, МФЦ, магазины бытовой техники и все известные сети магазинов с товарами для дома и продуктовые, пункты выдачи.

Во дворе предусмотрено достаточное количество парковочных мест.

 Подъезд чистый, лифт грузо-пассажирский, тамбур на две квартиры.

Квартира покупалась без использования ипотеки и мат. капитала. Нет детей собственников.
     Взамен приобретаем квартиру большей площадью в этом же районе.

 Уникальное предложение!
Квартира продаётся с возможностью выкупа отдельной комнаты (нежилое помещение) на 9 этаже. В ней есть свет, отопление, ремонт. Идеально подойдёт под кабинет, мастерскую или гардеробную.
Цена комнаты: + 700 000 ₽ к стоимости квартиры.. Дополнительно оплачивается комиссия с покупателя";Кировский;-1;10;10;-1;-1;5;8 м²;45,5 м²;Новосибирск;-1;+79833123871;5800000;Просторный;3; Николая Сотникова;59.02;Студенческая;https://novosibirsk.cian.ru/sale/flat/324017648/?mlSearchSessionGuid=114ec3afc1c3ffd43f15b609efea890e;-1
flat;METRAGE;real_estate_agent;sale;"Арт. 27180 Уютная трехкомнатная квартира с  просторной кухней-гостиной  в спальном районе Дивногорский, предполагает комфортное проживание в уютном и безопасном месте. Объект находится в доме с видеонаблюдением по периметру, в подъезде и лифте, что обеспечивает дополнительную защиту. Квартира полностью готова к заселению: выполнен качественный ремонт, вся встроенная мебель остается новым владельцам. Планировка функциональная, с четким зонированием пространства, что делает жилье удобным для семьи или работы в удаленном режиме.  


Район отличается развитой инфраструктурой: в шаговой доступности два торговых центра, а также магазины повседневного спроса (""Магнит"", ""Пятерочка"", ""Ярче"", ""Фикс Прайс"" и другие). В пяти минутах ходьбы расположена поликлиника, а детский сад находится рядом с домом, что особенно удобно для семей с маленькими детьми. Во дворе оборудованы современные детские площадки, а отсутствие проблем с парковкой делает проживание еще более комфортным для автомобилистов.  


Транспортная доступность позволяет быстро добраться до метро ""Маркса"" за 30 минут, что обеспечивает связь с центральными районами города. Окружение спокойное, двор тихий, с доброжелательными соседями. Этот вариант подойдет тем, кто ценит баланс между городской инфраструктурой и спокойной жилой средой. Квартира представляет собой выгодное вложение в недвижимость с перспективой стабильного роста стоимости или комфортного проживания на долгие годы.
Звоните все покажем в удобное для Вас время!. Дополнительно оплачивается комиссия с покупателя";Ленинский;-1;6;6;-1;-1;150/2;9 м²;41 м²;Новосибирск;-1;+79137216291;5600000;Дивногорский;3;Дивногорская ;55.0;Площадь Маркса;https://novosibirsk.cian.ru/sale/flat/324060769/?mlSearchSessionGuid=114ec3afc1c3ffd43f15b609efea890e;-1
flat;Страна Девелопмент;developer;sale;"Новая квартира в ЖК ""Страна.Тополёвая"" напрямую от федерального застройщика ""Страна Девелопмент""

Продается 3комнатная квартира на 3 этаже от застройщика Страна Девелопмент. Площадь квартиры 74.7 кв. м.

Жилой комплекс ""Страна.Тополёвая"" — новый проект федерального застройщика ""Страна Девелопмент"" в Новосибирске. Он раскинется в 20 минутах ходьбы
от центра. 

Преимущества


•	Удачная локация. Оцените все преимущества жизни на Ипподромской улице, которая считается главной городской артерией, связывающей между собой Октябрьский, Центральный и Калининский районы.
•	Приватный двор. Для юных жителей предусмотрены игровые площадки с разделением по возрасту. Особого внимания заслуживает озеленение дворовой территории. Различные виды деревьев, кустарники и цветущие многолетники создают у дома атмосферу вечнозелёного парка.
•	Подземный паркинг. Территория жилого квартала будет свободна от автомобилей. Предусмотрен охраняемый подземный паркинг на 178 машино-мест. О сохранности транспорта можно не беспокоиться — здесь предусмотрено видеонаблюдение и доступ по считыванию номеров или BLE-метке.

Отделка
Квартиры сдаются с предчистовой отделкой: произведена разводка электричества и отопления, выполнена стяжка пола, стены выровнены ""под маяк"", установлены радиаторы. 

Дизайнерская отделка

При покупке квартиры в ЖК ""Страна.Тополёвая"" можно приобрести ремонт от застройщика. 4 стиля отделки для ванной и 5 вариантов для остальных комнат — на выбор.

Кухня от застройщика 
Одна из удобных опций от Страны — приобретение кухни в ипотеку при покупке опции ""Ремонт"". Доступно 4 стиля на выбор: дерево, керамика, мрамор, бетон. 

Умный дом
Функция ""Умный дом"" позволит перейти на новый уровень комфорта. Управляйте светом в квартире с помощью голоса, получайте информацию о ситуации в квартире, находясь на работе или в отпуске.

Способы покупки
Сотрудники ""Страна Девелопмент"" будут сопровождать вас на каждом этапе сделки, помогут получить одобрение по ипотеке или снизить ежемесячный платеж.

- ипотека
- рассрочка
- с использованием материнского капитала 
- 100% оплата наличными";Октябрьский;Предчистовая, чистовая;3;9;-1;Монолитный;с23;14,2 м²;42,2 м²;Новосибирск;-1;+79635612025;16376471;Страна.Тополёвая;3;Тополевая ;74.7;Березовая Роща;https://novosibirsk.cian.ru/sale/flat/325663942/?mlSearchSessionGuid=114ec3afc1c3ffd43f15b609efea890e;2027
flat;Города Новосибирск;real_estate_agent;sale;"Код объекта: 1605624.
Трёхкомнатная КВАРТИРА У МЕТРО! 

Квартира расположена в пятиэтажном кирпичном доме.  Общая площадь квартиры составляет 57 кв. м, из которых 40,9 кв. м — жилая площадь. Ремонт выполнен в современном стиле из качественных материалов. Комнаты изолированы, что обеспечивает личное пространство для каждого члена семьи. Высота потолков 2,7 м создаст атмосферу пространства.
В шаговой доступности находятся магазины, школы, детские сады и другие объекты социальной инфраструктуры.
МЕТРО Маркса в 5 мин прогулочным шагом.

Не упустите шанс стать владельцем этой прекрасной квартиры! 

Мы гарантируем безопасную сделку и юридическую поддержку нашим Клиентам. Поможем одобрить ипотеку с сниженной ставкой.

Дополнительно оплачивается комиссия с покупателя!";Ленинский;-1;5;5;-1;-1;5;6 м²;40,9 м²;Новосибирск;-1;+79831236186;6450000;;3; Блюхера;57.0;Площадь Маркса;https://novosibirsk.cian.ru/sale/flat/317851976/?mlSearchSessionGuid=114ec3afc1c3ffd43f15b609efea890e;1962
flat;Дельта;real_estate_agent;sale;"В чистой продаже светлая теплая квартира улучшенной планировки (кухня 9,4 кв.м) в очень хорошем состоянии на 1-ом этаже 9-этажного панельного дома. В квартире большая застекленная лоджия (4,6 кв.м), есть кладовая и антресоли, надежная входная дверь. Окна пластиковые, в ванной и туалете кафель, на полу линолеум, на стенах - обои, установлены водосчетчики. 
В доме свое активное ТСЖ, в подъездах внутри и снаружи сделан ремонт. Соседи хорошие.
Рядом с домом в радиусе 100-300 м находятся супермаркеты Лента, Мария-РА, Ярче, Магнит и различные минимаркеты, рынок, детские сады, библиотеки, остановки транспорта - Вы можете уехать до метро, в Академгородок, Бердск, Верх-Тулу.
 В микрорайоне есть школа 112 - одна из лучших школ нашего города с преподаванием робототехники, Cuboro, актерского мастерства, фехтования, изучением китайского языка и т.д.
За 5-10 минут Вы дойдете до набережной, где можете прогуляться, посмотреть на наших уток, чаек и прочих пернатых обитателей, отдохнуть в парке ""У моря Обского"", посидеть с удочкой на берегу и насладиться общением с природой.
В квартире никто не зарегистрирован. Ограничений, обременений нет. Один взрослый собственник. Квартира продается в связи с переездом жильцов в другой микрорайон. 
Все достоинства этой замечательной квартиры Вы сможете увидеть на просмотре. Приходите, покажем в любое удобное для Вас время.";Советский;-1;1;9;-1;-1;28;9,4 м²;37,9 м²;Новосибирск;-1;+79139347946;5850000;;3;Ветлужская ;62.1;Площадь Маркса;https://novosibirsk.cian.ru/sale/flat/319659283/?mlSearchSessionGuid=114ec3afc1c3ffd43f15b609efea890e;-1
flat;Дом-Строй;developer;sale;"""Горская Лагуна"" — новый проект от девелопера знаковых объектов Новосибирска — группы компаний ""Дом-Строй"".
Жилой квартал, расположенный в пяти минутах от новой станции метро ""Спортивная"" и в 15-и минутах от метро ""Студенческая"" и гармонично вписанный в естественный ландшафт прибрежной зоны, устроен так, чтобы замечать тонкие моменты жизни. Благодаря обособленному расположению на возвышенности вам откроются потрясающие виды на водную гладь и городской пейзаж.
Строительство ведется в два этапа. Первым будет построен 30-этажный дом с высотой потолков в квартирах до 3,6 метра. В доме доступны квартиры площадью от 23,2 до 89,2 квадратного метра. 
Преимущества квартала новой жизни Горская Лагуна :
• 5 минут до станции метро ""Спортивная"";
• 378 квартир с 13-ю разными планировочными решениями;
• Квартиры с панорамным остеклением и собственными террасами;
• Отделка квартир white box;
• Детские площадки из натуральных экологичных материалов с пространством для естественного обучения;
• Детский сад с собственной игровой площадкой на первом этаже в одном из домов;
• Двор без машин;
• Лифт в паркинг, зарядки для автомобилей, автомойка.

На расстоянии прогулки есть всё для продуктивного времяпровождения — ледовый дворец и парк ""Арена"", горнолыжный спуск, премиальный фитнес-клуб Edge, пляж ""Наутилус"" и тихое озеро, университеты, школы, секции спорта и развития.";Ленинский;Предчистовая;1;30;-1;-1;;-1;39,8 м²;Новосибирск;-1;+79586118781;13303000;Горская лагуна ЖК;3;;59.91;Студенческая;https://novosibirsk.cian.ru/sale/flat/321861668/?mlSearchSessionGuid=114ec3afc1c3ffd43f15b609efea890e;2026
flat;METRAGE;real_estate_agent;sale;"Арт. 27567 Просторная светлая квартира с удачной планировкой и двойной ориентацией окон — идеальный вариант для семьи. Два балкона открывают возможности для обустройства зон отдыха или хранения. Развитая инфраструктура района обеспечит комфорт повседневной жизни.

Основные характеристики:

количество комнат: 3 

этаж: 5 из 9 (оптимальная высота: нет шума с улицы, надёжная работа лифтов);

общая площадь: [указать, например, 60 м²];

жилая площадь: [указать, например, 43 м²];

площадь кухни: [указать, например, 9 м²];

санузел: [ раздельный];

балконы: 2 (застеклённые/незастеклённые);

высота потолков: [указать, например, 2,7 м].

Преимущества планировки:

окна выходят на две стороны дома — отличное естественное освещение и проветривание;

просторные комнаты правильной формы;

Состояние квартиры:

ремонт: косметический

Дом и придомовая территория:

год постройки: [1973];

лифты: [ пассажирский ];

парковка: [наземная во дворе].

Развитая инфраструктура (всё в пешей доступности):

магазины различного профиля — [ 35 мин ходьбы];

детские сады — 3 учреждения в радиусе [ 800 м];

школы — 2 учебных заведения в [ 7 мин ходьбы];

спортивный комплекс ""Заря"" — [10 мин пешком];

поликлиники и аптеки — 10 мин пешком;

Транспортная доступность:

остановки общественного транспорта — [ 2 мин ходьбы];

Условия продажи:

собственник: [ один взрослый];

обременения: [отсутствуют];

возможна ипотека: [да];

быстрый выход на сделку: [да].

Контакты:

телефон: [указать номер];

WhatsApp/Telegram: [указать];

показы: [по предварительной договорённости в удобное время].

Приглашаем на просмотр! Эта квартира сочетает в себе комфорт, функциональность и выгодное расположение. Запишитесь на осмотр уже сегодня!
. Дополнительно оплачивается комиссия с покупателя";Ленинский;-1;5;9;-1;-1;78;9 м²;43 м²;Новосибирск;-1;+79139836318;6400000;;3; Забалуева;60.7;Площадь Маркса;https://novosibirsk.cian.ru/sale/flat/327020110/?mlSearchSessionGuid=114ec3afc1c3ffd43f15b609efea890e;1973
flat;METRAGE;real_estate_agent;sale;Арт. 27538 В продаже трехкомнатная квартира на две стороны, с двумя балконами, все комнаты изолированы. Квартира расположена на пятом этаже, что обеспечит тишину и покой, никакого шума и посторонних звуков сверху. В доме произведен капитальный ремонт крыши и подъездов. Сам дом расположен внутри микрорайона, вдалеке от шумных дорог. Все объекты инфраструктуры, школы, детские сады находятся в шаговой доступности. Бонусом покупателю достается оборудованная кабинка для хранения в подвале дома. По документам: два взрослых собственника, без обременений, материнский капитал не использовался, в собственности более 15 лет. Покажем в любое время по договоренности..;Октябрьский;-1;5;5;-1;-1;50;6,5 м²;45,5 м²;Новосибирск;-1;+79175419059;5900000;;3;Коммунстроевская ;60.8;Речной вокзал;https://novosibirsk.cian.ru/sale/flat/326612333/?mlSearchSessionGuid=114ec3afc1c3ffd43f15b609efea890e;-1
flat;СМСС;developer;sale;"Продаётся 3-комнатная квартира в строящемся доме (БС А1-А4), срок сдачи: III-кв. 2027, общей площадью 79.5 кв.м., на 20 этаже. Новый жилой комплекс ""Калининский квартал"" от Группы компаний ""Сибмонтажспецстрой"" расположен в Калининском районе Новосибирска на ул. Славянская.";Калининский;Черновая;20;23;-1;-1;;-1;-1;Новосибирск;-1;+79586117355;14469000;Калининский квартал ЖК;3;;79.5;Маршала Покрышкина;https://novosibirsk.cian.ru/sale/flat/325988996/?mlSearchSessionGuid=114ec3afc1c3ffd43f15b609efea890e;2027
flat;Эксперт Дом;real_estate_agent;sale;"Продается уютная 3-комнатная квартира, расположенная в пешей доступности от метро — всего 15 минут прогулочным шагом. Общая площадь квартиры составляет 58.7 кв.м, жилая площадь — 45.3 кв.м. Квартира находится на 2-м этаже 5-этажного панельного дома. 

 Квартира с хорошим ремонт. Есть всё необходимое для комфортной жизни: просторная гостиная, уютные спальни и компактная кухня площадью 5.8 кв.м. В квартире остается вся мебель и практически вся техника. Высота потолков составляет 2.5 метра, что создает ощущение простора. Санузел совмещен, имеется один балкон с видом во двор (застеклен и обшит рейкой), где можно насладиться тишиной и свежим воздухом.

БОНУСОМ К КВАРТИРЕ ПЕРЕДАЕМ ДВА ПАРКОВОЧНЫХ ПЕСТА ДЛЯ ВАШИХ АВТОМОБИЛЕЙ!

Дом панельный, в хорошем состоянии. Рядом с домом предусмотрена наземная парковка, поэтому всегда будет место для вашего автомобиля. В округе есть все необходимое для комфортной жизни: школы, детские сады, клиники и магазины, что особенно удобно для семей с детьми. 

 Условия сделки прозрачные и понятные. Квартира готова к продаже, без обременений. Подходит для покупки в ипотеку. Все документы в порядке, поэтому процесс оформления пройдет легко и быстро. 

 Приглашаем вас на просмотр этой замечательной квартиры. Это отличная возможность приобрести жилье в удобном районе с развитой инфраструктурой. Свяжитесь с нами, чтобы договориться о времени визита и задать интересующие вопросы. Будем рады вам помочь!";Дзержинский;-1;2;5;-1;-1;47;5,8 м²;45,3 м²;Новосибирск;-1;+79833018659;6999999;;3; Есенина;58.7;Золотая Нива;https://novosibirsk.cian.ru/sale/flat/322823934/?mlSearchSessionGuid=114ec3afc1c3ffd43f15b609efea890e;-1
flat;Этажи;real_estate_agent;sale;"Срочная продажа! 
В продаже отличная 3-хкомнатная квартира-студия. 
В квартире остается вся мебель.
Oтличная плaнировкa, общая плoщадь 59,5 м2 (без учетa лoджии площадью 6,3 м2), кухня-гocтинaя 18,2 м2, две cпaльни 15.3 м2. и 11.6 м2.
Тeплый тaмбур. Два лифта. В этом подъезде лифты работают исправно. Холл и этажи в eдинoм cтилe. 
Двор с благоустроенной территорией. Система видеонаблюдения. По внутреннему и внешнему периметру расположены парковочные места. Внутри двора обустроены детские и спортивные площадки. Развитaя инфpаcтруктурa района делает жизнь комфортной и удобной. Рядом с домом есть всё необходимое для повседневной жизни: магазины, аптеки, ледовый комплекс, школы, детские сады и медицинские учреждения. Жилой комплекс граничит с лесопарком имени академика И.И Синягина, где можно покататься на лыжах, погулять с детьми или животными, насладиться красотой природы. 
Гарантия безопасной сделки и юридическая поддержка. Помощь в получении ипотеки. Звоните и записывайтесь на просмотр прямо сейчас!   

Дополнительно оплачивается комиссия с покупателя.









Код пользователя: 186269
Номер в базе: 10897122";Кировский;-1;20;24;-1;-1;162;4,5 м²;-1;Новосибирск;-1;+79138928679;5999999;Матрешкин двор;3; Петухова;59.5;Спортивная;https://novosibirsk.cian.ru/sale/flat/326158019/?mlSearchSessionGuid=114ec3afc1c3ffd43f15b609efea890e;2024
flat;Страна Девелопмент;developer;sale;"Новая квартира в ЖК ""Страна.Береговая"" напрямую от федерального застройщика ""Страна Девелопмент"".

Продается 3комнатная квартира на 14 этаже от застройщика Страна Девелопмент. Площадь квартиры 51,47 кв. м.

Жилой комплекс ""Страна.Береговая"" — новый флагманский проект федерального застройщика ""Страна Девелопмент"" в Новосибирске. Дом на берегу Оби с захватывающими видами из окон. Три секции разной этажности с акцентной башней-доминантой образуют камерное пространство с закрытым двором и личным зелёным садом для отдыха.

ПРЕИМУЩЕСТВА

Свой приватный двор, окружённый зеленью, которая будет цвести весь год. Двор с релакс-пространством, спортивной зоной с воркаут и настольным теннисом. Детская площадка из природных материалов. Двор круглосуточно находится под видеонаблюдением.
Парадные с зелёным оазисом из растений. Для комфорта мы предусмотрели тёплые тамбуры, в зонах ожидания разместили мягкие диваны. Также мы добавили возможность бесключевого доступа — по распознаванию лица или считыванию BLE-ключа.
Спроектирована подземная парковка на 217 машиномест. Ваш личный транспорт всегда будет под защитой и видеонаблюдением — переживать о его сохранности не придётся. Въезд в паркинг осуществляется с помощью умной камеры по госномеру либо BLE-метке. А чтобы подняться к квартире, не нужно выходить на улицу — лифты отвезут на нужный этаж. Для гостей за территорией двора предусмотрена открытая гостевая парковка.

ОТДЕЛКА

Квартиры сдаются с предчистовой отделкой: произведена разводка электричества и отопления, выполнена стяжка пола, стены выровнены ""под маяк"", установлены розетки, выключатели и радиаторы. 


ДИЗАЙНЕРСКАЯ ОТДЕЛКА

При покупке квартиры в ЖК ""Страна.Береговая"" можно включить стоимость ремонта в ипотеку.  Пять вариантов на выбор: хлопковая нить, серый шторм, белый камень, шалфей, голубой вереск. Включено всё — обои, ламинат, натяжной потолок и даже кондиционер. Также для вас есть четыре варианта ремонта в ванной — акриловая ванна с экраном, смеситель с лейкой, подвесной унитаз, зеркало с подсветкой. Останется только разместить мебель! 

СПОСОБЫ ПОКУПКИ

Сотрудники ""Страна Девелопмент"" будут сопровождать вас на каждом этапе сделки, помогут получить одобрение по ипотеке или снизить ежемесячный платеж.

- ипотека
- рассрочка
- с использованием материнского капитала 
- 100% оплата наличными";Заельцовский;Предчистовая, чистовая;14;29;-1;Панельный;109/2;6,2 м²;35,2 м²;Новосибирск;-1;+79587384464;12529412;Страна Береговая;3;Сухарная ;51.47;Площадь Гарина-Михайловского;https://novosibirsk.cian.ru/sale/flat/325663745/?mlSearchSessionGuid=114ec3afc1c3ffd43f15b609efea890e;2026
flat;Этажи;real_estate_agent;sale;"Лучшая цена за трехкомнатную квартиру рядом с метро!

Просторная трехкомнатная квартира общей площадью 57,8 м² расположена на четвертом этаже кирпичного дома в центре Новосибирска. 
Ключевое преимущество объекта — исключительная локация: станция метро ""Заельцовская"" находится в пяти минутах неспешной ходьбы, что обеспечивает быструю транспортную доступность до любого района города. 
Планировка практичная и функциональная: две смежные комнаты и одна изолированная, что позволяет гибко зонировать пространство для жизни семьи или работы. Окна выходят во двор, гарантируя спокойную атмосферу и отсутствие уличного шума.

Инфраструктура района развита максимально полно: в шаговой доступности расположены лицеи и детские сады, включая Лицей 159, супермаркеты ""Магнит"" и ""Лента"", торговый центр ""Калина-центр"". Близкое соседство с крупными вузами, такими как СГУПС и НГМА, делает квартиру привлекательной как для академических работников, так и для студентов. 
Косметический ремонт сделан совсем недавно: натяжные потолки, свежие обои, качественное напольное покрытие.

Юридический статус объекта чистый: один собственник, отсутствие каких-либо обременений или ограничений, детских долей нет.

Квартира готова к продаже!
 

Дополнительно оплачивается комиссия с покупателя.









Код пользователя: 182219
Номер в базе: 9756275";Заельцовский;-1;4;5;-1;-1;272/1;5 м²;-1;Новосибирск;-1;+79137214116;7000000;;3; Дуси Ковальчук;57.8;Заельцовская;https://novosibirsk.cian.ru/sale/flat/321737777/?mlSearchSessionGuid=114ec3afc1c3ffd43f15b609efea890e;1971
flat;Rialtor Group;real_estate_agent;sale;"Арт. 118523151 Представляем вашему вниманию трёхкомнатную квартиру с функциональной планировкой — комнаты здесь изолированы друг от друга, обеспечивая комфортное пространство каждому члену семьи. В квартире выполнен ремонт. Вся мебель остается новому владельцу. Дом классической кирпичной кладки. Развитая инфраструктура: игровые зоны для детей, детские сады, школы, супермаркеты, аптеки и остановки городского транспорта. А всего лишь две остановки отделяют вас от станции метро ""Берёзовая роща"", позволяющей быстро добраться до любого уголка города. Мы готовы организовать просмотр квартиры в любое удобное для вас время. Торг.";Дзержинский;-1;3;5;-1;-1;12А;5,6 м²;33,9 м²;Новосибирск;-1;+79137219956;6100000;;3;Электрозаводской проезд;55.4;Березовая Роща;https://novosibirsk.cian.ru/sale/flat/322904079/?mlSearchSessionGuid=114ec3afc1c3ffd43f15b609efea890e;1949
flat;Новый Мир;developer;sale;"ОСКАР  уютные резиденции для новых историй.
Большая премьера от компании ""Новый мир"" - создателя дома ""Нобель"" (победителя Urban Awards 2025 и 2024, финалиста Proestate@Toby Awards 2023). 


Беспроцентная рассрочка на квартиры в ""Оскаре"" на 2 года.
Ежемесячный платеж от 70 000 рублей.

Успейте зафиксировать условия!


Жилой комплекс ОСКАР создает компания ""Новый мир"" — один из крупнейших девелоперов Сибири с 20-летней успешной историей работы в строительной отрасли и опытом реализации масштабных проектов — ЖК ""Лев Толстой"", ""Дом на Немировича"", ЖК ""История"", квартал ""Беринг"", дом ""Нобель"". Все проекты компании становятся победителями и финалистами отраслевых профессиональных премий. Компания является продуктовым лидером и входит в ТОП-3 в регионе по потребительским свойствам проектов, по версии ЕРЗ.

Концепция 
Представьте, что вы живете в мире, где не нужно выбирать между красивым, удобным и оптимальным. Станьте главным режиссером своей жизни, и прочувствуйте СВОЙ НОВЫЙ СЦЕНАРИЙ. В Сибири много талантливых людей с уникальной историей успеха, и их ждет ОСКАР.
Жилой комплекс из трех роскошных башен от 20 до 24 этажей объединен единым концептом с декоративной колоннадой. ОСКАР выполнен в стилистике ар-деко  роскошном архитектурном стиле, призванном создать новые истории о жизни в столице Сибири. Что это будет  блокбастер о герое-одиночке или теплая семейная сага  решать только вам. 

Локация
Центр  все рядом! Заельцовский район  самый зеленый район Новосибирска. Район парков, аллей, свежего воздуха. ЖК ""ОСКАР"" продолжает нобелевскую плеяду жилых комплексов на главной улице Новосибирска - Красном проспекте. Именно здесь на улице успешных и амбициозных развиваются новые сюжеты. ""Новый мир"" создает в этой локации целый квартал, в котором близость станции метро сочетается с уютной тишиной еловой аллеи. В основу проекта заложены вечные ценности: интеллигентность, уважение к культуре. В пешей доступности от ОСКАРА вузы, театры, банки, детские сады, рестораны и большие магазины. 

Главные преимущества
Высотные башни дома ОСКАР дарят окрыляющее чувство успеха и вдохновения. ОСКАР  дом, в котором все преимущества собраны в одном доме: центр Новосибирска, роскошная архитектура, новые технологии, ассистент-сервис, элегантные лобби. 

Дом новых возможностей!
 • Кинематографичная архитектура - элегантный и уютный одновременно
 • Собственное мобильное приложение с заказом услуг — еды, такси, клининга, бронирования билетов, мероприятий с кейтерингом и т. д.
 • Два скоростных лифта в каждой башне
 • Консьерж-сервис
 • Функциональные планировки
 • Кофейня, кондитерская и spa-салон на первом этаже формируют уютный микромир с размеренным ритмом жизни и внимательным сервисом.

Планировочные решения
 • Функциональные площади, где продуман каждый квадратный метр. 
 • Планировочные варианты с мастер-спальней, кухней-гостиной, двумя ванными, гардеробными.
 • Обилие естественного света благодаря увеличенной площади остекления. 
 • Надежные авторские двери, не требующие зам";Заельцовский;Предчистовая;19;24;-1;-1;;5,3 м²;39,8 м²;Новосибирск;-1;+79587500021;14800000;Оскар ЖК;3;;76.4;Заельцовская;https://novosibirsk.cian.ru/sale/flat/324818474/?mlSearchSessionGuid=114ec3afc1c3ffd43f15b609efea890e;2028
flat;Всем Квартиру;real_estate_agent;sale;"**Продаётся уютная 3комнатная квартира**  
*(ул. Высоцкого,11 4й этаж)*

Ищете комфортное жильё для семьи? Эта квартира — именно то, что вам нужно! Просторное и функциональное пространство в районе с развитой инфраструктурой.

**Основные характеристики:**  
- площадь: 64,8м.кв;  
- количество комнат: 3;  
- этаж: 4 (удобный доступ, отсутствие шума с первого этажа);  
- планировка: изолированная;  
- состояние отличное.

**Преимущества локации:**  
- **Школа** в шаговой доступности — детям не придётся тратить время на дорогу.  
- **Детский сад** рядом — удобно для родителей малышей.  
- Развитая инфраструктура: магазины, аптеки, остановки общественного транспорта в пешей доступности.  
- Благоустроенный двор с зонами для отдыха и детскими площадками.  
- Зелёная зона поблизости — идеально для прогулок на свежем воздухе.

**Почему стоит выбрать эту квартиру?**  
- Просторные комнаты, позволяющие грамотно организовать пространство.  
- Удобная планировка — каждая комната изолирована.  
- Хорошие соседи и спокойный район.  
- Отличная транспортная доступность — легко добраться в любую часть города.

**Идеальный вариант для:**  
- семей с детьми (близость образовательных учреждений);  
- тех, кто ценит комфорт и инфраструктуру;  
- инвесторов — район стабильно востребован на рынке недвижимости.

**Звоните прямо сейчас!** Организуем оперативный показ в удобное для вас время. Ответим на все вопросы и поможем с оформлением сделки.
Обращаем внимание, что с покупателя предусмотрена комиссия агентства.

Номер объекта: #1/537640/24667";Октябрьский;-1;4;10;-1;-1;11;8,8 м²;41,7 м²;Новосибирск;-1;+79134726032;7250000;;3; В. Высоцкого;64.8;Золотая Нива;https://novosibirsk.cian.ru/sale/flat/326013255/?mlSearchSessionGuid=114ec3afc1c3ffd43f15b609efea890e;1985
flat;METRAGE;real_estate_agent;sale;"Арт. 27505 Уютная и светлая квартира с отличным видом — заезжай и живи!

Продается просторная, полностью готовая к проживанию квартира с функциональной планировкой и приятной энергетикой. Идеальный вариант для семьи или тех, кто ищет жилье, не требующее срочных вложений.

•  Просторная кухня: Мечта хозяйки! Установлен качественный гарнитур в классическом стиле с большим количеством мест для хранения. На полу — практичный керамогранит темного цвета, который гармонично контрастирует со светлыми стенами.
•  Стильная гостиная: Изюминка квартиры — яркий натяжной потолок, который визуально расширяет пространство. В комнате организовано удобное рабочее место и зона отдыха с большим угловым диваном.
•  Уютная спальня: Выполнена в спокойных тонах с акцентными обоями. Вместительный шкаф-купе с зеркальными вставками решает вопрос хранения вещей, сохраняя ощущение простора.
•  Функциональный коридор: В прихожей установлен огромный зеркальный шкаф во всю стену, что избавляет комнаты от лишней мебели. Также есть удобные встроенные полки для книг и декора.
•  Раздельный санузел: Санузел и ванная комната облицованы плиткой в освежающей бело-зеленой гамме. Всё чисто и аккуратно.
•  Вид из окна: Окна выходят на 2 стороны, одна из них на тихий двор с обилием деревьев. Перед окнами нет плотной застройки — открывается приятный панорамный вид (рядом расположена школа/детский сад, что гарантирует тишину в вечернее время).

В квартире выполнен качественный ремонт: установлены современные межкомнатные двери, пластиковые стеклопакеты, надежные радиаторы отопления. Квартира очень теплая и светлая.

Дом расположен в районе с развитой инфраструктурой. В шаговой доступности школы, детские сады, магазины и остановки общественного транспорта. Во дворе всегда есть место для парковки.

•  Один взрослый собственник.
•  Документы готовы к сделке.
•  Подходит под ипотеку.

Звоните и записывайтесь на просмотр! Эта квартира ждет именно вас.


. Дополнительно оплачивается комиссия с покупателя";Октябрьский;-1;5;10;-1;-1;2;12 м²;40 м²;Новосибирск;-1;+79137315795;6300000;;3;Лазурная ;61.9;Золотая Нива;https://novosibirsk.cian.ru/sale/flat/326420774/?mlSearchSessionGuid=114ec3afc1c3ffd43f15b609efea890e;-1
flat;Брусника;developer;sale;"Продается трехкомнатная квартира с предчистовой отделкой в ЖК ""Лебедевский"" на 3 этаже. Общая площадь: 90.2 кв.м., жилая: 37.8 кв.м., площадь просторной кухни-гостиной: 22.6 кв.м. Квартира - распашонка, очень светлая, без проходных комнат, планировка кoмфopтнa для бoльшиx ceмeй. В квартире один балкон, два совмещенных санузла. Высота потолков 2.82 м.
  
Дом монолитный, многоподъездный, переменной этажности, от 9 до 12 этажей. Квартира находится во 2-й секции высотой 9 этажей в корпусе 1. На этаже 8 квартир. В подъезде 1 пассажирский и 1 грузовой лифт. Окончание строительства - 2 квартал 2028 года. Оформление сделки по договору долевого участия.
  
Квартира с кухней-гостиной и тремя спальнями в квартале ""Лебедевский"". Особенности планировки: балкон, гардеробная, мастер-спальня, окна на две стороны, постирочная, предчистовая отделка, разнесённые спальни.
 квартиры в нашей базе: ЛБД01.1-Ж2.3.1.
  
""Лебедевский"" находится в Заельцовском районе, между улицами Лебедевского и Георгия Колонды. Рядом расположены остановки наземного транспорта. До станций метро ""Заельцовская"" и ""Площадь Калинина"" — 10-15 минут на автомобиле. По улице Георгия Колонды можно доехать на Мочищенское шоссе, улицы Жуковского и Красного проспекта, а оттуда — в любую точку города.
""Лебедевский"" состоит из башен и закрытых домов-кварталов высотой от 8 до 17 этажей. Благодаря переменной высотности зданий, архитектура квартала получилась разнообразной, а дворы домов — светлыми. В основе проекта — органичное соседство жилья с природой. ""Лебедевский"" граничит с лесопарковой зоной. Также мы предусмотрели здесь игровые зоны, площадки для тренировок, прогулочные дорожки, отдельно стоящий паркинг со спортивным комплексом и подземные парковки. Камерные дворы предназначены для отдыха жителей и закрыты для других горожан. Они приподняты над уровнем земли, а доступ автомобилей на их территорию ограничен.
  
Во дворах появится до 40 видов растений. Мы подберём их так, чтобы в каждое время года двор имел свой цвет. Деревья высадим сразу взрослыми, со сформированной кроной. Зелень будет даже зимой — благодаря хвойным растениям. Детские площадки мы сделаем максимально абстрактными — чтобы вдохновлять детей на творчество, а не диктовать им сценарии игры. Разместим игровое оборудование только из натуральных материалов.
  
Архитектурная выразительность фасадов достигается за счёт практичных и в то же время эстетичных решений. Большие окна помогают наполнить комнаты естественным светом. Летние помещения в каждой квартире служат дополнительным пространством для уединения. Также здесь можно установить кондиционер. На верхних этажах спроектированы террасы, которые формируют архитектурный облик зданий. На первых этажах домов будут работать магазины и полезные сервисы.
  
Если Вы - риелтор, пожалуйста, за более подробной информацией обратитесь на горячую линию на нашем официальном сайте. #z59CMU";Заельцовский;Предчистовая;3;9;-1;-1;1/4;22,6 м²;37,8 м²;Новосибирск;-1;+79586110308;10720000;Лебедевский;3;Лебедевский кв-л;90.2;Заельцовская;https://novosibirsk.cian.ru/sale/flat/313964994/?mlSearchSessionGuid=114ec3afc1c3ffd43f15b609efea890e;2028
flat;Этажи;real_estate_agent;sale;"***ДОМ СДАН***

**Ваш идеальный дом ждет вас! Ключи в день сделки! Чистая продажа!** **Рассрочка без переплаты, ипотека, обмен **

Предлагаем вам уникальную возможность стать владельцем великолепной 3-комнатной квартиры с улучшенной планировкой, расположенной на комфортном 2-м этаже. Изолированные комнаты и два балкона подарят возможность наслаждаться свежим воздухом и прекрасными видами.

Расположение квартиры просто идеальное! В шаговой доступности находятся спортивный комплекс ""Энергия"", школы и детские сады, что делает этот район особенно привлекательным для семей с детьми. Кроме того, близость набережной позволит вам проводить время на свежем воздухе, наслаждаясь прогулками и активным отдыхом. Отличная транспортная развязка обеспечит легкий доступ ко всем уголкам города, что особенно важно для современных жителей.

 

Дополнительно оплачивается комиссия с покупателя.









Код пользователя: 76561
Номер в базе: 5862488";Советский;-1;2;6;-1;-1;160;15 м²;-1;Новосибирск;-1;+79133705281;7350000;;3; Ивлева;83.5;Студенческая;https://novosibirsk.cian.ru/sale/flat/315792065/?mlSearchSessionGuid=114ec3afc1c3ffd43f15b609efea890e;2024
flat;Брусника Обмен;real_estate_agent;sale;"Трехкомнатная квартира площадью 71,3 кв.м.
Просторная трехкомнатная квартира с кухней-гостинной   и раздельным сан.узлом.
Ремонт выполнен в светлых тонах. 
Панельный дом 2016г. постройки.
Район хорошо обеспечен общественным транспортом, что обеспечивает быстрый доступ к центру города и основным транспортным узлам
Чистая продажа.
Быстрый выход на сделку.";Октябрьский;-1;13;18;-1;-1;7/5;-1;40 м²;Новосибирск;-1;+79139532104;6300000;Плющихинский;3; Виталия Потылицына;71.3;Золотая Нива;https://novosibirsk.cian.ru/sale/flat/323738939/?mlSearchSessionGuid=114ec3afc1c3ffd43f15b609efea890e;2016
flat;Страна Девелопмент;developer;sale;"Новая квартира в ЖК ""Страна.Тополёвая"" напрямую от федерального застройщика ""Страна Девелопмент"".

Продается 3комнатная квартира на 28 этаже от застройщика Страна Девелопмент. Площадь квартиры 83.93 кв. м.

Жилой комплекс ""Страна.Тополёвая"" — новый проект федерального застройщика ""Страна Девелопмент"" в Новосибирске. Он раскинется в 20 минутах ходьбы
от центра. 

Преимущества


•	Удачная локация. Оцените все преимущества жизни на Ипподромской улице, которая считается главной городской артерией, связывающей между собой Октябрьский, Центральный и Калининский районы.
•	Приватный двор. Для юных жителей предусмотрены игровые площадки с разделением по возрасту. Особого внимания заслуживает озеленение дворовой территории. Различные виды деревьев, кустарники и цветущие многолетники создают у дома атмосферу вечнозелёного парка.
•	Подземный паркинг. Территория жилого квартала будет свободна от автомобилей. Предусмотрен охраняемый подземный паркинг на 178 машино-мест. О сохранности транспорта можно не беспокоиться — здесь предусмотрено видеонаблюдение и доступ по считыванию номеров или BLE-метке.

Отделка
Квартиры сдаются с предчистовой отделкой: произведена разводка электричества и отопления, выполнена стяжка пола, стены выровнены ""под маяк"", установлены радиаторы. 

Дизайнерская отделка

При покупке квартиры в ЖК ""Страна.Тополёвая"" можно приобрести ремонт от застройщика. 4 стиля отделки для ванной и 5 вариантов для остальных комнат — на выбор.

Кухня от застройщика 
Одна из удобных опций от Страны — приобретение кухни в ипотеку при покупке опции ""Ремонт"". Доступно 4 стиля на выбор: дерево, керамика, мрамор, бетон. 

Умный дом
Функция ""Умный дом"" позволит перейти на новый уровень комфорта. Управляйте светом в квартире с помощью голоса, получайте информацию о ситуации в квартире, находясь на работе или в отпуске.

Способы покупки
Сотрудники ""Страна Девелопмент"" будут сопровождать вас на каждом этапе сделки, помогут получить одобрение по ипотеке или снизить ежемесячный платеж.

- ипотека
- рассрочка
- с использованием материнского капитала 
- 100% оплата наличными";Октябрьский;Предчистовая, чистовая;28;30;-1;Монолитный;;17,9 м²;42,5 м²;Новосибирск;-1;+79635612025;17423529;Страна.Тополёвая;3; Ядринцевский Подъем;83.93;Березовая Роща;https://novosibirsk.cian.ru/sale/flat/325664039/?mlSearchSessionGuid=114ec3afc1c3ffd43f15b609efea890e;2027
flat;Города Новосибирск;real_estate_agent;sale;"Код объекта: 2026545.
ВНИМАНИЕ гарантируем защиту титула!!!Пpoдаётcя cветлaя и тёплaя 3-комнатная кваpтирa площaдью 55,5 м² нa кoмфopтнoм 2 этaже 5-этaжнoгo киpпичнoго дома. Дoм c толстыми cтенaми и xорошей шумоизоляция                                                                                                                                                                                                                                                                                                                                           
пoлнoстью заменeна электpопроводкa и трубы
грaмотнo pазведена электрика — много розеток в нужных местах
стены выровнены гипсокартоном
на полу — ламинат
натяжные потолки с точечным освещением
установлены кондиционер, проточный водонагреватель, посудомоечная машина
качественная немецкая сантехника Grоhе
Планировка очень удачная:
отдельная спальня
детская комната
гостиная для отдыха всей семьёй
— квартира подойдёт как для семьи с детьми, так и для комфортной жизни без перепланировок.
Окна выходят на две стороны:
большая часть — в тихий тупиковый двор, где не ездят машины, одно окно — на дорогу.
уютный застеклённый балкон.
Кухонный гарнитур со встроенной техникой остаётся новым владельцам.
Остальная мебель — по договорённости.
Отличное расположение:
детский сад — через дорогу
школа — 5 минут пешком
спокойный, зелёный район
парковка во дворе, что не маловажно
Эта квартира — вариант, в который можно заехать и жить сразу, не тратя время, нервы и деньги на ремонт.
Звоните — с удовольствием покажу квартиру и отвечу на все вопросы.";Калининский;-1;2;5;-1;-1;15;6 м²;43 м²;Новосибирск;-1;+79831236186;7700000;;3;Народная ;55.5;Заельцовская;https://novosibirsk.cian.ru/sale/flat/326461666/?mlSearchSessionGuid=114ec3afc1c3ffd43f15b609efea890e;1960
flat;Rialtor Group;real_estate_agent;sale;"Арт. 116263463 Большая светлaя,тeплая, уютнaя трехкомнaтная квaртира готова к заceлeнию! 
Удачная плaнирoвкa нa двe стopоны. 
В квартире есть лоджия.  
Мебель, бытовая техника частично остается! 
Приятным бонусом будет персональное парковочное место во дворе!
Все необходимое для жизни в квартире со дня покупки.
Множество социальных объектов в шаговой доступности: школа в соседнем дворе, детские сады, детская школа искусств, детская и взрослая поликлиника.
Транспортная доступность. Остановка общественного транспорта (автобусы, троллейбусы) около дома 3 минуты ходьбы.! 
Метро Золотая Нива в 15 минутах ходьбы. Трамвайная линия в 1 остановке.
Торговый центр Континент в 10 минутах ходьбы, Аптеки, пункты выдачи маркетплэйсов, магазины Монетка, Пятерочка, Мария-Ра в минутной доступности,
Квартира в собственности более 10 лет.";Дзержинский;-1;3;5;-1;-1;27;7 м²;45,9 м²;Новосибирск;-1;+79137250092;6500000;;3; Доватора;57.9;Золотая Нива;https://novosibirsk.cian.ru/sale/flat/321649695/?mlSearchSessionGuid=114ec3afc1c3ffd43f15b609efea890e;-1
flat;НГС;developer;sale;"Квартира сдается с отделкой White box. Также можно заказать готовый ремонт от застройщика.

Отделка White box включает в себя:

- Стяжка пола и выравнивание стен
- Надежная металлическая дверь
- Оконные блоки ПВХ, 5-камерные рамы Veka Softline 70
- Панельные радиаторы
- Стояки водопровода и канализации
- Электропроводка разведена по комнатам
Планируемая сдача дома в 3 квартале 2025 г.

Семейный квартал ""Оптимисты"" — ваш путь к счастью!

Комплекс состоит из двух 23-этажных домов классической архитектуры. Здесь есть все необходимое для вашей счастливой жизни


- Увеличенные окна
- 3 бесшумных лифта KOYO
- Колясочные и велосипедная комната
- Кладовые
- Лапомойка для ваших питомцев
- Игровые площадки для детей всех возрастов
- Двор без машин
- Спортивные и лаунж-зоны
- Охрана и видеонаблюдение для вашего спокойствия
- 2-уровневый паркинг
- Коммерческие площади на 1 этаже

В шаговой доступности детский сад, школа, супермаркеты и многое другое.
Комплекс расположен на пересечении улиц Титова и Пермская, всего в 7 минутах от метро ""Площадь Маркса"".                                                                                                                         Квартира номер 209";Ленинский;Предчистовая;22;23;-1;Монолитно-кирпичный;10;-1;-1;Новосибирск;-1;+79586118682;8500000;Оптимисты;3;Пермская ;58.4;Площадь Маркса;https://novosibirsk.cian.ru/sale/flat/327050149/?mlSearchSessionGuid=114ec3afc1c3ffd43f15b609efea890e;2025
flat;METRAGE;real_estate_agent;sale;"Арт. 26033 В продаже трёхкомнатная квартира-распашонка с качественным ремонтом и изолированными комнатами. Имеется превосходная управляющая компания, которая уделяет особое внимание благоустройству придомовой территории и внутреннего пространства.

Коммунальные платежи в этой квартире относительно невысокие, а мебель и техника полностью укомплектованы. Перепланировки не производились.

Во дворе дома расположены новые детский сад, школа, медицинский центр, многофункциональный центр, а также остановка общественного транспорта и магазины, до которых можно дойти за пять минут.

С радостью продемонстрируем квартиру в удобное для вас время.. Дополнительно оплачивается комиссия с покупателя";Кировский;-1;5;10;-1;-1;1;10 м²;35 м²;Новосибирск;-1;+79137521901;7650000;Просторный;3; Николая Сотникова;58.0;Студенческая;https://novosibirsk.cian.ru/sale/flat/316357353/?mlSearchSessionGuid=114ec3afc1c3ffd43f15b609efea890e;-1
flat;Этажи;real_estate_agent;sale;"Продам полноценную квартиру 3 комнаты улучшеннoй плaнировки 
    ул. Забaлуевa 51

3 большие раздельные комнаты,
большая кухня, раздельный санузел

В квартире выполнен качественный ремонт, использованы современные материалы
    Балкон застеклен пластиковыми окнами, обшит

 Есть свое (закрепленное за квартирой) парковочное место

Инфраструктура района развита и удобна для жизни: 
    Рядом с домом расположены детские сады, школы, магазины, аптеки и банки

      В шаговой доступности находится парк

В районе есть спортивный комплекс с бассейном и тренажерным залом

     Удобная транспортная доступность позволит быстро добраться до любой точки города

     В шаговой доступности находится остановка общественного транспорта, откуда можно добраться до центра города за 15 минут

     Эта квартира станет отличным выбором для тех, кто ценит комфорт и уют

Рядом с объектом находятся:

4 школы,
4 детских сада,
8 продуктовых магазинов,
1 спортивное учреждение

Нет обpеменeний
Быстрый выxод на сдeлку!







  
Свежайший ремонт в подъездах!!!  
Везде стоят камеры, 
во всем доме подключена система УМНЫЙ ДОМ

На этаже есть ВИДЕО НАБЛЮДЕНИЕ и также по всему периметру дома установлены  видео-камеры

ДВОР совершенно весь просматривается, Ваши дети гуляют и Вы спокойны

Тамбур на две квартиры. 
""Тещина(кладовая) комната""  переделана в ПОСТИРОЧНУЮ , в которой стоит стиральная машина, есть много полок для бытовой химии,  хозяйственных вещей.

Ухоженная чистая территория, большая детская площадка, отдельная от зоны парковки, с множеством современных детских комплексов рассчитанных на разную возрастную категорию, что является огромным плюсом для семей с детьми. в подъезде проведен в этом году ремонт.

В доме сформировался дружный коллектив и совет дома, что позволяет оперативно решать ЛЮБЫЕ ВОПРОСЫ  с УК (управляющей компанией) (озеленение, уборка территорий, ремонт и поддержание дома в отличном состоянии)




 

Дополнительно оплачивается комиссия с покупателя.









Код пользователя: 188946
Номер в базе: 9799399";Ленинский;-1;7;10;-1;-1;51;10,2 м²;40,3 м²;Новосибирск;-1;+79830511483;6649000;Чистая слобода;3; Забалуева;66.1;Площадь Маркса;https://novosibirsk.cian.ru/sale/flat/321699560/?mlSearchSessionGuid=114ec3afc1c3ffd43f15b609efea890e;2009
flat;Новый Мир;developer;sale;"Дом сдан, приглашаем на экскурсию!

""Нобель"" на Красном проспекте в 2025 году стал победителем в номинации Жилая недвижимость. Бизнес-класс. Регионы (Urban Awards 2025), в 2024 признан Самым инвестиционно-привлекательным проектом УФО+СФО+ДФО (Urban Awards 2024).

Дом ""Нобель"" в Новосибирске спроектирован компанией ""Новый мир"" совместно с международной командой архитекторов из Великобритании, Италии и Сербии. Уникальность проекта, в том, что при строительстве здания в центральной локации города удалось сохранить более 200 деревьев ценных хвойных пород на территории комплекса. При этом в продукте было сформировано более 50 вариантов функциональных планировочных решений. И все это в великолепной архитектурной форме в стиле ар-деко. Общая площадь территории 2 гектара! Именно это позволило специалистам компании ""Новый мир"" спроектировать уникальный двор-парк с фонтаном и колоннадой.

Архитектура
Один из принципов нашей компании: сохранять все лучшее в каждой локации. Архитектурное окружение дома ""Нобель"" представлено сталинской неоклассикой, именно поэтому специалисты компании ""Новый мир"" выбрали стиль ар-деко, который называют наследником неоклассицизма и модернизма. ""Нобель"" — это архитектура, устремленная вверх. 5 башен с величественными шпилями, благородный фасад из натурального гранита, увеличенная площадь остекления с применением архитектурного стекла. И — чего не встретишь в других проектах, — роскошная гранитная прогулочная колоннада — второй уровень благоустройства.


Двор
Ландшафтный дизайн стилистически продолжает архитектурный замысел ар-деко: строгая закономерность, смелые линии, геометрические узоры, отсутствие ярких оттенков. Пространство двора-парка разделено на две части. Они отделены друг от друга колоннадой, по которой можно прогуливаться на высоте 10 метров и любоваться Красным проспектом. Зоны отдыха, игровые площадки, беседки соединены дорожками и создают один из узнаваемых узоров европейского стиля. Хвойные гиганты и фонтан добавляют особый шик.


Холлы
Семь парадных холлов дома ""Нобель"" облицованы широкоформатным итальянским керамогранитом. Мягкий свет, парящие потолки, дизайнерские люстры, бесшумные скоростные лифты, — каждый элемент создает атмосферу дорогого уюта и респектабельности. В доме предусмотрен консьерж-сервис для удобства жителей и гостей.


Отделка White Box
Квартиры дома Нобель сдаются в предчистовой отделке white box. Она сделана с той же тщательностью и вниманием к малейшим деталям, как и все другие работы по проекту. Квартиры полностью готовы к чистовой отделке.";Заельцовский;Предчистовая;7;19;-1;Монолитно-кирпичный;220;5,4 м²;46,9 м²;Новосибирск;-1;+79635613090;15900000;Нобель;3;Красный проспект;67.9;Заельцовская;https://novosibirsk.cian.ru/sale/flat/324818049/?mlSearchSessionGuid=114ec3afc1c3ffd43f15b609efea890e;2024
flat;Макаров & Галстян;real_estate_agent;sale;"Срочная продажа. Две спальни + кухня-гостиная!

Квартира без компромиссов. Светлая и уютная. Потолки 2.85 м. Комфортный этаж

  Кухня-гостиная + французский балкон. Очень логичное зонирование 
  Спальня 1 + французский балкон 
  Спальня 2 + лоджией + французский балкон
  Совмещенный санузел 4.3 м2. Прямоугольный, без выступов 
  Гардеробная комната. Можно сделать постирочную

Дом дальний от дороги. Шум и пыль не доносятся. Видовые характеристики замечательные

Один взрослый собственник. Чистая продажа. За объект внесли аванс";Кировский;-1;12;24;-1;-1;143/2;10 м²;35 м²;Новосибирск;-1;+79137242473;8200000;Кварталы Немировича;3; Немировича-Данченко;51.0;Студенческая;https://novosibirsk.cian.ru/sale/flat/325671442/?mlSearchSessionGuid=114ec3afc1c3ffd43f15b609efea890e;-1
flat;Дельта;real_estate_agent;sale;"В продаже уютная 3-комнатная полногабартиная квартира на улице Ватутина!
Дом расположен в удобном месте, в шаговой доступности все объекты инфраструктуры: метро пл. Маркса в 12-и минутах ходьбы от дома, супермаркеты, поликлиника, детские сады, школы, остановка общественного транспорта, кафе и рестораны, медицинские центры, Сквер славы. Во дворе дома просторная парковка, хорошая детская площадка, много зелени.
Чистый и аккуратный подъезд. Спокойные соседи.
Удачная планировка квартиры. Окна выходят на 2 стороны: 2 комнаты (17,7 и 13,8 кв.м) и кухня (8 кв.м) во двор северо-восток, 1 комната (15,6 кв.м) - на улицу Ватутина на юго-запад. 
Высота потолков 3,2 метра.
Взрослые собственники, без занижений, без обременений и других нюансов. Подходит под все виды расчетов. Все документы готовы к сделке.
Рассмотрим вариант обмена на квартиру в Кольцово.
Агентство недвижимости ""Дельта"" со всей ответственностью оказывает высококачественные услуги на рынке недвижимости уже 31 год. Мы поможем Вам приобрести данную квартиру максимально комфортно, быстро и безопасно.
Приглашаем на просмотр, звоните!";Ленинский;-1;1;5;-1;-1;1;8 м²;47,1 м²;Новосибирск;-1;+79138938412;6800000;;3; Пермитина;75.9;Площадь Маркса;https://novosibirsk.cian.ru/sale/flat/320576133/?mlSearchSessionGuid=114ec3afc1c3ffd43f15b609efea890e;-1
flat;Страна Девелопмент;developer;sale;"Новая квартира в ЖК ""Страна.Тополёвая"" напрямую от федерального застройщика ""Страна Девелопмент"".

Продается 3комнатная квартира на 26 этаже от застройщика Страна Девелопмент. Площадь квартиры 87.45 кв. м.

Жилой комплекс ""Страна.Тополёвая"" — новый проект федерального застройщика ""Страна Девелопмент"" в Новосибирске. Он раскинется в 20 минутах ходьбы
от центра. 

Преимущества


•	Удачная локация. Оцените все преимущества жизни на Ипподромской улице, которая считается главной городской артерией, связывающей между собой Октябрьский, Центральный и Калининский районы.
•	Приватный двор. Для юных жителей предусмотрены игровые площадки с разделением по возрасту. Особого внимания заслуживает озеленение дворовой территории. Различные виды деревьев, кустарники и цветущие многолетники создают у дома атмосферу вечнозелёного парка.
•	Подземный паркинг. Территория жилого квартала будет свободна от автомобилей. Предусмотрен охраняемый подземный паркинг на 178 машино-мест. О сохранности транспорта можно не беспокоиться — здесь предусмотрено видеонаблюдение и доступ по считыванию номеров или BLE-метке.

Отделка
Квартиры сдаются с предчистовой отделкой: произведена разводка электричества и отопления, выполнена стяжка пола, стены выровнены ""под маяк"", установлены радиаторы. 

Дизайнерская отделка

При покупке квартиры в ЖК ""Страна.Тополёвая"" можно приобрести ремонт от застройщика. 4 стиля отделки для ванной и 5 вариантов для остальных комнат — на выбор.

Кухня от застройщика 
Одна из удобных опций от Страны — приобретение кухни в ипотеку при покупке опции ""Ремонт"". Доступно 4 стиля на выбор: дерево, керамика, мрамор, бетон. 

Умный дом
Функция ""Умный дом"" позволит перейти на новый уровень комфорта. Управляйте светом в квартире с помощью голоса, получайте информацию о ситуации в квартире, находясь на работе или в отпуске.

Способы покупки
Сотрудники ""Страна Девелопмент"" будут сопровождать вас на каждом этапе сделки, помогут получить одобрение по ипотеке или снизить ежемесячный платеж.

- ипотека
- рассрочка
- с использованием материнского капитала 
- 100% оплата наличными";Октябрьский;Предчистовая, чистовая;26;30;-1;Монолитный;;20,2 м²;50,3 м²;Новосибирск;-1;+79635612025;18047059;Страна.Тополёвая;3; Ядринцевский Подъем;87.45;Березовая Роща;https://novosibirsk.cian.ru/sale/flat/325664034/?mlSearchSessionGuid=114ec3afc1c3ffd43f15b609efea890e;2027
flat;Метраж;real_estate_agent;sale;"Предлагается к продаже светлая, теплая 3-х комнатная квартира с высокими потолками в кирпичном доме! Окна выходят на две стороны, благодаря этому в квартире очень много света. Выполнен капитальный ремонт с использованием современных, качественных материалов. Заменены все окна, проводка ( до мелочей продумана разводка, есть разетка на потолке, возле окна, для герлянды), система отопления и водоснабжения. Стены выровнены и подготовлены к покраске или наклейке обоев, натяжные потолки с точечным освещением, на полу линолеум. Большой санузел с 2-мя окнами! Просторные комнаты правильной формы, балкон, чистый подъезд, в котором недавно был сделан ремонт. Толстые кирпичные стены, соседей вы точно не услышите. 
Квартира расположена в престижном районе города, все необходимое находится в шаговой доступностих. Станция метро Октябрьская, библиотека ГПНТБ,парки, магазины, Октябрский рынок, детские сады, школы и высшие учебные заведения. Всем этим вы можете наслаждаться не выезжая за пределы района!";Октябрьский;-1;4;5;-1;-1;111;6 м²;51 м²;Новосибирск;-1;+79137219050;8500000;;3;Ленинградская ;71.0;Октябрьская;https://novosibirsk.cian.ru/sale/flat/317228963/?mlSearchSessionGuid=114ec3afc1c3ffd43f15b609efea890e;-1
flat;Этажи;real_estate_agent;sale;"Продается трехкомнатная квартира в Кировском районе! Идеальный вариант для семьи.

Дом расположен в тихом районе города, вдали от шумных дорог, в то же время имеет развитую инфраструктуру и транспортную доступность.  В шаговой доступности школы и детские сады, мед учреждения.

Развитая транспортная доступность, до пл. Маркса 15 минут. 

Готовы рассмотреть любую форму расчета, ипотека, материнский капитал, обмен на Вашу  недвижимость.
 Звоните!
При покупке данного объекта, возникает комиссия. 

Дополнительно оплачивается комиссия с покупателя.









Код пользователя: 187174
Номер в базе: 9255080";Кировский;-1;4;9;-1;-1;44/6;9 м²;-1;Новосибирск;-1;+79137122435;7050000;;3; Сибиряков-Гвардейцев;63.7;Площадь Маркса;https://novosibirsk.cian.ru/sale/flat/320901792/?mlSearchSessionGuid=114ec3afc1c3ffd43f15b609efea890e;1989
flat;Страна Девелопмент;developer;sale;"Новая квартира в ЖК ""Страна.Береговая"" напрямую от федерального застройщика ""Страна Девелопмент"".

Продается 3комнатная квартира на 18 этаже от застройщика Страна Девелопмент. Площадь квартиры 49,31 кв. м.

Жилой комплекс ""Страна.Береговая"" — новый флагманский проект федерального застройщика ""Страна Девелопмент"" в Новосибирске. Дом на берегу Оби с захватывающими видами из окон. Три секции разной этажности с акцентной башней-доминантой образуют камерное пространство с закрытым двором и личным зелёным садом для отдыха.

ПРЕИМУЩЕСТВА

Свой приватный двор, окружённый зеленью, которая будет цвести весь год. Двор с релакс-пространством, спортивной зоной с воркаут и настольным теннисом. Детская площадка из природных материалов. Двор круглосуточно находится под видеонаблюдением.
Парадные с зелёным оазисом из растений. Для комфорта мы предусмотрели тёплые тамбуры, в зонах ожидания разместили мягкие диваны. Также мы добавили возможность бесключевого доступа — по распознаванию лица или считыванию BLE-ключа.
Спроектирована подземная парковка на 217 машиномест. Ваш личный транспорт всегда будет под защитой и видеонаблюдением — переживать о его сохранности не придётся. Въезд в паркинг осуществляется с помощью умной камеры по госномеру либо BLE-метке. А чтобы подняться к квартире, не нужно выходить на улицу — лифты отвезут на нужный этаж. Для гостей за территорией двора предусмотрена открытая гостевая парковка.

ОТДЕЛКА

Квартиры сдаются с предчистовой отделкой: произведена разводка электричества и отопления, выполнена стяжка пола, стены выровнены ""под маяк"", установлены розетки, выключатели и радиаторы. 


ДИЗАЙНЕРСКАЯ ОТДЕЛКА

При покупке квартиры в ЖК ""Страна.Береговая"" можно включить стоимость ремонта в ипотеку.  Пять вариантов на выбор: хлопковая нить, серый шторм, белый камень, шалфей, голубой вереск. Включено всё — обои, ламинат, натяжной потолок и даже кондиционер. Также для вас есть четыре варианта ремонта в ванной — акриловая ванна с экраном, смеситель с лейкой, подвесной унитаз, зеркало с подсветкой. Останется только разместить мебель! 

СПОСОБЫ ПОКУПКИ

Сотрудники ""Страна Девелопмент"" будут сопровождать вас на каждом этапе сделки, помогут получить одобрение по ипотеке или снизить ежемесячный платеж.

- ипотека
- рассрочка
- с использованием материнского капитала 
- 100% оплата наличными";Заельцовский;Предчистовая, чистовая;18;29;-1;Панельный;109/2;6,2 м²;35,2 м²;Новосибирск;-1;+79587384464;11682353;Страна Береговая;3;Сухарная ;49.31;Площадь Гарина-Михайловского;https://novosibirsk.cian.ru/sale/flat/326553001/?mlSearchSessionGuid=114ec3afc1c3ffd43f15b609efea890e;2026
flat;Города Новосибирск;real_estate_agent;sale;"Код объекта: 2046124.
Ищете идеальное жильё в Новосибирске по выгодной цене?  Мы рады предложить вам прекрасную трёхкомнатную квартиру — это ваш шанс начать новую жизнь в комфорте и уюте! Квартира расположена на четвёртом этаже кирпичного дома, построенного в 2009 году. Здесь вас ждут просторные комнаты с изолированными пространствами, что создаёт удобство для каждого члена семьи. Общая площадь квартиры составляет 70,5 кв. м, из которых 45,1 кв. м — жилая площадь, а 8,8 кв. м — кухня. Высота потолков в 2,9 м добавляет воздуха и свободы. Одно из главных преимуществ этой квартиры — качественный евроремонт, который позволит вам сразу заселиться без дополнительных вложений . Уютная лоджия станет вашим любимым местом для отдыха и релаксации. Расположение квартиры также заслуживает внимания. Вы будете жить в районе с развитой инфраструктурой: рядом есть школы, детские сады, магазины, аптеки и спортивные клубы. Близость к общественному транспорту обеспечит лёгкий доступ к любой точке города . Не упустите свой шанс стать обладателем этой прекрасной квартиры! Свяжитесь с нами прямо сейчас, чтобы узнать больше и договориться о просмотре. Мы гарантируем безопасную сделку и юридическую поддержку нашим клиентам. Поможем одобрить ипотеку с сниженной ставкой.  Звоните и пишите, мы с радостью ответим на все ваши вопросы!";Октябрьский;-1;4;4;-1;-1;117;8,8 м²;45,1 м²;Новосибирск;-1;+79831236186;9000000;;3; Грибоедова;70.5;Золотая Нива;https://novosibirsk.cian.ru/sale/flat/327028776/?mlSearchSessionGuid=114ec3afc1c3ffd43f15b609efea890e;2009
flat;Новый Мир;developer;sale;"ОСКАР  уютные резиденции для новых историй.
Большая премьера от компании ""Новый мир"" - создателя дома ""Нобель"" (победителя Urban Awards 2025 и 2024, финалиста Proestate@Toby Awards 2023). 


Беспроцентная рассрочка на квартиры в ""Оскаре"" на 2 года.
Ежемесячный платеж от 70 000 рублей.

Успейте зафиксировать условия!


Жилой комплекс ОСКАР создает компания ""Новый мир"" — один из крупнейших девелоперов Сибири с 20-летней успешной историей работы в строительной отрасли и опытом реализации масштабных проектов — ЖК ""Лев Толстой"", ""Дом на Немировича"", ЖК ""История"", квартал ""Беринг"", дом ""Нобель"". Все проекты компании становятся победителями и финалистами отраслевых профессиональных премий. Компания является продуктовым лидером и входит в ТОП-3 в регионе по потребительским свойствам проектов, по версии ЕРЗ.

Концепция 
Представьте, что вы живете в мире, где не нужно выбирать между красивым, удобным и оптимальным. Станьте главным режиссером своей жизни, и прочувствуйте СВОЙ НОВЫЙ СЦЕНАРИЙ. В Сибири много талантливых людей с уникальной историей успеха, и их ждет ОСКАР.
Жилой комплекс из трех роскошных башен от 20 до 24 этажей объединен единым концептом с декоративной колоннадой. ОСКАР выполнен в стилистике ар-деко  роскошном архитектурном стиле, призванном создать новые истории о жизни в столице Сибири. Что это будет  блокбастер о герое-одиночке или теплая семейная сага  решать только вам. 

Локация
Центр  все рядом! Заельцовский район  самый зеленый район Новосибирска. Район парков, аллей, свежего воздуха. ЖК ""ОСКАР"" продолжает нобелевскую плеяду жилых комплексов на главной улице Новосибирска - Красном проспекте. Именно здесь на улице успешных и амбициозных развиваются новые сюжеты. ""Новый мир"" создает в этой локации целый квартал, в котором близость станции метро сочетается с уютной тишиной еловой аллеи. В основу проекта заложены вечные ценности: интеллигентность, уважение к культуре. В пешей доступности от ОСКАРА вузы, театры, банки, детские сады, рестораны и большие магазины. 

Главные преимущества
Высотные башни дома ОСКАР дарят окрыляющее чувство успеха и вдохновения. ОСКАР  дом, в котором все преимущества собраны в одном доме: центр Новосибирска, роскошная архитектура, новые технологии, ассистент-сервис, элегантные лобби. 

Дом новых возможностей!
 • Кинематографичная архитектура - элегантный и уютный одновременно
 • Собственное мобильное приложение с заказом услуг — еды, такси, клининга, бронирования билетов, мероприятий с кейтерингом и т. д.
 • Два скоростных лифта в каждой башне
 • Консьерж-сервис
 • Функциональные планировки
 • Кофейня, кондитерская и spa-салон на первом этаже формируют уютный микромир с размеренным ритмом жизни и внимательным сервисом.

Планировочные решения
 • Функциональные площади, где продуман каждый квадратный метр. 
 • Планировочные варианты с мастер-спальней, кухней-гостиной, двумя ванными, гардеробными.
 • Обилие естественного света благодаря увеличенной площади остекления. 
 • Надежные авторские двери, не требующие зам";Заельцовский;Предчистовая;19;24;-1;-1;;7,1 м²;40,3 м²;Новосибирск;-1;+79587500021;13600000;Оскар ЖК;3;;70.2;Заельцовская;https://novosibirsk.cian.ru/sale/flat/324818478/?mlSearchSessionGuid=114ec3afc1c3ffd43f15b609efea890e;2028
flat;Эксперт Дом;real_estate_agent;sale;"Продается уютная 3-комнатная квартира площадью 86.1 кв. м + 8.1 м2 подсобное помещение в Новосибирске на улице Татьяны Снежиной, 31/3. Квартира расположена на 5 этаже 10-этажного панельного дома. Просторная жилая площадь 56.3 кв. м и большая кухня 12.8 кв. м идеально подойдут для комфортного проживания семьи. 

В квартире выполнен косметический ремонт, который позволяет вам сразу переехать и жить без дополнительных вложений. Планировка включает три изолированные комнаты, что обеспечивает комфортное проживание для всех членов семьи. Окна выходят как во двор, так и на улицу, поэтому в квартире всегда светло и уютно. Санузел раздельный, что очень удобно для большой семьи. Имеется один балкон, где можно организовать уютное пространство для отдыха.

Дом оборудован грузовым лифтом, что будет удобно для переезда и транспортировки крупногабаритных предметов. Дом ухоженный, подъезды чистые. Рядом с домом есть парковочные места. Ближайшее метро — ""Золотая Нива"", до которого можно добраться на автомобиле за 9 минут.

Инфраструктура района развита: в пешей доступности находятся школы и детские сады, что очень удобно для семей с детьми. Также рядом расположены магазины, позволяющие легко и быстро совершать ежедневные покупки.

Условия сделки: продажа квартиры осуществляется по договору купли-продажи. Возможна ипотека. Собственники готовы к быстрой сделке, обременений нет. 

Приглашаем вас на просмотр! Это отличная возможность приобрести комфортное жилье для вашей семьи в районе с развитой инфраструктурой. Записывайтесь на показ по телефону, указанному в объявлении.";Октябрьский;-1;5;10;-1;-1;31/3;12,8 м²;56,3 м²;Новосибирск;-1;+79833018659;9300000;Плющихинский;3; Татьяны Снежиной;94.2;Золотая Нива;https://novosibirsk.cian.ru/sale/flat/321154159/?mlSearchSessionGuid=114ec3afc1c3ffd43f15b609efea890e;-1
flat;METRAGE;real_estate_agent;sale;Арт. 27539 Просторная, светлая, уютная трехкомнатная квартира классической планировки с высокими потолками, увеличенными окнами, двумя балконами. Коммуникаций и проводка заменены, есть кладовая. Дом после капитального ремонта, ухоженный. Соседи хорошие. Много свободного места под парковку. Уютный тихий зеленый двор который переходит в сквер, удобная транспортная развязка, школы, детсады, новая поликлиника, в нескольких остановках м.Заельцовская.. Дополнительно оплачивается комиссия с покупателя;Заельцовский;-1;3;3;-1;-1;4;7,7 м²;52,4 м²;Новосибирск;-1;+79833148235;7300000;;3; Аэропорт;78.2;Заельцовская;https://novosibirsk.cian.ru/sale/flat/326574040/?mlSearchSessionGuid=114ec3afc1c3ffd43f15b609efea890e;-1
flat;НГС;developer;sale;"Квартира сдается с отделкой White box. Также можно заказать готовый ремонт от застройщика.

Отделка White box включает в себя:

- Стяжка пола и выравнивание стен
- Надежная металлическая дверь
- Оконные блоки ПВХ, 5-камерные рамы Veka Softline 70
- Панельные радиаторы
- Стояки водопровода и канализации
- Электропроводка разведена по комнатам
Планируемая сдача дома в 3 квартале 2025 г.

Семейный квартал ""Оптимисты"" — ваш путь к счастью!

Комплекс состоит из двух 23-этажных домов классической архитектуры. Здесь есть все необходимое для вашей счастливой жизни


- Увеличенные окна
- 3 бесшумных лифта KOYO
- Колясочные и велосипедная комната
- Кладовые
- Лапомойка для ваших питомцев
- Игровые площадки для детей всех возрастов
- Двор без машин
- Спортивные и лаунж-зоны
- Охрана и видеонаблюдение для вашего спокойствия
- 2-уровневый паркинг
- Коммерческие площади на 1 этаже

В шаговой доступности детский сад, школа, супермаркеты и многое другое.
Комплекс расположен на пересечении улиц Титова и Пермская, всего в 7 минутах от метро ""Площадь Маркса"".                                                                                                                         Квартира номер 198";Ленинский;Предчистовая;21;23;-1;Монолитно-кирпичный;10;-1;-1;Новосибирск;-1;+79586118682;7700000;Оптимисты;3;Пермская ;51.12;Площадь Маркса;https://novosibirsk.cian.ru/sale/flat/327067373/?mlSearchSessionGuid=114ec3afc1c3ffd43f15b609efea890e;2025
flat;METRAGE;real_estate_agent;sale;"Арт. 27483 Продаётся просторная трёхкомнатная квартира площадью 71 кв. м в современном кирпичном доме 2020 года постройки. Находится на 1 этаже 16-этажного здания, что удобно для семей с детьми и пожилых людей. Высота потолков составляет 2,85 метра, что даёт ощущение простора. Квартира расположена в районе метро ""Речной вокзал"", до которого можно дойти пешком за 20 минут.

В квартире сделан качественный ремонт
Продаётся просторная трёхкомнатная квартира площадью 71 кв. м в современном кирпичном доме 2020 года постройки. Находится на 1 этаже 16-этажного здания, что удобно для семей с детьми и пожилых людей. Высота потолков составляет 2,85 метра, что даёт ощущение простора. Квартира расположена в районе метро ""Речной вокзал"", до которого можно дойти пешком за 20 минут.

В квартире сделан качественный ремонт,
Продаётся просторная трёхкомнатная квартира площадью 71 кв. м в современном кирпичном доме 2020 года постройки. Находится на 1 этаже 16-этажного здания, что удобно для семей с детьми и пожилых людей. Высота потолков составляет 2,85 метра, что даёт ощущение простора. Квартира расположена в районе метро ""Речной вокзал"", до которого можно дойти пешком за 20 минут.

В квартире сделан качественный ремонт, который сочетает в себе стиль и функциональность. Большая кухня площадью 19 кв. м станет отличным местом для семейных ужинов и встреч с друзьями. В комнатах и на кухне установлена вся необходимая мебель и техника, поэтому можно сразу заселяться. Санузел выполнен в современном стиле и оборудован всей необходимой сантехникой.

Дом в отличном состоянии, построен из кирпича, что обеспечивает хорошую звуко- и теплоизоляцию. Во дворе есть парковочные места, поэтому можно не беспокоиться о парковке автомобиля. Территория дома благоустроена, есть детская площадка и зоны для отдыха.

Район обладает развитой инфраструктурой: рядом находятся школы и детские сады, что удобно для семей с детьми. В шаговой доступности магазины, где можно приобрести все необходимые товары. Для любителей активного отдыха поблизости есть парки и прогулочные зоны.

Сделка проводится по договору купли-продажи. Квартира без обременений, все документы готовы к сделке. Возможна покупка в ипотеку, что делает приобретение ещё более доступным.

Приглашаем вас на просмотр! Звоните, чтобы записаться на удобное для вас время. Не упустите возможность стать владельцем этой замечательной квартиры!. Дополнительно оплачивается комиссия с покупателя";Октябрьский;-1;1;16;-1;-1;71/1;19 м²;45 м²;Новосибирск;-1;+79130160191;10200000;Маяк;3;2-я Обская ;71.0;Речной вокзал;https://novosibirsk.cian.ru/sale/flat/326679964/?mlSearchSessionGuid=114ec3afc1c3ffd43f15b609efea890e;-1
flat;METRAGE;real_estate_agent;sale;Арт. 24978 Трехкомнатная, теплая, светлая  квартира с изолированными комнатами. Лоджия застеклена. Лифт грузовой. Территория дома огорожена с хорошо оборудованными детскими площадками . Вокруг домов предусмотрено большое количество парковочных мест. В непосредственной близости от дома находятся магазины, супермаркеты, аптеки, банки, школы и детские сады. Так же в нескольких минутах ходьбы расположены остановки общественного транспорта, что обеспечит легкую и быструю доступность к любой точке города Квартира без обременений, без занижений! Подходит под все виды расчета! . Просмотр квартиры в удобное для вас время.. Дополнительно оплачивается комиссия с покупателя;Заельцовский;-1;6;10;-1;-1;94;9 м²;39 м²;Новосибирск;-1;+79137727479;7350000;;3;Кубовая ;59.1;Заельцовская;https://novosibirsk.cian.ru/sale/flat/312406321/?mlSearchSessionGuid=114ec3afc1c3ffd43f15b609efea890e;-1
flat;Талан;developer;sale;"Классика в современной интерпретации  

Кухня-гостиная с выходом на лоджию — место для общения, отдыха и вечеров в кругу семьи 

Отдельное помещение под прачечную. Стирка и сушка белья будут проходить незаметно, обеспечивая эстетичный вид ванной и комнат  

Спальня с местом под шкаф-купе — уголок комфорта и уединения. 

Детская комната с удобными местами для хранения. Здесь достаточно пространство для сна, учёбы и игр 

Два санузла позволяют легко справляться с утренними и вечерними заботами. Первый с ванной — удобный и практичный. Второй гостевой — ещё один важный элемент для вашего комфорта";Калининский;Предчистовая, чистовая;3;9;-1;Монолитно-кирпичный;148;6,2 м²;30,5 м²;Новосибирск;-1;+79587370090;7177089;Природные кварталы Сибирия;3; Богдана Хмельницкого;55.5;Заельцовская;https://novosibirsk.cian.ru/sale/flat/325365258/?mlSearchSessionGuid=114ec3afc1c3ffd43f15b609efea890e;2028
flat;Всем Квартиру;real_estate_agent;sale;"Продаётся уютная квартира с качественным ремонтом


О квартире:
Представляем вашему вниманию квартиру, где каждый сантиметр продуман до мелочей. Ремонт выполнен качественно, с любовью и заботой, как для себя  использованы только надежные материалы, продумана каждая деталь интерьера.


Планировка и комфорт:
Отличная планировка создает особую атмосферу уюта и комфорта. Продуманное зонирование пространства позволяет максимально эффективно использовать каждый квадратный метр.


Инфраструктура:
Всё необходимое для комфортной жизни находится в пешей доступности:
* Новый современный детский сад
* Школы и учебные заведения
* Супермаркеты и магазины
* Остановки общественного транспорта
* Удобная подземная парковка для автовладельцев


Преимущества:
* Качественный ремонт
* Продуманная планировка
* Уютная атмосфера
* Развитая инфраструктура
* Подземная парковка
* Всё в шаговой доступности


Квартира полностью готова к заселению  заезжай и живи! Не упустите возможность стать владельцем комфортного жилья в отличном районе!
Один взрослый собственник. 
Звоните, подробнее расскажем и покажем.

Номер объекта: #1/537260/24667";Калининский;-1;9;16;-1;-1;313;15,4 м²;32 м²;Новосибирск;-1;+79137522773;11000000;Северная Корона;3;Красный проспект;68.0;Заельцовская;https://novosibirsk.cian.ru/sale/flat/317794692/?mlSearchSessionGuid=114ec3afc1c3ffd43f15b609efea890e;-1
flat;METRAGE;real_estate_agent;sale;Арт. 26405 ВНЕСЁН АВАНС   ВНЕСЕН ЗАДАТОК!!!!   Дом полногабаритный с высокими потолками, отличной шумоизоляции, кирпичные стены. В квартире остаются встроенные шкафы и кухонный гарнитур.  Приборы учёта установлены. Во дворе дома есть автомобильная парковка и новая детская площадка.  Удобное расположение дома, все необходимое для комфортного проживания в шаговой доступности . Дополнительно оплачивается комиссия с покупателя;Кировский;-1;5;5;-1;-1;11;8,3 м²;34 м²;Новосибирск;-1;+79137727479;7500000;;3; Сибиряков-Гвардейцев;71.7;Площадь Маркса;https://novosibirsk.cian.ru/sale/flat/318779630/?mlSearchSessionGuid=114ec3afc1c3ffd43f15b609efea890e;-1
flat;Новый Мир;developer;sale;"ОСКАР  уютные резиденции для новых историй.
Большая премьера от компании ""Новый мир"" - создателя дома ""Нобель"" (победителя Urban Awards 2025 и 2024, финалиста Proestate@Toby Awards 2023). 


Беспроцентная рассрочка на квартиры в ""Оскаре"" на 2 года.
Ежемесячный платеж от 70 000 рублей.

Успейте зафиксировать условия!


Жилой комплекс ОСКАР создает компания ""Новый мир"" — один из крупнейших девелоперов Сибири с 20-летней успешной историей работы в строительной отрасли и опытом реализации масштабных проектов — ЖК ""Лев Толстой"", ""Дом на Немировича"", ЖК ""История"", квартал ""Беринг"", дом ""Нобель"". Все проекты компании становятся победителями и финалистами отраслевых профессиональных премий. Компания является продуктовым лидером и входит в ТОП-3 в регионе по потребительским свойствам проектов, по версии ЕРЗ.

Концепция 
Представьте, что вы живете в мире, где не нужно выбирать между красивым, удобным и оптимальным. Станьте главным режиссером своей жизни, и прочувствуйте СВОЙ НОВЫЙ СЦЕНАРИЙ. В Сибири много талантливых людей с уникальной историей успеха, и их ждет ОСКАР.
Жилой комплекс из трех роскошных башен от 20 до 24 этажей объединен единым концептом с декоративной колоннадой. ОСКАР выполнен в стилистике ар-деко  роскошном архитектурном стиле, призванном создать новые истории о жизни в столице Сибири. Что это будет  блокбастер о герое-одиночке или теплая семейная сага  решать только вам. 

Локация
Центр  все рядом! Заельцовский район  самый зеленый район Новосибирска. Район парков, аллей, свежего воздуха. ЖК ""ОСКАР"" продолжает нобелевскую плеяду жилых комплексов на главной улице Новосибирска - Красном проспекте. Именно здесь на улице успешных и амбициозных развиваются новые сюжеты. ""Новый мир"" создает в этой локации целый квартал, в котором близость станции метро сочетается с уютной тишиной еловой аллеи. В основу проекта заложены вечные ценности: интеллигентность, уважение к культуре. В пешей доступности от ОСКАРА вузы, театры, банки, детские сады, рестораны и большие магазины. 

Главные преимущества
Высотные башни дома ОСКАР дарят окрыляющее чувство успеха и вдохновения. ОСКАР  дом, в котором все преимущества собраны в одном доме: центр Новосибирска, роскошная архитектура, новые технологии, ассистент-сервис, элегантные лобби. 

Дом новых возможностей!
 • Кинематографичная архитектура - элегантный и уютный одновременно
 • Собственное мобильное приложение с заказом услуг — еды, такси, клининга, бронирования билетов, мероприятий с кейтерингом и т. д.
 • Два скоростных лифта в каждой башне
 • Консьерж-сервис
 • Функциональные планировки
 • Кофейня, кондитерская и spa-салон на первом этаже формируют уютный микромир с размеренным ритмом жизни и внимательным сервисом.

Планировочные решения
 • Функциональные площади, где продуман каждый квадратный метр. 
 • Планировочные варианты с мастер-спальней, кухней-гостиной, двумя ванными, гардеробными.
 • Обилие естественного света благодаря увеличенной площади остекления. 
 • Надежные авторские двери, не требующие зам";Заельцовский;Предчистовая;8;24;-1;-1;;7,7 м²;42 м²;Новосибирск;-1;+79587500021;14950000;Оскар ЖК;3;;80.5;Заельцовская;https://novosibirsk.cian.ru/sale/flat/324818316/?mlSearchSessionGuid=114ec3afc1c3ffd43f15b609efea890e;2028
flat;METRAGE;real_estate_agent;sale;"Арт. 26797 К продаже предлагается шикарная, теплая, светлая трехкомнатная квартира.
Просторная кухня-гостиная, ванная комната с джакузи, бaлкон 8 кв.м., просторные комнаты.
В квартире выполнен качественный ремонт с использованием итальянских материалов и сантехники!
Остается кухонная зона, спальня, прихожая, остальная мебель по договоренности.
Просторная лоджия отделана и утеплена, окна пластиковые.
Рядом с домом расположена школа, детский сад, хоккейная секция, в шаговой доступности Ельцовский парк, магазины, СГУПС, НГМУ, городская больница 1 и областной диагностический центр.
До станции метро Заельцовская 15 минут пешком, остановки общественного транспорта.
Дом комфорт-класса очень теплый, в доме всего 32 квартиры. 
Показы по договоренности.
.
. Дополнительно оплачивается комиссия с покупателя";Калининский;-1;6;9;-1;-1;11/1;24,3 м²;58,6 м²;Новосибирск;-1;+79833213670;13000000;;3;Танковая ;87.9;Заельцовская;https://novosibirsk.cian.ru/sale/flat/321082251/?mlSearchSessionGuid=114ec3afc1c3ffd43f15b609efea890e;-1
flat;Брусника Обмен;real_estate_agent;sale;"Трехкомнатная квартира площадью 70,1 кв.м.
Функциональная трехкомнатная квартира с застекленной лоджией  и просторной кухней.
Ремонт выполнен в светлых тонах. В стоимость квартиры входит: кухонный гарнитур, варочная поверхность, духовой шкаф, вытяжка, посудомоечная машина на кухне; встроенный шкаф в ванной комнате; встроенный шкаф в коридоре.
Дом 2018г. постройки.Монолитно-кирпичный.
Удобная транспортная развязка, остановка в 3 минутах ходьбы.
Чистая продажа.
Быстрый выход на сделку.";Октябрьский;-1;9;16;-1;-1;154/2;-1;53,6 м²;Новосибирск;-1;+79139532104;7750000;Выборная-Рябиновая;3;Выборная ;70.1;Речной вокзал;https://novosibirsk.cian.ru/sale/flat/323738938/?mlSearchSessionGuid=114ec3afc1c3ffd43f15b609efea890e;2018
flat;Брусника;developer;sale;"Продается трехкомнатная квартира от застройщика с предчистовой отделкой в ЖК ""Лебедевский"" на 2 этаже. Общая площадь: 95.4 кв.м., жилая: 39 кв.м., площадь просторной кухни-гостиной: 18.7 кв.м. Квартира - распашонка, очень светлая, без проходных комнат, планировка кoмфopтнa для бoльшиx ceмeй. В квартире один балкон, два совмещенных санузла. Наличие в квартире террасы дает возможность для создания зон отдыха в кругу семьи и друзей. Высота потолков 2.82 м.
  
Дом монолитный, многоподъездный, переменной этажности, от 9 до 12 этажей. Квартира находится в 8-й секции высотой 9 этажей в корпусе 1. На этаже 3 квартиры. В подъезде 1 пассажирский и 1 грузовой лифт. Окончание строительства - 2 квартал 2028 года. Оформление сделки по договору долевого участия.
  
Квартира с кухней-гостиной и тремя спальнями в квартале ""Лебедевский"". Особенности планировки: мастер-спальня, окна на две стороны, предчистовая отделка.
 квартиры в нашей базе: ЛБД01.1-Ж8.2.2.
  
""Лебедевский"" находится в Заельцовском районе, между улицами Лебедевского и Георгия Колонды. Рядом расположены остановки наземного транспорта. До станций метро ""Заельцовская"" и ""Площадь Калинина"" — 10-15 минут на автомобиле. По улице Георгия Колонды можно доехать на Мочищенское шоссе, улицы Жуковского и Красного проспекта, а оттуда — в любую точку города.
""Лебедевский"" состоит из башен и закрытых домов-кварталов высотой от 8 до 17 этажей. Благодаря переменной высотности зданий, архитектура квартала получилась разнообразной, а дворы домов — светлыми. В основе проекта — органичное соседство жилья с природой. ""Лебедевский"" граничит с лесопарковой зоной. Также мы предусмотрели здесь игровые зоны, площадки для тренировок, прогулочные дорожки, отдельно стоящий паркинг со спортивным комплексом и подземные парковки. Камерные дворы предназначены для отдыха жителей и закрыты для других горожан. Они приподняты над уровнем земли, а доступ автомобилей на их территорию ограничен.
  
Во дворах появится до 40 видов растений. Мы подберём их так, чтобы в каждое время года двор имел свой цвет. Деревья высадим сразу взрослыми, со сформированной кроной. Зелень будет даже зимой — благодаря хвойным растениям. Детские площадки мы сделаем максимально абстрактными — чтобы вдохновлять детей на творчество, а не диктовать им сценарии игры. Разместим игровое оборудование только из натуральных материалов.
  
Архитектурная выразительность фасадов достигается за счёт практичных и в то же время эстетичных решений. Большие окна помогают наполнить комнаты естественным светом. Летние помещения в каждой квартире служат дополнительным пространством для уединения. Также здесь можно установить кондиционер. На верхних этажах спроектированы террасы, которые формируют архитектурный облик зданий. На первых этажах домов будут работать магазины и полезные сервисы.
  
Если Вы - риелтор, пожалуйста, за более подробной информацией обратитесь на горячую линию на нашем официальном сайте. #2S9cc8";Заельцовский;Предчистовая;2;9;-1;-1;1/4;18,7 м²;39 м²;Новосибирск;-1;+79586110308;14280000;Лебедевский;3;Лебедевский кв-л;95.4;Заельцовская;https://novosibirsk.cian.ru/sale/flat/313965321/?mlSearchSessionGuid=114ec3afc1c3ffd43f15b609efea890e;2028
flat;METRAGE;real_estate_agent;sale;"Арт. 27484 Цена актуальна др конца февраля пока подобран встречный вариант. В продаже трехкомнатная квартира с изолированными комнатами. 
Выполнен качественный ремонт. 
С/у совмещенный -полностью кафель. 
В комнатах -стильные обои, по всему периметру квартиры натяжной потолок с освещением . Есть кладовка и бойлерная. 
Кухонный гарнитур остается в подарок новым покупателям . Остальное по договоренности. 
Обратите внимание -дом кирпичный ! Соседи все живут уже давно , все дружные.
2 взрослых собственника , без детских долей , без обременения, встречный вариант подобран.
Отличное расположение , в шаговой доступности абсолютно все для жизни : 73 школа ,поликлиника и детские сады,  остановки общественного транспорта , где можно добраться в любую точку города ,парк отдыха Сад Кирова и Монумент Славы , до метро Пл. Маркса 7 минут на автомобиле . 
Приглашаем на просмотр в любое время по договоренности. . Дополнительно оплачивается комиссия с покупателя";Ленинский;-1;2;5;-1;-1;25/1;6,5 м²;44 м²;Новосибирск;-1;+79137952746;5690000;;3; Котовского;56.0;Площадь Маркса;https://novosibirsk.cian.ru/sale/flat/326221219/?mlSearchSessionGuid=114ec3afc1c3ffd43f15b609efea890e;-1
flat;СМСС;developer;sale;"Продаётся 3-комнатная квартира в строящемся доме (БС А1-А4), срок сдачи: III-кв. 2027, общей площадью 70.9 кв.м., на 10 этаже. Новый жилой комплекс ""Калининский квартал"" от Группы компаний ""Сибмонтажспецстрой"" расположен в Калининском районе Новосибирска на ул. Славянская.";Калининский;Черновая;10;23;-1;-1;;-1;-1;Новосибирск;-1;+79586117355;11684320;Калининский квартал ЖК;3;;70.9;Маршала Покрышкина;https://novosibirsk.cian.ru/sale/flat/325988888/?mlSearchSessionGuid=114ec3afc1c3ffd43f15b609efea890e;2027
flat;Этажи;real_estate_agent;sale;"Хотите купить роскошную трехкомнатную квартиру с дизайнерским ремонтом и видом на реку Обь в ЖК ""Я — Маяковский""
  НЕТ ОПЕКИ! НЕТ ОБРЕМЕНЕНИЙ! КЛЮЧИ В ДЕНЬ СДЕЛКИ! ОДИН СОБСТВЕННИК ВЗРОСЛЫЙ! 

Идеальное сочетание стиля, комфорта и выгодного расположения!

Эта просторная 3-комнатная квартира с дизайнерским ремонтом станет вашим уютным гнездышком с потрясающим видом на Бугринский мост и реку Обь. Вас ждут:  
 Кухня-гостиная — современное пространство для семейных ужинов и приема гостей  
 Три спальни — комфорт для всей семьи или возможность обустроить кабинет  
 Два санузла  
 Гардеробная — продуманное хранение вещей  
 Качественная отделка — ремонт выполнен по дизайн-проекту с использованием премиальных материалов  

Полностью готова к переезду! Остается в квартире:  
 Кухонный гарнитур  
 Встроенная техника (варочная панель, вытяжка, духовой шкаф, посудомоечная машина)  
 Кондиционер, бойлер  
 Тумба под ТВ  

 Бонус: сертификат на 50 000 ₽ в магазин HOFF для дополнительного обустройства интерьера!  

ЖК ""Я — Маяковский"" — это безопасность и комфорт: 
 Подземный утепленный паркинг и наземная автостоянка  
 3 школы, 3 поликлиники, больница — все в шаговой доступности  
 Скверы и спортивные центры рядом  
 Торговые центры ""Сан-Сити"", ""Калейдоскоп"", ""Версаль""* — всего 20 минут пешком  
 В 16 минутах на транспорте станция метро ""Маркса"".


Не упустите шанс жить в квартире мечты! Свяжитесь с нами прямо сейчас, чтобы записаться на просмотр.  

 Звоните! Ваш новый дом ждет вас! 

Дополнительно оплачивается комиссия с покупателя.









Код пользователя: 148072
Номер в базе: 7776762";Кировский;-1;11;22;-1;-1;76;15 м²;50 м²;Новосибирск;-1;+79833124130;13000000;Я-Маяковский;3;Тульская ;72.5;Студенческая;https://novosibirsk.cian.ru/sale/flat/317919761/?mlSearchSessionGuid=114ec3afc1c3ffd43f15b609efea890e;2023
flat;"Компания ""НАЗАРОВ""";real_estate_agent;sale;"Представьте, что ваша жизнь - это графический роман.  Утонченный артбук, где каждый кадр  - это ваше утро, вечерний отдых или шумный семейный ужин.  А пространство квартиры 128 кв.м.  в ЖК Клевер  у Нарымского сквера - его декорации.  Это дизайн для тех, кто не боится контрастов, ценит ясность линий и верит, что самая яркая история может быть рассказана в сдержанной, но безмерно выразительной палитре. 
Планировочное решение включает в себя:  холл, гардеробную для верней одежды, кухню  - гостиную с окнами, выходящими на Нарымский сквер,  детскую, мастер - спальню с гардеробной и санузлом, хозяйственную комнату,  второй санузел. 
Квартира в ЖК Клевер с идеально продуманным интерьером - это то чувство, когда вы нашли ту самую паузу в партитуре большого города - тихую, зеленую, свою, но при этом не выпали их его захватывающего динамичного ритма. 
Ваша будущая  квартира  - это живой, дышащий организм. Техника предугадывает желания, свет следует вашим настроениям, а мебель предлагает комфорт без навязчивости.  Это место, где внешний шум остается за дверью, а внутри царит ваше личное  идеально выверенное пространство для размеренной и наполненной жизни.
Выбор этой квартиры - это заявление о вашем вкусе, вашей смелости и вашем желании жить в окружении искусства, где главным цветом станете вы  и ваши эмоции. 
Ваша жизнь  - главный шедевр. В квартире остается встроенная мебель и часть  бытовой техники. 




Обладайте лучшим!";Железнодорожный;-1;6;22;-1;-1;69;10 м²;75 м²;Новосибирск;-1;+79137528690;48000000;Клевер;3; 1905 года;128.0;Красный Проспект;https://novosibirsk.cian.ru/sale/flat/323264338/?mlSearchSessionGuid=114ec3afc1c3ffd43f15b609efea890e;-1
flat;Телецентр 19|56;real_estate_agent;sale;"Продаётся 3-комнатная квартира в строящемся доме (Секция 1.2), срок сдачи: II-кв. 2027, общей площадью 69.7 кв.м., на 5 этаже. Новый жилой комплекс ""19/56 Кварталы Телецентра"" от Специализированного застройщика ""Телецентр"" расположен в Ленинском районе Новосибирска на ул. Костычева.";Ленинский;Предчистовая;5;15;-1;-1;19/1;2,1 м²;55,5 м²;Новосибирск;-1;+79635619700;12590000;1956. Кварталы Телецентра;3; Костычева;69.7;Площадь Маркса;https://novosibirsk.cian.ru/sale/flat/326686717/?mlSearchSessionGuid=114ec3afc1c3ffd43f15b609efea890e;2027
flat;METRAGE;real_estate_agent;sale;"Арт. 25301 Объект Актуален! Предлагается к покупке отличная трехкомнатная квартира!
Дом сдан , квартира под самоотделку.
Отличное расположение дома, развитая инфраструктура.
Территория огорожена под видеонаблюдением. 
Без обременений и занижений! 
Звоните , записывайтесь на просмотр в любое удобное время!. Дополнительно оплачивается комиссия с покупателя";Заельцовский;-1;15;17;-1;-1;220/7;5 м²;53 м²;Новосибирск;-1;+79833014861;14500000;Лев Толстой;3;Красный проспект;77.0;Заельцовская;https://novosibirsk.cian.ru/sale/flat/313172036/?mlSearchSessionGuid=114ec3afc1c3ffd43f15b609efea890e;-1
flat;Этажи;real_estate_agent;sale;"За объект уже внесли аванс
Пpодаeтся типoвaя тpехкомнатнaя кваpтирa плoщaдью 57.7 кв.м. в гoроде Hoвocибиpcк на улице Тoлбуxинa, дoм 41/2 . Квaртиpа paсполoженa нa 9 этажe 9-этaжного домa.

Эта кваpтиpа идeaльно пoдoйдет для ceмьи. B квaртире имеeтcя пpoсторная гостиная, две уютные спальни, кухня и уютная ванная комната.
 Квартира требует частичного ремонта, что позволяет новым владельцам адаптировать пространство под свои предпочтения без необходимости капитальных вложений.  

Рядом с домом расположены все необходимые объекты инфраструктуры: магазины, супермаркеты, аптеки, банки, школы, детские сады, спортивные и развлекательные центры. Также в нескольких минутах ходьбы находится остановка общественного транспорта, что позволяет быстро и удобно добраться до любой точки города.

Не упустите возможность приобрести эту прекрасную квартиру по выгодной цене. Цена ниже рыночной за счет необходимости косметического ремонта, что позволяет сэкономить на покупке и вложить средства в обновление интерьера по своему вкусу.


 

Дополнительно оплачивается комиссия с покупателя.






Код пользователя: 184130
Номер в базе: 9278751";Дзержинский;-1;9;9;-1;-1;41/2;8 м²;-1;Новосибирск;-1;+79134718926;4500000;;3; Толбухина;57.7;Золотая Нива;https://novosibirsk.cian.ru/sale/flat/326384666/?mlSearchSessionGuid=114ec3afc1c3ffd43f15b609efea890e;1976
flat;Страна Девелопмент;developer;sale;"Новая квартира в ЖК ""Страна.Береговая"" напрямую от федерального застройщика ""Страна Девелопмент"".

Продается 3комнатная квартира на 12 этаже от застройщика Страна Девелопмент. Площадь квартиры 69,08 кв. м.

Жилой комплекс ""Страна.Береговая"" — новый флагманский проект федерального застройщика ""Страна Девелопмент"" в Новосибирске. Дом на берегу Оби с захватывающими видами из окон. Три секции разной этажности с акцентной башней-доминантой образуют камерное пространство с закрытым двором и личным зелёным садом для отдыха.

ПРЕИМУЩЕСТВА

Свой приватный двор, окружённый зеленью, которая будет цвести весь год. Двор с релакс-пространством, спортивной зоной с воркаут и настольным теннисом. Детская площадка из природных материалов. Двор круглосуточно находится под видеонаблюдением.
Парадные с зелёным оазисом из растений. Для комфорта мы предусмотрели тёплые тамбуры, в зонах ожидания разместили мягкие диваны. Также мы добавили возможность бесключевого доступа — по распознаванию лица или считыванию BLE-ключа.
Спроектирована подземная парковка на 217 машиномест. Ваш личный транспорт всегда будет под защитой и видеонаблюдением — переживать о его сохранности не придётся. Въезд в паркинг осуществляется с помощью умной камеры по госномеру либо BLE-метке. А чтобы подняться к квартире, не нужно выходить на улицу — лифты отвезут на нужный этаж. Для гостей за территорией двора предусмотрена открытая гостевая парковка.

ОТДЕЛКА

Квартиры сдаются с предчистовой отделкой: произведена разводка электричества и отопления, выполнена стяжка пола, стены выровнены ""под маяк"", установлены розетки, выключатели и радиаторы. 


ДИЗАЙНЕРСКАЯ ОТДЕЛКА

При покупке квартиры в ЖК ""Страна.Береговая"" можно включить стоимость ремонта в ипотеку.  Пять вариантов на выбор: хлопковая нить, серый шторм, белый камень, шалфей, голубой вереск. Включено всё — обои, ламинат, натяжной потолок и даже кондиционер. Также для вас есть четыре варианта ремонта в ванной — акриловая ванна с экраном, смеситель с лейкой, подвесной унитаз, зеркало с подсветкой. Останется только разместить мебель! 

СПОСОБЫ ПОКУПКИ

Сотрудники ""Страна Девелопмент"" будут сопровождать вас на каждом этапе сделки, помогут получить одобрение по ипотеке или снизить ежемесячный платеж.

- ипотека
- рассрочка
- с использованием материнского капитала 
- 100% оплата наличными";Заельцовский;Предчистовая, чистовая;12;29;-1;Панельный;109/2;5,4 м²;45,3 м²;Новосибирск;-1;+79587384464;15635294;Страна Береговая;3;Сухарная ;69.08;Площадь Гарина-Михайловского;https://novosibirsk.cian.ru/sale/flat/325663667/?mlSearchSessionGuid=114ec3afc1c3ffd43f15b609efea890e;2026
flat;ЖИЛФОНД;real_estate_agent;sale;"Продам уютную и просторную большую 3 х комнатную квартиру!
 Дом после капитального ремонта заменена кровля , система конализации, востановлен фундамент проведенны фасадные работы.
Приобретая эту квартиру, Вы получаете не только уютное жилье, но и отличную инфраструктуру вокруг. В шаговой доступности расположены детские сады, школы, магазины, аптеки, банки, кафе и рестораны. Так же рядом с домом находятся остановки общественного транспорта и ЖД станция ""Западная"", что позволит Вам быстро и удобно добраться до любой точки города.
Квартира полностью готова к проживанию, светлая и уютная. В ней выполнен качественный ремонт, установлены пластиковые окна, сантехника и электропроводка.Вся мебель и техника останется для новых хозяев этой квартиры. Вы можете сразу заселяться и наслаждаться новым жилищем.
Звоните прямо сейчас и мы с радостью организуем для Вас просмотр этого жилья. Ждем Вашего звонка!
	
	 

	Возможен обмен на вашу недвижимость. Возможна продажа в рассрочку.
	
	Комплексная услуга для покупателя с полной финансовой ответственностью агентства
	При звонке, пожалуйста, сообщите номер варианта - 
       JV003054145624.

	Дополнительно оплачивается комиссия с покупателя.

	Пожалуйста, дождитесь ответа специалиста при звонке. 
	Время дозвона до владельца объявления увеличено из-за использования подменных номеров на сайте Циан.";Ленинский;-1;2;2;-1;-1;4;7,4 м²;40 м²;Новосибирск;-1;+79940307703;3500000;;3;3-й Порядковый переулок;55.2;Площадь Маркса;https://novosibirsk.cian.ru/sale/flat/324782373/?mlSearchSessionGuid=114ec3afc1c3ffd43f15b609efea890e;1956
flat;Брусника;developer;sale;"3-комн. квартира с предчистовой отделкой в Квартал На Декабристов на 10 этаже. Общая площадь: 189.6 кв.м. Высота потолков 2.81 м.
  
Дом монолитный, многоподъездный, переменной этажности, от 7 до 11 этажей. Квартира находится в 5-й секции высотой 10 этажей в корпусе 6-2. На этаже 7 квартир. В подъезде 1 пассажирский и 1 грузовой лифт. На сегодняшний день строительство окончено, дом сдан в 4 квартале 2025 года. Оформление сделки по договору купли-продажи.
  
Двухуровневая квартира с кухней-гостиной и тремя спальнями в квартале ""На Декабристов"". Особенности планировки: балкон, вид во двор, второй санузел, двухуровневая, летняя кухня на крыше, окна в пол, постирочная, предчистовая отделка, разнесённые спальни, терраса на крыше.
 квартиры в нашей базе: ДК-ГП06.2-6-6.10.3.
  
Квартал ""На Декабристов"" находится в деловой части Новосибирска в границах улиц Сакко и Ванцетти, 9 Ноября и Зыряновской. Вокруг квартала расположены административные здания, офисы банков и крупных компаний, высшие учебные заведения. Район с удобной транспортной инфраструктурой: станции метро ""Октябрьская"" и ""Речной вокзал"", остановка электропоезда и несколько центральных городских автомагистралей, по которым можно добраться до любого района Новосибирска. В 500 метрах — городская набережная и два парка, где можно гулять или делать пробежки. В районе уже сформированная инфраструктура. Рядом расположены крупные торговые центры, три детских сада, две школы и медицинские учреждения. На первых этажах расположены полезные сервисы: салон красоты, кондитерская, кофейня, продуктовый магазин, детский центр и другие.
  
""На Декабристов"" состоит из двух кварталов переменной этажности и двух башен в тихом центре Новосибирска. Дворы кварталов закрыты от автомобилей и устроены на кровле подземного паркинга. Это частное пространство только для жителей: здесь расположены детские площадки, места для отдыха, площадка для баскетбола и уличные тренажёры. Башни выступают архитектурными доминантами и открывают виды на город и реку.
  
Первый этап проекта из двух кварталов переменной высотности и башни в 1617 этажей разработан голландским архитектурным бюро. Застройка выполнена в едином стиле, территория объединена аллеей. Продолжение ""На Декабристов"" — башня в стиле неоклассики с городским садом и видом на реку. Проект немецкого бюро.
  
Если Вы - риелтор, пожалуйста, за более подробной информацией обратитесь на горячую линию на нашем официальном сайте. #2MDWwF";Октябрьский;Предчистовая;10;10;-1;Монолитно-кирпичный, кирпичный;53с;-1;-1;Новосибирск;-1;+79587376686;33730000;На Декабристов;3;Зыряновская ;189.6;Речной вокзал;https://novosibirsk.cian.ru/sale/flat/326560682/?mlSearchSessionGuid=114ec3afc1c3ffd43f15b609efea890e;2025
flat;ID 94415442;realtor;sale;"Полноценная трехкомнатная квартира в идеально расположенном на жилом массиве доме! Чтобы оценить всю прелесть и удобство данной квартиры нужно прийти и посмотреть!

Удобный 7-этаж с живописными видами из окон, окна на две стороны дома. квартира уютная в хорошем состоянии, заходи живи. Кухонный гарнитур, встроенный шкаф-купе и др. остаётся безвозмездно покупателю.
Рядом есть все, что необходимо для комфортной жизни. Все подробности по телефону.";Кировский;-1;7;9;-1;-1;16;7 м²;42 м²;Новосибирск;-1;+79833214121;5650000;;3; Чигорина;60.0;Студенческая;https://novosibirsk.cian.ru/sale/flat/326539340/?mlSearchSessionGuid=114ec3afc1c3ffd43f15b609efea890e;1987
