accommodation_type;author;author_type;deal_type;district;floor;floors_count;house_number;location;price;residential_complex;rooms_count;street;total_meters;underground;url
flat;СМСС;developer;sale;Заельцовский;13;23;46/1;Новосибирск;3627910;Апартаменты VOROSHILOV;-1;Светлановская ;25.37;Заельцовская;https://novosibirsk.cian.ru/sale/flat/326269179/?mlSearchSessionGuid=11715bfba34fa7f8cf25ba6717eac38d
flat;ID 95023783;unknown;sale;Кировский;12;24;143/2;Новосибирск;6700000;;1; Немировича-Данченко;25.2;Студенческая;https://novosibirsk.cian.ru/sale/flat/320900037/?mlSearchSessionGuid=11715bfba34fa7f8cf25ba6717eac38d
flat;Право собственности;real_estate_agent;sale;Кировский;10;10;95;Новосибирск;5000000;Матрешкин двор;2; Петухова;56.4;Студенческая;https://novosibirsk.cian.ru/sale/flat/326567021/?mlSearchSessionGuid=11715bfba34fa7f8cf25ba6717eac38d
flat;Брусника;developer;sale;Заельцовский;5;9;1/4;Новосибирск;8490000;Лебедевский;2;Лебедевский кв-л;62.8;Заельцовская;https://novosibirsk.cian.ru/sale/flat/326985356/?mlSearchSessionGuid=11715bfba34fa7f8cf25ba6717eac38d
flat;Наталья Алонцева;realtor;sale;Октябрьский;6;18;162/1;Новосибирск;7256985;ул. Добролюбова, 162/1;2; Добролюбова;42.0;Золотая Нива;https://novosibirsk.cian.ru/sale/flat/326818645/?mlSearchSessionGuid=11715bfba34fa7f8cf25ba6717eac38d
flat;ID 91578890;homeowner;sale;Кировский;8;17;2;Новосибирск;2650000;;1; Виктора Уса;21.0;Площадь Маркса;https://novosibirsk.cian.ru/sale/flat/322640499/?mlSearchSessionGuid=11715bfba34fa7f8cf25ba6717eac38d
flat;Брусника;developer;sale;Дзержинский;3;9;;Новосибирск;11460000;Город-на-озере ЖК;2;;48.66;Березовая Роща;https://novosibirsk.cian.ru/sale/flat/326882503/?mlSearchSessionGuid=11715bfba34fa7f8cf25ba6717eac38d
flat;VIRA Обмен;real_estate_agent;sale;Кировский;8;9;144;Новосибирск;3900000;;2; Петухова;45.9;Площадь Маркса;https://novosibirsk.cian.ru/sale/flat/326515054/?mlSearchSessionGuid=11715bfba34fa7f8cf25ba6717eac38d
flat;ВербаКапитал;real_estate_agent;sale;Октябрьский;29;29;77;Новосибирск;35800000;Чикаго;-1;Московская ;102.0;Октябрьская;https://novosibirsk.cian.ru/sale/flat/319239807/?mlSearchSessionGuid=11715bfba34fa7f8cf25ba6717eac38d
flat;Брусника;developer;sale;Заельцовский;2;9;1/4;Новосибирск;5890000;Лебедевский;1;Лебедевский кв-л;36.4;Заельцовская;https://novosibirsk.cian.ru/sale/flat/322957846/?mlSearchSessionGuid=11715bfba34fa7f8cf25ba6717eac38d
flat;СЛОН;real_estate_agent;sale;Советский;1;9;2;Новосибирск;6500000;;2; Добровольческая;51.9;;https://novosibirsk.cian.ru/sale/flat/324814079/?mlSearchSessionGuid=11715bfba34fa7f8cf25ba6717eac38d
flat;Все Новые Дома;real_estate_agent;sale;Центральный;4;7;23;Новосибирск;11990000;;4;Серебренниковская ;115.0;Площадь Ленина;https://novosibirsk.cian.ru/sale/flat/325611622/?mlSearchSessionGuid=11715bfba34fa7f8cf25ba6717eac38d
flat;СМСС;developer;sale;Калининский;6;23;;Новосибирск;4482000;Калининский квартал ЖК;1;;24.9;Маршала Покрышкина;https://novosibirsk.cian.ru/sale/flat/325987629/?mlSearchSessionGuid=11715bfba34fa7f8cf25ba6717eac38d
flat;ВербаКапитал;real_estate_agent;sale;Октябрьский;29;29;77;Новосибирск;29900000;Чикаго;-1;Московская ;84.6;Октябрьская;https://novosibirsk.cian.ru/sale/flat/320976852/?mlSearchSessionGuid=11715bfba34fa7f8cf25ba6717eac38d
flat;АльянсРиэлт;real_estate_agent;sale;Калининский;3;9;5;Новосибирск;3300000;;-1; Курчатова;63.1;Заельцовская;https://novosibirsk.cian.ru/sale/flat/325187732/?mlSearchSessionGuid=11715bfba34fa7f8cf25ba6717eac38d
flat;Брусника;developer;sale;Дзержинский;6;14;;Новосибирск;6970000;Город-на-озере ЖК;1;;23.29;Березовая Роща;https://novosibirsk.cian.ru/sale/flat/325792148/?mlSearchSessionGuid=11715bfba34fa7f8cf25ba6717eac38d
flat;ИП Павлова И. В.;real_estate_agent;sale;Калининский;12;19;1;Новосибирск;5700000;Калининский-3;1;Армавирская ;32.0;Березовая Роща;https://novosibirsk.cian.ru/sale/flat/306197062/?mlSearchSessionGuid=11715bfba34fa7f8cf25ba6717eac38d
flat;ИП Павлова И. В.;real_estate_agent;sale;Заельцовский;17;24;109;Новосибирск;7500000;Бирюзовая Жемчужина;1;Сухарная ;36.9;Площадь Гарина-Михайловского;https://novosibirsk.cian.ru/sale/flat/322508382/?mlSearchSessionGuid=11715bfba34fa7f8cf25ba6717eac38d
flat;Брусника;developer;sale;Заельцовский;11;12;1/4;Новосибирск;8230000;Лебедевский;2;Лебедевский кв-л;59.7;Заельцовская;https://novosibirsk.cian.ru/sale/flat/326741513/?mlSearchSessionGuid=11715bfba34fa7f8cf25ba6717eac38d
flat;ИП Павлова И. В.;real_estate_agent;sale;Калининский;7;18;1;Новосибирск;10000000;Калининский-3;1;Армавирская ;47.5;Березовая Роща;https://novosibirsk.cian.ru/sale/flat/316473661/?mlSearchSessionGuid=11715bfba34fa7f8cf25ba6717eac38d
flat;ИП Павлова И. В.;real_estate_agent;sale;Заельцовский;9;29;105/1;Новосибирск;12000000;Бирюзовая жемчужина-2;2;Сухарная ;59.78;Площадь Гарина-Михайловского;https://novosibirsk.cian.ru/sale/flat/319358092/?mlSearchSessionGuid=11715bfba34fa7f8cf25ba6717eac38d
flat;Брусника;developer;sale;Дзержинский;7;9;;Новосибирск;7550000;Город-на-озере ЖК;1;;31.71;Березовая Роща;https://novosibirsk.cian.ru/sale/flat/324800935/?mlSearchSessionGuid=11715bfba34fa7f8cf25ba6717eac38d
flat;ИП Павлова И. В.;real_estate_agent;sale;Заельцовский;9;29;105/1;Новосибирск;12000000;Бирюзовая жемчужина-2;2;Сухарная ;59.78;Площадь Гарина-Михайловского;https://novosibirsk.cian.ru/sale/flat/319372678/?mlSearchSessionGuid=11715bfba34fa7f8cf25ba6717eac38d
flat;METRAGE;real_estate_agent;sale;Дзержинский;1;16;19;Новосибирск;3400000;;-1; Авиастроителей;22.4;Березовая Роща;https://novosibirsk.cian.ru/sale/flat/321932021/?mlSearchSessionGuid=11715bfba34fa7f8cf25ba6717eac38d
flat;СМСС;developer;sale;Дзержинский;6;22;;Новосибирск;13868800;Паскаль;2; 5-я Кирпичная Горка;70.4;Березовая Роща;https://novosibirsk.cian.ru/sale/flat/325989219/?mlSearchSessionGuid=11715bfba34fa7f8cf25ba6717eac38d
flat;METRAGE;real_estate_agent;sale;Центральный;2;9;11;Новосибирск;9700000;;3; Гоголя;53.8;Сибирская;https://novosibirsk.cian.ru/sale/flat/324310670/?mlSearchSessionGuid=11715bfba34fa7f8cf25ba6717eac38d
flat;ID 19474838;homeowner;sale;Советский;2;6;160;Новосибирск;3500000;;1; Ивлева;43.2;Студенческая;https://novosibirsk.cian.ru/sale/flat/326988682/?mlSearchSessionGuid=11715bfba34fa7f8cf25ba6717eac38d
flat;Брусника;developer;sale;Заельцовский;7;9;1/4;Новосибирск;4010000;Лебедевский;1;Лебедевский кв-л;20.7;Заельцовская;https://novosibirsk.cian.ru/sale/flat/324678918/?mlSearchSessionGuid=11715bfba34fa7f8cf25ba6717eac38d
flat;METRAGE;real_estate_agent;sale;Октябрьский;8;9;116;Новосибирск;4200000;;1;Выборная ;30.0;Речной вокзал;https://novosibirsk.cian.ru/sale/flat/325614055/?mlSearchSessionGuid=11715bfba34fa7f8cf25ba6717eac38d
flat;Этажи;real_estate_agent;sale;Октябрьский;3;9;117;Новосибирск;3700000;;1;Выборная ;27.8;Речной вокзал;https://novosibirsk.cian.ru/sale/flat/326014045/?mlSearchSessionGuid=11715bfba34fa7f8cf25ba6717eac38d
flat;СМСС;developer;sale;Дзержинский;2;22;;Новосибирск;11398000;Паскаль;2; 5-я Кирпичная Горка;55.6;Березовая Роща;https://novosibirsk.cian.ru/sale/flat/325989161/?mlSearchSessionGuid=11715bfba34fa7f8cf25ba6717eac38d
flat;Родники;real_estate_agent;sale;Калининский;4;18;19/1;Новосибирск;4750000;Мкрн. Родники;1; Краузе;35.0;Заельцовская;https://novosibirsk.cian.ru/sale/flat/326910250/?mlSearchSessionGuid=11715bfba34fa7f8cf25ba6717eac38d
flat;Этажи;real_estate_agent;sale;Кировский;14;17;15;Новосибирск;3750000;;2; Виктора Уса;42.0;Площадь Маркса;https://novosibirsk.cian.ru/sale/flat/319842651/?mlSearchSessionGuid=11715bfba34fa7f8cf25ba6717eac38d
flat;СМСС;developer;sale;Заельцовский;18;28;107/2;Новосибирск;10859027;Бирюзовая жемчужина-4;2;Сухарная ;61.2;Площадь Гарина-Михайловского;https://novosibirsk.cian.ru/sale/flat/325987524/?mlSearchSessionGuid=11715bfba34fa7f8cf25ba6717eac38d
flat;Эксперт Дом;real_estate_agent;sale;Дзержинский;4;9;11;Новосибирск;8500000;;4; Адриена Лежена;72.9;Золотая Нива;https://novosibirsk.cian.ru/sale/flat/324330871/?mlSearchSessionGuid=11715bfba34fa7f8cf25ba6717eac38d
flat;Открытый Город;real_estate_agent;sale;Калининский;8;17;66/2;Новосибирск;3850000;На Фадеева;1; Фадеева;27.4;Заельцовская;https://novosibirsk.cian.ru/sale/flat/324332974/?mlSearchSessionGuid=11715bfba34fa7f8cf25ba6717eac38d
flat;Брусника;developer;sale;Заельцовский;4;9;1/4;Новосибирск;6730000;Лебедевский;1;Лебедевский кв-л;42.9;Заельцовская;https://novosibirsk.cian.ru/sale/flat/326594926/?mlSearchSessionGuid=11715bfba34fa7f8cf25ba6717eac38d
flat;Дом Профи;real_estate_agent;sale;Советский;3;5;8;Новосибирск;4290000;;2; Динамовцев;44.9;Студенческая;https://novosibirsk.cian.ru/sale/flat/325928490/?mlSearchSessionGuid=11715bfba34fa7f8cf25ba6717eac38d
flat;Юнион Трейд;real_estate_agent;sale;Октябрьский;1;10;41;Новосибирск;3900000;Плющихинский;1; Татьяны Снежиной;42.3;Золотая Нива;https://novosibirsk.cian.ru/sale/flat/326063178/?mlSearchSessionGuid=11715bfba34fa7f8cf25ba6717eac38d
flat;СМСС;developer;sale;Заельцовский;18;23;46/1;Новосибирск;4822640;Апартаменты VOROSHILOV;-1;Светлановская ;26.21;Заельцовская;https://novosibirsk.cian.ru/sale/flat/326269736/?mlSearchSessionGuid=11715bfba34fa7f8cf25ba6717eac38d
flat;Этажи;real_estate_agent;sale;Ленинский;1;9;115;Новосибирск;5200000;;3;Широкая ;60.8;Площадь Маркса;https://novosibirsk.cian.ru/sale/flat/319342409/?mlSearchSessionGuid=11715bfba34fa7f8cf25ba6717eac38d
flat;METRAGE;real_estate_agent;sale;Калининский;2;12;12;Новосибирск;3990000;Дежнёв;1; Имени генерал-майора А.Н. Рожкина;27.8;Заельцовская;https://novosibirsk.cian.ru/sale/flat/326377626/?mlSearchSessionGuid=11715bfba34fa7f8cf25ba6717eac38d
flat;Брусника;developer;sale;Дзержинский;9;14;;Новосибирск;7760000;Город-на-озере ЖК;1;;26.84;Березовая Роща;https://novosibirsk.cian.ru/sale/flat/324800937/?mlSearchSessionGuid=11715bfba34fa7f8cf25ba6717eac38d
flat;Города Новосибирск;real_estate_agent;sale;Октябрьский;2;4;2;Новосибирск;3990000;;2; Ключ-Камышенское плато;46.0;Речной вокзал;https://novosibirsk.cian.ru/sale/flat/319004680/?mlSearchSessionGuid=11715bfba34fa7f8cf25ba6717eac38d
flat;Города Новосибирск;real_estate_agent;sale;Октябрьский;9;13;75;Новосибирск;3960000;NOVA-апарт;1;Автогенная ;28.0;Речной вокзал;https://novosibirsk.cian.ru/sale/flat/321540591/?mlSearchSessionGuid=11715bfba34fa7f8cf25ba6717eac38d
flat;Брусника;developer;sale;Заельцовский;3;9;1/4;Новосибирск;9870000;Лебедевский;3;Лебедевский кв-л;81.8;Заельцовская;https://novosibirsk.cian.ru/sale/flat/323145168/?mlSearchSessionGuid=11715bfba34fa7f8cf25ba6717eac38d
flat;Дмитрий Архипов;realtor;sale;Заельцовский;4;10;95;Новосибирск;25990000;Бульварный переулок;3; Тимирязева;99.6;Заельцовская;https://novosibirsk.cian.ru/sale/flat/323875357/?mlSearchSessionGuid=11715bfba34fa7f8cf25ba6717eac38d
flat;PRO Недвижимость;real_estate_agent;sale;Дзержинский;5;5;41/1;Новосибирск;4000000;;2; Толбухина;43.5;Золотая Нива;https://novosibirsk.cian.ru/sale/flat/320172241/?mlSearchSessionGuid=11715bfba34fa7f8cf25ba6717eac38d
flat;СМСС;developer;sale;Заельцовский;5;28;107/2;Новосибирск;13253451;Бирюзовая жемчужина-4;3;Сухарная ;75.2;Площадь Гарина-Михайловского;https://novosibirsk.cian.ru/sale/flat/325987583/?mlSearchSessionGuid=11715bfba34fa7f8cf25ba6717eac38d
flat;Эксперт Дом;real_estate_agent;sale;Октябрьский;5;10;9;Новосибирск;4800000;Плющихинский;1; Плющихинская;48.5;Золотая Нива;https://novosibirsk.cian.ru/sale/flat/324796317/?mlSearchSessionGuid=11715bfba34fa7f8cf25ba6717eac38d
flat;METRAGE;real_estate_agent;sale;Калининский;9;9;2;Новосибирск;4100000;;1; Столетова;38.4;Заельцовская;https://novosibirsk.cian.ru/sale/flat/326732425/?mlSearchSessionGuid=11715bfba34fa7f8cf25ba6717eac38d
flat;Брусника;developer;sale;Заельцовский;9;9;90;Новосибирск;9850000;Авиатор;2; Аэропорт;58.36;Заельцовская;https://novosibirsk.cian.ru/sale/flat/325958743/?mlSearchSessionGuid=11715bfba34fa7f8cf25ba6717eac38d
flat;Дом Профи;real_estate_agent;sale;Заельцовский;8;9;222/1;Новосибирск;19800000;Красный проспект;3;Красный проспект;57.0;Заельцовская;https://novosibirsk.cian.ru/sale/flat/318272983/?mlSearchSessionGuid=11715bfba34fa7f8cf25ba6717eac38d
flat;Этажи;real_estate_agent;sale;Советский;8;9;11;Новосибирск;4200000;;1; Русская;33.7;;https://novosibirsk.cian.ru/sale/flat/326275673/?mlSearchSessionGuid=11715bfba34fa7f8cf25ba6717eac38d
flat;Брусника;developer;sale;Заельцовский;5;12;1/4;Новосибирск;5690000;Лебедевский;1;Лебедевский кв-л;34.2;Заельцовская;https://novosibirsk.cian.ru/sale/flat/323649115/?mlSearchSessionGuid=11715bfba34fa7f8cf25ba6717eac38d
flat;Города Новосибирск;real_estate_agent;sale;Ленинский;23;25;167/3;Новосибирск;9290000;Расцветай на Маркса;2; Немировича-Данченко;40.0;Студенческая;https://novosibirsk.cian.ru/sale/flat/320532337/?mlSearchSessionGuid=11715bfba34fa7f8cf25ba6717eac38d
flat;Владис Центральное;real_estate_agent;sale;Ленинский;2;10;3/1;Новосибирск;4250000;;1;Троллейная ;37.5;Площадь Маркса;https://novosibirsk.cian.ru/sale/flat/326540043/?mlSearchSessionGuid=11715bfba34fa7f8cf25ba6717eac38d
flat;СМСС;developer;sale;Заельцовский;6;28;107/2;Новосибирск;8300936;Бирюзовая жемчужина-4;1;Сухарная ;45.7;Площадь Гарина-Михайловского;https://novosibirsk.cian.ru/sale/flat/325987494/?mlSearchSessionGuid=11715bfba34fa7f8cf25ba6717eac38d
flat;Этажи;real_estate_agent;sale;Советский;2;6;160;Новосибирск;5000000;;3; Ивлева;78.6;Студенческая;https://novosibirsk.cian.ru/sale/flat/320093470/?mlSearchSessionGuid=11715bfba34fa7f8cf25ba6717eac38d
flat;Этажи;real_estate_agent;sale;Советский;2;5;3;Новосибирск;4300000;;3;Барьерная ;62.0;Студенческая;https://novosibirsk.cian.ru/sale/flat/321774438/?mlSearchSessionGuid=11715bfba34fa7f8cf25ba6717eac38d
flat;ВОЛНА development;developer;sale;Заельцовский;8;30;101/1;Новосибирск;6750000;Апарт-отель GAGARIN CITY;1;Красный проспект;23.69;Заельцовская;https://novosibirsk.cian.ru/sale/flat/306495406/?mlSearchSessionGuid=11715bfba34fa7f8cf25ba6717eac38d
flat;Города Новосибирск;real_estate_agent;sale;Октябрьский;4;25;11;Новосибирск;17450000;Эльбрус;3; Шевченко;107.0;Октябрьская;https://novosibirsk.cian.ru/sale/flat/326729360/?mlSearchSessionGuid=11715bfba34fa7f8cf25ba6717eac38d
flat;Этажи;real_estate_agent;sale;Заельцовский;1;2;99/1;Новосибирск;4300000;;3;Кубовая ;60.0;Заельцовская;https://novosibirsk.cian.ru/sale/flat/319947748/?mlSearchSessionGuid=11715bfba34fa7f8cf25ba6717eac38d
flat;Брусника;developer;sale;Заельцовский;7;9;1/4;Новосибирск;6270000;Лебедевский;1;Лебедевский кв-л;39.6;Заельцовская;https://novosibirsk.cian.ru/sale/flat/323145180/?mlSearchSessionGuid=11715bfba34fa7f8cf25ba6717eac38d
flat;Флиппинг со вкусом;real_estate_agent;sale;Ленинский;12;17;3/1;Новосибирск;6500000;;2; Невельского;42.4;Площадь Маркса;https://novosibirsk.cian.ru/sale/flat/324481868/?mlSearchSessionGuid=11715bfba34fa7f8cf25ba6717eac38d
flat;Наследие;real_estate_agent;sale;Кировский;5;10;10;Новосибирск;4500000;;2; Герцена;48.0;Площадь Маркса;https://novosibirsk.cian.ru/sale/flat/327018912/?mlSearchSessionGuid=11715bfba34fa7f8cf25ba6717eac38d
flat;Телецентр 19|56;developer;sale;Ленинский;6;15;19/1;Новосибирск;6290000;1956. Кварталы Телецентра;1; Костычева;30.7;Площадь Маркса;https://novosibirsk.cian.ru/sale/flat/325835919/?mlSearchSessionGuid=11715bfba34fa7f8cf25ba6717eac38d
flat;ИнтерАктив;real_estate_agent;sale;Ленинский;5;5;26;Новосибирск;4550000;;3; Немировича-Данченко;58.7;Площадь Маркса;https://novosibirsk.cian.ru/sale/flat/316367828/?mlSearchSessionGuid=11715bfba34fa7f8cf25ba6717eac38d
flat;Города Новосибирск;real_estate_agent;sale;Октябрьский;13;17;12;Новосибирск;4590000;Закаменский-12;1;Закаменский мкр;25.3;Березовая Роща;https://novosibirsk.cian.ru/sale/flat/326926570/?mlSearchSessionGuid=11715bfba34fa7f8cf25ba6717eac38d
flat;Брусника;developer;sale;Октябрьский;11;17;;Новосибирск;4700000;мкр. Европейский Берег;1;;19.9;Речной вокзал;https://novosibirsk.cian.ru/sale/flat/327078239/?mlSearchSessionGuid=11715bfba34fa7f8cf25ba6717eac38d
flat;METRAGE;real_estate_agent;sale;Калининский;17;20;1/3;Новосибирск;5100000;Олеко Дундича;1; Олеко Дундича;29.0;Березовая Роща;https://novosibirsk.cian.ru/sale/flat/325247720/?mlSearchSessionGuid=11715bfba34fa7f8cf25ba6717eac38d
flat;Этажи;real_estate_agent;sale;Калининский;5;5;15;Новосибирск;4600000;;3; Макаренко;57.5;Заельцовская;https://novosibirsk.cian.ru/sale/flat/316906128/?mlSearchSessionGuid=11715bfba34fa7f8cf25ba6717eac38d
flat;Брусника;developer;sale;Заельцовский;9;9;1/4;Новосибирск;7640000;Лебедевский;1;Лебедевский кв-л;33.6;Заельцовская;https://novosibirsk.cian.ru/sale/flat/323145186/?mlSearchSessionGuid=11715bfba34fa7f8cf25ba6717eac38d
flat;Города Новосибирск;real_estate_agent;sale;Калининский;5;5;41;Новосибирск;4990000;;2;Танковая ;42.6;Заельцовская;https://novosibirsk.cian.ru/sale/flat/321680952/?mlSearchSessionGuid=11715bfba34fa7f8cf25ba6717eac38d
flat;Забота;real_estate_agent;sale;Советский;6;9;11;Новосибирск;4650000;;1; Русская;37.0;;https://novosibirsk.cian.ru/sale/flat/319155723/?mlSearchSessionGuid=11715bfba34fa7f8cf25ba6717eac38d
flat;СМСС;developer;sale;Калининский;21;23;;Новосибирск;7845480;Калининский квартал ЖК;2;;45.6;Маршала Покрышкина;https://novosibirsk.cian.ru/sale/flat/325988545/?mlSearchSessionGuid=11715bfba34fa7f8cf25ba6717eac38d
flat;Города Новосибирск;real_estate_agent;sale;Заельцовский;12;17;49/1;Новосибирск;5585000;Нормандия-Неман;1; Аэропорт;37.7;Заельцовская;https://novosibirsk.cian.ru/sale/flat/326655427/?mlSearchSessionGuid=11715bfba34fa7f8cf25ba6717eac38d
flat;Города Новосибирск;real_estate_agent;sale;Октябрьский;5;11;75;Новосибирск;4700000;NOVA-апарт;1;Автогенная ;37.3;Речной вокзал;https://novosibirsk.cian.ru/sale/flat/324524763/?mlSearchSessionGuid=11715bfba34fa7f8cf25ba6717eac38d
flat;Страна Девелопмент;developer;sale;Октябрьский;5;9;с23;Новосибирск;10929412;Страна.Тополёвая;1;Тополевая ;43.37;Березовая Роща;https://novosibirsk.cian.ru/sale/flat/325663945/?mlSearchSessionGuid=11715bfba34fa7f8cf25ba6717eac38d
flat;Родники;real_estate_agent;sale;Калининский;3;11;7/1;Новосибирск;8200000;Мкрн. Родники;3; Гребенщикова;73.8;Заельцовская;https://novosibirsk.cian.ru/sale/flat/326012761/?mlSearchSessionGuid=11715bfba34fa7f8cf25ba6717eac38d
flat;Брусника Обмен;real_estate_agent;sale;Октябрьский;3;10;62;Новосибирск;4700000;Плющихинский;1; В. Высоцкого;53.6;Золотая Нива;https://novosibirsk.cian.ru/sale/flat/324265850/?mlSearchSessionGuid=11715bfba34fa7f8cf25ba6717eac38d
flat;Брусника;developer;sale;Заельцовский;4;9;1/4;Новосибирск;10350000;Лебедевский;3;Лебедевский кв-л;90.0;Заельцовская;https://novosibirsk.cian.ru/sale/flat/323145217/?mlSearchSessionGuid=11715bfba34fa7f8cf25ba6717eac38d
flat;Флиппинг со вкусом;real_estate_agent;sale;Заельцовский;18;24;15;Новосибирск;12400000;на Галущака;3; Галущака;55.0;Гагаринская;https://novosibirsk.cian.ru/sale/flat/326579911/?mlSearchSessionGuid=11715bfba34fa7f8cf25ba6717eac38d
flat;Города Новосибирск;real_estate_agent;sale;Калининский;19;19;1;Новосибирск;4790000;Мкрн. Родники;1; Гребенщикова;30.9;Заельцовская;https://novosibirsk.cian.ru/sale/flat/323710692/?mlSearchSessionGuid=11715bfba34fa7f8cf25ba6717eac38d
flat;СМСС;developer;sale;Калининский;13;23;;Новосибирск;6459200;Калининский квартал ЖК;1;;36.7;Маршала Покрышкина;https://novosibirsk.cian.ru/sale/flat/325987987/?mlSearchSessionGuid=11715bfba34fa7f8cf25ba6717eac38d
flat;Эксперт Дом;real_estate_agent;sale;Калининский;4;5;33;Новосибирск;5300000;;3; Объединения;58.1;Заельцовская;https://novosibirsk.cian.ru/sale/flat/323586394/?mlSearchSessionGuid=11715bfba34fa7f8cf25ba6717eac38d
flat;АльянсРиэлт;real_estate_agent;sale;Октябрьский;3;5;171;Новосибирск;4790000;;-1;Большевистская ;31.0;Спортивная;https://novosibirsk.cian.ru/sale/flat/326686483/?mlSearchSessionGuid=11715bfba34fa7f8cf25ba6717eac38d
flat;СМСС;developer;sale;Дзержинский;1;22;;Новосибирск;13435500;Паскаль;3; 5-я Кирпичная Горка;68.9;Березовая Роща;https://novosibirsk.cian.ru/sale/flat/325989205/?mlSearchSessionGuid=11715bfba34fa7f8cf25ba6717eac38d
flat;Города Новосибирск;real_estate_agent;sale;Октябрьский;26;29;77;Новосибирск;32000000;Чикаго;4;Московская ;128.72;Октябрьская;https://novosibirsk.cian.ru/sale/flat/318545609/?mlSearchSessionGuid=11715bfba34fa7f8cf25ba6717eac38d
flat;Города Новосибирск;real_estate_agent;sale;Центральный;5;5;47;Новосибирск;4900000;;1; Крылова;29.0;Маршала Покрышкина;https://novosibirsk.cian.ru/sale/flat/325854319/?mlSearchSessionGuid=11715bfba34fa7f8cf25ba6717eac38d
flat;Брусника;developer;sale;Заельцовский;4;12;1/4;Новосибирск;9840000;Лебедевский;2;Лебедевский кв-л;82.9;Заельцовская;https://novosibirsk.cian.ru/sale/flat/314017621/?mlSearchSessionGuid=11715bfba34fa7f8cf25ba6717eac38d
flat;Дом Профи;real_estate_agent;sale;Ленинский;18;20;43;Новосибирск;7770000;VESNA;3; Ясный Берег;46.5;Октябрьская;https://novosibirsk.cian.ru/sale/flat/322465676/?mlSearchSessionGuid=11715bfba34fa7f8cf25ba6717eac38d
flat;Города Новосибирск;real_estate_agent;sale;Центральный;2;5;66;Новосибирск;4969000;;1; Демьяна Бедного;32.2;Маршала Покрышкина;https://novosibirsk.cian.ru/sale/flat/321643423/?mlSearchSessionGuid=11715bfba34fa7f8cf25ba6717eac38d
flat;Страна Девелопмент;developer;sale;Заельцовский;23;29;109/2;Новосибирск;9764706;Страна Береговая;2;Сухарная ;37.68;Площадь Гарина-Михайловского;https://novosibirsk.cian.ru/sale/flat/326663784/?mlSearchSessionGuid=11715bfba34fa7f8cf25ba6717eac38d
flat;METRAGE;real_estate_agent;sale;Заельцовский;8;16;2;Новосибирск;27000000;;3;Кавалерийская ;127.4;Заельцовская;https://novosibirsk.cian.ru/sale/flat/327061599/?mlSearchSessionGuid=11715bfba34fa7f8cf25ba6717eac38d
flat;Города Новосибирск;real_estate_agent;sale;Октябрьский;16;24;14;Новосибирск;4990000;Freedom;1;Большевистская ;21.01;Речной вокзал;https://novosibirsk.cian.ru/sale/flat/326344669/?mlSearchSessionGuid=11715bfba34fa7f8cf25ba6717eac38d
flat;Брусника;developer;sale;Заельцовский;1;14;90;Новосибирск;12000000;Авиатор;1; Аэропорт;73.09;Заельцовская;https://novosibirsk.cian.ru/sale/flat/310160752/?mlSearchSessionGuid=11715bfba34fa7f8cf25ba6717eac38d
flat;Этажи;real_estate_agent;sale;Октябрьский;12;24;32;Новосибирск;15900000;Римский квартал;2; Кирова;60.3;Октябрьская;https://novosibirsk.cian.ru/sale/flat/324989222/?mlSearchSessionGuid=11715bfba34fa7f8cf25ba6717eac38d
flat;Этажи;real_estate_agent;sale;Кировский;12;25;9;Новосибирск;4999000;Черемушки на Бугринке;1; Сержанта Коротаева;37.7;Студенческая;https://novosibirsk.cian.ru/sale/flat/326227868/?mlSearchSessionGuid=11715bfba34fa7f8cf25ba6717eac38d
flat;Новый Мир;developer;sale;Заельцовский;12;20;;Новосибирск;7375000;Оскар ЖК;1;;32.0;Заельцовская;https://novosibirsk.cian.ru/sale/flat/324818214/?mlSearchSessionGuid=11715bfba34fa7f8cf25ba6717eac38d
flat;ВИЛИЯ;real_estate_agent;sale;Заельцовский;3;7;167/3;Новосибирск;9700000;Расцветай на Красном;1;Красный проспект;39.7;Заельцовская;https://novosibirsk.cian.ru/sale/flat/326879065/?mlSearchSessionGuid=11715bfba34fa7f8cf25ba6717eac38d
flat;Этажи;real_estate_agent;sale;Калининский;3;9;10;Новосибирск;4950000;Мкрн. Родники;1; Мясниковой;27.0;Заельцовская;https://novosibirsk.cian.ru/sale/flat/326181270/?mlSearchSessionGuid=11715bfba34fa7f8cf25ba6717eac38d
flat;СМСС;developer;sale;Октябрьский;19;23;;Новосибирск;8685000;Паскаль;1;Закаменский мкр;38.6;Золотая Нива;https://novosibirsk.cian.ru/sale/flat/325989416/?mlSearchSessionGuid=11715bfba34fa7f8cf25ba6717eac38d
flat;METRAGE;real_estate_agent;sale;Октябрьский;18;18;154;Новосибирск;24700000;Марсель;4;2-я Обская ;117.1;Спортивная;https://novosibirsk.cian.ru/sale/flat/324805505/?mlSearchSessionGuid=11715bfba34fa7f8cf25ba6717eac38d
flat;Этажи;real_estate_agent;sale;Кировский;1;2;16;Новосибирск;5000000;;2; Урманова;59.7;Студенческая;https://novosibirsk.cian.ru/sale/flat/326181258/?mlSearchSessionGuid=11715bfba34fa7f8cf25ba6717eac38d
flat;Брусника;developer;sale;Дзержинский;3;9;;Новосибирск;13730000;Город-на-озере ЖК;1;;47.29;Березовая Роща;https://novosibirsk.cian.ru/sale/flat/325308738/?mlSearchSessionGuid=11715bfba34fa7f8cf25ba6717eac38d
flat;Все Новые Дома;real_estate_agent;sale;Дзержинский;21;25;22;Новосибирск;8999000;;2;Закаменский мкр;40.0;Березовая Роща;https://novosibirsk.cian.ru/sale/flat/323541622/?mlSearchSessionGuid=11715bfba34fa7f8cf25ba6717eac38d
flat;Этажи;real_estate_agent;sale;Октябрьский;3;10;49/1;Новосибирск;5090000;Плющихинский;1; Татьяны Снежиной;54.0;Золотая Нива;https://novosibirsk.cian.ru/sale/flat/326764496/?mlSearchSessionGuid=11715bfba34fa7f8cf25ba6717eac38d
flat;Телецентр 19|56;real_estate_agent;sale;Ленинский;14;17;19/1;Новосибирск;7390000;1956. Кварталы Телецентра;1; Костычева;40.48;Площадь Маркса;https://novosibirsk.cian.ru/sale/flat/323741349/?mlSearchSessionGuid=11715bfba34fa7f8cf25ba6717eac38d
flat;Дом Профи;real_estate_agent;sale;Октябрьский;10;10;31;Новосибирск;6800000;;3; В. Высоцкого;68.0;Золотая Нива;https://novosibirsk.cian.ru/sale/flat/297813408/?mlSearchSessionGuid=11715bfba34fa7f8cf25ba6717eac38d
flat;Города Новосибирск;real_estate_agent;sale;Октябрьский;10;17;16;Новосибирск;5100000;Закаменский-16;1;Закаменский мкр;24.0;Березовая Роща;https://novosibirsk.cian.ru/sale/flat/327061882/?mlSearchSessionGuid=11715bfba34fa7f8cf25ba6717eac38d
flat;Брусника;developer;sale;Дзержинский;8;14;;Новосибирск;8970000;Город-на-озере ЖК;1;;43.23;Березовая Роща;https://novosibirsk.cian.ru/sale/flat/325276335/?mlSearchSessionGuid=11715bfba34fa7f8cf25ba6717eac38d
flat;ID 96071924;homeowner;sale;Октябрьский;4;28;9;Новосибирск;21000000;Флотилия;2; Сибревкома;85.8;Октябрьская;https://novosibirsk.cian.ru/sale/flat/324785230/?mlSearchSessionGuid=11715bfba34fa7f8cf25ba6717eac38d
flat;Страна Девелопмент;developer;sale;Октябрьский;16;30;;Новосибирск;11317647;Страна.Тополёвая;1; Ядринцевский Подъем;46.7;Березовая Роща;https://novosibirsk.cian.ru/sale/flat/325663996/?mlSearchSessionGuid=11715bfba34fa7f8cf25ba6717eac38d
flat;Страна Девелопмент;developer;sale;Заельцовский;3;29;109/2;Новосибирск;7341176;Страна Береговая;1;Сухарная ;25.2;Площадь Гарина-Михайловского;https://novosibirsk.cian.ru/sale/flat/326553000/?mlSearchSessionGuid=11715bfba34fa7f8cf25ba6717eac38d
flat;Камея;developer;sale;Ленинский;7;25;17;Новосибирск;5300000;Счастливый квартал;1; Костычева;29.3;Площадь Маркса;https://novosibirsk.cian.ru/sale/flat/326560572/?mlSearchSessionGuid=11715bfba34fa7f8cf25ba6717eac38d
flat;Страна Девелопмент;developer;sale;Октябрьский;9;9;с23;Новосибирск;9305882;Страна.Тополёвая;1;Тополевая ;32.23;Березовая Роща;https://novosibirsk.cian.ru/sale/flat/325663893/?mlSearchSessionGuid=11715bfba34fa7f8cf25ba6717eac38d
flat;Города Новосибирск;real_estate_agent;sale;Октябрьский;1;25;11;Новосибирск;6990000;Закаменский-11;1;Закаменский мкр;48.7;Золотая Нива;https://novosibirsk.cian.ru/sale/flat/325901110/?mlSearchSessionGuid=11715bfba34fa7f8cf25ba6717eac38d
flat;Брусника;developer;sale;Октябрьский;2;7;53с;Новосибирск;15750000;На Декабристов;2;Зыряновская ;90.0;Речной вокзал;https://novosibirsk.cian.ru/sale/flat/326560665/?mlSearchSessionGuid=11715bfba34fa7f8cf25ba6717eac38d
flat;Республика;real_estate_agent;sale;Дзержинский;4;5;6;Новосибирск;5100000;;2;Республиканская ;57.9;Березовая Роща;https://novosibirsk.cian.ru/sale/flat/300315219/?mlSearchSessionGuid=11715bfba34fa7f8cf25ba6717eac38d
flat;Новый Мир;developer;sale;Заельцовский;16;24;;Новосибирск;6450000;Оскар ЖК;1;;26.7;Заельцовская;https://novosibirsk.cian.ru/sale/flat/324818436/?mlSearchSessionGuid=11715bfba34fa7f8cf25ba6717eac38d
flat;СЖК;real_estate_agent;sale;Заельцовский;1;6;22;Новосибирск;25000000;Эко-квартал Flora&Fauna;2;Дачное шоссе;76.4;Заельцовская;https://novosibirsk.cian.ru/sale/flat/302763229/?mlSearchSessionGuid=11715bfba34fa7f8cf25ba6717eac38d
flat;СМСС;developer;sale;Заельцовский;13;28;107/2;Новосибирск;10881698;Бирюзовая жемчужина-4;2;Сухарная ;61.5;Площадь Гарина-Михайловского;https://novosibirsk.cian.ru/sale/flat/325987557/?mlSearchSessionGuid=11715bfba34fa7f8cf25ba6717eac38d
flat;Центр Недвижимости;real_estate_agent;sale;Советский;4;5;5/1;Новосибирск;1850000;;1; Российская;18.1;;https://novosibirsk.cian.ru/sale/flat/326678150/?mlSearchSessionGuid=11715bfba34fa7f8cf25ba6717eac38d
flat;Страна Девелопмент;developer;sale;Октябрьский;5;9;с23;Новосибирск;16729412;Страна.Тополёвая;3;Тополевая ;76.97;Березовая Роща;https://novosibirsk.cian.ru/sale/flat/325663876/?mlSearchSessionGuid=11715bfba34fa7f8cf25ba6717eac38d
flat;METRAGE;real_estate_agent;sale;Дзержинский;5;5;51/1;Новосибирск;3499000;;1; Есенина;32.4;Золотая Нива;https://novosibirsk.cian.ru/sale/flat/321763491/?mlSearchSessionGuid=11715bfba34fa7f8cf25ba6717eac38d
flat;Брусника;developer;sale;Заельцовский;8;9;90;Новосибирск;13530000;Авиатор;3; Аэропорт;100.04;Заельцовская;https://novosibirsk.cian.ru/sale/flat/312156075/?mlSearchSessionGuid=11715bfba34fa7f8cf25ba6717eac38d
flat;Концерн Сибирь;real_estate_agent;sale;Октябрьский;3;5;33;Новосибирск;4800000;;2;Гурьевская ;43.0;Речной вокзал;https://novosibirsk.cian.ru/sale/flat/319052591/?mlSearchSessionGuid=11715bfba34fa7f8cf25ba6717eac38d
flat;Брусника;developer;sale;Дзержинский;6;14;;Новосибирск;12460000;Город-на-озере ЖК;2;;67.47;Березовая Роща;https://novosibirsk.cian.ru/sale/flat/324846299/?mlSearchSessionGuid=11715bfba34fa7f8cf25ba6717eac38d
flat;СЖК;real_estate_agent;sale;Ленинский;3;11;39;Новосибирск;9900000;;3;;93.5;Студенческая;https://novosibirsk.cian.ru/sale/flat/322151459/?mlSearchSessionGuid=11715bfba34fa7f8cf25ba6717eac38d
flat;Новый Мир;developer;sale;Заельцовский;12;24;;Новосибирск;8775000;Оскар ЖК;1;;39.9;Заельцовская;https://novosibirsk.cian.ru/sale/flat/324818378/?mlSearchSessionGuid=11715bfba34fa7f8cf25ba6717eac38d
flat;Города Новосибирск;real_estate_agent;sale;Советский;6;9;33;Новосибирск;5950000;;3; Русская;63.0;;https://novosibirsk.cian.ru/sale/flat/325703985/?mlSearchSessionGuid=11715bfba34fa7f8cf25ba6717eac38d
flat;Брусника;developer;sale;Дзержинский;9;14;;Новосибирск;16590000;Город-на-озере ЖК;2;;74.75;Березовая Роща;https://novosibirsk.cian.ru/sale/flat/324800949/?mlSearchSessionGuid=11715bfba34fa7f8cf25ba6717eac38d
flat;ID 128344139;homeowner;sale;Ленинский;11;17;106;Новосибирск;5900000;Новый горизонт;1;Рельефная ;34.0;Площадь Маркса;https://novosibirsk.cian.ru/sale/flat/326384561/?mlSearchSessionGuid=11715bfba34fa7f8cf25ba6717eac38d
flat;СМСС;developer;sale;Заельцовский;22;28;107/2;Новосибирск;13333026;Бирюзовая жемчужина-4;3;Сухарная ;76.1;Площадь Гарина-Михайловского;https://novosibirsk.cian.ru/sale/flat/325987604/?mlSearchSessionGuid=11715bfba34fa7f8cf25ba6717eac38d
flat;Домофонд;real_estate_agent;sale;Железнодорожный;5;5;2;Новосибирск;4300000;;2;Фабричная ;42.7;Речной вокзал;https://novosibirsk.cian.ru/sale/flat/323028986/?mlSearchSessionGuid=11715bfba34fa7f8cf25ba6717eac38d
flat;Страна Девелопмент;developer;sale;Октябрьский;3;9;с23;Новосибирск;10847059;Страна.Тополёвая;1;Тополевая ;47.66;Березовая Роща;https://novosibirsk.cian.ru/sale/flat/325663873/?mlSearchSessionGuid=11715bfba34fa7f8cf25ba6717eac38d
flat;Этажи;real_estate_agent;sale;Первомайский;4;5;110;Новосибирск;4150000;;2;Первомайская ;42.0;Речной вокзал;https://novosibirsk.cian.ru/sale/flat/324801337/?mlSearchSessionGuid=11715bfba34fa7f8cf25ba6717eac38d
flat;Страна Девелопмент;developer;sale;Октябрьский;19;30;;Новосибирск;12917647;Страна.Тополёвая;2; Ядринцевский Подъем;62.02;Березовая Роща;https://novosibirsk.cian.ru/sale/flat/325664002/?mlSearchSessionGuid=11715bfba34fa7f8cf25ba6717eac38d
flat;Этажи;real_estate_agent;sale;Ленинский;8;11;47;Новосибирск;5400000;;1;;40.0;Студенческая;https://novosibirsk.cian.ru/sale/flat/326767167/?mlSearchSessionGuid=11715bfba34fa7f8cf25ba6717eac38d
flat;СМСС;developer;sale;Заельцовский;21;28;107/2;Новосибирск;8853956;Бирюзовая жемчужина-4;1;Сухарная ;48.8;Площадь Гарина-Михайловского;https://novosibirsk.cian.ru/sale/flat/325987515/?mlSearchSessionGuid=11715bfba34fa7f8cf25ba6717eac38d
flat;METRAGE;real_estate_agent;sale;Октябрьский;25;25;16;Новосибирск;20400000;;3;Военная ;131.9;Площадь Ленина;https://novosibirsk.cian.ru/sale/flat/322350125/?mlSearchSessionGuid=11715bfba34fa7f8cf25ba6717eac38d
flat;Этажи;real_estate_agent;sale;Калининский;1;2;33А;Новосибирск;2400000;;1; Чекалина;31.2;Заельцовская;https://novosibirsk.cian.ru/sale/flat/322342748/?mlSearchSessionGuid=11715bfba34fa7f8cf25ba6717eac38d
flat;СМСС;developer;sale;Калининский;19;23;;Новосибирск;6850800;Калининский квартал ЖК;1;;39.6;Маршала Покрышкина;https://novosibirsk.cian.ru/sale/flat/325988158/?mlSearchSessionGuid=11715bfba34fa7f8cf25ba6717eac38d
flat;Этажи;real_estate_agent;sale;Октябрьский;1;5;3;Новосибирск;5700000;;2; Панфиловцев;61.9;Золотая Нива;https://novosibirsk.cian.ru/sale/flat/319833721/?mlSearchSessionGuid=11715bfba34fa7f8cf25ba6717eac38d
flat;METRAGE;real_estate_agent;sale;Дзержинский;2;9;29;Новосибирск;3700000;;1; Лазарева;33.0;Березовая Роща;https://novosibirsk.cian.ru/sale/flat/323874338/?mlSearchSessionGuid=11715bfba34fa7f8cf25ba6717eac38d
flat;Страна Девелопмент;developer;sale;Октябрьский;2;9;с23;Новосибирск;10647059;Страна.Тополёвая;1;Тополевая ;45.98;Березовая Роща;https://novosibirsk.cian.ru/sale/flat/325663938/?mlSearchSessionGuid=11715bfba34fa7f8cf25ba6717eac38d
flat;Дом Профи;real_estate_agent;sale;Железнодорожный;3;25;18;Новосибирск;14100000;Прованс;2;Железнодорожная ;48.2;Гагаринская;https://novosibirsk.cian.ru/sale/flat/315688087/?mlSearchSessionGuid=11715bfba34fa7f8cf25ba6717eac38d
flat;СМСС;developer;sale;Калининский;5;23;;Новосибирск;9687830;Калининский квартал ЖК;2;;57.7;Маршала Покрышкина;https://novosibirsk.cian.ru/sale/flat/325988697/?mlSearchSessionGuid=11715bfba34fa7f8cf25ba6717eac38d
flat;Вся Недвижимость Новосибирска;real_estate_agent;sale;Кировский;8;17;160;Новосибирск;6400000;Тулинка;2; Петухова;52.5;Студенческая;https://novosibirsk.cian.ru/sale/flat/326774934/?mlSearchSessionGuid=11715bfba34fa7f8cf25ba6717eac38d
flat;Этажи;real_estate_agent;sale;Ленинский;2;2;1/1;Новосибирск;2800000;;3;Хилокская ;50.5;Площадь Маркса;https://novosibirsk.cian.ru/sale/flat/325047851/?mlSearchSessionGuid=11715bfba34fa7f8cf25ba6717eac38d
flat;Страна Девелопмент;developer;sale;Октябрьский;7;9;с23;Новосибирск;13658824;Страна.Тополёвая;2;Тополевая ;62.85;Березовая Роща;https://novosibirsk.cian.ru/sale/flat/325663930/?mlSearchSessionGuid=11715bfba34fa7f8cf25ba6717eac38d
flat;Этажи;real_estate_agent;sale;Октябрьский;3;9;117;Новосибирск;4200000;;1;Выборная ;40.0;Речной вокзал;https://novosibirsk.cian.ru/sale/flat/321852983/?mlSearchSessionGuid=11715bfba34fa7f8cf25ba6717eac38d
flat;СМСС;developer;sale;Калининский;5;23;;Новосибирск;11937150;Калининский квартал ЖК;3;;73.8;Маршала Покрышкина;https://novosibirsk.cian.ru/sale/flat/325988905/?mlSearchSessionGuid=11715bfba34fa7f8cf25ba6717eac38d
flat;Этажи;real_estate_agent;sale;Октябрьский;1;10;25/2;Новосибирск;7390000;Плющихинский;3; Татьяны Снежиной;86.2;Золотая Нива;https://novosibirsk.cian.ru/sale/flat/314145138/?mlSearchSessionGuid=11715bfba34fa7f8cf25ba6717eac38d
flat;Брусника Обмен;real_estate_agent;sale;Октябрьский;9;16;154/2;Новосибирск;7750000;Выборная-Рябиновая;3;Выборная ;70.1;Речной вокзал;https://novosibirsk.cian.ru/sale/flat/323738938/?mlSearchSessionGuid=11715bfba34fa7f8cf25ba6717eac38d
flat;Страна Девелопмент;developer;sale;Заельцовский;3;29;109/2;Новосибирск;10764706;Страна Береговая;2;Сухарная ;46.89;Площадь Гарина-Михайловского;https://novosibirsk.cian.ru/sale/flat/325663648/?mlSearchSessionGuid=11715bfba34fa7f8cf25ba6717eac38d
flat;Эксперт Дом;real_estate_agent;sale;Центральный;22;27;57;Новосибирск;13999000;Расцветай на Ядринцевской;3;Ядринцевская ;55.1;Площадь Ленина;https://novosibirsk.cian.ru/sale/flat/325594389/?mlSearchSessionGuid=11715bfba34fa7f8cf25ba6717eac38d
flat;Вся Недвижимость Новосибирска;real_estate_agent;sale;Дзержинский;5;5;20/1;Новосибирск;4060000;;2;проспект Дзержинского;40.8;Березовая Роща;https://novosibirsk.cian.ru/sale/flat/324300684/?mlSearchSessionGuid=11715bfba34fa7f8cf25ba6717eac38d
flat;Новый Мир;developer;sale;Заельцовский;10;20;;Новосибирск;12300000;Оскар ЖК;2;;54.7;Заельцовская;https://novosibirsk.cian.ru/sale/flat/324818198/?mlSearchSessionGuid=11715bfba34fa7f8cf25ba6717eac38d
flat;Этажи;real_estate_agent;sale;Ленинский;17;17;162/3;Новосибирск;5900000;;2; Связистов;53.7;Площадь Маркса;https://novosibirsk.cian.ru/sale/flat/320176600/?mlSearchSessionGuid=11715bfba34fa7f8cf25ba6717eac38d
flat;ID 138956185;homeowner;sale;Первомайский;6;9;30/1;Новосибирск;4300000;;2; Героев Революции;43.1;Спортивная;https://novosibirsk.cian.ru/sale/flat/326441864/?mlSearchSessionGuid=11715bfba34fa7f8cf25ba6717eac38d
flat;Брусника;developer;sale;Заельцовский;2;12;1/4;Новосибирск;11970000;Лебедевский;3;Лебедевский кв-л;95.8;Заельцовская;https://novosibirsk.cian.ru/sale/flat/313965023/?mlSearchSessionGuid=11715bfba34fa7f8cf25ba6717eac38d
flat;Флиппинг со вкусом;real_estate_agent;sale;Заельцовский;18;25;15;Новосибирск;12400000;на Галущака;2; Галущака;55.0;Гагаринская;https://novosibirsk.cian.ru/sale/flat/326958652/?mlSearchSessionGuid=11715bfba34fa7f8cf25ba6717eac38d
flat;Всем Квартиру;real_estate_agent;sale;Дзержинский;9;9;18;Новосибирск;5100000;;2; Адриена Лежена;44.0;Золотая Нива;https://novosibirsk.cian.ru/sale/flat/322194971/?mlSearchSessionGuid=11715bfba34fa7f8cf25ba6717eac38d
flat;Брусника;developer;sale;Дзержинский;2;14;;Новосибирск;30490000;Город-на-озере ЖК;4;;173.63;Березовая Роща;https://novosibirsk.cian.ru/sale/flat/325308730/?mlSearchSessionGuid=11715bfba34fa7f8cf25ba6717eac38d
flat;Города Новосибирск;real_estate_agent;sale;Заельцовский;15;25;42/1;Новосибирск;9000000;Дом на Дачной;1;Дачная ;46.0;Заельцовская;https://novosibirsk.cian.ru/sale/flat/315037638/?mlSearchSessionGuid=11715bfba34fa7f8cf25ba6717eac38d
flat;Города Новосибирск;real_estate_agent;sale;Ленинский;2;3;42;Новосибирск;4250000;;3;Станционная ;68.0;Площадь Маркса;https://novosibirsk.cian.ru/sale/flat/320901689/?mlSearchSessionGuid=11715bfba34fa7f8cf25ba6717eac38d
flat;Брусника;developer;sale;Дзержинский;7;9;;Новосибирск;8560000;Город-на-озере ЖК;1;;28.44;Березовая Роща;https://novosibirsk.cian.ru/sale/flat/325276343/?mlSearchSessionGuid=11715bfba34fa7f8cf25ba6717eac38d
flat;Новый Мир;developer;sale;Железнодорожный;8;16;;Новосибирск;10300000;Беринг;2;Беринг жилой квартал;57.43;Площадь Гарина-Михайловского;https://novosibirsk.cian.ru/sale/flat/325640864/?mlSearchSessionGuid=11715bfba34fa7f8cf25ba6717eac38d
flat;Страна Девелопмент;developer;sale;Октябрьский;3;30;;Новосибирск;16800000;Страна.Тополёвая;3; Ядринцевский Подъем;85.44;Березовая Роща;https://novosibirsk.cian.ru/sale/flat/325663961/?mlSearchSessionGuid=11715bfba34fa7f8cf25ba6717eac38d
flat;Этажи;real_estate_agent;sale;Ленинский;9;9;20;Новосибирск;6700000;Дивногорский;2; Романтиков;51.6;Площадь Маркса;https://novosibirsk.cian.ru/sale/flat/319721278/?mlSearchSessionGuid=11715bfba34fa7f8cf25ba6717eac38d
flat;Этажи;real_estate_agent;sale;Кировский;3;9;60;Новосибирск;3500000;;1; Сибиряков-Гвардейцев;34.6;Площадь Маркса;https://novosibirsk.cian.ru/sale/flat/323305625/?mlSearchSessionGuid=11715bfba34fa7f8cf25ba6717eac38d
flat;Брусника;developer;sale;Октябрьский;2;9;53с;Новосибирск;22820000;На Декабристов;2;Зыряновская ;159.7;Речной вокзал;https://novosibirsk.cian.ru/sale/flat/326560685/?mlSearchSessionGuid=11715bfba34fa7f8cf25ba6717eac38d
flat;Этажи;real_estate_agent;sale;Центральный;6;17;65;Новосибирск;15500000;по ул. Семьи Шамшиных;2; Семьи Шамшиных;65.0;Маршала Покрышкина;https://novosibirsk.cian.ru/sale/flat/324332402/?mlSearchSessionGuid=11715bfba34fa7f8cf25ba6717eac38d
flat;Этажи;real_estate_agent;sale;Ленинский;2;5;3;Новосибирск;4150000;;1; Блюхера;30.2;Площадь Маркса;https://novosibirsk.cian.ru/sale/flat/323706230/?mlSearchSessionGuid=11715bfba34fa7f8cf25ba6717eac38d
flat;Телецентр 19|56;developer;sale;Ленинский;8;15;19/1;Новосибирск;5390000;1956. Кварталы Телецентра;1; Костычева;26.7;Площадь Маркса;https://novosibirsk.cian.ru/sale/flat/325981352/?mlSearchSessionGuid=11715bfba34fa7f8cf25ba6717eac38d
flat;Калининское;real_estate_agent;sale;Калининский;7;13;908;Новосибирск;5200000;Династия. Квартал поколений;1; Декоративный Питомник;36.7;Заельцовская;https://novosibirsk.cian.ru/sale/flat/324345691/?mlSearchSessionGuid=11715bfba34fa7f8cf25ba6717eac38d
flat;БЭЛ Девелопмент;developer;sale;Центральный;7;14;54;Новосибирск;25000000;Комплекс клубных резиденций Маяковский;1; Чаплыгина;45.0;Площадь Ленина;https://novosibirsk.cian.ru/sale/flat/317873576/?mlSearchSessionGuid=11715bfba34fa7f8cf25ba6717eac38d
flat;Новый Мир;developer;sale;Заельцовский;20;20;;Новосибирск;9900000;Оскар ЖК;1;;33.9;Заельцовская;https://novosibirsk.cian.ru/sale/flat/324818262/?mlSearchSessionGuid=11715bfba34fa7f8cf25ba6717eac38d
flat;Брусника Обмен;real_estate_agent;sale;Кировский;16;16;1;Новосибирск;6900000;;2; Сержанта Коротаева;65.0;Площадь Маркса;https://novosibirsk.cian.ru/sale/flat/323484311/?mlSearchSessionGuid=11715bfba34fa7f8cf25ba6717eac38d
flat;Концерн Сибирь;real_estate_agent;sale;Ленинский;5;17;102;Новосибирск;4500000;Радуга Сибири;1; Забалуева;47.0;Площадь Маркса;https://novosibirsk.cian.ru/sale/flat/323455718/?mlSearchSessionGuid=11715bfba34fa7f8cf25ba6717eac38d
flat;Брусника;developer;sale;Заельцовский;9;9;90;Новосибирск;12650000;Авиатор;2; Аэропорт;63.77;Заельцовская;https://novosibirsk.cian.ru/sale/flat/313627025/?mlSearchSessionGuid=11715bfba34fa7f8cf25ba6717eac38d
flat;METRAGE;real_estate_agent;sale;Ленинский;3;17;9;Новосибирск;2900000;Лето;1; Ивана Севастьянова;25.0;Площадь Маркса;https://novosibirsk.cian.ru/sale/flat/323885202/?mlSearchSessionGuid=11715bfba34fa7f8cf25ba6717eac38d
flat;Астон;developer;sale;Кировский;20;26;6;Новосибирск;6650000;Астон. Шесть звёзд;2; Аникина;46.26;Студенческая;https://novosibirsk.cian.ru/sale/flat/321542353/?mlSearchSessionGuid=11715bfba34fa7f8cf25ba6717eac38d
flat;Города Новосибирск;real_estate_agent;sale;Ленинский;8;25;16/2;Новосибирск;5940000;на ул. Немировича-Данченко;1; Немировича-Данченко;38.83;Площадь Маркса;https://novosibirsk.cian.ru/sale/flat/321604082/?mlSearchSessionGuid=11715bfba34fa7f8cf25ba6717eac38d
flat;Всем Квартиру;real_estate_agent;sale;Ленинский;6;9;19;Новосибирск;4780000;;2;Петропавловская ;48.0;Площадь Маркса;https://novosibirsk.cian.ru/sale/flat/306867520/?mlSearchSessionGuid=11715bfba34fa7f8cf25ba6717eac38d
flat;Телецентр 19|56;developer;sale;Ленинский;8;15;19/1;Новосибирск;5350000;1956. Кварталы Телецентра;1; Костычева;26.0;Площадь Маркса;https://novosibirsk.cian.ru/sale/flat/326024147/?mlSearchSessionGuid=11715bfba34fa7f8cf25ba6717eac38d
flat;ВербаКапитал;real_estate_agent;sale;Заельцовский;12;30;105/1;Новосибирск;7595000;Бирюзовая жемчужина-2;1;Сухарная ;48.4;Площадь Гарина-Михайловского;https://novosibirsk.cian.ru/sale/flat/317737474/?mlSearchSessionGuid=11715bfba34fa7f8cf25ba6717eac38d
flat;Вертикаль;real_estate_agent;sale;Дзержинский;11;16;67;Новосибирск;4250000;Дом по ул. Есенина;1; Есенина;30.7;Золотая Нива;https://novosibirsk.cian.ru/sale/flat/318745596/?mlSearchSessionGuid=11715bfba34fa7f8cf25ba6717eac38d
flat;Новый Мир;developer;sale;Заельцовский;14;20;;Новосибирск;10450000;Оскар ЖК;1;;48.6;Заельцовская;https://novosibirsk.cian.ru/sale/flat/324818230/?mlSearchSessionGuid=11715bfba34fa7f8cf25ba6717eac38d
flat;Забота;real_estate_agent;sale;Советский;3;9;44;Новосибирск;5999000;;3; Молодости;60.8;Студенческая;https://novosibirsk.cian.ru/sale/flat/323715745/?mlSearchSessionGuid=11715bfba34fa7f8cf25ba6717eac38d
flat;Татьяна Чугаева;realtor;sale;Кировский;2;18;14а;Новосибирск;4380000;;1; Петухова;41.0;Площадь Маркса;https://novosibirsk.cian.ru/sale/flat/322407682/?mlSearchSessionGuid=11715bfba34fa7f8cf25ba6717eac38d
flat;VIRA;developer;sale;Кировский;7;20;16;Новосибирск;6200000;Сподвижники;2;18-й Бронный переулок;43.2;Студенческая;https://novosibirsk.cian.ru/sale/flat/300550992/?mlSearchSessionGuid=11715bfba34fa7f8cf25ba6717eac38d
flat;СФЕРА 54;real_estate_agent;sale;Октябрьский;10;10;3;Новосибирск;5500000;;2; В. Высоцкого;52.0;Золотая Нива;https://novosibirsk.cian.ru/sale/flat/323312418/?mlSearchSessionGuid=11715bfba34fa7f8cf25ba6717eac38d
flat;Главное звено;real_estate_agent;sale;Дзержинский;5;5;81/1;Новосибирск;3430000;;1;проспект Дзержинского;30.4;Березовая Роща;https://novosibirsk.cian.ru/sale/flat/324012392/?mlSearchSessionGuid=11715bfba34fa7f8cf25ba6717eac38d
flat;Новый Мир;developer;sale;Заельцовский;15;20;;Новосибирск;10400000;Оскар ЖК;2;;46.2;Заельцовская;https://novosibirsk.cian.ru/sale/flat/324818237/?mlSearchSessionGuid=11715bfba34fa7f8cf25ba6717eac38d
flat;Домой;real_estate_agent;sale;Советский;2;9;17/1;Новосибирск;12200000;;4; Демакова;81.0;;https://novosibirsk.cian.ru/sale/flat/323145651/?mlSearchSessionGuid=11715bfba34fa7f8cf25ba6717eac38d
flat;Этажи;real_estate_agent;sale;Кировский;1;10;82;Новосибирск;3900000;;2; Сибиряков-Гвардейцев;49.6;Площадь Маркса;https://novosibirsk.cian.ru/sale/flat/323740379/?mlSearchSessionGuid=11715bfba34fa7f8cf25ba6717eac38d
flat;Астон;developer;sale;Кировский;18;26;6к11;Новосибирск;5270000;Астон. Шесть звёзд;1; Аникина;27.27;Студенческая;https://novosibirsk.cian.ru/sale/flat/326449539/?mlSearchSessionGuid=11715bfba34fa7f8cf25ba6717eac38d
flat;Брусника Обмен;real_estate_agent;sale;Кировский;15;26;16;Новосибирск;9350000;Астон. Шесть звёзд;2; Аникина;69.3;Студенческая;https://novosibirsk.cian.ru/sale/flat/324456743/?mlSearchSessionGuid=11715bfba34fa7f8cf25ba6717eac38d
flat;НИАН;real_estate_agent;sale;Дзержинский;10;10;53;Новосибирск;4050000;;1;Волочаевская ;42.0;Золотая Нива;https://novosibirsk.cian.ru/sale/flat/326016092/?mlSearchSessionGuid=11715bfba34fa7f8cf25ba6717eac38d
flat;Брусника;developer;sale;Октябрьский;2;8;53с;Новосибирск;21800000;На Декабристов;2;Зыряновская ;130.6;Речной вокзал;https://novosibirsk.cian.ru/sale/flat/326560686/?mlSearchSessionGuid=11715bfba34fa7f8cf25ba6717eac38d
flat;Города Новосибирск;real_estate_agent;sale;Октябрьский;5;10;3;Новосибирск;3500000;Плющихинский;1; Виталия Потылицына;33.6;Золотая Нива;https://novosibirsk.cian.ru/sale/flat/326580084/?mlSearchSessionGuid=11715bfba34fa7f8cf25ba6717eac38d
flat;Астон;developer;sale;Кировский;6;26;6к11;Новосибирск;5900000;Астон. Шесть звёзд;1; Аникина;39.51;Студенческая;https://novosibirsk.cian.ru/sale/flat/321542205/?mlSearchSessionGuid=11715bfba34fa7f8cf25ba6717eac38d
flat;Этажи;real_estate_agent;sale;Заельцовский;7;10;106;Новосибирск;4000000;;1; Жуковского;30.0;Заельцовская;https://novosibirsk.cian.ru/sale/flat/326925484/?mlSearchSessionGuid=11715bfba34fa7f8cf25ba6717eac38d
flat;Страна Девелопмент;developer;sale;Октябрьский;26;30;;Новосибирск;13588235;Страна.Тополёвая;2; Ядринцевский Подъем;68.71;Березовая Роща;https://novosibirsk.cian.ru/sale/flat/325664031/?mlSearchSessionGuid=11715bfba34fa7f8cf25ba6717eac38d
flat;ИнтерАктив;real_estate_agent;sale;Железнодорожный;5;5;7;Новосибирск;4850000;;3;Владимировский спуск;42.2;Площадь Гарина-Михайловского;https://novosibirsk.cian.ru/sale/flat/326659285/?mlSearchSessionGuid=11715bfba34fa7f8cf25ba6717eac38d
flat;СМСС;developer;sale;Октябрьский;20;23;;Новосибирск;13829400;Паскаль;3;Закаменский мкр;70.2;Золотая Нива;https://novosibirsk.cian.ru/sale/flat/325989595/?mlSearchSessionGuid=11715bfba34fa7f8cf25ba6717eac38d
flat;Брусника Обмен;real_estate_agent;sale;Октябрьский;1;10;158/1;Новосибирск;7500000;;3;Выборная ;77.8;Речной вокзал;https://novosibirsk.cian.ru/sale/flat/324316949/?mlSearchSessionGuid=11715bfba34fa7f8cf25ba6717eac38d
flat;Этажи;real_estate_agent;sale;Ленинский;10;17;106/3;Новосибирск;5450000;Новый горизонт;1;Рельефная ;41.6;Студенческая;https://novosibirsk.cian.ru/sale/flat/323677699/?mlSearchSessionGuid=11715bfba34fa7f8cf25ba6717eac38d
flat;СМСС;developer;sale;Калининский;8;23;;Новосибирск;9942075;Калининский квартал ЖК;3;;58.5;Маршала Покрышкина;https://novosibirsk.cian.ru/sale/flat/325988777/?mlSearchSessionGuid=11715bfba34fa7f8cf25ba6717eac38d
flat;Новактив;real_estate_agent;sale;Ленинский;11;25;12;Новосибирск;6700000;Город у воды Ясный Берег;1; Ясный Берег;36.0;Площадь Маркса;https://novosibirsk.cian.ru/sale/flat/323797893/?mlSearchSessionGuid=11715bfba34fa7f8cf25ba6717eac38d
flat;Этажи;real_estate_agent;sale;Заельцовский;1;5;113/2;Новосибирск;4899000;;2;Кубовая ;52.7;Заельцовская;https://novosibirsk.cian.ru/sale/flat/324735715/?mlSearchSessionGuid=11715bfba34fa7f8cf25ba6717eac38d
flat;Страна Девелопмент;developer;sale;Октябрьский;2;9;с23;Новосибирск;16070588;Страна.Тополёвая;3;Тополевая ;75.54;Березовая Роща;https://novosibirsk.cian.ru/sale/flat/325663866/?mlSearchSessionGuid=11715bfba34fa7f8cf25ba6717eac38d
flat;Владис Центральное;real_estate_agent;sale;Калининский;5;9;6;Новосибирск;6000000;Мкрн. Родники;2; Свечникова;53.2;Заельцовская;https://novosibirsk.cian.ru/sale/flat/326583145/?mlSearchSessionGuid=11715bfba34fa7f8cf25ba6717eac38d
flat;Этажи;real_estate_agent;sale;Калининский;3;18;21;Новосибирск;4560000;Квартал Основатели;1; Имени генерал-майора А.Н. Рожкина;27.2;Заельцовская;https://novosibirsk.cian.ru/sale/flat/327036461/?mlSearchSessionGuid=11715bfba34fa7f8cf25ba6717eac38d
flat;Брусника;developer;sale;Центральный;3;17;;Новосибирск;11770000;Мылзавод ЖК;1;;62.6;Гагаринская;https://novosibirsk.cian.ru/sale/flat/326560693/?mlSearchSessionGuid=11715bfba34fa7f8cf25ba6717eac38d
flat;Екатерина Колесникова;realtor;sale;Железнодорожный;1;6;26;Новосибирск;10500000;;2;Коммунистическая ;81.8;Площадь Ленина;https://novosibirsk.cian.ru/sale/flat/326187666/?mlSearchSessionGuid=11715bfba34fa7f8cf25ba6717eac38d
flat;Этажи;real_estate_agent;sale;Заельцовский;1;5;117/1;Новосибирск;3085000;;1; Жуковского;22.1;Заельцовская;https://novosibirsk.cian.ru/sale/flat/321683864/?mlSearchSessionGuid=11715bfba34fa7f8cf25ba6717eac38d
flat;Новый Мир;developer;sale;Заельцовский;19;24;;Новосибирск;13600000;Оскар ЖК;3;;70.2;Заельцовская;https://novosibirsk.cian.ru/sale/flat/324818478/?mlSearchSessionGuid=11715bfba34fa7f8cf25ba6717eac38d
flat;Республика;real_estate_agent;sale;Ленинский;1;5;31;Новосибирск;3500000;;2;Степная ;44.0;Студенческая;https://novosibirsk.cian.ru/sale/flat/325668031/?mlSearchSessionGuid=11715bfba34fa7f8cf25ba6717eac38d
flat;Страна Девелопмент;developer;sale;Заельцовский;18;29;109/2;Новосибирск;11682353;Страна Береговая;3;Сухарная ;49.31;Площадь Гарина-Михайловского;https://novosibirsk.cian.ru/sale/flat/326553001/?mlSearchSessionGuid=11715bfba34fa7f8cf25ba6717eac38d
flat;Города Новосибирск;real_estate_agent;sale;Заельцовский;4;8;22/3;Новосибирск;15600000;Эко-квартал Flora&Fauna;3;Дачное шоссе;76.62;Заельцовская;https://novosibirsk.cian.ru/sale/flat/325670089/?mlSearchSessionGuid=11715bfba34fa7f8cf25ba6717eac38d
flat;НИЦ;real_estate_agent;sale;Кировский;12;18;13;Новосибирск;2850000;;1; Виктора Уса;27.6;Площадь Маркса;https://novosibirsk.cian.ru/sale/flat/326077766/?mlSearchSessionGuid=11715bfba34fa7f8cf25ba6717eac38d
flat;Астон;developer;sale;Кировский;12;26;6;Новосибирск;5400000;Астон. Шесть звёзд;1; Аникина;27.73;Студенческая;https://novosibirsk.cian.ru/sale/flat/321542477/?mlSearchSessionGuid=11715bfba34fa7f8cf25ba6717eac38d
flat;Города Новосибирск;real_estate_agent;sale;Кировский;9;10;90/2;Новосибирск;16980000;;-1;Тульская ;170.0;Площадь Маркса;https://novosibirsk.cian.ru/sale/flat/318335586/?mlSearchSessionGuid=11715bfba34fa7f8cf25ba6717eac38d
flat;Rialtor Group;real_estate_agent;sale;Ленинский;1;5;54;Новосибирск;3100000;;1;Степная ;28.3;Площадь Маркса;https://novosibirsk.cian.ru/sale/flat/321818354/?mlSearchSessionGuid=11715bfba34fa7f8cf25ba6717eac38d
flat;Города Новосибирск;real_estate_agent;sale;Калининский;2;6;36;Новосибирск;3100000;;1;Народная ;28.4;Заельцовская;https://novosibirsk.cian.ru/sale/flat/326761149/?mlSearchSessionGuid=11715bfba34fa7f8cf25ba6717eac38d
flat;METRAGE;real_estate_agent;sale;Первомайский;1;17;1/8;Новосибирск;3150000;Берёзовое;1; Одоевского;20.2;Речной вокзал;https://novosibirsk.cian.ru/sale/flat/327043425/?mlSearchSessionGuid=11715bfba34fa7f8cf25ba6717eac38d
flat;Этажи;real_estate_agent;sale;Кировский;3;3;39/1;Новосибирск;3200000;На Рубежной;1;Рубежная ;39.5;Студенческая;https://novosibirsk.cian.ru/sale/flat/327019942/?mlSearchSessionGuid=11715bfba34fa7f8cf25ba6717eac38d
flat;Всем Квартиру;real_estate_agent;sale;Железнодорожный;1;5;38;Новосибирск;5500000;;2; Челюскинцев;43.3;Красный Проспект;https://novosibirsk.cian.ru/sale/flat/326442697/?mlSearchSessionGuid=11715bfba34fa7f8cf25ba6717eac38d
flat;Этажи;real_estate_agent;sale;Октябрьский;14;18;2;Новосибирск;3200000;Плющихинский;2; Плющихинская;39.3;Золотая Нива;https://novosibirsk.cian.ru/sale/flat/324057639/?mlSearchSessionGuid=11715bfba34fa7f8cf25ba6717eac38d
flat;Брусника;developer;sale;Дзержинский;2;9;;Новосибирск;27680000;Город-на-озере ЖК;3;;128.92;Березовая Роща;https://novosibirsk.cian.ru/sale/flat/324996344/?mlSearchSessionGuid=11715bfba34fa7f8cf25ba6717eac38d
flat;Этажи;real_estate_agent;sale;Октябрьский;4;10;25/2;Новосибирск;5500000;Плющихинский;2; Татьяны Снежиной;58.1;Золотая Нива;https://novosibirsk.cian.ru/sale/flat/318918992/?mlSearchSessionGuid=11715bfba34fa7f8cf25ba6717eac38d
flat;Этажи;real_estate_agent;sale;Заельцовский;3;5;117/1;Новосибирск;3250000;;1; Жуковского;24.9;Заельцовская;https://novosibirsk.cian.ru/sale/flat/322132288/?mlSearchSessionGuid=11715bfba34fa7f8cf25ba6717eac38d
flat;Брусника;developer;sale;Заельцовский;15;15;90;Новосибирск;18100000;Авиатор;4; Аэропорт;120.08;Заельцовская;https://novosibirsk.cian.ru/sale/flat/314858635/?mlSearchSessionGuid=11715bfba34fa7f8cf25ba6717eac38d
flat;Этажи;real_estate_agent;sale;Советский;5;17;24/2;Новосибирск;3500000;Тихий берег;1;Приморская ;30.0;Студенческая;https://novosibirsk.cian.ru/sale/flat/323639842/?mlSearchSessionGuid=11715bfba34fa7f8cf25ba6717eac38d
flat;METRAGE;real_estate_agent;sale;Кировский;2;2;17;Новосибирск;3299000;;2;Бронная ;39.3;Студенческая;https://novosibirsk.cian.ru/sale/flat/327018814/?mlSearchSessionGuid=11715bfba34fa7f8cf25ba6717eac38d
flat;Брусника;developer;sale;Центральный;3;30;;Новосибирск;18290000;Мылзавод ЖК;2;;108.63;Сибирская;https://novosibirsk.cian.ru/sale/flat/312547135/?mlSearchSessionGuid=11715bfba34fa7f8cf25ba6717eac38d
flat;Этажи;real_estate_agent;sale;Советский;5;6;160;Новосибирск;5500000;;2; Ивлева;60.7;Студенческая;https://novosibirsk.cian.ru/sale/flat/315795281/?mlSearchSessionGuid=11715bfba34fa7f8cf25ba6717eac38d
flat;Республика;real_estate_agent;sale;Кировский;4;9;124;Новосибирск;3300000;;1; Немировича-Данченко;24.6;Студенческая;https://novosibirsk.cian.ru/sale/flat/320650552/?mlSearchSessionGuid=11715bfba34fa7f8cf25ba6717eac38d
flat;Брусника;developer;sale;Дзержинский;9;9;;Новосибирск;23550000;Город-на-озере ЖК;2;;118.46;Березовая Роща;https://novosibirsk.cian.ru/sale/flat/324996358/?mlSearchSessionGuid=11715bfba34fa7f8cf25ba6717eac38d
flat;METRAGE;real_estate_agent;sale;Ленинский;9;9;1;Новосибирск;5570000;;2; 9-й Гвардейской Дивизии;50.6;Площадь Маркса;https://novosibirsk.cian.ru/sale/flat/316520484/?mlSearchSessionGuid=11715bfba34fa7f8cf25ba6717eac38d
flat;Концерн Сибирь;real_estate_agent;sale;Ленинский;3;17;88;Новосибирск;3300000;Радуга Сибири;1; Забалуева;27.0;Площадь Маркса;https://novosibirsk.cian.ru/sale/flat/319881966/?mlSearchSessionGuid=11715bfba34fa7f8cf25ba6717eac38d
flat;ВОЛНА development;developer;sale;Заельцовский;26;30;101/1;Новосибирск;9200000;Апарт-отель GAGARIN CITY;1;Красный проспект;28.98;Заельцовская;https://novosibirsk.cian.ru/sale/flat/325857099/?mlSearchSessionGuid=11715bfba34fa7f8cf25ba6717eac38d
flat;ЛЕГКО;real_estate_agent;sale;Кировский;3;17;22/1;Новосибирск;3500000;Семейный квартал;1;Бронная ;26.0;Площадь Маркса;https://novosibirsk.cian.ru/sale/flat/325290813/?mlSearchSessionGuid=11715bfba34fa7f8cf25ba6717eac38d
flat;Этажи;real_estate_agent;sale;Кировский;8;10;99;Новосибирск;3300000;Матрешкин двор;1; Петухова;33.0;Студенческая;https://novosibirsk.cian.ru/sale/flat/326779765/?mlSearchSessionGuid=11715bfba34fa7f8cf25ba6717eac38d
flat;Телецентр 19|56;developer;sale;Ленинский;9;15;19/1;Новосибирск;12390000;1956. Кварталы Телецентра;3; Костычева;69.7;Площадь Маркса;https://novosibirsk.cian.ru/sale/flat/326257939/?mlSearchSessionGuid=11715bfba34fa7f8cf25ba6717eac38d
flat;ID 38255046;realtor;sale;Ленинский;9;9;10;Новосибирск;6050000;;2; Котовского;47.2;Площадь Маркса;https://novosibirsk.cian.ru/sale/flat/323184087/?mlSearchSessionGuid=11715bfba34fa7f8cf25ba6717eac38d
flat;Этажи;real_estate_agent;sale;Дзержинский;9;9;35;Новосибирск;4600000;;2; Доватора;43.0;Золотая Нива;https://novosibirsk.cian.ru/sale/flat/326758276/?mlSearchSessionGuid=11715bfba34fa7f8cf25ba6717eac38d
flat;Талан;developer;sale;Калининский;10;11;148;Новосибирск;5064594;Природные кварталы Сибирия;1; Богдана Хмельницкого;37.7;Заельцовская;https://novosibirsk.cian.ru/sale/flat/326448463/?mlSearchSessionGuid=11715bfba34fa7f8cf25ba6717eac38d
flat;Этажи;real_estate_agent;sale;Советский;7;18;37/1;Новосибирск;5750000;Время;2;Часовая ;58.4;Студенческая;https://novosibirsk.cian.ru/sale/flat/323937123/?mlSearchSessionGuid=11715bfba34fa7f8cf25ba6717eac38d
flat;ВОЛНА development;developer;sale;Заельцовский;23;30;101/1;Новосибирск;8650000;Апарт-отель GAGARIN CITY;1;Красный проспект;23.33;Заельцовская;https://novosibirsk.cian.ru/sale/flat/314820380/?mlSearchSessionGuid=11715bfba34fa7f8cf25ba6717eac38d
flat;Этажи;real_estate_agent;sale;Калининский;24;25;75;Новосибирск;18000000;;3;Ипподромская ;83.6;Заельцовская;https://novosibirsk.cian.ru/sale/flat/325852311/?mlSearchSessionGuid=11715bfba34fa7f8cf25ba6717eac38d
flat;Брусника;developer;sale;Октябрьский;2;9;53с;Новосибирск;31140000;На Декабристов;4;Зыряновская ;198.8;Речной вокзал;https://novosibirsk.cian.ru/sale/flat/326959870/?mlSearchSessionGuid=11715bfba34fa7f8cf25ba6717eac38d
flat;METRAGE;real_estate_agent;sale;Заельцовский;15;15;222/4;Новосибирск;20000000;Красный проспект;3;Красный проспект;77.8;Заельцовская;https://novosibirsk.cian.ru/sale/flat/326732430/?mlSearchSessionGuid=11715bfba34fa7f8cf25ba6717eac38d
flat;ПОЛЯКОВ;developer;sale;Заельцовский;2;11;236;Новосибирск;14410000;Клубный комплекс ;4;Красный проспект;96.2;Заельцовская;https://novosibirsk.cian.ru/sale/flat/287200506/?mlSearchSessionGuid=11715bfba34fa7f8cf25ba6717eac38d
flat;Брусника;developer;sale;Дзержинский;14;14;;Новосибирск;24610000;Город-на-озере ЖК;3;;109.35;Березовая Роща;https://novosibirsk.cian.ru/sale/flat/324996330/?mlSearchSessionGuid=11715bfba34fa7f8cf25ba6717eac38d
flat;Этажи;real_estate_agent;sale;Октябрьский;9;21;29/1;Новосибирск;6500000;Молодёжный;1; Михаила Кулагина;33.2;Золотая Нива;https://novosibirsk.cian.ru/sale/flat/326742790/?mlSearchSessionGuid=11715bfba34fa7f8cf25ba6717eac38d
flat;Новый Мир;developer;sale;Железнодорожный;11;16;;Новосибирск;6850000;Беринг;1;Беринг жилой квартал;28.17;Площадь Гарина-Михайловского;https://novosibirsk.cian.ru/sale/flat/324817938/?mlSearchSessionGuid=11715bfba34fa7f8cf25ba6717eac38d
flat;Этажи;real_estate_agent;sale;Калининский;9;14;37/1;Новосибирск;7350000;Тайгинский парк;2;Тайгинская ;42.0;Заельцовская;https://novosibirsk.cian.ru/sale/flat/326982098/?mlSearchSessionGuid=11715bfba34fa7f8cf25ba6717eac38d
flat;Новый Мир;developer;sale;Заельцовский;17;24;;Новосибирск;14300000;Оскар ЖК;3;;76.4;Заельцовская;https://novosibirsk.cian.ru/sale/flat/324818453/?mlSearchSessionGuid=11715bfba34fa7f8cf25ba6717eac38d
flat;Этажи;real_estate_agent;sale;Октябрьский;22;25;113/2;Новосибирск;5700000;IQ Aparts;-1; Кирова;33.0;Октябрьская;https://novosibirsk.cian.ru/sale/flat/324495185/?mlSearchSessionGuid=11715bfba34fa7f8cf25ba6717eac38d
flat;Этажи;real_estate_agent;sale;Кировский;14;17;10;Новосибирск;3600000;Матрешкин двор;1; Дмитрия Шмонина;33.9;Студенческая;https://novosibirsk.cian.ru/sale/flat/321180025/?mlSearchSessionGuid=11715bfba34fa7f8cf25ba6717eac38d
flat;Страна Девелопмент;developer;sale;Заельцовский;2;29;109/2;Новосибирск;12117647;Страна Береговая;3;Сухарная ;55.07;Площадь Гарина-Михайловского;https://novosibirsk.cian.ru/sale/flat/325663709/?mlSearchSessionGuid=11715bfba34fa7f8cf25ba6717eac38d
flat;Забота;real_estate_agent;sale;Калининский;3;10;4/1;Новосибирск;8750000;;3; Свечникова;74.4;Заельцовская;https://novosibirsk.cian.ru/sale/flat/324947273/?mlSearchSessionGuid=11715bfba34fa7f8cf25ba6717eac38d
flat;Астон;developer;sale;Кировский;8;26;6;Новосибирск;7210000;Астон. Шесть звёзд;1; Аникина;48.24;Студенческая;https://novosibirsk.cian.ru/sale/flat/326513937/?mlSearchSessionGuid=11715bfba34fa7f8cf25ba6717eac38d
flat;Этажи;real_estate_agent;sale;Советский;5;6;164;Новосибирск;8750000;;3; Ивлева;85.0;Студенческая;https://novosibirsk.cian.ru/sale/flat/326769526/?mlSearchSessionGuid=11715bfba34fa7f8cf25ba6717eac38d
flat;Центр Недвижимости;real_estate_agent;sale;Советский;3;5;15;Новосибирск;5250000;;2; Иванова;43.6;;https://novosibirsk.cian.ru/sale/flat/325856836/?mlSearchSessionGuid=11715bfba34fa7f8cf25ba6717eac38d
flat;Брусника;developer;sale;Дзержинский;7;14;;Новосибирск;12720000;Город-на-озере ЖК;3;;71.42;Березовая Роща;https://novosibirsk.cian.ru/sale/flat/324800924/?mlSearchSessionGuid=11715bfba34fa7f8cf25ba6717eac38d
flat;METRAGE;real_estate_agent;sale;Кировский;8;10;85;Новосибирск;5300000;;1; Ватутина;34.0;Площадь Маркса;https://novosibirsk.cian.ru/sale/flat/317378102/?mlSearchSessionGuid=11715bfba34fa7f8cf25ba6717eac38d
flat;Страна Девелопмент;developer;sale;Заельцовский;21;29;109/2;Новосибирск;8458824;Страна Береговая;1;Сухарная ;27.47;Площадь Гарина-Михайловского;https://novosibirsk.cian.ru/sale/flat/325663693/?mlSearchSessionGuid=11715bfba34fa7f8cf25ba6717eac38d
flat;Камея;developer;sale;Ленинский;2;25;17;Новосибирск;6990000;Счастливый квартал;2; Костычева;40.8;Площадь Маркса;https://novosibirsk.cian.ru/sale/flat/319735094/?mlSearchSessionGuid=11715bfba34fa7f8cf25ba6717eac38d
flat;Брусника;developer;sale;Октябрьский;10;10;53с;Новосибирск;37440000;На Декабристов;2;Зыряновская ;175.9;Речной вокзал;https://novosibirsk.cian.ru/sale/flat/326560658/?mlSearchSessionGuid=11715bfba34fa7f8cf25ba6717eac38d
flat;Поляков;real_estate_agent;sale;Октябрьский;5;17;99/4;Новосибирск;5050000;;2;Выборная ;55.1;Речной вокзал;https://novosibirsk.cian.ru/sale/flat/318406973/?mlSearchSessionGuid=11715bfba34fa7f8cf25ba6717eac38d
flat;Брусника;developer;sale;Октябрьский;2;9;53с;Новосибирск;21210000;На Декабристов;3;Зыряновская ;164.0;Речной вокзал;https://novosibirsk.cian.ru/sale/flat/326560688/?mlSearchSessionGuid=11715bfba34fa7f8cf25ba6717eac38d
flat;Города Новосибирск;real_estate_agent;sale;Заельцовский;4;15;1;Новосибирск;21000000;;4; Галущака;158.3;Гагаринская;https://novosibirsk.cian.ru/sale/flat/324386880/?mlSearchSessionGuid=11715bfba34fa7f8cf25ba6717eac38d
flat;Брусника Обмен;real_estate_agent;sale;Заельцовский;2;10;113/5;Новосибирск;5600000;Эскимо;2;Кубовая ;38.0;Заельцовская;https://novosibirsk.cian.ru/sale/flat/324457846/?mlSearchSessionGuid=11715bfba34fa7f8cf25ba6717eac38d
flat;СМСС;developer;sale;Центральный;18;29;58;Новосибирск;4735250;Апартаменты Land Lord;-1; Николая Островского;20.15;Гагаринская;https://novosibirsk.cian.ru/sale/flat/319420017/?mlSearchSessionGuid=11715bfba34fa7f8cf25ba6717eac38d
flat;Города Новосибирск;real_estate_agent;sale;Дзержинский;13;17;195/5;Новосибирск;6190000;Галактика;1; Николая Островского;24.6;Березовая Роща;https://novosibirsk.cian.ru/sale/flat/326719005/?mlSearchSessionGuid=11715bfba34fa7f8cf25ba6717eac38d
flat;СМСС;developer;sale;Дзержинский;11;25;19;Новосибирск;7904000;Звезда;2; Королева;39.52;Березовая Роща;https://novosibirsk.cian.ru/sale/flat/325987239/?mlSearchSessionGuid=11715bfba34fa7f8cf25ba6717eac38d
flat;Новый Мир;developer;sale;Заельцовский;6;20;;Новосибирск;16450000;Оскар ЖК;3;;84.7;Заельцовская;https://novosibirsk.cian.ru/sale/flat/324818178/?mlSearchSessionGuid=11715bfba34fa7f8cf25ba6717eac38d
flat;Новый Мир;developer;sale;Железнодорожный;10;24;;Новосибирск;6275000;Беринг;1;Беринг жилой квартал;26.06;Площадь Гарина-Михайловского;https://novosibirsk.cian.ru/sale/flat/324818010/?mlSearchSessionGuid=11715bfba34fa7f8cf25ba6717eac38d
flat;ID 116178665;homeowner;sale;Ленинский;4;14;253/1;Новосибирск;5650000;Любимый;1; Титова;40.0;Площадь Маркса;https://novosibirsk.cian.ru/sale/flat/325632142/?mlSearchSessionGuid=11715bfba34fa7f8cf25ba6717eac38d
flat;Вся Недвижимость Новосибирска;real_estate_agent;sale;Калининский;15;19;130/6;Новосибирск;5999000;Князь Кропоткинъ;1; Кропоткина;37.8;Маршала Покрышкина;https://novosibirsk.cian.ru/sale/flat/323257578/?mlSearchSessionGuid=11715bfba34fa7f8cf25ba6717eac38d
flat;Страна Девелопмент;developer;sale;Заельцовский;4;29;109/2;Новосибирск;19200000;Страна Береговая;3;Сухарная ;83.94;Площадь Гарина-Михайловского;https://novosibirsk.cian.ru/sale/flat/325663624/?mlSearchSessionGuid=11715bfba34fa7f8cf25ba6717eac38d
flat;Этажи;real_estate_agent;sale;Калининский;2;13;30;Новосибирск;4750000;Северная Корона;1; Мясниковой;34.2;Заельцовская;https://novosibirsk.cian.ru/sale/flat/325760728/?mlSearchSessionGuid=11715bfba34fa7f8cf25ba6717eac38d
flat;Этажи;real_estate_agent;sale;Центральный;3;5;17;Новосибирск;5900000;;2; Гоголя;41.0;Сибирская;https://novosibirsk.cian.ru/sale/flat/320767003/?mlSearchSessionGuid=11715bfba34fa7f8cf25ba6717eac38d
flat;Брусника;developer;sale;Заельцовский;15;15;90;Новосибирск;16530000;Авиатор;3; Аэропорт;90.07;Заельцовская;https://novosibirsk.cian.ru/sale/flat/314858633/?mlSearchSessionGuid=11715bfba34fa7f8cf25ba6717eac38d
flat;Этажи;real_estate_agent;sale;Железнодорожный;1;5;14;Новосибирск;5555000;;3;Владимировская ;54.5;Площадь Гарина-Михайловского;https://novosibirsk.cian.ru/sale/flat/320756188/?mlSearchSessionGuid=11715bfba34fa7f8cf25ba6717eac38d
flat;Этажи;real_estate_agent;sale;Ленинский;2;2;35;Новосибирск;3300000;;2;Планировочная ;39.0;Студенческая;https://novosibirsk.cian.ru/sale/flat/326178064/?mlSearchSessionGuid=11715bfba34fa7f8cf25ba6717eac38d
flat;Астон;developer;sale;Кировский;18;26;;Новосибирск;4950000;Астон. Шесть Звезд ЖК;1;;27.27;Студенческая;https://novosibirsk.cian.ru/sale/flat/323016390/?mlSearchSessionGuid=11715bfba34fa7f8cf25ba6717eac38d
flat;Этажи;real_estate_agent;sale;Ленинский;3;5;7;Новосибирск;4800000;;2;Широкая ;44.0;Площадь Маркса;https://novosibirsk.cian.ru/sale/flat/325016842/?mlSearchSessionGuid=11715bfba34fa7f8cf25ba6717eac38d
flat;Rialtor Group;real_estate_agent;sale;Ленинский;3;5;50/2;Новосибирск;3000000;;1;Станционная ;30.0;Площадь Маркса;https://novosibirsk.cian.ru/sale/flat/292170464/?mlSearchSessionGuid=11715bfba34fa7f8cf25ba6717eac38d
flat;Этажи;real_estate_agent;sale;Октябрьский;8;10;4;Новосибирск;5390000;;2;Лазурная ;50.8;Золотая Нива;https://novosibirsk.cian.ru/sale/flat/324510323/?mlSearchSessionGuid=11715bfba34fa7f8cf25ba6717eac38d
flat;Этажи;real_estate_agent;sale;Ленинский;2;5;34;Новосибирск;5550000;;3; Станиславского;56.7;Площадь Маркса;https://novosibirsk.cian.ru/sale/flat/323483041/?mlSearchSessionGuid=11715bfba34fa7f8cf25ba6717eac38d
flat;Этажи;real_estate_agent;sale;Ленинский;1;6;3/2;Новосибирск;3500000;;1;Хилокская ;39.4;Площадь Маркса;https://novosibirsk.cian.ru/sale/flat/326576422/?mlSearchSessionGuid=11715bfba34fa7f8cf25ba6717eac38d
flat;Этажи;real_estate_agent;sale;Октябрьский;4;4;186;Новосибирск;4550000;;2; Бориса Богаткова;45.0;Золотая Нива;https://novosibirsk.cian.ru/sale/flat/324541941/?mlSearchSessionGuid=11715bfba34fa7f8cf25ba6717eac38d
flat;Телецентр 19|56;real_estate_agent;sale;Ленинский;7;15;19/1;Новосибирск;10090000;1956. Кварталы Телецентра;2; Костычева;60.3;Площадь Маркса;https://novosibirsk.cian.ru/sale/flat/324638000/?mlSearchSessionGuid=11715bfba34fa7f8cf25ba6717eac38d
flat;Этажи;real_estate_agent;sale;Заельцовский;12;17;49/1;Новосибирск;5590000;Нормандия-Неман;1; Аэропорт;37.3;Заельцовская;https://novosibirsk.cian.ru/sale/flat/321609662/?mlSearchSessionGuid=11715bfba34fa7f8cf25ba6717eac38d
flat;Этажи;real_estate_agent;sale;Заельцовский;1;2;36/1;Новосибирск;3590000;;1; 2-я Шевцовой;31.2;Заельцовская;https://novosibirsk.cian.ru/sale/flat/323828487/?mlSearchSessionGuid=11715bfba34fa7f8cf25ba6717eac38d
flat;Брусника;developer;sale;Октябрьский;10;10;53с;Новосибирск;39940000;На Декабристов;3;Зыряновская ;190.4;Речной вокзал;https://novosibirsk.cian.ru/sale/flat/326959868/?mlSearchSessionGuid=11715bfba34fa7f8cf25ba6717eac38d
flat;КВАРТЭН;real_estate_agent;sale;Кировский;5;10;37/1;Новосибирск;5290000;;1; Аникина;44.0;Площадь Маркса;https://novosibirsk.cian.ru/sale/flat/326508679/?mlSearchSessionGuid=11715bfba34fa7f8cf25ba6717eac38d
flat;Этажи;real_estate_agent;sale;Октябрьский;9;10;25;Новосибирск;3550000;Плющихинский;1; Татьяны Снежиной;32.4;Золотая Нива;https://novosibirsk.cian.ru/sale/flat/322874525/?mlSearchSessionGuid=11715bfba34fa7f8cf25ba6717eac38d
flat;Астон;developer;sale;Кировский;10;26;6;Новосибирск;7160000;Астон. Шесть звёзд;1; Аникина;46.48;Студенческая;https://novosibirsk.cian.ru/sale/flat/326112937/?mlSearchSessionGuid=11715bfba34fa7f8cf25ba6717eac38d
flat;Этажи;real_estate_agent;sale;Калининский;4;17;66/4;Новосибирск;3900000;На Фадеева;1; Фадеева;31.0;Заельцовская;https://novosibirsk.cian.ru/sale/flat/316336816/?mlSearchSessionGuid=11715bfba34fa7f8cf25ba6717eac38d
flat;Этажи;real_estate_agent;sale;Октябрьский;11;18;29/2;Новосибирск;3580000;Плющихинский;1; Татьяны Снежиной;40.0;Золотая Нива;https://novosibirsk.cian.ru/sale/flat/323105072/?mlSearchSessionGuid=11715bfba34fa7f8cf25ba6717eac38d
flat;Телецентр 19|56;developer;sale;Ленинский;18;18;19/1;Новосибирск;11790000;1956. Кварталы Телецентра;2; Костычева;67.5;Площадь Маркса;https://novosibirsk.cian.ru/sale/flat/325854401/?mlSearchSessionGuid=11715bfba34fa7f8cf25ba6717eac38d
flat;Эксперт Дом;real_estate_agent;sale;Октябрьский;8;10;10;Новосибирск;5500000;;1; Плющихинская;58.6;Золотая Нива;https://novosibirsk.cian.ru/sale/flat/324603231/?mlSearchSessionGuid=11715bfba34fa7f8cf25ba6717eac38d
flat;Дельта;real_estate_agent;sale;Заельцовский;6;10;92;Новосибирск;3600000;;1;Кубовая ;24.8;Заельцовская;https://novosibirsk.cian.ru/sale/flat/325159459/?mlSearchSessionGuid=11715bfba34fa7f8cf25ba6717eac38d
flat;Новый Мир;developer;sale;Заельцовский;7;19;220;Новосибирск;15900000;Нобель;3;Красный проспект;67.9;Заельцовская;https://novosibirsk.cian.ru/sale/flat/324818049/?mlSearchSessionGuid=11715bfba34fa7f8cf25ba6717eac38d
flat;Этажи;real_estate_agent;sale;Заельцовский;10;13;47/1;Новосибирск;4100000;Солнечные часы;1;Кубовая ;24.4;Заельцовская;https://novosibirsk.cian.ru/sale/flat/323367142/?mlSearchSessionGuid=11715bfba34fa7f8cf25ba6717eac38d
flat;Города Новосибирск;real_estate_agent;sale;Ленинский;7;9;20/3;Новосибирск;3600000;;1; Немировича-Данченко;34.0;Площадь Маркса;https://novosibirsk.cian.ru/sale/flat/326342639/?mlSearchSessionGuid=11715bfba34fa7f8cf25ba6717eac38d
flat;Брусника;developer;sale;Центральный;27;30;;Новосибирск;16740000;Мылзавод ЖК;1;;80.83;Сибирская;https://novosibirsk.cian.ru/sale/flat/326489803/?mlSearchSessionGuid=11715bfba34fa7f8cf25ba6717eac38d
flat;METRAGE;real_estate_agent;sale;Ленинский;5;5;12;Новосибирск;5300000;;2; Станиславского;52.3;Площадь Маркса;https://novosibirsk.cian.ru/sale/flat/322520577/?mlSearchSessionGuid=11715bfba34fa7f8cf25ba6717eac38d
flat;Rialtor Group;real_estate_agent;sale;Затулинский жилмассив;12;27;229/2;Новосибирск;3600000;Расцветай на Зорге;1; Зорге;29.2;;https://novosibirsk.cian.ru/sale/flat/326457616/?mlSearchSessionGuid=11715bfba34fa7f8cf25ba6717eac38d
flat;Страна Девелопмент;developer;sale;Октябрьский;17;30;;Новосибирск;17635294;Страна.Тополёвая;3; Ядринцевский Подъем;86.27;Березовая Роща;https://novosibirsk.cian.ru/sale/flat/325664001/?mlSearchSessionGuid=11715bfba34fa7f8cf25ba6717eac38d
flat;Всем Квартиру;real_estate_agent;sale;Первомайский;6;16;49;Новосибирск;5148000;Весенний;2; Заречная;37.0;Спортивная;https://novosibirsk.cian.ru/sale/flat/310721005/?mlSearchSessionGuid=11715bfba34fa7f8cf25ba6717eac38d
flat;Этажи;real_estate_agent;sale;Ленинский;7;9;20/3;Новосибирск;3600000;;1; Немировича-Данченко;34.0;Площадь Маркса;https://novosibirsk.cian.ru/sale/flat/326341921/?mlSearchSessionGuid=11715bfba34fa7f8cf25ba6717eac38d
flat;Страна Девелопмент;developer;sale;Заельцовский;25;29;109/2;Новосибирск;9717647;Страна Береговая;2;Сухарная ;35.7;Площадь Гарина-Михайловского;https://novosibirsk.cian.ru/sale/flat/326173581/?mlSearchSessionGuid=11715bfba34fa7f8cf25ba6717eac38d
flat;Этажи;real_estate_agent;sale;Кировский;7;10;95;Новосибирск;4500000;Матрешкин двор;1; Петухова;37.5;Студенческая;https://novosibirsk.cian.ru/sale/flat/322747322/?mlSearchSessionGuid=11715bfba34fa7f8cf25ba6717eac38d
flat;Этажи;real_estate_agent;sale;Кировский;2;10;32;Новосибирск;3600000;Просторный;1; Виктора Шевелева;40.6;Студенческая;https://novosibirsk.cian.ru/sale/flat/326397103/?mlSearchSessionGuid=11715bfba34fa7f8cf25ba6717eac38d
flat;Страна Девелопмент;developer;sale;Заельцовский;5;29;109/2;Новосибирск;27964706;Страна Береговая;4;Сухарная ;104.7;Площадь Гарина-Михайловского;https://novosibirsk.cian.ru/sale/flat/325663625/?mlSearchSessionGuid=11715bfba34fa7f8cf25ba6717eac38d
flat;Этажи;real_estate_agent;sale;Калининский;5;12;14;Новосибирск;4600000;Дежнёв;1; Имени генерал-майора А.Н. Рожкина;28.0;Заельцовская;https://novosibirsk.cian.ru/sale/flat/321643617/?mlSearchSessionGuid=11715bfba34fa7f8cf25ba6717eac38d
flat;Этажи;real_estate_agent;sale;Советский;1;9;9;Новосибирск;3600000;;1; Печатников;40.1;Студенческая;https://novosibirsk.cian.ru/sale/flat/327059167/?mlSearchSessionGuid=11715bfba34fa7f8cf25ba6717eac38d
flat;Брусника;developer;sale;Заельцовский;9;9;90;Новосибирск;13520000;Авиатор;3; Аэропорт;92.23;Заельцовская;https://novosibirsk.cian.ru/sale/flat/307613081/?mlSearchSessionGuid=11715bfba34fa7f8cf25ba6717eac38d
flat;Этажи;real_estate_agent;sale;Кировский;2;10;18/1;Новосибирск;3650000;Просторный;1; Виктора Шевелева;37.8;Студенческая;https://novosibirsk.cian.ru/sale/flat/321448172/?mlSearchSessionGuid=11715bfba34fa7f8cf25ba6717eac38d
flat;Новый Мир;developer;sale;Заельцовский;13;23;220;Новосибирск;11900000;Нобель;2;Красный проспект;42.2;Заельцовская;https://novosibirsk.cian.ru/sale/flat/324818087/?mlSearchSessionGuid=11715bfba34fa7f8cf25ba6717eac38d
flat;Этажи;real_estate_agent;sale;Кировский;8;10;97;Новосибирск;4100000;Матрешкин двор;1; Петухова;37.0;Студенческая;https://novosibirsk.cian.ru/sale/flat/320250586/?mlSearchSessionGuid=11715bfba34fa7f8cf25ba6717eac38d
flat;Этажи;real_estate_agent;sale;Кировский;1;9;13;Новосибирск;3650000;;1; Зорге;29.7;Площадь Маркса;https://novosibirsk.cian.ru/sale/flat/323593133/?mlSearchSessionGuid=11715bfba34fa7f8cf25ba6717eac38d
flat;ГК Нарратив;developer;sale;Ленинский;4;18;12с;Новосибирск;8807150;Тетрис;2; Серафимовича;51.7;Площадь Маркса;https://novosibirsk.cian.ru/sale/flat/304290919/?mlSearchSessionGuid=11715bfba34fa7f8cf25ba6717eac38d
flat;METRAGE;real_estate_agent;sale;Первомайский;2;5;116;Новосибирск;4300000;;3;Первомайская ;59.4;Речной вокзал;https://novosibirsk.cian.ru/sale/flat/324798920/?mlSearchSessionGuid=11715bfba34fa7f8cf25ba6717eac38d
flat;Брусника Обмен;real_estate_agent;sale;Заельцовский;4;5;51;Новосибирск;3650000;;1; Аэропорт;30.7;Заельцовская;https://novosibirsk.cian.ru/sale/flat/325183169/?mlSearchSessionGuid=11715bfba34fa7f8cf25ba6717eac38d
flat;Брусника;developer;sale;Дзержинский;3;14;;Новосибирск;24030000;Город-на-озере ЖК;4;;143.3;Березовая Роща;https://novosibirsk.cian.ru/sale/flat/324800926/?mlSearchSessionGuid=11715bfba34fa7f8cf25ba6717eac38d
flat;Этажи;real_estate_agent;sale;Железнодорожный;5;5;9;Новосибирск;5850000;;2;проспект Димитрова;45.0;Площадь Гарина-Михайловского;https://novosibirsk.cian.ru/sale/flat/323215772/?mlSearchSessionGuid=11715bfba34fa7f8cf25ba6717eac38d
flat;Этажи;real_estate_agent;sale;Ленинский;2;12;7;Новосибирск;3670000;Дивногорский;1; Юности;36.4;Площадь Маркса;https://novosibirsk.cian.ru/sale/flat/326629210/?mlSearchSessionGuid=11715bfba34fa7f8cf25ba6717eac38d
flat;Брусника;developer;sale;Заельцовский;8;9;90;Новосибирск;14210000;Авиатор;2; Аэропорт;77.26;Заельцовская;https://novosibirsk.cian.ru/sale/flat/312156074/?mlSearchSessionGuid=11715bfba34fa7f8cf25ba6717eac38d
flat;Этажи;real_estate_agent;sale;Ленинский;9;9;19;Новосибирск;4800000;;2;Петропавловская ;46.7;Площадь Маркса;https://novosibirsk.cian.ru/sale/flat/323289562/?mlSearchSessionGuid=11715bfba34fa7f8cf25ba6717eac38d
flat;Этажи;real_estate_agent;sale;Заельцовский;4;10;107/1;Новосибирск;3720000;Бирюзовая жемчужина-Апартаменты;-1;Сухарная ;19.2;Площадь Гарина-Михайловского;https://novosibirsk.cian.ru/sale/flat/314150005/?mlSearchSessionGuid=11715bfba34fa7f8cf25ba6717eac38d
flat;SG DEVELOPMENT;developer;sale;Кировский;2;23;145/5;Новосибирск;5020000;Кварталы Немировича;1; Немировича-Данченко;28.4;Студенческая;https://novosibirsk.cian.ru/sale/flat/326423994/?mlSearchSessionGuid=11715bfba34fa7f8cf25ba6717eac38d
flat;Этажи;real_estate_agent;sale;Октябрьский;9;10;31;Новосибирск;5800000;;2; В. Высоцкого;51.8;Золотая Нива;https://novosibirsk.cian.ru/sale/flat/322550595/?mlSearchSessionGuid=11715bfba34fa7f8cf25ba6717eac38d
flat;Астон;developer;sale;Кировский;5;26;6;Новосибирск;9430000;Астон. Шесть звёзд;2; Аникина;69.56;Студенческая;https://novosibirsk.cian.ru/sale/flat/321542297/?mlSearchSessionGuid=11715bfba34fa7f8cf25ba6717eac38d
flat;Этажи;real_estate_agent;sale;Советский;5;6;160;Новосибирск;4000000;;1; Ивлева;42.0;Студенческая;https://novosibirsk.cian.ru/sale/flat/326609192/?mlSearchSessionGuid=11715bfba34fa7f8cf25ba6717eac38d
flat;Этажи;real_estate_agent;sale;Кировский;1;24;56;Новосибирск;3700000;Новые Матрёшки;1; Бородина;35.5;Площадь Маркса;https://novosibirsk.cian.ru/sale/flat/326261764/?mlSearchSessionGuid=11715bfba34fa7f8cf25ba6717eac38d
flat;Новый Мир;developer;sale;Железнодорожный;3;16;;Новосибирск;11650000;Беринг;3;Беринг жилой квартал;64.29;Площадь Гарина-Михайловского;https://novosibirsk.cian.ru/sale/flat/324817951/?mlSearchSessionGuid=11715bfba34fa7f8cf25ba6717eac38d
flat;Этажи;real_estate_agent;sale;Кировский;10;10;14;Новосибирск;4190000;Просторный;1; Николая Сотникова;39.0;Студенческая;https://novosibirsk.cian.ru/sale/flat/322471149/?mlSearchSessionGuid=11715bfba34fa7f8cf25ba6717eac38d
flat;Этажи;real_estate_agent;sale;Ленинский;1;4;17;Новосибирск;3700000;;1;Фасадная ;41.5;Площадь Маркса;https://novosibirsk.cian.ru/sale/flat/323458287/?mlSearchSessionGuid=11715bfba34fa7f8cf25ba6717eac38d
flat;Страна Девелопмент;developer;sale;Заельцовский;18;29;109/2;Новосибирск;14800000;Страна Береговая;3;Сухарная ;65.08;Площадь Гарина-Михайловского;https://novosibirsk.cian.ru/sale/flat/325663679/?mlSearchSessionGuid=11715bfba34fa7f8cf25ba6717eac38d
flat;Недвижимость на Красном;real_estate_agent;sale;Кировский;8;17;22/2;Новосибирск;4350000;Акварельный 3.0;1; Александра Чистякова;42.8;Площадь Маркса;https://novosibirsk.cian.ru/sale/flat/314722037/?mlSearchSessionGuid=11715bfba34fa7f8cf25ba6717eac38d
flat;METRAGE;real_estate_agent;sale;Дзержинский;1;5;35/1;Новосибирск;3789000;;1; Толбухина;28.7;Золотая Нива;https://novosibirsk.cian.ru/sale/flat/326340905/?mlSearchSessionGuid=11715bfba34fa7f8cf25ba6717eac38d
flat;Новый Мир;developer;sale;Заельцовский;13;20;;Новосибирск;31500000;Оскар ЖК;3;;133.3;Заельцовская;https://novosibirsk.cian.ru/sale/flat/324818222/?mlSearchSessionGuid=11715bfba34fa7f8cf25ba6717eac38d
flat;METRAGE;real_estate_agent;sale;Октябрьский;10;10;3;Новосибирск;3890000;Плющихинский;1; Плющихинская;32.5;Золотая Нива;https://novosibirsk.cian.ru/sale/flat/321916392/?mlSearchSessionGuid=11715bfba34fa7f8cf25ba6717eac38d
flat;Этажи;real_estate_agent;sale;Советский;5;6;160;Новосибирск;3800000;;1; Ивлева;41.9;Студенческая;https://novosibirsk.cian.ru/sale/flat/322260729/?mlSearchSessionGuid=11715bfba34fa7f8cf25ba6717eac38d
flat;Астон;developer;sale;Кировский;10;26;6;Новосибирск;12730000;Астон. Шесть звёзд;3; Аникина;98.42;Студенческая;https://novosibirsk.cian.ru/sale/flat/322947361/?mlSearchSessionGuid=11715bfba34fa7f8cf25ba6717eac38d
flat;Этажи;real_estate_agent;sale;Октябрьский;6;17;12;Новосибирск;5400000;Закаменский-12;1;Закаменский мкр;31.0;Березовая Роща;https://novosibirsk.cian.ru/sale/flat/324013891/?mlSearchSessionGuid=11715bfba34fa7f8cf25ba6717eac38d
flat;Этажи;real_estate_agent;sale;Первомайский;4;17;22/1;Новосибирск;3800000;Берёзовое;1; Твардовского;39.5;Речной вокзал;https://novosibirsk.cian.ru/sale/flat/321450745/?mlSearchSessionGuid=11715bfba34fa7f8cf25ba6717eac38d
flat;Талан;developer;sale;Калининский;1;9;148;Новосибирск;6438904;Природные кварталы Сибирия;1; Богдана Хмельницкого;36.5;Заельцовская;https://novosibirsk.cian.ru/sale/flat/326448464/?mlSearchSessionGuid=11715bfba34fa7f8cf25ba6717eac38d
flat;Этажи;real_estate_agent;sale;Кировский;10;10;62/3;Новосибирск;4100000;Гвардеец;1; Сибиряков-Гвардейцев;34.0;Площадь Маркса;https://novosibirsk.cian.ru/sale/flat/321532698/?mlSearchSessionGuid=11715bfba34fa7f8cf25ba6717eac38d
flat;Республика;real_estate_agent;sale;Ленинский;2;5;34;Новосибирск;3800000;;1;Курганская ;29.7;Площадь Маркса;https://novosibirsk.cian.ru/sale/flat/323707909/?mlSearchSessionGuid=11715bfba34fa7f8cf25ba6717eac38d
flat;Новый Мир;developer;sale;Железнодорожный;6;24;;Новосибирск;8575000;Беринг;1;Беринг жилой квартал;40.86;Площадь Гарина-Михайловского;https://novosibirsk.cian.ru/sale/flat/325162510/?mlSearchSessionGuid=11715bfba34fa7f8cf25ba6717eac38d
flat;METRAGE;real_estate_agent;sale;Октябрьский;7;14;14;Новосибирск;4490000;;1; Ключ-Камышенское плато;40.1;Спортивная;https://novosibirsk.cian.ru/sale/flat/326681619/?mlSearchSessionGuid=11715bfba34fa7f8cf25ba6717eac38d
flat;Этажи;real_estate_agent;sale;Советский;4;5;14;Новосибирск;3800000;;2;Барьерная ;42.0;Студенческая;https://novosibirsk.cian.ru/sale/flat/325470910/?mlSearchSessionGuid=11715bfba34fa7f8cf25ba6717eac38d
flat;Этажи;real_estate_agent;sale;Кировский;13;17;14а;Новосибирск;4299000;;1; Петухова;37.0;Площадь Маркса;https://novosibirsk.cian.ru/sale/flat/321627058/?mlSearchSessionGuid=11715bfba34fa7f8cf25ba6717eac38d
flat;Этажи;real_estate_agent;sale;Кировский;9;9;59;Новосибирск;3800000;;1; Мира;31.7;Площадь Маркса;https://novosibirsk.cian.ru/sale/flat/322934161/?mlSearchSessionGuid=11715bfba34fa7f8cf25ba6717eac38d
flat;Новый Мир;developer;sale;Заельцовский;21;23;220;Новосибирск;16650000;Нобель;2;Красный проспект;61.1;Заельцовская;https://novosibirsk.cian.ru/sale/flat/324818104/?mlSearchSessionGuid=11715bfba34fa7f8cf25ba6717eac38d
flat;Этажи;real_estate_agent;sale;Ленинский;4;10;53;Новосибирск;4250000;Чистая слобода;1; Забалуева;40.0;Площадь Маркса;https://novosibirsk.cian.ru/sale/flat/326935002/?mlSearchSessionGuid=11715bfba34fa7f8cf25ba6717eac38d
flat;Владис Центральное;real_estate_agent;sale;Кировский;1;5;9;Новосибирск;3890000;;2; Зорге;42.8;Площадь Маркса;https://novosibirsk.cian.ru/sale/flat/326502864/?mlSearchSessionGuid=11715bfba34fa7f8cf25ba6717eac38d
flat;Новый Мир;developer;sale;Железнодорожный;18;24;6/1;Новосибирск;16360000;Беринг;1; Прибрежная;99.4;Площадь Гарина-Михайловского;https://novosibirsk.cian.ru/sale/flat/324817879/?mlSearchSessionGuid=11715bfba34fa7f8cf25ba6717eac38d
flat;Этажи;real_estate_agent;sale;Ленинский;1;9;117;Новосибирск;4700000;;2;Широкая ;44.5;Площадь Маркса;https://novosibirsk.cian.ru/sale/flat/326689873/?mlSearchSessionGuid=11715bfba34fa7f8cf25ba6717eac38d
flat;Этажи;real_estate_agent;sale;Кировский;2;10;130/1;Новосибирск;3900000;;1; Петухова;34.3;Площадь Маркса;https://novosibirsk.cian.ru/sale/flat/324930389/?mlSearchSessionGuid=11715bfba34fa7f8cf25ba6717eac38d
flat;METRAGE;real_estate_agent;sale;Октябрьский;5;5;50;Новосибирск;5900000;;3;Коммунстроевская ;60.8;Речной вокзал;https://novosibirsk.cian.ru/sale/flat/326612333/?mlSearchSessionGuid=11715bfba34fa7f8cf25ba6717eac38d
flat;METRAGE;real_estate_agent;sale;Калининский;5;9;3;Новосибирск;5990000;;2; Олеко Дундича;44.8;Березовая Роща;https://novosibirsk.cian.ru/sale/flat/324493212/?mlSearchSessionGuid=11715bfba34fa7f8cf25ba6717eac38d
flat;Коммерческий Брокеридж;real_estate_agent;sale;Октябрьский;8;10;71;Новосибирск;5900000;;2;Воинская ;52.4;Золотая Нива;https://novosibirsk.cian.ru/sale/flat/321648123/?mlSearchSessionGuid=11715bfba34fa7f8cf25ba6717eac38d
flat;Первый Строительный;developer;sale;Ленинский;6;31;;Новосибирск;5988500;Урбан Пикс ЖК;2;;41.36;Площадь Маркса;https://novosibirsk.cian.ru/sale/flat/314874150/?mlSearchSessionGuid=11715bfba34fa7f8cf25ba6717eac38d
flat;Этажи;real_estate_agent;sale;Октябрьский;5;10;3;Новосибирск;6000000;;3; В. Высоцкого;64.4;Золотая Нива;https://novosibirsk.cian.ru/sale/flat/322232167/?mlSearchSessionGuid=11715bfba34fa7f8cf25ba6717eac38d
flat;Центр Недвижимости;real_estate_agent;sale;Советский;5;5;15;Новосибирск;6000000;;3; Иванова;62.0;;https://novosibirsk.cian.ru/sale/flat/314924990/?mlSearchSessionGuid=11715bfba34fa7f8cf25ba6717eac38d
flat;Сибирь Ипотека;real_estate_agent;sale;Дзержинский;2;10;8/5;Новосибирск;6000000;;2; Есенина;49.9;Золотая Нива;https://novosibirsk.cian.ru/sale/flat/324844143/?mlSearchSessionGuid=11715bfba34fa7f8cf25ba6717eac38d
flat;Первый Строительный;developer;sale;Ленинский;21;31;;Новосибирск;6023500;Урбан Пикс ЖК;2;;38.99;Площадь Маркса;https://novosibirsk.cian.ru/sale/flat/314873892/?mlSearchSessionGuid=11715bfba34fa7f8cf25ba6717eac38d
flat;Первый Строительный;developer;sale;Ленинский;4;31;;Новосибирск;6188300;Урбан Пикс ЖК;2;;42.3;Площадь Маркса;https://novosibirsk.cian.ru/sale/flat/314874190/?mlSearchSessionGuid=11715bfba34fa7f8cf25ba6717eac38d
flat;ID 125941523;homeowner;sale;Калининский;2;17;17;Новосибирск;6150000;Мкрн. Родники;1; Краузе;40.9;Заельцовская;https://novosibirsk.cian.ru/sale/flat/325552854/?mlSearchSessionGuid=11715bfba34fa7f8cf25ba6717eac38d
flat;Этажи;real_estate_agent;sale;Октябрьский;25;25;135;Новосибирск;6200000;Астон.Геометрия;2;Выборная ;45.0;Октябрьская;https://novosibirsk.cian.ru/sale/flat/321130089/?mlSearchSessionGuid=11715bfba34fa7f8cf25ba6717eac38d
flat;Этажи;real_estate_agent;sale;Ленинский;2;17;106;Новосибирск;6200000;Новый горизонт;1;Рельефная ;47.2;Площадь Маркса;https://novosibirsk.cian.ru/sale/flat/326616394/?mlSearchSessionGuid=11715bfba34fa7f8cf25ba6717eac38d
flat;METRAGE;real_estate_agent;sale;Ленинский;2;5;13;Новосибирск;6200000;;2; Ватутина;45.1;Площадь Маркса;https://novosibirsk.cian.ru/sale/flat/325945875/?mlSearchSessionGuid=11715bfba34fa7f8cf25ba6717eac38d
flat;ProstOr;real_estate_agent;sale;Заельцовский;3;3;33;Новосибирск;6200000;;2; 2-я Союза Молодежи;42.6;Заельцовская;https://novosibirsk.cian.ru/sale/flat/323585593/?mlSearchSessionGuid=11715bfba34fa7f8cf25ba6717eac38d
flat;Ассоциация застройщиков;real_estate_agent;sale;Октябрьский;12;25;133/1;Новосибирск;6250000;Астон.Геометрия;2;Выборная ;45.0;Речной вокзал;https://novosibirsk.cian.ru/sale/flat/326572299/?mlSearchSessionGuid=11715bfba34fa7f8cf25ba6717eac38d
flat;Первый Строительный;developer;sale;Ленинский;7;31;;Новосибирск;6274500;Урбан Пикс ЖК;2;;42.63;Площадь Маркса;https://novosibirsk.cian.ru/sale/flat/314874160/?mlSearchSessionGuid=11715bfba34fa7f8cf25ba6717eac38d
flat;METRAGE;real_estate_agent;sale;Заельцовский;9;9;31/2;Новосибирск;6300000;;2;Линейная ;45.6;Гагаринская;https://novosibirsk.cian.ru/sale/flat/322628098/?mlSearchSessionGuid=11715bfba34fa7f8cf25ba6717eac38d
flat;Этажи;real_estate_agent;sale;Калининский;5;19;14/1;Новосибирск;6300000;по ул. 25 лет Октября;1; 25 лет Октября;30.0;Березовая Роща;https://novosibirsk.cian.ru/sale/flat/321872415/?mlSearchSessionGuid=11715bfba34fa7f8cf25ba6717eac38d
flat;Республика;real_estate_agent;sale;Кировский;1;5;28;Новосибирск;6300000;;2; Сибиряков-Гвардейцев;55.7;Площадь Маркса;https://novosibirsk.cian.ru/sale/flat/311601162/?mlSearchSessionGuid=11715bfba34fa7f8cf25ba6717eac38d
flat;Республика;real_estate_agent;sale;Ленинский;4;10;10;Новосибирск;6300000;Дивногорский;2; Романтиков;52.3;Площадь Маркса;https://novosibirsk.cian.ru/sale/flat/325997352/?mlSearchSessionGuid=11715bfba34fa7f8cf25ba6717eac38d
flat;Брусника Обмен;real_estate_agent;sale;Октябрьский;13;18;7/5;Новосибирск;6300000;Плющихинский;3; Виталия Потылицына;71.3;Золотая Нива;https://novosibirsk.cian.ru/sale/flat/323738939/?mlSearchSessionGuid=11715bfba34fa7f8cf25ba6717eac38d
flat;Этажи;real_estate_agent;sale;Калининский;10;16;17;Новосибирск;6350000;Столетоff;2; Столетова;53.0;Заельцовская;https://novosibirsk.cian.ru/sale/flat/323842022/?mlSearchSessionGuid=11715bfba34fa7f8cf25ba6717eac38d
flat;Этажи;real_estate_agent;sale;Заельцовский;4;19;238;Новосибирск;6499000;Ельцовский;1; Дуси Ковальчук;40.0;Гагаринская;https://novosibirsk.cian.ru/sale/flat/326025541/?mlSearchSessionGuid=11715bfba34fa7f8cf25ba6717eac38d
flat;Этажи;real_estate_agent;sale;Октябрьский;14;25;135;Новосибирск;6400000;Астон.Геометрия;2;Выборная ;43.4;Октябрьская;https://novosibirsk.cian.ru/sale/flat/323673327/?mlSearchSessionGuid=11715bfba34fa7f8cf25ba6717eac38d
flat;METRAGE;real_estate_agent;sale;Ленинский;5;9;78;Новосибирск;6400000;;3; Забалуева;60.7;Площадь Маркса;https://novosibirsk.cian.ru/sale/flat/327020110/?mlSearchSessionGuid=11715bfba34fa7f8cf25ba6717eac38d
flat;Города Новосибирск;real_estate_agent;sale;Ленинский;5;5;5;Новосибирск;6450000;;3; Блюхера;57.0;Площадь Маркса;https://novosibirsk.cian.ru/sale/flat/317851976/?mlSearchSessionGuid=11715bfba34fa7f8cf25ba6717eac38d
flat;Этажи;real_estate_agent;sale;Заельцовский;2;5;113/3;Новосибирск;6500000;;2; Жуковского;45.4;Заельцовская;https://novosibirsk.cian.ru/sale/flat/321117078/?mlSearchSessionGuid=11715bfba34fa7f8cf25ba6717eac38d
flat;Дельта;real_estate_agent;sale;Советский;2;4;34;Новосибирск;6500000;;1; Терешковой;32.0;;https://novosibirsk.cian.ru/sale/flat/326720293/?mlSearchSessionGuid=11715bfba34fa7f8cf25ba6717eac38d
flat;Этажи;real_estate_agent;sale;Октябрьский;7;10;1;Новосибирск;6500000;Плющихинский;3; Плющихинская;59.8;Золотая Нива;https://novosibirsk.cian.ru/sale/flat/323633243/?mlSearchSessionGuid=11715bfba34fa7f8cf25ba6717eac38d
flat;Rialtor Group;real_estate_agent;sale;Дзержинский;3;5;27;Новосибирск;6500000;;3; Доватора;57.9;Золотая Нива;https://novosibirsk.cian.ru/sale/flat/321649695/?mlSearchSessionGuid=11715bfba34fa7f8cf25ba6717eac38d
flat;Этажи;real_estate_agent;sale;Дзержинский;5;14;118;Новосибирск;6550000;RedFox;2; Коминтерна;50.0;Золотая Нива;https://novosibirsk.cian.ru/sale/flat/321679858/?mlSearchSessionGuid=11715bfba34fa7f8cf25ba6717eac38d
flat;Этажи;real_estate_agent;sale;Дзержинский;15;27;222;Новосибирск;6700000;Рубин;1; Гоголя;39.0;Березовая Роща;https://novosibirsk.cian.ru/sale/flat/320013276/?mlSearchSessionGuid=11715bfba34fa7f8cf25ba6717eac38d
flat;METRAGE;real_estate_agent;sale;Октябрьский;5;10;2;Новосибирск;6650000;;3;Лазурная ;61.9;Золотая Нива;https://novosibirsk.cian.ru/sale/flat/326420774/?mlSearchSessionGuid=11715bfba34fa7f8cf25ba6717eac38d
flat;Города Новосибирск;real_estate_agent;sale;Ленинский;9;9;20;Новосибирск;6700000;Дивногорский;2; Романтиков;51.6;Площадь Гарина-Михайловского;https://novosibirsk.cian.ru/sale/flat/320352774/?mlSearchSessionGuid=11715bfba34fa7f8cf25ba6717eac38d
flat;Города Новосибирск;real_estate_agent;sale;Октябрьский;6;10;45/1;Новосибирск;6680000;Плющихинский;2; Татьяны Снежиной;58.0;Золотая Нива;https://novosibirsk.cian.ru/sale/flat/325439310/?mlSearchSessionGuid=11715bfba34fa7f8cf25ba6717eac38d
flat;METRAGE;real_estate_agent;sale;Ленинский;1;5;13;Новосибирск;6700000;;2;Геодезическая ;53.4;Студенческая;https://novosibirsk.cian.ru/sale/flat/310203992/?mlSearchSessionGuid=11715bfba34fa7f8cf25ba6717eac38d
flat;Поляков;real_estate_agent;sale;Калининский;10;10;1;Новосибирск;6650000;Мкрн. Родники;3; Краузе;68.1;Заельцовская;https://novosibirsk.cian.ru/sale/flat/324333657/?mlSearchSessionGuid=11715bfba34fa7f8cf25ba6717eac38d
flat;Этажи;real_estate_agent;sale;Заельцовский;1;9;66;Новосибирск;6750000;;2;Переездная ;52.6;Гагаринская;https://novosibirsk.cian.ru/sale/flat/322284921/?mlSearchSessionGuid=11715bfba34fa7f8cf25ba6717eac38d
flat;Этажи;real_estate_agent;sale;Дзержинский;8;10;58;Новосибирск;6750000;;2; Красина;49.9;Березовая Роща;https://novosibirsk.cian.ru/sale/flat/321874384/?mlSearchSessionGuid=11715bfba34fa7f8cf25ba6717eac38d
flat;Этажи;real_estate_agent;sale;Калининский;9;10;132;Новосибирск;6770000;;2; Кропоткина;45.0;Маршала Покрышкина;https://novosibirsk.cian.ru/sale/flat/317179496/?mlSearchSessionGuid=11715bfba34fa7f8cf25ba6717eac38d
flat;Ассоциация застройщиков;real_estate_agent;sale;Октябрьский;3;10;34;Новосибирск;6800000;;2; Шевченко;55.2;Октябрьская;https://novosibirsk.cian.ru/sale/flat/326573180/?mlSearchSessionGuid=11715bfba34fa7f8cf25ba6717eac38d
flat;Города Новосибирск;real_estate_agent;sale;Ленинский;9;9;152/1;Новосибирск;6850000;;4;Троллейная ;77.2;Площадь Маркса;https://novosibirsk.cian.ru/sale/flat/325582987/?mlSearchSessionGuid=11715bfba34fa7f8cf25ba6717eac38d
flat;Дельта;real_estate_agent;sale;Ленинский;1;5;1;Новосибирск;6800000;;3; Пермитина;75.9;Площадь Маркса;https://novosibirsk.cian.ru/sale/flat/320576133/?mlSearchSessionGuid=11715bfba34fa7f8cf25ba6717eac38d
flat;Этажи;real_estate_agent;sale;Заельцовский;4;24;11;Новосибирск;6900000;;1; Галущака;38.0;Гагаринская;https://novosibirsk.cian.ru/sale/flat/321080544/?mlSearchSessionGuid=11715bfba34fa7f8cf25ba6717eac38d
flat;Этажи;real_estate_agent;sale;Заельцовский;1;9;75;Новосибирск;6900000;;2; Дуси Ковальчук;46.2;Заельцовская;https://novosibirsk.cian.ru/sale/flat/323352313/?mlSearchSessionGuid=11715bfba34fa7f8cf25ba6717eac38d
flat;Всем Квартиру;real_estate_agent;sale;Октябрьский;1;9;101/5;Новосибирск;6900000;;4;Выборная ;77.1;Речной вокзал;https://novosibirsk.cian.ru/sale/flat/316608007/?mlSearchSessionGuid=11715bfba34fa7f8cf25ba6717eac38d
flat;Этажи;real_estate_agent;sale;Заельцовский;1;25;52;Новосибирск;6990000;Чкалов;1;Светлановская ;41.7;Заельцовская;https://novosibirsk.cian.ru/sale/flat/321458468/?mlSearchSessionGuid=11715bfba34fa7f8cf25ba6717eac38d
flat;Этажи;real_estate_agent;sale;Заельцовский;2;10;92;Новосибирск;6950000;;2;Кубовая ;43.8;Заельцовская;https://novosibirsk.cian.ru/sale/flat/323750966/?mlSearchSessionGuid=11715bfba34fa7f8cf25ba6717eac38d
flat;Этажи;real_estate_agent;sale;Заельцовский;5;25;167/3;Новосибирск;6995000;Расцветай на Красном;1;Красный проспект;27.18;Заельцовская;https://novosibirsk.cian.ru/sale/flat/319560631/?mlSearchSessionGuid=11715bfba34fa7f8cf25ba6717eac38d
flat;Эксперт Дом;real_estate_agent;sale;Дзержинский;2;5;47;Новосибирск;6999999;;3; Есенина;58.7;Золотая Нива;https://novosibirsk.cian.ru/sale/flat/322823934/?mlSearchSessionGuid=11715bfba34fa7f8cf25ba6717eac38d
flat;Этажи;real_estate_agent;sale;Калининский;17;17;18;Новосибирск;7000000;Новые Снегири;2; Курчатова;43.0;Заельцовская;https://novosibirsk.cian.ru/sale/flat/320942935/?mlSearchSessionGuid=11715bfba34fa7f8cf25ba6717eac38d
flat;Этажи;real_estate_agent;sale;Калининский;5;10;24/2;Новосибирск;7000000;Мкрн. Родники;2; Мясниковой;56.3;Заельцовская;https://novosibirsk.cian.ru/sale/flat/323865951/?mlSearchSessionGuid=11715bfba34fa7f8cf25ba6717eac38d
flat;Этажи;real_estate_agent;sale;Ленинский;10;10;111;Новосибирск;7050000;;4;Широкая ;83.0;Площадь Маркса;https://novosibirsk.cian.ru/sale/flat/322050040/?mlSearchSessionGuid=11715bfba34fa7f8cf25ba6717eac38d
flat;МакроМир;real_estate_agent;sale;Октябрьский;4;10;1;Новосибирск;7000000;Плющихинский;2; Плющихинская;63.7;Золотая Нива;https://novosibirsk.cian.ru/sale/flat/326756596/?mlSearchSessionGuid=11715bfba34fa7f8cf25ba6717eac38d
flat;Поляков;real_estate_agent;sale;Заельцовский;2;24;6/4;Новосибирск;7000000;На Ельцовской;1;Ельцовская ;58.2;Гагаринская;https://novosibirsk.cian.ru/sale/flat/325440678/?mlSearchSessionGuid=11715bfba34fa7f8cf25ba6717eac38d
flat;Этажи;real_estate_agent;sale;Ленинский;2;10;236/2;Новосибирск;7100000;Чистая слобода;2; Титова;52.1;Площадь Маркса;https://novosibirsk.cian.ru/sale/flat/321446579/?mlSearchSessionGuid=11715bfba34fa7f8cf25ba6717eac38d
flat;ID 111089426;homeowner;sale;Октябрьский;11;18;10;Новосибирск;7100000;Выборная-Рябиновая;1;Рябиновая ;48.9;Речной вокзал;https://novosibirsk.cian.ru/sale/flat/318851420/?mlSearchSessionGuid=11715bfba34fa7f8cf25ba6717eac38d
flat;METRAGE;real_estate_agent;sale;Ленинский;14;17;3;Новосибирск;7180000;;1; Ясный Берег;32.6;Красный Проспект;https://novosibirsk.cian.ru/sale/flat/322744693/?mlSearchSessionGuid=11715bfba34fa7f8cf25ba6717eac38d
flat;Всем Квартиру;real_estate_agent;sale;Октябрьский;4;10;11;Новосибирск;7250000;;3; В. Высоцкого;64.8;Золотая Нива;https://novosibirsk.cian.ru/sale/flat/326013255/?mlSearchSessionGuid=11715bfba34fa7f8cf25ba6717eac38d
flat;МАРКОВЪ ДОМЪ;real_estate_agent;sale;Ленинский;2;15;;Новосибирск;7300000;Горская лагуна ЖК;1;;28.0;Студенческая;https://novosibirsk.cian.ru/sale/flat/322947337/?mlSearchSessionGuid=11715bfba34fa7f8cf25ba6717eac38d
flat;METRAGE;real_estate_agent;sale;Заельцовский;3;3;4;Новосибирск;7300000;;3; Аэропорт;78.2;Заельцовская;https://novosibirsk.cian.ru/sale/flat/326574040/?mlSearchSessionGuid=11715bfba34fa7f8cf25ba6717eac38d
flat;Города Новосибирск;real_estate_agent;sale;Заельцовский;8;18;88;Новосибирск;7350000;Авиатор;1; Аэропорт;43.8;Заельцовская;https://novosibirsk.cian.ru/sale/flat/317117283/?mlSearchSessionGuid=11715bfba34fa7f8cf25ba6717eac38d
flat;METRAGE;real_estate_agent;sale;Дзержинский;3;5;2;Новосибирск;7400000;;2;проспект Дзержинского;57.8;Березовая Роща;https://novosibirsk.cian.ru/sale/flat/325764069/?mlSearchSessionGuid=11715bfba34fa7f8cf25ba6717eac38d
flat;METRAGE;real_estate_agent;sale;Заельцовский;6;10;94;Новосибирск;7350000;;3;Кубовая ;59.1;Заельцовская;https://novosibirsk.cian.ru/sale/flat/312406321/?mlSearchSessionGuid=11715bfba34fa7f8cf25ba6717eac38d
flat;Илья Вахрин;realtor;sale;Заельцовский;18;25;3/1;Новосибирск;7350000;LEO;1;Кавалерийская ;38.3;Заельцовская;https://novosibirsk.cian.ru/sale/flat/324921269/?mlSearchSessionGuid=11715bfba34fa7f8cf25ba6717eac38d
flat;Rialtor Group;real_estate_agent;sale;Железнодорожный;2;16;1;Новосибирск;7490000;На Ивачёва;1; Дмитрия Шамшурина;41.0;Площадь Гарина-Михайловского;https://novosibirsk.cian.ru/sale/flat/319266319/?mlSearchSessionGuid=11715bfba34fa7f8cf25ba6717eac38d
flat;Этажи;real_estate_agent;sale;Калининский;9;9;3;Новосибирск;7500000;;2; Василия Клевцова;53.0;Заельцовская;https://novosibirsk.cian.ru/sale/flat/317994839/?mlSearchSessionGuid=11715bfba34fa7f8cf25ba6717eac38d
flat;Этажи;real_estate_agent;sale;Октябрьский;12;14;69;Новосибирск;7500000;Smart Park;1;Воинская ;51.0;Золотая Нива;https://novosibirsk.cian.ru/sale/flat/323791267/?mlSearchSessionGuid=11715bfba34fa7f8cf25ba6717eac38d
flat;Этажи;real_estate_agent;sale;Центральный;5;5;31;Новосибирск;7500000;;2; Мичурина;43.3;Сибирская;https://novosibirsk.cian.ru/sale/flat/322132295/?mlSearchSessionGuid=11715bfba34fa7f8cf25ba6717eac38d
flat;МАРКОВЪ ДОМЪ;real_estate_agent;sale;Октябрьский;12;25;12;Новосибирск;7500000;Сакура Парк;1;Ипподромская ;30.48;Октябрьская;https://novosibirsk.cian.ru/sale/flat/322164366/?mlSearchSessionGuid=11715bfba34fa7f8cf25ba6717eac38d
flat;Этажи;real_estate_agent;sale;Ленинский;16;26;16/3;Новосибирск;7500000;Сандэй;2; Немировича-Данченко;55.9;Площадь Маркса;https://novosibirsk.cian.ru/sale/flat/323614828/?mlSearchSessionGuid=11715bfba34fa7f8cf25ba6717eac38d
flat;METRAGE;real_estate_agent;sale;Кировский;5;5;11;Новосибирск;7500000;;3; Сибиряков-Гвардейцев;71.7;Площадь Маркса;https://novosibirsk.cian.ru/sale/flat/318779630/?mlSearchSessionGuid=11715bfba34fa7f8cf25ba6717eac38d
flat;МАРКОВЪ ДОМЪ;real_estate_agent;sale;Советский;1;3;48/1;Новосибирск;7600000;Благовещенка;2;Благовещенская ;56.0;;https://novosibirsk.cian.ru/sale/flat/326176919/?mlSearchSessionGuid=11715bfba34fa7f8cf25ba6717eac38d
flat;METRAGE;real_estate_agent;sale;Кировский;5;10;1;Новосибирск;7650000;Просторный;3; Николая Сотникова;58.0;Студенческая;https://novosibirsk.cian.ru/sale/flat/316357353/?mlSearchSessionGuid=11715bfba34fa7f8cf25ba6717eac38d
flat;Этажи;real_estate_agent;sale;Кировский;3;24;143/2;Новосибирск;7755150;;1; Немировича-Данченко;45.3;Студенческая;https://novosibirsk.cian.ru/sale/flat/323740381/?mlSearchSessionGuid=11715bfba34fa7f8cf25ba6717eac38d
flat;Этажи;real_estate_agent;sale;Октябрьский;16;17;91/2;Новосибирск;7800000;;2;Выборная ;61.4;Речной вокзал;https://novosibirsk.cian.ru/sale/flat/314160920/?mlSearchSessionGuid=11715bfba34fa7f8cf25ba6717eac38d
flat;Города Новосибирск;real_estate_agent;sale;Дзержинский;12;26;19;Новосибирск;7750000;Звезда;1; Королева;47.0;Березовая Роща;https://novosibirsk.cian.ru/sale/flat/324213007/?mlSearchSessionGuid=11715bfba34fa7f8cf25ba6717eac38d
flat;НИАН;real_estate_agent;sale;Заельцовский;12;17;51/2;Новосибирск;7800000;Рафинад;2; Лобачевского;58.0;Заельцовская;https://novosibirsk.cian.ru/sale/flat/326050903/?mlSearchSessionGuid=11715bfba34fa7f8cf25ba6717eac38d
flat;Люди;real_estate_agent;sale;Дзержинский;3;9;8/1;Новосибирск;7900000;;3; Есенина;60.08;Золотая Нива;https://novosibirsk.cian.ru/sale/flat/325564594/?mlSearchSessionGuid=11715bfba34fa7f8cf25ba6717eac38d
flat;Этажи;real_estate_agent;sale;Заельцовский;5;7;73;Новосибирск;8000000;Премиум-квартал Новый Кедровый;2;Кедровая ;51.5;Заельцовская;https://novosibirsk.cian.ru/sale/flat/321119613/?mlSearchSessionGuid=11715bfba34fa7f8cf25ba6717eac38d
flat;Этажи;real_estate_agent;sale;Кировский;3;4;56;Новосибирск;8000000;;3;Воскресная ;61.5;Студенческая;https://novosibirsk.cian.ru/sale/flat/326558138/?mlSearchSessionGuid=11715bfba34fa7f8cf25ba6717eac38d
flat;Поляков;real_estate_agent;sale;Дзержинский;2;10;11;Новосибирск;8000000;;2; Новая Заря;69.4;Березовая Роща;https://novosibirsk.cian.ru/sale/flat/315335033/?mlSearchSessionGuid=11715bfba34fa7f8cf25ba6717eac38d
flat;Концерн Сибирь;real_estate_agent;sale;Ленинский;15;17;69;Новосибирск;8000000;Радуга Сибири;3; Забалуева;80.0;Студенческая;https://novosibirsk.cian.ru/sale/flat/324008582/?mlSearchSessionGuid=11715bfba34fa7f8cf25ba6717eac38d
flat;ID 99066872;homeowner;sale;Октябрьский;18;25;13;Новосибирск;8100000;Закаменский-13;2;Закаменский мкр;42.5;Березовая Роща;https://novosibirsk.cian.ru/sale/flat/327062591/?mlSearchSessionGuid=11715bfba34fa7f8cf25ba6717eac38d
flat;METRAGE;real_estate_agent;sale;Октябрьский;7;18;35;Новосибирск;8200000;Инские Холмы;2;Большевистская ;42.9;Речной вокзал;https://novosibirsk.cian.ru/sale/flat/326436014/?mlSearchSessionGuid=11715bfba34fa7f8cf25ba6717eac38d
flat;Макаров & Галстян;real_estate_agent;sale;Кировский;12;24;143/2;Новосибирск;8200000;Кварталы Немировича;3; Немировича-Данченко;51.0;Студенческая;https://novosibirsk.cian.ru/sale/flat/325671442/?mlSearchSessionGuid=11715bfba34fa7f8cf25ba6717eac38d
flat;Владис Центральное;real_estate_agent;sale;Октябрьский;1;10;19;Новосибирск;8300000;;2; Лескова;64.0;Октябрьская;https://novosibirsk.cian.ru/sale/flat/327032315/?mlSearchSessionGuid=11715bfba34fa7f8cf25ba6717eac38d
flat;Первый Строительный;developer;sale;Ленинский;22;31;;Новосибирск;8397400;Урбан Пикс ЖК;3;;58.99;Площадь Маркса;https://novosibirsk.cian.ru/sale/flat/314873908/?mlSearchSessionGuid=11715bfba34fa7f8cf25ba6717eac38d
flat;Первый Строительный;developer;sale;Ленинский;5;31;;Новосибирск;8347000;Урбан Пикс ЖК;3;;63.26;Площадь Маркса;https://novosibirsk.cian.ru/sale/flat/314874205/?mlSearchSessionGuid=11715bfba34fa7f8cf25ba6717eac38d
flat;Этажи;real_estate_agent;sale;Октябрьский;10;29;51;Новосибирск;8400000;Тихомиров;1;Военная ;37.2;Октябрьская;https://novosibirsk.cian.ru/sale/flat/323674140/?mlSearchSessionGuid=11715bfba34fa7f8cf25ba6717eac38d
flat;Дельта;real_estate_agent;sale;Советский;4;4;26;Новосибирск;8500000;;3; Жемчужная;58.1;;https://novosibirsk.cian.ru/sale/flat/315055835/?mlSearchSessionGuid=11715bfba34fa7f8cf25ba6717eac38d
flat;Этажи;real_estate_agent;sale;Октябрьский;5;7;99/7;Новосибирск;8500000;;2;Выборная ;61.2;Речной вокзал;https://novosibirsk.cian.ru/sale/flat/323593137/?mlSearchSessionGuid=11715bfba34fa7f8cf25ba6717eac38d
flat;Rialtor Group;real_estate_agent;sale;Ленинский;20;26;29;Новосибирск;8500000;Город у воды Ясный Берег;1; Ясный Берег;40.2;Октябрьская;https://novosibirsk.cian.ru/sale/flat/323113023/?mlSearchSessionGuid=11715bfba34fa7f8cf25ba6717eac38d
flat;Метраж;real_estate_agent;sale;Октябрьский;4;5;111;Новосибирск;8500000;;3;Ленинградская ;71.0;Октябрьская;https://novosibirsk.cian.ru/sale/flat/317228963/?mlSearchSessionGuid=11715bfba34fa7f8cf25ba6717eac38d
flat;Брусника Обмен;real_estate_agent;sale;Центральный;7;12;51;Новосибирск;8600000;;2; Фрунзе;53.9;Маршала Покрышкина;https://novosibirsk.cian.ru/sale/flat/325293799/?mlSearchSessionGuid=11715bfba34fa7f8cf25ba6717eac38d
flat;Этажи;real_estate_agent;sale;Ленинский;18;18;;Новосибирск;8550000;;2;;57.0;Студенческая;https://novosibirsk.cian.ru/sale/flat/323596602/?mlSearchSessionGuid=11715bfba34fa7f8cf25ba6717eac38d
flat;Первый Строительный;developer;sale;Ленинский;6;31;;Новосибирск;8638600;Урбан Пикс ЖК;3;;65.32;Площадь Маркса;https://novosibirsk.cian.ru/sale/flat/314874146/?mlSearchSessionGuid=11715bfba34fa7f8cf25ba6717eac38d
flat;Этажи;real_estate_agent;sale;Дзержинский;2;9;194;Новосибирск;8650000;;3; Гоголя;62.0;Березовая Роща;https://novosibirsk.cian.ru/sale/flat/320871012/?mlSearchSessionGuid=11715bfba34fa7f8cf25ba6717eac38d
flat;Этажи;real_estate_agent;sale;Советский;2;17;5;Новосибирск;8700000;;2; 2-я Миргородская;55.4;;https://novosibirsk.cian.ru/sale/flat/323753438/?mlSearchSessionGuid=11715bfba34fa7f8cf25ba6717eac38d
flat;Этажи;real_estate_agent;sale;Дзержинский;7;25;204Б;Новосибирск;9200000;Авторский квартал;3; Гоголя;53.0;Березовая Роща;https://novosibirsk.cian.ru/sale/flat/323781781/?mlSearchSessionGuid=11715bfba34fa7f8cf25ba6717eac38d
flat;METRAGE;real_estate_agent;sale;Заельцовский;10;24;15;Новосибирск;9300000;на Галущака;2; Галущака;64.5;Гагаринская;https://novosibirsk.cian.ru/sale/flat/323589948/?mlSearchSessionGuid=11715bfba34fa7f8cf25ba6717eac38d
flat;Первый Строительный;developer;sale;Ленинский;21;31;;Новосибирск;9396900;Урбан Пикс ЖК;3;;69.09;Площадь Маркса;https://novosibirsk.cian.ru/sale/flat/314873886/?mlSearchSessionGuid=11715bfba34fa7f8cf25ba6717eac38d
flat;Этажи;real_estate_agent;sale;Дзержинский;16;30;220;Новосибирск;9500000;GRANDO;1; Фрунзе;29.3;Березовая Роща;https://novosibirsk.cian.ru/sale/flat/320134997/?mlSearchSessionGuid=11715bfba34fa7f8cf25ba6717eac38d
flat;МакроМир;real_estate_agent;sale;Заельцовский;10;10;39;Новосибирск;9450000;;2;Ельцовская ;56.5;Гагаринская;https://novosibirsk.cian.ru/sale/flat/327060610/?mlSearchSessionGuid=11715bfba34fa7f8cf25ba6717eac38d
flat;ID 114218377;realtor;sale;Заельцовский;24;25;105/1;Новосибирск;9500000;Бирюзовая жемчужина-2;2;Сухарная ;55.0;Площадь Гарина-Михайловского;https://novosibirsk.cian.ru/sale/flat/324195030/?mlSearchSessionGuid=11715bfba34fa7f8cf25ba6717eac38d
flat;Вся Недвижимость Новосибирска;real_estate_agent;sale;Ленинский;4;18;1;Новосибирск;9700000;Радужный каскад;2;Стартовая ;60.7;Спортивная;https://novosibirsk.cian.ru/sale/flat/325643891/?mlSearchSessionGuid=11715bfba34fa7f8cf25ba6717eac38d
flat;МАРКОВЪ ДОМЪ;real_estate_agent;sale;Октябрьский;17;25;12;Новосибирск;9800000;Сакура Парк;1;Ипподромская ;36.0;Октябрьская;https://novosibirsk.cian.ru/sale/flat/318156677/?mlSearchSessionGuid=11715bfba34fa7f8cf25ba6717eac38d
flat;Всем Квартиру;real_estate_agent;sale;Центральный;9;21;47;Новосибирск;9800000;Родонит;2; Орджоникидзе;52.4;Площадь Ленина;https://novosibirsk.cian.ru/sale/flat/314281724/?mlSearchSessionGuid=11715bfba34fa7f8cf25ba6717eac38d
flat;MetroPolis;real_estate_agent;sale;Заельцовский;5;5;167/3;Новосибирск;9850000;Расцветай на Красном;2;Красный проспект;43.3;Заельцовская;https://novosibirsk.cian.ru/sale/flat/324483190/?mlSearchSessionGuid=11715bfba34fa7f8cf25ba6717eac38d
flat;Первый Строительный;developer;sale;Ленинский;8;31;;Новосибирск;9926200;Урбан Пикс ЖК;3;;75.16;Площадь Маркса;https://novosibirsk.cian.ru/sale/flat/314874167/?mlSearchSessionGuid=11715bfba34fa7f8cf25ba6717eac38d
flat;Ассоциация застройщиков;real_estate_agent;sale;Заельцовский;6;10;18/3;Новосибирск;9990000;;2;Холодильная ;54.1;Заельцовская;https://novosibirsk.cian.ru/sale/flat/305814872/?mlSearchSessionGuid=11715bfba34fa7f8cf25ba6717eac38d
flat;Этажи;real_estate_agent;sale;Заельцовский;2;10;18/3;Новосибирск;10000000;;2;Холодильная ;54.0;Заельцовская;https://novosibirsk.cian.ru/sale/flat/316710865/?mlSearchSessionGuid=11715bfba34fa7f8cf25ba6717eac38d
flat;Дельта;real_estate_agent;sale;Ленинский;14;18;8А;Новосибирск;10000000;;2;;66.8;Студенческая;https://novosibirsk.cian.ru/sale/flat/320002777/?mlSearchSessionGuid=11715bfba34fa7f8cf25ba6717eac38d
flat;Всем Квартиру;real_estate_agent;sale;Заельцовский;1;17;11;Новосибирск;10000000;;2;Овражная ;70.5;Заельцовская;https://novosibirsk.cian.ru/sale/flat/326544294/?mlSearchSessionGuid=11715bfba34fa7f8cf25ba6717eac38d
flat;Этажи;real_estate_agent;sale;Заельцовский;5;19;238;Новосибирск;10150000;Ельцовский;2; Дуси Ковальчук;65.0;Гагаринская;https://novosibirsk.cian.ru/sale/flat/323876815/?mlSearchSessionGuid=11715bfba34fa7f8cf25ba6717eac38d
flat;METRAGE;real_estate_agent;sale;Первомайский;8;14;4;Новосибирск;10230000;Весенний;3; Заречная;69.4;Спортивная;https://novosibirsk.cian.ru/sale/flat/326480998/?mlSearchSessionGuid=11715bfba34fa7f8cf25ba6717eac38d
flat;METRAGE;real_estate_agent;sale;Октябрьский;1;16;71/1;Новосибирск;10200000;Маяк;3;2-я Обская ;71.0;Речной вокзал;https://novosibirsk.cian.ru/sale/flat/326679964/?mlSearchSessionGuid=11715bfba34fa7f8cf25ba6717eac38d
flat;Поляков;real_estate_agent;sale;Кировский;5;22;76;Новосибирск;10200000;Я-Маяковский;2;Тульская ;75.5;Студенческая;https://novosibirsk.cian.ru/sale/flat/316246136/?mlSearchSessionGuid=11715bfba34fa7f8cf25ba6717eac38d
flat;ID 89451841;unknown;sale;Заельцовский;8;18;167/3;Новосибирск;10190000;Расцветай на Красном;1;Красный проспект;39.0;Заельцовская;https://novosibirsk.cian.ru/sale/flat/326539868/?mlSearchSessionGuid=11715bfba34fa7f8cf25ba6717eac38d
flat;Этажи;real_estate_agent;sale;Заельцовский;18;20;96/3;Новосибирск;10480000;Сосны;2;Сухарная ;58.0;Площадь Гарина-Михайловского;https://novosibirsk.cian.ru/sale/flat/323736874/?mlSearchSessionGuid=11715bfba34fa7f8cf25ba6717eac38d
flat;ATMOS;real_estate_agent;sale;Октябрьский;3;9;110;Новосибирск;10500000;мкр. Европейский Берег;1;Большевистская ;52.2;Речной вокзал;https://novosibirsk.cian.ru/sale/flat/321179902/?mlSearchSessionGuid=11715bfba34fa7f8cf25ba6717eac38d
flat;METRAGE;real_estate_agent;sale;Октябрьский;9;12;149;Новосибирск;10500000;;2; Толстого;67.6;Октябрьская;https://novosibirsk.cian.ru/sale/flat/323538124/?mlSearchSessionGuid=11715bfba34fa7f8cf25ba6717eac38d
flat;Поляков;real_estate_agent;sale;Заельцовский;8;16;49;Новосибирск;10600000;Нормандия-Неман;3; Аэропорт;86.3;Заельцовская;https://novosibirsk.cian.ru/sale/flat/311795501/?mlSearchSessionGuid=11715bfba34fa7f8cf25ba6717eac38d
flat;METRAGE;real_estate_agent;sale;Дзержинский;19;27;22;Новосибирск;11000000;;1;Закаменский мкр;40.3;Березовая Роща;https://novosibirsk.cian.ru/sale/flat/326609657/?mlSearchSessionGuid=11715bfba34fa7f8cf25ba6717eac38d
flat;Всем Квартиру;real_estate_agent;sale;Калининский;9;16;313;Новосибирск;11000000;Северная Корона;3;Красный проспект;68.0;Заельцовская;https://novosibirsk.cian.ru/sale/flat/317794692/?mlSearchSessionGuid=11715bfba34fa7f8cf25ba6717eac38d
flat;METRAGE;real_estate_agent;sale;Октябрьский;5;17;71/1;Новосибирск;11200000;Маяк;3;2-я Обская ;65.5;Речной вокзал;https://novosibirsk.cian.ru/sale/flat/323645948/?mlSearchSessionGuid=11715bfba34fa7f8cf25ba6717eac38d
flat;ФОРУМ;real_estate_agent;sale;Железнодорожный;17;17;107;Новосибирск;11200000;Дождь;1;Красноярская ;52.0;Площадь Гарина-Михайловского;https://novosibirsk.cian.ru/sale/flat/324268383/?mlSearchSessionGuid=11715bfba34fa7f8cf25ba6717eac38d
flat;Первый Строительный;developer;sale;Ленинский;26;31;;Новосибирск;11436400;Урбан Пикс ЖК;5;;85.82;Площадь Маркса;https://novosibirsk.cian.ru/sale/flat/314873842/?mlSearchSessionGuid=11715bfba34fa7f8cf25ba6717eac38d
flat;ID 77849270;homeowner;sale;Дзержинский;10;30;220;Новосибирск;11500000;GRANDO;2; Фрунзе;38.0;Березовая Роща;https://novosibirsk.cian.ru/sale/flat/325432257/?mlSearchSessionGuid=11715bfba34fa7f8cf25ba6717eac38d
flat;Дельта;real_estate_agent;sale;Октябрьский;3;12;15;Новосибирск;11750000;;2; Шевченко;59.5;Октябрьская;https://novosibirsk.cian.ru/sale/flat/323678221/?mlSearchSessionGuid=11715bfba34fa7f8cf25ba6717eac38d
flat;ID 16903434;realtor;sale;Центральный;11;17;;Новосибирск;11990000;Мылзавод ЖК;3;;58.0;Гагаринская;https://novosibirsk.cian.ru/sale/flat/322529521/?mlSearchSessionGuid=11715bfba34fa7f8cf25ba6717eac38d
flat;ФОРУМ;real_estate_agent;sale;Заельцовский;26;30;167/3;Новосибирск;12200000;Расцветай на Красном;2;Красный проспект;59.0;Заельцовская;https://novosibirsk.cian.ru/sale/flat/317440068/?mlSearchSessionGuid=11715bfba34fa7f8cf25ba6717eac38d
flat;Этажи;real_estate_agent;sale;Заельцовский;17;19;238;Новосибирск;12499000;Ельцовский;2; Дуси Ковальчук;83.1;Заельцовская;https://novosibirsk.cian.ru/sale/flat/320680711/?mlSearchSessionGuid=11715bfba34fa7f8cf25ba6717eac38d
flat;Концерн Сибирь;real_estate_agent;sale;Ленинский;6;12;63;Новосибирск;12500000;;3;;85.0;Студенческая;https://novosibirsk.cian.ru/sale/flat/322113937/?mlSearchSessionGuid=11715bfba34fa7f8cf25ba6717eac38d
flat;АльянсРиэлт;real_estate_agent;sale;Октябрьский;4;10;2;Новосибирск;12990000;Маковского;2; Шевченко;58.0;Октябрьская;https://novosibirsk.cian.ru/sale/flat/319280108/?mlSearchSessionGuid=11715bfba34fa7f8cf25ba6717eac38d
flat;METRAGE;real_estate_agent;sale;Калининский;6;9;11/1;Новосибирск;13000000;;3;Танковая ;87.9;Заельцовская;https://novosibirsk.cian.ru/sale/flat/321082251/?mlSearchSessionGuid=11715bfba34fa7f8cf25ba6717eac38d
flat;METRAGE;real_estate_agent;sale;Заельцовский;2;24;101;Новосибирск;13450000;;3;Сухарная ;85.0;Площадь Гарина-Михайловского;https://novosibirsk.cian.ru/sale/flat/315946660/?mlSearchSessionGuid=11715bfba34fa7f8cf25ba6717eac38d
flat;METRAGE;real_estate_agent;sale;Октябрьский;4;10;194/9;Новосибирск;13450000;;3; Бориса Богаткова;88.0;Золотая Нива;https://novosibirsk.cian.ru/sale/flat/323874335/?mlSearchSessionGuid=11715bfba34fa7f8cf25ba6717eac38d
flat;Концерн Сибирь;real_estate_agent;sale;Ленинский;9;13;69/1;Новосибирск;13500000;;3;69/1;90.0;Студенческая;https://novosibirsk.cian.ru/sale/flat/320534596/?mlSearchSessionGuid=11715bfba34fa7f8cf25ba6717eac38d
flat;ID 133063447;homeowner;sale;Железнодорожный;18;23;65/2;Новосибирск;13500000;Чернышевский;3;Фабричная ;50.9;Площадь Гарина-Михайловского;https://novosibirsk.cian.ru/sale/flat/325242444/?mlSearchSessionGuid=11715bfba34fa7f8cf25ba6717eac38d
flat;ID 89451841;unknown;sale;Железнодорожный;20;28;65/4;Новосибирск;13990000;Чернышевский;3;Фабричная ;65.0;Площадь Гарина-Михайловского;https://novosibirsk.cian.ru/sale/flat/326031750/?mlSearchSessionGuid=11715bfba34fa7f8cf25ba6717eac38d
flat;METRAGE;real_estate_agent;sale;Заельцовский;15;17;220/7;Новосибирск;14500000;Лев Толстой;3;Красный проспект;77.0;Заельцовская;https://novosibirsk.cian.ru/sale/flat/313172036/?mlSearchSessionGuid=11715bfba34fa7f8cf25ba6717eac38d
flat;Дельта;real_estate_agent;sale;Советский;4;4;10;Новосибирск;14700000;;3; Жемчужная;75.0;;https://novosibirsk.cian.ru/sale/flat/302999121/?mlSearchSessionGuid=11715bfba34fa7f8cf25ba6717eac38d
flat;METRAGE;real_estate_agent;sale;Центральный;17;23;73/1;Новосибирск;14700000;На Демьяна Бедного;3; Демьяна Бедного;89.99;Березовая Роща;https://novosibirsk.cian.ru/sale/flat/326263244/?mlSearchSessionGuid=11715bfba34fa7f8cf25ba6717eac38d
flat;Этажи;real_estate_agent;sale;Дзержинский;3;9;66;Новосибирск;15000000;Красен Хаус;3; Красина;56.9;Березовая Роща;https://novosibirsk.cian.ru/sale/flat/325185764/?mlSearchSessionGuid=11715bfba34fa7f8cf25ba6717eac38d
flat;Концерн Сибирь;real_estate_agent;sale;Железнодорожный;17;22;69;Новосибирск;15000000;Клевер;2; 1905 года;50.0;Красный Проспект;https://novosibirsk.cian.ru/sale/flat/326547560/?mlSearchSessionGuid=11715bfba34fa7f8cf25ba6717eac38d
flat;ID 102860285;homeowner;sale;Заельцовский;1;16;222/4;Новосибирск;15250000;Красный проспект;3;Красный проспект;75.0;Заельцовская;https://novosibirsk.cian.ru/sale/flat/327059736/?mlSearchSessionGuid=11715bfba34fa7f8cf25ba6717eac38d
flat;Все Новые Дома;real_estate_agent;sale;Октябрьский;21;22;77;Новосибирск;15500000;Парк Резиденс;3; Сакко и Ванцетти;80.0;Октябрьская;https://novosibirsk.cian.ru/sale/flat/324144061/?mlSearchSessionGuid=11715bfba34fa7f8cf25ba6717eac38d
flat;Города Новосибирск;real_estate_agent;sale;Железнодорожный;20;23;75;Новосибирск;15500000;Prime House;2;Советская ;40.8;Красный Проспект;https://novosibirsk.cian.ru/sale/flat/326894807/?mlSearchSessionGuid=11715bfba34fa7f8cf25ba6717eac38d
flat;Строительное управление Западное;real_estate_agent;sale;Заельцовский;2;10;99;Новосибирск;16900000;;4;Красный проспект;130.0;Гагаринская;https://novosibirsk.cian.ru/sale/flat/306612387/?mlSearchSessionGuid=11715bfba34fa7f8cf25ba6717eac38d
flat;PROБРОКЕР-Н;real_estate_agent;sale;Центральный;9;14;45;Новосибирск;17200000;Современник Дом на Некрасова;3; Некрасова;73.1;Маршала Покрышкина;https://novosibirsk.cian.ru/sale/flat/321652293/?mlSearchSessionGuid=11715bfba34fa7f8cf25ba6717eac38d
flat;ID 139282683;homeowner;sale;Заельцовский;20;24;220;Новосибирск;17450000;Нобель;3;Красный проспект;67.1;Заельцовская;https://novosibirsk.cian.ru/sale/flat/326926242/?mlSearchSessionGuid=11715bfba34fa7f8cf25ba6717eac38d
flat;PRO Недвижимость;real_estate_agent;sale;Центральный;7;9;77;Новосибирск;18000000;;4;Коммунистическая ;130.0;Октябрьская;https://novosibirsk.cian.ru/sale/flat/304216527/?mlSearchSessionGuid=11715bfba34fa7f8cf25ba6717eac38d
flat;НИАН;real_estate_agent;sale;Центральный;20;22;60;Новосибирск;18500000;Островский;3; Николая Островского;79.5;Маршала Покрышкина;https://novosibirsk.cian.ru/sale/flat/326213557/?mlSearchSessionGuid=11715bfba34fa7f8cf25ba6717eac38d
flat;ИнтерАктив;real_estate_agent;sale;Заельцовский;2;25;173/1;Новосибирск;18800000;;3;Красный проспект;89.2;Заельцовская;https://novosibirsk.cian.ru/sale/flat/324039477/?mlSearchSessionGuid=11715bfba34fa7f8cf25ba6717eac38d
flat;Города Новосибирск;real_estate_agent;sale;Калининский;10;11;323/11;Новосибирск;18800000;Онега;4;Красный проспект;120.0;Заельцовская;https://novosibirsk.cian.ru/sale/flat/326272229/?mlSearchSessionGuid=11715bfba34fa7f8cf25ba6717eac38d
flat;ID 100828029;homeowner;sale;Кировский;16;17;148/1;Новосибирск;19000000;Панорама;1; Немировича-Данченко;98.2;Студенческая;https://novosibirsk.cian.ru/sale/flat/325283123/?mlSearchSessionGuid=11715bfba34fa7f8cf25ba6717eac38d
flat;Города Новосибирск;real_estate_agent;sale;Заельцовский;15;15;222/3;Новосибирск;19500000;Красный проспект;3;Красный проспект;87.5;Заельцовская;https://novosibirsk.cian.ru/sale/flat/321877848/?mlSearchSessionGuid=11715bfba34fa7f8cf25ba6717eac38d
flat;Города Новосибирск;real_estate_agent;sale;Октябрьский;12;24;32;Новосибирск;23900000;Римский квартал;3; Кирова;100.0;Октябрьская;https://novosibirsk.cian.ru/sale/flat/326655448/?mlSearchSessionGuid=11715bfba34fa7f8cf25ba6717eac38d
flat;Николай Самойлов;realtor;sale;Октябрьский;8;25;50;Новосибирск;23900000;Richmond Residence;2; Кирова;57.0;Октябрьская;https://novosibirsk.cian.ru/sale/flat/325652375/?mlSearchSessionGuid=11715bfba34fa7f8cf25ba6717eac38d
flat;Поляков;real_estate_agent;sale;Октябрьский;3;17;41;Новосибирск;24100000;На Декабристов;3; Декабристов;102.7;Речной вокзал;https://novosibirsk.cian.ru/sale/flat/320272513/?mlSearchSessionGuid=11715bfba34fa7f8cf25ba6717eac38d
flat;ID 132179890;realtor;sale;Центральный;3;8;92;Новосибирск;26900000;Almond;2; Чаплыгина;64.5;Площадь Ленина;https://novosibirsk.cian.ru/sale/flat/320143440/?mlSearchSessionGuid=11715bfba34fa7f8cf25ba6717eac38d
flat;Города Новосибирск;real_estate_agent;sale;Октябрьский;9;29;77;Новосибирск;27800000;Чикаго;2;Московская ;65.0;Октябрьская;https://novosibirsk.cian.ru/sale/flat/326543368/?mlSearchSessionGuid=11715bfba34fa7f8cf25ba6717eac38d
flat;Николай Самойлов;realtor;sale;Железнодорожный;17;28;10;Новосибирск;33000000;;3; Максима Горького;72.4;Площадь Ленина;https://novosibirsk.cian.ru/sale/flat/325809606/?mlSearchSessionGuid=11715bfba34fa7f8cf25ba6717eac38d
flat;ID 133380388;homeowner;sale;Советский;13;14;38;Новосибирск;34100000;Молодежный;4;бульвар Молодежи;155.2;;https://novosibirsk.cian.ru/sale/flat/321399224/?mlSearchSessionGuid=11715bfba34fa7f8cf25ba6717eac38d
flat;Города Новосибирск;real_estate_agent;sale;Октябрьский;17;29;77;Новосибирск;39000000;Чикаго;4;Московская ;129.3;Октябрьская;https://novosibirsk.cian.ru/sale/flat/323443002/?mlSearchSessionGuid=11715bfba34fa7f8cf25ba6717eac38d
flat;ID 12340031;homeowner;sale;Советский;5;5;4;Новосибирск;740000;;-1; Динамовцев;33.0;Студенческая;https://novosibirsk.cian.ru/sale/flat/193194727/?mlSearchSessionGuid=11715bfba34fa7f8cf25ba6717eac38d
flat;Созвездие Весов;real_estate_agent;sale;Советский;7;9;5;Новосибирск;1600000;;1; Русская;10.4;;https://novosibirsk.cian.ru/sale/flat/326975951/?mlSearchSessionGuid=11715bfba34fa7f8cf25ba6717eac38d
flat;Право собственности;real_estate_agent;sale;Кировский;3;5;44;Новосибирск;1700000;;1; Зорге;19.0;Площадь Маркса;https://novosibirsk.cian.ru/sale/flat/325614157/?mlSearchSessionGuid=11715bfba34fa7f8cf25ba6717eac38d
flat;ОЛИМП;real_estate_agent;sale;Первомайский;17;17;22/3;Новосибирск;2070000;Берёзовое;1; Твардовского;19.2;Речной вокзал;https://novosibirsk.cian.ru/sale/flat/320808046/?mlSearchSessionGuid=11715bfba34fa7f8cf25ba6717eac38d
flat;ID 108153573;homeowner;sale;Калининский;4;5;6А;Новосибирск;2359000;;-1; Сухановская;17.6;Заельцовская;https://novosibirsk.cian.ru/sale/flat/322565875/?mlSearchSessionGuid=11715bfba34fa7f8cf25ba6717eac38d
flat;РайоныКварталы;real_estate_agent;sale;Первомайский;2;17;22;Новосибирск;2400000;Берёзовое;1; Твардовского;18.4;Спортивная;https://novosibirsk.cian.ru/sale/flat/324947147/?mlSearchSessionGuid=11715bfba34fa7f8cf25ba6717eac38d
flat;МАРКОВЪ ДОМЪ;real_estate_agent;sale;;4;5;84;Новосибирск;2450000;;1; Солидарности;29.5;Заельцовская;https://novosibirsk.cian.ru/sale/flat/326249218/?mlSearchSessionGuid=11715bfba34fa7f8cf25ba6717eac38d
flat;РайоныКварталы;real_estate_agent;sale;Ленинский;6;10;1Г;Новосибирск;2750000;;1;Хилокская ;26.8;Площадь Маркса;https://novosibirsk.cian.ru/sale/flat/321403823/?mlSearchSessionGuid=11715bfba34fa7f8cf25ba6717eac38d
flat;ID 89490148;homeowner;sale;Октябрьский;7;10;171/7;Новосибирск;2800000;Плющихинский;1; В. Высоцкого;48.0;Золотая Нива;https://novosibirsk.cian.ru/sale/flat/323082793/?mlSearchSessionGuid=11715bfba34fa7f8cf25ba6717eac38d
flat;ID 91545481;unknown;sale;Калининский;1;5;55;Новосибирск;2950000;;1; Магистральная;36.0;Заельцовская;https://novosibirsk.cian.ru/sale/flat/323331092/?mlSearchSessionGuid=11715bfba34fa7f8cf25ba6717eac38d
flat;Ассоциация застройщиков;real_estate_agent;sale;Ленинский;2;5;36;Новосибирск;3000000;;1;Курганская ;29.0;Площадь Маркса;https://novosibirsk.cian.ru/sale/flat/326951239/?mlSearchSessionGuid=11715bfba34fa7f8cf25ba6717eac38d
flat;PRO Недвижимость;real_estate_agent;sale;Кировский;3;5;40;Новосибирск;3100000;;1; Зорге;29.0;Площадь Маркса;https://novosibirsk.cian.ru/sale/flat/327055412/?mlSearchSessionGuid=11715bfba34fa7f8cf25ba6717eac38d
flat;РайоныКварталы;real_estate_agent;sale;Ленинский;6;16;3/1;Новосибирск;3100000;;1; Невельского;25.3;Площадь Маркса;https://novosibirsk.cian.ru/sale/flat/326987851/?mlSearchSessionGuid=11715bfba34fa7f8cf25ba6717eac38d
flat;РайоныКварталы;real_estate_agent;sale;Первомайский;2;5;9;Новосибирск;3200000;;1;Звездная ;30.6;Речной вокзал;https://novosibirsk.cian.ru/sale/flat/325062166/?mlSearchSessionGuid=11715bfba34fa7f8cf25ba6717eac38d
flat;РайоныКварталы;real_estate_agent;sale;Ленинский;1;10;86/1;Новосибирск;3300000;;1; Пархоменко;34.0;Площадь Маркса;https://novosibirsk.cian.ru/sale/flat/324851468/?mlSearchSessionGuid=11715bfba34fa7f8cf25ba6717eac38d
flat;Брусника Обмен;real_estate_agent;sale;Ленинский;5;5;28/5;Новосибирск;3300000;;2; Немировича-Данченко;44.2;Площадь Маркса;https://novosibirsk.cian.ru/sale/flat/325806204/?mlSearchSessionGuid=11715bfba34fa7f8cf25ba6717eac38d
flat;Владис Центральное;real_estate_agent;sale;Кировский;1;5;87;Новосибирск;3500000;;2; Зорге;44.0;Площадь Маркса;https://novosibirsk.cian.ru/sale/flat/326501630/?mlSearchSessionGuid=11715bfba34fa7f8cf25ba6717eac38d
flat;ID 47500235;unknown;sale;Кировский;5;10;99;Новосибирск;3550000;Матрешкин двор;1; Петухова;25.0;Студенческая;https://novosibirsk.cian.ru/sale/flat/322331491/?mlSearchSessionGuid=11715bfba34fa7f8cf25ba6717eac38d
flat;Олеся Гудович;realtor;sale;Калининский;4;5;27/2;Новосибирск;3640000;;1; Макаренко;30.3;Заельцовская;https://novosibirsk.cian.ru/sale/flat/326294976/?mlSearchSessionGuid=11715bfba34fa7f8cf25ba6717eac38d
flat;РайоныКварталы;real_estate_agent;sale;Октябрьский;5;10;46/1;Новосибирск;3650000;Плющихинский;1; Татьяны Снежиной;36.7;Золотая Нива;https://novosibirsk.cian.ru/sale/flat/326931484/?mlSearchSessionGuid=11715bfba34fa7f8cf25ba6717eac38d
flat;2ПН;real_estate_agent;sale;Кировский;2;10;18;Новосибирск;3660000;Просторный;2; Виктора Шевелева;48.78;Студенческая;https://novosibirsk.cian.ru/sale/flat/324154641/?mlSearchSessionGuid=11715bfba34fa7f8cf25ba6717eac38d
flat;РайоныКварталы;real_estate_agent;sale;Ленинский;1;9;139;Новосибирск;3699999;;1; Связистов;29.5;Площадь Маркса;https://novosibirsk.cian.ru/sale/flat/322999291/?mlSearchSessionGuid=11715bfba34fa7f8cf25ba6717eac38d
flat;РайоныКварталы;real_estate_agent;sale;Кировский;15;17;170;Новосибирск;3790000;;1; Петухова;36.8;Площадь Маркса;https://novosibirsk.cian.ru/sale/flat/323376178/?mlSearchSessionGuid=11715bfba34fa7f8cf25ba6717eac38d
flat;РайоныКварталы;real_estate_agent;sale;Калининский;13;16;66;Новосибирск;3800000;На Фадеева;1; Фадеева;27.9;Заельцовская;https://novosibirsk.cian.ru/sale/flat/326735976/?mlSearchSessionGuid=11715bfba34fa7f8cf25ba6717eac38d
flat;Владис Центральное;real_estate_agent;sale;Ленинский;4;10;15;Новосибирск;3800000;Чистая слобода;1;Спортивная ;36.8;Площадь Маркса;https://novosibirsk.cian.ru/sale/flat/325704197/?mlSearchSessionGuid=11715bfba34fa7f8cf25ba6717eac38d
flat;ID 138832191;homeowner;sale;Калининский;2;5;23;Новосибирск;3800000;;2; Новоуральская;41.6;Заельцовская;https://novosibirsk.cian.ru/sale/flat/326271217/?mlSearchSessionGuid=11715bfba34fa7f8cf25ba6717eac38d
flat;РайоныКварталы;real_estate_agent;sale;Заельцовский;5;5;19;Новосибирск;3900000;;1; Дмитрия Донского;31.2;Заельцовская;https://novosibirsk.cian.ru/sale/flat/320586439/?mlSearchSessionGuid=11715bfba34fa7f8cf25ba6717eac38d
flat;2ПН;real_estate_agent;sale;Октябрьский;10;11;9;Новосибирск;3985000;Плющихинский;2; Плющихинская;58.75;Золотая Нива;https://novosibirsk.cian.ru/sale/flat/320613916/?mlSearchSessionGuid=11715bfba34fa7f8cf25ba6717eac38d
flat;РайоныКварталы;real_estate_agent;sale;Ленинский;1;5;79;Новосибирск;3980000;;2; Невельского;43.0;Площадь Маркса;https://novosibirsk.cian.ru/sale/flat/324310249/?mlSearchSessionGuid=11715bfba34fa7f8cf25ba6717eac38d
flat;РайоныКварталы;real_estate_agent;sale;Кировский;13;17;13;Новосибирск;3990000;;1; Виктора Уса;42.3;Площадь Маркса;https://novosibirsk.cian.ru/sale/flat/320545765/?mlSearchSessionGuid=11715bfba34fa7f8cf25ba6717eac38d
flat;РайоныКварталы;real_estate_agent;sale;Дзержинский;3;5;254;Новосибирск;4000000;;1; Бориса Богаткова;32.0;Золотая Нива;https://novosibirsk.cian.ru/sale/flat/326928672/?mlSearchSessionGuid=11715bfba34fa7f8cf25ba6717eac38d
flat;Брокер Кэпитал;real_estate_agent;sale;Ленинский;1;10;41;Новосибирск;4000000;;2;Троллейная ;32.1;Площадь Маркса;https://novosibirsk.cian.ru/sale/flat/326913845/?mlSearchSessionGuid=11715bfba34fa7f8cf25ba6717eac38d
flat;РайоныКварталы;real_estate_agent;sale;Советский;5;5;3;Новосибирск;4020000;;3; Молодости;60.0;Студенческая;https://novosibirsk.cian.ru/sale/flat/320624319/?mlSearchSessionGuid=11715bfba34fa7f8cf25ba6717eac38d
flat;РайоныКварталы;real_estate_agent;sale;Дзержинский;9;22;120;Новосибирск;4000000;RedFox;-1; Коминтерна;27.9;Золотая Нива;https://novosibirsk.cian.ru/sale/flat/320578667/?mlSearchSessionGuid=11715bfba34fa7f8cf25ba6717eac38d
flat;Хорошие люди;real_estate_agent;sale;Ленинский;2;9;141;Новосибирск;4000000;;2; Связистов;41.6;Площадь Маркса;https://novosibirsk.cian.ru/sale/flat/324579021/?mlSearchSessionGuid=11715bfba34fa7f8cf25ba6717eac38d
flat;2ПН;real_estate_agent;sale;Октябрьский;6;10;54/1;Новосибирск;4050000;Плющихинский;1; В. Высоцкого;42.4;Золотая Нива;https://novosibirsk.cian.ru/sale/flat/326062735/?mlSearchSessionGuid=11715bfba34fa7f8cf25ba6717eac38d
flat;РайоныКварталы;real_estate_agent;sale;Ленинский;4;5;4/1;Новосибирск;4100000;;2; Немировича-Данченко;44.1;Площадь Маркса;https://novosibirsk.cian.ru/sale/flat/320545738/?mlSearchSessionGuid=11715bfba34fa7f8cf25ba6717eac38d
flat;РайоныКварталы;real_estate_agent;sale;Октябрьский;14;16;15;Новосибирск;4190000;Место;1;Ипподромская ;20.2;Октябрьская;https://novosibirsk.cian.ru/sale/flat/320546858/?mlSearchSessionGuid=11715bfba34fa7f8cf25ba6717eac38d
flat;ЖИЛФОНД;real_estate_agent;sale;Калининский;8;16;39;Новосибирск;4200000;Тайгинский парк;1;Тайгинская ;35.0;Заельцовская;https://novosibirsk.cian.ru/sale/flat/297224471/?mlSearchSessionGuid=11715bfba34fa7f8cf25ba6717eac38d
flat;Брусника Обмен;real_estate_agent;sale;Кировский;5;17;170;Новосибирск;4200000;;1; Петухова;37.0;Площадь Маркса;https://novosibirsk.cian.ru/sale/flat/326582829/?mlSearchSessionGuid=11715bfba34fa7f8cf25ba6717eac38d
flat;Хорошие люди;real_estate_agent;sale;Кировский;15;17;22/1;Новосибирск;4200000;Семейный квартал;1;Бронная ;40.7;Площадь Маркса;https://novosibirsk.cian.ru/sale/flat/312466100/?mlSearchSessionGuid=11715bfba34fa7f8cf25ba6717eac38d
flat;РайоныКварталы;real_estate_agent;sale;Ленинский;2;9;28/1;Новосибирск;4250000;;2; Немировича-Данченко;43.6;Площадь Маркса;https://novosibirsk.cian.ru/sale/flat/324787827/?mlSearchSessionGuid=11715bfba34fa7f8cf25ba6717eac38d
flat;РайоныКварталы;real_estate_agent;sale;Кировский;18;27;13;Новосибирск;4300000;;1; Оловозаводская;30.1;Студенческая;https://novosibirsk.cian.ru/sale/flat/325626186/?mlSearchSessionGuid=11715bfba34fa7f8cf25ba6717eac38d
flat;РайоныКварталы;real_estate_agent;sale;Кировский;17;17;22;Новосибирск;4300000;Семейный квартал;1;Бронная ;40.3;Площадь Маркса;https://novosibirsk.cian.ru/sale/flat/320585335/?mlSearchSessionGuid=11715bfba34fa7f8cf25ba6717eac38d
flat;Ассоциация застройщиков;real_estate_agent;sale;Октябрьский;3;11;41/5;Новосибирск;4490000;;1; В. Высоцкого;42.4;Золотая Нива;https://novosibirsk.cian.ru/sale/flat/326945881/?mlSearchSessionGuid=11715bfba34fa7f8cf25ba6717eac38d
flat;Владис Центральное;real_estate_agent;sale;Дзержинский;5;5;35;Новосибирск;4450000;;2; Лазарева;45.1;Березовая Роща;https://novosibirsk.cian.ru/sale/flat/321049586/?mlSearchSessionGuid=11715bfba34fa7f8cf25ba6717eac38d
flat;РЕГИОНАЛЬНЫЙ ЦЕНТР НЕДВИЖИМОСТИ;real_estate_agent;sale;Октябрьский;3;10;64;Новосибирск;4450000;Плющихинский;1; В. Высоцкого;53.8;Золотая Нива;https://novosibirsk.cian.ru/sale/flat/321875602/?mlSearchSessionGuid=11715bfba34fa7f8cf25ba6717eac38d
flat;МАРКОВЪ ДОМЪ;real_estate_agent;sale;Октябрьский;6;10;;Новосибирск;4500000;Плющихинский;2;Плющихинский жилмассив;58.72;Золотая Нива;https://novosibirsk.cian.ru/sale/flat/323840310/?mlSearchSessionGuid=11715bfba34fa7f8cf25ba6717eac38d
flat;РайоныКварталы;real_estate_agent;sale;Ленинский;8;12;7;Новосибирск;4500000;;2;Новосибирская ;46.7;Площадь Маркса;https://novosibirsk.cian.ru/sale/flat/326735975/?mlSearchSessionGuid=11715bfba34fa7f8cf25ba6717eac38d
flat;Novodom;real_estate_agent;sale;Кировский;5;5;15;Новосибирск;4500000;Золотая роща;1;Пригородная ;32.0;Площадь Маркса;https://novosibirsk.cian.ru/sale/flat/324425580/?mlSearchSessionGuid=11715bfba34fa7f8cf25ba6717eac38d
flat;Абсолют Банк;real_estate_agent;sale;Ленинский;1;5;12;Новосибирск;4541000;;3; 9-й Гвардейской Дивизии;56.3;Площадь Маркса;https://novosibirsk.cian.ru/sale/flat/326348159/?mlSearchSessionGuid=11715bfba34fa7f8cf25ba6717eac38d
flat;ID 138826067;homeowner;sale;Ленинский;16;16;72;Новосибирск;4500000;;1;;25.8;Студенческая;https://novosibirsk.cian.ru/sale/flat/326576424/?mlSearchSessionGuid=11715bfba34fa7f8cf25ba6717eac38d
flat;Этажи;real_estate_agent;sale;Октябрьский;8;19;31;Новосибирск;4550000;Молодёжный;1; Михаила Кулагина;25.3;Золотая Нива;https://novosibirsk.cian.ru/sale/flat/324798884/?mlSearchSessionGuid=11715bfba34fa7f8cf25ba6717eac38d
flat;Брусника Обмен;real_estate_agent;sale;Ленинский;10;12;6/1;Новосибирск;4550000;Дивногорский;1; Романтиков;38.6;Площадь Маркса;https://novosibirsk.cian.ru/sale/flat/325473495/?mlSearchSessionGuid=11715bfba34fa7f8cf25ba6717eac38d
flat;ОЛИМП;real_estate_agent;sale;Советский;8;18;31;Новосибирск;4650000;;1; Балтийская;28.5;;https://novosibirsk.cian.ru/sale/flat/320284464/?mlSearchSessionGuid=11715bfba34fa7f8cf25ba6717eac38d
flat;Хорошие люди;real_estate_agent;sale;Калининский;1;5;16/1;Новосибирск;4690000;;2; Богдана Хмельницкого;43.0;Заельцовская;https://novosibirsk.cian.ru/sale/flat/319575910/?mlSearchSessionGuid=11715bfba34fa7f8cf25ba6717eac38d
flat;РайоныКварталы;real_estate_agent;sale;Октябрьский;1;2;1;Новосибирск;4790000;;2;Тополевая ;55.2;Октябрьская;https://novosibirsk.cian.ru/sale/flat/322628862/?mlSearchSessionGuid=11715bfba34fa7f8cf25ba6717eac38d
flat;МаяК;real_estate_agent;sale;Калининский;7;11;8/1;Новосибирск;4800000;;1; Михаила Немыткина;37.3;Заельцовская;https://novosibirsk.cian.ru/sale/flat/326228025/?mlSearchSessionGuid=11715bfba34fa7f8cf25ba6717eac38d
flat;Кольцовская служба недвижимости;real_estate_agent;sale;Первомайский;1;10;32/2;Новосибирск;4800000;;3; Героев Революции;58.7;Спортивная;https://novosibirsk.cian.ru/sale/flat/319169483/?mlSearchSessionGuid=11715bfba34fa7f8cf25ba6717eac38d
flat;РайоныКварталы;real_estate_agent;sale;Октябрьский;4;20;20;Новосибирск;4850000;;1;Вилюйская ;27.7;Речной вокзал;https://novosibirsk.cian.ru/sale/flat/326343290/?mlSearchSessionGuid=11715bfba34fa7f8cf25ba6717eac38d
flat;Брусника Обмен;real_estate_agent;sale;Дзержинский;16;21;12/1;Новосибирск;4850000;Изумрудный город;1; Есенина;38.2;Золотая Нива;https://novosibirsk.cian.ru/sale/flat/325471586/?mlSearchSessionGuid=11715bfba34fa7f8cf25ba6717eac38d
flat;РайоныКварталы;real_estate_agent;sale;Октябрьский;10;14;14;Новосибирск;4900000;;1; Ключ-Камышенское плато;46.0;Спортивная;https://novosibirsk.cian.ru/sale/flat/322587287/?mlSearchSessionGuid=11715bfba34fa7f8cf25ba6717eac38d
flat;РайоныКварталы;real_estate_agent;sale;Ленинский;15;27;39;Новосибирск;4900000;Радуга;1;Волховская ;46.0;Площадь Маркса;https://novosibirsk.cian.ru/sale/flat/325365742/?mlSearchSessionGuid=11715bfba34fa7f8cf25ba6717eac38d
flat;Брусника Обмен;real_estate_agent;sale;Октябрьский;3;5;161;Новосибирск;4990000;;3;Большевистская ;55.9;Спортивная;https://novosibirsk.cian.ru/sale/flat/325473494/?mlSearchSessionGuid=11715bfba34fa7f8cf25ba6717eac38d
flat;РайоныКварталы;real_estate_agent;sale;Заельцовский;8;9;2/1;Новосибирск;4950000;;1; Дуси Ковальчук;34.9;Площадь Гарина-Михайловского;https://novosibirsk.cian.ru/sale/flat/324682234/?mlSearchSessionGuid=11715bfba34fa7f8cf25ba6717eac38d
flat;РайоныКварталы;real_estate_agent;sale;Калининский;3;5;30;Новосибирск;4999999;;2;Народная ;41.2;Заельцовская;https://novosibirsk.cian.ru/sale/flat/320727827/?mlSearchSessionGuid=11715bfba34fa7f8cf25ba6717eac38d
flat;МакроМир;real_estate_agent;sale;Ленинский;4;5;82;Новосибирск;5000000;;3; Пархоменко;59.0;Площадь Маркса;https://novosibirsk.cian.ru/sale/flat/327029674/?mlSearchSessionGuid=11715bfba34fa7f8cf25ba6717eac38d
flat;РайоныКварталы;real_estate_agent;sale;Кировский;2;9;121;Новосибирск;5000000;;3; Зорге;61.0;Площадь Маркса;https://novosibirsk.cian.ru/sale/flat/324888995/?mlSearchSessionGuid=11715bfba34fa7f8cf25ba6717eac38d
flat;РайоныКварталы;real_estate_agent;sale;Первомайский;1;16;41;Новосибирск;5000000;Весенний;1; Заречная;37.6;Речной вокзал;https://novosibirsk.cian.ru/sale/flat/323891379/?mlSearchSessionGuid=11715bfba34fa7f8cf25ba6717eac38d
flat;Брусника Обмен;real_estate_agent;sale;Советский;20;21;40;Новосибирск;5000000;;1; Русская;30.7;;https://novosibirsk.cian.ru/sale/flat/326582832/?mlSearchSessionGuid=11715bfba34fa7f8cf25ba6717eac38d
flat;РайоныКварталы;real_estate_agent;sale;Дзержинский;4;4;13/5;Новосибирск;5100000;Свобода;1; Заслонова;38.6;Золотая Нива;https://novosibirsk.cian.ru/sale/flat/325669743/?mlSearchSessionGuid=11715bfba34fa7f8cf25ba6717eac38d
flat;Домой;real_estate_agent;sale;Ленинский;5;9;121;Новосибирск;5150000;Софийский Квартал;1;Вертковская ;37.6;Площадь Маркса;https://novosibirsk.cian.ru/sale/flat/321871907/?mlSearchSessionGuid=11715bfba34fa7f8cf25ba6717eac38d
flat;Надежда Иванова;realtor;sale;Заельцовский;20;25;52/2;Новосибирск;5200000;Чкалов;1;Светлановская ;26.9;Заельцовская;https://novosibirsk.cian.ru/sale/flat/326150479/?mlSearchSessionGuid=11715bfba34fa7f8cf25ba6717eac38d
flat;РайоныКварталы;real_estate_agent;sale;Первомайский;9;25;25;Новосибирск;5200000;Манхэттен;1; Героев Революции;37.0;Спортивная;https://novosibirsk.cian.ru/sale/flat/320545657/?mlSearchSessionGuid=11715bfba34fa7f8cf25ba6717eac38d
flat;Вертикаль;real_estate_agent;sale;Дзержинский;5;5;39;Новосибирск;5200000;;2; Есенина;42.3;Золотая Нива;https://novosibirsk.cian.ru/sale/flat/326021950/?mlSearchSessionGuid=11715bfba34fa7f8cf25ba6717eac38d
flat;ID 47500235;unknown;sale;Октябрьский;8;10;18;Новосибирск;5200000;;2;Лазурная ;51.9;Золотая Нива;https://novosibirsk.cian.ru/sale/flat/326539348/?mlSearchSessionGuid=11715bfba34fa7f8cf25ba6717eac38d
flat;Евгения Харитонова;realtor;sale;Калининский;8;14;327/2;Новосибирск;5200000;Infinity;1;Красный проспект;36.6;Заельцовская;https://novosibirsk.cian.ru/sale/flat/326650859/?mlSearchSessionGuid=11715bfba34fa7f8cf25ba6717eac38d
flat;Ново-Николаевскъ;real_estate_agent;sale;Заельцовский;23;26;182/3;Новосибирск;5250000;Тайм Парк Апартаменты;-1;Красный проспект;28.0;Заельцовская;https://novosibirsk.cian.ru/sale/flat/326910522/?mlSearchSessionGuid=11715bfba34fa7f8cf25ba6717eac38d
flat;ProstOr;real_estate_agent;sale;Октябрьский;2;10;9;Новосибирск;5300000;Плющихинский;2; Плющихинская;58.6;Золотая Нива;https://novosibirsk.cian.ru/sale/flat/314815455/?mlSearchSessionGuid=11715bfba34fa7f8cf25ba6717eac38d
flat;РайоныКварталы;real_estate_agent;sale;Заельцовский;4;5;15/1;Новосибирск;5300000;;3;Холодильная ;57.9;Заельцовская;https://novosibirsk.cian.ru/sale/flat/320582026/?mlSearchSessionGuid=11715bfba34fa7f8cf25ba6717eac38d
flat;Хорошие люди;real_estate_agent;sale;Октябрьский;3;5;5;Новосибирск;5300000;;2; Гаранина;43.3;Золотая Нива;https://novosibirsk.cian.ru/sale/flat/323405765/?mlSearchSessionGuid=11715bfba34fa7f8cf25ba6717eac38d
flat;РайоныКварталы;real_estate_agent;sale;Ленинский;10;18;255/2;Новосибирск;5380000;Чистая слобода;2; Титова;50.3;Площадь Маркса;https://novosibirsk.cian.ru/sale/flat/323125275/?mlSearchSessionGuid=11715bfba34fa7f8cf25ba6717eac38d
flat;РайоныКварталы;real_estate_agent;sale;Калининский;8;17;5;Новосибирск;5390000;Квартал на Игарской;1;Игарская ;47.2;Заельцовская;https://novosibirsk.cian.ru/sale/flat/321607596/?mlSearchSessionGuid=11715bfba34fa7f8cf25ba6717eac38d
flat;РайоныКварталы;real_estate_agent;sale;Калининский;9;17;33;Новосибирск;5380000;Квартал на Игарской;1;Игарская ;47.2;Заельцовская;https://novosibirsk.cian.ru/sale/flat/321607599/?mlSearchSessionGuid=11715bfba34fa7f8cf25ba6717eac38d
flat;РайоныКварталы;real_estate_agent;sale;Заельцовский;5;17;49;Новосибирск;5400000;Нормандия-Неман;1; Аэропорт;32.4;Заельцовская;https://novosibirsk.cian.ru/sale/flat/320578672/?mlSearchSessionGuid=11715bfba34fa7f8cf25ba6717eac38d
flat;Ново-Николаевскъ;real_estate_agent;sale;Заельцовский;2;5;16;Новосибирск;5400000;;3;Холодильная ;43.0;Заельцовская;https://novosibirsk.cian.ru/sale/flat/317545929/?mlSearchSessionGuid=11715bfba34fa7f8cf25ba6717eac38d
flat;Дом Профи;real_estate_agent;sale;Заельцовский;15;19;3;Новосибирск;5550000;Тимирязевский;1; Вавилова;25.0;Заельцовская;https://novosibirsk.cian.ru/sale/flat/309376366/?mlSearchSessionGuid=11715bfba34fa7f8cf25ba6717eac38d
flat;Брусника Обмен;real_estate_agent;sale;Железнодорожный;6;9;2;Новосибирск;5550000;;2;Железнодорожная ;44.9;Площадь Гарина-Михайловского;https://novosibirsk.cian.ru/sale/flat/326582839/?mlSearchSessionGuid=11715bfba34fa7f8cf25ba6717eac38d
flat;РайоныКварталы;real_estate_agent;sale;Дзержинский;3;10;8/5;Новосибирск;5500000;;1; Есенина;33.9;Золотая Нива;https://novosibirsk.cian.ru/sale/flat/325898938/?mlSearchSessionGuid=11715bfba34fa7f8cf25ba6717eac38d
flat;РайоныКварталы;real_estate_agent;sale;Кировский;1;9;146;Новосибирск;5500000;;4; Петухова;69.9;Площадь Маркса;https://novosibirsk.cian.ru/sale/flat/326304136/?mlSearchSessionGuid=11715bfba34fa7f8cf25ba6717eac38d
flat;Города Новосибирск;real_estate_agent;sale;Кировский;24;26;13;Новосибирск;5600000;;1; Оловозаводская;38.0;Студенческая;https://novosibirsk.cian.ru/sale/flat/325491219/?mlSearchSessionGuid=11715bfba34fa7f8cf25ba6717eac38d
flat;РайоныКварталы;real_estate_agent;sale;Калининский;3;9;1;Новосибирск;5600000;Цивилизация;1; Василия Клевцова;42.0;Заельцовская;https://novosibirsk.cian.ru/sale/flat/321404915/?mlSearchSessionGuid=11715bfba34fa7f8cf25ba6717eac38d
flat;Ново-Николаевскъ;real_estate_agent;sale;Центральный;3;5;22;Новосибирск;5600000;;2; Достоевского;46.6;Сибирская;https://novosibirsk.cian.ru/sale/flat/324729411/?mlSearchSessionGuid=11715bfba34fa7f8cf25ba6717eac38d
flat;Брокер Кэпитал;real_estate_agent;sale;Калининский;8;9;23;Новосибирск;5650000;;3; Объединения;63.0;Заельцовская;https://novosibirsk.cian.ru/sale/flat/323726578/?mlSearchSessionGuid=11715bfba34fa7f8cf25ba6717eac38d
flat;РайоныКварталы;real_estate_agent;sale;Калининский;8;9;5;Новосибирск;5700000;;3; Красных Зорь;62.9;Заельцовская;https://novosibirsk.cian.ru/sale/flat/322338940/?mlSearchSessionGuid=11715bfba34fa7f8cf25ba6717eac38d
flat;Хорошие люди;real_estate_agent;sale;Ленинский;16;18;102;Новосибирск;5700000;Радуга Сибири;2; Забалуева;47.47;Площадь Маркса;https://novosibirsk.cian.ru/sale/flat/310860934/?mlSearchSessionGuid=11715bfba34fa7f8cf25ba6717eac38d
flat;Илья Вахрин;realtor;sale;Советский;4;6;160;Новосибирск;5700000;;2; Ивлева;61.2;Студенческая;https://novosibirsk.cian.ru/sale/flat/305203205/?mlSearchSessionGuid=11715bfba34fa7f8cf25ba6717eac38d
flat;РайоныКварталы;real_estate_agent;sale;Октябрьский;3;9;37;Новосибирск;5800000;;1; В. Высоцкого;41.5;Золотая Нива;https://novosibirsk.cian.ru/sale/flat/326171564/?mlSearchSessionGuid=11715bfba34fa7f8cf25ba6717eac38d
flat;Ассоциация застройщиков;real_estate_agent;sale;Дзержинский;12;15;89;Новосибирск;5890000;Gorizont;2; Коминтерна;47.0;Золотая Нива;https://novosibirsk.cian.ru/sale/flat/326738822/?mlSearchSessionGuid=11715bfba34fa7f8cf25ba6717eac38d
flat;ID 126439956;homeowner;sale;Советский;8;9;8;Новосибирск;5950000;;1; Полевая;38.2;;https://novosibirsk.cian.ru/sale/flat/312084720/?mlSearchSessionGuid=11715bfba34fa7f8cf25ba6717eac38d
flat;ЖИЛФОНД;real_estate_agent;sale;Ленинский;5;5;39;Новосибирск;6000000;;3; Титова;57.8;Площадь Маркса;https://novosibirsk.cian.ru/sale/flat/300771208/?mlSearchSessionGuid=11715bfba34fa7f8cf25ba6717eac38d
flat;ЖИЛФОНД;real_estate_agent;sale;Заельцовский;1;9;127;Новосибирск;6000000;;3; Кропоткина;59.9;Гагаринская;https://novosibirsk.cian.ru/sale/flat/300630303/?mlSearchSessionGuid=11715bfba34fa7f8cf25ba6717eac38d
flat;Этажи;real_estate_agent;sale;;5;5;74;Новосибирск;6000000;;3; Солидарности;57.4;Заельцовская;https://novosibirsk.cian.ru/sale/flat/326639545/?mlSearchSessionGuid=11715bfba34fa7f8cf25ba6717eac38d
flat;PRO Недвижимость;real_estate_agent;sale;Дзержинский;16;17;56;Новосибирск;6000000;;1; Красина;39.3;Березовая Роща;https://novosibirsk.cian.ru/sale/flat/323405711/?mlSearchSessionGuid=11715bfba34fa7f8cf25ba6717eac38d
flat;Хорошие люди;real_estate_agent;sale;Октябрьский;14;24;119;Новосибирск;6000000;Willart;1; Кирова;25.26;Октябрьская;https://novosibirsk.cian.ru/sale/flat/305017731/?mlSearchSessionGuid=11715bfba34fa7f8cf25ba6717eac38d
flat;Домой;real_estate_agent;sale;Советский;3;10;7;Новосибирск;6000000;;3; Лесосечная;63.3;Октябрьская;https://novosibirsk.cian.ru/sale/flat/323530273/?mlSearchSessionGuid=11715bfba34fa7f8cf25ba6717eac38d
flat;ProstOr;real_estate_agent;sale;Ленинский;5;9;27;Новосибирск;6050000;;3;Ударная ;60.1;Площадь Маркса;https://novosibirsk.cian.ru/sale/flat/314281287/?mlSearchSessionGuid=11715bfba34fa7f8cf25ba6717eac38d
flat;Поляков;real_estate_agent;sale;Заельцовский;5;5;5/1;Новосибирск;6050000;;2; Михаила Перевозчикова;45.7;Заельцовская;https://novosibirsk.cian.ru/sale/flat/322381265/?mlSearchSessionGuid=11715bfba34fa7f8cf25ba6717eac38d
flat;ID 87577402;unknown;sale;Заельцовский;2;10;225;Новосибирск;6100000;;3;Линейная ;66.6;Гагаринская;https://novosibirsk.cian.ru/sale/flat/325693097/?mlSearchSessionGuid=11715bfba34fa7f8cf25ba6717eac38d
flat;Хорошие люди;real_estate_agent;sale;Кировский;1;17;11/2;Новосибирск;6120000;На Герцена;2; Герцена;64.7;Площадь Маркса;https://novosibirsk.cian.ru/sale/flat/322761705/?mlSearchSessionGuid=11715bfba34fa7f8cf25ba6717eac38d
flat;Кирилл Стариков;realtor;sale;Ленинский;14;23;10;Новосибирск;6100000;Оптимисты;1;Пермская ;35.28;Площадь Маркса;https://novosibirsk.cian.ru/sale/flat/327018437/?mlSearchSessionGuid=11715bfba34fa7f8cf25ba6717eac38d
flat;РайоныКварталы;real_estate_agent;sale;Калининский;1;9;7;Новосибирск;6199000;;2; Макаренко;50.0;Заельцовская;https://novosibirsk.cian.ru/sale/flat/322953419/?mlSearchSessionGuid=11715bfba34fa7f8cf25ba6717eac38d
flat;РайоныКварталы;real_estate_agent;sale;Октябрьский;4;10;6;Новосибирск;6200000;Ваш выбор;2;Вилюйская ;61.2;Речной вокзал;https://novosibirsk.cian.ru/sale/flat/320684648/?mlSearchSessionGuid=11715bfba34fa7f8cf25ba6717eac38d
flat;ID 139205923;homeowner;sale;Ленинский;8;10;4;Новосибирск;6200000;Чистая слобода;2;Спортивная ;58.0;Площадь Маркса;https://novosibirsk.cian.ru/sale/flat/326783126/?mlSearchSessionGuid=11715bfba34fa7f8cf25ba6717eac38d
flat;Чойгана Оюн;realtor;sale;Дзержинский;15;17;195/3;Новосибирск;6200000;Галактика;1; Николая Островского;27.0;Березовая Роща;https://novosibirsk.cian.ru/sale/flat/326578927/?mlSearchSessionGuid=11715bfba34fa7f8cf25ba6717eac38d
flat;Брусника Обмен;real_estate_agent;sale;Кировский;6;14;14/4;Новосибирск;6300000;Акатуйский;3; Петухова;64.0;Площадь Маркса;https://novosibirsk.cian.ru/sale/flat/326582831/?mlSearchSessionGuid=11715bfba34fa7f8cf25ba6717eac38d
flat;ID 134500897;homeowner;sale;Центральный;2;5;67А;Новосибирск;6300000;;2;Красный проспект;44.0;Красный Проспект;https://novosibirsk.cian.ru/sale/flat/326921958/?mlSearchSessionGuid=11715bfba34fa7f8cf25ba6717eac38d
flat;РайоныКварталы;real_estate_agent;sale;Ленинский;13;15;62;Новосибирск;6400000;На Шоссейной;1;1-я Шоссейная ;38.4;Площадь Гарина-Михайловского;https://novosibirsk.cian.ru/sale/flat/324766652/?mlSearchSessionGuid=11715bfba34fa7f8cf25ba6717eac38d
flat;Брусника Обмен;real_estate_agent;sale;Первомайский;14;16;21;Новосибирск;6400000;Весенний;1; Заречная;44.6;Речной вокзал;https://novosibirsk.cian.ru/sale/flat/326582828/?mlSearchSessionGuid=11715bfba34fa7f8cf25ba6717eac38d
flat;РайоныКварталы;real_estate_agent;sale;Октябрьский;13;17;1;Новосибирск;6500000;Ваш выбор;3;Вилюйская ;71.0;Речной вокзал;https://novosibirsk.cian.ru/sale/flat/320585330/?mlSearchSessionGuid=11715bfba34fa7f8cf25ba6717eac38d
flat;Хорошие люди;real_estate_agent;sale;Заельцовский;1;5;270;Новосибирск;6500000;;2; Дуси Ковальчук;50.2;Заельцовская;https://novosibirsk.cian.ru/sale/flat/323015816/?mlSearchSessionGuid=11715bfba34fa7f8cf25ba6717eac38d
flat;Брусника Обмен;real_estate_agent;sale;Октябрьский;1;10;122;Новосибирск;6500000;мкр. Европейский Берег;1;Большевистская ;35.0;Речной вокзал;https://novosibirsk.cian.ru/sale/flat/325781641/?mlSearchSessionGuid=11715bfba34fa7f8cf25ba6717eac38d
flat;Ново-Николаевскъ;real_estate_agent;sale;Дзержинский;9;10;10/1;Новосибирск;6500000;;1; Королева;38.0;Березовая Роща;https://novosibirsk.cian.ru/sale/flat/317545770/?mlSearchSessionGuid=11715bfba34fa7f8cf25ba6717eac38d
flat;Хорошие люди;real_estate_agent;sale;Железнодорожный;2;5;12;Новосибирск;6500000;;2;проспект Димитрова;44.2;Площадь Ленина;https://novosibirsk.cian.ru/sale/flat/318019096/?mlSearchSessionGuid=11715bfba34fa7f8cf25ba6717eac38d
flat;Александр Харахордин;realtor;sale;Заельцовский;13;21;238;Новосибирск;6500000;Ельцовский;1; Дуси Ковальчук;30.0;Заельцовская;https://novosibirsk.cian.ru/sale/flat/325530216/?mlSearchSessionGuid=11715bfba34fa7f8cf25ba6717eac38d
flat;ID 92121464;homeowner;sale;Заельцовский;5;8;188;Новосибирск;6500000;;1;Красный проспект;44.6;Заельцовская;https://novosibirsk.cian.ru/sale/flat/323678495/?mlSearchSessionGuid=11715bfba34fa7f8cf25ba6717eac38d
flat;Брусника Обмен;real_estate_agent;sale;Ленинский;15;24;12;Новосибирск;6570000;AUROOM;1;;41.7;Спортивная;https://novosibirsk.cian.ru/sale/flat/325662529/?mlSearchSessionGuid=11715bfba34fa7f8cf25ba6717eac38d
flat;РайоныКварталы;real_estate_agent;sale;Заельцовский;16;19;238;Новосибирск;6600000;Ельцовский;1; Дуси Ковальчук;37.3;Заельцовская;https://novosibirsk.cian.ru/sale/flat/327020601/?mlSearchSessionGuid=11715bfba34fa7f8cf25ba6717eac38d
flat;РайоныКварталы;real_estate_agent;sale;Октябрьский;4;25;42;Новосибирск;6600000;мкр. Европейский Берег;1; Владимира Заровного;35.1;Речной вокзал;https://novosibirsk.cian.ru/sale/flat/323680551/?mlSearchSessionGuid=11715bfba34fa7f8cf25ba6717eac38d
flat;ЖИЛФОНД;real_estate_agent;sale;Калининский;5;9;5;Новосибирск;6700000;Мкрн. Родники;3; Михаила Немыткина;73.5;Заельцовская;https://novosibirsk.cian.ru/sale/flat/302275022/?mlSearchSessionGuid=11715bfba34fa7f8cf25ba6717eac38d
flat;Брокер Кэпитал;real_estate_agent;sale;Кировский;4;5;17;Новосибирск;6650000;Золотая роща;2;Пригородная ;60.0;Студенческая;https://novosibirsk.cian.ru/sale/flat/323225089/?mlSearchSessionGuid=11715bfba34fa7f8cf25ba6717eac38d
flat;ID 91854241;realtor;sale;Дзержинский;3;9;7/1;Новосибирск;6750000;;3; Адриена Лежена;60.5;Золотая Нива;https://novosibirsk.cian.ru/sale/flat/323808515/?mlSearchSessionGuid=11715bfba34fa7f8cf25ba6717eac38d
flat;Ново-Николаевскъ;real_estate_agent;sale;Заельцовский;7;26;182/3;Новосибирск;6800000;Тайм Парк Апартаменты;2;Красный проспект;46.5;Заельцовская;https://novosibirsk.cian.ru/sale/flat/326934841/?mlSearchSessionGuid=11715bfba34fa7f8cf25ba6717eac38d
flat;Хорошие люди;real_estate_agent;sale;Заельцовский;4;5;90/1;Новосибирск;6900000;;2;Красный проспект;44.2;Гагаринская;https://novosibirsk.cian.ru/sale/flat/322967694/?mlSearchSessionGuid=11715bfba34fa7f8cf25ba6717eac38d
flat;Брокер Кэпитал;real_estate_agent;sale;Калининский;5;9;13;Новосибирск;6990000;;3; Богдана Хмельницкого;54.2;Заельцовская;https://novosibirsk.cian.ru/sale/flat/326504450/?mlSearchSessionGuid=11715bfba34fa7f8cf25ba6717eac38d
flat;Брусника Обмен;real_estate_agent;sale;Октябрьский;3;10;2/1;Новосибирск;7050000;;2; Никитина;55.1;Речной вокзал;https://novosibirsk.cian.ru/sale/flat/323186886/?mlSearchSessionGuid=11715bfba34fa7f8cf25ba6717eac38d
flat;РайоныКварталы;real_estate_agent;sale;Калининский;16;17;12;Новосибирск;7000000;Мкрн. Родники;2; Гребенщикова;53.0;Заельцовская;https://novosibirsk.cian.ru/sale/flat/320570556/?mlSearchSessionGuid=11715bfba34fa7f8cf25ba6717eac38d
flat;РайоныКварталы;real_estate_agent;sale;Заельцовский;6;14;1/6;Новосибирск;7000000;Легендарный-Северный;1; Аэропорт;42.5;Заельцовская;https://novosibirsk.cian.ru/sale/flat/321680724/?mlSearchSessionGuid=11715bfba34fa7f8cf25ba6717eac38d
flat;ID 109034593;homeowner;sale;Советский;3;24;17;Новосибирск;7000000;Пульсар;1; Мусы Джалиля;29.76;;https://novosibirsk.cian.ru/sale/flat/326398611/?mlSearchSessionGuid=11715bfba34fa7f8cf25ba6717eac38d
flat;Брусника Обмен;real_estate_agent;sale;Калининский;7;9;32/1;Новосибирск;7100000;;3;Народная ;63.2;Заельцовская;https://novosibirsk.cian.ru/sale/flat/326678806/?mlSearchSessionGuid=11715bfba34fa7f8cf25ba6717eac38d
flat;Главное звено;real_estate_agent;sale;Калининский;2;10;136;Новосибирск;7100000;;3; Кропоткина;58.7;Маршала Покрышкина;https://novosibirsk.cian.ru/sale/flat/323017315/?mlSearchSessionGuid=11715bfba34fa7f8cf25ba6717eac38d
flat;Поиск Метров;real_estate_agent;sale;Советский;5;5;28;Новосибирск;7150000;;3; Российская;61.7;;https://novosibirsk.cian.ru/sale/flat/326542468/?mlSearchSessionGuid=11715bfba34fa7f8cf25ba6717eac38d
flat;РайоныКварталы;real_estate_agent;sale;Заельцовский;16;16;4/2;Новосибирск;7200000;;1;Ельцовская ;42.4;Гагаринская;https://novosibirsk.cian.ru/sale/flat/326680788/?mlSearchSessionGuid=11715bfba34fa7f8cf25ba6717eac38d
flat;Агент 54;real_estate_agent;sale;Ленинский;7;12;38;Новосибирск;7177000;;2;Вертковская ;50.7;Площадь Маркса;https://novosibirsk.cian.ru/sale/flat/326927042/?mlSearchSessionGuid=11715bfba34fa7f8cf25ba6717eac38d
flat;РайоныКварталы;real_estate_agent;sale;Заельцовский;10;23;15;Новосибирск;7200000;на Галущака;2; Галущака;54.4;Гагаринская;https://novosibirsk.cian.ru/sale/flat/320548090/?mlSearchSessionGuid=11715bfba34fa7f8cf25ba6717eac38d
flat;Центр Недвижимости;real_estate_agent;sale;Советский;8;9;12;Новосибирск;7200000;;2; Полевая;52.0;;https://novosibirsk.cian.ru/sale/flat/326768555/?mlSearchSessionGuid=11715bfba34fa7f8cf25ba6717eac38d
flat;ID 87577402;unknown;sale;Октябрьский;5;17;43;Новосибирск;7200888;;2; Гаранина;43.8;Золотая Нива;https://novosibirsk.cian.ru/sale/flat/305304498/?mlSearchSessionGuid=11715bfba34fa7f8cf25ba6717eac38d
flat;Илья Вахрин;realtor;sale;Калининский;1;8;59/1;Новосибирск;7200000;На Народной;2;Народная ;51.9;Заельцовская;https://novosibirsk.cian.ru/sale/flat/326716043/?mlSearchSessionGuid=11715bfba34fa7f8cf25ba6717eac38d
flat;Брусника Обмен;real_estate_agent;sale;Октябрьский;9;10;89/4;Новосибирск;7250000;;2;Выборная ;64.8;Речной вокзал;https://novosibirsk.cian.ru/sale/flat/325183167/?mlSearchSessionGuid=11715bfba34fa7f8cf25ba6717eac38d
flat;РайоныКварталы;real_estate_agent;sale;Калининский;8;17;66/4;Новосибирск;7299000;На Фадеева;2; Фадеева;68.2;Заельцовская;https://novosibirsk.cian.ru/sale/flat/326516201/?mlSearchSessionGuid=11715bfba34fa7f8cf25ba6717eac38d
flat;РайоныКварталы;real_estate_agent;sale;Центральный;5;9;15;Новосибирск;7300000;;2;Трудовая ;41.2;Площадь Ленина;https://novosibirsk.cian.ru/sale/flat/323156919/?mlSearchSessionGuid=11715bfba34fa7f8cf25ba6717eac38d
flat;ЖИЛФОНД;real_estate_agent;sale;Октябрьский;9;10;13;Новосибирск;7400000;;4; В. Высоцкого;77.3;Золотая Нива;https://novosibirsk.cian.ru/sale/flat/292433407/?mlSearchSessionGuid=11715bfba34fa7f8cf25ba6717eac38d
flat;РайоныКварталы;real_estate_agent;sale;Октябрьский;5;25;9/2;Новосибирск;7499000;Европейский;1;Военная ;43.2;Октябрьская;https://novosibirsk.cian.ru/sale/flat/324384321/?mlSearchSessionGuid=11715bfba34fa7f8cf25ba6717eac38d
flat;МакроМир;real_estate_agent;sale;Дзержинский;13;21;12/1;Новосибирск;7500000;Изумрудный город;1; Есенина;40.0;Золотая Нива;https://novosibirsk.cian.ru/sale/flat/326984077/?mlSearchSessionGuid=11715bfba34fa7f8cf25ba6717eac38d
flat;РЕГИОНАЛЬНЫЙ ЦЕНТР НЕДВИЖИМОСТИ;real_estate_agent;sale;Заельцовский;2;12;268/3;Новосибирск;7500000;;2; Дуси Ковальчук;41.6;Заельцовская;https://novosibirsk.cian.ru/sale/flat/324071981/?mlSearchSessionGuid=11715bfba34fa7f8cf25ba6717eac38d
flat;Брусника Обмен;real_estate_agent;sale;Центральный;6;15;41;Новосибирск;7500000;Огни Сибири;1; Некрасова;28.6;Маршала Покрышкина;https://novosibirsk.cian.ru/sale/flat/326582837/?mlSearchSessionGuid=11715bfba34fa7f8cf25ba6717eac38d
flat;РайоныКварталы;real_estate_agent;sale;Железнодорожный;5;15;6;Новосибирск;7600000;Комсомольский проспект;1;Комсомольский проспект;28.4;Площадь Гарина-Михайловского;https://novosibirsk.cian.ru/sale/flat/325225383/?mlSearchSessionGuid=11715bfba34fa7f8cf25ba6717eac38d
flat;ID 87577402;unknown;sale;Заельцовский;8;9;18;Новосибирск;7600000;;3;Весенняя ;58.9;Заельцовская;https://novosibirsk.cian.ru/sale/flat/325715223/?mlSearchSessionGuid=11715bfba34fa7f8cf25ba6717eac38d
flat;Этажи;real_estate_agent;sale;Первомайский;13;19;2;Новосибирск;7600000;Флагман Холл;2; Заречная;56.7;Спортивная;https://novosibirsk.cian.ru/sale/flat/324530181/?mlSearchSessionGuid=11715bfba34fa7f8cf25ba6717eac38d
flat;ID 112528514;homeowner;sale;Октябрьский;3;10;21/2;Новосибирск;7600000;Плющихинский;3; Татьяны Снежиной;86.0;Золотая Нива;https://novosibirsk.cian.ru/sale/flat/326460894/?mlSearchSessionGuid=11715bfba34fa7f8cf25ba6717eac38d
flat;ID 135866422;realtor;sale;Дзержинский;9;17;31/1;Новосибирск;7650000;;2; Есенина;59.4;Золотая Нива;https://novosibirsk.cian.ru/sale/flat/322723042/?mlSearchSessionGuid=11715bfba34fa7f8cf25ba6717eac38d
flat;Брусника Обмен;real_estate_agent;sale;Октябрьский;5;17;100;Новосибирск;7800000;мкр. Европейский Берег;1;Большевистская ;45.7;Речной вокзал;https://novosibirsk.cian.ru/sale/flat/325928837/?mlSearchSessionGuid=11715bfba34fa7f8cf25ba6717eac38d
flat;РайоныКварталы;real_estate_agent;sale;Калининский;8;15;28;Новосибирск;7800000;Ежевика;2; Объединения;70.1;Заельцовская;https://novosibirsk.cian.ru/sale/flat/320684644/?mlSearchSessionGuid=11715bfba34fa7f8cf25ba6717eac38d
flat;Владис Центральное;real_estate_agent;sale;Дзержинский;5;5;4;Новосибирск;7890000;;2;проспект Дзержинского;61.4;Березовая Роща;https://novosibirsk.cian.ru/sale/flat/325029193/?mlSearchSessionGuid=11715bfba34fa7f8cf25ba6717eac38d
flat;Этажи;real_estate_agent;sale;Октябрьский;4;10;271/3;Новосибирск;7990000;;2;Пролетарская ;65.9;Речной вокзал;https://novosibirsk.cian.ru/sale/flat/323100329/?mlSearchSessionGuid=11715bfba34fa7f8cf25ba6717eac38d
flat;РайоныКварталы;real_estate_agent;sale;Железнодорожный;16;23;6;Новосибирск;7999999;Беринг;1; Прибрежная;40.0;Площадь Гарина-Михайловского;https://novosibirsk.cian.ru/sale/flat/321607600/?mlSearchSessionGuid=11715bfba34fa7f8cf25ba6717eac38d
flat;РайоныКварталы;real_estate_agent;sale;Октябрьский;5;24;115;Новосибирск;7999999;;1; Кирова;37.45;Октябрьская;https://novosibirsk.cian.ru/sale/flat/326514125/?mlSearchSessionGuid=11715bfba34fa7f8cf25ba6717eac38d
flat;РайоныКварталы;real_estate_agent;sale;Ленинский;9;15;2/1;Новосибирск;7900000;;1;Горская ;27.64;Спортивная;https://novosibirsk.cian.ru/sale/flat/326640825/?mlSearchSessionGuid=11715bfba34fa7f8cf25ba6717eac38d
flat;Novodom;real_estate_agent;sale;Дзержинский;3;14;195/1;Новосибирск;7990000;Галактика;2; Николая Островского;56.7;Березовая Роща;https://novosibirsk.cian.ru/sale/flat/325029495/?mlSearchSessionGuid=11715bfba34fa7f8cf25ba6717eac38d
flat;Брусника Обмен;real_estate_agent;sale;Дзержинский;15;25;23/2;Новосибирск;8000000;Золотая Нива;1; Кошурникова;43.1;Золотая Нива;https://novosibirsk.cian.ru/sale/flat/325654763/?mlSearchSessionGuid=11715bfba34fa7f8cf25ba6717eac38d
flat;МакроМир;real_estate_agent;sale;Октябрьский;18;25;11;Новосибирск;8300000;Закаменский-11;1;Закаменский мкр;42.1;Золотая Нива;https://novosibirsk.cian.ru/sale/flat/324854960/?mlSearchSessionGuid=11715bfba34fa7f8cf25ba6717eac38d
flat;РайоныКварталы;real_estate_agent;sale;Октябрьский;16;20;340;Новосибирск;8300000;BALANCE;1;Ленинградская ;45.3;Речной вокзал;https://novosibirsk.cian.ru/sale/flat/323037053/?mlSearchSessionGuid=11715bfba34fa7f8cf25ba6717eac38d
flat;РайоныКварталы;real_estate_agent;sale;Октябрьский;1;10;19;Новосибирск;8390000;;2; Лескова;63.5;Октябрьская;https://novosibirsk.cian.ru/sale/flat/326225059/?mlSearchSessionGuid=11715bfba34fa7f8cf25ba6717eac38d
flat;ID 131514506;realtor;sale;Октябрьский;10;20;154;Новосибирск;8300000;Марсель;1;2-я Обская ;45.7;Речной вокзал;https://novosibirsk.cian.ru/sale/flat/325241929/?mlSearchSessionGuid=11715bfba34fa7f8cf25ba6717eac38d
flat;Города Новосибирск;real_estate_agent;sale;Октябрьский;1;25;133/1;Новосибирск;8400000;Астон.Геометрия;2;Выборная ;65.0;Речной вокзал;https://novosibirsk.cian.ru/sale/flat/325919283/?mlSearchSessionGuid=11715bfba34fa7f8cf25ba6717eac38d
flat;Хорошие люди;real_estate_agent;sale;Заельцовский;1;10;261/2;Новосибирск;8499000;;2; Кропоткина;64.0;Гагаринская;https://novosibirsk.cian.ru/sale/flat/322015517/?mlSearchSessionGuid=11715bfba34fa7f8cf25ba6717eac38d
flat;МакроМир;real_estate_agent;sale;Железнодорожный;8;9;8/4;Новосибирск;8500000;;3;Железнодорожная ;56.6;Красный Проспект;https://novosibirsk.cian.ru/sale/flat/326378141/?mlSearchSessionGuid=11715bfba34fa7f8cf25ba6717eac38d
flat;ID 114372228;realtor;sale;Первомайский;15;17;61;Новосибирск;8500000;Весенний;2; Заречная;63.3;Спортивная;https://novosibirsk.cian.ru/sale/flat/327005599/?mlSearchSessionGuid=11715bfba34fa7f8cf25ba6717eac38d
flat;ID 137423383;homeowner;sale;Советский;9;17;3;Новосибирск;8500000;;2; 2-я Миргородская;55.0;;https://novosibirsk.cian.ru/sale/flat/324516826/?mlSearchSessionGuid=11715bfba34fa7f8cf25ba6717eac38d
flat;Елена Чапская;realtor;sale;Кировский;16;24;143/2;Новосибирск;8500000;Кварталы Немировича;3; Немировича-Данченко;52.0;Студенческая;https://novosibirsk.cian.ru/sale/flat/325089507/?mlSearchSessionGuid=11715bfba34fa7f8cf25ba6717eac38d
flat;РайоныКварталы;real_estate_agent;sale;Советский;3;18;15;Новосибирск;8600000;по ул. Бульвар Молодёжи, 15;1;бульвар Молодежи;40.8;;https://novosibirsk.cian.ru/sale/flat/324609315/?mlSearchSessionGuid=11715bfba34fa7f8cf25ba6717eac38d
flat;Ксения Голосуцкая;realtor;sale;Ленинский;2;9;11/1;Новосибирск;8700000;;2; Титова;53.9;Площадь Маркса;https://novosibirsk.cian.ru/sale/flat/325947042/?mlSearchSessionGuid=11715bfba34fa7f8cf25ba6717eac38d
flat;РайоныКварталы;real_estate_agent;sale;Октябрьский;10;24;6/1;Новосибирск;8700000;Марсель 2;1; Владимира Заровного;52.9;Речной вокзал;https://novosibirsk.cian.ru/sale/flat/323037054/?mlSearchSessionGuid=11715bfba34fa7f8cf25ba6717eac38d
flat;Брусника Обмен;real_estate_agent;sale;Кировский;3;6;25А;Новосибирск;8750000;;2; Аникина;92.1;Студенческая;https://novosibirsk.cian.ru/sale/flat/325588850/?mlSearchSessionGuid=11715bfba34fa7f8cf25ba6717eac38d
flat;Этажи;real_estate_agent;sale;Дзержинский;12;22;130;Новосибирск;8900000;RedFox;3; Коминтерна;80.49;Золотая Нива;https://novosibirsk.cian.ru/sale/flat/324585278/?mlSearchSessionGuid=11715bfba34fa7f8cf25ba6717eac38d
flat;РайоныКварталы;real_estate_agent;sale;Заельцовский;5;24;1А;Новосибирск;9010000;;3; Дуси Ковальчук;54.8;Площадь Гарина-Михайловского;https://novosibirsk.cian.ru/sale/flat/326514126/?mlSearchSessionGuid=11715bfba34fa7f8cf25ba6717eac38d
flat;ID 139002343;homeowner;sale;Заельцовский;18;26;;Новосибирск;9000000;Деловой Квартал;2; Дуси Ковальчук;58.5;Заельцовская;https://novosibirsk.cian.ru/sale/flat/326504089/?mlSearchSessionGuid=11715bfba34fa7f8cf25ba6717eac38d
flat;ID 117135474;homeowner;sale;Ленинский;18;24;12;Новосибирск;9000000;AUROOM;1;;45.59;Спортивная;https://novosibirsk.cian.ru/sale/flat/326192835/?mlSearchSessionGuid=11715bfba34fa7f8cf25ba6717eac38d
flat;ЖИЛФОНД;real_estate_agent;sale;Первомайский;7;10;4;Новосибирск;9100000;Весенний;3; Заречная;74.1;Спортивная;https://novosibirsk.cian.ru/sale/flat/301083053/?mlSearchSessionGuid=11715bfba34fa7f8cf25ba6717eac38d
flat;Екатерина Колесникова;realtor;sale;Калининский;5;5;26;Новосибирск;9149000;;3; Богдана Хмельницкого;76.4;Заельцовская;https://novosibirsk.cian.ru/sale/flat/322678093/?mlSearchSessionGuid=11715bfba34fa7f8cf25ba6717eac38d
flat;ЖИЛФОНД;real_estate_agent;sale;Дзержинский;5;9;9;Новосибирск;9200000;;5; Адриена Лежена;89.2;Золотая Нива;https://novosibirsk.cian.ru/sale/flat/290600866/?mlSearchSessionGuid=11715bfba34fa7f8cf25ba6717eac38d
flat;РайоныКварталы;real_estate_agent;sale;Октябрьский;10;20;340;Новосибирск;9500000;BALANCE;1;Ленинградская ;51.0;Речной вокзал;https://novosibirsk.cian.ru/sale/flat/320570557/?mlSearchSessionGuid=11715bfba34fa7f8cf25ba6717eac38d
flat;Владис Центральное;real_estate_agent;sale;Заельцовский;16;25;21/1;Новосибирск;9500000;Эталон;2; Дмитрия Донского;53.9;Заельцовская;https://novosibirsk.cian.ru/sale/flat/326178301/?mlSearchSessionGuid=11715bfba34fa7f8cf25ba6717eac38d
flat;Поляков;real_estate_agent;sale;Заельцовский;3;10;51;Новосибирск;9450000;Солнечные часы;2;Кубовая ;73.0;Заельцовская;https://novosibirsk.cian.ru/sale/flat/318638841/?mlSearchSessionGuid=11715bfba34fa7f8cf25ba6717eac38d
flat;Михаил Папарецкий;realtor;sale;Железнодорожный;5;5;35А;Новосибирск;9500000;;2;Советская ;52.6;Площадь Ленина;https://novosibirsk.cian.ru/sale/flat/326760713/?mlSearchSessionGuid=11715bfba34fa7f8cf25ba6717eac38d
flat;Екатерина Колесникова;realtor;sale;Центральный;7;10;2/2;Новосибирск;9500000;;4;Серебренниковская ;72.5;Октябрьская;https://novosibirsk.cian.ru/sale/flat/326187277/?mlSearchSessionGuid=11715bfba34fa7f8cf25ba6717eac38d
flat;РайоныКварталы;real_estate_agent;sale;Центральный;5;17;93;Новосибирск;9560000;Мылзавод;1; Семьи Шамшиных;43.2;Маршала Покрышкина;https://novosibirsk.cian.ru/sale/flat/326922620/?mlSearchSessionGuid=11715bfba34fa7f8cf25ba6717eac38d
flat;РайоныКварталы;real_estate_agent;sale;Центральный;5;17;93;Новосибирск;9555000;Мылзавод;1; Семьи Шамшиных;43.2;Маршала Покрышкина;https://novosibirsk.cian.ru/sale/flat/326922621/?mlSearchSessionGuid=11715bfba34fa7f8cf25ba6717eac38d
flat;НИЦ;real_estate_agent;sale;Заельцовский;7;9;28;Новосибирск;9790000;Дом на Песочной;3;Владимировская ;65.0;Площадь Гарина-Михайловского;https://novosibirsk.cian.ru/sale/flat/322435825/?mlSearchSessionGuid=11715bfba34fa7f8cf25ba6717eac38d
flat;ID 80817000;homeowner;sale;Ленинский;11;14;106;Новосибирск;9800000;Новый горизонт;3;Рельефная ;80.6;Площадь Маркса;https://novosibirsk.cian.ru/sale/flat/325903184/?mlSearchSessionGuid=11715bfba34fa7f8cf25ba6717eac38d
flat;РайоныКварталы;real_estate_agent;sale;Центральный;16;18;25;Новосибирск;9900000;На Трудовой;1;Трудовая ;38.0;Площадь Ленина;https://novosibirsk.cian.ru/sale/flat/325225381/?mlSearchSessionGuid=11715bfba34fa7f8cf25ba6717eac38d
flat;ID 135322212;homeowner;sale;Октябрьский;3;8;с48;Новосибирск;9990000;;2;Большевистская ;62.0;Октябрьская;https://novosibirsk.cian.ru/sale/flat/323048325/?mlSearchSessionGuid=11715bfba34fa7f8cf25ba6717eac38d
flat;Поляков;real_estate_agent;sale;Калининский;4;17;66/9;Новосибирск;10100000;На Фадеева;3; Фадеева;96.88;Заельцовская;https://novosibirsk.cian.ru/sale/flat/319530130/?mlSearchSessionGuid=11715bfba34fa7f8cf25ba6717eac38d
flat;ID 94654682;realtor;sale;Заельцовский;8;17;49;Новосибирск;10250000;Нормандия-Неман;3; Аэропорт;86.3;Заельцовская;https://novosibirsk.cian.ru/sale/flat/323823023/?mlSearchSessionGuid=11715bfba34fa7f8cf25ba6717eac38d
flat;РайоныКварталы;real_estate_agent;sale;Заельцовский;8;13;47/1;Новосибирск;10499999;Солнечные часы;2;Кубовая ;72.9;Заельцовская;https://novosibirsk.cian.ru/sale/flat/320977903/?mlSearchSessionGuid=11715bfba34fa7f8cf25ba6717eac38d
flat;РайоныКварталы;real_estate_agent;sale;Железнодорожный;13;20;6/1;Новосибирск;10500000;Беринг;1; Прибрежная;46.0;Площадь Гарина-Михайловского;https://novosibirsk.cian.ru/sale/flat/322333719/?mlSearchSessionGuid=11715bfba34fa7f8cf25ba6717eac38d
flat;Все Новые Дома;real_estate_agent;sale;Кировский;15;26;16;Новосибирск;10500000;Астон. Шесть звёзд;3; Аникина;103.0;Студенческая;https://novosibirsk.cian.ru/sale/flat/324970905/?mlSearchSessionGuid=11715bfba34fa7f8cf25ba6717eac38d
flat;ID 120003161;homeowner;sale;Заельцовский;18;22;96/3;Новосибирск;10490000;Сосны;2;Сухарная ;58.0;Площадь Гарина-Михайловского;https://novosibirsk.cian.ru/sale/flat/320890958/?mlSearchSessionGuid=11715bfba34fa7f8cf25ba6717eac38d
flat;ID 119280901;realtor;sale;Калининский;4;17;22;Новосибирск;10500000;Ельцовский парк;3;Танковая ;53.0;Заельцовская;https://novosibirsk.cian.ru/sale/flat/326341876/?mlSearchSessionGuid=11715bfba34fa7f8cf25ba6717eac38d
flat;Ново-Николаевскъ;real_estate_agent;sale;Заельцовский;7;17;242;Новосибирск;10600000;Возрождение;2; Дуси Ковальчук;69.0;Заельцовская;https://novosibirsk.cian.ru/sale/flat/326645834/?mlSearchSessionGuid=11715bfba34fa7f8cf25ba6717eac38d
flat;ProstOr;real_estate_agent;sale;Октябрьский;13;17;161;Новосибирск;10700000;Грибоедов;3;Коммунстроевская ;70.4;Золотая Нива;https://novosibirsk.cian.ru/sale/flat/321707784/?mlSearchSessionGuid=11715bfba34fa7f8cf25ba6717eac38d
flat;РайоныКварталы;real_estate_agent;sale;Октябрьский;2;9;с49;Новосибирск;11000000;;2;Большевистская ;65.05;Речной вокзал;https://novosibirsk.cian.ru/sale/flat/327064420/?mlSearchSessionGuid=11715bfba34fa7f8cf25ba6717eac38d
flat;Брокер Кэпитал;real_estate_agent;sale;Октябрьский;3;9;25/1;Новосибирск;11500000;На Декабристов;1; Сакко и Ванцетти;41.0;Речной вокзал;https://novosibirsk.cian.ru/sale/flat/326558748/?mlSearchSessionGuid=11715bfba34fa7f8cf25ba6717eac38d
flat;Ключи;real_estate_agent;sale;Октябрьский;6;25;26/2;Новосибирск;11600000;мкр. Европейский Берег;2; Владимира Заровного;64.5;Речной вокзал;https://novosibirsk.cian.ru/sale/flat/326232684/?mlSearchSessionGuid=11715bfba34fa7f8cf25ba6717eac38d
flat;Брусника Обмен;real_estate_agent;sale;Кировский;4;17;148/2;Новосибирск;11700000;Панорама;2; Немировича-Данченко;52.9;Спортивная;https://novosibirsk.cian.ru/sale/flat/324794209/?mlSearchSessionGuid=11715bfba34fa7f8cf25ba6717eac38d
flat;Центр Недвижимости;real_estate_agent;sale;Советский;11;13;38;Новосибирск;11650000;;2; Русская;67.0;;https://novosibirsk.cian.ru/sale/flat/323830843/?mlSearchSessionGuid=11715bfba34fa7f8cf25ba6717eac38d
flat;РайоныКварталы;real_estate_agent;sale;Ленинский;3;5;42;Новосибирск;12000000;;3;Вертковская ;110.4;Площадь Маркса;https://novosibirsk.cian.ru/sale/flat/320546861/?mlSearchSessionGuid=11715bfba34fa7f8cf25ba6717eac38d
flat;Этажи;real_estate_agent;sale;Центральный;12;30;93;Новосибирск;12200000;Мылзавод;2; Семьи Шамшиных;60.68;Маршала Покрышкина;https://novosibirsk.cian.ru/sale/flat/323063218/?mlSearchSessionGuid=11715bfba34fa7f8cf25ba6717eac38d
flat;ID 87648120;homeowner;sale;Калининский;9;9;77;Новосибирск;12300000;;3;Народная ;109.0;Заельцовская;https://novosibirsk.cian.ru/sale/flat/270368845/?mlSearchSessionGuid=11715bfba34fa7f8cf25ba6717eac38d
flat;Брусника Обмен;real_estate_agent;sale;Заельцовский;12;24;73/1;Новосибирск;12600000;Кларус Парк;2; Тимирязева;82.5;Заельцовская;https://novosibirsk.cian.ru/sale/flat/324265849/?mlSearchSessionGuid=11715bfba34fa7f8cf25ba6717eac38d
flat;РайоныКварталы;real_estate_agent;sale;Центральный;10;20;47;Новосибирск;12800000;Родонит;2; Орджоникидзе;81.6;Площадь Ленина;https://novosibirsk.cian.ru/sale/flat/320545654/?mlSearchSessionGuid=11715bfba34fa7f8cf25ba6717eac38d
flat;Олеся Гудович;realtor;sale;Октябрьский;10;17;18;Новосибирск;12990000;;3;Военная ;89.5;Октябрьская;https://novosibirsk.cian.ru/sale/flat/322536846/?mlSearchSessionGuid=11715bfba34fa7f8cf25ba6717eac38d
flat;ID 102162027;homeowner;sale;Железнодорожный;3;5;55;Новосибирск;13000000;;3;Советская ;68.0;Площадь Ленина;https://novosibirsk.cian.ru/sale/flat/326744545/?mlSearchSessionGuid=11715bfba34fa7f8cf25ba6717eac38d
flat;ID 132918265;homeowner;sale;Центральный;6;17;65;Новосибирск;13500000;по ул. Семьи Шамшиных;2; Семьи Шамшиных;65.0;Маршала Покрышкина;https://novosibirsk.cian.ru/sale/flat/319577883/?mlSearchSessionGuid=11715bfba34fa7f8cf25ba6717eac38d
flat;Города Новосибирск;real_estate_agent;sale;Заельцовский;14;23;220;Новосибирск;13800000;Нобель;2;Красный проспект;58.1;Заельцовская;https://novosibirsk.cian.ru/sale/flat/323950507/?mlSearchSessionGuid=11715bfba34fa7f8cf25ba6717eac38d
flat;ID 138953912;homeowner;sale;Октябрьский;22;24;32;Новосибирск;13800000;Римский квартал;1; Кирова;52.4;Октябрьская;https://novosibirsk.cian.ru/sale/flat/326438203/?mlSearchSessionGuid=11715bfba34fa7f8cf25ba6717eac38d
flat;РайоныКварталы;real_estate_agent;sale;Железнодорожный;10;25;18;Новосибирск;14000000;Прованс;2;Железнодорожная ;39.2;Гагаринская;https://novosibirsk.cian.ru/sale/flat/320545773/?mlSearchSessionGuid=11715bfba34fa7f8cf25ba6717eac38d
flat;ID 96299006;official_representative;sale;Октябрьский;26;29;51;Новосибирск;14171000;Тихомиров;2;Военная ;50.4;Октябрьская;https://novosibirsk.cian.ru/sale/flat/321063384/?mlSearchSessionGuid=11715bfba34fa7f8cf25ba6717eac38d
flat;Планета Недвижимости -подразделение ООО Лаки;real_estate_agent;sale;Ленинский;4;9;11/1;Новосибирск;14900000;;3; Титова;104.6;Площадь Маркса;https://novosibirsk.cian.ru/sale/flat/309696895/?mlSearchSessionGuid=11715bfba34fa7f8cf25ba6717eac38d
flat;ProDom;real_estate_agent;sale;Заельцовский;4;11;37/1;Новосибирск;15700000;;3;Дачная ;134.0;Заельцовская;https://novosibirsk.cian.ru/sale/flat/325846472/?mlSearchSessionGuid=11715bfba34fa7f8cf25ba6717eac38d
flat;ID 76499649;homeowner;sale;Центральный;2;8;92;Новосибирск;15975000;Almond;1; Чаплыгина;52.6;Площадь Ленина;https://novosibirsk.cian.ru/sale/flat/326647957/?mlSearchSessionGuid=11715bfba34fa7f8cf25ba6717eac38d
flat;ID 109034593;homeowner;sale;Советский;3;24;17;Новосибирск;16500000;Пульсар;4; Мусы Джалиля;90.95;;https://novosibirsk.cian.ru/sale/flat/326398528/?mlSearchSessionGuid=11715bfba34fa7f8cf25ba6717eac38d
flat;ID 87577402;unknown;sale;Кировский;12;25;150;Новосибирск;16800888;Панорама;3; Немировича-Данченко;75.0;Студенческая;https://novosibirsk.cian.ru/sale/flat/305463024/?mlSearchSessionGuid=11715bfba34fa7f8cf25ba6717eac38d
flat;ID 40880229;homeowner;sale;Центральный;9;9;4;Новосибирск;16750000;;2; Семьи Шамшиных;60.3;Октябрьская;https://novosibirsk.cian.ru/sale/flat/326689852/?mlSearchSessionGuid=11715bfba34fa7f8cf25ba6717eac38d
flat;ID 111541686;homeowner;sale;Центральный;9;10;39А;Новосибирск;17300000;;3; Гоголя;83.3;Маршала Покрышкина;https://novosibirsk.cian.ru/sale/flat/321787503/?mlSearchSessionGuid=11715bfba34fa7f8cf25ba6717eac38d
flat;РайоныКварталы;real_estate_agent;sale;Ленинский;5;6;42;Новосибирск;17700000;;5;Вертковская ;162.1;Площадь Маркса;https://novosibirsk.cian.ru/sale/flat/320545644/?mlSearchSessionGuid=11715bfba34fa7f8cf25ba6717eac38d
flat;ID 107064710;homeowner;sale;Заельцовский;2;6;22;Новосибирск;18788000;Эко-квартал Flora&Fauna;3;Дачное шоссе;85.4;Заельцовская;https://novosibirsk.cian.ru/sale/flat/316547185/?mlSearchSessionGuid=11715bfba34fa7f8cf25ba6717eac38d
flat;Брокер Кэпитал;real_estate_agent;sale;Октябрьский;13;17;31/2;Новосибирск;18900000;;4; Сакко и Ванцетти;113.0;Октябрьская;https://novosibirsk.cian.ru/sale/flat/326606738/?mlSearchSessionGuid=11715bfba34fa7f8cf25ba6717eac38d
flat;Брокер Кэпитал;real_estate_agent;sale;Октябрьский;17;17;38;Новосибирск;18990000;мкр. Европейский Берег;3; Владимира Заровного;87.0;Спортивная;https://novosibirsk.cian.ru/sale/flat/322604207/?mlSearchSessionGuid=11715bfba34fa7f8cf25ba6717eac38d
flat;РайоныКварталы;real_estate_agent;sale;Заельцовский;9;14;104;Новосибирск;20494000;Берлин;-1;Красный проспект;99.8;Заельцовская;https://novosibirsk.cian.ru/sale/flat/320578680/?mlSearchSessionGuid=11715bfba34fa7f8cf25ba6717eac38d
flat;Евгений Зикеев;realtor;sale;Заельцовский;3;6;55/1;Новосибирск;21400000;Жуковка;2; Победы;57.1;Заельцовская;https://novosibirsk.cian.ru/sale/flat/321119461/?mlSearchSessionGuid=11715bfba34fa7f8cf25ba6717eac38d
flat;ID 108336303;homeowner;sale;Кировский;2;25;16;Новосибирск;22000000;Астон. Шесть звёзд;3; Аникина;103.0;;https://novosibirsk.cian.ru/sale/flat/325762829/?mlSearchSessionGuid=11715bfba34fa7f8cf25ba6717eac38d
flat;ID 107064710;homeowner;sale;Центральный;16;16;21;Новосибирск;22450000;На Потанинской;3; Ольги Жилиной;85.4;Маршала Покрышкина;https://novosibirsk.cian.ru/sale/flat/320649597/?mlSearchSessionGuid=11715bfba34fa7f8cf25ba6717eac38d
flat;ID 87577402;unknown;sale;Октябрьский;10;17;44/2;Новосибирск;25000888;;3; Кирова;138.2;Октябрьская;https://novosibirsk.cian.ru/sale/flat/318525294/?mlSearchSessionGuid=11715bfba34fa7f8cf25ba6717eac38d
flat;ATMOS;real_estate_agent;sale;Центральный;17;18;30;Новосибирск;29990000;;4; Орджоникидзе;174.5;Площадь Ленина;https://novosibirsk.cian.ru/sale/flat/323462667/?mlSearchSessionGuid=11715bfba34fa7f8cf25ba6717eac38d
flat;ID 87577402;unknown;sale;Центральный;3;14;54;Новосибирск;32500888;Комплекс клубных резиденций Маяковский;3; Чаплыгина;70.0;Площадь Ленина;https://novosibirsk.cian.ru/sale/flat/309091146/?mlSearchSessionGuid=11715bfba34fa7f8cf25ba6717eac38d
flat;ID 90713203;homeowner;sale;Железнодорожный;12;23;75;Новосибирск;34900000;Prime House;3;Советская ;103.0;Красный Проспект;https://novosibirsk.cian.ru/sale/flat/274449265/?mlSearchSessionGuid=11715bfba34fa7f8cf25ba6717eac38d
flat;Города Новосибирск;real_estate_agent;sale;Центральный;16;18;30;Новосибирск;38000000;;4; Орджоникидзе;132.0;Площадь Ленина;https://novosibirsk.cian.ru/sale/flat/326783636/?mlSearchSessionGuid=11715bfba34fa7f8cf25ba6717eac38d
flat;ID 101519022;unknown;sale;Заельцовский;7;8;55/1;Новосибирск;39900000;Жуковка;4; Победы;154.0;Заельцовская;https://novosibirsk.cian.ru/sale/flat/319225758/?mlSearchSessionGuid=11715bfba34fa7f8cf25ba6717eac38d
flat;Созвездие Весов;real_estate_agent;sale;Советский;2;5;17;Новосибирск;800000;;-1;Барьерная ;61.0;Студенческая;https://novosibirsk.cian.ru/sale/flat/326679089/?mlSearchSessionGuid=11715bfba34fa7f8cf25ba6717eac38d
flat;Владис Центральное;real_estate_agent;sale;Кировский;3;5;119;Новосибирск;850000;;-1; Зорге;62.0;Площадь Маркса;https://novosibirsk.cian.ru/sale/flat/323458773/?mlSearchSessionGuid=11715bfba34fa7f8cf25ba6717eac38d
flat;СФЕРА 54;real_estate_agent;sale;Ленинский;1;3;19;Новосибирск;999000;;-1;переулок 2-й Пархоменко;57.0;Площадь Маркса;https://novosibirsk.cian.ru/sale/flat/322983585/?mlSearchSessionGuid=11715bfba34fa7f8cf25ba6717eac38d
flat;Корона;real_estate_agent;sale;Ленинский;5;5;12;Новосибирск;1000000;;-1; Филатова;67.0;Площадь Маркса;https://novosibirsk.cian.ru/sale/flat/326758496/?mlSearchSessionGuid=11715bfba34fa7f8cf25ba6717eac38d
flat;Дельта;real_estate_agent;sale;Советский;1;5;8;Новосибирск;1000000;;-1; Динамовцев;43.8;Студенческая;https://novosibirsk.cian.ru/sale/flat/309264898/?mlSearchSessionGuid=11715bfba34fa7f8cf25ba6717eac38d
flat;Владис Центральное;real_estate_agent;sale;Кировский;1;5;127;Новосибирск;1070000;;-1; Зорге;29.5;Площадь Маркса;https://novosibirsk.cian.ru/sale/flat/325360909/?mlSearchSessionGuid=11715bfba34fa7f8cf25ba6717eac38d
flat;Владис Центральное;real_estate_agent;sale;Дзержинский;2;4;2;Новосибирск;1200000;;-1; Авиастроителей;96.1;Березовая Роща;https://novosibirsk.cian.ru/sale/flat/326053254/?mlSearchSessionGuid=11715bfba34fa7f8cf25ba6717eac38d
flat;РиэлтПрофи;real_estate_agent;sale;Кировский;3;10;30;Новосибирск;1200000;Просторный;-1; Виктора Шевелева;8.1;Студенческая;https://novosibirsk.cian.ru/sale/flat/324556977/?mlSearchSessionGuid=11715bfba34fa7f8cf25ba6717eac38d
flat;Владис Центральное;real_estate_agent;sale;Дзержинский;2;4;2;Новосибирск;1350000;;-1; Авиастроителей;96.1;Березовая Роща;https://novosibirsk.cian.ru/sale/flat/323781773/?mlSearchSessionGuid=11715bfba34fa7f8cf25ba6717eac38d
flat;МакроМир;real_estate_agent;sale;Кировский;2;3;7;Новосибирск;1450000;;1; Герцена;14.0;Студенческая;https://novosibirsk.cian.ru/sale/flat/326924102/?mlSearchSessionGuid=11715bfba34fa7f8cf25ba6717eac38d
flat;Оксана Головкина;realtor;sale;Калининский;2;2;5;Новосибирск;1500000;;2; Флотская;38.0;;https://novosibirsk.cian.ru/sale/flat/326687004/?mlSearchSessionGuid=11715bfba34fa7f8cf25ba6717eac38d
flat;ПЛАНЕТА на Маркса;real_estate_agent;sale;Кировский;3;5;46;Новосибирск;1700000;;1; Зорге;12.7;Площадь Маркса;https://novosibirsk.cian.ru/sale/flat/313342768/?mlSearchSessionGuid=11715bfba34fa7f8cf25ba6717eac38d
flat;ЖИЛФОНД;real_estate_agent;sale;Калининский;5;5;6А;Новосибирск;1770000;;1; Сухановская;14.0;Заельцовская;https://novosibirsk.cian.ru/sale/flat/326310583/?mlSearchSessionGuid=11715bfba34fa7f8cf25ba6717eac38d
flat;100 Домов-Новосибирск;real_estate_agent;sale;Ленинский;2;3;22;Новосибирск;1790000;;1;переулок 1-й Пархоменко;12.0;Площадь Маркса;https://novosibirsk.cian.ru/sale/flat/323282875/?mlSearchSessionGuid=11715bfba34fa7f8cf25ba6717eac38d
flat;ЖИЛФОНД;real_estate_agent;sale;Кировский;2;3;5;Новосибирск;2000000;;1; Николая Грицюка;18.4;Площадь Маркса;https://novosibirsk.cian.ru/sale/flat/325355134/?mlSearchSessionGuid=11715bfba34fa7f8cf25ba6717eac38d
flat;ЖИЛФОНД;real_estate_agent;sale;Калининский;1;3;8А;Новосибирск;2000000;;1; Знаменская;20.4;Заельцовская;https://novosibirsk.cian.ru/sale/flat/326639151/?mlSearchSessionGuid=11715bfba34fa7f8cf25ba6717eac38d
flat;Планета Недвижимости -подразделение ООО Лаки;real_estate_agent;sale;Первомайский;11;19;15;Новосибирск;2000000;Берёзовое;1;Березовая ;18.2;Речной вокзал;https://novosibirsk.cian.ru/sale/flat/326667079/?mlSearchSessionGuid=11715bfba34fa7f8cf25ba6717eac38d
flat;МакроМир;real_estate_agent;sale;Первомайский;2;17;22/5;Новосибирск;2000000;Берёзовое;1; Твардовского;19.2;Речной вокзал;https://novosibirsk.cian.ru/sale/flat/326031896/?mlSearchSessionGuid=11715bfba34fa7f8cf25ba6717eac38d
flat;PRO Недвижимость;real_estate_agent;sale;Первомайский;2;17;;Новосибирск;2000000;;1;Березовое жилмассив;19.1;Речной вокзал;https://novosibirsk.cian.ru/sale/flat/326944879/?mlSearchSessionGuid=11715bfba34fa7f8cf25ba6717eac38d
flat;ЖИЛФОНД;real_estate_agent;sale;Первомайский;5;17;1/7;Новосибирск;2050000;Берёзовое;1; Одоевского;21.9;Спортивная;https://novosibirsk.cian.ru/sale/flat/326671526/?mlSearchSessionGuid=11715bfba34fa7f8cf25ba6717eac38d
flat;МакроМир;real_estate_agent;sale;Первомайский;4;17;22/6;Новосибирск;2100000;Берёзовое;1; Твардовского;19.2;Речной вокзал;https://novosibirsk.cian.ru/sale/flat/326268889/?mlSearchSessionGuid=11715bfba34fa7f8cf25ba6717eac38d
flat;СТАН;real_estate_agent;sale;Октябрьский;9;10;171/11;Новосибирск;2100000;Плющихинский;1; В. Высоцкого;39.35;Золотая Нива;https://novosibirsk.cian.ru/sale/flat/320871618/?mlSearchSessionGuid=11715bfba34fa7f8cf25ba6717eac38d
flat;Владис Центральное;real_estate_agent;sale;Октябрьский;8;10;171/5;Новосибирск;2100000;Плющихинский;1; В. Высоцкого;39.35;Золотая Нива;https://novosibirsk.cian.ru/sale/flat/322668660/?mlSearchSessionGuid=11715bfba34fa7f8cf25ba6717eac38d
flat;МЕЗОНИН;real_estate_agent;sale;Первомайский;15;19;22;Новосибирск;2150000;Берёзовое;1; Твардовского;18.1;Спортивная;https://novosibirsk.cian.ru/sale/flat/326924188/?mlSearchSessionGuid=11715bfba34fa7f8cf25ba6717eac38d
flat;ЖИЛФОНД;real_estate_agent;sale;Первомайский;6;17;22/3;Новосибирск;2199000;Берёзовое;1; Твардовского;19.7;Речной вокзал;https://novosibirsk.cian.ru/sale/flat/326695798/?mlSearchSessionGuid=11715bfba34fa7f8cf25ba6717eac38d
flat;ЖИЛФОНД;real_estate_agent;sale;Первомайский;17;17;22/6;Новосибирск;2150000;Берёзовое;1; Твардовского;19.2;Речной вокзал;https://novosibirsk.cian.ru/sale/flat/326436131/?mlSearchSessionGuid=11715bfba34fa7f8cf25ba6717eac38d
flat;Инна Владимировна;realtor;sale;Кировский;1;3;5;Новосибирск;2150000;;1;Рубежная ;25.1;Площадь Маркса;https://novosibirsk.cian.ru/sale/flat/320190349/?mlSearchSessionGuid=11715bfba34fa7f8cf25ba6717eac38d
flat;ЖИЛФОНД;real_estate_agent;sale;Первомайский;3;3;1А;Новосибирск;2200000;;1;Ученическая ;29.0;Речной вокзал;https://novosibirsk.cian.ru/sale/flat/327093057/?mlSearchSessionGuid=11715bfba34fa7f8cf25ba6717eac38d
flat;ЖИЛФОНД;real_estate_agent;sale;Первомайский;12;17;22/5;Новосибирск;2200000;Берёзовое;1; Твардовского;19.8;Речной вокзал;https://novosibirsk.cian.ru/sale/flat/326346790/?mlSearchSessionGuid=11715bfba34fa7f8cf25ba6717eac38d
flat;DOMaSTROY;real_estate_agent;sale;Кировский;2;3;18/2;Новосибирск;2200000;;1;Рубежная ;24.9;Студенческая;https://novosibirsk.cian.ru/sale/flat/322683913/?mlSearchSessionGuid=11715bfba34fa7f8cf25ba6717eac38d
flat;Дельта;real_estate_agent;sale;Первомайский;4;17;22/1;Новосибирск;2200000;Берёзовое;1; Твардовского;20.2;Речной вокзал;https://novosibirsk.cian.ru/sale/flat/321724064/?mlSearchSessionGuid=11715bfba34fa7f8cf25ba6717eac38d
flat;СТАН;real_estate_agent;sale;Октябрьский;9;10;10;Новосибирск;2200000;Плющихинский;1; Плющихинская;34.0;Золотая Нива;https://novosibirsk.cian.ru/sale/flat/319124056/?mlSearchSessionGuid=11715bfba34fa7f8cf25ba6717eac38d
flat;Меркурий;real_estate_agent;sale;Кировский;8;17;13;Новосибирск;2200000;;1; Виктора Уса;20.0;Площадь Маркса;https://novosibirsk.cian.ru/sale/flat/325887698/?mlSearchSessionGuid=11715bfba34fa7f8cf25ba6717eac38d
flat;КвартЛаб;real_estate_agent;sale;Калининский;2;4;96/3;Новосибирск;2226000;;-1; Богдана Хмельницкого;24.4;Заельцовская;https://novosibirsk.cian.ru/sale/flat/312803662/?mlSearchSessionGuid=11715bfba34fa7f8cf25ba6717eac38d
flat;ЖИЛФОНД;real_estate_agent;sale;Кировский;4;9;1;Новосибирск;2250000;;1; Палласа;15.8;Площадь Маркса;https://novosibirsk.cian.ru/sale/flat/326651772/?mlSearchSessionGuid=11715bfba34fa7f8cf25ba6717eac38d
flat;ЖИЛФОНД;real_estate_agent;sale;Первомайский;14;17;19;Новосибирск;2250000;Берёзовое;1;Березовая ;18.9;Речной вокзал;https://novosibirsk.cian.ru/sale/flat/325447615/?mlSearchSessionGuid=11715bfba34fa7f8cf25ba6717eac38d
flat;ЖИЛФОНД;real_estate_agent;sale;Первомайский;17;17;22/1;Новосибирск;2290000;Берёзовое;1; Твардовского;20.4;Речной вокзал;https://novosibirsk.cian.ru/sale/flat/325655910/?mlSearchSessionGuid=11715bfba34fa7f8cf25ba6717eac38d
flat;Владис Центральное;real_estate_agent;sale;Кировский;16;16;11;Новосибирск;2299000;;1; Виктора Уса;19.0;Площадь Маркса;https://novosibirsk.cian.ru/sale/flat/326302864/?mlSearchSessionGuid=11715bfba34fa7f8cf25ba6717eac38d
flat;Квартирный портал;real_estate_agent;sale;Первомайский;7;17;22/1;Новосибирск;2250000;Берёзовое;1; Твардовского;19.0;Речной вокзал;https://novosibirsk.cian.ru/sale/flat/324333135/?mlSearchSessionGuid=11715bfba34fa7f8cf25ba6717eac38d
flat;Юрстатус;real_estate_agent;sale;Первомайский;17;17;22/5;Новосибирск;2250000;Берёзовое;1; Твардовского;19.3;Речной вокзал;https://novosibirsk.cian.ru/sale/flat/300172618/?mlSearchSessionGuid=11715bfba34fa7f8cf25ba6717eac38d
flat;Сфера;real_estate_agent;sale;Первомайский;11;17;1/7;Новосибирск;2300000;Берёзовое;1; Одоевского;19.2;Спортивная;https://novosibirsk.cian.ru/sale/flat/326765734/?mlSearchSessionGuid=11715bfba34fa7f8cf25ba6717eac38d
flat;Владис Центральное;real_estate_agent;sale;Первомайский;7;17;1/2;Новосибирск;2300000;Берёзовое;1; Одоевского;19.5;Спортивная;https://novosibirsk.cian.ru/sale/flat/326980515/?mlSearchSessionGuid=11715bfba34fa7f8cf25ba6717eac38d
flat;Владис Центральное;real_estate_agent;sale;Кировский;2;17;13;Новосибирск;2300000;;1; Виктора Уса;20.0;Площадь Маркса;https://novosibirsk.cian.ru/sale/flat/326930300/?mlSearchSessionGuid=11715bfba34fa7f8cf25ba6717eac38d
flat;METRAGE;real_estate_agent;sale;Первомайский;13;17;1/7;Новосибирск;2300000;Берёзовое;1; Одоевского;19.2;Спортивная;https://novosibirsk.cian.ru/sale/flat/321225662/?mlSearchSessionGuid=11715bfba34fa7f8cf25ba6717eac38d
flat;СТАН;real_estate_agent;sale;Ленинский;2;2;3;Новосибирск;2300000;;1;переулок 3-й Забалуева;30.5;Площадь Маркса;https://novosibirsk.cian.ru/sale/flat/322342371/?mlSearchSessionGuid=11715bfba34fa7f8cf25ba6717eac38d
flat;ЖИЛФОНД;real_estate_agent;sale;Первомайский;12;17;22;Новосибирск;2390000;Берёзовое;1; Твардовского;23.1;Спортивная;https://novosibirsk.cian.ru/sale/flat/326178281/?mlSearchSessionGuid=11715bfba34fa7f8cf25ba6717eac38d
flat;ЖИЛФОНД;real_estate_agent;sale;Кировский;1;17;9;Новосибирск;2390000;Тулинское;1; Виктора Уса;19.8;Площадь Маркса;https://novosibirsk.cian.ru/sale/flat/326397576/?mlSearchSessionGuid=11715bfba34fa7f8cf25ba6717eac38d
flat;ДОКТОР КЛЮЧ;real_estate_agent;sale;Заельцовский;1;2;3;Новосибирск;2350000;;1; Стасова;31.6;Гагаринская;https://novosibirsk.cian.ru/sale/flat/324029504/?mlSearchSessionGuid=11715bfba34fa7f8cf25ba6717eac38d
flat;Светлана Толмачева;realtor;sale;Кировский;1;3;31/1;Новосибирск;2390009;;1;Рубежная ;34.2;Студенческая;https://novosibirsk.cian.ru/sale/flat/320277315/?mlSearchSessionGuid=11715bfba34fa7f8cf25ba6717eac38d
flat;Вместе;real_estate_agent;sale;Кировский;5;17;13;Новосибирск;2370000;;1; Виктора Уса;20.0;Площадь Маркса;https://novosibirsk.cian.ru/sale/flat/319766319/?mlSearchSessionGuid=11715bfba34fa7f8cf25ba6717eac38d
flat;ПЛАНЕТА на Маркса;real_estate_agent;sale;Заельцовский;1;4;105;Новосибирск;2350000;;1; Жуковского;15.0;Заельцовская;https://novosibirsk.cian.ru/sale/flat/323901382/?mlSearchSessionGuid=11715bfba34fa7f8cf25ba6717eac38d
flat;Владис Центральное;real_estate_agent;sale;Кировский;1;17;13;Новосибирск;2350000;;1; Виктора Уса;30.8;Площадь Маркса;https://novosibirsk.cian.ru/sale/flat/325542667/?mlSearchSessionGuid=11715bfba34fa7f8cf25ba6717eac38d
flat;Владис Центральное;real_estate_agent;sale;Калининский;2;2;5;Новосибирск;2350000;;2; Флотская;42.0;Заельцовская;https://novosibirsk.cian.ru/sale/flat/323412137/?mlSearchSessionGuid=11715bfba34fa7f8cf25ba6717eac38d
flat;100 Домов-Новосибирск;real_estate_agent;sale;Ленинский;2;3;22;Новосибирск;2350000;;1;переулок 1-й Пархоменко;18.0;Площадь Маркса;https://novosibirsk.cian.ru/sale/flat/323282641/?mlSearchSessionGuid=11715bfba34fa7f8cf25ba6717eac38d
flat;НИЦ;real_estate_agent;sale;Кировский;4;5;44;Новосибирск;2350000;;1; Зорге;24.1;Площадь Маркса;https://novosibirsk.cian.ru/sale/flat/323189750/?mlSearchSessionGuid=11715bfba34fa7f8cf25ba6717eac38d
flat;Инна Иванова;realtor;sale;Ленинский;5;5;1/4;Новосибирск;2350000;;1; Серафимовича;15.0;;https://novosibirsk.cian.ru/sale/flat/327057587/?mlSearchSessionGuid=11715bfba34fa7f8cf25ba6717eac38d
flat;ЖИЛФОНД;real_estate_agent;sale;Первомайский;15;19;22/2;Новосибирск;2400000;Берёзовое;1; Твардовского;22.1;Спортивная;https://novosibirsk.cian.ru/sale/flat/325491520/?mlSearchSessionGuid=11715bfba34fa7f8cf25ba6717eac38d
flat;Владис Центральное;real_estate_agent;sale;Кировский;4;17;9;Новосибирск;2400000;Тулинское;1; Виктора Уса;19.7;Площадь Маркса;https://novosibirsk.cian.ru/sale/flat/327028126/?mlSearchSessionGuid=11715bfba34fa7f8cf25ba6717eac38d
flat;Формула недвижимости;real_estate_agent;sale;Кировский;3;3;4/1;Новосибирск;2400000;;1;Воскресная ;28.7;Студенческая;https://novosibirsk.cian.ru/sale/flat/321940754/?mlSearchSessionGuid=11715bfba34fa7f8cf25ba6717eac38d
flat;METRAGE;real_estate_agent;sale;Кировский;16;17;9;Новосибирск;2400000;Тулинское;1; Виктора Уса;20.0;Площадь Маркса;https://novosibirsk.cian.ru/sale/flat/326704684/?mlSearchSessionGuid=11715bfba34fa7f8cf25ba6717eac38d
flat;Пространство Вариантов;real_estate_agent;sale;Первомайский;3;19;1/9;Новосибирск;2400000;Берёзовое;1; Одоевского;20.0;Речной вокзал;https://novosibirsk.cian.ru/sale/flat/326493638/?mlSearchSessionGuid=11715bfba34fa7f8cf25ba6717eac38d
flat;Инна Владимировна;realtor;sale;Ленинский;1;5;18/2;Новосибирск;2400000;;1; Котовского;24.9;Площадь Маркса;https://novosibirsk.cian.ru/sale/flat/312486158/?mlSearchSessionGuid=11715bfba34fa7f8cf25ba6717eac38d
flat;АктивНедвижимость;real_estate_agent;sale;Кировский;1;3;1;Новосибирск;2400000;Художник;1; Николая Грицюка;19.7;Площадь Маркса;https://novosibirsk.cian.ru/sale/flat/318682413/?mlSearchSessionGuid=11715bfba34fa7f8cf25ba6717eac38d
flat;АЛЬФА-НЕДВИЖИМОСТЬ;real_estate_agent;sale;Первомайский;1;2;5;Новосибирск;2400000;;1; Матросова;31.0;Речной вокзал;https://novosibirsk.cian.ru/sale/flat/326215271/?mlSearchSessionGuid=11715bfba34fa7f8cf25ba6717eac38d
flat;КвартЛаб;real_estate_agent;sale;Калининский;2;4;96/3;Новосибирск;2400000;;-1; Богдана Хмельницкого;24.3;Заельцовская;https://novosibirsk.cian.ru/sale/flat/325597623/?mlSearchSessionGuid=11715bfba34fa7f8cf25ba6717eac38d
flat;АльянсРиэлт;real_estate_agent;sale;Ленинский;2;4;1;Новосибирск;2400000;;1;переулок 2-й Пархоменко;11.7;Площадь Маркса;https://novosibirsk.cian.ru/sale/flat/322752497/?mlSearchSessionGuid=11715bfba34fa7f8cf25ba6717eac38d
flat;СТАН;real_estate_agent;sale;Октябрьский;8;10;;Новосибирск;2400000;Плющихинский;1;Плющихинский жилмассив;39.0;Золотая Нива;https://novosibirsk.cian.ru/sale/flat/319124266/?mlSearchSessionGuid=11715bfba34fa7f8cf25ba6717eac38d
flat;ПРОЕКТ;real_estate_agent;sale;Первомайский;1;2;24;Новосибирск;2400000;;1;Звездная ;31.9;Речной вокзал;https://novosibirsk.cian.ru/sale/flat/324105712/?mlSearchSessionGuid=11715bfba34fa7f8cf25ba6717eac38d
flat;Наталия Орешкина;realtor;sale;Заельцовский;2;4;7;Новосибирск;2400000;;-1;Ельцовская ;58.5;Площадь Гарина-Михайловского;https://novosibirsk.cian.ru/sale/flat/324676941/?mlSearchSessionGuid=11715bfba34fa7f8cf25ba6717eac38d
flat;ЖИЛФОНД;real_estate_agent;sale;Кировский;17;17;9;Новосибирск;2470000;Тулинское;1; Виктора Уса;25.1;Площадь Маркса;https://novosibirsk.cian.ru/sale/flat/327076434/?mlSearchSessionGuid=11715bfba34fa7f8cf25ba6717eac38d
flat;ЖИЛФОНД;real_estate_agent;sale;Кировский;10;17;15;Новосибирск;2499000;;1; Виктора Уса;19.3;Площадь Маркса;https://novosibirsk.cian.ru/sale/flat/326422012/?mlSearchSessionGuid=11715bfba34fa7f8cf25ba6717eac38d
flat;Владис Центральное;real_estate_agent;sale;Кировский;9;17;15;Новосибирск;2499000;;1; Виктора Уса;19.5;Площадь Маркса;https://novosibirsk.cian.ru/sale/flat/326861130/?mlSearchSessionGuid=11715bfba34fa7f8cf25ba6717eac38d
flat;Инна Владимировна;realtor;sale;Кировский;3;3;6/1;Новосибирск;2450000;;1;Вознесенская ;28.4;Студенческая;https://novosibirsk.cian.ru/sale/flat/320190552/?mlSearchSessionGuid=11715bfba34fa7f8cf25ba6717eac38d
flat;ДомианНСК;real_estate_agent;sale;Кировский;3;3;1;Новосибирск;2490000;Художник;1; Николая Грицюка;27.8;Площадь Маркса;https://novosibirsk.cian.ru/sale/flat/326028144/?mlSearchSessionGuid=11715bfba34fa7f8cf25ba6717eac38d
flat;ЖИЛФОНД;real_estate_agent;sale;Калининский;1;5;53Б;Новосибирск;2500000;;1; Магистральная;29.6;Заельцовская;https://novosibirsk.cian.ru/sale/flat/323419691/?mlSearchSessionGuid=11715bfba34fa7f8cf25ba6717eac38d
flat;Rialtor Group;real_estate_agent;sale;Первомайский;11;17;22/2;Новосибирск;2500000;Берёзовое;1; Твардовского;24.1;Спортивная;https://novosibirsk.cian.ru/sale/flat/326690965/?mlSearchSessionGuid=11715bfba34fa7f8cf25ba6717eac38d
flat;Ключевое решение;real_estate_agent;sale;Кировский;2;3;40/1;Новосибирск;2500000;;1;Рубежная ;30.0;Студенческая;https://novosibirsk.cian.ru/sale/flat/326542715/?mlSearchSessionGuid=11715bfba34fa7f8cf25ba6717eac38d
flat;Владис Центральное;real_estate_agent;sale;Кировский;10;10;4;Новосибирск;2510000;Матрешкин двор;1; Дмитрия Шмонина;21.0;Студенческая;https://novosibirsk.cian.ru/sale/flat/326755552/?mlSearchSessionGuid=11715bfba34fa7f8cf25ba6717eac38d
flat;Инна Владимировна;realtor;sale;Кировский;2;3;5;Новосибирск;2500000;;1;Воскресная ;35.9;Студенческая;https://novosibirsk.cian.ru/sale/flat/326986307/?mlSearchSessionGuid=11715bfba34fa7f8cf25ba6717eac38d
flat;Квартирный портал;real_estate_agent;sale;Кировский;2;3;4/1;Новосибирск;2500000;;1;Воскресная ;28.0;Студенческая;https://novosibirsk.cian.ru/sale/flat/325856239/?mlSearchSessionGuid=11715bfba34fa7f8cf25ba6717eac38d
flat;ЕВРОДОМ;real_estate_agent;sale;Первомайский;4;17;22/5;Новосибирск;2500000;Берёзовое;1; Твардовского;19.7;Речной вокзал;https://novosibirsk.cian.ru/sale/flat/325118818/?mlSearchSessionGuid=11715bfba34fa7f8cf25ba6717eac38d
flat;ЕВРОДОМ;real_estate_agent;sale;Первомайский;13;17;22/3;Новосибирск;2500000;Берёзовое;1; Твардовского;19.6;Речной вокзал;https://novosibirsk.cian.ru/sale/flat/324416462/?mlSearchSessionGuid=11715bfba34fa7f8cf25ba6717eac38d
flat;Владис Центральное;real_estate_agent;sale;Кировский;1;3;5;Новосибирск;2500000;Художник;1; Николая Грицюка;21.0;Площадь Маркса;https://novosibirsk.cian.ru/sale/flat/326340935/?mlSearchSessionGuid=11715bfba34fa7f8cf25ba6717eac38d
flat;Инна Владимировна;realtor;sale;Кировский;1;3;12;Новосибирск;2500000;;1;Рубежная ;27.0;Студенческая;https://novosibirsk.cian.ru/sale/flat/326541019/?mlSearchSessionGuid=11715bfba34fa7f8cf25ba6717eac38d
flat;Инна Владимировна;realtor;sale;Кировский;1;3;3/1;Новосибирск;2500000;;2;Воскресная ;31.0;Площадь Маркса;https://novosibirsk.cian.ru/sale/flat/326370332/?mlSearchSessionGuid=11715bfba34fa7f8cf25ba6717eac38d
flat;МакроМир;real_estate_agent;sale;Ленинский;3;5;18/2;Новосибирск;2500000;;1;Планировочная ;17.0;Студенческая;https://novosibirsk.cian.ru/sale/flat/326637480/?mlSearchSessionGuid=11715bfba34fa7f8cf25ba6717eac38d
flat;Orange;real_estate_agent;sale;Первомайский;4;17;1/8;Новосибирск;2500000;Берёзовое;1; Одоевского;21.6;Речной вокзал;https://novosibirsk.cian.ru/sale/flat/323356800/?mlSearchSessionGuid=11715bfba34fa7f8cf25ba6717eac38d
flat;Планета Недвижимости -подразделение ООО Лаки;real_estate_agent;sale;Кировский;2;3;36;Новосибирск;2500000;;1;Рубежная ;30.0;Студенческая;https://novosibirsk.cian.ru/sale/flat/326281653/?mlSearchSessionGuid=11715bfba34fa7f8cf25ba6717eac38d
flat;КЛЕВЕР;real_estate_agent;sale;Кировский;3;4;68;Новосибирск;2500000;Вознесенский;1;Рубежная ;22.7;Студенческая;https://novosibirsk.cian.ru/sale/flat/309276593/?mlSearchSessionGuid=11715bfba34fa7f8cf25ba6717eac38d
flat;ЖИЛФОНД;real_estate_agent;sale;Первомайский;14;17;1/10;Новосибирск;2590000;Берёзовое;1; Одоевского;20.6;Речной вокзал;https://novosibirsk.cian.ru/sale/flat/326044632/?mlSearchSessionGuid=11715bfba34fa7f8cf25ba6717eac38d
flat;ЖИЛФОНД;real_estate_agent;sale;Октябрьский;9;10;171/5;Новосибирск;2550000;Плющихинский;1; В. Высоцкого;39.35;Золотая Нива;https://novosibirsk.cian.ru/sale/flat/321546110/?mlSearchSessionGuid=11715bfba34fa7f8cf25ba6717eac38d
flat;Владис Центральное;real_estate_agent;sale;Кировский;8;9;11/1;Новосибирск;2550000;;1; Виктора Уса;20.0;Площадь Маркса;https://novosibirsk.cian.ru/sale/flat/325653147/?mlSearchSessionGuid=11715bfba34fa7f8cf25ba6717eac38d
flat;Анна Козлова;realtor;sale;Ленинский;1;5;50/2;Новосибирск;2550000;;1;Станционная ;20.9;Площадь Маркса;https://novosibirsk.cian.ru/sale/flat/320758115/?mlSearchSessionGuid=11715bfba34fa7f8cf25ba6717eac38d
flat;Владис Центральное;real_estate_agent;sale;Ленинский;3;17;102/1;Новосибирск;2590000;Радуга Сибири;1; Забалуева;21.3;Студенческая;https://novosibirsk.cian.ru/sale/flat/325081700/?mlSearchSessionGuid=11715bfba34fa7f8cf25ba6717eac38d
flat;ПЛАНЕТА на Маркса;real_estate_agent;sale;Центральный;1;5;17А;Новосибирск;2550000;;1; Гоголя;14.0;Сибирская;https://novosibirsk.cian.ru/sale/flat/324783650/?mlSearchSessionGuid=11715bfba34fa7f8cf25ba6717eac38d
flat;Кирилл Гузенков;realtor;sale;Кировский;3;18;13;Новосибирск;2598000;;1; Виктора Уса;25.0;Площадь Маркса;https://novosibirsk.cian.ru/sale/flat/326578053/?mlSearchSessionGuid=11715bfba34fa7f8cf25ba6717eac38d
flat;ЖИЛФОНД;real_estate_agent;sale;Первомайский;1;2;30;Новосибирск;2600000;;2; Одоевского;30.6;Спортивная;https://novosibirsk.cian.ru/sale/flat/317543554/?mlSearchSessionGuid=11715bfba34fa7f8cf25ba6717eac38d
flat;ЖИЛФОНД;real_estate_agent;sale;Кировский;7;10;6;Новосибирск;2600000;Матрешкин двор;1; Дмитрия Шмонина;20.8;Студенческая;https://novosibirsk.cian.ru/sale/flat/326641543/?mlSearchSessionGuid=11715bfba34fa7f8cf25ba6717eac38d
flat;ЖИЛФОНД;real_estate_agent;sale;Кировский;5;10;99;Новосибирск;2600000;Матрешкин двор;1; Петухова;20.8;Студенческая;https://novosibirsk.cian.ru/sale/flat/313369412/?mlSearchSessionGuid=11715bfba34fa7f8cf25ba6717eac38d
flat;ЖИЛФОНД;real_estate_agent;sale;Ленинский;4;5;50/2;Новосибирск;2600000;;1;Станционная ;29.2;Площадь Маркса;https://novosibirsk.cian.ru/sale/flat/305737672/?mlSearchSessionGuid=11715bfba34fa7f8cf25ba6717eac38d
flat;ПАРТНЕР;real_estate_agent;sale;Ленинский;2;5;18/2;Новосибирск;2600000;;1; Котовского;18.2;Площадь Маркса;https://novosibirsk.cian.ru/sale/flat/326607248/?mlSearchSessionGuid=11715bfba34fa7f8cf25ba6717eac38d
flat;Альфа Дом;real_estate_agent;sale;Октябрьский;9;10;11;Новосибирск;2600000;;1; Плющихинская;34.0;Золотая Нива;https://novosibirsk.cian.ru/sale/flat/327055855/?mlSearchSessionGuid=11715bfba34fa7f8cf25ba6717eac38d
flat;Созвездие Весов;real_estate_agent;sale;Советский;3;5;5;Новосибирск;2600000;;1;Часовая ;32.0;Студенческая;https://novosibirsk.cian.ru/sale/flat/326682078/?mlSearchSessionGuid=11715bfba34fa7f8cf25ba6717eac38d
flat;Владис Центральное;real_estate_agent;sale;Кировский;8;9;16;Новосибирск;2628000;;1; Петухова;33.0;Площадь Маркса;https://novosibirsk.cian.ru/sale/flat/317554547/?mlSearchSessionGuid=11715bfba34fa7f8cf25ba6717eac38d
flat;Владис Центральное;real_estate_agent;sale;Кировский;1;5;93/1;Новосибирск;2600000;;1; Зорге;29.0;Площадь Маркса;https://novosibirsk.cian.ru/sale/flat/324195031/?mlSearchSessionGuid=11715bfba34fa7f8cf25ba6717eac38d
flat;Владис Центральное;real_estate_agent;sale;Советский;1;9;16;Новосибирск;2600000;;1; Полевая;16.0;;https://novosibirsk.cian.ru/sale/flat/319611240/?mlSearchSessionGuid=11715bfba34fa7f8cf25ba6717eac38d
flat;Владис Центральное;real_estate_agent;sale;Кировский;2;9;34;Новосибирск;2620000;;1; Зорге;27.9;Площадь Маркса;https://novosibirsk.cian.ru/sale/flat/326236873/?mlSearchSessionGuid=11715bfba34fa7f8cf25ba6717eac38d
flat;Инна Владимировна;realtor;sale;Кировский;3;3;40/1;Новосибирск;2600000;;1;Рубежная ;30.3;Студенческая;https://novosibirsk.cian.ru/sale/flat/322817128/?mlSearchSessionGuid=11715bfba34fa7f8cf25ba6717eac38d
flat;НОВО-НИКОЛАЕВСКЪ-НСК;real_estate_agent;sale;Кировский;2;3;33/1;Новосибирск;2600000;;1;Воскресная ;23.6;Студенческая;https://novosibirsk.cian.ru/sale/flat/323411810/?mlSearchSessionGuid=11715bfba34fa7f8cf25ba6717eac38d
flat;Бэст-Лэнд;real_estate_agent;sale;Первомайский;2;2;26;Новосибирск;2600000;;1;Звездная ;30.2;Речной вокзал;https://novosibirsk.cian.ru/sale/flat/318286281/?mlSearchSessionGuid=11715bfba34fa7f8cf25ba6717eac38d
flat;Дмитрий Чубыкин;realtor;sale;Заельцовский;7;9;37;Новосибирск;2600000;;1;Дачная ;18.0;Заельцовская;https://novosibirsk.cian.ru/sale/flat/321445646/?mlSearchSessionGuid=11715bfba34fa7f8cf25ba6717eac38d
flat;ЖИЛФОНД;real_estate_agent;sale;Ленинский;1;14;253/5;Новосибирск;2650000;Любимый;1; Титова;19.7;Площадь Маркса;https://novosibirsk.cian.ru/sale/flat/326320452/?mlSearchSessionGuid=11715bfba34fa7f8cf25ba6717eac38d
flat;ЖИЛФОНД;real_estate_agent;sale;Первомайский;11;17;22/1;Новосибирск;2670000;Берёзовое;1; Твардовского;21.9;Речной вокзал;https://novosibirsk.cian.ru/sale/flat/322336326/?mlSearchSessionGuid=11715bfba34fa7f8cf25ba6717eac38d
flat;ЖИЛФОНД;real_estate_agent;sale;Кировский;5;5;66;Новосибирск;2680000;;1; Зорге;28.4;Площадь Маркса;https://novosibirsk.cian.ru/sale/flat/326555095/?mlSearchSessionGuid=11715bfba34fa7f8cf25ba6717eac38d
flat;ЖИЛФОНД;real_estate_agent;sale;Калининский;1;5;53а;Новосибирск;2690000;;1; Магистральная;29.1;Заельцовская;https://novosibirsk.cian.ru/sale/flat/320019889/?mlSearchSessionGuid=11715bfba34fa7f8cf25ba6717eac38d
flat;ЖИЛФОНД;real_estate_agent;sale;Кировский;9;9;7;Новосибирск;2690000;;1; Громова;24.8;Площадь Маркса;https://novosibirsk.cian.ru/sale/flat/324861821/?mlSearchSessionGuid=11715bfba34fa7f8cf25ba6717eac38d
flat;ЖИЛФОНД;real_estate_agent;sale;Кировский;5;10;164;Новосибирск;2670000;Матрешкин двор;1; Петухова;27.0;Студенческая;https://novosibirsk.cian.ru/sale/flat/325972306/?mlSearchSessionGuid=11715bfba34fa7f8cf25ba6717eac38d
flat;ЖИЛФОНД;real_estate_agent;sale;Кировский;5;10;103;Новосибирск;2689000;Матрешкин двор;1; Петухова;20.7;Студенческая;https://novosibirsk.cian.ru/sale/flat/325644353/?mlSearchSessionGuid=11715bfba34fa7f8cf25ba6717eac38d
flat;ЖИЛФОНД;real_estate_agent;sale;Октябрьский;18;18;2;Новосибирск;2650000;Плющихинский;1; Плющихинская;25.6;Золотая Нива;https://novosibirsk.cian.ru/sale/flat/316013102/?mlSearchSessionGuid=11715bfba34fa7f8cf25ba6717eac38d
flat;Сфера;real_estate_agent;sale;Первомайский;2;17;1/8;Новосибирск;2680000;Берёзовое;1; Одоевского;20.0;Речной вокзал;https://novosibirsk.cian.ru/sale/flat/326363915/?mlSearchSessionGuid=11715bfba34fa7f8cf25ba6717eac38d
flat;АльянсРиэлт;real_estate_agent;sale;Кировский;15;20;97/2;Новосибирск;2690000;Матрешкин двор;1; Петухова;22.0;Студенческая;https://novosibirsk.cian.ru/sale/flat/325954842/?mlSearchSessionGuid=11715bfba34fa7f8cf25ba6717eac38d
flat;METRAGE;real_estate_agent;sale;Советский;1;3;179;Новосибирск;2650000;;1; Ивлева;28.7;Студенческая;https://novosibirsk.cian.ru/sale/flat/321343118/?mlSearchSessionGuid=11715bfba34fa7f8cf25ba6717eac38d
flat;Владис Центральное;real_estate_agent;sale;Дзержинский;1;5;37;Новосибирск;2650000;;-1; Толбухина;59.0;Золотая Нива;https://novosibirsk.cian.ru/sale/flat/326378255/?mlSearchSessionGuid=11715bfba34fa7f8cf25ba6717eac38d
flat;Владис Центральное;real_estate_agent;sale;Кировский;4;10;99;Новосибирск;2650000;Матрешкин двор;1; Петухова;21.0;Студенческая;https://novosibirsk.cian.ru/sale/flat/324065770/?mlSearchSessionGuid=11715bfba34fa7f8cf25ba6717eac38d
flat;ПЛАНЕТА на Маркса;real_estate_agent;sale;Дзержинский;1;3;40;Новосибирск;2650000;;1; Селезнева;19.0;Березовая Роща;https://novosibirsk.cian.ru/sale/flat/325681116/?mlSearchSessionGuid=11715bfba34fa7f8cf25ba6717eac38d
flat;ID 94415442;realtor;sale;Кировский;8;11;99;Новосибирск;2650000;Матрешкин двор;1; Петухова;21.0;Студенческая;https://novosibirsk.cian.ru/sale/flat/327006958/?mlSearchSessionGuid=11715bfba34fa7f8cf25ba6717eac38d
flat;ЖИЛФОНД;real_estate_agent;sale;Кировский;3;10;99/1;Новосибирск;2700000;Матрешкин двор;1; Петухова;20.7;Площадь Маркса;https://novosibirsk.cian.ru/sale/flat/326430579/?mlSearchSessionGuid=11715bfba34fa7f8cf25ba6717eac38d
flat;ЖИЛФОНД;real_estate_agent;sale;Кировский;5;10;1;Новосибирск;2700000;Просторный;1; Дмитрия Шмонина;32.4;Студенческая;https://novosibirsk.cian.ru/sale/flat/326091568/?mlSearchSessionGuid=11715bfba34fa7f8cf25ba6717eac38d
flat;Rialtor Group;real_estate_agent;sale;Первомайский;9;17;22/5;Новосибирск;2700000;Берёзовое;1; Твардовского;28.0;Речной вокзал;https://novosibirsk.cian.ru/sale/flat/326215427/?mlSearchSessionGuid=11715bfba34fa7f8cf25ba6717eac38d
flat;МакроМир;real_estate_agent;sale;Ленинский;4;4;662;Новосибирск;2700000;;1;Большая ;21.0;Площадь Маркса;https://novosibirsk.cian.ru/sale/flat/326333638/?mlSearchSessionGuid=11715bfba34fa7f8cf25ba6717eac38d
flat;Формула недвижимости;real_estate_agent;sale;Ленинский;2;5;18/2;Новосибирск;2700000;;1;Планировочная ;20.1;Студенческая;https://novosibirsk.cian.ru/sale/flat/323050787/?mlSearchSessionGuid=11715bfba34fa7f8cf25ba6717eac38d
flat;Владис Центральное;real_estate_agent;sale;Кировский;3;5;7;Новосибирск;2700000;;1; Комсомольская;30.0;Студенческая;https://novosibirsk.cian.ru/sale/flat/326340353/?mlSearchSessionGuid=11715bfba34fa7f8cf25ba6717eac38d
flat;Ново-Николаевскъ;real_estate_agent;sale;Кировский;5;9;34;Новосибирск;2700000;;1; Зорге;28.6;Площадь Маркса;https://novosibirsk.cian.ru/sale/flat/326131103/?mlSearchSessionGuid=11715bfba34fa7f8cf25ba6717eac38d
flat;Квартирный портал;real_estate_agent;sale;Кировский;1;5;36;Новосибирск;2748000;;1; Чемская;29.0;Студенческая;https://novosibirsk.cian.ru/sale/flat/316966567/?mlSearchSessionGuid=11715bfba34fa7f8cf25ba6717eac38d
flat;Оксана Карпец;realtor;sale;Кировский;9;10;103;Новосибирск;2700000;Матрешкин двор;1; Петухова;20.1;Студенческая;https://novosibirsk.cian.ru/sale/flat/326694665/?mlSearchSessionGuid=11715bfba34fa7f8cf25ba6717eac38d
flat;МакроМир;real_estate_agent;sale;Калининский;5;5;25;Новосибирск;2750000;;1; Новоуральская;29.7;Заельцовская;https://novosibirsk.cian.ru/sale/flat/325201232/?mlSearchSessionGuid=11715bfba34fa7f8cf25ba6717eac38d
flat;МакроМир;real_estate_agent;sale;Калининский;1;9;107/1;Новосибирск;2750000;;1; Богдана Хмельницкого;22.6;Заельцовская;https://novosibirsk.cian.ru/sale/flat/322791187/?mlSearchSessionGuid=11715bfba34fa7f8cf25ba6717eac38d
flat;Вертикаль;real_estate_agent;sale;Кировский;4;5;66;Новосибирск;2790000;;1; Зорге;30.0;Площадь Маркса;https://novosibirsk.cian.ru/sale/flat/326418198/?mlSearchSessionGuid=11715bfba34fa7f8cf25ba6717eac38d
flat;ЕВРОДОМ;real_estate_agent;sale;Октябрьский;2;10;6;Новосибирск;2750000;Плющихинский;1; Плющихинская;33.58;Золотая Нива;https://novosibirsk.cian.ru/sale/flat/326651377/?mlSearchSessionGuid=11715bfba34fa7f8cf25ba6717eac38d
flat;АльянсРиэлт;real_estate_agent;sale;Октябрьский;1;2;140;Новосибирск;2750000;;1; Добролюбова;31.7;Золотая Нива;https://novosibirsk.cian.ru/sale/flat/323748494/?mlSearchSessionGuid=11715bfba34fa7f8cf25ba6717eac38d
flat;ЖИЛФОНД;real_estate_agent;sale;Кировский;8;9;80;Новосибирск;2800000;;1; Сибиряков-Гвардейцев;30.8;Площадь Маркса;https://novosibirsk.cian.ru/sale/flat/325758275/?mlSearchSessionGuid=11715bfba34fa7f8cf25ba6717eac38d
flat;ЖИЛФОНД;real_estate_agent;sale;Кировский;5;10;103;Новосибирск;2800000;Матрешкин двор;1; Петухова;20.8;Студенческая;https://novosibirsk.cian.ru/sale/flat/318926001/?mlSearchSessionGuid=11715bfba34fa7f8cf25ba6717eac38d
flat;СТАН;real_estate_agent;sale;Октябрьский;2;10;171/1;Новосибирск;2800000;Плющихинский;3; В. Высоцкого;59.0;Золотая Нива;https://novosibirsk.cian.ru/sale/flat/322176346/?mlSearchSessionGuid=11715bfba34fa7f8cf25ba6717eac38d
flat;Rialtor Group;real_estate_agent;sale;Кировский;1;5;;Новосибирск;2800000;;1; Чигорина;29.1;Студенческая;https://novosibirsk.cian.ru/sale/flat/326216151/?mlSearchSessionGuid=11715bfba34fa7f8cf25ba6717eac38d
flat;НОВО-НСК;real_estate_agent;sale;Дзержинский;1;5;1/5;Новосибирск;2800000;;1; Авиастроителей;32.0;Березовая Роща;https://novosibirsk.cian.ru/sale/flat/323277031/?mlSearchSessionGuid=11715bfba34fa7f8cf25ba6717eac38d
flat;ВАШ ВЫБОР;real_estate_agent;sale;Кировский;1;3;8/1;Новосибирск;2800000;;1;Вознесенская ;28.0;Площадь Маркса;https://novosibirsk.cian.ru/sale/flat/323901786/?mlSearchSessionGuid=11715bfba34fa7f8cf25ba6717eac38d
flat;НСК-top;real_estate_agent;sale;Ленинский;4;5;50/2;Новосибирск;2800000;;1;Станционная ;32.2;Площадь Маркса;https://novosibirsk.cian.ru/sale/flat/321185473/?mlSearchSessionGuid=11715bfba34fa7f8cf25ba6717eac38d
flat;Ваш Академгородок;real_estate_agent;sale;Советский;5;5;7;Новосибирск;2800000;;1; Печатников;30.0;Площадь Маркса;https://novosibirsk.cian.ru/sale/flat/324930441/?mlSearchSessionGuid=11715bfba34fa7f8cf25ba6717eac38d
flat;Хорошие люди;real_estate_agent;sale;Калининский;2;3;96/3;Новосибирск;2845000;;-1; Богдана Хмельницкого;24.3;Заельцовская;https://novosibirsk.cian.ru/sale/flat/322544885/?mlSearchSessionGuid=11715bfba34fa7f8cf25ba6717eac38d
flat;Домофонд;real_estate_agent;sale;Октябрьский;5;10;143/9;Новосибирск;2800000;Плющихинский;1; В. Высоцкого;39.02;Золотая Нива;https://novosibirsk.cian.ru/sale/flat/301501475/?mlSearchSessionGuid=11715bfba34fa7f8cf25ba6717eac38d
flat;ЖИЛФОНД;real_estate_agent;sale;Кировский;3;9;40;Новосибирск;2850000;;1; Чемская;30.5;Студенческая;https://novosibirsk.cian.ru/sale/flat/326690080/?mlSearchSessionGuid=11715bfba34fa7f8cf25ba6717eac38d
flat;ЖИЛФОНД;real_estate_agent;sale;Кировский;16;17;4;Новосибирск;2890000;;1; Виктора Уса;23.8;Площадь Маркса;https://novosibirsk.cian.ru/sale/flat/325469316/?mlSearchSessionGuid=11715bfba34fa7f8cf25ba6717eac38d
flat;ЖИЛФОНД;real_estate_agent;sale;Советский;3;5;7;Новосибирск;2850000;;1; Печатников;28.6;Студенческая;https://novosibirsk.cian.ru/sale/flat/323289121/?mlSearchSessionGuid=11715bfba34fa7f8cf25ba6717eac38d
flat;ЖИЛФОНД;real_estate_agent;sale;Кировский;1;4;4/1;Новосибирск;2880000;;2;Рубежная ;43.4;Студенческая;https://novosibirsk.cian.ru/sale/flat/326068959/?mlSearchSessionGuid=11715bfba34fa7f8cf25ba6717eac38d
flat;ЖИЛФОНД;real_estate_agent;sale;Ленинский;1;2;30;Новосибирск;2850000;;1;Планировочная ;31.0;Студенческая;https://novosibirsk.cian.ru/sale/flat/313224682/?mlSearchSessionGuid=11715bfba34fa7f8cf25ba6717eac38d
flat;Домофонд;real_estate_agent;sale;Октябрьский;3;10;144/1;Новосибирск;2870000;Плющихинский;1; В. Высоцкого;33.0;Золотая Нива;https://novosibirsk.cian.ru/sale/flat/323995730/?mlSearchSessionGuid=11715bfba34fa7f8cf25ba6717eac38d
flat;Универсал;real_estate_agent;sale;Калининский;4;5;19;Новосибирск;2860000;;2; Флотская;44.0;Заельцовская;https://novosibirsk.cian.ru/sale/flat/321055018/?mlSearchSessionGuid=11715bfba34fa7f8cf25ba6717eac38d
flat;АктивНедвижимость;real_estate_agent;sale;Кировский;2;18;4;Новосибирск;2850000;;1; Виктора Уса;24.0;Площадь Маркса;https://novosibirsk.cian.ru/sale/flat/315188739/?mlSearchSessionGuid=11715bfba34fa7f8cf25ba6717eac38d
flat;СТАН;real_estate_agent;sale;Кировский;1;17;13;Новосибирск;2850000;;1; Виктора Уса;27.6;Площадь Маркса;https://novosibirsk.cian.ru/sale/flat/320190160/?mlSearchSessionGuid=11715bfba34fa7f8cf25ba6717eac38d
flat;ПЛАНЕТА на Маркса;real_estate_agent;sale;Ленинский;2;5;4;Новосибирск;2850000;;1; Забалуева;28.1;Площадь Маркса;https://novosibirsk.cian.ru/sale/flat/324466037/?mlSearchSessionGuid=11715bfba34fa7f8cf25ba6717eac38d
flat;АльянсРиэлт;real_estate_agent;sale;Октябрьский;1;1;218;Новосибирск;2850000;;2; 9 Ноября;46.1;Речной вокзал;https://novosibirsk.cian.ru/sale/flat/319964118/?mlSearchSessionGuid=11715bfba34fa7f8cf25ba6717eac38d
flat;Формула недвижимости;real_estate_agent;sale;Кировский;1;3;37/1;Новосибирск;2850000;;1;Рубежная ;27.0;Студенческая;https://novosibirsk.cian.ru/sale/flat/287622349/?mlSearchSessionGuid=11715bfba34fa7f8cf25ba6717eac38d
flat;ID 9714304;realtor;sale;Ленинский;2;5;11;Новосибирск;2850000;;1;Путевая ;32.0;Студенческая;https://novosibirsk.cian.ru/sale/flat/326788032/?mlSearchSessionGuid=11715bfba34fa7f8cf25ba6717eac38d
flat;ЖИЛФОНД;real_estate_agent;sale;Октябрьский;1;10;171/12;Новосибирск;2900000;Плющихинский;1; В. Высоцкого;41.36;Золотая Нива;https://novosibirsk.cian.ru/sale/flat/326833550/?mlSearchSessionGuid=11715bfba34fa7f8cf25ba6717eac38d
flat;ЖИЛФОНД;real_estate_agent;sale;Ленинский;4;6;150/5;Новосибирск;2900000;Дивногорский;1;Дивногорская ;24.9;Студенческая;https://novosibirsk.cian.ru/sale/flat/324194826/?mlSearchSessionGuid=11715bfba34fa7f8cf25ba6717eac38d
flat;ЖИЛФОНД;real_estate_agent;sale;Ленинский;2;3;628;Новосибирск;2900000;;1;Большая ;25.2;Площадь Маркса;https://novosibirsk.cian.ru/sale/flat/320978028/?mlSearchSessionGuid=11715bfba34fa7f8cf25ba6717eac38d
flat;ЖИЛФОНД;real_estate_agent;sale;Первомайский;15;17;1/2;Новосибирск;2900000;Берёзовое;1; Одоевского;25.2;Спортивная;https://novosibirsk.cian.ru/sale/flat/326987690/?mlSearchSessionGuid=11715bfba34fa7f8cf25ba6717eac38d
flat;ЖИЛФОНД;real_estate_agent;sale;Ленинский;14;17;92;Новосибирск;2900000;Радуга Сибири;1; Забалуева;23.8;Площадь Маркса;https://novosibirsk.cian.ru/sale/flat/326986349/?mlSearchSessionGuid=11715bfba34fa7f8cf25ba6717eac38d
flat;ЖИЛФОНД;real_estate_agent;sale;Калининский;2;2;2;Новосибирск;2900000;;2; Новоуральская;47.3;Заельцовская;https://novosibirsk.cian.ru/sale/flat/322762979/?mlSearchSessionGuid=11715bfba34fa7f8cf25ba6717eac38d
flat;ЖИЛФОНД;real_estate_agent;sale;Советский;2;5;10;Новосибирск;2900000;;1; Динамовцев;29.0;Студенческая;https://novosibirsk.cian.ru/sale/flat/323193579/?mlSearchSessionGuid=11715bfba34fa7f8cf25ba6717eac38d
flat;Светлана Толмачева;realtor;sale;Ленинский;1;2;36/1;Новосибирск;2900009;;1; Расковой;31.0;Площадь Маркса;https://novosibirsk.cian.ru/sale/flat/316706704/?mlSearchSessionGuid=11715bfba34fa7f8cf25ba6717eac38d
flat;Владис Центральное;real_estate_agent;sale;Ленинский;3;5;18/2;Новосибирск;2930000;;1; Котовского;23.0;Площадь Маркса;https://novosibirsk.cian.ru/sale/flat/322340872/?mlSearchSessionGuid=11715bfba34fa7f8cf25ba6717eac38d
flat;Владис Центральное;real_estate_agent;sale;Заельцовский;1;5;40/2;Новосибирск;2920000;;1;Дачная ;19.0;Заельцовская;https://novosibirsk.cian.ru/sale/flat/322669952/?mlSearchSessionGuid=11715bfba34fa7f8cf25ba6717eac38d
flat;Планета;real_estate_agent;sale;Дзержинский;1;5;1А;Новосибирск;2930000;;1; Полякова;30.0;Березовая Роща;https://novosibirsk.cian.ru/sale/flat/325153935/?mlSearchSessionGuid=11715bfba34fa7f8cf25ba6717eac38d
flat;Альфа Дом;real_estate_agent;sale;Ленинский;1;3;612;Новосибирск;2949000;;1;Большая ;26.0;Площадь Маркса;https://novosibirsk.cian.ru/sale/flat/312846791/?mlSearchSessionGuid=11715bfba34fa7f8cf25ba6717eac38d
flat;ЖИЛФОНД;real_estate_agent;sale;Ленинский;5;5;22/2;Новосибирск;2999000;;1; Немировича-Данченко;28.7;Площадь Маркса;https://novosibirsk.cian.ru/sale/flat/327093054/?mlSearchSessionGuid=11715bfba34fa7f8cf25ba6717eac38d
flat;ЖИЛФОНД;real_estate_agent;sale;Первомайский;3;17;22/3;Новосибирск;2999000;Берёзовое;1; Твардовского;27.6;Речной вокзал;https://novosibirsk.cian.ru/sale/flat/325287532/?mlSearchSessionGuid=11715bfba34fa7f8cf25ba6717eac38d
flat;ЖИЛФОНД;real_estate_agent;sale;Кировский;5;10;5;Новосибирск;2990000;Акатуйский;1; Виктора Уса;25.6;Площадь Маркса;https://novosibirsk.cian.ru/sale/flat/325655914/?mlSearchSessionGuid=11715bfba34fa7f8cf25ba6717eac38d
flat;ЖИЛФОНД;real_estate_agent;sale;Кировский;11;17;13;Новосибирск;2950000;;1; Виктора Уса;27.6;Площадь Маркса;https://novosibirsk.cian.ru/sale/flat/324637455/?mlSearchSessionGuid=11715bfba34fa7f8cf25ba6717eac38d
flat;ЖИЛФОНД;real_estate_agent;sale;Кировский;2;18;53/10;Новосибирск;2990000;Квартал Цветной Бульвар;1; Сибиряков-Гвардейцев;22.5;Площадь Маркса;https://novosibirsk.cian.ru/sale/flat/322349161/?mlSearchSessionGuid=11715bfba34fa7f8cf25ba6717eac38d
flat;ЖИЛФОНД;real_estate_agent;sale;Октябрьский;7;18;2;Новосибирск;2950000;Плющихинский;1; Плющихинская;38.4;Золотая Нива;https://novosibirsk.cian.ru/sale/flat/321602361/?mlSearchSessionGuid=11715bfba34fa7f8cf25ba6717eac38d
flat;ЖИЛФОНД;real_estate_agent;sale;Калининский;3;5;20;Новосибирск;2970000;;2; Флотская;46.4;Заельцовская;https://novosibirsk.cian.ru/sale/flat/317282495/?mlSearchSessionGuid=11715bfba34fa7f8cf25ba6717eac38d
flat;ЖИЛФОНД;real_estate_agent;sale;Кировский;8;9;105;Новосибирск;2950000;;1; Зорге;34.0;Площадь Маркса;https://novosibirsk.cian.ru/sale/flat/327081016/?mlSearchSessionGuid=11715bfba34fa7f8cf25ba6717eac38d
flat;Агентство недвижимости Буравлёвой Эллы;real_estate_agent;sale;Кировский;3;17;15;Новосибирск;2950000;;1; Виктора Уса;23.4;Площадь Маркса;https://novosibirsk.cian.ru/sale/flat/326548954/?mlSearchSessionGuid=11715bfba34fa7f8cf25ba6717eac38d
flat;Дельта;real_estate_agent;sale;Советский;15;26;17;Новосибирск;2950000;;1; Молодости;27.8;Студенческая;https://novosibirsk.cian.ru/sale/flat/325258297/?mlSearchSessionGuid=11715bfba34fa7f8cf25ba6717eac38d
flat;КВАРТЭН;real_estate_agent;sale;;1;4;63;Новосибирск;2950000;;2; Солидарности;44.0;Заельцовская;https://novosibirsk.cian.ru/sale/flat/323182317/?mlSearchSessionGuid=11715bfba34fa7f8cf25ba6717eac38d
flat;Все Новые Дома;real_estate_agent;sale;Октябрьский;9;10;9;Новосибирск;2999000;Плющихинский;1; Плющихинская;48.3;Золотая Нива;https://novosibirsk.cian.ru/sale/flat/326044177/?mlSearchSessionGuid=11715bfba34fa7f8cf25ba6717eac38d
flat;Владис Центральное;real_estate_agent;sale;Кировский;2;3;33;Новосибирск;2990000;;1;Воскресная ;31.8;Студенческая;https://novosibirsk.cian.ru/sale/flat/322722537/?mlSearchSessionGuid=11715bfba34fa7f8cf25ba6717eac38d
flat;Квартирный портал;real_estate_agent;sale;Ленинский;10;17;102;Новосибирск;2999000;Радуга Сибири;1; Забалуева;27.5;Площадь Маркса;https://novosibirsk.cian.ru/sale/flat/325854964/?mlSearchSessionGuid=11715bfba34fa7f8cf25ba6717eac38d
flat;Владис Центральное;real_estate_agent;sale;Ленинский;14;18;90;Новосибирск;2950000;Радуга Сибири;1; Забалуева;22.7;Площадь Маркса;https://novosibirsk.cian.ru/sale/flat/326856600/?mlSearchSessionGuid=11715bfba34fa7f8cf25ba6717eac38d
flat;METRAGE;real_estate_agent;sale;Октябрьский;1;10;41;Новосибирск;2950000;Плющихинский;1; Татьяны Снежиной;32.5;Золотая Нива;https://novosibirsk.cian.ru/sale/flat/326306868/?mlSearchSessionGuid=11715bfba34fa7f8cf25ba6717eac38d
flat;Владис Центральное;real_estate_agent;sale;Кировский;1;3;31/1;Новосибирск;2950000;;2;Воскресная ;40.0;Студенческая;https://novosibirsk.cian.ru/sale/flat/324331760/?mlSearchSessionGuid=11715bfba34fa7f8cf25ba6717eac38d
flat;Сибирь Ипотека;real_estate_agent;sale;Первомайский;1;1;156;Новосибирск;2990000;;4;Сокольническая ;65.0;Речной вокзал;https://novosibirsk.cian.ru/sale/flat/324479265/?mlSearchSessionGuid=11715bfba34fa7f8cf25ba6717eac38d
flat;Всем Квартиру;real_estate_agent;sale;Советский;1;2;19;Новосибирск;2999999;;2; Молодости;48.0;Студенческая;https://novosibirsk.cian.ru/sale/flat/305245966/?mlSearchSessionGuid=11715bfba34fa7f8cf25ba6717eac38d
flat;Планета;real_estate_agent;sale;Кировский;2;3;29;Новосибирск;2950000;;1;Воскресная ;29.8;Студенческая;https://novosibirsk.cian.ru/sale/flat/315550096/?mlSearchSessionGuid=11715bfba34fa7f8cf25ba6717eac38d
flat;Планета;real_estate_agent;sale;Кировский;3;9;1;Новосибирск;2970000;;1; Палласа;31.0;Площадь Маркса;https://novosibirsk.cian.ru/sale/flat/304660056/?mlSearchSessionGuid=11715bfba34fa7f8cf25ba6717eac38d
flat;ЖИЛФОНД;real_estate_agent;sale;Первомайский;3;17;1/8;Новосибирск;3000000;Берёзовое;1; Одоевского;18.1;Речной вокзал;https://novosibirsk.cian.ru/sale/flat/323588059/?mlSearchSessionGuid=11715bfba34fa7f8cf25ba6717eac38d
flat;ЖИЛФОНД;real_estate_agent;sale;Октябрьский;2;2;225;Новосибирск;3000000;;2;Нижегородская ;46.5;Речной вокзал;https://novosibirsk.cian.ru/sale/flat/320959791/?mlSearchSessionGuid=11715bfba34fa7f8cf25ba6717eac38d
flat;ЖИЛФОНД;real_estate_agent;sale;Ленинский;4;5;24;Новосибирск;3000000;;1; 9-й Гвардейской Дивизии;28.8;Площадь Маркса;https://novosibirsk.cian.ru/sale/flat/325555865/?mlSearchSessionGuid=11715bfba34fa7f8cf25ba6717eac38d
flat;ЖИЛФОНД;real_estate_agent;sale;Кировский;9;10;103/2;Новосибирск;3000000;Матрешкин двор;1; Петухова;27.8;Студенческая;https://novosibirsk.cian.ru/sale/flat/324578181/?mlSearchSessionGuid=11715bfba34fa7f8cf25ba6717eac38d
flat;ЖИЛФОНД;real_estate_agent;sale;Кировский;2;3;118;Новосибирск;3000000;;2; Немировича-Данченко;40.5;Площадь Маркса;https://novosibirsk.cian.ru/sale/flat/325483492/?mlSearchSessionGuid=11715bfba34fa7f8cf25ba6717eac38d
flat;Квартирный портал;real_estate_agent;sale;Кировский;1;10;90;Новосибирск;3000000;;1; Зорге;28.8;Площадь Маркса;https://novosibirsk.cian.ru/sale/flat/325626513/?mlSearchSessionGuid=11715bfba34fa7f8cf25ba6717eac38d
flat;МакроМир;real_estate_agent;sale;Ленинский;1;5;163;Новосибирск;3000000;;1; Немировича-Данченко;23.0;Студенческая;https://novosibirsk.cian.ru/sale/flat/327063390/?mlSearchSessionGuid=11715bfba34fa7f8cf25ba6717eac38d
flat;Владис Центральное;real_estate_agent;sale;Кировский;3;5;53/2;Новосибирск;3000000;;1; Петухова;30.0;Площадь Маркса;https://novosibirsk.cian.ru/sale/flat/327055805/?mlSearchSessionGuid=11715bfba34fa7f8cf25ba6717eac38d
flat;Анна Козлова;realtor;sale;Ленинский;3;5;50/2;Новосибирск;3000000;;1;Станционная ;34.7;Площадь Маркса;https://novosibirsk.cian.ru/sale/flat/325222697/?mlSearchSessionGuid=11715bfba34fa7f8cf25ba6717eac38d
flat;Агент Pro;real_estate_agent;sale;Кировский;13;19;15;Новосибирск;3000000;;1; Виктора Уса;27.6;Площадь Маркса;https://novosibirsk.cian.ru/sale/flat/326057448/?mlSearchSessionGuid=11715bfba34fa7f8cf25ba6717eac38d
flat;СТАН;real_estate_agent;sale;Октябрьский;7;10;9;Новосибирск;3000000;Плющихинский;1; Плющихинская;39.0;Золотая Нива;https://novosibirsk.cian.ru/sale/flat/319944605/?mlSearchSessionGuid=11715bfba34fa7f8cf25ba6717eac38d
flat;Пространство Вариантов;real_estate_agent;sale;Кировский;6;7;6/4;Новосибирск;3000000;На Петухова (ЖСК);1; Петухова;36.3;Площадь Маркса;https://novosibirsk.cian.ru/sale/flat/314928155/?mlSearchSessionGuid=11715bfba34fa7f8cf25ba6717eac38d
flat;ПЛАНЕТА на Маркса;real_estate_agent;sale;Кировский;1;9;59/1;Новосибирск;3000000;;1; Мира;32.0;Площадь Маркса;https://novosibirsk.cian.ru/sale/flat/325761828/?mlSearchSessionGuid=11715bfba34fa7f8cf25ba6717eac38d
flat;Владис Центральное;real_estate_agent;sale;Калининский;4;5;16;Новосибирск;3000000;;2; Флотская;43.4;Заельцовская;https://novosibirsk.cian.ru/sale/flat/324767361/?mlSearchSessionGuid=11715bfba34fa7f8cf25ba6717eac38d
flat;Краснообск-Недвижимость;real_estate_agent;sale;Кировский;5;9;121;Новосибирск;3000000;;1; Зорге;33.1;Площадь Маркса;https://novosibirsk.cian.ru/sale/flat/326174671/?mlSearchSessionGuid=11715bfba34fa7f8cf25ba6717eac38d
flat;Титул;real_estate_agent;sale;Октябрьский;12;18;2;Новосибирск;3000000;Плющихинский;1; Плющихинская;25.0;Золотая Нива;https://novosibirsk.cian.ru/sale/flat/325414607/?mlSearchSessionGuid=11715bfba34fa7f8cf25ba6717eac38d
flat;МакроМир;real_estate_agent;sale;Ленинский;14;18;102;Новосибирск;3000000;Радуга Сибири;1; Забалуева;20.4;Площадь Маркса;https://novosibirsk.cian.ru/sale/flat/326419106/?mlSearchSessionGuid=11715bfba34fa7f8cf25ba6717eac38d
flat;СТАН;real_estate_agent;sale;Ленинский;2;2;33/1;Новосибирск;3000000;;1; Расковой;31.0;Площадь Маркса;https://novosibirsk.cian.ru/sale/flat/319502933/?mlSearchSessionGuid=11715bfba34fa7f8cf25ba6717eac38d
flat;ДомианНСК;real_estate_agent;sale;Кировский;2;2;61;Новосибирск;3000000;;2; Гэсстроевская;42.8;Студенческая;https://novosibirsk.cian.ru/sale/flat/321560398/?mlSearchSessionGuid=11715bfba34fa7f8cf25ba6717eac38d
flat;Альфа Дом;real_estate_agent;sale;Октябрьский;3;10;6;Новосибирск;3000000;Плющихинский;1; Плющихинская;34.0;Золотая Нива;https://novosibirsk.cian.ru/sale/flat/325157831/?mlSearchSessionGuid=11715bfba34fa7f8cf25ba6717eac38d
flat;Формула недвижимости;real_estate_agent;sale;Первомайский;2;5;14;Новосибирск;3000000;;1;Звездная ;29.0;Речной вокзал;https://novosibirsk.cian.ru/sale/flat/322045012/?mlSearchSessionGuid=11715bfba34fa7f8cf25ba6717eac38d
flat;Галина Дедусенко;realtor;sale;Советский;6;9;33;Новосибирск;3000000;;1;Приморская ;29.9;Студенческая;https://novosibirsk.cian.ru/sale/flat/320057240/?mlSearchSessionGuid=11715bfba34fa7f8cf25ba6717eac38d
flat;МакроМир;real_estate_agent;sale;;9;27;229/1;Новосибирск;3060000;Расцветай на Зорге;1; Зорге;27.7;Площадь Маркса;https://novosibirsk.cian.ru/sale/flat/325935816/?mlSearchSessionGuid=11715bfba34fa7f8cf25ba6717eac38d
flat;ЖИЛФОНД;real_estate_agent;sale;Кировский;5;5;12;Новосибирск;3050000;;1; Палласа;28.8;Площадь Маркса;https://novosibirsk.cian.ru/sale/flat/322862052/?mlSearchSessionGuid=11715bfba34fa7f8cf25ba6717eac38d
flat;УСПЕХ-недвижимость;real_estate_agent;sale;Калининский;3;5;20;Новосибирск;3060000;;2; Флотская;46.2;Заельцовская;https://novosibirsk.cian.ru/sale/flat/316008066/?mlSearchSessionGuid=11715bfba34fa7f8cf25ba6717eac38d
flat;Владис Центральное;real_estate_agent;sale;Кировский;1;5;75;Новосибирск;3090000;;1; Зорге;28.5;Площадь Маркса;https://novosibirsk.cian.ru/sale/flat/324600384/?mlSearchSessionGuid=11715bfba34fa7f8cf25ba6717eac38d
flat;СТАН;real_estate_agent;sale;Октябрьский;6;10;1;Новосибирск;3080000;Плющихинский;1; Плющихинская;39.35;Золотая Нива;https://novosibirsk.cian.ru/sale/flat/325247071/?mlSearchSessionGuid=11715bfba34fa7f8cf25ba6717eac38d
flat;Родники;real_estate_agent;sale;Первомайский;6;17;22/5;Новосибирск;3050000;Берёзовое;1; Твардовского;27.6;Речной вокзал;https://novosibirsk.cian.ru/sale/flat/326200161/?mlSearchSessionGuid=11715bfba34fa7f8cf25ba6717eac38d
flat;РЕГИОНАЛЬНЫЙ ЦЕНТР НЕДВИЖИМОСТИ;real_estate_agent;sale;Кировский;2;3;31/2;Новосибирск;3080000;;1;Воскресная ;33.6;Студенческая;https://novosibirsk.cian.ru/sale/flat/326230053/?mlSearchSessionGuid=11715bfba34fa7f8cf25ba6717eac38d
flat;Дельта;real_estate_agent;sale;Советский;4;5;15;Новосибирск;3100000;;1;Часовая ;30.2;Студенческая;https://novosibirsk.cian.ru/sale/flat/326836936/?mlSearchSessionGuid=11715bfba34fa7f8cf25ba6717eac38d
flat;ЖИЛФОНД;real_estate_agent;sale;Кировский;3;9;74;Новосибирск;3100000;;1; Петухова;30.0;Площадь Маркса;https://novosibirsk.cian.ru/sale/flat/323671354/?mlSearchSessionGuid=11715bfba34fa7f8cf25ba6717eac38d
flat;ЖИЛФОНД;real_estate_agent;sale;Кировский;17;17;13;Новосибирск;3100000;;1; Виктора Уса;31.0;Площадь Маркса;https://novosibirsk.cian.ru/sale/flat/312516366/?mlSearchSessionGuid=11715bfba34fa7f8cf25ba6717eac38d
flat;ЖИЛФОНД;real_estate_agent;sale;Первомайский;5;5;114;Новосибирск;3100000;;1;Первомайская ;31.9;Спортивная;https://novosibirsk.cian.ru/sale/flat/326217987/?mlSearchSessionGuid=11715bfba34fa7f8cf25ba6717eac38d
flat;ЖИЛФОНД;real_estate_agent;sale;Кировский;2;9;36;Новосибирск;3100000;;1; Зорге;29.5;Площадь Маркса;https://novosibirsk.cian.ru/sale/flat/326980465/?mlSearchSessionGuid=11715bfba34fa7f8cf25ba6717eac38d
flat;ЖИЛФОНД;real_estate_agent;sale;Ленинский;2;6;150/2;Новосибирск;3100000;Дивногорский;1;Дивногорская ;24.3;Площадь Маркса;https://novosibirsk.cian.ru/sale/flat/326260781/?mlSearchSessionGuid=11715bfba34fa7f8cf25ba6717eac38d
flat;ЖИЛФОНД;real_estate_agent;sale;Кировский;6;9;59;Новосибирск;3149000;;1; Мира;31.3;Площадь Маркса;https://novosibirsk.cian.ru/sale/flat/320247218/?mlSearchSessionGuid=11715bfba34fa7f8cf25ba6717eac38d
flat;МакроМир;real_estate_agent;sale;Кировский;5;5;49;Новосибирск;3100000;;-1; Ватутина;46.0;Площадь Маркса;https://novosibirsk.cian.ru/sale/flat/326252609/?mlSearchSessionGuid=11715bfba34fa7f8cf25ba6717eac38d
flat;Владис Центральное;real_estate_agent;sale;Кировский;4;5;24;Новосибирск;3100000;;1; Петухова;32.3;Площадь Маркса;https://novosibirsk.cian.ru/sale/flat/326501428/?mlSearchSessionGuid=11715bfba34fa7f8cf25ba6717eac38d
flat;PRO Недвижимость;real_estate_agent;sale;Калининский;3;5;7;Новосибирск;3100000;;1; Магистральная;29.9;Заельцовская;https://novosibirsk.cian.ru/sale/flat/312968950/?mlSearchSessionGuid=11715bfba34fa7f8cf25ba6717eac38d
flat;ПАЛИТРА;real_estate_agent;sale;Дзержинский;4;5;58;Новосибирск;3100000;;1;проспект Дзержинского;28.4;Березовая Роща;https://novosibirsk.cian.ru/sale/flat/322901960/?mlSearchSessionGuid=11715bfba34fa7f8cf25ba6717eac38d
flat;ПРОЕКТ;real_estate_agent;sale;Первомайский;10;10;2А;Новосибирск;3100000;;1;Ученическая ;27.1;Спортивная;https://novosibirsk.cian.ru/sale/flat/326213763/?mlSearchSessionGuid=11715bfba34fa7f8cf25ba6717eac38d
flat;Планета;real_estate_agent;sale;Кировский;5;10;56;Новосибирск;3100000;;1; Петухова;33.0;Площадь Маркса;https://novosibirsk.cian.ru/sale/flat/316392446/?mlSearchSessionGuid=11715bfba34fa7f8cf25ba6717eac38d
flat;Александр Пуров;realtor;sale;Дзержинский;4;5;69/1;Новосибирск;3100000;;1;проспект Дзержинского;32.0;;https://novosibirsk.cian.ru/sale/flat/326544460/?mlSearchSessionGuid=11715bfba34fa7f8cf25ba6717eac38d
flat;Елена Блинова;realtor;sale;Кировский;3;3;10/2;Новосибирск;3100000;;1;Рубежная ;39.4;Студенческая;https://novosibirsk.cian.ru/sale/flat/323775883/?mlSearchSessionGuid=11715bfba34fa7f8cf25ba6717eac38d
flat;ЖИЛФОНД;real_estate_agent;sale;Дзержинский;1;5;35;Новосибирск;3150000;;1; Есенина;31.0;Золотая Нива;https://novosibirsk.cian.ru/sale/flat/326416667/?mlSearchSessionGuid=11715bfba34fa7f8cf25ba6717eac38d
flat;ЖИЛФОНД;real_estate_agent;sale;Кировский;4;9;80;Новосибирск;3150000;;1; Сибиряков-Гвардейцев;37.2;Площадь Маркса;https://novosibirsk.cian.ru/sale/flat/319815325/?mlSearchSessionGuid=11715bfba34fa7f8cf25ba6717eac38d
flat;ЖИЛФОНД;real_estate_agent;sale;Кировский;1;10;86;Новосибирск;3150000;;1; Зорге;31.7;Площадь Маркса;https://novosibirsk.cian.ru/sale/flat/326644273/?mlSearchSessionGuid=11715bfba34fa7f8cf25ba6717eac38d
flat;ЖИЛФОНД;real_estate_agent;sale;Кировский;16;17;2;Новосибирск;3150000;;1; Виктора Уса;20.8;Площадь Маркса;https://novosibirsk.cian.ru/sale/flat/321145421/?mlSearchSessionGuid=11715bfba34fa7f8cf25ba6717eac38d
flat;ЖИЛФОНД;real_estate_agent;sale;Кировский;14;25;162;Новосибирск;3150000;Матрешкин двор;1; Петухова;23.6;Площадь Маркса;https://novosibirsk.cian.ru/sale/flat/324125831/?mlSearchSessionGuid=11715bfba34fa7f8cf25ba6717eac38d
flat;МакроМир;real_estate_agent;sale;Дзержинский;3;9;33;Новосибирск;3165999;;1;Гусинобродское шоссе;36.8;Золотая Нива;https://novosibirsk.cian.ru/sale/flat/326354933/?mlSearchSessionGuid=11715bfba34fa7f8cf25ba6717eac38d
flat;РЦН на Башне;real_estate_agent;sale;Ленинский;4;12;6/1;Новосибирск;3170000;Дивногорский;1; Романтиков;25.7;Площадь Маркса;https://novosibirsk.cian.ru/sale/flat/326627007/?mlSearchSessionGuid=11715bfba34fa7f8cf25ba6717eac38d
flat;Планета;real_estate_agent;sale;Октябрьский;6;10;44;Новосибирск;3150000;Плющихинский;1; В. Высоцкого;29.5;Золотая Нива;https://novosibirsk.cian.ru/sale/flat/326546000/?mlSearchSessionGuid=11715bfba34fa7f8cf25ba6717eac38d
flat;КВАРТЭН;real_estate_agent;sale;Кировский;4;5;60;Новосибирск;3170000;;1; Петухова;30.0;Площадь Маркса;https://novosibirsk.cian.ru/sale/flat/325290814/?mlSearchSessionGuid=11715bfba34fa7f8cf25ba6717eac38d
flat;METRAGE;real_estate_agent;sale;Кировский;16;20;9;Новосибирск;3150000;Тулинское;1; Виктора Уса;25.2;Площадь Маркса;https://novosibirsk.cian.ru/sale/flat/325484936/?mlSearchSessionGuid=11715bfba34fa7f8cf25ba6717eac38d
flat;Всем Квартиру;real_estate_agent;sale;Ленинский;9;14;253/3;Новосибирск;3150000;Любимый;1; Титова;22.4;Площадь Маркса;https://novosibirsk.cian.ru/sale/flat/326759416/?mlSearchSessionGuid=11715bfba34fa7f8cf25ba6717eac38d
flat;Владис Центральное;real_estate_agent;sale;Кировский;4;9;269;Новосибирск;3199000;;1; Зорге;32.6;Площадь Маркса;https://novosibirsk.cian.ru/sale/flat/322783729/?mlSearchSessionGuid=11715bfba34fa7f8cf25ba6717eac38d
flat;Владис Центральное;real_estate_agent;sale;Кировский;7;9;68;Новосибирск;3150000;;1; Сибиряков-Гвардейцев;34.0;Площадь Маркса;https://novosibirsk.cian.ru/sale/flat/321159862/?mlSearchSessionGuid=11715bfba34fa7f8cf25ba6717eac38d
flat;Домофонд;real_estate_agent;sale;Октябрьский;5;11;41/5;Новосибирск;3150000;;1; В. Высоцкого;33.0;Золотая Нива;https://novosibirsk.cian.ru/sale/flat/322576323/?mlSearchSessionGuid=11715bfba34fa7f8cf25ba6717eac38d
flat;НОВО-НИКОЛАЕВСКЪ-НСК;real_estate_agent;sale;Кировский;13;17;4;Новосибирск;3150000;;1; Виктора Уса;28.0;Площадь Маркса;https://novosibirsk.cian.ru/sale/flat/322706188/?mlSearchSessionGuid=11715bfba34fa7f8cf25ba6717eac38d
flat;Всем Квартиру;real_estate_agent;sale;Дзержинский;1;9;33;Новосибирск;3150000;;1;Гусинобродское шоссе;36.4;Золотая Нива;https://novosibirsk.cian.ru/sale/flat/304525384/?mlSearchSessionGuid=11715bfba34fa7f8cf25ba6717eac38d
flat;Планета;real_estate_agent;sale;Дзержинский;4;5;19/4;Новосибирск;3170000;;1; Доватора;30.0;Золотая Нива;https://novosibirsk.cian.ru/sale/flat/321484844/?mlSearchSessionGuid=11715bfba34fa7f8cf25ba6717eac38d
flat;Альфа Дом;real_estate_agent;sale;Ленинский;2;5;22;Новосибирск;3199000;;1; 9-й Гвардейской Дивизии;29.5;Площадь Маркса;https://novosibirsk.cian.ru/sale/flat/322793517/?mlSearchSessionGuid=11715bfba34fa7f8cf25ba6717eac38d
flat;Всем Квартиру;real_estate_agent;sale;Кировский;10;10;101;Новосибирск;3200000;Матрешкин двор;1; Петухова;25.9;Студенческая;https://novosibirsk.cian.ru/sale/flat/321353235/?mlSearchSessionGuid=11715bfba34fa7f8cf25ba6717eac38d
flat;ЖИЛФОНД;real_estate_agent;sale;Заельцовский;2;2;14;Новосибирск;3200000;;1; Кузьмы Минина;32.5;Заельцовская;https://novosibirsk.cian.ru/sale/flat/326969005/?mlSearchSessionGuid=11715bfba34fa7f8cf25ba6717eac38d
flat;ЖИЛФОНД;real_estate_agent;sale;Калининский;3;5;17;Новосибирск;3200000;;2; Флотская;43.6;Заельцовская;https://novosibirsk.cian.ru/sale/flat/326501586/?mlSearchSessionGuid=11715bfba34fa7f8cf25ba6717eac38d
flat;ЖИЛФОНД;real_estate_agent;sale;Дзержинский;1;5;15;Новосибирск;3200000;;1;Республиканская ;31.9;Березовая Роща;https://novosibirsk.cian.ru/sale/flat/326997845/?mlSearchSessionGuid=11715bfba34fa7f8cf25ba6717eac38d
flat;ЖИЛФОНД;real_estate_agent;sale;Калининский;2;5;27/2;Новосибирск;3200000;;1; Макаренко;30.2;Заельцовская;https://novosibirsk.cian.ru/sale/flat/326757354/?mlSearchSessionGuid=11715bfba34fa7f8cf25ba6717eac38d
flat;ЖИЛФОНД;real_estate_agent;sale;Кировский;3;3;31;Новосибирск;3200000;;1;Рубежная ;38.4;Студенческая;https://novosibirsk.cian.ru/sale/flat/326546902/?mlSearchSessionGuid=11715bfba34fa7f8cf25ba6717eac38d
flat;ЖИЛФОНД;real_estate_agent;sale;Октябрьский;1;10;3;Новосибирск;3230000;Плющихинский;1; Плющихинская;32.7;Золотая Нива;https://novosibirsk.cian.ru/sale/flat/324475794/?mlSearchSessionGuid=11715bfba34fa7f8cf25ba6717eac38d
flat;ЖИЛФОНД;real_estate_agent;sale;Ленинский;6;12;1в;Новосибирск;3200000;Хороший;1;Хилокская ;37.4;Площадь Маркса;https://novosibirsk.cian.ru/sale/flat/306967115/?mlSearchSessionGuid=11715bfba34fa7f8cf25ba6717eac38d
flat;ЖИЛФОНД;real_estate_agent;sale;Октябрьский;1;10;9;Новосибирск;3200000;Плющихинский;1; Плющихинская;33.58;Золотая Нива;https://novosibirsk.cian.ru/sale/flat/326278878/?mlSearchSessionGuid=11715bfba34fa7f8cf25ba6717eac38d
flat;ЖИЛФОНД;real_estate_agent;sale;Октябрьский;4;10;31;Новосибирск;3230000;Плющихинский;1; Татьяны Снежиной;32.5;Золотая Нива;https://novosibirsk.cian.ru/sale/flat/325939732/?mlSearchSessionGuid=11715bfba34fa7f8cf25ba6717eac38d
flat;Ключи;real_estate_agent;sale;Ленинский;2;2;27/1;Новосибирск;3200000;;2;Колхидская ;46.0;Площадь Маркса;https://novosibirsk.cian.ru/sale/flat/326985473/?mlSearchSessionGuid=11715bfba34fa7f8cf25ba6717eac38d
flat;Созвездие Весов;real_estate_agent;sale;Советский;4;17;24/2;Новосибирск;3200000;Тихий берег;1;Приморская ;29.5;Студенческая;https://novosibirsk.cian.ru/sale/flat/326275613/?mlSearchSessionGuid=11715bfba34fa7f8cf25ba6717eac38d
flat;Кабинет Риелторских Услуг;real_estate_agent;sale;;3;4;63;Новосибирск;3200000;;2; Солидарности;45.0;Заельцовская;https://novosibirsk.cian.ru/sale/flat/325903931/?mlSearchSessionGuid=11715bfba34fa7f8cf25ba6717eac38d
flat;Владис Центральное;real_estate_agent;sale;Ленинский;5;5;15;Новосибирск;3200000;;1;Ударная ;30.0;Площадь Маркса;https://novosibirsk.cian.ru/sale/flat/326070120/?mlSearchSessionGuid=11715bfba34fa7f8cf25ba6717eac38d
flat;НСК-top;real_estate_agent;sale;Ленинский;3;5;22;Новосибирск;3200000;;1; Пархоменко;30.5;Студенческая;https://novosibirsk.cian.ru/sale/flat/326714500/?mlSearchSessionGuid=11715bfba34fa7f8cf25ba6717eac38d
flat;Всем Квартиру;real_estate_agent;sale;Кировский;6;17;2;Новосибирск;3200000;;1; Виктора Уса;21.0;Площадь Маркса;https://novosibirsk.cian.ru/sale/flat/325933103/?mlSearchSessionGuid=11715bfba34fa7f8cf25ba6717eac38d
flat;Забота;real_estate_agent;sale;Кировский;5;9;31;Новосибирск;3200000;;1; Комсомольская;29.9;Студенческая;https://novosibirsk.cian.ru/sale/flat/326163106/?mlSearchSessionGuid=11715bfba34fa7f8cf25ba6717eac38d
flat;Ключи;real_estate_agent;sale;Ленинский;5;11;257/2;Новосибирск;3200000;Чистая слобода;1; Титова;22.0;Площадь Маркса;https://novosibirsk.cian.ru/sale/flat/326518925/?mlSearchSessionGuid=11715bfba34fa7f8cf25ba6717eac38d
flat;Новактив;real_estate_agent;sale;Ленинский;1;2;36/1;Новосибирск;3200000;;1; Расковой;31.0;Площадь Маркса;https://novosibirsk.cian.ru/sale/flat/324414874/?mlSearchSessionGuid=11715bfba34fa7f8cf25ba6717eac38d
flat;Квартирный портал;real_estate_agent;sale;Кировский;3;17;22/1;Новосибирск;3200000;Семейный квартал;1;Бронная ;27.0;Площадь Маркса;https://novosibirsk.cian.ru/sale/flat/311844086/?mlSearchSessionGuid=11715bfba34fa7f8cf25ba6717eac38d
flat;100 Домов-Новосибирск;real_estate_agent;sale;Калининский;4;5;21;Новосибирск;3200000;;1; Столетова;29.5;Заельцовская;https://novosibirsk.cian.ru/sale/flat/324509552/?mlSearchSessionGuid=11715bfba34fa7f8cf25ba6717eac38d
flat;МакроМир;real_estate_agent;sale;Кировский;10;19;279;Новосибирск;3200000;Рихард;1; Зорге;30.5;Площадь Маркса;https://novosibirsk.cian.ru/sale/flat/326260150/?mlSearchSessionGuid=11715bfba34fa7f8cf25ba6717eac38d
flat;Новосибирский Центр Недвижимости;real_estate_agent;sale;Кировский;4;5;55/1;Новосибирск;3200000;;1; Петухова;29.0;Площадь Маркса;https://novosibirsk.cian.ru/sale/flat/326204416/?mlSearchSessionGuid=11715bfba34fa7f8cf25ba6717eac38d
flat;Планета на Станиславского;real_estate_agent;sale;Кировский;5;9;144;Новосибирск;3220000;;1; Петухова;30.1;Площадь Маркса;https://novosibirsk.cian.ru/sale/flat/318369527/?mlSearchSessionGuid=11715bfba34fa7f8cf25ba6717eac38d
flat;ID 56215934;realtor;sale;Кировский;1;9;1/4;Новосибирск;3200000;;1; Оловозаводская;35.0;Студенческая;https://novosibirsk.cian.ru/sale/flat/326575577/?mlSearchSessionGuid=11715bfba34fa7f8cf25ba6717eac38d
flat;ID 64331368;realtor;sale;Кировский;1;5;16;Новосибирск;3200000;;2; Громова;44.9;Площадь Маркса;https://novosibirsk.cian.ru/sale/flat/326530931/?mlSearchSessionGuid=11715bfba34fa7f8cf25ba6717eac38d
flat;ЖИЛФОНД;real_estate_agent;sale;Кировский;7;9;59/1;Новосибирск;3250000;;1; Мира;31.0;Площадь Маркса;https://novosibirsk.cian.ru/sale/flat/324194861/?mlSearchSessionGuid=11715bfba34fa7f8cf25ba6717eac38d
flat;ЖИЛФОНД;real_estate_agent;sale;Ленинский;4;4;2;Новосибирск;3250000;;1;Путевая ;30.7;Студенческая;https://novosibirsk.cian.ru/sale/flat/319142423/?mlSearchSessionGuid=11715bfba34fa7f8cf25ba6717eac38d
flat;ЖИЛФОНД;real_estate_agent;sale;Дзержинский;4;5;33/2;Новосибирск;3270000;;1; Доватора;29.2;Золотая Нива;https://novosibirsk.cian.ru/sale/flat/326989647/?mlSearchSessionGuid=11715bfba34fa7f8cf25ba6717eac38d
flat;ЖИЛФОНД;real_estate_agent;sale;Ленинский;6;9;61;Новосибирск;3250000;;1; Невельского;29.6;Площадь Маркса;https://novosibirsk.cian.ru/sale/flat/326931958/?mlSearchSessionGuid=11715bfba34fa7f8cf25ba6717eac38d
flat;Владис Центральное;real_estate_agent;sale;Кировский;7;10;2/1;Новосибирск;3250000;Просторный;1; Александра Чистякова;33.0;Студенческая;https://novosibirsk.cian.ru/sale/flat/326258263/?mlSearchSessionGuid=11715bfba34fa7f8cf25ba6717eac38d
flat;СИБИРЬ;real_estate_agent;sale;Калининский;7;9;13;Новосибирск;3250000;;1; Макаренко;29.9;Заельцовская;https://novosibirsk.cian.ru/sale/flat/326718607/?mlSearchSessionGuid=11715bfba34fa7f8cf25ba6717eac38d
flat;МакроМир;real_estate_agent;sale;Ленинский;5;5;1;Новосибирск;3250000;;2; Невельского;44.0;Студенческая;https://novosibirsk.cian.ru/sale/flat/325393558/?mlSearchSessionGuid=11715bfba34fa7f8cf25ba6717eac38d
flat;Владис Центральное;real_estate_agent;sale;Первомайский;4;17;1/7;Новосибирск;3250000;Берёзовое;1; Одоевского;29.3;Спортивная;https://novosibirsk.cian.ru/sale/flat/327055802/?mlSearchSessionGuid=11715bfba34fa7f8cf25ba6717eac38d
flat;Департамент недвижимости и права;real_estate_agent;sale;Калининский;12;161;66/8;Новосибирск;3250000;На Фадеева;1; Фадеева;21.1;Заельцовская;https://novosibirsk.cian.ru/sale/flat/320453954/?mlSearchSessionGuid=11715bfba34fa7f8cf25ba6717eac38d
flat;Дельта;real_estate_agent;sale;Советский;2;5;6;Новосибирск;3250000;;1;Софийская ;33.1;Студенческая;https://novosibirsk.cian.ru/sale/flat/320917525/?mlSearchSessionGuid=11715bfba34fa7f8cf25ba6717eac38d
flat;Дельта;real_estate_agent;sale;Советский;3;5;13;Новосибирск;3250000;;1;Часовая ;30.2;Студенческая;https://novosibirsk.cian.ru/sale/flat/316872712/?mlSearchSessionGuid=11715bfba34fa7f8cf25ba6717eac38d
flat;Дельта;real_estate_agent;sale;Советский;2;5;24;Новосибирск;3250000;;1;Ветлужская ;30.5;Студенческая;https://novosibirsk.cian.ru/sale/flat/320914889/?mlSearchSessionGuid=11715bfba34fa7f8cf25ba6717eac38d
flat;СТАН;real_estate_agent;sale;Октябрьский;7;10;;Новосибирск;3270000;Плющихинский;2;Плющихинский жилмассив;60.0;Золотая Нива;https://novosibirsk.cian.ru/sale/flat/311513912/?mlSearchSessionGuid=11715bfba34fa7f8cf25ba6717eac38d
flat;СТАН;real_estate_agent;sale;Октябрьский;7;10;141/11;Новосибирск;3270000;Плющихинский;3; В. Высоцкого;59.0;Золотая Нива;https://novosibirsk.cian.ru/sale/flat/311513726/?mlSearchSessionGuid=11715bfba34fa7f8cf25ba6717eac38d
flat;Владис Центральное;real_estate_agent;sale;Ленинский;5;9;81;Новосибирск;3250000;;1; Невельского;29.4;Площадь Маркса;https://novosibirsk.cian.ru/sale/flat/324770278/?mlSearchSessionGuid=11715bfba34fa7f8cf25ba6717eac38d
flat;Вместе;real_estate_agent;sale;Кировский;7;9;23;Новосибирск;3250000;;1; Громова;33.1;Площадь Маркса;https://novosibirsk.cian.ru/sale/flat/323232070/?mlSearchSessionGuid=11715bfba34fa7f8cf25ba6717eac38d
flat;PRO Недвижимость;real_estate_agent;sale;Октябрьский;5;10;39/1;Новосибирск;3260000;Плющихинский;1; Татьяны Снежиной;33.0;Золотая Нива;https://novosibirsk.cian.ru/sale/flat/325654911/?mlSearchSessionGuid=11715bfba34fa7f8cf25ba6717eac38d
flat;АЛЬФА-НЕДВИЖИМОСТЬ;real_estate_agent;sale;Кировский;2;10;18/1;Новосибирск;3250000;Просторный;1; Виктора Шевелева;41.4;Студенческая;https://novosibirsk.cian.ru/sale/flat/324498549/?mlSearchSessionGuid=11715bfba34fa7f8cf25ba6717eac38d
flat;Недвижимость Новосибирска-НН;real_estate_agent;sale;Ленинский;3;5;12;Новосибирск;3260000;;1; Немировича-Данченко;30.0;Площадь Маркса;https://novosibirsk.cian.ru/sale/flat/310184606/?mlSearchSessionGuid=11715bfba34fa7f8cf25ba6717eac38d
flat;Татьяна Порошина;realtor;sale;Кировский;11;17;4;Новосибирск;3250000;;1; Виктора Уса;28.0;;https://novosibirsk.cian.ru/sale/flat/326757577/?mlSearchSessionGuid=11715bfba34fa7f8cf25ba6717eac38d
flat;ЖИЛФОНД;real_estate_agent;sale;Калининский;2;5;31/1;Новосибирск;3300000;;1; Объединения;28.4;Заельцовская;https://novosibirsk.cian.ru/sale/flat/326521895/?mlSearchSessionGuid=11715bfba34fa7f8cf25ba6717eac38d
flat;ЖИЛФОНД;real_estate_agent;sale;Октябрьский;1;10;1;Новосибирск;3300000;Плющихинский;1; Плющихинская;32.5;Золотая Нива;https://novosibirsk.cian.ru/sale/flat/325246065/?mlSearchSessionGuid=11715bfba34fa7f8cf25ba6717eac38d
flat;ЖИЛФОНД;real_estate_agent;sale;Кировский;3;5;5/1;Новосибирск;3300000;;1; Палласа;29.3;Площадь Маркса;https://novosibirsk.cian.ru/sale/flat/324743381/?mlSearchSessionGuid=11715bfba34fa7f8cf25ba6717eac38d
flat;ЖИЛФОНД;real_estate_agent;sale;Октябрьский;9;9;117;Новосибирск;3300000;;1;Выборная ;27.5;Речной вокзал;https://novosibirsk.cian.ru/sale/flat/324351880/?mlSearchSessionGuid=11715bfba34fa7f8cf25ba6717eac38d
flat;ЖИЛФОНД;real_estate_agent;sale;Кировский;3;5;16;Новосибирск;3300000;;1; Чемская;39.7;Студенческая;https://novosibirsk.cian.ru/sale/flat/323750939/?mlSearchSessionGuid=11715bfba34fa7f8cf25ba6717eac38d
flat;ЖИЛФОНД;real_estate_agent;sale;Кировский;4;5;24;Новосибирск;3300000;;1; Чемская;29.0;Площадь Маркса;https://novosibirsk.cian.ru/sale/flat/326755897/?mlSearchSessionGuid=11715bfba34fa7f8cf25ba6717eac38d
flat;ЖИЛФОНД;real_estate_agent;sale;Кировский;6;17;4;Новосибирск;3300000;;1; Виктора Уса;31.3;Площадь Маркса;https://novosibirsk.cian.ru/sale/flat/326650422/?mlSearchSessionGuid=11715bfba34fa7f8cf25ba6717eac38d
flat;ЖИЛФОНД;real_estate_agent;sale;Ленинский;3;5;6;Новосибирск;3300000;;2; Немировича-Данченко;44.4;Площадь Маркса;https://novosibirsk.cian.ru/sale/flat/326542749/?mlSearchSessionGuid=11715bfba34fa7f8cf25ba6717eac38d
flat;ЖИЛФОНД;real_estate_agent;sale;Первомайский;2;2;1А;Новосибирск;3300000;;2;Мирная ;50.4;Спортивная;https://novosibirsk.cian.ru/sale/flat/326303990/?mlSearchSessionGuid=11715bfba34fa7f8cf25ba6717eac38d
flat;МакроМир;real_estate_agent;sale;Калининский;3;5;88/1;Новосибирск;3300000;;1; Объединения;31.1;Заельцовская;https://novosibirsk.cian.ru/sale/flat/326769154/?mlSearchSessionGuid=11715bfba34fa7f8cf25ba6717eac38d
flat;КВАРТЭН;real_estate_agent;sale;Ленинский;11;17;162/1;Новосибирск;3300000;Азимут;1; Связистов;28.0;Площадь Маркса;https://novosibirsk.cian.ru/sale/flat/325296299/?mlSearchSessionGuid=11715bfba34fa7f8cf25ba6717eac38d
flat;Владис Центральное;real_estate_agent;sale;Кировский;4;17;22;Новосибирск;3300000;Семейный квартал;1;Бронная ;24.1;Площадь Маркса;https://novosibirsk.cian.ru/sale/flat/327023617/?mlSearchSessionGuid=11715bfba34fa7f8cf25ba6717eac38d
flat;Дельта;real_estate_agent;sale;Советский;4;5;11;Новосибирск;3300000;;2;Часовая ;45.4;Студенческая;https://novosibirsk.cian.ru/sale/flat/325082398/?mlSearchSessionGuid=11715bfba34fa7f8cf25ba6717eac38d
flat;Светлана Толмачева;realtor;sale;Кировский;4;9;235;Новосибирск;3309009;;1; Зорге;33.8;Площадь Маркса;https://novosibirsk.cian.ru/sale/flat/325325674/?mlSearchSessionGuid=11715bfba34fa7f8cf25ba6717eac38d
flat;Родники;real_estate_agent;sale;Калининский;4;10;12;Новосибирск;3300000;;1; Михаила Немыткина;20.0;Заельцовская;https://novosibirsk.cian.ru/sale/flat/324075654/?mlSearchSessionGuid=11715bfba34fa7f8cf25ba6717eac38d
flat;Владис Центральное;real_estate_agent;sale;Кировский;13;17;22;Новосибирск;3300000;Семейный квартал;1;Бронная ;23.0;Площадь Маркса;https://novosibirsk.cian.ru/sale/flat/326761689/?mlSearchSessionGuid=11715bfba34fa7f8cf25ba6717eac38d
flat;Бэст-Лэнд;real_estate_agent;sale;Первомайский;5;5;106;Новосибирск;3300000;;2;Первомайская ;42.7;Спортивная;https://novosibirsk.cian.ru/sale/flat/326821298/?mlSearchSessionGuid=11715bfba34fa7f8cf25ba6717eac38d
flat;ЕВРОДОМ;real_estate_agent;sale;Кировский;10;10;24;Новосибирск;3300000;Просторный;1; Виктора Шевелева;39.0;Площадь Маркса;https://novosibirsk.cian.ru/sale/flat/320608927/?mlSearchSessionGuid=11715bfba34fa7f8cf25ba6717eac38d
flat;Владис Центральное;real_estate_agent;sale;Ленинский;2;5;120;Новосибирск;3300000;;1; Пархоменко;28.6;Площадь Маркса;https://novosibirsk.cian.ru/sale/flat/326553782/?mlSearchSessionGuid=11715bfba34fa7f8cf25ba6717eac38d
flat;СФЕРА-НСК;real_estate_agent;sale;Ленинский;2;3;93;Новосибирск;3300000;;1; Титова;31.2;Площадь Маркса;https://novosibirsk.cian.ru/sale/flat/324064978/?mlSearchSessionGuid=11715bfba34fa7f8cf25ba6717eac38d
flat;PRO Недвижимость;real_estate_agent;sale;Ленинский;7;17;90;Новосибирск;3300000;Радуга Сибири;1; Забалуева;30.7;Площадь Маркса;https://novosibirsk.cian.ru/sale/flat/324506101/?mlSearchSessionGuid=11715bfba34fa7f8cf25ba6717eac38d
flat;МакроМир;real_estate_agent;sale;Ленинский;2;5;15;Новосибирск;3300000;;1;Ударная ;30.2;Площадь Маркса;https://novosibirsk.cian.ru/sale/flat/326458441/?mlSearchSessionGuid=11715bfba34fa7f8cf25ba6717eac38d
flat;Агентство Единый Центр Недвижимости;real_estate_agent;sale;Кировский;3;9;21;Новосибирск;3300000;;1; Громова;32.7;Площадь Маркса;https://novosibirsk.cian.ru/sale/flat/326668402/?mlSearchSessionGuid=11715bfba34fa7f8cf25ba6717eac38d
flat;АльянсРиэлт;real_estate_agent;sale;;7;27;229/1;Новосибирск;3300000;Расцветай на Зорге;1; Зорге;32.6;Площадь Маркса;https://novosibirsk.cian.ru/sale/flat/303669618/?mlSearchSessionGuid=11715bfba34fa7f8cf25ba6717eac38d
flat;Квартирный портал;real_estate_agent;sale;Первомайский;9;18;3;Новосибирск;3300000;Одоевский ЖК;1;;25.0;Спортивная;https://novosibirsk.cian.ru/sale/flat/312772556/?mlSearchSessionGuid=11715bfba34fa7f8cf25ba6717eac38d
flat;ЗОЛОТАЯ МИЛЯ;real_estate_agent;sale;Первомайский;3;9;3;Новосибирск;3300000;;1;Узорная ;32.0;Спортивная;https://novosibirsk.cian.ru/sale/flat/326331375/?mlSearchSessionGuid=11715bfba34fa7f8cf25ba6717eac38d
flat;Планета-А;real_estate_agent;sale;Кировский;2;10;6;Новосибирск;3350000;Просторный;1; Александра Чистякова;32.6;Студенческая;https://novosibirsk.cian.ru/sale/flat/326155953/?mlSearchSessionGuid=11715bfba34fa7f8cf25ba6717eac38d
flat;ЖИЛФОНД;real_estate_agent;sale;Кировский;5;5;94;Новосибирск;3350000;;2; Петухова;43.7;Площадь Маркса;https://novosibirsk.cian.ru/sale/flat/326611478/?mlSearchSessionGuid=11715bfba34fa7f8cf25ba6717eac38d
flat;ЖИЛФОНД;real_estate_agent;sale;Советский;24;26;5;Новосибирск;3380000;Приморский;1;Приморская ;26.4;Студенческая;https://novosibirsk.cian.ru/sale/flat/326123419/?mlSearchSessionGuid=11715bfba34fa7f8cf25ba6717eac38d
flat;ЖИЛФОНД;real_estate_agent;sale;Кировский;8;10;1;Новосибирск;3350000;Просторный;1; Николая Сотникова;38.1;Студенческая;https://novosibirsk.cian.ru/sale/flat/326542752/?mlSearchSessionGuid=11715bfba34fa7f8cf25ba6717eac38d
flat;ЖИЛФОНД;real_estate_agent;sale;Ленинский;5;14;253/1;Новосибирск;3350000;Любимый;1; Титова;22.5;Площадь Маркса;https://novosibirsk.cian.ru/sale/flat/322760849/?mlSearchSessionGuid=11715bfba34fa7f8cf25ba6717eac38d
flat;ЖИЛФОНД;real_estate_agent;sale;Кировский;14;16;16/3;Новосибирск;3350000;Основа;1; Петухова;20.1;Площадь Маркса;https://novosibirsk.cian.ru/sale/flat/320019882/?mlSearchSessionGuid=11715bfba34fa7f8cf25ba6717eac38d
flat;ПЛАНЕТА на Маркса;real_estate_agent;sale;Ленинский;2;5;2;Новосибирск;3360000;;1;Путевая ;31.9;Студенческая;https://novosibirsk.cian.ru/sale/flat/325745627/?mlSearchSessionGuid=11715bfba34fa7f8cf25ba6717eac38d
flat;ЖИЛФОНД;real_estate_agent;sale;Кировский;5;17;4;Новосибирск;3350000;;1; Виктора Уса;28.2;Площадь Маркса;https://novosibirsk.cian.ru/sale/flat/320019888/?mlSearchSessionGuid=11715bfba34fa7f8cf25ba6717eac38d
flat;МакроМир;real_estate_agent;sale;Дзержинский;1;5;30/3;Новосибирск;3380000;;1;проспект Дзержинского;32.0;Березовая Роща;https://novosibirsk.cian.ru/sale/flat/321272166/?mlSearchSessionGuid=11715bfba34fa7f8cf25ba6717eac38d
flat;Департамент недвижимости и права;real_estate_agent;sale;Первомайский;4;5;188;Новосибирск;3350000;;1;Первомайская ;30.3;Речной вокзал;https://novosibirsk.cian.ru/sale/flat/323534410/?mlSearchSessionGuid=11715bfba34fa7f8cf25ba6717eac38d
flat;Дельта;real_estate_agent;sale;Советский;14;15;24;Новосибирск;3350000;Тихий берег;1;Приморская ;28.6;Студенческая;https://novosibirsk.cian.ru/sale/flat/318045791/?mlSearchSessionGuid=11715bfba34fa7f8cf25ba6717eac38d
flat;Владис Центральное;real_estate_agent;sale;Первомайский;11;16;49;Новосибирск;3350000;Весенний;1; Заречная;20.0;Спортивная;https://novosibirsk.cian.ru/sale/flat/326689343/?mlSearchSessionGuid=11715bfba34fa7f8cf25ba6717eac38d
flat;Сибирь Ипотека;real_estate_agent;sale;Октябрьский;2;2;278;Новосибирск;3350000;;2; 3-го Интернационала;39.0;Речной вокзал;https://novosibirsk.cian.ru/sale/flat/326930629/?mlSearchSessionGuid=11715bfba34fa7f8cf25ba6717eac38d
flat;Первая риэлторская компания;real_estate_agent;sale;Дзержинский;1;10;10/1;Новосибирск;3350000;;1; Есенина;28.5;Золотая Нива;https://novosibirsk.cian.ru/sale/flat/320472857/?mlSearchSessionGuid=11715bfba34fa7f8cf25ba6717eac38d
flat;METRAGE;real_estate_agent;sale;Дзержинский;5;5;81/1;Новосибирск;3390000;;1;проспект Дзержинского;31.9;Березовая Роща;https://novosibirsk.cian.ru/sale/flat/319801860/?mlSearchSessionGuid=11715bfba34fa7f8cf25ba6717eac38d
flat;Владис Центральное;real_estate_agent;sale;Ленинский;7;17;162;Новосибирск;3350000;Азимут;1; Связистов;32.0;Площадь Маркса;https://novosibirsk.cian.ru/sale/flat/326181543/?mlSearchSessionGuid=11715bfba34fa7f8cf25ba6717eac38d
flat;Владис Центральное;real_estate_agent;sale;Ленинский;9;25;19;Новосибирск;3350000;КрымSKY;1; Пархоменко;27.0;Площадь Маркса;https://novosibirsk.cian.ru/sale/flat/326583154/?mlSearchSessionGuid=11715bfba34fa7f8cf25ba6717eac38d
flat;Владис Центральное;real_estate_agent;sale;Кировский;3;5;73;Новосибирск;3350000;;2; Зорге;44.0;Площадь Маркса;https://novosibirsk.cian.ru/sale/flat/325395155/?mlSearchSessionGuid=11715bfba34fa7f8cf25ba6717eac38d
flat;ТеремГрадъ;real_estate_agent;sale;Кировский;2;10;38/1;Новосибирск;3350000;Просторный;1; Виктора Шевелева;39.0;Студенческая;https://novosibirsk.cian.ru/sale/flat/325326036/?mlSearchSessionGuid=11715bfba34fa7f8cf25ba6717eac38d
flat;НОВО-НИКОЛАЕВСКЪ-НСК;real_estate_agent;sale;Кировский;5;5;43;Новосибирск;3350000;;2; Зорге;44.0;Площадь Маркса;https://novosibirsk.cian.ru/sale/flat/323491205/?mlSearchSessionGuid=11715bfba34fa7f8cf25ba6717eac38d
flat;ИП Тамбовцева Д.Е.;real_estate_agent;sale;Кировский;8;11;101/1;Новосибирск;3350000;Матрешкин двор;1; Петухова;25.8;Студенческая;https://novosibirsk.cian.ru/sale/flat/326564865/?mlSearchSessionGuid=11715bfba34fa7f8cf25ba6717eac38d
flat;АкадемРеспект;real_estate_agent;sale;Кировский;11;17;10/2;Новосибирск;3350000;Матрешкин двор;1; Дмитрия Шмонина;34.5;Студенческая;https://novosibirsk.cian.ru/sale/flat/326437215/?mlSearchSessionGuid=11715bfba34fa7f8cf25ba6717eac38d
flat;Кабинет Риелторских Услуг;real_estate_agent;sale;Кировский;1;3;16;Новосибирск;3350000;;1;Рубежная ;37.9;Площадь Маркса;https://novosibirsk.cian.ru/sale/flat/324598260/?mlSearchSessionGuid=11715bfba34fa7f8cf25ba6717eac38d
flat;Ново-Николаевскъ;real_estate_agent;sale;Кировский;12;18;273;Новосибирск;3350000;Зоркий;1; Зорге;25.0;Площадь Маркса;https://novosibirsk.cian.ru/sale/flat/313936769/?mlSearchSessionGuid=11715bfba34fa7f8cf25ba6717eac38d
flat;Юрстатус;real_estate_agent;sale;Ленинский;3;17;90;Новосибирск;3350000;Радуга Сибири;1; Забалуева;27.5;Площадь Маркса;https://novosibirsk.cian.ru/sale/flat/314715383/?mlSearchSessionGuid=11715bfba34fa7f8cf25ba6717eac38d
flat;Татьяна Колыванова;realtor;sale;Кировский;4;11;82;Новосибирск;3399000;;1; Сибиряков-Гвардейцев;32.4;Площадь Маркса;https://novosibirsk.cian.ru/sale/flat/326988288/?mlSearchSessionGuid=11715bfba34fa7f8cf25ba6717eac38d
flat;Планета-А;real_estate_agent;sale;Кировский;10;20;97/2;Новосибирск;3400000;Матрешкин двор;1; Петухова;30.0;Студенческая;https://novosibirsk.cian.ru/sale/flat/326155866/?mlSearchSessionGuid=11715bfba34fa7f8cf25ba6717eac38d
flat;ЖИЛФОНД;real_estate_agent;sale;Железнодорожный;1;5;14;Новосибирск;3400000;;1;Владимировская ;30.4;Площадь Гарина-Михайловского;https://novosibirsk.cian.ru/sale/flat/326417852/?mlSearchSessionGuid=11715bfba34fa7f8cf25ba6717eac38d
flat;ЖИЛФОНД;real_estate_agent;sale;Калининский;12;17;66/5;Новосибирск;3400000;На Фадеева;1; Фадеева;22.9;Заельцовская;https://novosibirsk.cian.ru/sale/flat/326109825/?mlSearchSessionGuid=11715bfba34fa7f8cf25ba6717eac38d
flat;ЖИЛФОНД;real_estate_agent;sale;Кировский;9;10;30;Новосибирск;3400000;Просторный;1; Виктора Шевелева;37.6;Студенческая;https://novosibirsk.cian.ru/sale/flat/326926335/?mlSearchSessionGuid=11715bfba34fa7f8cf25ba6717eac38d
flat;ЖИЛФОНД;real_estate_agent;sale;Ленинский;3;4;20;Новосибирск;3400000;;2;Фасадная ;44.8;Площадь Маркса;https://novosibirsk.cian.ru/sale/flat/326185262/?mlSearchSessionGuid=11715bfba34fa7f8cf25ba6717eac38d
flat;ЖИЛФОНД;real_estate_agent;sale;Калининский;1;5;53;Новосибирск;3400000;;1; Магистральная;34.4;Заельцовская;https://novosibirsk.cian.ru/sale/flat/326769338/?mlSearchSessionGuid=11715bfba34fa7f8cf25ba6717eac38d
flat;ЖИЛФОНД;real_estate_agent;sale;Ленинский;17;17;9;Новосибирск;3400000;Лето;1; Ивана Севастьянова;26.0;Площадь Маркса;https://novosibirsk.cian.ru/sale/flat/325625476/?mlSearchSessionGuid=11715bfba34fa7f8cf25ba6717eac38d
flat;Rialtor Group;real_estate_agent;sale;Ленинский;15;18;45;Новосибирск;3400000;Чистая слобода;1;Спортивная ;22.0;Площадь Маркса;https://novosibirsk.cian.ru/sale/flat/322582092/?mlSearchSessionGuid=11715bfba34fa7f8cf25ba6717eac38d
flat;ВИЛИЯ;real_estate_agent;sale;Кировский;2;11;99;Новосибирск;3400000;Матрешкин двор;1; Петухова;29.0;Студенческая;https://novosibirsk.cian.ru/sale/flat/326945560/?mlSearchSessionGuid=11715bfba34fa7f8cf25ba6717eac38d
flat;МакроМир;real_estate_agent;sale;Дзержинский;5;5;33;Новосибирск;3400000;;1; Есенина;30.5;Золотая Нива;https://novosibirsk.cian.ru/sale/flat/326330901/?mlSearchSessionGuid=11715bfba34fa7f8cf25ba6717eac38d
flat;Города Новосибирск;real_estate_agent;sale;Первомайский;8;17;1/11;Новосибирск;3400000;Берёзовое;1; Одоевского;30.0;Речной вокзал;https://novosibirsk.cian.ru/sale/flat/314405747/?mlSearchSessionGuid=11715bfba34fa7f8cf25ba6717eac38d
flat;СТАН;real_estate_agent;sale;Кировский;1;27;4/1;Новосибирск;3400000;;1;Беловежская ;23.0;Площадь Маркса;https://novosibirsk.cian.ru/sale/flat/326965714/?mlSearchSessionGuid=11715bfba34fa7f8cf25ba6717eac38d
flat;Владис Центральное;real_estate_agent;sale;Кировский;1;3;29;Новосибирск;3400000;;2;Воскресная ;40.0;Студенческая;https://novosibirsk.cian.ru/sale/flat/326769910/?mlSearchSessionGuid=11715bfba34fa7f8cf25ba6717eac38d
flat;Владис Центральное;real_estate_agent;sale;Калининский;1;9;5;Новосибирск;3400000;;1; Красных Зорь;37.6;Заельцовская;https://novosibirsk.cian.ru/sale/flat/326459085/?mlSearchSessionGuid=11715bfba34fa7f8cf25ba6717eac38d
flat;Владис Центральное;real_estate_agent;sale;Октябрьский;4;18;139/10;Новосибирск;3400000;Плющихинский;2; В. Высоцкого;43.8;Золотая Нива;https://novosibirsk.cian.ru/sale/flat/326435470/?mlSearchSessionGuid=11715bfba34fa7f8cf25ba6717eac38d
flat;Сибирь Ипотека;real_estate_agent;sale;Кировский;10;10;6;Новосибирск;3400000;Матрешкин двор;1; Дмитрия Шмонина;29.0;Студенческая;https://novosibirsk.cian.ru/sale/flat/324602757/?mlSearchSessionGuid=11715bfba34fa7f8cf25ba6717eac38d
flat;Инна Владимировна;realtor;sale;Ленинский;1;5;13;Новосибирск;3400000;;1;Киевская ;28.1;Площадь Маркса;https://novosibirsk.cian.ru/sale/flat/326458881/?mlSearchSessionGuid=11715bfba34fa7f8cf25ba6717eac38d
flat;Универсал;real_estate_agent;sale;Калининский;1;1;7;Новосибирск;3400000;;2; Знаменская;44.5;Заельцовская;https://novosibirsk.cian.ru/sale/flat/326609585/?mlSearchSessionGuid=11715bfba34fa7f8cf25ba6717eac38d
flat;Альфа Дом;real_estate_agent;sale;Октябрьский;6;18;2;Новосибирск;3420000;Плющихинский;2; Плющихинская;40.0;Золотая Нива;https://novosibirsk.cian.ru/sale/flat/326500879/?mlSearchSessionGuid=11715bfba34fa7f8cf25ba6717eac38d
flat;МакроМир;real_estate_agent;sale;Октябрьский;16;17;10/1;Новосибирск;3410000;;1;Рябиновая ;23.1;Речной вокзал;https://novosibirsk.cian.ru/sale/flat/322334003/?mlSearchSessionGuid=11715bfba34fa7f8cf25ba6717eac38d
flat;МакроМир;real_estate_agent;sale;Октябрьский;10;10;46;Новосибирск;3400000;Плющихинский;1; Татьяны Снежиной;32.4;Золотая Нива;https://novosibirsk.cian.ru/sale/flat/326015045/?mlSearchSessionGuid=11715bfba34fa7f8cf25ba6717eac38d
flat;ЖИЛФОНД;real_estate_agent;sale;Заельцовский;5;5;113/3;Новосибирск;3450000;;1;Кубовая ;22.1;Заельцовская;https://novosibirsk.cian.ru/sale/flat/325644352/?mlSearchSessionGuid=11715bfba34fa7f8cf25ba6717eac38d
flat;ЖИЛФОНД;real_estate_agent;sale;Кировский;9;10;20;Новосибирск;3450000;Просторный;1; Виктора Шевелева;32.4;Студенческая;https://novosibirsk.cian.ru/sale/flat/324426599/?mlSearchSessionGuid=11715bfba34fa7f8cf25ba6717eac38d
flat;ЖИЛФОНД;real_estate_agent;sale;Советский;12;25;24/1;Новосибирск;3450000;Тихий берег;1;Приморская ;25.5;Студенческая;https://novosibirsk.cian.ru/sale/flat/326833543/?mlSearchSessionGuid=11715bfba34fa7f8cf25ba6717eac38d
flat;ЖИЛФОНД;real_estate_agent;sale;Октябрьский;10;10;9;Новосибирск;3450000;Плющихинский;1; Плющихинская;34.0;Золотая Нива;https://novosibirsk.cian.ru/sale/flat/319042248/?mlSearchSessionGuid=11715bfba34fa7f8cf25ba6717eac38d
flat;ЖИЛФОНД;real_estate_agent;sale;Ленинский;2;4;668;Новосибирск;3470000;;1;Большая ;34.0;Площадь Маркса;https://novosibirsk.cian.ru/sale/flat/311666250/?mlSearchSessionGuid=11715bfba34fa7f8cf25ba6717eac38d
flat;Сфера;real_estate_agent;sale;Первомайский;3;4;46;Новосибирск;3450000;;2; Аксенова;30.4;Спортивная;https://novosibirsk.cian.ru/sale/flat/327031081/?mlSearchSessionGuid=11715bfba34fa7f8cf25ba6717eac38d
flat;Сфера;real_estate_agent;sale;Первомайский;5;5;7;Новосибирск;3490000;;2;Звездная ;44.5;Спортивная;https://novosibirsk.cian.ru/sale/flat/325302237/?mlSearchSessionGuid=11715bfba34fa7f8cf25ba6717eac38d
flat;Владис Центральное;real_estate_agent;sale;Кировский;10;17;4;Новосибирск;3490000;;1; Виктора Уса;33.7;Площадь Маркса;https://novosibirsk.cian.ru/sale/flat/326645985/?mlSearchSessionGuid=11715bfba34fa7f8cf25ba6717eac38d
flat;НСК-top;real_estate_agent;sale;Ленинский;1;16;9;Новосибирск;3499000;Лето;1; Ивана Севастьянова;27.0;Площадь Маркса;https://novosibirsk.cian.ru/sale/flat/323802448/?mlSearchSessionGuid=11715bfba34fa7f8cf25ba6717eac38d
flat;Люди;real_estate_agent;sale;Октябрьский;10;10;31;Новосибирск;3450000;Плющихинский;1; Татьяны Снежиной;32.0;Золотая Нива;https://novosibirsk.cian.ru/sale/flat/326689945/?mlSearchSessionGuid=11715bfba34fa7f8cf25ba6717eac38d
flat;Rialtor Group;real_estate_agent;sale;Кировский;15;25;50;Новосибирск;3450000;Гвардейский;1;Беловежская ;24.7;Площадь Маркса;https://novosibirsk.cian.ru/sale/flat/326015369/?mlSearchSessionGuid=11715bfba34fa7f8cf25ba6717eac38d
flat;Первая риэлторская компания;real_estate_agent;sale;Ленинский;2;2;6;Новосибирск;3450000;;3;1-й Порядковый переулок;54.1;Площадь Маркса;https://novosibirsk.cian.ru/sale/flat/319936398/?mlSearchSessionGuid=11715bfba34fa7f8cf25ba6717eac38d
flat;Квартирный портал;real_estate_agent;sale;Октябрьский;9;10;13;Новосибирск;3499000;Плющихинский;1; Виталия Потылицына;40.9;Золотая Нива;https://novosibirsk.cian.ru/sale/flat/326602988/?mlSearchSessionGuid=11715bfba34fa7f8cf25ba6717eac38d
flat;Квартирный портал;real_estate_agent;sale;Октябрьский;10;10;143/9;Новосибирск;3470000;Плющихинский;1; В. Высоцкого;48.94;Золотая Нива;https://novosibirsk.cian.ru/sale/flat/318533235/?mlSearchSessionGuid=11715bfba34fa7f8cf25ba6717eac38d
flat;Всем Квартиру;real_estate_agent;sale;Кировский;1;3;9;Новосибирск;3480000;;1;Воскресная ;37.8;Студенческая;https://novosibirsk.cian.ru/sale/flat/315333706/?mlSearchSessionGuid=11715bfba34fa7f8cf25ba6717eac38d
flat;Новосибирский Центр Недвижимости;real_estate_agent;sale;Октябрьский;6;8;10/2;Новосибирск;3460000;;1; Ключ-Камышенское плато;27.0;Спортивная;https://novosibirsk.cian.ru/sale/flat/325281734/?mlSearchSessionGuid=11715bfba34fa7f8cf25ba6717eac38d
flat;Планета;real_estate_agent;sale;Кировский;8;10;16;Новосибирск;3480000;Просторный;1; Николая Сотникова;38.5;Студенческая;https://novosibirsk.cian.ru/sale/flat/323684315/?mlSearchSessionGuid=11715bfba34fa7f8cf25ba6717eac38d
flat;Екатерина Попушой;realtor;sale;Кировский;5;18;4;Новосибирск;3450000;;1; Виктора Уса;31.3;Площадь Маркса;https://novosibirsk.cian.ru/sale/flat/326893049/?mlSearchSessionGuid=11715bfba34fa7f8cf25ba6717eac38d
flat;ЖИЛФОНД;real_estate_agent;sale;Ленинский;5;5;121;Новосибирск;3500000;;1;Широкая ;29.7;Площадь Маркса;https://novosibirsk.cian.ru/sale/flat/326931967/?mlSearchSessionGuid=11715bfba34fa7f8cf25ba6717eac38d
flat;ЖИЛФОНД;real_estate_agent;sale;Кировский;10;10;3;Новосибирск;3500000;Просторный;1; Дмитрия Шмонина;40.4;Студенческая;https://novosibirsk.cian.ru/sale/flat/326688763/?mlSearchSessionGuid=11715bfba34fa7f8cf25ba6717eac38d
flat;ЖИЛФОНД;real_estate_agent;sale;Ленинский;2;2;43;Новосибирск;3500000;;2;Янтарная ;38.1;Площадь Маркса;https://novosibirsk.cian.ru/sale/flat/326644275/?mlSearchSessionGuid=11715bfba34fa7f8cf25ba6717eac38d
flat;ЖИЛФОНД;real_estate_agent;sale;Калининский;3;17;66/4;Новосибирск;3500000;На Фадеева;1; Фадеева;23.0;Заельцовская;https://novosibirsk.cian.ru/sale/flat/326351243/?mlSearchSessionGuid=11715bfba34fa7f8cf25ba6717eac38d
flat;ЖИЛФОНД;real_estate_agent;sale;Ленинский;5;10;19;Новосибирск;3500000;Чистая слобода;1;Спортивная ;37.0;Площадь Маркса;https://novosibirsk.cian.ru/sale/flat/326266939/?mlSearchSessionGuid=11715bfba34fa7f8cf25ba6717eac38d
flat;ЖИЛФОНД;real_estate_agent;sale;Калининский;1;9;7/3;Новосибирск;3500000;;1; Курчатова;38.2;Заельцовская;https://novosibirsk.cian.ru/sale/flat/325447616/?mlSearchSessionGuid=11715bfba34fa7f8cf25ba6717eac38d
flat;ЖИЛФОНД;real_estate_agent;sale;Кировский;7;9;3;Новосибирск;3500000;;1; Саввы Кожевникова;29.4;Студенческая;https://novosibirsk.cian.ru/sale/flat/325333931/?mlSearchSessionGuid=11715bfba34fa7f8cf25ba6717eac38d
flat;ЖИЛФОНД;real_estate_agent;sale;Ленинский;2;2;4;Новосибирск;3500000;;3;3-й Порядковый переулок;55.2;Площадь Маркса;https://novosibirsk.cian.ru/sale/flat/324782373/?mlSearchSessionGuid=11715bfba34fa7f8cf25ba6717eac38d
flat;ЖИЛФОНД;real_estate_agent;sale;Первомайский;2;3;2;Новосибирск;3540000;;2; Нахимова;47.3;Речной вокзал;https://novosibirsk.cian.ru/sale/flat/324388899/?mlSearchSessionGuid=11715bfba34fa7f8cf25ba6717eac38d
flat;ЖИЛФОНД;real_estate_agent;sale;Калининский;1;2;4;Новосибирск;3500000;;2; Новоуральская;42.4;Заельцовская;https://novosibirsk.cian.ru/sale/flat/323186594/?mlSearchSessionGuid=11715bfba34fa7f8cf25ba6717eac38d
flat;ЖИЛФОНД;real_estate_agent;sale;Кировский;3;17;10;Новосибирск;3500000;Матрешкин двор;1; Дмитрия Шмонина;32.8;Студенческая;https://novosibirsk.cian.ru/sale/flat/327020536/?mlSearchSessionGuid=11715bfba34fa7f8cf25ba6717eac38d
flat;Калининское;real_estate_agent;sale;Калининский;1;5;90/1;Новосибирск;3500000;;1; Объединения;32.3;Заельцовская;https://novosibirsk.cian.ru/sale/flat/327070718/?mlSearchSessionGuid=11715bfba34fa7f8cf25ba6717eac38d
flat;Калининское;real_estate_agent;sale;Калининский;5;5;18/1;Новосибирск;3500000;;1; Столетова;30.1;Заельцовская;https://novosibirsk.cian.ru/sale/flat/326429376/?mlSearchSessionGuid=11715bfba34fa7f8cf25ba6717eac38d
flat;ЖИЛФОНД;real_estate_agent;sale;Кировский;3;5;6/5;Новосибирск;3500000;На Петухова (ЖСК);1; Петухова;35.2;Площадь Маркса;https://novosibirsk.cian.ru/sale/flat/315516531/?mlSearchSessionGuid=11715bfba34fa7f8cf25ba6717eac38d
flat;ЖИЛФОНД;real_estate_agent;sale;Октябрьский;10;10;6;Новосибирск;3500000;Плющихинский;1; Плющихинская;32.7;Золотая Нива;https://novosibirsk.cian.ru/sale/flat/320578471/?mlSearchSessionGuid=11715bfba34fa7f8cf25ba6717eac38d
flat;ЖИЛФОНД;real_estate_agent;sale;Заельцовский;9;23;46/1;Новосибирск;3500000;;1;Светлановская ;25.37;Заельцовская;https://novosibirsk.cian.ru/sale/flat/321740350/?mlSearchSessionGuid=11715bfba34fa7f8cf25ba6717eac38d
flat;МакроМир;real_estate_agent;sale;Кировский;5;10;6;Новосибирск;3500000;Просторный;1; Александра Чистякова;32.6;Студенческая;https://novosibirsk.cian.ru/sale/flat/324501526/?mlSearchSessionGuid=11715bfba34fa7f8cf25ba6717eac38d
flat;ДомианНСК;real_estate_agent;sale;Кировский;3;5;4;Новосибирск;3500000;;1; Чемская;28.8;Студенческая;https://novosibirsk.cian.ru/sale/flat/325747513/?mlSearchSessionGuid=11715bfba34fa7f8cf25ba6717eac38d
flat;КВАРТЭН;real_estate_agent;sale;Первомайский;2;5;104;Новосибирск;3500000;;1;Первомайская ;28.0;Речной вокзал;https://novosibirsk.cian.ru/sale/flat/326541232/?mlSearchSessionGuid=11715bfba34fa7f8cf25ba6717eac38d
flat;Владис Центральное;real_estate_agent;sale;Ленинский;16;17;102/1;Новосибирск;3500000;Радуга Сибири;1; Забалуева;19.5;Студенческая;https://novosibirsk.cian.ru/sale/flat/327035921/?mlSearchSessionGuid=11715bfba34fa7f8cf25ba6717eac38d
flat;Владис Центральное;real_estate_agent;sale;Октябрьский;10;10;1;Новосибирск;3500000;Плющихинский;1; Плющихинская;37.8;Золотая Нива;https://novosibirsk.cian.ru/sale/flat/326141525/?mlSearchSessionGuid=11715bfba34fa7f8cf25ba6717eac38d
flat;СТАН;real_estate_agent;sale;Ленинский;15;18;35;Новосибирск;3500000;Чистая слобода;1;Спортивная ;26.0;Площадь Маркса;https://novosibirsk.cian.ru/sale/flat/320449353/?mlSearchSessionGuid=11715bfba34fa7f8cf25ba6717eac38d
flat;Созвездие Весов;real_estate_agent;sale;Советский;2;9;9;Новосибирск;3500000;;1; Печатников;38.6;Студенческая;https://novosibirsk.cian.ru/sale/flat/311418488/?mlSearchSessionGuid=11715bfba34fa7f8cf25ba6717eac38d
flat;METRAGE;real_estate_agent;sale;Кировский;3;3;12/1;Новосибирск;3500000;;1;Вознесенская ;37.6;Площадь Маркса;https://novosibirsk.cian.ru/sale/flat/326556172/?mlSearchSessionGuid=11715bfba34fa7f8cf25ba6717eac38d
flat;Владис Центральное;real_estate_agent;sale;Кировский;2;3;74/3;Новосибирск;3500000;;1; Сибиряков-Гвардейцев;34.1;Площадь Маркса;https://novosibirsk.cian.ru/sale/flat/326938106/?mlSearchSessionGuid=11715bfba34fa7f8cf25ba6717eac38d
flat;Владис Центральное;real_estate_agent;sale;Кировский;4;9;68А;Новосибирск;3500000;;1; Зорге;29.7;Площадь Маркса;https://novosibirsk.cian.ru/sale/flat/326812457/?mlSearchSessionGuid=11715bfba34fa7f8cf25ba6717eac38d
flat;Квартирный портал;real_estate_agent;sale;Октябрьский;6;9;1;Новосибирск;3500000;Плющихинский;1; Виталия Потылицына;32.4;Золотая Нива;https://novosibirsk.cian.ru/sale/flat/326921304/?mlSearchSessionGuid=11715bfba34fa7f8cf25ba6717eac38d
flat;Владис Центральное;real_estate_agent;sale;Ленинский;15;18;90;Новосибирск;3500000;Радуга Сибири;1; Забалуева;30.5;Площадь Маркса;https://novosibirsk.cian.ru/sale/flat/326908911/?mlSearchSessionGuid=11715bfba34fa7f8cf25ba6717eac38d
flat;Мегаполис;real_estate_agent;sale;Кировский;1;3;27/2;Новосибирск;3500000;;1;Воскресная ;39.2;Студенческая;https://novosibirsk.cian.ru/sale/flat/313387743/?mlSearchSessionGuid=11715bfba34fa7f8cf25ba6717eac38d
flat;ЕВРОДОМ;real_estate_agent;sale;Первомайский;2;17;226;Новосибирск;3500000;Весенний;1;Первомайская ;24.6;Речной вокзал;https://novosibirsk.cian.ru/sale/flat/326587646/?mlSearchSessionGuid=11715bfba34fa7f8cf25ba6717eac38d
flat;Владис Центральное;real_estate_agent;sale;Ленинский;11;12;4;Новосибирск;3500000;Дивногорский;1; Романтиков;25.9;Площадь Маркса;https://novosibirsk.cian.ru/sale/flat/313123438/?mlSearchSessionGuid=11715bfba34fa7f8cf25ba6717eac38d
flat;Владис Центральное;real_estate_agent;sale;Ленинский;4;12;8/1;Новосибирск;3500000;Дивногорский;1; Романтиков;25.8;Площадь Маркса;https://novosibirsk.cian.ru/sale/flat/323483178/?mlSearchSessionGuid=11715bfba34fa7f8cf25ba6717eac38d
flat;Владис Центральное;real_estate_agent;sale;Заельцовский;4;4;30/1;Новосибирск;3500000;;1; Дмитрия Донского;25.2;Заельцовская;https://novosibirsk.cian.ru/sale/flat/323413663/?mlSearchSessionGuid=11715bfba34fa7f8cf25ba6717eac38d
flat;Владис Центральное;real_estate_agent;sale;Кировский;2;5;6/5;Новосибирск;3500000;На Петухова (ЖСК);1; Петухова;36.5;Площадь Маркса;https://novosibirsk.cian.ru/sale/flat/325668918/?mlSearchSessionGuid=11715bfba34fa7f8cf25ba6717eac38d
flat;Инна Владимировна;realtor;sale;Ленинский;3;5;9;Новосибирск;3500000;;2;Путевая ;42.1;Студенческая;https://novosibirsk.cian.ru/sale/flat/326112160/?mlSearchSessionGuid=11715bfba34fa7f8cf25ba6717eac38d
flat;Новосибирский Центр Недвижимости;real_estate_agent;sale;Ленинский;5;5;17;Новосибирск;3500000;;2;Хилокская ;54.0;Площадь Маркса;https://novosibirsk.cian.ru/sale/flat/325250855/?mlSearchSessionGuid=11715bfba34fa7f8cf25ba6717eac38d
flat;Агент Pro;real_estate_agent;sale;Дзержинский;1;5;58;Новосибирск;3500000;;1;проспект Дзержинского;30.0;Березовая Роща;https://novosibirsk.cian.ru/sale/flat/326627359/?mlSearchSessionGuid=11715bfba34fa7f8cf25ba6717eac38d
flat;НСК-top;real_estate_agent;sale;Октябрьский;7;17;10/1;Новосибирск;3500000;;1;Рябиновая ;25.4;Речной вокзал;https://novosibirsk.cian.ru/sale/flat/323569742/?mlSearchSessionGuid=11715bfba34fa7f8cf25ba6717eac38d
flat;ПРОЕКТ;real_estate_agent;sale;Первомайский;9;19;15;Новосибирск;3500000;Берёзовое;1;Березовая ;30.0;Речной вокзал;https://novosibirsk.cian.ru/sale/flat/326427440/?mlSearchSessionGuid=11715bfba34fa7f8cf25ba6717eac38d
flat;АктивНедвижимость;real_estate_agent;sale;Первомайский;14;17;1/9;Новосибирск;3500000;Берёзовое;1; Одоевского;21.6;Речной вокзал;https://novosibirsk.cian.ru/sale/flat/326186152/?mlSearchSessionGuid=11715bfba34fa7f8cf25ba6717eac38d
flat;DOMaSTROY;real_estate_agent;sale;Первомайский;4;4;3;Новосибирск;3500000;;1; Новоселов;31.6;Спортивная;https://novosibirsk.cian.ru/sale/flat/319774557/?mlSearchSessionGuid=11715bfba34fa7f8cf25ba6717eac38d
flat;Альфа Дом;real_estate_agent;sale;Калининский;3;11;74;Новосибирск;3500000;Крылья;1; Лейтенанта Амосова;26.2;Заельцовская;https://novosibirsk.cian.ru/sale/flat/321786900/?mlSearchSessionGuid=11715bfba34fa7f8cf25ba6717eac38d
flat;Сибирский Партнер;real_estate_agent;sale;Октябрьский;4;10;11/1;Новосибирск;3500000;Плющихинский;1; Виталия Потылицына;38.5;Золотая Нива;https://novosibirsk.cian.ru/sale/flat/319075705/?mlSearchSessionGuid=11715bfba34fa7f8cf25ba6717eac38d
flat;АктивНедвижимость;real_estate_agent;sale;Ленинский;2;9;21;Новосибирск;3500000;;1;Широкая ;29.7;Площадь Маркса;https://novosibirsk.cian.ru/sale/flat/325403440/?mlSearchSessionGuid=11715bfba34fa7f8cf25ba6717eac38d
flat;Новый Адрес;real_estate_agent;sale;Калининский;6;10;21/1;Новосибирск;3500000;Мкрн. Родники;1; Тюленина;26.0;Заельцовская;https://novosibirsk.cian.ru/sale/flat/303491637/?mlSearchSessionGuid=11715bfba34fa7f8cf25ba6717eac38d
flat;СЛОН;real_estate_agent;sale;Кировский;3;3;31;Новосибирск;3500000;;2;Воскресная ;40.5;Студенческая;https://novosibirsk.cian.ru/sale/flat/319796163/?mlSearchSessionGuid=11715bfba34fa7f8cf25ba6717eac38d
flat;Формула недвижимости;real_estate_agent;sale;Кировский;1;25;56;Новосибирск;3500000;Новые Матрёшки;1; Бородина;35.0;Площадь Маркса;https://novosibirsk.cian.ru/sale/flat/325215324/?mlSearchSessionGuid=11715bfba34fa7f8cf25ba6717eac38d
flat;Борис Бадмаев;realtor;sale;Калининский;1;5;27;Новосибирск;3500000;;1;Народная ;31.4;Заельцовская;https://novosibirsk.cian.ru/sale/flat/321578447/?mlSearchSessionGuid=11715bfba34fa7f8cf25ba6717eac38d
flat;СТАН;real_estate_agent;sale;Кировский;10;10;3;Новосибирск;3500000;Просторный;1; Дмитрия Шмонина;39.0;Студенческая;https://novosibirsk.cian.ru/sale/flat/322635915/?mlSearchSessionGuid=11715bfba34fa7f8cf25ba6717eac38d
flat;Яна Галуза;realtor;sale;Кировский;4;17;22;Новосибирск;3500000;Акварельный 3.0;1; Александра Чистякова;30.0;Студенческая;https://novosibirsk.cian.ru/sale/flat/326220295/?mlSearchSessionGuid=11715bfba34fa7f8cf25ba6717eac38d
flat;ЖИЛФОНД;real_estate_agent;sale;Октябрьский;7;10;271/5с;Новосибирск;3550000;Эверест;1;Пролетарская ;39.3;Речной вокзал;https://novosibirsk.cian.ru/sale/flat/326302067/?mlSearchSessionGuid=11715bfba34fa7f8cf25ba6717eac38d
flat;ЖИЛФОНД;real_estate_agent;sale;Калининский;5;5;15/4;Новосибирск;3550000;;3; Новоуральская;59.4;Заельцовская;https://novosibirsk.cian.ru/sale/flat/326215495/?mlSearchSessionGuid=11715bfba34fa7f8cf25ba6717eac38d
flat;ЖИЛФОНД;real_estate_agent;sale;Первомайский;13;17;21;Новосибирск;3550000;На Героев Революции;1; Героев Революции;20.5;Речной вокзал;https://novosibirsk.cian.ru/sale/flat/324194055/?mlSearchSessionGuid=11715bfba34fa7f8cf25ba6717eac38d
flat;ЖИЛФОНД;real_estate_agent;sale;Кировский;15;16;11;Новосибирск;3550000;;1; Виктора Уса;36.1;Площадь Маркса;https://novosibirsk.cian.ru/sale/flat/325003826/?mlSearchSessionGuid=11715bfba34fa7f8cf25ba6717eac38d
flat;ЖИЛФОНД;real_estate_agent;sale;Ленинский;13;14;250;Новосибирск;3690000;;1; Титова;28.0;Площадь Маркса;https://novosibirsk.cian.ru/sale/flat/327078879/?mlSearchSessionGuid=11715bfba34fa7f8cf25ba6717eac38d
flat;ЖИЛФОНД;real_estate_agent;sale;Октябрьский;1;5;24;Новосибирск;3690000;;1; Бориса Богаткова;29.1;Речной вокзал;https://novosibirsk.cian.ru/sale/flat/326584123/?mlSearchSessionGuid=11715bfba34fa7f8cf25ba6717eac38d
flat;Самолет Плюс Центр;real_estate_agent;sale;Кировский;8;9;9;Новосибирск;3690000;;1; Саввы Кожевникова;29.9;Студенческая;https://novosibirsk.cian.ru/sale/flat/325087227/?mlSearchSessionGuid=11715bfba34fa7f8cf25ba6717eac38d
flat;ЖИЛФОНД;real_estate_agent;sale;Октябрьский;1;10;144/1;Новосибирск;3650000;Плющихинский;2; В. Высоцкого;58.0;Золотая Нива;https://novosibirsk.cian.ru/sale/flat/323081919/?mlSearchSessionGuid=11715bfba34fa7f8cf25ba6717eac38d
flat;Планета-А;real_estate_agent;sale;Кировский;5;10;6;Новосибирск;3650000;Просторный;1; Александра Чистякова;48.0;Студенческая;https://novosibirsk.cian.ru/sale/flat/325158903/?mlSearchSessionGuid=11715bfba34fa7f8cf25ba6717eac38d
flat;Марина Прилуцких;realtor;sale;Дзержинский;1;5;81/2;Новосибирск;3650000;;2;проспект Дзержинского;42.3;Березовая Роща;https://novosibirsk.cian.ru/sale/flat/326261627/?mlSearchSessionGuid=11715bfba34fa7f8cf25ba6717eac38d
flat;ПРОЕКТ;real_estate_agent;sale;Октябрьский;3;10;6;Новосибирск;3650000;Плющихинский;1; Плющихинская;48.5;Золотая Нива;https://novosibirsk.cian.ru/sale/flat/323219883/?mlSearchSessionGuid=11715bfba34fa7f8cf25ba6717eac38d
flat;Владис Центральное;real_estate_agent;sale;Ленинский;8;9;78;Новосибирск;3650000;;1; Забалуева;29.7;Площадь Маркса;https://novosibirsk.cian.ru/sale/flat/326678792/?mlSearchSessionGuid=11715bfba34fa7f8cf25ba6717eac38d
flat;НСК-top;real_estate_agent;sale;Октябрьский;1;11;39;Новосибирск;3670000;Плющихинский;1; Татьяны Снежиной;34.0;Золотая Нива;https://novosibirsk.cian.ru/sale/flat/326787827/?mlSearchSessionGuid=11715bfba34fa7f8cf25ba6717eac38d
flat;Планета Недвижимости -подразделение ООО Лаки;real_estate_agent;sale;Кировский;2;3;18/2;Новосибирск;3650000;;1;Рубежная ;37.8;Студенческая;https://novosibirsk.cian.ru/sale/flat/319385726/?mlSearchSessionGuid=11715bfba34fa7f8cf25ba6717eac38d
flat;Владис Центральное;real_estate_agent;sale;Октябрьский;1;16;154/2;Новосибирск;3699000;Выборная-Рябиновая;1;Выборная ;32.3;Речной вокзал;https://novosibirsk.cian.ru/sale/flat/320144092/?mlSearchSessionGuid=11715bfba34fa7f8cf25ba6717eac38d
flat;Вместе;real_estate_agent;sale;Кировский;3;4;25;Новосибирск;3670000;;2; Бурденко;58.4;Площадь Маркса;https://novosibirsk.cian.ru/sale/flat/324859657/?mlSearchSessionGuid=11715bfba34fa7f8cf25ba6717eac38d
flat;Вместе;real_estate_agent;sale;Кировский;1;5;127;Новосибирск;3690000;;2; Немировича-Данченко;44.0;Площадь Маркса;https://novosibirsk.cian.ru/sale/flat/309793506/?mlSearchSessionGuid=11715bfba34fa7f8cf25ba6717eac38d
flat;МакроМир;real_estate_agent;sale;Ленинский;2;2;19А;Новосибирск;3650000;;2;Петропавловская ;41.8;Площадь Маркса;https://novosibirsk.cian.ru/sale/flat/325669457/?mlSearchSessionGuid=11715bfba34fa7f8cf25ba6717eac38d
flat;НОВО-НИКОЛАЕВСКЪ-НСК;real_estate_agent;sale;Кировский;11;25;162;Новосибирск;3650000;Матрешкин двор;1; Петухова;30.2;Студенческая;https://novosibirsk.cian.ru/sale/flat/319494073/?mlSearchSessionGuid=11715bfba34fa7f8cf25ba6717eac38d
flat;Агент Pro;real_estate_agent;sale;Ленинский;1;14;253/2;Новосибирск;3650000;Любимый;1; Титова;25.3;Площадь Маркса;https://novosibirsk.cian.ru/sale/flat/321651256/?mlSearchSessionGuid=11715bfba34fa7f8cf25ba6717eac38d
flat;Ключи;real_estate_agent;sale;Октябрьский;5;10;1;Новосибирск;3650000;Плющихинский;1; Плющихинская;37.9;Золотая Нива;https://novosibirsk.cian.ru/sale/flat/323370902/?mlSearchSessionGuid=11715bfba34fa7f8cf25ba6717eac38d
flat;ПРОЕКТ;real_estate_agent;sale;Первомайский;2;19;1/9;Новосибирск;3650000;Берёзовое;1; Одоевского;34.3;Речной вокзал;https://novosibirsk.cian.ru/sale/flat/325856678/?mlSearchSessionGuid=11715bfba34fa7f8cf25ba6717eac38d
flat;ДомианНСК;real_estate_agent;sale;Дзержинский;2;5;8;Новосибирск;3650000;;1;Промышленная ;31.2;Березовая Роща;https://novosibirsk.cian.ru/sale/flat/325366279/?mlSearchSessionGuid=11715bfba34fa7f8cf25ba6717eac38d
flat;Люди;real_estate_agent;sale;Кировский;7;25;56;Новосибирск;3690000;Новые Матрёшки;1; Бородина;32.0;Площадь Маркса;https://novosibirsk.cian.ru/sale/flat/326055864/?mlSearchSessionGuid=11715bfba34fa7f8cf25ba6717eac38d
flat;Недвижимость Новосибирска-НН;real_estate_agent;sale;Дзержинский;2;2;26;Новосибирск;3650000;;2;Геологическая ;41.9;Березовая Роща;https://novosibirsk.cian.ru/sale/flat/304506017/?mlSearchSessionGuid=11715bfba34fa7f8cf25ba6717eac38d
flat;Агентство Единый Центр Недвижимости;real_estate_agent;sale;Заельцовский;1;2;4;Новосибирск;3720000;;1; Вавилова;31.5;Заельцовская;https://novosibirsk.cian.ru/sale/flat/323454892/?mlSearchSessionGuid=11715bfba34fa7f8cf25ba6717eac38d
flat;ЖИЛФОНД;real_estate_agent;sale;Кировский;5;9;13;Новосибирск;3700000;;2; Зорге;43.1;Площадь Маркса;https://novosibirsk.cian.ru/sale/flat/326770339/?mlSearchSessionGuid=11715bfba34fa7f8cf25ba6717eac38d
flat;ЖИЛФОНД;real_estate_agent;sale;Калининский;3;9;11;Новосибирск;3700000;;1; Объединения;31.6;Заельцовская;https://novosibirsk.cian.ru/sale/flat/324732371/?mlSearchSessionGuid=11715bfba34fa7f8cf25ba6717eac38d
flat;ЖИЛФОНД;real_estate_agent;sale;Ленинский;4;5;7;Новосибирск;3710000;;1;Путевая ;32.6;Площадь Маркса;https://novosibirsk.cian.ru/sale/flat/321585835/?mlSearchSessionGuid=11715bfba34fa7f8cf25ba6717eac38d
flat;ЖИЛФОНД;real_estate_agent;sale;Кировский;3;3;12/2;Новосибирск;3700000;;1;Рубежная ;46.6;Студенческая;https://novosibirsk.cian.ru/sale/flat/320486092/?mlSearchSessionGuid=11715bfba34fa7f8cf25ba6717eac38d
flat;ЖИЛФОНД;real_estate_agent;sale;Ленинский;7;9;22;Новосибирск;3700000;;1;Троллейная ;32.3;Площадь Маркса;https://novosibirsk.cian.ru/sale/flat/314033490/?mlSearchSessionGuid=11715bfba34fa7f8cf25ba6717eac38d
flat;ЖИЛФОНД;real_estate_agent;sale;Кировский;2;10;6;Новосибирск;3700000;Просторный;1; Александра Чистякова;40.5;Студенческая;https://novosibirsk.cian.ru/sale/flat/326980464/?mlSearchSessionGuid=11715bfba34fa7f8cf25ba6717eac38d
flat;ЖИЛФОНД;real_estate_agent;sale;Первомайский;2;5;12;Новосибирск;3700000;;1; Красный Факел;28.5;Речной вокзал;https://novosibirsk.cian.ru/sale/flat/326819037/?mlSearchSessionGuid=11715bfba34fa7f8cf25ba6717eac38d
flat;ЖИЛФОНД;real_estate_agent;sale;Калининский;1;5;57/1;Новосибирск;3700000;;1; Богдана Хмельницкого;30.9;Заельцовская;https://novosibirsk.cian.ru/sale/flat/326650427/?mlSearchSessionGuid=11715bfba34fa7f8cf25ba6717eac38d
flat;ЖИЛФОНД;real_estate_agent;sale;Кировский;4;10;97;Новосибирск;3700000;Матрешкин двор;1; Петухова;37.7;Студенческая;https://novosibirsk.cian.ru/sale/flat/325044046/?mlSearchSessionGuid=11715bfba34fa7f8cf25ba6717eac38d
flat;ЖИЛФОНД;real_estate_agent;sale;Ленинский;4;9;21;Новосибирск;3700000;;1;Полтавская ;29.8;Площадь Маркса;https://novosibirsk.cian.ru/sale/flat/324194874/?mlSearchSessionGuid=11715bfba34fa7f8cf25ba6717eac38d
flat;ЖИЛФОНД;real_estate_agent;sale;Кировский;7;10;82;Новосибирск;3700000;;1; Сибиряков-Гвардейцев;37.5;Площадь Маркса;https://novosibirsk.cian.ru/sale/flat/322585401/?mlSearchSessionGuid=11715bfba34fa7f8cf25ba6717eac38d
flat;Калининское;real_estate_agent;sale;Дзержинский;1;5;54;Новосибирск;3700000;;2;Трикотажная ;45.1;Березовая Роща;https://novosibirsk.cian.ru/sale/flat/326637240/?mlSearchSessionGuid=11715bfba34fa7f8cf25ba6717eac38d
flat;ЖИЛФОНД;real_estate_agent;sale;Ленинский;8;9;270/1;Новосибирск;3700000;;1;Тульская ;29.4;Площадь Маркса;https://novosibirsk.cian.ru/sale/flat/316364807/?mlSearchSessionGuid=11715bfba34fa7f8cf25ba6717eac38d
flat;ЖИЛФОНД;real_estate_agent;sale;Октябрьский;1;17;10/1;Новосибирск;3700000;;1;Рябиновая ;25.4;Речной вокзал;https://novosibirsk.cian.ru/sale/flat/326598446/?mlSearchSessionGuid=11715bfba34fa7f8cf25ba6717eac38d
flat;ЖИЛФОНД;real_estate_agent;sale;Калининский;6;9;8/2;Новосибирск;3700000;Мкрн. Родники;1; Мясниковой;29.3;Заельцовская;https://novosibirsk.cian.ru/sale/flat/304422655/?mlSearchSessionGuid=11715bfba34fa7f8cf25ba6717eac38d
flat;Rialtor Group;real_estate_agent;sale;Ленинский;9;10;31;Новосибирск;3700000;;1;Колхидская ;32.3;Площадь Маркса;https://novosibirsk.cian.ru/sale/flat/327075681/?mlSearchSessionGuid=11715bfba34fa7f8cf25ba6717eac38d
flat;МакроМир;real_estate_agent;sale;Кировский;12;17;6/1;Новосибирск;3700000;Дом по ул. Беловежская, 6/1;1;Беловежская ;23.8;Площадь Маркса;https://novosibirsk.cian.ru/sale/flat/325051528/?mlSearchSessionGuid=11715bfba34fa7f8cf25ba6717eac38d
flat;Планета;real_estate_agent;sale;Октябрьский;9;10;25/4;Новосибирск;3700000;Плющихинский;1; Татьяны Снежиной;34.0;Золотая Нива;https://novosibirsk.cian.ru/sale/flat/321200311/?mlSearchSessionGuid=11715bfba34fa7f8cf25ba6717eac38d
flat;Альфа Дом;real_estate_agent;sale;Дзержинский;1;9;29;Новосибирск;3700000;;1;Гусинобродское шоссе;31.6;Золотая Нива;https://novosibirsk.cian.ru/sale/flat/322944892/?mlSearchSessionGuid=11715bfba34fa7f8cf25ba6717eac38d
flat;Rialtor Group;real_estate_agent;sale;Дзержинский;4;5;5;Новосибирск;3700000;;1;Индустриальная ;31.0;Березовая Роща;https://novosibirsk.cian.ru/sale/flat/327027473/?mlSearchSessionGuid=11715bfba34fa7f8cf25ba6717eac38d
flat;Люди;real_estate_agent;sale;Калининский;1;5;19/2;Новосибирск;3700000;;1;Учительская ;29.0;Заельцовская;https://novosibirsk.cian.ru/sale/flat/323798072/?mlSearchSessionGuid=11715bfba34fa7f8cf25ba6717eac38d
flat;СТАН;real_estate_agent;sale;Октябрьский;7;10;144/2;Новосибирск;3700000;Плющихинский;1; В. Высоцкого;59.0;Золотая Нива;https://novosibirsk.cian.ru/sale/flat/323828168/?mlSearchSessionGuid=11715bfba34fa7f8cf25ba6717eac38d
flat;Владис Центральное;real_estate_agent;sale;Ленинский;4;6;3/2;Новосибирск;3700000;;1;Хилокская ;41.1;Площадь Маркса;https://novosibirsk.cian.ru/sale/flat/324719655/?mlSearchSessionGuid=11715bfba34fa7f8cf25ba6717eac38d
flat;METRAGE;real_estate_agent;sale;Кировский;3;10;1;Новосибирск;3700000;Просторный;2; Дмитрия Шмонина;59.0;Студенческая;https://novosibirsk.cian.ru/sale/flat/326828235/?mlSearchSessionGuid=11715bfba34fa7f8cf25ba6717eac38d
flat;Планета-А;real_estate_agent;sale;Кировский;5;5;5;Новосибирск;3700000;;2; Оловозаводская;44.2;Студенческая;https://novosibirsk.cian.ru/sale/flat/325877566/?mlSearchSessionGuid=11715bfba34fa7f8cf25ba6717eac38d
flat;ЕВРОДОМ;real_estate_agent;sale;Заельцовский;1;3;8;Новосибирск;3700000;;2; Залесского;39.7;Заельцовская;https://novosibirsk.cian.ru/sale/flat/300044019/?mlSearchSessionGuid=11715bfba34fa7f8cf25ba6717eac38d
flat;Анна Данилюк;realtor;sale;Дзержинский;9;9;29;Новосибирск;3700000;;1;Гусинобродское шоссе;29.5;Золотая Нива;https://novosibirsk.cian.ru/sale/flat/309457518/?mlSearchSessionGuid=11715bfba34fa7f8cf25ba6717eac38d
flat;Планета-8;real_estate_agent;sale;Кировский;10;11;38/1;Новосибирск;3700000;Просторный;1; Виктора Шевелева;38.3;Студенческая;https://novosibirsk.cian.ru/sale/flat/319780149/?mlSearchSessionGuid=11715bfba34fa7f8cf25ba6717eac38d
flat;Мегаполис;real_estate_agent;sale;Заельцовский;2;10;115;Новосибирск;3700000;;1;Кубовая ;24.3;Заельцовская;https://novosibirsk.cian.ru/sale/flat/325289964/?mlSearchSessionGuid=11715bfba34fa7f8cf25ba6717eac38d
flat;Владис Центральное;real_estate_agent;sale;Калининский;2;9;24;Новосибирск;3700000;;1;Учительская ;32.1;Заельцовская;https://novosibirsk.cian.ru/sale/flat/325451806/?mlSearchSessionGuid=11715bfba34fa7f8cf25ba6717eac38d
flat;Владис Центральное;real_estate_agent;sale;Ленинский;5;5;1/3;Новосибирск;3700000;;2;Ударная ;43.7;Площадь Маркса;https://novosibirsk.cian.ru/sale/flat/326320639/?mlSearchSessionGuid=11715bfba34fa7f8cf25ba6717eac38d
flat;Domstore;real_estate_agent;sale;Октябрьский;10;10;1;Новосибирск;3700000;Плющихинский;1; Плющихинская;33.0;Золотая Нива;https://novosibirsk.cian.ru/sale/flat/325851064/?mlSearchSessionGuid=11715bfba34fa7f8cf25ba6717eac38d
flat;1Е;real_estate_agent;sale;Советский;1;5;9;Новосибирск;3730000;;2; Динамовцев;43.9;Студенческая;https://novosibirsk.cian.ru/sale/flat/326417651/?mlSearchSessionGuid=11715bfba34fa7f8cf25ba6717eac38d
flat;ЖИЛФОНД;real_estate_agent;sale;Ленинский;1;10;17;Новосибирск;3750000;Чистая слобода;1;Спортивная ;36.7;Площадь Маркса;https://novosibirsk.cian.ru/sale/flat/326360472/?mlSearchSessionGuid=11715bfba34fa7f8cf25ba6717eac38d
flat;ЖИЛФОНД;real_estate_agent;sale;Ленинский;5;5;4;Новосибирск;3750000;;2;Тихвинская ;44.4;Площадь Маркса;https://novosibirsk.cian.ru/sale/flat/322643941/?mlSearchSessionGuid=11715bfba34fa7f8cf25ba6717eac38d
flat;ЖИЛФОНД;real_estate_agent;sale;Ленинский;2;5;30;Новосибирск;3770000;;2;Курганская ;44.4;Площадь Маркса;https://novosibirsk.cian.ru/sale/flat/326657445/?mlSearchSessionGuid=11715bfba34fa7f8cf25ba6717eac38d
flat;ЖИЛФОНД;real_estate_agent;sale;Калининский;1;9;130/3;Новосибирск;3790000;;1; Кропоткина;30.0;Березовая Роща;https://novosibirsk.cian.ru/sale/flat/323112769/?mlSearchSessionGuid=11715bfba34fa7f8cf25ba6717eac38d
flat;ЖИЛФОНД;real_estate_agent;sale;Советский;1;9;11;Новосибирск;3750000;;1; Иванова;21.1;;https://novosibirsk.cian.ru/sale/flat/326430574/?mlSearchSessionGuid=11715bfba34fa7f8cf25ba6717eac38d
flat;ЖИЛФОНД;real_estate_agent;sale;Первомайский;10;18;25/1;Новосибирск;3750000;Мандарин-2;1; Красный Факел;20.1;Спортивная;https://novosibirsk.cian.ru/sale/flat/321013493/?mlSearchSessionGuid=11715bfba34fa7f8cf25ba6717eac38d
flat;Центр недвижимости и права;real_estate_agent;sale;Заельцовский;5;5;113;Новосибирск;3750000;;1; Жуковского;30.8;Заельцовская;https://novosibirsk.cian.ru/sale/flat/317685844/?mlSearchSessionGuid=11715bfba34fa7f8cf25ba6717eac38d
flat;Центр недвижимости и права;real_estate_agent;sale;Кировский;3;9;3;Новосибирск;3750000;Просторный;1; Дмитрия Шмонина;38.0;Студенческая;https://novosibirsk.cian.ru/sale/flat/312206504/?mlSearchSessionGuid=11715bfba34fa7f8cf25ba6717eac38d
flat;Вертикаль;real_estate_agent;sale;Дзержинский;2;5;31;Новосибирск;3790000;;1; Есенина;31.0;Золотая Нива;https://novosibirsk.cian.ru/sale/flat/326560103/?mlSearchSessionGuid=11715bfba34fa7f8cf25ba6717eac38d
flat;Владис Центральное;real_estate_agent;sale;Калининский;4;5;17;Новосибирск;3750000;;3; Флотская;60.5;Заельцовская;https://novosibirsk.cian.ru/sale/flat/321773774/?mlSearchSessionGuid=11715bfba34fa7f8cf25ba6717eac38d
flat;РиэлтПрофи;real_estate_agent;sale;Советский;1;9;15;Новосибирск;3770000;;1; Экваторная;37.5;Речной вокзал;https://novosibirsk.cian.ru/sale/flat/313415887/?mlSearchSessionGuid=11715bfba34fa7f8cf25ba6717eac38d
flat;Мегаполис;real_estate_agent;sale;Заельцовский;2;10;115;Новосибирск;3750000;;1;Кубовая ;24.3;Заельцовская;https://novosibirsk.cian.ru/sale/flat/322986645/?mlSearchSessionGuid=11715bfba34fa7f8cf25ba6717eac38d
flat;Статус;real_estate_agent;sale;Ленинский;1;5;17;Новосибирск;3750000;;2;Фасадная ;40.8;Площадь Маркса;https://novosibirsk.cian.ru/sale/flat/313709565/?mlSearchSessionGuid=11715bfba34fa7f8cf25ba6717eac38d
flat;Владис Центральное;real_estate_agent;sale;Кировский;1;5;80;Новосибирск;3760000;;2; Петухова;44.0;Площадь Маркса;https://novosibirsk.cian.ru/sale/flat/320581146/?mlSearchSessionGuid=11715bfba34fa7f8cf25ba6717eac38d
flat;Владис Центральное;real_estate_agent;sale;Кировский;5;19;15;Новосибирск;3750000;;1; Виктора Уса;42.6;Площадь Маркса;https://novosibirsk.cian.ru/sale/flat/320581122/?mlSearchSessionGuid=11715bfba34fa7f8cf25ba6717eac38d
flat;Ключи;real_estate_agent;sale;Ленинский;3;5;21;Новосибирск;3780000;;1; Забалуева;30.5;Площадь Маркса;https://novosibirsk.cian.ru/sale/flat/326728815/?mlSearchSessionGuid=11715bfba34fa7f8cf25ba6717eac38d
flat;Золотой ключ Плюс;real_estate_agent;sale;Октябрьский;1;5;33;Новосибирск;3790000;;1;Гурьевская ;31.9;Речной вокзал;https://novosibirsk.cian.ru/sale/flat/326013054/?mlSearchSessionGuid=11715bfba34fa7f8cf25ba6717eac38d
flat;АльянсРиэлт;real_estate_agent;sale;Кировский;1;3;3;Новосибирск;3780000;Художник;1; Николая Грицюка;31.0;Площадь Маркса;https://novosibirsk.cian.ru/sale/flat/326551217/?mlSearchSessionGuid=11715bfba34fa7f8cf25ba6717eac38d
flat;Планета;real_estate_agent;sale;Кировский;2;3;48/1;Новосибирск;3750000;;2;Рубежная ;45.3;Студенческая;https://novosibirsk.cian.ru/sale/flat/326550259/?mlSearchSessionGuid=11715bfba34fa7f8cf25ba6717eac38d
flat;Всем Квартиру;real_estate_agent;sale;Советский;9;10;7;Новосибирск;3750000;;1; Лесосечная;38.0;Октябрьская;https://novosibirsk.cian.ru/sale/flat/324315088/?mlSearchSessionGuid=11715bfba34fa7f8cf25ba6717eac38d
flat;Планета;real_estate_agent;sale;Октябрьский;7;10;271/5к1;Новосибирск;3750000;;1;Пролетарская ;39.3;Речной вокзал;https://novosibirsk.cian.ru/sale/flat/325691834/?mlSearchSessionGuid=11715bfba34fa7f8cf25ba6717eac38d
flat;ЖИЛФОНД;real_estate_agent;sale;Октябрьский;3;10;29/1;Новосибирск;3800000;Плющихинский;1; Татьяны Снежиной;32.2;Золотая Нива;https://novosibirsk.cian.ru/sale/flat/326356126/?mlSearchSessionGuid=11715bfba34fa7f8cf25ba6717eac38d
flat;ЖИЛФОНД;real_estate_agent;sale;Ленинский;6;9;38;Новосибирск;3800000;;1;Курганская ;31.3;Площадь Маркса;https://novosibirsk.cian.ru/sale/flat/326081797/?mlSearchSessionGuid=11715bfba34fa7f8cf25ba6717eac38d
flat;ЖИЛФОНД;real_estate_agent;sale;Кировский;6;17;13;Новосибирск;3800000;;2; Виктора Уса;42.6;Площадь Маркса;https://novosibirsk.cian.ru/sale/flat/326318480/?mlSearchSessionGuid=11715bfba34fa7f8cf25ba6717eac38d
flat;ЖИЛФОНД;real_estate_agent;sale;Ленинский;9;17;252/2;Новосибирск;3800000;Чистая слобода;1; Титова;26.6;Площадь Маркса;https://novosibirsk.cian.ru/sale/flat/320547483/?mlSearchSessionGuid=11715bfba34fa7f8cf25ba6717eac38d
flat;ЖИЛФОНД;real_estate_agent;sale;Дзержинский;5;5;15;Новосибирск;3800000;;2; Авиастроителей;54.9;Березовая Роща;https://novosibirsk.cian.ru/sale/flat/323130846/?mlSearchSessionGuid=11715bfba34fa7f8cf25ba6717eac38d
flat;ЖИЛФОНД;real_estate_agent;sale;Заельцовский;2;10;92;Новосибирск;3800000;;1;Кубовая ;27.0;Заельцовская;https://novosibirsk.cian.ru/sale/flat/326217997/?mlSearchSessionGuid=11715bfba34fa7f8cf25ba6717eac38d
flat;ЖИЛФОНД;real_estate_agent;sale;Октябрьский;2;10;21;Новосибирск;3800000;Плющихинский;1; Татьяны Снежиной;40.7;Золотая Нива;https://novosibirsk.cian.ru/sale/flat/326196882/?mlSearchSessionGuid=11715bfba34fa7f8cf25ba6717eac38d
flat;ЖИЛФОНД;real_estate_agent;sale;Дзержинский;1;5;7;Новосибирск;3800000;;1; 25 лет Октября;35.6;Березовая Роща;https://novosibirsk.cian.ru/sale/flat/321157110/?mlSearchSessionGuid=11715bfba34fa7f8cf25ba6717eac38d
flat;ЖИЛФОНД;real_estate_agent;sale;Кировский;4;5;9;Новосибирск;3800000;;2; Оловозаводская;42.9;Студенческая;https://novosibirsk.cian.ru/sale/flat/313026540/?mlSearchSessionGuid=11715bfba34fa7f8cf25ba6717eac38d
flat;Сфера;real_estate_agent;sale;Дзержинский;5;5;5;Новосибирск;3800000;;1;Индустриальная ;31.3;Березовая Роща;https://novosibirsk.cian.ru/sale/flat/319030890/?mlSearchSessionGuid=11715bfba34fa7f8cf25ba6717eac38d
flat;МакроМир;real_estate_agent;sale;Кировский;10;10;16;Новосибирск;3800000;Просторный;1; Николая Сотникова;38.2;Студенческая;https://novosibirsk.cian.ru/sale/flat/326307754/?mlSearchSessionGuid=11715bfba34fa7f8cf25ba6717eac38d
flat;Планета;real_estate_agent;sale;Калининский;1;9;4;Новосибирск;3800000;Поколение;1; Михаила Востокова;31.0;Заельцовская;https://novosibirsk.cian.ru/sale/flat/318104069/?mlSearchSessionGuid=11715bfba34fa7f8cf25ba6717eac38d
flat;Владис Центральное;real_estate_agent;sale;Кировский;1;5;15;Новосибирск;3800000;Золотая роща;1;Пригородная ;33.9;Площадь Маркса;https://novosibirsk.cian.ru/sale/flat/327057023/?mlSearchSessionGuid=11715bfba34fa7f8cf25ba6717eac38d
flat;ПРОЕКТ;real_estate_agent;sale;Первомайский;15;19;226;Новосибирск;3800000;Весенний;1;Первомайская ;21.2;Речной вокзал;https://novosibirsk.cian.ru/sale/flat/326016615/?mlSearchSessionGuid=11715bfba34fa7f8cf25ba6717eac38d
flat;КВАРТЭН;real_estate_agent;sale;Ленинский;4;5;51;Новосибирск;3800000;;1; Блюхера;32.0;Студенческая;https://novosibirsk.cian.ru/sale/flat/325643749/?mlSearchSessionGuid=11715bfba34fa7f8cf25ba6717eac38d
flat;Владис Центральное;real_estate_agent;sale;Ленинский;1;5;13;Новосибирск;3800000;;2; 9-й Гвардейской Дивизии;44.0;Площадь Маркса;https://novosibirsk.cian.ru/sale/flat/324103997/?mlSearchSessionGuid=11715bfba34fa7f8cf25ba6717eac38d
flat;Люди;real_estate_agent;sale;Ленинский;9;10;31;Новосибирск;3800000;;1;Колхидская ;32.3;Площадь Маркса;https://novosibirsk.cian.ru/sale/flat/325858045/?mlSearchSessionGuid=11715bfba34fa7f8cf25ba6717eac38d
flat;СЛОН;real_estate_agent;sale;Дзержинский;5;5;37;Новосибирск;3800000;;1; Есенина;33.0;Золотая Нива;https://novosibirsk.cian.ru/sale/flat/326716801/?mlSearchSessionGuid=11715bfba34fa7f8cf25ba6717eac38d
flat;Владис Центральное;real_estate_agent;sale;Калининский;2;5;25а;Новосибирск;3800000;;2; Новоуральская;44.1;Заельцовская;https://novosibirsk.cian.ru/sale/flat/325860292/?mlSearchSessionGuid=11715bfba34fa7f8cf25ba6717eac38d
flat;Владис Центральное;real_estate_agent;sale;Кировский;1;9;2;Новосибирск;3800000;;2; Чемская;43.2;Студенческая;https://novosibirsk.cian.ru/sale/flat/325721053/?mlSearchSessionGuid=11715bfba34fa7f8cf25ba6717eac38d
flat;Владис Центральное;real_estate_agent;sale;Ленинский;6;9;17;Новосибирск;3800000;;1;Широкая ;29.4;Площадь Маркса;https://novosibirsk.cian.ru/sale/flat/326981054/?mlSearchSessionGuid=11715bfba34fa7f8cf25ba6717eac38d
flat;АльянсРиэлт;real_estate_agent;sale;Октябрьский;2;10;11;Новосибирск;3800000;;2; Плющихинская;58.0;Золотая Нива;https://novosibirsk.cian.ru/sale/flat/326932421/?mlSearchSessionGuid=11715bfba34fa7f8cf25ba6717eac38d
flat;Маяк;real_estate_agent;sale;Кировский;1;9;209;Новосибирск;3800000;;2; Зорге;46.3;Площадь Маркса;https://novosibirsk.cian.ru/sale/flat/322631280/?mlSearchSessionGuid=11715bfba34fa7f8cf25ba6717eac38d
flat;Новосибирский Центр Недвижимости;real_estate_agent;sale;Кировский;24;25;56;Новосибирск;3800000;Новые Матрёшки;1; Бородина;40.0;Площадь Маркса;https://novosibirsk.cian.ru/sale/flat/326033932/?mlSearchSessionGuid=11715bfba34fa7f8cf25ba6717eac38d
flat;METRAGE;real_estate_agent;sale;;3;5;62;Новосибирск;3800000;;2; Лейтенанта Амосова;47.2;Заельцовская;https://novosibirsk.cian.ru/sale/flat/323874336/?mlSearchSessionGuid=11715bfba34fa7f8cf25ba6717eac38d
flat;Недвижимость Новосибирска-НН;real_estate_agent;sale;;4;5;79;Новосибирск;3800000;;2; Солидарности;42.5;Заельцовская;https://novosibirsk.cian.ru/sale/flat/322063642/?mlSearchSessionGuid=11715bfba34fa7f8cf25ba6717eac38d
flat;Владис Центральное;real_estate_agent;sale;Кировский;6;9;84;Новосибирск;3800000;;2; Зорге;43.9;Площадь Маркса;https://novosibirsk.cian.ru/sale/flat/326835685/?mlSearchSessionGuid=11715bfba34fa7f8cf25ba6717eac38d
flat;Юрстатус;real_estate_agent;sale;Советский;3;5;6;Новосибирск;3800000;;2; Молодости;44.0;Студенческая;https://novosibirsk.cian.ru/sale/flat/326785555/?mlSearchSessionGuid=11715bfba34fa7f8cf25ba6717eac38d
flat;Владис Центральное;real_estate_agent;sale;Ленинский;9;10;236/2;Новосибирск;3800000;Чистая слобода;1; Титова;29.5;Площадь Маркса;https://novosibirsk.cian.ru/sale/flat/326637245/?mlSearchSessionGuid=11715bfba34fa7f8cf25ba6717eac38d
flat;РиэлтПрофи;real_estate_agent;sale;Октябрьский;2;4;13;Новосибирск;3800000;;1; Гаранина;32.7;Золотая Нива;https://novosibirsk.cian.ru/sale/flat/319610189/?mlSearchSessionGuid=11715bfba34fa7f8cf25ba6717eac38d
flat;Планета-8;real_estate_agent;sale;Кировский;3;5;114;Новосибирск;3800000;;2; Петухова;44.1;Площадь Маркса;https://novosibirsk.cian.ru/sale/flat/322879709/?mlSearchSessionGuid=11715bfba34fa7f8cf25ba6717eac38d
flat;Агент Pro;real_estate_agent;sale;Дзержинский;2;9;25;Новосибирск;3800000;;1; Доватора;29.0;Золотая Нива;https://novosibirsk.cian.ru/sale/flat/326580166/?mlSearchSessionGuid=11715bfba34fa7f8cf25ba6717eac38d
flat;Вертикаль;real_estate_agent;sale;Октябрьский;9;12;11;Новосибирск;3800000;Плющихинский;1; Виталия Потылицына;33.0;Золотая Нива;https://novosibirsk.cian.ru/sale/flat/326584616/?mlSearchSessionGuid=11715bfba34fa7f8cf25ba6717eac38d
flat;СТАН;real_estate_agent;sale;Кировский;5;10;2/2;Новосибирск;3800000;Просторный;1; Александра Чистякова;48.0;Студенческая;https://novosibirsk.cian.ru/sale/flat/307740645/?mlSearchSessionGuid=11715bfba34fa7f8cf25ba6717eac38d
flat;Альфа Дом;real_estate_agent;sale;Октябрьский;1;10;1;Новосибирск;3800000;Плющихинский;1; Виталия Потылицына;38.3;Золотая Нива;https://novosibirsk.cian.ru/sale/flat/321209779/?mlSearchSessionGuid=11715bfba34fa7f8cf25ba6717eac38d
flat;Квартирный портал;real_estate_agent;sale;Первомайский;1;5;18;Новосибирск;3800000;;2; Твардовского;52.9;Спортивная;https://novosibirsk.cian.ru/sale/flat/323145150/?mlSearchSessionGuid=11715bfba34fa7f8cf25ba6717eac38d
flat;РиэлтПрофи;real_estate_agent;sale;Ленинский;3;10;1Г;Новосибирск;3800000;;2;Хилокская ;37.2;Площадь Маркса;https://novosibirsk.cian.ru/sale/flat/298472084/?mlSearchSessionGuid=11715bfba34fa7f8cf25ba6717eac38d
flat;Новый Адрес;real_estate_agent;sale;Ленинский;12;13;3;Новосибирск;3800000;Дивногорский;1; Юности;25.7;Площадь Маркса;https://novosibirsk.cian.ru/sale/flat/314283226/?mlSearchSessionGuid=11715bfba34fa7f8cf25ba6717eac38d
flat;КвартЛаб;real_estate_agent;sale;Ленинский;4;19;9;Новосибирск;3800000;Лето;1; Ивана Севастьянова;27.0;Площадь Маркса;https://novosibirsk.cian.ru/sale/flat/321055537/?mlSearchSessionGuid=11715bfba34fa7f8cf25ba6717eac38d
flat;ЖИЛФОНД;real_estate_agent;sale;Калининский;5;5;12/1;Новосибирск;3850000;;1;Народная ;30.2;Заельцовская;https://novosibirsk.cian.ru/sale/flat/325493743/?mlSearchSessionGuid=11715bfba34fa7f8cf25ba6717eac38d
flat;ЖИЛФОНД;real_estate_agent;sale;Кировский;7;24;54;Новосибирск;3850000;Новые Матрёшки;1; Бородина;31.0;Площадь Маркса;https://novosibirsk.cian.ru/sale/flat/323636878/?mlSearchSessionGuid=11715bfba34fa7f8cf25ba6717eac38d
flat;ЖИЛФОНД;real_estate_agent;sale;Калининский;5;5;31/1;Новосибирск;3890000;;2; Объединения;43.7;Заельцовская;https://novosibirsk.cian.ru/sale/flat/318043171/?mlSearchSessionGuid=11715bfba34fa7f8cf25ba6717eac38d
flat;Калининское;real_estate_agent;sale;Ленинский;11;14;253/1;Новосибирск;3890000;Любимый;1; Титова;24.7;Площадь Маркса;https://novosibirsk.cian.ru/sale/flat/325974282/?mlSearchSessionGuid=11715bfba34fa7f8cf25ba6717eac38d
flat;ЖИЛФОНД;real_estate_agent;sale;Кировский;3;3;37;Новосибирск;3850000;;2;Бетонная ;43.8;Площадь Маркса;https://novosibirsk.cian.ru/sale/flat/322481538/?mlSearchSessionGuid=11715bfba34fa7f8cf25ba6717eac38d
flat;ЖИЛФОНД;real_estate_agent;sale;Октябрьский;16;18;30;Новосибирск;3850000;;1;Лазурная ;27.0;Золотая Нива;https://novosibirsk.cian.ru/sale/flat/327021194/?mlSearchSessionGuid=11715bfba34fa7f8cf25ba6717eac38d
flat;ЖИЛФОНД;real_estate_agent;sale;Советский;5;5;10А;Новосибирск;3850000;;3; Энгельса;56.3;Студенческая;https://novosibirsk.cian.ru/sale/flat/317810033/?mlSearchSessionGuid=11715bfba34fa7f8cf25ba6717eac38d
flat;МакроМир;real_estate_agent;sale;Ленинский;3;10;15;Новосибирск;3850000;Чистая слобода;1;Спортивная ;33.0;Площадь Маркса;https://novosibirsk.cian.ru/sale/flat/326680540/?mlSearchSessionGuid=11715bfba34fa7f8cf25ba6717eac38d
flat;Центр недвижимости и права;real_estate_agent;sale;Ленинский;1;10;21;Новосибирск;3850000;Чистая слобода;1;Спортивная ;38.0;Площадь Маркса;https://novosibirsk.cian.ru/sale/flat/308270257/?mlSearchSessionGuid=11715bfba34fa7f8cf25ba6717eac38d
flat;Домой;real_estate_agent;sale;Первомайский;1;9;27;Новосибирск;3850000;;1;Тенистая ;34.5;Речной вокзал;https://novosibirsk.cian.ru/sale/flat/310055362/?mlSearchSessionGuid=11715bfba34fa7f8cf25ba6717eac38d
flat;СИБИРЬ-НЕДВИЖИМОСТЬ;real_estate_agent;sale;Кировский;9;14;1/1;Новосибирск;3850000;;1; Герцена;25.8;Студенческая;https://novosibirsk.cian.ru/sale/flat/326647514/?mlSearchSessionGuid=11715bfba34fa7f8cf25ba6717eac38d
flat;Домофонд;real_estate_agent;sale;Октябрьский;2;18;28;Новосибирск;3850000;;1;Лазурная ;26.7;Золотая Нива;https://novosibirsk.cian.ru/sale/flat/325337597/?mlSearchSessionGuid=11715bfba34fa7f8cf25ba6717eac38d
flat;МакроМир;real_estate_agent;sale;Октябрьский;3;4;28;Новосибирск;3890000;;2;1-я Родниковая ;58.2;Речной вокзал;https://novosibirsk.cian.ru/sale/flat/326681336/?mlSearchSessionGuid=11715bfba34fa7f8cf25ba6717eac38d
flat;Своё;real_estate_agent;sale;Кировский;10;19;18;Новосибирск;3860000;Акварельный 2.0;1; Александра Чистякова;34.9;Студенческая;https://novosibirsk.cian.ru/sale/flat/326585257/?mlSearchSessionGuid=11715bfba34fa7f8cf25ba6717eac38d
flat;METRAGE;real_estate_agent;sale;Первомайский;1;13;22/5;Новосибирск;3899999;Берёзовое;2; Твардовского;41.2;Речной вокзал;https://novosibirsk.cian.ru/sale/flat/326924711/?mlSearchSessionGuid=11715bfba34fa7f8cf25ba6717eac38d
flat;Владис Центральное;real_estate_agent;sale;Ленинский;5;10;3;Новосибирск;3850000;Чистая слобода;1;Спортивная ;32.6;Площадь Маркса;https://novosibirsk.cian.ru/sale/flat/326769933/?mlSearchSessionGuid=11715bfba34fa7f8cf25ba6717eac38d
flat;МакроМир;real_estate_agent;sale;Ленинский;5;5;24;Новосибирск;3850000;;2; Немировича-Данченко;44.7;Площадь Маркса;https://novosibirsk.cian.ru/sale/flat/323828854/?mlSearchSessionGuid=11715bfba34fa7f8cf25ba6717eac38d
flat;ЕВРОДОМ;real_estate_agent;sale;Калининский;1;9;11;Новосибирск;3850000;;1; Макаренко;29.0;Заельцовская;https://novosibirsk.cian.ru/sale/flat/316485662/?mlSearchSessionGuid=11715bfba34fa7f8cf25ba6717eac38d
flat;ПРОЕКТ;real_estate_agent;sale;Первомайский;1;5;10;Новосибирск;3850000;;2; Красный Факел;44.0;Речной вокзал;https://novosibirsk.cian.ru/sale/flat/325440867/?mlSearchSessionGuid=11715bfba34fa7f8cf25ba6717eac38d
flat;МакроМир;real_estate_agent;sale;Ленинский;1;3;16;Новосибирск;3850000;;2;Планировочная ;59.5;Студенческая;https://novosibirsk.cian.ru/sale/flat/321670749/?mlSearchSessionGuid=11715bfba34fa7f8cf25ba6717eac38d
flat;Юрстатус;real_estate_agent;sale;Советский;5;5;14;Новосибирск;3850000;;2; Динамовцев;44.0;Студенческая;https://novosibirsk.cian.ru/sale/flat/326200787/?mlSearchSessionGuid=11715bfba34fa7f8cf25ba6717eac38d
flat;Красный Проспект Недвижимость;real_estate_agent;sale;Ленинский;10;10;11/1;Новосибирск;3850000;Чистая слобода;1;Спортивная ;36.9;Площадь Маркса;https://novosibirsk.cian.ru/sale/flat/322266568/?mlSearchSessionGuid=11715bfba34fa7f8cf25ba6717eac38d
flat;Агент Pro;real_estate_agent;sale;Дзержинский;1;4;13/7;Новосибирск;3850000;Свобода;1; Заслонова;26.9;Золотая Нива;https://novosibirsk.cian.ru/sale/flat/325005806/?mlSearchSessionGuid=11715bfba34fa7f8cf25ba6717eac38d
flat;ID 13977926;realtor;sale;;3;5;78;Новосибирск;3850000;;2; Солидарности;42.7;Заельцовская;https://novosibirsk.cian.ru/sale/flat/324394665/?mlSearchSessionGuid=11715bfba34fa7f8cf25ba6717eac38d
flat;Дельта;real_estate_agent;sale;Советский;4;5;50;Новосибирск;3900000;;4;Гидромонтажная ;60.9;Площадь Маркса;https://novosibirsk.cian.ru/sale/flat/317578443/?mlSearchSessionGuid=11715bfba34fa7f8cf25ba6717eac38d
flat;ЖИЛФОНД;real_estate_agent;sale;Заельцовский;2;5;16;Новосибирск;3900000;;1;Холодильная ;31.0;Гагаринская;https://novosibirsk.cian.ru/sale/flat/324696058/?mlSearchSessionGuid=11715bfba34fa7f8cf25ba6717eac38d
flat;ЖИЛФОНД;real_estate_agent;sale;Октябрьский;7;10;2;Новосибирск;3920000;Плющихинский;1; Плющихинская;37.8;Золотая Нива;https://novosibirsk.cian.ru/sale/flat/323436112/?mlSearchSessionGuid=11715bfba34fa7f8cf25ba6717eac38d
flat;ЖИЛФОНД;real_estate_agent;sale;Кировский;1;5;124;Новосибирск;3900000;;2; Петухова;42.9;Площадь Маркса;https://novosibirsk.cian.ru/sale/flat/320436453/?mlSearchSessionGuid=11715bfba34fa7f8cf25ba6717eac38d
flat;ЖИЛФОНД;real_estate_agent;sale;Ленинский;10;11;27;Новосибирск;3900000;Чистая слобода;1;Спортивная ;32.3;Площадь Маркса;https://novosibirsk.cian.ru/sale/flat/326459700/?mlSearchSessionGuid=11715bfba34fa7f8cf25ba6717eac38d
flat;ЖИЛФОНД;real_estate_agent;sale;Калининский;6;9;44;Новосибирск;3900000;;1; Объединения;32.1;Заельцовская;https://novosibirsk.cian.ru/sale/flat/326340830/?mlSearchSessionGuid=11715bfba34fa7f8cf25ba6717eac38d
flat;ЖИЛФОНД;real_estate_agent;sale;Кировский;1;5;66;Новосибирск;3900000;;2; Петухова;44.5;Площадь Маркса;https://novosibirsk.cian.ru/sale/flat/325872924/?mlSearchSessionGuid=11715bfba34fa7f8cf25ba6717eac38d
flat;ЖИЛФОНД;real_estate_agent;sale;Ленинский;2;5;13;Новосибирск;3900000;;1;Выставочная ;30.4;Площадь Маркса;https://novosibirsk.cian.ru/sale/flat/325359787/?mlSearchSessionGuid=11715bfba34fa7f8cf25ba6717eac38d
flat;ЖИЛФОНД;real_estate_agent;sale;Калининский;6;9;39;Новосибирск;3900000;;1; Тамбовская;36.1;Заельцовская;https://novosibirsk.cian.ru/sale/flat/326761455/?mlSearchSessionGuid=11715bfba34fa7f8cf25ba6717eac38d
flat;ЖИЛФОНД;real_estate_agent;sale;Октябрьский;3;10;39;Новосибирск;3900000;Плющихинский;1; Татьяны Снежиной;42.0;Золотая Нива;https://novosibirsk.cian.ru/sale/flat/324194855/?mlSearchSessionGuid=11715bfba34fa7f8cf25ba6717eac38d
flat;ЖИЛФОНД;real_estate_agent;sale;Ленинский;7;17;96;Новосибирск;3900000;Радуга Сибири;1; Забалуева;27.0;Площадь Маркса;https://novosibirsk.cian.ru/sale/flat/322720193/?mlSearchSessionGuid=11715bfba34fa7f8cf25ba6717eac38d
flat;ЖИЛФОНД;real_estate_agent;sale;Октябрьский;10;10;9;Новосибирск;3910000;Плющихинский;1; Плющихинская;32.5;Золотая Нива;https://novosibirsk.cian.ru/sale/flat/319701984/?mlSearchSessionGuid=11715bfba34fa7f8cf25ba6717eac38d
flat;ЖИЛФОНД;real_estate_agent;sale;Кировский;6;19;18;Новосибирск;3900000;Акварельный 2.0;1; Александра Чистякова;36.6;Студенческая;https://novosibirsk.cian.ru/sale/flat/326651764/?mlSearchSessionGuid=11715bfba34fa7f8cf25ba6717eac38d
flat;Агент Pro;real_estate_agent;sale;Кировский;5;5;231;Новосибирск;3900000;;2; Зорге;44.0;Площадь Маркса;https://novosibirsk.cian.ru/sale/flat/325418356/?mlSearchSessionGuid=11715bfba34fa7f8cf25ba6717eac38d
flat;Дельта;real_estate_agent;sale;Дзержинский;1;5;30/4;Новосибирск;3900000;;1;проспект Дзержинского;30.9;Березовая Роща;https://novosibirsk.cian.ru/sale/flat/322871470/?mlSearchSessionGuid=11715bfba34fa7f8cf25ba6717eac38d
flat;Вместе;real_estate_agent;sale;Железнодорожный;4;5;8;Новосибирск;3900000;;1;Владимировская ;31.0;Площадь Гарина-Михайловского;https://novosibirsk.cian.ru/sale/flat/325128213/?mlSearchSessionGuid=11715bfba34fa7f8cf25ba6717eac38d
flat;Дельта;real_estate_agent;sale;Советский;3;5;26;Новосибирск;3900000;;1; Иванова;28.7;;https://novosibirsk.cian.ru/sale/flat/326263994/?mlSearchSessionGuid=11715bfba34fa7f8cf25ba6717eac38d
flat;Коммерческий Брокеридж;real_estate_agent;sale;Дзержинский;2;12;16;Новосибирск;4500000;;1; Есенина;31.0;Золотая Нива;https://novosibirsk.cian.ru/sale/flat/326932769/
flat;Мария Игнатцева;realtor;sale;Дзержинский;8;12;266/3;Новосибирск;4200000;;1; Бориса Богаткова;32.6;Золотая Нива;https://novosibirsk.cian.ru/sale/flat/320595562/
flat;Города Новосибирск;real_estate_agent;sale;Калининский;4;9;81;Новосибирск;3149000;;1;Народная ;28.6;Заельцовская;https://novosibirsk.cian.ru/sale/flat/323118316/
flat;Талан;developer;sale;Калининский;2;11;148;Новосибирск;5212092;Природные кварталы Сибирия;2; Богдана Хмельницкого;40.7;Заельцовская;https://novosibirsk.cian.ru/sale/flat/325356906/?mlSearchSessionGuid=11715bfba34fa7f8cf25ba6717eac38d
flat;ID 139309256;homeowner;sale;Ленинский;2;5;8;Новосибирск;4400000;;1;проспект Карла Маркса;31.5;Площадь Маркса;https://novosibirsk.cian.ru/sale/flat/327017792/?mlSearchSessionGuid=11715bfba34fa7f8cf25ba6717eac38d
flat;Совкомбанк;real_estate_agent;sale;Дзержинский;1;9;25;Новосибирск;4100000;;3; Толбухина;60.7;Золотая Нива;https://novosibirsk.cian.ru/sale/flat/321855503/?mlSearchSessionGuid=11715bfba34fa7f8cf25ba6717eac38d
flat;Брусника;developer;sale;Дзержинский;5;14;;Новосибирск;9390000;Город-на-озере ЖК;1;;46.29;Березовая Роща;https://novosibirsk.cian.ru/sale/flat/325308698/?mlSearchSessionGuid=11715bfba34fa7f8cf25ba6717eac38d
flat;Этажи;real_estate_agent;sale;Октябрьский;6;10;144/2;Новосибирск;3200000;Плющихинский;1; В. Высоцкого;48.9;Золотая Нива;https://novosibirsk.cian.ru/sale/flat/320450320/?mlSearchSessionGuid=11715bfba34fa7f8cf25ba6717eac38d
flat;ПОЛЯКОВ;developer;sale;Заельцовский;4;25;236;Новосибирск;6600000;Клубный комплекс ;2;Красный проспект;32.4;Заельцовская;https://novosibirsk.cian.ru/sale/flat/326353225/?mlSearchSessionGuid=11715bfba34fa7f8cf25ba6717eac38d
flat;Василевский;real_estate_agent;sale;Заельцовский;5;18;76/1;Новосибирск;10850000;;3;Сухарная ;74.2;Площадь Гарина-Михайловского;https://novosibirsk.cian.ru/sale/flat/319668112/?mlSearchSessionGuid=11715bfba34fa7f8cf25ba6717eac38d
flat;Новый Мир;developer;sale;Заельцовский;4;20;;Новосибирск;12100000;Оскар ЖК;2;;54.7;Заельцовская;https://novosibirsk.cian.ru/sale/flat/324818172/?mlSearchSessionGuid=11715bfba34fa7f8cf25ba6717eac38d
flat;ID 99066872;homeowner;sale;Октябрьский;14;25;11;Новосибирск;8000000;Закаменский-11;2;Закаменский мкр;50.55;Золотая Нива;https://novosibirsk.cian.ru/sale/flat/326214880/?mlSearchSessionGuid=11715bfba34fa7f8cf25ba6717eac38d
