iter	Passed	Remaining
0	185	2220277
1	215	1290751
2	244	977800
3	273	820795
4	301	723438
5	329	659228
6	360	616790
7	390	584826
8	419	559288
9	448	538335
10	479	522134
11	508	507832
12	538	496354
13	567	485465
14	595	475781
15	608	455842
16	635	448287
17	666	443500
18	695	438570
19	712	426870
20	740	422504
21	770	419249
22	799	416302
23	827	412975
24	856	410474
25	884	407317
26	905	401340
27	933	399268
28	962	397328
29	991	395525
30	1019	393779
31	1049	392530
32	1081	392134
33	1100	387484
34	1128	385624
35	1157	384689
36	1177	380651
37	1206	379837
38	1236	379113
39	1265	378283
40	1294	377635
41	1323	376858
42	1354	376679
43	1383	375884
44	1411	375104
45	1440	374359
46	1483	377282
47	1512	376720
48	1552	378590
49	1582	378120
50	1610	377414
51	1640	376943
52	1670	376516
53	1700	376083
54	1730	375782
55	1761	375743
56	1791	375390
57	1822	375305
58	1851	374771
59	1881	374350
60	1910	373981
61	1949	375361
62	1978	374788
63	2006	374271
64	2035	373754
65	2065	373390
66	2094	372967
67	2104	369258
68	2131	368529
69	2160	368255
70	2190	368105
71	2220	367876
72	2250	367645
73	2281	367627
74	2309	367285
75	2339	366984
76	2368	366682
77	2397	366455
78	2427	366363
79	2456	366073
80	2486	365827
81	2516	365723
82	2546	365641
83	2576	365525
84	2606	365322
85	2635	365127
86	2665	364962
87	2695	364869
88	2725	364756
89	2754	364485
90	2783	364225
91	2814	364346
92	2844	364150
93	2872	363885
94	2902	363713
95	2932	363607
96	2962	363541
97	2992	363413
98	3011	362065
99	3039	361716
100	3069	361650
101	3093	360884
102	3122	360660
103	3152	360643
104	3182	360554
105	3214	360668
106	3244	360631
107	3274	360581
108	3304	360520
109	3333	360319
110	3364	360315
111	3393	360241
112	3424	360206
113	3453	360103
114	3482	359918
115	3510	359681
116	3530	358601
117	3558	358339
118	3588	358230
119	3616	358066
120	3645	357846
121	3674	357788
122	3704	357731
123	3734	357698
124	3763	357574
125	3793	357504
126	3823	357453
127	3852	357282
128	3881	357211
129	3905	356623
130	3935	356557
131	3965	356549
132	3993	356366
133	4023	356245
134	4060	356890
135	4090	356824
136	4119	356680
137	4148	356547
138	4177	356453
139	4207	356404
140	4238	356450
141	4267	356347
142	4297	356293
143	4328	356343
144	4357	356228
145	4387	356206
146	4417	356181
147	4447	356144
148	4476	356024
149	4505	355907
150	4524	355015
151	4549	354596
152	4577	354447
153	4607	354402
154	4636	354309
155	4665	354256
156	4696	354252
157	4727	354296
158	4756	354247
159	4798	355057
160	4827	354979
161	4856	354913
162	4887	354909
163	4917	354876
164	4947	354860
165	4975	354729
166	5006	354749
167	5020	353592
168	5047	353368
169	5077	353336
170	5106	353232
171	5134	353108
172	5164	353085
173	5194	353032
174	5223	352958
175	5254	352988
176	5283	352904
177	5312	352859
178	5342	352805
179	5372	352795
180	5402	352746
181	5432	352722
182	5461	352677
183	5480	351967
184	5509	351844
185	5539	351876
186	5569	351838
187	5598	351779
188	5627	351702
189	5657	351654
190	5665	350252
191	5691	350004
192	5719	349896
193	5749	349884
194	5778	349837
195	5807	349781
196	5838	349778
197	5867	349716
198	5897	349755
199	5908	348577
200	5936	348469
201	5965	348436
202	5995	348402
203	6025	348423
204	6055	348410
205	6085	348415
206	6115	348408
207	6145	348399
208	6175	348386
209	6205	348398
210	6235	348387
211	6267	348495
212	6296	348457
213	6326	348424
214	6356	348414
215	6385	348385
216	6415	348332
217	6445	348331
218	6475	348363
219	6504	348311
220	6532	348196
221	6562	348181
222	6592	348176
223	6621	348113
224	6651	348097
225	6681	348069
226	6710	348043
227	6740	348008
228	6769	347946
229	6799	347951
230	6809	346952
231	6837	346805
232	6865	346713
233	6894	346666
234	6927	346794
235	6957	346810
236	6985	346723
237	7019	346896
238	7048	346860
239	7076	346754
240	7105	346714
241	7134	346658
242	7142	345584
243	7168	345384
244	7204	345649
245	7232	345579
246	7267	345830
247	7301	345976
248	7333	346088
249	7364	346140
250	7394	346107
251	7422	346024
252	7451	345994
253	7481	345990
254	7510	345939
255	7541	345947
256	7569	345880
257	7595	345683
258	7623	345586
259	7652	345530
260	7681	345493
261	7711	345466
262	7740	345434
263	7769	345404
264	7800	345419
265	7829	345384
266	7858	345336
267	7889	345353
268	7918	345321
269	7950	345399
270	7981	345426
271	8011	345457
272	8041	345435
273	8072	345455
274	8101	345407
275	8130	345389
276	8159	345316
277	8188	345282
278	8217	345223
279	8246	345161
280	8278	345232
281	8308	345243
282	8338	345222
283	8368	345210
284	8398	345212
285	8428	345231
286	8459	345240
287	8489	345245
288	8520	345264
289	8559	345634
290	8588	345582
291	8617	345514
292	8646	345481
293	8676	345484
294	8706	345449
295	8735	345409
296	8765	345392
297	8778	344707
298	8804	344568
299	8833	344521
300	8857	344253
301	8885	344187
302	8915	344174
303	8945	344160
304	8975	344177
305	9005	344146
306	9034	344110
307	9064	344097
308	9094	344084
309	9124	344078
310	9154	344059
311	9184	344062
312	9213	344020
313	9242	343972
314	9272	343976
315	9301	343927
316	9331	343928
317	9361	343886
318	9390	343870
319	9420	343848
320	9450	343842
321	9481	343855
322	9511	343871
323	9541	343834
324	9569	343766
325	9581	343098
326	9608	343010
327	9637	342942
328	9666	342919
329	9676	342201
330	9704	342125
331	9733	342068
332	9762	342038
333	9791	341998
334	9821	341985
335	9851	341973
336	9867	341496
337	9896	341455
338	9924	341397
339	9953	341362
340	9984	341384
341	10014	341361
342	10044	341358
343	10074	341353
344	10087	340796
345	10116	340752
346	10146	340751
347	10171	340565
348	10201	340553
349	10230	340543
350	10263	340628
351	10295	340676
352	10327	340753
353	10358	340781
354	10390	340848
355	10423	340932
356	10456	341019
357	10502	341545
358	10535	341625
359	10567	341690
360	10599	341729
361	10630	341752
362	10662	341828
363	10695	341900
364	10727	341947
365	10759	342018
366	10786	341903
367	10818	341951
368	10851	342058
369	10885	342167
370	10919	342263
371	10953	342396
372	10986	342481
373	11019	342534
374	11052	342617
375	11085	342703
376	11118	342789
377	11153	342914
378	11186	343010
379	11220	343120
380	11253	343191
381	11287	343282
382	11320	343379
383	11354	343465
384	11388	343579
385	11423	343719
386	11439	343259
387	11470	343293
388	11505	343411
389	11538	343498
390	11571	343551
391	11603	343593
392	11635	343660
393	11669	343756
394	11701	343791
395	11735	343896
396	11768	343953
397	11801	344034
398	11835	344116
399	11868	344193
400	11902	344270
401	11935	344343
402	11967	344388
403	12001	344476
404	12034	344551
405	12069	344650
406	12103	344748
407	12137	344855
408	12172	344979
409	12207	345080
410	12240	345133
411	12273	345198
412	12320	345653
413	12354	345735
414	12387	345792
415	12420	345858
416	12453	345920
417	12487	345993
418	12522	346116
419	12555	346178
420	12590	346283
421	12625	346394
422	12660	346496
423	12694	346590
424	12729	346704
425	12763	346782
426	12797	346843
427	12832	346957
428	12870	347148
429	12904	347229
430	12941	347369
431	12975	347466
432	13010	347567
433	13044	347625
434	13079	347729
435	13114	347824
436	13148	347902
437	13185	348061
438	13221	348186
439	13257	348300
440	13294	348456
441	13330	348579
442	13365	348691
443	13400	348775
444	13433	348805
445	13467	348880
446	13502	348985
447	13537	349061
448	13572	349170
449	13606	349230
450	13641	349316
451	13675	349385
452	13709	349450
453	13742	349496
454	13776	349547
455	13808	349585
456	13843	349666
457	13879	349768
458	13913	349841
459	13947	349891
460	13981	349957
461	14015	350018
462	14050	350107
463	14083	350148
464	14117	350200
465	14151	350253
466	14184	350303
467	14217	350337
468	14250	350371
469	14291	350591
470	14326	350687
471	14359	350723
472	14393	350777
473	14428	350847
474	14460	350865
475	14493	350897
476	14528	350959
477	14563	351045
478	14595	351064
479	14628	351082
480	14661	351112
481	14695	351157
482	14728	351189
483	14761	351225
484	14794	351249
485	14828	351305
486	14861	351329
487	14894	351372
488	14927	351395
489	14961	351432
490	14993	351455
491	15027	351500
492	15062	351579
493	15097	351650
494	15131	351694
495	15165	351739
496	15197	351746
497	15231	351802
498	15263	351802
499	15296	351821
500	15332	351916
501	15367	351986
502	15401	352021
503	15435	352066
504	15468	352107
505	15501	352114
506	15534	352135
507	15568	352198
508	15602	352234
509	15635	352250
510	15667	352265
511	15701	352292
512	15733	352302
513	15767	352345
514	15801	352379
515	15835	352422
516	15869	352463
517	15901	352482
518	15934	352489
519	15968	352526
520	16013	352813
521	16047	352861
522	16081	352891
523	16115	352943
524	16152	353039
525	16186	353091
526	16222	353179
527	16257	353228
528	16292	353289
529	16327	353351
530	16365	353467
531	16399	353520
532	16433	353546
533	16467	353596
534	16502	353640
535	16536	353683
536	16572	353753
537	16606	353795
538	16640	353827
539	16673	353841
540	16705	353848
541	16739	353876
542	16773	353905
543	16807	353943
544	16844	354046
545	16881	354143
546	16914	354162
547	16948	354192
548	16981	354206
549	17014	354218
550	17048	354253
551	17082	354282
552	17115	354296
553	17150	354347
554	17185	354397
555	17219	354432
556	17253	354451
557	17287	354490
558	17323	354551
559	17357	354591
560	17391	354610
561	17424	354634
562	17460	354694
563	17493	354716
564	17516	354514
565	17548	354510
566	17583	354553
567	17618	354600
568	17652	354630
569	17686	354667
570	17720	354689
571	17753	354697
572	17787	354718
573	17821	354753
574	17854	354756
575	17887	354770
576	17921	354790
577	17953	354785
578	17987	354801
579	18019	354806
580	18053	354830
581	18088	354860
582	18121	354868
583	18154	354886
584	18188	354915
585	18222	354940
586	18255	354947
587	18289	354968
588	18322	354980
589	18356	354995
590	18392	355061
591	18425	355071
592	18459	355086
593	18494	355134
594	18528	355149
595	18560	355143
596	18594	355172
597	18629	355205
598	18663	355237
599	18696	355240
600	18733	355310
601	18768	355360
602	18803	355400
603	18839	355458
604	18874	355503
605	18910	355546
606	18944	355578
607	18979	355611
608	19012	355624
609	19047	355666
610	19083	355709
611	19120	355783
612	19155	355838
613	19193	355922
614	19226	355932
615	19259	355934
616	19293	355942
617	19327	355963
618	19361	355976
619	19397	356046
620	19432	356066
621	19466	356092
622	19501	356126
623	19535	356150
624	19569	356170
625	19604	356197
626	19637	356202
627	19669	356188
628	19703	356192
629	19736	356196
630	19769	356197
631	19803	356209
632	19836	356213
633	19869	356202
634	19902	356206
635	19935	356202
636	19969	356215
637	20003	356233
638	20037	356248
639	20070	356255
640	20111	356385
641	20145	356401
642	20178	356409
643	20213	356441
644	20247	356457
645	20282	356478
646	20316	356494
647	20351	356524
648	20385	356535
649	20419	356547
650	20453	356562
651	20486	356557
652	20520	356586
653	20553	356582
654	20586	356567
655	20619	356568
656	20652	356563
657	20686	356578
658	20720	356589
659	20754	356597
660	20787	356600
661	20821	356600
662	20854	356597
663	20888	356611
664	20921	356602
665	20959	356687
666	20993	356695
667	21026	356703
668	21060	356710
669	21094	356712
670	21127	356714
671	21162	356743
672	21195	356731
673	21228	356724
674	21261	356716
675	21294	356721
676	21328	356720
677	21361	356721
678	21395	356733
679	21432	356780
680	21466	356804
681	21500	356800
682	21532	356791
683	21565	356783
684	21599	356791
685	21635	356828
686	21669	356831
687	21703	356841
688	21736	356832
689	21769	356825
690	21802	356828
691	21836	356833
692	21870	356831
693	21904	356844
694	21937	356835
695	21970	356839
696	22004	356847
697	22038	356848
698	22072	356851
699	22106	356865
700	22140	356877
701	22172	356849
702	22206	356852
703	22241	356873
704	22275	356887
705	22309	356895
706	22343	356888
707	22378	356918
708	22412	356927
709	22446	356933
710	22479	356926
711	22512	356916
712	22546	356920
713	22580	356918
714	22614	356925
715	22648	356937
716	22682	356938
717	22715	356936
718	22749	356930
719	22783	356942
720	22817	356948
721	22851	356952
722	22885	356955
723	22921	356997
724	22955	356993
725	22989	356997
726	23022	356996
727	23057	357006
728	23091	357017
729	23124	357005
730	23158	357001
731	23192	357019
732	23227	357029
733	23261	357029
734	23295	357036
735	23328	357031
736	23362	357028
737	23396	357032
738	23433	357083
739	23466	357071
740	23499	357063
741	23534	357077
742	23568	357074
743	23600	357046
744	23633	357038
745	23668	357054
746	23702	357055
747	23741	357140
748	23774	357132
749	23809	357140
750	23844	357152
751	23878	357154
752	23912	357156
753	23945	357152
754	23979	357153
755	24014	357161
756	24048	357173
757	24083	357181
758	24116	357172
759	24151	357193
760	24185	357187
761	24219	357186
762	24251	357165
763	24284	357154
764	24318	357142
765	24352	357147
766	24386	357152
767	24420	357154
768	24456	357179
769	24491	357188
770	24524	357173
771	24557	357164
772	24591	357160
773	24625	357158
774	24658	357146
775	24692	357156
776	24726	357151
777	24762	357174
778	24796	357181
779	24831	357189
780	24867	357215
781	24901	357217
782	24949	357424
783	24986	357455
784	25019	357450
785	25053	357443
786	25087	357441
787	25129	357558
788	25165	357576
789	25198	357566
790	25232	357556
791	25265	357545
792	25299	357546
793	25333	357538
794	25370	357575
795	25407	357619
796	25448	357711
797	25489	357810
798	25524	357822
799	25561	357858
800	25612	358095
801	25649	358132
802	25687	358185
803	25724	358225
804	25762	358269
805	25798	358292
806	25835	358329
807	25875	358417
808	25922	358584
809	25959	358631
810	25998	358685
811	26037	358755
812	26075	358800
813	26112	358839
814	26151	358906
815	26197	359056
816	26234	359093
817	26274	359171
818	26314	359248
819	26353	359301
820	26392	359364
821	26429	359403
822	26471	359501
823	26509	359557
824	26548	359614
825	26588	359683
826	26630	359780
827	26668	359830
828	26707	359895
829	26746	359946
830	26782	359964
831	26818	359993
832	26854	360007
833	26891	360037
834	26927	360057
835	26952	359923
836	26987	359930
837	27025	359968
838	27061	359996
839	27100	360043
840	27142	360144
841	27188	360291
842	27230	360397
843	27266	360414
844	27305	360464
845	27342	360493
846	27377	360503
847	27413	360508
848	27449	360522
849	27493	360654
850	27534	360725
851	27575	360808
852	27612	360843
853	27650	360875
854	27689	360928
855	27732	361046
856	27773	361124
857	27810	361141
858	27846	361165
859	27884	361198
860	27920	361215
861	27957	361245
862	27994	361272
863	28030	361278
864	28065	361283
865	28100	361285
866	28136	361300
867	28171	361298
868	28206	361294
869	28243	361321
870	28280	361351
871	28316	361354
872	28351	361357
873	28384	361339
874	28418	361324
875	28453	361326
876	28488	361322
877	28524	361334
878	28558	361320
879	28592	361302
880	28627	361300
881	28663	361313
882	28700	361339
883	28736	361353
884	28772	361358
885	28807	361363
886	28840	361336
887	28876	361344
888	28911	361350
889	28954	361443
890	28991	361462
891	29026	361468
892	29063	361490
893	29100	361507
894	29136	361515
895	29174	361550
896	29211	361577
897	29250	361628
898	29285	361620
899	29320	361625
900	29356	361629
901	29392	361644
902	29428	361648
903	29466	361687
904	29502	361687
905	29539	361712
906	29575	361715
907	29611	361727
908	29646	361726
909	29681	361724
910	29714	361691
911	29749	361692
912	29784	361692
913	29819	361686
914	29855	361687
915	29890	361692
916	29925	361683
917	29959	361664
918	29993	361650
919	30027	361636
920	30063	361639
921	30096	361617
922	30131	361613
923	30166	361606
924	30201	361604
925	30236	361592
926	30269	361570
927	30302	361542
928	30337	361530
929	30371	361515
930	30405	361497
931	30438	361472
932	30470	361436
933	30504	361414
934	30540	361425
935	30574	361410
936	30607	361377
937	30641	361356
938	30675	361341
939	30711	361352
940	30749	361375
941	30783	361363
942	30818	361353
943	30854	361361
944	30890	361365
945	30925	361363
946	30960	361359
947	30994	361346
948	31029	361337
949	31064	361323
950	31099	361320
951	31134	361313
952	31169	361312
953	31210	361369
954	31245	361373
955	31279	361353
956	31315	361355
957	31350	361354
958	31386	361358
959	31421	361352
960	31457	361350
961	31491	361331
962	31525	361314
963	31561	361319
964	31594	361295
965	31629	361285
966	31664	361271
967	31698	361262
968	31732	361243
969	31769	361250
970	31804	361242
971	31838	361234
972	31871	361202
973	31904	361166
974	31937	361141
975	31970	361110
976	32004	361092
977	32038	361076
978	32073	361062
979	32106	361034
980	32140	361016
981	32175	361003
982	32208	360981
983	32242	360958
984	32277	360950
985	32310	360924
986	32343	360890
987	32376	360862
988	32410	360841
989	32445	360833
990	32479	360808
991	32512	360779
992	32547	360776
993	32582	360766
994	32617	360755
995	32650	360724
996	32684	360707
997	32718	360690
998	32752	360669
999	32786	360655
1000	32821	360646
1001	32855	360622
1002	32889	360600
1003	32923	360580
1004	32957	360569
1005	32991	360548
1006	33025	360526
1007	33060	360519
1008	33096	360515
1009	33134	360542
1010	33168	360520
1011	33202	360503
1012	33236	360488
1013	33270	360465
1014	33304	360446
1015	33338	360427
1016	33372	360401
1017	33406	360383
1018	33440	360358
1019	33484	360452
1020	33518	360427
1021	33553	360418
1022	33587	360405
1023	33621	360385
1024	33655	360359
1025	33690	360354
1026	33725	360340
1027	33758	360311
1028	33793	360298
1029	33828	360286
1030	33861	360259
1031	33894	360228
1032	33926	360189
1033	33959	360158
1034	33993	360134
1035	34028	360120
1036	34060	360086
1037	34094	360057
1038	34129	360049
1039	34162	360020
1040	34196	359995
1041	34227	359950
1042	34262	359932
1043	34296	359913
1044	34327	359864
1045	34359	359825
1046	34393	359804
1047	34427	359778
1048	34460	359748
1049	34493	359721
1050	34527	359701
1051	34561	359679
1052	34598	359683
1053	34632	359663
1054	34667	359651
1055	34701	359635
1056	34735	359617
1057	34769	359588
1058	34803	359568
1059	34836	359534
1060	34868	359497
1061	34903	359489
1062	34952	359622
1063	34984	359577
1064	35018	359555
1065	35053	359540
1066	35085	359507
1067	35132	359612
1068	35164	359573
1069	35197	359536
1070	35231	359518
1071	35264	359484
1072	35297	359456
1073	35331	359432
1074	35363	359388
1075	35397	359365
1076	35431	359346
1077	35466	359336
1078	35499	359308
1079	35533	359285
1080	35567	359261
1081	35602	359245
1082	35635	359218
1083	35669	359196
1084	35704	359180
1085	35736	359141
1086	35769	359114
1087	35803	359090
1088	35838	359077
1089	35873	359062
1090	35907	359039
1091	35940	359007
1092	35973	358980
1093	36007	358959
1094	36042	358943
1095	36076	358923
1096	36111	358912
1097	36146	358895
1098	36179	358865
1099	36214	358851
1100	36249	358843
1101	36284	358823
1102	36317	358798
1103	36351	358778
1104	36385	358746
1105	36419	358724
1106	36453	358706
1107	36487	358682
1108	36520	358651
1109	36554	358629
1110	36589	358616
1111	36624	358608
1112	36659	358586
1113	36693	358572
1114	36729	358564
1115	36765	358563
1116	36801	358563
1117	36836	358546
1118	36871	358532
1119	36905	358514
1120	36939	358487
1121	36975	358479
1122	37009	358465
1123	37045	358462
1124	37081	358452
1125	37114	358426
1126	37149	358409
1127	37185	358401
1128	37220	358388
1129	37254	358371
1130	37294	358403
1131	37328	358384
1132	37363	358368
1133	37397	358348
1134	37433	358334
1135	37466	358310
1136	37501	358291
1137	37536	358276
1138	37572	358273
1139	37607	358256
1140	37642	358246
1141	37676	358226
1142	37711	358213
1143	37746	358196
1144	37781	358179
1145	37815	358158
1146	37848	358127
1147	37882	358100
1148	37916	358073
1149	37949	358049
1150	37982	358016
1151	38017	357994
1152	38051	357978
1153	38086	357960
1154	38120	357931
1155	38154	357909
1156	38187	357882
1157	38222	357869
1158	38256	357842
1159	38291	357822
1160	38324	357793
1161	38358	357768
1162	38392	357744
1163	38426	357720
1164	38460	357695
1165	38493	357670
1166	38528	357647
1167	38562	357623
1168	38595	357596
1169	38631	357585
1170	38664	357556
1171	38697	357521
1172	38732	357511
1173	38767	357491
1174	38801	357466
1175	38835	357441
1176	38868	357414
1177	38902	357383
1178	38934	357345
1179	38968	357318
1180	39002	357294
1181	39035	357261
1182	39068	357232
1183	39102	357204
1184	39137	357188
1185	39170	357155
1186	39203	357124
1187	39236	357090
1188	39269	357062
1189	39303	357037
1190	39336	356999
1191	39371	356981
1192	39404	356955
1193	39438	356926
1194	39470	356889
1195	39504	356859
1196	39525	356724
1197	39556	356673
1198	39591	356657
1199	39625	356627
1200	39660	356612
1201	39694	356587
1202	39728	356562
1203	39762	356538
1204	39796	356519
1205	39830	356491
1206	39864	356469
1207	39896	356429
1208	39931	356408
1209	39965	356383
1210	39998	356354
1211	40031	356318
1212	40063	356275
1213	40096	356246
1214	40130	356221
1215	40165	356203
1216	40238	356521
1217	40273	356509
1218	40308	356492
1219	40343	356474
1220	40380	356481
1221	40415	356466
1222	40452	356461
1223	40485	356433
1224	40518	356400
1225	40553	356382
1226	40587	356358
1227	40621	356334
1228	40657	356327
1229	40693	356315
1230	40727	356295
1231	40762	356271
1232	40795	356241
1233	40829	356219
1234	40863	356191
1235	40897	356169
1236	40931	356144
1237	40965	356112
1238	40999	356086
1239	41033	356064
1240	41067	356039
1241	41101	356011
1242	41133	355973
1243	41166	355941
1244	41200	355915
1245	41234	355883
1246	41267	355857
1247	41301	355828
1248	41336	355810
1249	41369	355780
1250	41404	355758
1251	41439	355742
1252	41472	355713
1253	41506	355682
1254	41539	355647
1255	41570	355604
1256	41604	355576
1257	41637	355539
1258	41671	355516
1259	41705	355487
1260	41738	355460
1261	41773	355440
1262	41808	355423
1263	41841	355388
1264	41875	355359
1265	41910	355345
1266	41945	355325
1267	41977	355288
1268	42009	355245
1269	42043	355216
1270	42076	355181
1271	42110	355155
1272	42143	355126
1273	42176	355088
1274	42209	355056
1275	42243	355034
1276	42277	355007
1277	42311	354983
1278	42345	354954
1279	42379	354931
1280	42413	354901
1281	42447	354876
1282	42481	354848
1283	42514	354818
1284	42548	354791
1285	42583	354777
1286	42618	354754
1287	42651	354726
1288	42688	354721
1289	42724	354709
1290	42760	354699
1291	42795	354684
1292	42829	354658
1293	42866	354661
1294	42904	354663
1295	42939	354650
1296	42973	354623
1297	43007	354594
1298	43040	354565
1299	43074	354532
1300	43109	354516
1301	43143	354490
1302	43177	354466
1303	43212	354448
1304	43246	354419
1305	43280	354397
1306	43311	354347
1307	43349	354354
1308	43384	354335
1309	43418	354309
1310	43446	354232
1311	43478	354190
1312	43512	354167
1313	43546	354135
1314	43580	354108
1315	43613	354080
1316	43647	354052
1317	43681	354024
1318	43716	354003
1319	43748	353967
1320	43780	353920
1321	43813	353886
1322	43848	353866
1323	43881	353839
1324	43915	353813
1325	43951	353802
1326	43986	353781
1327	44020	353752
1328	44053	353720
1329	44086	353682
1330	44119	353649
1331	44152	353616
1332	44185	353582
1333	44218	353552
1334	44252	353520
1335	44285	353490
1336	44317	353447
1337	44352	353426
1338	44386	353401
1339	44420	353371
1340	44453	353337
1341	44486	353305
1342	44520	353279
1343	44553	353242
1344	44587	353219
1345	44623	353209
1346	44658	353189
1347	44692	353165
1348	44728	353152
1349	44763	353135
1350	44799	353120
1351	44833	353100
1352	44866	353065
1353	44901	353040
1354	44934	353011
1355	44969	352986
1356	45002	352954
1357	45035	352923
1358	45068	352889
1359	45102	352860
1360	45136	352833
1361	45171	352815
1362	45206	352793
1363	45238	352757
1364	45273	352737
1365	45307	352707
1366	45341	352684
1367	45375	352655
1368	45410	352633
1369	45445	352615
1370	45478	352583
1371	45511	352550
1372	45554	352588
1373	45588	352562
1374	45622	352536
1375	45656	352507
1376	45689	352475
1377	45724	352455
1378	45757	352426
1379	45791	352393
1380	45824	352359
1381	45858	352331
1382	45891	352297
1383	45925	352271
1384	45958	352239
1385	45992	352210
1386	46025	352173
1387	46058	352144
1388	46092	352112
1389	46129	352113
1390	46168	352119
1391	46203	352098
1392	46236	352064
1393	46270	352042
1394	46302	352001
1395	46336	351969
1396	46368	351930
1397	46402	351902
1398	46437	351885
1399	46473	351871
1400	46508	351849
1401	46543	351830
1402	46578	351815
1403	46613	351794
1404	46648	351773
1405	46682	351744
1406	46717	351728
1407	46751	351697
1408	46784	351667
1409	46819	351646
1410	46854	351625
1411	46889	351604
1412	46923	351577
1413	46958	351557
1414	46992	351534
1415	47027	351512
1416	47062	351490
1417	47096	351464
1418	47131	351444
1419	47166	351420
1420	47200	351396
1421	47235	351375
1422	47269	351349
1423	47303	351317
1424	47331	351247
1425	47364	351216
1426	47399	351194
1427	47411	351003
1428	47443	350961
1429	47477	350935
1430	47511	350906
1431	47545	350881
1432	47580	350861
1433	47614	350832
1434	47648	350807
1435	47683	350786
1436	47717	350758
1437	47752	350736
1438	47787	350714
1439	47821	350688
1440	47857	350674
1441	47897	350694
1442	47930	350659
1443	47966	350645
1444	48003	350637
1445	48036	350609
1446	48071	350589
1447	48107	350572
1448	48142	350553
1449	48178	350537
1450	48213	350521
1451	48247	350492
1452	48282	350468
1453	48316	350444
1454	48351	350422
1455	48386	350406
1456	48422	350391
1457	48457	350372
1458	48486	350308
1459	48521	350288
1460	48557	350270
1461	48593	350257
1462	48629	350247
1463	48674	350294
1464	48712	350294
1465	48749	350287
1466	48791	350323
1467	48827	350305
1468	48863	350290
1469	48900	350286
1470	48935	350268
1471	48972	350258
1472	49008	350248
1473	49052	350292
1474	49089	350283
1475	49127	350281
1476	49163	350271
1477	49198	350249
1478	49233	350228
1479	49268	350208
1480	49305	350202
1481	49343	350197
1482	49378	350180
1483	49415	350167
1484	49450	350149
1485	49487	350142
1486	49524	350137
1487	49560	350120
1488	49597	350116
1489	49637	350130
1490	49673	350114
1491	49716	350150
1492	49754	350145
1493	49790	350134
1494	49827	350122
1495	49862	350104
1496	49898	350086
1497	49935	350084
1498	49970	350063
1499	50006	350048
1500	50042	350028
1501	50077	350006
1502	50112	349988
1503	50148	349973
1504	50184	349959
1505	50221	349947
1506	50256	349929
1507	50285	349861
1508	50319	349834
1509	50354	349815
1510	50389	349793
1511	50424	349772
1512	50460	349751
1513	50494	349727
1514	50531	349716
1515	50567	349701
1516	50602	349683
1517	50638	349667
1518	50672	349637
1519	50705	349603
1520	50741	349585
1521	50776	349563
1522	50811	349540
1523	50846	349518
1524	50882	349503
1525	50919	349495
1526	50954	349476
1527	50989	349449
1528	51024	349429
1529	51058	349401
1530	51093	349377
1531	51128	349356
1532	51162	349325
1533	51195	349294
1534	51230	349270
1535	51265	349246
1536	51300	349222
1537	51333	349188
1538	51367	349157
1539	51401	349132
1540	51435	349103
1541	51472	349091
1542	51508	349075
1543	51544	349062
1544	51580	349041
1545	51615	349022
1546	51650	348998
1547	51686	348981
1548	51720	348956
1549	51755	348934
1550	51791	348917
1551	51827	348903
1552	51863	348887
1553	51899	348865
1554	51933	348838
1555	51969	348824
1556	52004	348803
1557	52039	348781
1558	52074	348756
1559	52109	348733
1560	52143	348703
1561	52177	348676
1562	52212	348653
1563	52248	348636
1564	52284	348617
1565	52318	348589
1566	52353	348569
1567	52390	348555
1568	52426	348540
1569	52462	348522
1570	52498	348509
1571	52536	348505
1572	52571	348482
1573	52608	348471
1574	52643	348448
1575	52677	348421
1576	52712	348396
1577	52747	348371
1578	52781	348346
1579	52817	348325
1580	52850	348292
1581	52885	348265
1582	52920	348246
1583	52955	348221
1584	52989	348195
1585	53024	348172
1586	53059	348148
1587	53094	348123
1588	53129	348101
1589	53163	348069
1590	53196	348035
1591	53230	348007
1592	53265	347981
1593	53301	347961
1594	53335	347936
1595	53371	347920
1596	53407	347902
1597	53445	347894
1598	53479	347869
1599	53515	347853
1600	53552	347840
1601	53588	347820
1602	53623	347801
1603	53657	347772
1604	53692	347745
1605	53726	347716
1606	53761	347695
1607	53796	347671
1608	53833	347658
1609	53869	347640
1610	53904	347616
1611	53940	347603
1612	53968	347531
1613	54002	347500
1614	54037	347482
1615	54073	347463
1616	54108	347437
1617	54143	347416
1618	54177	347385
1619	54213	347368
1620	54248	347344
1621	54282	347316
1622	54318	347298
1623	54353	347274
1624	54389	347253
1625	54425	347237
1626	54462	347227
1627	54498	347207
1628	54533	347188
1629	54570	347176
1630	54606	347155
1631	54642	347143
1632	54679	347129
1633	54715	347110
1634	54752	347098
1635	54788	347084
1636	54826	347077
1637	54862	347063
1638	54886	346965
1639	54921	346945
1640	54960	346941
1641	54996	346928
1642	55031	346902
1643	55067	346882
1644	55102	346863
1645	55138	346844
1646	55174	346824
1647	55208	346793
1648	55242	346765
1649	55277	346740
1650	55313	346719
1651	55348	346698
1652	55384	346681
1653	55418	346651
1654	55454	346629
1655	55489	346609
1656	55525	346589
1657	55561	346569
1658	55596	346548
1659	55631	346522
1660	55668	346511
1661	55702	346484
1662	55737	346459
1663	55774	346442
1664	55809	346419
1665	55844	346395
1666	55877	346360
1667	55912	346332
1668	55945	346301
1669	55979	346268
1670	56014	346241
1671	56050	346224
1672	56086	346204
1673	56121	346185
1674	56159	346175
1675	56194	346150
1676	56229	346126
1677	56263	346096
1678	56298	346072
1679	56332	346040
1680	56367	346015
1681	56400	345981
1682	56434	345952
1683	56468	345919
1684	56504	345902
1685	56538	345871
1686	56574	345849
1687	56609	345827
1688	56644	345802
1689	56679	345777
1690	56715	345758
1691	56749	345729
1692	56783	345697
1693	56817	345667
1694	56853	345648
1695	56890	345634
1696	56925	345609
1697	56959	345578
1698	56993	345551
1699	57030	345536
1700	57065	345510
1701	57100	345490
1702	57138	345479
1703	57172	345452
1704	57208	345430
1705	57244	345413
1706	57280	345395
1707	57314	345364
1708	57350	345342
1709	57384	345315
1710	57419	345290
1711	57455	345268
1712	57489	345241
1713	57524	345214
1714	57559	345191
1715	57595	345167
1716	57631	345154
1717	57667	345130
1718	57702	345105
1719	57738	345089
1720	57758	344972
1721	57792	344944
1722	57827	344920
1723	57864	344902
1724	57900	344885
1725	57937	344869
1726	57976	344868
1727	58010	344840
1728	58047	344828
1729	58084	344815
1730	58119	344785
1731	58155	344769
1732	58191	344752
1733	58226	344726
1734	58261	344700
1735	58297	344681
1736	58332	344653
1737	58378	344693
1738	58416	344686
1739	58453	344675
1740	58497	344702
1741	58534	344690
1742	58574	344690
1743	58613	344687
1744	58650	344674
1745	58686	344654
1746	58720	344627
1747	58755	344601
1748	58790	344576
1749	58826	344554
1750	58865	344551
1751	58905	344555
1752	58946	344565
1753	58983	344555
1754	59041	344658
1755	59083	344676
1756	59126	344697
1757	59168	344714
1758	59215	344758
1759	59271	344849
1760	59319	344902
1761	59366	344946
1762	59409	344968
1763	59458	345019
1764	59505	345067
1765	59550	345096
1766	59595	345127
1767	59642	345171
1768	59688	345206
1769	59734	345245
1770	59786	345313
1771	59834	345363
1772	59884	345423
1773	59932	345471
1774	59979	345517
1775	60029	345573
1776	60076	345619
1777	60124	345663
1778	60213	345950
1779	60272	346056
1780	60319	346101
1781	60364	346128
1782	60407	346150
1783	60452	346179
1784	60500	346228
1785	60561	346344
1786	60607	346381
1787	60656	346433
1788	60697	346441
1789	60740	346457
1790	60783	346474
1791	60824	346483
1792	60867	346501
1793	60906	346494
1794	60944	346482
1795	60982	346475
1796	61022	346475
1797	61061	346469
1798	61103	346479
1799	61139	346454
1800	61180	346460
1801	61218	346449
1802	61254	346430
1803	61291	346410
1804	61327	346388
1805	61373	346422
1806	61408	346397
1807	61446	346384
1808	61483	346367
1809	61519	346343
1810	61557	346330
1811	61593	346309
1812	61629	346285
1813	61664	346258
1814	61700	346234
1815	61736	346211
1816	61772	346191
1817	61809	346176
1818	61850	346181
1819	61896	346210
1820	61938	346222
1821	61979	346226
1822	62021	346237
1823	62062	346246
1824	62103	346247
1825	62140	346232
1826	62177	346216
1827	62218	346215
1828	62258	346215
1829	62293	346190
1830	62331	346176
1831	62367	346154
1832	62404	346137
1833	62442	346120
1834	62479	346104
1835	62515	346082
1836	62560	346109
1837	62602	346119
1838	62640	346104
1839	62677	346086
1840	62713	346064
1841	62750	346045
1842	62786	346021
1843	62821	345994
1844	62858	345979
1845	62899	345978
1846	62940	345987
1847	62978	345973
1848	63015	345952
1849	63053	345943
1850	63090	345923
1851	63126	345901
1852	63160	345867
1853	63195	345836
1854	63230	345809
1855	63266	345784
1856	63302	345760
1857	63339	345741
1858	63374	345715
1859	63411	345694
1860	63447	345671
1861	63483	345646
1862	63519	345623
1863	63554	345593
1864	63588	345560
1865	63623	345530
1866	63658	345503
1867	63694	345477
1868	63735	345481
1869	63772	345460
1870	63806	345427
1871	63842	345404
1872	63877	345373
1873	63912	345346
1874	63950	345332
1875	63984	345298
1876	64020	345272
1877	64054	345238
1878	64088	345203
1879	64107	345087
1880	64139	345043
1881	64173	345011
1882	64208	344981
1883	64244	344953
1884	64278	344920
1885	64312	344888
1886	64346	344851
1887	64381	344822
1888	64414	344784
1889	64461	344816
1890	64496	344786
1891	64530	344753
1892	64565	344725
1893	64600	344694
1894	64634	344662
1895	64668	344628
1896	64702	344591
1897	64738	344568
1898	64775	344546
1899	64807	344504
1900	64843	344480
1901	64878	344452
1902	64914	344424
1903	64949	344398
1904	64984	344366
1905	65017	344326
1906	65052	344294
1907	65086	344263
1908	65121	344230
1909	65158	344211
1910	65191	344172
1911	65225	344140
1912	65259	344106
1913	65293	344070
1914	65329	344045
1915	65365	344022
1916	65402	344002
1917	65438	343978
1918	65472	343946
1919	65508	343921
1920	65543	343890
1921	65578	343859
1922	65612	343826
1923	65647	343795
1924	65681	343759
1925	65715	343727
1926	65749	343692
1927	65783	343657
1928	65818	343630
1929	65852	343593
1930	65885	343555
1931	65920	343523
1932	65956	343497
1933	65989	343460
1934	66024	343427
1935	66058	343396
1936	66092	343361
1937	66127	343330
1938	66161	343294
1939	66197	343270
1940	66231	343237
1941	66266	343205
1942	66303	343186
1943	66338	343156
1944	66372	343125
1945	66408	343097
1946	66444	343073
1947	66478	343041
1948	66514	343014
1949	66549	342986
1950	66585	342961
1951	66621	342934
1952	66658	342917
1953	66695	342898
1954	66736	342900
1955	66775	342888
1956	66812	342871
1957	66850	342857
1958	66887	342834
1959	66923	342813
1960	66970	342844
1961	67008	342830
1962	67046	342816
1963	67084	342800
1964	67123	342793
1965	67163	342785
1966	67202	342776
1967	67240	342763
1968	67280	342759
1969	67320	342753
1970	67359	342741
1971	67397	342728
1972	67435	342716
1973	67473	342701
1974	67512	342689
1975	67548	342666
1976	67587	342652
1977	67625	342642
1978	67660	342611
1979	67696	342586
1980	67712	342459
1981	67745	342420
1982	67779	342386
1983	67818	342372
1984	67865	342404
1985	67914	342447
1986	67959	342465
1987	67998	342456
1988	68044	342480
1989	68086	342484
1990	68125	342476
1991	68168	342486
1992	68232	342599
1993	68302	342746
1994	68365	342854
1995	68425	342948
1996	68515	343195
1997	68611	343471
1998	68701	343712
1999	68806	344031
2000	68930	344446
2001	69016	344669
2002	69178	345270
2003	69314	345743
2004	69510	346510
2005	69591	346707
2006	69666	346872
2007	69724	346956
2008	69802	347138
2009	69949	347660
2010	70091	348154
2011	70228	348628
2012	70356	349053
2013	70506	349589
2014	70630	350000
2015	70698	350127
2016	70757	350209
2017	70814	350284
2018	70872	350360
2019	70922	350397
2020	70971	350432
2021	71026	350497
2022	71079	350548
2023	71137	350625
2024	71184	350648
2025	71280	350915
2026	71333	350965
2027	71384	351009
2028	71433	351039
2029	71484	351083
2030	71538	351142
2031	71599	351229
2032	71658	351312
2033	71713	351374
2034	71766	351426
2035	71820	351484
2036	71873	351532
2037	71929	351601
2038	71982	351654
2039	72035	351704
2040	72093	351778
2041	72145	351825
2042	72203	351901
2043	72251	351926
2044	72306	351986
2045	72358	352032
2046	72418	352116
2047	72480	352209
2048	72538	352285
2049	72606	352405
2050	72664	352482
2051	72719	352541
2052	72776	352607
2053	72878	352894
2054	72935	352965
2055	72993	353038
2056	73049	353103
2057	73104	353162
2058	73159	353217
2059	73213	353274
2060	73269	353336
2061	73325	353398
2062	73379	353452
2063	73428	353479
2064	73477	353509
2065	73522	353520
2066	73569	353539
2067	73619	353572
2068	73662	353572
2069	73710	353597
2070	73752	353590
2071	73796	353597
2072	73842	353610
2073	73887	353619
2074	73931	353626
2075	73973	353620
2076	74045	353754
2077	74090	353765
2078	74150	353847
2079	74195	353856
2080	74244	353882
2081	74291	353902
2082	74340	353930
2083	74386	353943
2084	74429	353940
2085	74471	353936
2086	74515	353940
2087	74568	353984
2088	74615	354002
2089	74660	354011
2090	74713	354058
2091	74757	354061
2092	74804	354081
2093	74851	354098
2094	74898	354114
2095	75372	356149
2096	75480	356452
2097	75636	356982
2098	75754	357336
2099	75810	357390
2100	75863	357435
2101	75912	357461
2102	75962	357491
2103	76010	357510
2104	76069	357580
2105	76131	357668
2106	76183	357702
2107	76235	357740
2108	76282	357757
2109	76337	357808
2110	76384	357822
2111	76433	357846
2112	76485	357886
2113	76534	357908
2114	76582	357927
2115	76627	357934
2116	76674	357947
2117	76721	357963
2118	76767	357970
2119	76827	358045
2120	76879	358082
2121	76925	358090
2122	76970	358095
2123	77017	358111
2124	77538	360325
2125	77777	361230
2126	77890	361549
2127	77948	361612
2128	78008	361680
2129	78071	361765
2130	78122	361797
2131	78175	361835
2132	78227	361872
2133	78281	361912
2134	78331	361937
2135	78385	361980
2136	78432	361994
2137	78479	362004
2138	78531	362039
2139	78583	362069
2140	78636	362110
2141	78688	362144
2142	78742	362184
2143	78788	362190
2144	78836	362208
2145	78881	362209
2146	78932	362237
2147	78981	362255
2148	79026	362257
2149	79073	362267
2150	79119	362273
2151	79165	362278
2152	79210	362276
2153	79252	362266
2154	79298	362268
2155	79339	362251
2156	79392	362292
2157	79444	362322
2158	79491	362331
2159	79534	362324
2160	79575	362304
2161	79617	362293
2162	79659	362280
2163	79702	362272
2164	79745	362261
2165	79784	362234
2166	79825	362215
2167	79867	362203
2168	79911	362199
2169	79951	362178
2170	79993	362161
2171	80036	362155
2172	80074	362123
2173	80112	362088
2174	80146	362040
2175	80182	362002
2176	80220	361970
2177	80257	361932
2178	80294	361895
2179	80331	361858
2180	80369	361826
2181	80406	361791
2182	80443	361756
2183	80480	361721
2184	80520	361696
2185	80556	361658
2186	80593	361621
2187	80629	361581
2188	80666	361542
2189	80702	361501
2190	80738	361462
2191	80776	361431
2192	80821	361428
2193	80868	361438
2194	80904	361397
2195	80943	361371
2196	80982	361343
2197	81023	361323
2198	81060	361288
2199	81097	361251
2200	81135	361220
2201	81174	361191
2202	81211	361156
2203	81250	361131
2204	81288	361098
2205	81326	361065
2206	81379	361099
2207	81415	361062
2208	81457	361046
2209	81507	361066
2210	81553	361071
2211	81591	361040
2212	81631	361014
2213	81670	360989
2214	81709	360962
2215	81752	360949
2216	81791	360924
2217	81831	360898
2218	81870	360872
2219	81926	360919
2220	81967	360900
2221	82007	360875
2222	82048	360859
2223	82088	360835
2224	82128	360812
2225	82168	360787
2226	82219	360814
2227	82261	360798
2228	82299	360764
2229	82335	360725
2230	82375	360700
2231	82415	360677
2232	82455	360653
2233	82494	360626
2234	82534	360604
2235	82577	360591
2236	82614	360557
2237	82651	360519
2238	82690	360490
2239	82729	360462
2240	82768	360435
2241	82811	360425
2242	82880	360529
2243	82929	360542
2244	82963	360494
2245	83004	360474
2246	83049	360472
2247	83097	360483
2248	83207	360763
2249	83430	361530
2250	83588	362019
2251	83730	362435
2252	83860	362798
2253	84086	363580
2254	84242	364053
2255	84496	364952
2256	84711	365680
2257	84864	366141
2258	85032	366668
2259	85118	366836
2260	85208	367026
2261	85288	367170
2262	85367	367309
2263	85436	367407
2264	85509	367519
2265	85563	367553
2266	85611	367560
2267	85660	367568
2268	85706	367566
2269	85752	367563
2270	85795	367548
2271	85835	367522
2272	85876	367497
2273	85920	367484
2274	85968	367489
2275	86009	367467
2276	86050	367445
2277	86093	367426
2278	86133	367400
2279	86172	367367
2280	86209	367325
2281	86247	367290
2282	86287	367258
2283	86324	367218
2284	86361	367179
2285	86399	367142
2286	86436	367100
2287	86476	367070
2288	86514	367035
2289	86554	367006
2290	86590	366960
2291	86628	366922
2292	86663	366872
2293	86699	366826
2294	86735	366784
2295	86770	366733
2296	86805	366685
2297	86841	366640
2298	86876	366589
2299	86912	366542
2300	86948	366499
2301	86986	366460
2302	87021	366413
2303	87058	366370
2304	87094	366324
2305	87130	366280
2306	87167	366239
2307	87203	366195
2308	87239	366149
2309	87274	366099
2310	87309	366050
2311	87345	366006
2312	87382	365962
2313	87417	365912
2314	87452	365864
2315	87488	365818
2316	87523	365769
2317	87566	365755
2318	87602	365709
2319	87638	365664
2320	87674	365618
2321	87710	365574
2322	87749	365539
2323	87783	365487
2324	87819	365442
2325	87853	365389
2326	87893	365361
2327	87930	365319
2328	87968	365282
2329	88007	365248
2330	88049	365231
2331	88086	365188
2332	88124	365153
2333	88164	365124
2334	88203	365091
2335	88240	365050
2336	88281	365023
2337	88317	364982
2338	88354	364937
2339	88400	364936
2340	88440	364908
2341	88480	364878
2342	88520	364847
2343	88556	364804
2344	88594	364766
2345	88631	364728
2346	88669	364687
2347	88705	364644
2348	88742	364602
2349	88778	364557
2350	88815	364516
2351	88852	364475
2352	88891	364445
2353	88928	364404
2354	88966	364365
2355	89006	364338
2356	89050	364325
2357	89089	364293
2358	89130	364268
2359	89174	364256
2360	89213	364220
2361	89246	364165
2362	89282	364118
2363	89319	364078
2364	89356	364037
2365	89394	364000
2366	89430	363956
2367	89467	363913
2368	89504	363873
2369	89541	363831
2370	89577	363789
2371	89613	363743
2372	89647	363691
2373	89681	363638
2374	89716	363589
2375	89752	363544
2376	89788	363497
2377	89822	363443
2378	89857	363395
2379	89893	363351
2380	89929	363304
2381	89964	363258
2382	90001	363218
2383	90037	363171
2384	90073	363126
2385	90108	363079
2386	90143	363029
2387	90180	362986
2388	90216	362941
2389	90250	362890
2390	90286	362844
2391	90321	362795
2392	90364	362777
2393	90399	362729
2394	90435	362685
2395	90477	362666
2396	90512	362617
2397	90549	362575
2398	90584	362528
2399	90619	362477
2400	90653	362426
2401	90688	362377
2402	90724	362332
2403	90759	362283
2404	90795	362236
2405	90828	362183
2406	90863	362134
2407	90898	362084
2408	90933	362033
2409	90966	361980
2410	91003	361939
2411	91038	361891
2412	91073	361839
2413	91106	361784
2414	91141	361733
2415	91177	361691
2416	91212	361643
2417	91246	361589
2418	91281	361542
2419	91315	361487
2420	91348	361434
2421	91383	361385
2422	91418	361335
2423	91452	361284
2424	91487	361235
2425	91522	361185
2426	91558	361142
2427	91595	361099
2428	91630	361051
2429	91664	361000
2430	91700	360955
2431	91735	360906
2432	91770	360856
2433	91804	360806
2434	91840	360761
2435	91875	360715
2436	91911	360670
2437	91945	360617
2438	91980	360567
2439	92016	360523
2440	92049	360467
2441	92085	360421
2442	92120	360374
2443	92155	360325
2444	92190	360277
2445	92224	360225
2446	92260	360179
2447	92294	360128
2448	92329	360079
2449	92364	360031
2450	92400	359988
2451	92436	359945
2452	92471	359896
2453	92506	359849
2454	92541	359798
2455	92575	359747
2456	92610	359700
2457	92645	359653
2458	92680	359604
2459	92715	359553
2460	92750	359505
2461	92784	359455
2462	92818	359403
2463	92853	359353
2464	92887	359304
2465	92923	359259
2466	92958	359210
2467	92992	359157
2468	93027	359110
2469	93064	359068
2470	93098	359018
2471	93133	358969
2472	93168	358924
2473	93204	358877
2474	93239	358831
2475	93274	358783
2476	93310	358737
2477	93345	358688
2478	93380	358642
2479	93417	358600
2480	93454	358562
2481	93487	358508
2482	93522	358458
2483	93557	358411
2484	93593	358365
2485	93627	358316
2486	93662	358267
2487	93696	358216
2488	93731	358168
2489	93767	358122
2490	93803	358079
2491	93839	358034
2492	93875	357992
2493	93912	357950
2494	93949	357910
2495	93987	357873
2496	94022	357827
2497	94058	357784
2498	94095	357744
2499	94129	357691
2500	94163	357641
2501	94198	357592
2502	94233	357545
2503	94267	357495
2504	94302	357446
2505	94340	357408
2506	94375	357363
2507	94409	357312
2508	94444	357262
2509	94479	357216
2510	94513	357163
2511	94548	357115
2512	94586	357078
2513	94622	357037
2514	94658	356993
2515	94692	356941
2516	94727	356894
2517	94763	356851
2518	94798	356803
2519	94834	356757
2520	94869	356710
2521	94903	356660
2522	94938	356611
2523	94972	356561
2524	95007	356514
2525	95043	356467
2526	95078	356421
2527	95112	356372
2528	95147	356324
2529	95180	356270
2530	95215	356220
2531	95249	356170
2532	95283	356119
2533	95317	356069
2534	95353	356022
2535	95390	355985
2536	95425	355935
2537	95458	355882
2538	95492	355831
2539	95529	355789
2540	95565	355747
2541	95604	355713
2542	95638	355662
2543	95673	355618
2544	95708	355568
2545	95741	355513
2546	95774	355461
2547	95808	355408
2548	95843	355361
2549	95876	355306
2550	95910	355257
2551	95946	355211
2552	95980	355163
2553	96013	355108
2554	96048	355060
2555	96085	355021
2556	96123	354982
2557	96156	354928
2558	96189	354876
2559	96224	354829
2560	96260	354784
2561	96297	354743
2562	96333	354700
2563	96369	354659
2564	96407	354622
2565	96442	354573
2566	96478	354530
2567	96513	354484
2568	96548	354437
2569	96584	354393
2570	96620	354348
2571	96654	354299
2572	96690	354255
2573	96726	354212
2574	96761	354165
2575	96795	354114
2576	96828	354061
2577	96864	354018
2578	96901	353977
2579	96936	353929
2580	96970	353881
2581	97006	353836
2582	97040	353786
2583	97074	353736
2584	97108	353686
2585	97144	353643
2586	97179	353593
2587	97214	353548
2588	97248	353498
2589	97284	353453
2590	97319	353408
2591	97354	353361
2592	97390	353318
2593	97406	353201
2594	97438	353144
2595	97474	353100
2596	97509	353055
2597	97544	353006
2598	97578	352957
2599	97613	352910
2600	97650	352870
2601	97687	352832
2602	97722	352785
2603	97763	352759
2604	97806	352741
2605	97844	352707
2606	97887	352686
2607	97927	352659
2608	97968	352633
2609	98039	352715
2610	98164	352992
2611	98288	353265
2612	98404	353510
2613	98505	353699
2614	98615	353921
2615	98706	354077
2616	98849	354415
2617	98947	354595
2618	99061	354828
2619	99176	355067
2620	99233	355098
2621	99283	355104
2622	99333	355108
2623	99396	355161
2624	99442	355151
2625	99491	355153
2626	99537	355143
2627	99588	355155
2628	99637	355155
2629	99680	355133
2630	99721	355107
2631	99759	355071
2632	99800	355045
2633	99842	355021
2634	99881	354987
2635	99922	354958
2636	99960	354922
2637	99999	354889
2638	100056	354916
2639	100094	354881
2640	100135	354852
2641	100172	354812
2642	100209	354771
2643	100246	354731
2644	100284	354690
2645	100320	354646
2646	100357	354607
2647	100395	354569
2648	100432	354528
2649	100469	354486
2650	100506	354444
2651	100541	354397
2652	100579	354358
2653	100615	354316
2654	100652	354274
2655	100686	354224
2656	100722	354176
2657	100756	354125
2658	100791	354079
2659	100825	354026
2660	100863	353988
2661	100899	353945
2662	100934	353895
2663	100970	353851
2664	101005	353804
2665	101040	353756
2666	101075	353707
2667	101110	353659
2668	101145	353612
2669	101181	353566
2670	101216	353518
2671	101247	353457
2672	101283	353411
2673	101315	353354
2674	101350	353305
2675	101384	353255
2676	101419	353206
2677	101454	353159
2678	101488	353108
2679	101523	353061
2680	101560	353017
2681	101599	352984
2682	101634	352938
2683	101670	352892
2684	101706	352846
2685	101740	352797
2686	101775	352749
2687	101809	352695
2688	101845	352653
2689	101882	352611
2690	101917	352565
2691	101953	352519
2692	101986	352466
2693	102019	352411
2694	102053	352359
2695	102088	352311
2696	102122	352258
2697	102155	352203
2698	102188	352150
2699	102222	352099
2700	102257	352052
2701	102290	351998
2702	102324	351947
2703	102358	351896
2704	102393	351848
2705	102428	351800
2706	102463	351751
2707	102497	351700
2708	102530	351647
2709	102564	351594
2710	102599	351549
2711	102635	351504
2712	102670	351454
2713	102704	351404
2714	102737	351352
2715	102771	351298
2716	102805	351249
2717	102840	351200
2718	102875	351152
2719	102907	351097
2720	102941	351043
2721	102977	351000
2722	103011	350949
2723	103044	350897
2724	103080	350850
2725	103114	350799
2726	103148	350750
2727	103185	350708
2728	103219	350659
2729	103253	350609
2730	103289	350562
2731	103324	350515
2732	103358	350466
2733	103395	350424
2734	103429	350372
2735	103462	350320
2736	103497	350274
2737	103531	350222
2738	103564	350167
2739	103600	350123
2740	103634	350074
2741	103668	350023
2742	103703	349976
2743	103738	349927
2744	103772	349877
2745	103806	349826
2746	103841	349781
2747	103877	349736
2748	103911	349684
2749	103946	349636
2750	103978	349582
2751	104011	349527
2752	104046	349481
2753	104081	349433
2754	104118	349391
2755	104158	349362
2756	104199	349335
2757	104239	349303
2758	104282	349284
2759	104326	349268
2760	104370	349250
2761	104384	349130
2762	104418	349082
2763	104455	349040
2764	104492	349000
2765	104528	348956
2766	104563	348909
2767	104598	348864
2768	104634	348820
2769	104670	348775
2770	104705	348729
2771	104740	348681
2772	104776	348639
2773	104812	348592
2774	104847	348547
2775	104882	348498
2776	104917	348452
2777	104952	348404
2778	104986	348355
2779	105021	348308
2780	105056	348262
2781	105091	348216
2782	105105	348098
2783	105139	348046
2784	105173	347996
2785	105208	347950
2786	105242	347899
2787	105277	347853
2788	105312	347805
2789	105346	347756
2790	105381	347710
2791	105419	347671
2792	105454	347624
2793	105488	347576
2794	105524	347531
2795	105560	347488
2796	105595	347441
2797	105631	347398
2798	105667	347353
2799	105703	347312
2800	105742	347278
2801	105779	347237
2802	105815	347193
2803	105851	347151
2804	105889	347112
2805	105926	347072
2806	105963	347034
2807	106000	346993
2808	106043	346971
2809	106078	346925
2810	106114	346881
2811	106150	346838
2812	106189	346804
2813	106225	346762
2814	106261	346716
2815	106296	346671
2816	106332	346629
2817	106369	346587
2818	106404	346540
2819	106442	346505
2820	106478	346459
2821	106513	346415
2822	106549	346370
2823	106585	346325
2824	106619	346278
2825	106654	346230
2826	106666	346108
2827	106699	346056
2828	106737	346019
2829	106773	345975
2830	106807	345926
2831	106842	345879
2832	106877	345834
2833	106912	345787
2834	106949	345747
2835	106984	345700
2836	107018	345651
2837	107053	345603
2838	107088	345558
2839	107123	345509
2840	107155	345454
2841	107189	345406
2842	107226	345366
2843	107262	345321
2844	107296	345272
2845	107332	345229
2846	107367	345181
2847	107399	345127
2848	107436	345087
2849	107470	345035
2850	107504	344986
2851	107539	344939
2852	107574	344893
2853	107606	344839
2854	107641	344792
2855	107676	344745
2856	107716	344716
2857	107756	344683
2858	107796	344653
2859	107832	344613
2860	107868	344569
2861	107904	344525
2862	107939	344479
2863	107974	344431
2864	108008	344383
2865	108043	344337
2866	108079	344293
2867	108115	344249
2868	108150	344203
2869	108184	344156
2870	108223	344120
2871	108259	344077
2872	108295	344034
2873	108329	343986
2874	108365	343941
2875	108399	343894
2876	108436	343852
2877	108473	343813
2878	108506	343761
2879	108540	343710
2880	108573	343660
2881	108610	343617
2882	108645	343574
2883	108681	343528
2884	108715	343479
2885	108751	343437
2886	108786	343391
2887	108822	343349
2888	108856	343300
2889	108892	343255
2890	108927	343210
2891	108962	343163
2892	108996	343114
2893	109030	343067
2894	109066	343021
2895	109101	342975
2896	109135	342926
2897	109169	342878
2898	109204	342831
2899	109240	342787
2900	109275	342742
2901	109310	342697
2902	109344	342648
2903	109379	342603
2904	109415	342558
2905	109451	342516
2906	109486	342469
2907	109521	342424
2908	109556	342376
2909	109592	342336
2910	109626	342287
2911	109660	342238
2912	109695	342192
2913	109731	342147
2914	109765	342100
2915	109799	342050
2916	109834	342004
2917	109869	341958
2918	109903	341908
2919	109937	341859
2920	109975	341823
2921	110009	341774
2922	110045	341731
2923	110079	341682
2924	110114	341637
2925	110150	341593
2926	110185	341549
2927	110220	341502
2928	110257	341462
2929	110293	341419
2930	110328	341374
2931	110364	341331
2932	110399	341286
2933	110435	341241
2934	110470	341198
2935	110505	341151
2936	110540	341105
2937	110574	341057
2938	110609	341012
2939	110644	340966
2940	110678	340917
2941	110713	340869
2942	110750	340833
2943	110786	340788
2944	110830	340770
2945	110864	340720
2946	110898	340672
2947	110926	340605
2948	110961	340560
2949	110997	340518
2950	111032	340473
2951	111068	340429
2952	111101	340378
2953	111137	340335
2954	111175	340299
2955	111211	340256
2956	111248	340216
2957	111283	340169
2958	111318	340123
2959	111351	340074
2960	111386	340028
2961	111421	339982
2962	111456	339935
2963	111492	339893
2964	111528	339851
2965	111564	339810
2966	111598	339761
2967	111635	339720
2968	111670	339674
2969	111706	339632
2970	111742	339589
2971	111783	339561
2972	111820	339523
2973	111856	339482
2974	111894	339443
2975	111930	339402
2976	111967	339362
2977	112007	339332
2978	112048	339304
2979	112088	339274
2980	112135	339265
2981	112174	339230
2982	112213	339199
2983	112255	339174
2984	112293	339139
2985	112331	339099
2986	112368	339062
2987	112403	339016
2988	112440	338976
2989	112475	338932
2990	112513	338893
2991	112549	338852
2992	112586	338811
2993	112622	338771
2994	112680	338794
2995	112722	338769
2996	112760	338732
2997	112795	338688
2998	112832	338648
2999	112870	338612
3000	112908	338575
3001	112946	338538
3002	112988	338514
3003	113029	338485
3004	113069	338456
3005	113106	338417
3006	113149	338395
3007	113197	338388
3008	113243	338375
3009	113535	339098
3010	113663	339328
3011	113827	339667
3012	113967	339934
3013	114367	340977
3014	114437	341036
3015	114502	341079
3016	114565	341114
3017	114629	341153
3018	114685	341169
3019	114740	341183
3020	114795	341195
3021	114850	341208
3022	114908	341228
3023	114961	341236
3024	115008	341224
3025	115059	341225
3026	115105	341210
3027	115151	341196
3028	115197	341182
3029	115246	341175
3030	115292	341161
3031	115336	341139
3032	115386	341137
3033	115481	341267
3034	115537	341283
3035	115588	341282
3036	115634	341268
3037	115683	341262
3038	115732	341257
3039	115781	341249
3040	115831	341247
3041	115880	341241
3042	115922	341214
3043	115961	341178
3044	116000	341143
3045	116038	341104
3046	116076	341066
3047	116114	341028
3048	116155	340998
3049	116193	340961
3050	116231	340922
3051	116269	340883
3052	116305	340838
3053	116342	340798
3054	116378	340754
3055	116415	340712
3056	116452	340671
3057	116489	340630
3058	116525	340587
3059	116561	340543
3060	116597	340498
3061	116633	340453
3062	116670	340413
3063	116706	340368
3064	116741	340321
3065	116776	340275
3066	116812	340229
3067	116846	340180
3068	116881	340133
3069	116916	340085
3070	116951	340040
3071	116986	339992
3072	117021	339946
3073	117058	339903
3074	117091	339851
3075	117125	339799
3076	117161	339757
3077	117197	339713
3078	117233	339668
3079	117266	339617
3080	117302	339570
3081	117337	339525
3082	117371	339476
3083	117406	339429
3084	117440	339379
3085	117474	339329
3086	117510	339284
3087	117545	339236
3088	117581	339192
3089	117615	339143
3090	117650	339096
3091	117684	339047
3092	117718	338997
3093	117753	338951
3094	117787	338900
3095	117821	338851
3096	117856	338804
3097	117891	338756
3098	117926	338710
3099	117961	338663
3100	117996	338616
3101	118032	338573
3102	118068	338529
3103	118104	338484
3104	118139	338439
3105	118174	338392
3106	118210	338347
3107	118247	338306
3108	118283	338263
3109	118321	338223
3110	118366	338206
3111	118402	338162
3112	118437	338116
3113	118474	338075
3114	118511	338033
3115	118546	337987
3116	118581	337941
3117	118617	337896
3118	118653	337852
3119	118689	337807
3120	118725	337763
3121	118760	337718
3122	118799	337681
3123	118837	337643
3124	118874	337603
3125	118910	337559
3126	118946	337514
3127	118982	337471
3128	119019	337431
3129	119055	337386
3130	119090	337340
3131	119124	337292
3132	119164	337257
3133	119203	337223
3134	119244	337192
3135	119280	337150
3136	119314	337101
3137	119350	337056
3138	119385	337009
3139	119420	336964
3140	119457	336923
3141	119495	336883
3142	119532	336842
3143	119569	336802
3144	119605	336759
3145	119641	336714
3146	119677	336670
3147	119712	336624
3148	119747	336578
3149	119784	336536
3150	119821	336495
3151	119858	336454
3152	119892	336406
3153	119928	336362
3154	119964	336318
3155	119998	336269
3156	120033	336222
3157	120068	336176
3158	120105	336134
3159	120139	336086
3160	120173	336038
3161	120208	335990
3162	120244	335946
3163	120280	335904
3164	120316	335858
3165	120351	335813
3166	120386	335768
3167	120421	335720
3168	120457	335678
3169	120494	335637
3170	120530	335593
3171	120565	335545
3172	120599	335498
3173	120632	335445
3174	120666	335396
3175	120702	335351
3176	120737	335306
3177	120773	335261
3178	120808	335214
3179	120842	335167
3180	120876	335119
3181	120910	335068
3182	120945	335021
3183	120980	334976
3184	121015	334928
3185	121050	334883
3186	121084	334835
3187	121119	334788
3188	121153	334739
3189	121189	334696
3190	121225	334652
3191	121262	334611
3192	121297	334565
3193	121331	334517
3194	121366	334469
3195	121400	334420
3196	121434	334373
3197	121468	334323
3198	121503	334277
3199	121537	334228
3200	121572	334180
3201	121607	334135
3202	121641	334086
3203	121677	334043
3204	121711	333995
3205	121747	333952
3206	121782	333906
3207	121818	333861
3208	121852	333814
3209	121887	333766
3210	121921	333717
3211	121955	333667
3212	121989	333621
3213	122025	333576
3214	122058	333525
3215	122091	333474
3216	122124	333422
3217	122158	333374
3218	122192	333324
3219	122227	333277
3220	122263	333234
3221	122298	333188
3222	122331	333137
3223	122365	333089
3224	122400	333044
3225	122433	332992
3226	122468	332946
3227	122503	332899
3228	122536	332849
3229	122572	332804
3230	122607	332759
3231	122641	332711
3232	122677	332667
3233	122711	332618
3234	122744	332567
3235	122778	332519
3236	122812	332471
3237	122847	332424
3238	122882	332377
3239	122918	332334
3240	122953	332288
3241	122987	332239
3242	123022	332196
3243	123057	332148
3244	123091	332101
3245	123125	332051
3246	123160	332005
3247	123194	331956
3248	123227	331905
3249	123261	331858
3250	123295	331810
3251	123330	331764
3252	123365	331716
3253	123401	331674
3254	123435	331625
3255	123469	331579
3256	123505	331536
3257	123548	331510
3258	123584	331468
3259	123621	331426
3260	123658	331386
3261	123696	331348
3262	123730	331300
3263	123766	331256
3264	123803	331215
3265	123840	331177
3266	123876	331133
3267	123914	331096
3268	123951	331054
3269	123987	331013
3270	124024	330972
3271	124061	330931
3272	124097	330887
3273	124131	330840
3274	124164	330789
3275	124197	330739
3276	124235	330700
3277	124270	330655
3278	124305	330608
3279	124339	330561
3280	124375	330519
3281	124412	330477
3282	124453	330447
3283	124488	330401
3284	124522	330354
3285	124557	330308
3286	124592	330263
3287	124628	330220
3288	124663	330174
3289	124699	330131
3290	124734	330085
3291	124768	330038
3292	124803	329992
3293	124837	329945
3294	124873	329900
3295	124909	329857
3296	124944	329811
3297	124980	329770
3298	125017	329728
3299	125051	329682
3300	125086	329635
3301	125122	329592
3302	125156	329545
3303	125191	329500
3304	125225	329450
3305	125258	329401
3306	125293	329353
3307	125327	329306
3308	125360	329256
3309	125395	329210
3310	125430	329166
3311	125465	329120
3312	125502	329078
3313	125537	329034
3314	125572	328987
3315	125608	328945
3316	125643	328900
3317	125678	328854
3318	125712	328808
3319	125746	328758
3320	125782	328715
3321	125815	328666
3322	125850	328619
3323	125885	328574
3324	125918	328525
3325	125953	328479
3326	125987	328429
3327	126022	328384
3328	126056	328337
3329	126089	328288
3330	126124	328242
3331	126161	328200
3332	126196	328157
3333	126233	328115
3334	126268	328071
3335	126304	328028
3336	126340	327984
3337	126377	327944
3338	126410	327896
3339	126447	327854
3340	126483	327811
3341	126518	327765
3342	126554	327723
3343	126577	327647
3344	126610	327598
3345	126652	327569
3346	126693	327539
3347	126733	327509
3348	126774	327477
3349	126813	327443
3350	126850	327404
3351	126889	327369
3352	126926	327330
3353	126963	327289
3354	127001	327250
3355	127037	327209
3356	127074	327168
3357	127109	327122
3358	127144	327078
3359	127180	327035
3360	127217	326994
3361	127252	326950
3362	127289	326910
3363	127328	326874
3364	127364	326831
3365	127398	326785
3366	127435	326744
3367	127470	326700
3368	127505	326654
3369	127540	326610
3370	127577	326569
3371	127611	326520
3372	127646	326477
3373	127680	326430
3374	127715	326384
3375	127750	326338
3376	127784	326290
3377	127819	326245
3378	127854	326200
3379	127889	326156
3380	127924	326112
3381	127960	326068
3382	127996	326026
3383	128033	325985
3384	128067	325938
3385	128103	325896
3386	128138	325850
3387	128173	325805
3388	128207	325757
3389	128242	325713
3390	128276	325666
3391	128311	325619
3392	128345	325573
3393	128379	325526
3394	128415	325483
3395	128451	325441
3396	128491	325408
3397	128525	325360
3398	128560	325316
3399	128596	325273
3400	128631	325227
3401	128665	325180
3402	128699	325133
3403	128734	325089
3404	128770	325046
3405	128804	324997
3406	128838	324951
3407	128872	324903
3408	128905	324853
3409	128939	324807
3410	128974	324760
3411	129010	324718
3412	129044	324671
3413	129078	324625
3414	129114	324581
3415	129149	324536
3416	129183	324489
3417	129218	324445
3418	129253	324400
3419	129289	324357
3420	129325	324315
3421	129359	324267
3422	129393	324219
3423	129426	324172
3424	129462	324128
3425	129498	324087
3426	129533	324042
3427	129572	324006
3428	129609	323965
3429	129647	323928
3430	129682	323884
3431	129718	323842
3432	129755	323803
3433	129792	323763
3434	129830	323725
3435	129866	323682
3436	129901	323637
3437	129937	323595
3438	129974	323556
3439	130009	323511
3440	130045	323468
3441	130080	323424
3442	130116	323382
3443	130151	323338
3444	130186	323294
3445	130223	323252
3446	130257	323206
3447	130292	323162
3448	130316	323088
3449	130349	323039
3450	130383	322994
3451	130418	322949
3452	130454	322906
3453	130491	322865
3454	130530	322831
3455	130566	322789
3456	130602	322745
3457	130637	322703
3458	130672	322657
3459	130708	322615
3460	130742	322569
3461	130775	322520
3462	130810	322475
3463	130846	322432
3464	130879	322383
3465	130914	322338
3466	130950	322295
3467	130985	322252
3468	131020	322206
3469	131055	322162
3470	131089	322115
3471	131125	322073
3472	131158	322024
3473	131192	321977
3474	131228	321934
3475	131262	321887
3476	131298	321845
3477	131333	321800
3478	131367	321754
3479	131402	321709
3480	131439	321670
3481	131475	321626
3482	131511	321584
3483	131546	321541
3484	131582	321498
3485	131617	321455
3486	131653	321413
3487	131689	321370
3488	131726	321330
3489	131761	321286
3490	131797	321244
3491	131832	321199
3492	131867	321155
3493	131902	321111
3494	131936	321064
3495	131970	321018
3496	132005	320972
3497	132040	320928
3498	132075	320884
3499	132108	320835
3500	132142	320787
3501	132175	320739
3502	132210	320694
3503	132245	320650
3504	132280	320605
3505	132314	320558
3506	132347	320510
3507	132381	320462
3508	132416	320417
3509	132448	320368
3510	132482	320320
3511	132518	320277
3512	132552	320232
3513	132588	320189
3514	132621	320141
3515	132657	320098
3516	132692	320054
3517	132729	320014
3518	132765	319971
3519	132799	319925
3520	132832	319877
3521	132868	319834
3522	132903	319791
3523	132939	319748
3524	132975	319707
3525	133011	319664
3526	133045	319619
3527	133080	319573
3528	133114	319527
3529	133151	319488
3530	133185	319441
3531	133221	319399
3532	133255	319354
3533	133290	319309
3534	133324	319261
3535	133358	319215
3536	133392	319168
3537	133426	319123
3538	133461	319078
3539	133494	319030
3540	133531	318989
3541	133565	318943
3542	133599	318896
3543	133634	318852
3544	133672	318814
3545	133706	318769
3546	133741	318724
3547	133776	318681
3548	133813	318641
3549	133848	318596
3550	133883	318551
3551	133916	318504
3552	133949	318456
3553	133983	318409
3554	134018	318365
3555	134053	318320
3556	134087	318273
3557	134121	318226
3558	134155	318181
3559	134190	318137
3560	134226	318094
3561	134263	318055
3562	134298	318011
3563	134333	317968
3564	134370	317928
3565	134406	317886
3566	134440	317841
3567	134475	317796
3568	134510	317752
3569	134547	317712
3570	134582	317668
3571	134616	317621
3572	134650	317575
3573	134686	317534
3574	134719	317486
3575	134753	317439
3576	134789	317397
3577	134824	317352
3578	134859	317308
3579	134892	317262
3580	134927	317217
3581	134963	317176
3582	134997	317129
3583	135031	317083
3584	135067	317041
3585	135101	316995
3586	135136	316950
3587	135169	316902
3588	135203	316856
3589	135238	316812
3590	135274	316769
3591	135309	316726
3592	135344	316683
3593	135378	316635
3594	135413	316591
3595	135447	316546
3596	135482	316502
3597	135520	316464
3598	135557	316426
3599	135591	316381
3600	135626	316336
3601	135663	316297
3602	135699	316255
3603	135738	316220
3604	135774	316178
3605	135816	316151
3606	135852	316110
3607	135887	316066
3608	135925	316030
3609	135966	315998
3610	136000	315953
3611	136036	315912
3612	136073	315873
3613	136119	315854
3614	136154	315810
3615	136189	315765
3616	136225	315725
3617	136259	315679
3618	136294	315634
3619	136329	315590
3620	136368	315556
3621	136404	315514
3622	136437	315467
3623	136471	315421
3624	136506	315378
3625	136541	315333
3626	136576	315290
3627	136611	315244
3628	136646	315201
3629	136680	315155
3630	136716	315113
3631	136750	315068
3632	136785	315025
3633	136819	314978
3634	136854	314934
3635	136890	314892
3636	136925	314848
3637	136960	314806
3638	136995	314762
3639	137031	314721
3640	137067	314679
3641	137103	314636
3642	137137	314591
3643	137171	314545
3644	137204	314497
3645	137238	314450
3646	137271	314403
3647	137306	314359
3648	137340	314313
3649	137375	314270
3650	137409	314223
3651	137442	314176
3652	137476	314129
3653	137511	314085
3654	137547	314044
3655	137582	314001
3656	137617	313958
3657	137652	313914
3658	137687	313870
3659	137722	313826
3660	137756	313780
3661	137790	313734
3662	137824	313688
3663	137857	313641
3664	137891	313595
3665	137926	313550
3666	137960	313505
3667	137993	313457
3668	138027	313410
3669	138060	313363
3670	138096	313321
3671	138131	313279
3672	138167	313236
3673	138202	313193
3674	138237	313151
3675	138272	313106
3676	138307	313062
3677	138342	313018
3678	138376	312973
3679	138411	312929
3680	138447	312888
3681	138482	312845
3682	138517	312801
3683	138551	312757
3684	138587	312716
3685	138621	312669
3686	138655	312624
3687	138692	312583
3688	138727	312541
3689	138762	312497
3690	138798	312457
3691	138833	312413
3692	138867	312368
3693	138887	312289
3694	138920	312242
3695	138956	312200
3696	138990	312154
3697	139024	312110
3698	139060	312068
3699	139095	312026
3700	139131	311982
3701	139164	311936
3702	139199	311891
3703	139233	311845
3704	139260	311786
3705	139293	311738
3706	139326	311690
3707	139360	311643
3708	139394	311598
3709	139428	311553
3710	139462	311508
3711	139497	311464
3712	139532	311420
3713	139567	311377
3714	139603	311336
3715	139637	311290
3716	139671	311244
3717	139706	311201
3718	139740	311156
3719	139773	311108
3720	139807	311063
3721	139842	311019
3722	139875	310972
3723	139909	310926
3724	139943	310881
3725	139976	310833
3726	140010	310788
3727	140046	310747
3728	140081	310703
3729	140115	310657
3730	140150	310615
3731	140186	310573
3732	140221	310529
3733	140255	310486
3734	140289	310440
3735	140324	310396
3736	140359	310353
3737	140395	310313
3738	140430	310268
3739	140464	310224
3740	140497	310176
3741	140533	310135
3742	140569	310094
3743	140604	310050
3744	140640	310009
3745	140676	309968
3746	140710	309924
3747	140744	309879
3748	140778	309833
3749	140813	309788
3750	140848	309746
3751	140883	309703
3752	140917	309657
3753	140951	309613
3754	140986	309568
3755	141019	309522
3756	141053	309476
3757	141087	309431
3758	141123	309389
3759	141158	309347
3760	141193	309304
3761	141229	309262
3762	141264	309221
3763	141300	309179
3764	141336	309137
3765	141372	309096
3766	141406	309052
3767	141441	309009
3768	141477	308967
3769	141510	308920
3770	141545	308877
3771	141582	308838
3772	141617	308796
3773	141654	308756
3774	141690	308716
3775	141725	308673
3776	141760	308631
3777	141797	308591
3778	141832	308549
3779	141869	308509
3780	141906	308471
3781	141945	308436
3782	141981	308395
3783	142016	308352
3784	142051	308310
3785	142088	308271
3786	142125	308233
3787	142163	308196
3788	142199	308155
3789	142234	308112
3790	142269	308069
3791	142304	308025
3792	142339	307982
3793	142374	307939
3794	142409	307897
3795	142448	307862
3796	142482	307817
3797	142517	307773
3798	142552	307730
3799	142586	307685
3800	142621	307644
3801	142657	307603
3802	142692	307560
3803	142727	307516
3804	142763	307477
3805	142799	307435
3806	142834	307391
3807	142868	307346
3808	142902	307302
3809	142938	307260
3810	142974	307221
3811	143009	307178
3812	143045	307137
3813	143081	307096
3814	143118	307056
3815	143153	307015
3816	143189	306974
3817	143225	306933
3818	143260	306890
3819	143296	306849
3820	143331	306806
3821	143366	306764
3822	143401	306720
3823	143435	306676
3824	143471	306634
3825	143505	306590
3826	143541	306550
3827	143576	306507
3828	143612	306464
3829	143647	306423
3830	143683	306382
3831	143717	306338
3832	143751	306293
3833	143785	306247
3834	143821	306206
3835	143856	306164
3836	143891	306121
3837	143926	306078
3838	143961	306034
3839	143995	305990
3840	144029	305945
3841	144064	305901
3842	144096	305854
3843	144129	305807
3844	144163	305760
3845	144197	305716
3846	144230	305670
3847	144265	305625
3848	144299	305582
3849	144333	305536
3850	144367	305491
3851	144402	305450
3852	144435	305403
3853	144470	305359
3854	144505	305317
3855	144540	305273
3856	144573	305227
3857	144607	305182
3858	144641	305137
3859	144678	305098
3860	144712	305055
3861	144749	305016
3862	144783	304971
3863	144820	304931
3864	144856	304892
3865	144891	304848
3866	144925	304804
3867	144959	304760
3868	144993	304715
3869	145029	304673
3870	145064	304631
3871	145098	304587
3872	145133	304543
3873	145168	304500
3874	145203	304458
3875	145237	304413
3876	145271	304368
3877	145304	304323
3878	145340	304282
3879	145376	304240
3880	145410	304196
3881	145445	304153
3882	145479	304110
3883	145513	304065
3884	145546	304017
3885	145580	303973
3886	145624	303948
3887	145659	303905
3888	145695	303865
3889	145729	303820
3890	145763	303776
3891	145798	303734
3892	145833	303691
3893	145868	303650
3894	145903	303606
3895	145938	303563
3896	145971	303518
3897	146006	303474
3898	146040	303429
3899	146081	303400
3900	146096	303316
3901	146129	303268
3902	146164	303225
3903	146197	303179
3904	146230	303133
3905	146263	303087
3906	146297	303042
3907	146332	302999
3908	146367	302956
3909	146401	302911
3910	146434	302866
3911	146468	302821
3912	146501	302775
3913	146536	302731
3914	146570	302688
3915	146603	302640
3916	146636	302594
3917	146670	302549
3918	146705	302506
3919	146740	302465
3920	146773	302418
3921	146809	302377
3922	146844	302336
3923	146879	302292
3924	146914	302251
3925	146949	302208
3926	146984	302165
3927	147019	302123
3928	147055	302082
3929	147088	302036
3930	147121	301990
3931	147156	301947
3932	147190	301902
3933	147217	301844
3934	147249	301796
3935	147283	301752
3936	147319	301710
3937	147353	301667
3938	147389	301625
3939	147412	301558
3940	147446	301514
3941	147482	301473
3942	147518	301435
3943	147553	301391
3944	147589	301351
3945	147624	301310
3946	147658	301266
3947	147694	301225
3948	147732	301189
3949	147767	301146
3950	147802	301104
3951	147836	301060
3952	147873	301021
3953	147909	300981
3954	147947	300945
3955	147984	300906
3956	148021	300869
3957	148057	300828
3958	148106	300813
3959	148151	300792
3960	148187	300751
3961	148224	300714
3962	148263	300679
3963	148301	300643
3964	148338	300605
3965	148373	300563
3966	148409	300522
3967	148444	300480
3968	148480	300439
3969	148515	300398
3970	148553	300360
3971	148588	300319
3972	148623	300278
3973	148658	300234
3974	148691	300189
3975	148728	300149
3976	148764	300110
3977	148798	300066
3978	148834	300025
3979	148871	299986
3980	148903	299939
3981	148939	299897
3982	148973	299855
3983	149007	299810
3984	149042	299767
3985	149076	299724
3986	149112	299683
3987	149147	299642
3988	149183	299600
3989	149218	299558
3990	149252	299514
3991	149288	299475
3992	149323	299431
3993	149358	299390
3994	149393	299348
3995	149428	299306
3996	149448	299232
3997	149474	299172
3998	149506	299125
3999	149541	299083
4000	149577	299041
4001	149614	299004
4002	149650	298964
4003	149685	298923
4004	149723	298885
4005	149744	298815
4006	149777	298769
4007	149812	298727
4008	149847	298685
4009	149885	298650
4010	149921	298608
4011	149956	298566
4012	149990	298523
4013	150026	298482
4014	150060	298438
4015	150094	298395
4016	150129	298352
4017	150165	298312
4018	150200	298269
4019	150234	298226
4020	150269	298184
4021	150305	298144
4022	150340	298102
4023	150375	298059
4024	150410	298017
4025	150444	297974
4026	150480	297934
4027	150513	297889
4028	150550	297850
4029	150585	297808
4030	150620	297766
4031	150656	297726
4032	150690	297682
4033	150726	297642
4034	150763	297604
4035	150798	297561
4036	150832	297518
4037	150869	297478
4038	150904	297437
4039	150939	297395
4040	150976	297356
4041	151011	297315
4042	151045	297272
4043	151080	297228
4044	151113	297183
4045	151152	297150
4046	151187	297107
4047	151221	297064
4048	151258	297024
4049	151292	296982
4050	151326	296937
4051	151359	296891
4052	151392	296846
4053	151427	296802
4054	151460	296758
4055	151495	296715
4056	151529	296671
4057	151564	296630
4058	151599	296587
4059	151633	296543
4060	151667	296499
4061	151702	296458
4062	151736	296415
4063	151773	296376
4064	151807	296332
4065	151840	296287
4066	151875	296244
4067	151909	296200
4068	151944	296158
4069	151980	296119
4070	152016	296079
4071	152051	296036
4072	152086	295995
4073	152121	295953
4074	152154	295908
4075	152190	295866
4076	152225	295825
4077	152259	295781
4078	152294	295739
4079	152327	295695
4080	152343	295615
4081	152375	295568
4082	152410	295525
4083	152446	295486
4084	152500	295480
4085	152535	295439
4086	152568	295394
4087	152628	295401
4088	152686	295403
4089	152763	295443
4090	152993	295776
4091	153235	296135
4092	153462	296464
4093	153751	296913
4094	154054	297387
4095	154392	297929
4096	154645	298307
4097	154818	298529
4098	154855	298491
4099	154907	298479
4100	154976	298502
4101	155040	298516
4102	155103	298526
4103	155166	298536
4104	155215	298521
4105	155288	298551
4106	155353	298564
4107	155417	298576
4108	155485	298596
4109	155550	298612
4110	155616	298626
4111	155680	298639
4112	155747	298657
4113	155812	298672
4114	155882	298695
4115	155946	298708
4116	156013	298725
4117	156077	298737
4118	156139	298745
4119	156213	298777
4120	156279	298792
4121	156343	298805
4122	156409	298821
4123	156474	298834
4124	156539	298847
4125	156605	298864
4126	156648	298835
4127	156708	298839
4128	156775	298856
4129	156818	298828
4130	156883	298841
4131	156946	298852
4132	157013	298869
4133	157078	298881
4134	157143	298895
4135	157206	298905
4136	157257	298891
4137	157314	298890
4138	157380	298905
4139	157441	298911
4140	157506	298924
4141	157574	298943
4142	157645	298967
4143	157719	298996
4144	157786	299014
4145	157854	299033
4146	157921	299049
4147	157986	299061
4148	158063	299098
4149	158132	299117
4150	158198	299132
4151	158257	299133
4152	158304	299112
4153	158366	299120
4154	158436	299142
4155	158503	299158
4156	158570	299173
4157	158635	299187
4158	158700	299199
4159	158765	299211
4160	158832	299228
4161	158899	299244
4162	158965	299259
4163	159033	299276
4164	159099	299291
4165	159164	299303
4166	159227	299311
4167	159277	299295
4168	159326	299276
4169	159381	299270
4170	159436	299263
4171	159491	299256
4172	159542	299241
4173	159591	299224
4174	159647	299219
4175	159716	299238
4176	159784	299256
4177	159835	299241
4178	159894	299242
4179	159952	299241
4180	160017	299253
4181	160079	299258
4182	160144	299270
4183	160207	299278
4184	160275	299294
4185	160337	299301
4186	160393	299295
4187	160456	299304
4188	160527	299327
4189	160601	299354
4190	160673	299379
4191	160740	299394
4192	160807	299408
4193	160874	299424
4194	160940	299437
4195	161011	299459
4196	161079	299476
4197	161156	299510
4198	161222	299523
4199	161290	299539
4200	161363	299565
4201	161432	299584
4202	161497	299593
4203	161558	299598
4204	161621	299605
4205	161681	299606
4206	161750	299625
4207	161822	299648
4208	161894	299672
4209	161964	299692
4210	162035	299714
4211	162109	299740
4212	162176	299755
4213	162242	299767
4214	162315	299792
4215	162390	299821
4216	162457	299835
4217	162527	299854
4218	162602	299883
4219	162675	299908
4220	162745	299928
4221	162817	299951
4222	162888	299971
4223	162961	299996
4224	163026	300006
4225	163093	300020
4226	163162	300037
4227	163224	300041
4228	163287	300049
4229	163351	300056
4230	163417	300069
4231	163480	300074
4232	163543	300080
4233	163609	300092
4234	163674	300102
4235	163741	300114
4236	163808	300129
4237	163877	300145
4238	163943	300156
4239	164010	300170
4240	164076	300181
4241	164139	300187
4242	164209	300205
4243	164276	300219
4244	164343	300232
4245	164409	300243
4246	164465	300235
4247	164511	300209
4248	164558	300186
4249	164611	300174
4250	164670	300172
4251	164731	300173
4252	164784	300161
4253	164847	300166
4254	164908	300167
4255	164970	300171
4256	165033	300177
4257	165096	300182
4258	165124	300123
4259	165177	300111
4260	165226	300090
4261	165275	300071
4262	165336	300071
4263	165401	300081
4264	165465	300088
4265	165515	300069
4266	165564	300050
4267	165617	300035
4268	165686	300051
4269	165742	300043
4270	165793	300028
4271	165851	300023
4272	165917	300034
4273	165975	300029
4274	166042	300041
4275	166097	300032
4276	166160	300037
4277	166224	300043
4278	166287	300047
4279	166355	300061
4280	166422	300073
4281	166487	300082
4282	166541	300069
4283	166603	300073
4284	166666	300077
4285	166728	300080
4286	166790	300082
4287	166851	300083
4288	166914	300088
4289	166978	300093
4290	167038	300093
4291	167090	300077
4292	167138	300055
4293	167195	300047
4294	167248	300034
4295	167310	300037
4296	167374	300043
4297	167435	300043
4298	167494	300041
4299	167554	300038
4300	167606	300023
4301	167664	300019
4302	167732	300031
4303	167793	300032
4304	167853	300030
4305	167914	300031
4306	167980	300040
4307	168046	300049
4308	168113	300060
4309	168181	300073
4310	168250	300087
4311	168319	300101
4312	168354	300056
4313	168418	300062
4314	168485	300072
4315	168551	300081
4316	168606	300069
4317	168664	300064
4318	168722	300060
4319	168783	300060
4320	168843	300056
4321	168903	300056
4322	168966	300059
4323	169024	300054
4324	169086	300054
4325	169147	300054
4326	169210	300059
4327	169275	300064
4328	169339	300070
4329	169401	300072
4330	169462	300071
4331	169522	300068
4332	169583	300068
4333	169641	300062
4334	169705	300066
4335	169770	300073
4336	169833	300077
4337	169894	300076
4338	169956	300078
4339	170017	300077
4340	170074	300069
4341	170122	300046
4342	170184	300045
4343	170245	300045
4344	170293	300022
4345	170340	299997
4346	170387	299972
4347	170451	299975
4348	170512	299974
4349	170574	299975
4350	170636	299977
4351	170698	299977
4352	170758	299974
4353	170821	299977
4354	170887	299985
4355	170936	299963
4356	170997	299961
4357	171060	299964
4358	171122	299965
4359	171183	299963
4360	171242	299959
4361	171293	299940
4362	171345	299923
4363	171404	299919
4364	171477	299938
4365	171545	299949
4366	171598	299933
4367	171648	299913
4368	171699	299894
4369	171753	299880
4370	171815	299880
4371	171882	299890
4372	171950	299900
4373	172020	299914
4374	172092	299932
4375	172164	299950
4376	172238	299971
4377	172270	299918
4378	172348	299946
4379	172432	299984
4380	172506	300006
4381	172579	300024
4382	172643	300028
4383	172712	300040
4384	172775	300043
4385	172846	300058
4386	172912	300064
4387	172974	300063
4388	173041	300072
4389	173118	300098
4390	173191	300116
4391	173260	300129
4392	173314	300113
4393	173362	300089
4394	173427	300094
4395	173498	300110
4396	173559	300107
4397	173627	300117
4398	173696	300128
4399	173764	300139
4400	173815	300119
4401	173885	300132
4402	173956	300147
4403	174024	300157
4404	174088	300159
4405	174154	300165
4406	174232	300191
4407	174296	300195
4408	174363	300203
4409	174430	300209
4410	174495	300214
4411	174563	300224
4412	174630	300230
4413	174697	300238
4414	174766	300249
4415	174833	300258
4416	174903	300270
4417	174968	300274
4418	175036	300283
4419	175101	300287
4420	175168	300293
4421	175234	300300
4422	175302	300308
4423	175368	300314
4424	175433	300319
4425	175498	300321
4426	175551	300305
4427	175614	300305
4428	175676	300303
4429	175736	300299
4430	175798	300298
4431	175860	300295
4432	175921	300293
4433	175980	300286
4434	176029	300261
4435	176081	300243
4436	176135	300228
4437	176195	300223
4438	176256	300220
4439	176319	300220
4440	176382	300219
4441	176444	300217
4442	176507	300217
4443	176571	300219
4444	176632	300215
4445	176693	300211
4446	176754	300208
4447	176817	300207
4448	176881	300210
4449	176943	300207
4450	177011	300215
4451	177072	300212
4452	177133	300207
4453	177195	300206
4454	177254	300198
4455	177315	300195
4456	177375	300190
4457	177438	300188
4458	177506	300196
4459	177567	300192
4460	177628	300188
4461	177688	300183
4462	177750	300181
4463	177812	300178
4464	177865	300159
4465	177912	300132
4466	177965	300115
4467	178020	300101
4468	178076	300087
4469	178128	300068
4470	178180	300049
4471	178231	300027
4472	178277	299998
4473	178327	299975
4474	178376	299952
4475	178433	299941
4476	178487	299925
4477	178550	299923
4478	178610	299917
4479	178672	299914
4480	178744	299929
4481	178829	299965
4482	178900	299976
4483	178967	299982
4484	179035	299989
4485	179102	299995
4486	179168	299997
4487	179236	300005
4488	179305	300013
4489	179371	300017
4490	179436	300019
4491	179505	300028
4492	179587	300058
4493	179653	300062
4494	179718	300063
4495	179781	300061
4496	179841	300056
4497	179910	300064
4498	179962	300044
4499	180008	300014
4500	180061	299995
4501	180122	299991
4502	180183	299986
4503	180224	299947
4504	180284	299940
4505	180347	299938
4506	180409	299934
4507	180471	299931
4508	180532	299926
4509	180596	299926
4510	180657	299921
4511	180717	299913
4512	180776	299905
4513	180839	299903
4514	180900	299898
4515	180959	299890
4516	181010	299867
4517	181059	299842
4518	181107	299815
4519	181160	299796
4520	181221	299790
4521	181282	299786
4522	181340	299775
4523	181403	299773
4524	181464	299767
4525	181526	299762
4526	181591	299764
4527	181654	299762
4528	181714	299755
4529	181776	299750
4530	181840	299750
4531	181902	299745
4532	181962	299737
4533	182013	299716
4534	182073	299708
4535	182134	299703
4536	182196	299698
4537	182259	299695
4538	182321	299691
4539	182382	299685
4540	182441	299677
4541	182505	299675
4542	182568	299672
4543	182632	299671
4544	182697	299671
4545	182758	299666
4546	182821	299662
4547	182882	299657
4548	182945	299654
4549	183000	299638
4550	183048	299610
4551	183094	299579
4552	183148	299562
4553	183202	299544
4554	183259	299531
4555	183315	299517
4556	183377	299512
4557	183443	299514
4558	183505	299509
4559	183570	299510
4560	183630	299501
4561	183682	299480
4562	183730	299453
4563	183780	299427
4564	183825	299396
4565	183891	299397
4566	183951	299389
4567	184007	299374
4568	184057	299350
4569	184107	299325
4570	184156	299299
4571	184215	299289
4572	184281	299291
4573	184344	299287
4574	184403	299277
4575	184462	299268
4576	184512	299242
4577	184560	299216
4578	184608	299187
4579	184666	299175
4580	184719	299155
4581	184770	299133
4582	184830	299123
4583	184890	299116
4584	184953	299112
4585	185014	299105
4586	185069	299089
4587	185121	299067
4588	185172	299044
4589	185222	299019
4590	185275	298999
4591	185330	298982
4592	185382	298961
4593	185430	298932
4594	185486	298917
4595	185552	298918
4596	185614	298913
4597	185673	298902
4598	185720	298873
4599	185781	298866
4600	185848	298868
4601	185898	298842
4602	185950	298821
4603	186001	298797
4604	186059	298786
4605	186108	298759
4606	186157	298733
4607	186217	298724
4608	186276	298712
4609	186329	298692
4610	186384	298675
4611	186436	298653
4612	186486	298628
4613	186538	298606
4614	186590	298585
4615	186638	298556
4616	186691	298535
4617	186740	298510
4618	186795	298492
4619	186853	298480
4620	186920	298481
4621	186984	298479
4622	187039	298462
4623	187097	298449
4624	187150	298429
4625	187212	298423
4626	187268	298407
4627	187329	298398
4628	187388	298388
4629	187441	298367
4630	187501	298359
4631	187558	298344
4632	187624	298344
4633	187691	298346
4634	187761	298352
4635	187829	298355
4636	187892	298351
4637	187956	298347
4638	188025	298351
4639	188091	298351
4640	188154	298347
4641	188210	298330
4642	188270	298321
4643	188334	298317
4644	188396	298311
4645	188457	298303
4646	188525	298306
4647	188591	298306
4648	188625	298254
4649	188684	298243
4650	188749	298240
4651	188810	298233
4652	188879	298237
4653	188946	298238
4654	189010	298234
4655	189068	298221
4656	189116	298192
4657	189170	298173
4658	189233	298168
4659	189282	298140
4660	189338	298123
4661	189399	298114
4662	189461	298107
4663	189519	298094
4664	189569	298069
4665	189618	298041
4666	189664	298009
4667	189711	297978
4668	189763	297955
4669	189812	297928
4670	189862	297902
4671	189913	297877
4672	189967	297858
4673	190020	297836
4674	190067	297806
4675	190116	297778
4676	190169	297757
4677	190230	297748
4678	190296	297747
4679	190352	297730
4680	190412	297719
4681	190482	297725
4682	190539	297709
4683	190595	297693
4684	190662	297693
4685	190730	297696
4686	190802	297703
4687	190862	297693
4688	190930	297694
4689	191004	297705
4690	191075	297713
4691	191138	297706
4692	191202	297701
4693	191259	297686
4694	191314	297667
4695	191347	297614
4696	191383	297567
4697	191423	297524
4698	191461	297480
4699	191502	297439
4700	191547	297405
4701	191595	297376
4702	191657	297369
4703	191717	297357
4704	191782	297353
4705	191843	297345
4706	191903	297334
4707	191964	297325
4708	192027	297318
4709	192086	297305
4710	192150	297300
4711	192210	297289
4712	192271	297280
4713	192323	297256
4714	192372	297228
4715	192429	297212
4716	192491	297205
4717	192553	297197
4718	192615	297188
4719	192674	297176
4720	192736	297167
4721	192801	297164
4722	192864	297157
4723	192926	297149
4724	192991	297145
4725	193056	297142
4726	193122	297139
4727	193194	297146
4728	193258	297141
4729	193326	297142
4730	193389	297135
4731	193454	297131
4732	193534	297150
4733	193587	297128
4734	193641	297107
4735	193698	297091
4736	193760	297083
4737	193838	297098
4738	193900	297089
4739	193958	297076
4740	194019	297065
4741	194080	297054
4742	194142	297045
4743	194201	297032
4744	194262	297022
4745	194321	297009
4746	194387	297007
4747	194448	296997
4748	194512	296991
4749	194571	296977
4750	194634	296969
4751	194695	296959
4752	194757	296951
4753	194820	296942
4754	194883	296936
4755	194944	296926
4756	195007	296918
4757	195040	296864
4758	195098	296850
4759	195156	296833
4760	195202	296801
4761	195257	296780
4762	195318	296770
4763	195366	296741
4764	195419	296716
4765	195468	296689
4766	195520	296664
4767	195568	296634
4768	195629	296623
4769	195687	296608
4770	195755	296607
4771	195804	296578
4772	195856	296553
4773	195912	296536
4774	195976	296530
4775	196047	296533
4776	196099	296510
4777	196153	296488
4778	196207	296466
4779	196270	296458
4780	196331	296447
4781	196400	296448
4782	196472	296455
4783	196540	296454
4784	196605	296448
4785	196666	296438
4786	196737	296442
4787	196800	296434
4788	196867	296431
4789	196935	296430
4790	196999	296424
4791	197063	296418
4792	197132	296418
4793	197196	296412
4794	197262	296407
4795	197328	296404
4796	197393	296398
4797	197460	296396
4798	197515	296375
4799	197576	296364
4800	197637	296353
4801	197700	296345
4802	197763	296336
4803	197825	296326
4804	197887	296317
4805	197953	296311
4806	198013	296299
4807	198075	296289
4808	198141	296285
4809	198202	296273
4810	198264	296263
4811	198324	296250
4812	198388	296242
4813	198447	296228
4814	198506	296214
4815	198559	296190
4816	198617	296174
4817	198680	296164
4818	198742	296154
4819	198808	296150
4820	198873	296144
4821	198939	296139
4822	199006	296137
4823	199073	296133
4824	199144	296137
4825	199211	296133
4826	199276	296128
4827	199344	296126
4828	199414	296127
4829	199478	296120
4830	199539	296108
4831	199587	296076
4832	199638	296049
4833	199694	296030
4834	199749	296009
4835	199808	295994
4836	199869	295982
4837	199930	295969
4838	199993	295960
4839	200053	295947
4840	200115	295936
4841	200176	295924
4842	200239	295914
4843	200303	295906
4844	200363	295893
4845	200425	295882
4846	200497	295886
4847	200565	295883
4848	200628	295874
4849	200696	295871
4850	200762	295866
4851	200827	295859
4852	200892	295853
4853	200970	295865
4854	201002	295810
4855	201049	295777
4856	201107	295760
4857	201180	295765
4858	201248	295764
4859	201298	295734
4860	201360	295723
4861	201419	295707
4862	201492	295712
4863	201563	295715
4864	201618	295693
4865	201671	295668
4866	201723	295643
4867	201790	295638
4868	201844	295615
4869	201898	295593
4870	201975	295603
4871	202038	295593
4872	202089	295565
4873	202142	295540
4874	202193	295514
4875	202250	295494
4876	202306	295474
4877	202389	295493
4878	202456	295489
4879	202530	295495
4880	202604	295501
4881	202665	295488
4882	202728	295478
4883	202798	295477
4884	202864	295471
4885	202930	295465
4886	203000	295465
4887	203068	295463
4888	203133	295454
4889	203202	295453
4890	203267	295445
4891	203335	295442
4892	203401	295437
4893	203467	295431
4894	203532	295424
4895	203599	295419
4896	203668	295417
4897	203731	295407
4898	203797	295400
4899	203864	295395
4900	203931	295391
4901	203996	295383
4902	204063	295378
4903	204128	295370
4904	204192	295360
4905	204256	295351
4906	204324	295347
4907	204389	295340
4908	204455	295333
4909	204521	295327
4910	204586	295319
4911	204650	295310
4912	204708	295291
4913	204760	295265
4914	204818	295246
4915	204878	295231
4916	204941	295221
4917	205005	295211
4918	205069	295201
4919	205133	295191
4920	205190	295173
4921	205250	295156
4922	205297	295122
4923	205352	295100
4924	205409	295080
4925	205472	295070
4926	205533	295055
4927	205595	295043
4928	205655	295027
4929	205717	295014
4930	205768	294986
4931	205828	294971
4932	205882	294945
4933	205928	294910
4934	205986	294892
4935	206051	294883
4936	206126	294890
4937	206187	294875
4938	206239	294848
4939	206295	294827
4940	206356	294813
4941	206417	294798
4942	206480	294787
4943	206543	294774
4944	206619	294782
4945	206688	294779
4946	206753	294770
4947	206808	294747
4948	206873	294739
4949	206933	294724
4950	206994	294708
4951	207055	294693
4952	207118	294682
4953	207188	294681
4954	207260	294681
4955	207335	294687
4956	207390	294663
4957	207475	294683
4958	207545	294682
4959	207617	294682
4960	207669	294655
4961	207726	294635
4962	207781	294612
4963	207844	294600
4964	207912	294595
4965	207963	294565
4966	208015	294538
4967	208078	294526
4968	208145	294519
4969	208225	294532
4970	208295	294529
4971	208358	294518
4972	208439	294531
4973	208499	294514
4974	208568	294511
4975	208645	294518
4976	208702	294498
4977	208764	294484
4978	208825	294468
4979	208886	294454
4980	208953	294447
4981	209015	294434
4982	209074	294416
4983	209136	294402
4984	209197	294386
4985	209257	294370
4986	209327	294368
4987	209396	294364
4988	209470	294367
4989	209542	294367
4990	209617	294371
4991	209684	294364
4992	209754	294361
4993	209827	294362
4994	209897	294360
4995	209963	294352
4996	210029	294344
4997	210093	294332
4998	210165	294332
4999	210240	294336
5000	210311	294334
5001	210379	294328
5002	210449	294325
5003	210521	294326
5004	210588	294319
5005	210656	294313
5006	210725	294308
5007	210790	294298
5008	210852	294283
5009	210912	294267
5010	210974	294253
5011	211040	294244
5012	211112	294243
5013	211179	294236
5014	211251	294235
5015	211323	294235
5016	211392	294230
5017	211461	294225
5018	211527	294216
5019	211591	294205
5020	211655	294193
5021	211721	294184
5022	211788	294176
5023	211855	294168
5024	211921	294159
5025	211987	294150
5026	212054	294142
5027	212123	294138
5028	212188	294127
5029	212264	294132
5030	212329	294120
5031	212393	294109
5032	212459	294100
5033	212526	294091
5034	212593	294084
5035	212657	294072
5036	212722	294061
5037	212788	294052
5038	212854	294041
5039	212923	294036
5040	212988	294026
5041	213051	294013
5042	213116	294001
5043	213182	293992
5044	213238	293969
5045	213297	293949
5046	213350	293921
5047	213415	293910
5048	213486	293909
5049	213554	293902
5050	213628	293903
5051	213700	293900
5052	213767	293893
5053	213834	293884
5054	213902	293877
5055	213973	293875
5056	214022	293842
5057	214087	293830
5058	214144	293808
5059	214203	293788
5060	214266	293774
5061	214325	293755
5062	214423	293789
5063	214495	293787
5064	214567	293785
5065	214639	293783
5066	214708	293778
5067	214777	293771
5068	214851	293773
5069	214929	293778
5070	215019	293801
5071	215091	293799
5072	215164	293799
5073	215236	293797
5074	215308	293795
5075	215378	293790
5076	215449	293786
5077	215519	293781
5078	215586	293773
5079	215654	293765
5080	215725	293762
5081	215797	293759
5082	215868	293755
5083	215939	293752
5084	216010	293749
5085	216071	293731
5086	216127	293707
5087	216188	293689
5088	216251	293675
5089	216309	293654
5090	216361	293624
5091	216411	293591
5092	216465	293564
5093	216527	293548
5094	216590	293534
5095	216652	293517
5096	216710	293496
5097	216772	293480
5098	216838	293469
5099	216898	293451
5100	216957	293431
5101	217019	293414
5102	217077	293392
5103	217130	293364
5104	217190	293345
5105	217249	293325
5106	217313	293310
5107	217373	293293
5108	217435	293276
5109	217496	293258
5110	217557	293240
5111	217619	293223
5112	217680	293206
5113	217742	293189
5114	217807	293177
5115	217871	293164
5116	217932	293146
5117	217993	293128
5118	218054	293110
5119	218118	293096
5120	218182	293082
5121	218243	293065
5122	218307	293050
5123	218368	293033
5124	218429	293014
5125	218492	293000
5126	218550	292978
5127	218613	292962
5128	218675	292946
5129	218737	292929
5130	218800	292913
5131	218865	292900
5132	218927	292883
5133	218994	292873
5134	219056	292856
5135	219126	292851
5136	219190	292836
5137	219254	292823
5138	219323	292816
5139	219394	292809
5140	219447	292782
5141	219495	292746
5142	219556	292727
5143	219621	292715
5144	219692	292709
5145	219762	292704
5146	219832	292696
5147	219902	292691
5148	219965	292674
5149	220022	292651
5150	220079	292626
5151	220150	292622
5152	220202	292591
5153	220266	292577
5154	220340	292575
5155	220412	292572
5156	220484	292568
5157	220554	292561
5158	220625	292556
5159	220700	292556
5160	220768	292546
5161	220838	292540
5162	220909	292534
5163	220988	292540
5164	221065	292542
5165	221133	292533
5166	221200	292521
5167	221260	292502
5168	221323	292486
5169	221390	292474
5170	221452	292457
5171	221511	292436
5172	221573	292418
5173	221635	292401
5174	221695	292381
5175	221758	292365
5176	221820	292347
5177	221885	292333
5178	221943	292311
5179	222006	292293
5180	222071	292281
5181	222134	292264
5182	222195	292245
5183	222244	292210
5184	222289	292170
5185	222336	292132
5186	222388	292102
5187	222446	292078
5188	222501	292051
5189	222561	292032
5190	222622	292012
5191	222684	291994
5192	222743	291973
5193	222804	291954
5194	222866	291935
5195	222928	291918
5196	222990	291900
5197	223055	291885
5198	223114	291864
5199	223175	291844
5200	223226	291812
5201	223285	291790
5202	223344	291768
5203	223405	291748
5204	223469	291734
5205	223530	291714
5206	223578	291678
5207	223631	291647
5208	223681	291614
5209	223741	291594
5210	223805	291577
5211	223862	291553
5212	223922	291533
5213	223990	291522
5214	224050	291502
5215	224111	291482
5216	224173	291463
5217	224237	291449
5218	224288	291416
5219	224335	291378
5220	224382	291341
5221	224436	291312
5222	224493	291287
5223	224554	291267
5224	224615	291247
5225	224677	291229
5226	224738	291209
5227	224797	291187
5228	224855	291164
5229	224917	291146
5230	224975	291121
5231	225025	291087
5232	225080	291061
5233	225130	291026
5234	225181	290994
5235	225235	290965
5236	225283	290928
5237	225331	290892
5238	225402	290885
5239	225456	290855
5240	225507	290822
5241	225561	290795
5242	225633	290788
5243	225700	290776
5244	225751	290744
5245	225801	290710
5246	225862	290690
5247	225920	290666
5248	225989	290656
5249	226061	290650
5250	226130	290640
5251	226204	290636
5252	226272	290626
5253	226332	290604
5254	226380	290568
5255	226438	290544
5256	226512	290541
5257	226583	290534
5258	226654	290526
5259	226723	290516
5260	226794	290509
5261	226863	290499
5262	226930	290486
5263	226994	290469
5264	227058	290453
5265	227125	290440
5266	227188	290422
5267	227251	290406
5268	227317	290391
5269	227372	290363
5270	227429	290338
5271	227499	290330
5272	227567	290318
5273	227630	290300
5274	227690	290279
5275	227762	290271
5276	227833	290264
5277	227908	290261
5278	227977	290250
5279	228044	290238
5280	228111	290225
5281	228179	290213
5282	228251	290207
5283	228323	290201
5284	228386	290182
5285	228448	290162
5286	228510	290143
5287	228572	290124
5288	228650	290125
5289	228721	290117
5290	228793	290111
5291	228861	290099
5292	228928	290085
5293	228995	290073
5294	229060	290057
5295	229129	290045
5296	229193	290029
5297	229262	290018
5298	229328	290003
5299	229393	289988
5300	229441	289950
5301	229467	289885
5302	229517	289850
5303	229579	289831
5304	229641	289812
5305	229704	289793
5306	229766	289772
5307	229830	289755
5308	229889	289732
5309	229950	289711
5310	230011	289691
5311	230075	289673
5312	230137	289653
5313	230200	289634
5314	230265	289619
5315	230326	289597
5316	230387	289576
5317	230444	289550
5318	230499	289522
5319	230562	289503
5320	230625	289484
5321	230687	289464
5322	230753	289449
5323	230806	289418
5324	230870	289400
5325	230941	289392
5326	230992	289358
5327	231052	289335
5328	231114	289315
5329	231179	289299
5330	231236	289273
5331	231292	289245
5332	231345	289213
5333	231399	289184
5334	231458	289160
5335	231508	289125
5336	231565	289098
5337	231634	289087
5338	231695	289065
5339	231746	289032
5340	231808	289011
5341	231864	288984
5342	231922	288958
5343	231979	288932
5344	232033	288901
5345	232058	288836
5346	232113	288807
5347	232178	288790
5348	232228	288755
5349	232285	288729
5350	232357	288720
5351	232419	288700
5352	232478	288676
5353	232536	288651
5354	232589	288619
5355	232656	288605
5356	232725	288593
5357	232796	288584
5358	232855	288560
5359	232914	288535
5360	232980	288519
5361	233045	288503
5362	233095	288468
5363	233151	288440
5364	233207	288411
5365	233269	288392
5366	233322	288360
5367	233382	288336
5368	233429	288298
5369	233477	288260
5370	233532	288231
5371	233587	288200
5372	233639	288168
5373	233671	288111
5374	233724	288079
5375	233784	288056
5376	233837	288024
5377	233889	287990
5378	233945	287962
5379	233978	287906
5380	234032	287876
5381	234087	287846
5382	234149	287826
5383	234211	287804
5384	234269	287779
5385	234348	287779
5386	234409	287758
5387	234484	287752
5388	234552	287739
5389	234624	287731
5390	234696	287722
5391	234767	287711
5392	234840	287704
5393	234910	287693
5394	234989	287692
5395	235062	287685
5396	235144	287689
5397	235227	287693
5398	235299	287685
5399	235372	287677
5400	235444	287668
5401	235512	287654
5402	235581	287641
5403	235656	287637
5404	235729	287629
5405	235802	287621
5406	235873	287611
5407	235942	287598
5408	236010	287584
5409	236065	287554
5410	236120	287525
5411	236184	287506
5412	236249	287488
5413	236322	287480
5414	236397	287475
5415	236468	287465
5416	236540	287455
5417	236611	287445
5418	236684	287436
5419	236759	287430
5420	236832	287423
5421	236896	287403
5422	236956	287380
5423	237025	287367
5424	237095	287355
5425	237174	287354
5426	237239	287336
5427	237306	287320
5428	237374	287306
5429	237440	287289
5430	237507	287274
5431	237574	287258
5432	237643	287245
5433	237698	287214
5434	237759	287192
5435	237822	287172
5436	237876	287140
5437	237932	287111
5438	237990	287085
5439	238047	287057
5440	238098	287022
5441	238154	286992
5442	238210	286963
5443	238281	286953
5444	238351	286940
5445	238410	286915
5446	238463	286883
5447	238522	286857
5448	238578	286828
5449	238635	286800
5450	238694	286775
5451	238742	286736
5452	238791	286698
5453	238845	286666
5454	238898	286634
5455	238959	286611
5456	239019	286586
5457	239072	286553
5458	239121	286517
5459	239174	286483
5460	239224	286447
5461	239282	286420
5462	239342	286396
5463	239398	286366
5464	239450	286333
5465	239507	286304
5466	239558	286270
5467	239610	286235
5468	239665	286204
5469	239717	286171
5470	239776	286145
5471	239827	286109
5472	239876	286071
5473	239935	286046
5474	240002	286030
5475	240067	286011
5476	240113	285969
5477	240169	285941
5478	240234	285921
5479	240299	285903
5480	240360	285880
5481	240408	285841
5482	240456	285802
5483	240515	285776
5484	240572	285748
5485	240640	285733
5486	240710	285720
5487	240777	285704
5488	240845	285688
5489	240915	285676
5490	240988	285666
5491	241057	285652
5492	241128	285639
5493	241198	285627
5494	241268	285614
5495	241339	285602
5496	241410	285590
5497	241479	285576
5498	241548	285562
5499	241605	285533
5500	241671	285516
5501	241738	285498
5502	241808	285486
5503	241860	285451
5504	241930	285437
5505	242001	285426
5506	242071	285413
5507	242141	285400
5508	242209	285383
5509	242276	285367
5510	242342	285349
5511	242406	285329
5512	242472	285310
5513	242539	285294
5514	242605	285275
5515	242670	285256
5516	242735	285237
5517	242802	285220
5518	242872	285206
5519	242938	285188
5520	242997	285162
5521	243052	285131
5522	243105	285097
5523	243161	285067
5524	243222	285043
5525	243282	285018
5526	243347	284999
5527	243401	284966
5528	243456	284935
5529	243506	284898
5530	243563	284869
5531	243613	284832
5532	243673	284807
5533	243724	284770
5534	243771	284730
5535	243821	284693
5536	243871	284655
5537	243920	284617
5538	243973	284584
5539	244027	284551
5540	244082	284520
5541	244138	284490
5542	244188	284453
5543	244237	284414
5544	244293	284385
5545	244367	284375
5546	244417	284338
5547	244471	284306
5548	244545	284296
5549	244602	284267
5550	244659	284238
5551	244728	284223
5552	244788	284197
5553	244848	284172
5554	244908	284146
5555	244963	284115
5556	245020	284086
5557	245067	284045
5558	245116	284007
5559	245167	283971
5560	245230	283949
5561	245294	283927
5562	245368	283917
5563	245433	283898
5564	245490	283868
5565	245540	283831
5566	245589	283793
5567	245642	283759
5568	245690	283720
5569	245756	283701
5570	245819	283678
5571	245880	283654
5572	245947	283635
5573	246014	283618
5574	246084	283604
5575	246144	283578
5576	246195	283541
5577	246246	283506
5578	246298	283471
5579	246364	283451
5580	246428	283429
5581	246493	283410
5582	246562	283395
5583	246631	283378
5584	246702	283365
5585	246770	283348
5586	246839	283333
5587	246903	283311
5588	246970	283293
5589	247027	283263
5590	247086	283236
5591	247148	283213
5592	247210	283189
5593	247258	283149
5594	247304	283107
5595	247354	283069
5596	247402	283029
5597	247452	282992
5598	247508	282961
5599	247561	282927
5600	247615	282894
5601	247672	282865
5602	247732	282838
5603	247786	282805
5604	247839	282770
5605	247886	282729
5606	247933	282689
5607	247984	282652
5608	248034	282615
5609	248087	282580
5610	248142	282548
5611	248190	282509
5612	248255	282487
5613	248316	282462
5614	248364	282423
5615	248412	282383
5616	248469	282354
5617	248532	282330
5618	248595	282308
5619	248655	282282
5620	248718	282258
5621	248781	282235
5622	248843	282211
5623	248903	282185
5624	248968	282164
5625	249040	282151
5626	249089	282112
5627	249144	282080
5628	249204	282053
5629	249265	282028
5630	249325	282001
5631	249386	281976
5632	249444	281947
5633	249516	281934
5634	249578	281910
5635	249639	281884
5636	249701	281861
5637	249767	281840
5638	249830	281818
5639	249891	281792
5640	249951	281765
5641	250015	281744
5642	250076	281717
5643	250123	281676
5644	250186	281653
5645	250254	281636
5646	250325	281622
5647	250395	281606
5648	250470	281595
5649	250527	281566
5650	250581	281533
5651	250632	281495
5652	250692	281468
5653	250742	281431
5654	250805	281408
5655	250856	281370
5656	250916	281344
5657	250965	281304
5658	251015	281266
5659	251070	281234
5660	251120	281196
5661	251170	281158
5662	251220	281120
5663	251293	281107
5664	251351	281079
5665	251405	281044
5666	251464	281017
5667	251515	280979
5668	251571	280948
5669	251622	280911
5670	251676	280878
5671	251758	280875
5672	251829	280860
5673	251891	280836
5674	251958	280817
5675	252028	280801
5676	252104	280792
5677	252179	280782
5678	252257	280774
5679	252326	280758
5680	252400	280745
5681	252470	280730
5682	252544	280718
5683	252615	280703
5684	252689	280692
5685	252760	280677
5686	252832	280662
5687	252900	280644
5688	252969	280628
5689	253043	280615
5690	253112	280598
5691	253184	280584
5692	253241	280553
5693	253300	280525
5694	253364	280502
5695	253426	280478
5696	253488	280452
5697	253550	280427
5698	253611	280401
5699	253675	280378
5700	253738	280354
5701	253799	280327
5702	253861	280302
5703	253922	280276
5704	253983	280250
5705	254045	280224
5706	254107	280199
5707	254168	280173
5708	254227	280144
5709	254278	280107
5710	254326	280066
5711	254385	280037
5712	254447	280012
5713	254506	279983
5714	254569	279959
5715	254633	279936
5716	254695	279911
5717	254759	279888
5718	254815	279856
5719	254862	279813
5720	254909	279772
5721	254970	279745
5722	255030	279717
5723	255092	279692
5724	255154	279667
5725	255216	279641
5726	255266	279602
5727	255313	279561
5728	255360	279519
5729	255387	279455
5730	255433	279412
5731	255483	279373
5732	255537	279340
5733	255587	279301
5734	255637	279262
5735	255685	279221
5736	255736	279183
5737	255805	279165
5738	255854	279126
5739	255917	279101
5740	255969	279065
5741	256022	279029
5742	256074	278993
5743	256124	278955
5744	256181	278923
5745	256230	278883
5746	256280	278845
5747	256328	278803
5748	256384	278772
5749	256444	278743
5750	256508	278720
5751	256576	278701
5752	256652	278690
5753	256719	278670
5754	256769	278631
5755	256825	278599
5756	256877	278562
5757	256928	278525
5758	256997	278506
5759	257071	278493
5760	257146	278482
5761	257220	278469
5762	257294	278456
5763	257369	278444
5764	257427	278415
5765	257497	278397
5766	257569	278382
5767	257645	278371
5768	257715	278354
5769	257784	278335
5770	257853	278317
5771	257926	278303
5772	257992	278281
5773	258059	278260
5774	258127	278241
5775	258194	278220
5776	258242	278179
5777	258302	278151
5778	258370	278131
5779	258434	278107
5780	258500	278086
5781	258566	278063
5782	258632	278042
5783	258693	278015
5784	258758	277992
5785	258824	277970
5786	258889	277946
5787	258955	277925
5788	259020	277902
5789	259088	277882
5790	259153	277859
5791	259217	277835
5792	259277	277807
5793	259338	277779
5794	259403	277756
5795	259462	277727
5796	259520	277695
5797	259580	277667
5798	259641	277640
5799	259703	277614
5800	259770	277592
5801	259830	277564
5802	259892	277538
5803	259953	277510
5804	260014	277483
5805	260076	277456
5806	260137	277429
5807	260199	277402
5808	260261	277375
5809	260321	277347
5810	260387	277325
5811	260450	277299
5812	260508	277269
5813	260567	277239
5814	260629	277212
5815	260685	277179
5816	260744	277150
5817	260806	277124
5818	260862	277090
5819	260922	277062
5820	260982	277033
5821	261049	277012
5822	261105	276978
5823	261157	276942
5824	261213	276908
5825	261277	276883
5826	261338	276856
5827	261398	276828
5828	261462	276803
5829	261528	276780
5830	261587	276751
5831	261651	276725
5832	261705	276690
5833	261771	276668
5834	261830	276638
5835	261895	276614
5836	261958	276588
5837	262021	276562
5838	262085	276538
5839	262158	276523
5840	262230	276507
5841	262300	276488
5842	262349	276447
5843	262402	276411
5844	262456	276376
5845	262529	276360
5846	262584	276326
5847	262647	276300
5848	262714	276279
5849	262748	276223
5850	262813	276199
5851	262881	276178
5852	262950	276158
5853	263012	276131
5854	263078	276109
5855	263144	276086
5856	263209	276062
5857	263278	276042
5858	263349	276024
5859	263418	276005
5860	263487	275985
5861	263556	275965
5862	263612	275932
5863	263678	275909
5864	263743	275885
5865	263807	275859
5866	263869	275833
5867	263936	275811
5868	264002	275787
5869	264067	275764
5870	264128	275736
5871	264191	275709
5872	264251	275679
5873	264312	275652
5874	264375	275625
5875	264440	275601
5876	264508	275579
5877	264574	275556
5878	264638	275532
5879	264698	275502
5880	264761	275476
5881	264834	275460
5882	264898	275434
5883	264967	275415
5884	265032	275390
5885	265095	275364
5886	265162	275341
5887	265231	275321
5888	265295	275296
5889	265363	275275
5890	265428	275250
5891	265494	275226
5892	265559	275203
5893	265625	275179
5894	265676	275140
5895	265730	275104
5896	265785	275069
5897	265839	275034
5898	265902	275007
5899	265965	274981
5900	266023	274950
5901	266083	274920
5902	266144	274890
5903	266207	274864
5904	266269	274836
5905	266330	274808
5906	266392	274781
5907	266452	274750
5908	266514	274722
5909	266576	274696
5910	266638	274667
5911	266700	274639
5912	266761	274611
5913	266826	274586
5914	266888	274559
5915	266952	274532
5916	267015	274506
5917	267065	274466
5918	267119	274430
5919	267172	274393
5920	267219	274349
5921	267271	274312
5922	267322	274273
5923	267376	274237
5924	267432	274202
5925	267495	274176
5926	267557	274148
5927	267612	274113
5928	267673	274084
5929	267735	274056
5930	267784	274015
5931	267855	273996
5932	267912	273963
5933	267982	273943
5934	268050	273921
5935	268109	273890
5936	268171	273862
5937	268234	273835
5938	268307	273819
5939	268374	273796
5940	268451	273783
5941	268518	273760
5942	268585	273737
5943	268650	273712
5944	268715	273687
5945	268780	273662
5946	268841	273633
5947	268903	273605
5948	268965	273577
5949	269039	273561
5950	269120	273551
5951	269193	273535
5952	269265	273517
5953	269332	273494
5954	269404	273476
5955	269484	273465
5956	269556	273448
5957	269633	273435
5958	269704	273415
5959	269774	273395
5960	269825	273356
5961	269876	273317
5962	269936	273285
5963	270000	273259
5964	270061	273230
5965	270122	273201
5966	270180	273169
5967	270238	273136
5968	270273	273080
5969	270328	273045
5970	270392	273018
5971	270453	272990
5972	270516	272962
5973	270575	272930
5974	270631	272896
5975	270683	272857
5976	270740	272824
5977	270802	272796
5978	270864	272767
5979	270929	272741
5980	270990	272712
5981	271048	272679
5982	271106	272647
5983	271168	272618
5984	271226	272586
5985	271288	272557
5986	271350	272528
5987	271412	272500
5988	271470	272467
5989	271531	272438
5990	271594	272411
5991	271657	272382
5992	271720	272355
5993	271780	272324
5994	271843	272296
5995	271905	272267
5996	271965	272237
5997	272030	272211
5998	272086	272177
5999	272144	272144
6000	272204	272113
6001	272266	272085
6002	272327	272055
6003	272387	272024
6004	272448	271994
6005	272506	271962
6006	272540	271905
6007	272598	271872
6008	272656	271839
6009	272720	271813
6010	272777	271779
6011	272833	271744
6012	272884	271704
6013	272934	271663
6014	272989	271627
6015	273043	271590
6016	273097	271554
6017	273152	271518
6018	273200	271475
6019	273253	271438
6020	273303	271397
6021	273359	271362
6022	273415	271326
6023	273468	271289
6024	273517	271247
6025	273574	271214
6026	273633	271182
6027	273686	271143
6028	273738	271105
6029	273786	271062
6030	273843	271028
6031	273912	271006
6032	273960	270963
6033	274031	270942
6034	274093	270913
6035	274162	270891
6036	274229	270868
6037	274298	270845
6038	274362	270819
6039	274428	270794
6040	274495	270769
6041	274563	270745
6042	274632	270723
6043	274698	270699
6044	274764	270673
6045	274831	270649
6046	274897	270624
6047	274969	270604
6048	275042	270586
6049	275109	270562
6050	275181	270542
6051	275251	270521
6052	275318	270497
6053	275384	270472
6054	275450	270446
6055	275516	270421
6056	275575	270389
6057	275640	270362
6058	275690	270321
6059	275742	270282
6060	275802	270250
6061	275860	270217
6062	275922	270188
6063	275977	270151
6064	276024	270108
6065	276076	270069
6066	276133	270034
6067	276195	270005
6068	276256	269974
6069	276317	269944
6070	276378	269914
6071	276440	269884
6072	276503	269856
6073	276567	269828
6074	276637	269806
6075	276707	269785
6076	276774	269760
6077	276840	269734
6078	276906	269709
6079	276975	269687
6080	277024	269644
6081	277075	269603
6082	277134	269572
6083	277192	269538
6084	277254	269508
6085	277314	269477
6086	277375	269446
6087	277437	269416
6088	277499	269387
6089	277559	269355
6090	277620	269324
6091	277682	269295
6092	277743	269264
6093	277806	269235
6094	277868	269206
6095	277908	269155
6096	277967	269122
6097	278029	269093
6098	278088	269060
6099	278150	269030
6100	278211	268999
6101	278274	268971
6102	278335	268940
6103	278394	268907
6104	278454	268876
6105	278516	268846
6106	278574	268812
6107	278621	268768
6108	278673	268729
6109	278728	268692
6110	278782	268655
6111	278846	268627
6112	278910	268599
6113	278976	268573
6114	279039	268544
6115	279089	268502
6116	279144	268465
6117	279214	268444
6118	279288	268425
6119	279353	268398
6120	279425	268377
6121	279502	268362
6122	279570	268338
6123	279637	268313
6124	279704	268287
6125	279781	268272
6126	279854	268252
6127	279926	268232
6128	279995	268209
6129	280058	268180
6130	280117	268147
6131	280175	268113
6132	280242	268087
6133	280321	268073
6134	280387	268047
6135	280421	267990
6136	280483	267960
6137	280548	267933
6138	280615	267908
6139	280669	267870
6140	280730	267838
6141	280791	267808
6142	280854	267779
6143	280916	267748
6144	280977	267717
6145	281039	267686
6146	281100	267656
6147	281151	267615
6148	281180	267553
6149	281241	267522
6150	281303	267491
6151	281365	267461
6152	281426	267430
6153	281486	267398
6154	281546	267366
6155	281606	267334
6156	281667	267303
6157	281730	267273
6158	281793	267243
6159	281854	267213
6160	281917	267183
6161	281976	267149
6162	282037	267118
6163	282104	267092
6164	282158	267055
6165	282204	267009
6166	282252	266965
6167	282313	266934
6168	282375	266904
6169	282434	266871
6170	282496	266840
6171	282556	266808
6172	282615	266774
6173	282684	266751
6174	282748	266722
6175	282812	266693
6176	282873	266662
6177	282934	266631
6178	282994	266598
6179	283053	266565
6180	283120	266539
6181	283177	266503
6182	283230	266464
6183	283291	266433
6184	283352	266401
6185	283420	266376
6186	283479	266342
6187	283537	266308
6188	283600	266279
6189	283662	266248
6190	283720	266214
6191	283782	266183
6192	283843	266151
6193	283905	266121
6194	283967	266090
6195	284030	266060
6196	284090	266028
6197	284152	265997
6198	284216	265968
6199	284278	265938
6200	284338	265905
6201	284402	265876
6202	284465	265846
6203	284532	265820
6204	284592	265787
6205	284652	265755
6206	284707	265717
6207	284753	265672
6208	284805	265631
6209	284860	265594
6210	284911	265553
6211	284979	265528
6212	285038	265494
6213	285088	265452
6214	285135	265407
6215	285208	265386
6216	285269	265355
6217	285339	265332
6218	285405	265304
6219	285471	265277
6220	285545	265257
6221	285604	265223
6222	285670	265196
6223	285740	265173
6224	285795	265135
6225	285845	265093
6226	285894	265050
6227	285943	265007
6228	285991	264963
6229	286040	264920
6230	286096	264884
6231	286170	264863
6232	286234	264834
6233	286287	264795
6234	286335	264750
6235	286392	264715
6236	286452	264682
6237	286513	264650
6238	286574	264618
6239	286636	264587
6240	286698	264556
6241	286756	264522
6242	286817	264489
6243	286882	264460
6244	286941	264427
6245	287002	264395
6246	287064	264364
6247	287126	264332
6248	287185	264299
6249	287247	264267
6250	287312	264239
6251	287379	264212
6252	287443	264182
6253	287508	264154
6254	287568	264121
6255	287629	264089
6256	287690	264057
6257	287756	264030
6258	287826	264006
6259	287897	263982
6260	287964	263955
6261	287991	263892
6262	288056	263863
6263	288119	263833
6264	288185	263805
6265	288259	263785
6266	288322	263754
6267	288369	263710
6268	288417	263665
6269	288469	263625
6270	288532	263595
6271	288594	263562
6272	288655	263530
6273	288716	263498
6274	288775	263464
6275	288835	263431
6276	288897	263399
6277	288958	263367
6278	289019	263335
6279	289079	263302
6280	289138	263267
6281	289200	263235
6282	289260	263202
6283	289320	263169
6284	289367	263124
6285	289418	263082
6286	289475	263046
6287	289532	263010
6288	289595	262979
6289	289659	262949
6290	289718	262915
6291	289777	262881
6292	289838	262848
6293	289902	262819
6294	289966	262789
6295	290027	262756
6296	290089	262725
6297	290152	262694
6298	290213	262661
6299	290262	262618
6300	290318	262581
6301	290380	262549
6302	290438	262514
6303	290490	262473
6304	290539	262430
6305	290590	262388
6306	290639	262345
6307	290687	262300
6308	290734	262255
6309	290783	262212
6310	290833	262169
6311	290882	262126
6312	290933	262084
6313	290981	262039
6314	291039	262004
6315	291094	261966
6316	291146	261925
6317	291199	261885
6318	291253	261847
6319	291310	261810
6320	291381	261786
6321	291438	261750
6322	291502	261720
6323	291553	261678
6324	291601	261634
6325	291652	261592
6326	291712	261558
6327	291770	261523
6328	291819	261480
6329	291876	261443
6330	291949	261422
6331	292005	261385
6332	292078	261362
6333	292139	261329
6334	292200	261296
6335	292274	261275
6336	292346	261252
6337	292419	261230
6338	292484	261201
6339	292550	261173
6340	292621	261149
6341	292692	261124
6342	292758	261096
6343	292825	261069
6344	292893	261041
6345	292957	261012
6346	293023	260983
6347	293086	260952
6348	293149	260921
6349	293214	260891
6350	293277	260860
6351	293340	260829
6352	293405	260800
6353	293470	260770
6354	293529	260735
6355	293596	260707
6356	293659	260676
6357	293722	260645
6358	293782	260611
6359	293843	260578
6360	293902	260543
6361	293961	260508
6362	294025	260478
6363	294087	260446
6364	294148	260412
6365	294210	260380
6366	294271	260346
6367	294332	260313
6368	294393	260281
6369	294454	260247
6370	294517	260216
6371	294578	260182
6372	294640	260150
6373	294699	260116
6374	294762	260084
6375	294824	260052
6376	294884	260017
6377	294910	259954
6378	294967	259917
6379	295029	259885
6380	295091	259852
6381	295155	259822
6382	295216	259789
6383	295277	259755
6384	295337	259721
6385	295397	259687
6386	295455	259650
6387	295509	259611
6388	295561	259570
6389	295608	259524
6390	295657	259481
6391	295715	259444
6392	295776	259411
6393	295837	259378
6394	295900	259346
6395	295961	259313
6396	296024	259281
6397	296085	259248
6398	296146	259214
6399	296208	259182
6400	296272	259151
6401	296340	259124
6402	296410	259098
6403	296476	259069
6404	296543	259041
6405	296601	259005
6406	296649	258960
6407	296706	258923
6408	296767	258890
6409	296829	258857
6410	296889	258823
6411	296952	258791
6412	297014	258758
6413	297081	258730
6414	297142	258696
6415	297193	258654
6416	297242	258610
6417	297292	258567
6418	297360	258539
6419	297418	258504
6420	297467	258460
6421	297518	258417
6422	297570	258376
6423	297645	258354
6424	297703	258318
6425	297752	258274
6426	297805	258233
6427	297855	258190
6428	297917	258158
6429	297970	258117
6430	298033	258085
6431	298108	258064
6432	298181	258041
6433	298250	258014
6434	298329	257995
6435	298411	257980
6436	298480	257953
6437	298545	257923
6438	298613	257895
6439	298674	257862
6440	298741	257833
6441	298804	257801
6442	298869	257771
6443	298934	257740
6444	299001	257711
6445	299067	257682
6446	299133	257652
6447	299199	257623
6448	299278	257604
6449	299347	257578
6450	299417	257551
6451	299485	257524
6452	299533	257479
6453	299599	257449
6454	299669	257423
6455	299728	257387
6456	299800	257363
6457	299863	257330
6458	299919	257293
6459	299980	257258
6460	300042	257225
6461	300106	257194
6462	300169	257161
6463	300230	257127
6464	300293	257096
6465	300355	257062
6466	300416	257028
6467	300477	256995
6468	300538	256960
6469	300602	256929
6470	300663	256895
6471	300726	256862
6472	300787	256828
6473	300847	256794
6474	300910	256761
6475	300970	256726
6476	301036	256697
6477	301099	256664
6478	301162	256631
6479	301223	256597
6480	301293	256571
6481	301360	256542
6482	301425	256511
6483	301490	256480
6484	301558	256453
6485	301625	256423
6486	301692	256394
6487	301748	256355
6488	301801	256314
6489	301853	256273
6490	301901	256228
6491	301956	256188
6492	302016	256153
6493	302076	256118
6494	302137	256084
6495	302199	256050
6496	302261	256017
6497	302331	255990
6498	302403	255965
6499	302464	255931
6500	302519	255892
6501	302583	255860
6502	302647	255828
6503	302710	255796
6504	302766	255757
6505	302818	255715
6506	302876	255678
6507	302941	255647
6508	303002	255613
6509	303053	255570
6510	303104	255527
6511	303154	255483
6512	303226	255458
6513	303292	255428
6514	303359	255399
6515	303414	255359
6516	303473	255323
6517	303540	255294
6518	303590	255251
6519	303644	255210
6520	303708	255178
6521	303768	255143
6522	303820	255101
6523	303881	255066
6524	303951	255039
6525	304020	255011
6526	304091	254985
6527	304160	254957
6528	304235	254935
6529	304302	254905
6530	304350	254860
6531	304423	254836
6532	304483	254800
6533	304544	254766
6534	304605	254731
6535	304667	254697
6536	304726	254660
6537	304788	254627
6538	304838	254583
6539	304891	254542
6540	304957	254511
6541	305018	254477
6542	305082	254445
6543	305146	254413
6544	305209	254380
6545	305271	254346
6546	305335	254314
6547	305394	254277
6548	305443	254233
6549	305494	254189
6550	305549	254150
6551	305609	254114
6552	305671	254080
6553	305738	254050
6554	305808	254024
6555	305860	253982
6556	305917	253944
6557	305982	253911
6558	306042	253876
6559	306105	253843
6560	306167	253809
6561	306231	253776
6562	306294	253744
6563	306355	253709
6564	306415	253674
6565	306471	253634
6566	306532	253599
6567	306594	253565
6568	306654	253530
6569	306715	253495
6570	306775	253459
6571	306837	253426
6572	306904	253395
6573	306957	253353
6574	307011	253313
6575	307067	253274
6576	307129	253240
6577	307191	253206
6578	307252	253171
6579	307315	253138
6580	307378	253104
6581	307439	253070
6582	307501	253035
6583	307564	253002
6584	307626	252968
6585	307698	252942
6586	307759	252907
6587	307818	252870
6588	307881	252837
6589	307945	252804
6590	308010	252773
6591	308070	252737
6592	308131	252702
6593	308190	252665
6594	308256	252634
6595	308324	252605
6596	308388	252572
6597	308450	252538
6598	308517	252508
6599	308578	252473
6600	308642	252440
6601	308702	252404
6602	308757	252364
6603	308814	252326
6604	308888	252301
6605	308948	252265
6606	308999	252222
6607	309058	252185
6608	309117	252148
6609	309167	252105
6610	309220	252063
6611	309283	252029
6612	309344	251994
6613	309392	251948
6614	309444	251906
6615	309513	251877
6616	309597	251860
6617	309665	251830
6618	309737	251805
6619	309808	251777
6620	309873	251745
6621	309937	251712
6622	309993	251673
6623	310042	251628
6624	310098	251589
6625	310151	251547
6626	310212	251512
6627	310275	251478
6628	310336	251442
6629	310398	251408
6630	310462	251375
